ticker,entry_date,exit_date,entry_px,exit_px,stop_px,ret_pct,reason,hold_days
1333.T,2024-05-09,2024-08-02,1020.0,964.6,914.0,-5.42,ma200_breach,85
1333.T,2024-09-27,2024-10-23,1001.0,944.6,932.3,-5.63,ma200_breach,26
1333.T,2025-09-08,2026-01-13,1146.0,1300.4,1146.0,13.47,time,127
1333.T,2026-01-14,2026-05-01,1318.6,1309.0,1318.6,-0.73,stop_breakeven,107
1332.T,2024-01-31,2024-05-13,752.2,893.2,752.2,18.75,earnings_close,103
1332.T,2024-07-18,2024-08-02,853.7,785.7,789.6,-7.97,ma200_breach,15
1332.T,2024-11-11,2024-11-18,911.4,877.4,855.9,-3.74,ma200_breach,7
1332.T,2025-11-17,2026-02-04,1188.3,1334.9,1188.3,12.33,earnings_close,79
1301.T,2025-07-25,2025-10-29,4646.2,4631.6,4646.2,-0.31,stop_breakeven,96
1375.T,2025-01-27,2025-02-03,1113.6,1125.3,985.8,1.05,ma200_breach,7
1375.T,2025-02-05,2025-02-25,1157.4,1174.0,985.8,1.43,ma200_breach,20
1417.T,2024-07-31,2024-08-01,2015.3,1910.3,1914.5,-5.21,stop_base,1
1417.T,2024-12-19,2025-01-14,2192.6,2104.5,2056.6,-4.02,ma200_breach,26
1417.T,2025-02-12,2025-02-25,2235.7,2147.6,2090.1,-3.94,ma200_breach,13
1417.T,2025-05-29,2025-06-02,2463.4,2484.8,2041.4,0.87,ma200_breach,4
1417.T,2025-07-10,2025-11-13,2507.7,3201.4,2507.7,27.66,time,126
1417.T,2025-11-26,2026-04-01,3253.8,3716.0,3253.8,14.21,time,126
1429.T,2025-08-26,2025-10-01,861.0,858.1,861.0,-0.33,stop_breakeven,36
1419.T,2024-07-12,2024-08-02,4243.4,3986.5,3563.1,-6.05,ma200_breach,21
1515.T,2025-07-09,2025-11-12,1487.0,1619.4,1487.0,8.91,time,126
1515.T,2025-11-28,2026-04-03,1804.3,2603.0,1804.3,44.26,time,126
1433.T,2025-05-30,2025-06-02,1093.6,1084.9,1000.7,-0.8,ma200_breach,3
1433.T,2025-06-10,2025-06-13,1121.7,1093.6,1007.5,-2.5,ma200_breach,3
1433.T,2025-08-04,2025-09-10,1137.1,1077.3,1137.1,-5.26,stop_breakeven,37
1518.T,2024-07-08,2024-08-02,1042.2,860.4,839.1,-17.44,ma200_breach,25
1518.T,2024-09-27,2024-10-23,947.7,836.3,817.8,-11.76,ma200_breach,26
1518.T,2025-07-22,2025-11-25,1038.3,1309.6,1038.3,26.13,time,126
1518.T,2025-11-26,2026-03-09,1329.0,1327.1,1329.0,-0.15,stop_breakeven,103
1663.T,2024-05-21,2024-06-19,3587.8,3412.8,3587.8,-4.88,stop_breakeven,29
1663.T,2024-10-07,2024-10-23,3431.3,3084.2,3094.0,-10.11,ma200_breach,16
1605.T,2024-01-16,2024-05-21,1894.0,2249.9,1894.0,18.79,time,126
1605.T,2024-06-03,2024-06-05,2290.5,2134.2,2151.7,-6.82,stop_base,2
1605.T,2024-07-02,2024-08-02,2337.1,1976.5,2091.3,-15.43,ma200_breach,31
1605.T,2025-08-21,2025-12-25,2353.0,3107.8,2353.0,32.08,time,126
1719.T,2024-02-05,2024-02-06,1076.3,1079.0,942.1,0.25,earnings_close,1
1719.T,2024-02-08,2024-06-13,1101.0,997.0,950.1,-9.45,time,126
1719.T,2025-02-18,2025-02-25,1244.0,1240.3,1040.6,-0.3,ma200_breach,7
1719.T,2025-07-02,2025-11-05,1412.7,1713.1,1412.7,21.26,time,126
1719.T,2025-11-13,2026-03-19,1762.5,1865.8,1762.5,5.86,time,126
1662.T,2024-01-15,2024-02-07,1052.0,1095.6,1052.0,4.15,earnings_close,23
1662.T,2024-03-19,2024-06-04,1211.9,1204.5,1211.9,-0.61,stop_breakeven,77
1662.T,2025-09-18,2025-10-10,1256.3,1252.5,1256.3,-0.3,stop_breakeven,22
1662.T,2025-11-26,2026-02-10,1419.3,2122.9,1419.3,49.58,earnings_close,76
1721.T,2024-01-15,2024-02-06,3044.5,2955.7,2833.7,-2.92,earnings_close,22
1721.T,2024-02-16,2024-05-08,3049.1,3419.7,3049.1,12.16,earnings_close,82
1721.T,2025-05-29,2025-06-02,3243.7,3219.3,2960.6,-0.75,ma200_breach,4
1721.T,2025-06-30,2025-11-04,3246.6,3917.6,3246.6,20.67,time,127
1721.T,2025-11-05,2026-03-11,4003.6,5369.4,4003.6,34.12,time,126
1720.T,2025-05-14,2025-05-15,822.1,833.7,700.9,1.42,ma200_breach,1
1720.T,2025-05-30,2025-06-02,884.1,899.6,750.4,1.75,ma200_breach,3
1720.T,2025-06-11,2025-06-13,960.7,982.1,793.0,2.22,ma200_breach,2
1720.T,2025-08-01,2025-10-14,1029.6,1028.1,1029.6,-0.14,stop_breakeven,74
1720.T,2025-11-18,2026-03-24,1096.1,1428.3,1096.1,30.31,time,126
1762.T,2024-01-25,2024-04-19,2725.8,2394.0,2435.5,-12.17,stop_base,85
1762.T,2024-05-31,2024-08-02,2703.2,2713.6,2703.2,0.39,ma200_breach,63
1762.T,2024-09-26,2024-10-23,2930.8,2767.4,2622.6,-5.58,ma200_breach,27
1762.T,2025-08-01,2025-12-05,3081.5,3866.5,3081.5,25.47,time,126
1762.T,2026-01-16,2026-01-28,4182.6,3772.7,3797.4,-9.8,stop_base,12
1762.T,2026-02-10,2026-03-04,4276.4,3678.9,3743.1,-13.97,stop_base,22
1766.T,2024-04-30,2024-08-02,10273.8,10653.6,10273.8,3.7,ma200_breach,94
1766.T,2025-02-13,2025-02-25,12058.9,11907.0,11118.9,-1.26,ma200_breach,12
1766.T,2025-06-19,2025-10-23,13665.6,14239.9,13665.6,4.2,time,126
1766.T,2025-11-25,2025-12-05,14278.8,13616.9,13665.6,-4.64,stop_base,10
1766.T,2025-12-16,2026-03-16,14424.8,13081.6,13616.9,-9.31,stop_base,90
1780.T,2024-01-15,2024-02-07,1518.1,1511.4,1518.1,-0.44,stop_breakeven,23
1780.T,2025-07-14,2025-11-17,1277.1,1438.0,1277.1,12.6,time,126
1786.T,2024-02-19,2024-06-24,355.1,334.4,312.3,-5.82,time,126
1786.T,2024-06-25,2024-08-01,339.1,313.1,314.9,-7.67,stop_base,37
1786.T,2025-02-13,2025-02-25,376.3,357.4,355.5,-5.03,ma200_breach,12
1786.T,2025-09-09,2026-01-13,413.8,411.7,364.6,-0.5,time,126
1801.T,2024-01-17,2024-02-06,5055.2,5180.7,4447.6,2.48,earnings_close,20
1801.T,2024-05-01,2024-06-13,5556.1,5434.9,5556.1,-2.18,stop_breakeven,43
1801.T,2024-07-03,2024-08-02,5940.7,5470.9,5419.7,-7.91,ma200_breach,30
1801.T,2024-10-29,2024-11-01,6188.2,6037.0,5800.7,-2.44,ma200_breach,3
1801.T,2024-11-07,2024-11-18,7032.1,6454.2,5800.7,-8.22,ma200_breach,11
1801.T,2025-02-13,2025-02-25,6510.6,6505.9,6020.8,-0.07,ma200_breach,12
1801.T,2025-06-18,2025-08-06,8227.2,9465.0,8227.2,15.05,earnings_close,49
1801.T,2025-08-12,2025-12-16,9756.1,13893.9,9756.1,42.41,time,126
1801.T,2026-01-08,2026-01-22,15589.8,15555.2,15589.8,-0.22,stop_breakeven,14
1801.T,2026-02-06,2026-02-13,17567.6,17132.5,17567.6,-2.48,stop_breakeven,7
1802.T,2024-02-19,2024-06-24,1304.8,1698.1,1304.8,30.14,time,126
1802.T,2024-06-26,2024-08-02,1746.6,1700.0,1746.6,-2.67,ma200_breach,37
1802.T,2024-10-16,2024-10-23,1802.8,1751.9,1681.3,-2.83,ma200_breach,7
1802.T,2024-10-30,2024-11-01,1813.3,1790.4,1681.3,-1.26,ma200_breach,2
1802.T,2024-11-06,2024-11-18,1814.7,1950.5,1814.7,7.48,ma200_breach,12
1802.T,2024-11-25,2024-11-26,2021.4,2024.3,1709.0,0.14,ma200_breach,1
1802.T,2024-12-03,2025-01-14,2060.5,1911.9,1751.9,-7.21,ma200_breach,42
1802.T,2025-02-10,2025-02-25,2032.9,1918.6,1888.1,-5.62,ma200_breach,15
1802.T,2025-08-01,2025-08-06,2241.6,2336.3,2085.1,4.23,earnings_close,5
1802.T,2025-08-20,2025-12-24,2361.6,3245.3,2361.6,37.42,time,126
1803.T,2024-01-15,2024-02-06,937.9,953.4,844.4,1.65,earnings_close,22
1803.T,2024-12-24,2025-01-14,1185.9,1208.9,1100.6,1.94,ma200_breach,21
1803.T,2025-01-21,2025-01-29,1235.7,1310.0,1134.2,6.01,earnings_close,8
1803.T,2025-02-13,2025-02-25,1395.3,1302.3,1181.6,-6.66,ma200_breach,12
1803.T,2025-05-29,2025-06-02,1556.1,1555.6,1296.4,-0.03,ma200_breach,4
1803.T,2025-07-17,2025-07-28,1617.8,1604.2,1527.4,-0.84,earnings_close,11
1803.T,2025-08-01,2025-11-05,1692.2,2148.8,1692.2,26.98,earnings_close,96
1803.T,2025-11-10,2026-02-03,2231.9,2855.4,2231.9,27.94,earnings_close,85
1803.T,2026-02-05,2026-03-09,3115.4,3010.2,3115.4,-3.38,stop_breakeven,32
1812.T,2024-01-15,2024-05-20,2347.0,2604.0,2347.0,10.95,time,126
1812.T,2024-06-27,2024-08-02,2615.3,2419.0,2615.3,-7.51,ma200_breach,36
1812.T,2025-06-18,2025-08-04,3691.6,3757.9,3398.1,1.8,earnings_close,47
1812.T,2025-08-06,2025-12-10,4043.6,5688.0,4043.6,40.67,time,126
1812.T,2025-12-12,2026-02-10,5780.8,7599.8,5780.8,31.47,earnings_close,60
1808.T,2024-01-15,2024-05-20,1776.5,1693.5,1599.6,-4.68,time,126
1808.T,2024-12-03,2025-01-14,1927.5,1878.8,1726.9,-2.53,ma200_breach,42
1808.T,2025-02-17,2025-02-21,1942.2,1859.8,1865.5,-4.24,stop_base,4
1808.T,2025-06-19,2025-10-23,2102.4,2522.0,2102.4,19.96,time,126
1808.T,2025-10-27,2026-03-02,2535.8,3308.5,2535.8,30.47,time,126
1813.T,2024-06-18,2024-08-02,2506.2,2076.5,2067.1,-17.15,ma200_breach,45
1813.T,2025-08-05,2025-11-18,2331.9,2318.4,2331.9,-0.58,stop_breakeven,105
1813.T,2025-12-15,2026-04-20,2613.2,2965.0,2613.2,13.46,time,126
1814.T,2024-02-19,2024-06-24,1428.9,1515.9,1428.9,6.08,time,126
1814.T,2024-07-31,2024-08-02,1590.6,1434.9,1494.5,-9.79,ma200_breach,2
1814.T,2025-07-08,2025-11-11,2124.7,3587.2,2124.7,68.83,time,126
1814.T,2026-01-06,2026-03-09,3728.5,3713.9,3728.5,-0.39,stop_breakeven,62
1815.T,2024-02-16,2024-06-21,2141.9,2407.3,2141.9,12.39,time,126
1815.T,2025-06-23,2025-10-27,2761.6,3576.1,2761.6,29.49,time,126
1815.T,2025-11-04,2026-03-10,3609.8,4356.9,3609.8,20.69,time,126
1820.T,2024-02-19,2024-05-23,4094.3,4069.9,4094.3,-0.59,stop_breakeven,94
1820.T,2024-07-02,2024-08-02,4197.0,4174.0,4197.0,-0.55,ma200_breach,31
1820.T,2024-11-07,2024-11-18,4889.3,4749.4,4623.6,-2.86,ma200_breach,11
1820.T,2024-12-26,2025-01-14,4916.5,4711.9,4632.1,-4.16,ma200_breach,19
1833.T,2024-01-15,2024-05-20,4288.9,4422.4,4288.9,3.11,time,126
1833.T,2024-06-25,2024-08-02,4526.9,4331.5,4363.3,-4.32,ma200_breach,38
1833.T,2025-11-17,2026-03-23,5370.7,6132.3,5370.7,14.18,time,126
1835.T,2024-07-16,2024-08-02,3027.9,2776.8,2818.6,-8.29,ma200_breach,17
1835.T,2024-09-26,2024-10-23,3232.6,3062.7,2888.4,-5.26,ma200_breach,27
1835.T,2025-07-04,2025-11-07,3835.8,4301.7,3835.8,12.15,time,126
1835.T,2025-11-10,2025-11-14,4420.0,4065.2,4119.4,-8.03,stop_base,4
1835.T,2025-11-28,2026-04-03,4424.9,5580.0,4424.9,26.1,time,126
1852.T,2024-01-15,2024-02-09,711.6,706.4,711.6,-0.72,stop_breakeven,25
1852.T,2025-06-30,2025-11-04,716.4,872.6,716.4,21.81,time,127
1852.T,2025-11-12,2026-03-18,926.1,1003.8,926.1,8.39,time,126
1860.T,2024-01-22,2024-05-27,877.6,1020.8,877.6,16.31,time,126
1860.T,2024-07-31,2024-08-02,1018.9,939.0,964.7,-7.84,ma200_breach,2
1860.T,2025-11-21,2026-03-27,1132.7,1468.0,1132.7,29.6,time,126
1861.T,2024-01-15,2024-05-15,851.2,838.0,851.2,-1.56,stop_breakeven,121
1861.T,2025-07-10,2025-11-13,1066.8,1528.5,1066.8,43.29,time,126
1861.T,2025-11-28,2026-03-30,1539.3,1533.0,1539.3,-0.41,stop_breakeven,122
1870.T,2024-01-16,2024-05-21,1259.9,1414.1,1259.9,12.24,time,126
1870.T,2024-06-25,2024-07-25,1475.6,1466.6,1475.6,-0.61,stop_breakeven,30
1870.T,2025-07-08,2025-11-11,1733.1,2053.9,1733.1,18.51,time,126
1870.T,2025-11-28,2026-01-28,2269.2,2267.2,2269.2,-0.09,stop_breakeven,61
1870.T,2026-02-27,2026-03-04,2465.0,2199.0,2260.4,-10.79,stop_base,5
1871.T,2024-01-25,2024-05-30,821.6,918.0,821.6,11.73,time,126
1871.T,2024-07-17,2024-08-02,938.8,859.2,886.4,-8.48,ma200_breach,16
1871.T,2024-12-10,2025-01-14,1010.0,1075.5,1010.0,6.49,ma200_breach,35
1871.T,2025-02-04,2025-02-25,1106.0,1399.6,1106.0,26.54,ma200_breach,21
1871.T,2025-07-11,2025-08-12,1746.4,1718.7,1746.4,-1.59,stop_breakeven,32
1871.T,2025-09-30,2025-10-14,1809.2,1683.3,1708.2,-6.96,stop_base,14
1871.T,2025-10-27,2026-03-02,1851.1,3449.5,1851.1,86.35,time,126
1878.T,2024-02-13,2024-04-30,3157.8,3102.8,2901.5,-1.74,earnings_close,77
1878.T,2024-07-31,2024-08-02,3326.6,3118.4,3026.7,-6.26,ma200_breach,2
1879.T,2024-03-01,2024-07-05,1200.5,1507.8,1200.5,25.59,time,126
1879.T,2024-07-12,2024-08-02,1576.2,1392.5,1390.6,-11.65,ma200_breach,21
1879.T,2024-09-26,2024-10-23,1550.9,1472.8,1380.3,-5.03,ma200_breach,27
1879.T,2025-07-10,2025-11-13,1624.2,1857.6,1624.2,14.37,time,126
1879.T,2025-11-25,2026-03-31,1876.3,1935.0,1876.3,3.13,time,126
1882.T,2024-01-29,2024-02-09,1213.9,1125.8,1141.3,-7.25,stop_base,11
1882.T,2024-03-27,2024-05-15,1155.2,1083.9,1084.4,-6.17,stop_base,49
1882.T,2025-07-09,2025-10-01,1489.5,1473.1,1489.5,-1.1,stop_breakeven,84
1882.T,2025-11-21,2026-03-27,1572.6,1750.0,1572.6,11.28,time,126
1885.T,2024-01-15,2024-05-20,862.7,911.2,862.7,5.63,time,126
1885.T,2025-05-29,2025-06-02,1443.2,1460.6,1213.3,1.2,ma200_breach,4
1885.T,2025-06-23,2025-10-27,1471.3,2502.2,1471.3,70.07,time,126
1885.T,2026-01-06,2026-03-23,2980.2,2975.3,2980.2,-0.17,stop_breakeven,76
1888.T,2024-08-20,2024-09-04,3341.9,3158.8,3341.9,-5.48,ma200_breach,15
1888.T,2024-11-07,2024-11-18,3445.1,3337.2,3205.7,-3.13,ma200_breach,11
1888.T,2024-12-05,2025-01-06,3482.7,3449.8,3482.7,-0.94,stop_breakeven,32
1888.T,2025-06-27,2025-10-31,4013.2,4657.8,4013.2,16.06,time,126
1893.T,2025-06-23,2025-10-27,887.7,1447.5,887.7,63.06,time,126
1893.T,2026-01-14,2026-03-09,1744.8,1730.1,1744.8,-0.85,stop_breakeven,54
1898.T,2024-01-15,2024-05-08,1585.0,1583.3,1585.0,-0.11,stop_breakeven,114
1899.T,2024-06-27,2024-08-02,5399.3,5064.1,5399.3,-6.21,ma200_breach,36
1899.T,2025-09-02,2026-01-06,5889.8,7680.0,5889.8,30.39,time,126
1899.T,2026-01-07,2026-02-13,7800.0,7420.0,7800.0,-4.87,stop_breakeven,37
1911.T,2024-03-21,2024-04-17,1418.5,1395.6,1418.5,-1.61,stop_breakeven,27
1911.T,2024-05-01,2024-05-29,1678.0,1674.3,1678.0,-0.22,stop_breakeven,28
1911.T,2024-07-12,2024-08-02,1800.9,1695.0,1800.9,-5.88,ma200_breach,21
1925.T,2024-03-19,2024-05-08,4166.9,4029.8,3916.3,-3.29,earnings_close,50
1925.T,2024-12-27,2025-01-10,4647.7,4402.1,4425.9,-5.28,stop_base,14
1925.T,2025-01-31,2025-02-03,4662.0,4644.8,4401.2,-0.37,ma200_breach,3
1925.T,2025-02-05,2025-02-25,4668.6,4685.8,4401.2,0.37,ma200_breach,20
1925.T,2025-07-17,2025-08-04,4794.5,4895.0,4668.8,2.1,earnings_close,18
1925.T,2025-08-06,2025-11-12,4968.5,5387.0,4968.5,8.42,earnings_close,98
1926.T,2024-12-20,2025-01-14,2111.2,2026.4,2007.6,-4.01,ma200_breach,25
1926.T,2025-02-07,2025-02-25,2437.9,2398.4,2026.4,-1.62,ma200_breach,18
1926.T,2025-05-29,2025-06-02,2766.1,2838.7,2401.9,2.63,ma200_breach,4
1926.T,2025-07-02,2025-11-05,2852.3,3185.8,2852.3,11.69,time,126
1926.T,2025-11-28,2026-04-03,3313.3,3935.0,3313.3,18.77,time,126
1928.T,2024-01-15,2024-03-05,3014.8,3115.6,2706.5,3.34,earnings_close,50
1928.T,2024-04-24,2024-06-04,3339.0,3339.0,3065.7,0.0,earnings_close,41
1928.T,2024-07-11,2024-08-01,3396.2,3305.1,3396.2,-2.68,stop_breakeven,21
1928.T,2024-09-20,2024-10-23,3717.3,3479.7,3098.5,-6.39,ma200_breach,33
1928.T,2024-12-26,2025-01-14,3515.4,3370.8,3273.2,-4.11,ma200_breach,19
1929.T,2024-02-06,2024-06-11,1071.0,1005.4,912.6,-6.12,time,126
1929.T,2025-07-14,2025-11-17,1112.9,1184.1,1112.9,6.4,time,126
1929.T,2025-12-15,2026-03-16,1231.1,1225.2,1231.1,-0.48,stop_breakeven,91
1930.T,2024-03-27,2024-05-01,1182.7,1070.6,1070.7,-9.48,stop_base,35
1930.T,2024-06-25,2024-08-02,1109.9,1000.6,1001.5,-9.85,ma200_breach,38
1930.T,2025-07-10,2025-11-13,1179.1,1395.5,1179.1,18.35,time,126
1930.T,2025-12-19,2026-03-23,1439.7,1429.9,1439.7,-0.68,stop_breakeven,94
1934.T,2024-01-22,2024-05-27,1068.0,1513.8,1068.0,41.74,time,126
1934.T,2024-09-20,2024-10-23,1476.4,1367.6,1279.0,-7.37,ma200_breach,33
1934.T,2025-05-29,2025-06-02,1916.6,1893.2,1611.8,-1.22,ma200_breach,4
1934.T,2025-06-17,2025-10-21,1920.5,2581.6,1920.5,34.42,time,126
1934.T,2025-10-27,2025-10-29,2789.7,2526.3,2551.5,-9.44,stop_base,2
1934.T,2025-12-19,2026-01-30,2740.4,2680.2,2740.4,-2.2,stop_breakeven,42
1934.T,2026-02-12,2026-03-03,2974.2,2921.9,2974.2,-1.76,stop_breakeven,19
1938.T,2025-06-19,2025-10-23,1702.7,1976.9,1702.7,16.11,time,126
1938.T,2025-10-27,2026-03-02,2021.5,3052.6,2021.5,51.01,time,126
1939.T,2024-01-16,2024-05-21,995.0,1081.5,995.0,8.7,time,126
1939.T,2024-06-25,2024-08-02,1111.8,1093.7,1064.9,-1.63,ma200_breach,38
1939.T,2024-10-07,2024-10-23,1218.1,1157.7,1124.0,-4.96,ma200_breach,16
1939.T,2024-12-17,2025-01-14,1446.9,1394.8,1301.8,-3.6,ma200_breach,28
1941.T,2024-01-18,2024-05-23,2516.0,2940.5,2516.0,16.87,time,126
1941.T,2024-06-03,2024-08-01,3085.4,3005.9,3085.4,-2.58,stop_breakeven,59
1941.T,2024-09-26,2024-10-23,3169.5,3026.8,2907.8,-4.5,ma200_breach,27
1941.T,2024-11-07,2024-11-18,3283.8,3283.8,2998.2,0.0,ma200_breach,11
1941.T,2025-08-01,2025-12-05,3630.2,4260.2,3630.2,17.36,time,126
1941.T,2025-12-12,2026-01-28,4457.2,4496.6,4457.2,0.88,earnings_close,47
1941.T,2026-02-09,2026-03-04,4733.1,4600.1,4733.1,-2.81,stop_breakeven,23
1942.T,2024-01-17,2024-05-22,1315.3,1644.7,1315.3,25.04,time,126
1942.T,2024-07-30,2024-08-02,1789.4,1803.6,1789.4,0.79,ma200_breach,3
1942.T,2024-11-12,2024-11-18,2186.1,2191.3,1965.1,0.24,ma200_breach,6
1942.T,2024-12-16,2025-01-14,2229.1,2236.3,2043.0,0.32,ma200_breach,29
1942.T,2025-01-31,2025-02-03,2383.6,2473.1,2117.7,3.75,ma200_breach,3
1942.T,2025-02-05,2025-02-25,2534.3,2417.1,2117.7,-4.62,ma200_breach,20
1942.T,2025-05-29,2025-06-02,2918.2,2903.6,2583.7,-0.5,ma200_breach,4
1942.T,2025-06-10,2025-06-13,2952.4,3009.0,2670.1,1.92,ma200_breach,3
1942.T,2025-06-16,2025-10-20,3110.6,4293.7,3110.6,38.04,time,126
1942.T,2025-10-23,2026-02-26,4398.4,6577.3,4398.4,49.54,time,126
1944.T,2024-01-15,2024-05-20,2294.8,2894.3,2294.8,26.12,time,126
1944.T,2024-05-27,2024-07-19,3025.8,3015.3,3025.8,-0.35,stop_breakeven,53
1944.T,2025-05-29,2025-06-02,3830.1,3846.7,3219.1,0.43,ma200_breach,4
1944.T,2025-06-10,2025-06-13,3863.4,3886.9,3349.4,0.61,ma200_breach,3
1944.T,2025-06-16,2025-10-20,3962.2,5085.6,3962.2,28.35,time,126
1944.T,2025-10-24,2026-02-27,5236.1,8406.3,5236.1,60.54,time,126
1945.T,2024-03-15,2024-07-19,1108.8,1230.9,1108.8,11.01,time,126
1945.T,2025-07-01,2025-11-04,1312.3,1780.0,1312.3,35.64,time,126
1945.T,2025-11-05,2026-01-28,1821.2,1781.0,1821.2,-2.21,stop_breakeven,84
1946.T,2024-01-31,2024-06-05,863.0,1015.2,863.0,17.64,time,126
1946.T,2024-06-14,2024-06-26,1082.5,1077.1,1082.5,-0.5,stop_breakeven,12
1946.T,2025-06-17,2025-10-21,1144.3,1383.9,1144.3,20.94,time,126
1946.T,2025-10-22,2026-02-25,1427.9,2232.7,1427.9,56.36,time,126
1946.T,2026-02-26,2026-03-09,2265.9,1943.6,1969.9,-14.22,stop_base,11
1950.T,2025-06-19,2025-10-23,2490.2,2758.4,2490.2,10.77,time,126
1950.T,2025-11-07,2026-03-13,2894.0,4789.2,2894.0,65.49,time,126
1951.T,2024-01-15,2024-02-07,1492.1,1521.1,1396.4,1.94,earnings_close,23
1951.T,2024-04-09,2024-05-08,1546.2,1591.1,1448.4,2.91,earnings_close,29
1951.T,2024-05-10,2024-05-29,1621.6,1490.9,1502.1,-8.06,stop_base,19
1951.T,2025-02-10,2025-02-25,1709.6,1665.6,1576.7,-2.57,ma200_breach,15
1951.T,2025-07-04,2025-11-07,1812.7,2256.5,1812.7,24.48,time,126
1951.T,2025-11-12,2026-03-18,2285.2,2746.6,2285.2,20.19,time,126
1952.T,2024-02-02,2024-06-07,1183.5,1874.0,1183.5,58.35,time,126
1952.T,2024-07-17,2024-08-02,2019.8,1763.0,1767.6,-12.71,ma200_breach,16
1952.T,2025-06-16,2025-10-20,2250.7,2893.7,2250.7,28.57,time,126
1952.T,2025-11-13,2025-11-18,3091.6,2787.9,2812.4,-9.83,stop_base,5
1952.T,2025-11-28,2026-04-03,3116.1,3405.0,3116.1,9.27,time,126
1959.T,2024-01-30,2024-04-24,5042.7,6611.6,5042.7,31.11,earnings_close,85
1959.T,2024-04-26,2024-05-23,6709.6,5768.4,5795.5,-14.03,stop_base,27
1959.T,2024-07-30,2024-08-02,6391.1,6080.2,5313.1,-4.86,ma200_breach,3
1959.T,2024-09-24,2024-10-22,6410.1,5829.8,5874.9,-9.05,stop_base,28
1959.T,2025-09-10,2025-10-29,7132.8,7813.0,7132.8,9.54,earnings_close,49
1959.T,2025-10-31,2026-01-29,8048.8,8218.5,6812.6,2.11,earnings_close,90
1959.T,2026-02-03,2026-04-27,8533.2,9169.0,8533.2,7.45,earnings_close,83
1961.T,2024-02-28,2024-07-03,604.9,659.1,604.9,8.95,time,126
1961.T,2024-07-17,2024-08-02,690.2,638.9,631.9,-7.42,ma200_breach,16
1961.T,2024-09-27,2024-10-23,751.9,749.8,667.3,-0.29,ma200_breach,26
1961.T,2024-11-08,2024-11-18,782.3,916.3,782.3,17.14,ma200_breach,10
1961.T,2024-12-23,2025-01-14,1014.1,943.8,886.3,-6.93,ma200_breach,22
1961.T,2025-02-13,2025-02-25,998.5,1020.4,998.5,2.19,ma200_breach,12
1961.T,2025-06-09,2025-06-13,1284.1,1258.3,1082.4,-2.01,ma200_breach,4
1961.T,2025-06-17,2025-10-21,1306.7,1628.3,1306.7,24.61,time,126
1961.T,2025-10-27,2026-03-02,1754.5,2564.6,1754.5,46.17,time,126
1963.T,2025-10-22,2026-02-25,1589.5,2262.0,1589.5,42.31,time,126
1963.T,2026-02-27,2026-04-21,2431.9,2378.0,2431.9,-2.21,stop_breakeven,53
1964.T,2024-01-16,2024-05-21,2295.8,3053.3,2295.8,33.0,time,126
1964.T,2024-06-20,2024-07-26,3187.5,2751.7,2756.3,-13.67,stop_base,36
1964.T,2025-09-10,2026-01-14,3918.0,4404.1,3918.0,12.41,time,126
1964.T,2026-01-15,2026-03-04,4481.2,4394.5,4481.2,-1.93,stop_breakeven,48
1968.T,2024-05-31,2024-06-11,1666.8,1651.0,1666.8,-0.94,stop_breakeven,11
1968.T,2025-10-20,2025-12-19,2118.1,2114.2,2118.1,-0.18,stop_breakeven,60
1969.T,2024-01-18,2024-05-23,1531.8,2762.9,1531.8,80.36,time,126
1969.T,2024-05-27,2024-06-05,2876.4,2862.2,2876.4,-0.49,stop_breakeven,9
1969.T,2024-07-31,2024-08-02,2819.6,2493.2,2469.6,-11.58,ma200_breach,2
1969.T,2024-09-24,2024-10-15,2545.2,2365.4,2370.2,-7.07,stop_base,21
1969.T,2024-12-20,2025-01-14,3081.7,2912.7,2676.6,-5.48,ma200_breach,25
1969.T,2025-06-16,2025-10-20,3354.5,4144.6,3354.5,23.55,time,126
1969.T,2025-10-27,2025-11-18,4387.9,4181.1,4387.9,-4.71,stop_breakeven,22
1969.T,2026-01-06,2026-03-09,4667.6,4637.1,4667.6,-0.65,stop_breakeven,62
1975.T,2024-02-01,2024-04-19,1395.0,1369.3,1395.0,-1.84,stop_breakeven,78
1975.T,2025-06-30,2025-11-04,2390.7,3135.8,2390.7,31.16,time,127
1975.T,2025-11-06,2025-11-18,3204.1,2815.3,2900.3,-12.13,stop_base,12
1975.T,2025-12-10,2026-04-15,3321.4,3625.0,3321.4,9.14,time,126
1976.T,2024-01-19,2024-05-24,1015.9,1213.7,1015.9,19.47,time,126
1976.T,2024-07-04,2024-08-02,1277.1,1094.2,1137.4,-14.33,ma200_breach,29
1976.T,2024-12-09,2025-01-14,1294.0,1309.9,1187.3,1.23,ma200_breach,36
1976.T,2025-05-29,2025-06-02,1410.6,1429.0,1236.2,1.3,ma200_breach,4
1976.T,2025-06-23,2025-10-27,1463.6,1648.3,1463.6,12.62,time,126
1976.T,2025-12-12,2026-02-02,1663.9,1649.3,1663.9,-0.88,stop_breakeven,52
1979.T,2024-05-09,2024-05-13,2255.0,2271.5,2104.2,0.73,earnings_close,4
1979.T,2024-05-17,2024-07-25,2375.1,2325.7,2375.1,-2.08,stop_breakeven,69
1979.T,2025-07-31,2025-08-06,2639.3,2722.8,2410.2,3.16,earnings_close,6
1979.T,2025-08-08,2025-12-12,2843.1,3232.8,2843.1,13.71,time,126
1979.T,2025-12-15,2026-04-20,3247.6,3490.0,3247.6,7.46,time,126
1980.T,2024-01-22,2024-05-27,461.6,1035.1,461.6,124.25,time,126
1980.T,2024-09-24,2024-10-23,939.6,913.6,848.8,-2.77,ma200_breach,29
1980.T,2024-11-05,2024-11-18,981.0,1101.6,981.0,12.3,ma200_breach,13
1980.T,2024-12-18,2025-01-14,1222.3,1109.5,1023.3,-9.23,ma200_breach,27
1980.T,2025-02-10,2025-02-25,1234.8,1140.8,1095.3,-7.61,ma200_breach,15
1980.T,2025-06-09,2025-06-13,1423.0,1345.5,1243.9,-5.44,ma200_breach,4
1980.T,2025-06-30,2025-11-04,1434.3,2256.2,1434.3,57.3,time,127
1980.T,2025-11-07,2025-12-02,2262.7,2256.2,2262.7,-0.29,stop_breakeven,25
1980.T,2025-12-12,2026-04-17,2429.5,2713.0,2429.5,11.67,time,126
1982.T,2024-01-15,2024-05-20,1212.4,1428.2,1212.4,17.79,time,126
1982.T,2024-05-23,2024-07-25,1475.6,1473.2,1475.6,-0.16,stop_breakeven,63
1982.T,2024-09-26,2024-10-23,1703.4,1654.8,1703.4,-2.85,ma200_breach,27
1982.T,2024-11-11,2024-11-18,1844.6,1791.7,1635.6,-2.86,ma200_breach,7
1982.T,2024-12-03,2025-01-14,1962.3,1736.5,1645.2,-11.51,ma200_breach,42
1982.T,2025-02-05,2025-02-14,1907.0,1659.6,1707.7,-12.97,stop_base,9
1982.T,2025-11-26,2026-04-01,2322.7,2868.0,2322.7,23.48,time,126
2001.T,2024-02-06,2024-05-29,2143.8,2131.8,2143.8,-0.56,stop_breakeven,113
2001.T,2024-06-26,2024-08-02,2217.9,2119.5,2107.2,-4.44,ma200_breach,37
2002.T,2024-02-01,2024-04-02,1955.9,1938.7,1955.9,-0.88,stop_breakeven,61
2004.T,2024-01-29,2024-05-14,3099.3,3082.4,3099.3,-0.55,stop_breakeven,106
2053.T,2024-06-25,2024-08-02,1508.5,1331.8,1321.6,-11.71,ma200_breach,38
2053.T,2024-10-01,2024-10-11,1447.8,1348.5,1363.4,-6.86,stop_base,10
2053.T,2025-07-14,2025-10-14,1598.6,1592.3,1598.6,-0.4,stop_breakeven,92
2053.T,2025-11-20,2026-03-23,1708.0,1682.5,1708.0,-1.49,stop_breakeven,123
2060.T,2024-02-01,2024-06-06,819.5,814.0,819.5,-0.67,stop_breakeven,126
2060.T,2024-06-25,2024-08-02,902.8,807.5,814.0,-10.55,ma200_breach,38
2060.T,2025-07-09,2025-11-04,991.1,984.9,991.1,-0.63,stop_breakeven,118
2060.T,2026-02-05,2026-03-23,1153.4,1139.7,1153.4,-1.19,stop_breakeven,46
2108.T,2024-01-29,2024-06-03,1987.8,1827.2,1717.3,-8.08,time,126
2108.T,2024-06-26,2024-08-02,2108.5,2288.2,2108.5,8.52,ma200_breach,37
2108.T,2024-09-26,2024-10-23,2705.4,2345.0,2318.0,-13.32,ma200_breach,27
2108.T,2025-09-03,2026-01-07,2739.9,3755.9,2739.9,37.08,time,126
2109.T,2024-01-25,2024-02-27,2902.1,2897.6,2902.1,-0.16,stop_breakeven,33
2109.T,2024-03-19,2024-03-28,3074.4,2881.5,2897.6,-6.27,stop_base,9
2109.T,2024-05-16,2024-08-02,2923.2,2872.3,2923.2,-1.74,ma200_breach,78
2109.T,2024-12-19,2025-01-14,3276.9,3055.0,2988.9,-6.77,ma200_breach,26
2117.T,2024-01-25,2024-05-30,2088.8,2138.0,1828.3,2.35,time,126
2117.T,2025-08-06,2025-12-10,2277.6,2736.6,2277.6,20.15,time,126
2117.T,2026-01-06,2026-03-13,2797.4,2794.5,2797.4,-0.11,stop_breakeven,66
2120.T,2025-07-29,2025-11-13,185.4,176.0,185.4,-5.06,stop_breakeven,107
2121.T,2024-11-25,2024-11-26,2680.9,2699.7,2524.8,0.7,ma200_breach,1
2121.T,2024-12-17,2025-01-14,3146.5,2682.8,2524.8,-14.74,ma200_breach,28
2121.T,2025-02-05,2025-02-25,3071.3,3395.8,3071.3,10.57,ma200_breach,20
2121.T,2025-06-11,2025-06-13,3274.1,3216.6,2957.7,-1.76,ma200_breach,2
2121.T,2025-06-30,2025-08-01,3336.4,3063.2,3149.4,-8.19,stop_base,32
2121.T,2025-09-16,2025-10-14,3211.8,3004.2,3029.6,-6.46,stop_base,28
2124.T,2025-06-26,2025-10-29,967.2,962.4,967.2,-0.5,stop_breakeven,125
2124.T,2025-11-20,2026-02-16,1042.7,902.0,962.4,-13.49,stop_base,88
2127.T,2025-06-17,2025-10-14,684.4,679.5,684.4,-0.72,stop_breakeven,119
2127.T,2025-10-24,2026-02-27,775.5,706.0,668.3,-8.96,time,126
2130.T,2025-02-04,2025-02-25,1084.5,1162.8,1084.5,7.22,ma200_breach,21
2130.T,2025-06-12,2025-06-13,1229.6,1215.1,1056.9,-1.18,ma200_breach,1
2130.T,2025-06-17,2025-10-21,1233.5,1230.6,1056.9,-0.24,time,126
2146.T,2025-12-12,2026-04-17,185.9,190.0,185.9,2.21,time,126
2148.T,2024-06-04,2024-08-02,1677.3,1512.7,1552.7,-9.81,ma200_breach,59
2153.T,2024-01-29,2024-06-03,1605.7,1677.3,1605.7,4.46,time,126
2153.T,2024-06-18,2024-08-02,1740.6,1602.7,1628.2,-7.93,ma200_breach,45
2157.T,2025-09-16,2025-10-02,1467.7,1294.6,1322.9,-11.79,stop_base,16
2163.T,2024-02-19,2024-03-13,2199.6,2182.1,2199.6,-0.79,stop_breakeven,23
2163.T,2025-06-23,2025-10-27,1876.0,1959.4,1876.0,4.44,time,126
2168.T,2024-02-09,2024-04-15,2645.6,2049.4,2260.0,-22.54,stop_base,66
2181.T,2025-07-17,2025-08-12,277.9,259.5,277.9,-6.61,stop_breakeven,26
2198.T,2024-06-14,2024-08-02,739.5,725.5,699.2,-1.9,ma200_breach,49
2201.T,2024-01-15,2024-02-06,2523.9,2670.0,2523.9,5.79,earnings_close,22
2206.T,2025-09-04,2026-01-08,5053.0,5410.0,5053.0,7.07,time,126
2207.T,2024-06-25,2024-08-02,1923.6,1829.4,1703.4,-4.9,ma200_breach,38
2207.T,2025-08-07,2025-10-03,2120.3,2115.4,2120.3,-0.23,stop_breakeven,57
2212.T,2024-01-15,2024-01-30,3374.8,3334.2,3374.8,-1.2,stop_breakeven,15
2212.T,2024-02-15,2024-04-24,3942.6,3681.5,3069.2,-6.62,earnings_close,69
2212.T,2025-08-20,2025-10-28,3477.6,3132.8,3003.1,-9.92,earnings_close,69
2217.T,2024-06-07,2024-08-01,1454.7,1439.4,1454.7,-1.05,stop_breakeven,55
2217.T,2024-10-16,2024-10-23,1527.7,1503.1,1441.1,-1.6,ma200_breach,7
2217.T,2024-12-16,2025-01-14,1526.0,1550.5,1447.6,1.61,ma200_breach,29
2217.T,2025-01-31,2025-02-03,1628.4,1591.8,1480.3,-2.25,ma200_breach,3
2217.T,2025-02-07,2025-02-25,1640.3,1650.2,1506.4,0.6,ma200_breach,18
2222.T,2025-01-30,2025-02-03,2222.5,2215.2,1968.9,-0.33,ma200_breach,4
2222.T,2025-02-04,2025-02-25,2412.6,2321.9,1968.9,-3.76,ma200_breach,21
2264.T,2024-02-20,2024-05-13,2971.6,2996.9,2629.8,0.85,earnings_close,83
2264.T,2024-06-28,2024-08-02,3208.2,3151.1,3208.2,-1.78,ma200_breach,35
2264.T,2024-09-30,2024-10-23,3386.8,3311.6,3075.0,-2.22,ma200_breach,23
2264.T,2025-11-21,2026-02-10,3759.3,4130.6,3759.3,9.88,earnings_close,81
2270.T,2024-06-25,2024-08-02,2441.8,2498.8,2441.8,2.33,ma200_breach,38
2270.T,2024-09-26,2024-10-23,2552.0,2439.9,2376.4,-4.39,ma200_breach,27
2270.T,2024-11-15,2024-11-18,2595.9,2526.8,2364.3,-2.66,ma200_breach,3
2270.T,2024-12-13,2025-01-14,2611.8,2409.1,2364.3,-7.76,ma200_breach,32
2270.T,2025-09-05,2025-11-12,2929.2,2836.1,2655.7,-3.18,earnings_close,68
2270.T,2025-11-21,2026-03-27,2943.7,3225.0,2943.7,9.56,time,126
2281.T,2025-07-28,2025-10-31,2474.8,2438.8,2474.8,-1.45,stop_breakeven,95
2281.T,2025-12-18,2026-03-23,2616.2,2581.7,2616.2,-1.32,stop_breakeven,95
2282.T,2024-01-18,2024-01-30,4628.1,4641.1,4063.5,0.28,earnings_close,12
2282.T,2024-02-01,2024-05-08,4800.2,4838.6,4125.9,0.8,earnings_close,97
2282.T,2024-09-03,2024-09-04,5276.3,5152.6,4494.2,-2.34,ma200_breach,1
2282.T,2025-09-03,2026-01-07,5604.2,6502.4,5604.2,16.03,time,126
2282.T,2026-01-19,2026-04-16,6902.2,6897.0,6902.2,-0.07,stop_breakeven,87
2288.T,2025-07-25,2025-10-09,1821.5,1794.3,1821.5,-1.49,stop_breakeven,76
2288.T,2025-11-12,2026-03-18,2068.8,2269.6,2068.8,9.7,time,126
2294.T,2024-02-05,2024-05-29,2390.9,2389.1,2390.9,-0.08,stop_breakeven,114
2296.T,2024-07-02,2024-07-30,3933.4,3947.1,3728.6,0.35,earnings_close,28
2296.T,2025-05-30,2025-06-02,4736.9,4755.8,4005.6,0.4,ma200_breach,3
2296.T,2025-07-02,2025-11-05,4777.3,5277.7,4777.3,10.47,time,126
2296.T,2025-11-27,2026-02-03,5559.6,5895.5,5559.6,6.04,earnings_close,68
2296.T,2026-02-05,2026-03-09,5984.4,5964.6,5984.4,-0.33,stop_breakeven,32
2317.T,2024-08-20,2024-09-04,352.0,368.0,352.0,4.55,ma200_breach,15
2317.T,2024-12-12,2025-01-14,352.9,330.9,328.0,-6.23,ma200_breach,33
2317.T,2025-08-01,2025-12-05,462.7,494.6,462.7,6.88,time,126
2317.T,2025-12-12,2026-02-04,529.0,457.2,485.7,-13.57,earnings_close,54
2325.T,2024-07-08,2024-08-02,4088.3,3406.1,3265.1,-16.69,ma200_breach,25
2325.T,2024-10-04,2024-10-23,3822.2,3923.8,3265.8,2.66,ma200_breach,19
2325.T,2024-12-24,2025-01-06,3667.4,3393.9,3410.9,-7.46,stop_base,13
2325.T,2025-08-27,2025-09-08,6291.8,6272.0,6291.8,-0.31,stop_breakeven,12
2326.T,2025-02-04,2025-02-25,6406.6,6034.9,5516.5,-5.8,ma200_breach,21
2326.T,2025-06-24,2025-10-28,7728.8,7537.2,6419.3,-2.48,time,126
2327.T,2024-01-15,2024-01-31,2310.1,2340.9,2162.9,1.34,earnings_close,16
2327.T,2024-02-27,2024-04-24,2397.9,2472.1,2397.9,3.09,earnings_close,57
2327.T,2024-06-14,2024-08-02,2457.7,3233.9,2457.7,31.58,ma200_breach,49
2327.T,2024-10-31,2024-11-01,3744.5,3763.9,3323.6,0.52,ma200_breach,1
2327.T,2024-11-06,2024-11-18,3860.6,4148.0,3860.6,7.44,ma200_breach,12
2327.T,2025-02-05,2025-02-25,4141.2,3880.9,3653.5,-6.29,ma200_breach,20
2331.T,2024-07-31,2024-08-02,923.3,870.5,887.2,-5.72,ma200_breach,2
2331.T,2024-08-21,2024-09-04,965.0,978.3,828.6,1.38,ma200_breach,14
2331.T,2024-10-31,2024-11-01,1026.0,1027.0,985.5,0.09,ma200_breach,1
2331.T,2024-11-05,2024-11-18,1028.4,1028.4,1028.4,0.0,ma200_breach,13
2331.T,2024-12-03,2025-01-14,1096.9,1005.7,996.1,-8.31,ma200_breach,42
2335.T,2025-06-24,2025-10-01,1099.7,1094.5,1099.7,-0.47,stop_breakeven,99
2337.T,2024-01-18,2024-05-23,339.0,374.3,339.0,10.43,time,126
2337.T,2024-07-04,2024-07-25,393.2,386.6,393.2,-1.68,stop_breakeven,21
2337.T,2025-08-26,2025-10-15,418.5,359.1,363.0,-14.19,stop_base,50
2353.T,2024-10-01,2024-10-23,228.9,215.3,194.0,-5.93,ma200_breach,22
2353.T,2025-06-09,2025-06-13,240.5,243.4,226.9,1.21,ma200_breach,4
2353.T,2025-06-16,2025-10-20,246.3,275.0,246.3,11.64,time,126
2353.T,2025-11-26,2025-12-08,283.0,260.0,264.0,-8.13,stop_base,12
2359.T,2024-07-18,2024-08-02,1957.6,1760.9,1740.0,-10.05,ma200_breach,15
2359.T,2025-08-29,2025-11-17,1979.6,1976.6,1979.6,-0.15,stop_breakeven,80
2371.T,2024-09-27,2024-10-23,2463.3,2237.5,2093.3,-9.17,ma200_breach,26
2371.T,2024-11-11,2024-11-18,2492.9,2305.1,2199.3,-7.53,ma200_breach,7
2371.T,2025-02-06,2025-02-25,2383.3,2172.6,2175.5,-8.84,ma200_breach,19
2371.T,2025-08-06,2025-09-29,2848.5,2495.5,2512.5,-12.39,stop_base,54
2378.T,2024-10-07,2024-10-23,1083.0,1068.3,986.9,-1.36,ma200_breach,16
2378.T,2025-08-05,2025-09-30,1167.8,1161.5,1167.8,-0.54,stop_breakeven,56
2384.T,2025-06-27,2025-10-31,2828.2,3310.7,2828.2,17.06,time,126
2384.T,2025-11-13,2026-03-19,3657.3,4045.0,3657.3,10.6,time,126
2410.T,2025-06-25,2025-10-29,1801.1,2175.0,1801.1,20.76,time,126
2410.T,2025-11-10,2026-03-16,2251.0,2443.0,2251.0,8.53,time,126
2413.T,2025-08-07,2025-08-28,2210.0,2199.5,2210.0,-0.48,stop_breakeven,21
2413.T,2025-11-13,2025-12-11,2629.5,2079.0,2085.5,-20.94,stop_base,28
2429.T,2025-06-18,2025-10-22,2116.2,2439.7,2116.2,15.29,time,126
2429.T,2025-11-14,2026-02-02,2501.5,2485.0,2501.5,-0.66,stop_breakeven,80
2432.T,2024-09-30,2024-10-23,1706.0,1671.5,1510.3,-2.02,ma200_breach,23
2432.T,2024-10-29,2024-11-01,1754.3,1751.9,1510.3,-0.14,ma200_breach,3
2461.T,2025-07-08,2025-11-11,448.4,508.1,448.4,13.33,time,126
2461.T,2025-11-12,2026-03-03,513.0,460.0,465.7,-10.33,stop_base,111
2492.T,2025-08-01,2025-08-20,436.7,397.0,399.8,-9.09,stop_base,19
2501.T,2025-02-19,2025-02-25,1562.6,1506.8,1335.3,-3.57,ma200_breach,6
2502.T,2025-07-01,2025-07-15,1919.6,1809.8,1815.0,-5.72,stop_base,14
2531.T,2025-01-20,2025-02-03,1310.6,1295.8,1217.5,-1.13,ma200_breach,14
2531.T,2025-07-23,2025-11-26,1228.0,1455.6,1228.0,18.53,time,126
2533.T,2025-05-29,2025-06-02,489.3,529.5,415.0,8.2,ma200_breach,4
2533.T,2025-07-04,2025-08-27,581.3,578.4,581.3,-0.51,stop_breakeven,54
2540.T,2024-07-03,2024-08-02,2303.1,2279.4,2147.5,-1.03,ma200_breach,30
2540.T,2024-09-30,2024-10-23,2348.3,2452.7,2186.9,4.44,ma200_breach,23
2540.T,2024-10-29,2024-11-01,2496.0,2375.9,2186.9,-4.81,ma200_breach,3
2540.T,2024-12-06,2025-01-14,2509.7,2459.5,2375.9,-2.0,ma200_breach,39
2540.T,2025-01-22,2025-02-03,2512.7,2549.1,2437.9,1.45,ma200_breach,12
2540.T,2025-02-04,2025-02-25,2561.9,2530.4,2437.9,-1.23,ma200_breach,21
2540.T,2025-06-18,2025-10-22,3185.0,4480.0,3185.0,40.66,time,126
2540.T,2025-10-23,2026-01-06,4545.0,4465.0,4545.0,-1.76,stop_breakeven,75
2540.T,2026-02-24,2026-02-25,4595.0,4050.0,4215.0,-11.86,stop_base,1
2579.T,2024-02-22,2024-05-09,2001.1,1929.4,2001.1,-3.58,stop_breakeven,77
2579.T,2024-12-30,2025-01-14,2442.6,2428.9,2305.1,-0.56,ma200_breach,15
2579.T,2025-11-13,2026-03-19,2652.3,3751.0,2652.3,41.43,time,126
2585.T,2024-04-10,2024-08-02,1254.1,1579.8,1254.1,25.98,ma200_breach,114
2585.T,2024-08-16,2024-09-04,1797.8,1859.1,1797.8,3.41,ma200_breach,19
2585.T,2024-11-12,2024-11-18,1932.1,2285.7,1932.1,18.31,ma200_breach,6
2590.T,2024-12-03,2025-01-14,3478.6,3169.5,2859.4,-8.89,ma200_breach,42
2602.T,2024-02-01,2024-02-07,1385.6,1407.0,1257.4,1.54,earnings_close,6
2602.T,2024-02-13,2024-04-19,1547.4,1547.3,1547.4,-0.01,stop_breakeven,66
2602.T,2024-06-25,2024-08-02,1545.7,1497.4,1545.7,-3.13,ma200_breach,38
2602.T,2024-09-27,2024-10-23,1695.5,1644.8,1556.6,-2.99,ma200_breach,26
2602.T,2024-12-26,2025-01-10,1635.3,1565.6,1575.1,-4.26,stop_base,15
2607.T,2024-06-03,2024-08-02,2450.7,2811.2,2450.7,14.71,ma200_breach,60
2607.T,2024-11-14,2024-11-18,3252.5,3353.1,2993.6,3.09,ma200_breach,4
2607.T,2024-12-03,2025-01-14,3488.9,3248.6,2993.6,-6.89,ma200_breach,42
2613.T,2024-01-31,2024-06-05,1886.1,1802.5,1748.0,-4.44,time,126
2613.T,2024-07-29,2024-08-02,1902.5,1766.9,1799.7,-7.13,ma200_breach,4
2613.T,2024-11-15,2024-11-18,2014.3,2029.4,1934.6,0.75,ma200_breach,3
2659.T,2024-10-09,2024-10-23,2708.3,2681.2,2341.8,-1.0,ma200_breach,14
2659.T,2024-12-12,2025-01-14,2701.7,2605.4,2544.7,-3.56,ma200_breach,33
2659.T,2025-01-30,2025-02-03,2767.2,2732.6,2595.2,-1.25,ma200_breach,4
2659.T,2025-02-06,2025-02-25,2793.3,2768.1,2595.2,-0.9,ma200_breach,19
2659.T,2025-06-23,2025-07-04,2885.9,2756.3,2777.4,-4.49,stop_base,11
2659.T,2025-07-17,2025-08-29,2905.2,2738.0,2756.3,-5.75,stop_base,43
2664.T,2024-05-31,2024-08-02,2733.4,2480.6,2448.6,-9.25,ma200_breach,63
2664.T,2025-11-21,2025-12-11,2966.4,2803.8,2805.8,-5.48,stop_base,20
2670.T,2024-04-22,2024-07-02,2969.3,2709.4,2638.7,-8.75,earnings_close,71
2670.T,2024-12-03,2025-01-07,3016.7,3142.6,3016.7,4.17,earnings_close,35
2674.T,2024-01-15,2024-05-20,1570.8,1847.6,1570.8,17.63,time,126
2674.T,2024-07-10,2024-08-02,2048.7,1769.2,1842.1,-13.64,ma200_breach,23
2674.T,2024-10-04,2024-10-23,1916.8,1779.4,1719.4,-7.17,ma200_breach,19
2676.T,2024-03-26,2024-04-02,1819.6,1685.5,1699.9,-7.37,stop_base,7
2676.T,2024-06-17,2024-08-02,1762.0,1685.5,1762.0,-4.34,ma200_breach,46
2676.T,2024-09-26,2024-10-23,1877.9,1888.7,1877.9,0.58,ma200_breach,27
2676.T,2025-06-11,2025-06-13,2056.7,2057.7,1925.2,0.05,ma200_breach,2
2676.T,2025-06-16,2025-07-03,2106.8,1913.1,1942.0,-9.19,stop_base,17
2678.T,2024-04-18,2024-07-01,2277.5,2114.6,1935.1,-7.16,earnings_close,74
2681.T,2024-02-01,2024-02-20,2310.6,1928.6,1950.6,-16.53,stop_base,19
2685.T,2024-02-07,2024-04-03,3362.5,3472.5,3362.5,3.27,earnings_close,56
2685.T,2024-05-27,2024-06-26,3481.9,3505.5,3128.0,0.68,earnings_close,30
2692.T,2024-04-30,2024-07-23,7287.7,6479.1,6557.0,-11.1,stop_base,84
2692.T,2025-07-25,2025-08-29,10023.3,9973.7,10023.3,-0.5,stop_breakeven,35
2692.T,2025-11-14,2026-03-23,10800.0,12990.0,10800.0,20.28,time,129
2726.T,2024-03-07,2024-04-10,1139.5,996.9,1139.5,-12.51,stop_breakeven,34
2726.T,2024-12-09,2025-01-14,1576.2,1398.3,1369.1,-11.29,ma200_breach,36
2726.T,2025-01-23,2025-02-03,1636.0,1621.7,1398.3,-0.88,ma200_breach,11
2726.T,2025-07-09,2025-10-06,1990.5,2281.2,1990.5,14.61,earnings_close,89
2730.T,2024-02-01,2024-06-06,1545.1,1492.0,1391.8,-3.44,time,126
2730.T,2024-08-20,2024-09-04,1732.6,1775.6,1548.4,2.48,ma200_breach,15
2730.T,2024-09-27,2024-10-23,1792.1,1685.8,1683.0,-5.93,ma200_breach,26
2730.T,2025-01-30,2025-02-03,1782.4,1757.3,1703.2,-1.41,ma200_breach,4
2730.T,2025-06-11,2025-06-13,1951.6,1942.8,1796.0,-0.45,ma200_breach,2
2730.T,2025-06-17,2025-07-22,1975.1,1961.4,1975.1,-0.69,stop_breakeven,35
2730.T,2025-09-10,2025-11-06,2105.3,1918.6,1927.1,-8.87,stop_base,57
2733.T,2024-02-27,2024-05-10,3096.3,3084.5,3096.3,-0.38,stop_breakeven,73
2733.T,2024-06-20,2024-08-02,3309.2,3112.6,2897.3,-5.94,ma200_breach,43
2733.T,2024-09-27,2024-10-23,3464.9,3246.6,3112.6,-6.3,ma200_breach,26
2734.T,2024-06-21,2024-08-02,818.9,742.1,742.2,-9.37,ma200_breach,42
2734.T,2024-12-12,2025-01-14,849.5,803.0,746.9,-5.47,ma200_breach,33
2734.T,2025-05-29,2025-06-02,894.3,924.9,827.3,3.42,ma200_breach,4
2734.T,2025-06-27,2025-10-31,939.7,1036.3,939.7,10.28,time,126
2734.T,2025-11-21,2026-03-11,1097.4,1087.0,1097.4,-0.95,stop_breakeven,110
2737.T,2024-05-22,2024-07-24,6491.1,6454.6,6491.1,-0.56,stop_breakeven,63
2737.T,2025-10-27,2026-03-02,7759.9,13175.6,7759.9,69.79,time,126
2742.T,2024-01-25,2024-04-02,4298.5,4203.0,4298.5,-2.22,stop_breakeven,68
2742.T,2024-04-11,2024-05-14,4625.7,4149.5,4164.1,-10.29,stop_base,33
2742.T,2024-06-24,2024-08-02,4373.1,4154.4,4047.5,-5.0,ma200_breach,39
2742.T,2025-07-16,2025-10-02,4866.5,4814.2,4866.5,-1.07,stop_breakeven,78
2749.T,2024-02-01,2024-02-08,450.7,388.9,396.5,-13.71,stop_base,7
2749.T,2024-02-20,2024-04-25,451.6,448.6,451.6,-0.66,stop_breakeven,65
2749.T,2024-05-31,2024-08-02,497.9,534.5,497.9,7.36,ma200_breach,63
2753.T,2024-03-08,2024-07-12,1519.8,1866.5,1519.8,22.81,time,126
2753.T,2024-09-03,2024-09-04,1847.4,1834.6,1511.8,-0.69,ma200_breach,1
2768.T,2024-01-17,2024-05-22,3106.4,3879.4,3106.4,24.89,time,126
2768.T,2025-07-23,2025-11-26,3587.8,4460.2,3587.8,24.32,time,126
2768.T,2025-11-28,2026-04-03,4505.6,6359.0,4505.6,41.13,time,126
2791.T,2024-02-29,2024-04-01,9296.7,9197.6,9296.7,-1.07,stop_breakeven,32
2791.T,2024-06-26,2024-08-02,8519.9,10490.6,8519.9,23.13,ma200_breach,37
2801.T,2024-01-15,2024-03-07,1830.2,1812.6,1830.2,-0.96,stop_breakeven,52
2802.T,2024-12-03,2025-01-14,3182.9,3122.0,2765.8,-1.91,ma200_breach,42
2802.T,2025-02-04,2025-02-19,3194.2,2991.8,3006.0,-6.34,stop_base,15
2802.T,2025-06-25,2025-10-29,3715.2,4175.8,3715.2,12.4,time,126
2802.T,2025-10-31,2025-11-04,4349.8,4414.5,4143.9,1.49,earnings_close,4
2809.T,2024-04-08,2024-07-02,3120.7,3106.5,2659.9,-0.46,earnings_close,85
2809.T,2024-07-05,2024-08-02,3313.0,3545.0,3313.0,7.0,ma200_breach,28
2809.T,2025-12-23,2026-01-13,4428.0,4184.0,4178.0,-5.51,earnings_close,21
2809.T,2026-02-03,2026-03-23,4459.0,4053.0,4143.0,-9.11,stop_base,48
2815.T,2025-02-10,2025-02-25,5643.2,5595.5,4751.9,-0.84,ma200_breach,15
2815.T,2025-05-29,2025-06-02,6275.2,6255.8,5567.1,-0.31,ma200_breach,4
2815.T,2025-06-09,2025-06-13,6410.9,6294.6,5567.1,-1.82,ma200_breach,4
2815.T,2025-06-23,2025-08-06,6420.6,6507.9,5809.6,1.36,earnings_close,44
2871.T,2024-02-01,2024-05-29,1736.9,1695.0,1736.9,-2.41,stop_breakeven,118
2871.T,2024-09-26,2024-10-23,2171.2,2026.5,1903.1,-6.67,ma200_breach,27
2871.T,2024-12-12,2025-01-07,2102.0,1959.7,1960.2,-6.77,stop_base,26
2874.T,2025-08-22,2025-12-26,1132.5,1313.4,1132.5,15.97,time,126
2875.T,2024-02-01,2024-05-08,7732.8,9668.8,7732.8,25.04,earnings_close,97
2875.T,2024-05-10,2024-07-29,11057.6,9285.3,8592.3,-16.03,earnings_close,80
2875.T,2024-07-31,2024-08-02,9846.6,8887.4,8973.9,-9.74,ma200_breach,2
2884.T,2024-04-17,2024-07-19,1416.0,1413.0,1416.0,-0.21,stop_breakeven,93
2914.T,2024-01-16,2024-03-11,3486.3,3484.5,3486.3,-0.05,stop_breakeven,55
2914.T,2024-03-29,2024-05-08,3693.2,3895.5,3693.2,5.48,earnings_close,40
2914.T,2024-05-10,2024-08-01,4018.5,3954.2,3616.6,-1.6,earnings_close,83
2914.T,2024-09-26,2024-10-23,3933.7,3846.2,3701.8,-2.23,ma200_breach,27
2914.T,2025-07-17,2025-07-30,4240.1,4194.1,4061.2,-1.08,earnings_close,13
2914.T,2025-08-01,2025-10-29,4481.5,4797.2,4481.5,7.04,earnings_close,89
2914.T,2025-10-31,2026-03-06,5243.9,5714.0,5243.9,8.96,time,126
2915.T,2024-02-02,2024-06-05,1722.3,1719.4,1722.3,-0.17,stop_breakeven,124
2915.T,2024-07-17,2024-08-02,1987.2,1872.3,1987.2,-5.78,ma200_breach,16
2915.T,2024-08-16,2024-09-04,2196.2,2292.2,2196.2,4.37,ma200_breach,19
2918.T,2025-07-04,2025-11-07,2347.5,3046.6,2347.5,29.78,time,126
2918.T,2025-11-28,2026-01-29,3302.2,3292.3,3302.2,-0.3,stop_breakeven,62
2918.T,2026-02-05,2026-03-04,3547.8,3100.0,3130.2,-12.62,stop_base,27
2933.T,2024-06-05,2024-08-02,1189.0,1119.6,1075.3,-5.83,ma200_breach,58
2935.T,2025-12-16,2026-01-23,1267.1,1250.3,1267.1,-1.33,stop_breakeven,38
2975.T,2024-11-25,2024-11-26,656.7,645.3,589.3,-1.73,ma200_breach,1
2975.T,2024-12-03,2025-01-14,662.4,724.3,662.4,9.34,ma200_breach,42
2975.T,2025-01-20,2025-02-03,763.9,823.9,763.9,7.85,ma200_breach,14
2975.T,2025-02-10,2025-02-25,830.6,836.4,724.3,0.7,ma200_breach,15
2975.T,2025-05-29,2025-06-02,994.3,1038.5,881.9,4.44,ma200_breach,4
2975.T,2025-08-01,2025-12-05,1009.0,1214.0,1009.0,20.32,time,126
2975.T,2025-12-19,2026-04-24,1269.0,1657.0,1269.0,30.58,time,126
2982.T,2024-02-09,2024-05-30,231.9,203.6,204.5,-12.2,stop_base,111
2982.T,2025-07-07,2025-11-10,304.6,462.7,304.6,51.92,time,126
2982.T,2025-11-14,2025-11-18,476.4,431.5,440.3,-9.43,stop_base,4
2982.T,2025-12-08,2025-12-22,489.1,390.5,410.0,-20.16,stop_base,14
2982.T,2026-02-09,2026-03-23,482.0,401.0,407.1,-16.8,stop_base,42
3002.T,2024-01-31,2024-06-05,2315.5,2388.4,2315.5,3.15,time,126
3002.T,2024-06-07,2024-08-02,2507.2,2357.7,2252.1,-5.96,ma200_breach,56
3002.T,2024-09-26,2024-10-23,2516.0,2331.3,2291.7,-7.34,ma200_breach,27
3002.T,2025-07-02,2025-11-05,3448.7,3572.1,3448.7,3.58,time,126
3002.T,2025-11-12,2026-03-18,3733.3,4155.5,3733.3,11.31,time,126
3003.T,2024-01-16,2024-04-25,1462.5,1317.7,1319.3,-9.9,stop_base,100
3003.T,2024-05-20,2024-06-18,1420.4,1314.5,1317.7,-7.46,stop_base,29
3003.T,2025-08-05,2025-12-09,1496.7,1652.6,1496.7,10.42,time,126
3003.T,2025-12-12,2026-01-27,1701.2,1762.0,1701.2,3.58,earnings_close,46
3003.T,2026-02-05,2026-03-13,1880.0,1875.0,1880.0,-0.27,stop_breakeven,36
3028.T,2025-06-26,2025-07-01,2397.7,2259.2,2260.6,-5.78,stop_base,5
3028.T,2025-08-01,2025-10-10,2419.5,2246.3,2247.3,-7.16,stop_base,70
3034.T,2025-07-16,2025-11-19,1887.5,2187.4,1887.5,15.89,time,126
3034.T,2025-11-20,2025-12-17,2207.2,2167.7,2207.2,-1.79,stop_breakeven,27
3036.T,2024-06-26,2024-08-02,1450.6,1265.8,1286.9,-12.74,ma200_breach,37
3036.T,2024-12-26,2025-01-14,1429.1,1417.8,1335.9,-0.79,ma200_breach,19
3036.T,2025-06-18,2025-10-22,1756.4,2169.2,1756.4,23.5,time,126
3036.T,2025-10-23,2026-02-26,2172.2,3083.4,2172.2,41.95,time,126
3036.T,2026-02-27,2026-03-23,3250.9,2628.3,2640.1,-19.15,stop_base,24
3040.T,2025-06-11,2025-06-13,1313.1,1274.4,1172.8,-2.95,ma200_breach,2
3040.T,2025-06-24,2025-10-28,1320.9,1832.1,1320.9,38.71,time,126
3040.T,2025-12-22,2026-01-06,2029.5,2027.0,2029.5,-0.12,stop_breakeven,15
3040.T,2026-01-15,2026-02-24,2170.0,1857.0,1861.7,-14.42,stop_base,40
3046.T,2024-10-15,2024-10-23,6016.0,5478.8,4863.6,-8.93,ma200_breach,8
3046.T,2024-12-20,2025-01-09,6465.2,6680.1,5869.5,3.32,earnings_close,20
3046.T,2025-01-29,2025-02-03,6758.2,6816.8,6006.2,0.87,ma200_breach,5
3046.T,2025-02-06,2025-02-25,7061.0,6748.4,6201.5,-4.43,ma200_breach,19
3046.T,2025-07-09,2025-07-14,8716.3,7801.4,8027.6,-10.5,stop_base,5
3046.T,2025-09-04,2025-10-02,8700.8,8433.2,8700.8,-3.08,stop_breakeven,28
3048.T,2024-04-15,2024-07-10,1562.8,1448.7,1180.7,-7.3,earnings_close,86
3048.T,2024-07-16,2024-08-01,1553.3,1529.5,1553.3,-1.53,stop_breakeven,16
3048.T,2024-12-06,2025-01-14,1681.6,1663.3,1523.5,-1.09,ma200_breach,39
3050.T,2024-06-07,2024-07-01,1461.8,1317.9,1319.8,-9.85,stop_base,24
3064.T,2024-08-01,2024-08-02,2106.4,2139.4,1741.8,1.57,ma200_breach,1
3064.T,2024-11-05,2024-11-14,2569.9,2558.6,2569.9,-0.44,stop_breakeven,9
3064.T,2025-02-04,2025-02-06,2799.5,2778.3,2799.5,-0.76,stop_breakeven,2
3076.T,2025-09-12,2026-01-16,2719.0,2843.0,2719.0,4.56,time,126
3086.T,2024-07-01,2024-08-02,1826.5,1442.6,1381.8,-21.02,ma200_breach,32
3086.T,2024-11-25,2024-11-26,1691.6,1685.3,1495.0,-0.37,ma200_breach,1
3086.T,2024-12-03,2024-12-23,1760.5,1917.6,1760.5,8.92,earnings_close,20
3086.T,2025-01-30,2025-02-03,2101.1,2072.7,1827.0,-1.35,ma200_breach,4
3086.T,2025-02-04,2025-02-25,2109.3,1879.5,1838.6,-10.9,ma200_breach,21
3086.T,2025-07-23,2025-11-26,2017.9,2217.4,2017.9,9.89,time,126
3087.T,2025-06-11,2025-06-13,2660.0,2640.4,2566.9,-0.74,ma200_breach,2
3087.T,2025-08-20,2025-10-28,2572.8,2408.7,2424.8,-6.38,stop_base,69
3088.T,2025-07-08,2025-08-29,3011.8,2995.1,3011.8,-0.55,stop_breakeven,52
3091.T,2024-01-15,2024-02-14,3265.3,3230.7,3265.3,-1.06,stop_breakeven,30
3091.T,2024-03-13,2024-07-17,3433.0,3780.2,3433.0,10.12,time,126
3091.T,2024-12-06,2025-01-08,3913.8,3524.5,3592.2,-9.95,stop_base,33
3092.T,2024-05-31,2024-07-29,1161.5,1381.9,1161.5,18.98,earnings_close,59
3092.T,2024-08-19,2024-09-02,1419.5,1391.7,1419.5,-1.96,stop_breakeven,14
3092.T,2024-09-26,2024-10-23,1580.2,1651.1,1580.2,4.48,ma200_breach,27
3092.T,2025-01-28,2025-01-30,1606.1,1621.7,1511.9,0.97,earnings_close,2
3093.T,2024-06-25,2024-08-01,1761.5,1698.3,1761.5,-3.59,stop_breakeven,37
3097.T,2025-08-08,2025-10-09,4096.9,4086.9,4096.9,-0.24,stop_breakeven,62
3097.T,2025-11-21,2025-12-11,4291.0,4241.3,4291.0,-1.16,stop_breakeven,20
3097.T,2026-02-12,2026-03-11,4955.0,4940.0,4955.0,-0.3,stop_breakeven,27
3099.T,2024-04-12,2024-08-02,2415.7,2333.8,2415.7,-3.39,ma200_breach,112
3099.T,2026-04-06,2026-04-20,3120.0,3114.0,3120.0,-0.19,stop_breakeven,14
3101.T,2025-08-26,2025-12-30,1050.9,1223.8,1050.9,16.45,time,126
3104.T,2024-01-31,2024-04-05,1323.6,1322.9,1323.6,-0.05,stop_breakeven,65
3104.T,2024-05-20,2024-07-24,1395.0,1368.4,1395.0,-1.91,stop_breakeven,65
3104.T,2024-07-31,2024-08-02,1627.0,1380.9,1349.6,-15.13,ma200_breach,2
3104.T,2024-11-07,2024-11-18,1548.4,1559.5,1424.8,0.72,ma200_breach,11
3104.T,2024-11-25,2024-11-26,1705.6,1731.0,1427.7,1.49,ma200_breach,1
3104.T,2025-07-30,2025-12-03,1921.9,2510.1,1921.9,30.6,time,126
3104.T,2026-01-13,2026-01-30,2806.4,2803.1,2806.4,-0.12,stop_breakeven,17
3104.T,2026-03-25,2026-04-06,3587.7,3565.0,3587.7,-0.63,stop_breakeven,12
3105.T,2024-02-07,2024-02-15,1160.2,1156.5,1160.2,-0.32,stop_breakeven,8
3105.T,2025-08-25,2025-12-29,1081.4,1330.0,1081.4,22.99,time,126
3106.T,2024-02-26,2024-07-01,3055.9,4652.5,3055.9,52.24,time,126
3106.T,2024-10-01,2024-10-23,4754.9,4471.3,4153.2,-5.96,ma200_breach,22
3106.T,2024-11-07,2024-11-14,5057.4,5010.2,5057.4,-0.93,stop_breakeven,7
3106.T,2024-12-30,2025-01-14,5435.6,5199.2,4934.5,-4.35,ma200_breach,15
3106.T,2025-01-30,2025-02-03,5445.0,5369.4,5057.4,-1.39,ma200_breach,4
3106.T,2025-02-07,2025-02-25,5501.7,5492.3,5104.7,-0.17,ma200_breach,18
3106.T,2025-05-29,2025-06-02,6599.3,6830.8,5480.1,3.51,ma200_breach,4
3106.T,2025-07-25,2025-08-26,7496.5,7419.4,7496.5,-1.03,stop_breakeven,32
3106.T,2025-10-23,2026-02-26,7254.3,9685.5,7254.3,33.51,time,126
3107.T,2024-01-15,2024-02-09,2977.3,2490.3,2513.4,-16.36,stop_base,25
3109.T,2024-01-29,2024-06-03,1070.7,988.4,917.4,-7.69,time,126
3110.T,2024-02-06,2024-04-19,5036.7,4879.2,5036.7,-3.13,stop_breakeven,73
3110.T,2024-12-26,2025-01-14,6196.1,5825.9,6196.1,-5.97,ma200_breach,19
3116.T,2025-07-11,2025-07-30,2002.7,2170.5,2002.7,8.38,earnings_close,19
3116.T,2025-08-05,2025-10-29,2184.0,2378.3,2184.0,8.9,earnings_close,85
3116.T,2025-12-15,2026-02-02,2457.0,2511.5,2457.0,2.22,earnings_close,49
3116.T,2026-02-04,2026-03-09,2747.6,2663.5,2747.6,-3.06,stop_breakeven,33
3132.T,2024-01-15,2024-02-16,2545.8,2511.8,2545.8,-1.34,stop_breakeven,32
3132.T,2025-08-05,2025-08-26,1968.7,1961.4,1968.7,-0.37,stop_breakeven,21
3132.T,2025-11-11,2026-03-09,2316.8,2300.5,2316.8,-0.7,stop_breakeven,118
3139.T,2024-05-01,2024-07-10,2497.4,2612.0,2497.4,4.59,earnings_close,70
3139.T,2024-07-16,2024-08-02,2909.1,2647.0,2612.0,-9.01,ma200_breach,17
3139.T,2024-08-20,2024-09-04,2913.8,2951.7,2913.8,1.3,ma200_breach,15
3139.T,2025-06-12,2025-06-13,3582.4,3577.5,3226.9,-0.14,ma200_breach,1
3139.T,2025-06-16,2025-10-15,3646.0,3343.0,3646.0,-8.31,stop_breakeven,121
3148.T,2025-08-08,2025-12-12,3527.0,3310.0,3102.8,-6.15,time,126
3150.T,2024-09-26,2024-10-23,2639.3,2474.8,2217.0,-6.23,ma200_breach,27
3150.T,2024-12-04,2024-12-17,2652.6,2303.7,2322.6,-13.15,stop_base,13
3151.T,2024-01-18,2024-05-23,986.7,1119.5,986.7,13.46,time,126
3151.T,2024-05-24,2024-08-02,1137.9,1102.9,1137.9,-3.07,ma200_breach,70
3151.T,2026-01-08,2026-04-27,1415.0,1402.0,1415.0,-0.92,stop_breakeven,109
3153.T,2024-06-14,2024-08-02,1536.9,1463.5,1536.9,-4.77,ma200_breach,49
3153.T,2024-12-19,2025-01-14,1650.8,1549.4,1484.8,-6.14,ma200_breach,26
3153.T,2025-08-04,2025-12-08,1822.6,2760.5,1822.6,51.46,time,126
3153.T,2025-12-10,2026-03-23,2815.6,2807.7,2815.6,-0.28,stop_breakeven,103
3154.T,2025-05-29,2025-06-02,960.9,961.9,903.2,0.1,ma200_breach,4
3156.T,2024-01-15,2024-01-26,2732.8,2719.4,2732.8,-0.49,stop_breakeven,11
3156.T,2024-03-29,2024-07-19,2773.1,2764.0,2773.1,-0.33,stop_breakeven,112
3167.T,2025-08-01,2025-12-05,1053.6,1028.1,954.8,-2.42,time,126
3176.T,2024-06-25,2024-07-24,1512.3,1394.5,1401.0,-7.79,stop_base,29
3176.T,2024-12-09,2025-01-14,1470.3,1389.7,1341.3,-5.48,ma200_breach,36
3179.T,2024-05-08,2024-08-02,1137.8,1215.6,1137.8,6.84,ma200_breach,86
3179.T,2025-10-23,2025-11-12,1313.3,1157.6,1162.4,-11.85,stop_base,20
3180.T,2025-07-25,2025-09-11,1716.7,1511.0,1516.0,-11.98,stop_base,48
3182.T,2025-01-29,2025-02-03,1477.0,1452.3,1237.4,-1.68,ma200_breach,5
3182.T,2025-06-11,2025-06-13,1709.6,1627.5,1447.3,-4.81,ma200_breach,2
3182.T,2025-06-30,2025-08-27,1716.6,1678.0,1716.6,-2.25,stop_breakeven,58
3182.T,2025-10-22,2025-11-18,1808.7,1511.4,1571.0,-16.44,stop_base,27
3183.T,2024-02-05,2024-06-10,1140.4,1120.7,993.3,-1.72,time,126
3183.T,2024-12-25,2025-01-14,1195.0,1191.3,1195.0,-0.31,ma200_breach,20
3183.T,2025-06-23,2025-10-27,1304.4,1278.4,1207.2,-1.99,time,126
3186.T,2025-08-06,2025-12-10,2003.0,2644.0,2003.0,32.0,time,126
3186.T,2025-12-18,2026-04-23,2754.0,3420.0,2754.0,24.18,time,126
3191.T,2024-06-24,2024-08-02,2070.4,1940.5,1946.6,-6.28,ma200_breach,39
3193.T,2024-02-29,2024-04-12,4097.7,4078.2,4097.7,-0.47,stop_breakeven,43
3193.T,2026-03-02,2026-03-16,3780.0,3180.0,3327.0,-15.87,stop_base,14
3196.T,2024-01-17,2024-02-15,1944.4,1807.0,1828.8,-7.06,stop_base,29
3196.T,2024-04-01,2024-08-02,2134.1,2166.7,2134.1,1.53,ma200_breach,123
3196.T,2024-09-20,2024-10-23,2316.9,2201.3,2095.5,-4.99,ma200_breach,33
3197.T,2024-01-15,2024-02-13,2296.2,2381.5,2296.2,3.71,earnings_close,29
3197.T,2024-04-01,2024-05-13,2416.0,2186.4,2093.7,-9.5,earnings_close,42
3197.T,2025-02-14,2025-02-25,2588.9,2450.3,2272.0,-5.35,ma200_breach,11
3197.T,2025-08-19,2025-10-24,3051.8,2860.6,2862.1,-6.27,stop_base,66
3197.T,2026-02-13,2026-04-22,3556.0,3066.0,3148.0,-13.78,stop_base,68
3199.T,2024-06-14,2024-08-02,1611.3,1623.9,1611.3,0.78,ma200_breach,49
3201.T,2024-01-15,2024-02-06,1310.6,1307.8,1310.6,-0.22,stop_breakeven,22
3201.T,2024-03-27,2024-04-16,1393.5,1235.2,1263.5,-11.36,stop_base,20
3201.T,2024-06-03,2024-08-02,1297.3,1159.0,1201.3,-10.66,ma200_breach,60
3201.T,2025-05-29,2025-06-02,1456.9,1475.6,1338.8,1.28,ma200_breach,4
3201.T,2025-08-20,2025-12-24,1478.5,1775.0,1478.5,20.05,time,126
3201.T,2026-01-06,2026-03-23,1817.0,1769.0,1817.0,-2.64,stop_breakeven,76
3221.T,2024-01-19,2024-05-24,2953.8,2757.7,2571.1,-6.64,time,126
3221.T,2024-08-30,2024-09-04,3168.7,3178.6,2632.1,0.31,ma200_breach,5
3221.T,2024-09-30,2024-10-22,3360.2,3325.7,3360.2,-1.03,stop_breakeven,22
3231.T,2024-01-22,2024-05-22,744.8,736.4,744.8,-1.13,stop_breakeven,121
3231.T,2024-07-16,2024-08-01,777.0,714.6,715.9,-8.03,stop_base,16
3231.T,2025-07-11,2025-07-18,831.8,797.7,800.8,-4.1,stop_base,7
3231.T,2025-08-06,2025-11-04,859.2,849.1,859.2,-1.17,stop_breakeven,90
3231.T,2025-11-27,2026-04-02,933.9,1035.5,933.9,10.88,time,126
3232.T,2024-01-19,2024-05-24,595.8,531.7,524.8,-10.76,time,126
3245.T,2024-01-22,2024-05-13,894.3,805.0,894.3,-9.98,stop_breakeven,112
3245.T,2025-02-12,2025-02-25,991.3,1000.9,924.8,0.96,ma200_breach,13
3245.T,2025-06-11,2025-06-13,1109.3,1113.1,1036.1,0.34,ma200_breach,2
3245.T,2025-06-19,2025-10-09,1149.3,1142.0,1149.3,-0.63,stop_breakeven,112
3245.T,2025-11-21,2025-12-02,1178.0,1090.0,1095.0,-7.47,stop_base,11
3252.T,2024-05-07,2024-06-12,2384.0,2127.1,2129.9,-10.78,stop_base,36
3252.T,2024-06-20,2024-07-12,2476.4,2168.7,2476.4,-12.43,stop_breakeven,22
3252.T,2025-07-25,2025-11-28,2262.1,2951.5,2262.1,30.47,time,126
3252.T,2025-12-15,2026-04-20,2971.1,3530.0,2971.1,18.81,time,126
3276.T,2025-08-27,2026-01-05,1286.6,1263.0,1135.3,-1.84,time,131
3284.T,2024-01-15,2024-05-20,978.7,987.3,885.6,0.88,time,126
3284.T,2024-06-03,2024-08-02,1006.9,933.8,935.6,-7.26,ma200_breach,60
3284.T,2025-07-01,2025-11-04,1183.0,1228.1,1183.0,3.81,time,126
3284.T,2025-11-27,2026-02-18,1291.2,1279.5,1291.2,-0.9,stop_breakeven,83
3288.T,2025-06-18,2025-10-22,6235.7,7481.7,6235.7,19.98,time,126
3288.T,2025-11-10,2026-03-16,7689.6,10101.0,7689.6,31.36,time,126
3289.T,2024-01-15,2024-05-20,935.4,1035.8,935.4,10.73,time,126
3289.T,2025-08-01,2025-12-05,1071.3,1380.8,1071.3,28.89,time,126
3289.T,2025-12-15,2026-03-04,1442.3,1400.0,1442.3,-2.93,stop_breakeven,79
3302.T,2024-01-15,2024-05-20,2092.7,2211.1,2092.7,5.66,time,126
3302.T,2024-05-31,2024-07-22,2306.5,2292.0,2306.5,-0.63,stop_breakeven,52
3302.T,2024-08-26,2024-09-04,2451.9,2517.4,2164.9,2.67,ma200_breach,9
3302.T,2025-08-01,2025-12-05,3018.9,3417.2,3018.9,13.19,time,126
3315.T,2024-01-15,2024-02-13,125.0,112.3,113.3,-10.16,stop_base,29
3315.T,2024-03-07,2024-03-11,141.6,138.7,141.6,-2.07,stop_breakeven,4
3315.T,2024-05-20,2024-06-07,146.0,121.0,124.0,-17.12,stop_base,18
3333.T,2024-06-18,2024-08-02,1417.2,1317.6,1273.8,-7.03,ma200_breach,45
3333.T,2024-08-20,2024-09-04,1444.6,1508.1,1317.6,4.39,ma200_breach,15
3333.T,2024-09-25,2024-10-23,1569.6,1432.3,1349.2,-8.75,ma200_breach,28
3333.T,2024-12-03,2025-01-08,1510.0,1406.7,1408.6,-6.84,stop_base,36
3349.T,2025-06-30,2025-07-14,9099.6,8809.1,9099.6,-3.19,stop_breakeven,14
3349.T,2025-07-17,2025-09-02,9580.2,8720.5,8746.4,-8.97,stop_base,47
3360.T,2025-12-19,2026-03-23,2619.4,2247.4,2262.5,-14.2,stop_base,94
3371.T,2024-06-07,2024-07-25,1881.9,1710.1,1711.0,-9.13,stop_base,48
3371.T,2024-12-03,2025-01-06,2152.3,2113.9,2152.3,-1.78,stop_breakeven,34
3387.T,2025-01-28,2025-02-03,657.7,658.2,573.4,0.08,ma200_breach,6
3387.T,2025-06-19,2025-10-23,712.9,762.8,712.9,6.99,time,126
3387.T,2025-11-21,2026-01-28,782.7,724.9,728.9,-7.39,stop_base,68
3388.T,2024-04-10,2024-07-31,1536.6,1487.6,1536.6,-3.19,stop_breakeven,112
3388.T,2025-07-23,2025-11-26,1844.0,2300.5,1844.0,24.75,time,126
3388.T,2025-12-04,2026-03-04,2337.8,2273.0,2337.8,-2.77,stop_breakeven,90
3391.T,2025-07-16,2025-07-29,2293.1,2164.7,2180.4,-5.6,stop_base,13
3391.T,2025-09-02,2025-10-01,2319.8,2312.3,2319.8,-0.32,stop_breakeven,29
3391.T,2025-10-21,2026-01-13,2551.3,2497.2,2551.3,-2.12,stop_breakeven,84
3393.T,2024-11-11,2024-11-18,2050.8,2051.8,1722.9,0.05,ma200_breach,7
3393.T,2024-12-25,2025-01-14,2107.2,2073.0,1960.3,-1.62,ma200_breach,20
3393.T,2025-02-12,2025-02-25,2161.7,2170.9,2000.0,0.43,ma200_breach,13
3393.T,2025-09-16,2025-11-10,2598.9,2524.5,2598.9,-2.86,stop_breakeven,55
3393.T,2025-12-19,2026-02-13,2628.4,2595.4,2628.4,-1.26,stop_breakeven,56
3395.T,2024-01-17,2024-05-22,2128.8,2031.2,1877.2,-4.58,time,126
3395.T,2024-11-25,2024-11-26,2352.1,2374.5,2196.6,0.95,ma200_breach,1
3395.T,2024-12-03,2025-01-09,2510.5,2507.6,2510.5,-0.12,stop_breakeven,37
3395.T,2026-03-05,2026-04-17,3103.6,2740.0,2756.5,-11.71,stop_base,43
3397.T,2024-01-15,2024-01-24,4526.6,4402.5,4526.6,-2.74,stop_breakeven,9
3397.T,2025-07-07,2025-11-10,4271.2,4472.7,4271.2,4.72,time,126
3402.T,2024-11-07,2024-11-18,925.2,881.3,768.0,-4.75,ma200_breach,11
3402.T,2024-12-03,2025-01-14,945.3,990.0,945.3,4.72,ma200_breach,42
3402.T,2025-01-21,2025-02-03,1008.0,1019.6,930.7,1.16,ma200_breach,13
3402.T,2025-02-04,2025-02-12,1057.1,915.8,960.6,-13.37,stop_base,8
3402.T,2025-05-29,2025-06-02,986.7,975.9,866.0,-1.09,ma200_breach,4
3402.T,2025-08-07,2025-08-08,1033.7,933.8,954.9,-9.67,stop_base,1
3405.T,2024-04-30,2024-08-02,1647.6,1636.4,1647.6,-0.68,ma200_breach,94
3405.T,2024-09-26,2024-10-23,2057.6,1947.5,1694.3,-5.35,ma200_breach,27
3405.T,2024-12-05,2024-12-20,2091.6,2090.2,2091.6,-0.07,stop_breakeven,15
3405.T,2025-01-22,2025-02-03,2239.3,2107.6,2029.9,-5.88,ma200_breach,12
3407.T,2025-12-12,2026-04-17,1379.7,1602.0,1379.7,16.11,time,126
3415.T,2025-07-16,2025-09-19,461.4,458.4,461.4,-0.64,stop_breakeven,65
3431.T,2024-01-15,2024-05-20,1525.4,2060.9,1525.4,35.11,time,126
3431.T,2024-05-21,2024-08-02,2076.7,1943.4,2076.7,-6.42,ma200_breach,73
3433.T,2024-01-26,2024-05-31,1415.1,1854.8,1415.1,31.07,time,126
3433.T,2024-06-21,2024-08-02,1867.0,1674.3,1757.6,-10.32,ma200_breach,42
3433.T,2025-08-25,2025-11-07,2024.2,1995.3,2024.2,-1.42,stop_breakeven,74
3436.T,2024-07-03,2024-07-24,2410.5,2396.8,2410.5,-0.57,stop_breakeven,21
3443.T,2024-01-15,2024-05-20,699.0,869.9,699.0,24.45,time,126
3443.T,2024-07-12,2024-07-30,878.2,806.7,808.9,-8.14,stop_base,18
3443.T,2025-06-17,2025-10-21,1197.6,1291.3,1197.6,7.82,time,126
3443.T,2025-10-23,2025-11-17,1360.1,1263.4,1265.1,-7.11,stop_base,25
3443.T,2025-12-04,2026-04-09,1433.8,1628.0,1433.8,13.54,time,126
3445.T,2024-10-03,2024-10-23,3756.6,3766.4,3130.5,0.26,ma200_breach,20
3445.T,2024-10-31,2024-11-01,3932.7,3771.3,3345.7,-4.1,ma200_breach,1
3457.T,2024-01-30,2024-06-04,1053.1,1090.1,1053.1,3.52,time,126
3465.T,2025-01-28,2025-02-03,2057.9,2013.0,1906.7,-2.18,ma200_breach,6
3465.T,2025-02-12,2025-02-25,2209.1,2095.7,1906.7,-5.13,ma200_breach,13
3465.T,2025-07-31,2025-12-04,2334.9,3008.9,2334.9,28.86,time,126
3465.T,2026-02-12,2026-03-09,3430.3,3376.4,3430.3,-1.57,stop_breakeven,25
3475.T,2025-01-27,2025-02-03,902.6,887.0,782.2,-1.72,ma200_breach,7
3475.T,2025-07-10,2025-11-13,1132.6,1308.0,1132.6,15.49,time,126
3475.T,2026-03-24,2026-04-28,1564.0,1537.0,1564.0,-1.73,stop_breakeven,35
3480.T,2024-06-19,2024-07-08,2804.4,2791.2,2804.4,-0.47,stop_breakeven,19
3480.T,2025-06-09,2025-06-13,3721.2,3692.0,3312.6,-0.78,ma200_breach,4
3480.T,2025-06-16,2025-09-01,3755.3,3696.9,3755.3,-1.55,stop_breakeven,77
3480.T,2025-09-25,2025-10-30,3959.6,3620.0,3682.3,-8.58,stop_base,35
3482.T,2024-02-16,2024-02-29,2135.8,2120.7,2135.8,-0.71,stop_breakeven,13
3482.T,2025-07-04,2025-08-12,2708.3,2646.2,2708.3,-2.3,stop_breakeven,39
3482.T,2025-08-19,2025-10-02,2938.6,2914.3,2938.6,-0.83,stop_breakeven,44
3482.T,2025-10-24,2025-11-04,3196.0,2812.3,2900.7,-12.01,stop_base,11
3482.T,2025-12-29,2026-03-23,3035.0,2922.0,3035.0,-3.72,stop_breakeven,84
3486.T,2024-01-17,2024-05-15,1096.7,1083.4,1096.7,-1.21,stop_breakeven,119
3486.T,2025-02-12,2025-02-25,1516.8,1716.7,1516.8,13.17,ma200_breach,13
3486.T,2025-06-09,2025-06-13,2050.4,1932.9,1767.2,-5.73,ma200_breach,4
3486.T,2025-07-22,2025-11-18,2142.8,2099.5,2142.8,-2.02,stop_breakeven,119
3496.T,2025-02-07,2025-02-25,3692.9,3244.0,3166.7,-12.16,ma200_breach,18
3496.T,2025-06-09,2025-06-13,4238.4,4180.5,3702.6,-1.37,ma200_breach,4
3496.T,2025-06-16,2025-10-20,4257.7,4846.1,4257.7,13.82,time,126
3496.T,2025-11-13,2026-01-27,5156.7,4634.1,4653.8,-10.13,stop_base,75
3498.T,2025-09-29,2025-10-27,9880.0,8390.0,8620.0,-15.08,stop_base,28
3501.T,2025-09-26,2026-01-30,1205.8,1270.0,1205.8,5.33,time,126
3539.T,2024-01-19,2024-05-24,1095.1,1332.2,1095.1,21.65,time,126
3539.T,2024-05-27,2024-06-13,1352.5,1317.2,1352.5,-2.61,stop_breakeven,17
3539.T,2024-08-20,2024-09-04,1414.7,1492.8,1414.7,5.52,ma200_breach,15
3539.T,2025-12-18,2026-03-03,1683.4,1648.0,1683.4,-2.1,stop_breakeven,75
3543.T,2025-07-08,2025-10-09,2980.2,2974.3,2980.2,-0.2,stop_breakeven,93
3548.T,2025-06-17,2025-10-21,755.0,724.5,677.8,-4.04,time,126
3549.T,2025-06-30,2025-10-03,3623.5,3559.6,3623.5,-1.76,stop_breakeven,95
3549.T,2025-11-21,2025-12-17,4019.0,3652.0,3686.4,-9.13,stop_base,26
3549.T,2025-12-26,2026-01-06,4362.0,4331.0,4362.0,-0.71,stop_breakeven,11
3561.T,2025-06-25,2025-09-30,1439.1,1435.5,1439.1,-0.25,stop_breakeven,97
3563.T,2025-02-05,2025-02-25,3507.1,4144.3,3507.1,18.17,ma200_breach,20
3563.T,2025-06-27,2025-10-09,6925.5,6870.0,6925.5,-0.8,stop_breakeven,104
3563.T,2026-01-20,2026-03-09,8914.0,8816.0,8914.0,-1.1,stop_breakeven,48
3591.T,2024-02-13,2024-06-18,3532.1,4165.3,3532.1,17.93,time,126
3591.T,2024-09-24,2024-10-23,4300.6,4463.3,4300.6,3.78,ma200_breach,29
3591.T,2024-11-25,2024-11-26,4712.6,4867.7,4424.5,3.29,ma200_breach,1
3591.T,2024-12-04,2025-01-14,5015.2,5212.0,4424.5,3.93,ma200_breach,41
3591.T,2025-01-21,2025-02-03,5312.9,5156.8,4917.2,-2.94,ma200_breach,13
3593.T,2024-06-07,2024-08-02,3918.8,3914.3,3918.8,-0.11,ma200_breach,56
3593.T,2024-09-25,2024-10-23,4403.0,4760.8,4403.0,8.13,ma200_breach,28
3593.T,2024-12-05,2025-01-14,4770.6,4810.2,4412.3,0.83,ma200_breach,40
3593.T,2025-01-28,2025-02-03,4849.7,4731.4,4672.2,-2.44,ma200_breach,6
3593.T,2025-02-14,2025-02-25,4874.3,4731.4,4672.2,-2.93,ma200_breach,11
3593.T,2025-11-26,2026-04-01,5910.0,6640.0,5910.0,12.35,time,126
3608.T,2024-06-03,2024-07-08,847.3,843.6,847.3,-0.43,stop_breakeven,35
3608.T,2024-10-15,2024-10-23,993.7,858.3,783.2,-13.63,ma200_breach,8
3608.T,2024-12-05,2025-01-14,865.6,920.5,865.6,6.34,ma200_breach,40
3608.T,2025-07-09,2025-07-18,1105.4,1095.7,1105.4,-0.87,stop_breakeven,9
3612.T,2024-01-22,2024-05-27,793.3,978.3,793.3,23.31,time,126
3612.T,2024-07-04,2024-08-02,1038.3,965.2,921.9,-7.04,ma200_breach,29
3612.T,2025-06-19,2025-10-23,1247.0,1371.6,1247.0,10.0,time,126
3612.T,2025-11-14,2026-03-23,1400.1,1421.0,1400.1,1.49,time,129
3626.T,2024-12-09,2025-01-10,3835.7,3467.9,3500.0,-9.59,stop_base,32
3626.T,2025-02-12,2025-02-25,3694.6,3777.3,3263.6,2.24,ma200_breach,13
3626.T,2025-05-29,2025-06-02,4625.5,4653.9,3908.2,0.62,ma200_breach,4
3626.T,2025-06-11,2025-06-13,4671.6,4701.0,3987.7,0.63,ma200_breach,2
3626.T,2025-06-18,2025-09-29,4790.3,4780.7,4790.3,-0.2,stop_breakeven,103
3626.T,2025-10-30,2026-01-26,5173.3,4649.2,4658.1,-10.13,stop_base,88
3635.T,2025-01-28,2025-02-03,1858.5,1820.7,1622.7,-2.04,ma200_breach,6
3635.T,2025-02-05,2025-02-25,1905.7,1902.4,1622.7,-0.17,ma200_breach,20
3636.T,2025-08-18,2025-10-02,4806.7,4796.6,4806.7,-0.21,stop_breakeven,45
3649.T,2024-01-25,2024-04-04,997.1,993.3,997.1,-0.38,stop_breakeven,70
3656.T,2026-03-05,2026-03-23,362.0,346.0,362.0,-4.42,stop_breakeven,18
3659.T,2025-11-12,2026-02-02,3678.1,3612.0,3678.1,-1.8,stop_breakeven,82
3660.T,2025-07-09,2025-09-05,574.0,573.0,574.0,-0.17,stop_breakeven,58
3661.T,2024-11-15,2024-11-18,727.6,751.4,595.0,3.27,ma200_breach,3
3661.T,2024-12-27,2025-01-14,805.4,756.8,727.6,-6.03,ma200_breach,18
3661.T,2025-02-17,2025-02-25,825.3,722.8,716.0,-12.42,ma200_breach,8
3661.T,2025-08-01,2025-09-22,1063.4,1053.1,1063.4,-0.97,stop_breakeven,52
3662.T,2025-06-09,2025-06-13,1179.7,1150.5,983.4,-2.47,ma200_breach,4
3662.T,2025-07-04,2025-07-30,1229.2,1214.9,1229.2,-1.17,stop_breakeven,26
3663.T,2024-06-24,2024-07-25,834.1,816.5,834.1,-2.12,stop_breakeven,31
3663.T,2024-11-08,2024-11-18,1313.3,1318.2,1149.7,0.37,ma200_breach,10
3663.T,2024-12-05,2025-01-14,1416.0,1230.3,1170.0,-13.12,ma200_breach,40
3663.T,2025-01-29,2025-02-03,1422.8,1326.0,1200.0,-6.8,ma200_breach,5
3663.T,2025-06-24,2025-10-28,1517.6,1695.8,1517.6,11.74,time,126
3665.T,2025-12-16,2026-02-02,401.9,395.0,401.9,-1.71,stop_breakeven,48
3673.T,2024-01-25,2024-02-21,599.3,545.9,545.9,-8.91,stop_base,27
3673.T,2024-04-24,2024-05-21,582.4,471.7,505.3,-19.02,stop_base,27
3673.T,2025-06-12,2025-06-13,722.1,712.1,663.5,-1.37,ma200_breach,1
3673.T,2025-06-24,2025-08-13,724.0,720.6,724.0,-0.48,stop_breakeven,50
3673.T,2025-11-21,2026-01-28,750.4,678.0,689.7,-9.65,stop_base,68
3676.T,2025-09-29,2025-10-02,1006.1,914.4,926.5,-9.11,stop_base,3
3678.T,2025-06-11,2025-06-13,1789.0,1710.0,1603.6,-4.42,ma200_breach,2
3678.T,2025-08-13,2025-11-04,1742.2,1741.2,1742.2,-0.06,stop_breakeven,83
3687.T,2024-07-03,2024-07-25,1952.8,1705.0,1718.8,-12.69,stop_base,22
3687.T,2025-10-07,2025-11-17,2213.0,1681.0,1722.3,-24.04,stop_base,41
3696.T,2024-03-29,2024-06-19,1705.6,1613.9,1705.6,-5.38,stop_breakeven,82
3708.T,2025-08-01,2025-12-05,1288.0,1464.3,1288.0,13.68,time,126
3708.T,2025-12-15,2026-04-20,1522.5,1620.0,1522.5,6.4,time,126
3741.T,2025-12-08,2025-12-11,2785.3,2768.6,2785.3,-0.6,stop_breakeven,3
3741.T,2025-12-15,2026-03-31,2936.4,2881.0,2936.4,-1.88,stop_breakeven,106
3762.T,2024-08-01,2024-08-02,2082.4,1964.4,1843.5,-5.67,ma200_breach,1
3762.T,2024-08-20,2024-09-04,2111.2,2237.8,2111.2,6.0,ma200_breach,15
3762.T,2024-09-27,2024-10-23,2342.4,2143.8,1968.2,-8.48,ma200_breach,26
3762.T,2024-11-07,2024-11-18,2358.8,2388.7,2358.8,1.27,ma200_breach,11
3762.T,2025-01-29,2025-02-03,2396.4,2318.3,2081.2,-3.26,ma200_breach,5
3763.T,2024-09-24,2024-10-09,728.0,719.1,728.0,-1.23,stop_breakeven,15
3763.T,2024-12-09,2025-01-14,741.1,746.3,681.5,0.7,ma200_breach,36
3763.T,2025-01-28,2025-02-03,766.9,716.7,719.1,-6.55,ma200_breach,6
3763.T,2025-06-25,2025-10-29,1334.4,1452.1,1334.4,8.83,time,126
3763.T,2025-11-17,2025-12-01,1599.1,1533.9,1599.1,-4.08,stop_breakeven,14
3765.T,2024-08-22,2024-09-04,2827.3,2858.1,2442.3,1.09,ma200_breach,13
3765.T,2024-09-24,2024-10-23,2918.7,3118.5,2918.7,6.85,ma200_breach,29
3765.T,2024-10-29,2024-11-01,3233.1,3176.3,2826.8,-1.76,ma200_breach,3
3765.T,2024-12-27,2025-01-14,3208.5,3034.9,2809.3,-5.41,ma200_breach,18
3765.T,2025-02-06,2025-02-17,3278.9,2924.0,3027.2,-10.82,stop_base,11
3771.T,2024-02-01,2024-06-06,1582.4,1431.3,1299.9,-9.55,time,126
3771.T,2024-07-17,2024-07-30,1570.2,1403.5,1413.7,-10.62,stop_base,13
3771.T,2025-06-12,2025-06-13,1807.2,1759.2,1671.8,-2.66,ma200_breach,1
3771.T,2025-06-16,2025-10-20,1808.1,2015.4,1808.1,11.46,time,126
3771.T,2025-10-27,2025-11-04,2125.8,1929.0,1948.2,-9.26,stop_base,8
3771.T,2025-12-23,2026-02-02,1965.5,1836.9,1841.7,-6.54,stop_base,41
3817.T,2024-04-11,2024-08-02,3801.7,3727.8,3801.7,-1.94,ma200_breach,113
3817.T,2024-09-26,2024-10-23,4092.7,3951.5,3792.4,-3.45,ma200_breach,27
3817.T,2024-12-05,2025-01-14,4078.6,3932.7,3904.5,-3.58,ma200_breach,40
3817.T,2025-02-05,2025-02-25,4106.8,4097.4,3815.1,-0.23,ma200_breach,20
3817.T,2025-05-29,2025-06-02,4433.6,4424.0,4053.7,-0.22,ma200_breach,4
3817.T,2025-07-17,2025-11-20,4510.5,4982.6,4510.5,10.47,time,126
3817.T,2025-11-25,2026-02-13,5119.7,4889.6,5119.7,-4.49,stop_breakeven,80
3837.T,2024-11-11,2024-11-18,936.1,994.3,824.1,6.21,ma200_breach,7
3837.T,2025-02-07,2025-02-25,979.5,1027.6,881.8,4.91,ma200_breach,18
3837.T,2025-06-27,2025-10-31,1126.7,1442.6,1126.7,28.04,time,126
3837.T,2025-12-08,2026-03-04,1564.3,1552.5,1564.3,-0.75,stop_breakeven,86
3843.T,2025-05-29,2025-06-02,1511.5,1496.9,1361.9,-0.97,ma200_breach,4
3843.T,2025-06-09,2025-06-13,1527.1,1538.7,1420.1,0.76,ma200_breach,4
3843.T,2025-07-29,2025-12-02,1408.4,1546.5,1408.4,9.81,time,126
3853.T,2025-08-18,2025-12-22,740.7,965.4,740.7,30.34,time,126
3854.T,2024-02-16,2024-03-08,3259.6,3058.0,3259.6,-6.19,stop_breakeven,21
3861.T,2025-05-30,2025-06-02,656.2,658.1,580.5,0.29,ma200_breach,3
3861.T,2025-06-11,2025-06-13,670.6,660.4,616.0,-1.51,ma200_breach,2
3861.T,2025-06-18,2025-10-22,685.0,784.7,685.0,14.57,time,126
3861.T,2025-10-27,2025-11-07,803.4,755.1,758.3,-6.02,stop_base,11
3861.T,2025-11-26,2026-04-01,804.9,853.8,804.9,6.07,time,126
3863.T,2024-01-25,2024-02-13,1340.8,1156.3,1213.6,-13.76,stop_base,19
3863.T,2025-07-11,2025-11-06,1113.7,1056.6,1113.7,-5.13,stop_breakeven,118
3864.T,2024-04-01,2024-08-02,598.4,598.4,598.4,0.0,ma200_breach,123
3865.T,2024-02-13,2024-02-14,1425.1,1256.2,1272.4,-11.86,stop_base,1
3865.T,2024-03-07,2024-04-11,1464.3,1453.6,1464.3,-0.73,stop_breakeven,35
3877.T,2024-01-31,2024-05-02,1780.0,1503.0,1503.8,-15.56,stop_base,92
3877.T,2025-05-29,2025-06-02,1553.6,1591.7,1320.4,2.45,ma200_breach,4
3877.T,2025-07-24,2025-11-27,1623.1,1758.0,1623.1,8.31,time,126
3877.T,2025-11-28,2026-04-03,1993.7,1862.0,1613.9,-6.61,time,126
3901.T,2024-05-22,2024-06-06,3057.6,2760.9,2782.6,-9.71,stop_base,15
3901.T,2024-07-17,2024-08-01,3067.1,2684.3,2746.7,-12.48,stop_base,15
3902.T,2025-09-29,2025-10-15,610.0,447.0,529.0,-26.72,stop_base,16
3903.T,2025-08-21,2025-09-29,683.0,589.0,590.0,-13.76,stop_base,39
3916.T,2024-07-02,2024-08-02,925.8,841.8,776.3,-9.08,ma200_breach,31
3916.T,2024-10-21,2024-10-23,1033.3,954.5,875.2,-7.63,ma200_breach,2
3916.T,2024-12-05,2025-01-14,1070.1,949.1,937.8,-11.31,ma200_breach,40
3916.T,2025-02-17,2025-02-25,1155.5,1200.6,1155.5,3.9,ma200_breach,8
3916.T,2025-07-17,2025-08-12,1222.8,1141.0,1222.8,-6.69,stop_breakeven,26
3916.T,2025-09-22,2026-01-26,1294.8,1327.0,1294.8,2.49,time,126
3921.T,2024-04-10,2024-05-27,1300.9,1282.9,1300.9,-1.38,stop_breakeven,47
3921.T,2024-06-17,2024-08-02,1560.7,1573.5,1560.7,0.82,ma200_breach,46
3921.T,2024-12-09,2024-12-17,1872.7,1685.3,1709.2,-10.01,stop_base,8
3922.T,2025-07-07,2025-11-10,2334.2,2891.9,2334.2,23.89,time,126
3922.T,2026-01-08,2026-01-19,2926.7,2655.3,2694.1,-9.27,stop_base,11
3923.T,2025-07-31,2025-12-04,1159.1,1140.8,1159.1,-1.58,stop_breakeven,126
3932.T,2025-01-30,2025-02-03,2872.5,2843.6,2553.6,-1.01,ma200_breach,4
3932.T,2025-02-05,2025-02-25,2938.0,2848.4,2659.6,-3.05,ma200_breach,20
3939.T,2024-07-17,2024-08-02,587.6,491.3,515.6,-16.39,ma200_breach,16
3941.T,2025-11-25,2026-03-31,1064.2,1257.5,1064.2,18.16,time,126
3946.T,2024-03-05,2024-07-09,2216.1,2486.8,2216.1,12.22,time,126
3946.T,2025-06-18,2025-10-22,2776.6,3306.7,2776.6,19.09,time,126
3946.T,2025-11-26,2026-01-29,3395.0,3365.6,3395.0,-0.87,stop_breakeven,64
3946.T,2026-02-12,2026-03-13,3620.7,3306.7,3311.6,-8.67,stop_base,29
3950.T,2024-01-31,2024-06-05,1062.6,1137.4,1062.6,7.04,time,126
3950.T,2024-07-04,2024-08-02,1243.6,1139.3,1104.7,-8.39,ma200_breach,29
3950.T,2024-09-26,2024-10-23,1232.5,1170.9,1136.1,-5.0,ma200_breach,27
3963.T,2024-02-15,2024-03-27,666.4,560.2,561.2,-15.93,stop_base,41
3963.T,2025-07-28,2025-09-08,604.4,532.9,533.8,-11.84,stop_base,42
3963.T,2025-09-12,2025-11-04,600.6,599.6,600.6,-0.16,stop_breakeven,53
3963.T,2025-11-11,2025-11-20,641.2,560.0,560.9,-12.67,stop_base,9
3964.T,2024-04-08,2024-07-22,594.1,589.1,594.1,-0.85,stop_breakeven,105
3964.T,2024-12-03,2025-01-14,643.5,572.2,548.4,-11.09,ma200_breach,42
3964.T,2025-06-25,2025-10-29,783.7,974.8,783.7,24.38,time,126
3964.T,2025-12-15,2026-04-20,1011.2,1218.0,1011.2,20.46,time,126
3968.T,2024-05-15,2024-08-02,536.1,557.1,536.1,3.92,ma200_breach,79
3968.T,2024-11-14,2024-11-18,590.0,595.9,541.6,0.99,ma200_breach,4
3968.T,2024-12-30,2025-01-14,625.2,627.2,589.1,0.31,ma200_breach,15
3968.T,2025-02-13,2025-02-14,654.6,556.7,594.9,-14.95,stop_base,1
3968.T,2025-11-18,2025-12-10,732.6,731.6,732.6,-0.14,stop_breakeven,22
3983.T,2025-06-25,2025-08-15,2801.8,2797.9,2801.8,-0.14,stop_breakeven,51
3992.T,2024-01-25,2024-05-10,384.4,376.3,384.4,-2.11,stop_breakeven,106
3992.T,2025-07-28,2025-08-06,527.2,512.5,527.2,-2.79,stop_breakeven,9
3992.T,2025-09-09,2025-09-29,572.3,569.0,572.3,-0.58,stop_breakeven,20
3992.T,2025-12-25,2026-02-13,549.0,508.0,549.0,-7.47,stop_breakeven,50
3993.T,2024-01-17,2024-05-22,3660.0,4305.0,3660.0,17.62,time,126
4004.T,2024-01-17,2024-05-22,2945.8,3534.4,2945.8,19.98,time,126
4004.T,2024-07-04,2024-07-25,3545.1,3427.2,3545.1,-3.33,stop_breakeven,21
4004.T,2024-11-13,2024-11-18,3807.3,3626.0,3449.6,-4.76,ma200_breach,5
4004.T,2024-11-25,2024-11-26,3994.4,3890.1,3449.6,-2.61,ma200_breach,1
4004.T,2024-12-04,2025-01-14,4110.3,3911.2,3449.6,-4.84,ma200_breach,41
4004.T,2025-11-17,2025-12-16,6070.8,5965.8,6070.8,-1.73,stop_breakeven,29
4004.T,2025-12-24,2026-04-30,6573.8,14215.0,6573.8,116.24,time,127
4005.T,2026-01-14,2026-03-04,477.9,468.5,477.9,-1.96,stop_breakeven,49
4008.T,2024-01-15,2024-05-20,955.4,961.3,846.7,0.61,time,126
4008.T,2024-06-25,2024-08-02,974.2,908.6,926.2,-6.74,ma200_breach,38
4008.T,2024-09-27,2024-10-23,996.6,931.6,939.1,-6.52,ma200_breach,26
4022.T,2024-04-15,2024-07-25,529.2,516.9,529.2,-2.33,stop_breakeven,101
4022.T,2025-08-05,2025-12-09,837.9,1178.3,837.9,40.62,time,126
4023.T,2025-07-22,2025-11-25,3155.3,3780.3,3155.3,19.81,time,126
4023.T,2025-11-26,2026-04-01,3804.7,4115.0,3804.7,8.16,time,126
4027.T,2024-05-21,2024-08-02,1518.2,1396.3,1518.2,-8.03,ma200_breach,73
4027.T,2024-10-04,2024-10-23,1636.0,1543.2,1505.0,-5.68,ma200_breach,19
4028.T,2024-01-29,2024-06-03,1382.6,1492.1,1382.6,7.92,time,126
4028.T,2024-07-03,2024-07-25,1539.7,1396.0,1399.7,-9.33,stop_base,22
4028.T,2025-05-29,2025-06-02,1756.5,1797.7,1530.6,2.34,ma200_breach,4
4028.T,2025-06-19,2025-10-23,1829.2,2306.4,1829.2,26.09,time,126
4028.T,2025-10-27,2026-03-02,2403.4,3722.8,2403.4,54.9,time,126
4041.T,2024-01-19,2024-04-25,2594.1,2572.1,2594.1,-0.85,stop_breakeven,97
4041.T,2025-05-30,2025-06-02,2845.5,2880.1,2478.3,1.22,ma200_breach,3
4041.T,2025-06-27,2025-10-31,2922.4,3354.2,2922.4,14.78,time,126
4041.T,2025-11-10,2026-03-16,3447.4,3623.9,3447.4,5.12,time,126
4042.T,2024-07-04,2024-08-02,1932.3,1729.5,1767.7,-10.5,ma200_breach,29
4042.T,2025-05-29,2025-06-02,2043.0,2019.6,1840.5,-1.15,ma200_breach,4
4042.T,2025-07-03,2025-11-06,2072.3,2191.7,2072.3,5.76,time,126
4042.T,2026-02-04,2026-03-23,2683.2,2227.9,2267.5,-16.97,stop_base,47
4043.T,2024-01-29,2024-06-03,2311.4,2828.0,2311.4,22.35,time,126
4043.T,2025-07-03,2025-11-06,2979.7,3724.7,2979.7,25.0,time,126
4043.T,2025-11-13,2026-02-02,3825.1,3698.1,3825.1,-3.32,stop_breakeven,81
4044.T,2024-06-24,2024-08-01,3340.1,3312.8,3340.1,-0.82,stop_breakeven,38
4044.T,2024-10-10,2024-10-23,3278.1,3199.0,3062.9,-2.41,ma200_breach,13
4044.T,2024-11-05,2024-11-18,3306.1,3157.1,3140.1,-4.51,ma200_breach,13
4045.T,2024-02-01,2024-03-04,1358.7,1353.6,1358.7,-0.37,stop_breakeven,32
4045.T,2024-04-15,2024-06-13,1522.0,1348.5,1353.6,-11.4,stop_base,59
4045.T,2024-07-03,2024-08-02,1464.7,1416.8,1348.5,-3.27,ma200_breach,30
4045.T,2024-09-26,2024-10-23,1545.0,1486.3,1411.2,-3.8,ma200_breach,27
4046.T,2024-01-25,2024-03-25,1915.5,1900.0,1915.5,-0.81,stop_breakeven,60
4046.T,2026-02-05,2026-03-04,2411.7,2086.1,2133.7,-13.5,stop_base,27
4047.T,2024-11-07,2024-11-11,986.0,887.5,902.3,-9.99,stop_base,4
4061.T,2025-11-21,2026-03-27,2450.4,3544.0,2450.4,44.63,time,126
4062.T,2025-08-05,2025-12-09,3425.3,6457.2,3425.3,88.51,time,126
4063.T,2024-02-02,2024-05-08,5663.3,5526.5,5663.3,-2.42,stop_breakeven,96
4063.T,2024-06-13,2024-08-02,5968.3,5686.9,5968.3,-4.72,ma200_breach,50
4064.T,2024-05-27,2024-07-25,1722.7,1680.3,1722.7,-2.46,stop_breakeven,59
4064.T,2025-07-08,2025-11-11,1845.7,2265.4,1845.7,22.74,time,126
4064.T,2025-11-12,2026-03-18,2294.8,2828.5,2294.8,23.26,time,126
4071.T,2025-12-18,2026-01-30,2452.0,2213.0,2223.0,-9.75,stop_base,43
4072.T,2025-08-18,2025-12-22,3156.0,3511.0,3156.0,11.25,time,126
4078.T,2024-05-14,2024-08-02,2295.0,2359.7,2295.0,2.82,ma200_breach,80
4078.T,2024-10-11,2024-10-23,2518.8,2434.9,2305.9,-3.33,ma200_breach,12
4078.T,2024-10-31,2024-11-01,2561.7,2503.0,2328.7,-2.29,ma200_breach,1
4078.T,2024-11-06,2024-11-18,2625.1,2399.5,2386.5,-8.59,ma200_breach,12
4078.T,2025-07-28,2025-12-01,2699.9,2998.0,2699.9,11.04,time,126
4088.T,2024-02-05,2024-06-10,1864.6,2073.6,1864.6,11.21,time,126
4088.T,2025-07-08,2025-10-10,2122.8,2040.7,2122.8,-3.87,stop_breakeven,94
4091.T,2024-02-05,2024-06-10,4009.0,4634.4,4009.0,15.6,time,126
4091.T,2024-06-26,2024-07-24,4681.4,4590.3,4681.4,-1.95,stop_breakeven,28
4091.T,2024-09-26,2024-10-23,5361.4,5117.4,4463.0,-4.55,ma200_breach,27
4092.T,2024-06-14,2024-07-24,2350.3,2341.0,2350.3,-0.39,stop_breakeven,40
4092.T,2024-09-27,2024-10-23,2775.7,2487.7,2383.6,-10.38,ma200_breach,26
4092.T,2026-01-07,2026-03-19,2969.0,2928.9,2969.0,-1.35,stop_breakeven,71
4095.T,2024-02-05,2024-04-17,1106.4,1091.8,1106.4,-1.33,stop_breakeven,72
4095.T,2024-06-07,2024-07-24,1165.1,1159.6,1165.1,-0.48,stop_breakeven,47
4095.T,2024-12-23,2025-01-14,1248.2,1179.1,1172.4,-5.54,ma200_breach,22
4095.T,2025-08-21,2025-12-25,1375.3,1408.8,1256.5,2.44,time,126
4097.T,2024-02-13,2024-06-18,836.0,888.5,836.0,6.28,time,126
4097.T,2024-06-25,2024-08-02,922.5,807.4,839.5,-12.47,ma200_breach,38
4097.T,2025-06-10,2025-06-13,1017.0,998.7,891.7,-1.8,ma200_breach,3
4097.T,2025-06-19,2025-08-14,1031.5,1023.8,1031.5,-0.75,stop_breakeven,56
4099.T,2024-01-22,2024-01-30,1814.8,1753.7,1814.8,-3.36,stop_breakeven,8
4099.T,2024-05-10,2024-08-02,1768.1,1889.2,1768.1,6.85,ma200_breach,84
4099.T,2024-09-20,2024-10-23,1999.2,1850.6,1744.4,-7.43,ma200_breach,33
4099.T,2024-11-06,2024-11-18,2093.7,1985.7,1824.5,-5.16,ma200_breach,12
4099.T,2025-09-26,2025-10-14,2279.6,2208.3,2279.6,-3.12,stop_breakeven,18
4099.T,2025-10-29,2026-03-04,2743.6,4635.0,2743.6,68.94,time,126
4109.T,2024-02-14,2024-06-19,3445.7,3971.2,3445.7,15.25,time,126
4109.T,2024-06-27,2024-08-02,4031.2,3532.5,3546.4,-12.37,ma200_breach,36
4109.T,2024-09-27,2024-10-23,3978.3,4232.8,3978.3,6.4,ma200_breach,26
4109.T,2024-12-26,2025-01-14,4006.6,4190.4,4006.6,4.59,ma200_breach,19
4112.T,2024-04-11,2024-08-02,1984.4,2070.1,1984.4,4.32,ma200_breach,113
4112.T,2026-03-10,2026-03-23,2374.2,2199.1,2208.0,-7.38,stop_base,13
4114.T,2024-05-29,2024-08-02,1436.3,1385.8,1314.7,-3.52,ma200_breach,65
4114.T,2024-08-20,2024-09-04,1493.1,1511.4,1267.3,1.23,ma200_breach,15
4114.T,2024-09-20,2024-10-23,1561.0,1567.9,1561.0,0.44,ma200_breach,33
4114.T,2024-11-07,2024-11-18,1742.1,1717.2,1536.0,-1.43,ma200_breach,11
4114.T,2024-12-17,2025-01-14,1745.3,1732.4,1560.5,-0.74,ma200_breach,28
4116.T,2024-02-01,2024-06-06,563.2,661.7,563.2,17.48,time,126
4116.T,2024-09-27,2024-10-23,659.9,619.8,611.8,-6.08,ma200_breach,26
4116.T,2025-05-30,2025-06-02,683.5,674.7,604.9,-1.28,ma200_breach,3
4116.T,2025-07-15,2025-11-18,710.8,845.9,710.8,19.02,time,126
4116.T,2025-12-19,2026-04-24,897.3,1061.0,897.3,18.25,time,126
4118.T,2025-07-14,2025-11-17,3914.9,4098.6,3914.9,4.69,time,126
4118.T,2026-02-04,2026-03-04,4821.4,4798.8,4821.4,-0.47,stop_breakeven,28
4151.T,2024-08-23,2024-09-04,3140.8,3141.8,2715.3,0.03,ma200_breach,12
4182.T,2024-01-15,2024-05-20,2235.4,2849.2,2235.4,27.46,time,126
4182.T,2024-06-20,2024-07-25,2896.9,2602.4,2651.5,-10.16,stop_base,35
4183.T,2024-01-15,2024-02-08,2016.7,1828.9,1886.2,-9.31,stop_base,24
4183.T,2024-05-15,2024-08-02,2177.7,1760.2,1917.7,-19.17,ma200_breach,79
4183.T,2025-12-29,2026-03-09,1976.4,1965.6,1976.4,-0.55,stop_breakeven,70
4186.T,2024-01-19,2024-05-24,3277.4,4075.2,3277.4,24.34,time,126
4186.T,2024-06-12,2024-07-25,4326.3,3716.5,3804.8,-14.1,stop_base,43
4186.T,2025-08-06,2025-12-10,4183.2,6067.2,4183.2,45.04,time,126
4187.T,2024-01-19,2024-05-24,2684.0,3321.5,2684.0,23.76,time,126
4187.T,2024-05-27,2024-07-25,3345.4,3251.2,3345.4,-2.82,stop_breakeven,59
4187.T,2025-12-12,2026-01-09,3970.0,3915.0,3970.0,-1.39,stop_breakeven,28
4187.T,2026-02-09,2026-03-04,4295.0,4170.0,4295.0,-2.91,stop_breakeven,23
4188.T,2026-02-04,2026-03-04,1068.5,1004.2,1068.5,-6.03,stop_breakeven,28
4189.T,2025-06-09,2025-06-13,2461.0,2421.6,2242.3,-1.6,ma200_breach,4
4189.T,2025-06-27,2025-10-31,2484.3,2701.6,2484.3,8.75,time,126
4194.T,2025-07-25,2025-09-02,11265.0,11140.0,11265.0,-1.11,stop_breakeven,39
4202.T,2024-01-15,2024-05-20,1326.4,1479.4,1326.4,11.54,time,126
4203.T,2024-01-16,2024-05-21,3650.9,4205.6,3650.9,15.19,time,126
4203.T,2024-06-11,2024-07-25,4496.6,3932.8,3988.1,-12.54,stop_base,44
4203.T,2025-08-25,2025-11-18,4867.7,4734.5,4867.7,-2.74,stop_breakeven,85
4203.T,2025-12-11,2026-03-09,5199.8,5130.7,5199.8,-1.33,stop_breakeven,88
4204.T,2024-12-03,2025-01-14,2338.1,2394.5,2338.1,2.41,ma200_breach,42
4204.T,2025-06-27,2025-10-31,2464.1,2634.8,2464.1,6.93,time,126
4205.T,2025-05-30,2025-06-02,1395.6,1385.5,1283.8,-0.72,ma200_breach,3
4205.T,2025-07-03,2025-11-06,1445.5,1575.9,1445.5,9.02,time,126
4205.T,2025-11-28,2026-03-23,1749.4,1733.2,1749.4,-0.92,stop_breakeven,115
4208.T,2024-04-05,2024-06-12,2511.4,2504.5,2511.4,-0.27,stop_breakeven,68
4212.T,2024-02-07,2024-03-13,2381.9,2254.3,2256.1,-5.36,stop_base,35
4216.T,2024-06-26,2024-08-01,4782.1,4249.7,4278.2,-11.13,stop_base,36
4218.T,2024-12-30,2025-01-14,2036.5,1910.3,1843.8,-6.2,ma200_breach,15
4220.T,2024-01-23,2024-05-28,788.4,948.3,788.4,20.28,time,126
4220.T,2024-06-26,2024-07-25,968.7,899.9,906.4,-7.1,stop_base,29
4220.T,2024-10-11,2024-10-23,1040.9,1005.1,896.2,-3.44,ma200_breach,12
4220.T,2024-11-12,2024-11-18,1049.3,1022.0,967.4,-2.6,ma200_breach,6
4220.T,2025-08-08,2025-12-12,1143.5,1475.4,1143.5,29.02,time,126
4220.T,2025-12-15,2026-04-20,1494.0,1711.0,1494.0,14.53,time,126
4221.T,2024-01-25,2024-05-30,2372.3,2692.4,2372.3,13.49,time,126
4221.T,2024-07-03,2024-08-02,2763.8,2470.9,2523.3,-10.6,ma200_breach,30
4221.T,2025-05-29,2025-06-02,4059.1,4111.9,3584.7,1.3,ma200_breach,4
4221.T,2025-06-10,2025-06-13,4121.4,4140.6,3757.2,0.47,ma200_breach,3
4221.T,2025-06-27,2025-10-31,4208.7,4870.1,4208.7,15.72,time,126
4221.T,2026-01-16,2026-03-04,4905.0,4795.0,4905.0,-2.24,stop_breakeven,47
4228.T,2024-01-29,2024-02-02,477.0,432.8,439.4,-9.27,stop_base,4
4229.T,2024-01-23,2024-05-15,3072.8,2947.7,3072.8,-4.07,stop_breakeven,113
4229.T,2025-08-22,2025-12-26,3104.1,3922.6,3104.1,26.37,time,126
4246.T,2025-07-23,2025-11-26,683.8,739.3,683.8,8.12,time,126
4246.T,2025-11-28,2026-04-03,748.1,884.0,748.1,18.16,time,126
4249.T,2024-02-07,2024-03-04,2567.3,2391.8,2403.5,-6.83,stop_base,26
4249.T,2024-05-09,2024-08-02,2494.4,2201.7,2349.4,-11.74,ma200_breach,85
4249.T,2025-09-26,2025-10-29,2584.6,2309.7,2324.6,-10.64,stop_base,33
4251.T,2024-07-11,2024-08-01,1677.4,1365.1,1393.1,-18.62,stop_base,21
4251.T,2025-12-19,2026-03-09,1225.3,1219.0,1225.3,-0.52,stop_breakeven,80
4272.T,2025-09-01,2026-01-05,1385.4,1651.7,1385.4,19.22,time,126
4275.T,2024-02-02,2024-06-07,931.2,1151.8,931.2,23.69,time,126
4275.T,2024-06-10,2024-08-02,1231.0,1197.6,1231.0,-2.71,ma200_breach,53
4275.T,2024-09-26,2024-10-23,1153.7,1193.8,1153.7,3.47,ma200_breach,27
4275.T,2025-10-23,2025-11-19,1539.8,1529.9,1539.8,-0.64,stop_breakeven,27
4275.T,2025-12-08,2026-04-13,1716.2,2749.0,1716.2,60.17,time,126
4290.T,2024-08-21,2024-09-04,675.6,684.9,675.6,1.38,ma200_breach,14
4301.T,2025-07-31,2025-12-04,1601.4,1780.4,1601.4,11.17,time,126
4307.T,2024-01-15,2024-04-16,4310.1,3820.9,3849.4,-11.35,stop_base,92
4307.T,2024-07-29,2024-08-02,4571.5,4423.7,4103.8,-3.23,ma200_breach,4
4307.T,2024-08-16,2024-09-04,4603.6,4845.6,4603.6,5.26,ma200_breach,19
4307.T,2024-09-24,2024-10-23,5154.8,4771.0,4414.9,-7.44,ma200_breach,29
4307.T,2025-07-30,2025-12-03,5876.5,6205.2,5876.5,5.59,time,126
4310.T,2024-01-30,2024-03-26,2706.6,2237.1,2250.8,-17.35,stop_base,56
4310.T,2025-01-24,2025-02-03,3136.7,3163.2,2827.0,0.85,ma200_breach,10
4310.T,2025-02-04,2025-02-25,3220.7,3446.3,3220.7,7.01,ma200_breach,21
4318.T,2024-01-31,2024-03-18,782.9,694.7,697.9,-11.27,stop_base,47
4318.T,2024-04-15,2024-05-02,729.7,677.7,688.0,-7.13,stop_base,17
4318.T,2025-06-24,2025-10-28,735.1,791.1,735.1,7.61,time,126
4318.T,2025-11-28,2026-02-02,827.5,824.6,827.5,-0.35,stop_breakeven,66
4318.T,2026-03-02,2026-05-01,935.9,766.0,815.8,-18.15,stop_base,60
4323.T,2024-02-26,2024-04-02,1702.2,1693.4,1702.2,-0.51,stop_breakeven,36
4323.T,2024-05-14,2024-05-24,1775.5,1531.3,1566.1,-13.75,stop_base,10
4323.T,2024-07-05,2024-07-26,1639.4,1585.4,1639.4,-3.3,stop_breakeven,21
4323.T,2025-12-15,2026-01-09,2414.8,2390.2,2414.8,-1.02,stop_breakeven,25
4326.T,2025-07-07,2025-08-29,1774.4,1753.6,1774.4,-1.17,stop_breakeven,53
4343.T,2025-02-06,2025-02-25,3093.1,2894.2,2537.2,-6.43,ma200_breach,19
4344.T,2024-10-31,2024-11-01,223.0,222.0,191.0,-0.45,ma200_breach,1
4344.T,2024-11-05,2024-11-14,228.0,198.0,228.0,-13.16,stop_breakeven,9
4345.T,2024-06-19,2024-08-02,785.8,737.8,693.5,-6.11,ma200_breach,44
4345.T,2024-08-22,2024-09-04,795.2,777.3,698.3,-2.25,ma200_breach,13
4345.T,2024-09-26,2024-10-23,826.2,862.0,826.2,4.33,ma200_breach,27
4345.T,2024-12-09,2025-01-06,905.0,835.3,845.8,-7.7,stop_base,28
4362.T,2024-01-25,2024-02-14,2863.2,2444.1,2475.3,-14.64,stop_base,20
4362.T,2026-01-21,2026-01-29,2921.0,2533.9,2751.5,-13.25,stop_base,8
4368.T,2025-07-31,2025-12-04,1419.7,2179.7,1419.7,53.53,time,126
4369.T,2024-01-22,2024-05-27,3861.0,4367.4,3861.0,13.12,time,126
4373.T,2025-07-07,2025-10-17,971.8,960.8,971.8,-1.13,stop_breakeven,102
4373.T,2025-11-11,2026-01-21,1079.3,923.1,942.4,-14.47,stop_base,71
4385.T,2025-09-01,2025-10-14,2535.0,2084.5,2134.0,-17.77,stop_base,43
4390.T,2025-01-27,2025-02-03,2514.2,2463.3,2312.5,-2.02,ma200_breach,7
4390.T,2025-11-14,2025-11-18,3377.9,3338.1,3377.9,-1.18,stop_breakeven,4
4396.T,2025-06-18,2025-07-15,1256.0,1254.8,1256.0,-0.1,stop_breakeven,27
4396.T,2025-08-01,2025-08-15,1367.5,1343.8,1367.5,-1.74,stop_breakeven,14
4396.T,2025-09-16,2025-10-29,1501.1,1457.5,1501.1,-2.9,stop_breakeven,43
4396.T,2025-12-26,2025-12-30,1461.5,1446.0,1461.5,-1.06,stop_breakeven,4
4396.T,2026-01-08,2026-02-02,1589.0,1340.0,1367.0,-15.67,stop_base,25
4401.T,2024-01-25,2024-05-30,2712.4,3036.2,2712.4,11.94,time,126
4401.T,2025-08-21,2025-10-14,3246.8,3244.2,3246.8,-0.08,stop_breakeven,54
4401.T,2025-10-23,2026-02-26,3436.6,4617.3,3436.6,34.36,time,126
4403.T,2025-11-21,2026-01-28,2949.8,2909.2,2949.8,-1.37,stop_breakeven,68
4403.T,2026-02-10,2026-02-16,3151.6,2869.2,2909.2,-8.96,stop_base,6
4413.T,2024-06-24,2024-07-11,1752.6,1742.6,1752.6,-0.57,stop_breakeven,17
4413.T,2025-02-05,2025-02-25,2494.5,2459.6,2494.5,-1.4,ma200_breach,20
4413.T,2025-08-07,2025-10-01,3375.7,2614.0,2711.5,-22.57,stop_base,55
4432.T,2024-02-19,2024-04-16,2788.9,2419.7,2424.4,-13.24,stop_base,57
4432.T,2024-12-18,2025-01-09,3385.0,3375.5,3385.0,-0.28,stop_breakeven,22
4432.T,2025-06-11,2025-06-13,3865.7,3860.9,3508.6,-0.12,ma200_breach,2
4432.T,2025-06-19,2025-07-11,4015.4,3465.2,3508.6,-13.7,stop_base,22
4433.T,2025-06-26,2025-10-30,935.2,987.0,935.2,5.54,time,126
4443.T,2024-07-12,2024-08-02,2130.0,1953.0,2130.0,-8.31,ma200_breach,21
4443.T,2024-10-18,2024-10-23,2347.0,2265.0,2002.0,-3.49,ma200_breach,5
4443.T,2024-12-12,2025-01-14,2366.0,2450.0,1968.0,3.55,ma200_breach,33
4443.T,2025-01-29,2025-02-03,2524.0,2420.0,2123.0,-4.12,ma200_breach,5
4452.T,2024-06-03,2024-08-02,6669.9,6210.9,5860.1,-6.88,ma200_breach,60
4452.T,2024-09-27,2024-10-23,7015.3,6531.1,6087.4,-6.9,ma200_breach,26
4461.T,2024-05-15,2024-06-11,3533.9,3510.3,3533.9,-0.67,stop_breakeven,27
4461.T,2024-06-28,2024-07-22,3794.1,3297.4,3415.7,-13.09,stop_base,24
4461.T,2025-10-03,2026-02-06,6307.1,10824.9,6307.1,71.63,time,126
4462.T,2024-01-18,2024-01-30,1947.3,1931.1,1947.3,-0.83,stop_breakeven,12
4462.T,2024-11-14,2024-11-18,2433.2,2364.2,2195.1,-2.84,ma200_breach,4
4462.T,2024-11-25,2024-11-26,2546.9,2443.9,2195.1,-4.04,ma200_breach,1
4471.T,2025-12-22,2026-03-23,4937.1,4878.1,4937.1,-1.2,stop_breakeven,91
4481.T,2025-06-25,2025-10-02,3404.1,3352.7,3404.1,-1.51,stop_breakeven,99
4502.T,2026-02-02,2026-04-27,5250.5,5218.0,5250.5,-0.62,stop_breakeven,84
4503.T,2026-01-05,2026-01-29,2098.2,2095.7,2098.2,-0.12,stop_breakeven,24
4503.T,2026-02-05,2026-03-03,2384.8,2363.6,2384.8,-0.89,stop_breakeven,26
4503.T,2026-03-27,2026-04-30,2570.5,2232.0,2296.7,-13.17,stop_base,34
4506.T,2025-01-31,2025-02-03,610.0,710.0,533.0,16.39,ma200_breach,3
4506.T,2025-11-04,2025-11-10,2084.5,1991.0,2084.5,-4.49,stop_breakeven,6
4507.T,2025-06-09,2025-06-13,2429.4,2428.4,2137.8,-0.04,ma200_breach,4
4507.T,2025-06-23,2025-10-02,2464.5,2463.1,2464.5,-0.06,stop_breakeven,101
4507.T,2025-11-26,2026-04-01,2730.2,3627.0,2730.2,32.85,time,126
4519.T,2024-01-16,2024-03-22,5629.9,5596.6,5629.9,-0.59,stop_breakeven,66
4519.T,2024-08-16,2024-09-04,6574.6,6654.1,6574.6,1.21,ma200_breach,19
4519.T,2024-10-15,2024-10-23,7146.8,6603.3,6210.4,-7.6,ma200_breach,8
4519.T,2024-10-28,2024-11-01,7528.2,6912.9,6210.4,-8.17,ma200_breach,4
4519.T,2024-12-27,2025-01-14,6865.7,6571.0,6009.1,-4.29,ma200_breach,18
4519.T,2025-02-13,2025-02-25,7010.7,7601.1,7010.7,8.42,ma200_breach,12
4519.T,2026-02-20,2026-03-03,9930.0,9872.0,9930.0,-0.58,stop_breakeven,11
4521.T,2024-10-29,2024-11-01,3680.8,3644.2,3554.2,-0.99,ma200_breach,3
4521.T,2024-11-11,2024-11-18,3791.5,4278.3,3791.5,12.84,ma200_breach,7
4521.T,2025-01-06,2025-01-14,4293.3,3993.2,3913.4,-6.99,ma200_breach,8
4526.T,2024-04-03,2024-05-08,2438.3,2394.7,2438.3,-1.79,stop_breakeven,35
4526.T,2024-06-21,2024-08-01,2510.7,2507.9,2510.7,-0.11,stop_breakeven,41
4526.T,2024-10-02,2024-10-23,2495.8,2460.0,2330.7,-1.44,ma200_breach,21
4526.T,2025-08-22,2025-12-26,2836.8,2925.9,2615.3,3.14,time,126
4526.T,2026-02-02,2026-03-13,3105.5,2826.8,2831.7,-8.97,stop_base,39
4536.T,2024-01-16,2024-02-29,1408.5,1405.2,1408.5,-0.23,stop_breakeven,44
4536.T,2024-04-30,2024-08-02,1457.6,1628.7,1457.6,11.74,ma200_breach,94
4536.T,2024-08-16,2024-09-04,1758.7,1731.0,1478.1,-1.58,ma200_breach,19
4538.T,2024-06-19,2024-08-02,2183.9,1961.8,2050.1,-10.17,ma200_breach,44
4538.T,2024-10-29,2024-11-01,2320.6,2412.3,2017.5,3.95,ma200_breach,3
4538.T,2024-11-05,2024-11-18,2552.2,2513.5,2047.3,-1.52,ma200_breach,13
4540.T,2024-05-10,2024-08-02,4100.0,3413.8,3446.5,-16.73,ma200_breach,84
4540.T,2024-09-24,2024-10-23,3959.0,4640.2,3959.0,17.21,ma200_breach,29
4543.T,2024-01-22,2024-05-27,2475.4,2639.1,2475.4,6.61,time,126
4543.T,2024-07-17,2024-08-02,2763.3,2409.4,2491.0,-12.81,ma200_breach,16
4543.T,2024-10-30,2024-11-01,2934.8,2835.6,2530.1,-3.38,ma200_breach,2
4544.T,2025-05-13,2025-05-15,2805.8,2887.2,2384.7,2.9,ma200_breach,2
4544.T,2025-05-29,2025-06-02,2963.8,2937.8,2505.1,-0.88,ma200_breach,4
4544.T,2025-06-10,2025-06-13,3002.3,3001.4,2615.5,-0.03,ma200_breach,3
4544.T,2025-06-17,2025-10-21,3036.0,3849.8,3036.0,26.8,time,126
4544.T,2025-10-22,2025-12-11,3888.0,3236.8,3263.4,-16.75,stop_base,50
4547.T,2024-03-12,2024-05-29,3439.6,2854.3,2867.9,-17.02,stop_base,78
4547.T,2024-12-25,2025-01-14,3809.2,3899.7,3280.7,2.38,ma200_breach,20
4547.T,2025-05-30,2025-06-02,4143.3,4080.5,3457.6,-1.52,ma200_breach,3
4547.T,2025-07-17,2025-10-14,4109.5,4018.9,4109.5,-2.21,stop_breakeven,89
4547.T,2025-11-21,2026-01-28,4454.5,4434.9,4454.5,-0.44,stop_breakeven,68
4549.T,2024-04-25,2024-06-04,1938.5,1914.6,1938.5,-1.23,stop_breakeven,40
4549.T,2024-06-24,2024-08-01,2093.6,2063.0,2093.6,-1.46,stop_breakeven,38
4549.T,2024-09-26,2024-10-23,2316.6,2425.0,2316.6,4.68,ma200_breach,27
4549.T,2025-09-04,2026-01-08,2432.7,2500.2,2106.7,2.77,time,126
4553.T,2024-02-02,2024-06-07,2488.8,2681.9,2488.8,7.76,time,126
4553.T,2024-07-11,2024-08-02,2943.3,2643.7,2681.9,-10.18,ma200_breach,22
4553.T,2024-12-24,2025-01-14,3101.9,3159.7,2644.3,1.86,ma200_breach,21
4553.T,2025-08-05,2025-08-29,3293.5,2834.1,2850.8,-13.95,stop_base,24
4553.T,2026-02-18,2026-03-04,4150.2,3952.1,4150.2,-4.77,stop_breakeven,14
4554.T,2025-10-27,2026-03-02,1656.8,2339.5,1656.8,41.21,time,126
4559.T,2024-12-06,2025-01-14,2319.2,2153.7,2145.0,-7.14,ma200_breach,39
4568.T,2024-07-08,2024-08-01,5605.1,5576.3,5605.1,-0.51,stop_breakeven,24
4574.T,2024-07-04,2024-08-02,418.3,401.4,418.3,-4.02,ma200_breach,29
4577.T,2025-11-28,2026-04-03,1312.0,1434.0,1312.0,9.3,time,126
4578.T,2024-01-23,2024-05-28,5716.6,5949.6,5716.6,4.08,time,126
4578.T,2024-06-26,2024-08-02,6528.9,7172.0,6528.9,9.85,ma200_breach,37
4578.T,2024-08-16,2024-09-04,8036.5,8179.9,8036.5,1.78,ma200_breach,19
4578.T,2024-10-09,2024-10-23,8499.0,8883.5,7677.4,4.52,ma200_breach,14
4578.T,2024-10-31,2024-11-01,9047.4,8984.0,7677.4,-0.7,ma200_breach,1
4578.T,2024-11-05,2024-11-18,9184.0,8545.9,7730.1,-6.95,ma200_breach,13
4578.T,2026-03-11,2026-04-10,10880.0,10650.0,10880.0,-2.11,stop_breakeven,30
4587.T,2024-10-15,2024-10-23,2913.0,2818.5,2400.0,-3.24,ma200_breach,8
4611.T,2024-01-29,2024-02-08,999.1,977.7,999.1,-2.14,stop_breakeven,10
4611.T,2024-03-28,2024-05-10,1075.0,1020.0,1075.0,-5.12,stop_breakeven,43
4611.T,2024-06-14,2024-08-02,1176.0,1010.8,1020.0,-14.05,ma200_breach,49
4611.T,2025-07-24,2025-11-07,1190.4,1177.0,1190.4,-1.12,stop_breakeven,106
4612.T,2025-06-09,2025-06-13,1125.0,1087.0,1024.0,-3.37,ma200_breach,4
4612.T,2025-06-26,2025-08-14,1135.8,1108.0,1135.8,-2.45,stop_breakeven,49
4613.T,2024-01-15,2024-02-22,2425.6,2086.8,2087.7,-13.97,stop_base,38
4617.T,2024-01-29,2024-06-03,1699.5,1829.2,1699.5,7.63,time,126
4617.T,2024-07-03,2024-08-01,1971.9,1778.3,1810.7,-9.82,stop_base,29
4617.T,2024-10-31,2024-11-01,2090.6,2257.8,1794.9,8.0,ma200_breach,1
4617.T,2025-02-04,2025-02-21,2285.2,1987.6,2051.8,-13.02,stop_base,17
4617.T,2025-09-08,2026-01-13,3455.8,4479.0,3455.8,29.61,time,127
4626.T,2024-01-25,2024-04-16,1480.6,1480.3,1480.6,-0.02,stop_breakeven,82
4626.T,2024-06-03,2024-08-02,1520.3,1546.1,1520.3,1.7,ma200_breach,60
4626.T,2024-08-27,2024-09-04,1710.6,1720.0,1414.5,0.55,ma200_breach,8
4626.T,2024-09-26,2024-10-23,1764.6,1843.0,1764.6,4.44,ma200_breach,27
4626.T,2024-10-31,2024-11-01,1933.3,1885.8,1687.1,-2.46,ma200_breach,1
4626.T,2024-11-08,2024-11-18,1959.4,1957.0,1738.8,-0.12,ma200_breach,10
4626.T,2024-11-25,2024-11-26,2016.4,2025.9,1828.8,0.47,ma200_breach,1
4626.T,2024-12-03,2025-01-14,2047.3,1992.6,1828.8,-2.67,ma200_breach,42
4626.T,2025-01-21,2025-02-03,2049.6,1935.6,1871.5,-5.56,ma200_breach,13
4626.T,2025-08-08,2025-12-12,3512.0,5001.0,3512.0,42.4,time,126
4626.T,2026-01-27,2026-03-03,5171.0,5132.0,5171.0,-0.75,stop_breakeven,35
4631.T,2024-05-24,2024-08-02,3014.9,2678.3,2616.5,-11.16,ma200_breach,70
4631.T,2024-09-26,2024-10-23,2985.4,3036.6,2985.4,1.71,ma200_breach,27
4631.T,2024-12-04,2025-01-14,3162.2,3315.1,3162.2,4.84,ma200_breach,41
4633.T,2024-01-16,2024-05-21,1288.4,1567.7,1288.4,21.68,time,126
4633.T,2024-05-24,2024-07-25,1614.6,1598.0,1614.6,-1.02,stop_breakeven,62
4633.T,2024-09-27,2024-10-23,1575.7,1432.2,1435.9,-9.11,ma200_breach,26
4633.T,2025-05-29,2025-06-02,1828.1,1845.3,1624.2,0.94,ma200_breach,4
4633.T,2025-06-10,2025-06-13,1893.1,1833.8,1722.8,-3.13,ma200_breach,3
4633.T,2025-06-27,2025-10-31,1914.9,2232.2,1914.9,16.57,time,126
4633.T,2025-12-22,2026-03-16,2337.0,2327.0,2337.0,-0.43,stop_breakeven,84
4634.T,2024-01-19,2024-05-24,2564.3,3221.8,2564.3,25.64,time,126
4634.T,2024-06-12,2024-08-02,3245.3,2807.1,2694.8,-13.5,ma200_breach,51
4634.T,2024-09-26,2024-10-23,3820.0,3409.9,3195.3,-10.74,ma200_breach,27
4641.T,2024-01-22,2024-03-11,2558.2,2546.2,2558.2,-0.47,stop_breakeven,49
4641.T,2025-08-13,2025-10-10,2992.6,2590.6,2601.4,-13.43,stop_base,58
4658.T,2024-02-01,2024-06-06,831.7,912.3,831.7,9.69,time,126
4658.T,2024-06-10,2024-07-22,938.1,929.8,938.1,-0.89,stop_breakeven,42
4658.T,2024-09-27,2024-10-23,1019.1,956.0,882.7,-6.19,ma200_breach,26
4658.T,2024-12-27,2025-01-14,986.1,956.0,940.0,-3.05,ma200_breach,18
4658.T,2025-01-24,2025-02-03,1004.0,955.1,941.0,-4.87,ma200_breach,10
4658.T,2025-05-29,2025-06-02,1050.9,1046.1,927.5,-0.46,ma200_breach,4
4658.T,2025-07-24,2025-11-27,1087.5,1232.3,1087.5,13.32,time,126
4658.T,2025-12-22,2026-04-27,1250.0,1512.0,1250.0,20.96,time,126
4661.T,2024-01-16,2024-03-11,5623.8,4866.9,4935.2,-13.46,stop_base,55
4662.T,2024-06-24,2024-07-25,1134.9,1128.4,1134.9,-0.57,stop_breakeven,31
4662.T,2025-06-27,2025-10-31,1434.4,1568.0,1434.4,9.31,time,126
4662.T,2025-11-17,2026-02-13,1691.0,1683.2,1691.0,-0.46,stop_breakeven,88
4665.T,2024-07-18,2024-08-02,3643.2,3604.4,3456.2,-1.06,ma200_breach,15
4665.T,2024-10-01,2024-10-23,3768.4,3885.1,3768.4,3.1,ma200_breach,22
4668.T,2024-06-25,2024-08-01,706.4,657.0,661.7,-6.98,stop_base,37
4668.T,2025-08-14,2025-10-01,741.5,696.2,709.7,-6.11,stop_base,48
4674.T,2024-06-24,2024-08-02,1190.4,1094.9,1190.4,-8.03,ma200_breach,39
4674.T,2024-09-26,2024-10-23,1302.8,1179.9,1103.2,-9.43,ma200_breach,27
4674.T,2025-08-19,2025-11-06,1685.2,1500.8,1510.8,-10.95,stop_base,79
4676.T,2024-01-22,2024-03-06,1648.8,1640.9,1648.8,-0.48,stop_breakeven,44
4676.T,2024-03-29,2024-05-22,1855.0,1628.1,1640.9,-12.23,stop_base,54
4676.T,2024-06-24,2024-08-02,1743.5,1625.3,1556.3,-6.78,ma200_breach,39
4676.T,2025-06-30,2025-08-08,3226.3,3209.8,3226.3,-0.51,stop_breakeven,39
4676.T,2025-09-10,2025-10-15,3583.0,3112.5,3127.5,-13.13,stop_base,35
4676.T,2025-11-10,2026-02-06,3478.5,3382.9,3478.5,-2.75,stop_breakeven,88
4676.T,2026-03-23,2026-04-17,3814.3,3773.0,3814.3,-1.08,stop_breakeven,25
4680.T,2024-03-06,2024-04-08,701.7,697.1,701.7,-0.66,stop_breakeven,33
4680.T,2024-06-04,2024-08-02,741.7,771.6,741.7,4.04,ma200_breach,59
4680.T,2024-12-03,2025-01-14,1079.6,1236.9,1079.6,14.57,ma200_breach,42
4680.T,2025-01-29,2025-02-03,1328.1,1286.9,1134.8,-3.1,ma200_breach,5
4680.T,2025-02-05,2025-02-25,1338.9,1130.9,1134.8,-15.53,ma200_breach,20
4680.T,2025-07-31,2025-08-29,1538.6,1494.2,1538.6,-2.89,stop_breakeven,29
4681.T,2024-09-26,2024-10-23,1419.0,1336.7,1180.2,-5.8,ma200_breach,27
4681.T,2024-11-15,2024-11-18,1420.0,1396.2,1334.3,-1.68,ma200_breach,3
4681.T,2024-12-03,2025-01-14,1485.0,1451.5,1334.3,-2.26,ma200_breach,42
4681.T,2025-01-28,2025-02-03,1553.5,1569.0,1451.5,1.0,ma200_breach,6
4681.T,2025-02-06,2025-02-25,1587.5,1478.2,1451.5,-6.88,ma200_breach,19
4681.T,2025-06-09,2025-06-13,1620.2,1614.3,1422.8,-0.36,ma200_breach,4
4681.T,2025-06-23,2025-10-27,1642.3,1848.3,1642.3,12.54,time,126
4681.T,2025-11-21,2026-02-03,1944.9,1747.7,1759.6,-10.14,stop_base,74
4686.T,2025-02-19,2025-02-25,3546.7,3774.5,3546.7,6.42,ma200_breach,6
4686.T,2025-07-17,2025-11-20,3722.7,4967.9,3722.7,33.45,time,126
4686.T,2026-01-14,2026-01-26,5251.9,4913.0,4947.9,-6.45,stop_base,12
4687.T,2024-01-16,2024-02-20,1022.5,980.3,1022.5,-4.12,stop_breakeven,35
4687.T,2024-03-12,2024-06-13,1111.0,951.8,959.5,-14.33,stop_base,93
4687.T,2024-06-24,2024-08-02,1090.9,1082.3,1090.9,-0.78,ma200_breach,39
4687.T,2024-09-26,2024-10-23,1214.8,1113.6,1077.6,-8.33,ma200_breach,27
4687.T,2024-11-13,2024-11-18,1214.8,1162.8,1080.4,-4.28,ma200_breach,5
4687.T,2024-11-25,2024-11-26,1236.6,1232.8,1080.4,-0.31,ma200_breach,1
4687.T,2024-12-03,2025-01-14,1281.0,1391.7,1281.0,8.64,ma200_breach,42
4687.T,2025-08-08,2025-12-12,1381.7,1318.9,1183.8,-4.54,time,126
4689.T,2025-06-18,2025-08-05,537.3,476.4,503.0,-11.34,stop_base,48
4694.T,2025-07-14,2025-11-17,3278.0,3602.3,3278.0,9.89,time,126
4694.T,2025-11-21,2026-03-27,3740.3,4100.0,3740.3,9.62,time,126
4704.T,2024-01-31,2024-05-31,8093.7,6736.5,6740.5,-16.77,stop_base,121
4704.T,2025-01-28,2025-02-03,8757.8,8930.0,7928.1,1.97,ma200_breach,6
4704.T,2025-02-12,2025-02-25,9102.1,10820.8,9102.1,18.88,ma200_breach,13
4704.T,2025-05-13,2025-05-15,10407.4,10261.5,8851.2,-1.4,ma200_breach,2
4709.T,2024-01-15,2024-03-13,800.2,683.9,690.7,-14.54,stop_base,58
4709.T,2025-02-06,2025-02-25,860.0,860.0,721.4,0.0,ma200_breach,19
4709.T,2025-05-30,2025-06-02,1067.5,1052.1,914.0,-1.44,ma200_breach,3
4709.T,2025-06-09,2025-06-13,1071.8,1065.6,914.0,-0.58,ma200_breach,4
4709.T,2025-06-17,2025-09-01,1106.0,1087.2,1106.0,-1.7,stop_breakeven,76
4714.T,2024-11-25,2024-11-26,268.6,265.8,248.4,-1.02,ma200_breach,1
4714.T,2024-12-03,2025-01-14,275.0,270.4,248.4,-1.67,ma200_breach,42
4718.T,2025-01-31,2025-02-03,1887.1,1918.7,1733.9,1.68,ma200_breach,3
4718.T,2025-02-05,2025-02-25,1983.9,1929.3,1739.6,-2.75,ma200_breach,20
4718.T,2025-05-29,2025-06-02,2291.6,2226.2,2061.2,-2.85,ma200_breach,4
4718.T,2025-06-18,2025-10-22,2358.0,2521.5,2358.0,6.93,time,126
4719.T,2025-06-25,2025-08-26,3612.6,3603.0,3612.6,-0.27,stop_breakeven,62
4719.T,2025-09-19,2025-10-10,3839.6,3546.3,3549.8,-7.64,stop_base,21
4719.T,2025-11-10,2026-03-04,4017.2,3507.1,3512.0,-12.7,stop_base,114
4722.T,2025-02-05,2025-02-25,1911.4,1733.4,1667.8,-9.31,ma200_breach,20
4722.T,2025-07-02,2025-08-27,2283.4,2257.7,2283.4,-1.13,stop_breakeven,56
4725.T,2025-07-24,2025-11-27,1983.3,2044.8,1983.3,3.1,time,126
4725.T,2025-12-29,2026-02-05,2047.0,1989.0,1991.1,-2.83,stop_base,38
4732.T,2025-05-14,2025-05-15,1441.6,1461.0,1277.2,1.35,ma200_breach,1
4732.T,2025-05-29,2025-06-02,1510.0,1536.7,1314.5,1.77,ma200_breach,4
4732.T,2025-07-01,2025-11-04,1568.7,1669.1,1568.7,6.4,time,126
4732.T,2025-11-25,2026-03-12,1705.0,1701.6,1705.0,-0.2,stop_breakeven,107
4733.T,2024-01-15,2024-04-16,6788.1,6577.3,6788.1,-3.11,stop_breakeven,92
4733.T,2025-01-29,2025-02-03,7962.9,7569.6,6561.9,-4.94,ma200_breach,5
4733.T,2025-05-29,2025-06-02,7973.4,7991.2,6507.6,0.22,ma200_breach,4
4733.T,2025-06-26,2025-08-28,8388.2,8244.3,8388.2,-1.71,stop_breakeven,63
4733.T,2025-09-16,2026-01-07,8911.2,8237.0,8244.3,-7.57,stop_base,113
4743.T,2024-01-25,2024-05-30,1094.5,1252.2,1094.5,14.41,time,126
4743.T,2024-06-04,2024-08-02,1287.2,1285.4,1287.2,-0.14,ma200_breach,59
4743.T,2024-09-24,2024-10-23,1283.5,1240.3,1199.8,-3.37,ma200_breach,29
4743.T,2024-12-06,2025-01-14,1334.9,1313.3,1249.6,-1.61,ma200_breach,39
4743.T,2025-07-24,2025-11-27,1475.5,1606.9,1475.5,8.91,time,126
4751.T,2025-01-30,2025-02-03,1178.5,1121.5,1023.5,-4.83,ma200_breach,4
4751.T,2025-02-13,2025-02-25,1184.4,1142.8,1023.5,-3.51,ma200_breach,12
4751.T,2025-06-30,2025-10-16,1634.0,1631.0,1634.0,-0.19,stop_breakeven,108
4755.T,2024-04-08,2024-04-19,886.3,743.9,763.2,-16.07,stop_base,11
4755.T,2024-06-03,2024-08-02,840.0,789.1,840.0,-6.06,ma200_breach,60
4755.T,2024-11-13,2024-11-18,964.9,881.1,885.7,-8.68,ma200_breach,5
4755.T,2024-12-12,2025-01-14,970.0,901.7,834.2,-7.04,ma200_breach,33
4755.T,2025-02-13,2025-02-25,1012.0,961.3,851.3,-5.01,ma200_breach,12
4765.T,2024-01-30,2024-05-29,604.5,602.1,604.5,-0.4,stop_breakeven,120
4768.T,2024-01-15,2024-04-19,2947.5,2947.0,2947.5,-0.02,stop_breakeven,95
4768.T,2024-09-26,2024-10-23,3411.4,3212.9,3167.3,-5.82,ma200_breach,27
4768.T,2025-02-06,2025-02-25,3529.9,3434.8,3241.5,-2.7,ma200_breach,19
4776.T,2024-12-20,2025-01-14,2580.9,2570.2,2580.9,-0.42,ma200_breach,25
4776.T,2025-02-14,2025-02-25,3136.3,3062.3,2518.9,-2.36,ma200_breach,11
4776.T,2025-06-12,2025-06-13,3540.6,3491.3,2853.2,-1.39,ma200_breach,1
4776.T,2025-06-26,2025-09-02,3688.6,3589.9,3688.6,-2.67,stop_breakeven,68
4792.T,2024-01-31,2024-02-09,1650.8,1516.7,1520.3,-8.12,stop_base,9
4792.T,2024-05-10,2024-08-02,1786.7,1761.8,1786.7,-1.39,ma200_breach,84
4809.T,2025-08-28,2026-01-05,1980.4,2008.0,1788.9,1.39,time,130
4812.T,2025-02-05,2025-02-20,2020.5,2017.2,2020.5,-0.16,stop_breakeven,15
4812.T,2025-05-13,2025-05-15,2292.7,2246.8,1882.7,-2.0,ma200_breach,2
4812.T,2025-08-04,2025-12-08,2266.1,2553.9,2266.1,12.7,time,126
4812.T,2025-12-29,2026-01-29,2741.0,2431.0,2491.0,-11.31,stop_base,31
4813.T,2024-05-17,2024-06-12,1666.0,1346.0,1374.0,-19.21,stop_base,26
4813.T,2024-07-30,2024-08-02,1403.0,1203.0,1226.0,-14.26,ma200_breach,3
4813.T,2024-11-25,2024-11-26,1371.0,1235.0,1217.0,-9.92,ma200_breach,1
4819.T,2025-01-28,2025-02-03,3815.8,3859.3,3472.9,1.14,ma200_breach,6
4819.T,2025-02-06,2025-02-25,3965.6,4424.5,3965.6,11.57,ma200_breach,19
4819.T,2025-05-29,2025-06-02,4669.7,4933.5,4078.7,5.65,ma200_breach,4
4820.T,2025-01-28,2025-02-03,770.7,750.8,707.2,-2.59,ma200_breach,6
4820.T,2025-11-28,2026-02-16,811.4,706.0,718.0,-12.99,stop_base,80
4825.T,2024-12-16,2025-01-14,1599.9,1715.1,1599.9,7.2,ma200_breach,29
4825.T,2025-05-29,2025-06-02,1992.6,1955.5,1720.0,-1.86,ma200_breach,4
4825.T,2025-07-08,2025-10-14,2091.5,2076.7,2091.5,-0.71,stop_breakeven,98
4826.T,2024-01-29,2024-04-16,463.2,450.8,463.2,-2.67,stop_breakeven,78
4826.T,2025-05-30,2025-06-02,479.5,476.6,400.4,-0.6,ma200_breach,3
4826.T,2025-06-16,2025-10-20,485.3,466.1,448.6,-3.95,time,126
4826.T,2025-11-04,2026-03-10,548.6,521.0,452.4,-5.02,time,126
4828.T,2024-01-19,2024-02-15,857.4,726.0,747.4,-15.33,stop_base,27
4828.T,2025-08-08,2025-09-04,1149.0,1131.5,1149.0,-1.52,stop_breakeven,27
4828.T,2025-09-24,2025-10-28,1222.5,1214.2,1222.5,-0.67,stop_breakeven,34
4828.T,2025-11-10,2026-02-04,1294.5,1280.8,1294.5,-1.06,stop_breakeven,86
4839.T,2025-11-04,2025-12-04,1538.4,1309.7,1334.1,-14.87,stop_base,30
4839.T,2026-01-06,2026-03-03,1474.9,1253.0,1264.7,-15.04,stop_base,56
4847.T,2024-01-22,2024-04-19,1008.6,1007.6,1008.6,-0.09,stop_breakeven,88
4847.T,2025-06-25,2025-10-01,1098.2,1012.8,1018.1,-7.78,stop_base,98
4848.T,2025-05-29,2025-06-02,1729.2,1734.0,1453.7,0.28,ma200_breach,4
4848.T,2025-08-18,2025-12-22,1728.9,1643.6,1580.8,-4.94,time,126
4886.T,2024-01-16,2024-05-21,1758.8,2152.3,1758.8,22.37,time,126
4886.T,2024-06-21,2024-07-02,2362.1,2360.2,2362.1,-0.08,stop_breakeven,11
4886.T,2025-07-01,2025-08-14,2416.9,2237.1,2245.0,-7.44,stop_base,44
4886.T,2025-08-20,2025-10-01,2509.7,2139.4,2237.1,-14.75,stop_base,42
4887.T,2024-01-17,2024-05-22,1766.8,1874.6,1766.8,6.1,time,126
4887.T,2024-06-26,2024-08-02,2016.9,1986.2,2016.9,-1.52,ma200_breach,37
4887.T,2024-10-04,2024-10-23,2052.9,1918.2,1885.7,-6.56,ma200_breach,19
4901.T,2024-01-16,2024-02-09,2933.8,2901.8,2933.8,-1.09,stop_breakeven,24
4901.T,2024-03-04,2024-07-08,3131.3,3697.2,3131.3,18.07,time,126
4901.T,2024-07-09,2024-07-25,3774.0,3348.7,3406.3,-11.27,stop_base,16
4912.T,2024-11-25,2024-11-26,1789.2,1758.0,1592.5,-1.74,ma200_breach,1
4912.T,2024-12-09,2025-01-14,1791.1,1602.7,1592.5,-10.52,ma200_breach,36
4912.T,2025-02-14,2025-02-25,1830.9,1820.1,1554.2,-0.59,ma200_breach,11
4914.T,2024-02-05,2024-02-29,660.8,603.0,608.5,-8.75,stop_base,24
4914.T,2024-05-10,2024-07-23,689.4,688.5,689.4,-0.13,stop_breakeven,74
4914.T,2024-11-11,2024-11-18,1142.8,1116.5,921.0,-2.3,ma200_breach,7
4914.T,2025-02-14,2025-02-25,1155.9,1214.2,1155.9,5.04,ma200_breach,11
4914.T,2025-06-09,2025-06-13,1351.7,1365.2,1213.1,1.0,ma200_breach,4
4914.T,2025-06-16,2025-07-22,1382.5,1374.8,1382.5,-0.56,stop_breakeven,36
4914.T,2025-08-08,2025-09-03,1573.2,1561.6,1573.2,-0.73,stop_breakeven,26
4917.T,2025-06-26,2025-10-30,1393.0,2434.0,1393.0,74.73,time,126
4917.T,2025-11-05,2026-03-11,2453.0,3080.0,2453.0,25.56,time,126
4923.T,2024-09-26,2024-10-23,1591.7,1510.3,1479.8,-5.12,ma200_breach,27
4931.T,2024-06-20,2024-08-02,1652.1,1579.5,1562.3,-4.39,ma200_breach,43
4931.T,2024-09-26,2024-10-23,1819.2,1676.4,1562.3,-7.85,ma200_breach,27
4931.T,2024-11-13,2024-11-18,1898.4,1803.5,1647.0,-5.0,ma200_breach,5
4931.T,2024-12-16,2025-01-14,1912.1,1883.7,1670.5,-1.48,ma200_breach,29
4931.T,2025-02-10,2025-02-25,1986.4,2137.0,1986.4,7.58,ma200_breach,15
4931.T,2025-06-27,2025-10-17,2245.6,2232.0,2245.6,-0.61,stop_breakeven,112
4956.T,2024-01-30,2024-04-16,1351.2,1328.3,1351.2,-1.69,stop_breakeven,77
4968.T,2024-06-24,2024-07-22,1094.4,1069.5,1094.4,-2.27,stop_breakeven,28
4968.T,2024-10-11,2024-10-23,1212.0,1258.1,1212.0,3.8,ma200_breach,12
4968.T,2026-02-06,2026-03-03,1433.2,1431.3,1433.2,-0.14,stop_breakeven,25
4971.T,2024-01-29,2024-03-13,4371.3,3849.6,3869.7,-11.93,stop_base,44
4971.T,2024-06-27,2024-07-22,4516.5,3968.3,3994.5,-12.14,stop_base,25
4973.T,2024-05-07,2024-07-25,3053.7,3026.2,3053.7,-0.9,stop_breakeven,79
4973.T,2024-07-29,2024-08-02,3411.4,2989.5,2893.2,-12.37,ma200_breach,4
4973.T,2024-10-04,2024-10-23,3071.2,3146.0,3071.2,2.44,ma200_breach,19
4975.T,2024-02-29,2024-04-17,4078.9,3491.0,3493.5,-14.41,stop_base,48
4975.T,2025-12-10,2026-04-15,5002.2,6260.0,5002.2,25.15,time,126
4980.T,2024-02-05,2024-06-10,1390.2,2176.5,1390.2,56.56,time,126
4980.T,2024-07-09,2024-08-02,2559.3,1976.9,2061.3,-22.75,ma200_breach,24
4980.T,2024-11-25,2024-11-26,2435.3,2407.4,2169.1,-1.14,ma200_breach,1
4980.T,2026-02-03,2026-02-10,2925.6,2455.2,2594.9,-16.08,stop_base,7
4985.T,2024-12-27,2025-01-08,5473.6,5122.3,5145.6,-6.42,stop_base,12
4996.T,2025-05-29,2025-06-02,772.6,790.0,729.1,2.25,ma200_breach,4
4996.T,2025-08-08,2025-10-10,818.0,731.0,766.8,-10.64,stop_base,63
4997.T,2024-06-19,2024-07-23,749.8,677.2,681.0,-9.69,stop_base,34
4997.T,2025-07-24,2025-10-30,868.6,865.1,868.6,-0.4,stop_breakeven,98
4997.T,2025-12-11,2026-04-16,906.5,1035.0,906.5,14.17,time,126
5011.T,2024-01-16,2024-05-21,2329.8,2216.4,2085.6,-4.87,time,126
5011.T,2024-06-18,2024-08-02,2326.1,2117.9,2144.1,-8.95,ma200_breach,45
5011.T,2024-09-26,2024-10-23,2453.7,2260.7,2169.5,-7.87,ma200_breach,27
5019.T,2024-01-15,2024-05-20,766.8,978.3,766.8,27.58,time,126
5019.T,2024-06-03,2024-07-24,1030.9,912.7,927.1,-11.47,stop_base,51
5019.T,2026-02-04,2026-03-04,1391.7,1371.4,1391.7,-1.46,stop_breakeven,28
5019.T,2026-03-18,2026-04-15,1518.7,1509.0,1518.7,-0.64,stop_breakeven,28
5020.T,2024-01-15,2024-05-20,561.3,747.7,561.3,33.19,time,126
5020.T,2024-05-21,2024-07-22,760.1,753.5,760.1,-0.87,stop_breakeven,62
5020.T,2024-09-26,2024-10-16,758.8,757.8,758.8,-0.13,stop_breakeven,20
5020.T,2024-12-03,2025-01-14,786.7,769.7,724.1,-2.16,ma200_breach,42
5020.T,2025-02-17,2025-02-25,805.1,777.7,732.3,-3.41,ma200_breach,8
5020.T,2025-11-10,2026-03-16,995.6,1312.8,995.6,31.86,time,126
5021.T,2024-01-15,2024-05-20,2834.4,3501.4,2834.4,23.53,time,126
5021.T,2024-06-25,2024-08-02,3723.0,3286.3,3341.8,-11.73,ma200_breach,38
5021.T,2024-10-02,2024-10-23,3850.1,3575.6,3279.8,-7.13,ma200_breach,21
5021.T,2025-12-10,2026-04-15,4094.0,4374.0,4094.0,6.84,time,126
5032.T,2025-05-29,2025-06-02,3871.6,3832.4,3303.3,-1.01,ma200_breach,4
5032.T,2025-06-09,2025-06-13,3954.9,4856.6,3954.9,22.8,ma200_breach,4
5032.T,2025-08-18,2025-09-03,4910.5,4440.1,4508.7,-9.58,stop_base,16
5032.T,2025-09-11,2025-09-16,5537.8,5469.2,5537.8,-1.24,stop_breakeven,5
5032.T,2025-11-10,2025-12-11,6358.9,4702.6,5292.8,-26.05,stop_base,31
5036.T,2025-08-07,2025-10-01,1455.0,1420.7,1455.0,-2.36,stop_breakeven,55
5036.T,2025-11-11,2025-11-13,1547.9,1391.1,1414.8,-10.13,stop_base,2
5036.T,2025-12-04,2026-02-06,1586.3,1547.9,1586.3,-2.42,stop_breakeven,64
5074.T,2025-09-24,2025-11-04,449.0,347.0,348.0,-22.72,stop_base,41
5076.T,2024-03-15,2024-04-03,1426.8,1288.6,1294.7,-9.69,stop_base,19
5076.T,2025-08-08,2025-12-12,1292.7,1990.9,1292.7,54.01,time,126
5076.T,2025-12-24,2026-04-30,2063.4,2131.5,2063.4,3.3,time,127
5101.T,2024-01-15,2024-05-20,3231.0,3950.7,3231.0,22.28,time,126
5101.T,2025-06-26,2025-10-30,3563.4,5439.7,3563.4,52.66,time,126
5101.T,2025-11-13,2025-11-18,5655.6,5615.2,5655.6,-0.71,stop_breakeven,5
5101.T,2025-11-26,2025-12-26,6082.6,6053.0,6082.6,-0.49,stop_breakeven,30
5101.T,2026-01-14,2026-03-09,6526.0,5998.0,6526.0,-8.09,stop_breakeven,54
5105.T,2024-01-15,2024-01-19,2282.8,2041.4,2080.0,-10.57,stop_base,4
5105.T,2024-02-08,2024-03-13,2355.0,2353.1,2355.0,-0.08,stop_breakeven,34
5105.T,2024-04-10,2024-07-09,2650.1,2348.9,2353.1,-11.37,stop_base,90
5105.T,2025-05-30,2025-06-02,2891.0,2925.8,2362.4,1.2,ma200_breach,3
5105.T,2025-06-27,2025-10-31,2988.0,4158.2,2988.0,39.16,time,126
5105.T,2025-11-06,2026-01-26,4232.0,4215.0,4232.0,-0.4,stop_breakeven,81
5105.T,2026-02-09,2026-03-03,4541.0,4174.0,4541.0,-8.08,stop_breakeven,22
5108.T,2024-01-18,2024-05-23,2898.6,3183.3,2898.6,9.82,time,126
5108.T,2025-07-23,2025-11-26,2999.8,3586.8,2999.8,19.57,time,126
5108.T,2025-11-28,2026-02-16,3603.0,3569.0,3603.0,-0.94,stop_breakeven,80
5110.T,2024-01-22,2024-02-14,1549.3,1548.4,1549.3,-0.06,stop_breakeven,23
5110.T,2024-02-21,2024-05-22,1680.8,1652.0,1680.8,-1.71,stop_breakeven,91
5110.T,2025-09-09,2026-01-13,1798.3,2607.0,1798.3,44.97,time,126
5110.T,2026-02-06,2026-03-03,2662.0,2388.5,2413.5,-10.27,stop_base,25
5121.T,2024-01-15,2024-05-20,1303.0,1242.9,1184.4,-4.61,time,126
5121.T,2025-07-17,2025-11-20,1455.8,1749.8,1455.8,20.2,time,126
5185.T,2024-02-26,2024-07-01,1487.2,2089.2,1487.2,40.48,time,126
5186.T,2024-01-15,2024-05-20,3547.9,3682.0,3547.9,3.78,time,126
5186.T,2024-05-31,2024-06-13,3821.8,3565.4,3588.7,-6.71,stop_base,13
5186.T,2024-06-24,2024-08-02,3826.4,3528.1,3565.4,-7.8,ma200_breach,39
5186.T,2025-07-23,2025-11-19,3872.0,3870.8,3872.0,-0.03,stop_breakeven,119
5192.T,2024-01-22,2024-05-27,4221.9,4050.4,3813.9,-4.06,time,126
5195.T,2024-01-15,2024-05-14,1574.9,1563.8,1574.9,-0.7,stop_breakeven,120
5195.T,2024-06-10,2024-08-01,1720.1,1697.2,1720.1,-1.33,stop_breakeven,52
5201.T,2026-02-04,2026-03-09,6060.0,5733.0,6060.0,-5.4,stop_breakeven,33
5202.T,2025-06-27,2025-10-31,450.0,578.0,450.0,28.44,time,126
5202.T,2025-12-24,2026-03-04,539.0,527.0,539.0,-2.23,stop_breakeven,70
5208.T,2024-06-24,2024-07-24,1406.6,1380.2,1406.6,-1.88,stop_breakeven,30
5208.T,2025-08-01,2025-12-05,1477.6,1610.5,1477.6,9.0,time,126
5214.T,2024-01-30,2024-06-04,3013.1,3473.3,3013.1,15.28,time,126
5214.T,2024-06-27,2024-08-01,3498.4,3337.2,3345.7,-4.61,stop_base,35
5214.T,2025-07-14,2025-11-17,3542.2,5559.6,3542.2,56.95,time,126
5214.T,2025-11-26,2026-04-01,5638.6,6280.0,5638.6,11.38,time,126
5214.T,2026-04-09,2026-05-01,7086.0,7032.0,7086.0,-0.76,stop_breakeven,22
5232.T,2026-02-05,2026-03-04,4275.8,4152.7,4275.8,-2.88,stop_breakeven,27
5233.T,2024-01-31,2024-06-05,2877.4,3725.9,2877.4,29.49,time,126
5233.T,2024-06-14,2024-08-02,3887.9,3462.0,3386.8,-10.95,ma200_breach,49
5233.T,2025-09-09,2025-11-04,4111.1,4097.5,4111.1,-0.33,stop_breakeven,56
5261.T,2025-11-25,2026-03-31,6097.4,7100.0,6097.4,16.44,time,126
5262.T,2024-02-26,2024-04-02,427.6,397.8,401.0,-6.97,stop_base,36
5262.T,2024-07-09,2024-07-16,614.3,599.4,614.3,-2.42,stop_breakeven,7
5262.T,2024-09-27,2024-10-23,656.6,619.6,565.3,-5.64,ma200_breach,26
5262.T,2024-12-12,2025-01-10,647.3,644.4,647.3,-0.45,stop_breakeven,29
5262.T,2025-01-29,2025-02-03,702.4,741.3,702.4,5.55,ma200_breach,5
5262.T,2025-02-07,2025-02-25,781.3,869.4,781.3,11.28,ma200_breach,18
5262.T,2025-07-11,2025-11-14,1195.3,1530.3,1195.3,28.03,time,126
5269.T,2024-05-02,2024-05-15,391.0,353.3,355.2,-9.64,stop_base,13
5288.T,2024-01-29,2024-06-03,689.6,901.8,689.6,30.76,time,126
5288.T,2025-07-10,2025-11-13,941.9,1345.1,941.9,42.8,time,126
5288.T,2025-11-20,2025-12-10,1408.9,1404.0,1408.9,-0.35,stop_breakeven,20
5288.T,2026-01-15,2026-01-29,1487.5,1378.5,1384.4,-7.33,stop_base,14
5288.T,2026-02-09,2026-03-04,1497.3,1336.3,1362.8,-10.75,stop_base,23
5301.T,2025-05-30,2025-06-02,1006.2,983.9,824.7,-2.22,ma200_breach,3
5301.T,2025-06-27,2025-10-29,1024.7,1010.4,1024.7,-1.39,stop_breakeven,124
5302.T,2024-04-11,2024-07-19,5117.9,4720.6,4733.4,-7.76,stop_base,99
5310.T,2024-07-08,2024-07-19,6808.4,6123.8,6189.5,-10.06,stop_base,11
5310.T,2026-02-24,2026-03-23,6120.0,5140.0,5170.0,-16.01,stop_base,27
5331.T,2024-01-15,2024-05-20,1671.2,1879.6,1671.2,12.48,time,126
5331.T,2024-07-04,2024-08-02,1942.9,1708.6,1809.3,-12.06,ma200_breach,29
5331.T,2025-09-02,2026-01-06,2234.0,2849.5,2234.0,27.55,time,126
5332.T,2024-08-23,2024-09-04,4552.3,4592.5,4552.3,0.88,ma200_breach,12
5332.T,2024-09-25,2024-10-22,4899.1,4748.6,4899.1,-3.07,stop_breakeven,27
5333.T,2024-07-11,2024-08-01,2009.8,1868.4,1874.6,-7.03,stop_base,21
5333.T,2025-09-25,2026-01-29,2451.8,3712.0,2451.8,51.4,time,126
5333.T,2026-02-03,2026-03-23,3787.2,3753.6,3787.2,-0.89,stop_breakeven,48
5334.T,2024-01-15,2024-05-20,3457.7,4514.4,3457.7,30.56,time,126
5334.T,2024-07-04,2024-07-25,4611.3,4061.4,4272.0,-11.92,stop_base,21
5334.T,2025-07-09,2025-11-12,4738.7,6516.2,4738.7,37.51,time,126
5334.T,2025-11-13,2026-02-02,6640.4,6363.5,6640.4,-4.17,stop_breakeven,81
5334.T,2026-02-16,2026-03-23,7065.2,6966.6,7065.2,-1.39,stop_breakeven,35
5344.T,2024-01-19,2024-05-24,30066.4,35381.8,30066.4,17.68,time,126
5344.T,2024-05-28,2024-07-25,36128.3,35182.8,36128.3,-2.62,stop_breakeven,58
5344.T,2024-11-06,2024-11-18,46829.1,45195.1,38260.4,-3.49,ma200_breach,12
5344.T,2024-12-27,2025-01-14,48323.7,47387.1,42365.4,-1.94,ma200_breach,18
5344.T,2025-01-22,2025-01-28,49967.7,41658.0,43820.1,-16.63,stop_base,6
5351.T,2024-01-25,2024-03-04,1738.8,1716.4,1738.8,-1.28,stop_breakeven,39
5351.T,2024-05-15,2024-07-10,1762.6,1758.1,1762.6,-0.26,stop_breakeven,56
5351.T,2025-08-05,2025-12-09,1769.0,1872.0,1769.0,5.82,time,126
5351.T,2025-12-15,2026-03-19,2092.3,2091.3,2092.3,-0.05,stop_breakeven,94
5357.T,2024-06-25,2024-08-02,1662.0,1536.4,1580.7,-7.55,ma200_breach,38
5393.T,2024-01-31,2024-06-05,1091.6,1438.2,1091.6,31.76,time,126
5393.T,2024-07-04,2024-07-26,1548.2,1422.3,1423.8,-8.14,stop_base,22
5393.T,2024-09-26,2024-10-23,1852.8,1760.1,1610.4,-5.0,ma200_breach,27
5393.T,2024-11-08,2024-11-18,1900.1,1898.8,1737.6,-0.07,ma200_breach,10
5393.T,2026-02-20,2026-03-04,2868.2,2845.1,2868.2,-0.81,stop_breakeven,12
5401.T,2024-01-25,2024-05-08,574.6,574.6,574.6,-0.01,stop_breakeven,104
5406.T,2024-02-07,2024-06-12,1833.8,1805.6,1521.2,-1.54,time,126
5406.T,2024-07-04,2024-07-24,1866.3,1692.8,1738.1,-9.3,stop_base,20
5406.T,2025-09-02,2026-01-06,1770.6,2086.6,1770.6,17.85,time,126
5406.T,2026-01-09,2026-03-04,2119.5,2012.7,2119.5,-5.04,stop_breakeven,54
5410.T,2024-01-15,2024-05-20,4371.6,5004.4,4371.6,14.48,time,126
5411.T,2024-01-22,2024-05-16,2069.6,2058.8,2069.6,-0.52,stop_breakeven,115
5411.T,2024-07-04,2024-07-22,2193.5,2044.2,2045.1,-6.8,stop_base,18
5440.T,2024-01-29,2024-06-03,1875.2,1977.8,1875.2,5.47,time,126
5440.T,2025-07-02,2025-11-05,1991.0,2150.2,1991.0,7.99,time,126
5440.T,2025-11-21,2026-03-23,2265.3,2246.7,2265.3,-0.82,stop_breakeven,122
5444.T,2024-01-15,2024-05-20,7017.7,7998.3,7017.7,13.97,time,126
5444.T,2024-07-18,2024-08-01,7668.0,6825.4,6961.7,-10.99,stop_base,14
5444.T,2025-05-30,2025-06-02,8240.2,8421.3,7551.3,2.2,ma200_breach,3
5444.T,2025-07-15,2025-07-31,8791.3,8186.2,8331.7,-6.88,stop_base,16
5444.T,2025-08-25,2025-09-24,9195.9,9181.4,9195.9,-0.16,stop_breakeven,30
5444.T,2025-10-31,2026-03-06,9575.1,11919.7,9575.1,24.49,time,126
5445.T,2024-01-15,2024-05-20,1209.0,1454.2,1209.0,20.28,time,126
5445.T,2024-06-03,2024-08-02,1470.9,1270.3,1253.6,-13.64,ma200_breach,60
5445.T,2024-10-31,2024-11-01,1539.3,1689.8,1339.1,9.78,ma200_breach,1
5445.T,2024-12-25,2025-01-14,1897.2,1794.9,1780.7,-5.39,ma200_breach,20
5451.T,2024-02-08,2024-06-13,689.9,941.3,689.9,36.44,time,126
5451.T,2024-07-02,2024-08-02,1028.0,932.5,941.3,-9.29,ma200_breach,31
5451.T,2024-10-01,2024-10-23,1041.2,980.0,948.4,-5.88,ma200_breach,22
5451.T,2025-02-18,2025-02-25,1077.3,1055.6,960.2,-2.01,ma200_breach,7
5451.T,2025-06-27,2025-10-31,1061.2,1241.3,1061.2,16.96,time,126
5451.T,2025-12-15,2026-04-20,1266.1,1375.0,1266.1,8.6,time,126
5461.T,2024-05-20,2024-07-08,2519.1,2509.0,2519.1,-0.4,stop_breakeven,49
5463.T,2024-01-19,2024-03-12,1171.4,1165.9,1171.4,-0.47,stop_breakeven,53
5463.T,2024-04-05,2024-05-22,1280.7,1158.4,1165.9,-9.56,stop_base,47
5463.T,2025-07-23,2025-11-26,1189.6,1380.5,1189.6,16.05,time,126
5463.T,2025-11-27,2026-03-23,1394.3,1390.4,1394.3,-0.28,stop_breakeven,116
5471.T,2024-01-29,2024-06-03,1398.6,1477.1,1398.6,5.61,time,126
5471.T,2025-11-26,2026-04-01,1502.6,1890.5,1502.6,25.82,time,126
5480.T,2024-06-03,2024-06-20,4538.6,4030.3,4048.4,-11.2,stop_base,17
5480.T,2024-07-03,2024-07-22,4692.9,4593.0,4692.9,-2.13,stop_breakeven,19
5480.T,2026-01-08,2026-01-28,4622.7,4617.8,4622.7,-0.11,stop_breakeven,20
5482.T,2024-11-07,2024-11-18,1124.7,1105.9,912.2,-1.67,ma200_breach,11
5482.T,2024-12-10,2025-01-14,1171.7,1185.8,976.8,1.2,ma200_breach,35
5482.T,2025-01-22,2025-02-03,1239.8,1547.4,1239.8,24.81,ma200_breach,12
5482.T,2025-06-27,2025-10-31,2013.5,2590.9,2013.5,28.68,time,126
5482.T,2025-11-07,2026-03-13,2723.5,2982.7,2723.5,9.52,time,126
5541.T,2024-12-24,2025-01-14,1281.6,1335.1,1179.1,4.17,ma200_breach,21
5541.T,2025-01-28,2025-02-03,1350.8,1405.1,1229.9,4.02,ma200_breach,6
5541.T,2025-02-05,2025-02-25,1449.8,1358.7,1240.4,-6.28,ma200_breach,20
5541.T,2025-07-22,2025-11-25,1754.5,2195.5,1754.5,25.14,time,126
5541.T,2025-11-27,2025-12-02,2306.5,2241.3,2306.5,-2.83,stop_breakeven,5
5541.T,2026-02-26,2026-03-04,3334.6,2998.7,3334.6,-10.07,stop_breakeven,6
5563.T,2025-12-26,2026-05-01,343.0,437.0,343.0,27.41,time,126
5602.T,2024-01-16,2024-02-14,589.8,580.1,589.8,-1.64,stop_breakeven,29
5602.T,2024-03-06,2024-07-10,650.4,864.6,650.4,32.92,time,126
5602.T,2025-07-03,2025-11-06,1160.3,1705.2,1160.3,46.96,time,126
5602.T,2026-01-13,2026-01-26,1788.6,1775.9,1788.6,-0.71,stop_breakeven,13
5631.T,2024-07-17,2024-07-25,4631.6,4050.7,4076.1,-12.54,stop_base,8
5631.T,2024-09-24,2024-10-23,4757.4,5195.8,4757.4,9.22,ma200_breach,29
5631.T,2024-11-08,2024-11-18,5992.2,5721.2,4791.5,-4.52,ma200_breach,10
5631.T,2025-07-22,2025-09-01,8811.6,8810.6,8811.6,-0.01,stop_breakeven,41
5631.T,2025-10-06,2025-10-28,9801.9,9788.0,9801.9,-0.14,stop_breakeven,22
5632.T,2024-01-22,2024-02-08,1403.9,1317.8,1403.9,-6.13,stop_breakeven,17
5632.T,2025-07-23,2025-11-26,1598.0,1732.4,1598.0,8.41,time,126
5632.T,2025-12-29,2026-03-09,1809.8,1802.9,1809.8,-0.38,stop_breakeven,70
5659.T,2025-01-30,2025-02-03,1301.5,1259.0,1197.5,-3.27,ma200_breach,4
5702.T,2026-02-27,2026-03-23,1458.0,1204.9,1245.0,-17.36,stop_base,24
5703.T,2024-05-15,2024-06-18,1808.6,1637.9,1648.1,-9.44,stop_base,34
5703.T,2025-07-23,2025-11-26,1626.1,2372.3,1626.1,45.88,time,126
5703.T,2025-11-28,2026-04-03,2404.6,2873.0,2404.6,19.48,time,126
5706.T,2024-01-15,2024-05-20,4386.0,4849.0,4386.0,10.56,time,126
5706.T,2024-05-28,2024-07-25,4914.7,4644.6,4914.7,-5.5,stop_breakeven,58
5706.T,2026-01-08,2026-02-02,20049.8,19706.4,20049.8,-1.71,stop_breakeven,25
5711.T,2024-04-04,2024-04-25,2768.9,2760.0,2768.9,-0.32,stop_breakeven,21
5711.T,2024-05-20,2024-07-23,3044.6,2637.4,2643.5,-13.37,stop_base,64
5711.T,2025-11-26,2026-04-01,3129.2,5186.0,3129.2,65.73,time,126
5713.T,2025-12-04,2026-04-09,5258.7,9922.0,5258.7,88.68,time,126
5714.T,2024-04-15,2024-08-02,5561.0,4738.2,4736.9,-14.8,ma200_breach,109
5714.T,2025-09-03,2026-01-07,5132.1,7807.3,5132.1,52.13,time,126
5715.T,2025-05-30,2025-06-02,2205.5,2165.4,1954.9,-1.82,ma200_breach,3
5715.T,2025-07-03,2025-11-06,2419.9,3095.4,2419.9,27.92,time,126
5715.T,2025-11-12,2026-03-18,3283.3,4885.4,3283.3,48.8,time,126
5727.T,2025-08-01,2025-11-10,1372.8,1343.3,1372.8,-2.15,stop_breakeven,101
5741.T,2024-01-15,2024-05-20,916.4,1077.7,916.4,17.61,time,126
5741.T,2024-09-25,2024-10-23,1244.9,1200.5,1041.0,-3.57,ma200_breach,28
5741.T,2024-11-14,2024-11-18,1302.6,1353.1,1142.8,3.87,ma200_breach,4
5741.T,2025-09-11,2026-01-15,1570.1,2226.0,1570.1,41.77,time,126
5757.T,2025-09-16,2025-11-14,4145.7,3788.8,3842.3,-8.61,stop_base,59
5801.T,2024-04-12,2024-08-02,3354.5,3509.2,3354.5,4.61,ma200_breach,112
5801.T,2025-01-06,2025-01-14,6853.0,6711.0,5687.8,-2.07,ma200_breach,8
5801.T,2025-01-22,2025-02-03,7698.2,6681.8,6239.3,-13.2,ma200_breach,12
5801.T,2025-07-08,2025-11-11,7381.6,9497.5,7381.6,28.67,time,126
5802.T,2024-01-31,2024-06-05,1826.4,2350.4,1826.4,28.69,time,126
5802.T,2024-06-10,2024-07-24,2512.4,2195.5,2219.5,-12.62,stop_base,44
5802.T,2024-11-14,2024-11-18,2761.9,2700.0,2189.8,-2.24,ma200_breach,4
5802.T,2025-01-23,2025-02-03,2931.6,2670.8,2568.1,-8.9,ma200_breach,11
5802.T,2025-07-01,2025-11-04,3062.2,6018.5,3062.2,96.54,time,126
5803.T,2024-07-09,2024-07-25,556.6,462.8,489.6,-16.85,stop_base,16
5803.T,2024-12-03,2024-12-10,979.6,953.4,979.6,-2.68,stop_breakeven,7
5803.T,2025-01-22,2025-01-27,1131.3,1062.7,1131.3,-6.06,stop_breakeven,5
5803.T,2025-07-16,2025-11-19,1311.2,2960.4,1311.2,125.78,time,126
5805.T,2024-01-29,2024-06-03,2871.3,4453.9,2871.3,55.12,time,126
5805.T,2024-06-26,2024-08-02,4761.0,4031.5,4002.7,-15.32,ma200_breach,37
5805.T,2024-11-12,2024-11-18,6679.3,7095.5,6679.3,6.23,ma200_breach,6
5805.T,2025-07-02,2025-08-12,7757.6,7610.5,7757.6,-1.9,stop_breakeven,41
5805.T,2025-11-10,2026-03-16,7945.3,14005.9,7945.3,76.28,time,126
5821.T,2025-01-22,2025-02-03,1506.1,1489.6,1412.2,-1.09,ma200_breach,12
5821.T,2025-02-04,2025-02-14,1524.4,1402.5,1412.2,-8.0,stop_base,10
5821.T,2025-09-19,2026-01-23,2009.3,2813.4,2009.3,40.02,time,126
5830.T,2024-03-08,2024-07-12,1110.1,1462.0,1110.1,31.7,time,126
5830.T,2024-07-16,2024-08-02,1468.6,1299.2,1308.7,-11.54,ma200_breach,17
5830.T,2024-10-01,2024-10-23,1348.8,1337.2,1228.0,-0.86,ma200_breach,22
5830.T,2024-11-05,2024-11-18,1425.8,1487.5,1425.8,4.32,ma200_breach,13
5830.T,2025-01-20,2025-02-03,1552.0,1530.8,1438.8,-1.37,ma200_breach,14
5830.T,2025-02-18,2025-02-25,1608.4,1585.3,1473.5,-1.44,ma200_breach,7
5830.T,2025-07-18,2025-11-21,1671.6,2353.6,1671.6,40.8,time,126
5830.T,2025-12-10,2026-04-15,2546.1,3176.0,2546.1,24.74,time,126
5831.T,2024-03-08,2024-06-12,1402.9,1399.5,1402.9,-0.24,stop_breakeven,96
5831.T,2025-05-29,2025-06-02,1611.2,1650.8,1382.0,2.46,ma200_breach,4
5831.T,2025-07-17,2025-11-20,1665.3,2147.9,1665.3,28.98,time,126
5831.T,2025-11-21,2026-03-27,2187.3,2783.0,2187.3,27.24,time,126
5832.T,2024-04-12,2024-08-02,1231.8,1408.6,1231.8,14.35,ma200_breach,112
5832.T,2025-01-30,2025-02-03,1614.6,1562.8,1490.6,-3.21,ma200_breach,4
5832.T,2025-07-09,2025-11-12,1739.1,2209.8,1739.1,27.06,time,126
5832.T,2025-11-13,2026-03-19,2217.7,2787.8,2217.7,25.71,time,126
5838.T,2024-07-04,2024-08-02,2941.0,3060.0,2941.0,4.05,ma200_breach,29
5838.T,2024-11-07,2024-11-18,3462.0,3954.0,3462.0,14.21,ma200_breach,11
5838.T,2025-01-08,2025-01-14,4631.0,4572.0,3822.0,-1.27,ma200_breach,6
5838.T,2025-01-28,2025-02-03,4698.0,4637.0,4195.0,-1.3,ma200_breach,6
5838.T,2025-02-06,2025-02-25,4973.0,5825.0,4973.0,17.13,ma200_breach,19
5838.T,2025-08-08,2025-11-17,7475.0,7452.0,7475.0,-0.31,stop_breakeven,101
5844.T,2024-01-25,2024-05-30,2210.5,2543.8,2210.5,15.08,time,126
5844.T,2024-06-26,2024-08-02,2703.4,2282.4,2387.5,-15.57,ma200_breach,37
5844.T,2025-07-03,2025-11-06,2512.4,3173.6,2512.4,26.31,time,126
5844.T,2025-11-13,2026-03-19,3221.0,4258.5,3221.0,32.21,time,126
5851.T,2025-08-01,2025-12-05,2282.6,2688.1,2282.6,17.76,time,126
5851.T,2025-12-29,2026-01-28,2731.0,2668.0,2731.0,-2.31,stop_breakeven,30
5852.T,2024-03-29,2024-04-24,778.8,590.0,665.3,-24.24,stop_base,26
5852.T,2025-06-09,2025-06-13,693.7,675.6,587.1,-2.61,ma200_breach,4
5852.T,2025-06-18,2025-10-22,708.0,865.4,708.0,22.23,time,126
5852.T,2025-10-24,2025-10-29,889.6,764.6,803.3,-14.05,stop_base,5
5857.T,2025-07-15,2025-11-18,1886.1,2721.5,1886.1,44.3,time,126
5857.T,2025-12-23,2026-04-28,3127.0,3645.0,3127.0,16.57,time,126
5901.T,2024-05-15,2024-08-02,2342.8,2266.9,2173.6,-3.24,ma200_breach,79
5901.T,2025-05-30,2025-06-02,2744.6,2692.3,2300.7,-1.91,ma200_breach,3
5901.T,2025-06-09,2025-06-13,2772.7,2732.5,2360.7,-1.45,ma200_breach,4
5901.T,2025-07-02,2025-11-05,2862.8,3388.6,2862.8,18.37,time,126
5901.T,2025-11-10,2026-03-04,3751.8,3705.6,3751.8,-1.23,stop_breakeven,114
5902.T,2024-01-26,2024-05-15,1565.4,1524.7,1565.4,-2.6,stop_breakeven,110
5902.T,2024-06-19,2024-08-02,1595.6,1454.7,1471.9,-8.83,ma200_breach,44
5902.T,2025-07-03,2025-11-06,1854.5,2101.0,1854.5,13.29,time,126
5902.T,2025-11-14,2026-03-23,2202.2,2218.7,2202.2,0.75,time,129
5911.T,2024-01-24,2024-05-14,2492.3,2485.4,2492.3,-0.28,stop_breakeven,111
5929.T,2024-01-15,2024-02-01,2091.7,2087.1,2091.7,-0.22,stop_breakeven,17
5929.T,2024-02-08,2024-06-13,2220.3,2701.6,2220.3,21.67,time,126
5929.T,2024-07-02,2024-07-25,2851.1,2846.3,2851.1,-0.17,stop_breakeven,23
5929.T,2024-07-31,2024-08-02,3074.3,2845.4,2673.2,-7.45,ma200_breach,2
5929.T,2024-12-16,2025-01-14,4458.3,4203.5,3995.7,-5.71,ma200_breach,29
5929.T,2025-01-23,2025-02-03,4474.6,4616.3,4107.7,3.17,ma200_breach,11
5929.T,2025-02-10,2025-02-25,4683.3,4709.2,4107.7,0.55,ma200_breach,15
5929.T,2025-05-14,2025-05-15,4817.3,4813.5,4069.0,-0.08,ma200_breach,1
5930.T,2024-01-15,2024-05-20,1344.5,1578.2,1344.5,17.38,time,126
5930.T,2024-05-31,2024-08-02,1685.9,1545.7,1502.1,-8.31,ma200_breach,63
5930.T,2024-10-04,2024-10-23,1761.4,1726.4,1452.9,-1.98,ma200_breach,19
5930.T,2024-11-05,2024-11-18,1803.0,1753.8,1531.8,-2.73,ma200_breach,13
5930.T,2024-12-23,2025-01-07,1795.4,1730.2,1735.9,-3.63,stop_base,15
5930.T,2025-06-10,2025-06-13,2119.7,2183.4,1931.4,3.01,ma200_breach,3
5930.T,2025-06-16,2025-10-02,2199.9,2152.6,2199.9,-2.15,stop_breakeven,108
5938.T,2025-08-08,2025-09-30,1774.3,1771.7,1774.3,-0.15,stop_breakeven,53
5943.T,2024-08-22,2024-09-04,1777.5,1882.0,1777.5,5.88,ma200_breach,13
5943.T,2025-07-09,2025-11-12,1915.9,1882.6,1915.9,-1.74,stop_breakeven,126
5947.T,2025-07-09,2025-08-26,3611.7,3601.9,3611.7,-0.27,stop_breakeven,48
5947.T,2025-11-27,2026-03-04,3919.1,3907.2,3919.1,-0.3,stop_breakeven,97
5949.T,2025-12-25,2026-03-23,1225.8,1221.9,1225.8,-0.32,stop_breakeven,88
5957.T,2025-07-31,2025-12-04,616.5,681.3,616.5,10.51,time,126
5959.T,2025-07-03,2025-11-06,819.1,887.6,819.1,8.36,time,126
5959.T,2025-12-19,2026-03-23,950.2,949.0,950.2,-0.13,stop_breakeven,94
5970.T,2024-03-21,2024-05-13,1891.2,1740.3,1779.7,-7.98,stop_base,53
5970.T,2024-06-27,2024-07-24,1790.2,1645.1,1658.7,-8.11,stop_base,27
5970.T,2025-07-15,2025-11-18,1723.4,1811.4,1723.4,5.11,time,126
5975.T,2024-01-17,2024-05-22,1974.2,2087.8,1974.2,5.75,time,126
5975.T,2025-07-23,2025-11-26,1988.4,2196.9,1988.4,10.49,time,126
5975.T,2025-12-18,2026-04-23,2341.5,2389.0,2341.5,2.03,time,126
5976.T,2024-01-17,2024-05-22,888.7,977.0,888.7,9.94,time,126
5976.T,2024-07-02,2024-07-24,1019.4,960.8,968.9,-5.75,stop_base,22
5976.T,2025-06-10,2025-06-13,1052.8,1039.6,875.5,-1.26,ma200_breach,3
5976.T,2025-07-09,2025-11-12,1066.1,1159.6,1066.1,8.76,time,126
5976.T,2025-11-26,2026-04-01,1190.7,1300.0,1190.7,9.18,time,126
5981.T,2024-01-31,2024-03-13,1243.1,1229.7,1243.1,-1.08,stop_breakeven,42
5981.T,2024-05-13,2024-05-14,1366.0,1244.0,1246.8,-8.93,stop_base,1
5981.T,2025-07-10,2025-11-13,1260.7,1450.3,1260.7,15.04,time,126
5981.T,2025-11-27,2026-04-02,1477.7,1995.0,1477.7,35.01,time,126
5988.T,2024-01-18,2024-05-13,2251.2,1919.9,2251.2,-14.72,stop_breakeven,116
5989.T,2024-02-05,2024-02-15,795.1,641.7,676.9,-19.3,stop_base,10
5989.T,2024-11-13,2024-11-18,942.5,941.5,825.9,-0.1,ma200_breach,5
5989.T,2024-12-25,2025-01-06,992.4,978.5,992.4,-1.4,stop_breakeven,12
5989.T,2025-02-13,2025-02-25,1047.0,965.6,908.3,-7.77,ma200_breach,12
5989.T,2025-06-27,2025-10-31,1224.4,1306.2,1224.4,6.69,time,126
5991.T,2024-02-01,2024-06-06,1141.1,1539.0,1141.1,34.88,time,126
5991.T,2024-09-24,2024-10-23,1711.5,1749.0,1711.5,2.19,ma200_breach,29
5991.T,2024-11-12,2024-11-14,1833.1,1627.9,1712.0,-11.19,stop_base,2
5991.T,2024-12-26,2025-01-14,1944.2,1805.6,1627.9,-7.13,ma200_breach,19
5991.T,2026-01-13,2026-03-23,2609.6,2540.0,2609.6,-2.67,stop_breakeven,69
6005.T,2024-10-09,2024-10-23,3575.3,3484.5,3095.4,-2.54,ma200_breach,14
6005.T,2024-11-25,2024-11-26,3741.5,3693.2,3397.5,-1.29,ma200_breach,1
6005.T,2024-12-03,2025-01-14,3787.9,3726.1,3397.5,-1.63,ma200_breach,42
6013.T,2024-02-13,2024-05-15,1666.7,1553.9,1666.7,-6.77,stop_breakeven,92
6013.T,2025-07-01,2025-11-04,2014.5,2358.8,2014.5,17.09,time,126
6013.T,2025-11-05,2026-03-11,2401.0,2914.1,2401.0,21.37,time,126
6047.T,2024-06-17,2024-08-02,750.3,718.2,750.3,-4.27,ma200_breach,46
6050.T,2025-02-04,2025-02-25,1987.7,2123.5,1987.7,6.83,ma200_breach,21
6050.T,2025-06-24,2025-08-04,2086.1,2080.2,2086.1,-0.28,stop_breakeven,41
6058.T,2025-07-28,2025-09-30,1090.1,1089.1,1090.1,-0.09,stop_breakeven,64
6058.T,2025-10-16,2026-02-19,1181.8,1341.9,1181.8,13.54,time,126
6062.T,2024-05-08,2024-05-24,1604.1,1359.3,1375.4,-15.26,stop_base,16
6062.T,2024-06-26,2024-08-02,1566.5,1317.2,1358.4,-15.91,ma200_breach,37
6071.T,2025-06-27,2025-08-12,844.4,801.9,844.4,-5.03,stop_breakeven,46
6078.T,2024-07-29,2024-08-02,1505.3,1399.8,1379.2,-7.01,ma200_breach,4
6078.T,2024-10-07,2024-10-23,1728.2,1645.1,1520.0,-4.81,ma200_breach,16
6078.T,2024-11-06,2024-11-18,1740.9,1768.3,1571.8,1.57,ma200_breach,12
6078.T,2024-11-25,2024-11-26,1977.5,1924.7,1625.6,-2.67,ma200_breach,1
6080.T,2025-01-31,2025-02-03,3034.5,2836.7,2404.9,-6.52,ma200_breach,3
6080.T,2025-06-11,2025-06-13,2950.8,2941.0,2603.6,-0.33,ma200_breach,2
6080.T,2025-06-16,2025-10-20,2960.7,3295.0,2960.7,11.29,time,126
6080.T,2025-11-21,2026-01-21,3300.0,3280.0,3300.0,-0.61,stop_breakeven,61
6088.T,2025-01-29,2025-02-03,882.4,871.1,793.2,-1.28,ma200_breach,5
6088.T,2025-02-07,2025-02-25,916.2,890.8,793.2,-2.77,ma200_breach,18
6088.T,2025-05-29,2025-06-02,1134.9,1157.9,929.4,2.03,ma200_breach,4
6089.T,2025-12-30,2026-04-22,1154.7,1145.0,1154.7,-0.84,stop_breakeven,113
6098.T,2024-01-15,2024-04-19,6177.1,6073.4,6177.1,-1.68,stop_breakeven,95
6098.T,2024-04-30,2024-08-02,6859.6,7833.5,6859.6,14.2,ma200_breach,94
6098.T,2024-09-20,2024-10-23,9208.0,9125.3,9208.0,-0.9,ma200_breach,33
6098.T,2024-11-08,2024-11-18,9892.6,9644.8,8662.6,-2.5,ma200_breach,10
6101.T,2024-06-14,2024-08-01,1483.9,1477.4,1483.9,-0.44,stop_breakeven,48
6101.T,2024-09-26,2024-10-23,1447.3,1358.6,1256.9,-6.13,ma200_breach,27
6101.T,2025-01-30,2025-02-03,1587.7,1577.2,1315.6,-0.66,ma200_breach,4
6101.T,2025-02-21,2025-02-25,1646.9,1645.9,1422.5,-0.06,ma200_breach,4
6101.T,2025-07-17,2025-11-20,1861.1,2635.5,1861.1,41.6,time,126
6101.T,2025-12-05,2025-12-16,2892.7,2834.6,2892.7,-2.01,stop_breakeven,11
6103.T,2025-07-23,2025-08-06,3796.7,3577.9,3796.7,-5.76,stop_breakeven,14
6104.T,2025-09-16,2026-01-20,4259.9,4271.8,3714.1,0.28,time,126
6113.T,2024-01-15,2024-05-20,1446.5,1689.3,1446.5,16.79,time,126
6113.T,2024-07-01,2024-08-01,1716.3,1582.7,1586.9,-7.78,stop_base,31
6113.T,2025-08-25,2025-10-29,1818.5,1812.0,1818.5,-0.36,stop_breakeven,65
6113.T,2025-12-11,2026-04-16,1873.1,2490.5,1873.1,32.96,time,126
6118.T,2025-08-06,2025-12-10,922.2,1132.0,922.2,22.75,time,126
6118.T,2025-12-29,2026-01-29,1153.2,1146.5,1153.2,-0.59,stop_breakeven,31
6118.T,2026-02-10,2026-02-16,1244.1,1090.4,1135.8,-12.35,stop_base,6
6134.T,2025-07-17,2025-11-20,2633.7,3257.8,2633.7,23.69,time,126
6134.T,2025-12-29,2026-02-02,3700.2,3699.2,3700.2,-0.03,stop_breakeven,35
6135.T,2024-07-11,2024-07-25,6716.8,6105.3,6162.6,-9.1,stop_base,14
6135.T,2024-12-10,2025-01-14,6942.8,11232.4,6942.8,61.79,ma200_breach,35
6135.T,2025-08-29,2025-10-02,11270.2,11143.3,11162.8,-1.13,stop_base,34
6136.T,2025-10-27,2026-03-02,2240.9,2925.0,2240.9,30.53,time,126
6140.T,2024-06-27,2024-08-02,931.7,819.0,819.9,-12.1,ma200_breach,36
6141.T,2024-01-15,2024-05-20,2615.2,4224.4,2615.2,61.54,time,126
6143.T,2025-02-13,2025-02-25,826.0,900.6,826.0,9.04,ma200_breach,12
6143.T,2025-06-27,2025-07-22,928.2,866.2,928.2,-6.68,stop_breakeven,25
6143.T,2025-09-30,2025-11-10,895.7,894.7,895.7,-0.11,stop_breakeven,41
6146.T,2024-07-10,2024-07-18,64941.1,54151.9,56082.4,-16.61,stop_base,8
6151.T,2024-06-21,2024-07-08,2288.0,2102.6,2143.0,-8.1,stop_base,17
6151.T,2024-08-16,2024-09-04,2310.1,2451.3,2310.1,6.11,ma200_breach,19
6151.T,2024-10-31,2024-11-01,2501.8,2505.6,2210.2,0.15,ma200_breach,1
6151.T,2024-11-05,2024-11-18,2586.0,2558.9,2241.9,-1.05,ma200_breach,13
6151.T,2024-11-25,2024-11-26,2691.6,2684.8,2402.0,-0.25,ma200_breach,1
6167.T,2024-06-18,2024-08-02,739.1,721.7,739.1,-2.36,ma200_breach,45
6167.T,2024-09-26,2024-10-23,734.5,719.8,684.9,-2.0,ma200_breach,27
6167.T,2026-01-14,2026-01-22,1072.7,1033.1,1072.7,-3.69,stop_breakeven,8
6178.T,2024-06-03,2024-07-25,1442.3,1434.8,1442.3,-0.52,stop_breakeven,52
6178.T,2025-01-24,2025-02-03,1498.5,1539.6,1423.1,2.74,ma200_breach,10
6183.T,2024-01-19,2024-03-08,1650.7,1452.4,1455.3,-12.02,stop_base,49
6184.T,2025-07-02,2025-10-17,550.6,544.8,550.6,-1.05,stop_breakeven,107
6184.T,2025-12-29,2026-03-03,609.6,526.0,528.4,-13.71,stop_base,64
6197.T,2025-12-10,2026-04-15,657.0,1116.0,657.0,69.86,time,126
6200.T,2024-11-11,2024-11-18,1050.3,991.8,925.6,-5.57,ma200_breach,7
6200.T,2024-12-05,2025-01-14,1130.2,1071.7,925.6,-5.17,ma200_breach,40
6201.T,2024-01-22,2024-05-27,12275.6,14448.0,12275.6,17.7,time,126
6201.T,2025-08-15,2025-12-19,16345.0,17800.0,16345.0,8.9,time,126
6209.T,2025-08-22,2025-12-26,2783.1,3434.4,2783.1,23.4,time,126
6235.T,2026-02-16,2026-03-23,2629.0,2589.0,2629.0,-1.52,stop_breakeven,35
6237.T,2024-01-19,2024-05-24,2044.4,2085.1,2044.4,1.99,time,126
6237.T,2024-06-19,2024-08-02,2605.6,2456.3,2605.6,-5.73,ma200_breach,44
6237.T,2024-10-01,2024-10-23,2862.8,2646.6,2423.3,-7.55,ma200_breach,22
6240.T,2024-07-01,2024-07-25,402.1,395.5,402.1,-1.65,stop_breakeven,24
6240.T,2024-09-26,2024-10-18,460.0,456.1,460.0,-0.83,stop_breakeven,22
6240.T,2024-11-06,2024-11-15,562.5,540.5,562.5,-3.92,stop_breakeven,9
6240.T,2025-07-16,2025-11-07,630.0,616.4,630.0,-2.16,stop_breakeven,114
6247.T,2024-06-25,2024-08-02,985.6,910.7,931.1,-7.59,ma200_breach,38
6247.T,2024-09-20,2024-10-23,1049.3,937.7,877.5,-10.63,ma200_breach,33
6247.T,2025-07-17,2025-11-20,1381.3,1397.5,1279.1,1.17,time,126
6247.T,2025-11-21,2026-03-27,1464.3,1598.0,1464.3,9.13,time,126
6250.T,2024-01-25,2024-05-30,1445.9,1948.3,1445.9,34.75,time,126
6250.T,2024-06-11,2024-07-25,2001.3,1992.6,2001.3,-0.43,stop_breakeven,44
6250.T,2024-09-26,2024-10-23,2425.5,2344.2,1986.9,-3.35,ma200_breach,27
6250.T,2024-12-03,2025-01-14,2428.3,2344.6,2263.9,-3.45,ma200_breach,42
6250.T,2025-01-20,2025-02-03,2553.8,2479.6,2553.8,-2.91,ma200_breach,14
6254.T,2025-10-06,2025-11-17,3425.8,3386.4,3425.8,-1.15,stop_breakeven,42
6258.T,2025-08-06,2025-08-28,2093.7,1780.0,1790.7,-14.98,stop_base,22
6258.T,2025-10-06,2025-11-05,1948.5,1919.3,1948.5,-1.5,stop_breakeven,30
6258.T,2025-11-12,2026-03-18,2120.0,2579.8,2120.0,21.69,time,126
6264.T,2024-05-24,2024-06-21,974.2,962.3,974.2,-1.22,stop_breakeven,28
6266.T,2024-04-02,2024-04-16,4002.6,3973.5,4002.6,-0.73,stop_breakeven,14
6268.T,2025-07-23,2025-11-26,2737.3,3279.4,2737.3,19.8,time,126
6268.T,2026-02-03,2026-03-09,4383.0,4238.0,4383.0,-3.31,stop_breakeven,34
6269.T,2024-02-15,2024-05-22,2620.6,2603.4,2620.6,-0.66,stop_breakeven,97
6269.T,2024-07-16,2024-08-02,2849.1,2340.1,2530.6,-17.87,ma200_breach,17
6269.T,2024-11-07,2024-11-18,3440.5,3193.7,2980.8,-7.17,ma200_breach,11
6269.T,2025-01-06,2025-01-14,3415.1,3307.0,3005.0,-3.17,ma200_breach,8
6269.T,2025-02-13,2025-02-25,3921.2,4044.1,3921.2,3.13,ma200_breach,12
6269.T,2025-08-08,2025-12-12,6773.6,12752.7,6773.6,88.27,time,126
6272.T,2024-06-25,2024-08-01,1588.2,1380.2,1398.9,-13.09,stop_base,37
6273.T,2024-01-22,2024-03-14,81924.9,80677.7,81924.9,-1.52,stop_breakeven,52
6277.T,2024-01-16,2024-02-14,4067.3,4048.6,4067.3,-0.46,stop_breakeven,29
6277.T,2024-03-01,2024-06-07,4476.0,3829.6,3982.8,-14.44,stop_base,98
6277.T,2025-07-31,2025-11-10,5296.3,5113.6,5296.3,-3.45,stop_breakeven,102
6277.T,2025-12-25,2026-03-23,5598.3,5519.1,5598.3,-1.41,stop_breakeven,88
6278.T,2024-04-08,2024-08-02,4399.0,4978.6,4399.0,13.18,ma200_breach,116
6278.T,2024-09-27,2024-10-23,6199.0,6499.3,6199.0,4.84,ma200_breach,26
6282.T,2024-01-25,2024-05-30,1943.2,2030.7,1943.2,4.5,time,126
6282.T,2024-06-19,2024-08-02,2208.2,2001.0,1979.6,-9.39,ma200_breach,44
6284.T,2024-06-18,2024-08-02,5093.0,4621.5,4635.6,-9.26,ma200_breach,45
6284.T,2025-07-14,2025-11-17,6138.1,6550.0,6138.1,6.71,time,126
6289.T,2026-02-09,2026-03-04,2163.4,2111.0,2163.4,-2.42,stop_breakeven,23
6294.T,2024-01-30,2024-05-13,2436.5,2422.5,2436.5,-0.57,stop_breakeven,104
6294.T,2025-12-18,2026-03-23,2152.6,2113.9,2152.6,-1.8,stop_breakeven,95
6301.T,2024-02-28,2024-04-26,3973.5,3947.0,3973.5,-0.67,stop_breakeven,58
6301.T,2024-04-30,2024-07-24,4401.5,4355.2,4401.5,-1.05,stop_breakeven,85
6301.T,2025-06-25,2025-10-29,4369.1,5468.4,4369.1,25.16,time,126
6302.T,2024-01-19,2024-05-24,3402.0,3918.2,3402.0,15.17,time,126
6302.T,2024-07-03,2024-07-25,4080.9,3728.3,3782.1,-8.64,stop_base,22
6305.T,2024-03-27,2024-04-17,4247.5,4194.8,4247.5,-1.24,stop_breakeven,21
6305.T,2025-07-23,2025-11-05,4493.8,4302.9,4493.8,-4.25,stop_breakeven,105
6306.T,2024-06-24,2024-08-02,704.7,658.1,649.8,-6.62,ma200_breach,39
6306.T,2025-07-25,2025-11-18,730.9,727.2,730.9,-0.5,stop_breakeven,116
6309.T,2024-02-22,2024-06-27,1152.7,1522.6,1152.7,32.09,time,126
6309.T,2025-07-23,2025-11-26,1454.9,1626.1,1454.9,11.76,time,126
6309.T,2025-11-27,2026-04-02,1656.5,1824.1,1656.5,10.12,time,126
6310.T,2025-05-29,2025-06-02,1123.8,1213.8,1123.8,8.01,ma200_breach,4
6310.T,2025-10-22,2025-10-27,2394.3,2182.9,2183.9,-8.83,stop_base,5
6315.T,2024-01-25,2024-05-30,2637.7,3925.6,2637.7,48.83,time,126
6315.T,2025-11-10,2025-12-15,2577.3,1973.4,1982.3,-23.43,stop_base,35
6323.T,2024-01-18,2024-05-23,1522.4,3083.9,1522.4,102.57,time,126
6323.T,2024-07-04,2024-07-12,3182.4,2995.2,3182.4,-5.88,stop_breakeven,8
6323.T,2025-12-24,2026-04-30,2212.0,3670.0,2212.0,65.91,time,127
6326.T,2026-01-08,2026-01-26,2344.5,2341.5,2344.5,-0.13,stop_breakeven,18
6326.T,2026-02-04,2026-03-23,2540.0,2426.5,2540.0,-4.47,stop_breakeven,47
6328.T,2024-06-18,2024-08-02,1811.6,1689.0,1811.6,-6.77,ma200_breach,45
6328.T,2024-09-20,2024-10-23,1990.8,1938.1,1677.0,-2.65,ma200_breach,33
6328.T,2024-11-05,2024-11-18,2086.6,2115.4,2086.6,1.38,ma200_breach,13
6330.T,2024-01-29,2024-06-03,795.0,888.2,795.0,11.73,time,126
6330.T,2025-10-15,2026-02-18,1779.0,3765.0,1779.0,111.64,time,126
6331.T,2024-01-15,2024-05-20,1002.8,1285.4,1002.8,28.17,time,126
6331.T,2024-05-21,2024-08-02,1343.3,1053.6,1111.6,-21.57,ma200_breach,73
6331.T,2025-07-01,2025-11-04,1975.0,3407.5,1975.0,72.53,time,126
6331.T,2025-12-08,2026-03-03,3480.9,3412.4,3480.9,-1.97,stop_breakeven,85
6332.T,2024-04-30,2024-05-15,1363.2,1256.1,1260.7,-7.86,stop_base,15
6332.T,2024-06-24,2024-07-24,1330.9,1330.0,1330.9,-0.07,stop_breakeven,30
6332.T,2025-02-07,2025-02-25,1486.9,1472.8,1334.4,-0.95,ma200_breach,18
6332.T,2025-06-16,2025-10-20,2057.6,2546.1,2057.6,23.74,time,126
6332.T,2025-12-08,2026-03-23,2883.0,2810.1,2883.0,-2.53,stop_breakeven,105
6333.T,2024-01-19,2024-02-13,2824.7,2551.8,2606.6,-9.66,stop_base,25
6333.T,2025-05-13,2025-05-15,3001.8,3045.2,2426.5,1.45,ma200_breach,2
6333.T,2025-06-20,2025-10-24,3214.1,3086.5,2802.9,-3.97,time,126
6339.T,2024-01-15,2024-05-20,996.3,1040.7,996.3,4.46,time,126
6339.T,2026-02-05,2026-03-09,1172.4,988.7,1029.8,-15.67,stop_base,32
6340.T,2024-04-08,2024-05-16,3384.0,3374.6,3384.0,-0.28,stop_breakeven,38
6340.T,2024-05-30,2024-06-21,3610.6,3568.1,3610.6,-1.18,stop_breakeven,22
6340.T,2024-09-20,2024-10-16,3617.7,3545.7,3617.7,-1.99,stop_breakeven,26
6340.T,2024-11-11,2024-11-18,3886.4,3776.1,3411.4,-2.84,ma200_breach,7
6345.T,2024-01-29,2024-05-29,1023.1,1019.2,1023.1,-0.38,stop_breakeven,121
6345.T,2024-06-11,2024-08-02,1127.3,1021.1,961.5,-9.42,ma200_breach,52
6345.T,2024-09-20,2024-10-23,1091.6,1142.1,1091.6,4.63,ma200_breach,33
6345.T,2024-12-03,2025-01-14,1334.8,1280.8,1090.0,-4.04,ma200_breach,42
6345.T,2025-02-05,2025-02-25,1380.4,1362.7,1276.2,-1.28,ma200_breach,20
6345.T,2025-05-13,2025-05-15,1327.1,1303.2,1143.4,-1.8,ma200_breach,2
6345.T,2025-07-24,2025-07-31,1317.5,1237.1,1266.8,-6.1,stop_base,7
6349.T,2024-04-03,2024-04-11,1176.9,1078.3,1100.9,-8.38,stop_base,8
6349.T,2024-05-27,2024-07-25,1136.2,1132.6,1136.2,-0.32,stop_breakeven,59
6349.T,2025-06-17,2025-07-30,1425.6,1348.1,1425.6,-5.43,stop_breakeven,43
6349.T,2025-10-07,2025-10-29,1497.6,1399.8,1419.8,-6.53,stop_base,22
6349.T,2025-11-27,2026-04-02,1515.2,1598.0,1515.2,5.46,time,126
6351.T,2024-03-07,2024-07-11,1799.0,2038.2,1799.0,13.3,time,126
6351.T,2026-01-14,2026-02-13,2317.1,2211.9,2317.1,-4.54,stop_breakeven,30
6358.T,2024-01-15,2024-05-15,2996.6,2449.9,2523.0,-18.24,stop_base,121
6361.T,2024-01-15,2024-05-20,1685.5,2440.1,1685.5,44.77,time,126
6361.T,2024-07-04,2024-07-22,2492.2,2120.2,2147.4,-14.93,stop_base,18
6361.T,2025-08-15,2025-12-19,3210.6,3562.6,3210.6,10.96,time,126
6361.T,2026-01-07,2026-03-30,4326.0,4253.0,4326.0,-1.69,stop_breakeven,82
6363.T,2024-01-16,2024-05-21,2214.1,3047.1,2214.1,37.63,time,126
6364.T,2024-01-19,2024-03-04,2445.1,2080.6,2088.0,-14.91,stop_base,45
6368.T,2024-01-22,2024-05-27,6028.1,8342.6,6028.1,38.4,time,126
6368.T,2025-06-30,2025-11-04,8868.0,13706.8,8868.0,54.56,time,127
6368.T,2026-01-06,2026-03-23,13721.7,13403.7,13721.7,-2.32,stop_breakeven,76
6369.T,2024-01-15,2024-05-17,1780.6,1774.4,1780.6,-0.35,stop_breakeven,123
6369.T,2025-09-25,2026-01-29,2269.7,2559.6,2269.7,12.77,time,126
6370.T,2024-07-02,2024-07-23,6722.0,6232.5,6290.4,-7.28,stop_base,21
6370.T,2026-01-29,2026-03-09,7559.4,7519.7,7559.4,-0.53,stop_breakeven,39
6371.T,2024-01-19,2024-05-24,1243.6,1812.9,1243.6,45.78,time,126
6371.T,2024-06-17,2024-08-02,1874.7,1816.0,1874.7,-3.13,ma200_breach,46
6371.T,2026-02-04,2026-03-04,2420.9,2375.6,2420.9,-1.87,stop_breakeven,28
6376.T,2024-04-09,2024-05-30,1229.7,1139.9,1141.8,-7.3,stop_base,51
6376.T,2024-07-17,2024-08-01,1178.8,1078.4,1081.4,-8.52,stop_base,15
6376.T,2025-06-27,2025-10-31,1223.9,1490.1,1223.9,21.76,time,126
6376.T,2025-12-12,2026-04-17,1582.8,2657.0,1582.8,67.86,time,126
6379.T,2024-02-13,2024-05-16,1706.4,1642.9,1706.4,-3.72,stop_breakeven,93
6379.T,2024-07-10,2024-08-02,1686.1,1516.8,1584.3,-10.04,ma200_breach,23
6379.T,2025-06-30,2025-11-04,1707.9,1888.7,1707.9,10.59,time,127
6379.T,2025-11-13,2026-03-13,2321.4,2319.5,2321.4,-0.08,stop_breakeven,120
6381.T,2024-02-16,2024-06-21,1200.3,1450.2,1200.3,20.82,time,126
6381.T,2024-06-24,2024-08-02,1499.7,1232.8,1214.5,-17.8,ma200_breach,39
6381.T,2025-09-26,2025-10-29,1550.7,1462.0,1463.3,-5.72,stop_base,33
6383.T,2024-02-09,2024-04-19,3106.5,3052.8,3106.5,-1.73,stop_breakeven,70
6383.T,2025-07-23,2025-11-26,3865.2,4854.2,3865.2,25.59,time,126
6383.T,2025-12-09,2026-04-14,5100.0,6578.0,5100.0,28.98,time,126
6387.T,2025-12-23,2026-04-28,4400.0,11250.0,4400.0,155.68,time,126
6390.T,2024-01-15,2024-02-15,1219.7,1209.2,1219.7,-0.86,stop_breakeven,31
6390.T,2024-03-29,2024-05-16,1387.6,1193.7,1209.2,-13.97,stop_base,48
6390.T,2025-07-23,2025-10-14,1302.6,1297.8,1302.6,-0.38,stop_breakeven,83
6395.T,2024-02-15,2024-04-17,1203.2,1165.6,1203.2,-3.12,stop_breakeven,62
6407.T,2024-01-22,2024-05-27,2510.9,2992.6,2510.9,19.18,time,126
6407.T,2024-07-03,2024-07-18,3144.6,2834.9,2859.6,-9.85,stop_base,15
6412.T,2024-12-19,2025-01-14,2280.2,2205.5,1981.2,-3.28,ma200_breach,26
6413.T,2024-01-16,2024-05-21,1278.3,1391.1,1278.3,8.82,time,126
6413.T,2024-05-23,2024-07-17,1432.6,1421.1,1432.6,-0.81,stop_breakeven,55
6413.T,2024-08-20,2024-09-04,1578.0,1619.5,1338.5,2.63,ma200_breach,15
6413.T,2024-09-26,2024-10-23,1640.2,1598.7,1441.8,-2.53,ma200_breach,27
6413.T,2024-11-05,2024-11-18,1679.5,1654.1,1527.2,-1.51,ma200_breach,13
6417.T,2024-02-14,2024-05-10,1694.9,1408.6,1463.0,-16.89,stop_base,86
6417.T,2024-06-17,2024-07-26,1530.7,1498.1,1530.7,-2.13,stop_breakeven,39
6417.T,2024-10-09,2024-10-23,2013.5,1915.8,1859.6,-4.85,ma200_breach,14
6417.T,2024-11-12,2024-11-18,2024.7,1996.2,1856.0,-1.41,ma200_breach,6
6417.T,2025-02-04,2025-02-25,2139.3,1988.3,1877.9,-7.06,ma200_breach,21
6417.T,2025-05-13,2025-05-15,2306.3,2307.7,1839.9,0.06,ma200_breach,2
6417.T,2025-06-24,2025-09-24,2540.2,2535.4,2540.2,-0.19,stop_breakeven,92
6419.T,2024-06-04,2024-08-02,3439.2,3025.6,2737.9,-12.03,ma200_breach,59
6420.T,2024-06-10,2024-08-01,3109.6,3095.3,3109.6,-0.46,stop_breakeven,52
6420.T,2025-06-23,2025-10-27,3019.5,3615.6,3019.5,19.74,time,126
6420.T,2025-11-28,2026-03-04,3703.5,3371.3,3395.7,-8.97,stop_base,96
6432.T,2024-02-22,2024-06-27,4694.3,5236.5,4694.3,11.55,time,126
6432.T,2025-11-28,2026-03-04,6924.3,6640.0,6924.3,-4.11,stop_breakeven,96
6436.T,2024-02-02,2024-06-07,3288.4,3576.4,3288.4,8.76,time,126
6436.T,2024-06-10,2024-07-26,3620.4,3412.6,3620.4,-5.74,stop_breakeven,46
6436.T,2024-09-26,2024-10-23,4062.5,3961.6,3546.2,-2.48,ma200_breach,27
6440.T,2025-09-05,2025-11-19,445.8,434.1,445.8,-2.64,stop_breakeven,75
6445.T,2024-10-16,2024-10-23,827.3,831.0,734.6,0.45,ma200_breach,7
6445.T,2024-11-07,2024-11-18,866.5,910.5,759.4,5.07,ma200_breach,11
6445.T,2025-02-06,2025-02-25,945.0,961.9,883.4,1.78,ma200_breach,19
6445.T,2025-07-31,2025-10-01,1101.0,1080.3,1101.0,-1.87,stop_breakeven,62
6445.T,2025-11-17,2026-03-23,1135.8,1249.7,1135.8,10.03,time,126
6448.T,2024-02-07,2024-06-12,2412.1,2718.2,2412.1,12.69,time,126
6448.T,2024-07-09,2024-08-02,2857.9,2582.3,2549.3,-9.64,ma200_breach,24
6448.T,2024-09-26,2024-10-23,2686.6,2792.2,2686.6,3.93,ma200_breach,27
6448.T,2024-11-06,2024-11-14,2879.8,2553.0,2592.1,-11.35,stop_base,8
6454.T,2024-01-15,2024-05-20,768.3,850.7,768.3,10.73,time,126
6454.T,2024-05-31,2024-06-21,891.2,884.0,891.2,-0.8,stop_breakeven,21
6454.T,2024-09-26,2024-10-23,890.0,825.6,822.1,-7.23,ma200_breach,27
6454.T,2025-05-13,2025-05-15,1110.1,1099.1,916.9,-0.99,ma200_breach,2
6454.T,2025-05-29,2025-06-02,1166.4,1146.8,991.5,-1.68,ma200_breach,4
6454.T,2025-07-11,2025-11-14,1173.7,1577.1,1173.7,34.38,time,126
6454.T,2025-12-29,2026-02-02,1687.2,1508.7,1528.2,-10.58,stop_base,35
6455.T,2024-03-15,2024-07-19,1565.8,1731.9,1565.8,10.61,time,126
6455.T,2024-07-31,2024-08-02,1839.1,1619.9,1634.2,-11.92,ma200_breach,2
6455.T,2024-09-20,2024-10-22,1891.3,1885.2,1891.3,-0.32,stop_breakeven,32
6455.T,2024-12-03,2025-01-14,2063.0,1985.1,1861.2,-3.77,ma200_breach,42
6455.T,2025-01-30,2025-02-03,2122.5,1997.6,1973.6,-5.89,ma200_breach,4
6455.T,2025-06-27,2025-10-31,2088.4,2304.6,2088.4,10.35,time,126
6455.T,2025-11-21,2026-03-27,2520.8,2741.0,2520.8,8.73,time,126
6457.T,2025-06-26,2025-10-30,3210.9,3646.7,3210.9,13.57,time,126
6457.T,2025-11-10,2026-03-03,3924.8,3845.9,3924.8,-2.01,stop_breakeven,113
6458.T,2024-02-20,2024-06-25,953.3,1236.1,953.3,29.66,time,126
6458.T,2024-07-16,2024-08-02,1342.6,1121.9,1138.9,-16.44,ma200_breach,17
6459.T,2024-01-15,2024-03-06,1557.7,1315.3,1324.8,-15.56,stop_base,51
6459.T,2024-07-02,2024-08-02,1542.5,1325.3,1332.2,-14.08,ma200_breach,31
6459.T,2025-06-17,2025-07-04,1624.1,1610.8,1624.1,-0.82,stop_breakeven,17
6459.T,2025-08-08,2025-08-15,1728.9,1594.0,1603.9,-7.8,stop_base,7
6459.T,2025-09-26,2025-10-01,1714.1,1583.2,1594.0,-7.64,stop_base,5
6460.T,2024-12-25,2025-01-08,2898.3,2895.9,2898.3,-0.08,stop_breakeven,14
6460.T,2025-06-18,2025-07-10,3116.2,3041.7,3116.2,-2.39,stop_breakeven,22
6460.T,2025-08-18,2025-10-14,3373.1,2854.4,2970.1,-15.38,stop_base,57
6463.T,2024-02-27,2024-07-02,973.2,1160.5,973.2,19.25,time,126
6463.T,2024-12-26,2025-01-14,1150.3,1090.2,1081.3,-5.23,ma200_breach,19
6471.T,2025-11-05,2026-03-11,884.7,1203.5,884.7,36.04,time,126
6472.T,2025-09-26,2026-01-30,337.1,363.4,337.1,7.79,time,126
6472.T,2026-02-05,2026-03-04,381.3,360.1,381.3,-5.55,stop_breakeven,27
6473.T,2025-06-27,2025-10-31,1116.5,1521.9,1116.5,36.31,time,126
6473.T,2025-11-04,2026-03-10,1586.7,1789.5,1586.7,12.78,time,126
6474.T,2025-09-02,2026-01-06,3393.9,4645.0,3393.9,36.86,time,126
6474.T,2026-03-02,2026-03-09,5380.0,4680.0,4815.0,-13.01,stop_base,7
6479.T,2024-01-22,2024-05-27,2953.2,3155.5,2953.2,6.85,time,126
6479.T,2024-07-02,2024-07-25,3426.6,3391.8,3426.6,-1.01,stop_breakeven,23
6479.T,2025-11-28,2025-12-17,3141.9,3111.2,3141.9,-0.98,stop_breakeven,19
6479.T,2026-01-22,2026-03-04,3342.0,2893.7,2969.5,-13.42,stop_base,41
6480.T,2025-08-01,2025-12-05,591.3,748.2,591.3,26.53,time,126
6480.T,2025-12-18,2026-04-23,762.0,998.0,762.0,30.98,time,126
6481.T,2025-05-29,2025-06-02,3730.4,3671.2,3094.2,-1.59,ma200_breach,4
6481.T,2025-07-04,2025-11-07,3812.6,3980.5,3812.6,4.4,time,126
6486.T,2024-03-08,2024-07-12,1608.6,1691.8,1608.6,5.18,time,126
6486.T,2024-07-24,2024-08-02,1887.8,1752.9,1674.5,-7.15,ma200_breach,9
6486.T,2024-09-20,2024-10-23,1921.5,1896.3,1668.1,-1.31,ma200_breach,33
6486.T,2024-12-24,2025-01-14,1880.4,1865.5,1788.0,-0.79,ma200_breach,21
6486.T,2025-01-21,2025-02-03,1952.3,1896.3,1788.0,-2.87,ma200_breach,13
6486.T,2025-09-26,2025-11-18,2565.6,2515.7,2565.6,-1.95,stop_breakeven,53
6486.T,2025-12-12,2026-04-17,2739.7,2901.0,2739.7,5.89,time,126
6490.T,2024-01-18,2024-02-09,4292.8,4250.8,4292.8,-0.98,stop_breakeven,22
6490.T,2024-02-14,2024-03-11,5164.4,5136.4,5164.4,-0.54,stop_breakeven,26
6490.T,2024-03-29,2024-05-14,5962.8,5480.1,5962.8,-8.1,stop_breakeven,46
6490.T,2024-07-04,2024-07-25,5290.8,4670.9,4808.1,-11.72,stop_base,21
6498.T,2024-02-16,2024-05-14,1172.6,1061.5,1172.6,-9.47,stop_breakeven,88
6498.T,2025-05-29,2025-06-02,1117.6,1126.3,993.2,0.78,ma200_breach,4
6498.T,2025-06-27,2025-10-31,1163.3,1699.3,1163.3,46.08,time,126
6498.T,2025-12-29,2026-03-23,1755.0,1727.0,1755.0,-1.6,stop_breakeven,84
6501.T,2024-01-15,2024-05-20,2188.5,2847.4,2188.5,30.11,time,126
6501.T,2024-05-21,2024-08-02,2919.7,3023.3,2919.7,3.55,ma200_breach,73
6501.T,2024-09-20,2024-10-23,3589.3,3828.4,3589.3,6.66,ma200_breach,33
6501.T,2024-10-30,2024-11-01,4075.1,3615.2,3333.2,-11.29,ma200_breach,2
6501.T,2025-02-05,2025-02-25,3989.6,3770.4,3989.6,-5.49,ma200_breach,20
6501.T,2025-06-27,2025-08-04,4230.6,4097.2,4230.6,-3.15,stop_breakeven,38
6501.T,2026-01-06,2026-02-13,5413.8,5179.2,5413.8,-4.33,stop_breakeven,38
6503.T,2024-01-18,2024-05-23,2066.2,2723.7,2066.2,31.82,time,126
6503.T,2024-07-10,2024-07-26,2725.1,2374.1,2405.6,-12.88,stop_base,16
6503.T,2025-06-25,2025-10-29,3030.8,4130.6,3030.8,36.29,time,126
6503.T,2025-10-30,2026-03-05,4182.3,5586.4,4182.3,33.57,time,126
6504.T,2024-03-26,2024-07-25,9766.9,7564.2,7906.0,-22.55,stop_base,121
6504.T,2025-10-20,2025-11-05,10657.3,10152.2,10657.3,-4.74,stop_breakeven,16
6504.T,2025-12-09,2026-01-21,11360.5,11182.2,11360.5,-1.57,stop_breakeven,43
6507.T,2024-01-15,2024-02-08,2081.1,1977.5,2081.1,-4.98,stop_breakeven,24
6507.T,2024-02-13,2024-06-18,2290.2,3294.6,2290.2,43.86,time,126
6507.T,2024-11-07,2024-11-18,5354.9,5889.4,5354.9,9.98,ma200_breach,11
6507.T,2025-01-29,2025-02-03,6686.3,6657.2,5588.1,-0.44,ma200_breach,5
6507.T,2025-08-06,2025-08-19,9944.9,8430.9,8589.3,-15.22,stop_base,13
6508.T,2024-01-15,2024-05-20,2381.3,3544.0,2381.3,48.83,time,126
6508.T,2024-12-18,2025-01-14,4171.4,3853.8,3680.6,-7.61,ma200_breach,27
6508.T,2025-02-04,2025-02-20,4460.0,4416.7,4460.0,-0.97,stop_breakeven,16
6508.T,2025-07-18,2025-11-21,5357.6,5460.2,5357.6,1.91,time,126
6516.T,2024-12-24,2025-01-14,2794.3,2723.5,2598.0,-2.53,ma200_breach,21
6516.T,2025-01-30,2025-02-03,3022.9,3016.5,2649.5,-0.21,ma200_breach,4
6516.T,2025-02-06,2025-02-25,3051.9,2907.0,2649.5,-4.75,ma200_breach,19
6516.T,2025-08-20,2025-12-24,3331.0,4026.4,3331.0,20.88,time,126
6517.T,2024-03-01,2024-07-05,2190.6,2521.4,2190.6,15.1,time,126
6517.T,2024-10-01,2024-10-23,2508.4,2405.4,2216.0,-4.1,ma200_breach,22
6517.T,2024-12-06,2025-01-14,2783.9,2573.2,2345.4,-7.57,ma200_breach,39
6517.T,2025-06-27,2025-08-29,2776.4,2759.9,2776.4,-0.59,stop_breakeven,63
6517.T,2025-09-29,2026-02-02,2963.9,3608.9,2963.9,21.76,time,126
6532.T,2024-11-14,2024-11-18,5506.9,5506.0,4733.8,-0.02,ma200_breach,4
6532.T,2025-01-21,2025-02-03,5822.3,6384.6,5822.3,9.66,ma200_breach,13
6532.T,2025-07-10,2025-10-16,7813.8,7553.8,7813.8,-3.33,stop_breakeven,98
6533.T,2026-01-29,2026-03-03,1265.0,1076.0,1090.0,-14.94,stop_base,33
6535.T,2024-12-09,2025-01-06,519.2,465.4,473.1,-10.35,stop_base,28
6535.T,2025-05-29,2025-06-02,543.1,547.0,499.0,0.71,ma200_breach,4
6535.T,2025-06-09,2025-06-13,566.2,583.5,505.7,3.05,ma200_breach,4
6535.T,2025-06-16,2025-10-20,599.8,597.0,599.8,-0.46,stop_breakeven,126
6544.T,2024-05-14,2024-06-06,1312.5,1293.9,1312.5,-1.42,stop_breakeven,23
6544.T,2024-07-19,2024-08-02,1361.4,1233.3,1184.9,-9.41,ma200_breach,14
6544.T,2024-09-20,2024-10-22,1466.5,1451.8,1466.5,-1.0,stop_breakeven,32
6544.T,2024-12-23,2025-01-14,1438.6,1380.9,1281.7,-4.01,ma200_breach,22
6544.T,2025-01-21,2025-02-03,1445.0,1453.8,1445.0,0.61,ma200_breach,13
6544.T,2025-05-13,2025-05-15,1608.8,1779.3,1608.8,10.6,ma200_breach,2
6544.T,2025-06-25,2025-10-28,2036.4,1735.8,1757.1,-14.76,stop_base,125
6564.T,2025-07-22,2025-08-12,2093.6,2031.1,2093.6,-2.98,stop_breakeven,21
6571.T,2025-07-03,2025-11-06,1175.0,1360.0,1175.0,15.74,time,126
6571.T,2025-12-24,2026-04-30,1385.0,1357.0,1310.0,-2.02,time,127
6572.T,2025-06-11,2025-06-13,314.4,320.3,271.3,1.87,ma200_breach,2
6572.T,2025-06-16,2025-10-17,327.2,323.2,327.2,-1.2,stop_breakeven,123
6584.T,2024-06-27,2024-08-02,974.4,811.7,872.2,-16.7,ma200_breach,36
6584.T,2025-10-27,2025-11-17,946.6,803.5,848.6,-15.11,stop_base,21
6586.T,2024-05-17,2024-08-02,4584.9,4201.8,3938.5,-8.36,ma200_breach,77
6586.T,2024-09-26,2024-10-23,4806.4,4440.8,4096.3,-7.61,ma200_breach,27
6586.T,2024-10-31,2024-11-01,4822.6,4672.8,4354.0,-3.11,ma200_breach,1
6586.T,2025-01-29,2025-02-03,4818.8,4234.7,4237.5,-12.12,ma200_breach,5
6588.T,2024-11-25,2024-11-26,3656.3,3690.8,3302.0,0.94,ma200_breach,1
6588.T,2024-12-12,2025-01-07,3710.4,3395.5,3410.3,-8.49,stop_base,26
6590.T,2024-10-03,2024-10-23,1673.1,1908.9,1673.1,14.09,ma200_breach,20
6590.T,2025-08-29,2026-01-05,2193.7,3824.7,2193.7,74.35,time,129
6592.T,2024-01-17,2024-04-26,1163.9,1131.2,1163.9,-2.81,stop_breakeven,100
6592.T,2025-08-21,2025-12-25,1224.9,1421.8,1224.9,16.07,time,126
6592.T,2025-12-26,2026-01-28,1433.5,1433.0,1433.5,-0.03,stop_breakeven,33
6592.T,2026-02-09,2026-04-28,1530.0,1528.0,1530.0,-0.13,stop_breakeven,78
6616.T,2025-09-25,2025-10-17,1733.0,1487.3,1518.1,-14.18,stop_base,22
6617.T,2025-06-26,2025-10-30,2235.0,3324.2,2235.0,48.73,time,126
6617.T,2025-10-31,2025-11-19,3383.2,3309.5,3383.2,-2.18,stop_breakeven,19
6617.T,2025-12-02,2026-04-07,3619.3,5430.0,3619.3,50.03,time,126
6620.T,2024-02-27,2024-03-04,1235.0,1216.0,1235.0,-1.54,stop_breakeven,6
6622.T,2024-01-19,2024-02-06,6234.0,6205.5,6234.0,-0.46,stop_breakeven,18
6622.T,2024-02-20,2024-06-25,6794.7,7928.9,6794.7,16.69,time,126
6622.T,2025-12-22,2026-04-27,10043.2,14770.0,10043.2,47.06,time,126
6632.T,2024-06-03,2024-07-02,862.7,855.9,862.7,-0.79,stop_breakeven,29
6632.T,2025-01-23,2025-02-03,1743.7,1707.6,1529.3,-2.07,ma200_breach,11
6638.T,2024-02-05,2024-06-10,883.9,1876.9,883.9,112.34,time,126
6638.T,2025-07-11,2025-08-07,1898.2,1869.1,1898.2,-1.53,stop_breakeven,27
6644.T,2024-02-05,2024-05-16,664.7,574.2,581.7,-13.62,stop_base,101
6644.T,2024-06-24,2024-07-08,652.7,649.9,652.7,-0.43,stop_breakeven,14
6644.T,2024-10-09,2024-10-23,778.3,751.4,634.7,-3.45,ma200_breach,14
6644.T,2024-11-15,2024-11-18,782.1,760.1,720.8,-2.82,ma200_breach,3
6644.T,2024-12-09,2025-01-14,793.6,737.0,707.3,-7.13,ma200_breach,36
6644.T,2025-02-07,2025-02-25,823.3,732.3,711.2,-11.06,ma200_breach,18
6644.T,2025-06-11,2025-06-13,911.9,910.0,814.7,-0.21,ma200_breach,2
6644.T,2025-06-16,2025-10-20,926.5,1246.0,926.5,34.48,time,126
6644.T,2025-10-27,2025-11-05,1295.2,1156.3,1186.9,-10.72,stop_base,9
6644.T,2025-12-23,2026-04-28,1211.5,2014.0,1211.5,66.24,time,126
6651.T,2024-01-23,2024-05-16,3490.7,3207.6,3490.7,-8.11,stop_breakeven,114
6651.T,2025-08-04,2025-12-08,3281.3,3893.2,3281.3,18.65,time,126
6651.T,2025-12-10,2026-04-15,3976.9,4495.0,3976.9,13.03,time,126
6652.T,2025-12-26,2026-05-01,2900.4,3340.0,2900.4,15.16,time,126
6653.T,2024-04-11,2024-07-09,1341.0,1334.9,1341.0,-0.45,stop_breakeven,89
6653.T,2025-08-19,2025-09-01,1570.4,1544.7,1570.4,-1.64,stop_breakeven,13
6653.T,2025-09-11,2025-10-10,1693.2,1673.4,1693.2,-1.17,stop_breakeven,29
6653.T,2025-10-23,2026-02-26,1808.9,2651.0,1808.9,46.55,time,126
6674.T,2024-06-20,2024-07-10,3214.6,2798.4,2844.6,-12.95,stop_base,20
6674.T,2025-09-26,2026-01-30,3455.3,3547.2,3455.3,2.66,time,126
6701.T,2024-01-15,2024-05-20,1754.2,2169.9,1754.2,23.7,time,126
6701.T,2024-05-27,2024-08-02,2338.8,2223.9,2338.8,-4.91,ma200_breach,67
6701.T,2024-09-20,2024-10-23,2691.2,2618.9,2279.8,-2.69,ma200_breach,33
6701.T,2024-12-23,2025-01-14,2705.7,2526.1,2420.5,-6.64,ma200_breach,22
6701.T,2025-06-16,2025-10-20,4000.1,4937.6,4000.1,23.44,time,126
6701.T,2025-10-27,2026-02-04,5132.5,4696.0,5132.5,-8.51,stop_breakeven,100
6702.T,2024-03-07,2024-07-11,2410.7,2603.5,2410.7,8.0,time,126
6702.T,2024-07-26,2024-08-02,2635.3,2342.9,2319.5,-11.09,ma200_breach,7
6702.T,2024-09-27,2024-10-23,2965.7,2931.8,2394.7,-1.14,ma200_breach,26
6702.T,2025-01-07,2025-01-14,2833.3,2613.6,2655.8,-7.75,ma200_breach,7
6702.T,2025-01-29,2025-02-03,2848.5,2991.2,2613.6,5.01,ma200_breach,5
6702.T,2025-02-13,2025-02-25,3049.0,2885.2,2613.6,-5.37,ma200_breach,12
6702.T,2025-06-09,2025-06-13,3420.5,3416.5,2895.4,-0.12,ma200_breach,4
6702.T,2025-06-17,2025-09-29,3454.9,3451.6,3454.9,-0.1,stop_breakeven,104
6702.T,2025-10-06,2026-02-09,3798.8,3973.0,3798.8,4.58,time,126
6703.T,2024-01-16,2024-05-21,943.3,953.2,943.3,1.05,time,126
6703.T,2024-07-03,2024-08-02,1007.4,850.4,919.6,-15.58,ma200_breach,30
6703.T,2025-08-05,2025-09-01,1579.7,1491.9,1492.9,-5.56,stop_base,27
6703.T,2025-09-08,2026-01-13,1645.1,2126.1,1645.1,29.24,time,127
6706.T,2025-08-07,2025-10-01,2126.9,1919.1,1940.3,-9.77,stop_base,55
6706.T,2026-01-08,2026-01-30,2634.0,2629.1,2634.0,-0.19,stop_breakeven,22
6707.T,2025-07-03,2025-07-17,8413.0,8308.0,8413.0,-1.25,stop_breakeven,14
6718.T,2024-01-15,2024-02-15,2509.7,2472.4,2509.7,-1.49,stop_breakeven,31
6718.T,2024-03-25,2024-07-26,2739.7,2728.9,2739.7,-0.4,stop_breakeven,123
6723.T,2024-01-19,2024-03-11,2517.7,2462.7,2517.7,-2.18,stop_breakeven,52
6723.T,2024-07-03,2024-07-18,3083.8,2931.9,3083.8,-4.92,stop_breakeven,15
6724.T,2024-03-19,2024-05-08,2373.7,2341.1,2373.7,-1.37,stop_breakeven,50
6724.T,2024-09-26,2024-10-23,2595.8,2646.5,2381.4,1.96,ma200_breach,27
6724.T,2024-12-16,2025-01-14,2704.9,2564.4,2514.6,-5.19,ma200_breach,29
6727.T,2024-06-28,2024-07-25,704.4,674.6,704.4,-4.24,stop_breakeven,27
6727.T,2025-10-27,2026-03-02,840.0,835.1,731.2,-0.58,time,126
6728.T,2024-04-03,2024-07-18,9449.2,9023.0,9449.2,-4.51,stop_breakeven,106
6737.T,2024-01-22,2024-05-27,2305.1,2238.5,2129.4,-2.89,time,126
6741.T,2025-07-17,2025-11-20,1058.7,1193.2,1058.7,12.71,time,126
6741.T,2025-12-11,2026-04-16,1250.9,1736.0,1250.9,38.78,time,126
6742.T,2024-05-14,2024-08-02,513.2,511.4,513.2,-0.36,ma200_breach,80
6742.T,2026-01-30,2026-03-19,654.8,641.2,654.8,-2.08,stop_breakeven,48
6744.T,2024-01-18,2024-04-19,2187.7,2179.2,2187.7,-0.39,stop_breakeven,92
6744.T,2024-06-26,2024-08-01,2290.6,2259.2,2290.6,-1.37,stop_breakeven,36
6744.T,2024-12-05,2025-01-08,2987.4,2953.7,2987.4,-1.13,stop_breakeven,34
6744.T,2025-06-19,2025-09-25,3741.2,3736.3,3741.2,-0.13,stop_breakeven,98
6744.T,2025-11-04,2025-11-14,3835.0,3484.1,3489.0,-9.15,stop_base,10
6744.T,2026-02-18,2026-03-23,4299.5,4146.3,4299.5,-3.56,stop_breakeven,33
6745.T,2024-01-16,2024-05-21,585.9,677.6,585.9,15.66,time,126
6745.T,2024-06-25,2024-08-02,728.1,672.9,657.5,-7.58,ma200_breach,38
6745.T,2024-12-05,2025-01-09,783.1,774.4,783.1,-1.1,stop_breakeven,35
6745.T,2025-02-13,2025-02-25,845.1,778.6,756.2,-7.87,ma200_breach,12
6745.T,2025-06-26,2025-10-30,1012.3,1267.8,1012.3,25.24,time,126
6745.T,2025-11-06,2026-03-12,1335.3,2051.5,1335.3,53.64,time,126
6750.T,2025-05-13,2025-05-15,1709.3,1696.7,1455.7,-0.74,ma200_breach,2
6750.T,2025-06-09,2025-06-13,1785.8,1728.7,1590.3,-3.2,ma200_breach,4
6750.T,2025-06-19,2025-08-15,1795.4,1744.1,1795.4,-2.86,stop_breakeven,57
6750.T,2025-10-27,2025-11-25,1867.3,1727.0,1738.8,-7.51,stop_base,29
6752.T,2025-02-05,2025-02-25,1678.8,1791.8,1678.8,6.73,ma200_breach,20
6752.T,2026-01-14,2026-01-28,2160.7,2118.0,2160.7,-1.98,stop_breakeven,14
6752.T,2026-02-06,2026-03-03,2422.2,2413.8,2422.2,-0.35,stop_breakeven,25
6754.T,2025-02-12,2025-02-25,1402.7,1365.5,1228.5,-2.65,ma200_breach,13
6754.T,2025-09-12,2026-01-16,1953.2,2384.3,1953.2,22.07,time,126
6754.T,2026-01-19,2026-01-30,2387.8,2119.6,2160.2,-11.23,stop_base,11
6758.T,2024-12-03,2025-01-14,3041.1,3125.3,3041.1,2.77,ma200_breach,42
6758.T,2025-01-29,2025-02-03,3451.2,3348.2,3125.3,-2.99,ma200_breach,5
6758.T,2025-02-05,2025-02-25,3479.9,3761.3,3479.9,8.08,ma200_breach,20
6758.T,2025-05-29,2025-06-02,3942.9,3776.0,3271.5,-4.23,ma200_breach,4
6758.T,2025-08-07,2025-12-11,3833.6,4084.0,3833.6,6.53,time,126
6762.T,2024-01-16,2024-05-02,1367.9,1341.8,1367.9,-1.9,stop_breakeven,107
6762.T,2024-05-28,2024-08-02,1509.6,1803.4,1509.6,19.46,ma200_breach,66
6762.T,2024-11-06,2024-11-18,2020.4,1901.6,1739.4,-5.88,ma200_breach,12
6762.T,2024-12-27,2025-01-14,2042.7,1801.3,1799.4,-11.82,ma200_breach,18
6763.T,2024-01-15,2024-03-13,1847.4,1663.8,1665.6,-9.94,stop_base,58
6763.T,2024-06-18,2024-08-02,1862.9,1874.0,1862.9,0.6,ma200_breach,45
6763.T,2024-08-16,2024-09-04,2070.3,2269.3,2070.3,9.62,ma200_breach,19
6763.T,2024-09-26,2024-10-23,2373.0,2510.0,2373.0,5.77,ma200_breach,27
6763.T,2024-11-06,2024-11-18,2559.1,2823.5,2559.1,10.33,ma200_breach,12
6770.T,2024-06-12,2024-07-25,1450.9,1420.6,1450.9,-2.09,stop_breakeven,43
6770.T,2024-09-24,2024-10-23,1457.5,1470.6,1300.5,0.9,ma200_breach,29
6770.T,2024-11-06,2024-11-18,1537.3,1454.9,1440.6,-5.36,ma200_breach,12
6770.T,2024-12-11,2025-01-14,1542.6,1475.4,1448.7,-4.35,ma200_breach,34
6770.T,2025-02-04,2025-02-17,1612.1,1458.3,1460.2,-9.54,stop_base,13
6770.T,2025-10-07,2025-11-19,1898.3,1894.4,1898.3,-0.21,stop_breakeven,43
6770.T,2025-12-04,2026-03-04,2094.5,2025.5,2094.5,-3.29,stop_breakeven,90
6770.T,2026-04-30,2026-05-01,2366.5,2012.5,2041.7,-14.96,stop_base,1
6785.T,2024-02-02,2024-06-07,1137.9,1307.3,1137.9,14.89,time,126
6785.T,2024-06-14,2024-07-25,1359.8,1316.4,1359.8,-3.2,stop_breakeven,41
6785.T,2024-10-16,2024-10-23,1738.3,1764.5,1443.6,1.51,ma200_breach,7
6785.T,2024-11-25,2024-11-26,1830.9,1816.9,1579.3,-0.77,ma200_breach,1
6785.T,2025-02-12,2025-02-19,1772.9,1618.9,1627.5,-8.69,stop_base,7
6785.T,2025-09-18,2026-01-22,2176.1,2471.0,2176.1,13.55,time,126
6787.T,2024-01-22,2024-05-27,4377.4,6873.4,4377.4,57.02,time,126
6787.T,2025-11-13,2025-12-16,10743.6,10633.9,10743.6,-1.02,stop_breakeven,33
6788.T,2024-06-19,2024-08-02,3363.4,2898.3,2917.1,-13.83,ma200_breach,44
6788.T,2025-06-25,2025-10-29,4148.1,4653.3,4148.1,12.18,time,126
6788.T,2025-11-10,2026-03-16,4774.7,4565.9,4429.9,-4.37,time,126
6794.T,2024-05-23,2024-08-02,1277.1,1364.7,1277.1,6.86,ma200_breach,71
6794.T,2025-09-25,2026-01-29,2283.7,2527.0,2283.7,10.65,time,126
6794.T,2026-02-03,2026-03-23,2826.3,2767.2,2826.3,-2.09,stop_breakeven,48
6794.T,2026-04-01,2026-04-24,3135.0,3115.0,3135.0,-0.64,stop_breakeven,23
6804.T,2024-02-22,2024-06-27,1908.3,2049.3,1908.3,7.39,time,126
6804.T,2024-06-28,2024-08-02,2051.2,1882.5,1816.7,-8.22,ma200_breach,35
6804.T,2024-09-24,2024-10-23,2050.2,2093.3,1765.2,2.1,ma200_breach,29
6804.T,2024-10-28,2024-11-01,2156.8,2195.3,1950.1,1.78,ma200_breach,4
6804.T,2024-11-06,2024-11-18,2242.4,2146.2,2009.2,-4.29,ma200_breach,12
6809.T,2024-01-15,2024-04-17,991.1,989.0,991.1,-0.22,stop_breakeven,93
6809.T,2024-05-02,2024-05-21,1104.8,974.5,976.3,-11.79,stop_base,19
6809.T,2024-06-27,2024-07-22,1008.9,944.7,951.9,-6.37,stop_base,25
6809.T,2025-07-23,2025-11-26,974.6,1658.0,974.6,70.12,time,126
6810.T,2024-12-27,2025-01-14,1781.6,1842.4,1781.6,3.41,ma200_breach,18
6810.T,2025-01-21,2025-02-03,1888.6,1867.4,1626.4,-1.12,ma200_breach,13
6810.T,2025-07-28,2025-12-01,1918.3,2178.8,1918.3,13.58,time,126
6810.T,2025-12-11,2026-03-04,2388.3,2002.9,2064.2,-16.14,stop_base,83
6814.T,2024-01-16,2024-01-19,1954.4,1940.8,1954.4,-0.7,stop_breakeven,3
6814.T,2024-03-06,2024-04-02,2224.7,2219.1,2224.7,-0.25,stop_breakeven,27
6814.T,2024-06-10,2024-07-18,1961.5,1904.2,1961.5,-2.92,stop_breakeven,38
6814.T,2025-01-20,2025-02-03,2775.0,2417.9,2309.5,-12.87,ma200_breach,14
6814.T,2025-10-06,2026-02-09,6529.8,6866.2,6529.8,5.15,time,126
6817.T,2025-08-18,2025-10-01,1018.2,1016.2,1018.2,-0.19,stop_breakeven,44
6817.T,2025-10-07,2026-02-10,1078.8,1228.0,1078.8,13.83,time,126
6820.T,2024-01-15,2024-05-15,3416.4,2929.4,2945.0,-14.25,stop_base,121
6823.T,2024-01-22,2024-05-27,2292.0,2938.5,2292.0,28.21,time,126
6823.T,2025-08-13,2025-10-31,2618.3,2458.0,2459.3,-6.12,stop_base,79
6841.T,2024-01-15,2024-05-20,2841.4,3966.1,2841.4,39.58,time,126
6841.T,2024-07-10,2024-07-26,3971.9,3602.6,3609.3,-9.3,stop_base,16
6841.T,2025-08-29,2026-01-05,4275.6,5113.2,4275.6,19.59,time,129
6841.T,2026-01-06,2026-03-09,5186.5,5182.5,5186.5,-0.08,stop_breakeven,62
6844.T,2025-10-09,2025-11-05,3230.8,3211.4,3230.8,-0.6,stop_breakeven,27
6844.T,2025-12-29,2026-03-13,3255.0,3221.1,3255.0,-1.04,stop_breakeven,74
6845.T,2024-01-15,2024-02-21,1208.1,1063.4,1081.7,-11.98,stop_base,37
6845.T,2025-06-19,2025-10-23,1267.0,1393.6,1267.0,9.99,time,126
6849.T,2024-05-30,2024-08-02,2246.7,2024.1,1942.9,-9.91,ma200_breach,64
6850.T,2024-04-30,2024-06-13,1331.8,1134.7,1141.4,-14.8,stop_base,44
6850.T,2025-08-21,2025-10-01,1250.1,1232.6,1250.1,-1.4,stop_breakeven,41
6850.T,2025-10-27,2026-03-02,1419.9,1766.1,1419.9,24.38,time,126
6856.T,2024-01-15,2024-05-20,10751.9,13050.5,10751.9,21.38,time,126
6856.T,2024-07-03,2024-07-25,13004.5,10828.4,10964.3,-16.73,stop_base,22
6856.T,2025-08-22,2025-12-26,11029.1,15945.0,11029.1,44.57,time,126
6857.T,2024-09-26,2024-10-23,6838.8,7822.8,6838.8,14.39,ma200_breach,27
6857.T,2025-01-07,2025-01-14,9681.3,9366.2,9681.3,-3.25,ma200_breach,7
6857.T,2026-01-05,2026-03-30,21146.2,20925.0,21146.2,-1.05,stop_breakeven,84
6859.T,2024-01-16,2024-05-21,2277.7,2980.7,2277.7,30.86,time,126
6859.T,2024-05-23,2024-07-25,3022.6,2624.5,2660.8,-13.17,stop_base,63
6859.T,2025-06-25,2025-10-29,2914.8,3333.5,2914.8,14.36,time,126
6859.T,2026-01-22,2026-03-04,3465.5,3377.5,3465.5,-2.54,stop_breakeven,41
6866.T,2024-10-22,2024-10-23,8233.3,8319.2,7441.5,1.04,ma200_breach,1
6869.T,2024-11-25,2024-11-26,3100.3,3099.3,2699.5,-0.03,ma200_breach,1
6871.T,2024-01-19,2024-05-24,3846.5,5803.7,3846.5,50.88,time,126
6871.T,2025-12-25,2026-04-30,7018.1,12960.0,7018.1,84.67,time,126
6875.T,2024-11-08,2024-11-18,5425.1,5095.4,4822.3,-6.08,ma200_breach,10
6875.T,2024-12-03,2025-01-14,5905.4,5509.9,5067.2,-6.7,ma200_breach,42
6875.T,2025-11-12,2026-03-06,8548.1,8538.4,8548.1,-0.11,stop_breakeven,114
6902.T,2024-03-21,2024-06-17,2724.1,2197.4,2257.7,-19.34,stop_base,88
6905.T,2024-01-18,2024-05-23,1287.1,1329.2,1287.1,3.27,time,126
6908.T,2025-09-03,2026-01-07,2864.2,3110.1,2864.2,8.59,time,126
6908.T,2026-01-19,2026-03-04,3392.4,3296.7,3392.4,-2.82,stop_breakeven,44
6914.T,2025-09-25,2026-01-29,2112.5,2355.0,2112.5,11.48,time,126
6914.T,2026-02-16,2026-03-09,2723.0,2718.0,2723.0,-0.18,stop_breakeven,21
6920.T,2024-01-19,2024-02-01,37137.3,36748.2,37137.3,-1.05,stop_breakeven,13
6920.T,2024-03-21,2024-04-17,41884.0,36407.8,36777.4,-13.07,stop_base,27
6920.T,2026-01-14,2026-02-02,34800.0,31310.0,34800.0,-10.03,stop_breakeven,19
6923.T,2025-08-06,2025-12-10,2813.0,3057.2,2813.0,8.68,time,126
6925.T,2025-12-26,2026-05-01,2471.9,3175.0,2471.9,28.44,time,126
6929.T,2025-07-09,2025-11-12,2816.9,3560.6,2816.9,26.4,time,126
6929.T,2025-11-13,2026-03-04,3618.0,3610.0,3618.0,-0.22,stop_breakeven,111
6941.T,2024-05-07,2024-08-02,2615.3,2691.6,2615.3,2.92,ma200_breach,87
6941.T,2025-08-28,2026-01-05,3161.0,5810.4,3161.0,83.82,time,130
6947.T,2024-02-09,2024-04-11,3957.6,3913.5,3957.6,-1.11,stop_breakeven,62
6947.T,2025-06-17,2025-08-22,5325.6,4885.0,4923.3,-8.27,stop_base,66
6951.T,2024-01-19,2024-02-13,6108.3,6087.4,6108.3,-0.34,stop_breakeven,25
6951.T,2024-04-02,2024-04-18,6581.6,6569.1,6581.6,-0.19,stop_breakeven,16
6951.T,2024-06-07,2024-07-24,6667.1,5984.2,6011.1,-10.24,stop_base,47
6954.T,2025-12-02,2026-03-31,5313.8,5302.0,5313.8,-0.22,stop_breakeven,119
6958.T,2026-01-15,2026-03-09,535.7,523.1,535.7,-2.34,stop_breakeven,53
6961.T,2024-01-19,2024-02-01,13856.2,9580.8,11009.2,-30.86,stop_base,13
6962.T,2024-01-17,2024-05-14,843.2,661.9,681.0,-21.5,stop_base,118
6963.T,2025-08-19,2025-11-07,2116.9,2035.2,2116.9,-3.86,stop_breakeven,80
6963.T,2025-12-25,2026-04-30,2220.7,3398.0,2220.7,53.01,time,126
6971.T,2024-01-16,2024-04-02,2099.3,1870.2,1884.2,-10.91,stop_base,77
6971.T,2025-09-12,2025-11-04,2012.2,1998.6,2012.2,-0.67,stop_breakeven,53
6971.T,2025-12-12,2026-04-17,2222.6,2688.0,2222.6,20.94,time,126
6976.T,2025-10-03,2025-10-14,3405.4,3311.5,3405.4,-2.76,stop_breakeven,11
6976.T,2026-02-09,2026-03-30,3858.4,3825.0,3858.4,-0.87,stop_breakeven,49
6981.T,2024-07-02,2024-07-31,3231.6,3219.1,3231.6,-0.39,stop_breakeven,29
6981.T,2026-02-18,2026-03-09,3581.1,3445.2,3581.1,-3.8,stop_breakeven,19
6986.T,2025-08-13,2025-10-14,645.2,622.5,645.2,-3.51,stop_breakeven,62
6986.T,2025-10-23,2025-11-17,685.5,602.8,622.5,-12.07,stop_base,25
6988.T,2024-01-15,2024-05-20,2139.6,2366.9,2139.6,10.63,time,126
6988.T,2024-06-20,2024-08-02,2522.7,2186.1,2247.7,-13.34,ma200_breach,43
6988.T,2025-02-20,2025-02-25,2890.2,2892.1,2553.1,0.07,ma200_breach,5
6988.T,2025-09-05,2026-01-09,3396.8,3595.4,3396.8,5.85,time,126
6995.T,2024-01-29,2024-04-19,2136.0,2121.2,2136.0,-0.69,stop_breakeven,81
6995.T,2025-05-29,2025-06-02,2105.1,2093.6,1935.5,-0.55,ma200_breach,4
6995.T,2025-07-09,2025-11-12,2216.0,2865.8,2216.0,29.33,time,126
6995.T,2025-11-13,2026-03-19,2879.6,2889.4,2879.6,0.34,time,126
6996.T,2025-07-03,2025-11-06,1187.7,1237.9,1187.7,4.23,time,126
6996.T,2026-01-22,2026-03-23,1755.9,1747.9,1755.9,-0.45,stop_breakeven,60
6997.T,2024-06-18,2024-07-24,1695.4,1466.5,1520.8,-13.5,stop_base,36
6997.T,2025-09-16,2025-11-07,1602.6,1174.6,1199.3,-26.71,stop_base,52
6997.T,2026-01-14,2026-03-09,1532.6,1503.0,1532.6,-1.93,stop_breakeven,54
6999.T,2025-10-24,2026-02-27,1487.5,1966.2,1487.5,32.18,time,126
7003.T,2024-02-09,2024-06-14,786.0,1430.9,786.0,82.05,time,126
7003.T,2025-10-07,2026-02-10,4737.9,7069.6,4737.9,49.21,time,126
7004.T,2024-07-17,2024-08-02,1123.6,944.9,971.5,-15.91,ma200_breach,16
7004.T,2025-09-09,2025-11-07,1049.0,904.6,1049.0,-13.77,stop_breakeven,59
7011.T,2024-05-07,2024-05-08,1409.9,1307.1,1307.5,-7.3,stop_base,1
7011.T,2024-06-11,2024-08-02,1421.8,1520.2,1421.8,6.93,ma200_breach,52
7011.T,2024-09-24,2024-10-23,1955.9,2073.6,1955.9,6.02,ma200_breach,29
7011.T,2024-11-08,2024-11-18,2305.3,2307.7,1988.9,0.11,ma200_breach,10
7011.T,2025-08-05,2025-09-01,3727.5,3718.6,3727.5,-0.24,stop_breakeven,27
7011.T,2025-10-06,2025-11-18,4091.2,4011.5,4091.2,-1.95,stop_breakeven,43
7011.T,2026-01-09,2026-03-31,4255.8,4223.0,4255.8,-0.77,stop_breakeven,81
7012.T,2024-05-09,2024-06-05,1083.4,1082.6,1083.4,-0.07,stop_breakeven,27
7012.T,2024-07-03,2024-07-25,1246.4,1035.2,1068.7,-16.94,stop_base,22
7012.T,2024-11-07,2024-11-12,1295.8,1287.4,1295.8,-0.65,stop_breakeven,5
7012.T,2025-02-10,2025-02-25,1475.0,1501.4,1475.0,1.79,ma200_breach,15
7012.T,2025-10-06,2025-11-21,2000.9,1987.2,2000.9,-0.69,stop_breakeven,46
7013.T,2024-06-25,2024-08-02,626.9,690.0,626.9,10.05,ma200_breach,38
7013.T,2024-12-27,2025-01-14,1304.0,1166.5,1087.9,-10.54,ma200_breach,18
7013.T,2025-01-31,2025-02-03,1321.6,1339.2,1139.3,1.33,ma200_breach,3
7013.T,2025-02-04,2025-02-25,1361.8,1256.1,1139.3,-7.76,ma200_breach,21
7013.T,2025-07-22,2025-08-20,2289.2,2241.7,2289.2,-2.08,stop_breakeven,29
7013.T,2025-09-24,2026-01-28,2512.7,3482.0,2512.7,38.58,time,126
7059.T,2024-02-02,2024-04-12,757.1,747.9,757.1,-1.21,stop_breakeven,70
7059.T,2025-02-19,2025-02-25,809.6,770.7,752.9,-4.8,ma200_breach,6
7059.T,2025-08-07,2025-09-17,1104.7,995.8,1006.3,-9.86,stop_base,41
7059.T,2025-09-25,2025-09-30,1099.4,1095.2,1099.4,-0.38,stop_breakeven,5
7085.T,2024-10-30,2024-11-01,780.3,777.4,723.4,-0.37,ma200_breach,2
7085.T,2024-12-04,2025-01-06,803.4,734.9,740.7,-8.52,stop_base,33
7088.T,2024-02-13,2024-04-05,842.0,836.5,842.0,-0.65,stop_breakeven,52
7088.T,2024-07-01,2024-08-02,869.7,843.1,869.7,-3.05,ma200_breach,32
7088.T,2024-11-11,2024-11-18,936.8,915.5,831.1,-2.28,ma200_breach,7
7088.T,2024-12-03,2025-01-14,949.4,985.3,949.4,3.78,ma200_breach,42
7088.T,2025-01-28,2025-02-03,1034.8,996.9,913.5,-3.66,ma200_breach,6
7088.T,2025-02-14,2025-02-25,1041.5,1032.8,960.1,-0.84,ma200_breach,11
7088.T,2025-06-09,2025-06-13,1116.0,1127.0,1015.0,0.99,ma200_breach,4
7088.T,2025-06-17,2025-10-21,1151.0,1244.0,1151.0,8.08,time,126
7088.T,2025-11-11,2026-03-17,1590.0,1698.0,1590.0,6.79,time,126
7092.T,2025-02-17,2025-02-25,1415.1,1443.3,1415.1,1.99,ma200_breach,8
7092.T,2025-05-29,2025-06-02,1525.0,1457.7,1317.3,-4.41,ma200_breach,4
7092.T,2025-08-01,2025-12-05,1515.1,2307.0,1515.1,52.27,time,126
7102.T,2024-06-25,2024-07-25,2401.5,2330.6,2401.5,-2.95,stop_breakeven,30
7102.T,2025-09-16,2026-01-20,2865.3,3853.2,2865.3,34.48,time,126
7102.T,2026-02-03,2026-03-03,4012.1,3967.4,4012.1,-1.11,stop_breakeven,28
7130.T,2025-07-03,2025-10-14,2476.7,2473.8,2476.7,-0.12,stop_breakeven,103
7148.T,2024-02-01,2024-06-06,1580.3,1837.5,1580.3,16.28,time,126
7148.T,2024-06-25,2024-08-02,1933.7,1862.5,1933.7,-3.68,ma200_breach,38
7148.T,2024-10-07,2024-10-23,2187.6,2183.0,1864.2,-0.21,ma200_breach,16
7157.T,2024-05-28,2024-06-06,1442.0,1441.0,1442.0,-0.07,stop_breakeven,9
7157.T,2024-06-10,2024-08-02,1528.0,1512.0,1528.0,-1.05,ma200_breach,53
7157.T,2024-10-15,2024-10-23,1802.0,1887.0,1802.0,4.72,ma200_breach,8
7157.T,2024-10-28,2024-11-01,1929.0,1991.0,1628.0,3.21,ma200_breach,4
7157.T,2025-01-29,2025-02-03,1953.0,1918.0,1778.0,-1.79,ma200_breach,5
7157.T,2025-08-01,2025-08-21,2387.0,2376.0,2387.0,-0.46,stop_breakeven,20
7164.T,2024-06-21,2024-08-02,2716.4,2667.1,2716.4,-1.82,ma200_breach,42
7164.T,2025-06-09,2025-06-13,3128.3,3042.5,2939.4,-2.74,ma200_breach,4
7164.T,2025-07-01,2025-10-01,3200.6,3188.7,3200.6,-0.37,stop_breakeven,92
7167.T,2024-03-22,2024-07-26,481.9,565.0,481.9,17.26,time,126
7167.T,2024-07-31,2024-08-02,604.3,531.5,561.0,-12.05,ma200_breach,2
7167.T,2024-10-07,2024-10-23,566.5,546.9,520.0,-3.45,ma200_breach,16
7167.T,2024-11-12,2024-11-18,638.9,619.2,527.0,-3.09,ma200_breach,6
7167.T,2024-11-25,2024-11-26,643.7,628.4,543.1,-2.38,ma200_breach,1
7167.T,2024-12-03,2025-01-14,646.4,607.2,543.1,-6.07,ma200_breach,42
7167.T,2025-01-30,2025-02-03,660.0,636.3,606.3,-3.59,ma200_breach,4
7167.T,2025-06-16,2025-10-20,721.0,911.3,721.0,26.4,time,126
7167.T,2025-10-31,2026-03-06,949.7,1239.6,949.7,30.52,time,126
7172.T,2024-06-14,2024-07-25,1397.1,1369.8,1397.1,-1.95,stop_breakeven,41
7172.T,2025-06-11,2025-06-13,1705.8,1642.8,1520.6,-3.69,ma200_breach,2
7172.T,2025-07-11,2025-11-14,1723.7,2171.0,1723.7,25.95,time,126
7172.T,2026-01-16,2026-02-12,2222.0,2073.0,2222.0,-6.71,stop_breakeven,27
7173.T,2024-01-24,2024-05-29,4045.5,4451.9,4045.5,10.05,time,126
7173.T,2024-05-31,2024-07-25,4661.0,4100.3,4109.8,-12.03,stop_base,55
7173.T,2025-06-09,2025-06-13,5709.6,5680.2,5071.9,-0.52,ma200_breach,4
7173.T,2025-06-17,2025-10-21,5719.4,7225.0,5719.4,26.32,time,126
7173.T,2025-10-27,2026-03-02,7443.3,11194.8,7443.3,50.4,time,126
7180.T,2024-01-22,2024-05-27,815.2,917.4,815.2,12.53,time,126
7180.T,2024-06-03,2024-06-13,1011.9,888.3,893.0,-12.21,stop_base,10
7180.T,2025-08-22,2025-12-26,863.0,993.7,863.0,15.15,time,126
7181.T,2024-04-09,2024-07-26,936.3,926.9,936.3,-1.0,stop_breakeven,108
7181.T,2025-07-09,2025-11-12,1110.9,1332.3,1110.9,19.94,time,126
7181.T,2025-11-26,2026-04-01,1406.7,1642.5,1406.7,16.76,time,126
7181.T,2026-04-15,2026-04-22,1644.5,1498.0,1503.1,-8.91,stop_base,7
7182.T,2024-03-06,2024-04-01,1495.6,1489.0,1495.6,-0.44,stop_breakeven,26
7182.T,2024-05-15,2024-05-21,1531.2,1406.8,1422.8,-8.12,stop_base,6
7182.T,2024-07-02,2024-08-02,1493.2,1418.1,1363.6,-5.03,ma200_breach,31
7182.T,2025-05-29,2025-06-02,1503.0,1508.4,1324.9,0.36,ma200_breach,4
7182.T,2025-07-01,2025-11-04,1523.5,1693.4,1523.5,11.15,time,126
7182.T,2025-11-25,2026-03-31,1739.6,2517.5,1739.6,44.72,time,126
7184.T,2024-05-13,2024-08-02,990.0,1112.8,990.0,12.41,ma200_breach,81
7184.T,2025-09-26,2026-01-30,1290.2,2179.4,1290.2,68.92,time,126
7186.T,2024-03-21,2024-07-25,736.1,851.2,736.1,15.63,time,126
7186.T,2025-07-15,2025-11-18,921.3,1159.9,921.3,25.9,time,126
7186.T,2025-11-26,2026-04-01,1217.0,1494.5,1217.0,22.8,time,126
7187.T,2024-05-08,2024-05-16,1220.3,1091.2,1097.7,-10.58,stop_base,8
7187.T,2024-06-25,2024-07-17,1221.3,1205.4,1221.3,-1.3,stop_breakeven,22
7187.T,2024-09-24,2024-10-23,1314.8,1377.3,1314.8,4.75,ma200_breach,29
7187.T,2025-08-08,2025-10-01,1574.1,1539.3,1574.1,-2.21,stop_breakeven,54
7189.T,2024-01-24,2024-05-29,1557.0,1923.2,1557.0,23.52,time,126
7189.T,2024-05-30,2024-08-02,1977.9,1750.8,1678.5,-11.48,ma200_breach,64
7189.T,2025-07-09,2025-11-12,2145.7,2763.8,2145.7,28.81,time,126
7189.T,2025-12-15,2026-04-20,3042.0,4099.0,3042.0,34.75,time,126
7199.T,2024-04-30,2024-07-29,2121.4,1835.1,1838.0,-13.5,stop_base,90
7199.T,2024-10-28,2024-11-01,2345.3,2232.6,1925.8,-4.8,ma200_breach,4
7199.T,2025-01-24,2025-02-03,2504.2,2492.6,2399.2,-0.46,ma200_breach,10
7202.T,2024-01-16,2024-03-08,1779.3,1761.5,1779.3,-1.0,stop_breakeven,52
7202.T,2024-05-28,2024-07-25,1898.0,1889.3,1898.0,-0.46,stop_breakeven,58
7202.T,2025-01-08,2025-01-14,2049.9,1939.5,1854.8,-5.39,ma200_breach,6
7202.T,2026-02-05,2026-03-04,2627.0,2535.3,2627.0,-3.49,stop_breakeven,27
7203.T,2024-01-15,2024-05-20,2645.2,3237.6,2645.2,22.4,time,126
7203.T,2025-12-15,2026-01-28,3300.9,3297.9,3300.9,-0.09,stop_breakeven,44
7220.T,2024-07-29,2024-08-02,2036.2,1824.5,1799.3,-10.4,ma200_breach,4
7220.T,2024-11-08,2024-11-18,2148.3,3048.7,2148.3,41.91,ma200_breach,10
7224.T,2025-06-17,2025-10-21,1458.7,1866.5,1458.7,27.96,time,126
7224.T,2025-10-22,2025-11-04,1897.2,1835.8,1897.2,-3.23,stop_breakeven,13
7224.T,2025-12-22,2026-04-27,1886.3,2534.0,1886.3,34.34,time,126
7226.T,2024-01-15,2024-05-20,1751.1,2195.3,1751.1,25.37,time,126
7226.T,2024-07-16,2024-08-02,2352.8,2149.6,2148.7,-8.63,ma200_breach,17
7226.T,2024-10-07,2024-10-08,2417.3,2268.9,2283.0,-6.14,stop_base,1
7226.T,2025-08-05,2025-10-01,2569.0,2540.2,2569.0,-1.12,stop_breakeven,57
7226.T,2025-11-26,2026-04-01,2704.4,2978.0,2704.4,10.12,time,126
7231.T,2024-01-25,2024-03-11,2544.7,2532.3,2544.7,-0.49,stop_breakeven,46
7231.T,2025-07-10,2025-11-13,2295.4,2829.7,2295.4,23.28,time,126
7231.T,2025-11-26,2026-04-01,2875.3,2997.0,2875.3,4.23,time,126
7236.T,2024-01-18,2024-05-23,2970.3,3181.9,2970.3,7.13,time,126
7236.T,2024-07-16,2024-08-02,3313.1,2941.5,3028.9,-11.21,ma200_breach,17
7236.T,2025-07-23,2025-11-26,4480.6,8596.4,4480.6,91.86,time,126
7236.T,2026-02-03,2026-03-04,9519.8,9081.9,9519.8,-4.6,stop_breakeven,29
7239.T,2024-01-15,2024-04-19,1679.2,1675.5,1679.2,-0.23,stop_breakeven,95
7239.T,2024-05-20,2024-08-02,1823.7,1646.7,1675.5,-9.7,ma200_breach,74
7239.T,2025-09-03,2026-01-07,1921.3,2041.7,1921.3,6.27,time,126
7240.T,2024-08-23,2024-09-04,2080.2,2185.1,2080.2,5.04,ma200_breach,12
7240.T,2024-12-09,2025-01-14,2166.3,2133.2,2166.3,-1.53,ma200_breach,36
7240.T,2026-01-22,2026-03-04,3060.0,2964.1,3060.0,-3.13,stop_breakeven,41
7241.T,2024-01-19,2024-05-24,779.7,813.0,779.7,4.27,time,126
7241.T,2025-07-23,2025-11-26,798.2,977.0,798.2,22.39,time,126
7241.T,2025-11-27,2026-03-13,988.7,976.0,988.7,-1.28,stop_breakeven,106
7242.T,2024-01-22,2024-05-14,2367.5,2367.3,2367.5,-0.01,stop_breakeven,113
7242.T,2024-06-14,2024-08-02,2529.5,2283.9,2353.4,-9.71,ma200_breach,49
7242.T,2025-05-13,2025-05-15,2971.5,2868.2,2492.0,-3.47,ma200_breach,2
7242.T,2025-07-11,2025-11-14,3039.0,4580.9,3039.0,50.74,time,126
7242.T,2026-01-16,2026-01-28,4639.9,4320.4,4364.7,-6.89,stop_base,12
7242.T,2026-02-06,2026-03-04,4669.4,4536.7,4669.4,-2.84,stop_breakeven,26
7244.T,2025-12-15,2026-03-04,499.0,499.0,499.0,-0.01,stop_breakeven,79
7245.T,2024-06-19,2024-07-26,588.4,535.0,535.9,-9.08,stop_base,37
7245.T,2025-06-27,2025-10-31,654.9,1028.7,654.9,57.08,time,126
7245.T,2026-01-06,2026-01-28,987.4,979.6,987.4,-0.8,stop_breakeven,22
7245.T,2026-02-24,2026-03-03,1138.7,1135.8,1138.7,-0.26,stop_breakeven,7
7246.T,2024-03-21,2024-05-14,623.1,612.0,623.1,-1.78,stop_breakeven,54
7246.T,2025-08-18,2025-12-22,618.2,789.9,618.2,27.77,time,126
7246.T,2026-01-07,2026-03-13,829.0,825.1,829.0,-0.47,stop_breakeven,65
7250.T,2024-03-19,2024-04-26,1562.4,1517.1,1562.4,-2.9,stop_breakeven,38
7250.T,2024-07-04,2024-07-24,1514.2,1414.3,1427.7,-6.6,stop_base,20
7250.T,2024-07-31,2024-08-02,1518.1,1344.2,1373.0,-11.46,ma200_breach,2
7250.T,2025-07-25,2025-11-28,1761.0,3185.0,1761.0,80.86,time,126
7259.T,2024-01-22,2024-03-11,1698.9,1676.7,1698.9,-1.31,stop_breakeven,49
7259.T,2024-03-21,2024-04-26,1860.7,1762.2,1860.7,-5.29,stop_breakeven,36
7259.T,2025-06-27,2025-10-31,1791.4,2725.8,1791.4,52.16,time,126
7259.T,2025-11-10,2026-01-26,2753.4,2702.3,2753.4,-1.86,stop_breakeven,77
7261.T,2024-01-18,2024-02-14,1536.3,1518.1,1536.3,-1.18,stop_breakeven,27
7261.T,2024-04-08,2024-06-06,1623.6,1391.4,1399.0,-14.3,stop_base,59
7261.T,2025-12-15,2026-01-26,1180.6,1143.6,1180.6,-3.13,stop_breakeven,42
7267.T,2024-02-22,2024-04-19,1606.3,1592.2,1606.3,-0.88,stop_breakeven,57
7267.T,2024-07-04,2024-07-24,1632.3,1485.5,1496.9,-8.99,stop_base,20
7267.T,2025-07-24,2025-11-27,1573.3,1516.8,1315.4,-3.59,time,126
7269.T,2024-01-15,2024-03-07,1530.2,1513.6,1530.2,-1.08,stop_breakeven,52
7269.T,2024-03-27,2024-04-19,1672.6,1635.1,1672.6,-2.24,stop_breakeven,23
7269.T,2024-05-14,2024-07-18,1765.5,1751.2,1765.5,-0.81,stop_breakeven,65
7269.T,2025-10-22,2025-12-05,2276.9,2264.5,2276.9,-0.54,stop_breakeven,44
7270.T,2024-02-06,2024-06-11,2738.8,3128.2,2738.8,14.22,time,126
7270.T,2024-07-04,2024-07-18,3317.7,2953.5,3000.4,-10.98,stop_base,14
7270.T,2025-09-05,2026-01-09,2955.4,3320.3,2955.4,12.35,time,126
7272.T,2024-02-13,2024-06-18,1375.7,1395.4,1178.7,1.43,time,126
7272.T,2024-07-04,2024-07-24,1530.3,1370.4,1375.7,-10.45,stop_base,20
7278.T,2024-01-16,2024-05-21,2364.4,2499.5,2364.4,5.71,time,126
7278.T,2024-06-19,2024-08-02,2643.4,2710.1,2643.4,2.52,ma200_breach,44
7278.T,2024-09-20,2024-10-23,2847.8,3364.5,2847.8,18.14,ma200_breach,33
7278.T,2024-12-12,2025-01-14,4244.6,4056.7,3662.5,-4.43,ma200_breach,33
7278.T,2025-01-31,2025-02-03,4414.2,4340.9,3923.7,-1.66,ma200_breach,3
7278.T,2025-02-17,2025-02-25,4478.4,4331.7,3974.2,-3.28,ma200_breach,8
7278.T,2025-09-16,2026-01-20,5258.4,5660.5,5258.4,7.65,time,126
7280.T,2024-02-13,2024-05-13,1106.0,1046.2,1106.0,-5.41,stop_breakeven,90
7282.T,2025-06-27,2025-10-31,2742.6,3501.7,2742.6,27.68,time,126
7282.T,2025-11-05,2025-11-21,3774.8,3373.4,3495.8,-10.63,stop_base,16
7282.T,2025-12-15,2026-04-20,3789.5,4389.0,3789.5,15.82,time,126
7283.T,2024-01-22,2024-05-27,1224.1,1318.2,1224.1,7.69,time,126
7283.T,2025-01-29,2025-02-03,1752.8,1789.6,1461.5,2.1,ma200_breach,5
7283.T,2025-02-18,2025-02-25,1838.6,1755.6,1566.1,-4.51,ma200_breach,7
7283.T,2025-10-06,2026-02-09,1938.3,2136.8,1938.3,10.24,time,126
7294.T,2024-05-24,2024-08-02,1003.0,1001.1,1003.0,-0.19,ma200_breach,70
7294.T,2024-09-26,2024-10-23,1074.5,1099.3,958.7,2.31,ma200_breach,27
7294.T,2024-10-28,2024-11-01,1114.5,1092.6,985.1,-1.97,ma200_breach,4
7294.T,2024-11-07,2024-11-18,1143.1,1117.4,1027.7,-2.25,ma200_breach,11
7294.T,2024-12-26,2025-01-09,1182.2,1075.4,1085.0,-9.03,stop_base,14
7296.T,2024-03-19,2024-05-16,1916.8,1904.0,1916.8,-0.67,stop_breakeven,58
7296.T,2024-06-03,2024-07-26,2012.9,2012.0,2012.9,-0.04,stop_breakeven,53
7296.T,2024-09-03,2024-09-04,2114.7,2071.8,1800.4,-2.03,ma200_breach,1
7296.T,2024-09-20,2024-10-23,2164.7,2166.8,2164.7,0.1,ma200_breach,33
7296.T,2024-11-05,2024-11-18,2654.5,2843.5,2654.5,7.12,ma200_breach,13
7296.T,2024-12-18,2025-01-14,2969.1,2917.9,2507.5,-1.72,ma200_breach,27
7296.T,2025-02-13,2025-02-25,3038.9,2880.7,2810.9,-5.21,ma200_breach,12
7296.T,2025-12-22,2026-04-27,3709.4,3320.0,3126.3,-10.5,time,126
7309.T,2024-08-16,2024-09-04,27110.1,26237.8,22967.8,-3.22,ma200_breach,19
7322.T,2024-05-30,2024-06-05,489.3,486.2,489.3,-0.62,stop_breakeven,6
7322.T,2025-06-23,2025-10-27,711.2,932.9,711.2,31.16,time,126
7322.T,2025-11-06,2026-03-12,955.1,1455.0,955.1,52.33,time,126
7327.T,2024-01-29,2024-06-03,625.4,786.8,625.4,25.81,time,126
7327.T,2024-07-01,2024-08-02,796.0,808.2,796.0,1.54,ma200_breach,32
7327.T,2024-11-06,2024-11-18,796.6,854.6,796.6,7.29,ma200_breach,12
7327.T,2024-11-25,2024-11-26,885.7,874.7,746.0,-1.24,ma200_breach,1
7327.T,2024-12-11,2025-01-14,912.7,881.0,762.7,-3.47,ma200_breach,34
7327.T,2025-01-30,2025-02-03,938.5,882.9,881.0,-5.92,ma200_breach,4
7327.T,2025-07-04,2025-11-07,1111.2,1457.5,1111.2,31.16,time,126
7327.T,2025-11-21,2026-03-27,1502.7,1979.0,1502.7,31.7,time,126
7327.T,2026-04-08,2026-04-22,2021.0,1845.0,1869.0,-8.71,stop_base,14
7337.T,2024-01-24,2024-05-29,891.0,1143.6,891.0,28.35,time,126
7337.T,2024-05-30,2024-08-02,1152.4,1001.4,979.6,-13.11,ma200_breach,64
7337.T,2025-01-27,2025-02-03,1120.3,1128.8,1060.7,0.76,ma200_breach,7
7337.T,2025-07-23,2025-11-26,1238.4,1498.1,1238.4,20.97,time,126
7337.T,2025-11-27,2026-04-02,1517.2,1799.5,1517.2,18.6,time,126
7347.T,2024-05-07,2024-05-15,1028.4,856.8,901.4,-16.68,stop_base,8
7347.T,2024-07-01,2024-08-02,893.8,728.9,768.7,-18.45,ma200_breach,32
7350.T,2024-05-31,2024-06-13,2548.4,2295.4,2320.5,-9.93,stop_base,13
7350.T,2024-07-19,2024-08-02,2479.6,2394.0,2479.6,-3.45,ma200_breach,14
7350.T,2025-06-24,2025-10-28,2862.6,3811.7,2862.6,33.15,time,126
7350.T,2025-11-06,2026-03-12,3920.3,5322.5,3920.3,35.77,time,126
7380.T,2024-01-22,2024-05-27,684.9,816.6,684.9,19.22,time,126
7380.T,2024-05-31,2024-06-17,835.8,771.2,775.5,-7.73,stop_base,17
7380.T,2024-07-29,2024-08-02,847.1,772.9,771.2,-8.76,ma200_breach,4
7380.T,2025-05-29,2025-06-02,889.7,900.6,742.5,1.23,ma200_breach,4
7380.T,2025-07-04,2025-11-07,912.4,1064.0,912.4,16.61,time,126
7380.T,2025-11-13,2026-03-19,1114.0,1635.8,1114.0,46.84,time,126
7381.T,2025-09-08,2025-11-18,613.1,610.5,613.1,-0.43,stop_breakeven,71
7381.T,2025-11-28,2026-04-03,693.4,985.0,693.4,42.04,time,126
7383.T,2025-02-17,2025-02-21,529.0,446.0,475.0,-15.69,stop_base,4
7383.T,2025-09-22,2025-11-05,940.0,788.0,796.0,-16.17,stop_base,44
7388.T,2024-01-17,2024-04-16,5135.4,4751.1,5135.4,-7.48,stop_breakeven,90
7389.T,2024-04-08,2024-04-19,576.1,572.3,576.1,-0.65,stop_breakeven,11
7389.T,2025-08-12,2025-12-16,559.3,919.8,559.3,64.45,time,126
7419.T,2024-04-26,2024-06-13,603.0,520.1,530.7,-13.75,stop_base,48
7419.T,2024-10-31,2024-11-01,700.6,726.0,621.4,3.63,ma200_breach,1
7419.T,2024-11-11,2024-11-18,759.3,775.2,641.3,2.1,ma200_breach,7
7419.T,2025-01-30,2025-02-03,790.6,758.6,694.1,-4.04,ma200_breach,4
7419.T,2025-06-23,2025-10-27,997.0,1343.2,997.0,34.73,time,126
7419.T,2026-01-05,2026-01-30,1195.3,1071.2,1116.9,-10.38,stop_base,25
7421.T,2024-07-26,2024-08-02,1851.1,1813.2,1664.7,-2.05,ma200_breach,7
7433.T,2024-01-15,2024-05-01,5191.3,4606.7,4611.6,-11.26,stop_base,107
7438.T,2024-05-15,2024-08-02,1229.0,1198.1,1229.0,-2.51,ma200_breach,79
7438.T,2025-06-09,2025-06-13,1425.4,1409.9,1343.1,-1.09,ma200_breach,4
7438.T,2025-06-17,2025-10-21,1471.9,1651.8,1471.9,12.22,time,126
7438.T,2025-10-27,2025-11-11,1713.7,1544.6,1612.3,-9.87,stop_base,15
7447.T,2024-06-28,2024-08-02,2465.6,2334.1,2119.5,-5.33,ma200_breach,35
7447.T,2024-09-20,2024-10-02,2450.3,2242.0,2311.7,-8.5,stop_base,12
7453.T,2024-02-29,2024-04-16,1157.1,1130.4,1157.1,-2.31,stop_breakeven,47
7453.T,2024-05-31,2024-08-02,1264.0,1242.5,1264.0,-1.7,ma200_breach,63
7453.T,2024-11-13,2024-11-18,1380.5,1448.5,1155.4,4.93,ma200_breach,5
7453.T,2025-01-22,2025-02-03,1853.8,2010.6,1853.8,8.46,ma200_breach,12
7453.T,2025-02-21,2025-02-25,2040.2,2022.9,1742.9,-0.85,ma200_breach,4
7453.T,2025-05-30,2025-06-02,2746.2,2746.2,2243.1,0.0,ma200_breach,3
7453.T,2025-07-29,2025-08-29,3635.5,3173.8,3176.0,-12.7,stop_base,31
7453.T,2025-10-31,2025-11-17,3154.9,2929.9,3154.9,-7.13,stop_breakeven,17
7456.T,2024-05-28,2024-08-02,2730.0,2626.4,2730.0,-3.79,ma200_breach,66
7456.T,2024-09-26,2024-10-23,3155.9,3010.4,2838.4,-4.61,ma200_breach,27
7456.T,2024-12-24,2025-01-14,3136.5,2918.3,2866.0,-6.96,ma200_breach,21
7456.T,2025-02-13,2025-02-25,3136.5,2995.9,2905.7,-4.48,ma200_breach,12
7456.T,2025-07-09,2025-11-12,3441.7,4366.2,3441.7,26.86,time,126
7456.T,2025-11-20,2026-03-26,4455.5,6460.0,4455.5,44.99,time,126
7466.T,2024-01-29,2024-06-03,941.2,1044.2,941.2,10.95,time,126
7466.T,2024-06-10,2024-08-01,1052.3,1038.6,1052.3,-1.3,stop_breakeven,52
7466.T,2025-07-24,2025-08-20,1130.4,1128.9,1130.4,-0.13,stop_breakeven,27
7475.T,2024-09-26,2024-10-23,2757.9,2577.8,2527.7,-6.53,ma200_breach,27
7475.T,2025-07-31,2025-09-29,3241.6,2847.0,2849.7,-12.17,stop_base,60
7482.T,2024-01-29,2024-04-16,1200.8,1192.9,1200.8,-0.66,stop_breakeven,78
7482.T,2024-06-21,2024-07-24,1220.5,1203.9,1220.5,-1.36,stop_breakeven,33
7483.T,2025-06-30,2025-11-04,2399.7,2851.1,2399.7,18.81,time,127
7483.T,2025-11-06,2026-03-12,2899.4,3429.6,2899.4,18.29,time,126
7504.T,2024-02-02,2024-06-07,2234.4,2142.0,1862.2,-4.13,time,126
7504.T,2024-06-25,2024-08-02,2288.0,2186.3,1988.6,-4.44,ma200_breach,38
7504.T,2024-09-20,2024-10-23,2353.9,2357.4,2353.9,0.15,ma200_breach,33
7504.T,2024-12-27,2025-01-14,2416.4,2229.0,2208.0,-7.76,ma200_breach,18
7504.T,2025-09-03,2026-01-07,2848.7,2945.5,2645.5,3.4,time,126
7504.T,2026-01-22,2026-03-16,3073.2,3068.3,3073.2,-0.16,stop_breakeven,53
7508.T,2024-06-25,2024-08-02,1508.6,1368.0,1349.5,-9.32,ma200_breach,38
7508.T,2024-09-26,2024-10-23,1601.1,1488.8,1358.8,-7.01,ma200_breach,27
7510.T,2024-01-16,2024-05-21,1896.6,1947.2,1896.6,2.67,time,126
7510.T,2024-06-21,2024-08-02,2062.8,2200.0,2062.8,6.65,ma200_breach,42
7513.T,2024-03-13,2024-04-26,764.3,763.3,764.3,-0.13,stop_breakeven,44
7513.T,2024-06-07,2024-08-02,862.9,988.5,862.9,14.56,ma200_breach,56
7513.T,2024-10-15,2024-10-23,1039.9,1058.6,889.7,1.79,ma200_breach,8
7513.T,2024-12-11,2025-01-06,1083.1,1003.6,1006.5,-7.34,stop_base,26
7513.T,2025-06-19,2025-09-01,1122.4,1099.0,1122.4,-2.09,stop_breakeven,74
7516.T,2024-04-11,2024-07-16,4362.6,3716.5,3744.8,-14.81,stop_base,96
7520.T,2024-07-02,2024-08-01,2226.7,2074.2,2090.3,-6.85,stop_base,30
7520.T,2025-06-17,2025-10-21,2403.5,2786.1,2403.5,15.92,time,126
7520.T,2025-10-22,2026-02-25,2864.4,3205.0,2864.4,11.89,time,126
7522.T,2025-08-06,2025-08-29,1040.2,966.9,982.8,-7.04,stop_base,23
7525.T,2024-01-16,2024-05-15,3384.3,3342.0,3384.3,-1.25,stop_breakeven,120
7525.T,2025-07-02,2025-11-05,2951.4,3561.7,2951.4,20.68,time,126
7525.T,2025-11-28,2026-03-04,3732.2,3532.5,3556.8,-5.35,stop_base,96
7532.T,2024-02-14,2024-06-19,718.6,754.8,718.6,5.03,time,126
7532.T,2024-07-19,2024-08-01,796.5,723.3,729.1,-9.19,stop_base,13
7532.T,2024-12-12,2025-01-14,829.8,817.2,718.2,-1.51,ma200_breach,33
7532.T,2025-01-30,2025-02-03,868.4,846.0,795.3,-2.58,ma200_breach,4
7532.T,2025-02-06,2025-02-25,870.6,815.7,795.3,-6.31,ma200_breach,19
7532.T,2025-05-30,2025-06-02,939.8,938.4,847.6,-0.15,ma200_breach,3
7532.T,2025-06-11,2025-06-13,940.2,932.1,847.6,-0.86,ma200_breach,2
7532.T,2025-06-18,2025-10-02,947.1,930.5,947.1,-1.75,stop_breakeven,106
7537.T,2024-01-15,2024-05-13,1518.7,1156.3,1230.2,-23.87,stop_base,119
7537.T,2025-09-29,2025-10-14,1213.3,1054.8,1065.5,-13.06,stop_base,15
7537.T,2025-12-23,2026-02-02,1250.5,1206.4,1250.5,-3.52,stop_breakeven,41
7545.T,2024-02-09,2024-04-16,2083.1,2080.4,2083.1,-0.13,stop_breakeven,67
7545.T,2024-05-21,2024-08-02,2244.8,2082.3,2010.4,-7.24,ma200_breach,73
7550.T,2025-10-15,2025-11-14,10247.5,8937.3,9106.9,-12.79,stop_base,30
7552.T,2024-01-15,2024-05-20,1306.5,1550.5,1306.5,18.68,time,126
7552.T,2024-05-21,2024-06-24,1569.4,1555.3,1569.4,-0.9,stop_breakeven,34
7552.T,2024-09-26,2024-10-23,1968.3,1873.3,1760.6,-4.83,ma200_breach,27
7552.T,2024-12-03,2025-01-14,2020.5,2189.1,2020.5,8.34,ma200_breach,42
7552.T,2025-02-12,2025-02-25,2440.7,2246.1,1996.8,-7.98,ma200_breach,13
7552.T,2025-06-18,2025-10-22,2662.9,3197.0,2662.9,20.06,time,126
7554.T,2024-06-10,2024-08-02,1319.0,1247.6,1205.0,-5.41,ma200_breach,53
7575.T,2024-02-01,2024-05-22,1198.4,1030.6,1052.7,-14.0,stop_base,111
7575.T,2025-01-28,2025-02-03,1323.6,1448.2,1228.7,9.42,ma200_breach,6
7575.T,2025-02-04,2025-02-25,1451.9,1458.5,1237.1,0.45,ma200_breach,21
7581.T,2026-02-05,2026-03-09,6580.0,6510.0,6580.0,-1.06,stop_breakeven,32
7595.T,2024-06-19,2024-08-02,1084.3,1043.8,1084.3,-3.74,ma200_breach,44
7595.T,2024-09-26,2024-10-23,1226.6,1193.9,1105.1,-2.67,ma200_breach,27
7595.T,2024-12-03,2025-01-14,1268.7,1061.9,1094.6,-16.3,ma200_breach,42
7595.T,2025-11-18,2026-01-28,1426.4,1411.0,1426.4,-1.08,stop_breakeven,71
7599.T,2024-06-13,2024-07-16,1319.8,1152.0,1199.8,-12.71,stop_base,33
7606.T,2024-10-04,2024-10-23,2202.0,2096.0,1958.9,-4.81,ma200_breach,19
7606.T,2024-11-08,2024-11-18,2330.6,2228.4,1958.9,-4.38,ma200_breach,10
7607.T,2024-04-30,2024-07-08,2593.3,2590.5,2593.3,-0.11,stop_breakeven,69
7607.T,2024-12-11,2025-01-09,2710.4,2704.8,2710.4,-0.21,stop_breakeven,29
7607.T,2025-06-27,2025-10-17,2980.6,2978.6,2980.6,-0.07,stop_breakeven,112
7609.T,2025-06-27,2025-10-31,1846.1,2260.6,1846.1,22.46,time,126
7609.T,2025-11-04,2026-03-10,2372.8,2866.0,2372.8,20.79,time,126
7611.T,2024-01-18,2024-03-01,2876.2,2510.1,2538.4,-12.73,stop_base,43
7611.T,2024-06-05,2024-08-02,2951.0,2559.5,2594.4,-13.27,ma200_breach,58
7611.T,2025-06-26,2025-10-29,3250.7,3225.8,3250.7,-0.77,stop_breakeven,125
7611.T,2025-11-21,2026-01-16,3468.6,3215.9,3225.8,-7.29,stop_base,56
7613.T,2025-07-14,2025-11-10,1213.0,1196.3,1213.0,-1.38,stop_breakeven,119
7616.T,2024-01-17,2024-04-02,2404.9,2046.4,2097.7,-14.9,stop_base,76
7628.T,2024-07-16,2024-08-02,893.5,825.3,771.1,-7.63,ma200_breach,17
7628.T,2024-12-09,2024-12-20,947.7,934.9,947.7,-1.36,stop_breakeven,11
7628.T,2025-06-16,2025-10-20,1001.5,1078.8,1001.5,7.71,time,126
7628.T,2025-11-13,2026-03-19,1117.6,1101.9,1117.6,-1.41,stop_breakeven,126
7637.T,2024-05-29,2024-07-22,2762.6,2439.6,2453.6,-11.69,stop_base,54
7649.T,2024-03-12,2024-06-26,2481.7,2147.4,2162.3,-13.47,stop_base,106
7649.T,2024-07-31,2024-08-02,2514.0,2448.0,2147.4,-2.62,ma200_breach,2
7649.T,2024-08-19,2024-09-04,2559.5,2493.6,2150.8,-2.57,ma200_breach,16
7649.T,2024-09-26,2024-10-23,2600.2,2587.5,2600.2,-0.49,ma200_breach,27
7649.T,2025-02-21,2025-02-25,2685.8,2725.1,2434.6,1.46,ma200_breach,4
7649.T,2025-06-19,2025-10-23,3168.7,3518.2,3168.7,11.03,time,126
7649.T,2025-11-13,2026-01-08,3548.0,3508.3,3548.0,-1.12,stop_breakeven,56
7649.T,2026-01-15,2026-02-03,3858.3,3485.4,3508.3,-9.66,stop_base,19
7683.T,2024-10-15,2024-10-23,1542.7,1394.8,1277.3,-9.59,ma200_breach,8
7701.T,2024-09-27,2024-10-23,4763.3,4385.0,4344.2,-7.94,ma200_breach,26
7715.T,2024-04-11,2024-08-02,2494.6,2449.6,2494.6,-1.8,ma200_breach,113
7717.T,2024-07-11,2024-07-25,3131.5,2713.9,2820.2,-13.33,stop_base,14
7717.T,2025-09-16,2025-11-13,3173.9,3042.9,3173.9,-4.13,stop_breakeven,58
7721.T,2024-01-15,2024-05-20,1825.1,3028.4,1825.1,65.93,time,126
7721.T,2025-08-05,2025-08-15,4494.1,4484.2,4494.1,-0.22,stop_breakeven,10
7723.T,2024-01-15,2024-02-28,2260.1,2235.3,2260.1,-1.09,stop_breakeven,44
7723.T,2025-07-08,2025-11-11,2204.0,2552.1,2204.0,15.79,time,126
7725.T,2024-06-18,2024-07-16,1630.3,1302.7,1361.5,-20.09,stop_base,28
7725.T,2025-08-14,2025-10-01,1449.4,1410.7,1449.4,-2.67,stop_breakeven,48
7725.T,2025-12-24,2026-04-30,1437.0,1813.0,1437.0,26.17,time,127
7729.T,2024-01-15,2024-05-20,8599.6,10142.8,8599.6,17.94,time,126
7729.T,2024-06-11,2024-07-18,11041.5,10822.8,11041.5,-1.98,stop_breakeven,37
7729.T,2025-09-18,2026-01-22,9369.1,13429.1,9369.1,43.33,time,126
7733.T,2024-09-27,2024-10-23,2744.1,2747.0,2416.5,0.11,ma200_breach,26
7734.T,2024-01-19,2024-01-29,3479.6,3445.9,3479.6,-0.97,stop_breakeven,10
7734.T,2024-02-05,2024-02-21,3730.6,3720.9,3730.6,-0.26,stop_breakeven,16
7734.T,2024-04-26,2024-06-24,3755.4,3740.8,3755.4,-0.39,stop_breakeven,59
7734.T,2024-06-27,2024-08-02,4051.3,3949.4,4051.3,-2.51,ma200_breach,36
7734.T,2024-09-20,2024-10-23,4080.4,4261.7,3512.8,4.44,ma200_breach,33
7735.T,2024-01-15,2024-05-20,5984.1,7537.4,5984.1,25.96,time,126
7735.T,2024-07-04,2024-07-12,7494.4,7463.4,7494.4,-0.41,stop_breakeven,8
7735.T,2025-09-11,2025-11-10,6115.1,6084.5,6115.1,-0.5,stop_breakeven,60
7735.T,2025-12-24,2026-04-30,7398.6,10230.0,7398.6,38.27,time,127
7739.T,2024-01-29,2024-06-03,2031.3,2216.0,2031.3,9.1,time,126
7739.T,2024-06-14,2024-08-02,2220.8,2007.2,2126.0,-9.62,ma200_breach,49
7739.T,2024-10-29,2024-11-01,2336.7,2320.2,2118.0,-0.71,ma200_breach,3
7739.T,2024-11-07,2024-11-18,2362.0,2439.7,2193.8,3.29,ma200_breach,11
7739.T,2025-01-27,2025-02-03,2584.0,2473.5,2319.7,-4.27,ma200_breach,7
7739.T,2025-08-05,2025-12-09,2602.0,3640.0,2602.0,39.89,time,126
7739.T,2026-02-16,2026-02-26,3650.0,3620.0,3625.0,-0.82,stop_base,10
7740.T,2024-01-26,2024-05-31,659.4,1031.6,659.4,56.46,time,126
7740.T,2024-07-16,2024-08-01,1031.9,916.6,959.0,-11.17,stop_base,16
7740.T,2024-11-25,2024-11-26,1063.7,1046.1,948.4,-1.66,ma200_breach,1
7740.T,2024-12-27,2025-01-14,1074.7,1002.4,964.9,-6.73,ma200_breach,18
7740.T,2025-01-30,2025-02-03,1110.8,1055.4,975.5,-4.99,ma200_breach,4
7741.T,2024-01-19,2024-04-03,17929.5,17804.7,17929.5,-0.7,stop_breakeven,75
7741.T,2024-07-17,2024-08-02,20389.5,17217.3,17701.9,-15.56,ma200_breach,16
7741.T,2024-09-27,2024-10-23,20449.5,19590.9,18357.9,-4.2,ma200_breach,26
7741.T,2024-11-06,2024-11-18,21288.4,19605.6,19219.5,-7.91,ma200_breach,12
7741.T,2025-01-20,2025-02-03,20621.2,19257.2,19159.1,-6.61,ma200_breach,14
7744.T,2024-01-19,2024-02-14,983.0,902.2,983.0,-8.22,stop_breakeven,26
7744.T,2024-05-13,2024-08-02,1185.7,1104.9,1185.7,-6.82,ma200_breach,81
7744.T,2024-09-27,2024-10-23,1436.4,1204.5,1192.0,-16.14,ma200_breach,26
7744.T,2024-11-25,2024-11-26,1371.0,1353.9,1174.9,-1.25,ma200_breach,1
7744.T,2024-12-03,2025-01-14,1395.9,1535.2,1395.9,9.98,ma200_breach,42
7744.T,2025-08-12,2025-10-14,1621.6,1602.0,1621.6,-1.21,stop_breakeven,63
7744.T,2025-11-26,2026-04-01,1765.7,2110.0,1765.7,19.5,time,126
7745.T,2024-01-19,2024-02-08,1857.3,1856.4,1857.3,-0.05,stop_breakeven,20
7745.T,2024-02-19,2024-06-24,2033.6,2631.6,2033.6,29.41,time,126
7745.T,2024-07-03,2024-07-17,3152.7,3095.2,3152.7,-1.83,stop_breakeven,14
7745.T,2026-04-08,2026-04-22,2875.0,2823.0,2875.0,-1.81,stop_breakeven,14
7747.T,2026-04-01,2026-04-14,3505.0,3493.0,3505.0,-0.34,stop_breakeven,13
7751.T,2024-01-31,2024-04-25,3810.0,3796.9,3810.0,-0.34,stop_breakeven,85
7751.T,2024-05-28,2024-08-01,4215.3,4179.1,4215.3,-0.86,stop_breakeven,65
7751.T,2024-10-10,2024-10-23,4839.2,4739.4,4434.6,-2.06,ma200_breach,13
7751.T,2024-10-30,2024-11-01,4858.2,4660.6,4434.6,-4.07,ma200_breach,2
7751.T,2024-12-19,2025-01-14,4838.2,4769.9,4623.6,-1.41,ma200_breach,26
7751.T,2025-02-19,2025-02-25,5001.4,4959.0,4591.4,-0.85,ma200_breach,6
7752.T,2024-04-04,2024-06-17,1302.3,1288.1,1302.3,-1.09,stop_breakeven,74
7752.T,2024-07-04,2024-08-02,1418.5,1210.3,1216.9,-14.68,ma200_breach,29
7752.T,2024-10-03,2024-10-23,1578.9,1570.2,1300.9,-0.55,ma200_breach,20
7752.T,2024-11-07,2024-11-18,1636.0,1577.0,1469.2,-3.61,ma200_breach,11
7752.T,2024-12-05,2025-01-14,1688.8,1601.9,1547.2,-5.14,ma200_breach,40
7762.T,2024-02-14,2024-04-19,942.1,933.4,942.1,-0.93,stop_breakeven,65
7762.T,2024-06-03,2024-07-22,963.7,951.8,963.7,-1.24,stop_breakeven,49
7762.T,2025-11-13,2026-03-19,1167.4,1680.5,1167.4,43.96,time,126
7769.T,2024-01-29,2024-04-12,2936.3,2880.0,2936.3,-1.92,stop_breakeven,74
7769.T,2024-08-16,2024-09-04,3788.3,3684.7,3364.7,-2.73,ma200_breach,19
7769.T,2024-11-13,2024-11-15,3962.4,3618.9,3656.5,-8.67,stop_base,2
7818.T,2025-09-17,2025-10-01,1248.0,1148.0,1153.4,-8.01,stop_base,14
7821.T,2025-01-27,2025-02-03,1934.9,1874.7,1740.6,-3.11,ma200_breach,7
7821.T,2025-05-29,2025-06-02,2102.4,2054.1,1877.7,-2.3,ma200_breach,4
7821.T,2025-08-06,2025-08-14,1928.3,1770.4,1816.1,-8.19,stop_base,8
7826.T,2024-05-20,2024-08-02,3871.3,3804.8,3871.3,-1.72,ma200_breach,74
7832.T,2024-12-13,2025-01-09,3477.7,3439.8,3477.7,-1.09,stop_breakeven,27
7832.T,2025-01-29,2025-02-03,3717.7,3692.5,3186.2,-0.68,ma200_breach,5
7832.T,2025-02-05,2025-02-25,4264.8,4953.7,4264.8,16.15,ma200_breach,20
7832.T,2025-06-23,2025-07-14,4914.8,4419.4,4447.9,-10.08,stop_base,21
7832.T,2025-08-07,2025-08-27,5118.3,5067.2,5118.3,-1.0,stop_breakeven,20
7856.T,2025-07-14,2025-11-17,1489.2,1531.5,1489.2,2.84,time,126
7864.T,2024-04-01,2024-08-02,1996.6,2084.0,1996.6,4.38,ma200_breach,123
7864.T,2024-09-20,2024-10-23,2250.3,2425.2,2250.3,7.78,ma200_breach,33
7864.T,2024-10-29,2024-11-01,2483.9,2465.6,2160.0,-0.74,ma200_breach,3
7864.T,2024-12-30,2025-01-09,2443.5,2326.2,2329.1,-4.8,stop_base,10
7864.T,2025-02-12,2025-02-25,2566.5,2538.6,2566.5,-1.09,ma200_breach,13
7864.T,2025-06-18,2025-10-22,2603.4,2705.3,2603.4,3.91,time,126
7864.T,2026-01-22,2026-02-13,3210.2,2855.2,2968.6,-11.06,stop_base,22
7867.T,2024-02-29,2024-04-15,2537.3,2535.2,2537.3,-0.09,stop_breakeven,46
7867.T,2024-05-16,2024-08-02,2633.3,2971.0,2633.3,12.82,ma200_breach,78
7867.T,2024-11-05,2024-11-14,3988.0,3927.0,3988.0,-1.53,stop_breakeven,9
7867.T,2024-12-04,2025-01-14,4267.1,4219.6,3688.6,-1.11,ma200_breach,41
7867.T,2025-01-30,2025-02-03,4593.6,4577.1,4039.4,-0.36,ma200_breach,4
7867.T,2025-02-05,2025-02-14,4708.9,3945.4,4039.4,-16.21,stop_base,9
7868.T,2024-01-25,2024-02-02,770.6,671.1,672.0,-12.91,stop_base,8
7868.T,2024-04-18,2024-05-16,660.1,578.6,660.1,-12.36,stop_breakeven,28
7874.T,2024-05-14,2024-05-29,1146.9,1140.2,1146.9,-0.59,stop_breakeven,15
7874.T,2024-06-04,2024-06-27,1223.9,1221.0,1223.9,-0.24,stop_breakeven,23
7874.T,2024-09-25,2024-10-04,1299.9,1289.2,1299.9,-0.82,stop_breakeven,9
7874.T,2024-12-05,2025-01-14,1305.7,1141.9,1119.6,-12.55,ma200_breach,40
7888.T,2024-06-19,2024-07-22,672.1,668.4,672.1,-0.56,stop_breakeven,33
7888.T,2025-07-11,2025-11-14,763.1,822.1,763.1,7.73,time,126
7888.T,2025-12-22,2026-03-23,858.0,846.0,858.0,-1.4,stop_breakeven,91
7893.T,2024-01-17,2024-04-02,1266.6,1077.7,1105.4,-14.91,stop_base,76
7911.T,2024-01-15,2024-03-05,4102.4,3339.6,3343.5,-18.59,stop_base,50
7911.T,2024-04-04,2024-08-02,3783.4,3876.9,3783.4,2.47,ma200_breach,120
7911.T,2024-09-26,2024-10-23,4373.7,4159.3,3844.8,-4.9,ma200_breach,27
7911.T,2024-10-30,2024-11-01,4411.9,4346.3,4127.3,-1.49,ma200_breach,2
7911.T,2024-11-06,2024-11-15,4456.0,4080.9,4156.3,-8.42,stop_base,9
7912.T,2024-02-13,2024-06-18,2215.3,2592.7,2215.3,17.04,time,126
7912.T,2024-06-19,2024-08-02,2594.1,2304.2,2217.0,-11.18,ma200_breach,44
7912.T,2024-09-27,2024-10-23,2585.3,2482.4,2336.2,-3.98,ma200_breach,26
7912.T,2024-11-11,2024-11-14,2689.7,2427.7,2482.4,-9.74,stop_base,3
7914.T,2024-05-27,2024-06-13,805.9,802.4,805.9,-0.43,stop_breakeven,17
7914.T,2024-07-08,2024-08-02,923.0,794.4,802.4,-13.93,ma200_breach,25
7914.T,2025-01-24,2025-02-03,964.5,963.3,914.4,-0.12,ma200_breach,10
7914.T,2025-02-12,2025-02-25,1007.7,996.0,921.4,-1.16,ma200_breach,13
7914.T,2025-07-16,2025-11-19,1272.4,1396.0,1272.4,9.71,time,126
7914.T,2025-12-16,2026-04-21,1480.9,1558.0,1480.9,5.21,time,126
7915.T,2024-06-28,2024-08-01,1929.5,1661.4,1704.7,-13.89,stop_base,34
7917.T,2024-01-26,2024-05-13,956.9,949.6,956.9,-0.76,stop_breakeven,108
7917.T,2024-07-16,2024-08-02,1063.8,976.7,954.3,-8.19,ma200_breach,17
7917.T,2024-10-04,2024-10-23,1070.5,1004.8,988.4,-6.13,ma200_breach,19
7917.T,2026-02-06,2026-03-09,1338.7,1309.1,1338.7,-2.21,stop_breakeven,31
7921.T,2024-01-17,2024-05-22,2658.9,2433.5,2291.3,-8.48,time,126
7921.T,2024-06-05,2024-08-02,2637.5,2667.0,2637.5,1.12,ma200_breach,58
7921.T,2025-01-20,2025-02-03,3131.8,2962.9,2620.3,-5.39,ma200_breach,14
7921.T,2025-06-24,2025-10-28,3322.0,3968.6,3322.0,19.47,time,126
7921.T,2025-11-11,2026-01-27,4269.7,4255.0,4269.7,-0.34,stop_breakeven,77
7925.T,2024-07-08,2024-08-02,1803.0,1617.3,1665.8,-10.3,ma200_breach,25
7925.T,2024-10-03,2024-10-23,1734.8,1697.8,1605.2,-2.13,ma200_breach,20
7925.T,2025-05-30,2025-06-02,1848.8,1826.5,1658.9,-1.21,ma200_breach,3
7925.T,2025-07-28,2025-12-01,1889.5,2107.8,1889.5,11.55,time,126
7925.T,2025-12-24,2026-03-23,2158.0,2129.4,2158.0,-1.32,stop_breakeven,89
7931.T,2024-01-16,2024-05-21,3227.4,3674.6,3227.4,13.85,time,126
7931.T,2024-06-10,2024-07-18,3798.6,3472.5,3495.4,-8.59,stop_base,38
7936.T,2024-05-13,2024-08-02,2155.5,2144.9,2155.5,-0.49,ma200_breach,81
7936.T,2024-11-25,2024-11-26,2988.9,2981.0,2580.8,-0.26,ma200_breach,1
7936.T,2024-12-27,2025-01-14,3156.2,3199.9,2680.2,1.38,ma200_breach,18
7936.T,2025-01-21,2025-02-03,3404.4,3345.8,3404.4,-1.72,ma200_breach,13
7936.T,2025-06-27,2025-10-14,3664.8,3660.8,3664.8,-0.11,stop_breakeven,109
7936.T,2025-12-22,2026-01-26,3933.7,3914.0,3933.7,-0.5,stop_breakeven,35
7942.T,2024-02-21,2024-05-01,2026.0,2012.3,2026.0,-0.68,stop_breakeven,70
7942.T,2024-06-20,2024-08-02,2086.1,1861.9,1947.7,-10.75,ma200_breach,43
7943.T,2024-02-16,2024-06-06,3194.8,3192.3,3194.8,-0.08,stop_breakeven,111
7943.T,2024-07-31,2024-08-02,3499.4,3159.7,3089.9,-9.71,ma200_breach,2
7943.T,2024-09-27,2024-10-23,3376.7,3234.8,3113.2,-4.2,ma200_breach,26
7944.T,2024-01-22,2024-05-17,4424.2,3695.2,3773.5,-16.48,stop_base,116
7947.T,2025-01-31,2025-02-03,2901.7,2836.6,2576.1,-2.24,ma200_breach,3
7949.T,2024-01-23,2024-05-28,1346.4,1471.6,1346.4,9.3,time,126
7949.T,2024-06-25,2024-07-26,1503.5,1387.2,1437.4,-7.74,stop_base,31
7949.T,2025-06-26,2025-10-30,2181.9,2465.8,2181.9,13.01,time,126
7949.T,2025-11-17,2026-03-23,2551.7,2586.8,2551.7,1.38,time,126
7955.T,2025-12-17,2026-04-22,828.3,895.0,828.3,8.06,time,126
7956.T,2025-05-29,2025-06-02,1772.3,1789.5,1614.5,0.97,ma200_breach,4
7956.T,2025-08-19,2025-11-07,1738.2,1563.3,1612.7,-10.06,stop_base,80
7965.T,2024-12-17,2025-01-14,1734.7,1528.9,1441.6,-11.86,ma200_breach,28
7966.T,2024-02-05,2024-06-10,2622.6,3045.4,2622.6,16.12,time,126
7966.T,2024-06-26,2024-07-25,3139.6,3106.6,3139.6,-1.05,stop_breakeven,29
7966.T,2025-11-27,2026-04-02,4047.3,4540.0,4047.3,12.17,time,126
7970.T,2024-12-03,2025-01-14,1609.3,1524.5,1375.9,-5.27,ma200_breach,42
7970.T,2025-07-24,2025-11-27,1882.1,1919.2,1573.9,1.97,time,126
7970.T,2025-12-29,2026-01-28,1976.3,1954.6,1976.3,-1.1,stop_breakeven,30
7972.T,2024-02-14,2024-02-26,1658.7,1570.4,1658.7,-5.32,stop_breakeven,12
7972.T,2024-04-10,2024-06-06,1746.0,1407.1,1431.5,-19.41,stop_base,57
7972.T,2025-06-26,2025-10-30,2057.4,2364.1,2057.4,14.91,time,126
7972.T,2025-12-11,2026-04-16,2445.6,3350.0,2445.6,36.98,time,126
7974.T,2024-01-15,2024-04-03,7763.4,7571.1,7763.4,-2.48,stop_breakeven,79
7974.T,2024-05-14,2024-07-25,8181.1,8030.8,8181.1,-1.84,stop_breakeven,72
7974.T,2025-01-24,2025-02-03,9634.5,9912.2,9634.5,2.88,ma200_breach,10
7974.T,2025-02-05,2025-02-25,10423.6,11017.8,10423.6,5.7,ma200_breach,20
7974.T,2025-06-17,2025-10-10,12212.8,12198.2,12212.8,-0.12,stop_breakeven,115
7974.T,2025-11-05,2025-12-09,13542.6,11720.5,11966.7,-13.45,stop_base,34
7976.T,2024-02-19,2024-06-24,2368.8,2354.5,1852.8,-0.61,time,126
7976.T,2024-07-01,2024-07-24,2451.4,2444.7,2451.4,-0.28,stop_breakeven,23
7976.T,2024-11-05,2024-11-18,2468.8,2448.5,2316.3,-0.82,ma200_breach,13
7979.T,2024-01-26,2024-04-16,1377.7,1369.3,1377.7,-0.61,stop_breakeven,81
7979.T,2024-05-02,2024-08-02,1539.4,2133.3,1539.4,38.58,ma200_breach,92
7981.T,2025-06-30,2025-11-04,2329.7,2433.4,2329.7,4.45,time,127
7981.T,2025-11-20,2026-03-26,2550.6,2791.9,2550.6,9.46,time,126
7984.T,2024-01-18,2024-05-23,564.9,610.5,564.9,8.07,time,126
7984.T,2024-06-25,2024-07-30,639.2,598.9,610.5,-6.31,stop_base,35
7984.T,2024-12-03,2025-01-14,685.0,634.7,586.7,-7.34,ma200_breach,42
7984.T,2025-02-14,2025-02-25,693.3,705.9,628.4,1.82,ma200_breach,11
7984.T,2025-05-29,2025-06-02,742.0,769.4,650.5,3.7,ma200_breach,4
7984.T,2025-06-09,2025-06-13,788.4,765.8,695.6,-2.87,ma200_breach,4
7984.T,2025-06-26,2025-10-30,793.0,852.5,793.0,7.51,time,126
7984.T,2025-11-12,2026-02-25,892.1,891.5,892.1,-0.06,stop_breakeven,105
7988.T,2025-09-25,2026-01-29,4442.7,4731.0,4442.7,6.49,time,126
7988.T,2026-02-27,2026-03-12,5495.3,4619.0,4722.1,-15.95,stop_base,13
7989.T,2025-06-09,2025-06-13,1548.6,1502.4,1398.4,-2.98,ma200_breach,4
7989.T,2025-06-24,2025-10-28,1562.0,1883.7,1562.0,20.59,time,126
7989.T,2025-11-27,2026-04-02,1934.4,2520.0,1934.4,30.28,time,126
7990.T,2025-06-09,2025-06-13,2023.8,1979.6,1785.4,-2.19,ma200_breach,4
7990.T,2025-07-03,2025-11-06,2066.1,2281.7,2066.1,10.43,time,126
7994.T,2024-01-22,2024-02-13,2014.1,1811.9,1823.6,-10.04,stop_base,22
7994.T,2024-03-19,2024-05-22,2027.5,2020.8,2027.5,-0.33,stop_breakeven,64
7994.T,2025-07-02,2025-11-05,2162.5,2223.0,2162.5,2.8,time,126
7995.T,2024-01-19,2024-02-01,3904.2,3772.2,3904.2,-3.38,stop_breakeven,13
7995.T,2024-02-26,2024-04-19,4177.2,4094.4,4177.2,-1.98,stop_breakeven,53
8001.T,2024-01-15,2024-05-20,1253.8,1396.6,1253.8,11.39,time,126
8001.T,2024-05-31,2024-08-01,1411.3,1408.2,1411.3,-0.22,stop_breakeven,62
8001.T,2024-09-26,2024-10-23,1519.2,1465.8,1318.3,-3.52,ma200_breach,27
8001.T,2025-12-11,2026-04-16,1893.6,2011.5,1893.6,6.23,time,126
8002.T,2024-02-26,2024-07-01,2355.9,2808.0,2355.9,19.19,time,126
8002.T,2024-07-04,2024-07-24,2939.1,2737.0,2750.6,-6.88,stop_base,20
8002.T,2025-06-18,2025-10-22,2876.9,3697.7,2876.9,28.53,time,126
8002.T,2025-11-05,2026-03-11,3835.3,5414.3,3835.3,41.17,time,126
8005.T,2024-12-09,2025-01-14,986.1,961.1,874.8,-2.54,ma200_breach,36
8005.T,2025-02-04,2025-02-25,1042.7,959.2,955.5,-8.01,ma200_breach,21
8005.T,2025-06-19,2025-10-23,1020.7,1090.4,1020.7,6.83,time,126
8005.T,2025-11-07,2026-03-13,1181.3,1281.1,1181.3,8.44,time,126
8007.T,2024-02-27,2024-04-19,611.1,513.8,515.2,-15.92,stop_base,52
8007.T,2025-06-09,2025-06-13,668.0,660.4,614.4,-1.14,ma200_breach,4
8007.T,2025-06-18,2025-10-22,678.4,809.0,678.4,19.25,time,126
8007.T,2025-11-04,2026-03-10,834.3,852.8,834.3,2.22,time,126
8011.T,2024-01-29,2024-04-11,2471.2,2470.8,2471.2,-0.02,stop_breakeven,73
8011.T,2024-04-24,2024-05-29,2697.6,2288.0,2333.9,-15.19,stop_base,35
8011.T,2025-06-11,2025-06-13,2800.9,2762.4,2605.4,-1.38,ma200_breach,2
8011.T,2025-06-23,2025-06-30,2812.5,2510.0,2618.9,-10.75,stop_base,7
8011.T,2025-07-23,2025-11-26,2869.3,3382.6,2869.3,17.89,time,126
8011.T,2025-12-04,2026-04-09,3584.5,4120.0,3584.5,14.94,time,126
8012.T,2024-04-26,2024-08-02,635.1,711.6,635.1,12.05,ma200_breach,98
8012.T,2024-09-20,2024-10-23,760.3,745.6,698.0,-1.94,ma200_breach,33
8012.T,2024-11-12,2024-11-18,803.9,764.8,741.8,-4.86,ma200_breach,6
8012.T,2024-12-27,2025-01-09,776.8,722.8,732.7,-6.95,stop_base,13
8014.T,2024-03-29,2024-08-02,3156.0,3114.3,3156.0,-1.32,ma200_breach,126
8014.T,2024-09-24,2024-10-23,3378.1,3757.7,3378.1,11.24,ma200_breach,29
8014.T,2025-09-26,2025-10-14,3835.4,3670.3,3690.7,-4.3,stop_base,18
8015.T,2024-01-15,2024-03-11,2944.4,2901.9,2944.4,-1.45,stop_breakeven,56
8015.T,2024-03-21,2024-06-13,3231.5,2803.7,2828.8,-13.24,stop_base,84
8015.T,2024-07-02,2024-07-25,3033.7,2705.5,2758.0,-10.82,stop_base,23
8015.T,2025-06-18,2025-10-22,3034.3,4347.0,3034.3,43.26,time,126
8015.T,2025-10-24,2026-02-27,4447.0,6918.0,4447.0,55.57,time,126
8016.T,2024-01-29,2024-06-03,481.7,593.1,481.7,23.13,time,126
8016.T,2024-06-04,2024-07-05,598.6,530.8,543.6,-11.31,stop_base,31
8016.T,2025-06-23,2025-10-27,567.1,669.0,567.1,17.97,time,126
8016.T,2025-11-26,2026-04-01,679.8,727.0,679.8,6.95,time,126
8020.T,2024-01-15,2024-05-20,1009.0,1231.5,1009.0,22.06,time,126
8020.T,2024-06-03,2024-08-02,1272.4,1078.2,1140.0,-15.27,ma200_breach,60
8020.T,2025-06-30,2025-11-04,1329.2,1534.1,1329.2,15.41,time,127
8020.T,2025-11-25,2026-03-31,1625.4,2205.5,1625.4,35.69,time,126
8022.T,2024-05-27,2024-07-01,2543.9,2518.2,2543.9,-1.01,stop_breakeven,35
8022.T,2024-12-03,2025-01-14,2787.0,2796.7,2787.0,0.35,ma200_breach,42
8022.T,2025-11-28,2026-04-03,3008.7,3510.0,3008.7,16.66,time,126
8031.T,2024-01-15,2024-05-20,2764.2,3867.5,2764.2,39.91,time,126
8031.T,2024-05-21,2024-07-25,3951.6,3264.2,3338.4,-17.4,stop_base,65
8031.T,2025-11-06,2026-03-12,4019.8,5738.9,4019.8,42.77,time,126
8032.T,2024-06-06,2024-08-02,577.1,549.3,577.1,-4.82,ma200_breach,57
8032.T,2024-09-26,2024-10-23,665.0,645.7,553.0,-2.91,ma200_breach,27
8032.T,2024-12-06,2025-01-14,651.4,602.4,601.4,-7.53,ma200_breach,39
8032.T,2025-12-15,2026-04-20,808.3,1089.0,808.3,34.73,time,126
8035.T,2024-01-15,2024-05-20,25029.8,34761.0,25029.8,38.88,time,126
8035.T,2024-07-05,2024-07-17,34789.7,31939.2,32082.7,-8.19,stop_base,12
8035.T,2025-12-26,2026-05-01,34011.9,47450.0,34011.9,39.51,time,126
8037.T,2024-01-15,2024-05-20,1745.1,1918.8,1745.1,9.95,time,126
8037.T,2024-06-19,2024-07-08,2135.5,2106.5,2135.5,-1.36,stop_breakeven,19
8037.T,2025-06-27,2025-10-31,2342.9,2870.0,2342.9,22.5,time,126
8037.T,2025-11-12,2025-11-18,3029.4,2676.3,2768.7,-11.66,stop_base,6
8043.T,2024-01-17,2024-04-17,827.8,821.8,827.8,-0.72,stop_breakeven,91
8043.T,2024-06-19,2024-08-02,893.8,892.5,893.8,-0.14,ma200_breach,44
8043.T,2024-09-20,2024-10-23,938.1,881.7,797.3,-6.02,ma200_breach,33
8043.T,2025-07-14,2025-11-17,1083.3,1136.5,1083.3,4.91,time,126
8043.T,2025-11-21,2026-03-27,1172.3,1270.0,1172.3,8.33,time,126
8050.T,2024-05-20,2024-07-26,2102.7,2078.7,2102.7,-1.14,stop_breakeven,67
8050.T,2025-01-06,2025-01-14,2390.6,2286.2,1982.8,-4.37,ma200_breach,8
8050.T,2025-01-21,2025-02-03,2405.1,2567.7,2405.1,6.76,ma200_breach,13
8050.T,2025-10-21,2025-11-18,3409.0,3344.5,3409.0,-1.89,stop_breakeven,28
8050.T,2025-11-27,2026-04-02,3637.3,5660.0,3637.3,55.61,time,126
8051.T,2024-04-26,2024-08-02,1285.2,1351.1,1285.2,5.13,ma200_breach,98
8052.T,2024-01-29,2024-03-28,2109.6,2089.9,2109.6,-0.94,stop_breakeven,59
8052.T,2024-06-27,2024-07-10,2129.2,1970.2,1980.5,-7.47,stop_base,13
8052.T,2025-06-11,2025-06-13,2265.0,2240.7,2102.6,-1.07,ma200_breach,2
8052.T,2025-06-18,2025-10-22,2274.7,2656.8,2274.7,16.8,time,126
8052.T,2025-12-15,2026-04-20,2699.8,2774.0,2699.8,2.75,time,126
8053.T,2024-01-15,2024-05-20,3064.1,3906.0,3064.1,27.48,time,126
8053.T,2025-07-23,2025-11-26,3747.2,4703.4,3747.2,25.52,time,126
8053.T,2025-12-04,2026-04-09,4950.5,6231.0,4950.5,25.87,time,126
8056.T,2024-01-16,2024-04-02,4215.3,4204.4,4215.3,-0.26,stop_breakeven,77
8056.T,2024-04-12,2024-05-01,4514.2,3716.2,4162.4,-17.68,stop_base,19
8056.T,2024-09-26,2024-10-23,4730.6,4536.1,4202.5,-4.11,ma200_breach,27
8056.T,2025-06-19,2025-10-01,5915.9,5888.0,5915.9,-0.47,stop_breakeven,104
8057.T,2024-01-22,2024-03-05,1430.0,1322.5,1430.0,-7.52,stop_breakeven,43
8057.T,2024-06-27,2024-08-02,1569.6,1395.1,1299.8,-11.12,ma200_breach,36
8057.T,2025-07-17,2025-11-20,1998.0,2080.0,1998.0,4.1,time,126
8058.T,2024-02-07,2024-06-12,2595.6,3034.3,2595.6,16.9,time,126
8058.T,2024-07-04,2024-08-02,3192.6,2675.2,2870.3,-16.2,ma200_breach,29
8058.T,2025-08-25,2025-12-29,3209.0,3534.9,3209.0,10.16,time,126
8059.T,2024-06-26,2024-07-10,2221.7,2202.3,2221.7,-0.87,stop_breakeven,14
8059.T,2024-10-04,2024-10-23,2270.4,2113.5,2070.2,-6.91,ma200_breach,19
8059.T,2024-11-06,2024-11-15,2424.5,2409.5,2424.5,-0.62,stop_breakeven,9
8059.T,2024-12-11,2025-01-14,2605.0,2518.5,2190.5,-3.32,ma200_breach,34
8059.T,2026-02-05,2026-03-04,3270.8,3246.3,3270.8,-0.75,stop_breakeven,27
8060.T,2024-01-15,2024-04-02,2040.7,2027.4,2040.7,-0.65,stop_breakeven,78
8060.T,2024-06-28,2024-08-02,2142.6,2127.7,2021.8,-0.69,ma200_breach,35
8060.T,2024-11-14,2024-11-18,2310.2,2298.2,2100.0,-0.52,ma200_breach,4
8060.T,2024-12-05,2025-01-14,2330.8,2349.3,2330.8,0.8,ma200_breach,40
8060.T,2025-01-30,2025-02-03,2542.0,2500.1,2328.9,-1.65,ma200_breach,4
8060.T,2025-05-13,2025-05-15,2663.1,2590.6,2217.5,-2.72,ma200_breach,2
8060.T,2025-06-17,2025-10-21,2702.5,2961.8,2702.5,9.6,time,126
8060.T,2025-10-22,2026-02-25,3029.9,3421.5,3029.9,12.93,time,126
8061.T,2024-01-16,2024-05-21,915.3,1192.6,915.3,30.29,time,126
8061.T,2024-06-10,2024-07-05,1290.4,1288.9,1290.4,-0.12,stop_breakeven,25
8061.T,2024-10-08,2024-10-23,1302.6,1201.0,1165.0,-7.8,ma200_breach,15
8061.T,2025-05-29,2025-06-02,1513.7,1531.4,1320.6,1.17,ma200_breach,4
8061.T,2025-07-04,2025-11-07,1534.6,2150.3,1534.6,40.12,time,126
8061.T,2026-01-13,2026-02-02,2475.7,2232.8,2235.8,-9.81,stop_base,20
8061.T,2026-02-12,2026-03-04,2602.5,2514.0,2602.5,-3.4,stop_breakeven,20
8061.T,2026-04-07,2026-04-17,2849.0,2817.0,2849.0,-1.12,stop_breakeven,10
8065.T,2024-02-07,2024-05-14,1523.8,1507.1,1523.8,-1.1,stop_breakeven,97
8065.T,2024-06-24,2024-08-01,1541.0,1450.2,1480.5,-5.89,stop_base,38
8065.T,2025-07-22,2025-11-25,1503.7,2135.1,1503.7,41.99,time,126
8065.T,2025-11-26,2026-04-01,2159.7,2450.0,2159.7,13.44,time,126
8070.T,2025-06-19,2025-10-23,759.2,943.5,759.2,24.28,time,126
8070.T,2025-10-27,2026-01-26,952.3,941.5,952.3,-1.13,stop_breakeven,91
8074.T,2024-01-19,2024-03-13,4420.5,4415.9,4420.5,-0.1,stop_breakeven,54
8074.T,2024-03-27,2024-07-31,4922.8,5235.3,4922.8,6.35,time,126
8075.T,2024-05-21,2024-08-02,2164.0,2401.0,2164.0,10.96,ma200_breach,73
8075.T,2025-12-19,2026-03-04,2425.1,2415.4,2425.1,-0.4,stop_breakeven,75
8078.T,2024-01-15,2024-05-20,966.2,1173.0,966.2,21.4,time,126
8078.T,2024-05-21,2024-07-23,1198.9,1053.0,1056.7,-12.17,stop_base,63
8078.T,2025-07-14,2025-11-17,1155.9,1308.8,1155.9,13.23,time,126
8078.T,2025-11-26,2026-04-01,1356.0,1615.0,1356.0,19.1,time,126
8081.T,2024-04-16,2024-08-01,1440.0,1419.7,1440.0,-1.41,stop_breakeven,107
8081.T,2025-07-14,2025-10-02,1971.2,1926.4,1971.2,-2.27,stop_breakeven,80
8081.T,2025-10-22,2026-02-25,2083.8,2271.6,2083.8,9.01,time,126
8081.T,2026-02-27,2026-03-23,2322.7,2039.5,2083.8,-12.19,stop_base,24
8084.T,2024-01-15,2024-05-20,2483.5,2333.1,2204.2,-6.05,time,126
8084.T,2024-06-18,2024-08-02,2449.2,2309.2,2449.2,-5.71,ma200_breach,45
8084.T,2025-06-19,2025-10-23,2686.1,3043.6,2686.1,13.31,time,126
8084.T,2025-10-27,2026-03-02,3102.4,3602.4,3102.4,16.11,time,126
8086.T,2024-06-25,2024-08-02,1219.4,1216.5,1219.4,-0.24,ma200_breach,38
8086.T,2024-09-30,2024-10-23,1385.2,1366.2,1194.3,-1.37,ma200_breach,23
8086.T,2024-12-12,2025-01-14,1376.4,1421.2,1376.4,3.25,ma200_breach,33
8088.T,2024-05-21,2024-07-26,2201.1,2182.4,2201.1,-0.85,stop_breakeven,66
8091.T,2024-01-25,2024-04-30,1951.8,1904.0,1951.8,-2.45,stop_breakeven,96
8091.T,2024-06-28,2024-08-02,2044.9,1847.3,1855.6,-9.66,ma200_breach,35
8091.T,2025-06-19,2025-10-23,2145.4,2488.6,2145.4,16.0,time,126
8091.T,2025-11-06,2025-11-10,2495.5,2378.8,2383.7,-4.68,stop_base,4
8091.T,2025-12-29,2026-04-27,2417.0,2265.0,2417.0,-6.29,stop_breakeven,119
8093.T,2024-01-18,2024-02-14,1896.7,1860.9,1896.7,-1.89,stop_breakeven,27
8093.T,2024-03-08,2024-04-02,2016.0,1836.1,1847.4,-8.92,stop_base,25
8093.T,2025-09-01,2026-01-05,1648.1,1801.8,1648.1,9.33,time,126
8097.T,2024-01-15,2024-05-20,1511.3,1908.3,1511.3,26.27,time,126
8097.T,2024-06-03,2024-08-01,1931.9,1814.8,1820.3,-6.06,stop_base,59
8101.T,2024-01-22,2024-05-22,2017.2,2001.4,2017.2,-0.79,stop_breakeven,121
8101.T,2025-08-05,2025-12-09,2080.6,2231.3,2080.6,7.25,time,126
8103.T,2025-06-10,2025-06-13,677.7,652.1,624.5,-3.78,ma200_breach,3
8103.T,2025-07-25,2025-11-28,675.8,804.9,675.8,19.1,time,126
8103.T,2025-12-12,2026-03-03,830.5,807.7,830.5,-2.74,stop_breakeven,81
8125.T,2024-03-01,2024-07-05,1424.7,1537.7,1424.7,7.93,time,126
8125.T,2024-09-20,2024-10-23,1492.0,1435.4,1369.9,-3.79,ma200_breach,33
8125.T,2025-01-29,2025-02-03,1640.9,1624.7,1423.8,-0.98,ma200_breach,5
8125.T,2025-05-14,2025-05-15,1726.3,1733.9,1471.0,0.44,ma200_breach,1
8125.T,2025-07-17,2025-11-20,1649.1,1719.6,1649.1,4.27,time,126
8125.T,2025-11-21,2026-03-27,1769.2,1931.0,1769.2,9.15,time,126
8129.T,2024-02-13,2024-06-18,3135.2,3602.8,3135.2,14.91,time,126
8129.T,2024-06-25,2024-08-02,3976.7,3907.1,3976.7,-1.75,ma200_breach,38
8129.T,2024-08-16,2024-09-04,4387.9,4637.8,3624.8,5.7,ma200_breach,19
8129.T,2024-10-09,2024-10-23,4823.3,4451.3,4352.5,-7.71,ma200_breach,14
8129.T,2025-07-30,2025-10-29,4840.2,4779.7,4840.2,-1.25,stop_breakeven,91
8130.T,2024-01-15,2024-03-07,2953.5,2940.2,2953.5,-0.45,stop_breakeven,52
8130.T,2025-08-07,2025-12-11,2916.8,3004.3,2916.8,3.0,time,126
8132.T,2024-03-14,2024-04-01,4620.2,4587.1,4620.2,-0.72,stop_breakeven,18
8132.T,2024-04-30,2024-05-23,4884.4,4426.2,4499.3,-9.38,stop_base,23
8132.T,2024-06-19,2024-08-02,4825.9,4504.2,4825.9,-6.67,ma200_breach,44
8132.T,2024-10-07,2024-10-23,6259.1,6025.1,5313.4,-3.74,ma200_breach,16
8132.T,2024-10-31,2024-11-01,6327.3,6190.8,5557.1,-2.16,ma200_breach,1
8132.T,2024-12-03,2024-12-13,6356.6,5810.6,5956.8,-8.59,stop_base,10
8132.T,2024-12-26,2025-01-14,6463.8,5966.6,5810.6,-7.69,ma200_breach,19
8132.T,2025-07-09,2025-10-02,6476.3,6268.7,6476.3,-3.21,stop_breakeven,85
8133.T,2024-01-15,2024-02-09,1519.3,1391.1,1398.5,-8.43,stop_base,25
8133.T,2024-03-19,2024-04-17,1440.6,1409.6,1440.6,-2.15,stop_breakeven,29
8133.T,2024-07-26,2024-08-02,1713.3,1358.4,1397.5,-20.72,ma200_breach,7
8133.T,2025-05-30,2025-06-02,1632.6,1623.9,1431.3,-0.53,ma200_breach,3
8133.T,2025-06-09,2025-06-13,1646.1,1676.1,1485.5,1.82,ma200_breach,4
8133.T,2025-06-17,2025-10-21,1687.7,1872.8,1687.7,10.97,time,126
8136.T,2024-04-09,2024-04-16,605.2,528.1,535.1,-12.74,stop_base,7
8136.T,2024-09-24,2024-10-23,805.6,782.4,683.2,-2.88,ma200_breach,29
8136.T,2024-11-05,2024-11-18,895.6,915.4,895.6,2.22,ma200_breach,13
8136.T,2024-12-25,2025-01-08,1044.6,1042.4,1044.6,-0.21,stop_breakeven,14
8136.T,2025-02-06,2025-02-25,1174.5,1376.3,1174.5,17.18,ma200_breach,19
8136.T,2025-06-27,2025-07-24,1423.9,1200.8,1203.4,-15.67,stop_base,27
8137.T,2024-01-19,2024-02-01,2028.7,2006.5,2028.7,-1.09,stop_breakeven,13
8137.T,2025-05-30,2025-06-02,2216.6,2214.7,1930.5,-0.09,ma200_breach,3
8137.T,2025-06-11,2025-06-13,2236.7,2199.3,2001.5,-1.67,ma200_breach,2
8137.T,2025-06-19,2025-10-23,2240.6,2654.2,2240.6,18.46,time,126
8137.T,2025-10-27,2026-03-02,2719.0,3376.7,2719.0,24.19,time,126
8142.T,2024-04-24,2024-07-22,1014.8,1007.1,1014.8,-0.76,stop_breakeven,89
8142.T,2025-07-31,2025-10-14,1073.8,1070.5,1073.8,-0.3,stop_breakeven,75
8142.T,2025-11-21,2026-03-27,1132.6,1350.0,1132.6,19.19,time,126
8150.T,2025-06-11,2025-06-13,2192.3,2144.8,1877.2,-2.16,ma200_breach,2
8150.T,2025-06-26,2025-10-30,2198.0,2747.1,2198.0,24.98,time,126
8150.T,2025-10-31,2026-03-06,2814.5,2940.6,2814.5,4.48,time,126
8151.T,2024-06-10,2024-07-22,1477.7,1449.3,1477.7,-1.92,stop_breakeven,42
8151.T,2024-10-09,2024-10-23,1580.6,1492.2,1421.8,-5.59,ma200_breach,14
8151.T,2025-12-22,2026-03-04,1718.5,1712.6,1718.5,-0.34,stop_breakeven,72
8153.T,2025-08-12,2025-12-16,4036.1,4314.9,4036.1,6.91,time,126
8154.T,2024-01-16,2024-04-02,3131.3,2776.3,2798.1,-11.34,stop_base,77
8154.T,2025-08-26,2025-12-30,3235.2,3805.4,3235.2,17.62,time,126
8154.T,2026-01-05,2026-03-13,3844.6,3839.7,3844.6,-0.13,stop_breakeven,67
8157.T,2024-01-31,2024-03-11,2173.2,2152.3,2173.2,-0.96,stop_breakeven,40
8157.T,2024-06-10,2024-07-31,2151.9,2126.9,2151.9,-1.16,stop_breakeven,51
8157.T,2024-12-06,2025-01-14,2525.9,2710.0,2525.9,7.29,ma200_breach,39
8157.T,2025-01-22,2025-02-03,2856.3,2537.2,2432.4,-11.17,ma200_breach,12
8157.T,2025-07-08,2025-11-11,2776.6,3127.7,2776.6,12.64,time,126
8157.T,2025-12-19,2026-04-24,3206.1,3490.0,3206.1,8.85,time,126
8158.T,2024-01-15,2024-03-28,1121.8,1062.8,1121.8,-5.26,stop_breakeven,73
8158.T,2024-09-03,2024-09-04,1107.5,1097.2,925.1,-0.92,ma200_breach,1
8158.T,2024-09-20,2024-10-23,1113.0,1103.4,997.6,-0.87,ma200_breach,33
8159.T,2024-01-15,2024-04-05,2844.2,2841.4,2844.2,-0.1,stop_breakeven,81
8159.T,2024-06-10,2024-07-26,2832.1,2769.8,2832.1,-2.2,stop_breakeven,46
8159.T,2025-08-21,2025-12-25,2899.7,2988.7,2899.7,3.07,time,126
8163.T,2024-01-17,2024-05-22,1199.6,1152.1,995.8,-3.96,time,126
8163.T,2024-06-07,2024-08-02,1198.4,1193.5,1198.4,-0.41,ma200_breach,56
8163.T,2024-08-29,2024-09-04,1307.9,1256.6,1122.5,-3.92,ma200_breach,6
8167.T,2024-01-15,2024-05-20,1718.8,1588.1,1435.3,-7.61,time,126
8173.T,2024-04-30,2024-08-02,2349.5,2480.5,2349.5,5.58,ma200_breach,94
8173.T,2024-08-26,2024-09-04,2611.6,2530.4,2388.3,-3.11,ma200_breach,9
8174.T,2025-06-17,2025-10-21,2554.4,2737.0,2554.4,7.15,time,126
8174.T,2025-10-30,2026-02-04,2811.7,2746.8,2811.7,-2.31,stop_breakeven,97
8174.T,2026-02-18,2026-04-30,2997.0,2679.5,2746.8,-10.59,stop_base,71
8179.T,2025-08-01,2025-10-29,1351.4,1258.1,1266.5,-6.91,stop_base,89
8185.T,2024-12-03,2025-01-08,1393.0,1210.7,1217.3,-13.09,stop_base,36
8194.T,2024-02-29,2024-06-19,1820.3,1806.1,1820.3,-0.78,stop_breakeven,111
8194.T,2025-06-09,2025-06-13,2091.7,2075.1,1977.6,-0.79,ma200_breach,4
8194.T,2025-06-16,2025-10-20,2094.6,2416.6,2094.6,15.37,time,126
8194.T,2025-11-21,2026-01-28,2511.4,2491.6,2511.4,-0.79,stop_breakeven,68
8203.T,2024-07-29,2024-08-02,670.6,623.9,613.6,-6.96,ma200_breach,4
8203.T,2024-09-26,2024-10-23,688.3,660.3,625.7,-4.07,ma200_breach,27
8214.T,2024-01-22,2024-02-15,1050.6,964.4,971.4,-8.21,stop_base,24
8214.T,2024-03-29,2024-08-02,1024.7,1099.3,1024.7,7.29,ma200_breach,126
8214.T,2025-06-19,2025-10-23,1547.9,1659.6,1547.9,7.21,time,126
8214.T,2025-12-08,2026-03-04,1677.9,1658.6,1677.9,-1.15,stop_breakeven,86
8218.T,2024-04-24,2024-08-02,3669.3,3325.6,3233.6,-9.37,ma200_breach,100
8219.T,2024-01-15,2024-02-15,442.9,430.8,442.9,-2.74,stop_breakeven,31
8219.T,2024-03-19,2024-05-17,483.8,419.7,420.2,-13.24,stop_base,59
8219.T,2025-05-14,2025-05-15,640.7,632.5,540.0,-1.29,ma200_breach,1
8219.T,2025-07-01,2025-11-04,652.8,690.4,652.8,5.76,time,126
8219.T,2025-11-21,2026-03-27,722.0,756.3,722.0,4.75,time,126
8227.T,2025-02-14,2025-02-25,8912.8,8837.7,8323.5,-0.84,ma200_breach,11
8227.T,2025-07-01,2025-08-21,10586.7,10559.5,10586.7,-0.26,stop_breakeven,51
8227.T,2025-11-13,2026-02-18,10653.6,3678.3,9187.6,-65.47,stop_base,97
8233.T,2024-05-30,2024-06-19,1228.2,1225.3,1228.2,-0.23,stop_breakeven,20
8233.T,2024-07-01,2024-08-02,1441.8,1164.2,1152.2,-19.26,ma200_breach,32
8233.T,2026-01-07,2026-03-03,1846.0,1814.5,1846.0,-1.71,stop_breakeven,55
8237.T,2025-07-16,2025-11-19,1111.2,1787.3,1111.2,60.84,time,126
8237.T,2025-11-28,2026-03-09,1993.8,1922.0,1993.8,-3.6,stop_breakeven,101
8242.T,2024-05-21,2024-08-02,2063.9,2170.9,2063.9,5.18,ma200_breach,73
8242.T,2024-09-27,2024-10-23,2190.5,2003.8,2000.3,-8.52,ma200_breach,26
8252.T,2025-02-17,2025-02-25,2467.9,2440.6,2331.4,-1.11,ma200_breach,8
8252.T,2025-05-14,2025-05-15,2954.4,2928.5,2450.7,-0.88,ma200_breach,1
8252.T,2025-06-19,2025-10-09,2956.3,2950.5,2956.3,-0.2,stop_breakeven,112
8252.T,2025-11-19,2026-03-25,3067.0,3040.6,2838.9,-0.86,time,126
8253.T,2024-01-15,2024-05-20,2491.6,3106.4,2491.6,24.68,time,126
8253.T,2024-05-27,2024-07-25,3132.7,3117.7,3132.7,-0.48,stop_breakeven,59
8253.T,2024-10-07,2024-10-23,3471.5,3165.5,2956.3,-8.81,ma200_breach,16
8253.T,2024-12-03,2025-01-14,3495.9,3330.7,3142.1,-4.72,ma200_breach,42
8253.T,2025-02-17,2025-02-25,3546.6,3340.1,3319.4,-5.82,ma200_breach,8
8253.T,2025-08-01,2025-08-04,3988.0,3725.3,3732.1,-6.59,stop_base,3
8253.T,2025-08-08,2025-08-15,3994.7,3615.8,3725.3,-9.49,stop_base,7
8255.T,2025-05-30,2025-06-02,1116.3,1095.8,1035.2,-1.84,ma200_breach,3
8255.T,2025-07-18,2025-07-23,1106.5,1074.3,1078.2,-2.91,stop_base,5
8255.T,2025-07-31,2025-10-02,1118.3,1111.6,1118.3,-0.59,stop_breakeven,63
8255.T,2026-02-04,2026-03-06,1212.3,1207.4,1212.3,-0.41,stop_breakeven,30
8267.T,2024-02-02,2024-06-07,1146.3,1145.0,982.0,-0.12,time,126
8267.T,2024-06-10,2024-08-02,1149.2,1091.0,1051.0,-5.06,ma200_breach,53
8267.T,2025-05-30,2025-06-02,1457.4,1449.8,1282.9,-0.52,ma200_breach,3
8267.T,2025-06-16,2025-10-20,1473.1,2240.1,1473.1,52.06,time,126
8276.T,2025-05-30,2025-06-02,2692.7,2674.1,2575.2,-0.69,ma200_breach,3
8276.T,2025-06-19,2025-08-29,2835.7,2811.7,2835.7,-0.84,stop_breakeven,71
8276.T,2025-11-13,2026-03-03,2927.5,2889.0,2927.5,-1.32,stop_breakeven,110
8281.T,2024-08-22,2024-09-04,1195.4,1187.9,994.3,-0.63,ma200_breach,13
8281.T,2025-02-13,2025-02-25,1214.6,1157.3,1065.5,-4.72,ma200_breach,12
8282.T,2024-06-25,2024-08-02,1409.7,1465.9,1409.7,3.98,ma200_breach,38
8306.T,2024-01-16,2024-05-21,1188.8,1455.4,1188.8,22.42,time,126
8306.T,2024-05-28,2024-08-02,1526.6,1421.6,1526.6,-6.88,ma200_breach,66
8306.T,2024-12-12,2025-01-14,1766.0,1773.7,1545.7,0.43,ma200_breach,33
8306.T,2025-01-27,2025-02-03,1832.3,1837.1,1691.2,0.26,ma200_breach,7
8306.T,2025-02-17,2025-02-25,1891.0,1870.0,1747.9,-1.11,ma200_breach,8
8306.T,2025-07-23,2025-11-26,2037.2,2411.8,2037.2,18.39,time,126
8306.T,2025-12-01,2026-04-06,2427.6,2792.0,2427.6,15.01,time,126
8308.T,2024-03-27,2024-05-08,919.2,913.4,919.2,-0.64,stop_breakeven,42
8308.T,2024-05-15,2024-06-06,979.1,978.1,979.1,-0.1,stop_breakeven,22
8308.T,2024-07-31,2024-08-02,1050.2,991.1,1050.2,-5.63,ma200_breach,2
8308.T,2024-11-06,2024-11-18,1068.7,1168.0,1068.7,9.29,ma200_breach,12
8308.T,2025-02-17,2025-02-25,1159.7,1177.2,1077.5,1.51,ma200_breach,8
8308.T,2025-06-24,2025-10-28,1308.7,1458.8,1308.7,11.47,time,126
8308.T,2025-11-12,2026-03-18,1537.7,1791.1,1537.7,16.48,time,126
8309.T,2024-01-31,2024-06-05,2758.7,3283.7,2758.7,19.03,time,126
8309.T,2024-07-01,2024-07-25,3432.2,3399.9,3432.2,-0.94,stop_breakeven,24
8309.T,2025-01-28,2025-02-03,3610.6,3640.8,3391.1,0.83,ma200_breach,6
8309.T,2025-02-04,2025-02-25,3692.6,3655.8,3391.1,-0.99,ma200_breach,21
8309.T,2025-07-04,2025-11-07,3795.3,4142.2,3795.3,9.14,time,126
8309.T,2025-11-10,2026-03-16,4222.5,4813.1,4222.5,13.99,time,126
8316.T,2024-01-24,2024-05-29,2361.9,3123.8,2361.9,32.26,time,126
8316.T,2024-05-31,2024-08-02,3201.6,3006.2,3201.6,-6.1,ma200_breach,63
8316.T,2024-11-25,2024-11-26,3530.4,3426.6,2954.4,-2.94,ma200_breach,1
8316.T,2025-01-08,2025-01-14,3700.8,3534.2,3408.5,-4.5,ma200_breach,6
8316.T,2025-01-28,2025-02-03,3704.6,3575.1,3476.1,-3.5,ma200_breach,6
8316.T,2025-02-18,2025-02-25,3721.8,3683.7,3513.2,-1.02,ma200_breach,7
8316.T,2025-08-13,2025-09-03,3871.2,3821.9,3871.2,-1.27,stop_breakeven,21
8316.T,2025-11-12,2026-03-18,4215.5,5176.8,4215.5,22.8,time,126
8331.T,2024-04-12,2024-08-02,1234.9,1191.1,1234.9,-3.55,ma200_breach,112
8331.T,2025-07-23,2025-11-26,1373.2,1616.0,1373.2,17.68,time,126
8331.T,2025-11-27,2026-04-02,1628.8,2117.5,1628.8,30.0,time,126
8334.T,2024-02-01,2024-06-06,680.8,923.7,680.8,35.69,time,126
8334.T,2025-07-10,2025-11-13,1216.5,1585.9,1216.5,30.37,time,126
8334.T,2025-11-17,2026-03-23,1630.8,2007.4,1630.8,23.1,time,126
8336.T,2024-04-23,2024-08-02,910.1,908.5,910.1,-0.17,ma200_breach,101
8336.T,2025-07-02,2025-11-05,1036.3,1316.9,1036.3,27.07,time,126
8336.T,2025-11-06,2026-03-12,1342.5,1870.2,1342.5,39.31,time,126
8337.T,2024-01-16,2024-05-21,826.4,985.4,826.4,19.24,time,126
8337.T,2024-07-31,2024-08-02,1063.5,916.2,967.6,-13.85,ma200_breach,2
8337.T,2024-11-06,2024-11-18,1146.5,1198.9,1146.5,4.57,ma200_breach,12
8337.T,2024-12-24,2025-01-14,1446.0,1517.1,1446.0,4.92,ma200_breach,21
8337.T,2025-01-31,2025-02-03,1560.6,1497.3,1361.9,-4.05,ma200_breach,3
8337.T,2025-08-15,2025-10-02,1556.3,1546.3,1556.3,-0.64,stop_breakeven,48
8337.T,2025-12-17,2026-04-22,1701.5,1993.0,1701.5,17.13,time,126
8338.T,2024-05-20,2024-06-05,303.7,299.8,303.7,-1.28,stop_breakeven,16
8338.T,2025-09-30,2025-10-14,309.4,280.7,283.7,-9.29,stop_base,14
8338.T,2025-10-30,2026-03-05,320.3,636.7,320.3,98.76,time,126
8341.T,2024-02-07,2024-06-12,1122.8,1327.9,1122.8,18.27,time,126
8341.T,2024-07-31,2024-08-02,1472.4,1359.0,1307.8,-7.7,ma200_breach,2
8341.T,2024-12-11,2025-01-14,1479.5,1369.8,1255.3,-7.41,ma200_breach,34
8341.T,2025-07-11,2025-11-14,1637.2,2267.7,1637.2,38.51,time,126
8341.T,2025-12-05,2026-04-10,2456.8,3262.0,2456.8,32.78,time,126
8343.T,2024-05-16,2024-08-02,2076.7,2126.3,2076.7,2.39,ma200_breach,78
8343.T,2025-06-25,2025-10-29,2885.2,3510.5,2885.2,21.67,time,126
8343.T,2025-10-30,2026-03-05,3603.6,5079.4,3603.6,40.95,time,126
8344.T,2025-07-09,2025-11-12,1473.7,1708.1,1473.7,15.91,time,126
8344.T,2025-11-13,2026-03-19,1715.0,2338.2,1715.0,36.34,time,126
8345.T,2024-05-28,2024-07-22,585.3,582.7,585.3,-0.45,stop_breakeven,55
8345.T,2024-12-30,2025-01-14,633.8,618.0,587.2,-2.49,ma200_breach,15
8345.T,2025-01-20,2025-02-03,648.5,686.6,648.5,5.88,ma200_breach,14
8345.T,2025-02-04,2025-02-25,695.6,683.2,598.9,-1.78,ma200_breach,21
8345.T,2025-06-10,2025-06-13,697.1,691.3,631.7,-0.83,ma200_breach,3
8345.T,2025-06-17,2025-10-21,701.7,935.4,701.7,33.32,time,126
8345.T,2025-10-22,2026-02-25,939.0,1571.3,939.0,67.34,time,126
8346.T,2024-01-30,2024-06-04,293.3,312.2,293.3,6.43,time,126
8346.T,2025-07-11,2025-11-14,338.1,468.7,338.1,38.62,time,126
8346.T,2025-11-17,2026-03-23,469.7,619.7,469.7,31.93,time,126
8354.T,2024-04-12,2024-06-13,3945.4,3852.9,3945.4,-2.34,stop_breakeven,62
8354.T,2025-07-23,2025-11-26,4018.5,4726.6,4018.5,17.62,time,126
8358.T,2024-01-15,2024-02-14,804.3,688.0,695.4,-14.47,stop_base,30
8358.T,2024-03-12,2024-07-16,823.9,1028.9,823.9,24.89,time,126
8358.T,2024-07-18,2024-08-02,1070.5,1028.9,1070.5,-3.89,ma200_breach,15
8358.T,2025-01-30,2025-02-03,1163.9,1138.0,1033.6,-2.22,ma200_breach,4
8358.T,2025-02-06,2025-02-25,1207.0,1260.6,1207.0,4.44,ma200_breach,19
8358.T,2025-05-29,2025-06-02,1276.7,1296.1,1121.8,1.52,ma200_breach,4
8358.T,2025-06-25,2025-10-29,1304.8,1474.4,1304.8,13.0,time,126
8358.T,2025-11-13,2026-03-19,1595.1,1874.9,1595.1,17.54,time,126
8359.T,2024-02-16,2024-06-21,753.2,939.6,753.2,24.75,time,126
8359.T,2024-07-17,2024-07-26,1002.3,919.6,923.8,-8.25,stop_base,9
8359.T,2024-07-31,2024-08-02,1003.2,920.5,919.6,-8.25,ma200_breach,2
8359.T,2025-07-09,2025-11-12,1170.4,1525.8,1170.4,30.36,time,126
8359.T,2025-11-26,2026-04-01,1583.1,2069.0,1583.1,30.69,time,126
8360.T,2024-01-31,2024-04-16,1634.9,1619.5,1634.9,-0.94,stop_breakeven,76
8360.T,2024-05-15,2024-06-13,1784.0,1761.6,1784.0,-1.26,stop_breakeven,29
8360.T,2025-07-04,2025-11-07,2534.3,3327.8,2534.3,31.31,time,126
8360.T,2025-11-14,2026-03-23,3426.6,4613.4,3426.6,34.63,time,129
8360.T,2026-04-01,2026-04-21,5590.0,5500.0,5590.0,-1.61,stop_breakeven,20
8361.T,2024-05-31,2024-08-02,2168.9,1986.3,1966.7,-8.42,ma200_breach,63
8361.T,2025-07-04,2025-11-07,2480.0,3692.5,2480.0,48.89,time,126
8361.T,2025-11-13,2026-03-19,3747.0,6046.7,3747.0,61.38,time,126
8361.T,2026-04-09,2026-04-21,6810.0,6800.0,6810.0,-0.15,stop_breakeven,12
8362.T,2024-05-13,2024-07-26,1886.8,1883.1,1886.8,-0.2,stop_breakeven,74
8362.T,2025-11-13,2026-03-19,2243.2,3273.0,2243.2,45.91,time,126
8362.T,2026-04-07,2026-04-24,3465.0,3460.0,3465.0,-0.14,stop_breakeven,17
8364.T,2025-10-15,2026-02-18,2043.1,2695.4,2043.1,31.93,time,126
8366.T,2024-01-31,2024-06-05,683.5,815.4,683.5,19.3,time,126
8366.T,2025-07-24,2025-10-10,1207.7,1198.2,1207.7,-0.79,stop_breakeven,78
8366.T,2025-11-26,2026-04-01,1256.2,1970.0,1256.2,56.83,time,126
8367.T,2024-05-13,2024-08-02,590.2,596.6,590.2,1.1,ma200_breach,81
8367.T,2025-01-29,2025-02-03,643.2,653.6,589.5,1.61,ma200_breach,5
8367.T,2025-05-29,2025-06-02,779.3,796.8,667.2,2.23,ma200_breach,4
8367.T,2025-07-01,2025-11-04,802.6,1022.7,802.6,27.42,time,126
8367.T,2025-11-06,2026-03-12,1052.2,1373.4,1052.2,30.52,time,126
8368.T,2024-01-29,2024-06-03,539.7,678.9,539.7,25.8,time,126
8368.T,2025-05-29,2025-06-02,690.3,712.7,608.1,3.26,ma200_breach,4
8368.T,2025-07-11,2025-11-14,731.3,961.0,731.3,31.4,time,126
8368.T,2025-11-20,2026-03-26,973.9,1530.2,973.9,57.13,time,126
8368.T,2026-04-08,2026-04-22,1716.0,1714.0,1716.0,-0.12,stop_breakeven,14
8370.T,2024-07-02,2024-08-02,1791.9,1675.2,1649.7,-6.51,ma200_breach,31
8370.T,2024-12-03,2025-01-10,1998.6,1993.0,1998.6,-0.28,stop_breakeven,38
8370.T,2025-01-30,2025-02-03,2116.5,2078.1,1962.1,-1.81,ma200_breach,4
8370.T,2025-07-11,2025-11-14,2511.5,2921.0,2511.5,16.31,time,126
8370.T,2025-12-12,2026-04-17,3083.8,4140.0,3083.8,34.25,time,126
8377.T,2024-02-13,2024-06-18,1487.5,1940.2,1487.5,30.43,time,126
8377.T,2025-07-10,2025-11-13,2830.6,4156.7,2830.6,46.85,time,126
8377.T,2025-11-14,2026-03-23,4165.6,5534.7,4165.6,32.87,time,129
8381.T,2024-01-25,2024-05-30,953.1,1324.0,953.1,38.91,time,126
8381.T,2024-07-18,2024-08-02,1333.3,1198.7,1245.1,-10.09,ma200_breach,15
8381.T,2026-02-05,2026-03-04,1635.0,1513.2,1635.0,-7.45,stop_breakeven,27
8381.T,2026-04-01,2026-04-22,1892.0,1867.0,1892.0,-1.32,stop_breakeven,21
8386.T,2024-02-05,2024-06-10,611.2,755.1,611.2,23.55,time,126
8386.T,2025-06-24,2025-10-28,1007.4,1323.1,1007.4,31.34,time,126
8386.T,2025-10-30,2026-03-05,1347.7,2244.6,1347.7,66.54,time,126
8387.T,2024-05-31,2024-08-02,1094.8,1004.2,988.5,-8.28,ma200_breach,63
8387.T,2025-07-31,2025-12-04,1215.6,1644.7,1215.6,35.29,time,126
8387.T,2025-12-15,2026-04-20,1682.2,2651.0,1682.2,57.59,time,126
8388.T,2024-05-20,2024-08-02,2665.3,2417.4,2289.6,-9.3,ma200_breach,74
8388.T,2025-05-29,2025-06-02,2715.1,2806.4,2405.0,3.37,ma200_breach,4
8388.T,2025-07-04,2025-11-07,2881.3,3651.6,2881.3,26.73,time,126
8388.T,2025-11-13,2026-03-19,3755.4,5662.7,3755.4,50.79,time,126
8392.T,2024-01-31,2024-06-05,505.1,631.4,505.1,25.02,time,126
8392.T,2024-06-26,2024-07-26,671.1,598.4,603.1,-10.83,stop_base,30
8392.T,2025-05-30,2025-06-02,703.0,708.8,595.7,0.83,ma200_breach,3
8392.T,2025-06-12,2025-06-13,732.2,734.2,636.7,0.27,ma200_breach,1
8392.T,2025-06-16,2025-10-20,744.9,999.4,744.9,34.16,time,126
8392.T,2025-10-27,2026-03-02,1043.0,1955.2,1043.0,87.45,time,126
8392.T,2026-04-08,2026-04-22,2045.0,2008.0,2045.0,-1.81,stop_breakeven,14
8393.T,2024-04-24,2024-05-16,583.6,582.7,583.6,-0.16,stop_breakeven,22
8393.T,2024-06-27,2024-08-02,661.2,579.9,582.7,-12.31,ma200_breach,36
8393.T,2025-05-29,2025-06-02,655.3,669.8,551.6,2.22,ma200_breach,4
8393.T,2025-06-09,2025-06-13,704.7,702.8,585.5,-0.28,ma200_breach,4
8393.T,2025-06-30,2025-11-04,713.4,934.2,713.4,30.94,time,127
8393.T,2025-11-06,2026-03-12,990.6,1700.4,990.6,71.66,time,126
8393.T,2026-03-25,2026-04-23,1925.8,1916.0,1925.8,-0.51,stop_breakeven,29
8395.T,2024-04-24,2024-08-02,2039.0,2328.7,2039.0,14.21,ma200_breach,100
8395.T,2025-07-17,2025-11-20,2485.0,3299.4,2485.0,32.77,time,126
8395.T,2025-11-21,2026-03-27,3353.7,4875.0,3353.7,45.36,time,126
8399.T,2024-05-13,2024-05-24,1151.2,1149.3,1151.2,-0.16,stop_breakeven,11
8399.T,2025-07-24,2025-11-27,1202.0,1765.8,1202.0,46.91,time,126
8399.T,2025-12-19,2026-04-24,1784.3,2455.0,1784.3,37.59,time,126
8411.T,2024-01-31,2024-06-05,2485.1,2926.5,2485.1,17.76,time,126
8411.T,2024-06-27,2024-07-25,3089.4,3042.6,3089.4,-1.52,stop_breakeven,28
8411.T,2025-01-07,2025-01-14,3803.2,3681.5,3544.5,-3.2,ma200_breach,7
8411.T,2025-01-27,2025-02-03,3878.9,4082.0,3878.9,5.24,ma200_breach,7
8411.T,2025-02-14,2025-02-25,4142.3,4095.4,3681.5,-1.13,ma200_breach,11
8411.T,2025-07-11,2025-11-14,3979.0,5239.8,3979.0,31.68,time,126
8411.T,2025-11-26,2026-04-01,5413.8,6609.0,5413.8,22.08,time,126
8418.T,2024-01-24,2024-05-29,1281.4,1714.6,1281.4,33.81,time,126
8418.T,2024-07-31,2024-08-02,1768.0,1602.7,1614.9,-9.35,ma200_breach,2
8418.T,2025-09-26,2025-10-10,1805.7,1684.8,1692.7,-6.7,stop_base,14
8418.T,2025-12-10,2026-04-15,2043.1,2722.0,2043.1,33.23,time,126
8424.T,2024-01-22,2024-05-09,4045.1,3978.5,4045.1,-1.65,stop_breakeven,108
8424.T,2025-07-17,2025-11-20,3866.6,3935.1,3866.6,1.77,time,126
8425.T,2024-01-15,2024-05-20,933.3,1013.8,933.3,8.63,time,126
8425.T,2024-06-26,2024-07-22,1025.8,1019.3,1025.8,-0.63,stop_breakeven,26
8425.T,2025-07-09,2025-11-12,1048.0,1252.7,1048.0,19.53,time,126
8425.T,2025-11-21,2026-03-27,1289.0,1403.0,1289.0,8.84,time,126
8439.T,2024-01-22,2024-05-27,1492.0,1349.1,1323.6,-9.58,time,126
8439.T,2025-08-07,2025-10-17,1769.7,1753.4,1769.7,-0.92,stop_breakeven,71
8439.T,2025-11-25,2026-03-31,1914.1,2015.0,1914.1,5.27,time,126
8473.T,2024-01-17,2024-05-22,1597.4,1860.7,1597.4,16.49,time,126
8473.T,2024-05-31,2024-08-02,1887.2,1609.4,1693.5,-14.72,ma200_breach,63
8473.T,2025-05-29,2025-06-02,2141.6,2130.4,1668.8,-0.52,ma200_breach,4
8473.T,2025-07-10,2025-11-13,2580.9,3482.7,2580.9,34.94,time,126
8473.T,2026-01-06,2026-01-20,3531.9,3496.8,3531.9,-0.99,stop_breakeven,14
8511.T,2024-01-29,2024-06-03,1519.2,1524.0,1296.8,0.31,time,126
8511.T,2024-07-16,2024-08-02,1548.7,1339.8,1450.7,-13.49,ma200_breach,17
8511.T,2024-10-07,2024-10-23,2014.4,1869.3,1706.4,-7.21,ma200_breach,16
8511.T,2024-12-03,2025-01-14,2011.6,1893.6,1812.2,-5.87,ma200_breach,42
8522.T,2024-01-31,2024-06-05,1708.2,2212.3,1708.2,29.51,time,126
8522.T,2024-07-16,2024-08-02,2473.3,2324.1,2203.0,-6.03,ma200_breach,17
8522.T,2025-07-09,2025-11-12,2749.5,3983.2,2749.5,44.87,time,126
8522.T,2025-12-15,2026-04-20,4493.3,5890.0,4493.3,31.08,time,126
8524.T,2024-01-26,2024-02-09,344.6,309.8,317.1,-10.11,stop_base,14
8524.T,2024-04-23,2024-08-02,428.2,427.3,428.2,-0.22,ma200_breach,101
8524.T,2025-07-04,2025-11-07,569.4,721.0,569.4,26.62,time,126
8524.T,2025-11-17,2026-03-23,739.7,894.1,739.7,20.88,time,126
8541.T,2024-04-30,2024-08-02,1105.6,1059.6,1105.6,-4.16,ma200_breach,94
8541.T,2025-09-02,2026-01-06,1197.4,1515.7,1197.4,26.58,time,126
8544.T,2024-05-09,2024-08-02,743.7,745.6,743.7,0.25,ma200_breach,85
8544.T,2025-06-24,2025-10-28,987.0,1259.2,987.0,27.58,time,126
8544.T,2025-10-29,2026-03-04,1305.7,1921.5,1305.7,47.16,time,126
8550.T,2024-05-14,2024-06-05,349.2,345.4,349.2,-1.08,stop_breakeven,22
8550.T,2025-06-26,2025-10-30,387.3,567.4,387.3,46.5,time,126
8551.T,2024-05-31,2024-08-02,2457.2,2363.3,2457.2,-3.82,ma200_breach,63
8551.T,2024-12-03,2025-01-14,2748.9,2616.6,2267.9,-4.81,ma200_breach,42
8551.T,2025-01-31,2025-02-03,2962.5,2882.2,2583.6,-2.71,ma200_breach,3
8551.T,2025-02-04,2025-02-25,2995.6,3203.5,2995.6,6.94,ma200_breach,21
8551.T,2025-08-08,2025-12-12,3331.5,4213.8,3331.5,26.48,time,126
8551.T,2025-12-29,2026-03-23,4415.2,4341.5,4415.2,-1.67,stop_breakeven,84
8558.T,2024-05-31,2024-08-02,655.5,577.6,589.5,-11.89,ma200_breach,63
8558.T,2025-07-04,2025-11-07,744.8,883.1,744.8,18.57,time,126
8558.T,2025-11-26,2026-04-01,938.2,1079.0,938.2,15.01,time,126
8566.T,2024-01-22,2024-05-27,4687.9,4790.6,4687.9,2.19,time,126
8566.T,2024-06-25,2024-08-02,4921.8,4696.8,4687.5,-4.57,ma200_breach,38
8566.T,2025-07-10,2025-11-13,5227.1,5512.5,5227.1,5.46,time,126
8570.T,2025-07-02,2025-11-05,1338.0,1471.1,1338.0,9.95,time,126
8570.T,2025-11-21,2026-03-27,1530.6,1576.0,1530.6,2.97,time,126
8584.T,2024-01-15,2024-02-08,4868.7,4859.8,4868.7,-0.18,stop_breakeven,24
8584.T,2024-04-25,2024-05-16,5120.5,4447.4,4770.8,-13.14,stop_base,21
8584.T,2025-09-02,2026-01-06,4144.6,4265.1,3877.5,2.91,time,126
8585.T,2025-09-04,2025-10-14,991.9,941.0,943.9,-5.14,stop_base,40
8585.T,2025-11-28,2026-03-04,993.8,989.0,993.8,-0.48,stop_breakeven,96
8591.T,2024-01-22,2024-05-27,2634.6,3165.9,2634.6,20.17,time,126
8591.T,2024-06-03,2024-08-01,3279.8,3264.8,3279.8,-0.46,stop_breakeven,59
8591.T,2024-11-08,2024-11-18,3349.9,3199.4,3042.1,-4.49,ma200_breach,10
8591.T,2025-11-21,2026-03-27,4077.0,4781.0,4077.0,17.27,time,126
8593.T,2024-01-19,2024-05-24,913.9,944.5,913.9,3.36,time,126
8593.T,2024-06-03,2024-08-02,973.8,931.0,935.7,-4.39,ma200_breach,60
8593.T,2025-07-01,2025-11-04,1035.5,1189.3,1035.5,14.86,time,126
8593.T,2025-12-15,2026-04-20,1279.3,1450.0,1279.3,13.34,time,126
8595.T,2024-09-26,2024-10-23,1866.3,1787.9,1659.7,-4.2,ma200_breach,27
8595.T,2024-10-31,2024-11-01,1903.2,1878.8,1775.0,-1.28,ma200_breach,1
8595.T,2024-11-12,2024-11-18,1904.6,1875.1,1775.0,-1.55,ma200_breach,6
8595.T,2024-12-05,2025-01-14,2021.8,1938.7,1775.0,-4.11,ma200_breach,40
8595.T,2025-01-29,2025-02-03,2092.8,2050.8,1938.7,-2.01,ma200_breach,5
8595.T,2025-02-19,2025-02-25,2114.5,2141.2,1938.7,1.27,ma200_breach,6
8595.T,2025-06-09,2025-06-13,2341.0,2305.0,2244.4,-1.54,ma200_breach,4
8595.T,2025-06-18,2025-10-22,2346.7,2446.0,2346.7,4.23,time,126
8600.T,2025-02-10,2025-02-25,468.3,464.5,468.3,-0.81,ma200_breach,15
8600.T,2025-07-02,2025-11-05,534.2,681.4,534.2,27.55,time,126
8600.T,2025-11-06,2026-03-12,705.1,833.1,705.1,18.16,time,126
8601.T,2024-01-15,2024-05-20,922.4,1025.9,922.4,11.22,time,126
8601.T,2024-05-28,2024-06-17,1074.8,1058.5,1074.8,-1.52,stop_breakeven,20
8601.T,2024-07-17,2024-08-02,1207.9,904.2,1047.2,-25.14,ma200_breach,16
8601.T,2025-08-25,2025-10-14,1110.8,1094.7,1110.8,-1.46,stop_breakeven,50
8601.T,2025-11-12,2026-03-18,1249.1,1476.0,1249.1,18.16,time,126
8604.T,2024-01-15,2024-05-20,627.3,815.7,627.3,30.04,time,126
8604.T,2024-05-31,2024-08-02,853.9,724.8,780.6,-15.12,ma200_breach,63
8604.T,2025-07-23,2025-11-26,941.4,1151.1,941.4,22.28,time,126
8604.T,2025-11-28,2026-04-03,1155.0,1261.0,1155.0,9.18,time,126
8609.T,2024-01-22,2024-02-09,663.0,589.6,593.1,-11.07,stop_base,18
8609.T,2024-02-27,2024-04-19,665.6,661.3,665.6,-0.65,stop_breakeven,52
8609.T,2024-05-20,2024-07-25,699.3,652.2,660.4,-6.74,stop_base,66
8613.T,2024-01-16,2024-05-21,758.7,902.8,758.7,18.99,time,126
8613.T,2024-06-25,2024-07-25,926.5,902.8,926.5,-2.55,stop_breakeven,30
8614.T,2024-06-03,2024-07-01,337.5,301.5,304.9,-10.66,stop_base,28
8614.T,2024-07-08,2024-08-02,351.2,320.3,301.5,-8.78,ma200_breach,25
8614.T,2024-10-04,2024-10-23,380.3,400.0,380.3,5.18,ma200_breach,19
8614.T,2025-02-06,2025-02-25,501.0,491.6,447.9,-1.88,ma200_breach,19
8614.T,2026-01-07,2026-03-31,642.1,628.0,642.1,-2.2,stop_breakeven,83
8616.T,2024-01-31,2024-04-17,490.1,488.0,490.1,-0.43,stop_breakeven,77
8616.T,2024-05-27,2024-08-02,515.2,449.3,488.0,-12.8,ma200_breach,67
8616.T,2025-08-22,2025-12-26,548.8,659.7,548.8,20.21,time,126
8622.T,2024-01-15,2024-05-20,398.2,474.7,398.2,19.19,time,126
8622.T,2024-06-03,2024-08-02,500.3,389.8,409.2,-22.08,ma200_breach,60
8624.T,2024-03-14,2024-07-18,741.7,755.0,643.5,1.79,time,126
8630.T,2024-01-17,2024-05-22,2323.0,2834.9,2323.0,22.03,time,126
8630.T,2024-05-29,2024-07-25,3108.5,3010.7,3108.5,-3.15,stop_breakeven,57
8630.T,2024-11-06,2024-11-18,3246.3,3329.5,3025.4,2.56,ma200_breach,12
8630.T,2025-01-23,2025-02-03,4060.3,4090.9,3830.7,0.75,ma200_breach,11
8630.T,2025-02-13,2025-02-25,4171.2,4073.7,3830.7,-2.34,ma200_breach,12
8630.T,2025-08-18,2025-12-22,4698.6,5207.6,4698.6,10.83,time,126
8630.T,2025-12-23,2026-01-27,5282.7,5264.9,5282.7,-0.34,stop_breakeven,35
8630.T,2026-02-06,2026-03-04,5737.1,5622.5,5737.1,-2.0,stop_breakeven,26
8697.T,2024-01-15,2024-05-20,1514.3,1725.5,1514.3,13.95,time,126
8697.T,2024-07-03,2024-07-30,1836.6,1676.1,1681.8,-8.74,stop_base,27
8698.T,2024-01-29,2024-06-03,683.8,703.5,683.8,2.88,time,126
8706.T,2024-01-16,2024-05-21,881.6,1387.2,881.6,57.35,time,126
8706.T,2024-05-22,2024-06-13,1401.1,1228.1,1236.8,-12.34,stop_base,22
8706.T,2024-07-11,2024-07-26,1300.3,1286.4,1300.3,-1.07,stop_breakeven,15
8706.T,2025-08-28,2026-01-05,1490.7,1667.5,1490.7,11.86,time,130
8707.T,2024-01-18,2024-05-23,1631.4,2015.8,1631.4,23.56,time,126
8707.T,2024-07-04,2024-07-26,2053.7,1885.4,1889.0,-8.19,stop_base,22
8707.T,2025-08-05,2025-12-09,2308.3,2973.3,2308.3,28.81,time,126
8707.T,2025-12-15,2026-04-20,3059.4,3725.0,3059.4,21.76,time,126
8708.T,2024-04-18,2024-08-02,1120.3,1845.3,1120.3,64.72,ma200_breach,106
8713.T,2024-05-29,2024-08-02,1469.6,1377.4,1366.5,-6.27,ma200_breach,65
8713.T,2025-07-23,2025-11-26,1459.2,1717.4,1459.2,17.7,time,126
8713.T,2025-12-01,2026-04-06,1749.8,1926.0,1749.8,10.07,time,126
8714.T,2024-01-29,2024-06-03,308.9,415.2,308.9,34.42,time,126
8714.T,2024-08-01,2024-08-02,377.9,343.5,342.6,-9.11,ma200_breach,1
8714.T,2025-07-04,2025-11-07,587.3,662.0,587.3,12.71,time,126
8714.T,2025-11-10,2026-03-16,677.8,773.3,677.8,14.1,time,126
8715.T,2025-11-17,2026-03-23,848.5,1264.8,848.5,49.06,time,126
8725.T,2024-01-16,2024-05-21,1761.7,2895.6,1761.7,64.37,time,126
8725.T,2024-10-07,2024-10-23,3309.0,3220.7,2866.2,-2.67,ma200_breach,16
8725.T,2024-11-07,2024-11-18,3439.6,3426.5,3032.6,-0.38,ma200_breach,11
8739.T,2025-08-18,2025-12-22,1518.1,1503.8,1358.9,-0.94,time,126
8750.T,2024-05-17,2024-08-02,882.9,956.2,882.9,8.3,ma200_breach,77
8750.T,2025-02-14,2025-02-25,1029.3,1067.1,1029.3,3.68,ma200_breach,11
8750.T,2025-07-23,2025-10-01,1131.1,1100.8,1131.1,-2.68,stop_breakeven,70
8750.T,2025-11-17,2026-03-23,1218.0,1331.2,1218.0,9.3,time,126
8766.T,2024-01-17,2024-05-22,3512.3,4838.2,3512.3,37.75,time,126
8766.T,2024-05-23,2024-08-02,4893.7,4746.0,4893.7,-3.02,ma200_breach,71
8766.T,2024-10-03,2024-10-23,5327.6,5297.1,4632.2,-0.57,ma200_breach,20
8766.T,2024-11-07,2024-11-18,5636.1,5647.6,4914.4,0.2,ma200_breach,11
8766.T,2025-08-12,2025-11-20,6189.5,5274.9,5522.6,-14.78,stop_base,100
8793.T,2024-01-16,2024-05-21,3254.0,3637.6,3254.0,11.79,time,126
8793.T,2024-05-24,2024-08-02,3651.5,3526.2,3651.5,-3.43,ma200_breach,70
8795.T,2024-03-22,2024-07-26,2556.4,2566.2,2556.4,0.38,time,126
8795.T,2025-01-30,2025-02-03,2830.7,2787.3,2625.9,-1.53,ma200_breach,4
8795.T,2025-02-06,2025-02-25,2848.4,3072.2,2848.4,7.86,ma200_breach,19
8795.T,2025-07-18,2025-10-29,3290.2,3245.1,3290.2,-1.37,stop_breakeven,103
8795.T,2025-12-02,2026-04-07,3399.5,3963.0,3399.5,16.58,time,126
8801.T,2024-01-22,2024-05-27,1215.8,1359.1,1215.8,11.79,time,126
8801.T,2024-07-12,2024-08-02,1473.1,1314.0,1350.0,-10.8,ma200_breach,21
8801.T,2025-11-12,2026-03-18,1698.9,1861.7,1698.9,9.59,time,126
8802.T,2024-02-28,2024-07-03,2238.2,2484.8,2238.2,11.01,time,126
8802.T,2024-07-17,2024-08-01,2621.7,2275.5,2359.0,-13.2,stop_base,15
8802.T,2025-06-19,2025-10-23,2739.5,3353.4,2739.5,22.41,time,126
8802.T,2025-11-21,2026-03-27,3470.8,4390.0,3470.8,26.48,time,126
8803.T,2024-12-30,2025-01-14,2045.8,2095.0,1900.3,2.41,ma200_breach,15
8803.T,2025-01-27,2025-02-03,2132.6,2203.0,1956.6,3.3,ma200_breach,7
8803.T,2025-02-04,2025-02-25,2280.4,2191.2,1956.6,-3.91,ma200_breach,21
8804.T,2024-01-15,2024-05-20,2108.3,2430.6,2108.3,15.29,time,126
8804.T,2024-07-02,2024-08-02,2483.9,2245.1,2233.4,-9.61,ma200_breach,31
8804.T,2025-06-17,2025-07-18,2565.7,2408.3,2418.4,-6.13,stop_base,31
8804.T,2025-08-05,2025-12-09,2571.2,3332.4,2571.2,29.61,time,126
8804.T,2026-01-06,2026-03-23,3642.0,3574.0,3642.0,-1.87,stop_breakeven,76
8818.T,2024-06-10,2024-08-01,1564.2,1493.7,1564.2,-4.51,stop_breakeven,52
8818.T,2024-10-04,2024-10-23,1622.2,1528.7,1472.7,-5.76,ma200_breach,19
8818.T,2025-11-25,2026-03-23,1831.0,1829.0,1831.0,-0.11,stop_breakeven,118
8830.T,2024-01-19,2024-02-14,2193.3,2177.3,2193.3,-0.73,stop_breakeven,26
8830.T,2024-03-18,2024-05-28,2349.6,2346.3,2349.6,-0.14,stop_breakeven,71
8830.T,2024-07-05,2024-08-01,2456.1,2218.4,2248.7,-9.68,stop_base,27
8830.T,2025-05-30,2025-06-02,2746.3,2805.2,2597.0,2.14,ma200_breach,3
8830.T,2025-06-11,2025-06-13,2818.5,2871.9,2597.0,1.89,ma200_breach,2
8830.T,2025-06-18,2025-10-22,2935.2,3362.9,2935.2,14.57,time,126
8830.T,2025-11-12,2026-03-18,3622.6,4838.1,3622.6,33.55,time,126
8848.T,2024-02-13,2024-06-18,433.8,487.6,433.8,12.4,time,126
8848.T,2024-07-30,2024-08-02,527.4,465.3,477.9,-11.76,ma200_breach,3
8848.T,2024-12-03,2025-01-14,575.6,529.7,485.7,-7.98,ma200_breach,42
8848.T,2025-02-17,2025-02-25,580.5,562.9,524.8,-3.03,ma200_breach,8
8848.T,2025-07-09,2025-10-10,666.3,664.0,666.3,-0.34,stop_breakeven,93
8850.T,2024-05-09,2024-08-02,3380.4,2889.4,2881.2,-14.53,ma200_breach,85
8850.T,2024-09-20,2024-10-23,3300.1,3356.9,2941.3,1.72,ma200_breach,33
8850.T,2024-11-11,2024-11-18,3567.9,3577.5,3313.8,0.27,ma200_breach,7
8850.T,2024-12-03,2025-01-14,3654.3,3424.1,3313.8,-6.3,ma200_breach,42
8850.T,2025-01-29,2025-02-03,3659.1,3697.4,3409.7,1.05,ma200_breach,5
8850.T,2025-02-10,2025-02-25,3731.0,3812.5,3731.0,2.19,ma200_breach,15
8850.T,2025-05-13,2025-05-15,4151.4,3995.4,3527.7,-3.76,ma200_breach,2
8850.T,2025-06-09,2025-06-13,4180.6,4083.1,3771.3,-2.33,ma200_breach,4
8850.T,2025-06-18,2025-10-22,4185.5,4701.9,4185.5,12.34,time,126
8850.T,2025-11-26,2026-03-23,4800.6,4716.7,4800.6,-1.75,stop_breakeven,117
8860.T,2024-06-28,2024-08-02,749.3,662.8,672.9,-11.55,ma200_breach,35
8860.T,2024-12-30,2025-01-10,749.8,699.1,702.9,-6.76,stop_base,11
8860.T,2025-10-23,2025-11-04,842.4,771.8,773.1,-8.38,stop_base,12
8876.T,2024-09-26,2024-10-23,1833.7,1763.1,1674.8,-3.85,ma200_breach,27
8876.T,2024-12-04,2025-01-14,1791.2,1760.7,1598.0,-1.7,ma200_breach,41
8876.T,2025-02-10,2025-02-25,1863.3,1777.9,1725.9,-4.58,ma200_breach,15
8877.T,2024-01-15,2024-05-20,3290.9,3776.0,3290.9,14.74,time,126
8877.T,2024-06-27,2024-07-22,4204.8,4195.6,4204.8,-0.22,stop_breakeven,25
8877.T,2024-09-26,2024-10-18,4499.9,4495.2,4499.9,-0.1,stop_breakeven,22
8877.T,2024-12-26,2025-01-14,4232.4,4162.0,4026.0,-1.66,ma200_breach,19
8877.T,2025-08-06,2025-12-10,4821.5,6205.4,4821.5,28.7,time,126
8877.T,2025-12-18,2026-03-16,6381.6,6342.5,6381.6,-0.61,stop_breakeven,88
8881.T,2025-08-28,2026-01-05,549.0,702.5,549.0,27.95,time,130
8881.T,2026-01-07,2026-03-13,725.4,724.4,725.4,-0.13,stop_breakeven,65
8892.T,2024-05-09,2024-08-02,1005.9,875.9,895.2,-12.92,ma200_breach,85
8892.T,2025-07-14,2025-11-17,993.3,977.9,923.3,-1.54,time,126
8897.T,2024-01-22,2024-04-16,431.0,426.1,431.0,-1.15,stop_breakeven,85
8897.T,2024-05-14,2024-05-29,501.2,423.4,424.3,-15.54,stop_base,15
8897.T,2024-07-02,2024-08-02,482.4,439.5,420.7,-8.91,ma200_breach,31
8919.T,2025-06-12,2025-06-13,2316.2,2249.9,1996.5,-2.86,ma200_breach,1
8919.T,2025-06-18,2025-10-22,2322.1,2550.7,2322.1,9.85,time,126
8919.T,2025-11-11,2026-03-17,2865.0,3276.1,2865.0,14.35,time,126
8923.T,2024-03-15,2024-07-19,1016.2,1216.8,1016.2,19.74,time,126
8923.T,2024-12-03,2025-01-14,1261.3,1146.2,1087.2,-9.13,ma200_breach,42
8923.T,2025-07-09,2025-11-12,1335.2,1610.1,1335.2,20.59,time,126
8923.T,2025-11-21,2026-01-23,1653.8,1632.0,1653.8,-1.32,stop_breakeven,63
8934.T,2024-01-19,2024-05-24,1641.4,1848.1,1641.4,12.59,time,126
8934.T,2024-07-03,2024-08-02,1945.6,1696.2,1779.6,-12.82,ma200_breach,30
8934.T,2025-07-14,2025-11-17,2047.8,2308.1,2047.8,12.71,time,126
8934.T,2025-11-21,2026-02-06,2348.5,2344.5,2348.5,-0.17,stop_breakeven,77
8935.T,2024-02-07,2024-05-17,1159.9,1159.8,1159.9,-0.01,stop_breakeven,100
8935.T,2024-06-25,2024-08-02,1188.3,1076.2,1108.4,-9.44,ma200_breach,38
8935.T,2025-08-05,2025-12-09,1265.1,1361.6,1265.1,7.63,time,126
9001.T,2024-01-17,2024-04-03,3864.6,3434.8,3457.8,-11.12,stop_base,77
9003.T,2026-04-07,2026-04-30,3126.0,2641.5,2728.3,-15.5,stop_base,23
9006.T,2025-02-18,2025-02-21,1396.2,1380.8,1396.2,-1.1,stop_breakeven,3
9006.T,2025-07-14,2025-10-02,1509.5,1433.6,1451.3,-5.03,stop_base,80
9007.T,2024-01-17,2024-02-14,2200.2,1931.0,1950.7,-12.24,stop_base,28
9007.T,2025-08-07,2025-12-05,1664.7,1634.1,1664.7,-1.84,stop_breakeven,120
9009.T,2024-02-16,2024-03-08,2374.7,2090.1,2111.7,-11.99,stop_base,21
9020.T,2025-07-01,2025-11-04,3067.7,3634.0,3067.7,18.46,time,126
9020.T,2025-11-07,2026-01-28,3817.0,3765.6,3817.0,-1.35,stop_breakeven,82
9021.T,2025-06-16,2025-10-02,3116.3,3063.2,3116.3,-1.7,stop_breakeven,108
9022.T,2025-09-03,2025-10-30,3975.9,3778.6,3975.9,-4.96,stop_breakeven,57
9022.T,2025-11-27,2026-03-06,4309.6,4301.6,4309.6,-0.18,stop_breakeven,99
9024.T,2024-01-16,2024-05-10,2047.6,2009.8,2047.6,-1.85,stop_breakeven,115
9024.T,2024-07-18,2024-08-02,2364.2,2398.0,2364.2,1.43,ma200_breach,15
9024.T,2024-11-08,2024-11-18,3421.6,3526.0,3059.2,3.05,ma200_breach,10
9024.T,2025-05-30,2025-06-02,3783.7,3802.5,3168.8,0.5,ma200_breach,3
9024.T,2025-10-06,2025-11-13,5744.6,5081.7,5100.8,-11.54,stop_base,38
9025.T,2024-01-29,2024-02-13,1800.5,1632.3,1668.0,-9.34,stop_base,15
9025.T,2024-04-30,2024-08-02,2128.3,2015.6,2128.3,-5.3,ma200_breach,94
9025.T,2024-09-26,2024-10-23,2374.1,2362.8,2194.4,-0.48,ma200_breach,27
9025.T,2024-11-12,2024-11-18,2501.6,2563.0,2306.1,2.45,ma200_breach,6
9025.T,2024-11-25,2024-11-26,2705.6,2781.2,2306.1,2.79,ma200_breach,1
9025.T,2024-12-25,2025-01-14,2913.4,2777.4,2517.7,-4.67,ma200_breach,20
9025.T,2025-01-30,2025-02-03,2974.8,2880.3,2753.8,-3.17,ma200_breach,4
9025.T,2025-07-09,2025-11-12,2954.3,3209.8,2954.3,8.65,time,126
9031.T,2026-01-06,2026-05-01,2852.0,2846.0,2852.0,-0.21,stop_breakeven,115
9037.T,2024-07-01,2024-08-02,1061.1,1039.7,1061.1,-2.02,ma200_breach,32
9037.T,2024-08-26,2024-09-04,1139.6,1151.5,968.3,1.04,ma200_breach,9
9037.T,2024-09-24,2024-10-23,1189.5,1206.8,1189.5,1.45,ma200_breach,29
9037.T,2024-12-05,2025-01-14,1264.6,1245.3,1161.5,-1.52,ma200_breach,40
9037.T,2025-01-31,2025-02-03,1312.8,1255.9,1245.3,-4.33,ma200_breach,3
9037.T,2025-06-18,2025-10-22,1334.1,1586.3,1334.1,18.9,time,126
9037.T,2025-10-23,2026-02-26,1617.9,1886.9,1617.9,16.63,time,126
9037.T,2026-02-27,2026-03-09,1939.3,1768.2,1792.0,-8.82,stop_base,10
9039.T,2024-01-18,2024-02-13,2574.8,2398.9,2399.8,-6.83,stop_base,26
9039.T,2025-08-06,2025-12-10,2678.4,2739.8,2678.4,2.29,time,126
9064.T,2025-07-31,2025-12-04,2145.9,2175.4,2145.9,1.38,time,126
9065.T,2025-05-13,2025-05-15,6775.4,6594.5,5490.6,-2.67,ma200_breach,2
9065.T,2025-06-09,2025-06-13,6989.4,7285.1,5983.7,4.23,ma200_breach,4
9065.T,2025-06-16,2025-10-20,7359.0,7835.0,7359.0,6.47,time,126
9065.T,2025-11-04,2026-03-10,8141.8,9418.5,8141.8,15.68,time,126
9068.T,2024-02-01,2024-06-06,3821.5,4890.4,3821.5,27.97,time,126
9068.T,2024-06-20,2024-07-05,4937.7,4909.3,4937.7,-0.57,stop_breakeven,15
9068.T,2024-09-24,2024-10-23,5013.4,5490.8,5013.4,9.52,ma200_breach,29
9068.T,2024-10-29,2024-11-01,5558.0,5634.8,4639.7,1.38,ma200_breach,3
9068.T,2024-11-05,2024-11-18,5778.8,5846.0,4880.9,1.16,ma200_breach,13
9068.T,2024-11-25,2024-11-26,6114.8,6191.6,5346.8,1.26,ma200_breach,1
9068.T,2024-12-03,2025-01-14,6258.8,5394.8,5442.8,-13.8,ma200_breach,42
9068.T,2025-02-05,2025-02-25,5913.2,5510.0,5394.8,-6.82,ma200_breach,20
9068.T,2025-05-13,2025-05-15,6145.5,6048.1,5298.2,-1.58,ma200_breach,2
9068.T,2025-05-29,2025-06-02,6223.5,6272.1,5502.7,0.78,ma200_breach,4
9068.T,2025-06-16,2025-10-20,6535.1,6853.6,6535.1,4.87,time,126
9068.T,2025-10-27,2025-11-11,7149.4,6597.2,6616.9,-7.72,stop_base,15
9068.T,2025-12-19,2026-04-20,7997.5,7990.0,7997.5,-0.09,stop_breakeven,122
9069.T,2024-09-26,2024-10-23,1182.0,1295.3,1182.0,9.59,ma200_breach,27
9069.T,2024-10-28,2024-11-01,1331.8,1344.3,1143.4,0.94,ma200_breach,4
9069.T,2024-11-08,2024-11-18,1399.0,1431.7,1171.6,2.33,ma200_breach,10
9069.T,2024-11-25,2024-11-26,1466.2,1459.5,1279.0,-0.46,ma200_breach,1
9069.T,2024-12-17,2025-01-14,1472.0,1378.8,1343.3,-6.33,ma200_breach,28
9069.T,2025-01-29,2025-02-03,1484.5,1444.1,1362.5,-2.72,ma200_breach,5
9069.T,2025-06-30,2025-11-04,1913.9,1971.4,1913.9,3.0,time,127
9072.T,2024-01-31,2024-03-11,1496.9,1387.2,1393.1,-7.33,stop_base,40
9072.T,2024-08-27,2024-09-04,1823.8,1793.1,1632.0,-1.68,ma200_breach,8
9072.T,2024-09-26,2024-10-23,1824.7,1845.2,1728.4,1.12,ma200_breach,27
9072.T,2024-10-28,2024-11-01,1870.5,1882.1,1784.5,0.62,ma200_breach,4
9072.T,2024-12-03,2025-01-14,1975.0,1956.5,1834.0,-0.94,ma200_breach,42
9072.T,2025-01-24,2025-02-03,2122.4,2169.6,2122.4,2.22,ma200_breach,10
9072.T,2025-07-15,2025-08-22,3236.9,3231.0,3236.9,-0.18,stop_breakeven,38
9072.T,2025-09-25,2025-12-16,3397.0,3375.2,3397.0,-0.64,stop_breakeven,82
9075.T,2024-01-15,2024-03-28,4087.4,3451.0,3490.5,-15.57,stop_base,73
9075.T,2026-02-12,2026-03-23,5313.8,5284.0,5313.8,-0.56,stop_breakeven,39
9075.T,2026-04-08,2026-04-22,5910.0,5250.0,5284.0,-11.17,stop_base,14
9076.T,2024-01-16,2024-02-26,1972.6,1968.6,1972.6,-0.2,stop_breakeven,41
9076.T,2024-04-15,2024-05-21,1984.9,1869.7,1871.2,-5.8,stop_base,36
9076.T,2024-10-04,2024-10-23,2271.1,2242.6,2065.2,-1.25,ma200_breach,19
9081.T,2024-11-15,2024-11-18,3477.9,3487.5,3150.4,0.28,ma200_breach,3
9081.T,2024-11-25,2024-11-26,3526.1,3545.4,3150.4,0.55,ma200_breach,1
9081.T,2024-12-03,2025-01-14,3685.0,3526.1,3150.4,-4.31,ma200_breach,42
9081.T,2025-01-28,2025-02-03,3738.0,3632.1,3502.0,-2.84,ma200_breach,6
9081.T,2025-02-18,2025-02-25,3757.3,3747.7,3502.0,-0.26,ma200_breach,7
9101.T,2024-05-08,2024-07-22,4041.8,4024.7,4041.8,-0.42,stop_breakeven,75
9101.T,2024-09-26,2024-10-04,4826.8,4594.7,4826.8,-4.81,stop_breakeven,8
9101.T,2024-12-25,2025-01-14,4786.1,4544.7,4434.7,-5.04,ma200_breach,20
9101.T,2025-07-23,2025-09-29,5089.0,5051.0,5089.0,-0.75,stop_breakeven,68
9104.T,2024-02-21,2024-03-12,4711.8,4204.6,4209.0,-10.76,stop_base,20
9104.T,2024-04-30,2024-06-11,4497.9,4441.2,4497.9,-1.26,stop_breakeven,42
9104.T,2024-07-04,2024-07-19,4777.4,4227.5,4252.8,-11.51,stop_base,15
9104.T,2024-10-03,2024-10-23,4810.3,4731.8,4096.8,-1.63,ma200_breach,20
9104.T,2024-11-11,2024-11-18,4940.2,5167.2,4423.5,4.6,ma200_breach,7
9104.T,2025-01-06,2025-01-14,5271.8,4916.8,4750.5,-6.73,ma200_breach,8
9107.T,2024-03-01,2024-03-13,2293.3,1903.5,1934.0,-17.0,stop_base,12
9107.T,2024-04-30,2024-08-02,2010.8,1959.9,2010.8,-2.53,ma200_breach,94
9107.T,2025-09-02,2026-01-06,2221.4,2178.3,1950.0,-1.94,time,126
9110.T,2024-01-25,2024-04-02,4592.1,4025.8,4035.6,-12.33,stop_base,68
9110.T,2024-05-14,2024-06-12,4382.3,4377.8,4382.3,-0.1,stop_breakeven,29
9110.T,2024-07-02,2024-07-25,4675.7,4296.6,4314.6,-8.11,stop_base,23
9110.T,2025-11-26,2026-04-01,5636.6,7540.0,5636.6,33.77,time,126
9119.T,2024-01-15,2024-05-20,1207.7,1162.7,1026.1,-3.72,time,126
9119.T,2024-05-27,2024-08-02,1234.2,1074.8,1102.3,-12.92,ma200_breach,67
9119.T,2025-11-21,2026-03-27,1321.7,1836.0,1321.7,38.91,time,126
9142.T,2024-07-22,2024-08-02,3714.2,3504.9,3149.8,-5.63,ma200_breach,11
9142.T,2024-09-26,2024-10-23,3934.0,3773.5,3460.4,-4.08,ma200_breach,27
9142.T,2024-12-03,2024-12-25,3850.1,3653.8,3668.2,-5.1,stop_base,22
9143.T,2025-08-07,2025-09-30,1695.3,1501.9,1506.4,-11.41,stop_base,54
9147.T,2025-06-12,2025-06-13,2672.5,2684.6,2465.4,0.45,ma200_breach,1
9147.T,2025-06-16,2025-10-20,2696.2,3319.6,2696.2,23.12,time,126
9201.T,2025-05-29,2025-06-02,2807.1,2827.9,2341.6,0.74,ma200_breach,4
9201.T,2025-07-17,2025-10-02,2879.2,2848.0,2879.2,-1.08,stop_breakeven,77
9247.T,2024-10-16,2024-10-23,1715.6,1690.8,1715.6,-1.45,ma200_breach,7
9267.T,2024-01-18,2024-05-01,2858.8,2794.3,2858.8,-2.26,stop_breakeven,104
9267.T,2025-07-22,2025-11-25,4174.5,5073.4,4174.5,21.53,time,126
9273.T,2025-07-03,2025-11-06,703.0,802.0,703.0,14.08,time,126
9273.T,2025-12-18,2026-02-17,814.0,802.0,814.0,-1.47,stop_breakeven,61
9274.T,2024-05-24,2024-08-02,769.5,611.8,646.4,-20.5,ma200_breach,70
9274.T,2025-07-11,2025-10-01,750.1,747.4,750.1,-0.36,stop_breakeven,82
9274.T,2025-12-19,2026-04-24,777.8,941.0,777.8,20.98,time,126
9278.T,2025-07-11,2025-10-02,1482.0,1468.0,1482.0,-0.94,stop_breakeven,83
9278.T,2026-02-19,2026-04-22,2100.0,2098.0,2100.0,-0.1,stop_breakeven,62
9279.T,2024-03-14,2024-04-19,3028.8,2979.5,3028.8,-1.63,stop_breakeven,36
9279.T,2025-02-14,2025-02-25,3789.5,3536.9,3086.1,-6.67,ma200_breach,11
9301.T,2024-01-15,2024-05-20,862.1,963.1,862.1,11.71,time,126
9301.T,2024-06-06,2024-08-01,1019.7,929.9,953.5,-8.81,stop_base,56
9301.T,2024-11-25,2024-11-26,1030.8,1046.1,962.9,1.48,ma200_breach,1
9301.T,2024-12-03,2025-01-10,1068.0,1065.2,1068.0,-0.27,stop_breakeven,38
9301.T,2025-06-19,2025-08-04,1171.7,1159.5,1171.7,-1.04,stop_breakeven,46
9302.T,2024-01-15,2024-02-15,1593.3,1458.4,1461.6,-8.47,stop_base,31
9302.T,2024-08-16,2024-09-04,1674.7,1820.0,1674.7,8.67,ma200_breach,19
9302.T,2024-10-07,2024-10-23,2138.7,2148.5,2138.7,0.46,ma200_breach,16
9302.T,2024-10-28,2024-11-01,2269.3,2285.6,1897.4,0.72,ma200_breach,4
9302.T,2024-11-11,2024-11-18,2582.7,2537.0,2010.3,-1.77,ma200_breach,7
9302.T,2025-01-28,2025-02-03,2468.4,2432.5,2347.6,-1.46,ma200_breach,6
9302.T,2025-02-07,2025-02-25,2530.5,2448.8,2347.6,-3.23,ma200_breach,18
9302.T,2025-08-07,2025-12-11,4106.5,3808.2,3701.3,-7.26,time,126
9303.T,2024-01-15,2024-05-20,2423.7,2348.4,2227.1,-3.11,time,126
9303.T,2025-07-09,2025-11-12,2949.2,3259.0,2949.2,10.51,time,126
9303.T,2025-11-21,2026-03-27,3303.5,4098.5,3303.5,24.07,time,126
9304.T,2024-03-29,2024-07-08,712.7,708.1,712.7,-0.64,stop_breakeven,101
9304.T,2025-02-10,2025-02-25,752.6,735.0,702.3,-2.33,ma200_breach,15
9304.T,2025-06-23,2025-10-27,988.3,1123.5,988.3,13.68,time,126
9304.T,2025-11-21,2026-03-27,1136.2,1321.0,1136.2,16.27,time,126
9305.T,2024-02-02,2024-04-19,1221.5,1204.4,1221.5,-1.4,stop_breakeven,77
9305.T,2024-05-21,2024-08-02,1305.4,1299.7,1305.4,-0.43,ma200_breach,73
9305.T,2024-11-05,2024-11-18,1595.9,1629.4,1447.8,2.1,ma200_breach,13
9305.T,2024-12-03,2025-01-14,1763.2,1674.8,1490.8,-5.01,ma200_breach,42
9305.T,2025-02-07,2025-02-17,1839.6,1799.0,1839.6,-2.21,stop_breakeven,10
9305.T,2025-07-22,2025-11-25,2300.9,2471.1,2300.9,7.4,time,126
9310.T,2024-05-13,2024-08-02,835.4,790.0,835.4,-5.44,ma200_breach,81
9310.T,2024-10-01,2024-10-23,865.0,887.7,865.0,2.62,ma200_breach,22
9310.T,2024-11-07,2024-11-18,920.7,934.9,830.8,1.54,ma200_breach,11
9310.T,2024-12-03,2025-01-14,1003.8,920.7,852.7,-8.28,ma200_breach,42
9310.T,2025-07-30,2025-12-03,1115.8,1074.6,1018.9,-3.69,time,126
9310.T,2026-02-04,2026-02-17,1286.1,1279.2,1286.1,-0.54,stop_breakeven,13
9319.T,2024-06-25,2024-08-02,1225.8,1177.2,1092.3,-3.97,ma200_breach,38
9319.T,2024-10-03,2024-10-23,1398.1,1507.0,1398.1,7.79,ma200_breach,20
9319.T,2026-03-31,2026-04-30,2055.0,1982.0,2055.0,-3.55,stop_breakeven,30
9324.T,2024-04-23,2024-08-02,1309.1,1393.8,1309.1,6.47,ma200_breach,101
9324.T,2024-10-03,2024-10-23,1631.3,1597.7,1452.8,-2.06,ma200_breach,20
9324.T,2024-12-03,2025-01-14,1712.9,1663.0,1541.0,-2.91,ma200_breach,42
9324.T,2025-02-05,2025-02-25,1841.5,1663.0,1655.3,-9.7,ma200_breach,20
9324.T,2025-07-25,2025-11-28,1845.7,2202.3,1845.7,19.32,time,126
9324.T,2025-12-22,2026-04-24,2232.8,2225.0,2232.8,-0.35,stop_breakeven,123
9336.T,2024-01-26,2024-04-01,2470.6,2354.3,2470.6,-4.71,stop_breakeven,66
9336.T,2024-08-19,2024-09-04,2812.7,3074.0,2812.7,9.29,ma200_breach,16
9336.T,2024-09-27,2024-10-23,3096.6,3096.6,2649.5,0.0,ma200_breach,26
9336.T,2024-10-30,2024-11-01,3160.2,3072.2,2928.3,-2.79,ma200_breach,2
9336.T,2024-11-12,2024-11-18,3179.8,2930.3,2844.2,-7.85,ma200_breach,6
9336.T,2025-09-02,2025-11-05,3393.8,3349.2,3393.8,-1.32,stop_breakeven,64
9336.T,2025-12-17,2026-02-13,3890.8,3821.2,3890.8,-1.79,stop_breakeven,58
9364.T,2025-05-13,2025-05-15,3750.8,3743.1,3159.1,-0.21,ma200_breach,2
9364.T,2025-05-29,2025-06-02,3845.3,3935.9,3200.6,2.36,ma200_breach,4
9364.T,2025-07-09,2025-11-12,3940.7,4617.6,3940.7,17.18,time,126
9364.T,2025-11-14,2026-03-23,4883.9,5233.9,4883.9,7.16,time,129
9381.T,2025-08-08,2025-12-12,1902.4,2016.8,1902.4,6.01,time,126
9381.T,2025-12-19,2026-04-24,2089.0,2189.0,2089.0,4.78,time,126
9401.T,2024-03-29,2024-04-19,4250.1,4163.7,4250.1,-2.03,stop_breakeven,21
9401.T,2024-07-17,2024-08-02,4333.7,3702.1,3702.1,-14.57,ma200_breach,16
9401.T,2025-06-26,2025-10-30,4792.5,5252.6,4792.5,9.6,time,126
9401.T,2025-11-21,2026-02-06,5647.0,5523.8,5647.0,-2.18,stop_breakeven,77
9404.T,2024-01-15,2024-05-20,1595.8,2026.2,1595.8,26.97,time,126
9404.T,2024-06-18,2024-07-26,2241.1,2238.2,2241.1,-0.13,stop_breakeven,38
9404.T,2024-10-21,2024-10-23,2339.1,2281.3,2197.2,-2.47,ma200_breach,2
9404.T,2024-12-03,2025-01-14,2492.8,2479.6,2492.8,-0.53,ma200_breach,42
9404.T,2025-01-29,2025-02-03,2840.8,2794.8,2462.4,-1.62,ma200_breach,5
9404.T,2025-02-14,2025-02-25,2887.8,2786.0,2462.4,-3.53,ma200_breach,11
9404.T,2025-06-26,2025-07-03,3272.2,3023.2,3045.9,-7.61,stop_base,7
9404.T,2025-08-01,2025-12-05,3443.2,3756.1,3443.2,9.09,time,126
9405.T,2025-09-02,2026-01-06,740.0,849.9,740.0,14.86,time,126
9405.T,2026-01-07,2026-03-23,850.9,847.0,850.9,-0.46,stop_breakeven,75
9409.T,2024-02-01,2024-06-06,1671.1,1951.0,1671.1,16.75,time,126
9409.T,2024-06-18,2024-08-02,2026.5,1864.9,1795.2,-7.97,ma200_breach,45
9409.T,2024-12-20,2025-01-14,2267.3,2038.5,1906.3,-10.09,ma200_breach,25
9409.T,2025-01-27,2025-02-03,2286.6,2381.2,2286.6,4.14,ma200_breach,7
9409.T,2025-02-06,2025-02-25,2421.7,2450.7,2421.7,1.2,ma200_breach,19
9409.T,2025-06-23,2025-10-27,2642.4,3174.7,2642.4,20.14,time,126
9409.T,2025-11-25,2026-02-20,3288.5,3174.7,3288.5,-3.46,stop_breakeven,87
9412.T,2024-01-15,2024-05-20,690.3,871.1,690.3,26.2,time,126
9412.T,2025-06-16,2025-07-03,1323.7,1295.3,1323.7,-2.14,stop_breakeven,17
9412.T,2025-08-01,2025-10-02,1442.1,1293.2,1295.3,-10.33,stop_base,62
9412.T,2025-10-06,2026-02-09,1495.6,2731.2,1495.6,82.61,time,126
9412.T,2026-04-08,2026-04-27,3135.0,3090.0,3135.0,-1.44,stop_breakeven,19
9413.T,2024-06-17,2024-08-02,3219.1,3295.4,3219.1,2.37,ma200_breach,46
9413.T,2025-09-26,2026-01-30,4885.9,4484.0,4182.3,-8.22,time,126
9418.T,2024-02-22,2024-04-15,1488.0,1481.7,1488.0,-0.42,stop_breakeven,53
9418.T,2024-06-04,2024-08-02,1583.4,1547.3,1583.4,-2.28,ma200_breach,59
9418.T,2024-12-03,2025-01-14,1673.8,1608.6,1540.5,-3.89,ma200_breach,42
9418.T,2025-01-29,2025-02-03,1789.4,1838.7,1608.6,2.76,ma200_breach,5
9418.T,2025-06-24,2025-07-14,2253.4,2003.6,2017.5,-11.09,stop_base,20
9433.T,2025-02-05,2025-02-25,2520.2,2335.6,2263.5,-7.33,ma200_breach,20
9433.T,2025-08-13,2025-09-30,2556.7,2325.8,2342.5,-9.03,stop_base,48
9434.T,2024-01-18,2024-04-09,175.5,175.1,175.5,-0.2,stop_breakeven,82
9434.T,2024-06-10,2024-07-25,180.7,179.5,180.7,-0.69,stop_breakeven,45
9434.T,2024-09-03,2024-09-04,190.6,185.8,164.7,-2.52,ma200_breach,1
9434.T,2025-07-01,2025-07-29,216.0,206.4,206.9,-4.41,stop_base,28
9434.T,2025-08-05,2025-09-08,218.8,218.7,218.8,-0.04,stop_breakeven,34
9434.T,2025-11-21,2025-12-22,229.0,209.1,210.7,-8.69,stop_base,31
9435.T,2024-01-16,2024-04-17,24429.0,24188.4,24429.0,-0.98,stop_breakeven,92
9435.T,2024-06-03,2024-08-02,25802.6,24630.0,25802.6,-4.54,ma200_breach,60
9435.T,2024-12-03,2025-01-14,32892.7,32941.3,32892.7,0.15,ma200_breach,42
9435.T,2025-01-27,2025-02-03,34594.2,34711.6,32706.5,0.34,ma200_breach,7
9435.T,2025-02-10,2025-02-25,35709.2,35992.8,32706.5,0.79,ma200_breach,15
9435.T,2025-06-09,2025-06-13,40868.6,40033.6,37646.3,-2.04,ma200_breach,4
9435.T,2025-06-19,2025-10-23,41585.8,42913.8,37646.3,3.19,time,126
9435.T,2025-10-27,2026-03-02,43845.4,43786.1,38890.0,-0.14,time,126
9438.T,2024-02-09,2024-04-19,664.2,660.0,664.2,-0.63,stop_breakeven,70
9438.T,2024-05-07,2024-05-10,727.9,722.1,727.9,-0.79,stop_breakeven,3
9438.T,2024-05-27,2024-06-06,800.5,794.7,800.5,-0.72,stop_breakeven,10
9438.T,2024-09-26,2024-10-18,1131.9,1122.3,1131.9,-0.85,stop_breakeven,22
9449.T,2025-02-13,2025-02-25,2936.1,2827.7,2502.1,-3.69,ma200_breach,12
9449.T,2025-07-14,2025-10-01,3604.4,3511.9,3604.4,-2.57,stop_breakeven,79
9449.T,2025-11-14,2026-02-06,3594.7,3550.0,3594.7,-1.24,stop_breakeven,84
9468.T,2025-02-13,2025-02-25,3579.9,3570.0,3072.1,-0.27,ma200_breach,12
9468.T,2025-06-19,2025-08-08,4033.1,3379.3,3475.5,-16.21,stop_base,50
9470.T,2024-06-25,2024-08-02,978.3,965.0,915.6,-1.36,ma200_breach,38
9474.T,2025-07-30,2025-12-03,1047.2,999.8,970.4,-4.53,time,126
9501.T,2024-02-28,2024-03-18,849.6,828.9,849.6,-2.44,stop_breakeven,19
9502.T,2024-02-05,2024-04-17,1817.8,1810.5,1817.8,-0.4,stop_breakeven,72
9502.T,2024-05-28,2024-06-17,2017.6,1789.9,1805.3,-11.29,stop_base,20
9502.T,2025-08-05,2025-12-09,1835.5,2265.5,1835.5,23.43,time,126
9502.T,2026-02-09,2026-03-04,2440.7,2423.4,2440.7,-0.71,stop_breakeven,23
9502.T,2026-03-18,2026-04-22,2650.8,2621.0,2650.8,-1.13,stop_breakeven,35
9503.T,2024-01-31,2024-06-05,1882.9,2652.7,1882.9,40.88,time,126
9503.T,2024-10-08,2024-10-23,2524.8,2458.9,2210.4,-2.61,ma200_breach,15
9503.T,2026-02-09,2026-03-04,2579.4,2491.9,2579.4,-3.39,stop_breakeven,23
9504.T,2024-03-07,2024-05-01,968.1,943.8,968.1,-2.51,stop_breakeven,55
9505.T,2024-08-22,2024-09-04,958.7,935.8,837.7,-2.39,ma200_breach,13
9506.T,2024-02-28,2024-07-03,954.3,1350.3,954.3,41.5,time,126
9506.T,2024-09-24,2024-10-23,1356.9,1374.6,1356.9,1.3,ma200_breach,29
9506.T,2024-10-30,2024-11-01,1449.0,1252.2,1264.9,-13.58,ma200_breach,2
9507.T,2024-02-28,2024-07-03,1032.3,1316.6,1032.3,27.54,time,126
9507.T,2026-01-05,2026-03-09,1555.5,1536.7,1555.5,-1.2,stop_breakeven,63
9508.T,2024-01-22,2024-05-27,985.9,1726.0,985.9,75.07,time,126
9508.T,2024-09-26,2024-10-21,1574.9,1563.5,1574.9,-0.73,stop_breakeven,25
9508.T,2026-02-16,2026-03-03,1875.2,1838.7,1875.2,-1.95,stop_breakeven,15
9509.T,2024-02-26,2024-07-01,626.2,1116.0,626.2,78.23,time,126
9509.T,2025-11-26,2026-02-02,1238.7,985.6,994.5,-20.43,stop_base,68
9509.T,2026-02-17,2026-03-02,1167.3,1151.5,1167.3,-1.35,stop_breakeven,13
9513.T,2025-10-16,2026-02-19,2891.2,3622.4,2891.2,25.29,time,126
9531.T,2024-04-10,2024-04-25,3604.7,3524.7,3604.7,-2.22,stop_breakeven,15
9531.T,2025-02-14,2025-02-25,4374.0,4561.9,4374.0,4.3,ma200_breach,11
9531.T,2025-05-30,2025-06-02,4762.9,4779.6,4524.0,0.35,ma200_breach,3
9531.T,2025-06-09,2025-06-12,4840.6,4519.1,4524.0,-6.64,stop_base,3
9531.T,2025-07-02,2025-11-05,4856.3,5609.3,4856.3,15.5,time,126
9531.T,2025-11-06,2026-03-12,5698.6,7595.8,5698.6,33.29,time,126
9532.T,2024-01-15,2024-05-20,2986.4,3426.8,2986.4,14.75,time,126
9532.T,2024-08-27,2024-09-04,3367.0,3341.3,2926.1,-0.76,ma200_breach,8
9532.T,2025-06-18,2025-10-22,3641.4,4165.0,3641.4,14.38,time,126
9532.T,2025-10-30,2026-03-05,4416.6,6619.0,4416.6,49.87,time,126
9533.T,2024-04-10,2024-08-02,851.1,1048.8,851.1,23.23,ma200_breach,114
9533.T,2025-09-02,2025-12-03,1148.5,1147.8,1148.5,-0.06,stop_breakeven,92
9534.T,2024-04-03,2024-08-02,487.1,571.0,487.1,17.21,ma200_breach,121
9534.T,2025-11-12,2026-03-18,716.3,915.3,716.3,27.79,time,126
9534.T,2026-04-24,2026-04-30,921.0,827.0,852.2,-10.21,stop_base,6
9536.T,2025-12-24,2026-04-30,2160.4,2236.0,2160.4,3.5,time,127
9543.T,2025-07-03,2025-11-06,1065.2,1122.1,1065.2,5.35,time,126
9543.T,2025-11-21,2026-03-27,1179.0,1525.0,1179.0,29.34,time,126
9551.T,2024-02-01,2024-04-25,2136.6,1921.0,2136.6,-10.09,stop_breakeven,84
9551.T,2025-05-29,2025-06-02,2068.4,2093.9,1800.2,1.23,ma200_breach,4
9551.T,2025-06-09,2025-06-13,2105.6,2140.9,1870.7,1.67,ma200_breach,4
9551.T,2025-06-16,2025-10-20,2160.4,2947.5,2160.4,36.43,time,126
9551.T,2025-10-27,2026-03-02,3104.0,4104.0,3104.0,32.22,time,126
9552.T,2024-01-22,2024-05-02,4611.7,4586.8,4611.7,-0.54,stop_breakeven,101
9601.T,2024-12-10,2025-01-14,11053.6,11341.8,10427.3,2.61,ma200_breach,35
9601.T,2025-01-24,2025-02-03,11630.1,12017.8,10805.1,3.33,ma200_breach,10
9601.T,2025-02-05,2025-02-25,12355.8,11709.6,10805.1,-5.23,ma200_breach,20
9601.T,2025-06-12,2025-06-13,13682.8,13583.1,12626.4,-0.73,ma200_breach,1
9601.T,2025-06-17,2025-09-02,13752.5,13373.8,13752.5,-2.75,stop_breakeven,77
9602.T,2024-12-03,2025-01-14,1297.9,1185.9,1125.4,-8.62,ma200_breach,42
9602.T,2025-01-28,2025-02-03,1358.0,1381.2,1185.9,1.7,ma200_breach,6
9602.T,2025-02-05,2025-02-25,1395.7,1408.8,1185.9,0.94,ma200_breach,20
9602.T,2025-06-16,2025-10-20,1572.1,1781.0,1572.1,13.29,time,126
9605.T,2024-11-05,2024-11-18,4997.7,5572.8,4997.7,11.51,ma200_breach,13
9616.T,2025-07-08,2025-07-29,3536.7,3530.8,3536.7,-0.17,stop_breakeven,21
9619.T,2024-05-01,2024-05-23,1653.6,1490.7,1503.6,-9.85,stop_base,22
9619.T,2024-06-25,2024-08-02,1574.0,1408.3,1486.0,-10.53,ma200_breach,38
9619.T,2024-11-05,2024-11-18,1814.3,1889.7,1657.0,4.15,ma200_breach,13
9621.T,2024-01-15,2024-02-14,2716.2,2645.2,2716.2,-2.61,stop_breakeven,30
9621.T,2025-05-30,2025-06-02,2510.8,2550.8,2291.4,1.59,ma200_breach,3
9621.T,2025-06-09,2025-06-13,2611.3,2663.9,2323.6,2.02,ma200_breach,4
9621.T,2025-06-16,2025-10-02,2722.4,2716.6,2722.4,-0.21,stop_breakeven,108
9621.T,2025-11-17,2026-03-23,2939.9,2976.0,2939.9,1.23,time,126
9622.T,2024-09-24,2024-10-23,1101.0,1035.0,910.2,-6.0,ma200_breach,29
9622.T,2024-12-16,2025-01-14,1089.1,1011.8,998.3,-7.1,ma200_breach,29
9622.T,2025-08-01,2025-12-05,1267.5,1383.6,1267.5,9.17,time,126
9622.T,2025-12-15,2026-01-29,1542.4,1537.0,1542.4,-0.35,stop_breakeven,45
9622.T,2026-02-27,2026-03-23,1706.0,1500.0,1527.0,-12.08,stop_base,24
9627.T,2024-06-25,2024-07-05,5941.6,5223.4,5324.5,-12.09,stop_base,10
9627.T,2025-07-24,2025-11-27,5780.5,6933.7,5780.5,19.95,time,126
9627.T,2025-12-05,2025-12-17,6939.6,6271.8,6298.4,-9.62,stop_base,12
9628.T,2024-07-17,2024-08-02,1293.8,1109.3,1072.2,-14.26,ma200_breach,16
9628.T,2025-06-23,2025-08-19,1514.7,1513.7,1514.7,-0.06,stop_breakeven,57
9628.T,2025-10-24,2025-11-14,1558.8,1377.4,1400.0,-11.64,stop_base,21
9629.T,2024-04-26,2024-08-02,1693.7,1755.0,1693.7,3.62,ma200_breach,98
9629.T,2024-09-26,2024-10-23,1956.2,1846.2,1743.3,-5.63,ma200_breach,27
9644.T,2024-12-04,2025-01-14,578.2,544.3,529.6,-5.88,ma200_breach,41
9644.T,2025-06-19,2025-10-01,744.7,654.2,672.5,-12.16,stop_base,104
9658.T,2025-07-23,2025-11-26,846.9,1141.8,846.9,34.82,time,126
9658.T,2025-12-18,2026-01-26,1169.5,1112.5,1114.1,-4.87,stop_base,39
9663.T,2024-05-31,2024-07-02,7605.6,7547.0,7605.6,-0.77,stop_breakeven,32
9672.T,2025-06-24,2025-10-28,4460.7,5551.6,4460.7,24.46,time,126
9672.T,2025-12-12,2026-03-04,5739.3,5720.0,5739.3,-0.34,stop_breakeven,82
9678.T,2024-06-26,2024-08-02,2872.2,2467.2,2427.4,-14.1,ma200_breach,37
9678.T,2024-12-03,2025-01-14,2857.2,3011.2,2857.2,5.39,ma200_breach,42
9678.T,2025-05-29,2025-06-02,3200.3,3234.5,2982.3,1.07,ma200_breach,4
9678.T,2025-07-15,2025-11-18,3351.6,3432.8,3351.6,2.42,time,126
9678.T,2025-11-28,2026-01-28,3729.6,3719.7,3729.6,-0.27,stop_breakeven,61
9682.T,2024-04-30,2024-08-02,1017.0,940.6,925.3,-7.51,ma200_breach,94
9682.T,2024-12-23,2025-01-14,1022.4,966.4,949.8,-5.47,ma200_breach,22
9682.T,2025-06-17,2025-10-21,1236.5,1270.3,1236.5,2.73,time,126
9682.T,2025-10-27,2025-10-29,1332.1,1226.1,1239.9,-7.95,stop_base,2
9684.T,2025-01-28,2025-02-03,2080.2,2040.4,1982.8,-1.91,ma200_breach,6
9684.T,2025-02-05,2025-02-25,2165.9,2289.8,2165.9,5.72,ma200_breach,20
9684.T,2025-06-16,2025-09-25,3147.1,3135.6,3147.1,-0.36,stop_breakeven,101
9692.T,2024-06-10,2024-07-11,1935.8,1932.0,1935.8,-0.19,stop_breakeven,31
9692.T,2024-11-07,2024-11-18,1849.1,1882.5,1685.0,1.81,ma200_breach,11
9692.T,2025-07-29,2025-10-29,2187.0,2130.0,2187.0,-2.61,stop_breakeven,92
9692.T,2025-12-23,2026-02-04,2450.3,2067.0,2093.7,-15.64,stop_base,43
9697.T,2024-09-26,2024-10-23,3342.1,3150.6,2887.8,-5.73,ma200_breach,27
9697.T,2024-11-13,2024-11-18,3378.4,3405.9,2984.6,0.81,ma200_breach,5
9697.T,2025-01-30,2025-02-03,3525.7,3505.1,3221.3,-0.58,ma200_breach,4
9697.T,2025-02-04,2025-02-25,3565.0,3897.0,3565.0,9.31,ma200_breach,21
9697.T,2025-05-29,2025-06-02,4323.2,4290.6,3766.1,-0.75,ma200_breach,4
9697.T,2025-06-09,2025-06-13,4373.6,4545.4,3766.1,3.93,ma200_breach,4
9697.T,2025-06-27,2025-07-31,4821.0,3828.3,4035.8,-20.59,stop_base,34
9699.T,2024-06-11,2024-08-02,3950.9,3489.4,3597.7,-11.68,ma200_breach,52
9702.T,2024-01-17,2024-02-15,1412.1,1242.7,1412.1,-12.0,stop_breakeven,29
9702.T,2025-08-20,2025-12-24,1526.1,1737.3,1526.1,13.84,time,126
9716.T,2025-06-16,2025-10-20,894.2,1016.5,894.2,13.68,time,126
9716.T,2025-10-27,2026-03-02,1048.5,1458.0,1048.5,39.05,time,126
9722.T,2024-02-19,2024-03-04,1355.9,1144.1,1159.9,-15.62,stop_base,14
9722.T,2024-03-15,2024-04-17,1373.7,1357.8,1373.7,-1.15,stop_breakeven,33
9722.T,2024-11-25,2024-11-26,1870.5,1874.5,1642.9,0.21,ma200_breach,1
9722.T,2025-06-26,2025-07-23,2206.3,2182.4,2206.3,-1.08,stop_breakeven,27
9722.T,2025-08-18,2025-09-11,2357.5,2077.0,2079.0,-11.9,stop_base,24
9722.T,2025-10-17,2025-11-18,2244.1,2013.3,2035.2,-10.28,stop_base,32
9722.T,2025-11-28,2026-03-03,2315.7,2274.0,2315.7,-1.8,stop_breakeven,95
9729.T,2024-06-20,2024-08-02,2117.0,1940.9,1925.8,-8.32,ma200_breach,43
9729.T,2024-12-12,2025-01-14,2219.6,2004.8,2043.1,-9.68,ma200_breach,33
9735.T,2024-01-15,2024-03-25,5346.4,5324.9,5346.4,-0.4,stop_breakeven,70
9735.T,2025-08-08,2025-12-12,5691.8,5480.6,5063.9,-3.71,time,126
9739.T,2024-02-02,2024-04-04,2804.4,2803.4,2804.4,-0.03,stop_breakeven,62
9739.T,2024-05-08,2024-08-02,3060.1,2701.9,2720.7,-11.71,ma200_breach,86
9740.T,2024-12-30,2025-01-14,2891.8,2659.5,2584.0,-8.03,ma200_breach,15
9742.T,2024-06-26,2024-08-01,1736.2,1493.3,1548.1,-13.99,stop_base,36
9742.T,2024-12-25,2025-01-14,1822.2,1722.4,1581.4,-5.48,ma200_breach,20
9742.T,2025-01-29,2025-02-03,1830.9,1669.6,1697.5,-8.81,ma200_breach,5
9743.T,2024-06-14,2024-07-24,865.2,860.7,865.2,-0.52,stop_breakeven,40
9743.T,2024-09-03,2024-09-04,881.8,854.2,736.5,-3.13,ma200_breach,1
9743.T,2025-05-29,2025-06-02,1028.7,1040.1,965.0,1.11,ma200_breach,4
9743.T,2025-06-10,2025-06-13,1048.7,1043.9,975.5,-0.45,ma200_breach,3
9743.T,2025-06-16,2025-10-20,1216.9,1337.8,1216.9,9.93,time,126
9743.T,2025-11-27,2026-04-02,1355.4,1494.0,1355.4,10.23,time,126
9744.T,2024-05-09,2024-08-02,2891.2,2855.6,2891.2,-1.23,ma200_breach,85
9744.T,2024-08-29,2024-09-04,3058.1,3004.0,2641.6,-1.77,ma200_breach,6
9744.T,2025-11-21,2026-02-13,3348.1,3329.6,3348.1,-0.55,stop_breakeven,84
9746.T,2025-05-14,2025-05-15,4017.8,3872.0,3473.6,-3.63,ma200_breach,1
9746.T,2025-05-29,2025-06-02,4119.8,4095.5,3702.0,-0.59,ma200_breach,4
9746.T,2025-07-08,2025-09-05,4212.1,4202.4,4212.1,-0.23,stop_breakeven,59
9755.T,2025-06-11,2025-06-13,2816.4,2749.0,2496.9,-2.39,ma200_breach,2
9755.T,2025-06-20,2025-09-02,2840.4,2826.7,2840.4,-0.48,stop_breakeven,74
9757.T,2025-08-19,2025-12-03,1263.9,1114.2,1136.8,-11.84,stop_base,106
9759.T,2024-11-07,2024-11-18,3193.2,3169.7,2920.9,-0.74,ma200_breach,11
9759.T,2024-12-09,2025-01-14,3343.0,3046.2,2953.9,-8.88,ma200_breach,36
9759.T,2025-02-05,2025-02-25,3285.6,3214.9,2967.1,-2.15,ma200_breach,20
9759.T,2025-05-29,2025-06-02,3467.2,3394.7,3197.4,-2.09,ma200_breach,4
9759.T,2025-06-18,2025-08-22,3486.5,3238.1,3249.7,-7.13,stop_base,65
9765.T,2024-01-15,2024-05-20,956.5,1018.5,956.5,6.48,time,126
9765.T,2024-07-12,2024-08-02,1044.3,952.9,944.4,-8.75,ma200_breach,21
9765.T,2025-07-10,2025-11-13,1052.2,1101.2,1052.2,4.66,time,126
9766.T,2024-02-22,2024-04-10,9642.3,9557.3,9642.3,-0.88,stop_breakeven,48
9766.T,2024-05-14,2024-05-24,10584.4,10535.3,10584.4,-0.46,stop_breakeven,10
9766.T,2024-06-26,2024-07-25,11310.3,11246.5,11310.3,-0.56,stop_breakeven,29
9766.T,2024-12-03,2025-01-14,15010.4,13897.1,13384.8,-7.42,ma200_breach,42
9766.T,2025-02-04,2025-02-25,17286.4,18316.0,17286.4,5.96,ma200_breach,21
9766.T,2025-06-17,2025-07-02,21080.8,20917.3,21080.8,-0.78,stop_breakeven,15
9766.T,2025-08-05,2025-08-26,22844.1,22829.3,22844.1,-0.07,stop_breakeven,21
9766.T,2025-10-21,2025-12-03,22754.7,22575.7,22754.7,-0.79,stop_breakeven,43
9769.T,2025-06-12,2025-06-13,2171.0,2169.1,2065.7,-0.09,ma200_breach,1
9769.T,2025-06-16,2025-07-18,2178.7,2176.8,2178.7,-0.09,stop_breakeven,32
9769.T,2025-08-07,2025-12-11,2345.3,2267.8,2096.4,-3.3,time,126
9769.T,2025-12-15,2026-04-20,2356.8,2355.0,2189.5,-0.07,time,126
9788.T,2024-06-19,2024-08-02,533.6,516.0,486.4,-3.3,ma200_breach,44
9788.T,2024-10-21,2024-10-23,542.1,532.8,500.3,-1.72,ma200_breach,2
9788.T,2024-12-03,2025-01-14,549.6,545.9,512.2,-0.68,ma200_breach,42
9788.T,2025-02-12,2025-02-25,605.7,622.5,605.7,2.78,ma200_breach,13
9790.T,2024-12-03,2024-12-24,2906.7,2902.0,2906.7,-0.16,stop_breakeven,21
9790.T,2025-02-13,2025-02-25,2978.6,2916.3,2682.6,-2.09,ma200_breach,12
9790.T,2025-09-26,2025-10-14,3332.0,3033.9,3126.8,-8.94,stop_base,18
9795.T,2024-10-07,2024-10-23,1954.8,1893.1,1803.3,-3.16,ma200_breach,16
9795.T,2024-12-30,2025-01-14,2104.8,1992.8,1894.1,-5.32,ma200_breach,15
9795.T,2025-07-01,2025-11-04,2211.6,2391.4,2211.6,8.13,time,126
9795.T,2025-11-21,2026-03-27,2426.8,2470.0,2300.0,1.78,time,126
9824.T,2024-05-21,2024-08-02,5624.9,4442.5,4683.5,-21.02,ma200_breach,73
9837.T,2024-01-15,2024-05-20,1299.6,1403.0,1299.6,7.96,time,126
9837.T,2024-06-25,2024-08-02,1413.7,1229.8,1310.1,-13.01,ma200_breach,38
9837.T,2025-08-20,2025-12-24,1534.6,1663.0,1534.6,8.37,time,126
9842.T,2024-06-11,2024-07-08,1881.9,1747.0,1764.2,-7.17,stop_base,27
9861.T,2024-01-17,2024-04-11,3354.2,2843.8,3032.5,-15.22,stop_base,85
9869.T,2024-01-29,2024-05-14,4500.0,4084.1,4087.5,-9.24,stop_base,106
9869.T,2025-07-09,2025-11-12,5400.5,5800.2,5400.5,7.4,time,126
9869.T,2025-11-21,2026-03-27,6017.6,6650.0,6017.6,10.51,time,126
9869.T,2026-04-02,2026-04-21,6870.0,6200.0,6314.0,-9.75,stop_base,19
9880.T,2024-01-15,2024-04-16,1634.6,1630.6,1634.6,-0.24,stop_breakeven,92
9880.T,2025-10-24,2026-02-27,1692.5,2814.7,1692.5,66.31,time,126
9882.T,2024-06-12,2024-08-02,1003.8,1186.6,1003.8,18.2,ma200_breach,51
9882.T,2024-09-27,2024-10-23,1228.7,1201.8,1096.8,-2.19,ma200_breach,26
9882.T,2024-12-09,2025-01-14,1215.5,1213.6,1152.3,-0.16,ma200_breach,36
9882.T,2025-01-30,2025-02-03,1281.5,1386.7,1213.6,8.2,ma200_breach,4
9882.T,2025-07-14,2025-11-04,1498.3,1428.5,1498.3,-4.66,stop_breakeven,113
9882.T,2025-11-28,2026-03-04,1637.7,1624.9,1637.7,-0.78,stop_breakeven,96
9887.T,2024-03-14,2024-04-02,5959.3,5396.3,5405.0,-9.45,stop_base,19
9887.T,2024-09-26,2024-10-23,6100.6,6818.2,6100.6,11.76,ma200_breach,27
9887.T,2024-12-18,2025-01-09,6718.8,6192.0,6221.9,-7.84,stop_base,22
9889.T,2024-08-20,2024-09-04,979.6,1058.3,979.6,8.03,ma200_breach,15
9889.T,2024-11-06,2024-11-18,1080.5,1150.6,1080.5,6.49,ma200_breach,12
9889.T,2025-01-31,2025-02-03,1147.0,1167.2,984.2,1.76,ma200_breach,3
9889.T,2025-02-04,2025-02-25,1176.7,1105.4,984.2,-6.06,ma200_breach,21
9889.T,2025-08-13,2025-10-02,1337.4,1208.4,1212.6,-9.65,stop_base,50
9889.T,2026-01-15,2026-01-29,1638.7,1465.2,1512.2,-10.59,stop_base,14
9900.T,2024-06-07,2024-08-02,1544.3,1595.7,1544.3,3.33,ma200_breach,56
9900.T,2024-09-03,2024-09-04,1681.7,1669.8,1485.9,-0.71,ma200_breach,1
9900.T,2024-10-09,2024-10-23,1705.4,1746.9,1705.4,2.43,ma200_breach,14
9900.T,2024-11-05,2024-11-18,1820.1,1691.6,1600.6,-7.06,ma200_breach,13
9900.T,2025-02-14,2025-02-25,1794.4,1719.3,1681.7,-4.19,ma200_breach,11
9902.T,2024-01-19,2024-02-29,2757.3,2417.3,2472.1,-12.33,stop_base,41
9928.T,2024-06-14,2024-08-01,1741.0,1644.3,1741.0,-5.56,stop_breakeven,48
9928.T,2024-09-26,2024-10-23,1800.2,1670.6,1603.0,-7.2,ma200_breach,27
9928.T,2024-12-04,2025-01-14,1840.6,1733.5,1670.6,-5.82,ma200_breach,41
9932.T,2024-05-10,2024-08-02,1202.7,1231.2,1202.7,2.37,ma200_breach,84
9932.T,2024-12-12,2025-01-08,1328.0,1242.0,1246.8,-6.47,stop_base,27
9932.T,2025-07-04,2025-09-01,1734.2,1709.2,1734.2,-1.45,stop_breakeven,59
9932.T,2025-09-18,2025-09-24,1893.3,1699.5,1709.2,-10.23,stop_base,6
9932.T,2025-10-22,2025-11-05,1893.7,1631.3,1632.3,-13.86,stop_base,14
9934.T,2024-01-22,2024-05-27,1640.6,1742.8,1640.6,6.23,time,126
9934.T,2024-06-10,2024-08-02,1827.1,1707.6,1667.8,-6.54,ma200_breach,53
9934.T,2024-09-26,2024-10-23,1841.1,1767.4,1740.4,-4.01,ma200_breach,27
9934.T,2024-12-03,2025-01-14,1853.0,1747.4,1767.4,-5.7,ma200_breach,42
9934.T,2025-07-11,2025-11-14,1963.0,2305.6,1963.0,17.45,time,126
9934.T,2025-11-21,2026-03-27,2333.2,2650.5,2333.2,13.6,time,126
9936.T,2024-01-17,2024-02-07,2643.6,2484.0,2490.4,-6.04,stop_base,21
9936.T,2024-05-17,2024-08-01,2626.9,2588.3,2626.9,-1.47,stop_breakeven,76
9936.T,2024-09-27,2024-10-23,2785.6,2872.5,2785.6,3.12,ma200_breach,26
9936.T,2024-11-07,2024-11-18,3010.1,2971.0,2643.1,-1.3,ma200_breach,11
9936.T,2025-02-17,2025-02-25,2995.4,2956.4,2823.7,-1.3,ma200_breach,8
9936.T,2025-06-18,2025-10-02,3591.7,3543.2,3591.7,-1.35,stop_breakeven,106
9946.T,2025-07-11,2025-11-14,1921.0,2028.9,1921.0,5.62,time,126
9946.T,2025-12-29,2026-01-27,2164.2,2027.9,2028.9,-6.3,stop_base,29
9948.T,2024-01-15,2024-05-16,2753.0,2719.2,2753.0,-1.23,stop_breakeven,122
9948.T,2025-06-27,2025-10-31,2940.8,3099.8,2940.8,5.41,time,126
9948.T,2025-11-14,2026-03-23,3272.8,3645.0,3272.8,11.37,time,129
9956.T,2025-07-08,2025-11-11,2478.1,2901.3,2478.1,17.08,time,126
9956.T,2025-11-12,2026-03-18,2923.1,3640.3,2923.1,24.53,time,126
9960.T,2025-05-30,2025-06-02,2842.2,2822.9,2343.5,-0.68,ma200_breach,3
9960.T,2025-07-31,2025-12-04,2777.4,3470.3,2777.4,24.95,time,126
9960.T,2025-12-19,2026-04-24,3636.7,3690.0,3636.7,1.47,time,126
9974.T,2024-04-12,2024-07-19,7694.6,5918.1,5937.5,-23.09,stop_base,98
9974.T,2025-06-16,2025-10-16,7241.5,7203.4,7241.5,-0.53,stop_breakeven,122
9983.T,2024-01-16,2024-05-21,38061.4,40615.8,38061.4,6.71,time,126
9983.T,2024-09-27,2024-10-23,48357.2,49794.8,48357.2,2.97,ma200_breach,26
9983.T,2024-12-04,2025-01-14,52118.6,46988.5,47402.1,-9.84,ma200_breach,41
9984.T,2024-05-23,2024-08-01,2165.6,2122.2,2165.6,-2.0,stop_breakeven,70
9984.T,2025-01-23,2025-02-03,2674.5,2351.2,2178.4,-12.09,ma200_breach,11
9987.T,2024-02-16,2024-02-29,4691.8,4260.7,4342.0,-9.19,stop_base,13
9987.T,2024-07-09,2024-08-02,4853.7,4871.0,4853.7,0.36,ma200_breach,24
9987.T,2025-07-29,2025-08-14,5547.9,5456.5,5547.9,-1.65,stop_breakeven,16
9987.T,2025-09-04,2026-01-08,5917.6,6234.6,5917.6,5.36,time,126
9987.T,2026-01-09,2026-03-16,6284.2,5781.4,5823.1,-8.0,stop_base,66
9989.T,2024-03-12,2024-05-08,4541.2,4002.0,4031.3,-11.87,stop_base,57
9989.T,2025-07-07,2025-09-12,4447.1,4429.6,4447.1,-0.39,stop_breakeven,67
9991.T,2024-01-31,2024-05-15,1047.8,910.2,912.0,-13.13,stop_base,105
9991.T,2025-06-11,2025-06-13,1207.5,1191.1,1088.3,-1.35,ma200_breach,2
9991.T,2025-07-25,2025-11-28,1212.3,1408.0,1212.3,16.14,time,126
9991.T,2025-12-23,2026-04-28,1412.9,1717.0,1412.9,21.52,time,126
9997.T,2024-12-03,2025-01-14,726.8,730.7,664.8,0.53,ma200_breach,42
9997.T,2025-01-20,2025-02-03,761.2,835.7,761.2,9.79,ma200_breach,14
9997.T,2025-02-13,2025-02-25,850.0,852.0,730.7,0.22,ma200_breach,12
9997.T,2025-07-08,2025-11-11,886.4,1021.9,886.4,15.29,time,126
9997.T,2025-11-12,2025-11-17,1036.7,918.6,960.9,-11.39,stop_base,5
