pair,direction,signal_bar,entry_bar,pnl_yen,r_mult,held,session,combo,year_week
GBPUSD,short,2022-01-31 15:55:00,2022-01-31 16:00:00,-4620.467638088348,-0.9240935276176696,8,"NY
21-03JST","GBPUSD_NY
21-03JST",2022_05
GBPUSD,short,2022-01-31 16:00:00,2022-01-31 16:05:00,-1505.3929121719104,-0.301078582434382,7,"NY
21-03JST","GBPUSD_NY
21-03JST",2022_05
GBPUSD,short,2022-01-31 16:10:00,2022-01-31 16:15:00,-1979.199006518792,-0.3958398013037584,5,"NY
21-03JST","GBPUSD_NY
21-03JST",2022_05
GBPUSD,short,2022-01-31 16:20:00,2022-01-31 16:25:00,-2698.5677083336577,-0.5397135416667316,3,"NY
21-03JST","GBPUSD_NY
21-03JST",2022_05
GBPUSD,short,2022-01-31 16:25:00,2022-01-31 16:30:00,-4999.999999999848,-0.9999999999999696,2,"NY
21-03JST","GBPUSD_NY
21-03JST",2022_05
GBPUSD,short,2022-01-31 16:30:00,2022-01-31 16:35:00,-4999.999999999771,-0.999999999999954,3,"NY
21-03JST","GBPUSD_NY
21-03JST",2022_05
GBPUSD,short,2022-01-31 17:25:00,2022-01-31 17:30:00,3999.269539808746,0.7998539079617492,3,"NY
21-03JST","GBPUSD_NY
21-03JST",2022_05
GBPUSD,short,2022-01-31 17:30:00,2022-01-31 17:35:00,1296.296296296514,0.2592592592593027,2,"NY
21-03JST","GBPUSD_NY
21-03JST",2022_05
GBPUSD,short,2022-01-31 17:35:00,2022-01-31 17:40:00,-4999.999999999339,-0.9999999999998678,1,"NY
21-03JST","GBPUSD_NY
21-03JST",2022_05
EURGBP,long,2022-02-01 15:30:00,2022-02-01 15:35:00,-5000.000000000301,-1.0000000000000602,2,"NY
21-03JST","EURGBP_NY
21-03JST",2022_05
EURGBP,long,2022-02-01 15:40:00,2022-02-01 15:45:00,-1229.187071498477,-0.2458374142996954,2,"NY
21-03JST","EURGBP_NY
21-03JST",2022_05
EURGBP,long,2022-02-01 15:45:00,2022-02-01 15:50:00,-5000.00000000055,-1.00000000000011,1,"NY
21-03JST","EURGBP_NY
21-03JST",2022_05
EURGBP,long,2022-02-01 15:50:00,2022-02-01 15:55:00,-5000.000000000424,-1.0000000000000848,1,"NY
21-03JST","EURGBP_NY
21-03JST",2022_05
EURGBP,long,2022-02-01 15:55:00,2022-02-01 16:00:00,-1950.7575757580548,-0.3901515151516109,2,"NY
21-03JST","EURGBP_NY
21-03JST",2022_05
EURGBP,long,2022-02-01 16:05:00,2022-02-01 16:10:00,227.68670309842625,0.0455373406196852,5,"NY
21-03JST","EURGBP_NY
21-03JST",2022_05
EURGBP,long,2022-02-01 16:30:00,2022-02-01 16:35:00,-4999.999999999783,-0.9999999999999564,3,"NY
21-03JST","EURGBP_NY
21-03JST",2022_05
EURGBP,long,2022-02-01 16:35:00,2022-02-01 16:40:00,-4143.730886849285,-0.8287461773698569,2,"NY
21-03JST","EURGBP_NY
21-03JST",2022_05
EURGBP,long,2022-02-01 16:40:00,2022-02-01 16:45:00,-4999.999999999533,-0.9999999999999069,1,"NY
21-03JST","EURGBP_NY
21-03JST",2022_05
EURGBP,long,2022-02-01 16:50:00,2022-02-01 16:55:00,1018.42374616025,0.20368474923205,2,"NY
21-03JST","EURGBP_NY
21-03JST",2022_05
EURGBP,long,2022-02-01 16:55:00,2022-02-01 17:00:00,-3108.1081081090065,-0.6216216216218013,2,"NY
21-03JST","EURGBP_NY
21-03JST",2022_05
EURGBP,long,2022-02-01 17:05:00,2022-02-01 17:10:00,6087.470449172945,1.2174940898345892,7,"NY
21-03JST","EURGBP_NY
21-03JST",2022_05
EURGBP,long,2022-02-01 17:10:00,2022-02-01 17:15:00,8077.844311376905,1.615568862275381,6,"NY
21-03JST","EURGBP_NY
21-03JST",2022_05
EURGBP,long,2022-02-01 17:15:00,2022-02-01 17:20:00,11291.56010230146,2.258312020460292,5,"NY
21-03JST","EURGBP_NY
21-03JST",2022_05
EURGBP,long,2022-02-01 17:45:00,2022-02-01 17:50:00,975.6097560957484,0.1951219512191497,5,"NY
21-03JST","EURGBP_NY
21-03JST",2022_05
GBPUSD,short,2022-02-02 14:55:00,2022-02-02 15:00:00,-4999.999999999754,-0.9999999999999508,3,"NY
21-03JST","GBPUSD_NY
21-03JST",2022_05
NZDUSD,short,2022-02-02 23:35:00,2022-02-02 23:40:00,6323.529411765388,1.2647058823530777,3,"深夜
03-09JST","NZDUSD_深夜
03-09JST",2022_05
NZDUSD,short,2022-02-02 23:40:00,2022-02-02 23:45:00,4304.878048779374,0.8609756097558747,2,"深夜
03-09JST","NZDUSD_深夜
03-09JST",2022_05
NZDUSD,short,2022-02-02 23:45:00,2022-02-02 23:50:00,-4999.9999999997535,-0.9999999999999508,2,"深夜
03-09JST","NZDUSD_深夜
03-09JST",2022_05
AUDUSD,short,2022-02-03 11:20:00,2022-02-03 11:25:00,-2115.151515151793,-0.4230303030303585,2,"欧州
15-21JST","AUDUSD_欧州
15-21JST",2022_05
EURGBP,long,2022-02-03 12:10:00,2022-02-03 12:15:00,6046.817464491604,1.2093634928983208,3,"NY
21-03JST","EURGBP_NY
21-03JST",2022_05
EURGBP,long,2022-02-03 12:30:00,2022-02-03 12:35:00,2925.75406032401,0.585150812064802,2,"NY
21-03JST","EURGBP_NY
21-03JST",2022_05
EURGBP,long,2022-02-03 12:45:00,2022-02-03 12:50:00,8887.262079062893,1.7774524158125786,6,"NY
21-03JST","EURGBP_NY
21-03JST",2022_05
EURGBP,long,2022-02-03 13:20:00,2022-02-03 13:25:00,27690.92363054739,5.538184726109478,6,"NY
21-03JST","EURGBP_NY
21-03JST",2022_05
EURGBP,long,2022-02-03 13:25:00,2022-02-03 13:30:00,30379.482902418764,6.075896580483753,5,"NY
21-03JST","EURGBP_NY
21-03JST",2022_05
EURGBP,long,2022-02-03 13:30:00,2022-02-03 13:35:00,27495.791245790915,5.499158249158183,4,"NY
21-03JST","EURGBP_NY
21-03JST",2022_05
AUDUSD,short,2022-02-04 06:25:00,2022-02-04 06:30:00,5176.991150440388,1.0353982300880775,2,"欧州
15-21JST","AUDUSD_欧州
15-21JST",2022_05
AUDUSD,short,2022-02-04 06:30:00,2022-02-04 06:35:00,-4999.999999999614,-0.9999999999999228,1,"欧州
15-21JST","AUDUSD_欧州
15-21JST",2022_05
AUDUSD,short,2022-02-04 06:50:00,2022-02-04 06:55:00,8672.431332653081,1.7344862665306162,5,"欧州
15-21JST","AUDUSD_欧州
15-21JST",2022_05
AUDUSD,short,2022-02-04 07:05:00,2022-02-04 07:10:00,9029.227557409886,1.8058455114819767,2,"欧州
15-21JST","AUDUSD_欧州
15-21JST",2022_05
AUDUSD,short,2022-02-04 07:10:00,2022-02-04 07:15:00,2843.6911487761363,0.5687382297552273,6,"欧州
15-21JST","AUDUSD_欧州
15-21JST",2022_05
AUDUSD,short,2022-02-04 08:05:00,2022-02-04 08:10:00,-5000.000000000295,-1.0000000000000588,1,"欧州
15-21JST","AUDUSD_欧州
15-21JST",2022_05
GBPJPY,short,2022-02-04 09:50:00,2022-02-04 09:55:00,12228.23529411697,2.445647058823394,3,"欧州
15-21JST","GBPJPY_欧州
15-21JST",2022_05
GBPJPY,short,2022-02-04 10:00:00,2022-02-04 10:05:00,683.7606837629676,0.1367521367525935,2,"欧州
15-21JST","GBPJPY_欧州
15-21JST",2022_05
GBPJPY,short,2022-02-04 10:05:00,2022-02-04 10:10:00,-4999.999999999771,-0.999999999999954,1,"欧州
15-21JST","GBPJPY_欧州
15-21JST",2022_05
GBPJPY,short,2022-02-04 10:20:00,2022-02-04 10:25:00,-4999.999999999451,-0.99999999999989,1,"欧州
15-21JST","GBPJPY_欧州
15-21JST",2022_05
GBPJPY,short,2022-02-04 10:45:00,2022-02-04 10:50:00,-4505.208333333019,-0.901041666666604,2,"欧州
15-21JST","GBPJPY_欧州
15-21JST",2022_05
GBPJPY,short,2022-02-04 10:55:00,2022-02-04 11:00:00,1002.4154589367288,0.2004830917873457,5,"欧州
15-21JST","GBPJPY_欧州
15-21JST",2022_05
GBPJPY,short,2022-02-04 11:10:00,2022-02-04 11:15:00,-317.42650191683845,-0.0634853003833677,2,"欧州
15-21JST","GBPJPY_欧州
15-21JST",2022_05
GBPJPY,short,2022-02-04 11:15:00,2022-02-04 11:20:00,1265.432098763468,0.2530864197526936,2,"欧州
15-21JST","GBPJPY_欧州
15-21JST",2022_05
GBPJPY,short,2022-02-04 11:20:00,2022-02-04 11:25:00,-4999.999999999875,-0.9999999999999752,1,"欧州
15-21JST","GBPJPY_欧州
15-21JST",2022_05
GBPUSD,short,2022-02-04 14:35:00,2022-02-04 14:40:00,-5000.000000000481,-1.000000000000096,1,"NY
21-03JST","GBPUSD_NY
21-03JST",2022_05
EURGBP,long,2022-02-04 15:15:00,2022-02-04 15:20:00,12563.946406820354,2.512789281364071,7,"NY
21-03JST","EURGBP_NY
21-03JST",2022_05
EURGBP,long,2022-02-07 13:55:00,2022-02-07 14:00:00,-1448.3394833939103,-0.2896678966787821,2,"NY
21-03JST","EURGBP_NY
21-03JST",2022_06
EURGBP,long,2022-02-07 14:10:00,2022-02-07 14:15:00,136.26834381710313,0.0272536687634206,4,"NY
21-03JST","EURGBP_NY
21-03JST",2022_06
EURGBP,long,2022-02-07 14:20:00,2022-02-07 14:25:00,-286.1952861946699,-0.0572390572389339,2,"NY
21-03JST","EURGBP_NY
21-03JST",2022_06
EURGBP,long,2022-02-07 14:25:00,2022-02-07 14:30:00,1363.636363637653,0.2727272727275306,2,"NY
21-03JST","EURGBP_NY
21-03JST",2022_06
EURGBP,long,2022-02-07 14:45:00,2022-02-07 14:50:00,-4999.999999999765,-0.999999999999953,1,"NY
21-03JST","EURGBP_NY
21-03JST",2022_06
EURGBP,long,2022-02-07 14:50:00,2022-02-07 14:55:00,-64.54816285996043,-0.012909632571992,2,"NY
21-03JST","EURGBP_NY
21-03JST",2022_06
EURGBP,long,2022-02-07 15:00:00,2022-02-07 15:05:00,3669.1312384467137,0.7338262476893428,3,"NY
21-03JST","EURGBP_NY
21-03JST",2022_06
EURGBP,long,2022-02-07 15:05:00,2022-02-07 15:10:00,2777.7777777790525,0.5555555555558105,2,"NY
21-03JST","EURGBP_NY
21-03JST",2022_06
EURGBP,long,2022-02-07 16:15:00,2022-02-07 16:20:00,5574.350904800153,1.1148701809600308,4,"NY
21-03JST","EURGBP_NY
21-03JST",2022_06
EURGBP,long,2022-02-07 16:20:00,2022-02-07 16:25:00,6466.458658345778,1.2932917316691557,3,"NY
21-03JST","EURGBP_NY
21-03JST",2022_06
AUDUSD,short,2022-02-08 06:15:00,2022-02-08 06:20:00,-4999.999999999081,-0.9999999999998164,1,"欧州
15-21JST","AUDUSD_欧州
15-21JST",2022_06
EURGBP,long,2022-02-08 14:35:00,2022-02-08 14:40:00,3171.4876033047994,0.6342975206609599,3,"NY
21-03JST","EURGBP_NY
21-03JST",2022_06
EURGBP,long,2022-02-08 14:55:00,2022-02-08 15:00:00,-5000.000000000611,-1.0000000000001223,1,"NY
21-03JST","EURGBP_NY
21-03JST",2022_06
EURGBP,long,2022-02-08 15:00:00,2022-02-08 15:05:00,-1175.9259259272408,-0.2351851851854481,4,"NY
21-03JST","EURGBP_NY
21-03JST",2022_06
EURGBP,long,2022-02-08 15:05:00,2022-02-08 15:10:00,2945.5909943708984,0.5891181988741797,3,"NY
21-03JST","EURGBP_NY
21-03JST",2022_06
EURGBP,long,2022-02-08 15:25:00,2022-02-08 15:30:00,5585.66433566449,1.117132867132898,4,"NY
21-03JST","EURGBP_NY
21-03JST",2022_06
AUDUSD,long,2022-02-10 13:30:00,2022-02-10 13:35:00,13779.373368144868,2.755874673628974,2,"NY
21-03JST","AUDUSD_NY
21-03JST",2022_06
AUDUSD,long,2022-02-10 13:45:00,2022-02-10 13:50:00,1898.2229402264013,0.3796445880452803,2,"NY
21-03JST","AUDUSD_NY
21-03JST",2022_06
AUDUSD,long,2022-02-10 13:50:00,2022-02-10 13:55:00,-1225.756400309643,-0.2451512800619285,2,"NY
21-03JST","AUDUSD_NY
21-03JST",2022_06
AUDUSD,long,2022-02-10 14:00:00,2022-02-10 14:05:00,12623.033143622164,2.524606628724433,8,"NY
21-03JST","AUDUSD_NY
21-03JST",2022_06
AUDUSD,long,2022-02-10 14:05:00,2022-02-10 14:10:00,12403.565640194993,2.4807131280389987,7,"NY
21-03JST","AUDUSD_NY
21-03JST",2022_06
AUDUSD,long,2022-02-10 14:20:00,2022-02-10 14:25:00,28788.85630498546,5.757771260997092,26,"NY
21-03JST","AUDUSD_NY
21-03JST",2022_06
EURGBP,long,2022-02-10 15:00:00,2022-02-10 15:05:00,8065.250379361921,1.6130500758723842,3,"NY
21-03JST","EURGBP_NY
21-03JST",2022_06
EURGBP,long,2022-02-10 15:25:00,2022-02-10 15:30:00,2689.992475546021,0.5379984951092043,5,"NY
21-03JST","EURGBP_NY
21-03JST",2022_06
EURGBP,long,2022-02-10 17:15:00,2022-02-10 17:20:00,-2930.107526881495,-0.5860215053762989,5,"NY
21-03JST","EURGBP_NY
21-03JST",2022_06
AUDUSD,long,2022-02-10 17:45:00,2022-02-10 17:50:00,3699.551569508085,0.7399103139016171,2,"NY
21-03JST","AUDUSD_NY
21-03JST",2022_06
AUDUSD,long,2022-02-10 17:50:00,2022-02-10 17:55:00,2987.1269748383797,0.5974253949676759,2,"NY
21-03JST","AUDUSD_NY
21-03JST",2022_06
NZDUSD,short,2022-02-10 19:55:00,2022-02-10 20:00:00,-5000.000000000074,-1.0000000000000149,1,"深夜
03-09JST","NZDUSD_深夜
03-09JST",2022_06
NZDUSD,short,2022-02-10 20:00:00,2022-02-10 20:05:00,-4999.999999999929,-0.9999999999999858,1,"深夜
03-09JST","NZDUSD_深夜
03-09JST",2022_06
NZDUSD,short,2022-02-10 20:15:00,2022-02-10 20:20:00,5024.906600249368,1.0049813200498736,6,"深夜
03-09JST","NZDUSD_深夜
03-09JST",2022_06
NZDUSD,short,2022-02-10 20:20:00,2022-02-10 20:25:00,7593.76986649825,1.51875397329965,5,"深夜
03-09JST","NZDUSD_深夜
03-09JST",2022_06
NZDUSD,short,2022-02-10 20:30:00,2022-02-10 20:35:00,3805.340829235449,0.7610681658470898,3,"深夜
03-09JST","NZDUSD_深夜
03-09JST",2022_06
NZDUSD,short,2022-02-10 20:35:00,2022-02-10 20:40:00,2426.523297490756,0.485304659498151,2,"深夜
03-09JST","NZDUSD_深夜
03-09JST",2022_06
NZDUSD,short,2022-02-10 20:40:00,2022-02-10 20:45:00,870.967741936102,0.1741935483872204,2,"深夜
03-09JST","NZDUSD_深夜
03-09JST",2022_06
NZDUSD,short,2022-02-10 20:45:00,2022-02-10 20:50:00,-5000.000000000158,-1.0000000000000318,1,"深夜
03-09JST","NZDUSD_深夜
03-09JST",2022_06
EURGBP,long,2022-02-11 12:30:00,2022-02-11 12:35:00,-2515.8428390381955,-0.5031685678076391,3,"NY
21-03JST","EURGBP_NY
21-03JST",2022_06
EURGBP,long,2022-02-11 12:35:00,2022-02-11 12:40:00,767.7902621717424,0.1535580524343484,4,"NY
21-03JST","EURGBP_NY
21-03JST",2022_06
EURGBP,long,2022-02-11 13:00:00,2022-02-11 13:05:00,2372.986369269723,0.4745972738539446,5,"NY
21-03JST","EURGBP_NY
21-03JST",2022_06
EURGBP,long,2022-02-11 13:05:00,2022-02-11 13:10:00,4557.522123893884,0.9115044247787768,4,"NY
21-03JST","EURGBP_NY
21-03JST",2022_06
EURGBP,long,2022-02-11 13:10:00,2022-02-11 13:15:00,4271.523178805292,0.8543046357610585,3,"NY
21-03JST","EURGBP_NY
21-03JST",2022_06
EURGBP,long,2022-02-11 13:30:00,2022-02-11 13:35:00,-4999.999999999847,-0.9999999999999696,1,"NY
21-03JST","EURGBP_NY
21-03JST",2022_06
EURGBP,long,2022-02-11 13:35:00,2022-02-11 13:40:00,1086.9565217371303,0.217391304347426,2,"NY
21-03JST","EURGBP_NY
21-03JST",2022_06
EURGBP,long,2022-02-11 13:50:00,2022-02-11 13:55:00,-5000.00000000086,-1.000000000000172,1,"NY
21-03JST","EURGBP_NY
21-03JST",2022_06
EURGBP,long,2022-02-11 13:55:00,2022-02-11 14:00:00,4250.317662005862,0.8500635324011724,2,"NY
21-03JST","EURGBP_NY
21-03JST",2022_06
EURJPY,long,2022-02-11 14:25:00,2022-02-11 14:30:00,-5000.000000000156,-1.000000000000031,1,"NY
21-03JST","EURJPY_NY
21-03JST",2022_06
EURJPY,long,2022-02-11 14:35:00,2022-02-11 14:40:00,9591.332967636994,1.9182665935273988,3,"NY
21-03JST","EURJPY_NY
21-03JST",2022_06
EURGBP,long,2022-02-11 14:45:00,2022-02-11 14:50:00,4423.076923077116,0.8846153846154231,2,"NY
21-03JST","EURGBP_NY
21-03JST",2022_06
EURGBP,long,2022-02-11 15:00:00,2022-02-11 15:05:00,-4999.999999999721,-0.9999999999999442,1,"NY
21-03JST","EURGBP_NY
21-03JST",2022_06
EURGBP,long,2022-02-11 15:50:00,2022-02-11 15:55:00,-425.6233877893656,-0.0851246775578731,3,"NY
21-03JST","EURGBP_NY
21-03JST",2022_06
EURGBP,long,2022-02-11 15:55:00,2022-02-11 16:00:00,-3159.4571670914997,-0.6318914334182999,2,"NY
21-03JST","EURGBP_NY
21-03JST",2022_06
EURGBP,long,2022-02-11 16:10:00,2022-02-11 16:15:00,1302.6819923363955,0.2605363984672791,3,"NY
21-03JST","EURGBP_NY
21-03JST",2022_06
NZDUSD,short,2022-02-11 18:35:00,2022-02-11 18:40:00,5474.658085276808,1.0949316170553616,2,"深夜
03-09JST","NZDUSD_深夜
03-09JST",2022_06
NZDUSD,short,2022-02-11 20:20:00,2022-02-11 20:25:00,-2861.688587187132,-0.5723377174374263,4,"深夜
03-09JST","NZDUSD_深夜
03-09JST",2022_06
NZDUSD,short,2022-02-11 20:30:00,2022-02-11 20:35:00,-2020.579981290314,-0.4041159962580627,2,"深夜
03-09JST","NZDUSD_深夜
03-09JST",2022_06
NZDUSD,short,2022-02-11 20:40:00,2022-02-11 20:45:00,-3295.2815829525653,-0.659056316590513,8,"深夜
03-09JST","NZDUSD_深夜
03-09JST",2022_06
GBPJPY,short,2022-02-14 08:00:00,2022-02-14 08:05:00,11321.585903082276,2.2643171806164557,5,"欧州
15-21JST","GBPJPY_欧州
15-21JST",2022_07
GBPJPY,short,2022-02-14 09:05:00,2022-02-14 09:10:00,-2910.1811686650917,-0.5820362337330183,2,"欧州
15-21JST","GBPJPY_欧州
15-21JST",2022_07
GBPJPY,short,2022-02-14 09:15:00,2022-02-14 09:20:00,-5000.000000000496,-1.000000000000099,1,"欧州
15-21JST","GBPJPY_欧州
15-21JST",2022_07
GBPJPY,short,2022-02-14 09:50:00,2022-02-14 09:55:00,-420.3389830512984,-0.0840677966102596,3,"欧州
15-21JST","GBPJPY_欧州
15-21JST",2022_07
GBPJPY,short,2022-02-14 09:55:00,2022-02-14 10:00:00,-3148.677626876922,-0.6297355253753845,2,"欧州
15-21JST","GBPJPY_欧州
15-21JST",2022_07
EURGBP,long,2022-02-14 14:00:00,2022-02-14 14:05:00,1352.8413910092074,0.2705682782018415,5,"NY
21-03JST","EURGBP_NY
21-03JST",2022_07
EURGBP,long,2022-02-14 14:05:00,2022-02-14 14:10:00,4648.972602738749,0.9297945205477496,4,"NY
21-03JST","EURGBP_NY
21-03JST",2022_07
EURGBP,long,2022-02-14 14:10:00,2022-02-14 14:15:00,3448.275862068253,0.6896551724136506,3,"NY
21-03JST","EURGBP_NY
21-03JST",2022_07
EURGBP,long,2022-02-14 15:05:00,2022-02-14 15:10:00,2241.379310342741,0.4482758620685483,3,"NY
21-03JST","EURGBP_NY
21-03JST",2022_07
EURGBP,long,2022-02-14 15:10:00,2022-02-14 15:15:00,1657.0605187318538,0.3314121037463707,2,"NY
21-03JST","EURGBP_NY
21-03JST",2022_07
EURGBP,long,2022-02-14 15:25:00,2022-02-14 15:30:00,-2922.210849538278,-0.5844421699076556,3,"NY
21-03JST","EURGBP_NY
21-03JST",2022_07
EURGBP,long,2022-02-14 15:35:00,2022-02-14 15:40:00,18593.11740890815,3.71862348178163,4,"NY
21-03JST","EURGBP_NY
21-03JST",2022_07
AUDUSD,long,2022-02-15 14:50:00,2022-02-15 14:55:00,16697.11255156239,3.339422510312478,9,"NY
21-03JST","AUDUSD_NY
21-03JST",2022_07
AUDUSD,long,2022-02-15 14:55:00,2022-02-15 15:00:00,20287.95811518359,4.057591623036718,8,"NY
21-03JST","AUDUSD_NY
21-03JST",2022_07
CHFJPY,long,2022-02-15 16:20:00,2022-02-15 16:25:00,1475.570032573025,0.295114006514605,5,"NY
21-03JST","CHFJPY_NY
21-03JST",2022_07
EURGBP,long,2022-02-15 16:55:00,2022-02-15 17:00:00,-390.24390244020657,-0.0780487804880413,5,"NY
21-03JST","EURGBP_NY
21-03JST",2022_07
EURJPY,long,2022-02-16 13:50:00,2022-02-16 13:55:00,-4999.999999999158,-0.9999999999998316,1,"NY
21-03JST","EURJPY_NY
21-03JST",2022_07
EURJPY,long,2022-02-16 14:00:00,2022-02-16 14:05:00,-150.36162923455825,-0.0300723258469116,7,"NY
21-03JST","EURJPY_NY
21-03JST",2022_07
EURJPY,long,2022-02-16 14:10:00,2022-02-16 14:15:00,-697.4604343015473,-0.1394920868603094,5,"NY
21-03JST","EURJPY_NY
21-03JST",2022_07
AUDUSD,long,2022-02-16 14:10:00,2022-02-16 14:15:00,11800.00000000081,2.360000000000162,7,"NY
21-03JST","AUDUSD_NY
21-03JST",2022_07
AUDUSD,long,2022-02-16 14:20:00,2022-02-16 14:25:00,10487.144790258822,2.0974289580517644,5,"NY
21-03JST","AUDUSD_NY
21-03JST",2022_07
EURGBP,long,2022-02-16 14:25:00,2022-02-16 14:30:00,-2484.143763214129,-0.4968287526428258,2,"NY
21-03JST","EURGBP_NY
21-03JST",2022_07
EURJPY,long,2022-02-16 14:25:00,2022-02-16 14:30:00,4806.763285023132,0.9613526570046264,14,"NY
21-03JST","EURJPY_NY
21-03JST",2022_07
EURGBP,long,2022-02-16 14:30:00,2022-02-16 14:35:00,-125.13601741202643,-0.0250272034824052,2,"NY
21-03JST","EURGBP_NY
21-03JST",2022_07
EURJPY,long,2022-02-16 14:30:00,2022-02-16 14:35:00,2978.3896828160505,0.5956779365632101,13,"NY
21-03JST","EURJPY_NY
21-03JST",2022_07
EURGBP,long,2022-02-16 14:40:00,2022-02-16 14:45:00,-4999.999999999411,-0.999999999999882,1,"NY
21-03JST","EURGBP_NY
21-03JST",2022_07
EURJPY,long,2022-02-16 14:40:00,2022-02-16 14:45:00,877.494838266014,0.1754989676532028,11,"NY
21-03JST","EURJPY_NY
21-03JST",2022_07
EURGBP,long,2022-02-16 14:45:00,2022-02-16 14:50:00,1220.6332992856394,0.2441266598571279,2,"NY
21-03JST","EURGBP_NY
21-03JST",2022_07
EURJPY,long,2022-02-16 14:50:00,2022-02-16 14:55:00,3487.8048780479603,0.6975609756095921,9,"NY
21-03JST","EURJPY_NY
21-03JST",2022_07
EURGBP,long,2022-02-16 15:00:00,2022-02-16 15:05:00,500.0000000017333,0.1000000000003466,3,"NY
21-03JST","EURGBP_NY
21-03JST",2022_07
EURJPY,long,2022-02-16 15:10:00,2022-02-16 15:15:00,6130.742049469276,1.226148409893855,4,"NY
21-03JST","EURJPY_NY
21-03JST",2022_07
EURGBP,long,2022-02-16 15:15:00,2022-02-16 15:20:00,2800.5865102651405,0.5601173020530281,3,"NY
21-03JST","EURGBP_NY
21-03JST",2022_07
EURGBP,long,2022-02-16 15:35:00,2022-02-16 15:40:00,57.98394290809717,0.0115967885816194,3,"NY
21-03JST","EURGBP_NY
21-03JST",2022_07
EURGBP,long,2022-02-16 15:40:00,2022-02-16 15:45:00,8109.965635737101,1.6219931271474202,18,"NY
21-03JST","EURGBP_NY
21-03JST",2022_07
EURGBP,long,2022-02-16 15:55:00,2022-02-16 16:00:00,7967.625899279091,1.593525179855818,15,"NY
21-03JST","EURGBP_NY
21-03JST",2022_07
EURGBP,long,2022-02-16 16:05:00,2022-02-16 16:10:00,8250.230840256334,1.6500461680512668,13,"NY
21-03JST","EURGBP_NY
21-03JST",2022_07
GBPJPY,short,2022-02-17 08:25:00,2022-02-17 08:30:00,-1936.857562407679,-0.3873715124815358,2,"欧州
15-21JST","GBPJPY_欧州
15-21JST",2022_07
GBPJPY,short,2022-02-17 09:05:00,2022-02-17 09:10:00,-2069.243156199189,-0.4138486312398378,2,"欧州
15-21JST","GBPJPY_欧州
15-21JST",2022_07
GBPJPY,short,2022-02-17 09:10:00,2022-02-17 09:15:00,-5000.00000000032,-1.000000000000064,1,"欧州
15-21JST","GBPJPY_欧州
15-21JST",2022_07
EURJPY,long,2022-02-17 13:55:00,2022-02-17 14:00:00,18100.26892047566,3.620053784095132,3,"NY
21-03JST","EURJPY_NY
21-03JST",2022_07
EURGBP,long,2022-02-17 14:20:00,2022-02-17 14:25:00,-5000.0000000006585,-1.0000000000001317,1,"NY
21-03JST","EURGBP_NY
21-03JST",2022_07
EURGBP,long,2022-02-17 14:25:00,2022-02-17 14:30:00,-1294.4582299408066,-0.2588916459881613,2,"NY
21-03JST","EURGBP_NY
21-03JST",2022_07
NZDUSD,long,2022-02-17 16:30:00,2022-02-17 16:35:00,-1777.3584905654798,-0.355471698113096,4,"NY
21-03JST","NZDUSD_NY
21-03JST",2022_07
EURJPY,long,2022-02-18 14:05:00,2022-02-18 14:10:00,-3449.1440080564143,-0.6898288016112829,3,"NY
21-03JST","EURJPY_NY
21-03JST",2022_07
CHFJPY,long,2022-02-18 14:30:00,2022-02-18 14:35:00,-1648.1609993081854,-0.3296321998616371,2,"NY
21-03JST","CHFJPY_NY
21-03JST",2022_07
EURJPY,long,2022-02-18 14:35:00,2022-02-18 14:40:00,694.7953511853857,0.1389590702370771,4,"NY
21-03JST","EURJPY_NY
21-03JST",2022_07
CHFJPY,long,2022-02-18 14:35:00,2022-02-18 14:40:00,-4999.999999999906,-0.9999999999999812,1,"NY
21-03JST","CHFJPY_NY
21-03JST",2022_07
AUDUSD,long,2022-02-18 14:40:00,2022-02-18 14:45:00,7796.242774567736,1.5592485549135473,3,"NY
21-03JST","AUDUSD_NY
21-03JST",2022_07
EURJPY,long,2022-02-18 14:40:00,2022-02-18 14:45:00,3909.090909088646,0.7818181818177292,3,"NY
21-03JST","EURJPY_NY
21-03JST",2022_07
NZDUSD,long,2022-02-18 15:45:00,2022-02-18 15:50:00,-4999.999999999583,-0.9999999999999164,1,"NY
21-03JST","NZDUSD_NY
21-03JST",2022_07
AUDUSD,long,2022-02-18 15:45:00,2022-02-18 15:50:00,-5000.0,-1.0,1,"NY
21-03JST","AUDUSD_NY
21-03JST",2022_07
AUDUSD,long,2022-02-18 15:50:00,2022-02-18 15:55:00,-4999.99999999979,-0.999999999999958,1,"NY
21-03JST","AUDUSD_NY
21-03JST",2022_07
NZDUSD,long,2022-02-18 15:55:00,2022-02-18 16:00:00,-5000.0,-1.0,1,"NY
21-03JST","NZDUSD_NY
21-03JST",2022_07
AUDUSD,long,2022-02-18 15:55:00,2022-02-18 16:00:00,-5000.0,-1.0,1,"NY
21-03JST","AUDUSD_NY
21-03JST",2022_07
AUDUSD,long,2022-02-18 17:20:00,2022-02-18 17:25:00,-5000.000000000499,-1.0000000000001,1,"NY
21-03JST","AUDUSD_NY
21-03JST",2022_07
AUDUSD,long,2022-02-18 17:25:00,2022-02-18 17:30:00,-5000.000000000516,-1.000000000000103,1,"NY
21-03JST","AUDUSD_NY
21-03JST",2022_07
AUDUSD,long,2022-02-18 17:30:00,2022-02-18 17:35:00,-1769.2307692292625,-0.3538461538458525,2,"NY
21-03JST","AUDUSD_NY
21-03JST",2022_07
AUDUSD,long,2022-02-18 17:35:00,2022-02-18 17:40:00,25583.115752827023,5.116623150565404,23,"NY
21-03JST","AUDUSD_NY
21-03JST",2022_07
EURJPY,long,2022-02-18 17:55:00,2022-02-18 18:00:00,-317.46031745732006,-0.063492063491464,6,"NY
21-03JST","EURJPY_NY
21-03JST",2022_07
EURGBP,long,2022-02-18 17:55:00,2022-02-18 18:00:00,-574.712643674956,-0.1149425287349912,3,"NY
21-03JST","EURGBP_NY
21-03JST",2022_07
EURGBP,long,2022-02-22 16:15:00,2022-02-22 16:20:00,-1974.0634005765817,-0.3948126801153163,8,"NY
21-03JST","EURGBP_NY
21-03JST",2022_08
EURJPY,long,2022-02-22 16:15:00,2022-02-22 16:20:00,-946.9240048253606,-0.1893848009650721,2,"NY
21-03JST","EURJPY_NY
21-03JST",2022_08
EURJPY,long,2022-02-22 16:25:00,2022-02-22 16:30:00,5047.846889951589,1.009569377990318,5,"NY
21-03JST","EURJPY_NY
21-03JST",2022_08
EURGBP,long,2022-02-22 16:30:00,2022-02-22 16:35:00,-2389.380530973527,-0.4778761061947054,5,"NY
21-03JST","EURGBP_NY
21-03JST",2022_08
EURJPY,long,2022-02-22 16:45:00,2022-02-22 16:50:00,-5000.00000000058,-1.000000000000116,1,"NY
21-03JST","EURJPY_NY
21-03JST",2022_08
EURGBP,long,2022-02-22 16:45:00,2022-02-22 16:50:00,-5000.000000000378,-1.0000000000000755,2,"NY
21-03JST","EURGBP_NY
21-03JST",2022_08
CHFJPY,long,2022-02-22 16:55:00,2022-02-22 17:00:00,-2015.0150150150016,-0.4030030030030003,9,"NY
21-03JST","CHFJPY_NY
21-03JST",2022_08
EURGBP,long,2022-02-22 16:55:00,2022-02-22 17:00:00,-5000.0000000003065,-1.0000000000000613,4,"NY
21-03JST","EURGBP_NY
21-03JST",2022_08
EURGBP,long,2022-02-22 17:00:00,2022-02-22 17:05:00,-3237.7622377636244,-0.6475524475527249,3,"NY
21-03JST","EURGBP_NY
21-03JST",2022_08
EURGBP,long,2022-02-22 17:05:00,2022-02-22 17:10:00,-5000.000000000695,-1.000000000000139,1,"NY
21-03JST","EURGBP_NY
21-03JST",2022_08
EURGBP,long,2022-02-22 17:10:00,2022-02-22 17:15:00,-4999.999999999599,-0.9999999999999196,1,"NY
21-03JST","EURGBP_NY
21-03JST",2022_08
CHFJPY,long,2022-02-22 17:10:00,2022-02-22 17:15:00,-2703.2065622676687,-0.5406413124535338,5,"NY
21-03JST","CHFJPY_NY
21-03JST",2022_08
EURJPY,long,2022-02-22 17:10:00,2022-02-22 17:15:00,-5000.000000000547,-1.0000000000001092,1,"NY
21-03JST","EURJPY_NY
21-03JST",2022_08
EURGBP,long,2022-02-22 17:15:00,2022-02-22 17:20:00,-266.9039145922626,-0.0533807829184525,5,"NY
21-03JST","EURGBP_NY
21-03JST",2022_08
EURJPY,long,2022-02-22 17:40:00,2022-02-22 17:45:00,-237.4839537871292,-0.0474967907574258,6,"NY
21-03JST","EURJPY_NY
21-03JST",2022_08
NZDJPY,short,2022-02-25 08:55:00,2022-02-25 09:00:00,-2706.6748315991845,-0.5413349663198369,6,"欧州
15-21JST","NZDJPY_欧州
15-21JST",2022_08
AUDUSD,long,2022-02-25 17:40:00,2022-02-25 17:45:00,3741.3280475696783,0.7482656095139356,5,"NY
21-03JST","AUDUSD_NY
21-03JST",2022_08
AUDUSD,long,2022-02-25 17:45:00,2022-02-25 17:50:00,4899.699097291332,0.9799398194582664,4,"NY
21-03JST","AUDUSD_NY
21-03JST",2022_08
AUDUSD,long,2022-02-25 17:50:00,2022-02-25 17:55:00,4060.542797494204,0.8121085594988408,3,"NY
21-03JST","AUDUSD_NY
21-03JST",2022_08
AUDUSD,long,2022-02-25 17:55:00,2022-02-25 18:00:00,12789.256198348496,2.557851239669699,7,"NY
21-03JST","AUDUSD_NY
21-03JST",2022_08
CHFJPY,long,2022-02-28 12:55:00,2022-02-28 13:00:00,-5000.000000000596,-1.0000000000001192,1,"NY
21-03JST","CHFJPY_NY
21-03JST",2022_09
EURGBP,long,2022-02-28 13:00:00,2022-02-28 13:05:00,-3124.610591900845,-0.6249221183801691,3,"NY
21-03JST","EURGBP_NY
21-03JST",2022_09
EURGBP,long,2022-02-28 13:05:00,2022-02-28 13:10:00,-3914.362778152376,-0.7828725556304752,2,"NY
21-03JST","EURGBP_NY
21-03JST",2022_09
EURGBP,long,2022-02-28 13:10:00,2022-02-28 13:15:00,-5000.000000000465,-1.000000000000093,1,"NY
21-03JST","EURGBP_NY
21-03JST",2022_09
EURGBP,long,2022-02-28 13:15:00,2022-02-28 13:20:00,-4999.99999999969,-0.999999999999938,1,"NY
21-03JST","EURGBP_NY
21-03JST",2022_09
CHFJPY,long,2022-02-28 13:20:00,2022-02-28 13:25:00,31559.503666105367,6.311900733221074,4,"NY
21-03JST","CHFJPY_NY
21-03JST",2022_09
EURGBP,long,2022-02-28 13:20:00,2022-02-28 13:25:00,12416.723317470229,2.4833446634940457,6,"NY
21-03JST","EURGBP_NY
21-03JST",2022_09
EURGBP,long,2022-02-28 13:25:00,2022-02-28 13:30:00,13240.429818669443,2.648085963733889,5,"NY
21-03JST","EURGBP_NY
21-03JST",2022_09
EURGBP,long,2022-02-28 17:00:00,2022-02-28 17:05:00,1760.647870425998,0.3521295740851996,3,"NY
21-03JST","EURGBP_NY
21-03JST",2022_09
EURAUD,long,2022-02-28 18:00:00,2022-02-28 18:05:00,3768.514600084196,0.7537029200168393,10,"深夜
03-09JST","EURAUD_深夜
03-09JST",2022_09
EURAUD,long,2022-02-28 18:25:00,2022-02-28 18:30:00,-1150.7936507941924,-0.2301587301588384,4,"深夜
03-09JST","EURAUD_深夜
03-09JST",2022_09
EURAUD,long,2022-02-28 21:05:00,2022-02-28 21:10:00,7493.556701030313,1.4987113402060626,6,"深夜
03-09JST","EURAUD_深夜
03-09JST",2022_09
NZDJPY,short,2022-03-01 09:45:00,2022-03-01 09:50:00,16225.114854516813,3.2450229709033627,5,"欧州
15-21JST","NZDJPY_欧州
15-21JST",2022_09
NZDJPY,short,2022-03-01 09:50:00,2022-03-01 09:55:00,7405.063291138985,1.481012658227797,4,"欧州
15-21JST","NZDJPY_欧州
15-21JST",2022_09
NZDJPY,short,2022-03-01 10:10:00,2022-03-01 10:15:00,-4999.999999999354,-0.9999999999998708,1,"欧州
15-21JST","NZDJPY_欧州
15-21JST",2022_09
NZDJPY,short,2022-03-01 10:30:00,2022-03-01 10:35:00,-3267.100977199705,-0.653420195439941,2,"欧州
15-21JST","NZDJPY_欧州
15-21JST",2022_09
NZDJPY,short,2022-03-01 10:35:00,2022-03-01 10:40:00,-4999.999999999543,-0.9999999999999084,1,"欧州
15-21JST","NZDJPY_欧州
15-21JST",2022_09
EURGBP,long,2022-03-01 12:30:00,2022-03-01 12:35:00,-3731.665228644403,-0.7463330457288806,3,"NY
21-03JST","EURGBP_NY
21-03JST",2022_09
EURGBP,long,2022-03-01 12:50:00,2022-03-01 12:55:00,-105.36398467395404,-0.0210727969347908,2,"NY
21-03JST","EURGBP_NY
21-03JST",2022_09
EURGBP,long,2022-03-01 14:30:00,2022-03-01 14:35:00,3242.8702851889548,0.6485740570377909,2,"NY
21-03JST","EURGBP_NY
21-03JST",2022_09
CHFJPY,long,2022-03-01 15:35:00,2022-03-01 15:40:00,-4999.999999999606,-0.9999999999999212,1,"NY
21-03JST","CHFJPY_NY
21-03JST",2022_09
CHFJPY,long,2022-03-01 15:40:00,2022-03-01 15:45:00,1070.663811563584,0.2141327623127168,2,"NY
21-03JST","CHFJPY_NY
21-03JST",2022_09
CHFJPY,long,2022-03-01 15:45:00,2022-03-01 15:50:00,3684.771033013417,0.7369542066026835,9,"NY
21-03JST","CHFJPY_NY
21-03JST",2022_09
NZDUSD,long,2022-03-01 15:50:00,2022-03-01 15:55:00,-2279.4571252311216,-0.4558914250462243,2,"NY
21-03JST","NZDUSD_NY
21-03JST",2022_09
CHFJPY,long,2022-03-01 15:55:00,2022-03-01 16:00:00,1411.1498257833125,0.2822299651566625,7,"NY
21-03JST","CHFJPY_NY
21-03JST",2022_09
AUDUSD,long,2022-03-01 16:00:00,2022-03-01 16:05:00,-2833.427124366845,-0.566685424873369,5,"NY
21-03JST","AUDUSD_NY
21-03JST",2022_09
NZDUSD,long,2022-03-01 16:15:00,2022-03-01 16:20:00,-4909.149902660808,-0.9818299805321616,5,"NY
21-03JST","NZDUSD_NY
21-03JST",2022_09
AUDUSD,long,2022-03-01 16:25:00,2022-03-01 16:30:00,-4952.542372881498,-0.9905084745762996,3,"NY
21-03JST","AUDUSD_NY
21-03JST",2022_09
NZDUSD,long,2022-03-01 16:25:00,2022-03-01 16:30:00,-4595.6678700367365,-0.9191335740073472,3,"NY
21-03JST","NZDUSD_NY
21-03JST",2022_09
AUDUSD,long,2022-03-01 16:30:00,2022-03-01 16:35:00,-1449.6230294719876,-0.2899246058943975,2,"NY
21-03JST","AUDUSD_NY
21-03JST",2022_09
NZDUSD,long,2022-03-01 16:30:00,2022-03-01 16:35:00,-2287.234042552849,-0.4574468085105698,2,"NY
21-03JST","NZDUSD_NY
21-03JST",2022_09
CHFJPY,long,2022-03-01 16:35:00,2022-03-01 16:40:00,8880.597014924138,1.7761194029848275,5,"NY
21-03JST","CHFJPY_NY
21-03JST",2022_09
AUDUSD,long,2022-03-01 16:40:00,2022-03-01 16:45:00,-4999.999999999842,-0.9999999999999684,2,"NY
21-03JST","AUDUSD_NY
21-03JST",2022_09
NZDUSD,long,2022-03-01 16:40:00,2022-03-01 16:45:00,-5000.00000000027,-1.000000000000054,2,"NY
21-03JST","NZDUSD_NY
21-03JST",2022_09
NZDUSD,long,2022-03-01 16:45:00,2022-03-01 16:50:00,-5000.000000000272,-1.0000000000000544,1,"NY
21-03JST","NZDUSD_NY
21-03JST",2022_09
AUDUSD,long,2022-03-01 16:45:00,2022-03-01 16:50:00,-5000.000000000325,-1.0000000000000648,1,"NY
21-03JST","AUDUSD_NY
21-03JST",2022_09
NZDUSD,long,2022-03-01 16:50:00,2022-03-01 16:55:00,-2571.9120135369885,-0.5143824027073977,2,"NY
21-03JST","NZDUSD_NY
21-03JST",2022_09
AUDUSD,long,2022-03-01 16:50:00,2022-03-01 16:55:00,-4690.036900368862,-0.9380073800737724,2,"NY
21-03JST","AUDUSD_NY
21-03JST",2022_09
NZDUSD,long,2022-03-01 16:55:00,2022-03-01 17:00:00,-4999.999999999576,-0.9999999999999152,1,"NY
21-03JST","NZDUSD_NY
21-03JST",2022_09
AUDUSD,long,2022-03-01 16:55:00,2022-03-01 17:00:00,-3401.3050570960286,-0.6802610114192057,2,"NY
21-03JST","AUDUSD_NY
21-03JST",2022_09
AUDUSD,long,2022-03-01 17:05:00,2022-03-01 17:10:00,3275.862068965263,0.6551724137930526,3,"NY
21-03JST","AUDUSD_NY
21-03JST",2022_09
NZDUSD,long,2022-03-01 17:05:00,2022-03-01 17:10:00,7317.8807946993375,1.4635761589398677,3,"NY
21-03JST","NZDUSD_NY
21-03JST",2022_09
CHFJPY,long,2022-03-01 17:20:00,2022-03-01 17:25:00,4440.298507462937,0.8880597014925874,5,"NY
21-03JST","CHFJPY_NY
21-03JST",2022_09
NZDUSD,long,2022-03-01 17:25:00,2022-03-01 17:30:00,9827.272727269989,1.9654545454539971,2,"NY
21-03JST","NZDUSD_NY
21-03JST",2022_09
AUDUSD,long,2022-03-01 17:25:00,2022-03-01 17:30:00,5837.282780409993,1.1674565560819987,2,"NY
21-03JST","AUDUSD_NY
21-03JST",2022_09
AUDUSD,long,2022-03-01 17:30:00,2022-03-01 17:35:00,5544.369873227939,1.1088739746455878,3,"NY
21-03JST","AUDUSD_NY
21-03JST",2022_09
EURGBP,long,2022-03-02 13:20:00,2022-03-02 13:25:00,-3439.02439024372,-0.6878048780487439,3,"NY
21-03JST","EURGBP_NY
21-03JST",2022_09
NZDUSD,long,2022-03-02 15:30:00,2022-03-02 15:35:00,-4999.999999999813,-0.9999999999999624,1,"NY
21-03JST","NZDUSD_NY
21-03JST",2022_09
NZDUSD,long,2022-03-02 15:40:00,2022-03-02 15:45:00,-4401.389631213226,-0.8802779262426451,2,"NY
21-03JST","NZDUSD_NY
21-03JST",2022_09
CHFJPY,long,2022-03-02 15:45:00,2022-03-02 15:50:00,18872.2093918375,3.7744418783675,10,"NY
21-03JST","CHFJPY_NY
21-03JST",2022_09
NZDUSD,long,2022-03-02 15:45:00,2022-03-02 15:50:00,21051.779935272807,4.2103559870545615,9,"NY
21-03JST","NZDUSD_NY
21-03JST",2022_09
NZDUSD,long,2022-03-02 15:50:00,2022-03-02 15:55:00,22159.855147437265,4.431971029487453,8,"NY
21-03JST","NZDUSD_NY
21-03JST",2022_09
AUDUSD,long,2022-03-02 15:50:00,2022-03-02 15:55:00,21269.384138236524,4.2538768276473045,8,"NY
21-03JST","AUDUSD_NY
21-03JST",2022_09
NZDUSD,long,2022-03-02 15:55:00,2022-03-02 16:00:00,20887.4680306888,4.17749360613776,7,"NY
21-03JST","NZDUSD_NY
21-03JST",2022_09
AUDUSD,long,2022-03-02 15:55:00,2022-03-02 16:00:00,19236.691597007964,3.847338319401593,7,"NY
21-03JST","AUDUSD_NY
21-03JST",2022_09
EURGBP,long,2022-03-02 16:55:00,2022-03-02 23:00:00,-3320.790216368964,-0.6641580432737927,27,"NY
21-03JST","EURGBP_NY
21-03JST",2022_09
EURAUD,long,2022-03-02 23:00:00,2022-03-02 23:05:00,-4619.668568323988,-0.9239337136647976,13,"深夜
03-09JST","EURAUD_深夜
03-09JST",2022_09
EURAUD,long,2022-03-02 23:10:00,2022-03-02 23:15:00,-2951.734539968568,-0.5903469079937135,10,"深夜
03-09JST","EURAUD_深夜
03-09JST",2022_09
EURAUD,long,2022-03-02 23:15:00,2022-03-02 23:20:00,-2049.386599560004,-0.4098773199120008,9,"深夜
03-09JST","EURAUD_深夜
03-09JST",2022_09
EURAUD,long,2022-03-02 23:55:00,2022-03-03 00:00:00,-4954.780361757529,-0.9909560723515058,2,"深夜
03-09JST","EURAUD_深夜
03-09JST",2022_09
NZDJPY,short,2022-03-03 09:25:00,2022-03-03 09:30:00,-5000.000000000657,-1.0000000000001312,1,"欧州
15-21JST","NZDJPY_欧州
15-21JST",2022_09
EURGBP,long,2022-03-03 13:25:00,2022-03-03 13:30:00,2793.24055665748,0.558648111331496,3,"NY
21-03JST","EURGBP_NY
21-03JST",2022_09
EURGBP,long,2022-03-03 13:45:00,2022-03-03 13:50:00,6843.276936775668,1.3686553873551337,2,"NY
21-03JST","EURGBP_NY
21-03JST",2022_09
NZDUSD,long,2022-03-03 16:10:00,2022-03-03 16:15:00,9507.042253519692,1.9014084507039384,6,"NY
21-03JST","NZDUSD_NY
21-03JST",2022_09
AUDUSD,long,2022-03-03 16:10:00,2022-03-03 16:15:00,10279.778393352282,2.0559556786704563,6,"NY
21-03JST","AUDUSD_NY
21-03JST",2022_09
NZDUSD,long,2022-03-03 16:15:00,2022-03-03 16:20:00,6139.4891944981855,1.227897838899637,5,"NY
21-03JST","NZDUSD_NY
21-03JST",2022_09
CHFJPY,long,2022-03-03 16:15:00,2022-03-03 16:20:00,3623.7113402055775,0.7247422680411156,4,"NY
21-03JST","CHFJPY_NY
21-03JST",2022_09
AUDUSD,long,2022-03-03 16:35:00,2022-03-03 16:40:00,-3090.56192034808,-0.6181123840696159,2,"NY
21-03JST","AUDUSD_NY
21-03JST",2022_09
AUDUSD,long,2022-03-03 16:45:00,2022-03-03 16:50:00,1493.7106918246434,0.2987421383649287,6,"NY
21-03JST","AUDUSD_NY
21-03JST",2022_09
AUDUSD,long,2022-03-03 16:50:00,2022-03-03 16:55:00,421.2454212449382,0.0842490842489876,5,"NY
21-03JST","AUDUSD_NY
21-03JST",2022_09
NZDUSD,long,2022-03-03 16:55:00,2022-03-03 17:00:00,1389.0739507005003,0.2778147901401001,4,"NY
21-03JST","NZDUSD_NY
21-03JST",2022_09
AUDUSD,long,2022-03-03 16:55:00,2022-03-03 17:00:00,-35.97122302181956,-0.0071942446043639,4,"NY
21-03JST","AUDUSD_NY
21-03JST",2022_09
NZDUSD,long,2022-03-03 17:15:00,2022-03-03 17:20:00,-5000.000000000311,-1.0000000000000622,1,"NY
21-03JST","NZDUSD_NY
21-03JST",2022_09
AUDUSD,long,2022-03-03 17:15:00,2022-03-03 17:20:00,-5000.000000000304,-1.0000000000000608,1,"NY
21-03JST","AUDUSD_NY
21-03JST",2022_09
AUDUSD,long,2022-03-03 17:20:00,2022-03-03 17:25:00,10746.773202212797,2.149354640442559,2,"NY
21-03JST","AUDUSD_NY
21-03JST",2022_09
NZDUSD,long,2022-03-03 17:20:00,2022-03-03 17:25:00,-5000.000000000329,-1.000000000000066,1,"NY
21-03JST","NZDUSD_NY
21-03JST",2022_09
AUDUSD,long,2022-03-03 17:25:00,2022-03-03 17:30:00,9736.842105263002,1.9473684210526003,2,"NY
21-03JST","AUDUSD_NY
21-03JST",2022_09
NZDUSD,long,2022-03-03 17:25:00,2022-03-03 17:30:00,10813.253012046987,2.1626506024093977,2,"NY
21-03JST","NZDUSD_NY
21-03JST",2022_09
EURAUD,long,2022-03-03 18:55:00,2022-03-03 19:00:00,570.8195168158862,0.1141639033631772,3,"深夜
03-09JST","EURAUD_深夜
03-09JST",2022_09
EURGBP,long,2022-03-04 12:05:00,2022-03-04 12:10:00,-4999.999999999472,-0.9999999999998944,1,"NY
21-03JST","EURGBP_NY
21-03JST",2022_09
EURGBP,long,2022-03-04 12:15:00,2022-03-04 12:20:00,345.71723426464456,0.0691434468529289,3,"NY
21-03JST","EURGBP_NY
21-03JST",2022_09
NZDUSD,long,2022-03-04 12:40:00,2022-03-04 12:45:00,-4999.999999999513,-0.9999999999999026,1,"NY
21-03JST","NZDUSD_NY
21-03JST",2022_09
NZDUSD,long,2022-03-04 12:50:00,2022-03-04 12:55:00,2305.6443024506925,0.4611288604901385,4,"NY
21-03JST","NZDUSD_NY
21-03JST",2022_09
NZDUSD,long,2022-03-04 12:55:00,2022-03-04 13:00:00,6798.56115107847,1.359712230215694,3,"NY
21-03JST","NZDUSD_NY
21-03JST",2022_09
EURGBP,long,2022-03-04 12:55:00,2022-03-04 13:00:00,-5000.0,-1.0,1,"NY
21-03JST","EURGBP_NY
21-03JST",2022_09
EURGBP,long,2022-03-04 13:25:00,2022-03-04 13:30:00,-5000.000000000319,-1.000000000000064,1,"NY
21-03JST","EURGBP_NY
21-03JST",2022_09
EURGBP,long,2022-03-04 13:35:00,2022-03-04 13:40:00,2042.467138524444,0.4084934277048887,5,"NY
21-03JST","EURGBP_NY
21-03JST",2022_09
EURGBP,long,2022-03-04 13:40:00,2022-03-04 13:45:00,31.568722682414148,0.0063137445364828,4,"NY
21-03JST","EURGBP_NY
21-03JST",2022_09
EURGBP,long,2022-03-04 13:50:00,2022-03-04 13:55:00,5610.10486177331,1.122020972354662,10,"NY
21-03JST","EURGBP_NY
21-03JST",2022_09
EURGBP,long,2022-03-04 14:05:00,2022-03-04 14:10:00,5813.840155946147,1.1627680311892294,7,"NY
21-03JST","EURGBP_NY
21-03JST",2022_09
CHFJPY,long,2022-03-04 14:05:00,2022-03-04 14:10:00,-1060.6060606067606,-0.2121212121213521,2,"NY
21-03JST","CHFJPY_NY
21-03JST",2022_09
CHFJPY,long,2022-03-04 14:20:00,2022-03-04 14:25:00,4072.9613733897295,0.814592274677946,3,"NY
21-03JST","CHFJPY_NY
21-03JST",2022_09
CHFJPY,long,2022-03-04 14:45:00,2022-03-04 14:50:00,-5000.0,-1.0,1,"NY
21-03JST","CHFJPY_NY
21-03JST",2022_09
CHFJPY,long,2022-03-04 14:50:00,2022-03-04 14:55:00,-5000.000000000114,-1.0000000000000226,1,"NY
21-03JST","CHFJPY_NY
21-03JST",2022_09
CHFJPY,long,2022-03-04 14:55:00,2022-03-04 15:00:00,-5000.000000000167,-1.0000000000000335,1,"NY
21-03JST","CHFJPY_NY
21-03JST",2022_09
CHFJPY,long,2022-03-04 15:00:00,2022-03-04 15:05:00,-4999.999999999838,-0.9999999999999676,1,"NY
21-03JST","CHFJPY_NY
21-03JST",2022_09
CHFJPY,long,2022-03-04 15:10:00,2022-03-04 15:15:00,3161.314984709456,0.6322629969418911,2,"NY
21-03JST","CHFJPY_NY
21-03JST",2022_09
CHFJPY,long,2022-03-04 15:15:00,2022-03-04 15:20:00,-2040.39260098162,-0.4080785201963239,2,"NY
21-03JST","CHFJPY_NY
21-03JST",2022_09
CHFJPY,long,2022-03-04 15:30:00,2022-03-04 15:35:00,-4164.392905866817,-0.8328785811733634,2,"NY
21-03JST","CHFJPY_NY
21-03JST",2022_09
CHFJPY,long,2022-03-04 15:50:00,2022-03-04 15:55:00,-4999.99999999966,-0.999999999999932,1,"NY
21-03JST","CHFJPY_NY
21-03JST",2022_09
CHFJPY,long,2022-03-04 15:55:00,2022-03-04 16:00:00,-4456.815114710177,-0.8913630229420354,4,"NY
21-03JST","CHFJPY_NY
21-03JST",2022_09
CHFJPY,long,2022-03-04 16:05:00,2022-03-04 16:10:00,-3166.1496035859464,-0.6332299207171893,5,"NY
21-03JST","CHFJPY_NY
21-03JST",2022_09
CHFJPY,long,2022-03-04 16:10:00,2022-03-04 16:15:00,-2797.927461138649,-0.5595854922277298,8,"NY
21-03JST","CHFJPY_NY
21-03JST",2022_09
CHFJPY,long,2022-03-04 16:20:00,2022-03-04 16:25:00,423.322683706632,0.0846645367413263,6,"NY
21-03JST","CHFJPY_NY
21-03JST",2022_09
CHFJPY,long,2022-03-04 16:25:00,2022-03-04 16:30:00,726.7441860467064,0.1453488372093412,5,"NY
21-03JST","CHFJPY_NY
21-03JST",2022_09
CHFJPY,long,2022-03-04 16:35:00,2022-03-04 16:40:00,-849.9305233901325,-0.1699861046780265,3,"NY
21-03JST","CHFJPY_NY
21-03JST",2022_09
EURAUD,long,2022-03-04 18:05:00,2022-03-04 18:10:00,-1051.2820512802173,-0.2102564102560434,3,"深夜
03-09JST","EURAUD_深夜
03-09JST",2022_09
EURAUD,long,2022-03-04 18:10:00,2022-03-04 18:15:00,-2799.401197605168,-0.5598802395210336,3,"深夜
03-09JST","EURAUD_深夜
03-09JST",2022_09
EURAUD,long,2022-03-04 18:25:00,2022-03-04 18:30:00,6946.564885498034,1.3893129770996069,9,"深夜
03-09JST","EURAUD_深夜
03-09JST",2022_09
EURAUD,long,2022-03-04 18:30:00,2022-03-04 18:35:00,10534.658785599944,2.106931757119989,8,"深夜
03-09JST","EURAUD_深夜
03-09JST",2022_09
AUDNZD,long,2022-03-07 06:05:00,2022-03-07 06:10:00,-5000.000000000231,-1.0000000000000462,1,"欧州
15-21JST","AUDNZD_欧州
15-21JST",2022_10
AUDNZD,long,2022-03-07 06:15:00,2022-03-07 06:20:00,8986.804901036254,1.7973609802072508,7,"欧州
15-21JST","AUDNZD_欧州
15-21JST",2022_10
AUDNZD,long,2022-03-07 06:20:00,2022-03-07 06:25:00,10156.695156696813,2.0313390313393627,6,"欧州
15-21JST","AUDNZD_欧州
15-21JST",2022_10
AUDNZD,long,2022-03-07 06:25:00,2022-03-07 06:30:00,10909.090909089831,2.1818181818179667,5,"欧州
15-21JST","AUDNZD_欧州
15-21JST",2022_10
NZDJPY,short,2022-03-07 10:05:00,2022-03-07 10:10:00,237.81902552301383,0.0475638051046027,6,"欧州
15-21JST","NZDJPY_欧州
15-21JST",2022_10
EURJPY,short,2022-03-07 10:05:00,2022-03-07 10:10:00,17855.99679101489,3.5711993582029784,5,"欧州
15-21JST","EURJPY_欧州
15-21JST",2022_10
NZDJPY,short,2022-03-07 10:10:00,2022-03-07 10:15:00,1181.4859926923111,0.2362971985384622,4,"欧州
15-21JST","NZDJPY_欧州
15-21JST",2022_10
EURJPY,short,2022-03-07 10:10:00,2022-03-07 10:15:00,12411.992263056469,2.4823984526112937,4,"欧州
15-21JST","EURJPY_欧州
15-21JST",2022_10
EURGBP,long,2022-03-07 10:15:00,2022-03-07 10:20:00,-5000.000000000345,-1.0000000000000688,1,"欧州
15-21JST","EURGBP_欧州
15-21JST",2022_10
NZDJPY,short,2022-03-07 10:15:00,2022-03-07 10:20:00,317.61624099423034,0.063523248198846,3,"欧州
15-21JST","NZDJPY_欧州
15-21JST",2022_10
EURJPY,short,2022-03-07 10:15:00,2022-03-07 10:20:00,10600.495253817471,2.120099050763494,3,"欧州
15-21JST","EURJPY_欧州
15-21JST",2022_10
EURGBP,long,2022-03-07 10:20:00,2022-03-07 10:25:00,7503.144654087827,1.500628930817565,7,"欧州
15-21JST","EURGBP_欧州
15-21JST",2022_10
EURGBP,long,2022-03-07 10:25:00,2022-03-07 10:30:00,10182.849936946972,2.0365699873893943,6,"欧州
15-21JST","EURGBP_欧州
15-21JST",2022_10
EURJPY,short,2022-03-07 10:25:00,2022-03-07 10:30:00,232.604373757265,0.046520874751453,2,"欧州
15-21JST","EURJPY_欧州
15-21JST",2022_10
NZDJPY,short,2022-03-07 10:25:00,2022-03-07 10:30:00,-2215.6315422190564,-0.4431263084438113,2,"欧州
15-21JST","NZDJPY_欧州
15-21JST",2022_10
NZDJPY,short,2022-03-07 10:30:00,2022-03-07 10:35:00,-4999.999999999701,-0.9999999999999402,1,"欧州
15-21JST","NZDJPY_欧州
15-21JST",2022_10
EURGBP,long,2022-03-07 10:30:00,2022-03-07 10:35:00,8174.404015054843,1.6348808030109685,5,"欧州
15-21JST","EURGBP_欧州
15-21JST",2022_10
EURJPY,short,2022-03-07 10:30:00,2022-03-07 10:35:00,-5000.0,-1.0,1,"欧州
15-21JST","EURJPY_欧州
15-21JST",2022_10
NZDJPY,short,2022-03-07 10:35:00,2022-03-07 10:40:00,-5000.0000000006,-1.00000000000012,1,"欧州
15-21JST","NZDJPY_欧州
15-21JST",2022_10
EURJPY,short,2022-03-07 11:15:00,2022-03-07 11:20:00,-3787.557440790898,-0.7575114881581796,4,"欧州
15-21JST","EURJPY_欧州
15-21JST",2022_10
EURGBP,long,2022-03-07 11:20:00,2022-03-07 11:25:00,876.082611594019,0.1752165223188038,4,"欧州
15-21JST","EURGBP_欧州
15-21JST",2022_10
EURGBP,long,2022-03-07 11:40:00,2022-03-07 11:45:00,10996.180776575462,2.1992361553150923,4,"欧州
15-21JST","EURGBP_欧州
15-21JST",2022_10
EURGBP,long,2022-03-07 11:45:00,2022-03-07 11:50:00,9653.272845106683,1.930654569021337,3,"欧州
15-21JST","EURGBP_欧州
15-21JST",2022_10
AUDUSD,long,2022-03-07 13:10:00,2022-03-07 13:15:00,-387.5968992242777,-0.0775193798448555,2,"NY
21-03JST","AUDUSD_NY
21-03JST",2022_10
AUDUSD,long,2022-03-07 13:20:00,2022-03-07 13:25:00,-1461.7873028714807,-0.2923574605742961,3,"NY
21-03JST","AUDUSD_NY
21-03JST",2022_10
AUDUSD,long,2022-03-07 13:35:00,2022-03-07 13:40:00,-5000.000000000186,-1.0000000000000373,1,"NY
21-03JST","AUDUSD_NY
21-03JST",2022_10
AUDUSD,long,2022-03-07 13:40:00,2022-03-07 13:45:00,-3125.000000000322,-0.6250000000000644,2,"NY
21-03JST","AUDUSD_NY
21-03JST",2022_10
AUDUSD,long,2022-03-07 13:45:00,2022-03-07 13:50:00,-5000.0000000001,-1.00000000000002,1,"NY
21-03JST","AUDUSD_NY
21-03JST",2022_10
AUDUSD,long,2022-03-07 13:50:00,2022-03-07 13:55:00,-4999.999999999643,-0.9999999999999284,1,"NY
21-03JST","AUDUSD_NY
21-03JST",2022_10
AUDUSD,long,2022-03-07 13:55:00,2022-03-07 14:00:00,-3191.6392672614998,-0.6383278534522998,2,"NY
21-03JST","AUDUSD_NY
21-03JST",2022_10
NZDUSD,long,2022-03-07 13:55:00,2022-03-07 14:00:00,-5000.0000000003365,-1.0000000000000673,1,"NY
21-03JST","NZDUSD_NY
21-03JST",2022_10
AUDUSD,long,2022-03-07 14:00:00,2022-03-07 14:05:00,-4999.999999999785,-0.999999999999957,1,"NY
21-03JST","AUDUSD_NY
21-03JST",2022_10
NZDUSD,long,2022-03-07 14:00:00,2022-03-07 14:05:00,-2205.7318321386274,-0.4411463664277255,5,"NY
21-03JST","NZDUSD_NY
21-03JST",2022_10
NZDUSD,long,2022-03-07 14:10:00,2022-03-07 14:15:00,-2614.9269875604195,-0.522985397512084,3,"NY
21-03JST","NZDUSD_NY
21-03JST",2022_10
AUDUSD,long,2022-03-07 14:10:00,2022-03-07 14:15:00,-4554.950045412772,-0.9109900090825545,3,"NY
21-03JST","AUDUSD_NY
21-03JST",2022_10
AUDUSD,long,2022-03-07 14:20:00,2022-03-07 14:25:00,-5000.000000000053,-1.0000000000000109,1,"NY
21-03JST","AUDUSD_NY
21-03JST",2022_10
NZDUSD,long,2022-03-07 14:20:00,2022-03-07 14:25:00,-5000.000000000062,-1.0000000000000124,1,"NY
21-03JST","NZDUSD_NY
21-03JST",2022_10
AUDUSD,long,2022-03-07 14:25:00,2022-03-07 14:30:00,-3810.759792355217,-0.7621519584710434,2,"NY
21-03JST","AUDUSD_NY
21-03JST",2022_10
AUDUSD,long,2022-03-07 14:30:00,2022-03-07 14:35:00,-4999.99999999978,-0.999999999999956,1,"NY
21-03JST","AUDUSD_NY
21-03JST",2022_10
NZDUSD,long,2022-03-07 14:30:00,2022-03-07 14:35:00,-5000.000000000381,-1.0000000000000762,1,"NY
21-03JST","NZDUSD_NY
21-03JST",2022_10
AUDUSD,long,2022-03-07 14:40:00,2022-03-07 14:45:00,-5000.0,-1.0,1,"NY
21-03JST","AUDUSD_NY
21-03JST",2022_10
NZDUSD,long,2022-03-07 14:40:00,2022-03-07 14:45:00,-5000.000000000425,-1.000000000000085,1,"NY
21-03JST","NZDUSD_NY
21-03JST",2022_10
NZDUSD,long,2022-03-07 14:45:00,2022-03-07 14:50:00,3594.566353187045,0.718913270637409,7,"NY
21-03JST","NZDUSD_NY
21-03JST",2022_10
AUDUSD,long,2022-03-07 14:45:00,2022-03-07 14:50:00,-2881.750465549938,-0.5763500931099875,4,"NY
21-03JST","AUDUSD_NY
21-03JST",2022_10
AUDUSD,long,2022-03-07 14:50:00,2022-03-07 14:55:00,-1335.4338342220565,-0.2670867668444113,3,"NY
21-03JST","AUDUSD_NY
21-03JST",2022_10
NZDUSD,long,2022-03-07 14:50:00,2022-03-07 14:55:00,-768.1641708263652,-0.153632834165273,3,"NY
21-03JST","NZDUSD_NY
21-03JST",2022_10
NZDUSD,long,2022-03-07 14:55:00,2022-03-07 15:00:00,1275.0556792877005,0.25501113585754,2,"NY
21-03JST","NZDUSD_NY
21-03JST",2022_10
AUDUSD,long,2022-03-07 14:55:00,2022-03-07 15:00:00,-259.5155709336545,-0.0519031141867308,2,"NY
21-03JST","AUDUSD_NY
21-03JST",2022_10
AUDUSD,long,2022-03-07 15:00:00,2022-03-07 15:05:00,-4999.999999999623,-0.9999999999999244,1,"NY
21-03JST","AUDUSD_NY
21-03JST",2022_10
AUDUSD,long,2022-03-07 15:10:00,2022-03-07 15:15:00,-1753.6231884056174,-0.3507246376811235,2,"NY
21-03JST","AUDUSD_NY
21-03JST",2022_10
NZDUSD,long,2022-03-07 15:10:00,2022-03-07 15:15:00,-550.5107832013374,-0.1101021566402674,2,"NY
21-03JST","NZDUSD_NY
21-03JST",2022_10
AUDUSD,long,2022-03-07 15:25:00,2022-03-07 15:30:00,-1421.4046822738824,-0.2842809364547765,2,"NY
21-03JST","AUDUSD_NY
21-03JST",2022_10
NZDUSD,long,2022-03-07 15:25:00,2022-03-07 15:30:00,-2267.3796791443883,-0.4534759358288777,2,"NY
21-03JST","NZDUSD_NY
21-03JST",2022_10
NZDUSD,long,2022-03-07 15:35:00,2022-03-07 15:40:00,-4999.99999999964,-0.999999999999928,2,"NY
21-03JST","NZDUSD_NY
21-03JST",2022_10
AUDUSD,long,2022-03-07 15:40:00,2022-03-07 15:45:00,-4999.999999999802,-0.9999999999999604,1,"NY
21-03JST","AUDUSD_NY
21-03JST",2022_10
NZDUSD,long,2022-03-07 15:40:00,2022-03-07 15:45:00,-5000.0,-1.0,1,"NY
21-03JST","NZDUSD_NY
21-03JST",2022_10
AUDUSD,long,2022-03-07 15:45:00,2022-03-07 15:50:00,-5000.000000000048,-1.0000000000000095,1,"NY
21-03JST","AUDUSD_NY
21-03JST",2022_10
NZDUSD,long,2022-03-07 15:50:00,2022-03-07 15:55:00,797.1014492749068,0.1594202898549813,4,"NY
21-03JST","NZDUSD_NY
21-03JST",2022_10
AUDUSD,long,2022-03-07 15:50:00,2022-03-07 15:55:00,139.24050632927367,0.0278481012658547,6,"NY
21-03JST","AUDUSD_NY
21-03JST",2022_10
AUDUSD,long,2022-03-07 15:55:00,2022-03-07 16:00:00,1358.1575548862957,0.2716315109772591,5,"NY
21-03JST","AUDUSD_NY
21-03JST",2022_10
NZDUSD,long,2022-03-07 15:55:00,2022-03-07 16:00:00,1911.298838437179,0.3822597676874358,3,"NY
21-03JST","NZDUSD_NY
21-03JST",2022_10
AUDUSD,long,2022-03-07 16:00:00,2022-03-07 16:05:00,-1026.072329689255,-0.205214465937851,4,"NY
21-03JST","AUDUSD_NY
21-03JST",2022_10
NZDUSD,long,2022-03-07 16:00:00,2022-03-07 16:05:00,-414.53428863923,-0.082906857727846,2,"NY
21-03JST","NZDUSD_NY
21-03JST",2022_10
AUDUSD,long,2022-03-07 16:15:00,2022-03-07 16:20:00,-4938.569548047037,-0.9877139096094072,2,"NY
21-03JST","AUDUSD_NY
21-03JST",2022_10
NZDUSD,long,2022-03-07 16:15:00,2022-03-07 16:20:00,-3207.043756669953,-0.6414087513339906,2,"NY
21-03JST","NZDUSD_NY
21-03JST",2022_10
NZDUSD,long,2022-03-07 16:25:00,2022-03-07 16:30:00,-4999.999999999628,-0.9999999999999256,3,"NY
21-03JST","NZDUSD_NY
21-03JST",2022_10
NZDUSD,long,2022-03-07 16:30:00,2022-03-07 16:35:00,-1093.7499999984548,-0.2187499999996909,4,"NY
21-03JST","NZDUSD_NY
21-03JST",2022_10
NZDUSD,long,2022-03-07 16:40:00,2022-03-07 16:45:00,-2151.664611590716,-0.4303329223181431,2,"NY
21-03JST","NZDUSD_NY
21-03JST",2022_10
NZDUSD,long,2022-03-07 16:55:00,2022-03-07 17:00:00,3006.2499999990696,0.6012499999998139,4,"NY
21-03JST","NZDUSD_NY
21-03JST",2022_10
NZDUSD,long,2022-03-07 17:20:00,2022-03-07 17:25:00,8422.459893047326,1.6844919786094652,6,"NY
21-03JST","NZDUSD_NY
21-03JST",2022_10
AUDUSD,long,2022-03-07 17:20:00,2022-03-07 17:25:00,7740.189445196015,1.548037889039203,6,"NY
21-03JST","AUDUSD_NY
21-03JST",2022_10
NZDUSD,long,2022-03-07 17:25:00,2022-03-07 17:30:00,7713.004484305082,1.5426008968610163,5,"NY
21-03JST","NZDUSD_NY
21-03JST",2022_10
AUDUSD,long,2022-03-07 17:25:00,2022-03-07 17:30:00,8483.606557376996,1.6967213114753992,5,"NY
21-03JST","AUDUSD_NY
21-03JST",2022_10
AUDUSD,long,2022-03-07 17:30:00,2022-03-07 17:35:00,6666.66666666622,1.333333333333244,4,"NY
21-03JST","AUDUSD_NY
21-03JST",2022_10
AUDNZD,long,2022-03-08 06:10:00,2022-03-08 06:15:00,-5000.000000000731,-1.0000000000001463,3,"欧州
15-21JST","AUDNZD_欧州
15-21JST",2022_10
AUDNZD,long,2022-03-08 06:15:00,2022-03-08 06:20:00,-1273.3812949623832,-0.2546762589924766,2,"欧州
15-21JST","AUDNZD_欧州
15-21JST",2022_10
AUDNZD,long,2022-03-08 06:20:00,2022-03-08 06:25:00,-2551.330798482292,-0.5102661596964583,3,"欧州
15-21JST","AUDNZD_欧州
15-21JST",2022_10
AUDNZD,long,2022-03-08 06:30:00,2022-03-08 06:35:00,-4999.999999998755,-0.999999999999751,3,"欧州
15-21JST","AUDNZD_欧州
15-21JST",2022_10
AUDNZD,long,2022-03-08 06:40:00,2022-03-08 06:45:00,-3377.682403436881,-0.6755364806873763,2,"欧州
15-21JST","AUDNZD_欧州
15-21JST",2022_10
AUDNZD,long,2022-03-08 06:45:00,2022-03-08 06:50:00,-3717.735220651092,-0.7435470441302184,2,"欧州
15-21JST","AUDNZD_欧州
15-21JST",2022_10
AUDNZD,long,2022-03-08 06:50:00,2022-03-08 06:55:00,-4144.951140066117,-0.8289902280132233,2,"欧州
15-21JST","AUDNZD_欧州
15-21JST",2022_10
AUDNZD,long,2022-03-08 06:55:00,2022-03-08 07:00:00,-5000.00000000054,-1.000000000000108,1,"欧州
15-21JST","AUDNZD_欧州
15-21JST",2022_10
AUDNZD,long,2022-03-08 07:00:00,2022-03-08 07:05:00,-4999.999999999212,-0.9999999999998423,1,"欧州
15-21JST","AUDNZD_欧州
15-21JST",2022_10
AUDNZD,long,2022-03-08 07:05:00,2022-03-08 07:10:00,-5000.000000001157,-1.0000000000002314,1,"欧州
15-21JST","AUDNZD_欧州
15-21JST",2022_10
AUDNZD,long,2022-03-08 07:40:00,2022-03-08 07:45:00,-4049.3209435317017,-0.8098641887063404,2,"欧州
15-21JST","AUDNZD_欧州
15-21JST",2022_10
AUDNZD,long,2022-03-08 07:45:00,2022-03-08 07:50:00,-4650.997150997723,-0.9301994301995448,4,"欧州
15-21JST","AUDNZD_欧州
15-21JST",2022_10
AUDNZD,long,2022-03-08 07:50:00,2022-03-08 07:55:00,-4031.1418685124063,-0.8062283737024812,3,"欧州
15-21JST","AUDNZD_欧州
15-21JST",2022_10
AUDNZD,long,2022-03-08 07:55:00,2022-03-08 08:00:00,-2401.9607843141,-0.4803921568628199,2,"欧州
15-21JST","AUDNZD_欧州
15-21JST",2022_10
AUDNZD,long,2022-03-08 08:05:00,2022-03-08 08:10:00,-5000.0000000006485,-1.0000000000001297,1,"欧州
15-21JST","AUDNZD_欧州
15-21JST",2022_10
AUDNZD,long,2022-03-08 08:10:00,2022-03-08 08:15:00,4178.743961352863,0.8357487922705726,6,"欧州
15-21JST","AUDNZD_欧州
15-21JST",2022_10
AUDNZD,long,2022-03-08 08:15:00,2022-03-08 08:20:00,3768.5774946937577,0.7537154989387516,5,"欧州
15-21JST","AUDNZD_欧州
15-21JST",2022_10
AUDNZD,long,2022-03-08 08:30:00,2022-03-08 08:35:00,983.787767134325,0.196757553426865,2,"欧州
15-21JST","AUDNZD_欧州
15-21JST",2022_10
AUDNZD,long,2022-03-08 08:50:00,2022-03-08 08:55:00,-3831.562974203113,-0.7663125948406225,7,"欧州
15-21JST","AUDNZD_欧州
15-21JST",2022_10
AUDNZD,long,2022-03-08 08:55:00,2022-03-08 09:00:00,-2003.0581039763704,-0.400611620795274,6,"欧州
15-21JST","AUDNZD_欧州
15-21JST",2022_10
AUDNZD,long,2022-03-08 09:00:00,2022-03-08 09:05:00,-1968.7249398551996,-0.3937449879710399,5,"欧州
15-21JST","AUDNZD_欧州
15-21JST",2022_10
AUDNZD,long,2022-03-08 09:05:00,2022-03-08 09:10:00,-1401.6064257053613,-0.2803212851410722,4,"欧州
15-21JST","AUDNZD_欧州
15-21JST",2022_10
AUDNZD,long,2022-03-08 09:10:00,2022-03-08 09:15:00,559.9682287532818,0.1119936457506563,3,"欧州
15-21JST","AUDNZD_欧州
15-21JST",2022_10
AUDNZD,long,2022-03-08 09:30:00,2022-03-08 09:35:00,3674.928503335393,0.7349857006670786,3,"欧州
15-21JST","AUDNZD_欧州
15-21JST",2022_10
EURJPY,short,2022-03-08 10:20:00,2022-03-08 10:25:00,-2990.3225806455457,-0.5980645161291092,2,"欧州
15-21JST","EURJPY_欧州
15-21JST",2022_10
EURGBP,long,2022-03-08 10:25:00,2022-03-08 10:30:00,13478.26086956451,2.6956521739129022,6,"欧州
15-21JST","EURGBP_欧州
15-21JST",2022_10
EURGBP,long,2022-03-08 10:35:00,2022-03-08 10:40:00,15213.178294573245,3.0426356589146484,4,"欧州
15-21JST","EURGBP_欧州
15-21JST",2022_10
EURGBP,long,2022-03-08 10:45:00,2022-03-08 10:50:00,9179.608372721032,1.8359216745442064,2,"欧州
15-21JST","EURGBP_欧州
15-21JST",2022_10
AUDUSD,long,2022-03-08 12:55:00,2022-03-08 13:00:00,-757.5757575749955,-0.151515151514999,2,"NY
21-03JST","AUDUSD_NY
21-03JST",2022_10
AUDUSD,long,2022-03-08 13:00:00,2022-03-08 13:05:00,-4999.999999999763,-0.9999999999999524,1,"NY
21-03JST","AUDUSD_NY
21-03JST",2022_10
AUDUSD,long,2022-03-08 13:10:00,2022-03-08 13:15:00,7398.345968297252,1.4796691936594506,5,"NY
21-03JST","AUDUSD_NY
21-03JST",2022_10
AUDUSD,long,2022-03-08 14:05:00,2022-03-08 14:10:00,2182.4736550198213,0.4364947310039642,4,"NY
21-03JST","AUDUSD_NY
21-03JST",2022_10
AUDUSD,long,2022-03-08 14:10:00,2022-03-08 14:15:00,2312.8491620112745,0.4625698324022549,3,"NY
21-03JST","AUDUSD_NY
21-03JST",2022_10
NZDUSD,long,2022-03-08 16:10:00,2022-03-08 16:15:00,-4999.999999999945,-0.9999999999999892,2,"NY
21-03JST","NZDUSD_NY
21-03JST",2022_10
AUDUSD,long,2022-03-08 16:15:00,2022-03-08 16:20:00,-4999.999999999794,-0.9999999999999588,1,"NY
21-03JST","AUDUSD_NY
21-03JST",2022_10
NZDUSD,long,2022-03-08 16:15:00,2022-03-08 16:20:00,-4999.999999999886,-0.9999999999999772,1,"NY
21-03JST","NZDUSD_NY
21-03JST",2022_10
AUDUSD,long,2022-03-08 16:20:00,2022-03-08 16:25:00,-5000.0,-1.0,1,"NY
21-03JST","AUDUSD_NY
21-03JST",2022_10
NZDUSD,long,2022-03-08 16:25:00,2022-03-08 16:30:00,11012.84584980286,2.2025691699605723,10,"NY
21-03JST","NZDUSD_NY
21-03JST",2022_10
AUDUSD,long,2022-03-08 16:25:00,2022-03-08 16:30:00,16517.150395778466,3.303430079155693,11,"NY
21-03JST","AUDUSD_NY
21-03JST",2022_10
AUDUSD,long,2022-03-08 16:30:00,2022-03-08 16:35:00,15961.361545538028,3.1922723091076057,9,"NY
21-03JST","AUDUSD_NY
21-03JST",2022_10
NZDUSD,long,2022-03-08 16:30:00,2022-03-08 16:35:00,11747.799067840318,2.349559813568064,9,"NY
21-03JST","NZDUSD_NY
21-03JST",2022_10
EURGBP,long,2022-03-09 11:10:00,2022-03-09 11:15:00,-3755.3342816510935,-0.7510668563302187,2,"欧州
15-21JST","EURGBP_欧州
15-21JST",2022_10
EURGBP,long,2022-03-09 11:15:00,2022-03-09 11:20:00,-4999.999999999923,-0.9999999999999846,1,"欧州
15-21JST","EURGBP_欧州
15-21JST",2022_10
EURGBP,long,2022-03-09 11:20:00,2022-03-09 11:25:00,-4999.999999999535,-0.9999999999999072,1,"欧州
15-21JST","EURGBP_欧州
15-21JST",2022_10
EURGBP,long,2022-03-09 11:25:00,2022-03-09 11:30:00,24691.0112359546,4.93820224719092,7,"欧州
15-21JST","EURGBP_欧州
15-21JST",2022_10
AUDUSD,long,2022-03-09 17:25:00,2022-03-09 17:30:00,-854.8233046813442,-0.1709646609362688,3,"NY
21-03JST","AUDUSD_NY
21-03JST",2022_10
AUDNZD,long,2022-03-10 09:25:00,2022-03-10 09:30:00,323.9436619749807,0.0647887323949961,4,"欧州
15-21JST","AUDNZD_欧州
15-21JST",2022_10
AUDNZD,long,2022-03-10 09:55:00,2022-03-10 10:00:00,1788.3211678802186,0.3576642335760437,2,"欧州
15-21JST","AUDNZD_欧州
15-21JST",2022_10
AUDNZD,long,2022-03-10 10:00:00,2022-03-10 10:05:00,-1243.5500516010347,-0.2487100103202069,2,"欧州
15-21JST","AUDNZD_欧州
15-21JST",2022_10
AUDNZD,long,2022-03-10 10:10:00,2022-03-10 10:15:00,3502.024291498326,0.7004048582996651,6,"欧州
15-21JST","AUDNZD_欧州
15-21JST",2022_10
AUDNZD,long,2022-03-10 10:15:00,2022-03-10 10:20:00,4819.639278555498,0.9639278557110996,5,"欧州
15-21JST","AUDNZD_欧州
15-21JST",2022_10
EURGBP,long,2022-03-11 06:40:00,2022-03-11 06:45:00,-5000.0,-1.0,1,"欧州
15-21JST","EURGBP_欧州
15-21JST",2022_10
EURGBP,long,2022-03-11 06:45:00,2022-03-11 06:50:00,176.6004415007932,0.0353200883001586,4,"欧州
15-21JST","EURGBP_欧州
15-21JST",2022_10
EURGBP,long,2022-03-11 07:45:00,2022-03-11 07:50:00,4600.818833164099,0.9201637666328196,3,"欧州
15-21JST","EURGBP_欧州
15-21JST",2022_10
EURGBP,long,2022-03-11 07:55:00,2022-03-11 08:00:00,-5000.000000000568,-1.0000000000001137,1,"欧州
15-21JST","EURGBP_欧州
15-21JST",2022_10
EURGBP,long,2022-03-11 08:05:00,2022-03-11 08:10:00,-5000.0,-1.0,1,"欧州
15-21JST","EURGBP_欧州
15-21JST",2022_10
AUDNZD,long,2022-03-11 09:35:00,2022-03-11 09:40:00,-4999.999999998787,-0.9999999999997572,2,"欧州
15-21JST","AUDNZD_欧州
15-21JST",2022_10
AUDNZD,long,2022-03-11 09:40:00,2022-03-11 09:45:00,-5000.000000001001,-1.0000000000002005,1,"欧州
15-21JST","AUDNZD_欧州
15-21JST",2022_10
AUDNZD,long,2022-03-11 09:45:00,2022-03-11 09:50:00,-4999.999999998759,-0.999999999999752,1,"欧州
15-21JST","AUDNZD_欧州
15-21JST",2022_10
AUDNZD,long,2022-03-11 09:50:00,2022-03-11 09:55:00,-5000.000000000832,-1.0000000000001663,1,"欧州
15-21JST","AUDNZD_欧州
15-21JST",2022_10
AUDNZD,long,2022-03-11 09:55:00,2022-03-11 10:00:00,6063.0291627412935,1.2126058325482587,3,"欧州
15-21JST","AUDNZD_欧州
15-21JST",2022_10
AUDNZD,long,2022-03-11 10:00:00,2022-03-11 10:05:00,-403.7267080785064,-0.0807453416157012,2,"欧州
15-21JST","AUDNZD_欧州
15-21JST",2022_10
AUDNZD,long,2022-03-11 11:35:00,2022-03-11 11:40:00,11029.411764711913,2.2058823529423828,5,"欧州
15-21JST","AUDNZD_欧州
15-21JST",2022_10
NZDUSD,long,2022-03-11 16:10:00,2022-03-11 16:15:00,-5000.000000000082,-1.0000000000000164,1,"NY
21-03JST","NZDUSD_NY
21-03JST",2022_10
NZDUSD,long,2022-03-11 16:25:00,2022-03-11 16:30:00,-1679.2168674707973,-0.3358433734941594,2,"NY
21-03JST","NZDUSD_NY
21-03JST",2022_10
AUDUSD,long,2022-03-11 16:35:00,2022-03-11 16:40:00,1008.8041085843562,0.2017608217168712,2,"NY
21-03JST","AUDUSD_NY
21-03JST",2022_10
NZDUSD,long,2022-03-11 16:40:00,2022-03-11 16:45:00,-4185.415050426623,-0.8370830100853245,4,"NY
21-03JST","NZDUSD_NY
21-03JST",2022_10
NZDUSD,long,2022-03-11 16:45:00,2022-03-11 16:50:00,-1695.5153422504432,-0.3391030684500886,3,"NY
21-03JST","NZDUSD_NY
21-03JST",2022_10
NZDUSD,long,2022-03-11 16:50:00,2022-03-11 16:55:00,-410.7424960504337,-0.0821484992100867,2,"NY
21-03JST","NZDUSD_NY
21-03JST",2022_10
NZDUSD,long,2022-03-11 17:10:00,2022-03-11 17:15:00,-5000.000000000192,-1.0000000000000384,2,"NY
21-03JST","NZDUSD_NY
21-03JST",2022_10
AUDUSD,long,2022-03-11 17:10:00,2022-03-11 17:15:00,-5000.000000000185,-1.0000000000000369,1,"NY
21-03JST","AUDUSD_NY
21-03JST",2022_10
AUDUSD,long,2022-03-11 17:15:00,2022-03-11 17:20:00,-4999.999999999318,-0.9999999999998636,1,"NY
21-03JST","AUDUSD_NY
21-03JST",2022_10
NZDUSD,long,2022-03-11 17:15:00,2022-03-11 17:20:00,-4999.9999999998,-0.99999999999996,2,"NY
21-03JST","NZDUSD_NY
21-03JST",2022_10
AUDUSD,long,2022-03-11 17:20:00,2022-03-11 17:25:00,-1068.0851063842326,-0.2136170212768465,5,"NY
21-03JST","AUDUSD_NY
21-03JST",2022_10
NZDUSD,long,2022-03-11 17:20:00,2022-03-11 17:25:00,-2584.014532244218,-0.5168029064488436,5,"NY
21-03JST","NZDUSD_NY
21-03JST",2022_10
NZDUSD,long,2022-03-11 17:25:00,2022-03-11 17:30:00,-1100.2785515330395,-0.2200557103066079,4,"NY
21-03JST","NZDUSD_NY
21-03JST",2022_10
NZDUSD,long,2022-03-11 17:30:00,2022-03-11 17:35:00,1074.0740740745364,0.2148148148149072,3,"NY
21-03JST","NZDUSD_NY
21-03JST",2022_10
AUDUSD,long,2022-03-11 17:30:00,2022-03-11 17:35:00,1241.610738254154,0.2483221476508308,3,"NY
21-03JST","AUDUSD_NY
21-03JST",2022_10
NZDUSD,long,2022-03-11 17:35:00,2022-03-11 17:40:00,-3072.033898304944,-0.6144067796609888,2,"NY
21-03JST","NZDUSD_NY
21-03JST",2022_10
NZDUSD,long,2022-03-11 17:45:00,2022-03-11 17:50:00,-4999.999999999644,-0.9999999999999288,1,"NY
21-03JST","NZDUSD_NY
21-03JST",2022_10
AUDUSD,long,2022-03-11 17:45:00,2022-03-11 17:50:00,-5000.0,-1.0,1,"NY
21-03JST","AUDUSD_NY
21-03JST",2022_10
AUDUSD,long,2022-03-11 17:50:00,2022-03-11 17:55:00,5510.725229826163,1.1021450459652329,3,"NY
21-03JST","AUDUSD_NY
21-03JST",2022_10
NZDUSD,long,2022-03-11 17:50:00,2022-03-11 17:55:00,5977.443609024889,1.195488721804978,3,"NY
21-03JST","NZDUSD_NY
21-03JST",2022_10
AUDJPY,short,2022-03-14 01:00:00,2022-03-14 01:05:00,-4999.999999999843,-0.9999999999999686,1,"東京
09-15JST","AUDJPY_東京
09-15JST",2022_11
NZDUSD,long,2022-03-14 01:45:00,2022-03-14 01:50:00,-4999.999999999797,-0.9999999999999596,1,"東京
09-15JST","NZDUSD_東京
09-15JST",2022_11
NZDUSD,long,2022-03-14 01:50:00,2022-03-14 01:55:00,2746.591820370323,0.5493183640740646,5,"東京
09-15JST","NZDUSD_東京
09-15JST",2022_11
NZDUSD,long,2022-03-14 02:40:00,2022-03-14 02:45:00,5297.619047619493,1.0595238095238986,16,"東京
09-15JST","NZDUSD_東京
09-15JST",2022_11
NZDUSD,long,2022-03-14 02:45:00,2022-03-14 02:50:00,7689.713322090671,1.5379426644181342,15,"東京
09-15JST","NZDUSD_東京
09-15JST",2022_11
NZDUSD,long,2022-03-14 02:50:00,2022-03-14 02:55:00,5207.0750647115565,1.0414150129423112,14,"東京
09-15JST","NZDUSD_東京
09-15JST",2022_11
NZDUSD,long,2022-03-14 03:00:00,2022-03-14 03:05:00,7797.202797202753,1.5594405594405505,6,"東京
09-15JST","NZDUSD_東京
09-15JST",2022_11
AUDJPY,short,2022-03-15 03:00:00,2022-03-15 03:05:00,-4999.999999999831,-0.999999999999966,4,"東京
09-15JST","AUDJPY_東京
09-15JST",2022_11
NZDUSD,long,2022-03-15 04:00:00,2022-03-15 04:05:00,-3777.959629024096,-0.7555919258048192,2,"東京
09-15JST","NZDUSD_東京
09-15JST",2022_11
AUDJPY,short,2022-03-15 04:05:00,2022-03-15 04:10:00,2220.528455285459,0.4441056910570918,3,"東京
09-15JST","AUDJPY_東京
09-15JST",2022_11
AUDJPY,short,2022-03-15 04:10:00,2022-03-15 04:15:00,7488.262910798265,1.497652582159653,2,"東京
09-15JST","AUDJPY_東京
09-15JST",2022_11
AUDJPY,short,2022-03-15 04:15:00,2022-03-15 04:20:00,-2509.363295879663,-0.5018726591759326,3,"東京
09-15JST","AUDJPY_東京
09-15JST",2022_11
AUDJPY,short,2022-03-15 04:20:00,2022-03-15 04:25:00,-5000.000000000779,-1.000000000000156,2,"東京
09-15JST","AUDJPY_東京
09-15JST",2022_11
NZDJPY,short,2022-03-15 07:10:00,2022-03-15 07:15:00,-4999.999999999734,-0.9999999999999468,1,"欧州
15-21JST","NZDJPY_欧州
15-21JST",2022_11
EURJPY,short,2022-03-15 07:10:00,2022-03-15 07:15:00,-5000.000000000322,-1.0000000000000644,1,"欧州
15-21JST","EURJPY_欧州
15-21JST",2022_11
EURJPY,short,2022-03-15 08:20:00,2022-03-15 08:25:00,1896.4767290133743,0.3792953458026749,4,"欧州
15-21JST","EURJPY_欧州
15-21JST",2022_11
EURJPY,short,2022-03-15 08:25:00,2022-03-15 08:30:00,-1156.0693641622493,-0.2312138728324498,4,"欧州
15-21JST","EURJPY_欧州
15-21JST",2022_11
EURJPY,short,2022-03-15 08:30:00,2022-03-15 08:35:00,-1754.0322580636728,-0.3508064516127345,2,"欧州
15-21JST","EURJPY_欧州
15-21JST",2022_11
EURGBP,long,2022-03-15 09:45:00,2022-03-15 09:50:00,2228.260869565257,0.4456521739130514,2,"欧州
15-21JST","EURGBP_欧州
15-21JST",2022_11
EURGBP,long,2022-03-15 10:10:00,2022-03-15 10:15:00,-3669.83372921653,-0.733966745843306,2,"欧州
15-21JST","EURGBP_欧州
15-21JST",2022_11
EURGBP,long,2022-03-15 10:15:00,2022-03-15 10:20:00,-5000.0,-1.0,1,"欧州
15-21JST","EURGBP_欧州
15-21JST",2022_11
EURGBP,long,2022-03-15 10:50:00,2022-03-15 10:55:00,-3078.682525162356,-0.6157365050324711,2,"欧州
15-21JST","EURGBP_欧州
15-21JST",2022_11
EURGBP,long,2022-03-15 11:00:00,2022-03-15 11:05:00,-4999.999999999256,-0.9999999999998512,1,"欧州
15-21JST","EURGBP_欧州
15-21JST",2022_11
EURGBP,long,2022-03-15 11:05:00,2022-03-15 11:10:00,-5000.0,-1.0,1,"欧州
15-21JST","EURGBP_欧州
15-21JST",2022_11
EURGBP,long,2022-03-15 11:10:00,2022-03-15 11:15:00,-4999.999999999503,-0.9999999999999006,1,"欧州
15-21JST","EURGBP_欧州
15-21JST",2022_11
EURGBP,long,2022-03-17 07:00:00,2022-03-17 07:05:00,-4999.99999999924,-0.999999999999848,2,"欧州
15-21JST","EURGBP_欧州
15-21JST",2022_11
EURGBP,long,2022-03-17 07:05:00,2022-03-17 07:10:00,1228.23984526098,0.245647969052196,4,"欧州
15-21JST","EURGBP_欧州
15-21JST",2022_11
EURGBP,long,2022-03-17 07:10:00,2022-03-17 07:15:00,1812.3138033762868,0.3624627606752573,3,"欧州
15-21JST","EURGBP_欧州
15-21JST",2022_11
EURGBP,long,2022-03-17 07:15:00,2022-03-17 07:20:00,2627.7724204423344,0.5255544840884668,2,"欧州
15-21JST","EURGBP_欧州
15-21JST",2022_11
EURGBP,long,2022-03-17 07:30:00,2022-03-17 07:35:00,-821.7993079588505,-0.1643598615917701,4,"欧州
15-21JST","EURGBP_欧州
15-21JST",2022_11
EURGBP,long,2022-03-17 07:40:00,2022-03-17 07:45:00,-1646.7065868251404,-0.3293413173650281,2,"欧州
15-21JST","EURGBP_欧州
15-21JST",2022_11
EURGBP,long,2022-03-17 08:25:00,2022-03-17 08:30:00,-4999.999999999659,-0.9999999999999318,2,"欧州
15-21JST","EURGBP_欧州
15-21JST",2022_11
EURGBP,long,2022-03-17 08:30:00,2022-03-17 08:35:00,-8.103727714262046,-0.0016207455428524,5,"欧州
15-21JST","EURGBP_欧州
15-21JST",2022_11
EURGBP,long,2022-03-17 08:35:00,2022-03-17 08:40:00,151.26737530579618,0.0302534750611592,4,"欧州
15-21JST","EURGBP_欧州
15-21JST",2022_11
EURGBP,long,2022-03-17 08:40:00,2022-03-17 08:45:00,1373.9837398369657,0.2747967479673931,3,"欧州
15-21JST","EURGBP_欧州
15-21JST",2022_11
EURGBP,long,2022-03-17 08:45:00,2022-03-17 08:50:00,2276.3900080583503,0.45527800161167,2,"欧州
15-21JST","EURGBP_欧州
15-21JST",2022_11
EURGBP,long,2022-03-17 08:55:00,2022-03-17 09:00:00,-5000.000000000415,-1.000000000000083,1,"欧州
15-21JST","EURGBP_欧州
15-21JST",2022_11
NZDJPY,short,2022-03-17 10:05:00,2022-03-17 10:10:00,-5000.000000000307,-1.0000000000000615,1,"欧州
15-21JST","NZDJPY_欧州
15-21JST",2022_11
EURGBP,long,2022-03-17 10:15:00,2022-03-17 10:20:00,-2510.4602510459395,-0.5020920502091879,2,"欧州
15-21JST","EURGBP_欧州
15-21JST",2022_11
EURGBP,long,2022-03-17 10:20:00,2022-03-17 10:25:00,-4999.9999999997735,-0.9999999999999548,1,"欧州
15-21JST","EURGBP_欧州
15-21JST",2022_11
EURGBP,long,2022-03-17 10:35:00,2022-03-17 10:40:00,67597.56877799453,13.519513755598906,12,"欧州
15-21JST","EURGBP_欧州
15-21JST",2022_11
NZDUSD,long,2022-03-18 02:10:00,2022-03-18 02:15:00,3759.864712515128,0.7519729425030256,5,"東京
09-15JST","NZDUSD_東京
09-15JST",2022_11
EURGBP,long,2022-03-18 06:10:00,2022-03-18 06:15:00,11434.782608695325,2.2869565217390644,2,"欧州
15-21JST","EURGBP_欧州
15-21JST",2022_11
EURGBP,long,2022-03-18 06:15:00,2022-03-18 06:20:00,14699.453551912136,2.939890710382427,2,"欧州
15-21JST","EURGBP_欧州
15-21JST",2022_11
NZDJPY,short,2022-03-18 08:35:00,2022-03-18 08:40:00,-1491.7452830179238,-0.2983490566035848,2,"欧州
15-21JST","NZDJPY_欧州
15-21JST",2022_11
NZDJPY,short,2022-03-18 08:40:00,2022-03-18 08:45:00,-1401.869158877335,-0.280373831775467,2,"欧州
15-21JST","NZDJPY_欧州
15-21JST",2022_11
NZDJPY,short,2022-03-18 08:45:00,2022-03-18 08:50:00,-5000.000000000392,-1.0000000000000784,1,"欧州
15-21JST","NZDJPY_欧州
15-21JST",2022_11
EURGBP,long,2022-03-18 10:35:00,2022-03-18 10:40:00,4242.843951986963,0.8485687903973925,2,"欧州
15-21JST","EURGBP_欧州
15-21JST",2022_11
EURGBP,long,2022-03-18 11:25:00,2022-03-18 11:30:00,-5000.0000000005975,-1.0000000000001197,1,"欧州
15-21JST","EURGBP_欧州
15-21JST",2022_11
EURGBP,long,2022-03-18 11:30:00,2022-03-18 11:35:00,-5000.000000000192,-1.0000000000000384,1,"欧州
15-21JST","EURGBP_欧州
15-21JST",2022_11
EURGBP,long,2022-03-18 11:35:00,2022-03-18 11:40:00,-4999.9999999997,-0.99999999999994,1,"欧州
15-21JST","EURGBP_欧州
15-21JST",2022_11
EURGBP,long,2022-03-18 11:40:00,2022-03-18 11:45:00,-4999.999999999684,-0.9999999999999368,1,"欧州
15-21JST","EURGBP_欧州
15-21JST",2022_11
EURGBP,long,2022-03-18 11:45:00,2022-03-18 11:50:00,-4999.999999999681,-0.9999999999999362,1,"欧州
15-21JST","EURGBP_欧州
15-21JST",2022_11
EURGBP,long,2022-03-18 11:50:00,2022-03-18 11:55:00,-2216.6998011939845,-0.4433399602387969,3,"欧州
15-21JST","EURGBP_欧州
15-21JST",2022_11
EURGBP,long,2022-03-18 11:55:00,2022-03-18 12:00:00,-2765.190525232756,-0.5530381050465512,2,"欧州
15-21JST","EURGBP_欧州
15-21JST",2022_11
AUDNZD,long,2022-03-21 00:40:00,2022-03-21 00:45:00,-4999.999999998736,-0.9999999999997472,1,"東京
09-15JST","AUDNZD_東京
09-15JST",2022_12
AUDNZD,long,2022-03-21 00:50:00,2022-03-21 00:55:00,-4999.999999999171,-0.9999999999998342,1,"東京
09-15JST","AUDNZD_東京
09-15JST",2022_12
AUDNZD,long,2022-03-21 00:55:00,2022-03-21 01:00:00,-5000.00000000112,-1.0000000000002238,1,"東京
09-15JST","AUDNZD_東京
09-15JST",2022_12
AUDNZD,long,2022-03-21 01:00:00,2022-03-21 01:05:00,-4999.999999998965,-0.999999999999793,1,"東京
09-15JST","AUDNZD_東京
09-15JST",2022_12
AUDNZD,long,2022-03-21 01:05:00,2022-03-21 01:10:00,4417.040358747754,0.8834080717495508,9,"東京
09-15JST","AUDNZD_東京
09-15JST",2022_12
AUDNZD,long,2022-03-21 01:10:00,2022-03-21 01:15:00,8114.942528738438,1.6229885057476876,8,"東京
09-15JST","AUDNZD_東京
09-15JST",2022_12
AUDNZD,long,2022-03-21 01:30:00,2022-03-21 01:35:00,28.968713790068968,0.0057937427580137,4,"東京
09-15JST","AUDNZD_東京
09-15JST",2022_12
AUDJPY,short,2022-03-21 03:20:00,2022-03-21 03:25:00,-2289.896128423854,-0.4579792256847708,3,"東京
09-15JST","AUDJPY_東京
09-15JST",2022_12
NZDUSD,long,2022-03-21 03:30:00,2022-03-21 03:35:00,5494.5904173135805,1.098918083462716,5,"東京
09-15JST","NZDUSD_東京
09-15JST",2022_12
NZDUSD,long,2022-03-21 03:35:00,2022-03-21 03:40:00,7313.787638671863,1.4627575277343727,4,"東京
09-15JST","NZDUSD_東京
09-15JST",2022_12
AUDJPY,short,2022-03-21 03:35:00,2022-03-21 03:40:00,-5000.000000000149,-1.0000000000000298,1,"東京
09-15JST","AUDJPY_東京
09-15JST",2022_12
EURJPY,short,2022-03-21 11:05:00,2022-03-21 11:10:00,12601.026298909896,2.5202052597819797,4,"欧州
15-21JST","EURJPY_欧州
15-21JST",2022_12
EURJPY,short,2022-03-21 11:10:00,2022-03-21 11:15:00,6735.294117647884,1.3470588235295766,3,"欧州
15-21JST","EURJPY_欧州
15-21JST",2022_12
EURJPY,short,2022-03-21 11:15:00,2022-03-21 11:20:00,-406.0066740825002,-0.0812013348165,2,"欧州
15-21JST","EURJPY_欧州
15-21JST",2022_12
EURJPY,short,2022-03-21 11:20:00,2022-03-21 11:25:00,-5000.00000000109,-1.0000000000002178,1,"欧州
15-21JST","EURJPY_欧州
15-21JST",2022_12
EURJPY,short,2022-03-21 11:40:00,2022-03-21 11:45:00,-285.171102665659,-0.0570342205331318,3,"欧州
15-21JST","EURJPY_欧州
15-21JST",2022_12
EURGBP,long,2022-03-21 11:50:00,2022-03-21 11:55:00,3526.522593319024,0.7053045186638047,3,"欧州
15-21JST","EURGBP_欧州
15-21JST",2022_12
EURJPY,short,2022-03-21 11:50:00,2022-03-21 11:55:00,-5000.000000000152,-1.0000000000000304,1,"欧州
15-21JST","EURJPY_欧州
15-21JST",2022_12
EURJPY,short,2022-03-21 11:55:00,2022-03-21 12:00:00,-5000.000000000752,-1.0000000000001503,1,"欧州
15-21JST","EURJPY_欧州
15-21JST",2022_12
EURGBP,long,2022-03-21 11:55:00,2022-03-21 12:00:00,5779.342723005387,1.1558685446010772,2,"欧州
15-21JST","EURGBP_欧州
15-21JST",2022_12
NZDUSD,long,2022-03-22 00:10:00,2022-03-22 00:15:00,-5000.000000000083,-1.0000000000000169,4,"東京
09-15JST","NZDUSD_東京
09-15JST",2022_12
NZDUSD,long,2022-03-22 00:15:00,2022-03-22 00:20:00,-5000.000000000167,-1.0000000000000335,3,"東京
09-15JST","NZDUSD_東京
09-15JST",2022_12
NZDUSD,long,2022-03-22 00:20:00,2022-03-22 00:25:00,-4320.388349514226,-0.8640776699028453,2,"東京
09-15JST","NZDUSD_東京
09-15JST",2022_12
NZDUSD,long,2022-03-22 00:25:00,2022-03-22 00:30:00,-4999.999999999581,-0.9999999999999162,1,"東京
09-15JST","NZDUSD_東京
09-15JST",2022_12
NZDUSD,long,2022-03-22 00:35:00,2022-03-22 00:40:00,-4999.999999999889,-0.9999999999999778,1,"東京
09-15JST","NZDUSD_東京
09-15JST",2022_12
NZDUSD,long,2022-03-22 00:40:00,2022-03-22 00:45:00,-4999.999999999625,-0.9999999999999252,1,"東京
09-15JST","NZDUSD_東京
09-15JST",2022_12
NZDUSD,long,2022-03-22 00:45:00,2022-03-22 00:50:00,-5000.000000000615,-1.000000000000123,1,"東京
09-15JST","NZDUSD_東京
09-15JST",2022_12
NZDUSD,long,2022-03-22 00:50:00,2022-03-22 00:55:00,15135.900339751492,3.0271800679502983,4,"東京
09-15JST","NZDUSD_東京
09-15JST",2022_12
EURGBP,long,2022-03-22 07:05:00,2022-03-22 07:10:00,1165.4135338356357,0.2330827067671271,7,"欧州
15-21JST","EURGBP_欧州
15-21JST",2022_12
EURGBP,long,2022-03-22 07:15:00,2022-03-22 07:20:00,3235.294117647436,0.6470588235294872,5,"欧州
15-21JST","EURGBP_欧州
15-21JST",2022_12
EURGBP,long,2022-03-22 07:45:00,2022-03-22 07:50:00,11834.355828222228,2.366871165644445,3,"欧州
15-21JST","EURGBP_欧州
15-21JST",2022_12
EURGBP,long,2022-03-22 08:15:00,2022-03-22 08:20:00,1343.0420711946315,0.2686084142389263,2,"欧州
15-21JST","EURGBP_欧州
15-21JST",2022_12
EURGBP,long,2022-03-22 08:20:00,2022-03-22 08:25:00,-895.2879581158758,-0.1790575916231751,2,"欧州
15-21JST","EURGBP_欧州
15-21JST",2022_12
EURGBP,long,2022-03-22 08:30:00,2022-03-22 08:35:00,-4999.999999999885,-0.9999999999999772,1,"欧州
15-21JST","EURGBP_欧州
15-21JST",2022_12
EURGBP,long,2022-03-22 08:35:00,2022-03-22 08:40:00,-5000.000000000216,-1.000000000000043,1,"欧州
15-21JST","EURGBP_欧州
15-21JST",2022_12
EURGBP,long,2022-03-22 09:10:00,2022-03-22 09:15:00,-5000.000000000437,-1.0000000000000873,1,"欧州
15-21JST","EURGBP_欧州
15-21JST",2022_12
EURGBP,long,2022-03-22 09:35:00,2022-03-22 09:40:00,-4094.368340942439,-0.8188736681884877,2,"欧州
15-21JST","EURGBP_欧州
15-21JST",2022_12
EURGBP,long,2022-03-22 09:40:00,2022-03-22 09:45:00,-4999.999999999664,-0.9999999999999328,1,"欧州
15-21JST","EURGBP_欧州
15-21JST",2022_12
EURGBP,long,2022-03-22 09:45:00,2022-03-22 09:50:00,-2629.9212598422696,-0.5259842519684539,2,"欧州
15-21JST","EURGBP_欧州
15-21JST",2022_12
EURGBP,long,2022-03-22 09:50:00,2022-03-22 09:55:00,-4999.999999999822,-0.9999999999999644,1,"欧州
15-21JST","EURGBP_欧州
15-21JST",2022_12
EURGBP,long,2022-03-22 10:00:00,2022-03-22 10:05:00,-1125.6544502621148,-0.2251308900524229,3,"欧州
15-21JST","EURGBP_欧州
15-21JST",2022_12
EURGBP,long,2022-03-22 10:10:00,2022-03-22 10:15:00,-3628.5714285720046,-0.7257142857144009,3,"欧州
15-21JST","EURGBP_欧州
15-21JST",2022_12
EURGBP,long,2022-03-22 10:20:00,2022-03-22 10:25:00,-4999.9999999995,-0.9999999999999,1,"欧州
15-21JST","EURGBP_欧州
15-21JST",2022_12
EURGBP,long,2022-03-22 10:30:00,2022-03-22 10:35:00,-5000.0000000003065,-1.0000000000000613,2,"欧州
15-21JST","EURGBP_欧州
15-21JST",2022_12
EURGBP,long,2022-03-22 10:40:00,2022-03-22 10:45:00,-3722.3823246872735,-0.7444764649374547,2,"欧州
15-21JST","EURGBP_欧州
15-21JST",2022_12
EURGBP,long,2022-03-22 10:45:00,2022-03-22 10:50:00,-5000.0000000001055,-1.000000000000021,1,"欧州
15-21JST","EURGBP_欧州
15-21JST",2022_12
EURGBP,long,2022-03-22 10:55:00,2022-03-22 11:00:00,-4124.218051832212,-0.8248436103664424,2,"欧州
15-21JST","EURGBP_欧州
15-21JST",2022_12
EURGBP,long,2022-03-22 11:10:00,2022-03-22 11:15:00,-4999.999999999886,-0.9999999999999772,1,"欧州
15-21JST","EURGBP_欧州
15-21JST",2022_12
EURGBP,long,2022-03-22 11:15:00,2022-03-22 11:20:00,2390.438247010793,0.4780876494021585,2,"欧州
15-21JST","EURGBP_欧州
15-21JST",2022_12
EURGBP,long,2022-03-22 11:30:00,2022-03-22 11:35:00,1807.3394495396576,0.3614678899079315,2,"欧州
15-21JST","EURGBP_欧州
15-21JST",2022_12
EURGBP,long,2022-03-22 11:35:00,2022-03-22 11:40:00,-4999.9999999997135,-0.9999999999999428,1,"欧州
15-21JST","EURGBP_欧州
15-21JST",2022_12
EURGBP,long,2022-03-22 11:45:00,2022-03-22 11:50:00,10093.572009764472,2.018714401952894,7,"欧州
15-21JST","EURGBP_欧州
15-21JST",2022_12
EURGBP,long,2022-03-22 11:55:00,2022-03-22 12:00:00,7578.565672844412,1.5157131345688823,5,"欧州
15-21JST","EURGBP_欧州
15-21JST",2022_12
AUDJPY,short,2022-03-23 00:55:00,2022-03-23 01:00:00,6116.225546605718,1.2232451093211436,2,"東京
09-15JST","AUDJPY_東京
09-15JST",2022_12
AUDJPY,short,2022-03-23 01:00:00,2022-03-23 01:05:00,-4999.999999999713,-0.9999999999999424,1,"東京
09-15JST","AUDJPY_東京
09-15JST",2022_12
NZDUSD,long,2022-03-23 04:40:00,2022-03-23 04:45:00,-3963.815789475424,-0.7927631578950848,2,"東京
09-15JST","NZDUSD_東京
09-15JST",2022_12
NZDUSD,long,2022-03-23 04:45:00,2022-03-23 04:50:00,-1410.2564102552085,-0.2820512820510417,2,"東京
09-15JST","NZDUSD_東京
09-15JST",2022_12
NZDUSD,long,2022-03-23 04:55:00,2022-03-23 05:00:00,-4999.999999999454,-0.9999999999998908,1,"東京
09-15JST","NZDUSD_東京
09-15JST",2022_12
NZDUSD,long,2022-03-23 05:00:00,2022-03-23 05:05:00,-5000.000000001255,-1.000000000000251,1,"東京
09-15JST","NZDUSD_東京
09-15JST",2022_12
NZDUSD,long,2022-03-23 05:10:00,2022-03-23 05:15:00,15830.815709967035,3.166163141993407,6,"東京
09-15JST","NZDUSD_東京
09-15JST",2022_12
NZDUSD,long,2022-03-23 05:15:00,2022-03-23 05:20:00,14503.012048190098,2.90060240963802,5,"東京
09-15JST","NZDUSD_東京
09-15JST",2022_12
EURJPY,short,2022-03-23 08:50:00,2022-03-23 08:55:00,-733.6343115113004,-0.1467268623022601,3,"欧州
15-21JST","EURJPY_欧州
15-21JST",2022_12
EURJPY,short,2022-03-23 09:05:00,2022-03-23 09:10:00,-5000.000000000113,-1.0000000000000226,1,"欧州
15-21JST","EURJPY_欧州
15-21JST",2022_12
EURJPY,short,2022-03-23 11:25:00,2022-03-23 11:30:00,6462.805791312078,1.2925611582624157,3,"欧州
15-21JST","EURJPY_欧州
15-21JST",2022_12
AUDNZD,long,2022-03-24 03:55:00,2022-03-24 04:00:00,3320.1267828834025,0.6640253565766805,4,"東京
09-15JST","AUDNZD_東京
09-15JST",2022_12
AUDNZD,long,2022-03-24 04:15:00,2022-03-24 04:20:00,-5000.0,-1.0,1,"東京
09-15JST","AUDNZD_東京
09-15JST",2022_12
AUDNZD,long,2022-03-24 04:20:00,2022-03-24 04:25:00,-4999.999999998108,-0.9999999999996216,1,"東京
09-15JST","AUDNZD_東京
09-15JST",2022_12
AUDJPY,short,2022-03-24 04:25:00,2022-03-24 04:30:00,-5000.0,-1.0,1,"東京
09-15JST","AUDJPY_東京
09-15JST",2022_12
AUDNZD,long,2022-03-24 04:25:00,2022-03-24 04:30:00,4678.77094972038,0.935754189944076,2,"東京
09-15JST","AUDNZD_東京
09-15JST",2022_12
AUDNZD,long,2022-03-24 04:40:00,2022-03-24 04:45:00,596.7555040531489,0.1193511008106297,2,"東京
09-15JST","AUDNZD_東京
09-15JST",2022_12
AUDNZD,long,2022-03-24 04:45:00,2022-03-24 04:50:00,2680.99547511583,0.536199095023166,2,"東京
09-15JST","AUDNZD_東京
09-15JST",2022_12
AUDNZD,long,2022-03-24 04:50:00,2022-03-24 04:55:00,-5000.00000000092,-1.000000000000184,1,"東京
09-15JST","AUDNZD_東京
09-15JST",2022_12
EURGBP,long,2022-03-24 10:35:00,2022-03-24 10:40:00,-2272.727272727788,-0.4545454545455576,3,"欧州
15-21JST","EURGBP_欧州
15-21JST",2022_12
EURGBP,long,2022-03-24 10:40:00,2022-03-24 10:45:00,887.2458410349954,0.177449168206999,2,"欧州
15-21JST","EURGBP_欧州
15-21JST",2022_12
EURGBP,long,2022-03-24 10:45:00,2022-03-24 10:50:00,-3133.333333335239,-0.6266666666670477,2,"欧州
15-21JST","EURGBP_欧州
15-21JST",2022_12
EURGBP,long,2022-03-24 10:55:00,2022-03-24 11:00:00,1455.1607445016389,0.2910321489003277,5,"欧州
15-21JST","EURGBP_欧州
15-21JST",2022_12
EURGBP,long,2022-03-24 11:00:00,2022-03-24 11:05:00,3000.000000000336,0.6000000000000673,4,"欧州
15-21JST","EURGBP_欧州
15-21JST",2022_12
EURGBP,long,2022-03-24 11:25:00,2022-03-24 11:30:00,-5000.000000000359,-1.000000000000072,1,"欧州
15-21JST","EURGBP_欧州
15-21JST",2022_12
AUDJPY,short,2022-03-25 00:10:00,2022-03-25 00:15:00,-5000.000000000262,-1.0000000000000524,1,"東京
09-15JST","AUDJPY_東京
09-15JST",2022_12
AUDNZD,long,2022-03-25 00:35:00,2022-03-25 00:40:00,3780.487804875344,0.7560975609750687,3,"東京
09-15JST","AUDNZD_東京
09-15JST",2022_12
AUDNZD,long,2022-03-25 00:40:00,2022-03-25 00:45:00,3230.5005820705646,0.6461001164141129,2,"東京
09-15JST","AUDNZD_東京
09-15JST",2022_12
AUDNZD,long,2022-03-25 00:55:00,2022-03-25 01:00:00,6524.390243901084,1.3048780487802167,2,"東京
09-15JST","AUDNZD_東京
09-15JST",2022_12
AUDNZD,long,2022-03-25 01:00:00,2022-03-25 01:05:00,-745.0980392134564,-0.1490196078426912,6,"東京
09-15JST","AUDNZD_東京
09-15JST",2022_12
AUDJPY,short,2022-03-25 04:15:00,2022-03-25 04:20:00,-5000.0,-1.0,1,"東京
09-15JST","AUDJPY_東京
09-15JST",2022_12
AUDJPY,short,2022-03-25 05:05:00,2022-03-25 05:10:00,-4479.311947932866,-0.8958623895865733,3,"東京
09-15JST","AUDJPY_東京
09-15JST",2022_12
EURGBP,long,2022-03-25 10:20:00,2022-03-25 10:25:00,-4999.999999999635,-0.9999999999999272,2,"欧州
15-21JST","EURGBP_欧州
15-21JST",2022_12
EURGBP,long,2022-03-25 10:25:00,2022-03-25 10:30:00,-4999.99999999975,-0.99999999999995,2,"欧州
15-21JST","EURGBP_欧州
15-21JST",2022_12
EURGBP,long,2022-03-25 10:40:00,2022-03-25 10:45:00,276.381909546761,0.0552763819093522,2,"欧州
15-21JST","EURGBP_欧州
15-21JST",2022_12
EURGBP,long,2022-03-25 10:50:00,2022-03-25 10:55:00,4058.8235294106976,0.8117647058821396,4,"欧州
15-21JST","EURGBP_欧州
15-21JST",2022_12
EURGBP,long,2022-03-25 11:00:00,2022-03-25 11:05:00,-1448.5981308403225,-0.2897196261680644,2,"欧州
15-21JST","EURGBP_欧州
15-21JST",2022_12
EURGBP,long,2022-03-25 11:35:00,2022-03-25 11:40:00,-2678.1326781341168,-0.5356265356268234,2,"欧州
15-21JST","EURGBP_欧州
15-21JST",2022_12
EURGBP,long,2022-03-25 11:40:00,2022-03-25 11:45:00,-1419.0012180276617,-0.2838002436055323,3,"欧州
15-21JST","EURGBP_欧州
15-21JST",2022_12
USDJPY,short,2022-03-28 10:55:00,2022-03-28 11:00:00,2253.8141470175715,0.4507628294035143,2,"欧州
15-21JST","USDJPY_欧州
15-21JST",2022_13
USDJPY,short,2022-03-28 11:05:00,2022-03-28 11:10:00,1879.5355587813904,0.375907111756278,5,"欧州
15-21JST","USDJPY_欧州
15-21JST",2022_13
EURJPY,short,2022-03-28 11:05:00,2022-03-28 11:10:00,5159.838324453518,1.0319676648907037,8,"欧州
15-21JST","EURJPY_欧州
15-21JST",2022_13
EURJPY,short,2022-03-28 11:15:00,2022-03-28 11:20:00,850.477590007117,0.1700955180014234,6,"欧州
15-21JST","EURJPY_欧州
15-21JST",2022_13
USDJPY,short,2022-03-28 11:15:00,2022-03-28 11:20:00,-1546.2427745660734,-0.3092485549132147,3,"欧州
15-21JST","USDJPY_欧州
15-21JST",2022_13
EURJPY,short,2022-03-28 11:20:00,2022-03-28 11:25:00,11725.115125754215,2.3450230251508435,12,"欧州
15-21JST","EURJPY_欧州
15-21JST",2022_13
USDJPY,short,2022-03-28 11:20:00,2022-03-28 11:25:00,-3262.957774664489,-0.6525915549328979,2,"欧州
15-21JST","USDJPY_欧州
15-21JST",2022_13
EURJPY,short,2022-03-28 11:30:00,2022-03-28 11:35:00,9888.15099615545,1.9776301992310896,10,"欧州
15-21JST","EURJPY_欧州
15-21JST",2022_13
USDJPY,short,2022-03-28 11:30:00,2022-03-28 11:35:00,6971.014492753737,1.3942028985507473,10,"欧州
15-21JST","USDJPY_欧州
15-21JST",2022_13
EURJPY,short,2022-03-28 11:40:00,2022-03-28 11:45:00,2057.461587034387,0.4114923174068773,3,"欧州
15-21JST","EURJPY_欧州
15-21JST",2022_13
EURJPY,short,2022-03-28 11:50:00,2022-03-28 11:55:00,16126.696832579948,3.225339366515989,6,"欧州
15-21JST","EURJPY_欧州
15-21JST",2022_13
NZDUSD,long,2022-03-28 12:45:00,2022-03-28 12:50:00,-5000.0,-1.0,1,"NY
21-03JST","NZDUSD_NY
21-03JST",2022_13
NZDUSD,long,2022-03-28 12:55:00,2022-03-28 13:00:00,-4999.999999999898,-0.9999999999999796,1,"NY
21-03JST","NZDUSD_NY
21-03JST",2022_13
NZDUSD,long,2022-03-28 13:45:00,2022-03-28 13:50:00,-2230.376515635529,-0.4460753031271058,2,"NY
21-03JST","NZDUSD_NY
21-03JST",2022_13
NZDUSD,long,2022-03-28 13:50:00,2022-03-28 13:55:00,-2028.9389067520888,-0.4057877813504177,2,"NY
21-03JST","NZDUSD_NY
21-03JST",2022_13
NZDUSD,long,2022-03-28 14:00:00,2022-03-28 14:05:00,1295.5974842762105,0.259119496855242,4,"NY
21-03JST","NZDUSD_NY
21-03JST",2022_13
NZDUSD,long,2022-03-28 14:05:00,2022-03-28 14:10:00,-680.1007556677907,-0.1360201511335581,3,"NY
21-03JST","NZDUSD_NY
21-03JST",2022_13
NZDUSD,long,2022-03-28 14:10:00,2022-03-28 14:15:00,194.9685534591451,0.038993710691829,2,"NY
21-03JST","NZDUSD_NY
21-03JST",2022_13
NZDUSD,long,2022-03-28 14:25:00,2022-03-28 14:30:00,-3319.615912208517,-0.6639231824417033,2,"NY
21-03JST","NZDUSD_NY
21-03JST",2022_13
NZDUSD,long,2022-03-28 14:30:00,2022-03-28 14:35:00,-5000.0,-1.0,1,"NY
21-03JST","NZDUSD_NY
21-03JST",2022_13
NZDUSD,long,2022-03-28 14:35:00,2022-03-28 14:40:00,2098.591549295574,0.4197183098591148,6,"NY
21-03JST","NZDUSD_NY
21-03JST",2022_13
NZDUSD,long,2022-03-28 14:40:00,2022-03-28 14:45:00,6029.71665514887,1.205943331029774,5,"NY
21-03JST","NZDUSD_NY
21-03JST",2022_13
GBPUSD,short,2022-03-29 13:45:00,2022-03-29 13:50:00,-3757.67918088729,-0.751535836177458,2,"NY
21-03JST","GBPUSD_NY
21-03JST",2022_13
NZDUSD,long,2022-03-29 13:50:00,2022-03-29 13:55:00,3063.2411067191915,0.6126482213438383,3,"NY
21-03JST","NZDUSD_NY
21-03JST",2022_13
GBPUSD,short,2022-03-29 13:50:00,2022-03-29 13:55:00,-4317.196531790465,-0.8634393063580931,2,"NY
21-03JST","GBPUSD_NY
21-03JST",2022_13
EURGBP,long,2022-03-29 14:25:00,2022-03-29 14:30:00,-128.86597938171175,-0.0257731958763423,2,"NY
21-03JST","EURGBP_NY
21-03JST",2022_13
EURGBP,long,2022-03-29 14:40:00,2022-03-29 14:45:00,6795.859412614264,1.359171882522853,7,"NY
21-03JST","EURGBP_NY
21-03JST",2022_13
EURGBP,long,2022-03-29 15:20:00,2022-03-29 15:25:00,3956.476140534751,0.7912952281069502,7,"NY
21-03JST","EURGBP_NY
21-03JST",2022_13
EURGBP,long,2022-03-29 15:25:00,2022-03-29 15:30:00,3110.9280615050866,0.6221856123010173,6,"NY
21-03JST","EURGBP_NY
21-03JST",2022_13
GBPUSD,short,2022-03-29 16:15:00,2022-03-29 16:20:00,22205.95072059193,4.441190144118385,12,"NY
21-03JST","GBPUSD_NY
21-03JST",2022_13
GBPUSD,short,2022-03-29 17:35:00,2022-03-29 17:40:00,-3793.796668581628,-0.7587593337163255,3,"NY
21-03JST","GBPUSD_NY
21-03JST",2022_13
GBPUSD,short,2022-03-29 17:40:00,2022-03-29 17:45:00,-3789.3761581217673,-0.7578752316243534,3,"NY
21-03JST","GBPUSD_NY
21-03JST",2022_13
GBPUSD,short,2022-03-29 17:45:00,2022-03-29 17:50:00,-2650.714729646383,-0.5301429459292766,2,"NY
21-03JST","GBPUSD_NY
21-03JST",2022_13
GBPUSD,short,2022-03-29 17:55:00,2022-03-29 18:00:00,-3106.860158310257,-0.6213720316620513,6,"NY
21-03JST","GBPUSD_NY
21-03JST",2022_13
USDJPY,short,2022-03-30 07:30:00,2022-03-30 07:35:00,-4999.999999999833,-0.9999999999999666,1,"欧州
15-21JST","USDJPY_欧州
15-21JST",2022_13
EURJPY,short,2022-03-30 11:15:00,2022-03-30 11:20:00,853.849159827666,0.1707698319655332,4,"欧州
15-21JST","EURJPY_欧州
15-21JST",2022_13
EURJPY,short,2022-03-30 11:30:00,2022-03-30 11:35:00,-729.5960428685414,-0.1459192085737082,2,"欧州
15-21JST","EURJPY_欧州
15-21JST",2022_13
EURJPY,short,2022-03-30 11:35:00,2022-03-30 11:40:00,-5000.0,-1.0,1,"欧州
15-21JST","EURJPY_欧州
15-21JST",2022_13
EURGBP,long,2022-03-30 12:25:00,2022-03-30 12:30:00,-952.045133991334,-0.1904090267982668,3,"NY
21-03JST","EURGBP_NY
21-03JST",2022_13
EURGBP,long,2022-03-30 12:45:00,2022-03-30 12:50:00,13446.943078004128,2.689388615600825,9,"NY
21-03JST","EURGBP_NY
21-03JST",2022_13
EURGBP,long,2022-03-30 12:55:00,2022-03-30 13:00:00,14039.242219212583,2.807848443842517,7,"NY
21-03JST","EURGBP_NY
21-03JST",2022_13
GBPUSD,short,2022-03-30 16:25:00,2022-03-30 16:30:00,4601.532567048921,0.9203065134097842,3,"NY
21-03JST","GBPUSD_NY
21-03JST",2022_13
GBPUSD,short,2022-03-30 16:30:00,2022-03-30 16:35:00,4682.668836449794,0.9365337672899589,2,"NY
21-03JST","GBPUSD_NY
21-03JST",2022_13
NZDUSD,long,2022-03-30 16:35:00,2022-03-30 16:40:00,10881.502890173404,2.176300578034681,4,"NY
21-03JST","NZDUSD_NY
21-03JST",2022_13
GBPUSD,short,2022-03-30 16:35:00,2022-03-30 16:40:00,11595.273264399944,2.3190546528799887,16,"NY
21-03JST","GBPUSD_NY
21-03JST",2022_13
GBPUSD,short,2022-03-30 16:40:00,2022-03-30 16:45:00,11753.92670156892,2.350785340313784,15,"NY
21-03JST","GBPUSD_NY
21-03JST",2022_13
GBPUSD,short,2022-03-30 16:55:00,2022-03-30 17:00:00,12565.543071160975,2.5131086142321952,12,"NY
21-03JST","GBPUSD_NY
21-03JST",2022_13
GBPUSD,short,2022-03-30 17:00:00,2022-03-30 17:05:00,4712.683952346958,0.9425367904693916,11,"NY
21-03JST","GBPUSD_NY
21-03JST",2022_13
NZDUSD,long,2022-03-31 04:25:00,2022-03-31 04:30:00,-1285.7142857142944,-0.2571428571428589,5,"東京
09-15JST","NZDUSD_東京
09-15JST",2022_13
NZDUSD,long,2022-03-31 04:30:00,2022-03-31 04:35:00,384.615384612948,0.0769230769225896,4,"東京
09-15JST","NZDUSD_東京
09-15JST",2022_13
NZDUSD,long,2022-03-31 04:35:00,2022-03-31 04:40:00,331.45275035355724,0.0662905500707114,3,"東京
09-15JST","NZDUSD_東京
09-15JST",2022_13
USDJPY,short,2022-03-31 06:05:00,2022-03-31 06:10:00,-2389.50276243045,-0.47790055248609,2,"欧州
15-21JST","USDJPY_欧州
15-21JST",2022_13
EURJPY,short,2022-03-31 06:05:00,2022-03-31 06:10:00,-1398.9169675105334,-0.2797833935021067,2,"欧州
15-21JST","EURJPY_欧州
15-21JST",2022_13
USDJPY,short,2022-03-31 06:10:00,2022-03-31 06:15:00,-1749.1319444445885,-0.3498263888889176,3,"欧州
15-21JST","USDJPY_欧州
15-21JST",2022_13
EURJPY,short,2022-03-31 06:10:00,2022-03-31 06:15:00,1435.108153077812,0.2870216306155624,3,"欧州
15-21JST","EURJPY_欧州
15-21JST",2022_13
EURJPY,short,2022-03-31 06:25:00,2022-03-31 06:30:00,4979.806138933439,0.9959612277866878,2,"欧州
15-21JST","EURJPY_欧州
15-21JST",2022_13
USDJPY,short,2022-03-31 06:25:00,2022-03-31 06:30:00,20467.775467775267,4.093555093555054,9,"欧州
15-21JST","USDJPY_欧州
15-21JST",2022_13
USDJPY,short,2022-03-31 06:30:00,2022-03-31 06:35:00,21678.515007898462,4.3357030015796925,8,"欧州
15-21JST","USDJPY_欧州
15-21JST",2022_13
EURJPY,short,2022-03-31 06:30:00,2022-03-31 06:35:00,1925.7012888542772,0.3851402577708555,2,"欧州
15-21JST","EURJPY_欧州
15-21JST",2022_13
USDJPY,short,2022-03-31 06:40:00,2022-03-31 06:45:00,20289.421157685043,4.057884231537009,6,"欧州
15-21JST","USDJPY_欧州
15-21JST",2022_13
USDJPY,short,2022-03-31 06:45:00,2022-03-31 06:50:00,15389.408099688551,3.0778816199377106,5,"欧州
15-21JST","USDJPY_欧州
15-21JST",2022_13
USDJPY,short,2022-03-31 06:50:00,2022-03-31 06:55:00,10076.923076923653,2.0153846153847303,4,"欧州
15-21JST","USDJPY_欧州
15-21JST",2022_13
USDJPY,short,2022-03-31 06:55:00,2022-03-31 07:00:00,5802.469135802582,1.1604938271605163,3,"欧州
15-21JST","USDJPY_欧州
15-21JST",2022_13
USDJPY,short,2022-03-31 07:00:00,2022-03-31 07:05:00,1029.3637846659783,0.2058727569331956,2,"欧州
15-21JST","USDJPY_欧州
15-21JST",2022_13
USDJPY,short,2022-03-31 07:05:00,2022-03-31 07:10:00,-3480.1488833748026,-0.6960297766749606,2,"欧州
15-21JST","USDJPY_欧州
15-21JST",2022_13
USDJPY,short,2022-03-31 07:10:00,2022-03-31 07:15:00,-4999.999999999766,-0.9999999999999531,1,"欧州
15-21JST","USDJPY_欧州
15-21JST",2022_13
USDJPY,short,2022-03-31 07:30:00,2022-03-31 07:35:00,-4999.999999999673,-0.9999999999999344,1,"欧州
15-21JST","USDJPY_欧州
15-21JST",2022_13
USDJPY,short,2022-03-31 07:50:00,2022-03-31 07:55:00,-4999.999999999906,-0.9999999999999812,1,"欧州
15-21JST","USDJPY_欧州
15-21JST",2022_13
USDJPY,short,2022-03-31 07:55:00,2022-03-31 08:00:00,-4999.99999999995,-0.99999999999999,1,"欧州
15-21JST","USDJPY_欧州
15-21JST",2022_13
EURJPY,short,2022-03-31 08:25:00,2022-03-31 08:30:00,-162.95025728992832,-0.0325900514579856,2,"欧州
15-21JST","EURJPY_欧州
15-21JST",2022_13
EURJPY,short,2022-03-31 08:30:00,2022-03-31 08:35:00,-5000.000000000405,-1.000000000000081,1,"欧州
15-21JST","EURJPY_欧州
15-21JST",2022_13
EURJPY,short,2022-03-31 11:15:00,2022-03-31 11:20:00,5216.216216215095,1.043243243243019,6,"欧州
15-21JST","EURJPY_欧州
15-21JST",2022_13
EURJPY,short,2022-03-31 11:20:00,2022-03-31 11:25:00,1110.7168204416066,0.2221433640883213,5,"欧州
15-21JST","EURJPY_欧州
15-21JST",2022_13
EURJPY,short,2022-03-31 11:55:00,2022-03-31 12:00:00,-5000.000000000647,-1.0000000000001292,1,"欧州
15-21JST","EURJPY_欧州
15-21JST",2022_13
EURGBP,long,2022-03-31 13:25:00,2022-03-31 13:30:00,7347.540983607301,1.4695081967214605,8,"NY
21-03JST","EURGBP_NY
21-03JST",2022_13
EURGBP,long,2022-03-31 14:10:00,2022-03-31 14:15:00,-4586.776859503855,-0.917355371900771,2,"NY
21-03JST","EURGBP_NY
21-03JST",2022_13
EURGBP,long,2022-03-31 14:25:00,2022-03-31 14:30:00,-367.9653679658507,-0.0735930735931701,2,"NY
21-03JST","EURGBP_NY
21-03JST",2022_13
EURGBP,long,2022-03-31 14:30:00,2022-03-31 14:35:00,-5000.000000000074,-1.0000000000000149,3,"NY
21-03JST","EURGBP_NY
21-03JST",2022_13
EURGBP,long,2022-03-31 14:40:00,2022-03-31 14:45:00,11447.823082238849,2.2895646164477697,3,"NY
21-03JST","EURGBP_NY
21-03JST",2022_13
EURGBP,long,2022-03-31 14:45:00,2022-03-31 14:50:00,11128.15269256904,2.2256305385138084,2,"NY
21-03JST","EURGBP_NY
21-03JST",2022_13
EURGBP,long,2022-03-31 14:50:00,2022-03-31 14:55:00,6885.906040267802,1.3771812080535604,2,"NY
21-03JST","EURGBP_NY
21-03JST",2022_13
EURGBP,long,2022-03-31 15:05:00,2022-03-31 15:10:00,-1452.1640091111212,-0.2904328018222242,4,"NY
21-03JST","EURGBP_NY
21-03JST",2022_13
EURGBP,long,2022-03-31 16:00:00,2022-03-31 16:05:00,-5000.000000000491,-1.000000000000098,2,"NY
21-03JST","EURGBP_NY
21-03JST",2022_13
EURGBP,long,2022-03-31 16:05:00,2022-03-31 16:10:00,-1243.2915921291058,-0.2486583184258211,5,"NY
21-03JST","EURGBP_NY
21-03JST",2022_13
EURGBP,long,2022-03-31 16:10:00,2022-03-31 16:15:00,-492.6829268307159,-0.0985365853661431,4,"NY
21-03JST","EURGBP_NY
21-03JST",2022_13
EURGBP,long,2022-03-31 16:15:00,2022-03-31 16:20:00,-55.49949546128282,-0.0110998990922565,3,"NY
21-03JST","EURGBP_NY
21-03JST",2022_13
EURJPY,short,2022-04-01 06:00:00,2022-04-01 06:05:00,7194.881889765747,1.4389763779531493,2,"欧州
15-21JST","EURJPY_欧州
15-21JST",2022_13
EURJPY,short,2022-04-01 06:05:00,2022-04-01 06:10:00,-5000.000000000122,-1.0000000000000244,1,"欧州
15-21JST","EURJPY_欧州
15-21JST",2022_13
USDJPY,short,2022-04-01 10:10:00,2022-04-01 10:15:00,1769.2307692304787,0.3538461538460957,4,"欧州
15-21JST","USDJPY_欧州
15-21JST",2022_13
USDJPY,short,2022-04-01 10:15:00,2022-04-01 10:20:00,41.66666666568121,0.0083333333331362,3,"欧州
15-21JST","USDJPY_欧州
15-21JST",2022_13
USDJPY,short,2022-04-01 10:30:00,2022-04-01 10:35:00,-4999.999999999576,-0.9999999999999152,1,"欧州
15-21JST","USDJPY_欧州
15-21JST",2022_13
NZDUSD,long,2022-04-01 15:00:00,2022-04-01 15:05:00,-1752.39536056499,-0.350479072112998,17,"NY
21-03JST","NZDUSD_NY
21-03JST",2022_13
NZDUSD,long,2022-04-01 15:10:00,2022-04-01 15:15:00,-3034.4827586207307,-0.6068965517241461,16,"NY
21-03JST","NZDUSD_NY
21-03JST",2022_13
NZDUSD,long,2022-04-01 15:20:00,2022-04-01 15:25:00,-2459.538989699861,-0.4919077979399722,14,"NY
21-03JST","NZDUSD_NY
21-03JST",2022_13
NZDUSD,long,2022-04-01 15:30:00,2022-04-01 15:35:00,-1630.6483300587213,-0.3261296660117442,12,"NY
21-03JST","NZDUSD_NY
21-03JST",2022_13
NZDUSD,long,2022-04-01 15:35:00,2022-04-01 15:40:00,-1731.657260133467,-0.3463314520266934,10,"NY
21-03JST","NZDUSD_NY
21-03JST",2022_13
GBPUSD,short,2022-04-01 15:35:00,2022-04-01 15:40:00,-5000.00000000011,-1.000000000000022,6,"NY
21-03JST","GBPUSD_NY
21-03JST",2022_13
NZDUSD,long,2022-04-01 16:00:00,2022-04-01 16:05:00,-3038.692461640502,-0.6077384923281004,2,"NY
21-03JST","NZDUSD_NY
21-03JST",2022_13
NZDUSD,long,2022-04-01 16:10:00,2022-04-01 16:15:00,-3349.410503752476,-0.6698821007504951,3,"NY
21-03JST","NZDUSD_NY
21-03JST",2022_13
NZDUSD,long,2022-04-01 16:15:00,2022-04-01 16:20:00,-1860.9865470831503,-0.37219730941663,2,"NY
21-03JST","NZDUSD_NY
21-03JST",2022_13
NZDUSD,long,2022-04-01 16:25:00,2022-04-01 16:30:00,-4999.999999999865,-0.9999999999999732,2,"NY
21-03JST","NZDUSD_NY
21-03JST",2022_13
NZDUSD,long,2022-04-01 16:30:00,2022-04-01 16:35:00,-4818.18181818106,-0.963636363636212,4,"NY
21-03JST","NZDUSD_NY
21-03JST",2022_13
NZDUSD,long,2022-04-01 16:35:00,2022-04-01 16:40:00,-4718.120805366387,-0.9436241610732774,3,"NY
21-03JST","NZDUSD_NY
21-03JST",2022_13
NZDUSD,long,2022-04-01 16:40:00,2022-04-01 16:45:00,-3276.3337893296152,-0.655266757865923,2,"NY
21-03JST","NZDUSD_NY
21-03JST",2022_13
NZDUSD,long,2022-04-01 16:55:00,2022-04-01 17:00:00,-4999.999999999361,-0.999999999999872,2,"NY
21-03JST","NZDUSD_NY
21-03JST",2022_13
EURJPY,short,2022-04-04 08:25:00,2022-04-04 08:30:00,-5000.000000000108,-1.0000000000000215,1,"欧州
15-21JST","EURJPY_欧州
15-21JST",2022_14
EURJPY,short,2022-04-04 08:45:00,2022-04-04 08:50:00,674.2220514793212,0.1348444102958642,3,"欧州
15-21JST","EURJPY_欧州
15-21JST",2022_14
EURGBP,long,2022-04-04 15:00:00,2022-04-04 15:05:00,-5000.000000000354,-1.0000000000000708,3,"NY
21-03JST","EURGBP_NY
21-03JST",2022_14
EURGBP,long,2022-04-04 15:05:00,2022-04-04 15:10:00,-2411.48701809602,-0.482297403619204,3,"NY
21-03JST","EURGBP_NY
21-03JST",2022_14
EURGBP,long,2022-04-04 15:10:00,2022-04-04 15:15:00,-4941.077441078925,-0.9882154882157852,2,"NY
21-03JST","EURGBP_NY
21-03JST",2022_14
EURGBP,long,2022-04-04 15:20:00,2022-04-04 15:25:00,442.1768707481599,0.0884353741496319,4,"NY
21-03JST","EURGBP_NY
21-03JST",2022_14
EURGBP,long,2022-04-04 15:25:00,2022-04-04 15:30:00,35.46099290803277,0.0070921985816065,3,"NY
21-03JST","EURGBP_NY
21-03JST",2022_14
EURGBP,long,2022-04-04 15:40:00,2022-04-04 15:45:00,-1352.0157325457074,-0.2704031465091415,3,"NY
21-03JST","EURGBP_NY
21-03JST",2022_14
EURGBP,long,2022-04-04 15:45:00,2022-04-04 15:50:00,2028.1124497990236,0.4056224899598046,2,"NY
21-03JST","EURGBP_NY
21-03JST",2022_14
EURGBP,long,2022-04-04 15:50:00,2022-04-04 15:55:00,-828.2828282817301,-0.165656565656346,2,"NY
21-03JST","EURGBP_NY
21-03JST",2022_14
EURGBP,long,2022-04-04 16:05:00,2022-04-04 16:10:00,-3051.5463917516045,-0.6103092783503209,7,"NY
21-03JST","EURGBP_NY
21-03JST",2022_14
EURGBP,long,2022-04-04 16:10:00,2022-04-04 16:15:00,-2261.613691930285,-0.4523227383860569,3,"NY
21-03JST","EURGBP_NY
21-03JST",2022_14
EURGBP,long,2022-04-04 16:15:00,2022-04-04 16:20:00,-1343.9490445872243,-0.2687898089174448,2,"NY
21-03JST","EURGBP_NY
21-03JST",2022_14
EURGBP,long,2022-04-04 16:20:00,2022-04-04 16:25:00,921.7171717185778,0.1843434343437155,4,"NY
21-03JST","EURGBP_NY
21-03JST",2022_14
EURGBP,long,2022-04-04 16:45:00,2022-04-04 16:50:00,-4999.999999999406,-0.9999999999998812,1,"NY
21-03JST","EURGBP_NY
21-03JST",2022_14
EURGBP,long,2022-04-04 16:50:00,2022-04-04 16:55:00,-3058.3941605844734,-0.6116788321168947,3,"NY
21-03JST","EURGBP_NY
21-03JST",2022_14
EURGBP,long,2022-04-04 16:55:00,2022-04-04 17:00:00,-1389.6848137544264,-0.2779369627508852,2,"NY
21-03JST","EURGBP_NY
21-03JST",2022_14
EURJPY,long,2022-04-04 17:05:00,2022-04-04 17:10:00,-3133.9712918628297,-0.626794258372566,4,"NY
21-03JST","EURJPY_NY
21-03JST",2022_14
EURJPY,long,2022-04-04 17:10:00,2022-04-04 17:15:00,-1896.551724135248,-0.3793103448270495,3,"NY
21-03JST","EURJPY_NY
21-03JST",2022_14
EURJPY,long,2022-04-04 17:15:00,2022-04-04 17:20:00,129.09979064912474,0.0258199581298249,2,"NY
21-03JST","EURJPY_NY
21-03JST",2022_14
EURJPY,long,2022-04-04 17:20:00,2022-04-04 17:25:00,757.3680603173613,0.1514736120634722,5,"NY
21-03JST","EURJPY_NY
21-03JST",2022_14
EURGBP,long,2022-04-05 12:00:00,2022-04-05 12:05:00,-5000.000000000155,-1.0000000000000309,1,"NY
21-03JST","EURGBP_NY
21-03JST",2022_14
EURGBP,long,2022-04-05 12:10:00,2022-04-05 12:15:00,-4999.999999999714,-0.9999999999999428,1,"NY
21-03JST","EURGBP_NY
21-03JST",2022_14
EURGBP,long,2022-04-05 12:15:00,2022-04-05 12:20:00,-5000.000000000791,-1.0000000000001583,1,"NY
21-03JST","EURGBP_NY
21-03JST",2022_14
EURGBP,long,2022-04-05 12:20:00,2022-04-05 12:25:00,4081.515499425967,0.8163030998851933,4,"NY
21-03JST","EURGBP_NY
21-03JST",2022_14
EURGBP,long,2022-04-05 12:25:00,2022-04-05 12:30:00,3856.825749166164,0.7713651498332328,3,"NY
21-03JST","EURGBP_NY
21-03JST",2022_14
EURGBP,long,2022-04-05 12:45:00,2022-04-05 12:50:00,-659.8759964566561,-0.1319751992913312,3,"NY
21-03JST","EURGBP_NY
21-03JST",2022_14
EURGBP,long,2022-04-05 13:00:00,2022-04-05 13:05:00,-4999.999999999727,-0.9999999999999454,1,"NY
21-03JST","EURGBP_NY
21-03JST",2022_14
EURGBP,long,2022-04-05 13:05:00,2022-04-05 13:10:00,-5000.000000000625,-1.000000000000125,2,"NY
21-03JST","EURGBP_NY
21-03JST",2022_14
EURGBP,long,2022-04-05 13:10:00,2022-04-05 13:15:00,-4999.999999999738,-0.9999999999999476,1,"NY
21-03JST","EURGBP_NY
21-03JST",2022_14
EURGBP,long,2022-04-05 13:15:00,2022-04-05 13:20:00,-4999.999999999332,-0.9999999999998664,1,"NY
21-03JST","EURGBP_NY
21-03JST",2022_14
EURGBP,long,2022-04-05 13:20:00,2022-04-05 13:25:00,-371.2296983752079,-0.0742459396750415,3,"NY
21-03JST","EURGBP_NY
21-03JST",2022_14
EURGBP,long,2022-04-05 13:30:00,2022-04-05 13:35:00,-3305.0847457636914,-0.6610169491527383,2,"NY
21-03JST","EURGBP_NY
21-03JST",2022_14
EURGBP,long,2022-04-05 13:40:00,2022-04-05 13:45:00,-5000.000000000134,-1.0000000000000266,1,"NY
21-03JST","EURGBP_NY
21-03JST",2022_14
EURGBP,long,2022-04-05 13:45:00,2022-04-05 13:50:00,-4826.08695652033,-0.965217391304066,2,"NY
21-03JST","EURGBP_NY
21-03JST",2022_14
EURGBP,long,2022-04-05 13:50:00,2022-04-05 13:55:00,925.03022974593,0.185006045949186,3,"NY
21-03JST","EURGBP_NY
21-03JST",2022_14
EURGBP,long,2022-04-05 14:00:00,2022-04-05 14:05:00,1090.7944514503054,0.218158890290061,2,"NY
21-03JST","EURGBP_NY
21-03JST",2022_14
EURGBP,long,2022-04-05 14:10:00,2022-04-05 14:15:00,-1704.9368541908807,-0.3409873708381761,2,"NY
21-03JST","EURGBP_NY
21-03JST",2022_14
GBPUSD,short,2022-04-05 15:20:00,2022-04-05 15:25:00,13931.506849315716,2.786301369863143,23,"NY
21-03JST","GBPUSD_NY
21-03JST",2022_14
GBPUSD,short,2022-04-05 15:25:00,2022-04-05 15:30:00,13962.62074758605,2.79252414951721,21,"NY
21-03JST","GBPUSD_NY
21-03JST",2022_14
GBPUSD,short,2022-04-05 15:30:00,2022-04-05 15:35:00,15054.054054055212,3.0108108108110425,20,"NY
21-03JST","GBPUSD_NY
21-03JST",2022_14
GBPUSD,short,2022-04-05 15:35:00,2022-04-05 15:40:00,14235.668789809624,2.8471337579619247,19,"NY
21-03JST","GBPUSD_NY
21-03JST",2022_14
GBPUSD,short,2022-04-05 15:40:00,2022-04-05 15:45:00,12389.186556260944,2.4778373112521885,17,"NY
21-03JST","GBPUSD_NY
21-03JST",2022_14
GBPUSD,short,2022-04-05 15:45:00,2022-04-05 15:50:00,9206.89655172351,1.841379310344702,15,"NY
21-03JST","GBPUSD_NY
21-03JST",2022_14
GBPUSD,short,2022-04-05 17:30:00,2022-04-05 17:35:00,-1156.8627450974698,-0.2313725490194939,5,"NY
21-03JST","GBPUSD_NY
21-03JST",2022_14
GBPUSD,short,2022-04-05 17:35:00,2022-04-05 17:40:00,-1210.1910828016676,-0.2420382165603335,4,"NY
21-03JST","GBPUSD_NY
21-03JST",2022_14
EURJPY,long,2022-04-06 15:30:00,2022-04-06 15:35:00,-387.205387205778,-0.0774410774411556,10,"NY
21-03JST","EURJPY_NY
21-03JST",2022_14
NZDUSD,long,2022-04-07 02:40:00,2022-04-07 02:45:00,-5000.000000000798,-1.0000000000001594,1,"東京
09-15JST","NZDUSD_東京
09-15JST",2022_14
NZDUSD,long,2022-04-07 02:45:00,2022-04-07 02:50:00,7650.60240963787,1.530120481927574,7,"東京
09-15JST","NZDUSD_東京
09-15JST",2022_14
EURJPY,short,2022-04-07 08:10:00,2022-04-07 08:15:00,-1699.2353440941056,-0.3398470688188211,2,"欧州
15-21JST","EURJPY_欧州
15-21JST",2022_14
EURJPY,short,2022-04-07 09:10:00,2022-04-07 09:15:00,5598.591549297329,1.119718309859466,2,"欧州
15-21JST","EURJPY_欧州
15-21JST",2022_14
EURJPY,short,2022-04-07 09:15:00,2022-04-07 09:20:00,2561.320754717473,0.5122641509434945,2,"欧州
15-21JST","EURJPY_欧州
15-21JST",2022_14
EURJPY,short,2022-04-07 09:20:00,2022-04-07 09:25:00,-4999.999999999847,-0.9999999999999696,1,"欧州
15-21JST","EURJPY_欧州
15-21JST",2022_14
GBPUSD,short,2022-04-07 14:05:00,2022-04-07 14:10:00,-5000.000000000591,-1.000000000000118,1,"NY
21-03JST","GBPUSD_NY
21-03JST",2022_14
EURJPY,long,2022-04-07 15:25:00,2022-04-07 15:30:00,-1848.6869528964305,-0.3697373905792861,3,"NY
21-03JST","EURJPY_NY
21-03JST",2022_14
EURJPY,long,2022-04-07 15:30:00,2022-04-07 15:35:00,-1185.524126457279,-0.2371048252914558,2,"NY
21-03JST","EURJPY_NY
21-03JST",2022_14
EURJPY,long,2022-04-07 15:35:00,2022-04-07 15:40:00,-4587.542087542357,-0.9175084175084712,2,"NY
21-03JST","EURJPY_NY
21-03JST",2022_14
EURJPY,long,2022-04-07 15:45:00,2022-04-07 15:50:00,-4999.999999999605,-0.9999999999999212,2,"NY
21-03JST","EURJPY_NY
21-03JST",2022_14
EURJPY,long,2022-04-07 15:50:00,2022-04-07 15:55:00,-1363.2183908068528,-0.2726436781613705,2,"NY
21-03JST","EURJPY_NY
21-03JST",2022_14
EURJPY,long,2022-04-07 16:05:00,2022-04-07 16:10:00,-4999.999999999327,-0.9999999999998654,1,"NY
21-03JST","EURJPY_NY
21-03JST",2022_14
EURJPY,long,2022-04-07 16:10:00,2022-04-07 16:15:00,-2238.979118330828,-0.4477958236661656,8,"NY
21-03JST","EURJPY_NY
21-03JST",2022_14
EURJPY,long,2022-04-07 16:15:00,2022-04-07 16:20:00,644.0839694642308,0.1288167938928461,7,"NY
21-03JST","EURJPY_NY
21-03JST",2022_14
EURJPY,long,2022-04-07 16:30:00,2022-04-07 16:35:00,-3693.623639190897,-0.7387247278381794,4,"NY
21-03JST","EURJPY_NY
21-03JST",2022_14
EURGBP,long,2022-04-07 16:35:00,2022-04-07 16:40:00,-3189.655172413584,-0.6379310344827168,3,"NY
21-03JST","EURGBP_NY
21-03JST",2022_14
EURJPY,long,2022-04-07 16:40:00,2022-04-07 16:45:00,-2777.136258660669,-0.5554272517321338,2,"NY
21-03JST","EURJPY_NY
21-03JST",2022_14
EURJPY,long,2022-04-07 16:55:00,2022-04-07 17:00:00,9173.742651859968,1.8347485303719933,5,"NY
21-03JST","EURJPY_NY
21-03JST",2022_14
EURJPY,long,2022-04-07 17:00:00,2022-04-07 17:05:00,5995.475113121544,1.199095022624309,4,"NY
21-03JST","EURJPY_NY
21-03JST",2022_14
EURGBP,long,2022-04-07 17:15:00,2022-04-07 17:20:00,-2718.518518517385,-0.543703703703477,2,"NY
21-03JST","EURGBP_NY
21-03JST",2022_14
EURGBP,long,2022-04-07 17:25:00,2022-04-07 17:30:00,-5000.000000000183,-1.0000000000000366,4,"NY
21-03JST","EURGBP_NY
21-03JST",2022_14
EURGBP,long,2022-04-07 17:30:00,2022-04-07 17:35:00,-4190.082644626998,-0.8380165289253997,3,"NY
21-03JST","EURGBP_NY
21-03JST",2022_14
EURGBP,long,2022-04-07 17:35:00,2022-04-07 17:40:00,-3686.006825940135,-0.7372013651880269,2,"NY
21-03JST","EURGBP_NY
21-03JST",2022_14
EURGBP,long,2022-04-07 17:40:00,2022-04-07 17:45:00,1695.65217391259,0.339130434782518,8,"NY
21-03JST","EURGBP_NY
21-03JST",2022_14
EURGBP,long,2022-04-07 17:45:00,2022-04-07 17:50:00,2340.8239700393315,0.4681647940078663,6,"NY
21-03JST","EURGBP_NY
21-03JST",2022_14
EURGBP,long,2022-04-07 17:50:00,2022-04-07 17:55:00,4462.962962965415,0.8925925925930829,5,"NY
21-03JST","EURGBP_NY
21-03JST",2022_14
EURGBP,long,2022-04-07 17:55:00,2022-04-07 18:00:00,-1249.9999999970755,-0.2499999999994151,4,"NY
21-03JST","EURGBP_NY
21-03JST",2022_14
GBPUSD,short,2022-04-08 13:30:00,2022-04-08 13:35:00,12745.901639345871,2.5491803278691747,3,"NY
21-03JST","GBPUSD_NY
21-03JST",2022_14
GBPUSD,short,2022-04-08 14:35:00,2022-04-08 14:40:00,-5000.000000000508,-1.0000000000001017,3,"NY
21-03JST","GBPUSD_NY
21-03JST",2022_14
EURGBP,long,2022-04-08 16:45:00,2022-04-08 16:50:00,3262.599469495949,0.6525198938991899,8,"NY
21-03JST","EURGBP_NY
21-03JST",2022_14
EURGBP,long,2022-04-08 17:00:00,2022-04-08 17:05:00,-4593.023255813707,-0.9186046511627414,2,"NY
21-03JST","EURGBP_NY
21-03JST",2022_14
EURGBP,long,2022-04-08 17:10:00,2022-04-08 17:15:00,1718.2662538701911,0.3436532507740382,3,"NY
21-03JST","EURGBP_NY
21-03JST",2022_14
EURGBP,long,2022-04-08 17:30:00,2022-04-08 17:35:00,2245.2229299350024,0.4490445859870005,6,"NY
21-03JST","EURGBP_NY
21-03JST",2022_14
GBPUSD,short,2022-04-11 12:10:00,2022-04-11 12:15:00,-5000.000000000792,-1.0000000000001583,1,"NY
21-03JST","GBPUSD_NY
21-03JST",2022_15
NZDUSD,short,2022-04-12 19:10:00,2022-04-12 19:15:00,-609.1676718956863,-0.1218335343791372,5,"深夜
03-09JST","NZDUSD_深夜
03-09JST",2022_15
NZDUSD,short,2022-04-12 19:15:00,2022-04-12 19:20:00,-1597.8128797096433,-0.3195625759419286,4,"深夜
03-09JST","NZDUSD_深夜
03-09JST",2022_15
NZDUSD,short,2022-04-12 19:30:00,2022-04-12 19:35:00,-5000.00000000059,-1.000000000000118,1,"深夜
03-09JST","NZDUSD_深夜
03-09JST",2022_15
GBPUSD,long,2022-04-13 06:55:00,2022-04-13 07:00:00,-5000.000000000208,-1.0000000000000415,1,"欧州
15-21JST","GBPUSD_欧州
15-21JST",2022_15
GBPUSD,long,2022-04-13 07:20:00,2022-04-13 07:25:00,15691.823899371951,3.13836477987439,13,"欧州
15-21JST","GBPUSD_欧州
15-21JST",2022_15
GBPUSD,long,2022-04-13 08:00:00,2022-04-13 08:05:00,3837.939698489341,0.7675879396978682,2,"欧州
15-21JST","GBPUSD_欧州
15-21JST",2022_15
EURAUD,long,2022-04-13 18:00:00,2022-04-13 18:05:00,96.58246656757244,0.0193164933135144,6,"深夜
03-09JST","EURAUD_深夜
03-09JST",2022_15
EURAUD,long,2022-04-13 18:05:00,2022-04-13 18:10:00,-365.2968036546624,-0.0730593607309324,5,"深夜
03-09JST","EURAUD_深夜
03-09JST",2022_15
USDJPY,short,2022-04-14 03:25:00,2022-04-14 03:30:00,-4805.690492712857,-0.9611380985425714,2,"東京
09-15JST","USDJPY_東京
09-15JST",2022_15
GBPUSD,short,2022-04-14 13:45:00,2022-04-14 13:50:00,5347.172512528663,1.0694345025057326,2,"NY
21-03JST","GBPUSD_NY
21-03JST",2022_15
GBPUSD,short,2022-04-14 13:50:00,2022-04-14 13:55:00,-1792.6421404677214,-0.3585284280935443,4,"NY
21-03JST","GBPUSD_NY
21-03JST",2022_15
GBPUSD,short,2022-04-14 14:00:00,2022-04-14 14:05:00,-1963.2678910696056,-0.3926535782139211,3,"NY
21-03JST","GBPUSD_NY
21-03JST",2022_15
GBPUSD,short,2022-04-14 14:05:00,2022-04-14 14:10:00,-4534.072900158014,-0.9068145800316028,2,"NY
21-03JST","GBPUSD_NY
21-03JST",2022_15
GBPUSD,short,2022-04-14 14:30:00,2022-04-14 14:35:00,-2181.518151814932,-0.4363036303629864,2,"NY
21-03JST","GBPUSD_NY
21-03JST",2022_15
GBPUSD,short,2022-04-14 14:35:00,2022-04-14 14:40:00,-4127.010173940765,-0.8254020347881529,4,"NY
21-03JST","GBPUSD_NY
21-03JST",2022_15
GBPUSD,short,2022-04-14 14:40:00,2022-04-14 14:45:00,-2215.5200521681268,-0.4431040104336253,3,"NY
21-03JST","GBPUSD_NY
21-03JST",2022_15
GBPUSD,short,2022-04-14 15:35:00,2022-04-14 15:40:00,-1226.4150943386144,-0.2452830188677228,4,"NY
21-03JST","GBPUSD_NY
21-03JST",2022_15
AUDNZD,long,2022-04-18 18:50:00,2022-04-18 18:55:00,2222.222222218404,0.4444444444436808,2,"深夜
03-09JST","AUDNZD_深夜
03-09JST",2022_16
AUDNZD,long,2022-04-18 18:55:00,2022-04-18 19:00:00,-857.9881656794654,-0.171597633135893,3,"深夜
03-09JST","AUDNZD_深夜
03-09JST",2022_16
AUDNZD,long,2022-04-18 19:10:00,2022-04-18 19:15:00,-4999.999999998727,-0.9999999999997452,1,"深夜
03-09JST","AUDNZD_深夜
03-09JST",2022_16
AUDNZD,long,2022-04-18 19:20:00,2022-04-18 19:25:00,-3981.818181813863,-0.7963636363627725,4,"深夜
03-09JST","AUDNZD_深夜
03-09JST",2022_16
AUDNZD,long,2022-04-18 19:25:00,2022-04-18 19:30:00,-2750.4725897811086,-0.5500945179562217,3,"深夜
03-09JST","AUDNZD_深夜
03-09JST",2022_16
AUDNZD,long,2022-04-18 19:45:00,2022-04-18 19:50:00,-5000.000000001643,-1.0000000000003284,1,"深夜
03-09JST","AUDNZD_深夜
03-09JST",2022_16
AUDNZD,long,2022-04-18 19:55:00,2022-04-18 20:00:00,34.246575340400625,0.0068493150680801,2,"深夜
03-09JST","AUDNZD_深夜
03-09JST",2022_16
AUDNZD,long,2022-04-18 20:05:00,2022-04-18 20:10:00,-3592.9648241216446,-0.7185929648243289,3,"深夜
03-09JST","AUDNZD_深夜
03-09JST",2022_16
GBPJPY,short,2022-04-19 11:10:00,2022-04-19 11:15:00,6883.589329021665,1.376717865804333,6,"欧州
15-21JST","GBPJPY_欧州
15-21JST",2022_16
GBPJPY,short,2022-04-19 11:25:00,2022-04-19 11:30:00,5993.000874891003,1.1986001749782007,3,"欧州
15-21JST","GBPJPY_欧州
15-21JST",2022_16
GBPJPY,short,2022-04-19 11:30:00,2022-04-19 11:35:00,4991.349480969309,0.998269896193862,2,"欧州
15-21JST","GBPJPY_欧州
15-21JST",2022_16
GBPJPY,short,2022-04-19 11:35:00,2022-04-19 11:40:00,-4205.512768544716,-0.8411025537089432,2,"欧州
15-21JST","GBPJPY_欧州
15-21JST",2022_16
GBPJPY,short,2022-04-19 11:40:00,2022-04-19 11:45:00,-5000.000000000569,-1.000000000000114,1,"欧州
15-21JST","GBPJPY_欧州
15-21JST",2022_16
EURJPY,long,2022-04-19 15:55:00,2022-04-19 16:00:00,17874.251497004785,3.574850299400957,21,"NY
21-03JST","EURJPY_NY
21-03JST",2022_16
GBPJPY,short,2022-04-20 07:45:00,2022-04-20 07:50:00,-4156.626506024555,-0.831325301204911,3,"欧州
15-21JST","GBPJPY_欧州
15-21JST",2022_16
GBPUSD,long,2022-04-20 07:55:00,2022-04-20 08:00:00,18305.539011315814,3.661107802263163,9,"欧州
15-21JST","GBPUSD_欧州
15-21JST",2022_16
USDJPY,short,2022-04-20 09:30:00,2022-04-20 09:35:00,4779.215835554216,0.9558431671108432,2,"欧州
15-21JST","USDJPY_欧州
15-21JST",2022_16
USDJPY,short,2022-04-20 09:35:00,2022-04-20 09:40:00,-5000.0,-1.0,1,"欧州
15-21JST","USDJPY_欧州
15-21JST",2022_16
GBPJPY,short,2022-04-20 10:00:00,2022-04-20 10:05:00,5416.345412489646,1.0832690824979292,3,"欧州
15-21JST","GBPJPY_欧州
15-21JST",2022_16
USDJPY,short,2022-04-20 10:00:00,2022-04-20 10:05:00,13394.329047146715,2.678865809429344,3,"欧州
15-21JST","USDJPY_欧州
15-21JST",2022_16
USDJPY,short,2022-04-20 10:05:00,2022-04-20 10:10:00,10893.610120011985,2.178722024002397,2,"欧州
15-21JST","USDJPY_欧州
15-21JST",2022_16
USDJPY,short,2022-04-20 10:10:00,2022-04-20 10:15:00,-1435.845213849434,-0.2871690427698868,2,"欧州
15-21JST","USDJPY_欧州
15-21JST",2022_16
GBPJPY,short,2022-04-20 10:10:00,2022-04-20 10:15:00,-3017.391304348529,-0.6034782608697059,2,"欧州
15-21JST","GBPJPY_欧州
15-21JST",2022_16
GBPJPY,short,2022-04-20 10:15:00,2022-04-20 10:20:00,-5000.000000000343,-1.0000000000000686,1,"欧州
15-21JST","GBPJPY_欧州
15-21JST",2022_16
USDJPY,short,2022-04-20 10:15:00,2022-04-20 10:20:00,-3568.548387096469,-0.7137096774192938,2,"欧州
15-21JST","USDJPY_欧州
15-21JST",2022_16
USDJPY,short,2022-04-20 10:45:00,2022-04-20 10:50:00,-1155.019835215812,-0.2310039670431624,3,"欧州
15-21JST","USDJPY_欧州
15-21JST",2022_16
GBPJPY,short,2022-04-20 10:45:00,2022-04-20 10:50:00,452.74125527235407,0.0905482510544708,3,"欧州
15-21JST","GBPJPY_欧州
15-21JST",2022_16
USDJPY,short,2022-04-20 10:50:00,2022-04-20 10:55:00,-2689.405847218289,-0.5378811694436578,2,"欧州
15-21JST","USDJPY_欧州
15-21JST",2022_16
USDJPY,short,2022-04-20 10:55:00,2022-04-20 11:00:00,-5000.000000000046,-1.000000000000009,1,"欧州
15-21JST","USDJPY_欧州
15-21JST",2022_16
GBPJPY,short,2022-04-20 10:55:00,2022-04-20 11:00:00,-4999.99999999963,-0.999999999999926,1,"欧州
15-21JST","GBPJPY_欧州
15-21JST",2022_16
USDJPY,short,2022-04-20 11:00:00,2022-04-20 11:05:00,-5000.000000000226,-1.000000000000045,1,"欧州
15-21JST","USDJPY_欧州
15-21JST",2022_16
GBPJPY,short,2022-04-20 11:00:00,2022-04-20 11:05:00,-4999.999999999705,-0.999999999999941,2,"欧州
15-21JST","GBPJPY_欧州
15-21JST",2022_16
USDJPY,short,2022-04-20 11:20:00,2022-04-20 11:25:00,6662.7318718379165,1.3325463743675834,5,"欧州
15-21JST","USDJPY_欧州
15-21JST",2022_16
USDJPY,short,2022-04-20 11:25:00,2022-04-20 11:30:00,7731.84759166066,1.546369518332132,4,"欧州
15-21JST","USDJPY_欧州
15-21JST",2022_16
USDJPY,short,2022-04-20 11:45:00,2022-04-20 11:50:00,-4999.999999999829,-0.9999999999999658,1,"欧州
15-21JST","USDJPY_欧州
15-21JST",2022_16
EURJPY,long,2022-04-20 12:00:00,2022-04-20 12:05:00,6070.154577882399,1.21403091557648,5,"NY
21-03JST","EURJPY_NY
21-03JST",2022_16
USDJPY,short,2022-04-21 10:35:00,2022-04-21 10:40:00,-4999.999999999552,-0.9999999999999104,1,"欧州
15-21JST","USDJPY_欧州
15-21JST",2022_16
GBPUSD,long,2022-04-21 11:55:00,2022-04-21 12:00:00,-5000.000000000458,-1.0000000000000917,1,"欧州
15-21JST","GBPUSD_欧州
15-21JST",2022_16
GBPUSD,short,2022-04-21 12:00:00,2022-04-21 12:05:00,-2736.13963038929,-0.547227926077858,2,"NY
21-03JST","GBPUSD_NY
21-03JST",2022_16
GBPUSD,short,2022-04-21 12:05:00,2022-04-21 12:10:00,-5000.000000000586,-1.0000000000001172,1,"NY
21-03JST","GBPUSD_NY
21-03JST",2022_16
GBPUSD,short,2022-04-21 15:05:00,2022-04-21 15:10:00,-5000.000000000727,-1.0000000000001454,1,"NY
21-03JST","GBPUSD_NY
21-03JST",2022_16
GBPUSD,short,2022-04-21 15:30:00,2022-04-21 15:35:00,5963.066853671047,1.1926133707342097,11,"NY
21-03JST","GBPUSD_NY
21-03JST",2022_16
GBPUSD,short,2022-04-21 15:40:00,2022-04-21 15:45:00,5204.444444444798,1.0408888888889596,9,"NY
21-03JST","GBPUSD_NY
21-03JST",2022_16
EURJPY,long,2022-04-21 17:45:00,2022-04-21 17:50:00,-5000.000000000124,-1.0000000000000246,1,"NY
21-03JST","EURJPY_NY
21-03JST",2022_16
USDJPY,short,2022-04-22 06:00:00,2022-04-22 06:05:00,-4999.999999999898,-0.9999999999999796,1,"欧州
15-21JST","USDJPY_欧州
15-21JST",2022_16
GBPJPY,short,2022-04-22 06:00:00,2022-04-22 06:05:00,-2477.29270436445,-0.49545854087289,2,"欧州
15-21JST","GBPJPY_欧州
15-21JST",2022_16
USDJPY,short,2022-04-22 06:05:00,2022-04-22 06:10:00,-5000.000000000187,-1.0000000000000375,1,"欧州
15-21JST","USDJPY_欧州
15-21JST",2022_16
USDJPY,short,2022-04-22 06:20:00,2022-04-22 06:25:00,-4999.999999999782,-0.9999999999999564,1,"欧州
15-21JST","USDJPY_欧州
15-21JST",2022_16
GBPJPY,short,2022-04-22 06:20:00,2022-04-22 06:25:00,13592.485549131628,2.718497109826325,4,"欧州
15-21JST","GBPJPY_欧州
15-21JST",2022_16
USDJPY,short,2022-04-22 06:25:00,2022-04-22 06:30:00,1927.474097892844,0.3854948195785687,3,"欧州
15-21JST","USDJPY_欧州
15-21JST",2022_16
GBPJPY,short,2022-04-22 06:25:00,2022-04-22 06:30:00,15590.48660470016,3.1180973209400324,3,"欧州
15-21JST","GBPJPY_欧州
15-21JST",2022_16
USDJPY,short,2022-04-22 06:35:00,2022-04-22 06:40:00,-5000.000000000196,-1.000000000000039,1,"欧州
15-21JST","USDJPY_欧州
15-21JST",2022_16
GBPJPY,short,2022-04-22 06:35:00,2022-04-22 06:40:00,6663.828752128411,1.3327657504256822,3,"欧州
15-21JST","GBPJPY_欧州
15-21JST",2022_16
GBPJPY,short,2022-04-22 06:40:00,2022-04-22 06:45:00,-269.84126984120684,-0.0539682539682413,2,"欧州
15-21JST","GBPJPY_欧州
15-21JST",2022_16
GBPJPY,short,2022-04-22 06:50:00,2022-04-22 06:55:00,6493.845190902782,1.2987690381805563,2,"欧州
15-21JST","GBPJPY_欧州
15-21JST",2022_16
GBPJPY,short,2022-04-22 07:00:00,2022-04-22 07:05:00,558.4756898819799,0.1116951379763959,2,"欧州
15-21JST","GBPJPY_欧州
15-21JST",2022_16
GBPJPY,short,2022-04-22 07:20:00,2022-04-22 07:25:00,7003.61010830289,1.400722021660578,7,"欧州
15-21JST","GBPJPY_欧州
15-21JST",2022_16
GBPUSD,long,2022-04-22 07:25:00,2022-04-22 07:30:00,2055.9074635082466,0.4111814927016493,3,"欧州
15-21JST","GBPUSD_欧州
15-21JST",2022_16
GBPUSD,long,2022-04-22 07:30:00,2022-04-22 07:35:00,-1742.0696827877273,-0.3484139365575454,3,"欧州
15-21JST","GBPUSD_欧州
15-21JST",2022_16
GBPJPY,short,2022-04-22 08:15:00,2022-04-22 08:20:00,-5000.000000000412,-1.0000000000000824,3,"欧州
15-21JST","GBPJPY_欧州
15-21JST",2022_16
GBPUSD,long,2022-04-22 08:15:00,2022-04-22 08:20:00,-3517.458500286224,-0.7034917000572448,4,"欧州
15-21JST","GBPUSD_欧州
15-21JST",2022_16
GBPUSD,long,2022-04-22 08:20:00,2022-04-22 08:25:00,-2402.714932126562,-0.4805429864253124,3,"欧州
15-21JST","GBPUSD_欧州
15-21JST",2022_16
GBPUSD,long,2022-04-22 08:30:00,2022-04-22 08:35:00,-5000.0000000004975,-1.0000000000000997,1,"欧州
15-21JST","GBPUSD_欧州
15-21JST",2022_16
GBPJPY,short,2022-04-22 08:30:00,2022-04-22 08:35:00,2342.917997869581,0.4685835995739162,3,"欧州
15-21JST","GBPJPY_欧州
15-21JST",2022_16
GBPUSD,long,2022-04-22 08:40:00,2022-04-22 08:45:00,-737.1048252916584,-0.1474209650583316,4,"欧州
15-21JST","GBPUSD_欧州
15-21JST",2022_16
GBPUSD,long,2022-04-22 08:45:00,2022-04-22 08:50:00,-2358.490566036,-0.4716981132072,3,"欧州
15-21JST","GBPUSD_欧州
15-21JST",2022_16
GBPUSD,long,2022-04-22 08:55:00,2022-04-22 09:00:00,-80.27113806569572,-0.0160542276131391,5,"欧州
15-21JST","GBPUSD_欧州
15-21JST",2022_16
GBPUSD,long,2022-04-22 09:05:00,2022-04-22 09:10:00,2575.640031031441,0.5151280062062882,3,"欧州
15-21JST","GBPUSD_欧州
15-21JST",2022_16
GBPUSD,long,2022-04-22 09:20:00,2022-04-22 09:25:00,-5000.000000000579,-1.000000000000116,1,"欧州
15-21JST","GBPUSD_欧州
15-21JST",2022_16
GBPUSD,long,2022-04-22 09:25:00,2022-04-22 09:30:00,-4064.5879732738367,-0.8129175946547673,3,"欧州
15-21JST","GBPUSD_欧州
15-21JST",2022_16
GBPUSD,long,2022-04-22 09:30:00,2022-04-22 09:35:00,-2316.6236638399755,-0.4633247327679951,2,"欧州
15-21JST","GBPUSD_欧州
15-21JST",2022_16
GBPUSD,long,2022-04-22 09:35:00,2022-04-22 09:40:00,-1422.9765013061206,-0.2845953002612241,2,"欧州
15-21JST","GBPUSD_欧州
15-21JST",2022_16
GBPUSD,long,2022-04-22 09:45:00,2022-04-22 09:50:00,22128.205128205936,4.425641025641188,23,"欧州
15-21JST","GBPUSD_欧州
15-21JST",2022_16
GBPUSD,long,2022-04-22 09:50:00,2022-04-22 09:55:00,19646.255688869736,3.929251137773947,14,"欧州
15-21JST","GBPUSD_欧州
15-21JST",2022_16
GBPUSD,long,2022-04-22 10:00:00,2022-04-22 10:05:00,18730.25516403459,3.7460510328069176,12,"欧州
15-21JST","GBPUSD_欧州
15-21JST",2022_16
GBPUSD,long,2022-04-22 10:15:00,2022-04-22 10:20:00,16513.490725126405,3.302698145025281,9,"欧州
15-21JST","GBPUSD_欧州
15-21JST",2022_16
AUDNZD,long,2022-04-24 22:00:00,2022-04-24 22:05:00,4774.57733249892,0.954915466499784,7,"深夜
03-09JST","AUDNZD_深夜
03-09JST",2022_16
AUDNZD,long,2022-04-24 22:10:00,2022-04-24 22:15:00,5999.99999999992,1.199999999999984,4,"深夜
03-09JST","AUDNZD_深夜
03-09JST",2022_16
AUDNZD,long,2022-04-24 22:25:00,2022-04-24 22:30:00,4443.396226416485,0.888679245283297,2,"深夜
03-09JST","AUDNZD_深夜
03-09JST",2022_16
AUDNZD,long,2022-04-24 22:40:00,2022-04-24 22:45:00,-631.5789473678376,-0.1263157894735675,6,"深夜
03-09JST","AUDNZD_深夜
03-09JST",2022_16
AUDNZD,long,2022-04-24 22:45:00,2022-04-24 22:50:00,-4321.907600597871,-0.8643815201195743,6,"深夜
03-09JST","AUDNZD_深夜
03-09JST",2022_16
AUDNZD,long,2022-04-24 22:55:00,2022-04-24 23:00:00,-4186.676994580815,-0.8373353989161629,4,"深夜
03-09JST","AUDNZD_深夜
03-09JST",2022_16
CHFJPY,short,2022-04-25 02:00:00,2022-04-25 02:05:00,8082.913421896393,1.6165826843792783,6,"東京
09-15JST","CHFJPY_東京
09-15JST",2022_17
CHFJPY,short,2022-04-25 02:10:00,2022-04-25 02:15:00,7132.486388383931,1.426497277676786,4,"東京
09-15JST","CHFJPY_東京
09-15JST",2022_17
CHFJPY,short,2022-04-25 02:20:00,2022-04-25 02:25:00,1659.6814752725872,0.3319362950545174,4,"東京
09-15JST","CHFJPY_東京
09-15JST",2022_17
CHFJPY,short,2022-04-25 03:15:00,2022-04-25 03:20:00,5294.117647056984,1.0588235294113968,14,"東京
09-15JST","CHFJPY_東京
09-15JST",2022_17
CHFJPY,short,2022-04-25 03:40:00,2022-04-25 03:45:00,1900.2849002856383,0.3800569800571277,9,"東京
09-15JST","CHFJPY_東京
09-15JST",2022_17
GBPJPY,short,2022-04-25 06:15:00,2022-04-25 06:20:00,38455.57655954605,7.6911153119092095,6,"欧州
15-21JST","GBPJPY_欧州
15-21JST",2022_17
GBPJPY,short,2022-04-25 06:25:00,2022-04-25 06:30:00,19828.32618025617,3.9656652360512337,4,"欧州
15-21JST","GBPJPY_欧州
15-21JST",2022_17
GBPJPY,short,2022-04-25 06:30:00,2022-04-25 06:35:00,11649.470540319997,2.3298941080639994,3,"欧州
15-21JST","GBPJPY_欧州
15-21JST",2022_17
GBPJPY,short,2022-04-25 06:35:00,2022-04-25 06:40:00,7683.608640406569,1.536721728081314,2,"欧州
15-21JST","GBPJPY_欧州
15-21JST",2022_17
GBPUSD,long,2022-04-25 06:40:00,2022-04-25 06:45:00,-4999.999999999602,-0.9999999999999204,1,"欧州
15-21JST","GBPUSD_欧州
15-21JST",2022_17
GBPUSD,long,2022-04-25 06:50:00,2022-04-25 06:55:00,-4999.999999999925,-0.9999999999999852,1,"欧州
15-21JST","GBPUSD_欧州
15-21JST",2022_17
GBPUSD,long,2022-04-25 06:55:00,2022-04-25 07:00:00,2892.791127541588,0.5785582255083176,2,"欧州
15-21JST","GBPUSD_欧州
15-21JST",2022_17
GBPUSD,long,2022-04-25 07:10:00,2022-04-25 07:15:00,-17.9310344823242,-0.0035862068964648,3,"欧州
15-21JST","GBPUSD_欧州
15-21JST",2022_17
GBPUSD,long,2022-04-25 07:30:00,2022-04-25 07:35:00,5300.729927007645,1.060145985401529,7,"欧州
15-21JST","GBPUSD_欧州
15-21JST",2022_17
GBPJPY,short,2022-04-25 08:10:00,2022-04-25 08:15:00,2146.720757267681,0.4293441514535362,4,"欧州
15-21JST","GBPJPY_欧州
15-21JST",2022_17
GBPJPY,short,2022-04-25 10:00:00,2022-04-25 10:05:00,496.031746032396,0.0992063492064792,2,"欧州
15-21JST","GBPJPY_欧州
15-21JST",2022_17
GBPJPY,short,2022-04-25 10:05:00,2022-04-25 10:10:00,-4999.999999999829,-0.9999999999999658,1,"欧州
15-21JST","GBPJPY_欧州
15-21JST",2022_17
GBPJPY,short,2022-04-25 10:10:00,2022-04-25 10:15:00,5823.459715640661,1.1646919431281322,9,"欧州
15-21JST","GBPJPY_欧州
15-21JST",2022_17
GBPUSD,long,2022-04-25 10:10:00,2022-04-25 10:15:00,-4099.571224392021,-0.8199142448784041,2,"欧州
15-21JST","GBPUSD_欧州
15-21JST",2022_17
GBPJPY,short,2022-04-25 10:25:00,2022-04-25 10:30:00,629.9694189592143,0.1259938837918428,6,"欧州
15-21JST","GBPJPY_欧州
15-21JST",2022_17
GBPUSD,long,2022-04-25 10:25:00,2022-04-25 10:30:00,-966.5427509305716,-0.1933085501861143,2,"欧州
15-21JST","GBPUSD_欧州
15-21JST",2022_17
GBPUSD,long,2022-04-25 10:30:00,2022-04-25 10:35:00,-2997.138769671533,-0.5994277539343066,3,"欧州
15-21JST","GBPUSD_欧州
15-21JST",2022_17
GBPJPY,short,2022-04-25 10:30:00,2022-04-25 10:35:00,-2731.3804923658504,-0.54627609847317,5,"欧州
15-21JST","GBPJPY_欧州
15-21JST",2022_17
GBPUSD,long,2022-04-25 10:40:00,2022-04-25 10:45:00,-1608.6547507054486,-0.3217309501410897,2,"欧州
15-21JST","GBPUSD_欧州
15-21JST",2022_17
GBPUSD,long,2022-04-25 10:50:00,2022-04-25 10:55:00,-1717.7033492825622,-0.3435406698565124,2,"欧州
15-21JST","GBPUSD_欧州
15-21JST",2022_17
GBPUSD,long,2022-04-25 10:55:00,2022-04-25 11:00:00,20749.87787005554,4.149975574011108,5,"欧州
15-21JST","GBPUSD_欧州
15-21JST",2022_17
GBPUSD,long,2022-04-25 11:00:00,2022-04-25 11:05:00,20201.342281879457,4.040268456375891,4,"欧州
15-21JST","GBPUSD_欧州
15-21JST",2022_17
GBPUSD,long,2022-04-25 11:05:00,2022-04-25 11:10:00,20618.90838206689,4.123781676413377,3,"欧州
15-21JST","GBPUSD_欧州
15-21JST",2022_17
EURJPY,long,2022-04-25 13:20:00,2022-04-25 13:25:00,-4999.999999999351,-0.99999999999987,1,"NY
21-03JST","EURJPY_NY
21-03JST",2022_17
EURJPY,long,2022-04-25 13:25:00,2022-04-25 13:30:00,-4999.999999999905,-0.9999999999999812,1,"NY
21-03JST","EURJPY_NY
21-03JST",2022_17
GBPUSD,short,2022-04-25 13:55:00,2022-04-25 14:00:00,4073.4966592427454,0.8146993318485493,3,"NY
21-03JST","GBPUSD_NY
21-03JST",2022_17
EURJPY,long,2022-04-25 13:55:00,2022-04-25 14:00:00,-580.4480651741346,-0.1160896130348269,3,"NY
21-03JST","EURJPY_NY
21-03JST",2022_17
GBPUSD,short,2022-04-25 14:05:00,2022-04-25 14:10:00,2041.9935394557208,0.4083987078911442,2,"NY
21-03JST","GBPUSD_NY
21-03JST",2022_17
GBPUSD,short,2022-04-25 14:10:00,2022-04-25 14:15:00,-145.21022973528093,-0.0290420459470561,2,"NY
21-03JST","GBPUSD_NY
21-03JST",2022_17
EURJPY,long,2022-04-25 14:40:00,2022-04-25 14:45:00,-5000.000000000346,-1.000000000000069,1,"NY
21-03JST","EURJPY_NY
21-03JST",2022_17
EURJPY,long,2022-04-25 14:45:00,2022-04-25 14:50:00,-4848.375451263156,-0.9696750902526312,4,"NY
21-03JST","EURJPY_NY
21-03JST",2022_17
EURJPY,long,2022-04-25 14:50:00,2022-04-25 14:55:00,-2696.1148230640274,-0.5392229646128055,3,"NY
21-03JST","EURJPY_NY
21-03JST",2022_17
EURJPY,long,2022-04-25 15:05:00,2022-04-25 15:10:00,-4941.956882256839,-0.9883913764513678,3,"NY
21-03JST","EURJPY_NY
21-03JST",2022_17
EURJPY,long,2022-04-25 15:10:00,2022-04-25 15:15:00,-5000.0,-1.0,2,"NY
21-03JST","EURJPY_NY
21-03JST",2022_17
EURJPY,long,2022-04-25 15:15:00,2022-04-25 15:20:00,-4999.999999999842,-0.9999999999999684,1,"NY
21-03JST","EURJPY_NY
21-03JST",2022_17
EURJPY,long,2022-04-25 15:35:00,2022-04-25 15:40:00,10132.35294117602,2.026470588235204,10,"NY
21-03JST","EURJPY_NY
21-03JST",2022_17
EURJPY,long,2022-04-25 15:40:00,2022-04-25 15:45:00,9157.303370785923,1.831460674157185,9,"NY
21-03JST","EURJPY_NY
21-03JST",2022_17
EURJPY,long,2022-04-25 16:30:00,2022-04-25 16:35:00,2459.608112753651,0.4919216225507302,4,"NY
21-03JST","EURJPY_NY
21-03JST",2022_17
EURJPY,long,2022-04-25 16:40:00,2022-04-25 16:45:00,2488.619119878065,0.4977238239756129,2,"NY
21-03JST","EURJPY_NY
21-03JST",2022_17
CHFJPY,short,2022-04-26 00:00:00,2022-04-26 00:05:00,5000.000000000376,1.000000000000075,2,"東京
09-15JST","CHFJPY_東京
09-15JST",2022_17
CHFJPY,short,2022-04-26 00:05:00,2022-04-26 00:10:00,-3415.9021406732704,-0.6831804281346541,2,"東京
09-15JST","CHFJPY_東京
09-15JST",2022_17
CHFJPY,short,2022-04-26 00:10:00,2022-04-26 00:15:00,-5000.000000000667,-1.0000000000001332,1,"東京
09-15JST","CHFJPY_東京
09-15JST",2022_17
GBPUSD,long,2022-04-26 06:15:00,2022-04-26 06:20:00,-4999.99999999948,-0.999999999999896,1,"欧州
15-21JST","GBPUSD_欧州
15-21JST",2022_17
GBPJPY,short,2022-04-26 06:20:00,2022-04-26 06:25:00,7564.102564100996,1.512820512820199,6,"欧州
15-21JST","GBPJPY_欧州
15-21JST",2022_17
GBPJPY,short,2022-04-26 06:25:00,2022-04-26 06:30:00,1956.2500000002187,0.3912500000000437,5,"欧州
15-21JST","GBPJPY_欧州
15-21JST",2022_17
GBPUSD,long,2022-04-26 06:55:00,2022-04-26 08:00:00,3740.022805015993,0.7480045610031986,2,"欧州
15-21JST","GBPUSD_欧州
15-21JST",2022_17
GBPUSD,long,2022-04-26 08:00:00,2022-04-26 08:05:00,2525.160109788771,0.5050320219577542,5,"欧州
15-21JST","GBPUSD_欧州
15-21JST",2022_17
GBPUSD,long,2022-04-26 08:10:00,2022-04-26 08:15:00,3302.3255813952137,0.6604651162790427,2,"欧州
15-21JST","GBPUSD_欧州
15-21JST",2022_17
GBPUSD,long,2022-04-26 08:25:00,2022-04-26 08:30:00,-4999.9999999993,-0.99999999999986,1,"欧州
15-21JST","GBPUSD_欧州
15-21JST",2022_17
GBPUSD,long,2022-04-26 08:30:00,2022-04-26 08:35:00,-868.9458689459238,-0.1737891737891847,5,"欧州
15-21JST","GBPUSD_欧州
15-21JST",2022_17
GBPUSD,long,2022-04-26 08:35:00,2022-04-26 08:40:00,2054.935976869333,0.4109871953738667,4,"欧州
15-21JST","GBPUSD_欧州
15-21JST",2022_17
GBPUSD,long,2022-04-26 08:40:00,2022-04-26 08:45:00,953.2446594116312,0.1906489318823262,3,"欧州
15-21JST","GBPUSD_欧州
15-21JST",2022_17
GBPUSD,long,2022-04-26 08:55:00,2022-04-26 09:00:00,-4999.999999999462,-0.9999999999998924,2,"欧州
15-21JST","GBPUSD_欧州
15-21JST",2022_17
GBPUSD,long,2022-04-26 09:00:00,2022-04-26 09:05:00,-4999.999999999822,-0.9999999999999644,1,"欧州
15-21JST","GBPUSD_欧州
15-21JST",2022_17
GBPJPY,short,2022-04-26 09:00:00,2022-04-26 09:05:00,3168.9791873128506,0.6337958374625702,2,"欧州
15-21JST","GBPJPY_欧州
15-21JST",2022_17
GBPUSD,long,2022-04-26 09:05:00,2022-04-26 09:10:00,-2960.6073040622045,-0.5921214608124409,2,"欧州
15-21JST","GBPUSD_欧州
15-21JST",2022_17
GBPJPY,short,2022-04-26 09:05:00,2022-04-26 09:10:00,-342.7776372383483,-0.0685555274476696,6,"欧州
15-21JST","GBPJPY_欧州
15-21JST",2022_17
GBPUSD,long,2022-04-26 09:20:00,2022-04-26 09:25:00,2363.5153129159085,0.4727030625831817,6,"欧州
15-21JST","GBPUSD_欧州
15-21JST",2022_17
GBPJPY,short,2022-04-26 11:25:00,2022-04-26 11:30:00,-22.69288956142289,-0.0045385779122845,2,"欧州
15-21JST","GBPJPY_欧州
15-21JST",2022_17
GBPJPY,short,2022-04-26 11:30:00,2022-04-26 11:35:00,-5000.000000000571,-1.000000000000114,1,"欧州
15-21JST","GBPJPY_欧州
15-21JST",2022_17
GBPUSD,long,2022-04-26 11:40:00,2022-04-26 11:45:00,532.7510917022721,0.1065502183404544,2,"欧州
15-21JST","GBPUSD_欧州
15-21JST",2022_17
GBPUSD,long,2022-04-26 11:55:00,2022-04-26 12:00:00,-2669.773635151724,-0.5339547270303449,6,"欧州
15-21JST","GBPUSD_欧州
15-21JST",2022_17
EURJPY,long,2022-04-26 12:10:00,2022-04-26 12:15:00,-3034.1272662648485,-0.6068254532529697,2,"NY
21-03JST","EURJPY_NY
21-03JST",2022_17
EURJPY,long,2022-04-26 12:15:00,2022-04-26 12:20:00,-2193.105874078834,-0.4386211748157668,3,"NY
21-03JST","EURJPY_NY
21-03JST",2022_17
EURJPY,long,2022-04-26 12:25:00,2022-04-26 12:30:00,-4999.999999999797,-0.9999999999999596,1,"NY
21-03JST","EURJPY_NY
21-03JST",2022_17
EURJPY,long,2022-04-26 12:35:00,2022-04-26 12:40:00,-4999.999999999907,-0.9999999999999816,1,"NY
21-03JST","EURJPY_NY
21-03JST",2022_17
EURJPY,long,2022-04-26 12:40:00,2022-04-26 12:45:00,-706.2334217503687,-0.1412466843500737,2,"NY
21-03JST","EURJPY_NY
21-03JST",2022_17
EURJPY,long,2022-04-26 12:45:00,2022-04-26 12:50:00,-4999.99999999944,-0.999999999999888,1,"NY
21-03JST","EURJPY_NY
21-03JST",2022_17
EURJPY,long,2022-04-26 12:55:00,2022-04-26 13:00:00,-5000.0,-1.0,2,"NY
21-03JST","EURJPY_NY
21-03JST",2022_17
EURJPY,long,2022-04-26 13:00:00,2022-04-26 13:05:00,-1379.6650014688971,-0.2759330002937795,3,"NY
21-03JST","EURJPY_NY
21-03JST",2022_17
EURJPY,long,2022-04-26 13:10:00,2022-04-26 13:15:00,4947.595561034544,0.9895191122069088,3,"NY
21-03JST","EURJPY_NY
21-03JST",2022_17
GBPUSD,short,2022-04-26 13:20:00,2022-04-26 13:25:00,-5000.000000000565,-1.000000000000113,1,"NY
21-03JST","GBPUSD_NY
21-03JST",2022_17
EURJPY,long,2022-04-26 13:20:00,2022-04-26 13:25:00,1209.0395480234065,0.2418079096046812,2,"NY
21-03JST","EURJPY_NY
21-03JST",2022_17
EURJPY,long,2022-04-26 13:35:00,2022-04-26 13:40:00,-4557.298254490961,-0.911459650898192,2,"NY
21-03JST","EURJPY_NY
21-03JST",2022_17
EURJPY,long,2022-04-26 13:40:00,2022-04-26 13:45:00,3265.938972958809,0.6531877945917618,10,"NY
21-03JST","EURJPY_NY
21-03JST",2022_17
GBPUSD,short,2022-04-26 13:45:00,2022-04-26 13:50:00,23988.54961831979,4.797709923663958,11,"NY
21-03JST","GBPUSD_NY
21-03JST",2022_17
EURJPY,long,2022-04-26 13:45:00,2022-04-26 13:50:00,4180.327868852499,0.8360655737704997,9,"NY
21-03JST","EURJPY_NY
21-03JST",2022_17
EURJPY,long,2022-04-26 13:50:00,2022-04-26 13:55:00,5400.209259744214,1.0800418519488428,8,"NY
21-03JST","EURJPY_NY
21-03JST",2022_17
GBPUSD,short,2022-04-26 13:50:00,2022-04-26 13:55:00,25133.481646272525,5.026696329254505,10,"NY
21-03JST","GBPUSD_NY
21-03JST",2022_17
GBPUSD,short,2022-04-26 14:05:00,2022-04-26 14:10:00,20140.44943820174,4.028089887640348,7,"NY
21-03JST","GBPUSD_NY
21-03JST",2022_17
GBPUSD,short,2022-04-26 14:10:00,2022-04-26 14:15:00,19596.122778675865,3.919224555735173,6,"NY
21-03JST","GBPUSD_NY
21-03JST",2022_17
EURJPY,long,2022-04-26 14:15:00,2022-04-26 14:20:00,2805.164319248437,0.5610328638496874,3,"NY
21-03JST","EURJPY_NY
21-03JST",2022_17
GBPUSD,short,2022-04-26 14:25:00,2022-04-26 14:30:00,13070.484581497907,2.614096916299581,2,"NY
21-03JST","GBPUSD_NY
21-03JST",2022_17
GBPUSD,short,2022-04-26 14:35:00,2022-04-26 14:40:00,2963.4049323780346,0.592680986475607,4,"NY
21-03JST","GBPUSD_NY
21-03JST",2022_17
GBPUSD,short,2022-04-26 14:40:00,2022-04-26 14:45:00,-666.0412757972971,-0.1332082551594594,3,"NY
21-03JST","GBPUSD_NY
21-03JST",2022_17
GBPUSD,short,2022-04-26 14:55:00,2022-04-26 15:00:00,-5000.000000000156,-1.000000000000031,1,"NY
21-03JST","GBPUSD_NY
21-03JST",2022_17
GBPUSD,short,2022-04-26 15:00:00,2022-04-26 15:05:00,4251.928882924537,0.8503857765849074,11,"NY
21-03JST","GBPUSD_NY
21-03JST",2022_17
GBPUSD,short,2022-04-26 15:10:00,2022-04-26 15:15:00,1427.4167474942628,0.2854833494988525,9,"NY
21-03JST","GBPUSD_NY
21-03JST",2022_17
GBPUSD,short,2022-04-26 15:15:00,2022-04-26 15:20:00,3170.4180064303264,0.6340836012860652,8,"NY
21-03JST","GBPUSD_NY
21-03JST",2022_17
GBPUSD,short,2022-04-26 17:05:00,2022-04-26 17:10:00,322.0338983049182,0.0644067796609836,3,"NY
21-03JST","GBPUSD_NY
21-03JST",2022_17
GBPUSD,short,2022-04-26 17:10:00,2022-04-26 17:15:00,151.20967741966825,0.0302419354839336,2,"NY
21-03JST","GBPUSD_NY
21-03JST",2022_17
GBPUSD,short,2022-04-26 17:15:00,2022-04-26 17:20:00,-5000.000000000116,-1.000000000000023,1,"NY
21-03JST","GBPUSD_NY
21-03JST",2022_17
GBPUSD,short,2022-04-26 17:35:00,2022-04-26 17:40:00,8025.952512423241,1.6051905024846482,5,"NY
21-03JST","GBPUSD_NY
21-03JST",2022_17
EURJPY,long,2022-04-27 12:00:00,2022-04-27 12:05:00,-1271.899088996907,-0.2543798177993814,3,"NY
21-03JST","EURJPY_NY
21-03JST",2022_17
EURJPY,long,2022-04-27 12:15:00,2022-04-27 12:20:00,-3938.992042439219,-0.7877984084878438,2,"NY
21-03JST","EURJPY_NY
21-03JST",2022_17
GBPUSD,short,2022-04-27 12:30:00,2022-04-27 12:35:00,5932.819854515058,1.1865639709030116,4,"NY
21-03JST","GBPUSD_NY
21-03JST",2022_17
EURJPY,long,2022-04-27 12:30:00,2022-04-27 12:35:00,-4999.999999999609,-0.9999999999999216,1,"NY
21-03JST","EURJPY_NY
21-03JST",2022_17
EURJPY,long,2022-04-27 12:35:00,2022-04-27 12:40:00,-4999.9999999998,-0.99999999999996,1,"NY
21-03JST","EURJPY_NY
21-03JST",2022_17
EURJPY,long,2022-04-27 12:40:00,2022-04-27 12:45:00,3856.341539418817,0.7712683078837633,4,"NY
21-03JST","EURJPY_NY
21-03JST",2022_17
EURJPY,long,2022-04-27 12:50:00,2022-04-27 12:55:00,2332.5213154675807,0.4665042630935161,2,"NY
21-03JST","EURJPY_NY
21-03JST",2022_17
EURJPY,long,2022-04-27 13:05:00,2022-04-27 13:10:00,-5000.000000000178,-1.0000000000000355,1,"NY
21-03JST","EURJPY_NY
21-03JST",2022_17
EURJPY,long,2022-04-27 13:10:00,2022-04-27 13:15:00,-4365.624999999533,-0.8731249999999067,2,"NY
21-03JST","EURJPY_NY
21-03JST",2022_17
EURJPY,long,2022-04-27 13:15:00,2022-04-27 13:20:00,3720.3206907186686,0.7440641381437337,3,"NY
21-03JST","EURJPY_NY
21-03JST",2022_17
EURJPY,long,2022-04-27 13:40:00,2022-04-27 13:45:00,-376.07549264369095,-0.0752150985287381,2,"NY
21-03JST","EURJPY_NY
21-03JST",2022_17
EURJPY,long,2022-04-27 13:50:00,2022-04-27 13:55:00,13800.773694389496,2.7601547388778997,15,"NY
21-03JST","EURJPY_NY
21-03JST",2022_17
EURJPY,long,2022-04-27 13:55:00,2022-04-27 17:00:00,637.8378378374858,0.1275675675674971,14,"NY
21-03JST","EURJPY_NY
21-03JST",2022_17
NZDUSD,short,2022-04-27 18:55:00,2022-04-27 19:00:00,838.9912706096405,0.1677982541219281,6,"深夜
03-09JST","NZDUSD_深夜
03-09JST",2022_17
NZDUSD,short,2022-04-27 19:00:00,2022-04-27 19:05:00,-1356.164383561807,-0.2712328767123614,5,"深夜
03-09JST","NZDUSD_深夜
03-09JST",2022_17
NZDUSD,short,2022-04-27 19:05:00,2022-04-27 19:10:00,-304.1144901608164,-0.0608228980321632,4,"深夜
03-09JST","NZDUSD_深夜
03-09JST",2022_17
NZDUSD,short,2022-04-28 20:00:00,2022-04-28 20:05:00,-4734.129137276543,-0.9468258274553084,21,"深夜
03-09JST","NZDUSD_深夜
03-09JST",2022_17
EURJPY,long,2022-04-29 12:10:00,2022-04-29 12:15:00,115.02029770072036,0.023004059540144,3,"NY
21-03JST","EURJPY_NY
21-03JST",2022_17
EURJPY,long,2022-04-29 12:15:00,2022-04-29 12:20:00,-114.48275862065006,-0.02289655172413,2,"NY
21-03JST","EURJPY_NY
21-03JST",2022_17
EURJPY,long,2022-04-29 12:30:00,2022-04-29 12:35:00,-1226.798881261854,-0.2453597762523708,5,"NY
21-03JST","EURJPY_NY
21-03JST",2022_17
EURJPY,long,2022-04-29 12:35:00,2022-04-29 12:40:00,-229.334024358513,-0.0458668048717026,4,"NY
21-03JST","EURJPY_NY
21-03JST",2022_17
EURJPY,long,2022-04-29 12:45:00,2022-04-29 12:50:00,453.005927180217,0.0906011854360434,2,"NY
21-03JST","EURJPY_NY
21-03JST",2022_17
GBPUSD,short,2022-04-29 12:50:00,2022-04-29 12:55:00,-5000.00000000039,-1.000000000000078,1,"NY
21-03JST","GBPUSD_NY
21-03JST",2022_17
EURJPY,long,2022-04-29 13:00:00,2022-04-29 13:05:00,4788.484136310055,0.957696827262011,7,"NY
21-03JST","EURJPY_NY
21-03JST",2022_17
EURJPY,long,2022-04-29 15:00:00,2022-04-29 15:05:00,-441.6167664668177,-0.0883233532933635,11,"NY
21-03JST","EURJPY_NY
21-03JST",2022_17
EURJPY,long,2022-04-29 15:20:00,2022-04-29 15:25:00,-737.5328083973131,-0.1475065616794626,7,"NY
21-03JST","EURJPY_NY
21-03JST",2022_17
EURJPY,long,2022-04-29 15:25:00,2022-04-29 15:30:00,449.8922413802975,0.0899784482760595,6,"NY
21-03JST","EURJPY_NY
21-03JST",2022_17
EURJPY,long,2022-04-29 15:30:00,2022-04-29 15:35:00,-2543.2163436352803,-0.508643268727056,5,"NY
21-03JST","EURJPY_NY
21-03JST",2022_17
EURJPY,long,2022-04-29 15:40:00,2022-04-29 15:45:00,-2301.380567856328,-0.4602761135712656,3,"NY
21-03JST","EURJPY_NY
21-03JST",2022_17
EURJPY,long,2022-04-29 16:00:00,2022-04-29 16:05:00,1568.06615776092,0.3136132315521839,9,"NY
21-03JST","EURJPY_NY
21-03JST",2022_17
EURJPY,long,2022-04-29 16:05:00,2022-04-29 16:10:00,1491.620111731682,0.2983240223463364,8,"NY
21-03JST","EURJPY_NY
21-03JST",2022_17
NZDUSD,short,2022-04-29 19:45:00,2022-04-29 19:50:00,-2049.5258166496146,-0.4099051633299229,2,"深夜
03-09JST","NZDUSD_深夜
03-09JST",2022_17
EURGBP,long,2022-05-02 08:30:00,2022-05-02 08:35:00,2934.973637961261,0.5869947275922521,2,"欧州
15-21JST","EURGBP_欧州
15-21JST",2022_18
EURGBP,long,2022-05-02 08:45:00,2022-05-02 08:50:00,3500.4599816015666,0.7000919963203133,4,"欧州
15-21JST","EURGBP_欧州
15-21JST",2022_18
EURGBP,long,2022-05-02 09:10:00,2022-05-02 09:15:00,-4685.816876122514,-0.9371633752245028,2,"欧州
15-21JST","EURGBP_欧州
15-21JST",2022_18
EURGBP,long,2022-05-02 09:15:00,2022-05-02 09:20:00,-5000.000000000611,-1.0000000000001223,1,"欧州
15-21JST","EURGBP_欧州
15-21JST",2022_18
EURGBP,long,2022-05-02 09:20:00,2022-05-02 09:25:00,-2549.668874171304,-0.5099337748342608,5,"欧州
15-21JST","EURGBP_欧州
15-21JST",2022_18
EURGBP,long,2022-05-02 09:25:00,2022-05-02 09:30:00,-498.6020503259411,-0.0997204100651882,6,"欧州
15-21JST","EURGBP_欧州
15-21JST",2022_18
GBPJPY,short,2022-05-02 09:35:00,2022-05-02 09:40:00,-5000.000000000283,-1.0000000000000566,1,"欧州
15-21JST","GBPJPY_欧州
15-21JST",2022_18
EURGBP,long,2022-05-02 09:35:00,2022-05-02 09:40:00,266.66666666841485,0.0533333333336829,2,"欧州
15-21JST","EURGBP_欧州
15-21JST",2022_18
EURGBP,long,2022-05-02 09:50:00,2022-05-02 09:55:00,-4999.999999999434,-0.9999999999998868,1,"欧州
15-21JST","EURGBP_欧州
15-21JST",2022_18
EURGBP,long,2022-05-02 10:15:00,2022-05-02 10:20:00,8635.334088334197,1.7270668176668391,8,"欧州
15-21JST","EURGBP_欧州
15-21JST",2022_18
EURGBP,long,2022-05-02 11:00:00,2022-05-02 11:05:00,15256.081946223198,3.05121638924464,5,"欧州
15-21JST","EURGBP_欧州
15-21JST",2022_18
GBPUSD,short,2022-05-02 12:35:00,2022-05-02 12:40:00,10912.7906976763,2.18255813953526,4,"NY
21-03JST","GBPUSD_NY
21-03JST",2022_18
GBPUSD,short,2022-05-02 12:40:00,2022-05-02 12:45:00,11870.179948587212,2.3740359897174423,3,"NY
21-03JST","GBPUSD_NY
21-03JST",2022_18
GBPUSD,short,2022-05-02 12:45:00,2022-05-02 12:50:00,7898.272552783664,1.5796545105567328,2,"NY
21-03JST","GBPUSD_NY
21-03JST",2022_18
GBPUSD,short,2022-05-02 12:50:00,2022-05-02 12:55:00,5330.906684314253,1.0661813368628503,2,"NY
21-03JST","GBPUSD_NY
21-03JST",2022_18
GBPUSD,short,2022-05-02 12:55:00,2022-05-02 13:00:00,-4999.999999999744,-0.9999999999999488,1,"NY
21-03JST","GBPUSD_NY
21-03JST",2022_18
GBPUSD,short,2022-05-02 15:10:00,2022-05-02 15:15:00,114.04133998554246,0.0228082679971084,4,"NY
21-03JST","GBPUSD_NY
21-03JST",2022_18
GBPUSD,short,2022-05-02 15:15:00,2022-05-02 15:20:00,-131.52028533152142,-0.0263040570663042,3,"NY
21-03JST","GBPUSD_NY
21-03JST",2022_18
GBPUSD,short,2022-05-02 17:40:00,2022-05-02 17:45:00,3288.902665840629,0.6577805331681258,3,"NY
21-03JST","GBPUSD_NY
21-03JST",2022_18
GBPUSD,short,2022-05-02 17:45:00,2022-05-02 17:50:00,-4959.1121495337375,-0.9918224299067476,2,"NY
21-03JST","GBPUSD_NY
21-03JST",2022_18
GBPUSD,short,2022-05-02 17:50:00,2022-05-02 17:55:00,-5000.000000000954,-1.0000000000001907,1,"NY
21-03JST","GBPUSD_NY
21-03JST",2022_18
EURGBP,long,2022-05-03 06:20:00,2022-05-03 06:25:00,4627.831715208667,0.9255663430417336,2,"欧州
15-21JST","EURGBP_欧州
15-21JST",2022_18
EURGBP,long,2022-05-03 08:05:00,2022-05-03 08:10:00,-98.468271336243,-0.0196936542672486,5,"欧州
15-21JST","EURGBP_欧州
15-21JST",2022_18
GBPJPY,short,2022-05-03 10:05:00,2022-05-03 10:10:00,1107.7027948180623,0.2215405589636124,5,"欧州
15-21JST","GBPJPY_欧州
15-21JST",2022_18
GBPUSD,long,2022-05-03 10:05:00,2022-05-03 10:10:00,-4400.503778338693,-0.8801007556677387,2,"欧州
15-21JST","GBPUSD_欧州
15-21JST",2022_18
GBPUSD,long,2022-05-03 10:10:00,2022-05-03 10:15:00,-3163.9344262308896,-0.6327868852461779,2,"欧州
15-21JST","GBPUSD_欧州
15-21JST",2022_18
GBPJPY,short,2022-05-03 10:10:00,2022-05-03 10:15:00,-1165.4135338339988,-0.2330827067667997,4,"欧州
15-21JST","GBPJPY_欧州
15-21JST",2022_18
GBPUSD,long,2022-05-03 10:20:00,2022-05-03 10:25:00,-5000.000000000407,-1.0000000000000813,1,"欧州
15-21JST","GBPUSD_欧州
15-21JST",2022_18
GBPUSD,long,2022-05-03 10:25:00,2022-05-03 10:30:00,-1572.580645161046,-0.3145161290322092,2,"欧州
15-21JST","GBPUSD_欧州
15-21JST",2022_18
GBPUSD,long,2022-05-03 10:35:00,2022-05-03 10:40:00,-5000.000000000684,-1.0000000000001368,1,"欧州
15-21JST","GBPUSD_欧州
15-21JST",2022_18
GBPUSD,long,2022-05-03 10:40:00,2022-05-03 10:45:00,-4999.99999999907,-0.999999999999814,1,"欧州
15-21JST","GBPUSD_欧州
15-21JST",2022_18
GBPUSD,long,2022-05-03 10:45:00,2022-05-03 10:50:00,-4999.999999999054,-0.9999999999998108,1,"欧州
15-21JST","GBPUSD_欧州
15-21JST",2022_18
GBPUSD,long,2022-05-03 10:50:00,2022-05-03 10:55:00,-5000.0,-1.0,1,"欧州
15-21JST","GBPUSD_欧州
15-21JST",2022_18
GBPUSD,long,2022-05-03 11:15:00,2022-05-03 11:20:00,9793.261868300717,1.9586523736601436,5,"欧州
15-21JST","GBPUSD_欧州
15-21JST",2022_18
GBPUSD,short,2022-05-03 14:45:00,2022-05-03 14:50:00,3080.3011292350016,0.6160602258470003,2,"NY
21-03JST","GBPUSD_NY
21-03JST",2022_18
GBPUSD,short,2022-05-03 14:50:00,2022-05-03 14:55:00,-4257.950530034097,-0.8515901060068194,2,"NY
21-03JST","GBPUSD_NY
21-03JST",2022_18
GBPUSD,short,2022-05-03 14:55:00,2022-05-03 15:00:00,-4999.999999999728,-0.9999999999999456,1,"NY
21-03JST","GBPUSD_NY
21-03JST",2022_18
GBPUSD,short,2022-05-03 15:15:00,2022-05-03 15:20:00,2554.155179204762,0.5108310358409525,5,"NY
21-03JST","GBPUSD_NY
21-03JST",2022_18
GBPUSD,short,2022-05-03 15:25:00,2022-05-03 15:30:00,775.862068964172,0.1551724137928344,3,"NY
21-03JST","GBPUSD_NY
21-03JST",2022_18
GBPUSD,short,2022-05-03 15:30:00,2022-05-03 15:35:00,-360.23054755085064,-0.0720461095101701,2,"NY
21-03JST","GBPUSD_NY
21-03JST",2022_18
GBPUSD,short,2022-05-03 15:40:00,2022-05-03 15:45:00,-5000.0,-1.0,1,"NY
21-03JST","GBPUSD_NY
21-03JST",2022_18
EURGBP,long,2022-05-04 07:10:00,2022-05-04 07:15:00,-5000.000000000495,-1.000000000000099,1,"欧州
15-21JST","EURGBP_欧州
15-21JST",2022_18
EURGBP,long,2022-05-04 07:15:00,2022-05-04 07:20:00,-574.3544078342009,-0.1148708815668401,6,"欧州
15-21JST","EURGBP_欧州
15-21JST",2022_18
EURGBP,long,2022-05-04 08:10:00,2022-05-04 08:15:00,-5000.0,-1.0,1,"欧州
15-21JST","EURGBP_欧州
15-21JST",2022_18
EURGBP,long,2022-05-04 08:30:00,2022-05-04 08:35:00,1786.3554757615966,0.3572710951523193,2,"欧州
15-21JST","EURGBP_欧州
15-21JST",2022_18
EURGBP,long,2022-05-04 08:55:00,2022-05-04 09:00:00,1162.7906976742645,0.2325581395348528,4,"欧州
15-21JST","EURGBP_欧州
15-21JST",2022_18
GBPUSD,short,2022-05-04 13:40:00,2022-05-04 13:45:00,12783.630470016316,2.5567260940032632,7,"NY
21-03JST","GBPUSD_NY
21-03JST",2022_18
GBPUSD,short,2022-05-04 13:50:00,2022-05-04 13:55:00,6106.47181628412,1.221294363256824,5,"NY
21-03JST","GBPUSD_NY
21-03JST",2022_18
GBPUSD,short,2022-05-04 13:55:00,2022-05-04 14:00:00,5969.927996611352,1.1939855993222703,4,"NY
21-03JST","GBPUSD_NY
21-03JST",2022_18
GBPUSD,short,2022-05-04 14:40:00,2022-05-04 14:45:00,-4999.999999999624,-0.9999999999999248,1,"NY
21-03JST","GBPUSD_NY
21-03JST",2022_18
GBPUSD,short,2022-05-04 15:00:00,2022-05-04 15:05:00,-5000.000000000608,-1.0000000000001217,1,"NY
21-03JST","GBPUSD_NY
21-03JST",2022_18
GBPUSD,short,2022-05-05 13:55:00,2022-05-05 14:00:00,5200.176626434435,1.040035325286887,4,"NY
21-03JST","GBPUSD_NY
21-03JST",2022_18
GBPUSD,short,2022-05-05 14:00:00,2022-05-05 14:05:00,-755.7117750431579,-0.1511423550086315,3,"NY
21-03JST","GBPUSD_NY
21-03JST",2022_18
GBPUSD,short,2022-05-05 14:05:00,2022-05-05 14:10:00,-4999.999999999869,-0.9999999999999738,2,"NY
21-03JST","GBPUSD_NY
21-03JST",2022_18
GBPUSD,short,2022-05-05 14:40:00,2022-05-05 14:45:00,-942.982456139726,-0.1885964912279452,2,"NY
21-03JST","GBPUSD_NY
21-03JST",2022_18
GBPUSD,short,2022-05-05 14:45:00,2022-05-05 14:50:00,-5000.00000000007,-1.000000000000014,1,"NY
21-03JST","GBPUSD_NY
21-03JST",2022_18
GBPUSD,short,2022-05-05 15:45:00,2022-05-05 15:50:00,3769.841269840488,0.7539682539680975,6,"NY
21-03JST","GBPUSD_NY
21-03JST",2022_18
GBPUSD,short,2022-05-05 15:50:00,2022-05-05 15:55:00,-3805.525460455132,-0.7611050920910264,6,"NY
21-03JST","GBPUSD_NY
21-03JST",2022_18
GBPUSD,short,2022-05-05 15:55:00,2022-05-05 16:00:00,-4192.307692308736,-0.8384615384617471,4,"NY
21-03JST","GBPUSD_NY
21-03JST",2022_18
GBPUSD,short,2022-05-05 16:10:00,2022-05-05 16:15:00,-3361.4045104203524,-0.6722809020840704,2,"NY
21-03JST","GBPUSD_NY
21-03JST",2022_18
GBPUSD,short,2022-05-05 16:35:00,2022-05-05 16:40:00,-2584.745762711848,-0.5169491525423696,3,"NY
21-03JST","GBPUSD_NY
21-03JST",2022_18
GBPUSD,short,2022-05-05 16:40:00,2022-05-05 16:45:00,-1926.1477045914576,-0.3852295409182915,2,"NY
21-03JST","GBPUSD_NY
21-03JST",2022_18
GBPUSD,long,2022-05-06 06:15:00,2022-05-06 06:20:00,-4999.999999999682,-0.9999999999999364,1,"欧州
15-21JST","GBPUSD_欧州
15-21JST",2022_18
GBPUSD,long,2022-05-06 06:25:00,2022-05-06 06:30:00,1064.3564356430766,0.2128712871286153,2,"欧州
15-21JST","GBPUSD_欧州
15-21JST",2022_18
GBPUSD,long,2022-05-06 06:40:00,2022-05-06 06:45:00,-5000.0,-1.0,1,"欧州
15-21JST","GBPUSD_欧州
15-21JST",2022_18
GBPUSD,long,2022-05-06 06:45:00,2022-05-06 06:50:00,-5000.0,-1.0,1,"欧州
15-21JST","GBPUSD_欧州
15-21JST",2022_18
GBPJPY,short,2022-05-06 06:50:00,2022-05-06 06:55:00,3609.170968721106,0.7218341937442212,2,"欧州
15-21JST","GBPJPY_欧州
15-21JST",2022_18
GBPJPY,short,2022-05-06 06:55:00,2022-05-06 07:00:00,-5000.000000000076,-1.000000000000015,1,"欧州
15-21JST","GBPJPY_欧州
15-21JST",2022_18
GBPJPY,short,2022-05-06 07:00:00,2022-05-06 07:05:00,-5000.000000000355,-1.0000000000000708,1,"欧州
15-21JST","GBPJPY_欧州
15-21JST",2022_18
GBPJPY,short,2022-05-06 07:10:00,2022-05-06 07:15:00,2452.1354933732305,0.4904270986746461,2,"欧州
15-21JST","GBPJPY_欧州
15-21JST",2022_18
GBPJPY,short,2022-05-06 07:20:00,2022-05-06 07:25:00,621.6216216215095,0.1243243243243018,2,"欧州
15-21JST","GBPJPY_欧州
15-21JST",2022_18
GBPJPY,short,2022-05-06 07:30:00,2022-05-06 07:35:00,-4317.319848293946,-0.8634639696587892,2,"欧州
15-21JST","GBPJPY_欧州
15-21JST",2022_18
GBPJPY,short,2022-05-06 07:40:00,2022-05-06 07:45:00,-5000.000000000255,-1.0000000000000508,1,"欧州
15-21JST","GBPJPY_欧州
15-21JST",2022_18
GBPUSD,long,2022-05-06 07:55:00,2022-05-06 08:00:00,2326.258843113481,0.4652517686226962,2,"欧州
15-21JST","GBPUSD_欧州
15-21JST",2022_18
GBPUSD,long,2022-05-06 08:00:00,2022-05-06 08:05:00,3231.555051078607,0.6463110102157213,4,"欧州
15-21JST","GBPUSD_欧州
15-21JST",2022_18
GBPJPY,short,2022-05-06 08:00:00,2022-05-06 08:05:00,-4999.999999999908,-0.9999999999999816,2,"欧州
15-21JST","GBPJPY_欧州
15-21JST",2022_18
GBPUSD,long,2022-05-06 08:10:00,2022-05-06 08:15:00,3607.888631090647,0.7215777262181293,2,"欧州
15-21JST","GBPUSD_欧州
15-21JST",2022_18
GBPUSD,short,2022-05-06 12:45:00,2022-05-06 12:50:00,1576.763485477296,0.3153526970954592,2,"NY
21-03JST","GBPUSD_NY
21-03JST",2022_18
GBPUSD,short,2022-05-06 12:50:00,2022-05-06 12:55:00,-4938.988959907279,-0.987797791981456,2,"NY
21-03JST","GBPUSD_NY
21-03JST",2022_18
GBPUSD,short,2022-05-06 12:55:00,2022-05-06 13:00:00,-5000.0,-1.0,1,"NY
21-03JST","GBPUSD_NY
21-03JST",2022_18
GBPUSD,short,2022-05-06 13:15:00,2022-05-06 13:20:00,-5000.000000000118,-1.0000000000000235,1,"NY
21-03JST","GBPUSD_NY
21-03JST",2022_18
GBPUSD,short,2022-05-06 13:30:00,2022-05-06 13:35:00,4990.485252141074,0.9980970504282148,2,"NY
21-03JST","GBPUSD_NY
21-03JST",2022_18
GBPUSD,short,2022-05-06 13:35:00,2022-05-06 13:40:00,-1649.1067338530436,-0.3298213467706087,2,"NY
21-03JST","GBPUSD_NY
21-03JST",2022_18
GBPUSD,short,2022-05-06 13:40:00,2022-05-06 13:45:00,-4999.999999999781,-0.999999999999956,1,"NY
21-03JST","GBPUSD_NY
21-03JST",2022_18
CHFJPY,short,2022-05-10 00:10:00,2022-05-10 00:15:00,10779.288702930966,2.1558577405861934,2,"東京
09-15JST","CHFJPY_東京
09-15JST",2022_19
AUDJPY,short,2022-05-10 00:15:00,2022-05-10 00:20:00,-2271.225635942364,-0.4542451271884728,2,"東京
09-15JST","AUDJPY_東京
09-15JST",2022_19
CHFJPY,short,2022-05-10 00:15:00,2022-05-10 00:20:00,3199.711953910875,0.639942390782175,2,"東京
09-15JST","CHFJPY_東京
09-15JST",2022_19
AUDJPY,short,2022-05-10 00:20:00,2022-05-10 00:25:00,-5000.0000000002765,-1.0000000000000553,2,"東京
09-15JST","AUDJPY_東京
09-15JST",2022_19
CHFJPY,short,2022-05-10 00:20:00,2022-05-10 00:25:00,-5000.0000000003865,-1.0000000000000773,1,"東京
09-15JST","CHFJPY_東京
09-15JST",2022_19
CHFJPY,short,2022-05-10 00:25:00,2022-05-10 00:30:00,-4999.999999999399,-0.9999999999998798,1,"東京
09-15JST","CHFJPY_東京
09-15JST",2022_19
AUDJPY,short,2022-05-10 00:40:00,2022-05-10 00:45:00,9446.376811594031,1.8892753623188063,3,"東京
09-15JST","AUDJPY_東京
09-15JST",2022_19
CHFJPY,short,2022-05-10 00:50:00,2022-05-10 00:55:00,2961.832061068496,0.5923664122136992,2,"東京
09-15JST","CHFJPY_東京
09-15JST",2022_19
AUDJPY,short,2022-05-10 00:50:00,2022-05-10 00:55:00,7174.762702400809,1.4349525404801615,2,"東京
09-15JST","AUDJPY_東京
09-15JST",2022_19
CHFJPY,short,2022-05-10 00:55:00,2022-05-10 01:00:00,4213.23529411876,0.842647058823752,2,"東京
09-15JST","CHFJPY_東京
09-15JST",2022_19
AUDJPY,short,2022-05-10 00:55:00,2022-05-10 01:00:00,3933.9073183080513,0.7867814636616103,2,"東京
09-15JST","AUDJPY_東京
09-15JST",2022_19
CHFJPY,short,2022-05-10 01:00:00,2022-05-10 01:05:00,-4999.999999999909,-0.9999999999999818,1,"東京
09-15JST","CHFJPY_東京
09-15JST",2022_19
AUDJPY,short,2022-05-10 01:00:00,2022-05-10 01:05:00,-4999.999999999809,-0.9999999999999618,1,"東京
09-15JST","AUDJPY_東京
09-15JST",2022_19
AUDJPY,short,2022-05-10 01:05:00,2022-05-10 01:10:00,-888.5769812134264,-0.1777153962426853,2,"東京
09-15JST","AUDJPY_東京
09-15JST",2022_19
AUDNZD,long,2022-05-10 02:30:00,2022-05-10 02:35:00,1748.071979433165,0.349614395886633,2,"東京
09-15JST","AUDNZD_東京
09-15JST",2022_19
AUDNZD,long,2022-05-10 02:50:00,2022-05-10 02:55:00,-3846.407382991659,-0.7692814765983318,2,"東京
09-15JST","AUDNZD_東京
09-15JST",2022_19
GBPJPY,short,2022-05-10 07:00:00,2022-05-10 07:05:00,6685.723619731044,1.3371447239462089,2,"欧州
15-21JST","GBPJPY_欧州
15-21JST",2022_19
GBPJPY,short,2022-05-10 07:05:00,2022-05-10 07:10:00,2158.603796692967,0.4317207593385934,2,"欧州
15-21JST","GBPJPY_欧州
15-21JST",2022_19
GBPJPY,short,2022-05-10 07:10:00,2022-05-10 07:15:00,-1998.8172678880776,-0.3997634535776155,2,"欧州
15-21JST","GBPJPY_欧州
15-21JST",2022_19
EURJPY,short,2022-05-10 07:10:00,2022-05-10 07:15:00,-2893.7592867772714,-0.5787518573554543,2,"欧州
15-21JST","EURJPY_欧州
15-21JST",2022_19
GBPJPY,short,2022-05-10 07:30:00,2022-05-10 07:35:00,-5000.0,-1.0,1,"欧州
15-21JST","GBPJPY_欧州
15-21JST",2022_19
GBPJPY,short,2022-05-10 07:45:00,2022-05-10 07:50:00,-3564.8468094906257,-0.7129693618981251,3,"欧州
15-21JST","GBPJPY_欧州
15-21JST",2022_19
EURJPY,short,2022-05-10 08:30:00,2022-05-10 08:35:00,1801.1620400253407,0.3602324080050681,2,"欧州
15-21JST","EURJPY_欧州
15-21JST",2022_19
GBPJPY,short,2022-05-10 08:30:00,2022-05-10 08:35:00,3112.706007443631,0.6225412014887262,2,"欧州
15-21JST","GBPJPY_欧州
15-21JST",2022_19
GBPJPY,short,2022-05-10 08:35:00,2022-05-10 08:40:00,-51.06048703862447,-0.0102120974077248,2,"欧州
15-21JST","GBPJPY_欧州
15-21JST",2022_19
EURJPY,short,2022-05-10 08:40:00,2022-05-10 08:45:00,-5000.000000000093,-1.0000000000000189,2,"欧州
15-21JST","EURJPY_欧州
15-21JST",2022_19
GBPJPY,short,2022-05-10 08:40:00,2022-05-10 08:45:00,-5000.000000000219,-1.0000000000000435,1,"欧州
15-21JST","GBPJPY_欧州
15-21JST",2022_19
GBPJPY,short,2022-05-10 08:45:00,2022-05-10 08:50:00,-4784.946236560217,-0.9569892473120434,2,"欧州
15-21JST","GBPJPY_欧州
15-21JST",2022_19
GBPJPY,short,2022-05-10 08:55:00,2022-05-10 09:00:00,-5000.00000000026,-1.000000000000052,1,"欧州
15-21JST","GBPJPY_欧州
15-21JST",2022_19
GBPJPY,short,2022-05-10 09:20:00,2022-05-10 09:25:00,-4999.999999999919,-0.9999999999999838,1,"欧州
15-21JST","GBPJPY_欧州
15-21JST",2022_19
EURJPY,short,2022-05-10 09:35:00,2022-05-10 09:40:00,14057.453999248632,2.8114907998497265,4,"欧州
15-21JST","EURJPY_欧州
15-21JST",2022_19
EURJPY,short,2022-05-10 09:40:00,2022-05-10 09:45:00,9505.899705014705,1.9011799410029409,5,"欧州
15-21JST","EURJPY_欧州
15-21JST",2022_19
EURJPY,short,2022-05-10 09:45:00,2022-05-10 09:50:00,8121.771217713157,1.6243542435426317,4,"欧州
15-21JST","EURJPY_欧州
15-21JST",2022_19
EURJPY,short,2022-05-10 09:50:00,2022-05-10 09:55:00,-514.0845070425111,-0.1028169014085022,3,"欧州
15-21JST","EURJPY_欧州
15-21JST",2022_19
GBPJPY,short,2022-05-11 07:20:00,2022-05-11 07:25:00,-1892.0000000007776,-0.3784000000001555,2,"欧州
15-21JST","GBPJPY_欧州
15-21JST",2022_19
GBPJPY,short,2022-05-11 07:25:00,2022-05-11 07:30:00,-5000.000000000434,-1.0000000000000868,1,"欧州
15-21JST","GBPJPY_欧州
15-21JST",2022_19
GBPJPY,short,2022-05-11 07:45:00,2022-05-11 07:50:00,-5000.000000000639,-1.0000000000001277,1,"欧州
15-21JST","GBPJPY_欧州
15-21JST",2022_19
EURJPY,short,2022-05-11 09:15:00,2022-05-11 09:20:00,-4267.441860464637,-0.8534883720929274,2,"欧州
15-21JST","EURJPY_欧州
15-21JST",2022_19
GBPJPY,short,2022-05-11 10:55:00,2022-05-11 11:00:00,8604.946100192043,1.7209892200384085,4,"欧州
15-21JST","GBPJPY_欧州
15-21JST",2022_19
EURJPY,long,2022-05-11 16:25:00,2022-05-11 16:30:00,-1744.8015122857707,-0.3489603024571541,2,"NY
21-03JST","EURJPY_NY
21-03JST",2022_19
EURJPY,long,2022-05-11 16:30:00,2022-05-11 16:35:00,-5000.0000000004175,-1.0000000000000837,1,"NY
21-03JST","EURJPY_NY
21-03JST",2022_19
EURJPY,long,2022-05-11 16:35:00,2022-05-11 16:40:00,-4999.9999999997735,-0.9999999999999548,1,"NY
21-03JST","EURJPY_NY
21-03JST",2022_19
EURJPY,long,2022-05-11 16:40:00,2022-05-11 16:45:00,-2636.655948552441,-0.5273311897104882,2,"NY
21-03JST","EURJPY_NY
21-03JST",2022_19
EURJPY,long,2022-05-11 16:45:00,2022-05-11 16:50:00,-4999.999999999569,-0.9999999999999136,1,"NY
21-03JST","EURJPY_NY
21-03JST",2022_19
EURJPY,long,2022-05-11 16:55:00,2022-05-11 17:00:00,-5000.000000000533,-1.0000000000001066,1,"NY
21-03JST","EURJPY_NY
21-03JST",2022_19
EURJPY,long,2022-05-11 17:00:00,2022-05-11 17:05:00,-5000.000000000603,-1.0000000000001206,1,"NY
21-03JST","EURJPY_NY
21-03JST",2022_19
EURJPY,long,2022-05-11 17:05:00,2022-05-11 17:10:00,-4999.999999999803,-0.9999999999999604,1,"NY
21-03JST","EURJPY_NY
21-03JST",2022_19
EURJPY,long,2022-05-11 17:10:00,2022-05-11 17:15:00,-1806.0836501907445,-0.3612167300381489,2,"NY
21-03JST","EURJPY_NY
21-03JST",2022_19
EURJPY,long,2022-05-11 17:20:00,2022-05-11 17:25:00,-5000.000000000087,-1.0000000000000175,2,"NY
21-03JST","EURJPY_NY
21-03JST",2022_19
EURJPY,long,2022-05-11 17:25:00,2022-05-11 17:30:00,-4999.999999999912,-0.9999999999999823,1,"NY
21-03JST","EURJPY_NY
21-03JST",2022_19
EURJPY,long,2022-05-11 17:30:00,2022-05-11 17:35:00,-4999.999999999361,-0.999999999999872,1,"NY
21-03JST","EURJPY_NY
21-03JST",2022_19
EURJPY,long,2022-05-11 17:35:00,2022-05-11 17:40:00,-27.32240437249091,-0.0054644808744981,3,"NY
21-03JST","EURJPY_NY
21-03JST",2022_19
EURJPY,long,2022-05-11 17:40:00,2022-05-11 17:45:00,1631.7991631793263,0.3263598326358652,2,"NY
21-03JST","EURJPY_NY
21-03JST",2022_19
EURJPY,long,2022-05-11 17:55:00,2022-05-11 18:00:00,17707.070707071267,3.5414141414142533,10,"NY
21-03JST","EURJPY_NY
21-03JST",2022_19
AUDJPY,short,2022-05-12 00:05:00,2022-05-12 00:10:00,5906.249999999605,1.181249999999921,3,"東京
09-15JST","AUDJPY_東京
09-15JST",2022_19
AUDJPY,short,2022-05-12 00:10:00,2022-05-12 00:15:00,5713.9803334757125,1.1427960666951424,2,"東京
09-15JST","AUDJPY_東京
09-15JST",2022_19
AUDNZD,long,2022-05-12 00:30:00,2022-05-12 00:35:00,16500.441306261888,3.3000882612523776,4,"東京
09-15JST","AUDNZD_東京
09-15JST",2022_19
AUDJPY,short,2022-05-12 01:00:00,2022-05-12 01:05:00,-4313.917670120407,-0.8627835340240814,2,"東京
09-15JST","AUDJPY_東京
09-15JST",2022_19
AUDJPY,short,2022-05-12 01:10:00,2022-05-12 01:15:00,-5000.0,-1.0,3,"東京
09-15JST","AUDJPY_東京
09-15JST",2022_19
AUDJPY,short,2022-05-12 02:45:00,2022-05-12 02:50:00,-5000.000000000094,-1.0000000000000189,1,"東京
09-15JST","AUDJPY_東京
09-15JST",2022_19
AUDJPY,short,2022-05-12 02:50:00,2022-05-12 02:55:00,-4999.999999999729,-0.9999999999999458,1,"東京
09-15JST","AUDJPY_東京
09-15JST",2022_19
AUDJPY,short,2022-05-12 03:15:00,2022-05-12 03:20:00,-4999.999999999911,-0.999999999999982,3,"東京
09-15JST","AUDJPY_東京
09-15JST",2022_19
AUDJPY,short,2022-05-12 04:10:00,2022-05-12 04:15:00,3611.775969363233,0.7223551938726467,2,"東京
09-15JST","AUDJPY_東京
09-15JST",2022_19
AUDJPY,short,2022-05-12 04:15:00,2022-05-12 04:20:00,3472.7272727278146,0.6945454545455629,2,"東京
09-15JST","AUDJPY_東京
09-15JST",2022_19
AUDJPY,short,2022-05-12 04:20:00,2022-05-12 04:25:00,-4999.999999999653,-0.9999999999999304,1,"東京
09-15JST","AUDJPY_東京
09-15JST",2022_19
AUDJPY,short,2022-05-12 04:40:00,2022-05-12 04:45:00,-4999.999999999646,-0.9999999999999292,1,"東京
09-15JST","AUDJPY_東京
09-15JST",2022_19
CHFJPY,short,2022-05-12 05:10:00,2022-05-12 05:15:00,-593.8242280292444,-0.1187648456058488,3,"東京
09-15JST","CHFJPY_東京
09-15JST",2022_19
AUDNZD,long,2022-05-12 05:45:00,2022-05-12 05:50:00,-2144.866385371523,-0.4289732770743046,2,"東京
09-15JST","AUDNZD_東京
09-15JST",2022_19
AUDNZD,long,2022-05-12 05:50:00,2022-05-12 05:55:00,325.5303584471919,0.0651060716894383,3,"東京
09-15JST","AUDNZD_東京
09-15JST",2022_19
CHFJPY,short,2022-05-12 05:50:00,2022-05-12 05:55:00,2651.6736401677003,0.5303347280335401,2,"東京
09-15JST","CHFJPY_東京
09-15JST",2022_19
CHFJPY,short,2022-05-12 05:55:00,2022-05-12 06:00:00,18369.12065439447,3.673824130878894,6,"東京
09-15JST","CHFJPY_東京
09-15JST",2022_19
GBPJPY,short,2022-05-12 06:45:00,2022-05-12 06:50:00,7290.630182421553,1.4581260364843107,3,"欧州
15-21JST","GBPJPY_欧州
15-21JST",2022_19
EURJPY,short,2022-05-12 06:45:00,2022-05-12 06:50:00,29468.0293501065,5.893605870021299,5,"欧州
15-21JST","EURJPY_欧州
15-21JST",2022_19
EURJPY,short,2022-05-12 06:50:00,2022-05-12 06:55:00,28903.743315509582,5.7807486631019165,4,"欧州
15-21JST","EURJPY_欧州
15-21JST",2022_19
GBPJPY,short,2022-05-12 06:50:00,2022-05-12 06:55:00,8293.683347006001,1.6587366694012002,2,"欧州
15-21JST","GBPJPY_欧州
15-21JST",2022_19
GBPJPY,short,2022-05-12 07:00:00,2022-05-12 07:05:00,8027.017419125899,1.6054034838251798,4,"欧州
15-21JST","GBPJPY_欧州
15-21JST",2022_19
EURJPY,short,2022-05-12 07:00:00,2022-05-12 07:05:00,12150.997150997697,2.4301994301995395,2,"欧州
15-21JST","EURJPY_欧州
15-21JST",2022_19
EURJPY,short,2022-05-12 07:05:00,2022-05-12 07:10:00,9888.059701492824,1.9776119402985648,2,"欧州
15-21JST","EURJPY_欧州
15-21JST",2022_19
GBPJPY,short,2022-05-12 07:10:00,2022-05-12 07:15:00,7974.247370330575,1.594849474066115,2,"欧州
15-21JST","GBPJPY_欧州
15-21JST",2022_19
EURJPY,short,2022-05-12 07:10:00,2022-05-12 07:15:00,4349.943799175635,0.869988759835127,2,"欧州
15-21JST","EURJPY_欧州
15-21JST",2022_19
GBPJPY,short,2022-05-12 07:15:00,2022-05-12 07:20:00,-525.7731958759622,-0.1051546391751924,2,"欧州
15-21JST","GBPJPY_欧州
15-21JST",2022_19
EURJPY,short,2022-05-12 07:15:00,2022-05-12 07:20:00,-2161.676646706601,-0.4323353293413202,2,"欧州
15-21JST","EURJPY_欧州
15-21JST",2022_19
GBPJPY,short,2022-05-12 07:20:00,2022-05-12 07:25:00,4822.243196476461,0.9644486392952922,3,"欧州
15-21JST","GBPJPY_欧州
15-21JST",2022_19
EURJPY,short,2022-05-12 07:20:00,2022-05-12 07:25:00,6808.873720136054,1.3617747440272108,3,"欧州
15-21JST","EURJPY_欧州
15-21JST",2022_19
EURJPY,short,2022-05-12 07:30:00,2022-05-12 07:35:00,4159.272070988358,0.8318544141976716,2,"欧州
15-21JST","EURJPY_欧州
15-21JST",2022_19
EURJPY,short,2022-05-12 07:35:00,2022-05-12 07:40:00,-4999.9999999998045,-0.9999999999999608,1,"欧州
15-21JST","EURJPY_欧州
15-21JST",2022_19
EURJPY,short,2022-05-12 09:20:00,2022-05-12 09:25:00,-798.352295018371,-0.1596704590036742,3,"欧州
15-21JST","EURJPY_欧州
15-21JST",2022_19
EURJPY,short,2022-05-12 09:25:00,2022-05-12 09:30:00,-10.068465566181755,-0.0020136931132363,2,"欧州
15-21JST","EURJPY_欧州
15-21JST",2022_19
EURJPY,long,2022-05-12 14:30:00,2022-05-12 14:35:00,2825.9114758514424,0.5651822951702885,11,"NY
21-03JST","EURJPY_NY
21-03JST",2022_19
EURJPY,long,2022-05-12 17:15:00,2022-05-12 17:20:00,-3478.2608695639715,-0.6956521739127943,2,"NY
21-03JST","EURJPY_NY
21-03JST",2022_19
EURJPY,long,2022-05-12 17:25:00,2022-05-12 17:30:00,-5000.0000000007,-1.00000000000014,1,"NY
21-03JST","EURJPY_NY
21-03JST",2022_19
EURJPY,long,2022-05-12 17:30:00,2022-05-12 17:35:00,261.84538653456553,0.0523690773069131,3,"NY
21-03JST","EURJPY_NY
21-03JST",2022_19
EURJPY,long,2022-05-12 17:35:00,2022-05-12 17:40:00,1503.7852718505974,0.3007570543701194,2,"NY
21-03JST","EURJPY_NY
21-03JST",2022_19
EURJPY,short,2022-05-13 06:05:00,2022-05-13 06:10:00,7794.899043569593,1.5589798087139186,2,"欧州
15-21JST","EURJPY_欧州
15-21JST",2022_19
EURJPY,short,2022-05-13 06:10:00,2022-05-13 06:15:00,-5000.0000000008185,-1.0000000000001636,1,"欧州
15-21JST","EURJPY_欧州
15-21JST",2022_19
GBPJPY,short,2022-05-13 06:10:00,2022-05-13 06:15:00,-4999.999999999325,-0.999999999999865,1,"欧州
15-21JST","GBPJPY_欧州
15-21JST",2022_19
EURJPY,short,2022-05-13 06:15:00,2022-05-13 06:20:00,-4999.999999999092,-0.9999999999998184,1,"欧州
15-21JST","EURJPY_欧州
15-21JST",2022_19
GBPJPY,short,2022-05-13 06:15:00,2022-05-13 06:20:00,-5000.000000000546,-1.0000000000001092,1,"欧州
15-21JST","GBPJPY_欧州
15-21JST",2022_19
EURJPY,short,2022-05-13 06:20:00,2022-05-13 06:25:00,-3798.528810788969,-0.7597057621577938,2,"欧州
15-21JST","EURJPY_欧州
15-21JST",2022_19
EURJPY,short,2022-05-13 06:30:00,2022-05-13 06:35:00,-5000.000000000326,-1.000000000000065,2,"欧州
15-21JST","EURJPY_欧州
15-21JST",2022_19
EURJPY,short,2022-05-13 06:55:00,2022-05-13 07:00:00,2687.0748299328898,0.537414965986578,2,"欧州
15-21JST","EURJPY_欧州
15-21JST",2022_19
GBPJPY,short,2022-05-13 06:55:00,2022-05-13 07:00:00,7448.863636364281,1.4897727272728565,2,"欧州
15-21JST","GBPJPY_欧州
15-21JST",2022_19
EURJPY,short,2022-05-13 07:00:00,2022-05-13 07:05:00,-5000.000000000406,-1.000000000000081,1,"欧州
15-21JST","EURJPY_欧州
15-21JST",2022_19
GBPJPY,short,2022-05-13 07:00:00,2022-05-13 07:05:00,-5000.000000000067,-1.0000000000000135,1,"欧州
15-21JST","GBPJPY_欧州
15-21JST",2022_19
EURJPY,long,2022-05-13 13:00:00,2022-05-13 13:05:00,-2446.1875228024965,-0.4892375045604993,2,"NY
21-03JST","EURJPY_NY
21-03JST",2022_19
EURJPY,long,2022-05-13 13:20:00,2022-05-13 13:25:00,4648.382559774077,0.9296765119548154,2,"NY
21-03JST","EURJPY_NY
21-03JST",2022_19
CHFJPY,short,2022-05-16 01:35:00,2022-05-16 01:40:00,3106.508875738371,0.6213017751476742,2,"東京
09-15JST","CHFJPY_東京
09-15JST",2022_20
CHFJPY,short,2022-05-16 03:40:00,2022-05-16 03:45:00,-1653.976311336096,-0.3307952622672191,3,"東京
09-15JST","CHFJPY_東京
09-15JST",2022_20
EURAUD,long,2022-05-16 12:25:00,2022-05-16 12:30:00,-5000.0,-1.0,1,"NY
21-03JST","EURAUD_NY
21-03JST",2022_20
EURAUD,long,2022-05-16 12:35:00,2022-05-16 12:40:00,-4004.587155964433,-0.8009174311928866,2,"NY
21-03JST","EURAUD_NY
21-03JST",2022_20
EURAUD,long,2022-05-16 12:40:00,2022-05-16 12:45:00,-5000.000000000285,-1.0000000000000568,1,"NY
21-03JST","EURAUD_NY
21-03JST",2022_20
EURAUD,long,2022-05-16 12:45:00,2022-05-16 12:50:00,-4999.999999999908,-0.9999999999999816,1,"NY
21-03JST","EURAUD_NY
21-03JST",2022_20
EURAUD,long,2022-05-16 12:50:00,2022-05-16 12:55:00,878.7382220392623,0.1757476444078524,3,"NY
21-03JST","EURAUD_NY
21-03JST",2022_20
EURAUD,long,2022-05-16 12:55:00,2022-05-16 13:00:00,-1268.130145040844,-0.2536260290081688,2,"NY
21-03JST","EURAUD_NY
21-03JST",2022_20
EURAUD,long,2022-05-16 13:50:00,2022-05-16 13:55:00,-1398.7138263658064,-0.2797427652731613,2,"NY
21-03JST","EURAUD_NY
21-03JST",2022_20
EURAUD,long,2022-05-16 13:55:00,2022-05-16 14:00:00,-4341.692789967911,-0.8683385579935823,2,"NY
21-03JST","EURAUD_NY
21-03JST",2022_20
EURAUD,long,2022-05-16 14:05:00,2022-05-16 14:10:00,-3504.628530738559,-0.7009257061477119,3,"NY
21-03JST","EURAUD_NY
21-03JST",2022_20
EURGBP,long,2022-05-16 14:05:00,2022-05-16 14:10:00,-5000.000000000176,-1.000000000000035,1,"NY
21-03JST","EURGBP_NY
21-03JST",2022_20
EURGBP,long,2022-05-16 14:10:00,2022-05-16 14:15:00,5827.886710237345,1.165577342047469,2,"NY
21-03JST","EURGBP_NY
21-03JST",2022_20
EURAUD,long,2022-05-16 14:10:00,2022-05-16 14:15:00,56.67926205845859,0.0113358524116917,2,"NY
21-03JST","EURAUD_NY
21-03JST",2022_20
EURAUD,long,2022-05-16 14:25:00,2022-05-16 14:30:00,-463.5325131808297,-0.0927065026361659,2,"NY
21-03JST","EURAUD_NY
21-03JST",2022_20
EURGBP,long,2022-05-16 14:35:00,2022-05-16 14:40:00,2710.144927536096,0.5420289855072192,6,"NY
21-03JST","EURGBP_NY
21-03JST",2022_20
EURGBP,long,2022-05-16 14:40:00,2022-05-16 14:45:00,4112.667834209262,0.8225335668418524,5,"NY
21-03JST","EURGBP_NY
21-03JST",2022_20
EURAUD,long,2022-05-16 14:40:00,2022-05-16 14:45:00,7896.682864989679,1.5793365729979358,12,"NY
21-03JST","EURAUD_NY
21-03JST",2022_20
EURGBP,long,2022-05-16 14:50:00,2022-05-16 14:55:00,-468.2080924861814,-0.0936416184972362,3,"NY
21-03JST","EURGBP_NY
21-03JST",2022_20
EURAUD,long,2022-05-16 14:55:00,2022-05-16 15:00:00,8475.242943081339,1.6950485886162678,9,"NY
21-03JST","EURAUD_NY
21-03JST",2022_20
EURGBP,long,2022-05-16 15:00:00,2022-05-16 15:05:00,3611.599297012565,0.7223198594025131,7,"NY
21-03JST","EURGBP_NY
21-03JST",2022_20
EURAUD,long,2022-05-16 15:00:00,2022-05-16 15:05:00,9714.250674515408,1.9428501349030816,8,"NY
21-03JST","EURAUD_NY
21-03JST",2022_20
EURGBP,long,2022-05-16 15:10:00,2022-05-16 15:15:00,3251.7084282464457,0.6503416856492892,6,"NY
21-03JST","EURGBP_NY
21-03JST",2022_20
EURGBP,long,2022-05-16 15:45:00,2022-05-16 15:50:00,-3676.248108924987,-0.7352496217849973,2,"NY
21-03JST","EURGBP_NY
21-03JST",2022_20
EURGBP,long,2022-05-16 15:55:00,2022-05-16 16:00:00,-5000.0,-1.0,1,"NY
21-03JST","EURGBP_NY
21-03JST",2022_20
EURGBP,long,2022-05-16 17:20:00,2022-05-16 17:25:00,-1822.085889568546,-0.3644171779137092,3,"NY
21-03JST","EURGBP_NY
21-03JST",2022_20
EURAUD,long,2022-05-16 17:20:00,2022-05-16 17:25:00,-1968.6033922759084,-0.3937206784551816,4,"NY
21-03JST","EURAUD_NY
21-03JST",2022_20
EURGBP,long,2022-05-16 17:40:00,2022-05-16 17:45:00,-1346.967559944672,-0.2693935119889344,3,"NY
21-03JST","EURGBP_NY
21-03JST",2022_20
EURAUD,long,2022-05-16 17:40:00,2022-05-16 17:45:00,1591.9282511201943,0.3183856502240388,4,"NY
21-03JST","EURAUD_NY
21-03JST",2022_20
EURGBP,long,2022-05-16 17:45:00,2022-05-16 17:50:00,-1413.0434782626908,-0.2826086956525381,2,"NY
21-03JST","EURGBP_NY
21-03JST",2022_20
CHFJPY,short,2022-05-18 01:30:00,2022-05-18 01:35:00,-5000.0,-1.0,1,"東京
09-15JST","CHFJPY_東京
09-15JST",2022_20
CHFJPY,short,2022-05-18 02:55:00,2022-05-18 03:00:00,11830.01531393093,2.366003062786186,6,"東京
09-15JST","CHFJPY_東京
09-15JST",2022_20
CHFJPY,short,2022-05-18 03:05:00,2022-05-18 03:10:00,11561.702127657796,2.312340425531559,3,"東京
09-15JST","CHFJPY_東京
09-15JST",2022_20
CHFJPY,short,2022-05-18 03:10:00,2022-05-18 03:15:00,9511.415525110222,1.9022831050220443,2,"東京
09-15JST","CHFJPY_東京
09-15JST",2022_20
CHFJPY,short,2022-05-18 03:15:00,2022-05-18 03:20:00,3399.9999999963416,0.6799999999992683,2,"東京
09-15JST","CHFJPY_東京
09-15JST",2022_20
CHFJPY,short,2022-05-18 03:20:00,2022-05-18 03:25:00,-4999.999999998463,-0.9999999999996926,1,"東京
09-15JST","CHFJPY_東京
09-15JST",2022_20
CHFJPY,short,2022-05-18 03:25:00,2022-05-18 03:30:00,1808.1343943395195,0.3616268788679038,3,"東京
09-15JST","CHFJPY_東京
09-15JST",2022_20
CHFJPY,short,2022-05-18 04:15:00,2022-05-18 04:20:00,-4716.407832544989,-0.943281566508998,2,"東京
09-15JST","CHFJPY_東京
09-15JST",2022_20
CHFJPY,short,2022-05-18 04:20:00,2022-05-18 04:25:00,741.4698162741367,0.1482939632548273,3,"東京
09-15JST","CHFJPY_東京
09-15JST",2022_20
CHFJPY,short,2022-05-18 04:35:00,2022-05-18 04:40:00,-4999.999999999222,-0.9999999999998443,1,"東京
09-15JST","CHFJPY_東京
09-15JST",2022_20
GBPUSD,long,2022-05-18 07:10:00,2022-05-18 07:15:00,-1147.017045454622,-0.2294034090909244,2,"欧州
15-21JST","GBPUSD_欧州
15-21JST",2022_20
GBPUSD,long,2022-05-18 07:15:00,2022-05-18 07:20:00,-3104.1153710892136,-0.6208230742178427,2,"欧州
15-21JST","GBPUSD_欧州
15-21JST",2022_20
GBPUSD,long,2022-05-18 07:25:00,2022-05-18 07:30:00,-3362.863217576276,-0.6725726435152551,2,"欧州
15-21JST","GBPUSD_欧州
15-21JST",2022_20
GBPUSD,long,2022-05-18 07:30:00,2022-05-18 07:35:00,-5000.000000000317,-1.0000000000000635,1,"欧州
15-21JST","GBPUSD_欧州
15-21JST",2022_20
GBPUSD,long,2022-05-18 07:35:00,2022-05-18 07:40:00,-3217.3174872666277,-0.6434634974533254,3,"欧州
15-21JST","GBPUSD_欧州
15-21JST",2022_20
GBPUSD,long,2022-05-18 07:40:00,2022-05-18 07:45:00,-5000.0000000003965,-1.0000000000000793,2,"欧州
15-21JST","GBPUSD_欧州
15-21JST",2022_20
GBPUSD,long,2022-05-18 07:45:00,2022-05-18 07:50:00,-5000.000000000079,-1.0000000000000158,1,"欧州
15-21JST","GBPUSD_欧州
15-21JST",2022_20
GBPUSD,long,2022-05-18 07:50:00,2022-05-18 07:55:00,-4999.999999999681,-0.9999999999999362,1,"欧州
15-21JST","GBPUSD_欧州
15-21JST",2022_20
GBPUSD,long,2022-05-18 07:55:00,2022-05-18 08:00:00,2625.218914186028,0.5250437828372057,4,"欧州
15-21JST","GBPUSD_欧州
15-21JST",2022_20
GBPUSD,long,2022-05-18 08:00:00,2022-05-18 08:05:00,443.925233646724,0.0887850467293448,3,"欧州
15-21JST","GBPUSD_欧州
15-21JST",2022_20
GBPUSD,long,2022-05-18 08:15:00,2022-05-18 08:20:00,-3933.623503808619,-0.7867247007617237,2,"欧州
15-21JST","GBPUSD_欧州
15-21JST",2022_20
GBPUSD,long,2022-05-18 08:20:00,2022-05-18 08:25:00,-5000.00000000044,-1.000000000000088,1,"欧州
15-21JST","GBPUSD_欧州
15-21JST",2022_20
AUDUSD,short,2022-05-18 08:20:00,2022-05-18 08:25:00,-5000.000000000227,-1.0000000000000455,1,"欧州
15-21JST","AUDUSD_欧州
15-21JST",2022_20
GBPUSD,long,2022-05-18 08:30:00,2022-05-18 08:35:00,-4999.999999999748,-0.9999999999999496,1,"欧州
15-21JST","GBPUSD_欧州
15-21JST",2022_20
EURGBP,long,2022-05-18 15:35:00,2022-05-18 15:40:00,1290.224650879827,0.2580449301759654,3,"NY
21-03JST","EURGBP_NY
21-03JST",2022_20
EURAUD,long,2022-05-18 15:45:00,2022-05-18 15:50:00,6815.986476696695,1.363197295339339,4,"NY
21-03JST","EURAUD_NY
21-03JST",2022_20
EURGBP,long,2022-05-18 15:55:00,2022-05-18 18:00:00,3144.9468085109725,0.6289893617021944,17,"NY
21-03JST","EURGBP_NY
21-03JST",2022_20
GBPUSD,long,2022-05-19 08:05:00,2022-05-19 08:10:00,3931.297709923752,0.7862595419847503,2,"欧州
15-21JST","GBPUSD_欧州
15-21JST",2022_20
GBPUSD,long,2022-05-19 09:00:00,2022-05-19 09:05:00,-857.325655790327,-0.1714651311580654,3,"欧州
15-21JST","GBPUSD_欧州
15-21JST",2022_20
GBPUSD,long,2022-05-19 09:20:00,2022-05-19 09:25:00,16157.712305025992,3.2315424610051986,10,"欧州
15-21JST","GBPUSD_欧州
15-21JST",2022_20
GBPUSD,long,2022-05-19 09:25:00,2022-05-19 09:30:00,16873.487728999593,3.3746975457999184,9,"欧州
15-21JST","GBPUSD_欧州
15-21JST",2022_20
EURAUD,long,2022-05-19 13:30:00,2022-05-19 13:35:00,5317.3354314195285,1.0634670862839055,3,"NY
21-03JST","EURAUD_NY
21-03JST",2022_20
EURAUD,long,2022-05-19 13:35:00,2022-05-19 13:40:00,5344.234079174248,1.0688468158348496,2,"NY
21-03JST","EURAUD_NY
21-03JST",2022_20
EURAUD,long,2022-05-19 13:50:00,2022-05-19 13:55:00,-5000.000000000284,-1.0000000000000568,1,"NY
21-03JST","EURAUD_NY
21-03JST",2022_20
EURAUD,long,2022-05-19 14:00:00,2022-05-19 14:05:00,-2456.72436750983,-0.491344873501966,2,"NY
21-03JST","EURAUD_NY
21-03JST",2022_20
EURAUD,long,2022-05-19 14:10:00,2022-05-19 14:15:00,6853.1154605855,1.3706230921171,4,"NY
21-03JST","EURAUD_NY
21-03JST",2022_20
EURAUD,long,2022-05-19 14:35:00,2022-05-19 14:40:00,-141.122415489818,-0.0282244830979636,4,"NY
21-03JST","EURAUD_NY
21-03JST",2022_20
EURGBP,long,2022-05-19 14:35:00,2022-05-19 14:40:00,-4999.999999999811,-0.999999999999962,1,"NY
21-03JST","EURGBP_NY
21-03JST",2022_20
EURGBP,long,2022-05-19 14:45:00,2022-05-19 14:50:00,15111.79429849083,3.022358859698166,3,"NY
21-03JST","EURGBP_NY
21-03JST",2022_20
EURAUD,long,2022-05-19 14:45:00,2022-05-19 14:50:00,-836.2647905337577,-0.1672529581067515,3,"NY
21-03JST","EURAUD_NY
21-03JST",2022_20
EURAUD,long,2022-05-19 15:05:00,2022-05-19 15:10:00,-4183.276616431242,-0.8366553232862484,2,"NY
21-03JST","EURAUD_NY
21-03JST",2022_20
EURAUD,long,2022-05-19 15:20:00,2022-05-19 15:25:00,2161.6744857448607,0.4323348971489721,8,"NY
21-03JST","EURAUD_NY
21-03JST",2022_20
CHFJPY,short,2022-05-20 03:50:00,2022-05-20 03:55:00,-4999.999999999094,-0.9999999999998188,1,"東京
09-15JST","CHFJPY_東京
09-15JST",2022_20
EURJPY,short,2022-05-20 08:15:00,2022-05-20 08:20:00,-5000.000000000076,-1.000000000000015,1,"欧州
15-21JST","EURJPY_欧州
15-21JST",2022_20
EURJPY,short,2022-05-20 11:25:00,2022-05-20 11:30:00,-2366.946778709736,-0.4733893557419471,5,"欧州
15-21JST","EURJPY_欧州
15-21JST",2022_20
EURJPY,short,2022-05-20 11:50:00,2022-05-20 11:55:00,-1776.8940979488266,-0.3553788195897653,2,"欧州
15-21JST","EURJPY_欧州
15-21JST",2022_20
EURAUD,long,2022-05-20 13:20:00,2022-05-20 13:25:00,943.3962264145064,0.1886792452829013,2,"NY
21-03JST","EURAUD_NY
21-03JST",2022_20
EURAUD,long,2022-05-20 13:25:00,2022-05-20 13:30:00,1661.1977030342673,0.3322395406068534,2,"NY
21-03JST","EURAUD_NY
21-03JST",2022_20
EURAUD,long,2022-05-20 13:40:00,2022-05-20 13:45:00,-2080.131723379688,-0.4160263446759375,2,"NY
21-03JST","EURAUD_NY
21-03JST",2022_20
EURAUD,long,2022-05-20 14:00:00,2022-05-20 14:05:00,10774.29690281266,2.154859380562532,4,"NY
21-03JST","EURAUD_NY
21-03JST",2022_20
EURGBP,long,2022-05-20 14:25:00,2022-05-20 14:30:00,11928.104575162928,2.3856209150325856,10,"NY
21-03JST","EURGBP_NY
21-03JST",2022_20
AUDJPY,short,2022-05-23 02:40:00,2022-05-23 02:45:00,-241.2280701754411,-0.0482456140350882,2,"東京
09-15JST","AUDJPY_東京
09-15JST",2022_21
AUDJPY,short,2022-05-23 02:45:00,2022-05-23 02:50:00,-5000.000000000268,-1.0000000000000535,1,"東京
09-15JST","AUDJPY_東京
09-15JST",2022_21
AUDJPY,short,2022-05-23 03:15:00,2022-05-23 03:20:00,4922.680412371134,0.9845360824742267,3,"東京
09-15JST","AUDJPY_東京
09-15JST",2022_21
AUDJPY,short,2022-05-23 03:20:00,2022-05-23 03:25:00,1881.355932204248,0.3762711864408495,2,"東京
09-15JST","AUDJPY_東京
09-15JST",2022_21
AUDJPY,short,2022-05-23 03:25:00,2022-05-23 03:30:00,-5000.000000000059,-1.0000000000000118,3,"東京
09-15JST","AUDJPY_東京
09-15JST",2022_21
EURGBP,long,2022-05-23 12:00:00,2022-05-23 12:05:00,2016.5745856351173,0.4033149171270235,3,"NY
21-03JST","EURGBP_NY
21-03JST",2022_21
EURAUD,long,2022-05-23 12:20:00,2022-05-23 12:25:00,9773.333333332284,1.954666666666457,3,"NY
21-03JST","EURAUD_NY
21-03JST",2022_21
AUDJPY,short,2022-05-24 00:00:00,2022-05-24 00:05:00,-4999.9999999996135,-0.9999999999999228,1,"東京
09-15JST","AUDJPY_東京
09-15JST",2022_21
CHFJPY,short,2022-05-24 00:15:00,2022-05-24 00:20:00,-2902.6217228479272,-0.5805243445695855,2,"東京
09-15JST","CHFJPY_東京
09-15JST",2022_21
CHFJPY,short,2022-05-24 00:20:00,2022-05-24 00:25:00,-1958.1545064365032,-0.3916309012873006,2,"東京
09-15JST","CHFJPY_東京
09-15JST",2022_21
AUDJPY,short,2022-05-24 00:20:00,2022-05-24 00:25:00,-5000.000000000184,-1.0000000000000366,1,"東京
09-15JST","AUDJPY_東京
09-15JST",2022_21
AUDJPY,short,2022-05-24 00:30:00,2022-05-24 00:35:00,1670.82813150223,0.334165626300446,2,"東京
09-15JST","AUDJPY_東京
09-15JST",2022_21
CHFJPY,short,2022-05-24 03:40:00,2022-05-24 03:45:00,-5000.0,-1.0,1,"東京
09-15JST","CHFJPY_東京
09-15JST",2022_21
CHFJPY,short,2022-05-24 04:15:00,2022-05-24 04:20:00,-4841.0295230854335,-0.9682059046170868,2,"東京
09-15JST","CHFJPY_東京
09-15JST",2022_21
GBPUSD,long,2022-05-24 09:35:00,2022-05-24 09:40:00,3518.185900314139,0.7036371800628278,17,"欧州
15-21JST","GBPUSD_欧州
15-21JST",2022_21
GBPUSD,long,2022-05-24 09:50:00,2022-05-24 09:55:00,11944.950783813065,2.388990156762613,11,"欧州
15-21JST","GBPUSD_欧州
15-21JST",2022_21
EURGBP,long,2022-05-24 16:00:00,2022-05-24 16:05:00,-5000.000000000175,-1.0000000000000349,1,"NY
21-03JST","EURGBP_NY
21-03JST",2022_21
EURGBP,long,2022-05-24 16:05:00,2022-05-24 16:10:00,-5000.000000000176,-1.000000000000035,7,"NY
21-03JST","EURGBP_NY
21-03JST",2022_21
EURGBP,long,2022-05-24 16:10:00,2022-05-24 16:15:00,-4110.40508339876,-0.8220810166797521,6,"NY
21-03JST","EURGBP_NY
21-03JST",2022_21
EURGBP,long,2022-05-24 16:15:00,2022-05-24 16:20:00,-2960.03330557872,-0.592006661115744,5,"NY
21-03JST","EURGBP_NY
21-03JST",2022_21
EURGBP,long,2022-05-24 16:40:00,2022-05-24 16:45:00,-531.9148936181316,-0.1063829787236263,6,"NY
21-03JST","EURGBP_NY
21-03JST",2022_21
EURGBP,long,2022-05-24 16:45:00,2022-05-24 16:50:00,-1472.332015812411,-0.2944664031624822,5,"NY
21-03JST","EURGBP_NY
21-03JST",2022_21
EURGBP,long,2022-05-24 17:15:00,2022-05-24 17:20:00,3938.307030130121,0.7876614060260243,4,"NY
21-03JST","EURGBP_NY
21-03JST",2022_21
EURAUD,long,2022-05-24 17:15:00,2022-05-24 17:20:00,-372.8813559335232,-0.0745762711867046,3,"NY
21-03JST","EURAUD_NY
21-03JST",2022_21
EURGBP,long,2022-05-24 17:20:00,2022-05-24 17:25:00,654.5961002781842,0.1309192200556368,3,"NY
21-03JST","EURGBP_NY
21-03JST",2022_21
EURAUD,long,2022-05-24 17:35:00,2022-05-24 17:40:00,-5000.000000000303,-1.0000000000000606,1,"NY
21-03JST","EURAUD_NY
21-03JST",2022_21
EURGBP,long,2022-05-24 17:35:00,2022-05-24 17:40:00,-4999.999999999362,-0.9999999999998724,1,"NY
21-03JST","EURGBP_NY
21-03JST",2022_21
EURGBP,long,2022-05-24 17:40:00,2022-05-24 17:45:00,-4999.999999999397,-0.9999999999998794,1,"NY
21-03JST","EURGBP_NY
21-03JST",2022_21
EURGBP,long,2022-05-24 17:50:00,2022-05-24 17:55:00,1811.7797695257675,0.3623559539051535,2,"NY
21-03JST","EURGBP_NY
21-03JST",2022_21
AUDJPY,short,2022-05-25 01:00:00,2022-05-25 01:05:00,-4999.999999999928,-0.9999999999999856,1,"東京
09-15JST","AUDJPY_東京
09-15JST",2022_21
EURJPY,short,2022-05-25 08:00:00,2022-05-25 08:05:00,3029.7723292475407,0.6059544658495082,5,"欧州
15-21JST","EURJPY_欧州
15-21JST",2022_21
EURJPY,short,2022-05-25 08:05:00,2022-05-25 08:10:00,506.9930069935951,0.101398601398719,4,"欧州
15-21JST","EURJPY_欧州
15-21JST",2022_21
EURJPY,short,2022-05-25 08:10:00,2022-05-25 08:15:00,-687.5000000003076,-0.1375000000000615,3,"欧州
15-21JST","EURJPY_欧州
15-21JST",2022_21
GBPUSD,long,2022-05-25 08:25:00,2022-05-25 08:30:00,665.2638394318227,0.1330527678863645,5,"欧州
15-21JST","GBPUSD_欧州
15-21JST",2022_21
GBPUSD,long,2022-05-25 08:45:00,2022-05-25 08:50:00,-794.3548387102705,-0.1588709677420541,2,"欧州
15-21JST","GBPUSD_欧州
15-21JST",2022_21
GBPUSD,long,2022-05-25 08:55:00,2022-05-25 09:00:00,-4999.999999999583,-0.9999999999999164,1,"欧州
15-21JST","GBPUSD_欧州
15-21JST",2022_21
GBPUSD,long,2022-05-25 09:00:00,2022-05-25 09:05:00,-4999.999999999827,-0.9999999999999656,1,"欧州
15-21JST","GBPUSD_欧州
15-21JST",2022_21
EURJPY,short,2022-05-25 09:00:00,2022-05-25 09:05:00,-1279.5275590545132,-0.2559055118109026,3,"欧州
15-21JST","EURJPY_欧州
15-21JST",2022_21
GBPUSD,long,2022-05-25 09:05:00,2022-05-25 09:10:00,-4999.999999999488,-0.9999999999998976,1,"欧州
15-21JST","GBPUSD_欧州
15-21JST",2022_21
GBPUSD,long,2022-05-25 09:10:00,2022-05-25 09:15:00,-846.9721767588039,-0.1693944353517608,3,"欧州
15-21JST","GBPUSD_欧州
15-21JST",2022_21
GBPUSD,long,2022-05-25 10:00:00,2022-05-25 10:05:00,-4999.999999999674,-0.9999999999999348,1,"欧州
15-21JST","GBPUSD_欧州
15-21JST",2022_21
GBPUSD,long,2022-05-25 10:05:00,2022-05-25 10:10:00,370.8439897693992,0.0741687979538798,2,"欧州
15-21JST","GBPUSD_欧州
15-21JST",2022_21
GBPUSD,long,2022-05-25 10:10:00,2022-05-25 10:15:00,-2139.2532795157454,-0.4278506559031491,2,"欧州
15-21JST","GBPUSD_欧州
15-21JST",2022_21
GBPUSD,long,2022-05-25 10:20:00,2022-05-25 10:25:00,-4999.999999999549,-0.9999999999999096,1,"欧州
15-21JST","GBPUSD_欧州
15-21JST",2022_21
GBPUSD,long,2022-05-25 10:25:00,2022-05-25 10:30:00,-5000.000000000222,-1.0000000000000444,1,"欧州
15-21JST","GBPUSD_欧州
15-21JST",2022_21
GBPUSD,long,2022-05-25 10:30:00,2022-05-25 10:35:00,3511.7967332114918,0.7023593466422983,2,"欧州
15-21JST","GBPUSD_欧州
15-21JST",2022_21
GBPUSD,long,2022-05-25 10:45:00,2022-05-25 10:50:00,-2635.7417699866864,-0.5271483539973373,2,"欧州
15-21JST","GBPUSD_欧州
15-21JST",2022_21
GBPUSD,long,2022-05-25 10:55:00,2022-05-25 11:00:00,4344.729344729227,0.8689458689458454,5,"欧州
15-21JST","GBPUSD_欧州
15-21JST",2022_21
GBPUSD,long,2022-05-25 11:25:00,2022-05-25 11:30:00,-2004.4408558738012,-0.4008881711747603,2,"欧州
15-21JST","GBPUSD_欧州
15-21JST",2022_21
GBPUSD,long,2022-05-25 11:30:00,2022-05-25 11:35:00,265.24148851884746,0.0530482977037694,5,"欧州
15-21JST","GBPUSD_欧州
15-21JST",2022_21
GBPUSD,long,2022-05-25 11:35:00,2022-05-25 11:40:00,443.53262993396095,0.0887065259867921,4,"欧州
15-21JST","GBPUSD_欧州
15-21JST",2022_21
GBPUSD,long,2022-05-25 11:40:00,2022-05-25 11:45:00,548.9614243313283,0.1097922848662656,3,"欧州
15-21JST","GBPUSD_欧州
15-21JST",2022_21
EURGBP,long,2022-05-25 12:30:00,2022-05-25 12:35:00,4480.812641082869,0.8961625282165738,3,"NY
21-03JST","EURGBP_NY
21-03JST",2022_21
EURGBP,long,2022-05-25 13:25:00,2022-05-25 13:30:00,-470.2784048160655,-0.0940556809632131,3,"NY
21-03JST","EURGBP_NY
21-03JST",2022_21
EURGBP,long,2022-05-25 13:35:00,2022-05-25 13:40:00,-4999.999999999917,-0.9999999999999836,3,"NY
21-03JST","EURGBP_NY
21-03JST",2022_21
EURGBP,long,2022-05-25 13:45:00,2022-05-25 13:50:00,-5000.000000000171,-1.0000000000000342,1,"NY
21-03JST","EURGBP_NY
21-03JST",2022_21
EURGBP,long,2022-05-25 13:55:00,2022-05-25 14:00:00,-507.7173030061156,-0.1015434606012231,3,"NY
21-03JST","EURGBP_NY
21-03JST",2022_21
EURAUD,long,2022-05-25 14:00:00,2022-05-25 14:05:00,-3411.732152739574,-0.6823464305479148,2,"NY
21-03JST","EURAUD_NY
21-03JST",2022_21
EURAUD,long,2022-05-25 14:10:00,2022-05-25 14:15:00,-5000.000000000129,-1.0000000000000258,1,"NY
21-03JST","EURAUD_NY
21-03JST",2022_21
EURAUD,long,2022-05-25 14:15:00,2022-05-25 14:20:00,4049.504950494733,0.8099009900989466,2,"NY
21-03JST","EURAUD_NY
21-03JST",2022_21
EURAUD,long,2022-05-25 14:35:00,2022-05-25 14:40:00,4905.487004462961,0.981097400892592,5,"NY
21-03JST","EURAUD_NY
21-03JST",2022_21
EURGBP,long,2022-05-25 14:35:00,2022-05-25 14:40:00,-4999.99999999983,-0.999999999999966,1,"NY
21-03JST","EURGBP_NY
21-03JST",2022_21
EURGBP,long,2022-05-25 14:40:00,2022-05-25 14:45:00,-5000.000000000247,-1.0000000000000495,1,"NY
21-03JST","EURGBP_NY
21-03JST",2022_21
EURGBP,long,2022-05-25 14:45:00,2022-05-25 14:50:00,-2753.209700428907,-0.5506419400857814,3,"NY
21-03JST","EURGBP_NY
21-03JST",2022_21
EURGBP,long,2022-05-25 14:50:00,2022-05-25 14:55:00,-5000.0,-1.0,2,"NY
21-03JST","EURGBP_NY
21-03JST",2022_21
EURGBP,long,2022-05-25 15:05:00,2022-05-25 15:10:00,-3290.3663500674606,-0.6580732700134921,2,"NY
21-03JST","EURGBP_NY
21-03JST",2022_21
EURAUD,long,2022-05-25 15:05:00,2022-05-25 15:10:00,-1293.904958677473,-0.2587809917354945,7,"NY
21-03JST","EURAUD_NY
21-03JST",2022_21
EURAUD,long,2022-05-25 15:15:00,2022-05-25 15:20:00,1197.5242195905976,0.2395048439181195,4,"NY
21-03JST","EURAUD_NY
21-03JST",2022_21
EURGBP,long,2022-05-25 15:20:00,2022-05-25 15:25:00,-2694.463910301202,-0.5388927820602404,3,"NY
21-03JST","EURGBP_NY
21-03JST",2022_21
EURAUD,long,2022-05-25 15:20:00,2022-05-25 15:25:00,348.31460674161747,0.0696629213483235,3,"NY
21-03JST","EURAUD_NY
21-03JST",2022_21
EURAUD,long,2022-05-25 15:25:00,2022-05-25 15:30:00,1964.761622742176,0.3929523245484352,2,"NY
21-03JST","EURAUD_NY
21-03JST",2022_21
EURGBP,long,2022-05-25 15:25:00,2022-05-25 15:30:00,1909.4622191957196,0.3818924438391439,2,"NY
21-03JST","EURGBP_NY
21-03JST",2022_21
EURGBP,long,2022-05-25 15:40:00,2022-05-25 15:45:00,-3558.35240274735,-0.71167048054947,2,"NY
21-03JST","EURGBP_NY
21-03JST",2022_21
EURAUD,long,2022-05-25 15:45:00,2022-05-25 15:50:00,-3761.8445988632943,-0.7523689197726589,2,"NY
21-03JST","EURAUD_NY
21-03JST",2022_21
EURGBP,long,2022-05-25 15:45:00,2022-05-25 15:50:00,-5000.00000000035,-1.00000000000007,1,"NY
21-03JST","EURGBP_NY
21-03JST",2022_21
EURGBP,long,2022-05-25 15:55:00,2022-05-25 18:00:00,-614.179719702858,-0.1228359439405716,2,"NY
21-03JST","EURGBP_NY
21-03JST",2022_21
EURAUD,long,2022-05-25 15:55:00,2022-05-25 18:00:00,-4999.999999999852,-0.9999999999999704,1,"NY
21-03JST","EURAUD_NY
21-03JST",2022_21
AUDJPY,short,2022-05-26 02:10:00,2022-05-26 02:15:00,-4999.999999999753,-0.9999999999999504,1,"東京
09-15JST","AUDJPY_東京
09-15JST",2022_21
AUDJPY,short,2022-05-26 04:50:00,2022-05-26 04:55:00,-3708.651399490174,-0.7417302798980348,3,"東京
09-15JST","AUDJPY_東京
09-15JST",2022_21
CHFJPY,short,2022-05-26 05:50:00,2022-05-26 05:55:00,5554.323725058449,1.1108647450116895,2,"東京
09-15JST","CHFJPY_東京
09-15JST",2022_21
EURJPY,short,2022-05-26 06:30:00,2022-05-26 06:35:00,-4999.999999999619,-0.9999999999999238,2,"欧州
15-21JST","EURJPY_欧州
15-21JST",2022_21
EURJPY,short,2022-05-26 07:00:00,2022-05-26 07:05:00,-4999.9999999997335,-0.9999999999999468,1,"欧州
15-21JST","EURJPY_欧州
15-21JST",2022_21
EURJPY,short,2022-05-26 08:10:00,2022-05-26 08:15:00,-4144.820565029665,-0.828964113005933,4,"欧州
15-21JST","EURJPY_欧州
15-21JST",2022_21
EURJPY,short,2022-05-26 08:30:00,2022-05-26 08:35:00,241.11675126819537,0.048223350253639,8,"欧州
15-21JST","EURJPY_欧州
15-21JST",2022_21
EURJPY,short,2022-05-26 09:05:00,2022-05-26 09:10:00,-4999.999999999598,-0.9999999999999196,1,"欧州
15-21JST","EURJPY_欧州
15-21JST",2022_21
EURAUD,long,2022-05-26 16:55:00,2022-05-26 17:00:00,-2619.272555504011,-0.5238545111008022,2,"NY
21-03JST","EURAUD_NY
21-03JST",2022_21
EURAUD,long,2022-05-26 17:00:00,2022-05-26 17:05:00,-3276.022304831719,-0.6552044609663438,3,"NY
21-03JST","EURAUD_NY
21-03JST",2022_21
EURAUD,long,2022-05-26 17:10:00,2022-05-26 17:15:00,2191.3289349680185,0.4382657869936037,9,"NY
21-03JST","EURAUD_NY
21-03JST",2022_21
EURAUD,long,2022-05-26 17:20:00,2022-05-26 17:25:00,58.99705014700573,0.0117994100294011,6,"NY
21-03JST","EURAUD_NY
21-03JST",2022_21
EURGBP,long,2022-05-26 17:40:00,2022-05-26 17:45:00,-2214.854111404642,-0.4429708222809284,3,"NY
21-03JST","EURGBP_NY
21-03JST",2022_21
EURGBP,long,2022-05-26 17:45:00,2022-05-26 17:50:00,-1725.1461988311662,-0.3450292397662332,2,"NY
21-03JST","EURGBP_NY
21-03JST",2022_21
EURGBP,long,2022-05-26 17:50:00,2022-05-26 17:55:00,-4999.999999998857,-0.9999999999997714,3,"NY
21-03JST","EURGBP_NY
21-03JST",2022_21
GBPUSD,long,2022-05-27 06:40:00,2022-05-27 06:45:00,-1821.9339622672933,-0.3643867924534587,2,"欧州
15-21JST","GBPUSD_欧州
15-21JST",2022_21
GBPUSD,long,2022-05-27 07:00:00,2022-05-27 07:05:00,2131.661442004854,0.4263322884009708,2,"欧州
15-21JST","GBPUSD_欧州
15-21JST",2022_21
EURJPY,short,2022-05-27 09:25:00,2022-05-27 09:30:00,963.2139399798588,0.1926427879959717,3,"欧州
15-21JST","EURJPY_欧州
15-21JST",2022_21
EURJPY,short,2022-05-27 09:30:00,2022-05-27 09:35:00,36.21438918421017,0.007242877836842,2,"欧州
15-21JST","EURJPY_欧州
15-21JST",2022_21
EURJPY,short,2022-05-27 10:00:00,2022-05-27 10:05:00,-4552.511415525442,-0.9105022831050884,2,"欧州
15-21JST","EURJPY_欧州
15-21JST",2022_21
EURJPY,short,2022-05-27 10:20:00,2022-05-27 10:25:00,11379.310344829468,2.275862068965893,9,"欧州
15-21JST","EURJPY_欧州
15-21JST",2022_21
EURJPY,short,2022-05-27 10:55:00,2022-05-27 11:00:00,1550.1285347058945,0.3100257069411788,2,"欧州
15-21JST","EURJPY_欧州
15-21JST",2022_21
EURJPY,short,2022-05-27 11:00:00,2022-05-27 11:05:00,-385.7421874992476,-0.0771484374998495,3,"欧州
15-21JST","EURJPY_欧州
15-21JST",2022_21
EURJPY,short,2022-05-27 11:05:00,2022-05-27 11:10:00,3145.3252032515534,0.6290650406503107,2,"欧州
15-21JST","EURJPY_欧州
15-21JST",2022_21
NZDUSD,long,2022-05-31 01:05:00,2022-05-31 01:10:00,-2980.3278688533496,-0.5960655737706699,3,"東京
09-15JST","NZDUSD_東京
09-15JST",2022_22
NZDUSD,long,2022-05-31 01:25:00,2022-05-31 01:30:00,-5000.0000000003965,-1.0000000000000793,1,"東京
09-15JST","NZDUSD_東京
09-15JST",2022_22
NZDUSD,long,2022-05-31 01:30:00,2022-05-31 01:35:00,11362.378976487564,2.2724757952975128,3,"東京
09-15JST","NZDUSD_東京
09-15JST",2022_22
NZDUSD,long,2022-05-31 01:35:00,2022-05-31 01:40:00,10702.702702702982,2.1405405405405964,2,"東京
09-15JST","NZDUSD_東京
09-15JST",2022_22
NZDUSD,long,2022-05-31 01:50:00,2022-05-31 01:55:00,-1531.8906605922805,-0.306378132118456,4,"東京
09-15JST","NZDUSD_東京
09-15JST",2022_22
NZDUSD,long,2022-05-31 01:55:00,2022-05-31 02:00:00,-1072.8744939287317,-0.2145748987857463,3,"東京
09-15JST","NZDUSD_東京
09-15JST",2022_22
NZDUSD,long,2022-05-31 02:00:00,2022-05-31 02:05:00,-1689.734717417041,-0.3379469434834082,2,"東京
09-15JST","NZDUSD_東京
09-15JST",2022_22
NZDUSD,long,2022-05-31 02:15:00,2022-05-31 02:20:00,-1709.9567099573137,-0.3419913419914627,6,"東京
09-15JST","NZDUSD_東京
09-15JST",2022_22
NZDUSD,long,2022-05-31 02:20:00,2022-05-31 02:25:00,259.862241702667,0.0519724483405334,5,"東京
09-15JST","NZDUSD_東京
09-15JST",2022_22
EURJPY,short,2022-05-31 10:55:00,2022-05-31 11:00:00,-4999.999999999459,-0.9999999999998918,1,"欧州
15-21JST","EURJPY_欧州
15-21JST",2022_22
EURJPY,short,2022-05-31 11:00:00,2022-05-31 11:05:00,-5000.000000000176,-1.000000000000035,1,"欧州
15-21JST","EURJPY_欧州
15-21JST",2022_22
EURJPY,short,2022-05-31 11:20:00,2022-05-31 11:25:00,-5000.000000000431,-1.0000000000000862,1,"欧州
15-21JST","EURJPY_欧州
15-21JST",2022_22
AUDNZD,long,2022-05-31 19:35:00,2022-05-31 19:40:00,-3261.589403965923,-0.6523178807931845,2,"深夜
03-09JST","AUDNZD_深夜
03-09JST",2022_22
AUDNZD,long,2022-05-31 19:50:00,2022-05-31 19:55:00,-4204.545454543668,-0.8409090909087336,5,"深夜
03-09JST","AUDNZD_深夜
03-09JST",2022_22
AUDNZD,long,2022-05-31 19:55:00,2022-05-31 20:00:00,-1274.193548383499,-0.2548387096766998,4,"深夜
03-09JST","AUDNZD_深夜
03-09JST",2022_22
AUDNZD,long,2022-05-31 20:00:00,2022-05-31 20:05:00,-2299.035369769644,-0.4598070739539288,3,"深夜
03-09JST","AUDNZD_深夜
03-09JST",2022_22
AUDNZD,long,2022-05-31 20:05:00,2022-05-31 20:10:00,-2915.9369527124245,-0.5831873905424849,2,"深夜
03-09JST","AUDNZD_深夜
03-09JST",2022_22
NZDUSD,long,2022-06-01 04:00:00,2022-06-01 04:05:00,-4999.999999999078,-0.9999999999998156,1,"東京
09-15JST","NZDUSD_東京
09-15JST",2022_22
NZDUSD,long,2022-06-01 05:20:00,2022-06-01 05:25:00,-5000.000000000228,-1.0000000000000455,1,"東京
09-15JST","NZDUSD_東京
09-15JST",2022_22
NZDUSD,long,2022-06-01 05:30:00,2022-06-01 05:35:00,-2077.534791252861,-0.4155069582505722,2,"東京
09-15JST","NZDUSD_東京
09-15JST",2022_22
NZDUSD,long,2022-06-01 05:35:00,2022-06-01 05:40:00,-942.028985505234,-0.1884057971010467,2,"東京
09-15JST","NZDUSD_東京
09-15JST",2022_22
NZDUSD,long,2022-06-01 05:45:00,2022-06-01 05:50:00,5265.588914552531,1.053117782910506,5,"東京
09-15JST","NZDUSD_東京
09-15JST",2022_22
EURAUD,long,2022-06-01 13:00:00,2022-06-01 13:05:00,-3621.761658029172,-0.7243523316058343,4,"NY
21-03JST","EURAUD_NY
21-03JST",2022_22
EURAUD,long,2022-06-01 13:05:00,2022-06-01 13:10:00,-3128.59560067595,-0.62571912013519,4,"NY
21-03JST","EURAUD_NY
21-03JST",2022_22
EURAUD,long,2022-06-01 13:20:00,2022-06-01 13:25:00,-5000.000000000551,-1.00000000000011,1,"NY
21-03JST","EURAUD_NY
21-03JST",2022_22
EURAUD,long,2022-06-01 13:25:00,2022-06-01 13:30:00,-5000.000000000323,-1.0000000000000646,1,"NY
21-03JST","EURAUD_NY
21-03JST",2022_22
EURAUD,long,2022-06-01 13:30:00,2022-06-01 13:35:00,-1341.3827323859773,-0.2682765464771954,2,"NY
21-03JST","EURAUD_NY
21-03JST",2022_22
EURAUD,long,2022-06-01 13:40:00,2022-06-01 13:45:00,-3560.873755220506,-0.7121747510441012,3,"NY
21-03JST","EURAUD_NY
21-03JST",2022_22
EURAUD,long,2022-06-01 13:45:00,2022-06-01 13:50:00,129.674306393421,0.0259348612786842,2,"NY
21-03JST","EURAUD_NY
21-03JST",2022_22
EURAUD,long,2022-06-01 14:00:00,2022-06-01 14:05:00,5322.5806451619255,1.064516129032385,3,"NY
21-03JST","EURAUD_NY
21-03JST",2022_22
EURAUD,long,2022-06-01 14:20:00,2022-06-01 14:25:00,3320.312500000039,0.6640625000000078,3,"NY
21-03JST","EURAUD_NY
21-03JST",2022_22
EURAUD,long,2022-06-01 14:25:00,2022-06-01 14:30:00,6377.620473727262,1.2755240947454525,2,"NY
21-03JST","EURAUD_NY
21-03JST",2022_22
EURAUD,long,2022-06-01 14:50:00,2022-06-01 14:55:00,-5000.000000000209,-1.0000000000000415,1,"NY
21-03JST","EURAUD_NY
21-03JST",2022_22
EURAUD,long,2022-06-01 14:55:00,2022-06-01 15:00:00,3232.394366196732,0.6464788732393464,7,"NY
21-03JST","EURAUD_NY
21-03JST",2022_22
EURAUD,long,2022-06-01 16:30:00,2022-06-01 16:35:00,-1280.74778615967,-0.256149557231934,4,"NY
21-03JST","EURAUD_NY
21-03JST",2022_22
EURAUD,long,2022-06-01 16:40:00,2022-06-01 16:45:00,94.61426491991156,0.0189228529839823,2,"NY
21-03JST","EURAUD_NY
21-03JST",2022_22
EURAUD,long,2022-06-01 17:15:00,2022-06-01 17:20:00,-909.6560298381532,-0.1819312059676306,3,"NY
21-03JST","EURAUD_NY
21-03JST",2022_22
EURAUD,long,2022-06-01 17:30:00,2022-06-01 17:35:00,-5000.000000000293,-1.0000000000000586,1,"NY
21-03JST","EURAUD_NY
21-03JST",2022_22
EURAUD,long,2022-06-01 17:35:00,2022-06-01 17:40:00,2705.3344623201965,0.5410668924640393,3,"NY
21-03JST","EURAUD_NY
21-03JST",2022_22
EURAUD,long,2022-06-01 17:40:00,2022-06-01 17:45:00,2454.391175224135,0.490878235044827,2,"NY
21-03JST","EURAUD_NY
21-03JST",2022_22
NZDUSD,long,2022-06-02 02:45:00,2022-06-02 02:50:00,9607.571560479222,1.9215143120958444,9,"東京
09-15JST","NZDUSD_東京
09-15JST",2022_22
AUDNZD,long,2022-06-02 05:20:00,2022-06-02 05:25:00,-3309.6590909064157,-0.6619318181812831,2,"東京
09-15JST","AUDNZD_東京
09-15JST",2022_22
EURAUD,long,2022-06-02 12:05:00,2022-06-02 12:10:00,-5000.000000000102,-1.0000000000000204,1,"NY
21-03JST","EURAUD_NY
21-03JST",2022_22
EURAUD,long,2022-06-02 12:15:00,2022-06-02 12:20:00,-3308.3333333326163,-0.6616666666665233,4,"NY
21-03JST","EURAUD_NY
21-03JST",2022_22
EURAUD,long,2022-06-02 12:20:00,2022-06-02 12:25:00,-1359.884440775282,-0.2719768881550564,3,"NY
21-03JST","EURAUD_NY
21-03JST",2022_22
EURAUD,long,2022-06-02 12:25:00,2022-06-02 12:30:00,-2341.040462428822,-0.4682080924857644,2,"NY
21-03JST","EURAUD_NY
21-03JST",2022_22
EURAUD,long,2022-06-02 12:40:00,2022-06-02 12:45:00,7523.326572006778,1.5046653144013558,6,"NY
21-03JST","EURAUD_NY
21-03JST",2022_22
EURAUD,long,2022-06-02 12:45:00,2022-06-02 12:50:00,9959.216965741804,1.991843393148361,5,"NY
21-03JST","EURAUD_NY
21-03JST",2022_22
EURAUD,long,2022-06-02 15:25:00,2022-06-02 15:30:00,-4130.872483220897,-0.8261744966441794,2,"NY
21-03JST","EURAUD_NY
21-03JST",2022_22
EURAUD,long,2022-06-02 15:30:00,2022-06-02 15:35:00,1233.0524001473384,0.2466104800294676,6,"NY
21-03JST","EURAUD_NY
21-03JST",2022_22
NZDUSD,long,2022-06-06 01:40:00,2022-06-06 01:45:00,6584.754262789463,1.3169508525578926,2,"東京
09-15JST","NZDUSD_東京
09-15JST",2022_23
EURJPY,short,2022-06-06 10:35:00,2022-06-06 10:40:00,-2106.573705179698,-0.4213147410359396,6,"欧州
15-21JST","EURJPY_欧州
15-21JST",2022_23
EURJPY,short,2022-06-06 10:40:00,2022-06-06 10:45:00,-3505.3380782915865,-0.7010676156583173,6,"欧州
15-21JST","EURJPY_欧州
15-21JST",2022_23
EURJPY,short,2022-06-06 10:45:00,2022-06-06 10:50:00,-4044.489383214601,-0.8088978766429201,5,"欧州
15-21JST","EURJPY_欧州
15-21JST",2022_23
EURJPY,short,2022-06-06 11:05:00,2022-06-06 11:10:00,-4999.999999999028,-0.9999999999998056,1,"欧州
15-21JST","EURJPY_欧州
15-21JST",2022_23
EURJPY,short,2022-06-06 11:10:00,2022-06-06 11:15:00,-1610.3603603621762,-0.3220720720724352,4,"欧州
15-21JST","EURJPY_欧州
15-21JST",2022_23
EURJPY,short,2022-06-06 11:20:00,2022-06-06 11:25:00,-2208.0924855486646,-0.4416184971097329,3,"欧州
15-21JST","EURJPY_欧州
15-21JST",2022_23
EURJPY,short,2022-06-06 11:25:00,2022-06-06 11:30:00,-2290.322580642957,-0.4580645161285914,2,"欧州
15-21JST","EURJPY_欧州
15-21JST",2022_23
EURAUD,long,2022-06-06 12:00:00,2022-06-06 12:05:00,-3118.6612576059147,-0.623732251521183,2,"NY
21-03JST","EURAUD_NY
21-03JST",2022_23
EURAUD,long,2022-06-06 12:10:00,2022-06-06 12:15:00,-834.2189160470399,-0.166843783209408,2,"NY
21-03JST","EURAUD_NY
21-03JST",2022_23
EURAUD,long,2022-06-06 12:15:00,2022-06-06 12:20:00,-1445.7509353278474,-0.2891501870655695,2,"NY
21-03JST","EURAUD_NY
21-03JST",2022_23
EURAUD,long,2022-06-06 12:25:00,2022-06-06 12:30:00,3549.060542796819,0.7098121085593638,4,"NY
21-03JST","EURAUD_NY
21-03JST",2022_23
EURAUD,long,2022-06-06 12:30:00,2022-06-06 12:35:00,2479.762547221489,0.4959525094442979,3,"NY
21-03JST","EURAUD_NY
21-03JST",2022_23
EURAUD,long,2022-06-06 12:55:00,2022-06-06 13:00:00,-4999.999999999888,-0.9999999999999776,2,"NY
21-03JST","EURAUD_NY
21-03JST",2022_23
EURAUD,long,2022-06-06 13:00:00,2022-06-06 13:05:00,-1692.07317073349,-0.338414634146698,2,"NY
21-03JST","EURAUD_NY
21-03JST",2022_23
EURAUD,long,2022-06-06 13:10:00,2022-06-06 13:15:00,-4999.999999999882,-0.9999999999999764,2,"NY
21-03JST","EURAUD_NY
21-03JST",2022_23
EURAUD,long,2022-06-06 13:15:00,2022-06-06 13:20:00,4048.603929681439,0.8097207859362877,7,"NY
21-03JST","EURAUD_NY
21-03JST",2022_23
EURAUD,long,2022-06-06 13:20:00,2022-06-06 13:25:00,-316.12223392948243,-0.0632244467858964,3,"NY
21-03JST","EURAUD_NY
21-03JST",2022_23
EURAUD,long,2022-06-06 13:25:00,2022-06-06 13:30:00,-469.4960212212426,-0.0938992042442485,2,"NY
21-03JST","EURAUD_NY
21-03JST",2022_23
NZDUSD,long,2022-06-07 00:30:00,2022-06-07 00:35:00,3847.006651886353,0.7694013303772707,2,"東京
09-15JST","NZDUSD_東京
09-15JST",2022_23
NZDUSD,long,2022-06-07 01:00:00,2022-06-07 01:05:00,-4999.999999999777,-0.9999999999999556,1,"東京
09-15JST","NZDUSD_東京
09-15JST",2022_23
NZDUSD,long,2022-06-07 01:05:00,2022-06-07 01:10:00,-5000.0,-1.0,1,"東京
09-15JST","NZDUSD_東京
09-15JST",2022_23
NZDUSD,long,2022-06-07 01:10:00,2022-06-07 01:15:00,-3740.5303030307145,-0.7481060606061429,2,"東京
09-15JST","NZDUSD_東京
09-15JST",2022_23
NZDUSD,long,2022-06-07 01:15:00,2022-06-07 01:20:00,-4999.999999999581,-0.9999999999999162,1,"東京
09-15JST","NZDUSD_東京
09-15JST",2022_23
NZDUSD,long,2022-06-07 01:20:00,2022-06-07 01:25:00,-4999.999999999792,-0.9999999999999584,1,"東京
09-15JST","NZDUSD_東京
09-15JST",2022_23
NZDUSD,long,2022-06-07 01:25:00,2022-06-07 01:30:00,8581.142339073242,1.7162284678146482,4,"東京
09-15JST","NZDUSD_東京
09-15JST",2022_23
NZDUSD,long,2022-06-07 02:45:00,2022-06-07 02:50:00,18021.18171683334,3.604236343366668,11,"東京
09-15JST","NZDUSD_東京
09-15JST",2022_23
NZDUSD,long,2022-06-07 05:05:00,2022-06-07 05:10:00,-4189.733266230286,-0.8379466532460572,2,"東京
09-15JST","NZDUSD_東京
09-15JST",2022_23
NZDUSD,long,2022-06-07 05:20:00,2022-06-07 05:25:00,-1000.8857395923492,-0.2001771479184698,10,"東京
09-15JST","NZDUSD_東京
09-15JST",2022_23
NZDUSD,long,2022-06-07 05:25:00,2022-06-07 05:30:00,-1911.7647058825223,-0.3823529411765045,9,"東京
09-15JST","NZDUSD_東京
09-15JST",2022_23
NZDUSD,long,2022-06-07 05:35:00,2022-06-07 05:40:00,402.9850746268625,0.0805970149253725,7,"東京
09-15JST","NZDUSD_東京
09-15JST",2022_23
NZDUSD,long,2022-06-07 05:40:00,2022-06-07 05:45:00,-771.8120805375112,-0.1543624161075022,5,"東京
09-15JST","NZDUSD_東京
09-15JST",2022_23
NZDUSD,long,2022-06-07 05:50:00,2022-06-07 05:55:00,-177.7777777783255,-0.0355555555556651,3,"東京
09-15JST","NZDUSD_東京
09-15JST",2022_23
GBPUSD,long,2022-06-07 06:05:00,2022-06-07 06:10:00,12958.489282067854,2.59169785641357,9,"欧州
15-21JST","GBPUSD_欧州
15-21JST",2022_23
GBPUSD,long,2022-06-07 06:10:00,2022-06-07 06:15:00,12094.072164948502,2.4188144329897003,8,"欧州
15-21JST","GBPUSD_欧州
15-21JST",2022_23
GBPUSD,long,2022-06-07 06:30:00,2022-06-07 06:35:00,9028.532608695295,1.8057065217390595,4,"欧州
15-21JST","GBPUSD_欧州
15-21JST",2022_23
GBPUSD,long,2022-06-07 06:55:00,2022-06-07 07:00:00,3701.720220707136,0.7403440441414271,2,"欧州
15-21JST","GBPUSD_欧州
15-21JST",2022_23
EURJPY,short,2022-06-07 08:25:00,2022-06-07 08:30:00,-4999.999999999875,-0.9999999999999752,1,"欧州
15-21JST","EURJPY_欧州
15-21JST",2022_23
EURJPY,long,2022-06-07 12:55:00,2022-06-07 13:00:00,-5000.000000000562,-1.0000000000001124,1,"NY
21-03JST","EURJPY_NY
21-03JST",2022_23
EURAUD,long,2022-06-07 14:10:00,2022-06-07 14:15:00,-4999.999999999568,-0.9999999999999136,1,"NY
21-03JST","EURAUD_NY
21-03JST",2022_23
EURAUD,long,2022-06-07 14:20:00,2022-06-07 14:25:00,-5000.000000000085,-1.0000000000000169,1,"NY
21-03JST","EURAUD_NY
21-03JST",2022_23
EURAUD,long,2022-06-07 14:40:00,2022-06-07 14:45:00,-4999.999999999633,-0.9999999999999264,1,"NY
21-03JST","EURAUD_NY
21-03JST",2022_23
EURAUD,long,2022-06-07 14:45:00,2022-06-07 14:50:00,-4481.481481481892,-0.8962962962963784,4,"NY
21-03JST","EURAUD_NY
21-03JST",2022_23
EURAUD,long,2022-06-07 15:10:00,2022-06-07 15:15:00,2440.4550302170505,0.4880910060434101,6,"NY
21-03JST","EURAUD_NY
21-03JST",2022_23
EURAUD,long,2022-06-07 15:45:00,2022-06-07 15:50:00,-2540.702656383873,-0.5081405312767746,2,"NY
21-03JST","EURAUD_NY
21-03JST",2022_23
EURAUD,long,2022-06-07 15:55:00,2022-06-07 16:00:00,1308.325709057313,0.2616651418114625,6,"NY
21-03JST","EURAUD_NY
21-03JST",2022_23
EURAUD,long,2022-06-07 16:00:00,2022-06-07 16:05:00,-2239.798257680543,-0.4479596515361086,5,"NY
21-03JST","EURAUD_NY
21-03JST",2022_23
EURAUD,long,2022-06-07 16:15:00,2022-06-07 16:20:00,-3848.3290488418056,-0.7696658097683611,2,"NY
21-03JST","EURAUD_NY
21-03JST",2022_23
EURAUD,long,2022-06-07 16:20:00,2022-06-07 16:25:00,-5000.000000000703,-1.0000000000001406,1,"NY
21-03JST","EURAUD_NY
21-03JST",2022_23
EURAUD,long,2022-06-07 16:30:00,2022-06-07 16:35:00,-4999.999999999758,-0.9999999999999516,1,"NY
21-03JST","EURAUD_NY
21-03JST",2022_23
EURAUD,long,2022-06-07 16:35:00,2022-06-07 16:40:00,-4707.724425886746,-0.9415448851773492,3,"NY
21-03JST","EURAUD_NY
21-03JST",2022_23
EURAUD,long,2022-06-07 16:40:00,2022-06-07 16:45:00,-3097.0149253718278,-0.6194029850743654,2,"NY
21-03JST","EURAUD_NY
21-03JST",2022_23
EURAUD,long,2022-06-07 17:40:00,2022-06-07 17:45:00,8487.109905022933,1.6974219810045863,3,"NY
21-03JST","EURAUD_NY
21-03JST",2022_23
NZDUSD,long,2022-06-08 04:05:00,2022-06-08 04:10:00,1568.537258510548,0.3137074517021096,5,"東京
09-15JST","NZDUSD_東京
09-15JST",2022_23
NZDUSD,long,2022-06-08 04:10:00,2022-06-08 04:15:00,635.8645928631651,0.127172918572633,4,"東京
09-15JST","NZDUSD_東京
09-15JST",2022_23
NZDUSD,long,2022-06-08 04:25:00,2022-06-08 04:30:00,-4999.999999999182,-0.9999999999998364,1,"東京
09-15JST","NZDUSD_東京
09-15JST",2022_23
NZDUSD,long,2022-06-08 04:30:00,2022-06-08 04:35:00,-4999.999999999144,-0.9999999999998288,1,"東京
09-15JST","NZDUSD_東京
09-15JST",2022_23
NZDUSD,long,2022-06-08 04:35:00,2022-06-08 04:40:00,-1436.3636363649175,-0.2872727272729835,3,"東京
09-15JST","NZDUSD_東京
09-15JST",2022_23
GBPUSD,long,2022-06-08 08:00:00,2022-06-08 08:05:00,1089.8345153667915,0.2179669030733583,2,"欧州
15-21JST","GBPUSD_欧州
15-21JST",2022_23
GBPUSD,long,2022-06-08 08:15:00,2022-06-08 08:20:00,-4901.639344261753,-0.9803278688523506,2,"欧州
15-21JST","GBPUSD_欧州
15-21JST",2022_23
GBPUSD,long,2022-06-08 08:25:00,2022-06-08 08:30:00,-5000.000000000766,-1.0000000000001532,1,"欧州
15-21JST","GBPUSD_欧州
15-21JST",2022_23
GBPUSD,long,2022-06-08 08:30:00,2022-06-08 08:35:00,-5000.000000000628,-1.0000000000001257,1,"欧州
15-21JST","GBPUSD_欧州
15-21JST",2022_23
GBPUSD,long,2022-06-08 08:40:00,2022-06-08 08:45:00,-3675.4966887422074,-0.7350993377484413,3,"欧州
15-21JST","GBPUSD_欧州
15-21JST",2022_23
GBPUSD,long,2022-06-08 08:45:00,2022-06-08 08:50:00,-4285.714285713703,-0.8571428571427406,2,"欧州
15-21JST","GBPUSD_欧州
15-21JST",2022_23
GBPUSD,long,2022-06-08 08:50:00,2022-06-08 08:55:00,-1399.394856276208,-0.2798789712552416,2,"欧州
15-21JST","GBPUSD_欧州
15-21JST",2022_23
GBPUSD,long,2022-06-08 08:55:00,2022-06-08 09:00:00,-5000.0,-1.0,1,"欧州
15-21JST","GBPUSD_欧州
15-21JST",2022_23
AUDUSD,short,2022-06-08 09:00:00,2022-06-08 09:05:00,-2675.8893280627635,-0.5351778656125527,2,"欧州
15-21JST","AUDUSD_欧州
15-21JST",2022_23
GBPUSD,long,2022-06-08 09:00:00,2022-06-08 09:05:00,12456.87530803247,2.491375061606494,10,"欧州
15-21JST","GBPUSD_欧州
15-21JST",2022_23
AUDUSD,short,2022-06-08 09:05:00,2022-06-08 09:10:00,-4999.999999999823,-0.9999999999999646,1,"欧州
15-21JST","AUDUSD_欧州
15-21JST",2022_23
GBPUSD,long,2022-06-08 09:05:00,2022-06-08 09:10:00,11946.25816172736,2.389251632345472,9,"欧州
15-21JST","GBPUSD_欧州
15-21JST",2022_23
AUDUSD,short,2022-06-08 09:35:00,2022-06-08 09:40:00,1950.3546099290672,0.3900709219858134,6,"欧州
15-21JST","AUDUSD_欧州
15-21JST",2022_23
GBPUSD,long,2022-06-08 09:55:00,2022-06-08 10:00:00,2556.390977443376,0.5112781954886751,4,"欧州
15-21JST","GBPUSD_欧州
15-21JST",2022_23
EURAUD,long,2022-06-08 14:05:00,2022-06-08 14:10:00,-921.0011732495934,-0.1842002346499187,2,"NY
21-03JST","EURAUD_NY
21-03JST",2022_23
EURAUD,long,2022-06-08 14:15:00,2022-06-08 14:20:00,11793.602437165877,2.3587204874331755,6,"NY
21-03JST","EURAUD_NY
21-03JST",2022_23
EURAUD,long,2022-06-08 14:25:00,2022-06-08 14:30:00,13266.616314198009,2.653323262839601,4,"NY
21-03JST","EURAUD_NY
21-03JST",2022_23
EURJPY,long,2022-06-08 14:45:00,2022-06-08 14:50:00,10237.971391417695,2.047594278283539,18,"NY
21-03JST","EURJPY_NY
21-03JST",2022_23
EURJPY,long,2022-06-09 14:00:00,2022-06-09 14:05:00,-4999.999999999708,-0.9999999999999416,1,"NY
21-03JST","EURJPY_NY
21-03JST",2022_23
EURJPY,long,2022-06-09 14:05:00,2022-06-09 14:10:00,13414.023372287722,2.6828046744575444,9,"NY
21-03JST","EURJPY_NY
21-03JST",2022_23
EURJPY,long,2022-06-09 14:10:00,2022-06-09 14:15:00,10173.923059203811,2.034784611840762,8,"NY
21-03JST","EURJPY_NY
21-03JST",2022_23
EURJPY,long,2022-06-09 14:15:00,2022-06-09 14:20:00,12398.573339278122,2.479714667855625,7,"NY
21-03JST","EURJPY_NY
21-03JST",2022_23
EURJPY,long,2022-06-09 15:00:00,2022-06-09 15:05:00,-1843.0687302386184,-0.3686137460477236,7,"NY
21-03JST","EURJPY_NY
21-03JST",2022_23
EURJPY,long,2022-06-09 15:05:00,2022-06-09 15:10:00,-3451.025056947633,-0.6902050113895266,6,"NY
21-03JST","EURJPY_NY
21-03JST",2022_23
EURJPY,long,2022-06-09 15:25:00,2022-06-09 15:30:00,-3787.795492028573,-0.7575590984057146,4,"NY
21-03JST","EURJPY_NY
21-03JST",2022_23
EURJPY,long,2022-06-09 15:30:00,2022-06-09 15:35:00,-3309.2783505145258,-0.6618556701029051,3,"NY
21-03JST","EURJPY_NY
21-03JST",2022_23
EURJPY,long,2022-06-09 15:40:00,2022-06-09 15:45:00,-239.17995444143853,-0.0478359908882877,6,"NY
21-03JST","EURJPY_NY
21-03JST",2022_23
EURJPY,long,2022-06-09 15:45:00,2022-06-09 15:50:00,-1314.5618127283217,-0.2629123625456643,3,"NY
21-03JST","EURJPY_NY
21-03JST",2022_23
EURJPY,long,2022-06-09 15:50:00,2022-06-09 15:55:00,-801.4477766286047,-0.1602895553257209,2,"NY
21-03JST","EURJPY_NY
21-03JST",2022_23
EURJPY,short,2022-06-10 06:45:00,2022-06-10 06:50:00,-5000.0,-1.0,1,"欧州
15-21JST","EURJPY_欧州
15-21JST",2022_23
EURJPY,short,2022-06-10 07:25:00,2022-06-10 07:30:00,-4999.999999999783,-0.9999999999999564,1,"欧州
15-21JST","EURJPY_欧州
15-21JST",2022_23
EURJPY,short,2022-06-10 07:30:00,2022-06-10 07:35:00,-1297.6629766302829,-0.2595325953260565,4,"欧州
15-21JST","EURJPY_欧州
15-21JST",2022_23
GBPUSD,long,2022-06-10 07:45:00,2022-06-10 07:50:00,-2241.539174779628,-0.4483078349559256,2,"欧州
15-21JST","GBPUSD_欧州
15-21JST",2022_23
GBPUSD,long,2022-06-10 07:50:00,2022-06-10 07:55:00,3262.295081969,0.6524590163938,6,"欧州
15-21JST","GBPUSD_欧州
15-21JST",2022_23
EURJPY,short,2022-06-10 07:50:00,2022-06-10 07:55:00,-4999.999999999748,-0.9999999999999496,1,"欧州
15-21JST","EURJPY_欧州
15-21JST",2022_23
GBPUSD,long,2022-06-10 07:55:00,2022-06-10 08:00:00,5603.085553997519,1.1206171107995038,5,"欧州
15-21JST","GBPUSD_欧州
15-21JST",2022_23
EURJPY,short,2022-06-10 08:25:00,2022-06-10 08:30:00,-5000.000000000128,-1.0000000000000258,4,"欧州
15-21JST","EURJPY_欧州
15-21JST",2022_23
EURJPY,short,2022-06-10 09:20:00,2022-06-10 09:25:00,-5000.0,-1.0,1,"欧州
15-21JST","EURJPY_欧州
15-21JST",2022_23
GBPUSD,long,2022-06-10 10:00:00,2022-06-10 10:05:00,2236.43807574365,0.44728761514873,4,"欧州
15-21JST","GBPUSD_欧州
15-21JST",2022_23
GBPUSD,long,2022-06-10 10:05:00,2022-06-10 10:10:00,-649.122807017882,-0.1298245614035764,3,"欧州
15-21JST","GBPUSD_欧州
15-21JST",2022_23
GBPUSD,long,2022-06-10 10:40:00,2022-06-10 10:45:00,-5000.000000000102,-1.0000000000000204,1,"欧州
15-21JST","GBPUSD_欧州
15-21JST",2022_23
EURJPY,short,2022-06-10 11:10:00,2022-06-10 11:15:00,-862.3481781373121,-0.1724696356274624,5,"欧州
15-21JST","EURJPY_欧州
15-21JST",2022_23
GBPUSD,long,2022-06-10 11:25:00,2022-06-10 11:30:00,-5000.00000000012,-1.000000000000024,1,"欧州
15-21JST","GBPUSD_欧州
15-21JST",2022_23
EURJPY,short,2022-06-10 11:30:00,2022-06-10 11:35:00,-3015.46391752707,-0.603092783505414,2,"欧州
15-21JST","EURJPY_欧州
15-21JST",2022_23
GBPUSD,long,2022-06-10 11:30:00,2022-06-10 11:35:00,371.1133400195866,0.0742226680039173,3,"欧州
15-21JST","GBPUSD_欧州
15-21JST",2022_23
GBPUSD,long,2022-06-10 11:35:00,2022-06-10 11:40:00,-1743.3350757984513,-0.3486670151596902,2,"欧州
15-21JST","GBPUSD_欧州
15-21JST",2022_23
EURJPY,short,2022-06-10 11:35:00,2022-06-10 11:40:00,-5000.000000000375,-1.000000000000075,1,"欧州
15-21JST","EURJPY_欧州
15-21JST",2022_23
GBPUSD,long,2022-06-10 11:40:00,2022-06-10 11:45:00,-4999.999999999411,-0.999999999999882,1,"欧州
15-21JST","GBPUSD_欧州
15-21JST",2022_23
GBPUSD,long,2022-06-10 11:45:00,2022-06-10 11:50:00,12602.339181286896,2.52046783625738,8,"欧州
15-21JST","GBPUSD_欧州
15-21JST",2022_23
EURAUD,long,2022-06-10 12:05:00,2022-06-10 12:10:00,-4999.999999999603,-0.9999999999999204,1,"NY
21-03JST","EURAUD_NY
21-03JST",2022_23
EURJPY,long,2022-06-10 12:30:00,2022-06-10 12:35:00,-4999.9999999993,-0.99999999999986,1,"NY
21-03JST","EURJPY_NY
21-03JST",2022_23
EURJPY,long,2022-06-10 14:00:00,2022-06-10 14:05:00,-5000.000000000129,-1.0000000000000258,1,"NY
21-03JST","EURJPY_NY
21-03JST",2022_23
EURJPY,long,2022-06-10 14:10:00,2022-06-10 14:15:00,-4677.810077519558,-0.9355620155039116,2,"NY
21-03JST","EURJPY_NY
21-03JST",2022_23
EURJPY,long,2022-06-10 14:15:00,2022-06-10 14:20:00,10419.338924519456,2.083867784903892,9,"NY
21-03JST","EURJPY_NY
21-03JST",2022_23
EURJPY,long,2022-06-10 14:20:00,2022-06-10 14:25:00,14158.787878788617,2.831757575757724,8,"NY
21-03JST","EURJPY_NY
21-03JST",2022_23
EURJPY,long,2022-06-10 14:25:00,2022-06-10 14:30:00,15349.706353443453,3.06994127068869,7,"NY
21-03JST","EURJPY_NY
21-03JST",2022_23
NZDUSD,long,2022-06-13 00:50:00,2022-06-13 00:55:00,-551.0860820595539,-0.1102172164119107,3,"東京
09-15JST","NZDUSD_東京
09-15JST",2022_24
NZDUSD,long,2022-06-13 01:20:00,2022-06-13 01:25:00,3092.105263157512,0.6184210526315024,2,"東京
09-15JST","NZDUSD_東京
09-15JST",2022_24
NZDUSD,long,2022-06-13 01:25:00,2022-06-13 01:30:00,2978.927203066104,0.5957854406132207,2,"東京
09-15JST","NZDUSD_東京
09-15JST",2022_24
NZDUSD,long,2022-06-13 01:40:00,2022-06-13 01:45:00,-4999.999999999903,-0.9999999999999806,1,"東京
09-15JST","NZDUSD_東京
09-15JST",2022_24
NZDUSD,long,2022-06-13 12:05:00,2022-06-13 12:10:00,11353.623188405529,2.270724637681105,6,"NY
21-03JST","NZDUSD_NY
21-03JST",2022_24
EURJPY,long,2022-06-13 12:20:00,2022-06-13 12:25:00,-5000.000000000399,-1.00000000000008,1,"NY
21-03JST","EURJPY_NY
21-03JST",2022_24
CHFJPY,long,2022-06-13 12:25:00,2022-06-13 12:30:00,-4999.999999999395,-0.999999999999879,1,"NY
21-03JST","CHFJPY_NY
21-03JST",2022_24
CHFJPY,long,2022-06-13 12:30:00,2022-06-13 12:35:00,3013.5520684742824,0.6027104136948565,2,"NY
21-03JST","CHFJPY_NY
21-03JST",2022_24
EURJPY,long,2022-06-13 12:35:00,2022-06-13 12:40:00,-2800.785433774844,-0.5601570867549687,2,"NY
21-03JST","EURJPY_NY
21-03JST",2022_24
EURJPY,long,2022-06-13 12:45:00,2022-06-13 12:50:00,-2174.479166666316,-0.4348958333332632,2,"NY
21-03JST","EURJPY_NY
21-03JST",2022_24
CHFJPY,long,2022-06-13 12:45:00,2022-06-13 12:50:00,-5000.000000000199,-1.0000000000000395,1,"NY
21-03JST","CHFJPY_NY
21-03JST",2022_24
CHFJPY,long,2022-06-13 12:50:00,2022-06-13 12:55:00,-4999.999999999805,-0.999999999999961,1,"NY
21-03JST","CHFJPY_NY
21-03JST",2022_24
EURJPY,long,2022-06-13 12:50:00,2022-06-13 12:55:00,-79.51653944157606,-0.0159033078883152,2,"NY
21-03JST","EURJPY_NY
21-03JST",2022_24
CHFJPY,long,2022-06-13 13:00:00,2022-06-13 13:05:00,-5000.000000000183,-1.0000000000000366,1,"NY
21-03JST","CHFJPY_NY
21-03JST",2022_24
EURJPY,long,2022-06-13 13:00:00,2022-06-13 13:05:00,-4999.99999999984,-0.999999999999968,1,"NY
21-03JST","EURJPY_NY
21-03JST",2022_24
EURJPY,long,2022-06-13 13:05:00,2022-06-13 13:10:00,2857.7549271635144,0.5715509854327029,3,"NY
21-03JST","EURJPY_NY
21-03JST",2022_24
CHFJPY,long,2022-06-13 13:05:00,2022-06-13 13:10:00,-738.1703470025512,-0.1476340694005102,2,"NY
21-03JST","CHFJPY_NY
21-03JST",2022_24
EURJPY,long,2022-06-13 13:10:00,2022-06-13 13:15:00,-3521.3903743323667,-0.7042780748664733,2,"NY
21-03JST","EURJPY_NY
21-03JST",2022_24
CHFJPY,long,2022-06-13 13:10:00,2022-06-13 13:15:00,-3549.2227979281847,-0.709844559585637,2,"NY
21-03JST","CHFJPY_NY
21-03JST",2022_24
CHFJPY,long,2022-06-13 13:20:00,2022-06-13 13:25:00,-4999.9999999994925,-0.9999999999998984,1,"NY
21-03JST","CHFJPY_NY
21-03JST",2022_24
EURJPY,long,2022-06-13 13:25:00,2022-06-13 13:30:00,-5000.0,-1.0,1,"NY
21-03JST","EURJPY_NY
21-03JST",2022_24
EURJPY,long,2022-06-13 13:30:00,2022-06-13 13:35:00,-5000.000000000313,-1.0000000000000626,1,"NY
21-03JST","EURJPY_NY
21-03JST",2022_24
NZDUSD,long,2022-06-13 13:35:00,2022-06-13 13:40:00,-1740.4883588869936,-0.3480976717773987,2,"NY
21-03JST","NZDUSD_NY
21-03JST",2022_24
CHFJPY,long,2022-06-13 13:35:00,2022-06-13 13:40:00,-3094.6980436626877,-0.6189396087325375,2,"NY
21-03JST","CHFJPY_NY
21-03JST",2022_24
EURJPY,long,2022-06-13 13:35:00,2022-06-13 13:40:00,-982.4561403506076,-0.1964912280701215,2,"NY
21-03JST","EURJPY_NY
21-03JST",2022_24
EURJPY,long,2022-06-13 13:40:00,2022-06-13 13:45:00,-5000.000000000414,-1.0000000000000828,1,"NY
21-03JST","EURJPY_NY
21-03JST",2022_24
CHFJPY,long,2022-06-13 13:40:00,2022-06-13 13:45:00,-5000.000000000238,-1.0000000000000475,1,"NY
21-03JST","CHFJPY_NY
21-03JST",2022_24
EURJPY,long,2022-06-13 13:50:00,2022-06-13 13:55:00,3030.2005859823057,0.6060401171964611,4,"NY
21-03JST","EURJPY_NY
21-03JST",2022_24
CHFJPY,long,2022-06-13 13:50:00,2022-06-13 13:55:00,-2010.8108108108931,-0.4021621621621786,3,"NY
21-03JST","CHFJPY_NY
21-03JST",2022_24
EURJPY,long,2022-06-13 13:55:00,2022-06-13 14:00:00,5871.632329636622,1.1743264659273245,3,"NY
21-03JST","EURJPY_NY
21-03JST",2022_24
CHFJPY,long,2022-06-13 13:55:00,2022-06-13 14:00:00,2311.799947903697,0.4623599895807394,3,"NY
21-03JST","CHFJPY_NY
21-03JST",2022_24
CHFJPY,long,2022-06-13 14:10:00,2022-06-13 14:15:00,-4999.999999999852,-0.9999999999999704,1,"NY
21-03JST","CHFJPY_NY
21-03JST",2022_24
CHFJPY,long,2022-06-13 14:15:00,2022-06-13 14:20:00,653.9864512756336,0.1307972902551267,4,"NY
21-03JST","CHFJPY_NY
21-03JST",2022_24
AUDUSD,long,2022-06-13 14:15:00,2022-06-13 14:20:00,-4914.250714576955,-0.982850142915391,4,"NY
21-03JST","AUDUSD_NY
21-03JST",2022_24
EURJPY,long,2022-06-13 14:15:00,2022-06-13 14:20:00,-4999.999999999817,-0.9999999999999636,1,"NY
21-03JST","EURJPY_NY
21-03JST",2022_24
AUDUSD,long,2022-06-13 14:20:00,2022-06-13 14:25:00,-2059.3080724874835,-0.4118616144974967,3,"NY
21-03JST","AUDUSD_NY
21-03JST",2022_24
NZDUSD,long,2022-06-13 14:20:00,2022-06-13 14:25:00,-1330.6451612903052,-0.266129032258061,3,"NY
21-03JST","NZDUSD_NY
21-03JST",2022_24
EURJPY,long,2022-06-13 14:20:00,2022-06-13 14:25:00,4660.493827161107,0.9320987654322216,3,"NY
21-03JST","EURJPY_NY
21-03JST",2022_24
CHFJPY,long,2022-06-13 14:20:00,2022-06-13 14:25:00,3141.2066752243186,0.6282413350448637,3,"NY
21-03JST","CHFJPY_NY
21-03JST",2022_24
NZDUSD,long,2022-06-13 14:25:00,2022-06-13 14:30:00,-1587.9938429963115,-0.3175987685992623,2,"NY
21-03JST","NZDUSD_NY
21-03JST",2022_24
AUDUSD,long,2022-06-13 14:25:00,2022-06-13 14:30:00,-3000.8525149189786,-0.6001705029837957,2,"NY
21-03JST","AUDUSD_NY
21-03JST",2022_24
EURJPY,long,2022-06-13 14:25:00,2022-06-13 14:30:00,-432.5831096427894,-0.0865166219285578,2,"NY
21-03JST","EURJPY_NY
21-03JST",2022_24
NZDUSD,long,2022-06-13 14:40:00,2022-06-13 14:45:00,-3341.0613086044737,-0.6682122617208948,3,"NY
21-03JST","NZDUSD_NY
21-03JST",2022_24
NZDUSD,long,2022-06-13 15:00:00,2022-06-13 15:05:00,3332.2724379386964,0.6664544875877393,5,"NY
21-03JST","NZDUSD_NY
21-03JST",2022_24
NZDUSD,long,2022-06-13 15:10:00,2022-06-13 15:15:00,6268.758526603691,1.2537517053207383,3,"NY
21-03JST","NZDUSD_NY
21-03JST",2022_24
AUDUSD,long,2022-06-14 12:00:00,2022-06-14 12:05:00,13936.170212765695,2.7872340425531394,8,"NY
21-03JST","AUDUSD_NY
21-03JST",2022_24
NZDUSD,long,2022-06-14 12:05:00,2022-06-14 12:10:00,12537.796976240628,2.507559395248126,5,"NY
21-03JST","NZDUSD_NY
21-03JST",2022_24
AUDUSD,long,2022-06-14 12:10:00,2022-06-14 12:15:00,16367.249602543798,3.27344992050876,6,"NY
21-03JST","AUDUSD_NY
21-03JST",2022_24
AUDUSD,long,2022-06-14 12:20:00,2022-06-14 12:25:00,13938.356164382652,2.7876712328765305,4,"NY
21-03JST","AUDUSD_NY
21-03JST",2022_24
CHFJPY,long,2022-06-14 14:05:00,2022-06-14 14:10:00,-5000.000000000178,-1.0000000000000355,1,"NY
21-03JST","CHFJPY_NY
21-03JST",2022_24
NZDUSD,long,2022-06-14 14:05:00,2022-06-14 14:10:00,-5000.000000000368,-1.0000000000000735,1,"NY
21-03JST","NZDUSD_NY
21-03JST",2022_24
EURJPY,long,2022-06-14 14:10:00,2022-06-14 14:15:00,-5000.000000000373,-1.0000000000000746,1,"NY
21-03JST","EURJPY_NY
21-03JST",2022_24
CHFJPY,long,2022-06-14 14:10:00,2022-06-14 14:15:00,-4999.999999999744,-0.9999999999999488,1,"NY
21-03JST","CHFJPY_NY
21-03JST",2022_24
NZDUSD,long,2022-06-14 14:10:00,2022-06-14 14:15:00,-302.78232405812525,-0.060556464811625,5,"NY
21-03JST","NZDUSD_NY
21-03JST",2022_24
EURJPY,long,2022-06-14 14:15:00,2022-06-14 14:20:00,-31.351893653920317,-0.006270378730784,2,"NY
21-03JST","EURJPY_NY
21-03JST",2022_24
CHFJPY,long,2022-06-14 14:15:00,2022-06-14 14:20:00,-4999.999999999578,-0.9999999999999156,1,"NY
21-03JST","CHFJPY_NY
21-03JST",2022_24
NZDUSD,long,2022-06-14 14:15:00,2022-06-14 14:20:00,-325.4769921424277,-0.0650953984284855,4,"NY
21-03JST","NZDUSD_NY
21-03JST",2022_24
EURJPY,long,2022-06-14 14:20:00,2022-06-14 14:25:00,-721.9381543698623,-0.1443876308739724,2,"NY
21-03JST","EURJPY_NY
21-03JST",2022_24
CHFJPY,long,2022-06-14 14:20:00,2022-06-14 14:25:00,-4999.999999999663,-0.9999999999999324,1,"NY
21-03JST","CHFJPY_NY
21-03JST",2022_24
CHFJPY,long,2022-06-14 14:25:00,2022-06-14 14:30:00,-205.7497181500474,-0.0411499436300094,2,"NY
21-03JST","CHFJPY_NY
21-03JST",2022_24
AUDUSD,long,2022-06-14 14:30:00,2022-06-14 14:35:00,3356.2292752232684,0.6712458550446536,3,"NY
21-03JST","AUDUSD_NY
21-03JST",2022_24
NZDUSD,long,2022-06-14 14:30:00,2022-06-14 14:35:00,2764.3678160920226,0.5528735632184045,3,"NY
21-03JST","NZDUSD_NY
21-03JST",2022_24
CHFJPY,long,2022-06-14 14:30:00,2022-06-14 14:35:00,-4174.389216511634,-0.8348778433023268,3,"NY
21-03JST","CHFJPY_NY
21-03JST",2022_24
EURJPY,long,2022-06-14 14:30:00,2022-06-14 14:35:00,-5000.000000000066,-1.000000000000013,1,"NY
21-03JST","EURJPY_NY
21-03JST",2022_24
CHFJPY,long,2022-06-14 14:35:00,2022-06-14 14:40:00,-827.3188986905095,-0.1654637797381019,2,"NY
21-03JST","CHFJPY_NY
21-03JST",2022_24
EURJPY,long,2022-06-14 14:40:00,2022-06-14 14:45:00,8954.033771106364,1.790806754221273,7,"NY
21-03JST","EURJPY_NY
21-03JST",2022_24
CHFJPY,long,2022-06-14 14:45:00,2022-06-14 14:50:00,1519.0552871703512,0.3038110574340702,6,"NY
21-03JST","CHFJPY_NY
21-03JST",2022_24
NZDUSD,long,2022-06-14 14:50:00,2022-06-14 14:55:00,-3662.420382165517,-0.7324840764331034,2,"NY
21-03JST","NZDUSD_NY
21-03JST",2022_24
CHFJPY,long,2022-06-14 14:50:00,2022-06-14 14:55:00,5587.044534413032,1.1174089068826063,5,"NY
21-03JST","CHFJPY_NY
21-03JST",2022_24
AUDUSD,long,2022-06-14 14:50:00,2022-06-14 14:55:00,-1982.47276172486,-0.3964945523449719,2,"NY
21-03JST","AUDUSD_NY
21-03JST",2022_24
EURJPY,long,2022-06-14 14:55:00,2022-06-14 15:00:00,11635.43441226585,2.32708688245317,4,"NY
21-03JST","EURJPY_NY
21-03JST",2022_24
CHFJPY,long,2022-06-14 14:55:00,2022-06-14 15:00:00,6561.750599519913,1.3123501199039824,4,"NY
21-03JST","CHFJPY_NY
21-03JST",2022_24
AUDUSD,long,2022-06-14 14:55:00,2022-06-14 15:00:00,-2067.8863745783287,-0.4135772749156657,2,"NY
21-03JST","AUDUSD_NY
21-03JST",2022_24
CHFJPY,long,2022-06-14 15:00:00,2022-06-14 15:05:00,7988.7920298880435,1.5977584059776089,3,"NY
21-03JST","CHFJPY_NY
21-03JST",2022_24
AUDUSD,long,2022-06-14 15:05:00,2022-06-14 15:10:00,5242.311276793447,1.0484622553586895,4,"NY
21-03JST","AUDUSD_NY
21-03JST",2022_24
NZDUSD,long,2022-06-14 15:05:00,2022-06-14 15:10:00,5313.005936319302,1.0626011872638603,4,"NY
21-03JST","NZDUSD_NY
21-03JST",2022_24
AUDUSD,long,2022-06-14 15:10:00,2022-06-14 15:15:00,3165.0530198241504,0.6330106039648301,3,"NY
21-03JST","AUDUSD_NY
21-03JST",2022_24
NZDUSD,long,2022-06-14 15:10:00,2022-06-14 15:15:00,2940.07490636702,0.5880149812734039,3,"NY
21-03JST","NZDUSD_NY
21-03JST",2022_24
CHFJPY,long,2022-06-14 15:20:00,2022-06-14 15:25:00,-1428.152492669346,-0.2856304985338692,3,"NY
21-03JST","CHFJPY_NY
21-03JST",2022_24
NZDUSD,long,2022-06-14 15:30:00,2022-06-14 15:35:00,-4999.999999999823,-0.9999999999999646,1,"NY
21-03JST","NZDUSD_NY
21-03JST",2022_24
NZDUSD,long,2022-06-14 15:35:00,2022-06-14 15:40:00,-3960.5734767020926,-0.7921146953404186,2,"NY
21-03JST","NZDUSD_NY
21-03JST",2022_24
CHFJPY,long,2022-06-14 15:35:00,2022-06-14 15:40:00,-4999.999999999626,-0.9999999999999252,1,"NY
21-03JST","CHFJPY_NY
21-03JST",2022_24
NZDUSD,long,2022-06-14 15:40:00,2022-06-14 15:45:00,793.3579335796015,0.1586715867159203,3,"NY
21-03JST","NZDUSD_NY
21-03JST",2022_24
NZDUSD,long,2022-06-14 15:45:00,2022-06-14 15:50:00,1549.079754601934,0.3098159509203868,2,"NY
21-03JST","NZDUSD_NY
21-03JST",2022_24
NZDUSD,long,2022-06-14 16:00:00,2022-06-14 16:05:00,-5000.000000000416,-1.000000000000083,2,"NY
21-03JST","NZDUSD_NY
21-03JST",2022_24
AUDUSD,long,2022-06-14 16:35:00,2022-06-14 16:40:00,11226.122870417485,2.245224574083497,9,"NY
21-03JST","AUDUSD_NY
21-03JST",2022_24
NZDUSD,long,2022-06-14 16:35:00,2022-06-14 16:40:00,14807.344972906823,2.9614689945813653,9,"NY
21-03JST","NZDUSD_NY
21-03JST",2022_24
AUDUSD,long,2022-06-14 16:40:00,2022-06-14 16:45:00,10834.224598930608,2.1668449197861213,8,"NY
21-03JST","AUDUSD_NY
21-03JST",2022_24
NZDUSD,long,2022-06-14 16:40:00,2022-06-14 16:45:00,14580.419580419592,2.9160839160839185,8,"NY
21-03JST","NZDUSD_NY
21-03JST",2022_24
NZDUSD,long,2022-06-14 16:50:00,2022-06-14 16:55:00,16341.463414632672,3.268292682926534,6,"NY
21-03JST","NZDUSD_NY
21-03JST",2022_24
AUDUSD,long,2022-06-14 16:50:00,2022-06-14 16:55:00,11683.937823834354,2.3367875647668708,6,"NY
21-03JST","AUDUSD_NY
21-03JST",2022_24
AUDUSD,long,2022-06-14 17:00:00,2022-06-14 17:05:00,10024.390243901786,2.004878048780357,4,"NY
21-03JST","AUDUSD_NY
21-03JST",2022_24
NZDUSD,long,2022-06-15 04:25:00,2022-06-15 04:30:00,238.70967741804228,0.0477419354836084,4,"東京
09-15JST","NZDUSD_東京
09-15JST",2022_24
NZDUSD,long,2022-06-15 04:50:00,2022-06-15 04:55:00,-4999.999999999472,-0.9999999999998944,1,"東京
09-15JST","NZDUSD_東京
09-15JST",2022_24
NZDUSD,long,2022-06-15 04:55:00,2022-06-15 05:00:00,-5000.000000000381,-1.0000000000000762,1,"東京
09-15JST","NZDUSD_東京
09-15JST",2022_24
AUDJPY,short,2022-06-15 04:55:00,2022-06-15 05:00:00,8999.999999997472,1.7999999999994942,2,"東京
09-15JST","AUDJPY_東京
09-15JST",2022_24
NZDUSD,long,2022-06-15 05:00:00,2022-06-15 05:05:00,2132.352941175802,0.4264705882351604,4,"東京
09-15JST","NZDUSD_東京
09-15JST",2022_24
AUDJPY,short,2022-06-15 05:00:00,2022-06-15 05:05:00,11183.723797780862,2.2367447595561725,2,"東京
09-15JST","AUDJPY_東京
09-15JST",2022_24
NZDUSD,long,2022-06-15 05:05:00,2022-06-15 05:10:00,1061.2460401278463,0.2122492080255693,3,"東京
09-15JST","NZDUSD_東京
09-15JST",2022_24
AUDJPY,short,2022-06-15 05:05:00,2022-06-15 05:10:00,4782.001117942509,0.956400223588502,2,"東京
09-15JST","AUDJPY_東京
09-15JST",2022_24
AUDJPY,short,2022-06-15 05:10:00,2022-06-15 05:15:00,-4999.99999999986,-0.999999999999972,1,"東京
09-15JST","AUDJPY_東京
09-15JST",2022_24
NZDUSD,long,2022-06-15 05:25:00,2022-06-15 05:30:00,5408.163265306976,1.081632653061395,2,"東京
09-15JST","NZDUSD_東京
09-15JST",2022_24
AUDJPY,short,2022-06-15 05:45:00,2022-06-15 05:50:00,2823.01620274141,0.5646032405482819,2,"東京
09-15JST","AUDJPY_東京
09-15JST",2022_24
EURJPY,long,2022-06-15 12:05:00,2022-06-15 12:10:00,-4999.999999999914,-0.9999999999999828,1,"NY
21-03JST","EURJPY_NY
21-03JST",2022_24
EURJPY,long,2022-06-15 12:40:00,2022-06-15 12:45:00,-4389.386963897133,-0.8778773927794266,2,"NY
21-03JST","EURJPY_NY
21-03JST",2022_24
EURJPY,long,2022-06-15 12:45:00,2022-06-15 12:50:00,-5000.00000000035,-1.00000000000007,1,"NY
21-03JST","EURJPY_NY
21-03JST",2022_24
EURJPY,long,2022-06-15 12:50:00,2022-06-15 12:55:00,-4999.999999999789,-0.9999999999999578,2,"NY
21-03JST","EURJPY_NY
21-03JST",2022_24
EURJPY,long,2022-06-15 12:55:00,2022-06-15 13:00:00,-4999.999999999794,-0.9999999999999588,1,"NY
21-03JST","EURJPY_NY
21-03JST",2022_24
EURJPY,long,2022-06-15 13:05:00,2022-06-15 13:10:00,4172.185430464835,0.834437086092967,6,"NY
21-03JST","EURJPY_NY
21-03JST",2022_24
CHFJPY,long,2022-06-15 13:20:00,2022-06-15 13:25:00,-1045.8015267173876,-0.2091603053434775,3,"NY
21-03JST","CHFJPY_NY
21-03JST",2022_24
AUDUSD,long,2022-06-15 13:25:00,2022-06-15 13:30:00,13887.139107610905,2.777427821522181,8,"NY
21-03JST","AUDUSD_NY
21-03JST",2022_24
NZDUSD,long,2022-06-15 13:25:00,2022-06-15 13:30:00,11814.62140992174,2.3629242819843483,7,"NY
21-03JST","NZDUSD_NY
21-03JST",2022_24
AUDUSD,long,2022-06-15 13:30:00,2022-06-15 13:35:00,15897.166841553226,3.179433368310645,7,"NY
21-03JST","AUDUSD_NY
21-03JST",2022_24
NZDUSD,long,2022-06-15 13:30:00,2022-06-15 13:35:00,12580.1177240031,2.5160235448006203,6,"NY
21-03JST","NZDUSD_NY
21-03JST",2022_24
CHFJPY,long,2022-06-15 14:05:00,2022-06-15 14:10:00,10460.9650843466,2.09219301686932,8,"NY
21-03JST","CHFJPY_NY
21-03JST",2022_24
EURJPY,long,2022-06-15 14:20:00,2022-06-15 14:25:00,-4999.999999999466,-0.9999999999998932,1,"NY
21-03JST","EURJPY_NY
21-03JST",2022_24
EURJPY,long,2022-06-15 14:30:00,2022-06-15 14:35:00,-44.24778761208509,-0.008849557522417,2,"NY
21-03JST","EURJPY_NY
21-03JST",2022_24
EURJPY,long,2022-06-15 14:35:00,2022-06-15 14:40:00,-2365.967365969507,-0.4731934731939013,2,"NY
21-03JST","EURJPY_NY
21-03JST",2022_24
EURJPY,long,2022-06-15 14:45:00,2022-06-15 14:50:00,-2063.758389263322,-0.4127516778526644,4,"NY
21-03JST","EURJPY_NY
21-03JST",2022_24
NZDUSD,long,2022-06-15 15:15:00,2022-06-15 15:20:00,4915.01416430563,0.983002832861126,3,"NY
21-03JST","NZDUSD_NY
21-03JST",2022_24
EURJPY,long,2022-06-15 15:15:00,2022-06-15 15:20:00,-1754.205990974238,-0.3508411981948476,4,"NY
21-03JST","EURJPY_NY
21-03JST",2022_24
EURJPY,long,2022-06-15 15:25:00,2022-06-15 15:30:00,-1720.1350780927123,-0.3440270156185425,2,"NY
21-03JST","EURJPY_NY
21-03JST",2022_24
EURJPY,long,2022-06-15 15:40:00,2022-06-15 15:45:00,-5000.00000000012,-1.000000000000024,1,"NY
21-03JST","EURJPY_NY
21-03JST",2022_24
CHFJPY,long,2022-06-15 15:50:00,2022-06-15 15:55:00,-5000.000000000289,-1.000000000000058,1,"NY
21-03JST","CHFJPY_NY
21-03JST",2022_24
EURJPY,long,2022-06-15 15:55:00,2022-06-15 16:00:00,-1248.8350419373255,-0.2497670083874651,4,"NY
21-03JST","EURJPY_NY
21-03JST",2022_24
CHFJPY,long,2022-06-15 15:55:00,2022-06-15 16:00:00,-3543.7832607636324,-0.7087566521527264,4,"NY
21-03JST","CHFJPY_NY
21-03JST",2022_24
EURJPY,long,2022-06-15 16:05:00,2022-06-15 16:10:00,-1950.8804448548208,-0.3901760889709642,2,"NY
21-03JST","EURJPY_NY
21-03JST",2022_24
NZDUSD,long,2022-06-15 16:05:00,2022-06-15 16:10:00,6242.603550295905,1.2485207100591809,3,"NY
21-03JST","NZDUSD_NY
21-03JST",2022_24
EURJPY,long,2022-06-15 16:15:00,2022-06-15 16:20:00,-6.94766095345515,-0.001389532190691,6,"NY
21-03JST","EURJPY_NY
21-03JST",2022_24
CHFJPY,long,2022-06-15 16:20:00,2022-06-15 16:25:00,-2320.9404045945835,-0.4641880809189166,5,"NY
21-03JST","CHFJPY_NY
21-03JST",2022_24
EURJPY,long,2022-06-15 16:20:00,2022-06-15 16:25:00,1491.9354838744673,0.2983870967748934,4,"NY
21-03JST","EURJPY_NY
21-03JST",2022_24
CHFJPY,long,2022-06-15 16:25:00,2022-06-15 16:30:00,-2669.256381800465,-0.533851276360093,4,"NY
21-03JST","CHFJPY_NY
21-03JST",2022_24
NZDUSD,long,2022-06-15 16:25:00,2022-06-15 16:30:00,-4879.931389363997,-0.9759862778727996,5,"NY
21-03JST","NZDUSD_NY
21-03JST",2022_24
CHFJPY,long,2022-06-15 16:35:00,2022-06-15 16:40:00,-5000.000000000318,-1.0000000000000635,2,"NY
21-03JST","CHFJPY_NY
21-03JST",2022_24
NZDUSD,long,2022-06-15 16:35:00,2022-06-15 16:40:00,-3319.4829178200944,-0.6638965835640189,3,"NY
21-03JST","NZDUSD_NY
21-03JST",2022_24
NZDUSD,long,2022-06-15 16:40:00,2022-06-15 16:45:00,-1985.6459330147284,-0.3971291866029456,2,"NY
21-03JST","NZDUSD_NY
21-03JST",2022_24
EURJPY,long,2022-06-15 16:45:00,2022-06-15 16:50:00,-4999.999999999548,-0.9999999999999096,1,"NY
21-03JST","EURJPY_NY
21-03JST",2022_24
CHFJPY,long,2022-06-15 16:50:00,2022-06-15 16:55:00,3441.5584415608064,0.6883116883121613,7,"NY
21-03JST","CHFJPY_NY
21-03JST",2022_24
EURJPY,long,2022-06-15 16:50:00,2022-06-15 16:55:00,9460.473167917842,1.8920946335835684,7,"NY
21-03JST","EURJPY_NY
21-03JST",2022_24
EURJPY,long,2022-06-15 16:55:00,2022-06-15 17:00:00,13049.792531121517,2.609958506224303,6,"NY
21-03JST","EURJPY_NY
21-03JST",2022_24
CHFJPY,long,2022-06-15 16:55:00,2022-06-15 17:00:00,4921.619856303995,0.9843239712607992,6,"NY
21-03JST","CHFJPY_NY
21-03JST",2022_24
AUDJPY,short,2022-06-16 04:50:00,2022-06-16 04:55:00,8358.490566038547,1.6716981132077091,4,"東京
09-15JST","AUDJPY_東京
09-15JST",2022_24
AUDJPY,short,2022-06-16 05:05:00,2022-06-16 05:10:00,3720.670391061787,0.7441340782123574,2,"東京
09-15JST","AUDJPY_東京
09-15JST",2022_24
AUDJPY,short,2022-06-16 05:10:00,2022-06-16 05:15:00,-5000.000000000453,-1.0000000000000906,1,"東京
09-15JST","AUDJPY_東京
09-15JST",2022_24
NZDUSD,long,2022-06-16 05:35:00,2022-06-16 05:40:00,-4999.999999999454,-0.9999999999998908,1,"東京
09-15JST","NZDUSD_東京
09-15JST",2022_24
EURJPY,long,2022-06-16 12:15:00,2022-06-16 12:20:00,-1179.7133406832252,-0.235942668136645,3,"NY
21-03JST","EURJPY_NY
21-03JST",2022_24
NZDUSD,long,2022-06-16 12:15:00,2022-06-16 12:20:00,19539.32584269685,3.9078651685393697,5,"NY
21-03JST","NZDUSD_NY
21-03JST",2022_24
CHFJPY,long,2022-06-16 15:50:00,2022-06-16 15:55:00,12118.60518467702,2.423721036935404,7,"NY
21-03JST","CHFJPY_NY
21-03JST",2022_24
EURJPY,long,2022-06-16 15:50:00,2022-06-16 15:55:00,21367.04998826561,4.273409997653123,7,"NY
21-03JST","EURJPY_NY
21-03JST",2022_24
CHFJPY,long,2022-06-16 15:55:00,2022-06-16 16:00:00,8599.740090968124,1.7199480181936246,6,"NY
21-03JST","CHFJPY_NY
21-03JST",2022_24
CHFJPY,long,2022-06-16 16:35:00,2022-06-16 16:40:00,689.3819334389035,0.1378763866877807,2,"NY
21-03JST","CHFJPY_NY
21-03JST",2022_24
EURJPY,long,2022-06-16 16:50:00,2022-06-16 16:55:00,9932.432432432492,1.9864864864864984,8,"NY
21-03JST","EURJPY_NY
21-03JST",2022_24
CHFJPY,long,2022-06-16 16:50:00,2022-06-16 16:55:00,10095.171773445536,2.0190343546891074,7,"NY
21-03JST","CHFJPY_NY
21-03JST",2022_24
NZDUSD,long,2022-06-17 03:00:00,2022-06-17 03:05:00,3723.186925433319,0.7446373850866638,3,"東京
09-15JST","NZDUSD_東京
09-15JST",2022_24
NZDUSD,long,2022-06-17 03:20:00,2022-06-17 03:25:00,-4999.999999999245,-0.999999999999849,1,"東京
09-15JST","NZDUSD_東京
09-15JST",2022_24
NZDUSD,long,2022-06-17 03:30:00,2022-06-17 03:35:00,-4610.38961038934,-0.922077922077868,2,"東京
09-15JST","NZDUSD_東京
09-15JST",2022_24
NZDUSD,long,2022-06-17 03:35:00,2022-06-17 03:40:00,-4999.9999999996,-0.99999999999992,1,"東京
09-15JST","NZDUSD_東京
09-15JST",2022_24
NZDUSD,long,2022-06-17 03:40:00,2022-06-17 03:45:00,-5000.000000000193,-1.0000000000000386,1,"東京
09-15JST","NZDUSD_東京
09-15JST",2022_24
NZDUSD,long,2022-06-17 03:45:00,2022-06-17 03:50:00,13550.272798128432,2.710054559625686,6,"東京
09-15JST","NZDUSD_東京
09-15JST",2022_24
NZDUSD,long,2022-06-17 03:55:00,2022-06-17 04:00:00,10755.131964808745,2.1510263929617484,4,"東京
09-15JST","NZDUSD_東京
09-15JST",2022_24
NZDUSD,long,2022-06-17 04:25:00,2022-06-17 04:30:00,-1274.6781115880474,-0.2549356223176094,2,"東京
09-15JST","NZDUSD_東京
09-15JST",2022_24
NZDUSD,long,2022-06-17 04:40:00,2022-06-17 04:45:00,4451.21951219409,0.8902439024388181,4,"東京
09-15JST","NZDUSD_東京
09-15JST",2022_24
NZDUSD,long,2022-06-17 04:45:00,2022-06-17 04:50:00,3399.9999999995284,0.6799999999999057,3,"東京
09-15JST","NZDUSD_東京
09-15JST",2022_24
NZDUSD,long,2022-06-17 12:05:00,2022-06-17 12:10:00,15581.09280138862,3.116218560277724,6,"NY
21-03JST","NZDUSD_NY
21-03JST",2022_24
EURJPY,long,2022-06-17 12:40:00,2022-06-17 12:45:00,820.3414996279633,0.1640682999255926,3,"NY
21-03JST","EURJPY_NY
21-03JST",2022_24
EURJPY,long,2022-06-17 12:45:00,2022-06-17 12:50:00,-1276.5957446808898,-0.2553191489361779,2,"NY
21-03JST","EURJPY_NY
21-03JST",2022_24
AUDUSD,long,2022-06-17 12:55:00,2022-06-17 13:00:00,-4999.999999999814,-0.9999999999999628,1,"NY
21-03JST","AUDUSD_NY
21-03JST",2022_24
AUDUSD,long,2022-06-17 13:00:00,2022-06-17 13:05:00,-4999.99999999988,-0.999999999999976,1,"NY
21-03JST","AUDUSD_NY
21-03JST",2022_24
CHFJPY,long,2022-06-17 13:35:00,2022-06-17 13:40:00,2870.8600055659194,0.5741720011131839,7,"NY
21-03JST","CHFJPY_NY
21-03JST",2022_24
NZDUSD,long,2022-06-17 13:45:00,2022-06-17 13:50:00,-5000.00000000014,-1.000000000000028,2,"NY
21-03JST","NZDUSD_NY
21-03JST",2022_24
AUDUSD,long,2022-06-17 13:45:00,2022-06-17 13:50:00,-4209.411764705595,-0.8418823529411189,2,"NY
21-03JST","AUDUSD_NY
21-03JST",2022_24
AUDUSD,long,2022-06-17 13:50:00,2022-06-17 13:55:00,-2421.052631579178,-0.4842105263158356,2,"NY
21-03JST","AUDUSD_NY
21-03JST",2022_24
AUDUSD,long,2022-06-17 13:55:00,2022-06-17 14:00:00,-4999.99999999963,-0.999999999999926,1,"NY
21-03JST","AUDUSD_NY
21-03JST",2022_24
NZDUSD,long,2022-06-17 14:00:00,2022-06-17 14:05:00,-4999.999999999684,-0.9999999999999368,1,"NY
21-03JST","NZDUSD_NY
21-03JST",2022_24
AUDUSD,long,2022-06-17 14:00:00,2022-06-17 14:05:00,-4999.999999999796,-0.9999999999999593,1,"NY
21-03JST","AUDUSD_NY
21-03JST",2022_24
NZDUSD,long,2022-06-17 14:05:00,2022-06-17 14:10:00,-5000.000000000128,-1.0000000000000258,1,"NY
21-03JST","NZDUSD_NY
21-03JST",2022_24
AUDUSD,long,2022-06-17 14:05:00,2022-06-17 14:10:00,-5000.000000000103,-1.0000000000000209,1,"NY
21-03JST","AUDUSD_NY
21-03JST",2022_24
AUDUSD,long,2022-06-17 14:10:00,2022-06-17 14:15:00,-5000.000000000051,-1.0000000000000102,1,"NY
21-03JST","AUDUSD_NY
21-03JST",2022_24
NZDUSD,long,2022-06-17 14:10:00,2022-06-17 14:15:00,-4999.999999999753,-0.9999999999999504,1,"NY
21-03JST","NZDUSD_NY
21-03JST",2022_24
NZDUSD,long,2022-06-17 14:15:00,2022-06-17 14:20:00,-2176.835573940334,-0.4353671147880668,2,"NY
21-03JST","NZDUSD_NY
21-03JST",2022_24
AUDUSD,long,2022-06-17 14:15:00,2022-06-17 14:20:00,-1673.6140058359497,-0.3347228011671899,2,"NY
21-03JST","AUDUSD_NY
21-03JST",2022_24
AUDUSD,long,2022-06-17 14:20:00,2022-06-17 14:25:00,-5000.000000000188,-1.0000000000000375,1,"NY
21-03JST","AUDUSD_NY
21-03JST",2022_24
NZDUSD,long,2022-06-17 14:20:00,2022-06-17 14:25:00,-4417.879417879974,-0.8835758835759949,2,"NY
21-03JST","NZDUSD_NY
21-03JST",2022_24
AUDUSD,long,2022-06-17 14:30:00,2022-06-17 14:35:00,-2217.630853994878,-0.4435261707989756,2,"NY
21-03JST","AUDUSD_NY
21-03JST",2022_24
NZDUSD,long,2022-06-17 14:30:00,2022-06-17 14:35:00,-3017.8837555885484,-0.6035767511177097,2,"NY
21-03JST","NZDUSD_NY
21-03JST",2022_24
CHFJPY,long,2022-06-17 14:30:00,2022-06-17 14:35:00,-5000.0,-1.0,1,"NY
21-03JST","CHFJPY_NY
21-03JST",2022_24
AUDUSD,long,2022-06-17 14:35:00,2022-06-17 14:40:00,-5000.000000000215,-1.0000000000000429,1,"NY
21-03JST","AUDUSD_NY
21-03JST",2022_24
NZDUSD,long,2022-06-17 14:35:00,2022-06-17 14:40:00,-5000.000000000055,-1.0000000000000109,1,"NY
21-03JST","NZDUSD_NY
21-03JST",2022_24
CHFJPY,long,2022-06-17 14:35:00,2022-06-17 14:40:00,-3533.627342888839,-0.7067254685777677,2,"NY
21-03JST","CHFJPY_NY
21-03JST",2022_24
CHFJPY,long,2022-06-17 14:40:00,2022-06-17 14:45:00,-4999.999999999626,-0.9999999999999252,1,"NY
21-03JST","CHFJPY_NY
21-03JST",2022_24
NZDUSD,long,2022-06-17 14:45:00,2022-06-17 14:50:00,-2178.2418649824485,-0.4356483729964897,2,"NY
21-03JST","NZDUSD_NY
21-03JST",2022_24
AUDUSD,long,2022-06-17 14:45:00,2022-06-17 14:50:00,-4552.967693463853,-0.9105935386927706,2,"NY
21-03JST","AUDUSD_NY
21-03JST",2022_24
AUDUSD,long,2022-06-17 14:50:00,2022-06-17 14:55:00,5324.107793153091,1.0648215586306182,3,"NY
21-03JST","AUDUSD_NY
21-03JST",2022_24
CHFJPY,long,2022-06-17 14:50:00,2022-06-17 14:55:00,8500.810372772412,1.7001620745544823,4,"NY
21-03JST","CHFJPY_NY
21-03JST",2022_24
NZDUSD,long,2022-06-17 14:50:00,2022-06-17 14:55:00,6898.980087420953,1.3797960174841906,3,"NY
21-03JST","NZDUSD_NY
21-03JST",2022_24
CHFJPY,long,2022-06-17 14:55:00,2022-06-17 15:00:00,4505.781002041711,0.9011562004083422,4,"NY
21-03JST","CHFJPY_NY
21-03JST",2022_24
AUDUSD,long,2022-06-17 15:00:00,2022-06-17 15:05:00,5526.315789473757,1.1052631578947514,6,"NY
21-03JST","AUDUSD_NY
21-03JST",2022_24
NZDUSD,long,2022-06-17 15:00:00,2022-06-17 15:05:00,11999.012833170333,2.3998025666340665,17,"NY
21-03JST","NZDUSD_NY
21-03JST",2022_24
NZDUSD,long,2022-06-17 15:25:00,2022-06-17 15:30:00,4970.119521912762,0.9940239043825524,12,"NY
21-03JST","NZDUSD_NY
21-03JST",2022_24
AUDUSD,long,2022-06-17 15:25:00,2022-06-17 15:30:00,-2364.532019704601,-0.4729064039409202,3,"NY
21-03JST","AUDUSD_NY
21-03JST",2022_24
NZDUSD,long,2022-06-17 15:35:00,2022-06-17 15:40:00,3085.215605750173,0.6170431211500346,8,"NY
21-03JST","NZDUSD_NY
21-03JST",2022_24
AUDUSD,long,2022-06-17 15:35:00,2022-06-17 15:40:00,-2025.567158804521,-0.4051134317609042,10,"NY
21-03JST","AUDUSD_NY
21-03JST",2022_24
NZDUSD,long,2022-06-17 15:45:00,2022-06-17 15:50:00,2215.7279489920184,0.4431455897984037,6,"NY
21-03JST","NZDUSD_NY
21-03JST",2022_24
AUDUSD,long,2022-06-17 15:45:00,2022-06-17 15:50:00,41.26031507862303,0.0082520630157246,8,"NY
21-03JST","AUDUSD_NY
21-03JST",2022_24
AUDUSD,long,2022-06-17 15:50:00,2022-06-17 15:55:00,1414.66208476476,0.282932416952952,7,"NY
21-03JST","AUDUSD_NY
21-03JST",2022_24
NZDUSD,long,2022-06-17 15:50:00,2022-06-17 15:55:00,3490.4661016944588,0.6980932203388918,5,"NY
21-03JST","NZDUSD_NY
21-03JST",2022_24
CHFJPY,long,2022-06-17 17:05:00,2022-06-17 17:10:00,4260.948905107298,0.8521897810214596,4,"NY
21-03JST","CHFJPY_NY
21-03JST",2022_24
EURJPY,long,2022-06-17 17:05:00,2022-06-17 17:10:00,180.32786885378675,0.0360655737707573,3,"NY
21-03JST","EURJPY_NY
21-03JST",2022_24
AUDUSD,long,2022-06-20 13:25:00,2022-06-20 13:30:00,-861.8543870565832,-0.1723708774113166,3,"NY
21-03JST","AUDUSD_NY
21-03JST",2022_25
AUDUSD,long,2022-06-20 14:00:00,2022-06-20 14:05:00,6823.74541003675,1.36474908200735,5,"NY
21-03JST","AUDUSD_NY
21-03JST",2022_25
NZDUSD,long,2022-06-20 14:05:00,2022-06-20 14:10:00,3968.9158453367,0.79378316906734,4,"NY
21-03JST","NZDUSD_NY
21-03JST",2022_25
AUDUSD,short,2022-06-21 06:05:00,2022-06-21 06:10:00,-1575.5395683446957,-0.3151079136689391,2,"欧州
15-21JST","AUDUSD_欧州
15-21JST",2022_25
NZDJPY,short,2022-06-21 06:05:00,2022-06-21 06:10:00,654.7231270342003,0.13094462540684,2,"欧州
15-21JST","NZDJPY_欧州
15-21JST",2022_25
AUDUSD,short,2022-06-21 06:10:00,2022-06-21 06:15:00,-3172.588832487864,-0.6345177664975727,2,"欧州
15-21JST","AUDUSD_欧州
15-21JST",2022_25
AUDJPY,short,2022-06-21 06:15:00,2022-06-21 06:20:00,-4999.999999999935,-0.9999999999999872,1,"欧州
15-21JST","AUDJPY_欧州
15-21JST",2022_25
AUDUSD,short,2022-06-21 06:15:00,2022-06-21 06:20:00,-5000.000000000164,-1.0000000000000326,1,"欧州
15-21JST","AUDUSD_欧州
15-21JST",2022_25
NZDJPY,short,2022-06-21 06:15:00,2022-06-21 06:20:00,-4999.999999999718,-0.9999999999999436,1,"欧州
15-21JST","NZDJPY_欧州
15-21JST",2022_25
AUDUSD,short,2022-06-21 11:00:00,2022-06-21 11:05:00,3260.211800303155,0.652042360060631,4,"欧州
15-21JST","AUDUSD_欧州
15-21JST",2022_25
AUDUSD,short,2022-06-21 11:05:00,2022-06-21 11:10:00,-3108.1081081082502,-0.62162162162165,3,"欧州
15-21JST","AUDUSD_欧州
15-21JST",2022_25
AUDUSD,short,2022-06-21 11:15:00,2022-06-21 11:20:00,-2423.6983842005784,-0.4847396768401157,2,"欧州
15-21JST","AUDUSD_欧州
15-21JST",2022_25
AUDUSD,short,2022-06-21 11:20:00,2022-06-21 11:25:00,-5000.000000000605,-1.000000000000121,1,"欧州
15-21JST","AUDUSD_欧州
15-21JST",2022_25
AUDUSD,short,2022-06-21 11:40:00,2022-06-21 11:45:00,10681.431005109696,2.136286201021939,2,"欧州
15-21JST","AUDUSD_欧州
15-21JST",2022_25
AUDUSD,short,2022-06-21 11:45:00,2022-06-21 11:50:00,-5000.000000000087,-1.0000000000000175,1,"欧州
15-21JST","AUDUSD_欧州
15-21JST",2022_25
AUDUSD,short,2022-06-21 11:50:00,2022-06-21 11:55:00,-5000.0,-1.0,1,"欧州
15-21JST","AUDUSD_欧州
15-21JST",2022_25
AUDUSD,short,2022-06-22 06:10:00,2022-06-22 06:15:00,-4368.494101318852,-0.8736988202637703,2,"欧州
15-21JST","AUDUSD_欧州
15-21JST",2022_25
AUDUSD,short,2022-06-22 06:30:00,2022-06-22 06:35:00,17594.059405941618,3.518811881188324,8,"欧州
15-21JST","AUDUSD_欧州
15-21JST",2022_25
GBPJPY,short,2022-06-22 07:05:00,2022-06-22 07:10:00,1706.265568116323,0.3412531136232646,3,"欧州
15-21JST","GBPJPY_欧州
15-21JST",2022_25
AUDJPY,short,2022-06-22 07:05:00,2022-06-22 07:10:00,-3520.220588235204,-0.7040441176470408,2,"欧州
15-21JST","AUDJPY_欧州
15-21JST",2022_25
GBPJPY,short,2022-06-22 07:10:00,2022-06-22 07:15:00,2118.644067796748,0.4237288135593496,2,"欧州
15-21JST","GBPJPY_欧州
15-21JST",2022_25
AUDJPY,short,2022-06-22 07:10:00,2022-06-22 07:15:00,-4999.999999999783,-0.9999999999999564,1,"欧州
15-21JST","AUDJPY_欧州
15-21JST",2022_25
GBPJPY,short,2022-06-22 07:20:00,2022-06-22 07:25:00,-4999.999999999783,-0.9999999999999564,1,"欧州
15-21JST","GBPJPY_欧州
15-21JST",2022_25
AUDJPY,short,2022-06-22 07:40:00,2022-06-22 07:45:00,-1518.5806091085367,-0.3037161218217073,2,"欧州
15-21JST","AUDJPY_欧州
15-21JST",2022_25
GBPJPY,short,2022-06-22 07:40:00,2022-06-22 07:45:00,-3919.681380683772,-0.7839362761367544,2,"欧州
15-21JST","GBPJPY_欧州
15-21JST",2022_25
AUDJPY,short,2022-06-22 07:45:00,2022-06-22 07:50:00,1236.649803259386,0.2473299606518771,4,"欧州
15-21JST","AUDJPY_欧州
15-21JST",2022_25
NZDJPY,short,2022-06-22 08:00:00,2022-06-22 08:05:00,2070.022587931566,0.4140045175863132,10,"欧州
15-21JST","NZDJPY_欧州
15-21JST",2022_25
NZDJPY,short,2022-06-22 08:05:00,2022-06-22 08:10:00,498.5572298813244,0.0997114459762648,9,"欧州
15-21JST","NZDJPY_欧州
15-21JST",2022_25
NZDJPY,short,2022-06-22 08:20:00,2022-06-22 08:25:00,-118.694362017313,-0.0237388724034625,6,"欧州
15-21JST","NZDJPY_欧州
15-21JST",2022_25
NZDJPY,short,2022-06-22 08:35:00,2022-06-22 08:40:00,1294.0461725396983,0.2588092345079397,2,"欧州
15-21JST","NZDJPY_欧州
15-21JST",2022_25
NZDJPY,short,2022-06-22 08:40:00,2022-06-22 08:45:00,-4705.882352941029,-0.941176470588206,2,"欧州
15-21JST","NZDJPY_欧州
15-21JST",2022_25
NZDJPY,short,2022-06-22 08:45:00,2022-06-22 08:50:00,-5000.0,-1.0,1,"欧州
15-21JST","NZDJPY_欧州
15-21JST",2022_25
NZDJPY,short,2022-06-22 09:45:00,2022-06-22 09:50:00,-4999.99999999954,-0.999999999999908,1,"欧州
15-21JST","NZDJPY_欧州
15-21JST",2022_25
AUDJPY,short,2022-06-22 09:45:00,2022-06-22 09:50:00,-5000.000000000384,-1.0000000000000768,1,"欧州
15-21JST","AUDJPY_欧州
15-21JST",2022_25
NZDUSD,long,2022-06-22 12:00:00,2022-06-22 12:05:00,1293.4690415600332,0.2586938083120066,5,"NY
21-03JST","NZDUSD_NY
21-03JST",2022_25
NZDUSD,long,2022-06-22 12:05:00,2022-06-22 12:10:00,4638.958858102315,0.9277917716204632,4,"NY
21-03JST","NZDUSD_NY
21-03JST",2022_25
NZDJPY,short,2022-06-24 11:50:00,2022-06-24 11:55:00,-4999.999999999896,-0.9999999999999792,1,"欧州
15-21JST","NZDJPY_欧州
15-21JST",2022_25
AUDUSD,short,2022-06-24 11:50:00,2022-06-24 11:55:00,-1463.9175257717588,-0.2927835051543517,2,"欧州
15-21JST","AUDUSD_欧州
15-21JST",2022_25
AUDUSD,short,2022-06-24 11:55:00,2022-06-24 12:00:00,-5000.000000000236,-1.000000000000047,1,"欧州
15-21JST","AUDUSD_欧州
15-21JST",2022_25
AUDUSD,short,2022-06-27 09:20:00,2022-06-27 09:25:00,-3319.039451114131,-0.6638078902228263,3,"欧州
15-21JST","AUDUSD_欧州
15-21JST",2022_26
AUDUSD,short,2022-06-27 09:25:00,2022-06-27 09:30:00,-4203.152364273832,-0.8406304728547664,2,"欧州
15-21JST","AUDUSD_欧州
15-21JST",2022_26
NZDUSD,long,2022-06-27 12:15:00,2022-06-27 12:20:00,-5000.000000000594,-1.0000000000001188,1,"NY
21-03JST","NZDUSD_NY
21-03JST",2022_26
NZDUSD,long,2022-06-27 12:20:00,2022-06-27 12:25:00,-1740.050804403087,-0.3480101608806175,2,"NY
21-03JST","NZDUSD_NY
21-03JST",2022_26
NZDUSD,long,2022-06-27 12:30:00,2022-06-27 12:35:00,-5000.000000000206,-1.000000000000041,1,"NY
21-03JST","NZDUSD_NY
21-03JST",2022_26
AUDUSD,long,2022-06-27 12:30:00,2022-06-27 12:35:00,-5000.000000000182,-1.0000000000000364,1,"NY
21-03JST","AUDUSD_NY
21-03JST",2022_26
NZDUSD,long,2022-06-27 12:40:00,2022-06-27 12:45:00,30388.170055452727,6.077634011090545,5,"NY
21-03JST","NZDUSD_NY
21-03JST",2022_26
AUDUSD,long,2022-06-27 12:40:00,2022-06-27 12:45:00,26533.018867924635,5.306603773584927,7,"NY
21-03JST","AUDUSD_NY
21-03JST",2022_26
EURJPY,long,2022-06-27 14:10:00,2022-06-27 14:15:00,-4014.745308312052,-0.8029490616624104,2,"NY
21-03JST","EURJPY_NY
21-03JST",2022_26
NZDUSD,long,2022-06-27 17:40:00,2022-06-27 17:45:00,-1836.538461538835,-0.367307692307767,4,"NY
21-03JST","NZDUSD_NY
21-03JST",2022_26
AUDUSD,long,2022-06-27 17:45:00,2022-06-27 17:50:00,-975.7085020254456,-0.1951417004050891,3,"NY
21-03JST","AUDUSD_NY
21-03JST",2022_26
AUDUSD,short,2022-06-28 10:50:00,2022-06-28 10:55:00,-1728.3349561830703,-0.345666991236614,3,"欧州
15-21JST","AUDUSD_欧州
15-21JST",2022_26
AUDUSD,short,2022-06-28 11:05:00,2022-06-28 11:10:00,-4999.999999999577,-0.9999999999999154,1,"欧州
15-21JST","AUDUSD_欧州
15-21JST",2022_26
NZDUSD,long,2022-06-28 12:10:00,2022-06-28 12:15:00,-4999.99999999978,-0.999999999999956,1,"NY
21-03JST","NZDUSD_NY
21-03JST",2022_26
NZDUSD,long,2022-06-28 12:15:00,2022-06-28 12:20:00,3253.275109169653,0.6506550218339306,2,"NY
21-03JST","NZDUSD_NY
21-03JST",2022_26
NZDUSD,long,2022-06-28 12:20:00,2022-06-28 12:25:00,873.7024221452722,0.1747404844290544,2,"NY
21-03JST","NZDUSD_NY
21-03JST",2022_26
AUDUSD,long,2022-06-28 12:20:00,2022-06-28 12:25:00,733.6182336184623,0.1467236467236924,2,"NY
21-03JST","AUDUSD_NY
21-03JST",2022_26
NZDUSD,long,2022-06-28 12:30:00,2022-06-28 12:35:00,1764.2752562235107,0.3528550512447021,2,"NY
21-03JST","NZDUSD_NY
21-03JST",2022_26
AUDUSD,long,2022-06-28 12:30:00,2022-06-28 12:35:00,3008.8495575221964,0.6017699115044393,2,"NY
21-03JST","AUDUSD_NY
21-03JST",2022_26
EURJPY,long,2022-06-28 12:40:00,2022-06-28 12:45:00,-2847.3581213301377,-0.5694716242660275,3,"NY
21-03JST","EURJPY_NY
21-03JST",2022_26
NZDUSD,long,2022-06-28 12:45:00,2022-06-28 12:50:00,1925.2669039134385,0.3850533807826876,3,"NY
21-03JST","NZDUSD_NY
21-03JST",2022_26
EURJPY,long,2022-06-28 12:45:00,2022-06-28 12:50:00,-3462.837837838564,-0.6925675675677128,2,"NY
21-03JST","EURJPY_NY
21-03JST",2022_26
NZDUSD,long,2022-06-28 12:50:00,2022-06-28 12:55:00,797.3990417516848,0.1594798083503369,2,"NY
21-03JST","NZDUSD_NY
21-03JST",2022_26
EURJPY,long,2022-06-28 12:55:00,2022-06-28 13:00:00,-5000.000000000235,-1.0000000000000469,1,"NY
21-03JST","EURJPY_NY
21-03JST",2022_26
EURJPY,long,2022-06-28 13:00:00,2022-06-28 13:05:00,-5000.0,-1.0,1,"NY
21-03JST","EURJPY_NY
21-03JST",2022_26
NZDUSD,long,2022-06-28 13:05:00,2022-06-28 13:10:00,1276.9010043055728,0.2553802008611145,4,"NY
21-03JST","NZDUSD_NY
21-03JST",2022_26
EURJPY,long,2022-06-28 13:05:00,2022-06-28 13:10:00,3556.0215698023485,0.7112043139604697,7,"NY
21-03JST","EURJPY_NY
21-03JST",2022_26
EURJPY,long,2022-06-28 13:10:00,2022-06-28 13:15:00,3853.754940711841,0.7707509881423683,6,"NY
21-03JST","EURJPY_NY
21-03JST",2022_26
NZDUSD,long,2022-06-28 13:10:00,2022-06-28 13:15:00,4757.281553399231,0.9514563106798462,5,"NY
21-03JST","NZDUSD_NY
21-03JST",2022_26
EURJPY,long,2022-06-28 13:25:00,2022-06-28 13:30:00,4292.709466813619,0.8585418933627238,3,"NY
21-03JST","EURJPY_NY
21-03JST",2022_26
EURJPY,long,2022-06-28 14:00:00,2022-06-28 14:05:00,-998.7966305663816,-0.1997593261132763,3,"NY
21-03JST","EURJPY_NY
21-03JST",2022_26
EURJPY,long,2022-06-28 14:20:00,2022-06-28 14:25:00,-5000.000000000663,-1.0000000000001326,2,"NY
21-03JST","EURJPY_NY
21-03JST",2022_26
EURJPY,long,2022-06-28 14:25:00,2022-06-28 14:30:00,-4999.999999999806,-0.9999999999999613,1,"NY
21-03JST","EURJPY_NY
21-03JST",2022_26
EURJPY,long,2022-06-28 14:30:00,2022-06-28 14:35:00,1509.9999999996398,0.301999999999928,5,"NY
21-03JST","EURJPY_NY
21-03JST",2022_26
EURJPY,long,2022-06-28 14:35:00,2022-06-28 14:40:00,4288.24476650364,0.857648953300728,4,"NY
21-03JST","EURJPY_NY
21-03JST",2022_26
AUDUSD,long,2022-06-28 14:35:00,2022-06-28 14:40:00,-1887.9668049795268,-0.3775933609959053,2,"NY
21-03JST","AUDUSD_NY
21-03JST",2022_26
EURJPY,long,2022-06-28 14:40:00,2022-06-28 14:45:00,1482.3298429302913,0.2964659685860583,3,"NY
21-03JST","EURJPY_NY
21-03JST",2022_26
NZDUSD,long,2022-06-28 16:00:00,2022-06-28 16:05:00,3991.29172714121,0.7982583454282419,2,"NY
21-03JST","NZDUSD_NY
21-03JST",2022_26
AUDUSD,long,2022-06-28 16:00:00,2022-06-28 16:05:00,4534.227240647021,0.9068454481294044,2,"NY
21-03JST","AUDUSD_NY
21-03JST",2022_26
AUDUSD,long,2022-06-28 16:15:00,2022-06-28 16:20:00,929.7520661154896,0.1859504132230979,6,"NY
21-03JST","AUDUSD_NY
21-03JST",2022_26
NZDUSD,long,2022-06-29 13:25:00,2022-06-29 13:30:00,-4956.656346750317,-0.9913312693500634,2,"NY
21-03JST","NZDUSD_NY
21-03JST",2022_26
NZDUSD,long,2022-06-29 13:30:00,2022-06-29 13:35:00,-5000.000000000455,-1.000000000000091,2,"NY
21-03JST","NZDUSD_NY
21-03JST",2022_26
AUDUSD,long,2022-06-29 13:40:00,2022-06-29 13:45:00,1338.0281690134302,0.267605633802686,3,"NY
21-03JST","AUDUSD_NY
21-03JST",2022_26
NZDUSD,long,2022-06-29 13:40:00,2022-06-29 13:45:00,-1410.2564102568267,-0.2820512820513653,2,"NY
21-03JST","NZDUSD_NY
21-03JST",2022_26
NZDUSD,long,2022-06-29 13:45:00,2022-06-29 13:50:00,11408.775981523444,2.281755196304689,5,"NY
21-03JST","NZDUSD_NY
21-03JST",2022_26
AUDUSD,long,2022-06-29 13:45:00,2022-06-29 13:50:00,1933.7979094071231,0.3867595818814246,2,"NY
21-03JST","AUDUSD_NY
21-03JST",2022_26
NZDUSD,long,2022-06-29 14:30:00,2022-06-29 14:35:00,2570.476678626008,0.5140953357252016,2,"NY
21-03JST","NZDUSD_NY
21-03JST",2022_26
EURJPY,long,2022-06-29 15:00:00,2022-06-29 15:05:00,-4999.9999999999,-0.99999999999998,1,"NY
21-03JST","EURJPY_NY
21-03JST",2022_26
EURJPY,long,2022-06-29 16:05:00,2022-06-29 16:10:00,-5000.000000000224,-1.0000000000000449,2,"NY
21-03JST","EURJPY_NY
21-03JST",2022_26
EURJPY,long,2022-06-29 16:10:00,2022-06-29 16:15:00,-4999.999999999531,-0.9999999999999062,1,"NY
21-03JST","EURJPY_NY
21-03JST",2022_26
EURJPY,long,2022-06-29 16:15:00,2022-06-29 16:20:00,-5000.000000000739,-1.000000000000148,1,"NY
21-03JST","EURJPY_NY
21-03JST",2022_26
EURJPY,long,2022-06-29 16:20:00,2022-06-29 16:25:00,-5000.000000000718,-1.0000000000001434,1,"NY
21-03JST","EURJPY_NY
21-03JST",2022_26
EURJPY,long,2022-06-29 16:25:00,2022-06-29 16:30:00,-4999.999999999636,-0.9999999999999272,2,"NY
21-03JST","EURJPY_NY
21-03JST",2022_26
EURJPY,long,2022-06-29 16:30:00,2022-06-29 16:35:00,-2486.105173151246,-0.4972210346302492,4,"NY
21-03JST","EURJPY_NY
21-03JST",2022_26
EURJPY,long,2022-06-29 16:40:00,2022-06-29 16:45:00,-1645.5696202522474,-0.3291139240504495,2,"NY
21-03JST","EURJPY_NY
21-03JST",2022_26
EURJPY,long,2022-06-29 16:55:00,2022-06-29 17:00:00,-373.9754098362935,-0.0747950819672587,3,"NY
21-03JST","EURJPY_NY
21-03JST",2022_26
EURJPY,long,2022-06-29 17:10:00,2022-06-29 17:15:00,-4999.999999999564,-0.9999999999999128,3,"NY
21-03JST","EURJPY_NY
21-03JST",2022_26
EURJPY,long,2022-06-29 17:15:00,2022-06-29 17:20:00,-4616.228070173909,-0.9232456140347818,2,"NY
21-03JST","EURJPY_NY
21-03JST",2022_26
EURJPY,long,2022-06-29 17:20:00,2022-06-29 17:25:00,-2309.2142453355464,-0.4618428490671092,2,"NY
21-03JST","EURJPY_NY
21-03JST",2022_26
EURJPY,long,2022-06-29 17:30:00,2022-06-29 17:35:00,1355.8282208599678,0.2711656441719935,3,"NY
21-03JST","EURJPY_NY
21-03JST",2022_26
EURJPY,long,2022-06-29 17:35:00,2022-06-29 17:40:00,-5000.000000000335,-1.0000000000000668,2,"NY
21-03JST","EURJPY_NY
21-03JST",2022_26
EURJPY,long,2022-06-29 17:45:00,2022-06-29 17:50:00,-356.6958698366466,-0.0713391739673293,4,"NY
21-03JST","EURJPY_NY
21-03JST",2022_26
EURJPY,long,2022-06-29 17:50:00,2022-06-29 17:55:00,4205.955334988482,0.8411910669976964,3,"NY
21-03JST","EURJPY_NY
21-03JST",2022_26
NZDJPY,short,2022-06-30 06:00:00,2022-06-30 06:05:00,884.6153846163187,0.1769230769232637,2,"欧州
15-21JST","NZDJPY_欧州
15-21JST",2022_26
AUDJPY,short,2022-06-30 06:05:00,2022-06-30 06:10:00,1574.4234800835754,0.3148846960167151,6,"欧州
15-21JST","AUDJPY_欧州
15-21JST",2022_26
NZDJPY,short,2022-06-30 06:05:00,2022-06-30 06:10:00,-5000.000000000295,-1.0000000000000588,1,"欧州
15-21JST","NZDJPY_欧州
15-21JST",2022_26
AUDJPY,short,2022-06-30 06:10:00,2022-06-30 06:15:00,4885.496183205439,0.9770992366410878,5,"欧州
15-21JST","AUDJPY_欧州
15-21JST",2022_26
NZDJPY,short,2022-06-30 06:10:00,2022-06-30 06:15:00,-5000.000000000375,-1.000000000000075,1,"欧州
15-21JST","NZDJPY_欧州
15-21JST",2022_26
AUDJPY,short,2022-06-30 06:30:00,2022-06-30 06:35:00,-2305.282005371461,-0.4610564010742922,2,"欧州
15-21JST","AUDJPY_欧州
15-21JST",2022_26
AUDJPY,short,2022-06-30 06:35:00,2022-06-30 06:40:00,-5000.000000000067,-1.0000000000000135,1,"欧州
15-21JST","AUDJPY_欧州
15-21JST",2022_26
AUDJPY,short,2022-06-30 07:05:00,2022-06-30 07:10:00,8481.270358305876,1.6962540716611751,2,"欧州
15-21JST","AUDJPY_欧州
15-21JST",2022_26
AUDJPY,short,2022-06-30 07:15:00,2022-06-30 07:20:00,-5000.000000000344,-1.0000000000000688,1,"欧州
15-21JST","AUDJPY_欧州
15-21JST",2022_26
AUDJPY,short,2022-06-30 07:55:00,2022-06-30 08:00:00,-5000.000000000148,-1.0000000000000298,1,"欧州
15-21JST","AUDJPY_欧州
15-21JST",2022_26
NZDJPY,short,2022-06-30 11:25:00,2022-06-30 11:30:00,6866.34066829595,1.37326813365919,2,"欧州
15-21JST","NZDJPY_欧州
15-21JST",2022_26
NZDJPY,short,2022-06-30 11:30:00,2022-06-30 11:35:00,-5000.000000000106,-1.000000000000021,1,"欧州
15-21JST","NZDJPY_欧州
15-21JST",2022_26
NZDJPY,short,2022-06-30 11:35:00,2022-06-30 11:40:00,-2593.423019431795,-0.5186846038863591,2,"欧州
15-21JST","NZDJPY_欧州
15-21JST",2022_26
NZDJPY,short,2022-06-30 11:45:00,2022-06-30 11:50:00,-4999.999999999501,-0.9999999999999002,1,"欧州
15-21JST","NZDJPY_欧州
15-21JST",2022_26
EURJPY,long,2022-06-30 12:00:00,2022-06-30 12:05:00,-5000.000000000517,-1.0000000000001033,1,"NY
21-03JST","EURJPY_NY
21-03JST",2022_26
EURJPY,long,2022-06-30 12:05:00,2022-06-30 12:10:00,-4999.999999999595,-0.9999999999999192,1,"NY
21-03JST","EURJPY_NY
21-03JST",2022_26
EURJPY,long,2022-06-30 12:10:00,2022-06-30 12:15:00,-5000.000000000309,-1.000000000000062,1,"NY
21-03JST","EURJPY_NY
21-03JST",2022_26
EURJPY,long,2022-06-30 12:15:00,2022-06-30 12:20:00,10153.595952294972,2.0307191904589943,2,"NY
21-03JST","EURJPY_NY
21-03JST",2022_26
EURJPY,long,2022-06-30 13:10:00,2022-06-30 13:15:00,-5000.000000000402,-1.0000000000000804,1,"NY
21-03JST","EURJPY_NY
21-03JST",2022_26
EURJPY,long,2022-06-30 13:35:00,2022-06-30 13:40:00,11184.367541766733,2.236873508353346,9,"NY
21-03JST","EURJPY_NY
21-03JST",2022_26
AUDUSD,long,2022-06-30 15:00:00,2022-06-30 15:05:00,17362.637362636466,3.472527472527293,19,"NY
21-03JST","AUDUSD_NY
21-03JST",2022_26
AUDUSD,long,2022-06-30 15:30:00,2022-06-30 15:35:00,12044.776119402142,2.4089552238804286,12,"NY
21-03JST","AUDUSD_NY
21-03JST",2022_26
AUDUSD,short,2022-07-01 07:40:00,2022-07-01 07:45:00,8846.153846155072,1.7692307692310143,5,"欧州
15-21JST","AUDUSD_欧州
15-21JST",2022_26
AUDUSD,short,2022-07-01 07:55:00,2022-07-01 08:00:00,1567.415730337259,0.3134831460674518,2,"欧州
15-21JST","AUDUSD_欧州
15-21JST",2022_26
AUDUSD,short,2022-07-01 08:00:00,2022-07-01 08:05:00,-1365.6884875842022,-0.2731376975168404,2,"欧州
15-21JST","AUDUSD_欧州
15-21JST",2022_26
AUDUSD,short,2022-07-01 08:05:00,2022-07-01 08:10:00,-5000.000000000311,-1.0000000000000622,1,"欧州
15-21JST","AUDUSD_欧州
15-21JST",2022_26
AUDUSD,short,2022-07-01 08:35:00,2022-07-01 08:40:00,-4326.113116725974,-0.8652226233451947,4,"欧州
15-21JST","AUDUSD_欧州
15-21JST",2022_26
AUDJPY,short,2022-07-01 10:35:00,2022-07-01 10:40:00,-98.5324947580126,-0.0197064989516025,3,"欧州
15-21JST","AUDJPY_欧州
15-21JST",2022_26
AUDJPY,short,2022-07-01 10:40:00,2022-07-01 10:45:00,-87.20930232517514,-0.017441860465035,2,"欧州
15-21JST","AUDJPY_欧州
15-21JST",2022_26
AUDJPY,short,2022-07-01 10:45:00,2022-07-01 10:50:00,8391.563698339109,1.6783127396678217,7,"欧州
15-21JST","AUDJPY_欧州
15-21JST",2022_26
AUDJPY,short,2022-07-01 10:50:00,2022-07-01 10:55:00,7415.094339622919,1.4830188679245837,6,"欧州
15-21JST","AUDJPY_欧州
15-21JST",2022_26
AUDJPY,short,2022-07-01 11:05:00,2022-07-01 11:10:00,10743.944636677825,2.148788927335565,3,"欧州
15-21JST","AUDJPY_欧州
15-21JST",2022_26
AUDJPY,short,2022-07-01 11:15:00,2022-07-01 11:20:00,-5000.000000000122,-1.0000000000000244,1,"欧州
15-21JST","AUDJPY_欧州
15-21JST",2022_26
NZDJPY,short,2022-07-01 11:35:00,2022-07-01 11:40:00,1486.620416254695,0.297324083250939,4,"欧州
15-21JST","NZDJPY_欧州
15-21JST",2022_26
AUDJPY,short,2022-07-01 11:35:00,2022-07-01 11:40:00,-753.3145841689865,-0.1506629168337973,4,"欧州
15-21JST","AUDJPY_欧州
15-21JST",2022_26
AUDJPY,short,2022-07-01 11:40:00,2022-07-01 11:45:00,-128.72083668411295,-0.0257441673368225,3,"欧州
15-21JST","AUDJPY_欧州
15-21JST",2022_26
NZDJPY,short,2022-07-01 11:50:00,2022-07-01 11:55:00,-2709.4695091720755,-0.5418939018344151,2,"欧州
15-21JST","NZDJPY_欧州
15-21JST",2022_26
AUDJPY,short,2022-07-01 11:50:00,2022-07-01 11:55:00,-3252.9610829097774,-0.6505922165819554,2,"欧州
15-21JST","AUDJPY_欧州
15-21JST",2022_26
NZDJPY,short,2022-07-01 11:55:00,2022-07-01 12:00:00,10796.305541686765,2.1592611083373527,5,"欧州
15-21JST","NZDJPY_欧州
15-21JST",2022_26
EURJPY,long,2022-07-01 12:00:00,2022-07-01 12:05:00,-5000.000000000279,-1.0000000000000555,1,"NY
21-03JST","EURJPY_NY
21-03JST",2022_26
EURJPY,long,2022-07-01 12:05:00,2022-07-01 12:10:00,-4999.999999999422,-0.9999999999998844,1,"NY
21-03JST","EURJPY_NY
21-03JST",2022_26
AUDUSD,long,2022-07-01 12:10:00,2022-07-01 12:15:00,-4999.999999999644,-0.9999999999999288,1,"NY
21-03JST","AUDUSD_NY
21-03JST",2022_26
EURJPY,long,2022-07-01 12:10:00,2022-07-01 12:15:00,-4999.999999999718,-0.9999999999999436,1,"NY
21-03JST","EURJPY_NY
21-03JST",2022_26
NZDUSD,long,2022-07-01 12:10:00,2022-07-01 12:15:00,-1600.4415011030758,-0.3200883002206151,2,"NY
21-03JST","NZDUSD_NY
21-03JST",2022_26
EURJPY,long,2022-07-01 12:15:00,2022-07-01 12:20:00,-4999.999999999736,-0.9999999999999472,1,"NY
21-03JST","EURJPY_NY
21-03JST",2022_26
NZDUSD,long,2022-07-01 12:15:00,2022-07-01 12:20:00,-1921.2962962959225,-0.3842592592591844,3,"NY
21-03JST","NZDUSD_NY
21-03JST",2022_26
AUDUSD,long,2022-07-01 12:20:00,2022-07-01 12:25:00,1507.4241446096314,0.3014848289219263,2,"NY
21-03JST","AUDUSD_NY
21-03JST",2022_26
NZDUSD,long,2022-07-01 12:20:00,2022-07-01 12:25:00,-711.0438729205771,-0.1422087745841154,2,"NY
21-03JST","NZDUSD_NY
21-03JST",2022_26
AUDUSD,long,2022-07-01 12:25:00,2022-07-01 12:30:00,2074.4680851057165,0.4148936170211433,3,"NY
21-03JST","AUDUSD_NY
21-03JST",2022_26
NZDUSD,long,2022-07-01 12:30:00,2022-07-01 12:35:00,-5000.000000000425,-1.000000000000085,1,"NY
21-03JST","NZDUSD_NY
21-03JST",2022_26
NZDUSD,long,2022-07-01 12:35:00,2022-07-01 12:40:00,-1789.9408284016902,-0.357988165680338,3,"NY
21-03JST","NZDUSD_NY
21-03JST",2022_26
NZDUSD,long,2022-07-01 12:45:00,2022-07-01 12:50:00,-5000.000000000086,-1.000000000000017,1,"NY
21-03JST","NZDUSD_NY
21-03JST",2022_26
AUDUSD,long,2022-07-01 12:45:00,2022-07-01 12:50:00,-619.6319018404556,-0.1239263803680911,4,"NY
21-03JST","AUDUSD_NY
21-03JST",2022_26
NZDUSD,long,2022-07-01 12:55:00,2022-07-01 13:00:00,-685.6702619421537,-0.1371340523884307,2,"NY
21-03JST","NZDUSD_NY
21-03JST",2022_26
AUDUSD,long,2022-07-01 12:55:00,2022-07-01 13:00:00,608.3086053411453,0.121661721068229,2,"NY
21-03JST","AUDUSD_NY
21-03JST",2022_26
AUDUSD,long,2022-07-01 13:05:00,2022-07-01 13:10:00,-5000.000000000395,-1.000000000000079,1,"NY
21-03JST","AUDUSD_NY
21-03JST",2022_26
NZDUSD,long,2022-07-01 13:05:00,2022-07-01 13:10:00,-4999.999999999361,-0.999999999999872,1,"NY
21-03JST","NZDUSD_NY
21-03JST",2022_26
NZDUSD,long,2022-07-01 13:10:00,2022-07-01 13:15:00,12471.26436781686,2.494252873563372,4,"NY
21-03JST","NZDUSD_NY
21-03JST",2022_26
AUDUSD,long,2022-07-01 13:10:00,2022-07-01 13:15:00,8138.075313807825,1.627615062761565,4,"NY
21-03JST","AUDUSD_NY
21-03JST",2022_26
NZDUSD,long,2022-07-01 13:15:00,2022-07-01 13:20:00,12914.963205232552,2.5829926410465105,3,"NY
21-03JST","NZDUSD_NY
21-03JST",2022_26
AUDUSD,long,2022-07-01 13:15:00,2022-07-01 13:20:00,8085.680047932977,1.6171360095865954,3,"NY
21-03JST","AUDUSD_NY
21-03JST",2022_26
EURJPY,long,2022-07-01 13:35:00,2022-07-01 13:40:00,2531.645569619576,0.5063291139239151,2,"NY
21-03JST","EURJPY_NY
21-03JST",2022_26
EURJPY,long,2022-07-01 14:00:00,2022-07-01 14:05:00,-5000.000000000058,-1.0000000000000115,1,"NY
21-03JST","EURJPY_NY
21-03JST",2022_26
EURJPY,long,2022-07-01 14:05:00,2022-07-01 14:10:00,-5000.000000000397,-1.0000000000000795,1,"NY
21-03JST","EURJPY_NY
21-03JST",2022_26
EURJPY,long,2022-07-01 14:15:00,2022-07-01 14:20:00,-4999.999999999747,-0.9999999999999496,1,"NY
21-03JST","EURJPY_NY
21-03JST",2022_26
EURJPY,long,2022-07-01 14:25:00,2022-07-01 14:30:00,10074.374577417726,2.014874915483545,6,"NY
21-03JST","EURJPY_NY
21-03JST",2022_26
EURJPY,long,2022-07-01 14:30:00,2022-07-01 14:35:00,10861.5844018978,2.17231688037956,5,"NY
21-03JST","EURJPY_NY
21-03JST",2022_26
EURJPY,long,2022-07-01 15:50:00,2022-07-01 15:55:00,3393.244873341285,0.6786489746682569,8,"NY
21-03JST","EURJPY_NY
21-03JST",2022_26
EURJPY,long,2022-07-01 15:55:00,2022-07-01 16:00:00,4151.336767231553,0.8302673534463105,7,"NY
21-03JST","EURJPY_NY
21-03JST",2022_26
CHFJPY,short,2022-07-04 01:20:00,2022-07-04 01:25:00,9815.60662747114,1.963121325494228,3,"東京
09-15JST","CHFJPY_東京
09-15JST",2022_27
CHFJPY,short,2022-07-04 01:25:00,2022-07-04 01:30:00,5780.748663102162,1.1561497326204324,2,"東京
09-15JST","CHFJPY_東京
09-15JST",2022_27
CHFJPY,short,2022-07-04 01:30:00,2022-07-04 01:35:00,-5000.000000000815,-1.000000000000163,1,"東京
09-15JST","CHFJPY_東京
09-15JST",2022_27
CHFJPY,short,2022-07-04 01:35:00,2022-07-04 01:40:00,-5000.000000000133,-1.0000000000000266,1,"東京
09-15JST","CHFJPY_東京
09-15JST",2022_27
NZDUSD,long,2022-07-04 13:45:00,2022-07-04 13:50:00,-4999.999999998835,-0.999999999999767,1,"NY
21-03JST","NZDUSD_NY
21-03JST",2022_27
AUDUSD,long,2022-07-04 13:50:00,2022-07-04 13:55:00,-2765.108323832455,-0.553021664766491,2,"NY
21-03JST","AUDUSD_NY
21-03JST",2022_27
NZDUSD,long,2022-07-04 13:50:00,2022-07-04 13:55:00,-5000.000000000621,-1.0000000000001243,1,"NY
21-03JST","NZDUSD_NY
21-03JST",2022_27
AUDUSD,long,2022-07-04 13:55:00,2022-07-04 14:00:00,-4999.999999999364,-0.9999999999998728,1,"NY
21-03JST","AUDUSD_NY
21-03JST",2022_27
NZDUSD,long,2022-07-04 13:55:00,2022-07-04 14:00:00,-5000.000000000146,-1.0000000000000293,1,"NY
21-03JST","NZDUSD_NY
21-03JST",2022_27
AUDUSD,long,2022-07-04 14:00:00,2022-07-04 14:05:00,-5000.000000000369,-1.000000000000074,1,"NY
21-03JST","AUDUSD_NY
21-03JST",2022_27
NZDUSD,long,2022-07-04 14:00:00,2022-07-04 14:05:00,-5000.0000000005775,-1.0000000000001157,1,"NY
21-03JST","NZDUSD_NY
21-03JST",2022_27
AUDUSD,long,2022-07-04 14:05:00,2022-07-04 14:10:00,-4999.999999999444,-0.9999999999998888,1,"NY
21-03JST","AUDUSD_NY
21-03JST",2022_27
NZDUSD,long,2022-07-04 15:05:00,2022-07-04 15:10:00,-5000.000000000114,-1.0000000000000226,1,"NY
21-03JST","NZDUSD_NY
21-03JST",2022_27
NZDUSD,long,2022-07-04 15:15:00,2022-07-04 15:20:00,550.6607929527189,0.1101321585905437,3,"NY
21-03JST","NZDUSD_NY
21-03JST",2022_27
NZDUSD,long,2022-07-04 15:25:00,2022-07-04 15:30:00,-5000.000000000598,-1.0000000000001197,1,"NY
21-03JST","NZDUSD_NY
21-03JST",2022_27
AUDUSD,long,2022-07-04 15:25:00,2022-07-04 15:30:00,-5000.000000000387,-1.0000000000000775,1,"NY
21-03JST","AUDUSD_NY
21-03JST",2022_27
AUDUSD,long,2022-07-04 15:30:00,2022-07-04 15:35:00,17412.280701756245,3.482456140351249,8,"NY
21-03JST","AUDUSD_NY
21-03JST",2022_27
NZDUSD,long,2022-07-04 15:35:00,2022-07-04 15:40:00,7143.646408840941,1.4287292817681885,7,"NY
21-03JST","NZDUSD_NY
21-03JST",2022_27
AUDUSD,long,2022-07-04 15:35:00,2022-07-04 15:40:00,18589.52702702824,3.717905405405648,7,"NY
21-03JST","AUDUSD_NY
21-03JST",2022_27
AUDJPY,short,2022-07-05 06:10:00,2022-07-05 06:15:00,-5000.00000000006,-1.000000000000012,2,"欧州
15-21JST","AUDJPY_欧州
15-21JST",2022_27
NZDJPY,short,2022-07-05 07:05:00,2022-07-05 07:10:00,2454.296160878138,0.4908592321756276,2,"欧州
15-21JST","NZDJPY_欧州
15-21JST",2022_27
AUDJPY,short,2022-07-05 07:05:00,2022-07-05 07:10:00,2909.604519773572,0.5819209039547144,2,"欧州
15-21JST","AUDJPY_欧州
15-21JST",2022_27
NZDJPY,short,2022-07-05 07:10:00,2022-07-05 07:15:00,-4999.999999999815,-0.9999999999999628,1,"欧州
15-21JST","NZDJPY_欧州
15-21JST",2022_27
AUDJPY,short,2022-07-05 07:10:00,2022-07-05 07:15:00,-4999.999999999714,-0.9999999999999428,1,"欧州
15-21JST","AUDJPY_欧州
15-21JST",2022_27
NZDJPY,short,2022-07-05 07:25:00,2022-07-05 07:30:00,4311.517212069175,0.862303442413835,3,"欧州
15-21JST","NZDJPY_欧州
15-21JST",2022_27
AUDJPY,short,2022-07-05 07:25:00,2022-07-05 07:30:00,9538.113695089436,1.9076227390178877,3,"欧州
15-21JST","AUDJPY_欧州
15-21JST",2022_27
NZDJPY,short,2022-07-05 07:30:00,2022-07-05 07:35:00,6270.475429484632,1.2540950858969264,2,"欧州
15-21JST","NZDJPY_欧州
15-21JST",2022_27
AUDJPY,short,2022-07-05 07:30:00,2022-07-05 07:35:00,9578.833693303885,1.9157667386607768,2,"欧州
15-21JST","AUDJPY_欧州
15-21JST",2022_27
NZDJPY,short,2022-07-05 07:35:00,2022-07-05 07:40:00,2218.4170471829025,0.4436834094365805,2,"欧州
15-21JST","NZDJPY_欧州
15-21JST",2022_27
AUDJPY,short,2022-07-05 07:35:00,2022-07-05 07:40:00,4159.253945480535,0.8318507890961069,3,"欧州
15-21JST","AUDJPY_欧州
15-21JST",2022_27
NZDJPY,short,2022-07-05 07:40:00,2022-07-05 07:45:00,15222.76366167841,3.044552732335682,9,"欧州
15-21JST","NZDJPY_欧州
15-21JST",2022_27
AUDJPY,short,2022-07-05 07:40:00,2022-07-05 07:45:00,-4765.0400206563145,-0.9530080041312629,2,"欧州
15-21JST","AUDJPY_欧州
15-21JST",2022_27
NZDJPY,short,2022-07-05 08:25:00,2022-07-05 08:30:00,-15.68381430415935,-0.0031367628608318,4,"欧州
15-21JST","NZDJPY_欧州
15-21JST",2022_27
AUDUSD,long,2022-07-05 12:00:00,2022-07-05 12:05:00,7499.999999999856,1.4999999999999714,5,"NY
21-03JST","AUDUSD_NY
21-03JST",2022_27
NZDUSD,long,2022-07-05 12:00:00,2022-07-05 12:05:00,10784.819454678987,2.1569638909357973,5,"NY
21-03JST","NZDUSD_NY
21-03JST",2022_27
AUDUSD,long,2022-07-05 12:05:00,2022-07-05 12:10:00,7788.927335639648,1.5577854671279296,4,"NY
21-03JST","AUDUSD_NY
21-03JST",2022_27
NZDUSD,long,2022-07-05 12:05:00,2022-07-05 12:10:00,10440.374123149666,2.088074824629933,4,"NY
21-03JST","NZDUSD_NY
21-03JST",2022_27
NZDUSD,long,2022-07-05 12:15:00,2022-07-05 12:20:00,3838.383838384256,0.7676767676768511,2,"NY
21-03JST","NZDUSD_NY
21-03JST",2022_27
AUDUSD,long,2022-07-05 12:30:00,2022-07-05 12:35:00,-1462.2641509446223,-0.2924528301889245,2,"NY
21-03JST","AUDUSD_NY
21-03JST",2022_27
NZDUSD,long,2022-07-05 12:30:00,2022-07-05 12:35:00,-1832.579185520533,-0.3665158371041065,2,"NY
21-03JST","NZDUSD_NY
21-03JST",2022_27
AUDUSD,long,2022-07-05 12:35:00,2022-07-05 12:40:00,-3787.684413085683,-0.7575368826171367,2,"NY
21-03JST","AUDUSD_NY
21-03JST",2022_27
NZDUSD,long,2022-07-05 12:35:00,2022-07-05 12:40:00,-4999.999999999599,-0.9999999999999196,1,"NY
21-03JST","NZDUSD_NY
21-03JST",2022_27
AUDUSD,long,2022-07-05 12:45:00,2022-07-05 12:50:00,-4569.495694957877,-0.9138991389915756,2,"NY
21-03JST","AUDUSD_NY
21-03JST",2022_27
NZDUSD,long,2022-07-05 12:45:00,2022-07-05 12:50:00,-3293.838862558732,-0.6587677725117465,2,"NY
21-03JST","NZDUSD_NY
21-03JST",2022_27
AUDUSD,long,2022-07-05 13:00:00,2022-07-05 13:05:00,-5000.0000000003365,-1.0000000000000673,1,"NY
21-03JST","AUDUSD_NY
21-03JST",2022_27
NZDUSD,long,2022-07-05 13:00:00,2022-07-05 13:05:00,-4999.99999999954,-0.999999999999908,1,"NY
21-03JST","NZDUSD_NY
21-03JST",2022_27
AUDUSD,long,2022-07-05 13:10:00,2022-07-05 13:15:00,-33.63914373029312,-0.0067278287460586,3,"NY
21-03JST","AUDUSD_NY
21-03JST",2022_27
NZDUSD,long,2022-07-05 13:30:00,2022-07-05 13:35:00,8941.908713692166,1.7883817427384332,3,"NY
21-03JST","NZDUSD_NY
21-03JST",2022_27
AUDUSD,long,2022-07-05 13:30:00,2022-07-05 13:35:00,10408.805031446422,2.0817610062892844,3,"NY
21-03JST","AUDUSD_NY
21-03JST",2022_27
NZDUSD,long,2022-07-05 13:35:00,2022-07-05 13:40:00,8900.355871885107,1.7800711743770214,2,"NY
21-03JST","NZDUSD_NY
21-03JST",2022_27
NZDUSD,long,2022-07-05 13:55:00,2022-07-05 14:00:00,2457.327839906005,0.491465567981201,4,"NY
21-03JST","NZDUSD_NY
21-03JST",2022_27
NZDUSD,long,2022-07-05 14:20:00,2022-07-05 14:25:00,4938.493080470866,0.9876986160941732,2,"NY
21-03JST","NZDUSD_NY
21-03JST",2022_27
NZDUSD,long,2022-07-05 15:00:00,2022-07-05 15:05:00,694.5045434886637,0.1389009086977327,4,"NY
21-03JST","NZDUSD_NY
21-03JST",2022_27
EURAUD,long,2022-07-05 18:50:00,2022-07-05 18:55:00,-2879.9775659004445,-0.5759955131800889,2,"深夜
03-09JST","EURAUD_深夜
03-09JST",2022_27
EURAUD,long,2022-07-05 18:55:00,2022-07-05 19:00:00,-5000.0,-1.0,1,"深夜
03-09JST","EURAUD_深夜
03-09JST",2022_27
EURAUD,long,2022-07-05 19:00:00,2022-07-05 19:05:00,-4999.999999999628,-0.9999999999999256,1,"深夜
03-09JST","EURAUD_深夜
03-09JST",2022_27
EURAUD,long,2022-07-05 19:05:00,2022-07-05 19:10:00,-4999.999999999252,-0.9999999999998505,1,"深夜
03-09JST","EURAUD_深夜
03-09JST",2022_27
EURAUD,long,2022-07-05 19:10:00,2022-07-05 19:15:00,3253.109789075484,0.6506219578150968,5,"深夜
03-09JST","EURAUD_深夜
03-09JST",2022_27
EURAUD,long,2022-07-05 19:15:00,2022-07-05 19:20:00,-308.31099195570005,-0.06166219839114,4,"深夜
03-09JST","EURAUD_深夜
03-09JST",2022_27
EURAUD,long,2022-07-05 19:35:00,2022-07-05 19:40:00,-1322.2416812627828,-0.2644483362525565,3,"深夜
03-09JST","EURAUD_深夜
03-09JST",2022_27
EURAUD,long,2022-07-05 19:40:00,2022-07-05 19:45:00,1852.286049237948,0.3704572098475895,2,"深夜
03-09JST","EURAUD_深夜
03-09JST",2022_27
EURAUD,long,2022-07-05 20:05:00,2022-07-05 20:10:00,-1286.6817155754518,-0.2573363431150903,2,"深夜
03-09JST","EURAUD_深夜
03-09JST",2022_27
CHFJPY,short,2022-07-06 01:25:00,2022-07-06 01:30:00,-4999.9999999995935,-0.9999999999999188,3,"東京
09-15JST","CHFJPY_東京
09-15JST",2022_27
CHFJPY,short,2022-07-06 02:05:00,2022-07-06 02:10:00,-4319.654427647353,-0.8639308855294706,2,"東京
09-15JST","CHFJPY_東京
09-15JST",2022_27
CHFJPY,short,2022-07-06 02:15:00,2022-07-06 02:20:00,-1501.2769062398445,-0.3002553812479689,5,"東京
09-15JST","CHFJPY_東京
09-15JST",2022_27
CHFJPY,short,2022-07-06 02:40:00,2022-07-06 02:45:00,2935.943060497596,0.5871886120995192,6,"東京
09-15JST","CHFJPY_東京
09-15JST",2022_27
CHFJPY,short,2022-07-06 05:35:00,2022-07-06 05:40:00,-4000.5099439059263,-0.8001019887811852,2,"東京
09-15JST","CHFJPY_東京
09-15JST",2022_27
CHFJPY,short,2022-07-06 05:40:00,2022-07-06 05:45:00,-884.5738942819303,-0.176914778856386,2,"東京
09-15JST","CHFJPY_東京
09-15JST",2022_27
AUDJPY,short,2022-07-06 09:25:00,2022-07-06 09:30:00,248.3998780863078,0.0496799756172615,3,"欧州
15-21JST","AUDJPY_欧州
15-21JST",2022_27
AUDJPY,short,2022-07-06 09:30:00,2022-07-06 09:35:00,-2268.2926829262688,-0.4536585365852537,2,"欧州
15-21JST","AUDJPY_欧州
15-21JST",2022_27
NZDJPY,short,2022-07-06 09:30:00,2022-07-06 09:35:00,-1172.7978400269906,-0.2345595680053981,2,"欧州
15-21JST","NZDJPY_欧州
15-21JST",2022_27
NZDJPY,short,2022-07-06 09:35:00,2022-07-06 09:40:00,-5000.00000000034,-1.000000000000068,2,"欧州
15-21JST","NZDJPY_欧州
15-21JST",2022_27
AUDJPY,short,2022-07-06 09:35:00,2022-07-06 09:40:00,-5000.000000000308,-1.0000000000000615,1,"欧州
15-21JST","AUDJPY_欧州
15-21JST",2022_27
NZDJPY,short,2022-07-06 09:40:00,2022-07-06 09:45:00,-1678.9174741061322,-0.3357834948212264,8,"欧州
15-21JST","NZDJPY_欧州
15-21JST",2022_27
AUDJPY,short,2022-07-06 09:40:00,2022-07-06 09:45:00,-3306.2787136294046,-0.661255742725881,6,"欧州
15-21JST","AUDJPY_欧州
15-21JST",2022_27
AUDJPY,short,2022-07-06 10:00:00,2022-07-06 10:05:00,-4999.999999999631,-0.9999999999999262,2,"欧州
15-21JST","AUDJPY_欧州
15-21JST",2022_27
NZDJPY,short,2022-07-06 10:10:00,2022-07-06 10:15:00,-4999.999999999705,-0.999999999999941,2,"欧州
15-21JST","NZDJPY_欧州
15-21JST",2022_27
NZDJPY,short,2022-07-06 11:45:00,2022-07-06 11:50:00,-4999.999999999839,-0.9999999999999678,1,"欧州
15-21JST","NZDJPY_欧州
15-21JST",2022_27
NZDJPY,short,2022-07-06 11:50:00,2022-07-06 11:55:00,-4999.999999999675,-0.999999999999935,1,"欧州
15-21JST","NZDJPY_欧州
15-21JST",2022_27
NZDUSD,long,2022-07-06 16:40:00,2022-07-06 16:45:00,5906.31364562181,1.181262729124362,15,"NY
21-03JST","NZDUSD_NY
21-03JST",2022_27
NZDUSD,long,2022-07-06 16:45:00,2022-07-06 16:50:00,7220.403709765402,1.4440807419530803,10,"NY
21-03JST","NZDUSD_NY
21-03JST",2022_27
EURAUD,long,2022-07-06 18:05:00,2022-07-06 18:10:00,5218.7499999995525,1.0437499999999105,2,"深夜
03-09JST","EURAUD_深夜
03-09JST",2022_27
CHFJPY,short,2022-07-07 01:00:00,2022-07-07 01:05:00,-5000.000000000257,-1.0000000000000515,1,"東京
09-15JST","CHFJPY_東京
09-15JST",2022_27
AUDJPY,short,2022-07-07 07:10:00,2022-07-07 07:15:00,-4999.999999999543,-0.9999999999999089,1,"欧州
15-21JST","AUDJPY_欧州
15-21JST",2022_27
AUDJPY,short,2022-07-07 07:15:00,2022-07-07 07:20:00,-5000.000000000188,-1.0000000000000375,1,"欧州
15-21JST","AUDJPY_欧州
15-21JST",2022_27
AUDJPY,short,2022-07-07 11:45:00,2022-07-07 11:50:00,456.9892473109715,0.0913978494621943,2,"欧州
15-21JST","AUDJPY_欧州
15-21JST",2022_27
AUDJPY,short,2022-07-07 11:50:00,2022-07-07 11:55:00,1074.5762711871098,0.2149152542374219,3,"欧州
15-21JST","AUDJPY_欧州
15-21JST",2022_27
AUDJPY,short,2022-07-07 11:55:00,2022-07-07 12:00:00,2400.673400674212,0.4801346801348423,2,"欧州
15-21JST","AUDJPY_欧州
15-21JST",2022_27
NZDUSD,long,2022-07-07 12:30:00,2022-07-07 12:35:00,320.8292201396485,0.0641658440279297,2,"NY
21-03JST","NZDUSD_NY
21-03JST",2022_27
AUDUSD,long,2022-07-07 12:40:00,2022-07-07 12:45:00,-5000.000000000114,-1.0000000000000226,1,"NY
21-03JST","AUDUSD_NY
21-03JST",2022_27
AUDUSD,long,2022-07-07 12:45:00,2022-07-07 12:50:00,-5000.000000000305,-1.0000000000000608,1,"NY
21-03JST","AUDUSD_NY
21-03JST",2022_27
AUDUSD,long,2022-07-07 12:55:00,2022-07-07 13:00:00,-4999.999999999466,-0.9999999999998932,1,"NY
21-03JST","AUDUSD_NY
21-03JST",2022_27
NZDUSD,long,2022-07-07 12:55:00,2022-07-07 13:00:00,-4999.999999999819,-0.9999999999999638,1,"NY
21-03JST","NZDUSD_NY
21-03JST",2022_27
AUDUSD,long,2022-07-07 13:00:00,2022-07-07 13:05:00,13923.1927710838,2.78463855421676,8,"NY
21-03JST","AUDUSD_NY
21-03JST",2022_27
NZDUSD,long,2022-07-07 13:00:00,2022-07-07 13:05:00,16372.397841172302,3.2744795682344603,9,"NY
21-03JST","NZDUSD_NY
21-03JST",2022_27
EURAUD,long,2022-07-07 18:00:00,2022-07-07 18:05:00,-4999.99999999903,-0.999999999999806,1,"深夜
03-09JST","EURAUD_深夜
03-09JST",2022_27
CHFJPY,short,2022-07-08 03:40:00,2022-07-08 03:45:00,1990.6076289055925,0.3981215257811185,24,"東京
09-15JST","CHFJPY_東京
09-15JST",2022_27
CHFJPY,short,2022-07-08 03:45:00,2022-07-08 03:50:00,1454.6480993605417,0.2909296198721083,23,"東京
09-15JST","CHFJPY_東京
09-15JST",2022_27
NZDJPY,short,2022-07-08 08:20:00,2022-07-08 08:25:00,-2077.6699029129336,-0.4155339805825867,2,"欧州
15-21JST","NZDJPY_欧州
15-21JST",2022_27
AUDJPY,short,2022-07-08 08:25:00,2022-07-08 08:30:00,-4580.670926517792,-0.9161341853035584,2,"欧州
15-21JST","AUDJPY_欧州
15-21JST",2022_27
NZDJPY,short,2022-07-08 08:25:00,2022-07-08 08:30:00,-5000.0,-1.0,1,"欧州
15-21JST","NZDJPY_欧州
15-21JST",2022_27
AUDJPY,short,2022-07-08 08:30:00,2022-07-08 08:35:00,-5000.0000000002365,-1.0000000000000473,2,"欧州
15-21JST","AUDJPY_欧州
15-21JST",2022_27
NZDJPY,short,2022-07-08 08:30:00,2022-07-08 08:35:00,-5000.000000000068,-1.0000000000000135,1,"欧州
15-21JST","NZDJPY_欧州
15-21JST",2022_27
NZDJPY,short,2022-07-11 10:50:00,2022-07-11 10:55:00,-4999.999999999521,-0.9999999999999042,1,"欧州
15-21JST","NZDJPY_欧州
15-21JST",2022_28
AUDUSD,long,2022-07-11 12:05:00,2022-07-11 12:10:00,4713.178294573822,0.9426356589147644,3,"NY
21-03JST","AUDUSD_NY
21-03JST",2022_28
AUDUSD,long,2022-07-11 12:20:00,2022-07-11 12:25:00,-4999.999999999917,-0.9999999999999836,1,"NY
21-03JST","AUDUSD_NY
21-03JST",2022_28
NZDUSD,long,2022-07-11 12:20:00,2022-07-11 12:25:00,-5000.000000000253,-1.0000000000000506,1,"NY
21-03JST","NZDUSD_NY
21-03JST",2022_28
AUDUSD,long,2022-07-11 12:25:00,2022-07-11 12:30:00,-4999.999999999766,-0.9999999999999531,1,"NY
21-03JST","AUDUSD_NY
21-03JST",2022_28
NZDUSD,long,2022-07-11 13:40:00,2022-07-11 13:45:00,5544.127405441428,1.1088254810882856,3,"NY
21-03JST","NZDUSD_NY
21-03JST",2022_28
CHFJPY,short,2022-07-12 01:35:00,2022-07-12 01:40:00,1239.5543175511457,0.2479108635102291,2,"東京
09-15JST","CHFJPY_東京
09-15JST",2022_28
CHFJPY,short,2022-07-12 01:40:00,2022-07-12 01:45:00,-4999.999999999621,-0.9999999999999242,1,"東京
09-15JST","CHFJPY_東京
09-15JST",2022_28
AUDJPY,short,2022-07-12 01:40:00,2022-07-12 01:45:00,-5000.000000000284,-1.0000000000000568,1,"東京
09-15JST","AUDJPY_東京
09-15JST",2022_28
CHFJPY,short,2022-07-12 01:45:00,2022-07-12 01:50:00,-2263.843648208452,-0.4527687296416903,3,"東京
09-15JST","CHFJPY_東京
09-15JST",2022_28
AUDJPY,short,2022-07-12 01:45:00,2022-07-12 01:50:00,-5000.000000000183,-1.0000000000000366,2,"東京
09-15JST","AUDJPY_東京
09-15JST",2022_28
CHFJPY,short,2022-07-12 02:00:00,2022-07-12 02:05:00,-4999.999999999332,-0.9999999999998664,1,"東京
09-15JST","CHFJPY_東京
09-15JST",2022_28
AUDJPY,short,2022-07-12 02:00:00,2022-07-12 02:05:00,-5000.000000000049,-1.0000000000000098,1,"東京
09-15JST","AUDJPY_東京
09-15JST",2022_28
NZDJPY,short,2022-07-12 08:10:00,2022-07-12 08:15:00,-4282.576866763755,-0.856515373352751,3,"欧州
15-21JST","NZDJPY_欧州
15-21JST",2022_28
NZDJPY,short,2022-07-12 08:15:00,2022-07-12 08:20:00,-4700.69481560641,-0.940138963121282,2,"欧州
15-21JST","NZDJPY_欧州
15-21JST",2022_28
NZDJPY,short,2022-07-12 08:40:00,2022-07-12 08:45:00,5873.786407767888,1.1747572815535776,4,"欧州
15-21JST","NZDJPY_欧州
15-21JST",2022_28
NZDJPY,short,2022-07-12 08:45:00,2022-07-12 08:50:00,5394.8832035593405,1.0789766407118682,3,"欧州
15-21JST","NZDJPY_欧州
15-21JST",2022_28
NZDJPY,short,2022-07-12 08:50:00,2022-07-12 08:55:00,4407.114624506152,0.8814229249012303,2,"欧州
15-21JST","NZDJPY_欧州
15-21JST",2022_28
NZDJPY,short,2022-07-12 08:55:00,2022-07-12 09:00:00,-139.4422310757987,-0.0278884462151597,2,"欧州
15-21JST","NZDJPY_欧州
15-21JST",2022_28
NZDJPY,short,2022-07-12 09:00:00,2022-07-12 09:05:00,-4999.999999999536,-0.9999999999999072,1,"欧州
15-21JST","NZDJPY_欧州
15-21JST",2022_28
AUDJPY,short,2022-07-13 05:30:00,2022-07-13 05:35:00,-4999.999999999624,-0.9999999999999248,1,"東京
09-15JST","AUDJPY_東京
09-15JST",2022_28
CHFJPY,short,2022-07-13 05:30:00,2022-07-13 05:35:00,-5000.000000000476,-1.000000000000095,1,"東京
09-15JST","CHFJPY_東京
09-15JST",2022_28
AUDUSD,long,2022-07-13 12:30:00,2022-07-13 12:35:00,-5000.000000000093,-1.0000000000000189,1,"NY
21-03JST","AUDUSD_NY
21-03JST",2022_28
NZDUSD,long,2022-07-13 12:30:00,2022-07-13 12:35:00,-4999.9999999996335,-0.9999999999999268,1,"NY
21-03JST","NZDUSD_NY
21-03JST",2022_28
NZDUSD,long,2022-07-13 12:35:00,2022-07-13 12:40:00,-5000.000000000242,-1.0000000000000484,1,"NY
21-03JST","NZDUSD_NY
21-03JST",2022_28
AUDUSD,long,2022-07-13 12:35:00,2022-07-13 12:40:00,15144.47481452548,3.028894962905096,3,"NY
21-03JST","AUDUSD_NY
21-03JST",2022_28
AUDUSD,long,2022-07-13 12:40:00,2022-07-13 12:45:00,14547.66355140227,2.909532710280454,2,"NY
21-03JST","AUDUSD_NY
21-03JST",2022_28
NZDUSD,long,2022-07-13 12:40:00,2022-07-13 12:45:00,14991.999999999724,2.998399999999945,2,"NY
21-03JST","NZDUSD_NY
21-03JST",2022_28
NZDUSD,long,2022-07-13 12:45:00,2022-07-13 12:50:00,-1407.732864675267,-0.2815465729350533,2,"NY
21-03JST","NZDUSD_NY
21-03JST",2022_28
AUDUSD,long,2022-07-13 12:55:00,2022-07-13 13:00:00,4457.928802588626,0.8915857605177252,3,"NY
21-03JST","AUDUSD_NY
21-03JST",2022_28
NZDUSD,long,2022-07-13 12:55:00,2022-07-13 13:00:00,3424.293310943513,0.6848586621887026,3,"NY
21-03JST","NZDUSD_NY
21-03JST",2022_28
AUDUSD,long,2022-07-13 13:00:00,2022-07-13 13:05:00,1655.795283492189,0.3311590566984377,2,"NY
21-03JST","AUDUSD_NY
21-03JST",2022_28
AUDUSD,long,2022-07-13 13:15:00,2022-07-13 13:20:00,-2083.956419568619,-0.4167912839137238,8,"NY
21-03JST","AUDUSD_NY
21-03JST",2022_28
NZDUSD,long,2022-07-13 13:20:00,2022-07-13 13:25:00,-863.427445830268,-0.1726854891660535,8,"NY
21-03JST","NZDUSD_NY
21-03JST",2022_28
AUDUSD,long,2022-07-13 13:20:00,2022-07-13 13:25:00,-1318.1242078583175,-0.2636248415716635,7,"NY
21-03JST","AUDUSD_NY
21-03JST",2022_28
NZDUSD,long,2022-07-13 13:30:00,2022-07-13 13:35:00,-1919.1705459160455,-0.3838341091832091,6,"NY
21-03JST","NZDUSD_NY
21-03JST",2022_28
NZDUSD,long,2022-07-13 13:45:00,2022-07-13 13:50:00,-4944.1489361696695,-0.988829787233934,3,"NY
21-03JST","NZDUSD_NY
21-03JST",2022_28
AUDUSD,long,2022-07-13 13:45:00,2022-07-13 13:50:00,-4999.999999999972,-0.9999999999999944,1,"NY
21-03JST","AUDUSD_NY
21-03JST",2022_28
NZDUSD,long,2022-07-13 13:55:00,2022-07-13 14:00:00,-5000.000000000101,-1.0000000000000202,1,"NY
21-03JST","NZDUSD_NY
21-03JST",2022_28
AUDUSD,long,2022-07-13 13:55:00,2022-07-13 14:00:00,-4999.99999999994,-0.999999999999988,1,"NY
21-03JST","AUDUSD_NY
21-03JST",2022_28
AUDUSD,long,2022-07-13 14:00:00,2022-07-13 14:05:00,-5000.0,-1.0,1,"NY
21-03JST","AUDUSD_NY
21-03JST",2022_28
NZDUSD,long,2022-07-13 14:00:00,2022-07-13 14:05:00,-5000.00000000007,-1.000000000000014,1,"NY
21-03JST","NZDUSD_NY
21-03JST",2022_28
NZDUSD,long,2022-07-13 14:05:00,2022-07-13 14:10:00,28831.8912237331,5.76637824474662,15,"NY
21-03JST","NZDUSD_NY
21-03JST",2022_28
AUDUSD,long,2022-07-13 14:05:00,2022-07-13 14:10:00,19903.311258278103,3.980662251655621,10,"NY
21-03JST","AUDUSD_NY
21-03JST",2022_28
AUDUSD,long,2022-07-13 14:15:00,2022-07-13 14:20:00,20997.24896836313,4.199449793672626,8,"NY
21-03JST","AUDUSD_NY
21-03JST",2022_28
NZDUSD,long,2022-07-13 14:15:00,2022-07-13 14:20:00,28547.16981132133,5.709433962264266,13,"NY
21-03JST","NZDUSD_NY
21-03JST",2022_28
AUDUSD,long,2022-07-13 14:20:00,2022-07-13 14:25:00,21617.9906542053,4.32359813084106,7,"NY
21-03JST","AUDUSD_NY
21-03JST",2022_28
AUDNZD,long,2022-07-13 18:15:00,2022-07-13 18:20:00,-624.9999999985185,-0.1249999999997037,3,"深夜
03-09JST","AUDNZD_深夜
03-09JST",2022_28
AUDNZD,long,2022-07-13 18:20:00,2022-07-13 18:25:00,-1659.090909089065,-0.331818181817813,2,"深夜
03-09JST","AUDNZD_深夜
03-09JST",2022_28
AUDNZD,long,2022-07-13 18:35:00,2022-07-13 18:40:00,588.9328063250342,0.1177865612650068,10,"深夜
03-09JST","AUDNZD_深夜
03-09JST",2022_28
NZDJPY,short,2022-07-14 10:05:00,2022-07-14 10:10:00,3609.324758843156,0.7218649517686311,3,"欧州
15-21JST","NZDJPY_欧州
15-21JST",2022_28
NZDJPY,short,2022-07-14 10:10:00,2022-07-14 10:15:00,-1210.8262108259364,-0.2421652421651872,2,"欧州
15-21JST","NZDJPY_欧州
15-21JST",2022_28
NZDJPY,short,2022-07-14 10:15:00,2022-07-14 10:20:00,1497.3730297723914,0.2994746059544783,7,"欧州
15-21JST","NZDJPY_欧州
15-21JST",2022_28
NZDJPY,short,2022-07-14 10:20:00,2022-07-14 10:25:00,1343.9434129087049,0.2687886825817409,6,"欧州
15-21JST","NZDJPY_欧州
15-21JST",2022_28
NZDJPY,short,2022-07-14 10:35:00,2022-07-14 10:40:00,3129.032258063706,0.6258064516127413,2,"欧州
15-21JST","NZDJPY_欧州
15-21JST",2022_28
AUDUSD,long,2022-07-14 12:00:00,2022-07-14 12:05:00,-1526.717557253114,-0.3053435114506228,3,"NY
21-03JST","AUDUSD_NY
21-03JST",2022_28
AUDUSD,long,2022-07-14 12:05:00,2022-07-14 12:10:00,-743.8551099617532,-0.1487710219923506,2,"NY
21-03JST","AUDUSD_NY
21-03JST",2022_28
AUDUSD,long,2022-07-14 12:20:00,2022-07-14 12:25:00,11132.075471699132,2.2264150943398264,2,"NY
21-03JST","AUDUSD_NY
21-03JST",2022_28
AUDUSD,long,2022-07-14 14:35:00,2022-07-14 14:40:00,9918.50040749734,1.983700081499468,6,"NY
21-03JST","AUDUSD_NY
21-03JST",2022_28
NZDUSD,long,2022-07-14 14:35:00,2022-07-14 14:40:00,9186.489058039711,1.8372978116079424,6,"NY
21-03JST","NZDUSD_NY
21-03JST",2022_28
AUDUSD,long,2022-07-14 17:45:00,2022-07-14 17:50:00,17829.373650107715,3.5658747300215428,14,"NY
21-03JST","AUDUSD_NY
21-03JST",2022_28
NZDUSD,long,2022-07-14 17:45:00,2022-07-14 17:50:00,17195.12195121987,3.439024390243974,11,"NY
21-03JST","NZDUSD_NY
21-03JST",2022_28
AUDJPY,short,2022-07-15 00:35:00,2022-07-15 00:40:00,-2133.620689654883,-0.4267241379309766,2,"東京
09-15JST","AUDJPY_東京
09-15JST",2022_28
AUDJPY,short,2022-07-15 00:40:00,2022-07-15 00:45:00,-5000.000000000173,-1.0000000000000346,1,"東京
09-15JST","AUDJPY_東京
09-15JST",2022_28
NZDJPY,short,2022-07-15 06:00:00,2022-07-15 06:05:00,-5000.0000000005175,-1.0000000000001037,1,"欧州
15-21JST","NZDJPY_欧州
15-21JST",2022_28
NZDJPY,short,2022-07-15 06:30:00,2022-07-15 06:35:00,-1351.7915309441478,-0.2703583061888295,2,"欧州
15-21JST","NZDJPY_欧州
15-21JST",2022_28
NZDJPY,short,2022-07-15 06:35:00,2022-07-15 06:40:00,-5000.0,-1.0,3,"欧州
15-21JST","NZDJPY_欧州
15-21JST",2022_28
NZDJPY,short,2022-07-15 06:55:00,2022-07-15 07:00:00,-1806.6355624667744,-0.3613271124933548,2,"欧州
15-21JST","NZDJPY_欧州
15-21JST",2022_28
AUDNZD,long,2022-07-17 23:20:00,2022-07-17 23:25:00,-5000.000000000529,-1.000000000000106,3,"深夜
03-09JST","AUDNZD_深夜
03-09JST",2022_28
AUDNZD,long,2022-07-17 23:25:00,2022-07-17 23:30:00,-5000.0,-1.0,2,"深夜
03-09JST","AUDNZD_深夜
03-09JST",2022_28
AUDNZD,long,2022-07-17 23:30:00,2022-07-17 23:35:00,-4999.999999999787,-0.9999999999999576,3,"深夜
03-09JST","AUDNZD_深夜
03-09JST",2022_28
AUDNZD,long,2022-07-17 23:35:00,2022-07-17 23:40:00,-4549.01058444498,-0.909802116888996,3,"深夜
03-09JST","AUDNZD_深夜
03-09JST",2022_28
AUDNZD,long,2022-07-17 23:40:00,2022-07-17 23:45:00,-4443.66526414349,-0.8887330528286981,2,"深夜
03-09JST","AUDNZD_深夜
03-09JST",2022_28
AUDNZD,long,2022-07-17 23:45:00,2022-07-17 23:50:00,-5000.000000000638,-1.0000000000001277,2,"深夜
03-09JST","AUDNZD_深夜
03-09JST",2022_28
AUDNZD,long,2022-07-17 23:50:00,2022-07-17 23:55:00,-4999.999999999765,-0.999999999999953,2,"深夜
03-09JST","AUDNZD_深夜
03-09JST",2022_28
CHFJPY,long,2022-07-18 12:00:00,2022-07-18 12:05:00,-5000.000000000449,-1.00000000000009,1,"NY
21-03JST","CHFJPY_NY
21-03JST",2022_29
NZDUSD,long,2022-07-18 12:00:00,2022-07-18 12:05:00,-3561.151079136216,-0.7122302158272431,2,"NY
21-03JST","NZDUSD_NY
21-03JST",2022_29
CHFJPY,long,2022-07-18 12:05:00,2022-07-18 12:10:00,-4999.999999999393,-0.9999999999998788,1,"NY
21-03JST","CHFJPY_NY
21-03JST",2022_29
NZDUSD,long,2022-07-18 12:10:00,2022-07-18 12:15:00,-4999.999999999293,-0.9999999999998588,1,"NY
21-03JST","NZDUSD_NY
21-03JST",2022_29
CHFJPY,long,2022-07-18 12:10:00,2022-07-18 12:15:00,-2167.00819671993,-0.4334016393439859,4,"NY
21-03JST","CHFJPY_NY
21-03JST",2022_29
NZDUSD,long,2022-07-18 12:15:00,2022-07-18 12:20:00,-5000.000000000872,-1.0000000000001743,1,"NY
21-03JST","NZDUSD_NY
21-03JST",2022_29
CHFJPY,long,2022-07-18 12:15:00,2022-07-18 12:20:00,1193.7716262969047,0.2387543252593809,3,"NY
21-03JST","CHFJPY_NY
21-03JST",2022_29
NZDUSD,long,2022-07-18 12:20:00,2022-07-18 12:25:00,5939.663699308538,1.1879327398617074,2,"NY
21-03JST","NZDUSD_NY
21-03JST",2022_29
AUDUSD,long,2022-07-18 12:20:00,2022-07-18 12:25:00,3690.068493149983,0.7380136986299966,2,"NY
21-03JST","AUDUSD_NY
21-03JST",2022_29
NZDUSD,long,2022-07-18 12:25:00,2022-07-18 12:30:00,22891.156462587143,4.578231292517429,6,"NY
21-03JST","NZDUSD_NY
21-03JST",2022_29
AUDUSD,long,2022-07-18 16:50:00,2022-07-18 16:55:00,-11.31221719564874,-0.0022624434391297,3,"NY
21-03JST","AUDUSD_NY
21-03JST",2022_29
CHFJPY,long,2022-07-18 17:35:00,2022-07-18 17:40:00,-1694.4444444428698,-0.3388888888885739,3,"NY
21-03JST","CHFJPY_NY
21-03JST",2022_29
NZDUSD,long,2022-07-18 17:55:00,2022-07-18 18:00:00,1833.3333333342985,0.3666666666668596,5,"NY
21-03JST","NZDUSD_NY
21-03JST",2022_29
CHFJPY,long,2022-07-18 17:55:00,2022-07-18 18:00:00,2210.095497951144,0.4420190995902288,4,"NY
21-03JST","CHFJPY_NY
21-03JST",2022_29
AUDUSD,long,2022-07-18 17:55:00,2022-07-18 18:00:00,-761.3535173648057,-0.1522707034729611,5,"NY
21-03JST","AUDUSD_NY
21-03JST",2022_29
EURAUD,long,2022-07-19 12:55:00,2022-07-19 13:00:00,3901.38408304483,0.780276816608966,3,"NY
21-03JST","EURAUD_NY
21-03JST",2022_29
EURAUD,long,2022-07-19 13:25:00,2022-07-19 13:30:00,2526.573998365625,0.505314799673125,5,"NY
21-03JST","EURAUD_NY
21-03JST",2022_29
EURAUD,long,2022-07-19 14:00:00,2022-07-19 14:05:00,8316.76457297865,1.6633529145957302,2,"NY
21-03JST","EURAUD_NY
21-03JST",2022_29
EURAUD,long,2022-07-19 14:05:00,2022-07-19 14:10:00,6838.926174497548,1.3677852348995096,2,"NY
21-03JST","EURAUD_NY
21-03JST",2022_29
CHFJPY,long,2022-07-20 12:05:00,2022-07-20 12:10:00,-3541.666666666108,-0.7083333333332216,2,"NY
21-03JST","CHFJPY_NY
21-03JST",2022_29
CHFJPY,long,2022-07-20 12:15:00,2022-07-20 12:20:00,-4999.999999999509,-0.9999999999999016,1,"NY
21-03JST","CHFJPY_NY
21-03JST",2022_29
CHFJPY,long,2022-07-20 12:20:00,2022-07-20 12:25:00,530.8641975321482,0.1061728395064296,2,"NY
21-03JST","CHFJPY_NY
21-03JST",2022_29
AUDUSD,long,2022-07-20 14:00:00,2022-07-20 14:05:00,-131.014768937491,-0.0262029537874982,5,"NY
21-03JST","AUDUSD_NY
21-03JST",2022_29
AUDUSD,long,2022-07-20 14:05:00,2022-07-20 14:10:00,2330.528284244804,0.4661056568489607,6,"NY
21-03JST","AUDUSD_NY
21-03JST",2022_29
EURAUD,long,2022-07-20 15:05:00,2022-07-20 15:10:00,6412.322274881741,1.2824644549763482,11,"NY
21-03JST","EURAUD_NY
21-03JST",2022_29
CHFJPY,long,2022-07-20 15:15:00,2022-07-20 15:20:00,-4999.999999999326,-0.9999999999998652,1,"NY
21-03JST","CHFJPY_NY
21-03JST",2022_29
CHFJPY,long,2022-07-20 15:25:00,2022-07-20 15:30:00,-322.19570405687995,-0.0644391408113759,2,"NY
21-03JST","CHFJPY_NY
21-03JST",2022_29
AUDUSD,long,2022-07-20 15:35:00,2022-07-20 15:40:00,2726.67542706927,0.545335085413854,7,"NY
21-03JST","AUDUSD_NY
21-03JST",2022_29
CHFJPY,long,2022-07-20 15:40:00,2022-07-20 15:45:00,4614.4578313248485,0.9228915662649696,10,"NY
21-03JST","CHFJPY_NY
21-03JST",2022_29
EURAUD,long,2022-07-20 16:05:00,2022-07-20 16:10:00,-1700.3367003366366,-0.3400673400673273,4,"NY
21-03JST","EURAUD_NY
21-03JST",2022_29
CHFJPY,long,2022-07-20 16:50:00,2022-07-20 16:55:00,459.3522802387812,0.0918704560477562,2,"NY
21-03JST","CHFJPY_NY
21-03JST",2022_29
NZDUSD,long,2022-07-20 16:50:00,2022-07-20 16:55:00,-4999.9999999998845,-0.9999999999999768,1,"NY
21-03JST","NZDUSD_NY
21-03JST",2022_29
NZDUSD,long,2022-07-20 17:00:00,2022-07-20 17:05:00,-98.61932939031156,-0.0197238658780623,6,"NY
21-03JST","NZDUSD_NY
21-03JST",2022_29
AUDUSD,long,2022-07-20 17:00:00,2022-07-20 17:05:00,-5000.000000000085,-1.0000000000000169,1,"NY
21-03JST","AUDUSD_NY
21-03JST",2022_29
AUDUSD,long,2022-07-20 17:05:00,2022-07-20 17:10:00,1007.2727272715308,0.2014545454543062,5,"NY
21-03JST","AUDUSD_NY
21-03JST",2022_29
NZDUSD,long,2022-07-20 17:10:00,2022-07-20 17:15:00,-856.5022421533668,-0.1713004484306733,4,"NY
21-03JST","NZDUSD_NY
21-03JST",2022_29
AUDUSD,long,2022-07-20 17:10:00,2022-07-20 17:15:00,619.7183098580165,0.1239436619716033,4,"NY
21-03JST","AUDUSD_NY
21-03JST",2022_29
NZDUSD,long,2022-07-20 17:35:00,2022-07-20 17:40:00,-2618.257261411805,-0.523651452282361,3,"NY
21-03JST","NZDUSD_NY
21-03JST",2022_29
NZDUSD,long,2022-07-20 17:45:00,2022-07-20 17:50:00,-3491.620111731416,-0.6983240223462832,3,"NY
21-03JST","NZDUSD_NY
21-03JST",2022_29
EURAUD,long,2022-07-20 17:50:00,2022-07-20 17:55:00,6019.3177147550805,1.203863542951016,4,"NY
21-03JST","EURAUD_NY
21-03JST",2022_29
NZDUSD,long,2022-07-20 17:50:00,2022-07-20 17:55:00,-4885.527391659642,-0.9771054783319284,2,"NY
21-03JST","NZDUSD_NY
21-03JST",2022_29
AUDUSD,long,2022-07-20 17:55:00,2022-07-20 18:00:00,8545.051698668583,1.7090103397337166,10,"NY
21-03JST","AUDUSD_NY
21-03JST",2022_29
NZDUSD,long,2022-07-20 17:55:00,2022-07-20 18:00:00,6530.153015302029,1.306030603060406,10,"NY
21-03JST","NZDUSD_NY
21-03JST",2022_29
EURAUD,long,2022-07-21 14:10:00,2022-07-21 14:15:00,-1807.2398190049464,-0.3614479638009893,5,"NY
21-03JST","EURAUD_NY
21-03JST",2022_29
AUDUSD,long,2022-07-21 14:45:00,2022-07-21 14:50:00,7025.974025974425,1.405194805194885,3,"NY
21-03JST","AUDUSD_NY
21-03JST",2022_29
EURAUD,long,2022-07-21 14:55:00,2022-07-21 15:00:00,3168.108776266737,0.6336217552533474,6,"NY
21-03JST","EURAUD_NY
21-03JST",2022_29
CHFJPY,long,2022-07-21 14:55:00,2022-07-21 15:00:00,2716.0668744693044,0.5432133748938609,13,"NY
21-03JST","CHFJPY_NY
21-03JST",2022_29
CHFJPY,long,2022-07-21 15:05:00,2022-07-21 15:10:00,4461.747807682656,0.8923495615365311,8,"NY
21-03JST","CHFJPY_NY
21-03JST",2022_29
CHFJPY,long,2022-07-21 15:10:00,2022-07-21 15:15:00,6073.571203033794,1.2147142406067588,7,"NY
21-03JST","CHFJPY_NY
21-03JST",2022_29
EURAUD,long,2022-07-21 15:20:00,2022-07-21 15:25:00,-2966.566182515477,-0.5933132365030955,7,"NY
21-03JST","EURAUD_NY
21-03JST",2022_29
EURAUD,long,2022-07-21 15:30:00,2022-07-21 15:35:00,362.9032258070421,0.0725806451614084,5,"NY
21-03JST","EURAUD_NY
21-03JST",2022_29
EURAUD,long,2022-07-21 16:35:00,2022-07-21 16:40:00,-4427.792915532393,-0.8855585831064785,2,"NY
21-03JST","EURAUD_NY
21-03JST",2022_29
EURAUD,long,2022-07-21 16:45:00,2022-07-21 16:50:00,1056.3380281680154,0.211267605633603,5,"NY
21-03JST","EURAUD_NY
21-03JST",2022_29
EURAUD,long,2022-07-21 16:50:00,2022-07-21 16:55:00,5223.12373225105,1.04462474645021,4,"NY
21-03JST","EURAUD_NY
21-03JST",2022_29
EURAUD,long,2022-07-21 17:15:00,2022-07-21 17:20:00,-3767.1986791422873,-0.7534397358284575,2,"NY
21-03JST","EURAUD_NY
21-03JST",2022_29
EURAUD,long,2022-07-21 17:20:00,2022-07-21 17:25:00,-4999.999999999502,-0.9999999999999004,1,"NY
21-03JST","EURAUD_NY
21-03JST",2022_29
CHFJPY,long,2022-07-21 17:30:00,2022-07-21 17:35:00,-2996.005326230348,-0.5992010652460695,5,"NY
21-03JST","CHFJPY_NY
21-03JST",2022_29
CHFJPY,long,2022-07-21 17:35:00,2022-07-21 17:40:00,-896.0692871438312,-0.1792138574287662,4,"NY
21-03JST","CHFJPY_NY
21-03JST",2022_29
EURAUD,long,2022-07-21 17:45:00,2022-07-21 17:50:00,-1389.1726251269338,-0.2778345250253867,2,"NY
21-03JST","EURAUD_NY
21-03JST",2022_29
AUDJPY,short,2022-07-22 00:00:00,2022-07-22 00:05:00,-4451.518119491287,-0.8903036238982573,4,"東京
09-15JST","AUDJPY_東京
09-15JST",2022_29
AUDJPY,short,2022-07-22 00:10:00,2022-07-22 00:15:00,-2557.392102845649,-0.5114784205691297,2,"東京
09-15JST","AUDJPY_東京
09-15JST",2022_29
AUDJPY,short,2022-07-22 00:15:00,2022-07-22 00:20:00,-4074.161549362189,-0.8148323098724377,2,"東京
09-15JST","AUDJPY_東京
09-15JST",2022_29
AUDJPY,short,2022-07-22 00:35:00,2022-07-22 00:40:00,-161.29032257957627,-0.0322580645159152,3,"東京
09-15JST","AUDJPY_東京
09-15JST",2022_29
AUDJPY,short,2022-07-22 00:45:00,2022-07-22 00:50:00,-4456.574478408651,-0.8913148956817302,2,"東京
09-15JST","AUDJPY_東京
09-15JST",2022_29
CHFJPY,long,2022-07-22 12:20:00,2022-07-22 12:25:00,-5000.000000000362,-1.0000000000000724,1,"NY
21-03JST","CHFJPY_NY
21-03JST",2022_29
CHFJPY,long,2022-07-22 12:25:00,2022-07-22 12:30:00,-5000.0,-1.0,1,"NY
21-03JST","CHFJPY_NY
21-03JST",2022_29
CHFJPY,long,2022-07-22 12:30:00,2022-07-22 12:35:00,1667.9216867468515,0.3335843373493703,6,"NY
21-03JST","CHFJPY_NY
21-03JST",2022_29
CHFJPY,long,2022-07-22 13:00:00,2022-07-22 13:05:00,-5000.0,-1.0,1,"NY
21-03JST","CHFJPY_NY
21-03JST",2022_29
CHFJPY,long,2022-07-22 13:05:00,2022-07-22 13:10:00,-4999.999999999413,-0.9999999999998826,2,"NY
21-03JST","CHFJPY_NY
21-03JST",2022_29
CHFJPY,long,2022-07-22 13:10:00,2022-07-22 13:15:00,-4999.999999999803,-0.9999999999999604,2,"NY
21-03JST","CHFJPY_NY
21-03JST",2022_29
CHFJPY,long,2022-07-22 13:15:00,2022-07-22 13:20:00,-5000.0,-1.0,1,"NY
21-03JST","CHFJPY_NY
21-03JST",2022_29
CHFJPY,long,2022-07-22 13:20:00,2022-07-22 13:25:00,-4999.999999999788,-0.9999999999999576,1,"NY
21-03JST","CHFJPY_NY
21-03JST",2022_29
CHFJPY,long,2022-07-22 13:25:00,2022-07-22 13:30:00,12838.865836790595,2.56777316735812,3,"NY
21-03JST","CHFJPY_NY
21-03JST",2022_29
CHFJPY,long,2022-07-22 13:30:00,2022-07-22 13:35:00,7575.957727872183,1.5151915455744365,2,"NY
21-03JST","CHFJPY_NY
21-03JST",2022_29
CHFJPY,long,2022-07-22 14:15:00,2022-07-22 14:20:00,3386.9602032181097,0.6773920406436219,4,"NY
21-03JST","CHFJPY_NY
21-03JST",2022_29
NZDUSD,long,2022-07-22 15:45:00,2022-07-22 15:50:00,2411.2330535821243,0.4822466107164249,3,"NY
21-03JST","NZDUSD_NY
21-03JST",2022_29
AUDUSD,long,2022-07-22 15:45:00,2022-07-22 15:50:00,198.412698413121,0.0396825396826242,3,"NY
21-03JST","AUDUSD_NY
21-03JST",2022_29
AUDUSD,long,2022-07-22 15:50:00,2022-07-22 15:55:00,-3088.737201365392,-0.6177474402730784,2,"NY
21-03JST","AUDUSD_NY
21-03JST",2022_29
NZDUSD,long,2022-07-22 15:50:00,2022-07-22 15:55:00,-3434.7826086959017,-0.6869565217391803,2,"NY
21-03JST","NZDUSD_NY
21-03JST",2022_29
NZDUSD,long,2022-07-22 16:00:00,2022-07-22 16:05:00,-3129.395218003925,-0.6258790436007851,3,"NY
21-03JST","NZDUSD_NY
21-03JST",2022_29
NZDUSD,long,2022-07-22 16:05:00,2022-07-22 16:10:00,-802.997858672403,-0.1605995717344806,2,"NY
21-03JST","NZDUSD_NY
21-03JST",2022_29
NZDUSD,long,2022-07-22 16:20:00,2022-07-22 16:25:00,3729.281767956936,0.7458563535913871,9,"NY
21-03JST","NZDUSD_NY
21-03JST",2022_29
AUDUSD,long,2022-07-22 16:20:00,2022-07-22 16:25:00,3965.5172413791456,0.7931034482758291,3,"NY
21-03JST","AUDUSD_NY
21-03JST",2022_29
AUDUSD,long,2022-07-22 16:25:00,2022-07-22 16:30:00,-1113.87900355879,-0.2227758007117579,2,"NY
21-03JST","AUDUSD_NY
21-03JST",2022_29
AUDUSD,long,2022-07-22 16:40:00,2022-07-22 16:45:00,3232.286340395188,0.6464572680790376,5,"NY
21-03JST","AUDUSD_NY
21-03JST",2022_29
CHFJPY,long,2022-07-22 17:15:00,2022-07-22 17:20:00,-5000.000000000213,-1.0000000000000426,1,"NY
21-03JST","CHFJPY_NY
21-03JST",2022_29
AUDUSD,long,2022-07-22 17:15:00,2022-07-22 17:20:00,-4999.999999999513,-0.9999999999999026,1,"NY
21-03JST","AUDUSD_NY
21-03JST",2022_29
CHFJPY,long,2022-07-22 17:20:00,2022-07-22 17:25:00,-5000.000000001265,-1.0000000000002531,1,"NY
21-03JST","CHFJPY_NY
21-03JST",2022_29
AUDUSD,long,2022-07-22 17:20:00,2022-07-22 17:25:00,-5000.0,-1.0,1,"NY
21-03JST","AUDUSD_NY
21-03JST",2022_29
CHFJPY,long,2022-07-22 17:25:00,2022-07-22 17:30:00,8106.169296987178,1.6212338593974356,5,"NY
21-03JST","CHFJPY_NY
21-03JST",2022_29
AUDUSD,long,2022-07-22 17:25:00,2022-07-22 17:30:00,-4999.999999999677,-0.9999999999999354,1,"NY
21-03JST","AUDUSD_NY
21-03JST",2022_29
AUDUSD,long,2022-07-22 17:30:00,2022-07-22 17:35:00,-263.53276353242467,-0.0527065527064849,4,"NY
21-03JST","AUDUSD_NY
21-03JST",2022_29
CHFJPY,long,2022-07-22 17:30:00,2022-07-22 17:35:00,6862.673484294334,1.3725346968588668,4,"NY
21-03JST","CHFJPY_NY
21-03JST",2022_29
NZDUSD,long,2022-07-22 17:30:00,2022-07-22 17:35:00,-5000.000000000488,-1.0000000000000977,1,"NY
21-03JST","NZDUSD_NY
21-03JST",2022_29
CHFJPY,long,2022-07-22 17:35:00,2022-07-22 17:40:00,5913.70558375468,1.182741116750936,3,"NY
21-03JST","CHFJPY_NY
21-03JST",2022_29
AUDUSD,long,2022-07-22 17:35:00,2022-07-22 17:40:00,-800.0000000003026,-0.1600000000000605,2,"NY
21-03JST","AUDUSD_NY
21-03JST",2022_29
AUDUSD,long,2022-07-22 17:55:00,2022-07-22 18:00:00,-5000.0,-1.0,1,"NY
21-03JST","AUDUSD_NY
21-03JST",2022_29
EURAUD,long,2022-07-25 12:00:00,2022-07-25 12:05:00,-2968.960863697757,-0.5937921727395513,5,"NY
21-03JST","EURAUD_NY
21-03JST",2022_30
EURAUD,long,2022-07-25 12:10:00,2022-07-25 12:15:00,-2383.177570093563,-0.4766355140187126,3,"NY
21-03JST","EURAUD_NY
21-03JST",2022_30
EURAUD,long,2022-07-25 12:20:00,2022-07-25 12:25:00,10143.678160919571,2.0287356321839143,7,"NY
21-03JST","EURAUD_NY
21-03JST",2022_30
EURAUD,long,2022-07-25 12:25:00,2022-07-25 12:30:00,9059.1966173359,1.81183932346718,6,"NY
21-03JST","EURAUD_NY
21-03JST",2022_30
EURAUD,long,2022-07-25 12:30:00,2022-07-25 12:35:00,10489.759572572691,2.0979519145145384,5,"NY
21-03JST","EURAUD_NY
21-03JST",2022_30
EURAUD,long,2022-07-25 13:00:00,2022-07-25 13:05:00,-1932.0466425410043,-0.3864093285082009,3,"NY
21-03JST","EURAUD_NY
21-03JST",2022_30
EURAUD,long,2022-07-25 13:10:00,2022-07-25 13:15:00,-2091.152815014076,-0.4182305630028151,2,"NY
21-03JST","EURAUD_NY
21-03JST",2022_30
EURAUD,long,2022-07-25 13:20:00,2022-07-25 13:25:00,3213.333333332883,0.6426666666665766,5,"NY
21-03JST","EURAUD_NY
21-03JST",2022_30
CHFJPY,long,2022-07-25 14:25:00,2022-07-25 14:30:00,10776.293823037096,2.1552587646074195,7,"NY
21-03JST","CHFJPY_NY
21-03JST",2022_30
GBPUSD,short,2022-07-25 14:30:00,2022-07-25 14:35:00,-104.52299505883616,-0.0209045990117672,2,"NY
21-03JST","GBPUSD_NY
21-03JST",2022_30
CHFJPY,long,2022-07-25 14:35:00,2022-07-25 14:40:00,10585.585585586636,2.1171171171173278,5,"NY
21-03JST","CHFJPY_NY
21-03JST",2022_30
GBPUSD,short,2022-07-25 14:35:00,2022-07-25 14:40:00,-4999.999999999999,-0.9999999999999998,1,"NY
21-03JST","GBPUSD_NY
21-03JST",2022_30
GBPUSD,short,2022-07-25 14:40:00,2022-07-25 14:45:00,-2592.4556213029964,-0.5184911242605993,2,"NY
21-03JST","GBPUSD_NY
21-03JST",2022_30
GBPUSD,short,2022-07-25 14:50:00,2022-07-25 14:55:00,-4999.9999999996735,-0.9999999999999348,1,"NY
21-03JST","GBPUSD_NY
21-03JST",2022_30
GBPUSD,short,2022-07-25 15:10:00,2022-07-25 15:15:00,-2624.151482672247,-0.5248302965344493,3,"NY
21-03JST","GBPUSD_NY
21-03JST",2022_30
GBPUSD,short,2022-07-25 15:15:00,2022-07-25 15:20:00,-1813.47150258879,-0.362694300517758,2,"NY
21-03JST","GBPUSD_NY
21-03JST",2022_30
GBPUSD,short,2022-07-25 15:20:00,2022-07-25 15:25:00,-4999.999999999836,-0.9999999999999672,1,"NY
21-03JST","GBPUSD_NY
21-03JST",2022_30
EURAUD,long,2022-07-25 16:20:00,2022-07-25 16:25:00,2454.4419134400946,0.4908883826880189,10,"NY
21-03JST","EURAUD_NY
21-03JST",2022_30
EURAUD,long,2022-07-26 12:05:00,2022-07-26 12:10:00,-2583.1202046034623,-0.5166240409206925,3,"NY
21-03JST","EURAUD_NY
21-03JST",2022_30
EURAUD,long,2022-07-26 13:50:00,2022-07-26 13:55:00,2285.4077253219502,0.45708154506439,2,"NY
21-03JST","EURAUD_NY
21-03JST",2022_30
EURAUD,long,2022-07-26 14:30:00,2022-07-26 14:35:00,-4999.999999999859,-0.9999999999999718,2,"NY
21-03JST","EURAUD_NY
21-03JST",2022_30
EURAUD,long,2022-07-26 14:35:00,2022-07-26 14:40:00,-5000.000000000138,-1.0000000000000278,1,"NY
21-03JST","EURAUD_NY
21-03JST",2022_30
EURAUD,long,2022-07-26 14:40:00,2022-07-26 14:45:00,-4999.999999999857,-0.9999999999999716,1,"NY
21-03JST","EURAUD_NY
21-03JST",2022_30
EURAUD,long,2022-07-26 14:45:00,2022-07-26 14:50:00,-5000.000000000441,-1.0000000000000882,1,"NY
21-03JST","EURAUD_NY
21-03JST",2022_30
EURAUD,long,2022-07-26 14:50:00,2022-07-26 14:55:00,4300.385109114242,0.8600770218228485,3,"NY
21-03JST","EURAUD_NY
21-03JST",2022_30
EURAUD,long,2022-07-26 14:55:00,2022-07-26 15:00:00,6162.507608034172,1.2325015216068345,2,"NY
21-03JST","EURAUD_NY
21-03JST",2022_30
EURAUD,long,2022-07-26 16:00:00,2022-07-26 16:05:00,3586.740770147563,0.7173481540295126,9,"NY
21-03JST","EURAUD_NY
21-03JST",2022_30
AUDUSD,long,2022-07-26 16:55:00,2022-07-26 17:00:00,-870.4061895554768,-0.1740812379110953,5,"NY
21-03JST","AUDUSD_NY
21-03JST",2022_30
NZDUSD,long,2022-07-27 12:05:00,2022-07-27 12:10:00,3444.4444444438363,0.6888888888887673,3,"NY
21-03JST","NZDUSD_NY
21-03JST",2022_30
NZDUSD,long,2022-07-27 12:50:00,2022-07-27 12:55:00,-4999.999999999569,-0.9999999999999136,1,"NY
21-03JST","NZDUSD_NY
21-03JST",2022_30
NZDUSD,long,2022-07-27 13:00:00,2022-07-27 13:05:00,-188.32391713788044,-0.037664783427576,4,"NY
21-03JST","NZDUSD_NY
21-03JST",2022_30
AUDUSD,long,2022-07-27 13:00:00,2022-07-27 13:05:00,2200.0000000015875,0.4400000000003175,4,"NY
21-03JST","AUDUSD_NY
21-03JST",2022_30
AUDUSD,long,2022-07-27 13:05:00,2022-07-27 13:10:00,2827.4760383399853,0.5654952076679971,3,"NY
21-03JST","AUDUSD_NY
21-03JST",2022_30
NZDUSD,long,2022-07-27 13:10:00,2022-07-27 13:15:00,-1096.654275093507,-0.2193308550187014,2,"NY
21-03JST","NZDUSD_NY
21-03JST",2022_30
AUDUSD,long,2022-07-27 13:10:00,2022-07-27 13:15:00,2803.468208092662,0.5606936416185324,2,"NY
21-03JST","AUDUSD_NY
21-03JST",2022_30
NZDUSD,long,2022-07-27 13:25:00,2022-07-27 13:30:00,-136.32365875179596,-0.0272647317503591,3,"NY
21-03JST","NZDUSD_NY
21-03JST",2022_30
AUDUSD,long,2022-07-27 13:25:00,2022-07-27 13:30:00,2820.6136900075817,0.5641227380015164,2,"NY
21-03JST","AUDUSD_NY
21-03JST",2022_30
NZDUSD,long,2022-07-27 13:30:00,2022-07-27 13:35:00,-3029.0102389076237,-0.6058020477815247,2,"NY
21-03JST","NZDUSD_NY
21-03JST",2022_30
NZDUSD,long,2022-07-27 13:35:00,2022-07-27 13:40:00,-1763.0057803480613,-0.3526011560696123,2,"NY
21-03JST","NZDUSD_NY
21-03JST",2022_30
NZDUSD,long,2022-07-27 13:45:00,2022-07-27 13:50:00,-4999.999999999809,-0.9999999999999618,1,"NY
21-03JST","NZDUSD_NY
21-03JST",2022_30
AUDUSD,long,2022-07-27 13:45:00,2022-07-27 13:50:00,2977.0734996625324,0.5954146999325065,3,"NY
21-03JST","AUDUSD_NY
21-03JST",2022_30
NZDUSD,long,2022-07-27 13:50:00,2022-07-27 13:55:00,853.6585365827736,0.1707317073165547,2,"NY
21-03JST","NZDUSD_NY
21-03JST",2022_30
NZDUSD,long,2022-07-27 13:55:00,2022-07-27 14:00:00,-5000.000000000271,-1.0000000000000542,1,"NY
21-03JST","NZDUSD_NY
21-03JST",2022_30
NZDUSD,long,2022-07-27 14:05:00,2022-07-27 14:10:00,-524.669909659808,-0.1049339819319616,2,"NY
21-03JST","NZDUSD_NY
21-03JST",2022_30
NZDUSD,long,2022-07-27 14:20:00,2022-07-27 14:25:00,-5000.000000000375,-1.000000000000075,1,"NY
21-03JST","NZDUSD_NY
21-03JST",2022_30
AUDUSD,long,2022-07-27 14:20:00,2022-07-27 14:25:00,-462.6241505483064,-0.0925248301096612,5,"NY
21-03JST","AUDUSD_NY
21-03JST",2022_30
AUDUSD,long,2022-07-27 14:25:00,2022-07-27 14:30:00,2935.943060497721,0.5871886120995442,4,"NY
21-03JST","AUDUSD_NY
21-03JST",2022_30
NZDUSD,long,2022-07-27 14:25:00,2022-07-27 14:30:00,25.641025640480752,0.0051282051280961,2,"NY
21-03JST","NZDUSD_NY
21-03JST",2022_30
NZDUSD,long,2022-07-27 14:30:00,2022-07-27 14:35:00,350.318471336323,0.0700636942672646,3,"NY
21-03JST","NZDUSD_NY
21-03JST",2022_30
AUDUSD,long,2022-07-27 14:30:00,2022-07-27 14:35:00,2595.200834637734,0.5190401669275467,3,"NY
21-03JST","AUDUSD_NY
21-03JST",2022_30
NZDUSD,long,2022-07-27 14:40:00,2022-07-27 14:45:00,-1189.5161290328167,-0.2379032258065633,2,"NY
21-03JST","NZDUSD_NY
21-03JST",2022_30
NZDUSD,long,2022-07-27 14:50:00,2022-07-27 14:55:00,-1146.7889908250152,-0.229357798165003,2,"NY
21-03JST","NZDUSD_NY
21-03JST",2022_30
NZDUSD,long,2022-07-27 14:55:00,2022-07-27 15:00:00,784.3770174311292,0.1568754034862258,5,"NY
21-03JST","NZDUSD_NY
21-03JST",2022_30
GBPUSD,short,2022-07-28 12:05:00,2022-07-28 12:10:00,-4999.999999999647,-0.9999999999999294,1,"NY
21-03JST","GBPUSD_NY
21-03JST",2022_30
CHFJPY,long,2022-07-28 12:05:00,2022-07-28 12:10:00,18370.87691070044,3.674175382140088,3,"NY
21-03JST","CHFJPY_NY
21-03JST",2022_30
CHFJPY,long,2022-07-28 12:10:00,2022-07-28 12:15:00,19154.338264694128,3.8308676529388257,2,"NY
21-03JST","CHFJPY_NY
21-03JST",2022_30
AUDUSD,long,2022-07-28 12:25:00,2022-07-28 12:30:00,13794.813119755552,2.7589626239511102,2,"NY
21-03JST","AUDUSD_NY
21-03JST",2022_30
CHFJPY,long,2022-07-28 12:30:00,2022-07-28 12:35:00,-5000.000000000455,-1.000000000000091,1,"NY
21-03JST","CHFJPY_NY
21-03JST",2022_30
CHFJPY,long,2022-07-28 12:40:00,2022-07-28 12:45:00,-4383.712399119452,-0.8767424798238904,2,"NY
21-03JST","CHFJPY_NY
21-03JST",2022_30
CHFJPY,long,2022-07-28 12:45:00,2022-07-28 12:50:00,-3524.096385542,-0.7048192771084,3,"NY
21-03JST","CHFJPY_NY
21-03JST",2022_30
CHFJPY,long,2022-07-28 12:50:00,2022-07-28 12:55:00,-1934.4225096442683,-0.3868845019288537,2,"NY
21-03JST","CHFJPY_NY
21-03JST",2022_30
CHFJPY,long,2022-07-28 12:55:00,2022-07-28 13:00:00,-3032.5674771357358,-0.606513495427147,2,"NY
21-03JST","CHFJPY_NY
21-03JST",2022_30
CHFJPY,long,2022-07-28 13:05:00,2022-07-28 13:10:00,-2043.3268016553495,-0.4086653603310699,2,"NY
21-03JST","CHFJPY_NY
21-03JST",2022_30
CHFJPY,long,2022-07-28 13:10:00,2022-07-28 13:15:00,-1250.8368667710442,-0.2501673733542088,6,"NY
21-03JST","CHFJPY_NY
21-03JST",2022_30
CHFJPY,long,2022-07-28 13:20:00,2022-07-28 13:25:00,-1234.2733188724353,-0.246854663774487,4,"NY
21-03JST","CHFJPY_NY
21-03JST",2022_30
CHFJPY,long,2022-07-28 13:25:00,2022-07-28 13:30:00,-2058.56738515164,-0.4117134770303279,3,"NY
21-03JST","CHFJPY_NY
21-03JST",2022_30
CHFJPY,long,2022-07-28 13:45:00,2022-07-28 13:50:00,3747.6125511586665,0.7495225102317333,6,"NY
21-03JST","CHFJPY_NY
21-03JST",2022_30
CHFJPY,long,2022-07-28 13:50:00,2022-07-28 13:55:00,6753.653444675822,1.3507306889351645,5,"NY
21-03JST","CHFJPY_NY
21-03JST",2022_30
CHFJPY,long,2022-07-28 13:55:00,2022-07-28 14:00:00,53.47593582947032,0.010695187165894,4,"NY
21-03JST","CHFJPY_NY
21-03JST",2022_30
CHFJPY,long,2022-07-28 14:05:00,2022-07-28 14:10:00,1305.511811023719,0.2611023622047438,2,"NY
21-03JST","CHFJPY_NY
21-03JST",2022_30
CHFJPY,long,2022-07-28 14:20:00,2022-07-28 14:25:00,4612.523248605259,0.9225046497210518,5,"NY
21-03JST","CHFJPY_NY
21-03JST",2022_30
CHFJPY,long,2022-07-28 14:25:00,2022-07-28 14:30:00,1767.174386073934,0.3534348772147868,4,"NY
21-03JST","CHFJPY_NY
21-03JST",2022_30
AUDUSD,long,2022-07-28 14:30:00,2022-07-28 14:35:00,6032.880629020403,1.2065761258040806,17,"NY
21-03JST","AUDUSD_NY
21-03JST",2022_30
AUDUSD,long,2022-07-28 15:10:00,2022-07-28 15:15:00,3837.541686517472,0.7675083373034943,4,"NY
21-03JST","AUDUSD_NY
21-03JST",2022_30
AUDUSD,long,2022-07-28 15:15:00,2022-07-28 15:20:00,5785.824345146373,1.1571648690292746,3,"NY
21-03JST","AUDUSD_NY
21-03JST",2022_30
NZDUSD,long,2022-07-28 15:15:00,2022-07-28 15:20:00,3592.9357266943166,0.7185871453388634,3,"NY
21-03JST","NZDUSD_NY
21-03JST",2022_30
AUDUSD,long,2022-07-28 15:20:00,2022-07-28 15:25:00,-983.0339321356286,-0.1966067864271257,3,"NY
21-03JST","AUDUSD_NY
21-03JST",2022_30
AUDUSD,long,2022-07-28 15:35:00,2022-07-28 15:40:00,-2638.73775843272,-0.527747551686544,3,"NY
21-03JST","AUDUSD_NY
21-03JST",2022_30
CHFJPY,short,2022-07-29 04:55:00,2022-07-29 05:00:00,11137.379440132258,2.227475888026452,5,"東京
09-15JST","CHFJPY_東京
09-15JST",2022_30
CHFJPY,short,2022-07-29 05:00:00,2022-07-29 05:05:00,8545.75163398723,1.7091503267974462,4,"東京
09-15JST","CHFJPY_東京
09-15JST",2022_30
CHFJPY,short,2022-07-29 05:05:00,2022-07-29 05:10:00,6617.852161784654,1.3235704323569306,3,"東京
09-15JST","CHFJPY_東京
09-15JST",2022_30
CHFJPY,short,2022-07-29 05:20:00,2022-07-29 05:25:00,-4999.999999999695,-0.999999999999939,1,"東京
09-15JST","CHFJPY_東京
09-15JST",2022_30
NZDUSD,long,2022-07-29 12:00:00,2022-07-29 12:05:00,-4999.999999999822,-0.9999999999999644,1,"NY
21-03JST","NZDUSD_NY
21-03JST",2022_30
NZDUSD,long,2022-07-29 12:05:00,2022-07-29 12:10:00,-5000.000000000178,-1.0000000000000355,1,"NY
21-03JST","NZDUSD_NY
21-03JST",2022_30
NZDUSD,long,2022-07-29 12:10:00,2022-07-29 12:15:00,-3355.5207517608137,-0.6711041503521628,2,"NY
21-03JST","NZDUSD_NY
21-03JST",2022_30
NZDUSD,long,2022-07-29 12:15:00,2022-07-29 12:20:00,-2433.155080213335,-0.486631016042667,2,"NY
21-03JST","NZDUSD_NY
21-03JST",2022_30
AUDUSD,long,2022-07-29 12:25:00,2022-07-29 12:30:00,-5000.000000000452,-1.0000000000000904,1,"NY
21-03JST","AUDUSD_NY
21-03JST",2022_30
NZDUSD,long,2022-07-29 12:25:00,2022-07-29 12:30:00,-5000.00000000058,-1.000000000000116,1,"NY
21-03JST","NZDUSD_NY
21-03JST",2022_30
AUDUSD,long,2022-07-29 12:30:00,2022-07-29 12:35:00,2590.36144578325,0.51807228915665,2,"NY
21-03JST","AUDUSD_NY
21-03JST",2022_30
NZDUSD,long,2022-07-29 12:30:00,2022-07-29 12:35:00,2878.609310548709,0.5757218621097417,2,"NY
21-03JST","NZDUSD_NY
21-03JST",2022_30
NZDUSD,long,2022-07-29 12:45:00,2022-07-29 12:50:00,-2422.625400213088,-0.4845250800426176,2,"NY
21-03JST","NZDUSD_NY
21-03JST",2022_30
AUDUSD,long,2022-07-29 12:45:00,2022-07-29 12:50:00,-1699.842849658854,-0.3399685699317708,2,"NY
21-03JST","AUDUSD_NY
21-03JST",2022_30
NZDUSD,long,2022-07-29 12:55:00,2022-07-29 13:00:00,-4999.999999999944,-0.9999999999999888,1,"NY
21-03JST","NZDUSD_NY
21-03JST",2022_30
AUDUSD,long,2022-07-29 12:55:00,2022-07-29 13:00:00,-4999.999999999893,-0.9999999999999786,1,"NY
21-03JST","AUDUSD_NY
21-03JST",2022_30
NZDUSD,long,2022-07-29 13:00:00,2022-07-29 13:05:00,-4999.999999999898,-0.9999999999999796,1,"NY
21-03JST","NZDUSD_NY
21-03JST",2022_30
AUDUSD,long,2022-07-29 13:00:00,2022-07-29 13:05:00,-4999.999999999902,-0.9999999999999803,1,"NY
21-03JST","AUDUSD_NY
21-03JST",2022_30
NZDUSD,long,2022-07-29 13:05:00,2022-07-29 13:10:00,-5000.000000000102,-1.0000000000000204,1,"NY
21-03JST","NZDUSD_NY
21-03JST",2022_30
NZDUSD,long,2022-07-29 13:10:00,2022-07-29 13:15:00,-1032.9067641679278,-0.2065813528335855,3,"NY
21-03JST","NZDUSD_NY
21-03JST",2022_30
AUDUSD,long,2022-07-29 13:10:00,2022-07-29 13:15:00,-3150.7145950624617,-0.6301429190124923,3,"NY
21-03JST","AUDUSD_NY
21-03JST",2022_30
NZDUSD,long,2022-07-29 13:15:00,2022-07-29 13:20:00,1084.2572062090933,0.2168514412418186,2,"NY
21-03JST","NZDUSD_NY
21-03JST",2022_30
AUDUSD,long,2022-07-29 13:15:00,2022-07-29 13:20:00,413.2569558101363,0.0826513911620272,2,"NY
21-03JST","AUDUSD_NY
21-03JST",2022_30
GBPUSD,short,2022-07-29 13:30:00,2022-07-29 13:35:00,-1933.667083854396,-0.3867334167708792,2,"NY
21-03JST","GBPUSD_NY
21-03JST",2022_30
GBPUSD,short,2022-07-29 13:35:00,2022-07-29 13:40:00,-4166.666666666896,-0.8333333333333792,3,"NY
21-03JST","GBPUSD_NY
21-03JST",2022_30
AUDUSD,long,2022-07-29 13:35:00,2022-07-29 13:40:00,2413.855640189414,0.4827711280378827,4,"NY
21-03JST","AUDUSD_NY
21-03JST",2022_30
AUDUSD,long,2022-07-29 13:45:00,2022-07-29 13:50:00,121.29380053987902,0.0242587601079758,2,"NY
21-03JST","AUDUSD_NY
21-03JST",2022_30
NZDUSD,long,2022-07-29 13:45:00,2022-07-29 13:50:00,-952.8907922915408,-0.1905781584583081,2,"NY
21-03JST","NZDUSD_NY
21-03JST",2022_30
NZDUSD,long,2022-07-29 14:00:00,2022-07-29 14:05:00,5905.086103323621,1.181017220664724,7,"NY
21-03JST","NZDUSD_NY
21-03JST",2022_30
GBPUSD,short,2022-07-29 14:00:00,2022-07-29 14:05:00,-1767.600302801959,-0.3535200605603918,4,"NY
21-03JST","GBPUSD_NY
21-03JST",2022_30
NZDUSD,long,2022-07-29 14:20:00,2022-07-29 14:25:00,4050.4451038569737,0.8100890207713948,3,"NY
21-03JST","NZDUSD_NY
21-03JST",2022_30
EURAUD,long,2022-07-29 14:45:00,2022-07-29 14:50:00,1114.3552311431654,0.222871046228633,2,"NY
21-03JST","EURAUD_NY
21-03JST",2022_30
EURAUD,long,2022-07-29 14:55:00,2022-07-29 15:00:00,913.5855546004184,0.1827171109200836,9,"NY
21-03JST","EURAUD_NY
21-03JST",2022_30
EURAUD,long,2022-07-29 15:20:00,2022-07-29 15:25:00,-3387.581372057292,-0.6775162744114583,4,"NY
21-03JST","EURAUD_NY
21-03JST",2022_30
EURAUD,long,2022-07-29 15:25:00,2022-07-29 15:30:00,-3067.8652823492585,-0.6135730564698517,3,"NY
21-03JST","EURAUD_NY
21-03JST",2022_30
EURAUD,long,2022-07-29 15:45:00,2022-07-29 15:50:00,-3855.841371918908,-0.7711682743837815,5,"NY
21-03JST","EURAUD_NY
21-03JST",2022_30
EURAUD,long,2022-07-29 15:50:00,2022-07-29 15:55:00,-1889.7749928804324,-0.3779549985760865,4,"NY
21-03JST","EURAUD_NY
21-03JST",2022_30
EURAUD,long,2022-07-29 16:15:00,2022-07-29 16:20:00,-3997.1346704885223,-0.7994269340977045,2,"NY
21-03JST","EURAUD_NY
21-03JST",2022_30
EURAUD,long,2022-07-29 16:25:00,2022-07-29 16:30:00,14208.047945206166,2.841609589041233,17,"NY
21-03JST","EURAUD_NY
21-03JST",2022_30
EURAUD,long,2022-07-29 16:30:00,2022-07-29 16:35:00,16954.12439347158,3.390824878694316,16,"NY
21-03JST","EURAUD_NY
21-03JST",2022_30
EURJPY,short,2022-08-01 07:00:00,2022-08-01 07:05:00,2791.4758717866503,0.55829517435733,3,"欧州
15-21JST","EURJPY_欧州
15-21JST",2022_31
AUDNZD,long,2022-08-01 09:05:00,2022-08-01 09:10:00,6801.242236027114,1.3602484472054228,10,"欧州
15-21JST","AUDNZD_欧州
15-21JST",2022_31
AUDNZD,long,2022-08-01 09:10:00,2022-08-01 09:15:00,1900.532859684989,0.3801065719369978,9,"欧州
15-21JST","AUDNZD_欧州
15-21JST",2022_31
AUDNZD,long,2022-08-01 09:20:00,2022-08-01 09:25:00,3665.377176019374,0.7330754352038749,7,"欧州
15-21JST","AUDNZD_欧州
15-21JST",2022_31
EURJPY,short,2022-08-01 11:05:00,2022-08-01 11:10:00,-670.1030927838798,-0.1340206185567759,3,"欧州
15-21JST","EURJPY_欧州
15-21JST",2022_31
EURAUD,long,2022-08-01 12:00:00,2022-08-01 12:05:00,-922.6467847153496,-0.1845293569430699,2,"NY
21-03JST","EURAUD_NY
21-03JST",2022_31
AUDUSD,long,2022-08-01 13:20:00,2022-08-01 13:25:00,-5000.000000000054,-1.0000000000000109,1,"NY
21-03JST","AUDUSD_NY
21-03JST",2022_31
AUDUSD,long,2022-08-01 13:25:00,2022-08-01 13:30:00,-413.6776661884823,-0.0827355332376964,4,"NY
21-03JST","AUDUSD_NY
21-03JST",2022_31
AUDUSD,long,2022-08-01 13:30:00,2022-08-01 13:35:00,2834.8623853212603,0.566972477064252,5,"NY
21-03JST","AUDUSD_NY
21-03JST",2022_31
AUDUSD,long,2022-08-01 13:50:00,2022-08-01 13:55:00,-5000.000000000186,-1.0000000000000373,1,"NY
21-03JST","AUDUSD_NY
21-03JST",2022_31
CHFJPY,long,2022-08-01 13:55:00,2022-08-01 14:00:00,5986.440677965113,1.1972881355930225,2,"NY
21-03JST","CHFJPY_NY
21-03JST",2022_31
AUDUSD,long,2022-08-01 14:20:00,2022-08-01 14:25:00,8107.896794371104,1.6215793588742209,6,"NY
21-03JST","AUDUSD_NY
21-03JST",2022_31
CHFJPY,long,2022-08-01 14:20:00,2022-08-01 14:25:00,-2119.106023440004,-0.4238212046880006,4,"NY
21-03JST","CHFJPY_NY
21-03JST",2022_31
CHFJPY,long,2022-08-01 14:25:00,2022-08-01 14:30:00,-111.11111111058644,-0.0222222222221172,3,"NY
21-03JST","CHFJPY_NY
21-03JST",2022_31
CHFJPY,long,2022-08-01 14:30:00,2022-08-01 14:35:00,-635.229929850763,-0.1270459859701526,2,"NY
21-03JST","CHFJPY_NY
21-03JST",2022_31
CHFJPY,long,2022-08-01 14:45:00,2022-08-01 14:50:00,-3432.9734000529115,-0.6865946800105823,7,"NY
21-03JST","CHFJPY_NY
21-03JST",2022_31
EURAUD,long,2022-08-01 16:25:00,2022-08-01 16:30:00,3193.743693239577,0.6387487386479155,7,"NY
21-03JST","EURAUD_NY
21-03JST",2022_31
AUDUSD,long,2022-08-01 17:40:00,2022-08-01 17:45:00,610.4380242299081,0.1220876048459816,6,"NY
21-03JST","AUDUSD_NY
21-03JST",2022_31
EURJPY,short,2022-08-02 06:30:00,2022-08-02 06:35:00,812.7605001611583,0.1625521000322316,2,"欧州
15-21JST","EURJPY_欧州
15-21JST",2022_31
EURJPY,short,2022-08-02 06:35:00,2022-08-02 06:40:00,-4436.75571290575,-0.8873511425811501,2,"欧州
15-21JST","EURJPY_欧州
15-21JST",2022_31
EURJPY,short,2022-08-02 07:05:00,2022-08-02 07:10:00,-4999.999999999564,-0.9999999999999128,1,"欧州
15-21JST","EURJPY_欧州
15-21JST",2022_31
AUDUSD,short,2022-08-02 07:05:00,2022-08-02 07:10:00,1104.6511627912437,0.2209302325582487,6,"欧州
15-21JST","AUDUSD_欧州
15-21JST",2022_31
AUDUSD,short,2022-08-02 07:25:00,2022-08-02 07:30:00,393.9045428407445,0.0787809085681489,2,"欧州
15-21JST","AUDUSD_欧州
15-21JST",2022_31
AUDUSD,short,2022-08-02 07:30:00,2022-08-02 07:35:00,-1545.3423812458946,-0.3090684762491789,5,"欧州
15-21JST","AUDUSD_欧州
15-21JST",2022_31
EURJPY,short,2022-08-02 07:35:00,2022-08-02 07:40:00,-4999.999999999759,-0.9999999999999518,2,"欧州
15-21JST","EURJPY_欧州
15-21JST",2022_31
AUDUSD,short,2022-08-02 07:35:00,2022-08-02 07:40:00,-2953.980099501979,-0.5907960199003959,4,"欧州
15-21JST","AUDUSD_欧州
15-21JST",2022_31
AUDUSD,short,2022-08-02 07:45:00,2022-08-02 07:50:00,-3776.371308017335,-0.755274261603467,2,"欧州
15-21JST","AUDUSD_欧州
15-21JST",2022_31
EURJPY,short,2022-08-02 07:55:00,2022-08-02 12:00:00,10903.562119896747,2.1807124239793496,7,"欧州
15-21JST","EURJPY_欧州
15-21JST",2022_31
AUDUSD,long,2022-08-02 12:05:00,2022-08-02 12:10:00,-973.6369083280877,-0.1947273816656175,5,"NY
21-03JST","AUDUSD_NY
21-03JST",2022_31
AUDUSD,long,2022-08-02 12:10:00,2022-08-02 12:15:00,-1141.3748378739072,-0.2282749675747814,4,"NY
21-03JST","AUDUSD_NY
21-03JST",2022_31
AUDUSD,long,2022-08-02 12:15:00,2022-08-02 12:20:00,1568.914956010928,0.3137829912021856,3,"NY
21-03JST","AUDUSD_NY
21-03JST",2022_31
CHFJPY,long,2022-08-02 12:20:00,2022-08-02 12:25:00,-5000.00000000052,-1.000000000000104,1,"NY
21-03JST","CHFJPY_NY
21-03JST",2022_31
AUDUSD,long,2022-08-02 12:25:00,2022-08-02 12:30:00,-4999.999999999836,-0.9999999999999672,1,"NY
21-03JST","AUDUSD_NY
21-03JST",2022_31
CHFJPY,long,2022-08-02 12:25:00,2022-08-02 12:30:00,1795.1015531673872,0.3590203106334774,3,"NY
21-03JST","CHFJPY_NY
21-03JST",2022_31
CHFJPY,long,2022-08-02 12:30:00,2022-08-02 12:35:00,2587.6940770558285,0.5175388154111658,2,"NY
21-03JST","CHFJPY_NY
21-03JST",2022_31
AUDUSD,long,2022-08-02 12:35:00,2022-08-02 12:40:00,-3683.068017366501,-0.7366136034733002,2,"NY
21-03JST","AUDUSD_NY
21-03JST",2022_31
AUDUSD,long,2022-08-02 12:45:00,2022-08-02 12:50:00,-4582.712369597019,-0.9165424739194036,2,"NY
21-03JST","AUDUSD_NY
21-03JST",2022_31
AUDUSD,long,2022-08-02 12:50:00,2022-08-02 12:55:00,-4999.999999999917,-0.9999999999999836,1,"NY
21-03JST","AUDUSD_NY
21-03JST",2022_31
CHFJPY,long,2022-08-02 12:50:00,2022-08-02 12:55:00,67691.4591868862,13.53829183737724,4,"NY
21-03JST","CHFJPY_NY
21-03JST",2022_31
AUDUSD,long,2022-08-02 12:55:00,2022-08-02 19:00:00,-1321.4013709057351,-0.264280274181147,3,"NY
21-03JST","AUDUSD_NY
21-03JST",2022_31
CHFJPY,long,2022-08-02 12:55:00,2022-08-02 19:00:00,-5000.000000000452,-1.0000000000000904,3,"NY
21-03JST","CHFJPY_NY
21-03JST",2022_31
EURJPY,short,2022-08-03 09:25:00,2022-08-03 09:30:00,-5000.000000000199,-1.0000000000000395,1,"欧州
15-21JST","EURJPY_欧州
15-21JST",2022_31
AUDUSD,long,2022-08-03 13:25:00,2022-08-03 13:30:00,1886.0580325529545,0.3772116065105909,2,"NY
21-03JST","AUDUSD_NY
21-03JST",2022_31
AUDUSD,long,2022-08-03 14:00:00,2022-08-03 14:05:00,-5000.000000000399,-1.00000000000008,1,"NY
21-03JST","AUDUSD_NY
21-03JST",2022_31
AUDUSD,long,2022-08-03 14:10:00,2022-08-03 14:15:00,-5000.000000000334,-1.0000000000000668,1,"NY
21-03JST","AUDUSD_NY
21-03JST",2022_31
AUDUSD,long,2022-08-03 14:15:00,2022-08-03 14:20:00,6933.115823817066,1.386623164763413,3,"NY
21-03JST","AUDUSD_NY
21-03JST",2022_31
AUDUSD,long,2022-08-03 14:45:00,2022-08-03 14:50:00,12991.689750692338,2.598337950138468,48,"NY
21-03JST","AUDUSD_NY
21-03JST",2022_31
AUDUSD,long,2022-08-03 15:00:00,2022-08-03 15:05:00,16006.230529593977,3.2012461059187958,48,"NY
21-03JST","AUDUSD_NY
21-03JST",2022_31
AUDUSD,long,2022-08-03 15:05:00,2022-08-03 15:10:00,16301.665638493658,3.260333127698732,48,"NY
21-03JST","AUDUSD_NY
21-03JST",2022_31
EURAUD,long,2022-08-03 17:05:00,2022-08-03 17:10:00,10373.831775702802,2.0747663551405604,7,"NY
21-03JST","EURAUD_NY
21-03JST",2022_31
AUDNZD,long,2022-08-04 08:05:00,2022-08-04 08:10:00,12012.19512195308,2.402439024390616,9,"欧州
15-21JST","AUDNZD_欧州
15-21JST",2022_31
EURJPY,short,2022-08-04 11:35:00,2022-08-04 11:40:00,13838.354577056029,2.7676709154112054,3,"欧州
15-21JST","EURJPY_欧州
15-21JST",2022_31
EURJPY,short,2022-08-04 11:40:00,2022-08-04 11:45:00,4370.078740158391,0.8740157480316783,2,"欧州
15-21JST","EURJPY_欧州
15-21JST",2022_31
EURJPY,short,2022-08-04 11:50:00,2022-08-04 11:55:00,-5000.000000000434,-1.0000000000000868,1,"欧州
15-21JST","EURJPY_欧州
15-21JST",2022_31
CHFJPY,long,2022-08-04 12:10:00,2022-08-04 12:15:00,-454.9763033175315,-0.0909952606635063,3,"NY
21-03JST","CHFJPY_NY
21-03JST",2022_31
CHFJPY,long,2022-08-04 12:15:00,2022-08-04 12:20:00,-2896.575821104192,-0.5793151642208383,2,"NY
21-03JST","CHFJPY_NY
21-03JST",2022_31
CHFJPY,long,2022-08-04 12:30:00,2022-08-04 12:35:00,7816.265060240717,1.5632530120481434,8,"NY
21-03JST","CHFJPY_NY
21-03JST",2022_31
CHFJPY,long,2022-08-04 12:35:00,2022-08-04 12:40:00,6127.461139895475,1.225492227979095,7,"NY
21-03JST","CHFJPY_NY
21-03JST",2022_31
AUDUSD,long,2022-08-04 12:40:00,2022-08-04 12:45:00,1189.3896177988677,0.2378779235597735,2,"NY
21-03JST","AUDUSD_NY
21-03JST",2022_31
AUDUSD,long,2022-08-04 12:45:00,2022-08-04 12:50:00,-5000.000000000058,-1.0000000000000115,1,"NY
21-03JST","AUDUSD_NY
21-03JST",2022_31
AUDUSD,long,2022-08-04 12:55:00,2022-08-04 13:00:00,-5000.000000000366,-1.000000000000073,1,"NY
21-03JST","AUDUSD_NY
21-03JST",2022_31
AUDUSD,long,2022-08-04 13:00:00,2022-08-04 13:05:00,-3746.502518187442,-0.7493005036374885,2,"NY
21-03JST","AUDUSD_NY
21-03JST",2022_31
AUDUSD,long,2022-08-04 13:05:00,2022-08-04 13:10:00,-3437.132784959636,-0.6874265569919272,2,"NY
21-03JST","AUDUSD_NY
21-03JST",2022_31
AUDUSD,long,2022-08-04 13:10:00,2022-08-04 13:15:00,-4999.999999999935,-0.9999999999999868,1,"NY
21-03JST","AUDUSD_NY
21-03JST",2022_31
AUDUSD,long,2022-08-04 13:15:00,2022-08-04 13:20:00,-3621.887666473442,-0.7243775332946885,3,"NY
21-03JST","AUDUSD_NY
21-03JST",2022_31
AUDUSD,long,2022-08-04 13:20:00,2022-08-04 13:25:00,-2025.6111757862757,-0.4051222351572551,2,"NY
21-03JST","AUDUSD_NY
21-03JST",2022_31
AUDUSD,long,2022-08-04 13:25:00,2022-08-04 13:30:00,-5000.0000000000655,-1.000000000000013,1,"NY
21-03JST","AUDUSD_NY
21-03JST",2022_31
AUDUSD,long,2022-08-04 13:30:00,2022-08-04 13:35:00,4759.812536614388,0.9519625073228776,3,"NY
21-03JST","AUDUSD_NY
21-03JST",2022_31
AUDUSD,long,2022-08-04 13:35:00,2022-08-04 13:40:00,6158.846806105427,1.2317693612210854,2,"NY
21-03JST","AUDUSD_NY
21-03JST",2022_31
CHFJPY,long,2022-08-04 13:40:00,2022-08-04 13:45:00,-5000.000000000361,-1.0000000000000722,2,"NY
21-03JST","CHFJPY_NY
21-03JST",2022_31
CHFJPY,long,2022-08-04 13:45:00,2022-08-04 13:50:00,8598.7261146502,1.71974522293004,20,"NY
21-03JST","CHFJPY_NY
21-03JST",2022_31
CHFJPY,long,2022-08-04 13:55:00,2022-08-05 04:00:00,-2856.332703212923,-0.5712665406425846,2,"NY
21-03JST","CHFJPY_NY
21-03JST",2022_31
AUDUSD,short,2022-08-05 08:50:00,2022-08-05 08:55:00,1759.0822179732068,0.3518164435946413,9,"欧州
15-21JST","AUDUSD_欧州
15-21JST",2022_31
AUDUSD,short,2022-08-05 08:55:00,2022-08-05 09:00:00,3602.25140712908,0.7204502814258159,8,"欧州
15-21JST","AUDUSD_欧州
15-21JST",2022_31
AUDNZD,long,2022-08-05 09:05:00,2022-08-05 09:10:00,14655.93784683686,2.9311875693673723,8,"欧州
15-21JST","AUDNZD_欧州
15-21JST",2022_31
AUDUSD,short,2022-08-05 09:05:00,2022-08-05 09:10:00,3159.922928707988,0.6319845857415975,6,"欧州
15-21JST","AUDUSD_欧州
15-21JST",2022_31
EURJPY,short,2022-08-05 09:15:00,2022-08-05 09:20:00,-4818.181818181278,-0.9636363636362556,3,"欧州
15-21JST","EURJPY_欧州
15-21JST",2022_31
AUDNZD,long,2022-08-05 11:30:00,2022-08-05 11:35:00,4366.197183094195,0.873239436618839,6,"欧州
15-21JST","AUDNZD_欧州
15-21JST",2022_31
AUDUSD,long,2022-08-05 12:45:00,2022-08-05 12:50:00,-4999.999999999866,-0.9999999999999732,1,"NY
21-03JST","AUDUSD_NY
21-03JST",2022_31
AUDUSD,long,2022-08-05 12:50:00,2022-08-05 12:55:00,711.0179184142745,0.1422035836828549,3,"NY
21-03JST","AUDUSD_NY
21-03JST",2022_31
AUDUSD,long,2022-08-05 12:55:00,2022-08-05 13:00:00,1099.476439790786,0.2198952879581572,2,"NY
21-03JST","AUDUSD_NY
21-03JST",2022_31
AUDUSD,long,2022-08-05 13:10:00,2022-08-05 13:15:00,-4999.999999999927,-0.9999999999999856,1,"NY
21-03JST","AUDUSD_NY
21-03JST",2022_31
AUDUSD,long,2022-08-05 13:15:00,2022-08-05 13:20:00,13009.0909090899,2.6018181818179795,21,"NY
21-03JST","AUDUSD_NY
21-03JST",2022_31
AUDUSD,long,2022-08-05 13:20:00,2022-08-05 13:25:00,12417.452830187927,2.483490566037586,23,"NY
21-03JST","AUDUSD_NY
21-03JST",2022_31
AUDUSD,long,2022-08-05 14:00:00,2022-08-05 14:05:00,7678.434382194476,1.5356868764388951,12,"NY
21-03JST","AUDUSD_NY
21-03JST",2022_31
AUDUSD,long,2022-08-05 14:25:00,2022-08-05 14:30:00,893.5204292198487,0.1787040858439697,7,"NY
21-03JST","AUDUSD_NY
21-03JST",2022_31
EURAUD,long,2022-08-05 14:45:00,2022-08-05 14:50:00,11721.883173496524,2.3443766346993047,23,"NY
21-03JST","EURAUD_NY
21-03JST",2022_31
EURAUD,long,2022-08-05 14:50:00,2022-08-05 14:55:00,13102.706027060114,2.6205412054120227,20,"NY
21-03JST","EURAUD_NY
21-03JST",2022_31
EURAUD,long,2022-08-05 14:55:00,2022-08-05 15:00:00,13733.939204011716,2.7467878408023427,19,"NY
21-03JST","EURAUD_NY
21-03JST",2022_31
AUDNZD,long,2022-08-08 10:35:00,2022-08-08 10:40:00,2739.1304347823066,0.5478260869564613,2,"欧州
15-21JST","AUDNZD_欧州
15-21JST",2022_32
AUDNZD,long,2022-08-08 10:45:00,2022-08-08 10:50:00,-5000.000000001504,-1.0000000000003009,1,"欧州
15-21JST","AUDNZD_欧州
15-21JST",2022_32
AUDNZD,long,2022-08-08 10:50:00,2022-08-08 10:55:00,-5000.000000000762,-1.0000000000001523,1,"欧州
15-21JST","AUDNZD_欧州
15-21JST",2022_32
AUDNZD,long,2022-08-08 10:55:00,2022-08-08 11:00:00,-4999.999999998974,-0.9999999999997948,1,"欧州
15-21JST","AUDNZD_欧州
15-21JST",2022_32
AUDNZD,long,2022-08-08 11:00:00,2022-08-08 11:05:00,1823.6582694393803,0.364731653887876,2,"欧州
15-21JST","AUDNZD_欧州
15-21JST",2022_32
AUDNZD,long,2022-08-08 11:15:00,2022-08-08 11:20:00,488.7983706711224,0.0977596741342244,3,"欧州
15-21JST","AUDNZD_欧州
15-21JST",2022_32
AUDNZD,long,2022-08-08 11:35:00,2022-08-08 11:40:00,-2714.28571428732,-0.542857142857464,4,"欧州
15-21JST","AUDNZD_欧州
15-21JST",2022_32
AUDNZD,long,2022-08-08 11:40:00,2022-08-08 11:45:00,-1368.26042726583,-0.273652085453166,3,"欧州
15-21JST","AUDNZD_欧州
15-21JST",2022_32
EURAUD,long,2022-08-08 12:20:00,2022-08-08 12:25:00,-5000.0,-1.0,1,"NY
21-03JST","EURAUD_NY
21-03JST",2022_32
EURAUD,long,2022-08-08 12:25:00,2022-08-08 12:30:00,-4999.9999999997535,-0.9999999999999508,1,"NY
21-03JST","EURAUD_NY
21-03JST",2022_32
EURAUD,long,2022-08-08 12:35:00,2022-08-08 12:40:00,-1208.0173347785274,-0.2416034669557054,2,"NY
21-03JST","EURAUD_NY
21-03JST",2022_32
EURAUD,long,2022-08-08 12:50:00,2022-08-08 12:55:00,5531.319910515293,1.1062639821030584,4,"NY
21-03JST","EURAUD_NY
21-03JST",2022_32
EURAUD,long,2022-08-08 12:55:00,2022-08-08 13:00:00,9233.983286909404,1.8467966573818808,3,"NY
21-03JST","EURAUD_NY
21-03JST",2022_32
EURAUD,long,2022-08-08 13:25:00,2022-08-08 13:30:00,4553.349875930362,0.9106699751860724,3,"NY
21-03JST","EURAUD_NY
21-03JST",2022_32
EURAUD,long,2022-08-08 13:30:00,2022-08-08 13:35:00,7433.517310586899,1.4867034621173798,2,"NY
21-03JST","EURAUD_NY
21-03JST",2022_32
EURAUD,long,2022-08-08 13:35:00,2022-08-08 13:40:00,3344.1396508715225,0.6688279301743045,2,"NY
21-03JST","EURAUD_NY
21-03JST",2022_32
AUDUSD,long,2022-08-08 16:35:00,2022-08-08 16:40:00,-502.95857988233314,-0.1005917159764666,4,"NY
21-03JST","AUDUSD_NY
21-03JST",2022_32
CHFJPY,long,2022-08-08 16:35:00,2022-08-08 16:40:00,4204.5454545449165,0.8409090909089834,9,"NY
21-03JST","CHFJPY_NY
21-03JST",2022_32
CHFJPY,long,2022-08-08 16:40:00,2022-08-08 16:45:00,4556.4516129007925,0.9112903225801584,7,"NY
21-03JST","CHFJPY_NY
21-03JST",2022_32
CHFJPY,long,2022-08-08 16:45:00,2022-08-08 16:50:00,5968.790637189827,1.1937581274379654,6,"NY
21-03JST","CHFJPY_NY
21-03JST",2022_32
AUDUSD,long,2022-08-08 16:55:00,2022-08-08 17:00:00,-1088.235294117788,-0.2176470588235576,4,"NY
21-03JST","AUDUSD_NY
21-03JST",2022_32
CHFJPY,long,2022-08-08 17:00:00,2022-08-08 17:05:00,9669.117647057874,1.9338235294115749,3,"NY
21-03JST","CHFJPY_NY
21-03JST",2022_32
AUDUSD,long,2022-08-08 17:00:00,2022-08-08 17:05:00,804.1958041963907,0.1608391608392781,3,"NY
21-03JST","AUDUSD_NY
21-03JST",2022_32
AUDNZD,long,2022-08-09 08:35:00,2022-08-09 08:40:00,-5000.000000000384,-1.0000000000000768,2,"欧州
15-21JST","AUDNZD_欧州
15-21JST",2022_32
AUDNZD,long,2022-08-09 08:40:00,2022-08-09 08:45:00,-2951.807228915437,-0.5903614457830875,2,"欧州
15-21JST","AUDNZD_欧州
15-21JST",2022_32
AUDNZD,long,2022-08-09 08:50:00,2022-08-09 08:55:00,3672.566371675821,0.7345132743351641,2,"欧州
15-21JST","AUDNZD_欧州
15-21JST",2022_32
AUDNZD,long,2022-08-09 08:55:00,2022-08-09 09:00:00,-4999.999999997574,-0.9999999999995148,1,"欧州
15-21JST","AUDNZD_欧州
15-21JST",2022_32
AUDNZD,long,2022-08-09 09:10:00,2022-08-09 09:15:00,-5000.000000000611,-1.0000000000001223,2,"欧州
15-21JST","AUDNZD_欧州
15-21JST",2022_32
AUDNZD,long,2022-08-09 09:15:00,2022-08-09 09:20:00,-5000.000000001418,-1.0000000000002836,1,"欧州
15-21JST","AUDNZD_欧州
15-21JST",2022_32
AUDNZD,long,2022-08-09 09:25:00,2022-08-09 09:30:00,230.38605230062493,0.0460772104601249,2,"欧州
15-21JST","AUDNZD_欧州
15-21JST",2022_32
AUDNZD,long,2022-08-09 09:35:00,2022-08-09 09:40:00,-4999.999999999739,-0.9999999999999478,1,"欧州
15-21JST","AUDNZD_欧州
15-21JST",2022_32
AUDNZD,long,2022-08-09 09:45:00,2022-08-09 09:50:00,3132.1184510225744,0.6264236902045148,4,"欧州
15-21JST","AUDNZD_欧州
15-21JST",2022_32
AUDNZD,long,2022-08-09 09:50:00,2022-08-09 09:55:00,-1373.8738738753732,-0.2747747747750746,3,"欧州
15-21JST","AUDNZD_欧州
15-21JST",2022_32
AUDUSD,short,2022-08-09 11:45:00,2022-08-09 11:50:00,-546.8750000018296,-0.1093750000003659,2,"欧州
15-21JST","AUDUSD_欧州
15-21JST",2022_32
AUDUSD,short,2022-08-09 11:50:00,2022-08-09 11:55:00,-4999.999999999643,-0.9999999999999284,1,"欧州
15-21JST","AUDUSD_欧州
15-21JST",2022_32
EURAUD,long,2022-08-09 14:40:00,2022-08-09 14:45:00,-5000.000000000087,-1.0000000000000175,1,"NY
21-03JST","EURAUD_NY
21-03JST",2022_32
EURAUD,long,2022-08-09 14:45:00,2022-08-09 14:50:00,9057.59162303663,1.8115183246073256,4,"NY
21-03JST","EURAUD_NY
21-03JST",2022_32
AUDUSD,long,2022-08-09 16:45:00,2022-08-09 16:50:00,437.7311960538328,0.0875462392107665,6,"NY
21-03JST","AUDUSD_NY
21-03JST",2022_32
AUDNZD,long,2022-08-10 08:45:00,2022-08-10 08:50:00,-5000.000000001439,-1.0000000000002878,1,"欧州
15-21JST","AUDNZD_欧州
15-21JST",2022_32
AUDNZD,long,2022-08-10 08:50:00,2022-08-10 08:55:00,-4999.999999999133,-0.9999999999998268,1,"欧州
15-21JST","AUDNZD_欧州
15-21JST",2022_32
AUDNZD,long,2022-08-10 08:55:00,2022-08-10 09:00:00,-1746.3479415665104,-0.349269588313302,3,"欧州
15-21JST","AUDNZD_欧州
15-21JST",2022_32
AUDNZD,long,2022-08-10 09:15:00,2022-08-10 09:20:00,-5000.000000001708,-1.0000000000003415,1,"欧州
15-21JST","AUDNZD_欧州
15-21JST",2022_32
AUDNZD,long,2022-08-10 09:20:00,2022-08-10 09:25:00,-5000.000000000552,-1.0000000000001104,1,"欧州
15-21JST","AUDNZD_欧州
15-21JST",2022_32
AUDNZD,long,2022-08-10 09:25:00,2022-08-10 09:30:00,-5000.000000001606,-1.0000000000003213,1,"欧州
15-21JST","AUDNZD_欧州
15-21JST",2022_32
AUDNZD,long,2022-08-10 09:30:00,2022-08-10 09:35:00,-5000.0,-1.0,1,"欧州
15-21JST","AUDNZD_欧州
15-21JST",2022_32
AUDNZD,long,2022-08-10 09:35:00,2022-08-10 09:40:00,1991.57641395962,0.398315282791924,2,"欧州
15-21JST","AUDNZD_欧州
15-21JST",2022_32
AUDNZD,long,2022-08-10 09:50:00,2022-08-10 09:55:00,-1865.671641790744,-0.3731343283581488,2,"欧州
15-21JST","AUDNZD_欧州
15-21JST",2022_32
AUDNZD,long,2022-08-10 10:05:00,2022-08-10 10:10:00,3186.1575178947783,0.6372315035789556,4,"欧州
15-21JST","AUDNZD_欧州
15-21JST",2022_32
AUDNZD,long,2022-08-10 10:10:00,2022-08-10 10:15:00,650.602409633031,0.1301204819266062,3,"欧州
15-21JST","AUDNZD_欧州
15-21JST",2022_32
AUDNZD,long,2022-08-10 10:25:00,2022-08-10 10:30:00,-4999.999999998548,-0.9999999999997096,1,"欧州
15-21JST","AUDNZD_欧州
15-21JST",2022_32
AUDNZD,long,2022-08-10 10:30:00,2022-08-10 10:35:00,-255.75447570383025,-0.051150895140766,3,"欧州
15-21JST","AUDNZD_欧州
15-21JST",2022_32
AUDNZD,long,2022-08-10 10:35:00,2022-08-10 10:40:00,-1101.036269434206,-0.2202072538868412,2,"欧州
15-21JST","AUDNZD_欧州
15-21JST",2022_32
AUDNZD,long,2022-08-10 10:50:00,2022-08-10 10:55:00,-5000.0,-1.0,1,"欧州
15-21JST","AUDNZD_欧州
15-21JST",2022_32
AUDNZD,long,2022-08-10 10:55:00,2022-08-10 11:00:00,5707.070707069882,1.1414141414139765,9,"欧州
15-21JST","AUDNZD_欧州
15-21JST",2022_32
AUDNZD,long,2022-08-10 11:00:00,2022-08-10 11:05:00,9957.26495726595,1.99145299145319,8,"欧州
15-21JST","AUDNZD_欧州
15-21JST",2022_32
CHFJPY,long,2022-08-10 12:30:00,2022-08-10 12:35:00,-5000.00000000027,-1.000000000000054,1,"NY
21-03JST","CHFJPY_NY
21-03JST",2022_32
CHFJPY,long,2022-08-10 12:40:00,2022-08-10 12:45:00,838.883602917935,0.167776720583587,9,"NY
21-03JST","CHFJPY_NY
21-03JST",2022_32
CHFJPY,long,2022-08-10 12:45:00,2022-08-10 12:50:00,1037.8228782289807,0.2075645756457961,8,"NY
21-03JST","CHFJPY_NY
21-03JST",2022_32
EURAUD,long,2022-08-10 13:10:00,2022-08-10 13:15:00,1627.861854870266,0.3255723709740531,5,"NY
21-03JST","EURAUD_NY
21-03JST",2022_32
EURAUD,long,2022-08-10 13:15:00,2022-08-10 13:20:00,1499.711038335797,0.2999422076671594,4,"NY
21-03JST","EURAUD_NY
21-03JST",2022_32
CHFJPY,long,2022-08-10 13:40:00,2022-08-10 13:45:00,-3321.601407830129,-0.6643202815660258,2,"NY
21-03JST","CHFJPY_NY
21-03JST",2022_32
EURAUD,long,2022-08-10 13:40:00,2022-08-10 13:45:00,-4999.999999999825,-0.999999999999965,2,"NY
21-03JST","EURAUD_NY
21-03JST",2022_32
EURAUD,long,2022-08-10 13:45:00,2022-08-10 13:50:00,-5000.00000000019,-1.000000000000038,2,"NY
21-03JST","EURAUD_NY
21-03JST",2022_32
CHFJPY,long,2022-08-10 13:50:00,2022-08-10 13:55:00,-4999.999999999697,-0.9999999999999394,1,"NY
21-03JST","CHFJPY_NY
21-03JST",2022_32
EURAUD,long,2022-08-10 13:55:00,2022-08-10 14:00:00,-4999.999999999929,-0.9999999999999858,1,"NY
21-03JST","EURAUD_NY
21-03JST",2022_32
EURAUD,long,2022-08-10 15:10:00,2022-08-10 15:15:00,-2705.7356608483938,-0.5411471321696788,2,"NY
21-03JST","EURAUD_NY
21-03JST",2022_32
EURAUD,long,2022-08-10 15:15:00,2022-08-10 15:20:00,-5000.000000000325,-1.0000000000000648,2,"NY
21-03JST","EURAUD_NY
21-03JST",2022_32
EURAUD,long,2022-08-10 15:20:00,2022-08-10 15:25:00,-4999.999999999753,-0.9999999999999504,1,"NY
21-03JST","EURAUD_NY
21-03JST",2022_32
EURAUD,long,2022-08-10 15:25:00,2022-08-10 15:30:00,-5000.000000000334,-1.0000000000000668,1,"NY
21-03JST","EURAUD_NY
21-03JST",2022_32
EURAUD,long,2022-08-10 15:30:00,2022-08-10 15:35:00,-5000.000000000494,-1.0000000000000988,1,"NY
21-03JST","EURAUD_NY
21-03JST",2022_32
EURAUD,long,2022-08-10 16:00:00,2022-08-10 16:05:00,-4999.999999999663,-0.9999999999999324,1,"NY
21-03JST","EURAUD_NY
21-03JST",2022_32
EURAUD,long,2022-08-10 16:05:00,2022-08-10 16:10:00,-5000.00000000045,-1.0000000000000902,1,"NY
21-03JST","EURAUD_NY
21-03JST",2022_32
EURAUD,long,2022-08-10 16:10:00,2022-08-10 16:15:00,1086.9565217388738,0.2173913043477747,10,"NY
21-03JST","EURAUD_NY
21-03JST",2022_32
EURAUD,long,2022-08-10 16:15:00,2022-08-10 16:20:00,1190.288195815221,0.2380576391630441,9,"NY
21-03JST","EURAUD_NY
21-03JST",2022_32
EURAUD,long,2022-08-10 16:30:00,2022-08-10 16:35:00,-147.62516046091068,-0.0295250320921821,6,"NY
21-03JST","EURAUD_NY
21-03JST",2022_32
EURAUD,long,2022-08-10 16:40:00,2022-08-10 16:45:00,-134.88797439350623,-0.0269775948787012,4,"NY
21-03JST","EURAUD_NY
21-03JST",2022_32
EURAUD,long,2022-08-10 16:45:00,2022-08-10 16:50:00,1381.486676018495,0.276297335203699,3,"NY
21-03JST","EURAUD_NY
21-03JST",2022_32
EURAUD,long,2022-08-10 17:05:00,2022-08-10 17:10:00,-5000.0,-1.0,2,"NY
21-03JST","EURAUD_NY
21-03JST",2022_32
AUDNZD,long,2022-08-11 11:40:00,2022-08-11 11:45:00,-5000.000000001483,-1.0000000000002969,1,"欧州
15-21JST","AUDNZD_欧州
15-21JST",2022_32
CHFJPY,long,2022-08-11 12:30:00,2022-08-11 12:35:00,-1546.863988723885,-0.309372797744777,2,"NY
21-03JST","CHFJPY_NY
21-03JST",2022_32
CHFJPY,long,2022-08-11 12:40:00,2022-08-11 12:45:00,909.5477386922964,0.1819095477384593,4,"NY
21-03JST","CHFJPY_NY
21-03JST",2022_32
EURAUD,long,2022-08-11 12:40:00,2022-08-11 12:45:00,-3247.1728594516544,-0.6494345718903309,2,"NY
21-03JST","EURAUD_NY
21-03JST",2022_32
CHFJPY,long,2022-08-11 12:45:00,2022-08-11 12:50:00,236.2204724409449,0.0472440944881889,3,"NY
21-03JST","CHFJPY_NY
21-03JST",2022_32
EURAUD,long,2022-08-11 12:45:00,2022-08-11 12:50:00,418.2272159791882,0.0836454431958376,4,"NY
21-03JST","EURAUD_NY
21-03JST",2022_32
EURAUD,long,2022-08-11 12:50:00,2022-08-11 12:55:00,3964.961739830529,0.7929923479661058,3,"NY
21-03JST","EURAUD_NY
21-03JST",2022_32
EURAUD,long,2022-08-11 13:10:00,2022-08-11 13:15:00,-3636.009353079035,-0.727201870615807,2,"NY
21-03JST","EURAUD_NY
21-03JST",2022_32
EURAUD,long,2022-08-11 13:20:00,2022-08-11 13:25:00,-3128.632313056097,-0.6257264626112193,4,"NY
21-03JST","EURAUD_NY
21-03JST",2022_32
EURAUD,long,2022-08-11 13:25:00,2022-08-11 13:30:00,-4657.894736842281,-0.9315789473684564,3,"NY
21-03JST","EURAUD_NY
21-03JST",2022_32
AUDUSD,short,2022-08-12 10:00:00,2022-08-12 10:05:00,15821.52974504488,3.164305949008976,3,"欧州
15-21JST","AUDUSD_欧州
15-21JST",2022_32
AUDUSD,short,2022-08-12 10:05:00,2022-08-12 10:10:00,7068.965517242463,1.4137931034484923,2,"欧州
15-21JST","AUDUSD_欧州
15-21JST",2022_32
AUDUSD,short,2022-08-12 10:10:00,2022-08-12 10:15:00,7391.48936170217,1.478297872340434,7,"欧州
15-21JST","AUDUSD_欧州
15-21JST",2022_32
AUDUSD,short,2022-08-12 10:15:00,2022-08-12 10:20:00,7066.993464053345,1.413398692810669,6,"欧州
15-21JST","AUDUSD_欧州
15-21JST",2022_32
AUDUSD,short,2022-08-12 10:30:00,2022-08-12 10:35:00,8152.270703473798,1.6304541406947597,3,"欧州
15-21JST","AUDUSD_欧州
15-21JST",2022_32
AUDUSD,short,2022-08-12 10:35:00,2022-08-12 10:40:00,4464.609800362795,0.892921960072559,2,"欧州
15-21JST","AUDUSD_欧州
15-21JST",2022_32
AUDUSD,short,2022-08-12 10:40:00,2022-08-12 10:45:00,1319.0184049084523,0.2638036809816905,2,"欧州
15-21JST","AUDUSD_欧州
15-21JST",2022_32
AUDUSD,short,2022-08-12 10:45:00,2022-08-12 10:50:00,-4999.999999999548,-0.9999999999999096,1,"欧州
15-21JST","AUDUSD_欧州
15-21JST",2022_32
AUDNZD,long,2022-08-12 11:35:00,2022-08-12 11:40:00,-4999.999999999366,-0.9999999999998732,2,"欧州
15-21JST","AUDNZD_欧州
15-21JST",2022_32
AUDNZD,long,2022-08-12 11:40:00,2022-08-12 11:45:00,-2044.145873318698,-0.4088291746637396,7,"欧州
15-21JST","AUDNZD_欧州
15-21JST",2022_32
AUDNZD,long,2022-08-12 11:45:00,2022-08-12 11:50:00,-417.4573055043263,-0.0834914611008652,6,"欧州
15-21JST","AUDNZD_欧州
15-21JST",2022_32
AUDNZD,long,2022-08-12 11:50:00,2022-08-12 11:55:00,-196.0784313729588,-0.0392156862745917,5,"欧州
15-21JST","AUDNZD_欧州
15-21JST",2022_32
EURAUD,long,2022-08-12 12:40:00,2022-08-12 12:45:00,-5000.0000000006285,-1.0000000000001257,1,"NY
21-03JST","EURAUD_NY
21-03JST",2022_32
EURAUD,long,2022-08-12 12:45:00,2022-08-12 12:50:00,-4999.999999999384,-0.9999999999998768,1,"NY
21-03JST","EURAUD_NY
21-03JST",2022_32
EURAUD,long,2022-08-12 12:50:00,2022-08-12 12:55:00,-4999.999999999265,-0.999999999999853,1,"NY
21-03JST","EURAUD_NY
21-03JST",2022_32
EURAUD,long,2022-08-12 12:55:00,2022-08-12 13:00:00,-5000.000000000367,-1.0000000000000735,1,"NY
21-03JST","EURAUD_NY
21-03JST",2022_32
EURAUD,long,2022-08-12 13:00:00,2022-08-12 13:05:00,2863.013698628003,0.5726027397256006,3,"NY
21-03JST","EURAUD_NY
21-03JST",2022_32
EURAUD,long,2022-08-12 13:05:00,2022-08-12 13:10:00,1916.846652267612,0.3833693304535224,2,"NY
21-03JST","EURAUD_NY
21-03JST",2022_32
EURAUD,long,2022-08-12 13:20:00,2022-08-12 13:25:00,1791.0447761178484,0.3582089552235696,2,"NY
21-03JST","EURAUD_NY
21-03JST",2022_32
EURAUD,long,2022-08-12 13:30:00,2022-08-12 13:35:00,-2380.0383877146164,-0.4760076775429233,3,"NY
21-03JST","EURAUD_NY
21-03JST",2022_32
EURAUD,long,2022-08-12 13:40:00,2022-08-12 13:45:00,-4999.999999999336,-0.9999999999998672,1,"NY
21-03JST","EURAUD_NY
21-03JST",2022_32
EURAUD,long,2022-08-12 13:50:00,2022-08-12 13:55:00,5489.614243324231,1.0979228486648462,2,"NY
21-03JST","EURAUD_NY
21-03JST",2022_32
EURAUD,long,2022-08-12 13:55:00,2022-08-12 14:00:00,2349.1686460795627,0.4698337292159125,2,"NY
21-03JST","EURAUD_NY
21-03JST",2022_32
EURAUD,long,2022-08-12 14:10:00,2022-08-12 14:15:00,205.3274139839116,0.0410654827967823,2,"NY
21-03JST","EURAUD_NY
21-03JST",2022_32
EURAUD,long,2022-08-12 14:20:00,2022-08-12 14:25:00,-4274.360746371138,-0.8548721492742276,3,"NY
21-03JST","EURAUD_NY
21-03JST",2022_32
CHFJPY,long,2022-08-12 14:30:00,2022-08-12 14:35:00,-636.4229765016735,-0.1272845953003347,2,"NY
21-03JST","CHFJPY_NY
21-03JST",2022_32
EURAUD,long,2022-08-12 14:30:00,2022-08-12 14:35:00,-2880.2313712159403,-0.5760462742431881,2,"NY
21-03JST","EURAUD_NY
21-03JST",2022_32
EURAUD,long,2022-08-12 14:40:00,2022-08-12 14:45:00,-4999.999999999766,-0.9999999999999531,1,"NY
21-03JST","EURAUD_NY
21-03JST",2022_32
CHFJPY,long,2022-08-12 14:45:00,2022-08-12 14:50:00,-4999.999999999912,-0.9999999999999823,1,"NY
21-03JST","CHFJPY_NY
21-03JST",2022_32
EURAUD,long,2022-08-12 14:45:00,2022-08-12 14:50:00,-5000.000000000077,-1.0000000000000155,1,"NY
21-03JST","EURAUD_NY
21-03JST",2022_32
CHFJPY,long,2022-08-12 14:50:00,2022-08-12 14:55:00,7683.7606837608355,1.536752136752167,32,"NY
21-03JST","CHFJPY_NY
21-03JST",2022_32
EURAUD,long,2022-08-12 14:50:00,2022-08-12 14:55:00,-2735.9735973590077,-0.5471947194718014,4,"NY
21-03JST","EURAUD_NY
21-03JST",2022_32
EURAUD,long,2022-08-12 14:55:00,2022-08-12 15:00:00,-99.55041746900338,-0.0199100834938006,3,"NY
21-03JST","EURAUD_NY
21-03JST",2022_32
EURAUD,long,2022-08-12 15:00:00,2022-08-12 15:05:00,-2394.931023419446,-0.4789862046838892,6,"NY
21-03JST","EURAUD_NY
21-03JST",2022_32
EURAUD,long,2022-08-12 15:10:00,2022-08-12 15:15:00,-2194.899817849928,-0.4389799635699855,4,"NY
21-03JST","EURAUD_NY
21-03JST",2022_32
EURAUD,long,2022-08-12 15:15:00,2022-08-12 15:20:00,-505.31914893594353,-0.1010638297871887,3,"NY
21-03JST","EURAUD_NY
21-03JST",2022_32
EURAUD,long,2022-08-12 15:30:00,2022-08-12 15:35:00,802.469135802266,0.1604938271604532,7,"NY
21-03JST","EURAUD_NY
21-03JST",2022_32
EURAUD,long,2022-08-12 16:05:00,2022-08-12 16:10:00,-5000.000000000826,-1.0000000000001652,1,"NY
21-03JST","EURAUD_NY
21-03JST",2022_32
EURAUD,long,2022-08-12 16:10:00,2022-08-12 16:15:00,-5000.000000000697,-1.0000000000001394,1,"NY
21-03JST","EURAUD_NY
21-03JST",2022_32
EURAUD,long,2022-08-12 17:40:00,2022-08-12 17:45:00,-5000.000000000849,-1.0000000000001696,1,"NY
21-03JST","EURAUD_NY
21-03JST",2022_32
EURAUD,long,2022-08-12 17:45:00,2022-08-12 17:50:00,493.670886074521,0.0987341772149042,3,"NY
21-03JST","EURAUD_NY
21-03JST",2022_32
EURAUD,long,2022-08-12 17:50:00,2022-08-12 17:55:00,2510.72961373474,0.5021459227469479,2,"NY
21-03JST","EURAUD_NY
21-03JST",2022_32
USDJPY,short,2022-08-15 00:50:00,2022-08-15 00:55:00,-5000.0000000001055,-1.000000000000021,1,"東京
09-15JST","USDJPY_東京
09-15JST",2022_33
AUDUSD,short,2022-08-15 06:25:00,2022-08-15 06:30:00,-4411.764705883591,-0.8823529411767181,2,"欧州
15-21JST","AUDUSD_欧州
15-21JST",2022_33
AUDUSD,short,2022-08-15 06:30:00,2022-08-15 06:35:00,-4999.999999999481,-0.999999999999896,1,"欧州
15-21JST","AUDUSD_欧州
15-21JST",2022_33
AUDUSD,short,2022-08-15 07:05:00,2022-08-15 07:10:00,-1845.849802371672,-0.3691699604743344,2,"欧州
15-21JST","AUDUSD_欧州
15-21JST",2022_33
AUDUSD,short,2022-08-15 08:20:00,2022-08-15 08:25:00,21322.049405305766,4.2644098810611535,7,"欧州
15-21JST","AUDUSD_欧州
15-21JST",2022_33
AUDUSD,short,2022-08-15 08:25:00,2022-08-15 08:30:00,21061.73994387139,4.212347988774278,6,"欧州
15-21JST","AUDUSD_欧州
15-21JST",2022_33
AUDUSD,short,2022-08-15 08:30:00,2022-08-15 08:35:00,18675.46432062524,3.735092864125048,5,"欧州
15-21JST","AUDUSD_欧州
15-21JST",2022_33
AUDUSD,short,2022-08-15 08:35:00,2022-08-15 08:40:00,13684.71953578187,2.7369439071563737,4,"欧州
15-21JST","AUDUSD_欧州
15-21JST",2022_33
AUDUSD,short,2022-08-15 08:40:00,2022-08-15 08:45:00,8973.509933774829,1.7947019867549658,3,"欧州
15-21JST","AUDUSD_欧州
15-21JST",2022_33
AUDUSD,short,2022-08-15 08:45:00,2022-08-15 08:50:00,6777.56653992461,1.355513307984922,2,"欧州
15-21JST","AUDUSD_欧州
15-21JST",2022_33
AUDUSD,short,2022-08-15 08:50:00,2022-08-15 08:55:00,17621.951219514012,3.5243902439028023,6,"欧州
15-21JST","AUDUSD_欧州
15-21JST",2022_33
AUDUSD,short,2022-08-15 08:55:00,2022-08-15 09:00:00,18744.49339207106,3.748898678414212,5,"欧州
15-21JST","AUDUSD_欧州
15-21JST",2022_33
AUDUSD,short,2022-08-15 09:00:00,2022-08-15 09:05:00,17777.268560954766,3.5554537121909533,4,"欧州
15-21JST","AUDUSD_欧州
15-21JST",2022_33
AUDUSD,short,2022-08-15 09:15:00,2022-08-15 09:20:00,7.225433524454373,0.0014450867048908,3,"欧州
15-21JST","AUDUSD_欧州
15-21JST",2022_33
AUDUSD,short,2022-08-15 09:50:00,2022-08-15 09:55:00,-4999.999999999927,-0.9999999999999856,1,"欧州
15-21JST","AUDUSD_欧州
15-21JST",2022_33
EURJPY,short,2022-08-15 09:50:00,2022-08-15 09:55:00,-5000.000000000106,-1.000000000000021,1,"欧州
15-21JST","EURJPY_欧州
15-21JST",2022_33
EURJPY,short,2022-08-15 10:10:00,2022-08-15 10:15:00,8068.094873754296,1.6136189747508591,5,"欧州
15-21JST","EURJPY_欧州
15-21JST",2022_33
EURJPY,short,2022-08-15 10:15:00,2022-08-15 10:20:00,4183.0322073818825,0.8366064414763765,4,"欧州
15-21JST","EURJPY_欧州
15-21JST",2022_33
EURJPY,short,2022-08-15 10:20:00,2022-08-15 10:25:00,-497.7029096490309,-0.0995405819298061,3,"欧州
15-21JST","EURJPY_欧州
15-21JST",2022_33
EURJPY,short,2022-08-15 10:25:00,2022-08-15 10:30:00,-1900.8935824548112,-0.3801787164909622,2,"欧州
15-21JST","EURJPY_欧州
15-21JST",2022_33
EURJPY,short,2022-08-15 10:30:00,2022-08-15 10:35:00,-1937.68056128698,-0.3875361122573959,4,"欧州
15-21JST","EURJPY_欧州
15-21JST",2022_33
EURJPY,short,2022-08-15 10:35:00,2022-08-15 10:40:00,-5000.000000000705,-1.000000000000141,3,"欧州
15-21JST","EURJPY_欧州
15-21JST",2022_33
EURGBP,long,2022-08-15 11:10:00,2022-08-15 11:15:00,-593.5251798567838,-0.1187050359713567,6,"欧州
15-21JST","EURGBP_欧州
15-21JST",2022_33
EURGBP,long,2022-08-15 11:50:00,2022-08-15 11:55:00,449.9494438800164,0.0899898887760032,5,"欧州
15-21JST","EURGBP_欧州
15-21JST",2022_33
EURJPY,short,2022-08-15 11:50:00,2022-08-15 11:55:00,-5000.000000000826,-1.0000000000001652,1,"欧州
15-21JST","EURJPY_欧州
15-21JST",2022_33
EURGBP,long,2022-08-15 11:55:00,2022-08-15 12:00:00,-2980.0995024900626,-0.5960199004980126,4,"欧州
15-21JST","EURGBP_欧州
15-21JST",2022_33
CHFJPY,long,2022-08-15 12:00:00,2022-08-15 12:05:00,-5000.0,-1.0,1,"NY
21-03JST","CHFJPY_NY
21-03JST",2022_33
CHFJPY,long,2022-08-15 12:05:00,2022-08-15 12:10:00,-4999.999999999067,-0.9999999999998134,1,"NY
21-03JST","CHFJPY_NY
21-03JST",2022_33
CHFJPY,long,2022-08-15 12:10:00,2022-08-15 12:15:00,-4999.999999999866,-0.9999999999999732,1,"NY
21-03JST","CHFJPY_NY
21-03JST",2022_33
CHFJPY,long,2022-08-15 12:15:00,2022-08-15 12:20:00,-493.8271604944243,-0.0987654320988848,2,"NY
21-03JST","CHFJPY_NY
21-03JST",2022_33
CHFJPY,long,2022-08-15 12:20:00,2022-08-15 12:25:00,-5000.0,-1.0,1,"NY
21-03JST","CHFJPY_NY
21-03JST",2022_33
CHFJPY,long,2022-08-15 12:30:00,2022-08-15 12:35:00,-5000.000000000558,-1.0000000000001117,1,"NY
21-03JST","CHFJPY_NY
21-03JST",2022_33
CHFJPY,long,2022-08-15 12:40:00,2022-08-15 12:45:00,-1876.9606134546636,-0.3753921226909327,2,"NY
21-03JST","CHFJPY_NY
21-03JST",2022_33
CHFJPY,long,2022-08-15 13:05:00,2022-08-15 13:10:00,2764.545763865573,0.5529091527731147,3,"NY
21-03JST","CHFJPY_NY
21-03JST",2022_33
CHFJPY,long,2022-08-15 13:15:00,2022-08-15 13:20:00,1780.7720320462938,0.3561544064092588,2,"NY
21-03JST","CHFJPY_NY
21-03JST",2022_33
CHFJPY,long,2022-08-15 13:30:00,2022-08-15 13:35:00,-2241.042345277353,-0.4482084690554707,2,"NY
21-03JST","CHFJPY_NY
21-03JST",2022_33
CHFJPY,long,2022-08-15 13:40:00,2022-08-15 13:45:00,-4196.801112656001,-0.8393602225312002,3,"NY
21-03JST","CHFJPY_NY
21-03JST",2022_33
CHFJPY,long,2022-08-15 13:45:00,2022-08-15 13:50:00,9878.299622900196,1.975659924580039,17,"NY
21-03JST","CHFJPY_NY
21-03JST",2022_33
CHFJPY,long,2022-08-15 13:55:00,2022-08-15 14:00:00,10379.163713678952,2.0758327427357903,15,"NY
21-03JST","CHFJPY_NY
21-03JST",2022_33
EURGBP,long,2022-08-16 09:00:00,2022-08-16 09:05:00,-4999.999999999234,-0.9999999999998468,1,"欧州
15-21JST","EURGBP_欧州
15-21JST",2022_33
EURGBP,long,2022-08-16 09:05:00,2022-08-16 09:10:00,27154.75024485629,5.430950048971257,14,"欧州
15-21JST","EURGBP_欧州
15-21JST",2022_33
EURGBP,long,2022-08-16 09:10:00,2022-08-16 09:15:00,22296.01518026412,4.459203036052824,13,"欧州
15-21JST","EURGBP_欧州
15-21JST",2022_33
EURGBP,long,2022-08-16 09:25:00,2022-08-16 09:30:00,14430.37974683573,2.8860759493671457,10,"欧州
15-21JST","EURGBP_欧州
15-21JST",2022_33
AUDUSD,short,2022-08-16 09:55:00,2022-08-16 10:00:00,-5000.000000000561,-1.000000000000112,1,"欧州
15-21JST","AUDUSD_欧州
15-21JST",2022_33
CHFJPY,long,2022-08-16 15:40:00,2022-08-16 15:45:00,1422.01834862645,0.28440366972529,5,"NY
21-03JST","CHFJPY_NY
21-03JST",2022_33
USDJPY,short,2022-08-17 02:00:00,2022-08-17 02:05:00,1533.333333332769,0.3066666666665538,2,"東京
09-15JST","USDJPY_東京
09-15JST",2022_33
AUDNZD,long,2022-08-17 02:00:00,2022-08-17 02:05:00,-4999.999999999578,-0.9999999999999156,1,"東京
09-15JST","AUDNZD_東京
09-15JST",2022_33
AUDNZD,long,2022-08-17 02:05:00,2022-08-17 02:10:00,-5000.000000000553,-1.0000000000001106,1,"東京
09-15JST","AUDNZD_東京
09-15JST",2022_33
USDJPY,short,2022-08-17 02:05:00,2022-08-17 02:10:00,-4999.999999999288,-0.9999999999998576,2,"東京
09-15JST","USDJPY_東京
09-15JST",2022_33
AUDNZD,long,2022-08-17 02:10:00,2022-08-17 02:15:00,9708.624708624504,1.9417249417249007,6,"東京
09-15JST","AUDNZD_東京
09-15JST",2022_33
EURGBP,long,2022-08-17 06:00:00,2022-08-17 06:05:00,10374.376039934785,2.074875207986957,2,"欧州
15-21JST","EURGBP_欧州
15-21JST",2022_33
AUDUSD,short,2022-08-17 09:25:00,2022-08-17 09:30:00,1159.999999999924,0.2319999999999848,5,"欧州
15-21JST","AUDUSD_欧州
15-21JST",2022_33
AUDUSD,short,2022-08-17 09:30:00,2022-08-17 09:35:00,-549.1329479766226,-0.1098265895953245,4,"欧州
15-21JST","AUDUSD_欧州
15-21JST",2022_33
AUDUSD,short,2022-08-17 10:20:00,2022-08-17 10:25:00,3270.0421940914766,0.6540084388182953,2,"欧州
15-21JST","AUDUSD_欧州
15-21JST",2022_33
AUDUSD,short,2022-08-17 10:25:00,2022-08-17 10:30:00,-5000.000000000598,-1.0000000000001197,1,"欧州
15-21JST","AUDUSD_欧州
15-21JST",2022_33
AUDUSD,short,2022-08-17 10:30:00,2022-08-17 10:35:00,39192.26957383394,7.838453914766788,15,"欧州
15-21JST","AUDUSD_欧州
15-21JST",2022_33
AUDUSD,short,2022-08-17 10:40:00,2022-08-17 10:45:00,29835.9887535145,5.9671977507029,13,"欧州
15-21JST","AUDUSD_欧州
15-21JST",2022_33
AUDUSD,short,2022-08-17 10:45:00,2022-08-17 10:50:00,22041.2642668995,4.4082528533799,12,"欧州
15-21JST","AUDUSD_欧州
15-21JST",2022_33
AUDNZD,long,2022-08-18 03:25:00,2022-08-18 03:30:00,4636.91376702138,0.927382753404276,4,"東京
09-15JST","AUDNZD_東京
09-15JST",2022_33
AUDNZD,long,2022-08-18 03:30:00,2022-08-18 03:35:00,6297.836938437907,1.2595673876875813,3,"東京
09-15JST","AUDNZD_東京
09-15JST",2022_33
EURGBP,long,2022-08-18 08:45:00,2022-08-18 08:50:00,7178.3625730974445,1.4356725146194889,3,"欧州
15-21JST","EURGBP_欧州
15-21JST",2022_33
CHFJPY,long,2022-08-18 16:20:00,2022-08-18 16:25:00,-698.3240223442115,-0.1396648044688423,4,"NY
21-03JST","CHFJPY_NY
21-03JST",2022_33
EURJPY,short,2022-08-19 10:05:00,2022-08-19 10:10:00,-4152.18536071738,-0.830437072143476,2,"欧州
15-21JST","EURJPY_欧州
15-21JST",2022_33
AUDUSD,short,2022-08-19 10:55:00,2022-08-19 11:00:00,-3319.999999997841,-0.6639999999995682,3,"欧州
15-21JST","AUDUSD_欧州
15-21JST",2022_33
AUDUSD,short,2022-08-19 11:35:00,2022-08-19 11:40:00,-4999.999999999768,-0.9999999999999536,1,"欧州
15-21JST","AUDUSD_欧州
15-21JST",2022_33
CHFJPY,long,2022-08-19 17:30:00,2022-08-19 17:35:00,-4999.999999999548,-0.9999999999999096,4,"NY
21-03JST","CHFJPY_NY
21-03JST",2022_33
AUDNZD,long,2022-08-22 03:20:00,2022-08-22 03:25:00,-802.5830258292755,-0.1605166051658551,3,"東京
09-15JST","AUDNZD_東京
09-15JST",2022_34
AUDNZD,long,2022-08-22 03:40:00,2022-08-22 03:45:00,10026.178010468351,2.005235602093671,9,"東京
09-15JST","AUDNZD_東京
09-15JST",2022_34
AUDNZD,long,2022-08-22 03:45:00,2022-08-22 03:50:00,12371.727748686666,2.474345549737333,8,"東京
09-15JST","AUDNZD_東京
09-15JST",2022_34
AUDNZD,long,2022-08-22 03:50:00,2022-08-22 03:55:00,12577.77777777421,2.515555555554842,7,"東京
09-15JST","AUDNZD_東京
09-15JST",2022_34
EURGBP,long,2022-08-22 08:55:00,2022-08-22 09:00:00,-4729.520865532578,-0.9459041731065156,3,"欧州
15-21JST","EURGBP_欧州
15-21JST",2022_34
EURGBP,long,2022-08-22 09:00:00,2022-08-22 09:05:00,-1937.1519490855617,-0.3874303898171123,2,"欧州
15-21JST","EURGBP_欧州
15-21JST",2022_34
NZDJPY,short,2022-08-22 09:10:00,2022-08-22 09:15:00,4454.449152542638,0.8908898305085277,6,"欧州
15-21JST","NZDJPY_欧州
15-21JST",2022_34
EURGBP,long,2022-08-22 09:15:00,2022-08-22 09:20:00,3742.949234488248,0.7485898468976495,7,"欧州
15-21JST","EURGBP_欧州
15-21JST",2022_34
EURGBP,long,2022-08-22 09:55:00,2022-08-22 10:00:00,-1035.0154479912126,-0.2070030895982425,2,"欧州
15-21JST","EURGBP_欧州
15-21JST",2022_34
EURGBP,long,2022-08-22 10:10:00,2022-08-22 10:15:00,654.1524459618105,0.1308304891923621,2,"欧州
15-21JST","EURGBP_欧州
15-21JST",2022_34
EURGBP,long,2022-08-22 10:35:00,2022-08-22 10:40:00,706.0849598157945,0.1412169919631589,2,"欧州
15-21JST","EURGBP_欧州
15-21JST",2022_34
AUDUSD,long,2022-08-22 13:45:00,2022-08-22 13:50:00,-5000.000000000391,-1.0000000000000782,2,"NY
21-03JST","AUDUSD_NY
21-03JST",2022_34
AUDUSD,long,2022-08-22 13:50:00,2022-08-22 13:55:00,-5000.000000000077,-1.0000000000000155,1,"NY
21-03JST","AUDUSD_NY
21-03JST",2022_34
AUDUSD,long,2022-08-22 13:55:00,2022-08-22 14:00:00,-3878.048780487253,-0.7756097560974506,2,"NY
21-03JST","AUDUSD_NY
21-03JST",2022_34
AUDUSD,long,2022-08-22 14:00:00,2022-08-22 14:05:00,-4183.81344307199,-0.8367626886143981,3,"NY
21-03JST","AUDUSD_NY
21-03JST",2022_34
AUDUSD,long,2022-08-22 14:10:00,2022-08-22 14:15:00,-5000.0,-1.0,1,"NY
21-03JST","AUDUSD_NY
21-03JST",2022_34
AUDUSD,long,2022-08-22 14:20:00,2022-08-22 14:25:00,-154.56989247427546,-0.030913978494855,2,"NY
21-03JST","AUDUSD_NY
21-03JST",2022_34
AUDUSD,long,2022-08-22 14:25:00,2022-08-22 14:30:00,-451.436388508347,-0.0902872777016694,2,"NY
21-03JST","AUDUSD_NY
21-03JST",2022_34
AUDUSD,long,2022-08-22 14:30:00,2022-08-22 14:35:00,-1938.088829071046,-0.3876177658142092,2,"NY
21-03JST","AUDUSD_NY
21-03JST",2022_34
AUDUSD,long,2022-08-22 14:35:00,2022-08-22 14:40:00,-4816.993464052538,-0.9633986928105076,2,"NY
21-03JST","AUDUSD_NY
21-03JST",2022_34
AUDUSD,long,2022-08-22 14:45:00,2022-08-22 14:50:00,575.6358768404561,0.1151271753680912,5,"NY
21-03JST","AUDUSD_NY
21-03JST",2022_34
AUDUSD,long,2022-08-22 14:50:00,2022-08-22 14:55:00,1239.946380697617,0.2479892761395234,4,"NY
21-03JST","AUDUSD_NY
21-03JST",2022_34
AUDUSD,long,2022-08-22 15:30:00,2022-08-22 15:35:00,-5000.000000000462,-1.0000000000000924,1,"NY
21-03JST","AUDUSD_NY
21-03JST",2022_34
AUDUSD,long,2022-08-22 15:35:00,2022-08-22 15:40:00,18569.023569024517,3.713804713804903,13,"NY
21-03JST","AUDUSD_NY
21-03JST",2022_34
AUDNZD,long,2022-08-23 00:05:00,2022-08-23 00:10:00,5439.9141630920685,1.0879828326184138,3,"東京
09-15JST","AUDNZD_東京
09-15JST",2022_34
AUDUSD,long,2022-08-23 17:50:00,2022-08-23 17:55:00,4005.847953216784,0.8011695906433568,12,"NY
21-03JST","AUDUSD_NY
21-03JST",2022_34
AUDUSD,long,2022-08-23 17:55:00,2022-08-23 20:00:00,-2331.022530329473,-0.4662045060658946,11,"NY
21-03JST","AUDUSD_NY
21-03JST",2022_34
NZDUSD,long,2022-08-24 00:55:00,2022-08-24 01:00:00,-4999.999999999458,-0.9999999999998916,1,"東京
09-15JST","NZDUSD_東京
09-15JST",2022_34
EURGBP,long,2022-08-24 08:05:00,2022-08-24 08:10:00,-4999.999999999894,-0.9999999999999788,1,"欧州
15-21JST","EURGBP_欧州
15-21JST",2022_34
EURGBP,long,2022-08-24 08:10:00,2022-08-24 08:15:00,-5000.000000000318,-1.0000000000000635,2,"欧州
15-21JST","EURGBP_欧州
15-21JST",2022_34
EURGBP,long,2022-08-24 08:15:00,2022-08-24 08:20:00,-1415.4589371963882,-0.2830917874392776,3,"欧州
15-21JST","EURGBP_欧州
15-21JST",2022_34
EURGBP,long,2022-08-24 08:20:00,2022-08-24 08:25:00,-3433.852140078695,-0.686770428015739,2,"欧州
15-21JST","EURGBP_欧州
15-21JST",2022_34
EURGBP,long,2022-08-24 08:25:00,2022-08-24 08:30:00,-5000.000000000652,-1.0000000000001303,1,"欧州
15-21JST","EURGBP_欧州
15-21JST",2022_34
EURGBP,long,2022-08-24 08:35:00,2022-08-24 08:40:00,23643.00626304671,4.728601252609343,11,"欧州
15-21JST","EURGBP_欧州
15-21JST",2022_34
EURGBP,long,2022-08-24 08:40:00,2022-08-24 08:45:00,20904.365904364862,4.1808731808729735,10,"欧州
15-21JST","EURGBP_欧州
15-21JST",2022_34
EURGBP,long,2022-08-24 08:45:00,2022-08-24 08:50:00,23145.833333331648,4.62916666666633,9,"欧州
15-21JST","EURGBP_欧州
15-21JST",2022_34
EURGBP,long,2022-08-24 09:00:00,2022-08-24 09:05:00,18669.06474820273,3.733812949640547,6,"欧州
15-21JST","EURGBP_欧州
15-21JST",2022_34
AUDUSD,short,2022-08-24 10:30:00,2022-08-24 10:35:00,7526.315789472687,1.5052631578945377,5,"欧州
15-21JST","AUDUSD_欧州
15-21JST",2022_34
AUDUSD,short,2022-08-24 10:35:00,2022-08-24 10:40:00,4688.109161791577,0.9376218323583154,4,"欧州
15-21JST","AUDUSD_欧州
15-21JST",2022_34
AUDUSD,short,2022-08-24 10:40:00,2022-08-24 10:45:00,5649.2248062005765,1.1298449612401154,3,"欧州
15-21JST","AUDUSD_欧州
15-21JST",2022_34
AUDUSD,short,2022-08-24 10:45:00,2022-08-24 10:50:00,-2850.0451671188944,-0.5700090334237788,2,"欧州
15-21JST","AUDUSD_欧州
15-21JST",2022_34
AUDUSD,short,2022-08-24 10:50:00,2022-08-24 10:55:00,-4999.999999999683,-0.9999999999999364,2,"欧州
15-21JST","AUDUSD_欧州
15-21JST",2022_34
AUDUSD,short,2022-08-24 10:55:00,2022-08-24 11:00:00,-4999.999999999462,-0.9999999999998924,2,"欧州
15-21JST","AUDUSD_欧州
15-21JST",2022_34
AUDUSD,short,2022-08-24 11:20:00,2022-08-24 11:25:00,7639.724849527138,1.5279449699054275,2,"欧州
15-21JST","AUDUSD_欧州
15-21JST",2022_34
AUDUSD,short,2022-08-24 11:25:00,2022-08-24 11:30:00,3824.531516184471,0.7649063032368942,3,"欧州
15-21JST","AUDUSD_欧州
15-21JST",2022_34
AUDUSD,short,2022-08-24 11:30:00,2022-08-24 11:35:00,-4501.187648455705,-0.900237529691141,2,"欧州
15-21JST","AUDUSD_欧州
15-21JST",2022_34
AUDUSD,short,2022-08-24 11:40:00,2022-08-24 11:45:00,-5000.000000000185,-1.0000000000000369,1,"欧州
15-21JST","AUDUSD_欧州
15-21JST",2022_34
AUDUSD,long,2022-08-24 13:05:00,2022-08-24 13:10:00,-1766.9953295276905,-0.3533990659055381,4,"NY
21-03JST","AUDUSD_NY
21-03JST",2022_34
AUDUSD,long,2022-08-24 13:10:00,2022-08-24 13:15:00,-534.2902711329257,-0.1068580542265851,3,"NY
21-03JST","AUDUSD_NY
21-03JST",2022_34
AUDUSD,long,2022-08-24 14:00:00,2022-08-24 14:05:00,13763.825634351551,2.752765126870311,5,"NY
21-03JST","AUDUSD_NY
21-03JST",2022_34
EURGBP,long,2022-08-25 08:25:00,2022-08-25 08:30:00,2448.1514878261346,0.4896302975652269,4,"欧州
15-21JST","EURGBP_欧州
15-21JST",2022_34
EURGBP,long,2022-08-25 09:00:00,2022-08-25 09:05:00,-2741.935483869497,-0.5483870967738994,5,"欧州
15-21JST","EURGBP_欧州
15-21JST",2022_34
EURGBP,long,2022-08-25 09:05:00,2022-08-25 09:10:00,-1865.6716417906207,-0.3731343283581242,4,"欧州
15-21JST","EURGBP_欧州
15-21JST",2022_34
AUDUSD,short,2022-08-25 10:30:00,2022-08-25 10:35:00,-578.2918149464268,-0.1156583629892853,2,"欧州
15-21JST","AUDUSD_欧州
15-21JST",2022_34
EURGBP,long,2022-08-25 11:50:00,2022-08-25 11:55:00,-4999.999999999025,-0.999999999999805,1,"欧州
15-21JST","EURGBP_欧州
15-21JST",2022_34
EURGBP,long,2022-08-25 11:55:00,2022-08-25 12:00:00,-3120.204603579928,-0.6240409207159856,3,"欧州
15-21JST","EURGBP_欧州
15-21JST",2022_34
AUDUSD,long,2022-08-25 13:15:00,2022-08-25 13:20:00,-2286.821705426573,-0.4573643410853146,2,"NY
21-03JST","AUDUSD_NY
21-03JST",2022_34
AUDUSD,long,2022-08-25 13:30:00,2022-08-25 13:35:00,6598.705501617771,1.3197411003235542,6,"NY
21-03JST","AUDUSD_NY
21-03JST",2022_34
AUDUSD,long,2022-08-25 13:35:00,2022-08-25 13:40:00,5044.843049327577,1.0089686098655155,5,"NY
21-03JST","AUDUSD_NY
21-03JST",2022_34
AUDUSD,long,2022-08-25 13:40:00,2022-08-25 13:45:00,5366.713681241164,1.0733427362482326,4,"NY
21-03JST","AUDUSD_NY
21-03JST",2022_34
AUDNZD,long,2022-08-26 00:10:00,2022-08-26 00:15:00,14041.450777197968,2.8082901554395936,6,"東京
09-15JST","AUDNZD_東京
09-15JST",2022_34
NZDUSD,long,2022-08-26 00:25:00,2022-08-26 00:30:00,-948.5530546603316,-0.1897106109320663,2,"東京
09-15JST","NZDUSD_東京
09-15JST",2022_34
NZDUSD,long,2022-08-26 00:50:00,2022-08-26 00:55:00,6452.991452989792,1.2905982905979585,3,"東京
09-15JST","NZDUSD_東京
09-15JST",2022_34
NZDUSD,long,2022-08-26 01:20:00,2022-08-26 01:25:00,-4999.999999999311,-0.999999999999862,1,"東京
09-15JST","NZDUSD_東京
09-15JST",2022_34
NZDUSD,long,2022-08-26 01:25:00,2022-08-26 01:30:00,-58.02707930470308,-0.0116054158609406,2,"東京
09-15JST","NZDUSD_東京
09-15JST",2022_34
NZDUSD,long,2022-08-26 01:40:00,2022-08-26 01:45:00,7393.857271906854,1.4787714543813708,6,"東京
09-15JST","NZDUSD_東京
09-15JST",2022_34
NZDUSD,long,2022-08-26 01:55:00,2022-08-26 02:00:00,4138.225255973802,0.8276450511947604,3,"東京
09-15JST","NZDUSD_東京
09-15JST",2022_34
EURGBP,long,2022-08-26 10:10:00,2022-08-26 10:15:00,8869.294605808207,1.7738589211616411,4,"欧州
15-21JST","EURGBP_欧州
15-21JST",2022_34
EURGBP,long,2022-08-26 10:15:00,2022-08-26 10:20:00,-2795.8015267171577,-0.5591603053434315,3,"欧州
15-21JST","EURGBP_欧州
15-21JST",2022_34
AUDUSD,long,2022-08-26 14:25:00,2022-08-26 14:30:00,-5000.000000000104,-1.0000000000000209,1,"NY
21-03JST","AUDUSD_NY
21-03JST",2022_34
AUDUSD,long,2022-08-26 14:30:00,2022-08-26 14:35:00,-4711.53846153866,-0.942307692307732,3,"NY
21-03JST","AUDUSD_NY
21-03JST",2022_34
AUDUSD,long,2022-08-26 14:35:00,2022-08-26 14:40:00,-1604.9382716051623,-0.3209876543210325,2,"NY
21-03JST","AUDUSD_NY
21-03JST",2022_34
AUDUSD,long,2022-08-26 14:40:00,2022-08-26 14:45:00,-1670.388566324235,-0.334077713264847,2,"NY
21-03JST","AUDUSD_NY
21-03JST",2022_34
AUDUSD,long,2022-08-26 14:45:00,2022-08-26 14:50:00,-5000.000000000025,-1.0000000000000049,1,"NY
21-03JST","AUDUSD_NY
21-03JST",2022_34
AUDUSD,long,2022-08-26 14:50:00,2022-08-26 14:55:00,-4559.563758389261,-0.9119127516778522,4,"NY
21-03JST","AUDUSD_NY
21-03JST",2022_34
AUDUSD,long,2022-08-26 14:55:00,2022-08-26 15:00:00,-4589.09853249516,-0.917819706499032,3,"NY
21-03JST","AUDUSD_NY
21-03JST",2022_34
AUDUSD,long,2022-08-26 15:05:00,2022-08-26 15:10:00,-4999.999999999861,-0.999999999999972,1,"NY
21-03JST","AUDUSD_NY
21-03JST",2022_34
AUDUSD,long,2022-08-26 15:10:00,2022-08-26 15:15:00,-5000.000000000053,-1.0000000000000109,1,"NY
21-03JST","AUDUSD_NY
21-03JST",2022_34
AUDUSD,long,2022-08-26 15:15:00,2022-08-26 15:20:00,-1372.1325403569724,-0.2744265080713944,8,"NY
21-03JST","AUDUSD_NY
21-03JST",2022_34
AUDUSD,long,2022-08-26 15:20:00,2022-08-26 15:25:00,-687.2037914693597,-0.1374407582938719,7,"NY
21-03JST","AUDUSD_NY
21-03JST",2022_34
AUDUSD,long,2022-08-26 15:40:00,2022-08-26 15:45:00,507.680779318193,0.1015361558636386,2,"NY
21-03JST","AUDUSD_NY
21-03JST",2022_34
AUDUSD,long,2022-08-26 16:15:00,2022-08-26 16:20:00,-4616.788321167807,-0.9233576642335616,2,"NY
21-03JST","AUDUSD_NY
21-03JST",2022_34
AUDUSD,long,2022-08-26 16:20:00,2022-08-26 16:25:00,-4999.999999999838,-0.9999999999999676,1,"NY
21-03JST","AUDUSD_NY
21-03JST",2022_34
AUDUSD,long,2022-08-26 16:25:00,2022-08-26 16:30:00,-4487.179487180427,-0.8974358974360853,3,"NY
21-03JST","AUDUSD_NY
21-03JST",2022_34
AUDUSD,long,2022-08-26 16:30:00,2022-08-26 16:35:00,-2295.9738846571963,-0.4591947769314393,2,"NY
21-03JST","AUDUSD_NY
21-03JST",2022_34
AUDUSD,long,2022-08-26 16:35:00,2022-08-26 16:40:00,-1241.3394919167863,-0.2482678983833573,2,"NY
21-03JST","AUDUSD_NY
21-03JST",2022_34
AUDUSD,long,2022-08-26 16:40:00,2022-08-26 16:45:00,-192.42155121368108,-0.0384843102427362,5,"NY
21-03JST","AUDUSD_NY
21-03JST",2022_34
AUDUSD,long,2022-08-26 16:45:00,2022-08-26 16:50:00,-5000.000000000308,-1.0000000000000615,4,"NY
21-03JST","AUDUSD_NY
21-03JST",2022_34
AUDUSD,long,2022-08-26 17:05:00,2022-08-26 17:10:00,-2801.0471204193955,-0.5602094240838791,2,"NY
21-03JST","AUDUSD_NY
21-03JST",2022_34
AUDUSD,long,2022-08-26 17:10:00,2022-08-26 17:15:00,-654.2056074777896,-0.1308411214955579,10,"NY
21-03JST","AUDUSD_NY
21-03JST",2022_34
AUDUSD,long,2022-08-26 17:30:00,2022-08-26 17:35:00,-429.2002934701506,-0.0858400586940301,4,"NY
21-03JST","AUDUSD_NY
21-03JST",2022_34
AUDUSD,long,2022-08-26 17:35:00,2022-08-26 17:40:00,-1363.6363636369108,-0.2727272727273822,3,"NY
21-03JST","AUDUSD_NY
21-03JST",2022_34
AUDNZD,long,2022-08-29 01:50:00,2022-08-29 01:55:00,2102.9411764722404,0.420588235294448,7,"東京
09-15JST","AUDNZD_東京
09-15JST",2022_35
AUDNZD,long,2022-08-29 01:55:00,2022-08-29 02:00:00,1612.9032258097964,0.3225806451619593,6,"東京
09-15JST","AUDNZD_東京
09-15JST",2022_35
AUDNZD,long,2022-08-29 02:10:00,2022-08-29 02:15:00,-1331.3609467423837,-0.2662721893484767,3,"東京
09-15JST","AUDNZD_東京
09-15JST",2022_35
AUDNZD,long,2022-08-29 02:20:00,2022-08-29 02:25:00,-5000.0,-1.0,1,"東京
09-15JST","AUDNZD_東京
09-15JST",2022_35
AUDNZD,long,2022-08-29 02:30:00,2022-08-29 02:35:00,-2443.6674436647518,-0.4887334887329502,2,"東京
09-15JST","AUDNZD_東京
09-15JST",2022_35
AUDNZD,long,2022-08-29 02:40:00,2022-08-29 02:45:00,-4999.999999999808,-0.9999999999999616,2,"東京
09-15JST","AUDNZD_東京
09-15JST",2022_35
AUDNZD,long,2022-08-29 02:45:00,2022-08-29 02:50:00,1680.997420462626,0.3361994840925252,4,"東京
09-15JST","AUDNZD_東京
09-15JST",2022_35
AUDNZD,long,2022-08-29 02:50:00,2022-08-29 02:55:00,3651.00087032206,0.7302001740644121,3,"東京
09-15JST","AUDNZD_東京
09-15JST",2022_35
AUDNZD,long,2022-08-29 02:55:00,2022-08-29 03:00:00,5064.102564101149,1.01282051282023,2,"東京
09-15JST","AUDNZD_東京
09-15JST",2022_35
AUDNZD,long,2022-08-29 03:10:00,2022-08-29 03:15:00,-1430.4235090731504,-0.2860847018146301,2,"東京
09-15JST","AUDNZD_東京
09-15JST",2022_35
AUDNZD,long,2022-08-29 03:20:00,2022-08-29 03:25:00,3757.497857752027,0.7514995715504054,7,"東京
09-15JST","AUDNZD_東京
09-15JST",2022_35
EURGBP,long,2022-08-30 06:45:00,2022-08-30 06:50:00,-4203.036053130306,-0.8406072106260611,2,"欧州
15-21JST","EURGBP_欧州
15-21JST",2022_35
EURGBP,long,2022-08-30 06:55:00,2022-08-30 07:00:00,-4999.999999999403,-0.9999999999998808,1,"欧州
15-21JST","EURGBP_欧州
15-21JST",2022_35
EURGBP,long,2022-08-30 07:00:00,2022-08-30 07:05:00,-5000.000000000381,-1.0000000000000762,1,"欧州
15-21JST","EURGBP_欧州
15-21JST",2022_35
EURGBP,long,2022-08-30 07:05:00,2022-08-30 07:10:00,24327.39059967746,4.865478119935492,9,"欧州
15-21JST","EURGBP_欧州
15-21JST",2022_35
EURGBP,long,2022-08-30 07:10:00,2022-08-30 07:15:00,22942.857142857545,4.588571428571509,8,"欧州
15-21JST","EURGBP_欧州
15-21JST",2022_35
EURGBP,long,2022-08-30 08:00:00,2022-08-30 08:05:00,-5000.000000000465,-1.000000000000093,1,"欧州
15-21JST","EURGBP_欧州
15-21JST",2022_35
EURGBP,long,2022-08-30 08:05:00,2022-08-30 08:10:00,-4999.999999999684,-0.9999999999999368,1,"欧州
15-21JST","EURGBP_欧州
15-21JST",2022_35
USDJPY,short,2022-08-30 08:05:00,2022-08-30 08:10:00,9293.19371727849,1.858638743455698,2,"欧州
15-21JST","USDJPY_欧州
15-21JST",2022_35
EURGBP,long,2022-08-30 08:10:00,2022-08-30 08:15:00,-2285.714285714398,-0.4571428571428796,6,"欧州
15-21JST","EURGBP_欧州
15-21JST",2022_35
USDJPY,short,2022-08-30 08:10:00,2022-08-30 08:15:00,3268.770923004508,0.6537541846009016,3,"欧州
15-21JST","USDJPY_欧州
15-21JST",2022_35
USDJPY,short,2022-08-30 08:15:00,2022-08-30 08:20:00,-2632.850241545128,-0.5265700483090255,3,"欧州
15-21JST","USDJPY_欧州
15-21JST",2022_35
EURGBP,long,2022-08-30 08:20:00,2022-08-30 08:25:00,-1485.148514850195,-0.297029702970039,4,"欧州
15-21JST","EURGBP_欧州
15-21JST",2022_35
EURGBP,long,2022-08-30 08:30:00,2022-08-30 08:35:00,-5000.000000000318,-1.0000000000000635,2,"欧州
15-21JST","EURGBP_欧州
15-21JST",2022_35
EURGBP,long,2022-08-30 08:40:00,2022-08-30 08:45:00,5788.897005113525,1.157779401022705,4,"欧州
15-21JST","EURGBP_欧州
15-21JST",2022_35
EURGBP,long,2022-09-01 06:25:00,2022-09-01 06:30:00,1945.1697127923376,0.3890339425584675,2,"欧州
15-21JST","EURGBP_欧州
15-21JST",2022_35
EURGBP,long,2022-09-01 06:35:00,2022-09-01 06:40:00,2505.6433408543785,0.5011286681708756,2,"欧州
15-21JST","EURGBP_欧州
15-21JST",2022_35
EURGBP,long,2022-09-01 06:40:00,2022-09-01 06:45:00,7131.324004304163,1.4262648008608327,2,"欧州
15-21JST","EURGBP_欧州
15-21JST",2022_35
EURGBP,long,2022-09-01 07:00:00,2022-09-01 07:05:00,-5000.000000000493,-1.0000000000000986,2,"欧州
15-21JST","EURGBP_欧州
15-21JST",2022_35
EURGBP,long,2022-09-01 07:05:00,2022-09-01 07:10:00,-4999.999999999618,-0.9999999999999236,1,"欧州
15-21JST","EURGBP_欧州
15-21JST",2022_35
EURGBP,long,2022-09-01 07:10:00,2022-09-01 07:15:00,-4999.999999999713,-0.9999999999999424,1,"欧州
15-21JST","EURGBP_欧州
15-21JST",2022_35
EURGBP,long,2022-09-01 07:15:00,2022-09-01 07:20:00,-5000.0,-1.0,1,"欧州
15-21JST","EURGBP_欧州
15-21JST",2022_35
EURGBP,long,2022-09-01 07:20:00,2022-09-01 07:25:00,-5000.00000000018,-1.000000000000036,1,"欧州
15-21JST","EURGBP_欧州
15-21JST",2022_35
EURGBP,long,2022-09-01 07:25:00,2022-09-01 07:30:00,4904.610492844991,0.9809220985689984,3,"欧州
15-21JST","EURGBP_欧州
15-21JST",2022_35
AUDUSD,short,2022-09-01 10:25:00,2022-09-01 10:30:00,6122.740247383063,1.2245480494766126,5,"欧州
15-21JST","AUDUSD_欧州
15-21JST",2022_35
AUDUSD,short,2022-09-01 10:40:00,2022-09-01 10:45:00,-2257.462686566452,-0.4514925373132903,2,"欧州
15-21JST","AUDUSD_欧州
15-21JST",2022_35
CHFJPY,long,2022-09-02 17:10:00,2022-09-02 17:15:00,-3582.375478926653,-0.7164750957853306,2,"NY
21-03JST","CHFJPY_NY
21-03JST",2022_35
CHFJPY,long,2022-09-02 17:20:00,2022-09-02 17:25:00,5240.334378263689,1.0480668756527378,9,"NY
21-03JST","CHFJPY_NY
21-03JST",2022_35
CHFJPY,long,2022-09-02 17:55:00,2022-09-02 18:00:00,188.1876085702578,0.0376375217140515,6,"NY
21-03JST","CHFJPY_NY
21-03JST",2022_35
AUDNZD,long,2022-09-05 01:35:00,2022-09-05 01:40:00,6007.1942446024905,1.201438848920498,5,"東京
09-15JST","AUDNZD_東京
09-15JST",2022_36
AUDNZD,long,2022-09-05 01:40:00,2022-09-05 01:45:00,8523.600439074744,1.7047200878149489,4,"東京
09-15JST","AUDNZD_東京
09-15JST",2022_36
AUDNZD,long,2022-09-05 01:45:00,2022-09-05 01:50:00,2613.516367473794,0.5227032734947589,3,"東京
09-15JST","AUDNZD_東京
09-15JST",2022_36
EURGBP,long,2022-09-05 06:45:00,2022-09-05 06:50:00,7312.25296442468,1.4624505928849358,2,"欧州
15-21JST","EURGBP_欧州
15-21JST",2022_36
EURGBP,long,2022-09-05 06:50:00,2022-09-05 06:55:00,123.45679012425452,0.0246913580248509,3,"欧州
15-21JST","EURGBP_欧州
15-21JST",2022_36
EURGBP,long,2022-09-05 09:20:00,2022-09-05 09:25:00,3892.171344164473,0.7784342688328946,4,"欧州
15-21JST","EURGBP_欧州
15-21JST",2022_36
EURGBP,long,2022-09-05 09:25:00,2022-09-05 09:30:00,862.562634214964,0.1725125268429927,5,"欧州
15-21JST","EURGBP_欧州
15-21JST",2022_36
EURGBP,long,2022-09-05 09:45:00,2022-09-05 09:50:00,-4999.999999999755,-0.999999999999951,1,"欧州
15-21JST","EURGBP_欧州
15-21JST",2022_36
EURGBP,long,2022-09-05 09:55:00,2022-09-05 10:00:00,9560.862865947827,1.9121725731895651,4,"欧州
15-21JST","EURGBP_欧州
15-21JST",2022_36
AUDNZD,long,2022-09-06 03:00:00,2022-09-06 03:05:00,-24.937655862728363,-0.0049875311725456,3,"東京
09-15JST","AUDNZD_東京
09-15JST",2022_36
AUDNZD,long,2022-09-06 03:20:00,2022-09-06 03:25:00,12303.37078651544,2.4606741573030884,6,"東京
09-15JST","AUDNZD_東京
09-15JST",2022_36
AUDUSD,short,2022-09-06 06:30:00,2022-09-06 06:35:00,-4999.999999999579,-0.9999999999999156,4,"欧州
15-21JST","AUDUSD_欧州
15-21JST",2022_36
AUDUSD,short,2022-09-06 07:05:00,2022-09-06 07:10:00,-2294.685990338357,-0.4589371980676714,2,"欧州
15-21JST","AUDUSD_欧州
15-21JST",2022_36
AUDUSD,short,2022-09-06 08:20:00,2022-09-06 08:25:00,8315.217391304202,1.6630434782608403,5,"欧州
15-21JST","AUDUSD_欧州
15-21JST",2022_36
AUDUSD,short,2022-09-06 08:25:00,2022-09-06 08:30:00,8618.090452260723,1.7236180904521448,4,"欧州
15-21JST","AUDUSD_欧州
15-21JST",2022_36
AUDUSD,short,2022-09-06 08:35:00,2022-09-06 08:40:00,-1838.3909668322788,-0.3676781933664557,2,"欧州
15-21JST","AUDUSD_欧州
15-21JST",2022_36
AUDUSD,short,2022-09-06 08:40:00,2022-09-06 08:45:00,-4999.999999999627,-0.9999999999999254,1,"欧州
15-21JST","AUDUSD_欧州
15-21JST",2022_36
AUDUSD,short,2022-09-06 08:50:00,2022-09-06 08:55:00,407.0981210854808,0.0814196242170961,4,"欧州
15-21JST","AUDUSD_欧州
15-21JST",2022_36
AUDUSD,short,2022-09-06 09:00:00,2022-09-06 09:05:00,-2066.142763589284,-0.4132285527178568,3,"欧州
15-21JST","AUDUSD_欧州
15-21JST",2022_36
AUDUSD,short,2022-09-06 09:10:00,2022-09-06 09:15:00,-4672.021419009673,-0.9344042838019346,2,"欧州
15-21JST","AUDUSD_欧州
15-21JST",2022_36
AUDUSD,short,2022-09-06 09:20:00,2022-09-06 09:25:00,-5000.00000000008,-1.000000000000016,1,"欧州
15-21JST","AUDUSD_欧州
15-21JST",2022_36
EURGBP,long,2022-09-06 09:35:00,2022-09-06 09:40:00,-312.50000000105763,-0.0625000000002115,3,"欧州
15-21JST","EURGBP_欧州
15-21JST",2022_36
EURGBP,long,2022-09-06 09:40:00,2022-09-06 09:45:00,62.89308176114068,0.0125786163522281,2,"欧州
15-21JST","EURGBP_欧州
15-21JST",2022_36
EURGBP,long,2022-09-06 09:55:00,2022-09-06 10:00:00,-3045.212765956534,-0.6090425531913068,2,"欧州
15-21JST","EURGBP_欧州
15-21JST",2022_36
EURGBP,long,2022-09-06 10:05:00,2022-09-06 10:10:00,-5000.000000000305,-1.0000000000000608,1,"欧州
15-21JST","EURGBP_欧州
15-21JST",2022_36
EURGBP,long,2022-09-06 10:10:00,2022-09-06 10:15:00,-4999.99999999985,-0.99999999999997,1,"欧州
15-21JST","EURGBP_欧州
15-21JST",2022_36
EURGBP,long,2022-09-06 10:15:00,2022-09-06 10:20:00,510.07556675034647,0.1020151133500693,2,"欧州
15-21JST","EURGBP_欧州
15-21JST",2022_36
EURGBP,long,2022-09-06 10:30:00,2022-09-06 10:35:00,4397.9530403373465,0.8795906080674692,4,"欧州
15-21JST","EURGBP_欧州
15-21JST",2022_36
EURGBP,long,2022-09-06 10:55:00,2022-09-06 11:00:00,-3860.363180963641,-0.7720726361927283,5,"欧州
15-21JST","EURGBP_欧州
15-21JST",2022_36
EURGBP,long,2022-09-06 11:05:00,2022-09-06 11:10:00,-3710.29224904628,-0.742058449809256,4,"欧州
15-21JST","EURGBP_欧州
15-21JST",2022_36
EURGBP,long,2022-09-06 11:10:00,2022-09-06 11:15:00,-1783.663050413279,-0.3567326100826558,3,"欧州
15-21JST","EURGBP_欧州
15-21JST",2022_36
EURGBP,long,2022-09-06 11:15:00,2022-09-06 11:20:00,-944.1036128141772,-0.1888207225628354,2,"欧州
15-21JST","EURGBP_欧州
15-21JST",2022_36
EURGBP,long,2022-09-06 11:25:00,2022-09-06 11:30:00,1377.8939507096757,0.2755787901419351,4,"欧州
15-21JST","EURGBP_欧州
15-21JST",2022_36
EURJPY,long,2022-09-08 14:05:00,2022-09-08 14:10:00,5953.420669577696,1.1906841339155392,8,"NY
21-03JST","EURJPY_NY
21-03JST",2022_36
EURGBP,long,2022-09-09 06:15:00,2022-09-09 06:20:00,2922.9871645287044,0.5845974329057408,3,"欧州
15-21JST","EURGBP_欧州
15-21JST",2022_36
EURGBP,long,2022-09-09 06:20:00,2022-09-09 06:25:00,2016.7064439153564,0.4033412887830713,2,"欧州
15-21JST","EURGBP_欧州
15-21JST",2022_36
EURGBP,long,2022-09-09 06:45:00,2022-09-09 06:50:00,23508.341511285988,4.701668302257198,5,"欧州
15-21JST","EURGBP_欧州
15-21JST",2022_36
USDJPY,short,2022-09-09 07:40:00,2022-09-09 07:45:00,-1249.1069302207748,-0.2498213860441549,3,"欧州
15-21JST","USDJPY_欧州
15-21JST",2022_36
USDJPY,short,2022-09-09 07:45:00,2022-09-09 07:50:00,-2990.6771344452254,-0.5981354268890451,2,"欧州
15-21JST","USDJPY_欧州
15-21JST",2022_36
EURGBP,long,2022-09-09 07:55:00,2022-09-09 08:00:00,-223.09711286176903,-0.0446194225723538,2,"欧州
15-21JST","EURGBP_欧州
15-21JST",2022_36
USDJPY,short,2022-09-09 07:55:00,2022-09-09 08:00:00,4677.89890981128,0.935579781962256,6,"欧州
15-21JST","USDJPY_欧州
15-21JST",2022_36
EURGBP,long,2022-09-09 08:05:00,2022-09-09 08:10:00,-4999.999999999597,-0.9999999999999194,2,"欧州
15-21JST","EURGBP_欧州
15-21JST",2022_36
EURGBP,long,2022-09-09 08:15:00,2022-09-09 08:20:00,5276.774969915698,1.0553549939831397,8,"欧州
15-21JST","EURGBP_欧州
15-21JST",2022_36
EURGBP,long,2022-09-09 08:20:00,2022-09-09 08:25:00,6472.471190780209,1.2944942381560418,7,"欧州
15-21JST","EURGBP_欧州
15-21JST",2022_36
USDJPY,short,2022-09-09 08:25:00,2022-09-09 08:30:00,-4077.628186765277,-0.8155256373530554,2,"欧州
15-21JST","USDJPY_欧州
15-21JST",2022_36
EURJPY,long,2022-09-09 12:55:00,2022-09-09 13:00:00,-5000.000000000298,-1.0000000000000595,1,"NY
21-03JST","EURJPY_NY
21-03JST",2022_36
EURJPY,long,2022-09-09 13:15:00,2022-09-09 13:20:00,13262.661955242074,2.652532391048415,5,"NY
21-03JST","EURJPY_NY
21-03JST",2022_36
AUDNZD,long,2022-09-12 00:10:00,2022-09-12 00:15:00,-371.0506980184229,-0.0742101396036845,4,"東京
09-15JST","AUDNZD_東京
09-15JST",2022_37
AUDNZD,long,2022-09-12 00:25:00,2022-09-12 00:30:00,-5000.000000000183,-1.0000000000000366,2,"東京
09-15JST","AUDNZD_東京
09-15JST",2022_37
AUDNZD,long,2022-09-12 00:30:00,2022-09-12 00:35:00,877.8625954178793,0.1755725190835758,5,"東京
09-15JST","AUDNZD_東京
09-15JST",2022_37
AUDNZD,long,2022-09-12 00:35:00,2022-09-12 00:40:00,894.0972222211084,0.1788194444442216,4,"東京
09-15JST","AUDNZD_東京
09-15JST",2022_37
AUDNZD,long,2022-09-12 00:40:00,2022-09-12 00:45:00,1259.124087589274,0.2518248175178548,3,"東京
09-15JST","AUDNZD_東京
09-15JST",2022_37
AUDNZD,long,2022-09-12 02:05:00,2022-09-12 02:10:00,-865.5804480622567,-0.1731160896124513,2,"東京
09-15JST","AUDNZD_東京
09-15JST",2022_37
AUDNZD,long,2022-09-12 02:15:00,2022-09-12 02:20:00,-2410.1479915431064,-0.4820295983086213,2,"東京
09-15JST","AUDNZD_東京
09-15JST",2022_37
AUDNZD,long,2022-09-12 02:30:00,2022-09-12 02:35:00,1428.5714285699903,0.285714285713998,4,"東京
09-15JST","AUDNZD_東京
09-15JST",2022_37
AUDNZD,long,2022-09-12 02:35:00,2022-09-12 02:40:00,5641.891891890283,1.1283783783780563,3,"東京
09-15JST","AUDNZD_東京
09-15JST",2022_37
AUDNZD,long,2022-09-12 02:55:00,2022-09-12 04:00:00,845.8244111322899,0.1691648822264579,5,"東京
09-15JST","AUDNZD_東京
09-15JST",2022_37
EURGBP,long,2022-09-12 09:45:00,2022-09-12 09:50:00,-4999.999999999802,-0.9999999999999604,1,"欧州
15-21JST","EURGBP_欧州
15-21JST",2022_37
EURGBP,long,2022-09-12 09:55:00,2022-09-12 10:00:00,-4999.999999999814,-0.9999999999999628,1,"欧州
15-21JST","EURGBP_欧州
15-21JST",2022_37
EURGBP,long,2022-09-12 10:20:00,2022-09-12 10:25:00,771.4285714272191,0.1542857142854438,2,"欧州
15-21JST","EURGBP_欧州
15-21JST",2022_37
EURGBP,long,2022-09-12 10:25:00,2022-09-12 10:30:00,-2466.329966330777,-0.4932659932661554,2,"欧州
15-21JST","EURGBP_欧州
15-21JST",2022_37
EURGBP,long,2022-09-12 10:35:00,2022-09-12 10:40:00,570.7395498399123,0.1141479099679824,2,"欧州
15-21JST","EURGBP_欧州
15-21JST",2022_37
EURGBP,long,2022-09-12 10:40:00,2022-09-12 10:45:00,-4116.022099447358,-0.8232044198894717,2,"欧州
15-21JST","EURGBP_欧州
15-21JST",2022_37
EURGBP,long,2022-09-12 10:50:00,2022-09-12 10:55:00,-5000.000000000168,-1.0000000000000338,1,"欧州
15-21JST","EURGBP_欧州
15-21JST",2022_37
EURGBP,long,2022-09-12 10:55:00,2022-09-12 11:00:00,-1234.3404568898925,-0.2468680913779785,4,"欧州
15-21JST","EURGBP_欧州
15-21JST",2022_37
EURGBP,long,2022-09-12 11:00:00,2022-09-12 11:05:00,208.00000000117464,0.0416000000002349,2,"欧州
15-21JST","EURGBP_欧州
15-21JST",2022_37
EURGBP,long,2022-09-12 11:05:00,2022-09-12 11:10:00,-3682.3529411763575,-0.7364705882352715,2,"欧州
15-21JST","EURGBP_欧州
15-21JST",2022_37
EURGBP,long,2022-09-12 11:15:00,2022-09-12 11:20:00,-628.6919831232534,-0.1257383966246507,4,"欧州
15-21JST","EURGBP_欧州
15-21JST",2022_37
EURGBP,long,2022-09-12 11:20:00,2022-09-12 11:25:00,-1024.844720496662,-0.2049689440993324,3,"欧州
15-21JST","EURGBP_欧州
15-21JST",2022_37
EURGBP,long,2022-09-12 12:05:00,2022-09-12 12:10:00,4771.167048054528,0.9542334096109056,3,"NY
21-03JST","EURGBP_NY
21-03JST",2022_37
EURGBP,long,2022-09-12 12:45:00,2022-09-12 12:50:00,-2629.5784381472413,-0.5259156876294483,2,"NY
21-03JST","EURGBP_NY
21-03JST",2022_37
EURGBP,long,2022-09-12 13:05:00,2022-09-12 13:10:00,-4999.999999999926,-0.9999999999999852,1,"NY
21-03JST","EURGBP_NY
21-03JST",2022_37
EURGBP,long,2022-09-12 13:15:00,2022-09-12 13:20:00,2837.8378378372213,0.5675675675674443,3,"NY
21-03JST","EURGBP_NY
21-03JST",2022_37
EURGBP,long,2022-09-12 13:50:00,2022-09-12 13:55:00,-960.5551497439676,-0.1921110299487935,2,"NY
21-03JST","EURGBP_NY
21-03JST",2022_37
EURGBP,long,2022-09-12 13:55:00,2022-09-12 14:00:00,-3030.303030303822,-0.6060606060607644,4,"NY
21-03JST","EURGBP_NY
21-03JST",2022_37
EURGBP,long,2022-09-12 14:05:00,2022-09-12 14:10:00,-386.25088589701625,-0.0772501771794032,2,"NY
21-03JST","EURGBP_NY
21-03JST",2022_37
EURGBP,long,2022-09-12 14:20:00,2022-09-12 14:25:00,-4999.999999999613,-0.9999999999999224,1,"NY
21-03JST","EURGBP_NY
21-03JST",2022_37
EURGBP,long,2022-09-12 14:25:00,2022-09-12 14:30:00,-5000.000000000336,-1.000000000000067,1,"NY
21-03JST","EURGBP_NY
21-03JST",2022_37
EURGBP,long,2022-09-12 14:30:00,2022-09-12 14:35:00,-222.3926380377532,-0.0444785276075506,3,"NY
21-03JST","EURGBP_NY
21-03JST",2022_37
EURGBP,long,2022-09-12 14:50:00,2022-09-12 14:55:00,7797.61904762006,1.559523809524012,4,"NY
21-03JST","EURGBP_NY
21-03JST",2022_37
EURGBP,long,2022-09-12 15:25:00,2022-09-12 15:30:00,1409.6385542177118,0.2819277108435423,3,"NY
21-03JST","EURGBP_NY
21-03JST",2022_37
EURGBP,long,2022-09-12 15:30:00,2022-09-12 15:35:00,-4999.999999999448,-0.9999999999998896,3,"NY
21-03JST","EURGBP_NY
21-03JST",2022_37
AUDNZD,long,2022-09-13 00:05:00,2022-09-13 00:10:00,-5000.000000002115,-1.000000000000423,1,"東京
09-15JST","AUDNZD_東京
09-15JST",2022_37
NZDUSD,long,2022-09-13 12:30:00,2022-09-13 12:35:00,-4999.999999999726,-0.9999999999999452,1,"NY
21-03JST","NZDUSD_NY
21-03JST",2022_37
NZDUSD,long,2022-09-13 12:35:00,2022-09-13 12:40:00,-1886.6204885165168,-0.3773240977033034,2,"NY
21-03JST","NZDUSD_NY
21-03JST",2022_37
NZDUSD,long,2022-09-13 12:40:00,2022-09-13 12:45:00,-4999.99999999977,-0.999999999999954,1,"NY
21-03JST","NZDUSD_NY
21-03JST",2022_37
NZDUSD,long,2022-09-13 12:50:00,2022-09-13 12:55:00,-4999.999999999834,-0.9999999999999668,1,"NY
21-03JST","NZDUSD_NY
21-03JST",2022_37
NZDUSD,long,2022-09-13 12:55:00,2022-09-13 13:00:00,-4999.999999999777,-0.9999999999999556,1,"NY
21-03JST","NZDUSD_NY
21-03JST",2022_37
NZDUSD,long,2022-09-13 13:00:00,2022-09-13 13:05:00,-4999.999999999939,-0.9999999999999878,1,"NY
21-03JST","NZDUSD_NY
21-03JST",2022_37
NZDUSD,long,2022-09-13 13:05:00,2022-09-13 13:10:00,6996.911991765377,1.399382398353075,9,"NY
21-03JST","NZDUSD_NY
21-03JST",2022_37
NZDUSD,long,2022-09-13 13:10:00,2022-09-13 13:15:00,7545.824847250285,1.509164969450057,8,"NY
21-03JST","NZDUSD_NY
21-03JST",2022_37
NZDUSD,long,2022-09-13 14:25:00,2022-09-13 14:30:00,-4999.999999999881,-0.999999999999976,1,"NY
21-03JST","NZDUSD_NY
21-03JST",2022_37
NZDUSD,long,2022-09-13 14:30:00,2022-09-13 14:35:00,-5000.000000000278,-1.0000000000000555,3,"NY
21-03JST","NZDUSD_NY
21-03JST",2022_37
NZDUSD,long,2022-09-13 14:35:00,2022-09-13 14:40:00,-4999.999999999921,-0.999999999999984,2,"NY
21-03JST","NZDUSD_NY
21-03JST",2022_37
NZDUSD,long,2022-09-13 14:40:00,2022-09-13 14:45:00,-3243.445692883556,-0.6486891385767112,2,"NY
21-03JST","NZDUSD_NY
21-03JST",2022_37
NZDUSD,long,2022-09-13 14:45:00,2022-09-13 14:50:00,-5000.000000000168,-1.0000000000000338,1,"NY
21-03JST","NZDUSD_NY
21-03JST",2022_37
NZDUSD,long,2022-09-13 14:50:00,2022-09-13 14:55:00,-638.0597014919081,-0.1276119402983816,2,"NY
21-03JST","NZDUSD_NY
21-03JST",2022_37
NZDUSD,long,2022-09-13 14:55:00,2022-09-13 15:00:00,-4999.999999999708,-0.9999999999999416,3,"NY
21-03JST","NZDUSD_NY
21-03JST",2022_37
NZDUSD,long,2022-09-13 15:15:00,2022-09-13 15:20:00,-2182.966775853433,-0.4365933551706866,7,"NY
21-03JST","NZDUSD_NY
21-03JST",2022_37
NZDUSD,long,2022-09-13 15:20:00,2022-09-13 15:25:00,-1461.4614614608035,-0.2922922922921607,6,"NY
21-03JST","NZDUSD_NY
21-03JST",2022_37
NZDUSD,long,2022-09-13 15:40:00,2022-09-13 15:45:00,-4999.99999999957,-0.999999999999914,2,"NY
21-03JST","NZDUSD_NY
21-03JST",2022_37
NZDUSD,long,2022-09-13 15:45:00,2022-09-13 15:50:00,-3431.771894093828,-0.6863543788187656,2,"NY
21-03JST","NZDUSD_NY
21-03JST",2022_37
NZDUSD,long,2022-09-13 15:55:00,2022-09-13 16:00:00,3448.275862068497,0.6896551724136994,4,"NY
21-03JST","NZDUSD_NY
21-03JST",2022_37
NZDUSD,long,2022-09-13 16:00:00,2022-09-13 16:05:00,4188.544152743538,0.8377088305487076,2,"NY
21-03JST","NZDUSD_NY
21-03JST",2022_37
NZDUSD,long,2022-09-13 16:20:00,2022-09-13 16:25:00,-4999.999999999709,-0.9999999999999418,1,"NY
21-03JST","NZDUSD_NY
21-03JST",2022_37
NZDUSD,long,2022-09-13 16:45:00,2022-09-13 16:50:00,5474.65808527845,1.09493161705569,5,"NY
21-03JST","NZDUSD_NY
21-03JST",2022_37
AUDUSD,short,2022-09-14 06:35:00,2022-09-14 06:40:00,1085.1063829782097,0.2170212765956418,4,"欧州
15-21JST","AUDUSD_欧州
15-21JST",2022_37
AUDUSD,short,2022-09-14 06:40:00,2022-09-14 06:45:00,-2679.100059207072,-0.5358200118414143,3,"欧州
15-21JST","AUDUSD_欧州
15-21JST",2022_37
AUDUSD,short,2022-09-14 07:15:00,2022-09-14 07:20:00,-210.75137446468756,-0.0421502748929375,2,"欧州
15-21JST","AUDUSD_欧州
15-21JST",2022_37
AUDUSD,short,2022-09-14 07:20:00,2022-09-14 07:25:00,-4999.999999999864,-0.9999999999999728,1,"欧州
15-21JST","AUDUSD_欧州
15-21JST",2022_37
EURGBP,long,2022-09-14 08:00:00,2022-09-14 08:05:00,-397.553516818259,-0.0795107033636518,3,"欧州
15-21JST","EURGBP_欧州
15-21JST",2022_37
EURGBP,long,2022-09-14 08:15:00,2022-09-14 08:20:00,1623.1647634585097,0.3246329526917019,5,"欧州
15-21JST","EURGBP_欧州
15-21JST",2022_37
EURGBP,long,2022-09-14 08:20:00,2022-09-14 08:25:00,5040.064102565254,1.0080128205130507,4,"欧州
15-21JST","EURGBP_欧州
15-21JST",2022_37
EURGBP,long,2022-09-14 08:40:00,2022-09-14 08:45:00,-4999.999999999903,-0.9999999999999806,1,"欧州
15-21JST","EURGBP_欧州
15-21JST",2022_37
EURGBP,long,2022-09-14 08:45:00,2022-09-14 08:50:00,-2332.2286661151725,-0.4664457332230345,2,"欧州
15-21JST","EURGBP_欧州
15-21JST",2022_37
EURGBP,long,2022-09-14 08:50:00,2022-09-14 08:55:00,-5000.000000000548,-1.0000000000001097,1,"欧州
15-21JST","EURGBP_欧州
15-21JST",2022_37
EURGBP,long,2022-09-14 09:30:00,2022-09-14 09:35:00,4634.146341464193,0.9268292682928386,2,"欧州
15-21JST","EURGBP_欧州
15-21JST",2022_37
AUDNZD,long,2022-11-02 02:00:00,2022-11-02 02:05:00,1580.8591282375696,0.3161718256475139,48,"東京
09-15JST","AUDNZD_東京
09-15JST",2022_44
AUDNZD,long,2022-11-02 02:05:00,2022-11-02 02:10:00,1560.9296482416537,0.3121859296483307,48,"東京
09-15JST","AUDNZD_東京
09-15JST",2022_44
AUDNZD,long,2022-11-02 02:10:00,2022-11-02 02:15:00,1255.262747544034,0.2510525495088068,48,"東京
09-15JST","AUDNZD_東京
09-15JST",2022_44
AUDNZD,long,2022-11-02 02:15:00,2022-11-02 02:20:00,797.7822270131836,0.1595564454026367,48,"東京
09-15JST","AUDNZD_東京
09-15JST",2022_44
AUDNZD,long,2022-11-02 02:30:00,2022-11-02 02:35:00,138.5083713850418,0.0277016742770083,48,"東京
09-15JST","AUDNZD_東京
09-15JST",2022_44
AUDNZD,long,2022-11-02 02:40:00,2022-11-02 02:45:00,609.5325389552743,0.1219065077910548,48,"東京
09-15JST","AUDNZD_東京
09-15JST",2022_44
AUDNZD,long,2022-11-02 03:00:00,2022-11-02 03:05:00,-238.97877393516123,-0.0477957547870322,48,"東京
09-15JST","AUDNZD_東京
09-15JST",2022_44
AUDNZD,long,2022-11-02 03:05:00,2022-11-02 03:10:00,-51.72159006933307,-0.0103443180138666,48,"東京
09-15JST","AUDNZD_東京
09-15JST",2022_44
AUDNZD,long,2022-11-02 03:35:00,2022-11-02 03:40:00,2766.037735846151,0.5532075471692302,13,"東京
09-15JST","AUDNZD_東京
09-15JST",2022_44
AUDNZD,long,2022-11-02 03:40:00,2022-11-02 03:45:00,-2085.5412566260397,-0.4171082513252078,12,"東京
09-15JST","AUDNZD_東京
09-15JST",2022_44
AUDNZD,long,2022-11-02 03:50:00,2022-11-02 03:55:00,649.5003843183121,0.1299000768636624,10,"東京
09-15JST","AUDNZD_東京
09-15JST",2022_44
GBPUSD,long,2022-11-02 07:15:00,2022-11-02 07:20:00,2453.027139874954,0.4906054279749909,3,"欧州
15-21JST","GBPUSD_欧州
15-21JST",2022_44
GBPUSD,long,2022-11-02 07:20:00,2022-11-02 07:25:00,1730.0581088235226,0.3460116217647045,2,"欧州
15-21JST","GBPUSD_欧州
15-21JST",2022_44
GBPUSD,long,2022-11-02 07:35:00,2022-11-02 07:40:00,919.117647059928,0.1838235294119856,2,"欧州
15-21JST","GBPUSD_欧州
15-21JST",2022_44
GBPUSD,long,2022-11-02 10:25:00,2022-11-02 10:30:00,12619.98041136018,2.523996082272036,5,"欧州
15-21JST","GBPUSD_欧州
15-21JST",2022_44
EURAUD,long,2022-11-02 14:40:00,2022-11-02 14:45:00,-4999.999999999793,-0.9999999999999584,1,"NY
21-03JST","EURAUD_NY
21-03JST",2022_44
CHFJPY,short,2022-11-03 00:30:00,2022-11-03 00:35:00,6218.274111674899,1.24365482233498,3,"東京
09-15JST","CHFJPY_東京
09-15JST",2022_44
CHFJPY,short,2022-11-03 00:35:00,2022-11-03 00:40:00,22800.71174377393,4.560142348754786,4,"東京
09-15JST","CHFJPY_東京
09-15JST",2022_44
AUDNZD,long,2022-11-03 00:40:00,2022-11-03 00:45:00,4791.666666665634,0.9583333333331268,7,"東京
09-15JST","AUDNZD_東京
09-15JST",2022_44
AUDNZD,long,2022-11-03 00:45:00,2022-11-03 00:50:00,4918.397626111401,0.9836795252222802,6,"東京
09-15JST","AUDNZD_東京
09-15JST",2022_44
CHFJPY,short,2022-11-03 00:55:00,2022-11-03 01:00:00,-5000.000000000322,-1.0000000000000644,1,"東京
09-15JST","CHFJPY_東京
09-15JST",2022_44
CHFJPY,short,2022-11-03 01:10:00,2022-11-03 01:15:00,2841.622404636398,0.5683244809272796,2,"東京
09-15JST","CHFJPY_東京
09-15JST",2022_44
AUDNZD,long,2022-11-03 01:20:00,2022-11-03 01:25:00,-4999.999999999518,-0.9999999999999036,1,"東京
09-15JST","AUDNZD_東京
09-15JST",2022_44
AUDNZD,long,2022-11-03 01:25:00,2022-11-03 01:30:00,14220.684632193634,2.844136926438727,14,"東京
09-15JST","AUDNZD_東京
09-15JST",2022_44
AUDNZD,long,2022-11-03 01:30:00,2022-11-03 01:35:00,13157.51445086707,2.631502890173414,13,"東京
09-15JST","AUDNZD_東京
09-15JST",2022_44
CHFJPY,short,2022-11-03 02:20:00,2022-11-03 02:25:00,-5000.000000000407,-1.0000000000000815,4,"東京
09-15JST","CHFJPY_東京
09-15JST",2022_44
GBPUSD,long,2022-11-03 07:00:00,2022-11-03 07:05:00,-4999.999999999769,-0.9999999999999538,1,"欧州
15-21JST","GBPUSD_欧州
15-21JST",2022_44
GBPUSD,long,2022-11-03 07:20:00,2022-11-03 07:25:00,-4999.999999999401,-0.99999999999988,1,"欧州
15-21JST","GBPUSD_欧州
15-21JST",2022_44
NZDJPY,short,2022-11-03 07:20:00,2022-11-03 07:25:00,14822.09043735933,2.964418087471866,3,"欧州
15-21JST","NZDJPY_欧州
15-21JST",2022_44
GBPUSD,long,2022-11-03 07:25:00,2022-11-03 07:30:00,-5000.000000000402,-1.0000000000000804,1,"欧州
15-21JST","GBPUSD_欧州
15-21JST",2022_44
NZDJPY,short,2022-11-03 07:25:00,2022-11-03 07:30:00,10638.82940756793,2.127765881513586,2,"欧州
15-21JST","NZDJPY_欧州
15-21JST",2022_44
NZDJPY,short,2022-11-03 07:30:00,2022-11-03 07:35:00,-2703.5236938033454,-0.540704738760669,2,"欧州
15-21JST","NZDJPY_欧州
15-21JST",2022_44
GBPUSD,long,2022-11-03 07:40:00,2022-11-03 07:45:00,950.540958268333,0.1901081916536666,3,"欧州
15-21JST","GBPUSD_欧州
15-21JST",2022_44
GBPUSD,long,2022-11-03 07:50:00,2022-11-03 07:55:00,-5000.000000000428,-1.0000000000000857,1,"欧州
15-21JST","GBPUSD_欧州
15-21JST",2022_44
NZDJPY,short,2022-11-03 08:00:00,2022-11-03 08:05:00,3597.071327350146,0.7194142654700292,4,"欧州
15-21JST","NZDJPY_欧州
15-21JST",2022_44
GBPUSD,long,2022-11-03 08:00:00,2022-11-03 08:05:00,-1861.9109947650024,-0.3723821989530005,2,"欧州
15-21JST","GBPUSD_欧州
15-21JST",2022_44
GBPUSD,long,2022-11-03 08:05:00,2022-11-03 08:10:00,-1381.2242308923223,-0.2762448461784644,2,"欧州
15-21JST","GBPUSD_欧州
15-21JST",2022_44
GBPUSD,long,2022-11-03 08:15:00,2022-11-03 08:20:00,-5000.0,-1.0,1,"欧州
15-21JST","GBPUSD_欧州
15-21JST",2022_44
NZDJPY,short,2022-11-03 08:15:00,2022-11-03 08:20:00,1659.0073529414226,0.3318014705882845,2,"欧州
15-21JST","NZDJPY_欧州
15-21JST",2022_44
NZDJPY,short,2022-11-03 08:20:00,2022-11-03 08:25:00,-5000.000000000126,-1.000000000000025,3,"欧州
15-21JST","NZDJPY_欧州
15-21JST",2022_44
GBPUSD,long,2022-11-03 08:20:00,2022-11-03 08:25:00,-5000.000000000406,-1.000000000000081,1,"欧州
15-21JST","GBPUSD_欧州
15-21JST",2022_44
GBPUSD,long,2022-11-03 08:25:00,2022-11-03 08:30:00,-4999.999999999543,-0.9999999999999089,1,"欧州
15-21JST","GBPUSD_欧州
15-21JST",2022_44
GBPUSD,long,2022-11-03 08:30:00,2022-11-03 08:35:00,-5000.0000000003165,-1.0000000000000633,1,"欧州
15-21JST","GBPUSD_欧州
15-21JST",2022_44
GBPUSD,long,2022-11-03 08:35:00,2022-11-03 08:40:00,-5000.0,-1.0,1,"欧州
15-21JST","GBPUSD_欧州
15-21JST",2022_44
GBPUSD,long,2022-11-03 08:40:00,2022-11-03 08:45:00,-5000.000000000248,-1.0000000000000495,1,"欧州
15-21JST","GBPUSD_欧州
15-21JST",2022_44
GBPUSD,long,2022-11-03 08:50:00,2022-11-03 08:55:00,-2971.548998946307,-0.5943097997892615,2,"欧州
15-21JST","GBPUSD_欧州
15-21JST",2022_44
GBPUSD,long,2022-11-03 08:55:00,2022-11-03 09:00:00,-1395.3780457178716,-0.2790756091435743,2,"欧州
15-21JST","GBPUSD_欧州
15-21JST",2022_44
GBPUSD,long,2022-11-03 09:20:00,2022-11-03 09:25:00,1472.062139814383,0.2944124279628766,4,"欧州
15-21JST","GBPUSD_欧州
15-21JST",2022_44
GBPUSD,long,2022-11-03 09:45:00,2022-11-03 09:50:00,-1295.6204379558096,-0.2591240875911619,3,"欧州
15-21JST","GBPUSD_欧州
15-21JST",2022_44
GBPUSD,long,2022-11-03 09:55:00,2022-11-03 10:00:00,-2230.426302592205,-0.446085260518441,2,"欧州
15-21JST","GBPUSD_欧州
15-21JST",2022_44
GBPUSD,long,2022-11-03 10:05:00,2022-11-03 10:10:00,-4999.999999999744,-0.9999999999999488,3,"欧州
15-21JST","GBPUSD_欧州
15-21JST",2022_44
GBPUSD,long,2022-11-03 10:10:00,2022-11-03 10:15:00,-3812.5182801984224,-0.7625036560396845,2,"欧州
15-21JST","GBPUSD_欧州
15-21JST",2022_44
GBPUSD,long,2022-11-03 10:15:00,2022-11-03 10:20:00,5977.936791891406,1.1955873583782812,11,"欧州
15-21JST","GBPUSD_欧州
15-21JST",2022_44
GBPUSD,long,2022-11-03 10:20:00,2022-11-03 10:25:00,6304.881793061612,1.2609763586123224,10,"欧州
15-21JST","GBPUSD_欧州
15-21JST",2022_44
GBPUSD,long,2022-11-03 10:25:00,2022-11-03 10:30:00,9507.995079952094,1.9015990159904188,9,"欧州
15-21JST","GBPUSD_欧州
15-21JST",2022_44
NZDJPY,short,2022-11-03 11:30:00,2022-11-03 11:35:00,5590.909090909978,1.1181818181819956,4,"欧州
15-21JST","NZDJPY_欧州
15-21JST",2022_44
NZDJPY,short,2022-11-03 11:35:00,2022-11-03 11:40:00,4555.698647779932,0.9111397295559864,3,"欧州
15-21JST","NZDJPY_欧州
15-21JST",2022_44
NZDJPY,short,2022-11-03 11:40:00,2022-11-03 11:45:00,1698.779704561544,0.3397559409123088,2,"欧州
15-21JST","NZDJPY_欧州
15-21JST",2022_44
EURAUD,long,2022-11-03 14:50:00,2022-11-03 14:55:00,1111.381322956552,0.2222762645913104,8,"NY
21-03JST","EURAUD_NY
21-03JST",2022_44
EURAUD,long,2022-11-03 14:55:00,2022-11-03 15:00:00,1706.5868263478976,0.3413173652695795,7,"NY
21-03JST","EURAUD_NY
21-03JST",2022_44
EURAUD,long,2022-11-03 15:20:00,2022-11-03 15:25:00,1481.481481481132,0.2962962962962264,2,"NY
21-03JST","EURAUD_NY
21-03JST",2022_44
GBPUSD,long,2022-11-04 07:10:00,2022-11-04 07:15:00,2164.319248825935,0.432863849765187,5,"欧州
15-21JST","GBPUSD_欧州
15-21JST",2022_44
NZDJPY,short,2022-11-04 08:20:00,2022-11-04 08:25:00,1251.8301610540082,0.2503660322108016,2,"欧州
15-21JST","NZDJPY_欧州
15-21JST",2022_44
NZDJPY,short,2022-11-04 08:25:00,2022-11-04 08:30:00,-4999.99999999965,-0.99999999999993,1,"欧州
15-21JST","NZDJPY_欧州
15-21JST",2022_44
NZDJPY,short,2022-11-04 08:30:00,2022-11-04 08:35:00,-4999.999999999658,-0.9999999999999316,1,"欧州
15-21JST","NZDJPY_欧州
15-21JST",2022_44
GBPUSD,long,2022-11-04 11:20:00,2022-11-04 11:25:00,1354.4958345304851,0.270899166906097,7,"欧州
15-21JST","GBPUSD_欧州
15-21JST",2022_44
GBPUSD,long,2022-11-04 11:25:00,2022-11-04 11:30:00,1213.1329994433363,0.2426265998886673,6,"欧州
15-21JST","GBPUSD_欧州
15-21JST",2022_44
EURAUD,long,2022-11-04 12:45:00,2022-11-04 12:50:00,-5000.000000000153,-1.0000000000000306,1,"NY
21-03JST","EURAUD_NY
21-03JST",2022_44
EURAUD,long,2022-11-04 12:50:00,2022-11-04 12:55:00,-5000.000000000252,-1.0000000000000504,1,"NY
21-03JST","EURAUD_NY
21-03JST",2022_44
EURAUD,long,2022-11-04 12:55:00,2022-11-04 13:00:00,4661.854854656801,0.93237097093136,2,"NY
21-03JST","EURAUD_NY
21-03JST",2022_44
EURAUD,long,2022-11-04 13:15:00,2022-11-04 13:20:00,857.5380359608233,0.1715076071921646,6,"NY
21-03JST","EURAUD_NY
21-03JST",2022_44
EURAUD,long,2022-11-04 13:25:00,2022-11-04 13:30:00,1747.2793228530395,0.3494558645706079,4,"NY
21-03JST","EURAUD_NY
21-03JST",2022_44
EURAUD,long,2022-11-04 13:50:00,2022-11-04 13:55:00,8861.386138614347,1.772277227722869,12,"NY
21-03JST","EURAUD_NY
21-03JST",2022_44
EURAUD,long,2022-11-04 13:55:00,2022-11-04 14:00:00,9371.657754010988,1.8743315508021976,10,"NY
21-03JST","EURAUD_NY
21-03JST",2022_44
EURAUD,long,2022-11-04 14:00:00,2022-11-04 14:05:00,10796.285875070433,2.1592571750140865,10,"NY
21-03JST","EURAUD_NY
21-03JST",2022_44
EURAUD,long,2022-11-04 18:40:00,2022-11-04 18:45:00,-454.5454545458193,-0.0909090909091638,2,"深夜
03-09JST","EURAUD_深夜
03-09JST",2022_44
EURAUD,long,2022-11-04 18:50:00,2022-11-04 18:55:00,-5000.000000000598,-1.0000000000001197,1,"深夜
03-09JST","EURAUD_深夜
03-09JST",2022_44
EURAUD,long,2022-11-04 18:55:00,2022-11-04 19:00:00,2025.2187339153488,0.4050437467830697,2,"深夜
03-09JST","EURAUD_深夜
03-09JST",2022_44
EURAUD,long,2022-11-04 19:10:00,2022-11-04 19:15:00,5014.800197333104,1.0029600394666207,12,"深夜
03-09JST","EURAUD_深夜
03-09JST",2022_44
NZDJPY,short,2022-11-07 10:50:00,2022-11-07 10:55:00,-4315.139031925719,-0.8630278063851438,6,"欧州
15-21JST","NZDJPY_欧州
15-21JST",2022_45
EURAUD,long,2022-11-07 13:15:00,2022-11-07 13:20:00,5203.829524396567,1.0407659048793134,5,"NY
21-03JST","EURAUD_NY
21-03JST",2022_45
EURJPY,long,2022-11-07 13:15:00,2022-11-07 13:20:00,3899.885801294028,0.7799771602588056,4,"NY
21-03JST","EURJPY_NY
21-03JST",2022_45
EURJPY,long,2022-11-07 13:20:00,2022-11-07 13:25:00,4344.32665881386,0.868865331762772,3,"NY
21-03JST","EURJPY_NY
21-03JST",2022_45
EURAUD,long,2022-11-07 14:05:00,2022-11-07 14:10:00,-1924.7666117517583,-0.3849533223503517,4,"NY
21-03JST","EURAUD_NY
21-03JST",2022_45
EURAUD,long,2022-11-07 14:25:00,2022-11-07 14:30:00,3176.182707994551,0.6352365415989102,2,"NY
21-03JST","EURAUD_NY
21-03JST",2022_45
EURAUD,long,2022-11-07 14:30:00,2022-11-07 14:35:00,7092.793682131819,1.418558736426364,4,"NY
21-03JST","EURAUD_NY
21-03JST",2022_45
EURAUD,long,2022-11-07 14:40:00,2022-11-07 14:45:00,4756.542909311659,0.9513085818623318,2,"NY
21-03JST","EURAUD_NY
21-03JST",2022_45
NZDUSD,long,2022-11-07 16:05:00,2022-11-07 16:10:00,-689.6551724144608,-0.1379310344828921,6,"NY
21-03JST","NZDUSD_NY
21-03JST",2022_45
NZDJPY,short,2022-11-08 06:10:00,2022-11-08 06:15:00,-4999.999999999751,-0.9999999999999502,1,"欧州
15-21JST","NZDJPY_欧州
15-21JST",2022_45
NZDUSD,long,2022-11-08 12:15:00,2022-11-08 12:20:00,6072.530864196835,1.214506172839367,5,"NY
21-03JST","NZDUSD_NY
21-03JST",2022_45
NZDUSD,long,2022-11-08 13:30:00,2022-11-08 13:35:00,5665.119876257352,1.1330239752514704,4,"NY
21-03JST","NZDUSD_NY
21-03JST",2022_45
EURAUD,long,2022-11-08 18:05:00,2022-11-08 18:10:00,12721.814543028167,2.5443629086056334,4,"深夜
03-09JST","EURAUD_深夜
03-09JST",2022_45
AUDUSD,short,2022-11-09 09:45:00,2022-11-09 09:50:00,4945.77006507629,0.989154013015258,2,"欧州
15-21JST","AUDUSD_欧州
15-21JST",2022_45
AUDUSD,short,2022-11-09 11:45:00,2022-11-09 11:50:00,-2810.9452736303656,-0.5621890547260732,2,"欧州
15-21JST","AUDUSD_欧州
15-21JST",2022_45
AUDUSD,short,2022-11-09 11:50:00,2022-11-09 11:55:00,-5000.000000000078,-1.0000000000000155,2,"欧州
15-21JST","AUDUSD_欧州
15-21JST",2022_45
NZDJPY,short,2022-11-10 11:55:00,2022-11-10 12:00:00,303.580695381181,0.0607161390762362,4,"欧州
15-21JST","NZDJPY_欧州
15-21JST",2022_45
AUDUSD,short,2022-11-10 11:55:00,2022-11-10 12:00:00,-4251.6227567775,-0.8503245513554999,8,"欧州
15-21JST","AUDUSD_欧州
15-21JST",2022_45
EURJPY,long,2022-11-10 12:00:00,2022-11-10 12:05:00,-1664.7759500850998,-0.3329551900170199,5,"NY
21-03JST","EURJPY_NY
21-03JST",2022_45
EURJPY,long,2022-11-10 12:25:00,2022-11-10 12:30:00,-3285.410010648441,-0.6570820021296883,3,"NY
21-03JST","EURJPY_NY
21-03JST",2022_45
EURJPY,long,2022-11-10 12:30:00,2022-11-10 12:35:00,-2799.680340968138,-0.5599360681936276,2,"NY
21-03JST","EURJPY_NY
21-03JST",2022_45
EURJPY,long,2022-11-10 12:40:00,2022-11-10 12:45:00,-4999.999999999027,-0.9999999999998054,1,"NY
21-03JST","EURJPY_NY
21-03JST",2022_45
EURJPY,long,2022-11-10 12:45:00,2022-11-10 12:50:00,-3063.400576370784,-0.6126801152741568,2,"NY
21-03JST","EURJPY_NY
21-03JST",2022_45
EURJPY,long,2022-11-10 12:50:00,2022-11-10 12:55:00,-5000.000000000955,-1.000000000000191,1,"NY
21-03JST","EURJPY_NY
21-03JST",2022_45
EURAUD,long,2022-11-10 13:10:00,2022-11-10 13:15:00,-4129.0322580626525,-0.8258064516125305,2,"NY
21-03JST","EURAUD_NY
21-03JST",2022_45
EURAUD,long,2022-11-10 13:20:00,2022-11-10 13:25:00,-4999.999999999893,-0.9999999999999786,1,"NY
21-03JST","EURAUD_NY
21-03JST",2022_45
EURAUD,long,2022-11-10 13:30:00,2022-11-10 13:35:00,6213.592233008854,1.2427184466017709,2,"NY
21-03JST","EURAUD_NY
21-03JST",2022_45
EURJPY,long,2022-11-10 13:35:00,2022-11-10 13:40:00,-5000.000000000499,-1.0000000000001,1,"NY
21-03JST","EURJPY_NY
21-03JST",2022_45
EURJPY,long,2022-11-10 13:45:00,2022-11-10 13:50:00,-581.1623246502699,-0.1162324649300539,2,"NY
21-03JST","EURJPY_NY
21-03JST",2022_45
EURJPY,long,2022-11-10 13:55:00,2022-11-10 14:00:00,1838.078291815167,0.3676156583630334,3,"NY
21-03JST","EURJPY_NY
21-03JST",2022_45
EURJPY,long,2022-11-10 14:00:00,2022-11-10 14:05:00,2205.5267702940805,0.4411053540588161,2,"NY
21-03JST","EURJPY_NY
21-03JST",2022_45
EURAUD,long,2022-11-10 14:20:00,2022-11-10 14:25:00,-3596.2698078811973,-0.7192539615762394,2,"NY
21-03JST","EURAUD_NY
21-03JST",2022_45
EURJPY,long,2022-11-10 14:20:00,2022-11-10 14:25:00,-5000.0,-1.0,1,"NY
21-03JST","EURJPY_NY
21-03JST",2022_45
EURAUD,long,2022-11-10 14:25:00,2022-11-10 14:30:00,-5000.000000000154,-1.0000000000000306,1,"NY
21-03JST","EURAUD_NY
21-03JST",2022_45
EURJPY,long,2022-11-10 14:25:00,2022-11-10 14:30:00,-5000.000000000041,-1.0000000000000082,1,"NY
21-03JST","EURJPY_NY
21-03JST",2022_45
EURJPY,long,2022-11-10 14:30:00,2022-11-10 14:35:00,-5000.000000000076,-1.000000000000015,1,"NY
21-03JST","EURJPY_NY
21-03JST",2022_45
EURAUD,long,2022-11-10 14:30:00,2022-11-10 14:35:00,-4999.999999999881,-0.999999999999976,1,"NY
21-03JST","EURAUD_NY
21-03JST",2022_45
EURAUD,long,2022-11-10 14:45:00,2022-11-10 14:50:00,-1464.1469445422383,-0.2928293889084477,2,"NY
21-03JST","EURAUD_NY
21-03JST",2022_45
EURAUD,long,2022-11-10 15:00:00,2022-11-10 15:05:00,-5000.0,-1.0,1,"NY
21-03JST","EURAUD_NY
21-03JST",2022_45
EURAUD,long,2022-11-10 15:10:00,2022-11-10 15:15:00,-5000.000000000083,-1.0000000000000169,1,"NY
21-03JST","EURAUD_NY
21-03JST",2022_45
EURAUD,long,2022-11-10 15:20:00,2022-11-10 15:25:00,-2904.8150213787903,-0.5809630042757581,5,"NY
21-03JST","EURAUD_NY
21-03JST",2022_45
EURAUD,long,2022-11-10 15:25:00,2022-11-10 15:30:00,-2464.4414944049768,-0.4928882988809953,4,"NY
21-03JST","EURAUD_NY
21-03JST",2022_45
EURAUD,long,2022-11-10 15:30:00,2022-11-10 15:35:00,-2223.7960339935944,-0.4447592067987189,3,"NY
21-03JST","EURAUD_NY
21-03JST",2022_45
EURJPY,long,2022-11-10 15:30:00,2022-11-10 15:35:00,-1943.1588940306544,-0.3886317788061308,5,"NY
21-03JST","EURJPY_NY
21-03JST",2022_45
EURJPY,long,2022-11-10 15:45:00,2022-11-10 15:50:00,-3002.2446689111457,-0.6004489337822292,2,"NY
21-03JST","EURJPY_NY
21-03JST",2022_45
EURJPY,long,2022-11-10 15:50:00,2022-11-10 15:55:00,-4999.999999999905,-0.9999999999999812,1,"NY
21-03JST","EURJPY_NY
21-03JST",2022_45
EURAUD,long,2022-11-10 15:50:00,2022-11-10 15:55:00,-4999.999999999954,-0.9999999999999908,2,"NY
21-03JST","EURAUD_NY
21-03JST",2022_45
EURJPY,long,2022-11-10 15:55:00,2022-11-10 16:00:00,911.780527165088,0.1823561054330176,8,"NY
21-03JST","EURJPY_NY
21-03JST",2022_45
EURJPY,long,2022-11-10 16:00:00,2022-11-10 16:05:00,2312.86337209314,0.4625726744186278,7,"NY
21-03JST","EURJPY_NY
21-03JST",2022_45
EURAUD,long,2022-11-10 16:00:00,2022-11-10 16:05:00,4135.802469135317,0.8271604938270634,4,"NY
21-03JST","EURAUD_NY
21-03JST",2022_45
EURJPY,long,2022-11-10 16:10:00,2022-11-10 16:15:00,5080.450522928212,1.0160901045856423,4,"NY
21-03JST","EURJPY_NY
21-03JST",2022_45
EURJPY,long,2022-11-10 16:15:00,2022-11-10 16:20:00,-3170.3910614521706,-0.6340782122904342,3,"NY
21-03JST","EURJPY_NY
21-03JST",2022_45
EURAUD,long,2022-11-10 16:25:00,2022-11-10 16:30:00,-3858.8807785898966,-0.7717761557179793,5,"NY
21-03JST","EURAUD_NY
21-03JST",2022_45
EURJPY,long,2022-11-10 16:25:00,2022-11-10 16:30:00,138.16925733881516,0.027633851467763,8,"NY
21-03JST","EURJPY_NY
21-03JST",2022_45
EURJPY,long,2022-11-10 16:35:00,2022-11-10 16:40:00,1313.4709019241989,0.2626941803848397,6,"NY
21-03JST","EURJPY_NY
21-03JST",2022_45
EURJPY,long,2022-11-10 16:40:00,2022-11-10 16:45:00,2480.009692270301,0.4960019384540602,5,"NY
21-03JST","EURJPY_NY
21-03JST",2022_45
EURAUD,long,2022-11-10 16:45:00,2022-11-10 16:50:00,822.7520082922155,0.1645504016584431,10,"NY
21-03JST","EURAUD_NY
21-03JST",2022_45
EURAUD,long,2022-11-10 16:55:00,2022-11-10 17:00:00,1795.9347419099906,0.3591869483819981,8,"NY
21-03JST","EURAUD_NY
21-03JST",2022_45
EURAUD,long,2022-11-10 17:15:00,2022-11-10 17:20:00,1274.509803921712,0.2549019607843424,3,"NY
21-03JST","EURAUD_NY
21-03JST",2022_45
NZDUSD,long,2022-11-10 17:45:00,2022-11-10 17:50:00,11767.241379310844,2.353448275862169,7,"NY
21-03JST","NZDUSD_NY
21-03JST",2022_45
EURAUD,long,2022-11-10 20:30:00,2022-11-10 20:35:00,-4999.999999999746,-0.9999999999999492,1,"深夜
03-09JST","EURAUD_深夜
03-09JST",2022_45
EURAUD,long,2022-11-10 20:45:00,2022-11-10 20:50:00,-5000.000000000684,-1.0000000000001368,1,"深夜
03-09JST","EURAUD_深夜
03-09JST",2022_45
EURAUD,long,2022-11-10 20:50:00,2022-11-10 20:55:00,-878.3454987847002,-0.17566909975694,2,"深夜
03-09JST","EURAUD_深夜
03-09JST",2022_45
EURAUD,long,2022-11-10 20:55:00,2022-11-10 21:00:00,1120.5706396688695,0.2241141279337739,4,"深夜
03-09JST","EURAUD_深夜
03-09JST",2022_45
EURAUD,long,2022-11-10 21:55:00,2022-11-10 22:05:00,-368.56127886525127,-0.0737122557730502,2,"深夜
03-09JST","EURAUD_深夜
03-09JST",2022_45
EURAUD,long,2022-11-10 22:15:00,2022-11-10 22:20:00,11616.474756420035,2.3232949512840078,3,"深夜
03-09JST","EURAUD_深夜
03-09JST",2022_45
NZDJPY,short,2022-11-11 08:05:00,2022-11-11 08:10:00,-1565.795506648342,-0.3131591013296684,2,"欧州
15-21JST","NZDJPY_欧州
15-21JST",2022_45
NZDJPY,short,2022-11-11 08:10:00,2022-11-11 08:15:00,-5000.000000000324,-1.0000000000000648,1,"欧州
15-21JST","NZDJPY_欧州
15-21JST",2022_45
NZDJPY,short,2022-11-11 09:00:00,2022-11-11 09:05:00,-3568.18181818196,-0.7136363636363919,2,"欧州
15-21JST","NZDJPY_欧州
15-21JST",2022_45
AUDNZD,long,2022-11-14 03:00:00,2022-11-14 03:05:00,-1567.4769488692746,-0.3134953897738549,4,"東京
09-15JST","AUDNZD_東京
09-15JST",2022_46
AUDNZD,long,2022-11-14 03:20:00,2022-11-14 03:25:00,2795.3110910731525,0.5590622182146305,11,"東京
09-15JST","AUDNZD_東京
09-15JST",2022_46
AUDNZD,long,2022-11-14 03:25:00,2022-11-14 03:30:00,4683.544303796922,0.9367088607593844,10,"東京
09-15JST","AUDNZD_東京
09-15JST",2022_46
AUDNZD,long,2022-11-14 03:30:00,2022-11-14 03:35:00,5095.541401273196,1.0191082802546392,9,"東京
09-15JST","AUDNZD_東京
09-15JST",2022_46
AUDNZD,long,2022-11-14 03:35:00,2022-11-14 03:40:00,4687.203791469877,0.9374407582939752,8,"東京
09-15JST","AUDNZD_東京
09-15JST",2022_46
AUDUSD,short,2022-11-14 06:00:00,2022-11-14 06:05:00,-5000.000000000459,-1.000000000000092,1,"欧州
15-21JST","AUDUSD_欧州
15-21JST",2022_46
AUDNZD,long,2022-11-15 02:05:00,2022-11-15 02:10:00,-795.9961868449686,-0.1591992373689937,2,"東京
09-15JST","AUDNZD_東京
09-15JST",2022_46
AUDNZD,long,2022-11-15 02:20:00,2022-11-15 02:25:00,-1078.431372548829,-0.2156862745097657,2,"東京
09-15JST","AUDNZD_東京
09-15JST",2022_46
AUDNZD,long,2022-11-15 02:35:00,2022-11-15 02:40:00,-4999.999999999291,-0.999999999999858,1,"東京
09-15JST","AUDNZD_東京
09-15JST",2022_46
AUDNZD,long,2022-11-15 02:45:00,2022-11-15 02:50:00,-2291.910902698244,-0.4583821805396487,3,"東京
09-15JST","AUDNZD_東京
09-15JST",2022_46
AUDNZD,long,2022-11-15 02:55:00,2022-11-15 03:00:00,-5000.0,-1.0,1,"東京
09-15JST","AUDNZD_東京
09-15JST",2022_46
AUDNZD,long,2022-11-15 03:05:00,2022-11-15 03:10:00,-5000.000000000451,-1.0000000000000902,1,"東京
09-15JST","AUDNZD_東京
09-15JST",2022_46
AUDNZD,long,2022-11-15 03:10:00,2022-11-15 03:15:00,-4999.999999999768,-0.9999999999999536,1,"東京
09-15JST","AUDNZD_東京
09-15JST",2022_46
AUDNZD,long,2022-11-15 03:15:00,2022-11-15 03:20:00,3370.370370371004,0.6740740740742008,5,"東京
09-15JST","AUDNZD_東京
09-15JST",2022_46
AUDNZD,long,2022-11-15 03:45:00,2022-11-15 03:50:00,-5000.0,-1.0,1,"東京
09-15JST","AUDNZD_東京
09-15JST",2022_46
AUDNZD,long,2022-11-15 03:50:00,2022-11-15 03:55:00,7318.4357541873105,1.463687150837462,4,"東京
09-15JST","AUDNZD_東京
09-15JST",2022_46
USDJPY,short,2022-11-15 06:30:00,2022-11-15 06:35:00,-2291.116974493062,-0.4582233948986124,4,"欧州
15-21JST","USDJPY_欧州
15-21JST",2022_46
USDJPY,short,2022-11-15 07:20:00,2022-11-15 07:25:00,19707.30862486917,3.941461724973834,2,"欧州
15-21JST","USDJPY_欧州
15-21JST",2022_46
USDJPY,short,2022-11-15 07:25:00,2022-11-15 07:30:00,18286.09986504848,3.657219973009695,2,"欧州
15-21JST","USDJPY_欧州
15-21JST",2022_46
USDJPY,short,2022-11-15 07:30:00,2022-11-15 07:35:00,-4999.99999999977,-0.999999999999954,1,"欧州
15-21JST","USDJPY_欧州
15-21JST",2022_46
USDJPY,short,2022-11-15 09:05:00,2022-11-15 09:10:00,-5000.000000000073,-1.0000000000000149,1,"欧州
15-21JST","USDJPY_欧州
15-21JST",2022_46
USDJPY,short,2022-11-15 09:10:00,2022-11-15 09:15:00,-4999.999999999923,-0.9999999999999846,1,"欧州
15-21JST","USDJPY_欧州
15-21JST",2022_46
AUDNZD,long,2022-11-16 01:25:00,2022-11-16 01:30:00,-5000.000000000472,-1.0000000000000944,1,"東京
09-15JST","AUDNZD_東京
09-15JST",2022_46
AUDNZD,long,2022-11-16 01:35:00,2022-11-16 01:40:00,2907.137907138345,0.5814275814276689,6,"東京
09-15JST","AUDNZD_東京
09-15JST",2022_46
AUDNZD,long,2022-11-16 01:45:00,2022-11-16 01:50:00,7525.174283502875,1.5050348567005751,4,"東京
09-15JST","AUDNZD_東京
09-15JST",2022_46
AUDNZD,long,2022-11-16 01:50:00,2022-11-16 01:55:00,4624.342599552568,0.9248685199105136,3,"東京
09-15JST","AUDNZD_東京
09-15JST",2022_46
AUDNZD,long,2022-11-16 02:10:00,2022-11-16 02:15:00,-1631.3213703083898,-0.3262642740616779,3,"東京
09-15JST","AUDNZD_東京
09-15JST",2022_46
AUDNZD,long,2022-11-16 02:30:00,2022-11-16 02:35:00,1859.5679012344024,0.3719135802468805,5,"東京
09-15JST","AUDNZD_東京
09-15JST",2022_46
AUDNZD,long,2022-11-16 02:35:00,2022-11-16 02:40:00,3410.64638783281,0.6821292775665619,4,"東京
09-15JST","AUDNZD_東京
09-15JST",2022_46
AUDNZD,long,2022-11-16 03:00:00,2022-11-16 03:05:00,15129.24071081846,3.025848142163692,7,"東京
09-15JST","AUDNZD_東京
09-15JST",2022_46
AUDNZD,long,2022-11-16 09:15:00,2022-11-16 09:20:00,460.9929078012272,0.0921985815602454,3,"欧州
15-21JST","AUDNZD_欧州
15-21JST",2022_46
AUDNZD,long,2022-11-16 09:20:00,2022-11-16 09:25:00,-639.9317406142644,-0.1279863481228529,2,"欧州
15-21JST","AUDNZD_欧州
15-21JST",2022_46
AUDNZD,long,2022-11-16 09:35:00,2022-11-16 09:40:00,-4999.999999999819,-0.9999999999999638,1,"欧州
15-21JST","AUDNZD_欧州
15-21JST",2022_46
AUDNZD,long,2022-11-16 09:40:00,2022-11-16 09:45:00,18237.46918652173,3.647493837304346,5,"欧州
15-21JST","AUDNZD_欧州
15-21JST",2022_46
AUDNZD,long,2022-11-16 09:45:00,2022-11-16 09:50:00,21271.18644067421,4.254237288134841,4,"欧州
15-21JST","AUDNZD_欧州
15-21JST",2022_46
AUDNZD,long,2022-11-16 09:50:00,2022-11-16 09:55:00,18592.386994446948,3.7184773988893896,3,"欧州
15-21JST","AUDNZD_欧州
15-21JST",2022_46
USDJPY,short,2022-11-16 09:55:00,2022-11-16 12:00:00,3672.727272727218,0.7345454545454436,8,"欧州
15-21JST","USDJPY_欧州
15-21JST",2022_46
NZDUSD,long,2022-11-16 13:50:00,2022-11-16 13:55:00,8374.208860760156,1.6748417721520312,8,"NY
21-03JST","NZDUSD_NY
21-03JST",2022_46
AUDUSD,long,2022-11-16 13:50:00,2022-11-16 13:55:00,4834.4880677442725,0.9668976135488544,7,"NY
21-03JST","AUDUSD_NY
21-03JST",2022_46
AUDUSD,long,2022-11-16 13:55:00,2022-11-16 14:00:00,4155.672823219282,0.8311345646438564,7,"NY
21-03JST","AUDUSD_NY
21-03JST",2022_46
NZDUSD,long,2022-11-16 13:55:00,2022-11-16 14:00:00,6869.918699187523,1.3739837398375043,7,"NY
21-03JST","NZDUSD_NY
21-03JST",2022_46
AUDUSD,long,2022-11-16 14:50:00,2022-11-16 14:55:00,-331.6953316953184,-0.0663390663390636,2,"NY
21-03JST","AUDUSD_NY
21-03JST",2022_46
AUDUSD,long,2022-11-16 15:05:00,2022-11-16 15:10:00,-3840.361445783056,-0.7680722891566113,2,"NY
21-03JST","AUDUSD_NY
21-03JST",2022_46
AUDUSD,long,2022-11-16 15:15:00,2022-11-16 15:20:00,5230.769230769504,1.0461538461539008,6,"NY
21-03JST","AUDUSD_NY
21-03JST",2022_46
AUDUSD,long,2022-11-16 15:20:00,2022-11-16 15:25:00,7542.43681629564,1.508487363259128,5,"NY
21-03JST","AUDUSD_NY
21-03JST",2022_46
NZDUSD,long,2022-11-16 15:20:00,2022-11-16 15:25:00,1084.460844608018,0.2168921689216036,3,"NY
21-03JST","NZDUSD_NY
21-03JST",2022_46
NZDUSD,long,2022-11-16 15:40:00,2022-11-16 15:45:00,4526.0869565222965,0.9052173913044592,2,"NY
21-03JST","NZDUSD_NY
21-03JST",2022_46
AUDUSD,long,2022-11-16 16:10:00,2022-11-16 16:15:00,-4070.913917330107,-0.8141827834660214,3,"NY
21-03JST","AUDUSD_NY
21-03JST",2022_46
AUDUSD,long,2022-11-16 16:15:00,2022-11-16 16:20:00,-2705.37124802487,-0.541074249604974,2,"NY
21-03JST","AUDUSD_NY
21-03JST",2022_46
NZDUSD,long,2022-11-16 16:15:00,2022-11-16 16:20:00,-2731.201382886637,-0.5462402765773273,2,"NY
21-03JST","NZDUSD_NY
21-03JST",2022_46
AUDUSD,long,2022-11-16 16:25:00,2022-11-16 16:30:00,-5000.000000000139,-1.0000000000000278,1,"NY
21-03JST","AUDUSD_NY
21-03JST",2022_46
AUDUSD,long,2022-11-16 16:30:00,2022-11-16 16:35:00,-4999.999999999769,-0.9999999999999538,5,"NY
21-03JST","AUDUSD_NY
21-03JST",2022_46
NZDUSD,long,2022-11-16 16:30:00,2022-11-16 16:35:00,-5000.000000000147,-1.0000000000000295,1,"NY
21-03JST","NZDUSD_NY
21-03JST",2022_46
AUDUSD,long,2022-11-16 16:35:00,2022-11-16 16:40:00,-865.3448988025032,-0.1730689797605006,4,"NY
21-03JST","AUDUSD_NY
21-03JST",2022_46
NZDUSD,long,2022-11-16 16:35:00,2022-11-16 16:40:00,1113.2728058804746,0.2226545611760949,8,"NY
21-03JST","NZDUSD_NY
21-03JST",2022_46
AUDUSD,long,2022-11-16 17:10:00,2022-11-16 17:15:00,8600.48573163352,1.720097146326704,7,"NY
21-03JST","AUDUSD_NY
21-03JST",2022_46
AUDUSD,long,2022-11-16 17:15:00,2022-11-16 17:20:00,9964.901084875755,1.9929802169751512,6,"NY
21-03JST","AUDUSD_NY
21-03JST",2022_46
AUDNZD,long,2022-11-17 02:30:00,2022-11-17 02:35:00,938.1739755584048,0.1876347951116809,5,"東京
09-15JST","AUDNZD_東京
09-15JST",2022_46
AUDNZD,long,2022-11-17 02:35:00,2022-11-17 02:40:00,-1575.539568345789,-0.3151079136691578,4,"東京
09-15JST","AUDNZD_東京
09-15JST",2022_46
AUDNZD,long,2022-11-17 03:00:00,2022-11-17 03:05:00,-4999.99999999934,-0.999999999999868,1,"東京
09-15JST","AUDNZD_東京
09-15JST",2022_46
AUDNZD,long,2022-11-17 03:05:00,2022-11-17 03:10:00,-4999.999999998809,-0.9999999999997616,1,"東京
09-15JST","AUDNZD_東京
09-15JST",2022_46
AUDNZD,long,2022-11-17 03:10:00,2022-11-17 03:15:00,4193.43326195481,0.8386866523909621,2,"東京
09-15JST","AUDNZD_東京
09-15JST",2022_46
AUDNZD,long,2022-11-17 03:40:00,2022-11-17 03:45:00,-448.0570975411756,-0.0896114195082351,7,"東京
09-15JST","AUDNZD_東京
09-15JST",2022_46
AUDNZD,long,2022-11-17 03:45:00,2022-11-17 03:50:00,-572.4579663716271,-0.1144915932743254,6,"東京
09-15JST","AUDNZD_東京
09-15JST",2022_46
AUDNZD,long,2022-11-17 03:50:00,2022-11-17 03:55:00,-43.75497215638634,-0.0087509944312772,5,"東京
09-15JST","AUDNZD_東京
09-15JST",2022_46
USDJPY,short,2022-11-17 08:00:00,2022-11-17 08:05:00,-5000.000000000197,-1.0000000000000395,1,"欧州
15-21JST","USDJPY_欧州
15-21JST",2022_46
AUDUSD,short,2022-11-17 09:30:00,2022-11-17 09:35:00,-766.5782493374235,-0.1533156498674847,2,"欧州
15-21JST","AUDUSD_欧州
15-21JST",2022_46
AUDUSD,short,2022-11-17 09:35:00,2022-11-17 09:40:00,-5000.000000000296,-1.000000000000059,1,"欧州
15-21JST","AUDUSD_欧州
15-21JST",2022_46
AUDNZD,long,2022-11-17 09:40:00,2022-11-17 09:45:00,12518.87810140214,2.503775620280428,5,"欧州
15-21JST","AUDNZD_欧州
15-21JST",2022_46
AUDUSD,short,2022-11-17 09:50:00,2022-11-17 09:55:00,-4999.999999999771,-0.999999999999954,1,"欧州
15-21JST","AUDUSD_欧州
15-21JST",2022_46
AUDUSD,short,2022-11-17 09:55:00,2022-11-17 10:00:00,2806.0165975103346,0.5612033195020669,5,"欧州
15-21JST","AUDUSD_欧州
15-21JST",2022_46
AUDUSD,short,2022-11-17 10:05:00,2022-11-17 10:10:00,2648.008611410012,0.5296017222820023,3,"欧州
15-21JST","AUDUSD_欧州
15-21JST",2022_46
AUDUSD,short,2022-11-17 10:10:00,2022-11-17 10:15:00,-143.45331246810412,-0.0286906624936208,2,"欧州
15-21JST","AUDUSD_欧州
15-21JST",2022_46
AUDUSD,short,2022-11-17 10:15:00,2022-11-17 10:20:00,-3368.644067795979,-0.6737288135591958,2,"欧州
15-21JST","AUDUSD_欧州
15-21JST",2022_46
AUDUSD,short,2022-11-17 10:20:00,2022-11-17 10:25:00,-5000.00000000006,-1.000000000000012,1,"欧州
15-21JST","AUDUSD_欧州
15-21JST",2022_46
AUDUSD,long,2022-11-17 12:05:00,2022-11-17 12:10:00,-2574.750830565405,-0.514950166113081,2,"NY
21-03JST","AUDUSD_NY
21-03JST",2022_46
NZDUSD,long,2022-11-17 12:05:00,2022-11-17 12:10:00,-1737.7877596854746,-0.3475575519370949,2,"NY
21-03JST","NZDUSD_NY
21-03JST",2022_46
NZDUSD,long,2022-11-17 12:15:00,2022-11-17 12:20:00,-5000.00000000018,-1.000000000000036,1,"NY
21-03JST","NZDUSD_NY
21-03JST",2022_46
AUDUSD,long,2022-11-17 12:20:00,2022-11-17 12:25:00,-4999.999999999686,-0.9999999999999372,1,"NY
21-03JST","AUDUSD_NY
21-03JST",2022_46
NZDUSD,long,2022-11-17 12:20:00,2022-11-17 12:25:00,-4999.999999999667,-0.9999999999999334,1,"NY
21-03JST","NZDUSD_NY
21-03JST",2022_46
AUDUSD,long,2022-11-17 12:25:00,2022-11-17 12:30:00,-5000.000000000333,-1.0000000000000666,1,"NY
21-03JST","AUDUSD_NY
21-03JST",2022_46
NZDUSD,long,2022-11-17 12:25:00,2022-11-17 12:30:00,-5000.000000000247,-1.0000000000000495,1,"NY
21-03JST","NZDUSD_NY
21-03JST",2022_46
AUDUSD,long,2022-11-17 12:30:00,2022-11-17 12:35:00,-5000.000000000142,-1.0000000000000284,1,"NY
21-03JST","AUDUSD_NY
21-03JST",2022_46
NZDUSD,long,2022-11-17 12:30:00,2022-11-17 12:35:00,-5000.000000000344,-1.0000000000000688,2,"NY
21-03JST","NZDUSD_NY
21-03JST",2022_46
AUDUSD,long,2022-11-17 13:05:00,2022-11-17 13:10:00,10317.032739327942,2.0634065478655885,5,"NY
21-03JST","AUDUSD_NY
21-03JST",2022_46
AUDUSD,long,2022-11-17 13:45:00,2022-11-17 13:50:00,-2029.0394638869768,-0.4058078927773954,7,"NY
21-03JST","AUDUSD_NY
21-03JST",2022_46
AUDUSD,long,2022-11-17 13:50:00,2022-11-17 13:55:00,-2491.4220358373227,-0.4982844071674645,6,"NY
21-03JST","AUDUSD_NY
21-03JST",2022_46
AUDUSD,long,2022-11-17 13:55:00,2022-11-17 14:00:00,-1053.6547433905007,-0.2107309486781001,5,"NY
21-03JST","AUDUSD_NY
21-03JST",2022_46
AUDUSD,long,2022-11-17 14:00:00,2022-11-17 14:05:00,-1785.0250868388885,-0.3570050173677777,4,"NY
21-03JST","AUDUSD_NY
21-03JST",2022_46
AUDUSD,long,2022-11-17 14:05:00,2022-11-17 14:10:00,-2654.986522911015,-0.5309973045822031,3,"NY
21-03JST","AUDUSD_NY
21-03JST",2022_46
AUDUSD,long,2022-11-17 14:20:00,2022-11-17 14:25:00,8690.476190475309,1.7380952380950616,5,"NY
21-03JST","AUDUSD_NY
21-03JST",2022_46
NZDUSD,long,2022-11-17 14:20:00,2022-11-17 14:25:00,7044.8045757854015,1.4089609151570803,5,"NY
21-03JST","NZDUSD_NY
21-03JST",2022_46
AUDUSD,long,2022-11-17 14:25:00,2022-11-17 14:30:00,5705.2297939773525,1.1410459587954704,5,"NY
21-03JST","AUDUSD_NY
21-03JST",2022_46
AUDNZD,long,2022-11-18 04:05:00,2022-11-18 04:10:00,-5000.000000001672,-1.0000000000003344,1,"東京
09-15JST","AUDNZD_東京
09-15JST",2022_46
AUDNZD,long,2022-11-18 04:15:00,2022-11-18 04:20:00,5613.425925924471,1.1226851851848942,5,"東京
09-15JST","AUDNZD_東京
09-15JST",2022_46
AUDNZD,long,2022-11-18 04:20:00,2022-11-18 04:25:00,6013.986013986622,1.2027972027973244,4,"東京
09-15JST","AUDNZD_東京
09-15JST",2022_46
AUDNZD,long,2022-11-18 04:45:00,2022-11-18 04:50:00,-4999.999999999307,-0.9999999999998614,2,"東京
09-15JST","AUDNZD_東京
09-15JST",2022_46
AUDNZD,long,2022-11-18 04:50:00,2022-11-18 04:55:00,-5000.0,-1.0,1,"東京
09-15JST","AUDNZD_東京
09-15JST",2022_46
AUDUSD,long,2022-11-18 17:15:00,2022-11-18 17:20:00,4676.331759946558,0.9352663519893116,6,"NY
21-03JST","AUDUSD_NY
21-03JST",2022_46
AUDUSD,long,2022-11-18 17:20:00,2022-11-18 17:25:00,5696.416497634492,1.1392832995268984,5,"NY
21-03JST","AUDUSD_NY
21-03JST",2022_46
NZDUSD,long,2022-11-21 01:00:00,2022-11-21 01:05:00,-3777.5246772960345,-0.7555049354592069,2,"東京
09-15JST","NZDUSD_東京
09-15JST",2022_47
NZDUSD,long,2022-11-21 01:10:00,2022-11-21 01:15:00,-4999.999999999914,-0.9999999999999828,1,"東京
09-15JST","NZDUSD_東京
09-15JST",2022_47
NZDUSD,long,2022-11-21 01:15:00,2022-11-21 01:20:00,-353.7563822036344,-0.0707512764407268,2,"東京
09-15JST","NZDUSD_東京
09-15JST",2022_47
NZDUSD,long,2022-11-21 01:30:00,2022-11-21 01:35:00,2874.3608473342338,0.5748721694668467,2,"東京
09-15JST","NZDUSD_東京
09-15JST",2022_47
NZDUSD,long,2022-11-21 01:55:00,2022-11-21 02:00:00,-5000.000000000356,-1.000000000000071,1,"東京
09-15JST","NZDUSD_東京
09-15JST",2022_47
NZDUSD,long,2022-11-21 02:00:00,2022-11-21 02:05:00,-4300.000000000622,-0.8600000000001244,2,"東京
09-15JST","NZDUSD_東京
09-15JST",2022_47
NZDUSD,long,2022-11-21 02:05:00,2022-11-21 02:10:00,-3725.617685305072,-0.7451235370610143,5,"東京
09-15JST","NZDUSD_東京
09-15JST",2022_47
NZDUSD,long,2022-11-21 02:10:00,2022-11-21 02:15:00,30.22162525159736,0.0060443250503194,4,"東京
09-15JST","NZDUSD_東京
09-15JST",2022_47
NZDUSD,long,2022-11-21 02:30:00,2022-11-21 02:35:00,-4999.999999999412,-0.9999999999998824,2,"東京
09-15JST","NZDUSD_東京
09-15JST",2022_47
NZDUSD,long,2022-11-21 02:35:00,2022-11-21 02:40:00,-3449.0398818321464,-0.6898079763664293,2,"東京
09-15JST","NZDUSD_東京
09-15JST",2022_47
NZDUSD,long,2022-11-21 02:45:00,2022-11-21 02:50:00,-1725.1461988312535,-0.3450292397662507,3,"東京
09-15JST","NZDUSD_東京
09-15JST",2022_47
NZDUSD,long,2022-11-21 02:50:00,2022-11-21 02:55:00,2520.661157023552,0.5041322314047103,2,"東京
09-15JST","NZDUSD_東京
09-15JST",2022_47
AUDNZD,long,2022-11-21 08:15:00,2022-11-21 08:20:00,191.19351100652068,0.0382387022013041,2,"欧州
15-21JST","AUDNZD_欧州
15-21JST",2022_47
AUDNZD,long,2022-11-21 09:30:00,2022-11-21 09:35:00,-5000.000000000576,-1.0000000000001152,1,"欧州
15-21JST","AUDNZD_欧州
15-21JST",2022_47
AUDNZD,long,2022-11-21 09:35:00,2022-11-21 09:40:00,-5000.000000000576,-1.0000000000001152,1,"欧州
15-21JST","AUDNZD_欧州
15-21JST",2022_47
AUDNZD,long,2022-11-21 09:40:00,2022-11-21 09:45:00,-2873.263888887562,-0.5746527777775124,3,"欧州
15-21JST","AUDNZD_欧州
15-21JST",2022_47
AUDNZD,long,2022-11-21 09:45:00,2022-11-21 09:50:00,-4324.324324322309,-0.8648648648644618,2,"欧州
15-21JST","AUDNZD_欧州
15-21JST",2022_47
AUDNZD,long,2022-11-21 09:50:00,2022-11-21 09:55:00,-5000.000000000429,-1.000000000000086,1,"欧州
15-21JST","AUDNZD_欧州
15-21JST",2022_47
AUDNZD,long,2022-11-21 10:00:00,2022-11-21 10:05:00,-4999.999999999557,-0.9999999999999114,1,"欧州
15-21JST","AUDNZD_欧州
15-21JST",2022_47
AUDNZD,long,2022-11-21 10:10:00,2022-11-21 10:15:00,6996.233521656306,1.3992467043312613,6,"欧州
15-21JST","AUDNZD_欧州
15-21JST",2022_47
AUDNZD,long,2022-11-21 10:15:00,2022-11-21 10:20:00,3220.183486237392,0.6440366972474785,5,"欧州
15-21JST","AUDNZD_欧州
15-21JST",2022_47
EURAUD,long,2022-11-21 18:05:00,2022-11-21 18:10:00,-5000.000000000548,-1.0000000000001097,1,"深夜
03-09JST","EURAUD_深夜
03-09JST",2022_47
EURAUD,long,2022-11-21 18:10:00,2022-11-21 18:15:00,-2560.056523787596,-0.5120113047575191,2,"深夜
03-09JST","EURAUD_深夜
03-09JST",2022_47
EURAUD,long,2022-11-21 18:15:00,2022-11-21 18:20:00,-4999.999999999335,-0.999999999999867,1,"深夜
03-09JST","EURAUD_深夜
03-09JST",2022_47
EURAUD,long,2022-11-21 18:25:00,2022-11-21 18:30:00,-650.557620816377,-0.1301115241632754,4,"深夜
03-09JST","EURAUD_深夜
03-09JST",2022_47
EURAUD,long,2022-11-21 18:30:00,2022-11-21 18:35:00,1721.854304637065,0.344370860927413,3,"深夜
03-09JST","EURAUD_深夜
03-09JST",2022_47
EURAUD,long,2022-11-21 18:35:00,2022-11-21 18:40:00,-104.89510489424435,-0.0209790209788488,2,"深夜
03-09JST","EURAUD_深夜
03-09JST",2022_47
AUDNZD,long,2022-11-22 06:30:00,2022-11-22 06:35:00,-4196.428571429103,-0.8392857142858205,5,"欧州
15-21JST","AUDNZD_欧州
15-21JST",2022_47
AUDUSD,short,2022-11-22 06:30:00,2022-11-22 06:35:00,-4999.999999999893,-0.9999999999999786,1,"欧州
15-21JST","AUDUSD_欧州
15-21JST",2022_47
AUDNZD,long,2022-11-22 06:35:00,2022-11-22 06:40:00,-5000.000000002106,-1.0000000000004212,4,"欧州
15-21JST","AUDNZD_欧州
15-21JST",2022_47
AUDNZD,long,2022-11-22 06:40:00,2022-11-22 06:45:00,-2766.990291261652,-0.5533980582523303,3,"欧州
15-21JST","AUDNZD_欧州
15-21JST",2022_47
AUDUSD,short,2022-11-22 06:45:00,2022-11-22 06:50:00,-2949.218749998802,-0.5898437499997604,2,"欧州
15-21JST","AUDUSD_欧州
15-21JST",2022_47
AUDNZD,long,2022-11-22 06:45:00,2022-11-22 06:50:00,-3147.6323119754334,-0.6295264623950867,2,"欧州
15-21JST","AUDNZD_欧州
15-21JST",2022_47
AUDNZD,long,2022-11-22 06:50:00,2022-11-22 06:55:00,-4999.999999999373,-0.9999999999998748,1,"欧州
15-21JST","AUDNZD_欧州
15-21JST",2022_47
AUDNZD,long,2022-11-22 07:05:00,2022-11-22 07:10:00,9399.52437574369,1.879904875148738,5,"欧州
15-21JST","AUDNZD_欧州
15-21JST",2022_47
AUDNZD,long,2022-11-22 08:40:00,2022-11-22 08:45:00,23569.0093141345,4.7138018628269,6,"欧州
15-21JST","AUDNZD_欧州
15-21JST",2022_47
USDJPY,short,2022-11-22 10:20:00,2022-11-22 10:25:00,-2935.2997145572363,-0.5870599429114473,4,"欧州
15-21JST","USDJPY_欧州
15-21JST",2022_47
AUDNZD,long,2022-11-22 11:15:00,2022-11-22 11:20:00,-4999.999999998178,-0.9999999999996356,1,"欧州
15-21JST","AUDNZD_欧州
15-21JST",2022_47
AUDNZD,long,2022-11-22 11:20:00,2022-11-22 11:25:00,19518.71657753934,3.903743315507868,5,"欧州
15-21JST","AUDNZD_欧州
15-21JST",2022_47
AUDNZD,long,2022-11-22 11:25:00,2022-11-22 11:30:00,15140.664961637462,3.0281329923274924,4,"欧州
15-21JST","AUDNZD_欧州
15-21JST",2022_47
EURJPY,long,2022-11-22 12:30:00,2022-11-22 12:35:00,54080.51235132305,10.81610247026461,20,"NY
21-03JST","EURJPY_NY
21-03JST",2022_47
AUDNZD,long,2022-11-23 11:00:00,2022-11-23 11:05:00,-731.2466270896543,-0.1462493254179308,5,"欧州
15-21JST","AUDNZD_欧州
15-21JST",2022_47
AUDNZD,long,2022-11-23 11:25:00,2022-11-23 11:30:00,177.0833333324067,0.0354166666664813,19,"欧州
15-21JST","AUDNZD_欧州
15-21JST",2022_47
AUDNZD,long,2022-11-23 11:30:00,2022-11-23 11:35:00,1333.8533541344536,0.2667706708268907,18,"欧州
15-21JST","AUDNZD_欧州
15-21JST",2022_47
AUDNZD,long,2022-11-23 11:35:00,2022-11-23 11:40:00,1237.6237623762183,0.2475247524752436,17,"欧州
15-21JST","AUDNZD_欧州
15-21JST",2022_47
AUDNZD,long,2022-11-23 11:45:00,2022-11-23 11:50:00,2602.541883305496,0.5205083766610992,15,"欧州
15-21JST","AUDNZD_欧州
15-21JST",2022_47
AUDNZD,long,2022-11-23 11:55:00,2022-11-23 12:00:00,3851.06382978657,0.7702127659573139,12,"欧州
15-21JST","AUDNZD_欧州
15-21JST",2022_47
EURJPY,long,2022-11-23 14:05:00,2022-11-23 14:10:00,-4999.999999999634,-0.9999999999999268,1,"NY
21-03JST","EURJPY_NY
21-03JST",2022_47
EURJPY,long,2022-11-23 14:10:00,2022-11-23 14:15:00,-4999.999999999759,-0.9999999999999518,2,"NY
21-03JST","EURJPY_NY
21-03JST",2022_47
EURJPY,long,2022-11-23 14:15:00,2022-11-23 14:20:00,-2030.4777594730804,-0.406095551894616,2,"NY
21-03JST","EURJPY_NY
21-03JST",2022_47
EURJPY,long,2022-11-23 14:25:00,2022-11-23 14:30:00,-3676.588897826656,-0.7353177795653313,2,"NY
21-03JST","EURJPY_NY
21-03JST",2022_47
EURJPY,long,2022-11-23 14:30:00,2022-11-23 14:35:00,-4999.9999999997735,-0.9999999999999548,1,"NY
21-03JST","EURJPY_NY
21-03JST",2022_47
EURJPY,long,2022-11-23 14:35:00,2022-11-23 14:40:00,-5000.000000000548,-1.0000000000001097,1,"NY
21-03JST","EURJPY_NY
21-03JST",2022_47
EURJPY,long,2022-11-23 14:40:00,2022-11-23 14:45:00,-4999.999999999326,-0.9999999999998652,1,"NY
21-03JST","EURJPY_NY
21-03JST",2022_47
EURJPY,long,2022-11-23 14:45:00,2022-11-23 14:50:00,-5000.000000000207,-1.0000000000000413,1,"NY
21-03JST","EURJPY_NY
21-03JST",2022_47
EURJPY,long,2022-11-23 14:50:00,2022-11-23 14:55:00,3099.1735537200293,0.6198347107440059,2,"NY
21-03JST","EURJPY_NY
21-03JST",2022_47
EURJPY,long,2022-11-23 14:55:00,2022-11-23 15:00:00,1607.476635514175,0.321495327102835,3,"NY
21-03JST","EURJPY_NY
21-03JST",2022_47
EURJPY,long,2022-11-23 15:00:00,2022-11-23 15:05:00,-446.9969554386929,-0.0893993910877385,2,"NY
21-03JST","EURJPY_NY
21-03JST",2022_47
EURJPY,long,2022-11-23 15:40:00,2022-11-23 15:45:00,-4999.9999999999245,-0.9999999999999848,1,"NY
21-03JST","EURJPY_NY
21-03JST",2022_47
EURJPY,long,2022-11-23 15:45:00,2022-11-23 15:50:00,-3608.058608059804,-0.7216117216119607,3,"NY
21-03JST","EURJPY_NY
21-03JST",2022_47
EURJPY,long,2022-11-23 15:50:00,2022-11-23 15:55:00,-5000.0,-1.0,2,"NY
21-03JST","EURJPY_NY
21-03JST",2022_47
EURJPY,long,2022-11-23 15:55:00,2022-11-23 16:00:00,-4999.99999999985,-0.99999999999997,1,"NY
21-03JST","EURJPY_NY
21-03JST",2022_47
EURJPY,long,2022-11-23 16:05:00,2022-11-23 16:10:00,-4999.999999999674,-0.9999999999999348,1,"NY
21-03JST","EURJPY_NY
21-03JST",2022_47
EURJPY,long,2022-11-23 16:10:00,2022-11-23 16:15:00,-2443.1137724564337,-0.4886227544912867,2,"NY
21-03JST","EURJPY_NY
21-03JST",2022_47
EURJPY,long,2022-11-23 16:25:00,2022-11-23 16:30:00,1266.78603401966,0.253357206803932,2,"NY
21-03JST","EURJPY_NY
21-03JST",2022_47
EURJPY,long,2022-11-23 16:40:00,2022-11-23 16:45:00,14958.419958420518,2.991683991684104,27,"NY
21-03JST","EURJPY_NY
21-03JST",2022_47
EURJPY,long,2022-11-23 16:45:00,2022-11-23 16:50:00,11712.448860315577,2.3424897720631157,26,"NY
21-03JST","EURJPY_NY
21-03JST",2022_47
EURJPY,long,2022-11-23 17:10:00,2022-11-23 17:15:00,6958.041958041888,1.3916083916083777,21,"NY
21-03JST","EURJPY_NY
21-03JST",2022_47
EURJPY,long,2022-11-23 17:15:00,2022-11-23 17:20:00,8879.742304940615,1.775948460988123,20,"NY
21-03JST","EURJPY_NY
21-03JST",2022_47
EURJPY,long,2022-11-23 17:20:00,2022-11-23 17:25:00,10240.365514500443,2.048073102900089,19,"NY
21-03JST","EURJPY_NY
21-03JST",2022_47
EURAUD,long,2022-11-23 20:50:00,2022-11-23 20:55:00,-1014.3979057583276,-0.2028795811516655,2,"深夜
03-09JST","EURAUD_深夜
03-09JST",2022_47
EURAUD,long,2022-11-23 20:55:00,2022-11-23 21:00:00,-976.4859568877184,-0.1952971913775437,2,"深夜
03-09JST","EURAUD_深夜
03-09JST",2022_47
AUDUSD,short,2022-11-24 09:40:00,2022-11-24 09:45:00,-2619.0476190475474,-0.5238095238095095,2,"欧州
15-21JST","AUDUSD_欧州
15-21JST",2022_47
AUDUSD,short,2022-11-24 09:45:00,2022-11-24 09:50:00,-5000.000000000098,-1.0000000000000195,2,"欧州
15-21JST","AUDUSD_欧州
15-21JST",2022_47
AUDNZD,long,2022-11-24 09:45:00,2022-11-24 09:50:00,-5000.000000001649,-1.0000000000003295,1,"欧州
15-21JST","AUDNZD_欧州
15-21JST",2022_47
AUDNZD,long,2022-11-24 09:55:00,2022-11-24 10:00:00,-5000.000000001182,-1.0000000000002365,1,"欧州
15-21JST","AUDNZD_欧州
15-21JST",2022_47
USDJPY,short,2022-11-24 09:55:00,2022-11-24 10:00:00,12952.231793265282,2.5904463586530566,2,"欧州
15-21JST","USDJPY_欧州
15-21JST",2022_47
USDJPY,short,2022-11-24 10:00:00,2022-11-24 10:05:00,18504.63678516255,3.7009273570325103,2,"欧州
15-21JST","USDJPY_欧州
15-21JST",2022_47
AUDNZD,long,2022-11-24 10:05:00,2022-11-24 10:10:00,-3055.555555552198,-0.6111111111104396,2,"欧州
15-21JST","AUDNZD_欧州
15-21JST",2022_47
USDJPY,short,2022-11-24 10:05:00,2022-11-24 10:10:00,6864.801864802284,1.372960372960457,2,"欧州
15-21JST","USDJPY_欧州
15-21JST",2022_47
USDJPY,short,2022-11-24 10:10:00,2022-11-24 10:15:00,-4999.999999999446,-0.9999999999998892,1,"欧州
15-21JST","USDJPY_欧州
15-21JST",2022_47
AUDNZD,long,2022-11-24 10:15:00,2022-11-24 10:20:00,-4999.999999999692,-0.9999999999999384,1,"欧州
15-21JST","AUDNZD_欧州
15-21JST",2022_47
AUDNZD,long,2022-11-24 10:20:00,2022-11-24 10:25:00,-5000.000000000888,-1.0000000000001776,1,"欧州
15-21JST","AUDNZD_欧州
15-21JST",2022_47
USDJPY,short,2022-11-24 10:25:00,2022-11-24 10:30:00,-4999.999999999502,-0.9999999999999004,1,"欧州
15-21JST","USDJPY_欧州
15-21JST",2022_47
USDJPY,short,2022-11-24 10:40:00,2022-11-24 10:45:00,3226.535495879616,0.6453070991759232,4,"欧州
15-21JST","USDJPY_欧州
15-21JST",2022_47
USDJPY,short,2022-11-24 10:45:00,2022-11-24 10:50:00,1977.4919614154448,0.395498392283089,3,"欧州
15-21JST","USDJPY_欧州
15-21JST",2022_47
USDJPY,short,2022-11-24 10:55:00,2022-11-24 11:00:00,-3336.776859504002,-0.6673553719008004,3,"欧州
15-21JST","USDJPY_欧州
15-21JST",2022_47
USDJPY,short,2022-11-24 11:00:00,2022-11-24 11:05:00,-4614.903725932118,-0.9229807451864236,2,"欧州
15-21JST","USDJPY_欧州
15-21JST",2022_47
NZDUSD,long,2022-11-25 00:10:00,2022-11-25 00:15:00,9025.044722717555,1.8050089445435111,2,"東京
09-15JST","NZDUSD_東京
09-15JST",2022_47
AUDUSD,short,2022-11-25 08:00:00,2022-11-25 08:05:00,-5000.000000000425,-1.000000000000085,1,"欧州
15-21JST","AUDUSD_欧州
15-21JST",2022_47
AUDUSD,short,2022-11-25 08:40:00,2022-11-25 08:45:00,2191.1573472039736,0.4382314694407947,2,"欧州
15-21JST","AUDUSD_欧州
15-21JST",2022_47
AUDUSD,short,2022-11-25 08:45:00,2022-11-25 08:50:00,-3151.9639407602017,-0.6303927881520404,2,"欧州
15-21JST","AUDUSD_欧州
15-21JST",2022_47
AUDUSD,short,2022-11-25 08:50:00,2022-11-25 08:55:00,-5000.0,-1.0,1,"欧州
15-21JST","AUDUSD_欧州
15-21JST",2022_47
AUDUSD,short,2022-11-25 09:20:00,2022-11-25 09:25:00,-5000.000000000564,-1.0000000000001128,1,"欧州
15-21JST","AUDUSD_欧州
15-21JST",2022_47
EURJPY,long,2022-11-25 12:40:00,2022-11-25 12:45:00,-4999.999999999493,-0.9999999999998986,1,"NY
21-03JST","EURJPY_NY
21-03JST",2022_47
EURJPY,long,2022-11-25 12:45:00,2022-11-25 12:50:00,895.0617283949379,0.1790123456789875,4,"NY
21-03JST","EURJPY_NY
21-03JST",2022_47
EURJPY,long,2022-11-25 12:50:00,2022-11-25 12:55:00,578.0746199907051,0.115614923998141,3,"NY
21-03JST","EURJPY_NY
21-03JST",2022_47
EURJPY,long,2022-11-25 12:55:00,2022-11-25 13:00:00,3566.3242518983257,0.7132648503796651,2,"NY
21-03JST","EURJPY_NY
21-03JST",2022_47
EURJPY,long,2022-11-25 13:10:00,2022-11-25 13:15:00,-5000.000000000401,-1.0000000000000802,1,"NY
21-03JST","EURJPY_NY
21-03JST",2022_47
EURJPY,long,2022-11-25 13:15:00,2022-11-25 13:20:00,9196.847038772046,1.8393694077544087,5,"NY
21-03JST","EURJPY_NY
21-03JST",2022_47
EURJPY,long,2022-11-25 13:20:00,2022-11-25 13:25:00,4114.28571428417,0.8228571428568341,4,"NY
21-03JST","EURJPY_NY
21-03JST",2022_47
EURJPY,long,2022-11-25 13:40:00,2022-11-25 13:45:00,-2778.1926811039248,-0.555638536220785,2,"NY
21-03JST","EURJPY_NY
21-03JST",2022_47
EURJPY,long,2022-11-25 13:45:00,2022-11-25 13:50:00,-4999.999999999468,-0.9999999999998936,2,"NY
21-03JST","EURJPY_NY
21-03JST",2022_47
EURJPY,long,2022-11-25 13:50:00,2022-11-25 13:55:00,46.628407460663816,0.0093256814921327,3,"NY
21-03JST","EURJPY_NY
21-03JST",2022_47
EURJPY,long,2022-11-25 14:00:00,2022-11-25 14:05:00,-5000.000000000204,-1.0000000000000409,1,"NY
21-03JST","EURJPY_NY
21-03JST",2022_47
EURJPY,long,2022-11-25 14:10:00,2022-11-25 14:15:00,-3355.3597650502475,-0.6710719530100495,2,"NY
21-03JST","EURJPY_NY
21-03JST",2022_47
EURJPY,long,2022-11-25 14:15:00,2022-11-25 14:20:00,-4999.999999999895,-0.9999999999999788,1,"NY
21-03JST","EURJPY_NY
21-03JST",2022_47
EURJPY,long,2022-11-25 14:20:00,2022-11-25 14:25:00,9167.84203102946,1.833568406205892,7,"NY
21-03JST","EURJPY_NY
21-03JST",2022_47
EURJPY,long,2022-11-25 14:25:00,2022-11-25 14:30:00,9722.222222221346,1.9444444444442688,6,"NY
21-03JST","EURJPY_NY
21-03JST",2022_47
EURAUD,long,2022-11-25 21:40:00,2022-11-25 21:45:00,-5000.000000000185,-1.0000000000000369,1,"深夜
03-09JST","EURAUD_深夜
03-09JST",2022_47
EURAUD,long,2022-11-25 21:50:00,2022-11-25 21:55:00,19016.620498614982,3.803324099722997,4,"深夜
03-09JST","EURAUD_深夜
03-09JST",2022_47
USDJPY,short,2022-11-28 06:35:00,2022-11-28 06:40:00,380.67349926890125,0.0761346998537802,4,"欧州
15-21JST","USDJPY_欧州
15-21JST",2022_48
USDJPY,short,2022-11-28 06:40:00,2022-11-28 06:45:00,-1941.1339833879133,-0.3882267966775827,3,"欧州
15-21JST","USDJPY_欧州
15-21JST",2022_48
USDJPY,short,2022-11-28 06:45:00,2022-11-28 06:50:00,-3085.553997194041,-0.6171107994388082,2,"欧州
15-21JST","USDJPY_欧州
15-21JST",2022_48
AUDNZD,long,2022-11-28 07:30:00,2022-11-28 07:35:00,-1726.1904761937576,-0.3452380952387515,3,"欧州
15-21JST","AUDNZD_欧州
15-21JST",2022_48
USDJPY,short,2022-11-28 08:30:00,2022-11-28 08:35:00,-3469.2482915708247,-0.6938496583141649,2,"欧州
15-21JST","USDJPY_欧州
15-21JST",2022_48
USDJPY,short,2022-11-28 08:35:00,2022-11-28 08:40:00,-670.9265175723461,-0.1341853035144692,3,"欧州
15-21JST","USDJPY_欧州
15-21JST",2022_48
USDJPY,short,2022-11-28 08:50:00,2022-11-28 08:55:00,-4999.999999999741,-0.9999999999999482,1,"欧州
15-21JST","USDJPY_欧州
15-21JST",2022_48
AUDNZD,long,2022-11-28 09:30:00,2022-11-28 09:35:00,-5000.000000001708,-1.0000000000003415,1,"欧州
15-21JST","AUDNZD_欧州
15-21JST",2022_48
AUDNZD,long,2022-11-28 09:35:00,2022-11-28 09:40:00,-4999.999999998763,-0.9999999999997526,1,"欧州
15-21JST","AUDNZD_欧州
15-21JST",2022_48
AUDNZD,long,2022-11-28 09:40:00,2022-11-28 09:45:00,-1880.434782608791,-0.3760869565217582,2,"欧州
15-21JST","AUDNZD_欧州
15-21JST",2022_48
AUDNZD,long,2022-11-28 09:45:00,2022-11-28 09:50:00,10503.35570469674,2.100671140939348,9,"欧州
15-21JST","AUDNZD_欧州
15-21JST",2022_48
AUDNZD,long,2022-11-28 10:35:00,2022-11-28 10:40:00,1713.450292395274,0.3426900584790547,4,"欧州
15-21JST","AUDNZD_欧州
15-21JST",2022_48
AUDNZD,long,2022-11-28 11:00:00,2022-11-28 11:05:00,1556.7282321863486,0.3113456464372697,4,"欧州
15-21JST","AUDNZD_欧州
15-21JST",2022_48
NZDUSD,long,2022-11-28 13:00:00,2022-11-28 13:05:00,2099.056603773214,0.4198113207546428,2,"NY
21-03JST","NZDUSD_NY
21-03JST",2022_48
NZDUSD,long,2022-11-28 13:05:00,2022-11-28 13:10:00,-5000.000000000175,-1.0000000000000349,1,"NY
21-03JST","NZDUSD_NY
21-03JST",2022_48
NZDUSD,long,2022-11-28 13:10:00,2022-11-28 13:15:00,-5000.000000000546,-1.0000000000001092,1,"NY
21-03JST","NZDUSD_NY
21-03JST",2022_48
NZDUSD,long,2022-11-28 13:15:00,2022-11-28 13:20:00,6604.562737642237,1.3209125475284471,4,"NY
21-03JST","NZDUSD_NY
21-03JST",2022_48
NZDUSD,long,2022-11-28 13:20:00,2022-11-28 13:25:00,8092.783505156063,1.6185567010312127,3,"NY
21-03JST","NZDUSD_NY
21-03JST",2022_48
NZDUSD,long,2022-11-28 14:25:00,2022-11-28 14:30:00,4786.407766990979,0.957281553398196,2,"NY
21-03JST","NZDUSD_NY
21-03JST",2022_48
NZDUSD,long,2022-11-28 14:40:00,2022-11-28 14:45:00,-1803.65296803723,-0.360730593607446,3,"NY
21-03JST","NZDUSD_NY
21-03JST",2022_48
NZDUSD,long,2022-11-28 14:55:00,2022-11-28 15:00:00,2826.0869565217545,0.5652173913043509,4,"NY
21-03JST","NZDUSD_NY
21-03JST",2022_48
EURJPY,long,2022-11-28 15:00:00,2022-11-28 15:05:00,2862.232779098672,0.5724465558197344,3,"NY
21-03JST","EURJPY_NY
21-03JST",2022_48
EURJPY,long,2022-11-28 15:20:00,2022-11-28 15:25:00,-2149.108044429297,-0.4298216088858594,3,"NY
21-03JST","EURJPY_NY
21-03JST",2022_48
EURJPY,long,2022-11-28 15:25:00,2022-11-28 15:30:00,345.8904109581406,0.0691780821916281,2,"NY
21-03JST","EURJPY_NY
21-03JST",2022_48
NZDUSD,long,2022-11-28 15:35:00,2022-11-28 15:40:00,-689.0243902442018,-0.1378048780488403,2,"NY
21-03JST","NZDUSD_NY
21-03JST",2022_48
EURJPY,long,2022-11-28 15:40:00,2022-11-28 15:45:00,-4999.999999999799,-0.9999999999999598,1,"NY
21-03JST","EURJPY_NY
21-03JST",2022_48
EURJPY,long,2022-11-28 15:45:00,2022-11-28 15:50:00,-2450.572320498968,-0.4901144640997935,2,"NY
21-03JST","EURJPY_NY
21-03JST",2022_48
NZDUSD,long,2022-11-28 15:55:00,2022-11-28 19:00:00,-4999.999999999926,-0.9999999999999852,1,"NY
21-03JST","NZDUSD_NY
21-03JST",2022_48
USDJPY,short,2022-11-29 06:40:00,2022-11-29 06:45:00,-4999.999999999515,-0.9999999999999032,1,"欧州
15-21JST","USDJPY_欧州
15-21JST",2022_48
EURGBP,long,2022-11-29 08:15:00,2022-11-29 08:20:00,-1029.2397660818683,-0.2058479532163736,4,"欧州
15-21JST","EURGBP_欧州
15-21JST",2022_48
EURGBP,long,2022-11-29 08:20:00,2022-11-29 08:25:00,14018.264840183503,2.803652968036701,12,"欧州
15-21JST","EURGBP_欧州
15-21JST",2022_48
USDJPY,short,2022-11-29 08:30:00,2022-11-29 08:35:00,8427.440633245957,1.6854881266491912,3,"欧州
15-21JST","USDJPY_欧州
15-21JST",2022_48
USDJPY,short,2022-11-29 08:35:00,2022-11-29 08:40:00,4414.55696202499,0.8829113924049979,2,"欧州
15-21JST","USDJPY_欧州
15-21JST",2022_48
USDJPY,short,2022-11-29 08:40:00,2022-11-29 08:45:00,4334.611171960727,0.8669222343921454,2,"欧州
15-21JST","USDJPY_欧州
15-21JST",2022_48
USDJPY,short,2022-11-29 08:45:00,2022-11-29 08:50:00,-4999.999999999633,-0.9999999999999264,1,"欧州
15-21JST","USDJPY_欧州
15-21JST",2022_48
EURGBP,long,2022-11-29 09:25:00,2022-11-29 09:30:00,20032.119914346156,4.00642398286923,7,"欧州
15-21JST","EURGBP_欧州
15-21JST",2022_48
EURGBP,long,2022-11-29 09:30:00,2022-11-29 09:35:00,19960.05809731306,3.992011619462612,6,"欧州
15-21JST","EURGBP_欧州
15-21JST",2022_48
NZDUSD,long,2022-11-29 12:45:00,2022-11-29 12:50:00,4316.176470587198,0.8632352941174397,3,"NY
21-03JST","NZDUSD_NY
21-03JST",2022_48
NZDUSD,long,2022-11-29 15:00:00,2022-11-29 15:05:00,4188.138065143914,0.8376276130287827,2,"NY
21-03JST","NZDUSD_NY
21-03JST",2022_48
NZDUSD,long,2022-11-29 15:15:00,2022-11-29 15:20:00,-605.7945566283864,-0.1211589113256772,4,"NY
21-03JST","NZDUSD_NY
21-03JST",2022_48
NZDUSD,long,2022-11-29 16:10:00,2022-11-29 16:15:00,-4999.999999999888,-0.9999999999999776,1,"NY
21-03JST","NZDUSD_NY
21-03JST",2022_48
NZDUSD,long,2022-11-29 17:00:00,2022-11-29 17:05:00,-2316.9336384443286,-0.4633867276888657,3,"NY
21-03JST","NZDUSD_NY
21-03JST",2022_48
NZDUSD,long,2022-11-29 17:15:00,2022-11-29 17:20:00,-1398.7138263659572,-0.2797427652731914,8,"NY
21-03JST","NZDUSD_NY
21-03JST",2022_48
NZDUSD,long,2022-11-29 17:20:00,2022-11-29 17:25:00,2937.1584699450973,0.5874316939890195,7,"NY
21-03JST","NZDUSD_NY
21-03JST",2022_48
NZDUSD,long,2022-11-29 17:40:00,2022-11-29 17:45:00,-1370.8260105444372,-0.2741652021088874,3,"NY
21-03JST","NZDUSD_NY
21-03JST",2022_48
USDJPY,short,2022-11-30 06:15:00,2022-11-30 06:20:00,-4999.999999999754,-0.9999999999999508,1,"欧州
15-21JST","USDJPY_欧州
15-21JST",2022_48
EURGBP,long,2022-11-30 09:05:00,2022-11-30 09:10:00,-181.7478731624834,-0.0363495746324966,3,"欧州
15-21JST","EURGBP_欧州
15-21JST",2022_48
EURGBP,long,2022-11-30 09:20:00,2022-11-30 09:25:00,-2432.2169059024027,-0.4864433811804805,2,"欧州
15-21JST","EURGBP_欧州
15-21JST",2022_48
EURGBP,long,2022-11-30 09:25:00,2022-11-30 09:30:00,-5000.000000000607,-1.0000000000001212,1,"欧州
15-21JST","EURGBP_欧州
15-21JST",2022_48
EURGBP,long,2022-11-30 09:35:00,2022-11-30 09:40:00,-771.0651828292625,-0.1542130365658525,2,"欧州
15-21JST","EURGBP_欧州
15-21JST",2022_48
EURGBP,long,2022-11-30 09:45:00,2022-11-30 09:50:00,-4999.999999999565,-0.9999999999999132,1,"欧州
15-21JST","EURGBP_欧州
15-21JST",2022_48
EURGBP,long,2022-11-30 10:15:00,2022-11-30 10:20:00,8775.641025642102,1.7551282051284205,7,"欧州
15-21JST","EURGBP_欧州
15-21JST",2022_48
NZDUSD,long,2022-11-30 15:20:00,2022-11-30 15:25:00,-4999.999999999809,-0.9999999999999618,1,"NY
21-03JST","NZDUSD_NY
21-03JST",2022_48
NZDUSD,long,2022-11-30 15:25:00,2022-11-30 15:30:00,-615.74269995789,-0.1231485399915779,3,"NY
21-03JST","NZDUSD_NY
21-03JST",2022_48
NZDUSD,long,2022-11-30 15:30:00,2022-11-30 15:35:00,2692.0047262705093,0.5384009452541019,2,"NY
21-03JST","NZDUSD_NY
21-03JST",2022_48
NZDUSD,long,2022-11-30 15:45:00,2022-11-30 15:50:00,19810.126582280045,3.962025316456009,21,"NY
21-03JST","NZDUSD_NY
21-03JST",2022_48
NZDUSD,long,2022-11-30 15:50:00,2022-11-30 15:55:00,10670.921007245222,2.1341842014490444,20,"NY
21-03JST","NZDUSD_NY
21-03JST",2022_48
NZDUSD,long,2022-11-30 16:00:00,2022-11-30 16:05:00,15018.308311974242,3.0036616623948484,18,"NY
21-03JST","NZDUSD_NY
21-03JST",2022_48
EURJPY,long,2022-11-30 16:00:00,2022-11-30 16:05:00,-4999.999999999592,-0.9999999999999184,1,"NY
21-03JST","EURJPY_NY
21-03JST",2022_48
EURJPY,long,2022-11-30 16:35:00,2022-11-30 16:40:00,-1831.416687056448,-0.3662833374112896,11,"NY
21-03JST","EURJPY_NY
21-03JST",2022_48
EURJPY,long,2022-11-30 16:40:00,2022-11-30 16:45:00,-3104.9069373938382,-0.6209813874787676,10,"NY
21-03JST","EURJPY_NY
21-03JST",2022_48
EURJPY,long,2022-11-30 16:50:00,2022-11-30 16:55:00,-3050.541516245008,-0.6101083032490016,8,"NY
21-03JST","EURJPY_NY
21-03JST",2022_48
EURJPY,long,2022-11-30 17:00:00,2022-11-30 17:05:00,-3692.352597780961,-0.7384705195561923,6,"NY
21-03JST","EURJPY_NY
21-03JST",2022_48
EURJPY,long,2022-11-30 17:10:00,2022-11-30 17:15:00,-1144.6234544757815,-0.2289246908951563,3,"NY
21-03JST","EURJPY_NY
21-03JST",2022_48
EURJPY,long,2022-11-30 17:20:00,2022-11-30 17:25:00,-4251.858736058056,-0.8503717472116111,2,"NY
21-03JST","EURJPY_NY
21-03JST",2022_48
EURJPY,long,2022-11-30 17:25:00,2022-11-30 17:30:00,-5000.000000000648,-1.0000000000001297,1,"NY
21-03JST","EURJPY_NY
21-03JST",2022_48
EURJPY,long,2022-11-30 17:30:00,2022-11-30 17:35:00,-163.01703163267248,-0.0326034063265344,5,"NY
21-03JST","EURJPY_NY
21-03JST",2022_48
EURJPY,long,2022-11-30 17:35:00,2022-11-30 17:40:00,2705.796395518456,0.5411592791036912,4,"NY
21-03JST","EURJPY_NY
21-03JST",2022_48
AUDNZD,long,2022-12-02 07:00:00,2022-12-02 07:05:00,5729.927007300452,1.1459854014600903,5,"欧州
15-21JST","AUDNZD_欧州
15-21JST",2022_48
AUDNZD,long,2022-12-02 07:05:00,2022-12-02 07:10:00,5173.913043478547,1.0347826086957093,4,"欧州
15-21JST","AUDNZD_欧州
15-21JST",2022_48
USDJPY,short,2022-12-02 07:10:00,2022-12-02 07:15:00,-4999.99999999958,-0.999999999999916,1,"欧州
15-21JST","USDJPY_欧州
15-21JST",2022_48
USDJPY,short,2022-12-02 07:15:00,2022-12-02 07:20:00,7150.760719224673,1.4301521438449347,5,"欧州
15-21JST","USDJPY_欧州
15-21JST",2022_48
USDJPY,short,2022-12-02 07:20:00,2022-12-02 07:25:00,1849.0505310581864,0.3698101062116373,4,"欧州
15-21JST","USDJPY_欧州
15-21JST",2022_48
USDJPY,short,2022-12-02 07:30:00,2022-12-02 07:35:00,2492.8321121373406,0.4985664224274681,2,"欧州
15-21JST","USDJPY_欧州
15-21JST",2022_48
EURGBP,long,2022-12-02 07:50:00,2022-12-02 07:55:00,-4999.9999999993615,-0.9999999999998724,1,"欧州
15-21JST","EURGBP_欧州
15-21JST",2022_48
EURGBP,long,2022-12-02 07:55:00,2022-12-02 08:00:00,-4999.999999999802,-0.9999999999999604,1,"欧州
15-21JST","EURGBP_欧州
15-21JST",2022_48
EURGBP,long,2022-12-02 08:15:00,2022-12-02 08:20:00,-538.0794701985104,-0.107615894039702,4,"欧州
15-21JST","EURGBP_欧州
15-21JST",2022_48
AUDNZD,long,2022-12-02 08:20:00,2022-12-02 08:25:00,-5000.000000000644,-1.0000000000001288,1,"欧州
15-21JST","AUDNZD_欧州
15-21JST",2022_48
EURGBP,long,2022-12-02 08:20:00,2022-12-02 08:25:00,-1713.3443163104816,-0.3426688632620963,3,"欧州
15-21JST","EURGBP_欧州
15-21JST",2022_48
AUDNZD,long,2022-12-02 08:25:00,2022-12-02 08:30:00,12740.549828178258,2.548109965635652,2,"欧州
15-21JST","AUDNZD_欧州
15-21JST",2022_48
EURGBP,long,2022-12-02 08:25:00,2022-12-02 08:30:00,1147.4730737365096,0.2294946147473019,2,"欧州
15-21JST","EURGBP_欧州
15-21JST",2022_48
USDJPY,short,2022-12-02 08:40:00,2022-12-02 08:45:00,8592.23300970808,1.7184466019416158,2,"欧州
15-21JST","USDJPY_欧州
15-21JST",2022_48
EURGBP,long,2022-12-02 08:40:00,2022-12-02 08:45:00,7135.539795112865,1.427107959022573,6,"欧州
15-21JST","EURGBP_欧州
15-21JST",2022_48
USDJPY,short,2022-12-02 08:45:00,2022-12-02 08:50:00,-1734.2799188646743,-0.3468559837729349,2,"欧州
15-21JST","USDJPY_欧州
15-21JST",2022_48
USDJPY,short,2022-12-02 09:15:00,2022-12-02 09:20:00,-395.876288659793,-0.0791752577319586,5,"欧州
15-21JST","USDJPY_欧州
15-21JST",2022_48
EURGBP,long,2022-12-02 09:15:00,2022-12-02 09:20:00,1032.6086956529402,0.206521739130588,3,"欧州
15-21JST","EURGBP_欧州
15-21JST",2022_48
USDJPY,short,2022-12-02 09:30:00,2022-12-02 09:35:00,-2997.347480106013,-0.5994694960212026,2,"欧州
15-21JST","USDJPY_欧州
15-21JST",2022_48
EURGBP,long,2022-12-02 09:30:00,2022-12-02 09:35:00,-5000.000000000256,-1.000000000000051,1,"欧州
15-21JST","EURGBP_欧州
15-21JST",2022_48
EURGBP,long,2022-12-02 09:35:00,2022-12-02 09:40:00,-4999.999999999573,-0.9999999999999148,1,"欧州
15-21JST","EURGBP_欧州
15-21JST",2022_48
EURGBP,long,2022-12-02 09:40:00,2022-12-02 09:45:00,5789.87730061263,1.157975460122526,3,"欧州
15-21JST","EURGBP_欧州
15-21JST",2022_48
EURGBP,long,2022-12-02 09:45:00,2022-12-02 09:50:00,6809.81595091999,1.361963190183998,2,"欧州
15-21JST","EURGBP_欧州
15-21JST",2022_48
NZDUSD,long,2022-12-02 13:35:00,2022-12-02 13:40:00,-5000.0000000001255,-1.000000000000025,1,"NY
21-03JST","NZDUSD_NY
21-03JST",2022_48
NZDUSD,long,2022-12-02 13:40:00,2022-12-02 13:45:00,5209.302325581362,1.0418604651162724,2,"NY
21-03JST","NZDUSD_NY
21-03JST",2022_48
NZDUSD,long,2022-12-02 14:05:00,2022-12-02 14:10:00,4181.772406847998,0.8363544813695997,8,"NY
21-03JST","NZDUSD_NY
21-03JST",2022_48
NZDUSD,long,2022-12-02 14:30:00,2022-12-02 14:35:00,11577.608142493767,2.315521628498753,48,"NY
21-03JST","NZDUSD_NY
21-03JST",2022_48
NZDUSD,long,2022-12-02 14:40:00,2022-12-02 14:45:00,-2314.5275035258783,-0.4629055007051756,4,"NY
21-03JST","NZDUSD_NY
21-03JST",2022_48
NZDUSD,long,2022-12-02 14:45:00,2022-12-02 14:50:00,-1081.7865429229407,-0.2163573085845881,3,"NY
21-03JST","NZDUSD_NY
21-03JST",2022_48
NZDUSD,long,2022-12-02 14:50:00,2022-12-02 14:55:00,-1104.9636421116682,-0.2209927284223336,2,"NY
21-03JST","NZDUSD_NY
21-03JST",2022_48
NZDUSD,long,2022-12-02 15:00:00,2022-12-02 15:05:00,-193.13304721037613,-0.0386266094420752,3,"NY
21-03JST","NZDUSD_NY
21-03JST",2022_48
NZDUSD,long,2022-12-02 15:05:00,2022-12-02 15:10:00,-234.92415834256155,-0.0469848316685123,4,"NY
21-03JST","NZDUSD_NY
21-03JST",2022_48
NZDUSD,long,2022-12-02 15:20:00,2022-12-02 15:25:00,-5000.000000000293,-1.0000000000000586,1,"NY
21-03JST","NZDUSD_NY
21-03JST",2022_48
NZDUSD,long,2022-12-02 15:25:00,2022-12-02 15:30:00,15439.893818732531,3.0879787637465066,16,"NY
21-03JST","NZDUSD_NY
21-03JST",2022_48
AUDNZD,long,2022-12-05 06:50:00,2022-12-05 06:55:00,-4999.99999999931,-0.999999999999862,1,"欧州
15-21JST","AUDNZD_欧州
15-21JST",2022_49
AUDNZD,long,2022-12-05 06:55:00,2022-12-05 07:00:00,-4999.999999998086,-0.9999999999996172,1,"欧州
15-21JST","AUDNZD_欧州
15-21JST",2022_49
GBPUSD,long,2022-12-05 07:30:00,2022-12-05 07:35:00,-4999.999999999681,-0.9999999999999362,1,"欧州
15-21JST","GBPUSD_欧州
15-21JST",2022_49
GBPUSD,long,2022-12-05 07:40:00,2022-12-05 07:45:00,-4999.999999999405,-0.999999999999881,1,"欧州
15-21JST","GBPUSD_欧州
15-21JST",2022_49
GBPUSD,long,2022-12-05 07:45:00,2022-12-05 07:50:00,-4999.9999999994525,-0.9999999999998904,1,"欧州
15-21JST","GBPUSD_欧州
15-21JST",2022_49
GBPUSD,long,2022-12-05 07:50:00,2022-12-05 07:55:00,-1515.8371040718073,-0.3031674208143614,2,"欧州
15-21JST","GBPUSD_欧州
15-21JST",2022_49
GBPUSD,long,2022-12-05 07:55:00,2022-12-05 08:00:00,-4999.999999999649,-0.9999999999999298,1,"欧州
15-21JST","GBPUSD_欧州
15-21JST",2022_49
GBPUSD,long,2022-12-05 08:00:00,2022-12-05 08:05:00,-4999.999999999915,-0.9999999999999832,1,"欧州
15-21JST","GBPUSD_欧州
15-21JST",2022_49
GBPUSD,long,2022-12-05 08:05:00,2022-12-05 08:10:00,-5000.000000000079,-1.0000000000000158,1,"欧州
15-21JST","GBPUSD_欧州
15-21JST",2022_49
GBPUSD,long,2022-12-05 08:10:00,2022-12-05 08:15:00,-3447.752126367022,-0.6895504252734044,2,"欧州
15-21JST","GBPUSD_欧州
15-21JST",2022_49
GBPUSD,long,2022-12-05 08:20:00,2022-12-05 08:25:00,-5000.000000000458,-1.0000000000000917,1,"欧州
15-21JST","GBPUSD_欧州
15-21JST",2022_49
GBPUSD,long,2022-12-05 08:30:00,2022-12-05 08:35:00,3262.806236079678,0.6525612472159356,7,"欧州
15-21JST","GBPUSD_欧州
15-21JST",2022_49
GBPUSD,long,2022-12-05 08:40:00,2022-12-05 08:45:00,6530.328324986021,1.3060656649972042,5,"欧州
15-21JST","GBPUSD_欧州
15-21JST",2022_49
GBPUSD,long,2022-12-05 09:05:00,2022-12-05 09:10:00,1571.8085106385806,0.3143617021277161,3,"欧州
15-21JST","GBPUSD_欧州
15-21JST",2022_49
GBPUSD,long,2022-12-05 09:10:00,2022-12-05 09:15:00,-393.9886271325391,-0.0787977254265078,2,"欧州
15-21JST","GBPUSD_欧州
15-21JST",2022_49
AUDNZD,long,2022-12-05 11:25:00,2022-12-05 11:30:00,2649.006622517851,0.5298013245035702,2,"欧州
15-21JST","AUDNZD_欧州
15-21JST",2022_49
AUDNZD,long,2022-12-05 11:40:00,2022-12-05 11:45:00,-4999.999999999745,-0.999999999999949,1,"欧州
15-21JST","AUDNZD_欧州
15-21JST",2022_49
NZDUSD,long,2022-12-06 04:05:00,2022-12-06 04:10:00,4399.293286218481,0.8798586572436962,4,"東京
09-15JST","NZDUSD_東京
09-15JST",2022_49
NZDUSD,long,2022-12-06 05:10:00,2022-12-06 05:15:00,1766.467065867772,0.3532934131735544,2,"東京
09-15JST","NZDUSD_東京
09-15JST",2022_49
NZDUSD,long,2022-12-06 05:15:00,2022-12-06 05:20:00,-5000.000000000565,-1.000000000000113,2,"東京
09-15JST","NZDUSD_東京
09-15JST",2022_49
NZDUSD,long,2022-12-06 05:25:00,2022-12-06 05:30:00,-4999.999999999803,-0.9999999999999604,2,"東京
09-15JST","NZDUSD_東京
09-15JST",2022_49
NZDUSD,long,2022-12-06 05:30:00,2022-12-06 05:35:00,-5000.0,-1.0,1,"東京
09-15JST","NZDUSD_東京
09-15JST",2022_49
GBPUSD,long,2022-12-06 06:15:00,2022-12-06 06:20:00,1653.992395438708,0.3307984790877415,5,"欧州
15-21JST","GBPUSD_欧州
15-21JST",2022_49
USDJPY,short,2022-12-06 08:40:00,2022-12-06 08:45:00,230.40874772286557,0.0460817495445731,3,"欧州
15-21JST","USDJPY_欧州
15-21JST",2022_49
USDJPY,short,2022-12-06 08:45:00,2022-12-06 08:50:00,-257.0524650657999,-0.0514104930131599,2,"欧州
15-21JST","USDJPY_欧州
15-21JST",2022_49
AUDJPY,short,2022-12-06 09:15:00,2022-12-06 09:20:00,-1836.538461539108,-0.3673076923078215,6,"欧州
15-21JST","AUDJPY_欧州
15-21JST",2022_49
USDJPY,short,2022-12-06 09:20:00,2022-12-06 09:25:00,869.9748743720048,0.1739949748744009,5,"欧州
15-21JST","USDJPY_欧州
15-21JST",2022_49
USDJPY,short,2022-12-06 09:25:00,2022-12-06 09:30:00,909.0909090913956,0.1818181818182791,3,"欧州
15-21JST","USDJPY_欧州
15-21JST",2022_49
USDJPY,short,2022-12-06 09:30:00,2022-12-06 09:35:00,-1052.3665659626524,-0.2104733131925305,2,"欧州
15-21JST","USDJPY_欧州
15-21JST",2022_49
AUDJPY,short,2022-12-06 09:30:00,2022-12-06 09:35:00,-1611.810261375111,-0.3223620522750222,3,"欧州
15-21JST","AUDJPY_欧州
15-21JST",2022_49
AUDJPY,short,2022-12-06 09:45:00,2022-12-06 09:50:00,4474.232170744585,0.8948464341489171,3,"欧州
15-21JST","AUDJPY_欧州
15-21JST",2022_49
AUDJPY,short,2022-12-06 09:55:00,2022-12-06 10:00:00,4562.171628721869,0.9124343257443738,2,"欧州
15-21JST","AUDJPY_欧州
15-21JST",2022_49
GBPUSD,long,2022-12-06 09:55:00,2022-12-06 10:00:00,1301.1006289291038,0.2602201257858207,4,"欧州
15-21JST","GBPUSD_欧州
15-21JST",2022_49
GBPUSD,long,2022-12-06 10:00:00,2022-12-06 10:05:00,538.5820603208182,0.1077164120641636,3,"欧州
15-21JST","GBPUSD_欧州
15-21JST",2022_49
GBPUSD,long,2022-12-07 06:10:00,2022-12-07 06:15:00,4535.864978902027,0.9071729957804054,7,"欧州
15-21JST","GBPUSD_欧州
15-21JST",2022_49
GBPUSD,long,2022-12-07 07:10:00,2022-12-07 07:15:00,16868.852459015183,3.3737704918030365,5,"欧州
15-21JST","GBPUSD_欧州
15-21JST",2022_49
AUDNZD,long,2022-12-07 07:40:00,2022-12-07 07:45:00,-768.0872150652085,-0.1536174430130417,3,"欧州
15-21JST","AUDNZD_欧州
15-21JST",2022_49
AUDNZD,long,2022-12-07 07:45:00,2022-12-07 07:50:00,436.2416107395695,0.0872483221479139,2,"欧州
15-21JST","AUDNZD_欧州
15-21JST",2022_49
AUDNZD,long,2022-12-07 08:05:00,2022-12-07 08:10:00,-4999.999999999815,-0.9999999999999628,1,"欧州
15-21JST","AUDNZD_欧州
15-21JST",2022_49
AUDNZD,long,2022-12-07 08:25:00,2022-12-07 08:30:00,-4999.999999999211,-0.999999999999842,1,"欧州
15-21JST","AUDNZD_欧州
15-21JST",2022_49
AUDNZD,long,2022-12-07 08:30:00,2022-12-07 08:35:00,-4999.999999999618,-0.9999999999999236,1,"欧州
15-21JST","AUDNZD_欧州
15-21JST",2022_49
AUDNZD,long,2022-12-07 08:35:00,2022-12-07 08:40:00,-5000.0000000012105,-1.000000000000242,1,"欧州
15-21JST","AUDNZD_欧州
15-21JST",2022_49
USDJPY,short,2022-12-07 08:50:00,2022-12-07 08:55:00,-4999.9999999995725,-0.9999999999999144,1,"欧州
15-21JST","USDJPY_欧州
15-21JST",2022_49
AUDNZD,long,2022-12-07 09:35:00,2022-12-07 09:40:00,-4999.999999998975,-0.999999999999795,2,"欧州
15-21JST","AUDNZD_欧州
15-21JST",2022_49
AUDJPY,short,2022-12-07 09:40:00,2022-12-07 09:45:00,-3777.777777777948,-0.7555555555555896,2,"欧州
15-21JST","AUDJPY_欧州
15-21JST",2022_49
AUDNZD,long,2022-12-07 09:40:00,2022-12-07 09:45:00,-4999.99999999931,-0.999999999999862,1,"欧州
15-21JST","AUDNZD_欧州
15-21JST",2022_49
AUDJPY,short,2022-12-07 09:45:00,2022-12-07 09:50:00,-5000.000000000226,-1.000000000000045,1,"欧州
15-21JST","AUDJPY_欧州
15-21JST",2022_49
GBPUSD,long,2022-12-07 09:50:00,2022-12-07 09:55:00,14041.731066460245,2.8083462132920487,5,"欧州
15-21JST","GBPUSD_欧州
15-21JST",2022_49
AUDJPY,short,2022-12-07 10:20:00,2022-12-07 10:25:00,1859.0604026835451,0.371812080536709,3,"欧州
15-21JST","AUDJPY_欧州
15-21JST",2022_49
AUDNZD,long,2022-12-07 10:20:00,2022-12-07 10:25:00,-4999.999999999583,-0.9999999999999168,2,"欧州
15-21JST","AUDNZD_欧州
15-21JST",2022_49
AUDJPY,short,2022-12-07 10:25:00,2022-12-07 10:30:00,-2691.8199112236325,-0.5383639822447265,2,"欧州
15-21JST","AUDJPY_欧州
15-21JST",2022_49
AUDNZD,long,2022-12-07 10:25:00,2022-12-07 10:30:00,10124.282982788154,2.0248565965576306,9,"欧州
15-21JST","AUDNZD_欧州
15-21JST",2022_49
AUDNZD,long,2022-12-07 10:35:00,2022-12-07 10:40:00,15394.304490688472,3.078860898137694,7,"欧州
15-21JST","AUDNZD_欧州
15-21JST",2022_49
AUDNZD,long,2022-12-07 10:40:00,2022-12-07 10:45:00,13335.18312985548,2.6670366259710963,6,"欧州
15-21JST","AUDNZD_欧州
15-21JST",2022_49
AUDNZD,long,2022-12-07 10:50:00,2022-12-07 10:55:00,11823.671497585749,2.364734299517149,4,"欧州
15-21JST","AUDNZD_欧州
15-21JST",2022_49
AUDNZD,long,2022-12-07 11:25:00,2022-12-07 11:30:00,-5000.000000001342,-1.0000000000002685,2,"欧州
15-21JST","AUDNZD_欧州
15-21JST",2022_49
AUDNZD,long,2022-12-07 11:40:00,2022-12-07 11:45:00,5783.289817232337,1.156657963446467,5,"欧州
15-21JST","AUDNZD_欧州
15-21JST",2022_49
AUDNZD,long,2022-12-12 09:05:00,2022-12-12 09:10:00,1923.076923078425,0.3846153846156849,4,"欧州
15-21JST","AUDNZD_欧州
15-21JST",2022_50
AUDNZD,long,2022-12-12 09:45:00,2022-12-12 09:50:00,-5000.00000000105,-1.0000000000002098,1,"欧州
15-21JST","AUDNZD_欧州
15-21JST",2022_50
AUDNZD,long,2022-12-12 09:55:00,2022-12-12 10:00:00,-4427.570093461354,-0.8855140186922709,2,"欧州
15-21JST","AUDNZD_欧州
15-21JST",2022_50
AUDNZD,long,2022-12-12 10:10:00,2022-12-12 10:15:00,-4999.9999999986685,-0.9999999999997335,1,"欧州
15-21JST","AUDNZD_欧州
15-21JST",2022_50
AUDNZD,long,2022-12-12 10:15:00,2022-12-12 10:20:00,-5000.0,-1.0,1,"欧州
15-21JST","AUDNZD_欧州
15-21JST",2022_50
AUDNZD,long,2022-12-12 10:20:00,2022-12-12 10:25:00,5584.988962475644,1.1169977924951289,4,"欧州
15-21JST","AUDNZD_欧州
15-21JST",2022_50
AUDNZD,long,2022-12-12 10:25:00,2022-12-12 10:30:00,5413.870246085657,1.0827740492171314,3,"欧州
15-21JST","AUDNZD_欧州
15-21JST",2022_50
EURGBP,long,2022-12-12 10:40:00,2022-12-12 10:45:00,2650.602409638487,0.5301204819276975,6,"欧州
15-21JST","EURGBP_欧州
15-21JST",2022_50
AUDNZD,long,2022-12-12 11:30:00,2022-12-12 11:35:00,116.00928074270324,0.0232018561485406,2,"欧州
15-21JST","AUDNZD_欧州
15-21JST",2022_50
AUDNZD,long,2022-12-12 11:50:00,2022-12-12 11:55:00,6380.116959064083,1.2760233918128163,3,"欧州
15-21JST","AUDNZD_欧州
15-21JST",2022_50
NZDUSD,long,2022-12-12 12:40:00,2022-12-12 12:45:00,-2788.1040892193523,-0.5576208178438704,2,"NY
21-03JST","NZDUSD_NY
21-03JST",2022_50
NZDUSD,long,2022-12-12 12:55:00,2022-12-12 13:00:00,4594.22903516617,0.918845807033234,11,"NY
21-03JST","NZDUSD_NY
21-03JST",2022_50
NZDUSD,long,2022-12-12 13:00:00,2022-12-12 13:05:00,8151.887620717839,1.6303775241435678,11,"NY
21-03JST","NZDUSD_NY
21-03JST",2022_50
NZDUSD,long,2022-12-12 13:15:00,2022-12-12 13:20:00,5392.156862743919,1.0784313725487835,7,"NY
21-03JST","NZDUSD_NY
21-03JST",2022_50
NZDUSD,long,2022-12-12 16:10:00,2022-12-12 16:15:00,679.330328396382,0.1358660656792764,5,"NY
21-03JST","NZDUSD_NY
21-03JST",2022_50
NZDUSD,long,2022-12-12 16:15:00,2022-12-12 16:20:00,34.57814661248864,0.0069156293224977,4,"NY
21-03JST","NZDUSD_NY
21-03JST",2022_50
EURGBP,long,2022-12-12 16:50:00,2022-12-12 16:55:00,-4479.76878612689,-0.895953757225378,4,"NY
21-03JST","EURGBP_NY
21-03JST",2022_50
EURGBP,long,2022-12-12 16:55:00,2022-12-12 17:00:00,-4242.928452577437,-0.8485856905154875,3,"NY
21-03JST","EURGBP_NY
21-03JST",2022_50
NZDUSD,long,2022-12-12 17:10:00,2022-12-12 17:15:00,-1356.0033585223107,-0.2712006717044621,2,"NY
21-03JST","NZDUSD_NY
21-03JST",2022_50
EURGBP,long,2022-12-13 13:00:00,2022-12-13 13:05:00,2190.594059402929,0.4381188118805857,3,"NY
21-03JST","EURGBP_NY
21-03JST",2022_50
EURGBP,long,2022-12-13 13:10:00,2022-12-13 13:15:00,-5000.0000000003865,-1.0000000000000773,1,"NY
21-03JST","EURGBP_NY
21-03JST",2022_50
EURGBP,long,2022-12-13 13:20:00,2022-12-13 13:25:00,-4999.9999999996,-0.99999999999992,1,"NY
21-03JST","EURGBP_NY
21-03JST",2022_50
EURGBP,long,2022-12-13 13:30:00,2022-12-13 13:35:00,-5000.0000000001855,-1.000000000000037,1,"NY
21-03JST","EURGBP_NY
21-03JST",2022_50
EURGBP,long,2022-12-13 13:40:00,2022-12-13 13:45:00,7121.486854034199,1.4242973708068398,5,"NY
21-03JST","EURGBP_NY
21-03JST",2022_50
EURGBP,long,2022-12-13 14:15:00,2022-12-13 14:20:00,-1895.2664927314768,-0.3790532985462954,5,"NY
21-03JST","EURGBP_NY
21-03JST",2022_50
EURGBP,long,2022-12-13 14:35:00,2022-12-13 14:40:00,11206.636500754428,2.241327300150885,25,"NY
21-03JST","EURGBP_NY
21-03JST",2022_50
EURGBP,long,2022-12-13 14:45:00,2022-12-13 14:50:00,1933.466733366004,0.3866933466732007,6,"NY
21-03JST","EURGBP_NY
21-03JST",2022_50
EURGBP,long,2022-12-13 14:50:00,2022-12-13 14:55:00,5143.884892086416,1.028776978417283,5,"NY
21-03JST","EURGBP_NY
21-03JST",2022_50
EURGBP,long,2022-12-13 14:55:00,2022-12-13 15:00:00,2888.8888888888446,0.577777777777769,4,"NY
21-03JST","EURGBP_NY
21-03JST",2022_50
NZDUSD,long,2022-12-13 16:40:00,2022-12-13 16:45:00,-5000.000000000351,-1.0000000000000702,1,"NY
21-03JST","NZDUSD_NY
21-03JST",2022_50
NZDUSD,long,2022-12-13 16:45:00,2022-12-13 16:50:00,479.9627213414405,0.095992544268288,4,"NY
21-03JST","NZDUSD_NY
21-03JST",2022_50
NZDUSD,long,2022-12-13 16:50:00,2022-12-13 16:55:00,2221.1253701868363,0.4442250740373673,3,"NY
21-03JST","NZDUSD_NY
21-03JST",2022_50
NZDUSD,long,2022-12-13 16:55:00,2022-12-13 17:00:00,1051.6605166046606,0.2103321033209321,2,"NY
21-03JST","NZDUSD_NY
21-03JST",2022_50
NZDUSD,long,2022-12-13 17:10:00,2022-12-13 17:15:00,-4999.9999999997535,-0.9999999999999508,1,"NY
21-03JST","NZDUSD_NY
21-03JST",2022_50
NZDUSD,long,2022-12-13 17:15:00,2022-12-13 17:20:00,-1969.22274387036,-0.3938445487740719,2,"NY
21-03JST","NZDUSD_NY
21-03JST",2022_50
AUDJPY,short,2022-12-14 00:50:00,2022-12-14 00:55:00,-2430.5882352943527,-0.4861176470588705,2,"東京
09-15JST","AUDJPY_東京
09-15JST",2022_50
AUDJPY,short,2022-12-14 00:55:00,2022-12-14 01:00:00,-4999.99999999962,-0.999999999999924,1,"東京
09-15JST","AUDJPY_東京
09-15JST",2022_50
AUDJPY,short,2022-12-14 01:15:00,2022-12-14 01:20:00,-4999.999999999717,-0.9999999999999434,2,"東京
09-15JST","AUDJPY_東京
09-15JST",2022_50
EURGBP,long,2022-12-14 08:15:00,2022-12-14 08:20:00,3516.6666666662463,0.7033333333332492,3,"欧州
15-21JST","EURGBP_欧州
15-21JST",2022_50
EURGBP,long,2022-12-14 08:50:00,2022-12-14 08:55:00,6269.709543567371,1.2539419087134742,2,"欧州
15-21JST","EURGBP_欧州
15-21JST",2022_50
EURGBP,long,2022-12-14 09:15:00,2022-12-14 09:20:00,-168.44700082114778,-0.0336894001642295,2,"欧州
15-21JST","EURGBP_欧州
15-21JST",2022_50
EURGBP,long,2022-12-14 09:25:00,2022-12-14 09:30:00,-1745.426829268775,-0.349085365853755,2,"欧州
15-21JST","EURGBP_欧州
15-21JST",2022_50
EURGBP,long,2022-12-14 09:35:00,2022-12-14 09:40:00,3832.968636030163,0.7665937272060326,4,"欧州
15-21JST","EURGBP_欧州
15-21JST",2022_50
GBPUSD,long,2022-12-14 11:35:00,2022-12-14 11:40:00,-433.1279449088766,-0.0866255889817753,2,"欧州
15-21JST","GBPUSD_欧州
15-21JST",2022_50
AUDNZD,long,2022-12-15 08:15:00,2022-12-15 08:20:00,5145.797598627981,1.029159519725596,3,"欧州
15-21JST","AUDNZD_欧州
15-21JST",2022_50
GBPUSD,long,2022-12-15 08:35:00,2022-12-15 08:40:00,-4999.999999999821,-0.999999999999964,1,"欧州
15-21JST","GBPUSD_欧州
15-21JST",2022_50
GBPUSD,long,2022-12-15 08:40:00,2022-12-15 08:45:00,-5000.000000000538,-1.0000000000001077,1,"欧州
15-21JST","GBPUSD_欧州
15-21JST",2022_50
GBPUSD,long,2022-12-15 08:45:00,2022-12-15 08:50:00,-5000.00000000058,-1.000000000000116,1,"欧州
15-21JST","GBPUSD_欧州
15-21JST",2022_50
GBPUSD,long,2022-12-15 08:50:00,2022-12-15 08:55:00,-4999.999999999423,-0.9999999999998844,1,"欧州
15-21JST","GBPUSD_欧州
15-21JST",2022_50
GBPUSD,long,2022-12-15 08:55:00,2022-12-15 09:00:00,-4999.999999999697,-0.9999999999999394,1,"欧州
15-21JST","GBPUSD_欧州
15-21JST",2022_50
GBPUSD,long,2022-12-15 09:00:00,2022-12-15 09:05:00,18461.91247973866,3.692382495947732,15,"欧州
15-21JST","GBPUSD_欧州
15-21JST",2022_50
GBPUSD,long,2022-12-15 09:05:00,2022-12-15 09:10:00,17769.18117343585,3.5538362346871697,14,"欧州
15-21JST","GBPUSD_欧州
15-21JST",2022_50
GBPUSD,long,2022-12-15 09:10:00,2022-12-15 09:15:00,16626.19120811398,3.325238241622796,13,"欧州
15-21JST","GBPUSD_欧州
15-21JST",2022_50
GBPUSD,long,2022-12-15 09:55:00,2022-12-15 10:00:00,3451.7766497460498,0.69035532994921,4,"欧州
15-21JST","GBPUSD_欧州
15-21JST",2022_50
GBPUSD,long,2022-12-15 10:00:00,2022-12-15 10:05:00,5236.336779911105,1.047267355982221,3,"欧州
15-21JST","GBPUSD_欧州
15-21JST",2022_50
GBPUSD,long,2022-12-15 10:20:00,2022-12-15 10:25:00,-2017.3453996984545,-0.4034690799396909,4,"欧州
15-21JST","GBPUSD_欧州
15-21JST",2022_50
GBPUSD,long,2022-12-15 10:25:00,2022-12-15 10:30:00,-1470.36181678234,-0.2940723633564679,3,"欧州
15-21JST","GBPUSD_欧州
15-21JST",2022_50
EURGBP,long,2022-12-15 11:10:00,2022-12-15 11:15:00,1946.1538461540424,0.3892307692308084,5,"欧州
15-21JST","EURGBP_欧州
15-21JST",2022_50
AUDNZD,long,2022-12-15 11:25:00,2022-12-15 11:30:00,7858.2739509074,1.57165479018148,3,"欧州
15-21JST","AUDNZD_欧州
15-21JST",2022_50
NZDUSD,long,2022-12-15 15:05:00,2022-12-15 15:10:00,-4274.611398963797,-0.8549222797927594,4,"NY
21-03JST","NZDUSD_NY
21-03JST",2022_50
NZDUSD,long,2022-12-15 15:10:00,2022-12-15 15:15:00,-2461.139896372404,-0.4922279792744807,3,"NY
21-03JST","NZDUSD_NY
21-03JST",2022_50
NZDUSD,long,2022-12-15 15:15:00,2022-12-15 15:20:00,-4999.999999999733,-0.9999999999999464,2,"NY
21-03JST","NZDUSD_NY
21-03JST",2022_50
NZDUSD,long,2022-12-15 15:25:00,2022-12-15 15:30:00,920.3980099504066,0.1840796019900813,2,"NY
21-03JST","NZDUSD_NY
21-03JST",2022_50
NZDUSD,long,2022-12-15 15:30:00,2022-12-15 15:35:00,-686.6693515912174,-0.1373338703182434,2,"NY
21-03JST","NZDUSD_NY
21-03JST",2022_50
NZDUSD,long,2022-12-15 15:40:00,2022-12-15 15:45:00,-113.72549019595633,-0.0227450980391912,4,"NY
21-03JST","NZDUSD_NY
21-03JST",2022_50
NZDUSD,long,2022-12-15 15:50:00,2022-12-15 15:55:00,-216.85761047433,-0.043371522094866,2,"NY
21-03JST","NZDUSD_NY
21-03JST",2022_50
NZDUSD,long,2022-12-15 16:00:00,2022-12-15 16:05:00,-5000.000000000092,-1.0000000000000184,2,"NY
21-03JST","NZDUSD_NY
21-03JST",2022_50
NZDUSD,long,2022-12-15 16:05:00,2022-12-15 16:10:00,-4999.999999999813,-0.9999999999999624,3,"NY
21-03JST","NZDUSD_NY
21-03JST",2022_50
NZDUSD,long,2022-12-15 16:20:00,2022-12-15 16:25:00,-491.5254237282689,-0.0983050847456537,3,"NY
21-03JST","NZDUSD_NY
21-03JST",2022_50
NZDUSD,long,2022-12-15 16:25:00,2022-12-15 16:30:00,-2941.176470588216,-0.5882352941176431,2,"NY
21-03JST","NZDUSD_NY
21-03JST",2022_50
NZDUSD,long,2022-12-15 16:35:00,2022-12-15 16:40:00,-5000.0000000002765,-1.0000000000000553,1,"NY
21-03JST","NZDUSD_NY
21-03JST",2022_50
NZDUSD,long,2022-12-15 16:40:00,2022-12-15 16:45:00,-2068.06282722539,-0.4136125654450779,2,"NY
21-03JST","NZDUSD_NY
21-03JST",2022_50
NZDUSD,long,2022-12-15 16:55:00,2022-12-15 17:00:00,-5000.0,-1.0,1,"NY
21-03JST","NZDUSD_NY
21-03JST",2022_50
NZDUSD,long,2022-12-15 17:00:00,2022-12-15 17:05:00,-4999.999999999875,-0.9999999999999752,1,"NY
21-03JST","NZDUSD_NY
21-03JST",2022_50
NZDUSD,long,2022-12-15 17:05:00,2022-12-15 17:10:00,-3179.762577726775,-0.635952515545355,2,"NY
21-03JST","NZDUSD_NY
21-03JST",2022_50
NZDUSD,long,2022-12-15 17:10:00,2022-12-15 17:15:00,-1401.8691588787558,-0.2803738317757511,4,"NY
21-03JST","NZDUSD_NY
21-03JST",2022_50
NZDUSD,long,2022-12-15 17:15:00,2022-12-15 17:20:00,715.0900900908991,0.1430180180181798,3,"NY
21-03JST","NZDUSD_NY
21-03JST",2022_50
NZDUSD,long,2022-12-15 17:25:00,2022-12-15 17:30:00,-2794.361525704065,-0.558872305140813,2,"NY
21-03JST","NZDUSD_NY
21-03JST",2022_50
NZDUSD,long,2022-12-15 17:45:00,2022-12-15 17:50:00,-1775.2808988762608,-0.3550561797752521,3,"NY
21-03JST","NZDUSD_NY
21-03JST",2022_50
AUDNZD,long,2022-12-16 06:00:00,2022-12-16 06:05:00,1582.2072072058595,0.3164414414411719,3,"欧州
15-21JST","AUDNZD_欧州
15-21JST",2022_50
AUDNZD,long,2022-12-16 06:10:00,2022-12-16 06:15:00,4375.000000001157,0.8750000000002314,2,"欧州
15-21JST","AUDNZD_欧州
15-21JST",2022_50
AUDNZD,long,2022-12-16 06:20:00,2022-12-16 06:25:00,-3453.038674032792,-0.6906077348065583,5,"欧州
15-21JST","AUDNZD_欧州
15-21JST",2022_50
AUDNZD,long,2022-12-16 06:25:00,2022-12-16 06:30:00,-2057.174887891707,-0.4114349775783414,12,"欧州
15-21JST","AUDNZD_欧州
15-21JST",2022_50
AUDNZD,long,2022-12-16 06:35:00,2022-12-16 06:40:00,-957.446808512169,-0.1914893617024338,10,"欧州
15-21JST","AUDNZD_欧州
15-21JST",2022_50
AUDNZD,long,2022-12-16 06:40:00,2022-12-16 06:45:00,594.7136563866471,0.1189427312773294,9,"欧州
15-21JST","AUDNZD_欧州
15-21JST",2022_50
AUDNZD,long,2022-12-16 06:50:00,2022-12-16 06:55:00,1144.3433029887703,0.228868660597754,7,"欧州
15-21JST","AUDNZD_欧州
15-21JST",2022_50
AUDNZD,long,2022-12-16 07:20:00,2022-12-16 07:25:00,-4999.999999999577,-0.9999999999999154,1,"欧州
15-21JST","AUDNZD_欧州
15-21JST",2022_50
AUDNZD,long,2022-12-16 07:25:00,2022-12-16 07:30:00,-5000.00000000069,-1.000000000000138,1,"欧州
15-21JST","AUDNZD_欧州
15-21JST",2022_50
AUDNZD,long,2022-12-16 07:30:00,2022-12-16 07:35:00,-5000.000000001344,-1.000000000000269,1,"欧州
15-21JST","AUDNZD_欧州
15-21JST",2022_50
AUDNZD,long,2022-12-16 07:35:00,2022-12-16 07:40:00,-3426.0355029589023,-0.6852071005917805,2,"欧州
15-21JST","AUDNZD_欧州
15-21JST",2022_50
AUDNZD,long,2022-12-16 07:40:00,2022-12-16 07:45:00,-4999.999999998695,-0.999999999999739,3,"欧州
15-21JST","AUDNZD_欧州
15-21JST",2022_50
AUDNZD,long,2022-12-16 07:50:00,2022-12-16 07:55:00,-2151.162790696252,-0.4302325581392504,3,"欧州
15-21JST","AUDNZD_欧州
15-21JST",2022_50
GBPUSD,long,2022-12-16 07:50:00,2022-12-16 07:55:00,4015.832263586219,0.8031664527172439,2,"欧州
15-21JST","GBPUSD_欧州
15-21JST",2022_50
GBPUSD,long,2022-12-16 07:55:00,2022-12-16 08:00:00,3254.43786982266,0.650887573964532,2,"欧州
15-21JST","GBPUSD_欧州
15-21JST",2022_50
GBPUSD,long,2022-12-16 08:05:00,2022-12-16 08:10:00,-333.3333333328081,-0.0666666666665616,2,"欧州
15-21JST","GBPUSD_欧州
15-21JST",2022_50
GBPUSD,long,2022-12-16 08:15:00,2022-12-16 08:20:00,-5000.00000000015,-1.00000000000003,1,"欧州
15-21JST","GBPUSD_欧州
15-21JST",2022_50
GBPUSD,long,2022-12-16 08:25:00,2022-12-16 08:30:00,4307.914130085529,0.8615828260171058,6,"欧州
15-21JST","GBPUSD_欧州
15-21JST",2022_50
GBPUSD,long,2022-12-16 08:30:00,2022-12-16 08:35:00,7396.980182446252,1.4793960364892504,5,"欧州
15-21JST","GBPUSD_欧州
15-21JST",2022_50
GBPUSD,long,2022-12-16 08:55:00,2022-12-16 09:00:00,-4999.999999999796,-0.9999999999999593,1,"欧州
15-21JST","GBPUSD_欧州
15-21JST",2022_50
GBPUSD,long,2022-12-16 09:00:00,2022-12-16 09:05:00,-5000.0000000004,-1.00000000000008,1,"欧州
15-21JST","GBPUSD_欧州
15-21JST",2022_50
GBPUSD,long,2022-12-16 09:05:00,2022-12-16 09:10:00,-5000.000000000189,-1.0000000000000375,1,"欧州
15-21JST","GBPUSD_欧州
15-21JST",2022_50
EURGBP,long,2022-12-16 10:55:00,2022-12-16 11:00:00,-5000.000000000289,-1.000000000000058,1,"欧州
15-21JST","EURGBP_欧州
15-21JST",2022_50
AUDNZD,long,2022-12-16 11:20:00,2022-12-16 11:25:00,5915.492957748857,1.1830985915497714,2,"欧州
15-21JST","AUDNZD_欧州
15-21JST",2022_50
EURGBP,long,2022-12-16 12:00:00,2022-12-16 12:05:00,1985.8395144972485,0.3971679028994496,7,"NY
21-03JST","EURGBP_NY
21-03JST",2022_50
EURGBP,long,2022-12-16 12:25:00,2022-12-16 12:30:00,-1916.043225269353,-0.3832086450538705,2,"NY
21-03JST","EURGBP_NY
21-03JST",2022_50
EURGBP,long,2022-12-16 14:55:00,2022-12-16 15:00:00,7759.394279304533,1.5518788558609065,4,"NY
21-03JST","EURGBP_NY
21-03JST",2022_50
EURGBP,long,2022-12-16 15:00:00,2022-12-16 15:05:00,6421.460176990648,1.2842920353981295,3,"NY
21-03JST","EURGBP_NY
21-03JST",2022_50
NZDUSD,long,2022-12-16 16:45:00,2022-12-16 16:50:00,-833.9100346020159,-0.1667820069204031,5,"NY
21-03JST","NZDUSD_NY
21-03JST",2022_50
NZDUSD,long,2022-12-16 16:55:00,2022-12-16 17:00:00,1045.6816559599165,0.2091363311919833,3,"NY
21-03JST","NZDUSD_NY
21-03JST",2022_50
EURGBP,long,2022-12-16 17:20:00,2022-12-16 17:25:00,-4999.999999999664,-0.9999999999999328,1,"NY
21-03JST","EURGBP_NY
21-03JST",2022_50
EURGBP,long,2022-12-16 17:25:00,2022-12-16 17:30:00,-4999.999999999665,-0.999999999999933,1,"NY
21-03JST","EURGBP_NY
21-03JST",2022_50
EURGBP,long,2022-12-16 17:30:00,2022-12-16 17:35:00,-170.45454545566065,-0.0340909090911321,5,"NY
21-03JST","EURGBP_NY
21-03JST",2022_50
EURGBP,long,2022-12-16 17:35:00,2022-12-16 17:40:00,1804.733727810648,0.3609467455621296,4,"NY
21-03JST","EURGBP_NY
21-03JST",2022_50
EURGBP,long,2022-12-16 17:40:00,2022-12-16 17:45:00,-1766.4670658678729,-0.3532934131735746,3,"NY
21-03JST","EURGBP_NY
21-03JST",2022_50
EURGBP,long,2022-12-16 17:55:00,2022-12-16 18:00:00,5194.174757282076,1.0388349514564152,6,"NY
21-03JST","EURGBP_NY
21-03JST",2022_50
AUDJPY,short,2022-12-19 05:15:00,2022-12-19 05:20:00,-4999.99999999981,-0.999999999999962,1,"東京
09-15JST","AUDJPY_東京
09-15JST",2022_51
NZDJPY,short,2022-12-19 06:05:00,2022-12-19 06:10:00,2950.138504153824,0.5900277008307648,2,"欧州
15-21JST","NZDJPY_欧州
15-21JST",2022_51
NZDJPY,short,2022-12-19 06:15:00,2022-12-19 06:20:00,1078.4313725499917,0.2156862745099983,3,"欧州
15-21JST","NZDJPY_欧州
15-21JST",2022_51
NZDUSD,long,2022-12-20 00:15:00,2022-12-20 00:20:00,-5000.0,-1.0,1,"東京
09-15JST","NZDUSD_東京
09-15JST",2022_51
NZDUSD,long,2022-12-20 00:20:00,2022-12-20 00:25:00,-2865.40483701259,-0.5730809674025181,2,"東京
09-15JST","NZDUSD_東京
09-15JST",2022_51
NZDUSD,long,2022-12-20 00:25:00,2022-12-20 00:30:00,-4999.999999999424,-0.9999999999998848,1,"東京
09-15JST","NZDUSD_東京
09-15JST",2022_51
NZDUSD,long,2022-12-20 00:30:00,2022-12-20 00:35:00,3857.142857144586,0.7714285714289172,5,"東京
09-15JST","NZDUSD_東京
09-15JST",2022_51
NZDUSD,long,2022-12-20 00:35:00,2022-12-20 00:40:00,6059.862610404015,1.211972522080803,4,"東京
09-15JST","NZDUSD_東京
09-15JST",2022_51
NZDUSD,long,2022-12-20 01:40:00,2022-12-20 01:45:00,-4999.999999999649,-0.9999999999999298,1,"東京
09-15JST","NZDUSD_東京
09-15JST",2022_51
NZDUSD,long,2022-12-20 01:45:00,2022-12-20 01:50:00,2746.365105007533,0.5492730210015067,2,"東京
09-15JST","NZDUSD_東京
09-15JST",2022_51
NZDUSD,long,2022-12-20 01:50:00,2022-12-20 01:55:00,5497.280497280463,1.099456099456093,2,"東京
09-15JST","NZDUSD_東京
09-15JST",2022_51
NZDUSD,long,2022-12-20 01:55:00,2022-12-20 02:00:00,-5000.000000000311,-1.0000000000000622,1,"東京
09-15JST","NZDUSD_東京
09-15JST",2022_51
NZDUSD,long,2022-12-20 02:10:00,2022-12-20 02:15:00,2159.60912052152,0.4319218241043039,5,"東京
09-15JST","NZDUSD_東京
09-15JST",2022_51
AUDJPY,short,2022-12-20 03:00:00,2022-12-20 03:05:00,36641.29883307989,7.328259766615978,2,"東京
09-15JST","AUDJPY_東京
09-15JST",2022_51
AUDJPY,short,2022-12-20 03:05:00,2022-12-20 03:10:00,24246.000000000324,4.849200000000065,2,"東京
09-15JST","AUDJPY_東京
09-15JST",2022_51
AUDJPY,short,2022-12-20 03:10:00,2022-12-20 03:15:00,-5000.00000000008,-1.000000000000016,1,"東京
09-15JST","AUDJPY_東京
09-15JST",2022_51
NZDUSD,long,2022-12-20 04:00:00,2022-12-20 04:05:00,-3477.862195441616,-0.6955724390883231,2,"東京
09-15JST","NZDUSD_東京
09-15JST",2022_51
NZDUSD,long,2022-12-20 04:05:00,2022-12-20 04:10:00,-5000.000000000029,-1.0000000000000058,1,"東京
09-15JST","NZDUSD_東京
09-15JST",2022_51
NZDUSD,long,2022-12-20 04:15:00,2022-12-20 04:20:00,-676.5361349890443,-0.1353072269978088,4,"東京
09-15JST","NZDUSD_東京
09-15JST",2022_51
NZDUSD,long,2022-12-20 04:30:00,2022-12-20 04:35:00,-5000.000000000272,-1.0000000000000544,2,"東京
09-15JST","NZDUSD_東京
09-15JST",2022_51
NZDUSD,long,2022-12-20 04:35:00,2022-12-20 04:40:00,-757.5757575754008,-0.1515151515150801,6,"東京
09-15JST","NZDUSD_東京
09-15JST",2022_51
NZDUSD,long,2022-12-20 04:40:00,2022-12-20 04:45:00,47.02194357397585,0.0094043887147951,5,"東京
09-15JST","NZDUSD_東京
09-15JST",2022_51
NZDUSD,long,2022-12-20 04:45:00,2022-12-20 04:50:00,2543.9407955600063,0.5087881591120013,4,"東京
09-15JST","NZDUSD_東京
09-15JST",2022_51
NZDUSD,long,2022-12-20 05:05:00,2022-12-20 05:10:00,-4999.999999999834,-0.9999999999999668,1,"東京
09-15JST","NZDUSD_東京
09-15JST",2022_51
NZDUSD,long,2022-12-20 05:10:00,2022-12-20 05:15:00,-4999.999999999612,-0.9999999999999224,2,"東京
09-15JST","NZDUSD_東京
09-15JST",2022_51
AUDJPY,short,2022-12-20 05:35:00,2022-12-20 05:40:00,-4999.999999999933,-0.9999999999999866,1,"東京
09-15JST","AUDJPY_東京
09-15JST",2022_51
NZDJPY,short,2022-12-20 06:00:00,2022-12-20 06:05:00,-4999.999999999761,-0.999999999999952,1,"欧州
15-21JST","NZDJPY_欧州
15-21JST",2022_51
NZDJPY,short,2022-12-20 06:25:00,2022-12-20 06:30:00,-5000.000000000156,-1.0000000000000313,1,"欧州
15-21JST","NZDJPY_欧州
15-21JST",2022_51
EURGBP,long,2022-12-20 06:50:00,2022-12-20 06:55:00,-3336.727766462671,-0.6673455532925342,3,"欧州
15-21JST","EURGBP_欧州
15-21JST",2022_51
EURGBP,long,2022-12-20 06:55:00,2022-12-20 07:00:00,-2712.4183006527787,-0.5424836601305557,2,"欧州
15-21JST","EURGBP_欧州
15-21JST",2022_51
EURGBP,long,2022-12-20 07:00:00,2022-12-20 07:05:00,-5000.000000000248,-1.0000000000000495,1,"欧州
15-21JST","EURGBP_欧州
15-21JST",2022_51
EURGBP,long,2022-12-20 07:10:00,2022-12-20 07:15:00,5540.345821325601,1.10806916426512,5,"欧州
15-21JST","EURGBP_欧州
15-21JST",2022_51
EURGBP,long,2022-12-20 07:40:00,2022-12-20 07:45:00,4443.671766340987,0.8887343532681975,3,"欧州
15-21JST","EURGBP_欧州
15-21JST",2022_51
NZDJPY,short,2022-12-20 09:00:00,2022-12-20 09:05:00,1764.9320687002808,0.3529864137400561,3,"欧州
15-21JST","NZDJPY_欧州
15-21JST",2022_51
NZDJPY,short,2022-12-20 09:10:00,2022-12-20 09:15:00,-2649.7118516659284,-0.5299423703331857,3,"欧州
15-21JST","NZDJPY_欧州
15-21JST",2022_51
NZDJPY,short,2022-12-20 09:15:00,2022-12-20 09:20:00,-4520.6742164862935,-0.9041348432972588,2,"欧州
15-21JST","NZDJPY_欧州
15-21JST",2022_51
GBPUSD,short,2022-12-20 13:45:00,2022-12-20 13:50:00,2964.6017699103454,0.5929203539820691,6,"NY
21-03JST","GBPUSD_NY
21-03JST",2022_51
GBPUSD,short,2022-12-20 13:55:00,2022-12-20 14:00:00,5663.390663390523,1.1326781326781046,5,"NY
21-03JST","GBPUSD_NY
21-03JST",2022_51
GBPUSD,short,2022-12-20 14:10:00,2022-12-20 14:15:00,-3195.76557226159,-0.639153114452318,2,"NY
21-03JST","GBPUSD_NY
21-03JST",2022_51
GBPUSD,short,2022-12-20 16:55:00,2022-12-20 17:00:00,-3580.6243965237118,-0.7161248793047422,2,"NY
21-03JST","GBPUSD_NY
21-03JST",2022_51
NZDUSD,long,2022-12-21 01:35:00,2022-12-21 01:40:00,-4999.999999999777,-0.9999999999999556,1,"東京
09-15JST","NZDUSD_東京
09-15JST",2022_51
NZDUSD,long,2022-12-21 02:40:00,2022-12-21 02:45:00,1017.8426601783624,0.2035685320356724,5,"東京
09-15JST","NZDUSD_東京
09-15JST",2022_51
AUDJPY,short,2022-12-21 03:55:00,2022-12-21 04:00:00,-5000.000000000481,-1.000000000000096,1,"東京
09-15JST","AUDJPY_東京
09-15JST",2022_51
NZDUSD,long,2022-12-21 04:30:00,2022-12-21 04:35:00,-5000.000000000785,-1.000000000000157,1,"東京
09-15JST","NZDUSD_東京
09-15JST",2022_51
NZDUSD,long,2022-12-21 04:45:00,2022-12-21 04:50:00,-4999.999999999198,-0.9999999999998396,1,"東京
09-15JST","NZDUSD_東京
09-15JST",2022_51
NZDUSD,long,2022-12-21 04:50:00,2022-12-21 04:55:00,-4999.999999999052,-0.9999999999998104,1,"東京
09-15JST","NZDUSD_東京
09-15JST",2022_51
NZDUSD,long,2022-12-21 04:55:00,2022-12-21 05:00:00,10132.850241545151,2.02657004830903,4,"東京
09-15JST","NZDUSD_東京
09-15JST",2022_51
NZDUSD,long,2022-12-21 05:00:00,2022-12-21 05:05:00,5721.420643727864,1.1442841287455727,3,"東京
09-15JST","NZDUSD_東京
09-15JST",2022_51
NZDUSD,long,2022-12-21 05:30:00,2022-12-21 05:35:00,7538.20033955991,1.507640067911982,2,"東京
09-15JST","NZDUSD_東京
09-15JST",2022_51
NZDJPY,short,2022-12-21 06:40:00,2022-12-21 06:45:00,-2685.6561546287785,-0.5371312309257557,2,"欧州
15-21JST","NZDJPY_欧州
15-21JST",2022_51
NZDJPY,short,2022-12-21 06:45:00,2022-12-21 06:50:00,-4999.99999999984,-0.999999999999968,1,"欧州
15-21JST","NZDJPY_欧州
15-21JST",2022_51
NZDJPY,short,2022-12-21 08:00:00,2022-12-21 08:05:00,1826.8315889629584,0.3653663177925917,2,"欧州
15-21JST","NZDJPY_欧州
15-21JST",2022_51
NZDJPY,short,2022-12-21 08:05:00,2022-12-21 08:10:00,2863.013698630702,0.5726027397261404,3,"欧州
15-21JST","NZDJPY_欧州
15-21JST",2022_51
GBPUSD,long,2022-12-21 09:05:00,2022-12-21 09:10:00,-3388.810198300855,-0.677762039660171,2,"欧州
15-21JST","GBPUSD_欧州
15-21JST",2022_51
GBPUSD,long,2022-12-21 09:10:00,2022-12-21 09:15:00,-4999.999999999422,-0.9999999999998844,1,"欧州
15-21JST","GBPUSD_欧州
15-21JST",2022_51
GBPUSD,long,2022-12-21 09:20:00,2022-12-21 09:25:00,-4999.999999999912,-0.9999999999999823,2,"欧州
15-21JST","GBPUSD_欧州
15-21JST",2022_51
NZDJPY,short,2022-12-21 09:20:00,2022-12-21 09:25:00,-2112.709832134762,-0.4225419664269524,3,"欧州
15-21JST","NZDJPY_欧州
15-21JST",2022_51
NZDJPY,short,2022-12-21 09:25:00,2022-12-21 09:30:00,-1231.8840579717737,-0.2463768115943547,2,"欧州
15-21JST","NZDJPY_欧州
15-21JST",2022_51
GBPUSD,long,2022-12-21 11:50:00,2022-12-21 11:55:00,1131.8579990776077,0.2263715998155215,3,"欧州
15-21JST","GBPUSD_欧州
15-21JST",2022_51
GBPUSD,short,2022-12-21 12:10:00,2022-12-21 12:15:00,-1870.860927151843,-0.3741721854303686,2,"NY
21-03JST","GBPUSD_NY
21-03JST",2022_51
GBPUSD,short,2022-12-21 12:15:00,2022-12-21 12:20:00,-1848.6869528977015,-0.3697373905795403,2,"NY
21-03JST","GBPUSD_NY
21-03JST",2022_51
GBPUSD,short,2022-12-21 16:15:00,2022-12-21 16:20:00,-1384.8817080209997,-0.2769763416041999,5,"NY
21-03JST","GBPUSD_NY
21-03JST",2022_51
GBPUSD,short,2022-12-21 16:25:00,2022-12-21 16:30:00,-5000.0,-1.0,3,"NY
21-03JST","GBPUSD_NY
21-03JST",2022_51
GBPUSD,short,2022-12-21 17:20:00,2022-12-21 17:25:00,-12.853470436531872,-0.0025706940873063,2,"NY
21-03JST","GBPUSD_NY
21-03JST",2022_51
EURGBP,long,2022-12-22 09:00:00,2022-12-22 09:05:00,14239.263803680911,2.8478527607361825,3,"欧州
15-21JST","EURGBP_欧州
15-21JST",2022_51
NZDJPY,short,2022-12-22 09:35:00,2022-12-22 09:40:00,13854.014598540234,2.770802919708047,9,"欧州
15-21JST","NZDJPY_欧州
15-21JST",2022_51
NZDJPY,short,2022-12-22 10:00:00,2022-12-22 10:05:00,9317.055909412056,1.8634111818824115,4,"欧州
15-21JST","NZDJPY_欧州
15-21JST",2022_51
NZDJPY,short,2022-12-22 10:05:00,2022-12-22 10:10:00,349.1436100129699,0.0698287220025939,4,"欧州
15-21JST","NZDJPY_欧州
15-21JST",2022_51
NZDJPY,short,2022-12-22 10:10:00,2022-12-22 10:15:00,-2573.812580230915,-0.5147625160461831,3,"欧州
15-21JST","NZDJPY_欧州
15-21JST",2022_51
GBPUSD,long,2022-12-22 10:10:00,2022-12-22 10:15:00,-528.634361232543,-0.1057268722465086,2,"欧州
15-21JST","GBPUSD_欧州
15-21JST",2022_51
NZDJPY,short,2022-12-22 10:15:00,2022-12-22 10:20:00,-1051.040967092116,-0.2102081934184232,3,"欧州
15-21JST","NZDJPY_欧州
15-21JST",2022_51
NZDJPY,short,2022-12-22 10:20:00,2022-12-22 10:25:00,-5000.000000000581,-1.000000000000116,2,"欧州
15-21JST","NZDJPY_欧州
15-21JST",2022_51
GBPUSD,long,2022-12-22 10:40:00,2022-12-22 10:45:00,-1000.0000000000337,-0.2000000000000067,5,"欧州
15-21JST","GBPUSD_欧州
15-21JST",2022_51
GBPUSD,long,2022-12-22 10:45:00,2022-12-22 10:50:00,1202.1961378276544,0.2404392275655308,4,"欧州
15-21JST","GBPUSD_欧州
15-21JST",2022_51
NZDJPY,short,2022-12-22 10:45:00,2022-12-22 10:50:00,940.2579769193088,0.1880515953838617,2,"欧州
15-21JST","NZDJPY_欧州
15-21JST",2022_51
NZDJPY,short,2022-12-22 10:50:00,2022-12-22 10:55:00,-5000.000000000513,-1.0000000000001026,1,"欧州
15-21JST","NZDJPY_欧州
15-21JST",2022_51
GBPUSD,long,2022-12-22 10:50:00,2022-12-22 10:55:00,399.680255794964,0.0799360511589928,3,"欧州
15-21JST","GBPUSD_欧州
15-21JST",2022_51
NZDJPY,short,2022-12-22 10:55:00,2022-12-22 11:00:00,-4999.999999999796,-0.9999999999999593,1,"欧州
15-21JST","NZDJPY_欧州
15-21JST",2022_51
GBPUSD,long,2022-12-22 11:10:00,2022-12-22 11:15:00,-1248.574686431301,-0.2497149372862601,3,"欧州
15-21JST","GBPUSD_欧州
15-21JST",2022_51
GBPUSD,long,2022-12-22 11:30:00,2022-12-22 11:35:00,-5000.0,-1.0,3,"欧州
15-21JST","GBPUSD_欧州
15-21JST",2022_51
NZDJPY,short,2022-12-22 11:45:00,2022-12-22 11:50:00,-4172.141918526909,-0.8344283837053817,2,"欧州
15-21JST","NZDJPY_欧州
15-21JST",2022_51
GBPUSD,long,2022-12-22 11:55:00,2022-12-22 12:00:00,2780.898876403871,0.5561797752807742,4,"欧州
15-21JST","GBPUSD_欧州
15-21JST",2022_51
GBPUSD,short,2022-12-22 12:15:00,2022-12-22 12:20:00,-312.6156122819822,-0.0625231224563964,5,"NY
21-03JST","GBPUSD_NY
21-03JST",2022_51
GBPUSD,short,2022-12-22 14:25:00,2022-12-22 14:30:00,4104.2397194776495,0.82084794389553,3,"NY
21-03JST","GBPUSD_NY
21-03JST",2022_51
GBPUSD,short,2022-12-22 14:30:00,2022-12-22 14:35:00,-5000.000000000482,-1.0000000000000964,2,"NY
21-03JST","GBPUSD_NY
21-03JST",2022_51
AUDJPY,short,2022-12-23 05:20:00,2022-12-23 05:25:00,-4999.9999999999,-0.99999999999998,1,"東京
09-15JST","AUDJPY_東京
09-15JST",2022_51
GBPUSD,long,2022-12-23 06:20:00,2022-12-23 06:25:00,12601.547388780917,2.520309477756183,6,"欧州
15-21JST","GBPUSD_欧州
15-21JST",2022_51
EURGBP,long,2022-12-23 08:10:00,2022-12-23 08:15:00,-3426.356589146406,-0.6852713178292812,2,"欧州
15-21JST","EURGBP_欧州
15-21JST",2022_51
EURGBP,long,2022-12-23 08:15:00,2022-12-23 08:20:00,-5000.000000000178,-1.0000000000000355,1,"欧州
15-21JST","EURGBP_欧州
15-21JST",2022_51
EURGBP,long,2022-12-23 08:20:00,2022-12-23 08:25:00,-3948.9489489487146,-0.7897897897897429,5,"欧州
15-21JST","EURGBP_欧州
15-21JST",2022_51
EURGBP,long,2022-12-23 08:25:00,2022-12-23 08:30:00,-1984.92462311634,-0.3969849246232679,4,"欧州
15-21JST","EURGBP_欧州
15-21JST",2022_51
EURGBP,long,2022-12-23 08:45:00,2022-12-23 08:50:00,1727.9151943463523,0.3455830388692704,3,"欧州
15-21JST","EURGBP_欧州
15-21JST",2022_51
EURGBP,long,2022-12-23 08:50:00,2022-12-23 08:55:00,1845.1106352612528,0.3690221270522505,2,"欧州
15-21JST","EURGBP_欧州
15-21JST",2022_51
EURGBP,long,2022-12-23 09:05:00,2022-12-23 09:10:00,9516.539440203367,1.9033078880406735,4,"欧州
15-21JST","EURGBP_欧州
15-21JST",2022_51
EURGBP,long,2022-12-23 09:30:00,2022-12-23 09:35:00,-4057.527539780329,-0.8115055079560658,2,"欧州
15-21JST","EURGBP_欧州
15-21JST",2022_51
EURGBP,long,2022-12-23 09:45:00,2022-12-23 09:50:00,10393.120393119416,2.078624078623883,3,"欧州
15-21JST","EURGBP_欧州
15-21JST",2022_51
EURGBP,long,2022-12-23 11:00:00,2022-12-23 11:05:00,-5000.000000000259,-1.0000000000000515,1,"欧州
15-21JST","EURGBP_欧州
15-21JST",2022_51
EURGBP,long,2022-12-23 11:10:00,2022-12-23 11:15:00,5114.06844106468,1.022813688212936,6,"欧州
15-21JST","EURGBP_欧州
15-21JST",2022_51
GBPUSD,short,2022-12-23 13:10:00,2022-12-23 13:15:00,1391.982182629271,0.2783964365258541,2,"NY
21-03JST","GBPUSD_NY
21-03JST",2022_51
GBPUSD,short,2022-12-23 13:15:00,2022-12-23 13:20:00,2574.9167591553187,0.5149833518310637,2,"NY
21-03JST","GBPUSD_NY
21-03JST",2022_51
GBPUSD,short,2022-12-23 13:20:00,2022-12-23 13:25:00,-4999.9999999996135,-0.9999999999999228,1,"NY
21-03JST","GBPUSD_NY
21-03JST",2022_51
GBPUSD,short,2022-12-23 13:25:00,2022-12-23 13:30:00,-5000.000000000615,-1.000000000000123,1,"NY
21-03JST","GBPUSD_NY
21-03JST",2022_51
GBPUSD,short,2022-12-23 13:30:00,2022-12-23 13:35:00,-4999.999999999752,-0.9999999999999504,1,"NY
21-03JST","GBPUSD_NY
21-03JST",2022_51
GBPUSD,short,2022-12-23 14:30:00,2022-12-23 14:35:00,-2068.289663709584,-0.4136579327419168,5,"NY
21-03JST","GBPUSD_NY
21-03JST",2022_51
GBPUSD,short,2022-12-23 14:35:00,2022-12-23 14:40:00,-4999.999999999909,-0.9999999999999818,4,"NY
21-03JST","GBPUSD_NY
21-03JST",2022_51
CHFJPY,short,2022-12-26 01:00:00,2022-12-26 01:15:00,-2439.6306818185512,-0.4879261363637102,2,"東京
09-15JST","CHFJPY_東京
09-15JST",2022_52
AUDJPY,short,2022-12-26 02:45:00,2022-12-26 02:50:00,-4999.999999999628,-0.9999999999999256,1,"東京
09-15JST","AUDJPY_東京
09-15JST",2022_52
AUDNZD,long,2022-12-26 07:20:00,2022-12-26 07:25:00,8140.569395014708,1.6281138790029417,4,"欧州
15-21JST","AUDNZD_欧州
15-21JST",2022_52
EURAUD,long,2022-12-26 23:10:00,2022-12-26 23:15:00,-5000.000000000475,-1.000000000000095,1,"深夜
03-09JST","EURAUD_深夜
03-09JST",2022_52
EURAUD,long,2022-12-26 23:15:00,2022-12-26 23:20:00,-4999.999999999884,-0.9999999999999768,1,"深夜
03-09JST","EURAUD_深夜
03-09JST",2022_52
EURAUD,long,2022-12-26 23:20:00,2022-12-26 23:25:00,-4999.999999999891,-0.999999999999978,1,"深夜
03-09JST","EURAUD_深夜
03-09JST",2022_52
EURAUD,long,2022-12-26 23:25:00,2022-12-26 23:30:00,-4999.999999999503,-0.9999999999999004,1,"深夜
03-09JST","EURAUD_深夜
03-09JST",2022_52
EURAUD,long,2022-12-26 23:30:00,2022-12-26 23:35:00,-446.68587896353176,-0.0893371757927063,5,"深夜
03-09JST","EURAUD_深夜
03-09JST",2022_52
EURAUD,long,2022-12-26 23:35:00,2022-12-26 23:40:00,718.2320441986831,0.1436464088397366,4,"深夜
03-09JST","EURAUD_深夜
03-09JST",2022_52
AUDNZD,long,2022-12-27 10:10:00,2022-12-27 10:15:00,-2327.188940090079,-0.4654377880180158,2,"欧州
15-21JST","AUDNZD_欧州
15-21JST",2022_52
AUDNZD,long,2022-12-27 10:15:00,2022-12-27 10:20:00,-3052.851182194725,-0.610570236438945,4,"欧州
15-21JST","AUDNZD_欧州
15-21JST",2022_52
AUDNZD,long,2022-12-27 10:25:00,2022-12-27 10:30:00,-3501.070663811444,-0.7002141327622887,3,"欧州
15-21JST","AUDNZD_欧州
15-21JST",2022_52
AUDNZD,long,2022-12-27 10:35:00,2022-12-27 10:40:00,-4999.999999999051,-0.9999999999998104,3,"欧州
15-21JST","AUDNZD_欧州
15-21JST",2022_52
AUDNZD,long,2022-12-27 10:40:00,2022-12-27 10:45:00,-5000.000000000666,-1.0000000000001332,2,"欧州
15-21JST","AUDNZD_欧州
15-21JST",2022_52
AUDNZD,long,2022-12-27 10:45:00,2022-12-27 10:50:00,-4841.628959275659,-0.968325791855132,2,"欧州
15-21JST","AUDNZD_欧州
15-21JST",2022_52
AUDNZD,long,2022-12-27 10:50:00,2022-12-27 10:55:00,-4999.999999999494,-0.9999999999998987,2,"欧州
15-21JST","AUDNZD_欧州
15-21JST",2022_52
AUDNZD,long,2022-12-27 10:55:00,2022-12-27 11:00:00,-4999.999999999161,-0.9999999999998322,1,"欧州
15-21JST","AUDNZD_欧州
15-21JST",2022_52
AUDNZD,long,2022-12-27 11:00:00,2022-12-27 11:05:00,-5000.000000000687,-1.0000000000001372,1,"欧州
15-21JST","AUDNZD_欧州
15-21JST",2022_52
AUDNZD,long,2022-12-27 11:05:00,2022-12-27 11:10:00,-5000.0,-1.0,1,"欧州
15-21JST","AUDNZD_欧州
15-21JST",2022_52
AUDNZD,long,2022-12-27 11:10:00,2022-12-27 11:15:00,17929.216867463343,3.5858433734926685,4,"欧州
15-21JST","AUDNZD_欧州
15-21JST",2022_52
AUDNZD,long,2022-12-27 11:15:00,2022-12-27 11:20:00,25118.694362008897,5.023738872401779,3,"欧州
15-21JST","AUDNZD_欧州
15-21JST",2022_52
AUDNZD,long,2022-12-28 06:45:00,2022-12-28 06:50:00,-4999.999999999496,-0.9999999999998992,1,"欧州
15-21JST","AUDNZD_欧州
15-21JST",2022_52
AUDNZD,long,2022-12-28 06:55:00,2022-12-28 07:00:00,-5000.000000000245,-1.0000000000000488,1,"欧州
15-21JST","AUDNZD_欧州
15-21JST",2022_52
AUDNZD,long,2022-12-28 07:15:00,2022-12-28 07:20:00,-4999.999999999151,-0.99999999999983,1,"欧州
15-21JST","AUDNZD_欧州
15-21JST",2022_52
AUDNZD,long,2022-12-28 07:20:00,2022-12-28 07:25:00,-5000.000000000866,-1.0000000000001732,1,"欧州
15-21JST","AUDNZD_欧州
15-21JST",2022_52
AUDNZD,long,2022-12-28 07:25:00,2022-12-28 07:30:00,-802.4691358022033,-0.1604938271604406,2,"欧州
15-21JST","AUDNZD_欧州
15-21JST",2022_52
EURGBP,long,2022-12-28 07:30:00,2022-12-28 07:35:00,2958.9041095901416,0.5917808219180283,2,"欧州
15-21JST","EURGBP_欧州
15-21JST",2022_52
AUDNZD,long,2022-12-28 07:35:00,2022-12-28 07:40:00,-3595.317725754838,-0.7190635451509677,4,"欧州
15-21JST","AUDNZD_欧州
15-21JST",2022_52
AUDNZD,long,2022-12-28 07:40:00,2022-12-28 07:45:00,-1494.1569282133732,-0.2988313856426746,3,"欧州
15-21JST","AUDNZD_欧州
15-21JST",2022_52
EURGBP,long,2022-12-28 07:45:00,2022-12-28 07:50:00,-4999.9999999998645,-0.9999999999999728,1,"欧州
15-21JST","EURGBP_欧州
15-21JST",2022_52
AUDNZD,long,2022-12-28 07:45:00,2022-12-28 07:50:00,-2680.198840098564,-0.5360397680197126,2,"欧州
15-21JST","AUDNZD_欧州
15-21JST",2022_52
AUDNZD,long,2022-12-28 07:50:00,2022-12-28 07:55:00,-5000.000000001124,-1.000000000000225,1,"欧州
15-21JST","AUDNZD_欧州
15-21JST",2022_52
AUDNZD,long,2022-12-28 07:55:00,2022-12-28 08:00:00,-5000.000000001103,-1.0000000000002207,1,"欧州
15-21JST","AUDNZD_欧州
15-21JST",2022_52
EURGBP,long,2022-12-28 07:55:00,2022-12-28 08:00:00,-5000.000000000352,-1.0000000000000704,1,"欧州
15-21JST","EURGBP_欧州
15-21JST",2022_52
AUDNZD,long,2022-12-28 08:00:00,2022-12-28 08:05:00,432.2668481959633,0.0864533696391926,2,"欧州
15-21JST","AUDNZD_欧州
15-21JST",2022_52
EURGBP,long,2022-12-28 08:00:00,2022-12-28 08:05:00,5144.92753623305,1.02898550724661,3,"欧州
15-21JST","EURGBP_欧州
15-21JST",2022_52
AUDNZD,long,2022-12-28 08:05:00,2022-12-28 08:10:00,1190.476190475428,0.2380952380950856,2,"欧州
15-21JST","AUDNZD_欧州
15-21JST",2022_52
AUDNZD,long,2022-12-28 08:15:00,2022-12-28 08:20:00,5941.792020928539,1.1883584041857078,6,"欧州
15-21JST","AUDNZD_欧州
15-21JST",2022_52
EURGBP,long,2022-12-28 08:15:00,2022-12-28 08:20:00,5335.570469797492,1.0671140939594983,6,"欧州
15-21JST","EURGBP_欧州
15-21JST",2022_52
EURGBP,long,2022-12-28 08:20:00,2022-12-28 08:25:00,2828.5714285708027,0.5657142857141605,5,"欧州
15-21JST","EURGBP_欧州
15-21JST",2022_52
EURGBP,long,2022-12-28 08:30:00,2022-12-28 08:35:00,119.23688394301335,0.0238473767886026,3,"欧州
15-21JST","EURGBP_欧州
15-21JST",2022_52
AUDNZD,long,2022-12-28 08:40:00,2022-12-28 08:45:00,-1807.3519400970065,-0.3614703880194013,2,"欧州
15-21JST","AUDNZD_欧州
15-21JST",2022_52
EURGBP,long,2022-12-28 08:50:00,2022-12-28 08:55:00,6429.687499999784,1.2859374999999569,2,"欧州
15-21JST","EURGBP_欧州
15-21JST",2022_52
AUDNZD,long,2022-12-28 08:50:00,2022-12-28 08:55:00,4972.862957934249,0.9945725915868496,7,"欧州
15-21JST","AUDNZD_欧州
15-21JST",2022_52
AUDNZD,long,2022-12-28 08:55:00,2022-12-28 09:00:00,2065.5080213874658,0.4131016042774931,6,"欧州
15-21JST","AUDNZD_欧州
15-21JST",2022_52
AUDNZD,long,2022-12-28 09:10:00,2022-12-28 09:15:00,4514.003294889987,0.9028006589779974,3,"欧州
15-21JST","AUDNZD_欧州
15-21JST",2022_52
AUDNZD,long,2022-12-28 10:35:00,2022-12-28 10:40:00,10927.835051545471,2.1855670103090947,7,"欧州
15-21JST","AUDNZD_欧州
15-21JST",2022_52
AUDNZD,long,2022-12-28 10:40:00,2022-12-28 10:45:00,14744.976816070155,2.9489953632140318,6,"欧州
15-21JST","AUDNZD_欧州
15-21JST",2022_52
EURGBP,long,2022-12-28 10:45:00,2022-12-28 10:50:00,-5000.000000000168,-1.0000000000000338,1,"欧州
15-21JST","EURGBP_欧州
15-21JST",2022_52
EURGBP,long,2022-12-28 10:50:00,2022-12-28 10:55:00,-5000.000000000499,-1.0000000000001,1,"欧州
15-21JST","EURGBP_欧州
15-21JST",2022_52
EURGBP,long,2022-12-28 10:55:00,2022-12-28 11:00:00,-4999.999999999605,-0.9999999999999212,1,"欧州
15-21JST","EURGBP_欧州
15-21JST",2022_52
EURGBP,long,2022-12-28 11:00:00,2022-12-28 11:05:00,-1059.1133004918222,-0.2118226600983644,5,"欧州
15-21JST","EURGBP_欧州
15-21JST",2022_52
EURGBP,long,2022-12-28 11:05:00,2022-12-28 11:10:00,707.5471698106679,0.1415094339621335,4,"欧州
15-21JST","EURGBP_欧州
15-21JST",2022_52
EURGBP,long,2022-12-28 11:10:00,2022-12-28 11:15:00,-2142.857142856161,-0.4285714285712321,3,"欧州
15-21JST","EURGBP_欧州
15-21JST",2022_52
EURGBP,long,2022-12-28 11:25:00,2022-12-28 11:30:00,1309.4393186646842,0.2618878637329368,3,"欧州
15-21JST","EURGBP_欧州
15-21JST",2022_52
AUDNZD,long,2022-12-28 11:25:00,2022-12-28 11:30:00,3201.7900732329754,0.640358014646595,3,"欧州
15-21JST","AUDNZD_欧州
15-21JST",2022_52
AUDNZD,long,2022-12-28 11:30:00,2022-12-28 11:35:00,512.2324159010312,0.1024464831802062,2,"欧州
15-21JST","AUDNZD_欧州
15-21JST",2022_52
EURGBP,long,2022-12-28 11:30:00,2022-12-28 11:35:00,1452.8023598817174,0.2905604719763435,2,"欧州
15-21JST","EURGBP_欧州
15-21JST",2022_52
AUDNZD,long,2022-12-28 11:45:00,2022-12-28 11:50:00,-124.63343108552591,-0.0249266862171051,2,"欧州
15-21JST","AUDNZD_欧州
15-21JST",2022_52
EURGBP,long,2022-12-28 11:50:00,2022-12-28 11:55:00,1972.9729729725912,0.3945945945945182,2,"欧州
15-21JST","EURGBP_欧州
15-21JST",2022_52
EURGBP,long,2022-12-28 12:05:00,2022-12-28 12:10:00,-4999.999999999763,-0.9999999999999524,1,"NY
21-03JST","EURGBP_NY
21-03JST",2022_52
EURGBP,long,2022-12-28 12:15:00,2022-12-28 12:20:00,4508.670520229779,0.9017341040459558,6,"NY
21-03JST","EURGBP_NY
21-03JST",2022_52
EURGBP,long,2022-12-28 12:20:00,2022-12-28 12:25:00,1200.5856515368905,0.2401171303073781,5,"NY
21-03JST","EURGBP_NY
21-03JST",2022_52
EURGBP,long,2022-12-28 12:30:00,2022-12-28 12:35:00,-226.1306532667009,-0.0452261306533401,4,"NY
21-03JST","EURGBP_NY
21-03JST",2022_52
EURGBP,long,2022-12-28 12:45:00,2022-12-28 12:50:00,-4241.877256317128,-0.8483754512634256,2,"NY
21-03JST","EURGBP_NY
21-03JST",2022_52
EURGBP,long,2022-12-28 12:50:00,2022-12-28 12:55:00,-5000.000000000243,-1.0000000000000486,1,"NY
21-03JST","EURGBP_NY
21-03JST",2022_52
EURGBP,long,2022-12-28 12:55:00,2022-12-28 13:00:00,-5000.000000000513,-1.0000000000001026,1,"NY
21-03JST","EURGBP_NY
21-03JST",2022_52
EURGBP,long,2022-12-28 13:00:00,2022-12-28 13:05:00,-931.4456035752276,-0.1862891207150455,2,"NY
21-03JST","EURGBP_NY
21-03JST",2022_52
EURGBP,long,2022-12-28 13:05:00,2022-12-28 13:10:00,6429.687500001111,1.285937500000222,8,"NY
21-03JST","EURGBP_NY
21-03JST",2022_52
EURGBP,long,2022-12-28 13:10:00,2022-12-28 13:15:00,1611.6941529234016,0.3223388305846803,7,"NY
21-03JST","EURGBP_NY
21-03JST",2022_52
CHFJPY,short,2022-12-29 00:00:00,2022-12-29 00:05:00,-5000.000000000129,-1.0000000000000258,1,"東京
09-15JST","CHFJPY_東京
09-15JST",2022_52
CHFJPY,short,2022-12-29 01:05:00,2022-12-29 01:10:00,-4999.999999999576,-0.9999999999999152,1,"東京
09-15JST","CHFJPY_東京
09-15JST",2022_52
AUDJPY,short,2022-12-29 02:05:00,2022-12-29 02:10:00,2908.4967320260657,0.5816993464052131,7,"東京
09-15JST","AUDJPY_東京
09-15JST",2022_52
AUDJPY,short,2022-12-29 02:25:00,2022-12-29 02:30:00,28.96871378891676,0.0057937427577833,2,"東京
09-15JST","AUDJPY_東京
09-15JST",2022_52
AUDJPY,short,2022-12-29 02:30:00,2022-12-29 02:35:00,-3699.186991870295,-0.7398373983740589,2,"東京
09-15JST","AUDJPY_東京
09-15JST",2022_52
AUDJPY,short,2022-12-29 02:35:00,2022-12-29 02:40:00,-4999.999999999479,-0.9999999999998958,1,"東京
09-15JST","AUDJPY_東京
09-15JST",2022_52
CHFJPY,short,2022-12-29 02:50:00,2022-12-29 02:55:00,-3347.0620538174044,-0.6694124107634809,2,"東京
09-15JST","CHFJPY_東京
09-15JST",2022_52
AUDJPY,short,2022-12-29 02:50:00,2022-12-29 02:55:00,-4999.999999999586,-0.9999999999999172,1,"東京
09-15JST","AUDJPY_東京
09-15JST",2022_52
AUDJPY,short,2022-12-30 03:00:00,2022-12-30 03:05:00,-385.9154929582084,-0.0771830985916416,5,"東京
09-15JST","AUDJPY_東京
09-15JST",2022_52
EURGBP,long,2022-12-30 06:00:00,2022-12-30 06:05:00,-1188.7477313950974,-0.2377495462790194,2,"欧州
15-21JST","EURGBP_欧州
15-21JST",2022_52
EURGBP,long,2022-12-30 06:10:00,2022-12-30 06:15:00,-4999.999999999259,-0.9999999999998518,1,"欧州
15-21JST","EURGBP_欧州
15-21JST",2022_52
EURGBP,long,2022-12-30 06:15:00,2022-12-30 06:20:00,-4999.999999998961,-0.9999999999997924,1,"欧州
15-21JST","EURGBP_欧州
15-21JST",2022_52
EURGBP,long,2022-12-30 06:20:00,2022-12-30 06:25:00,3737.727910239284,0.7475455820478567,2,"欧州
15-21JST","EURGBP_欧州
15-21JST",2022_52
EURGBP,long,2022-12-30 06:35:00,2022-12-30 06:40:00,17483.745123535013,3.4967490247070026,9,"欧州
15-21JST","EURGBP_欧州
15-21JST",2022_52
EURGBP,long,2022-12-30 06:40:00,2022-12-30 06:45:00,17119.635890766876,3.423927178153375,8,"欧州
15-21JST","EURGBP_欧州
15-21JST",2022_52
EURGBP,long,2022-12-30 14:40:00,2022-12-30 14:45:00,16595.092024539408,3.3190184049078817,13,"NY
21-03JST","EURGBP_NY
21-03JST",2022_52
EURGBP,long,2022-12-30 15:05:00,2022-12-30 15:10:00,10834.061135371516,2.166812227074303,8,"NY
21-03JST","EURGBP_NY
21-03JST",2022_52
CHFJPY,short,2023-01-03 01:00:00,2023-01-03 01:05:00,13959.82468955454,2.791964937910908,5,"東京
09-15JST","CHFJPY_東京
09-15JST",2023_01
CHFJPY,short,2023-01-03 01:05:00,2023-01-03 01:10:00,12721.646516983275,2.544329303396655,4,"東京
09-15JST","CHFJPY_東京
09-15JST",2023_01
AUDNZD,long,2023-01-03 10:05:00,2023-01-03 10:10:00,16700.569568754105,3.340113913750821,11,"欧州
15-21JST","AUDNZD_欧州
15-21JST",2023_01
AUDNZD,long,2023-01-03 10:10:00,2023-01-03 10:15:00,21207.17781402859,4.241435562805718,10,"欧州
15-21JST","AUDNZD_欧州
15-21JST",2023_01
AUDNZD,long,2023-01-03 10:15:00,2023-01-03 10:20:00,13796.550372403435,2.7593100744806875,10,"欧州
15-21JST","AUDNZD_欧州
15-21JST",2023_01
EURGBP,long,2023-01-03 10:55:00,2023-01-03 11:00:00,-4999.99999999993,-0.999999999999986,1,"欧州
15-21JST","EURGBP_欧州
15-21JST",2023_01
EURGBP,long,2023-01-03 11:00:00,2023-01-03 11:05:00,-5000.000000000345,-1.0000000000000688,1,"欧州
15-21JST","EURGBP_欧州
15-21JST",2023_01
EURGBP,long,2023-01-03 11:05:00,2023-01-03 11:10:00,-5000.000000000138,-1.0000000000000278,1,"欧州
15-21JST","EURGBP_欧州
15-21JST",2023_01
EURGBP,long,2023-01-03 11:10:00,2023-01-03 11:15:00,-4999.999999999579,-0.9999999999999156,1,"欧州
15-21JST","EURGBP_欧州
15-21JST",2023_01
EURGBP,long,2023-01-03 11:35:00,2023-01-03 11:40:00,-140.12738853453314,-0.0280254777069066,2,"欧州
15-21JST","EURGBP_欧州
15-21JST",2023_01
EURGBP,long,2023-01-03 11:40:00,2023-01-03 11:45:00,-308.5600530861411,-0.0617120106172282,5,"欧州
15-21JST","EURGBP_欧州
15-21JST",2023_01
EURGBP,long,2023-01-03 12:10:00,2023-01-03 12:15:00,-4999.999999999772,-0.9999999999999544,1,"NY
21-03JST","EURGBP_NY
21-03JST",2023_01
EURGBP,long,2023-01-03 12:15:00,2023-01-03 12:20:00,-4951.25348189422,-0.990250696378844,2,"NY
21-03JST","EURGBP_NY
21-03JST",2023_01
EURGBP,long,2023-01-03 12:25:00,2023-01-03 12:30:00,-4999.99999999976,-0.999999999999952,1,"NY
21-03JST","EURGBP_NY
21-03JST",2023_01
EURGBP,long,2023-01-03 12:30:00,2023-01-03 12:35:00,-4999.999999999596,-0.9999999999999192,1,"NY
21-03JST","EURGBP_NY
21-03JST",2023_01
EURGBP,long,2023-01-03 12:45:00,2023-01-03 12:50:00,58.06451612855038,0.01161290322571,2,"NY
21-03JST","EURGBP_NY
21-03JST",2023_01
EURGBP,long,2023-01-03 13:00:00,2023-01-03 13:05:00,-4999.9999999996535,-0.9999999999999308,1,"NY
21-03JST","EURGBP_NY
21-03JST",2023_01
EURGBP,long,2023-01-03 16:00:00,2023-01-03 16:05:00,22126.9487750557,4.42538975501114,12,"NY
21-03JST","EURGBP_NY
21-03JST",2023_01
EURGBP,long,2023-01-03 16:05:00,2023-01-03 16:10:00,21076.093128903787,4.215218625780757,11,"NY
21-03JST","EURGBP_NY
21-03JST",2023_01
NZDUSD,long,2023-01-03 16:10:00,2023-01-03 16:15:00,256.091496767475,0.051218299353495,3,"NY
21-03JST","NZDUSD_NY
21-03JST",2023_01
NZDUSD,long,2023-01-03 16:30:00,2023-01-03 16:35:00,-5000.000000000057,-1.0000000000000115,1,"NY
21-03JST","NZDUSD_NY
21-03JST",2023_01
NZDUSD,long,2023-01-03 16:40:00,2023-01-03 16:45:00,917.1937895341412,0.1834387579068282,4,"NY
21-03JST","NZDUSD_NY
21-03JST",2023_01
NZDUSD,long,2023-01-03 16:45:00,2023-01-03 16:50:00,930.7875894985764,0.1861575178997152,3,"NY
21-03JST","NZDUSD_NY
21-03JST",2023_01
NZDUSD,long,2023-01-03 17:05:00,2023-01-03 17:10:00,2225.806451613611,0.4451612903227222,3,"NY
21-03JST","NZDUSD_NY
21-03JST",2023_01
NZDUSD,long,2023-01-03 17:10:00,2023-01-03 17:15:00,2148.541114058151,0.4297082228116302,2,"NY
21-03JST","NZDUSD_NY
21-03JST",2023_01
CHFJPY,short,2023-01-04 03:40:00,2023-01-04 03:45:00,-4999.999999999454,-0.9999999999998908,1,"東京
09-15JST","CHFJPY_東京
09-15JST",2023_01
EURGBP,long,2023-01-04 08:10:00,2023-01-04 08:15:00,-5000.000000000419,-1.000000000000084,1,"欧州
15-21JST","EURGBP_欧州
15-21JST",2023_01
EURGBP,long,2023-01-04 08:15:00,2023-01-04 08:20:00,3049.095607234761,0.6098191214469523,3,"欧州
15-21JST","EURGBP_欧州
15-21JST",2023_01
EURGBP,long,2023-01-04 08:30:00,2023-01-04 08:35:00,-4999.999999999647,-0.9999999999999294,1,"欧州
15-21JST","EURGBP_欧州
15-21JST",2023_01
AUDNZD,long,2023-01-04 08:35:00,2023-01-04 08:40:00,8020.055053086983,1.6040110106173966,4,"欧州
15-21JST","AUDNZD_欧州
15-21JST",2023_01
EURGBP,long,2023-01-04 08:40:00,2023-01-04 08:45:00,10264.797507786849,2.0529595015573694,4,"欧州
15-21JST","EURGBP_欧州
15-21JST",2023_01
EURGBP,long,2023-01-04 09:05:00,2023-01-04 09:10:00,-2804.4955567172697,-0.5608991113434539,5,"欧州
15-21JST","EURGBP_欧州
15-21JST",2023_01
EURGBP,long,2023-01-04 09:55:00,2023-01-04 10:00:00,-249.24924924874423,-0.0498498498497488,4,"欧州
15-21JST","EURGBP_欧州
15-21JST",2023_01
EURGBP,long,2023-01-04 10:30:00,2023-01-04 10:35:00,7703.510082150997,1.5407020164301994,6,"欧州
15-21JST","EURGBP_欧州
15-21JST",2023_01
NZDUSD,long,2023-01-04 12:45:00,2023-01-04 12:50:00,5794.912559617251,1.1589825119234505,4,"NY
21-03JST","NZDUSD_NY
21-03JST",2023_01
NZDUSD,long,2023-01-04 13:10:00,2023-01-04 13:15:00,15405.083399522804,3.0810166799045606,4,"NY
21-03JST","NZDUSD_NY
21-03JST",2023_01
NZDUSD,long,2023-01-04 16:00:00,2023-01-04 16:05:00,-2837.365199650332,-0.5674730399300664,4,"NY
21-03JST","NZDUSD_NY
21-03JST",2023_01
NZDUSD,long,2023-01-04 16:05:00,2023-01-04 16:10:00,-4292.520935604929,-0.8585041871209859,3,"NY
21-03JST","NZDUSD_NY
21-03JST",2023_01
NZDUSD,long,2023-01-04 16:15:00,2023-01-04 16:20:00,-5000.00000000004,-1.000000000000008,1,"NY
21-03JST","NZDUSD_NY
21-03JST",2023_01
NZDUSD,long,2023-01-04 16:20:00,2023-01-04 16:25:00,3663.890991672865,0.732778198334573,12,"NY
21-03JST","NZDUSD_NY
21-03JST",2023_01
CHFJPY,short,2023-01-05 00:05:00,2023-01-05 00:10:00,8801.119242357288,1.7602238484714576,4,"東京
09-15JST","CHFJPY_東京
09-15JST",2023_01
CHFJPY,short,2023-01-05 00:10:00,2023-01-05 00:15:00,5120.092378752668,1.0240184757505335,3,"東京
09-15JST","CHFJPY_東京
09-15JST",2023_01
CHFJPY,short,2023-01-05 00:15:00,2023-01-05 00:20:00,-331.28565160471265,-0.0662571303209425,2,"東京
09-15JST","CHFJPY_東京
09-15JST",2023_01
CHFJPY,short,2023-01-05 00:20:00,2023-01-05 00:25:00,-4999.999999999495,-0.9999999999998992,1,"東京
09-15JST","CHFJPY_東京
09-15JST",2023_01
CHFJPY,short,2023-01-05 00:25:00,2023-01-05 00:30:00,-4999.9999999998745,-0.9999999999999748,1,"東京
09-15JST","CHFJPY_東京
09-15JST",2023_01
CHFJPY,short,2023-01-05 00:35:00,2023-01-05 00:40:00,-5000.000000000118,-1.0000000000000235,1,"東京
09-15JST","CHFJPY_東京
09-15JST",2023_01
AUDNZD,long,2023-01-05 11:00:00,2023-01-05 11:05:00,-2386.0516199886965,-0.4772103239977393,2,"欧州
15-21JST","AUDNZD_欧州
15-21JST",2023_01
AUDNZD,long,2023-01-05 11:05:00,2023-01-05 11:10:00,-1488.6731391564056,-0.2977346278312811,2,"欧州
15-21JST","AUDNZD_欧州
15-21JST",2023_01
AUDNZD,long,2023-01-05 11:10:00,2023-01-05 11:15:00,-996.8520461705048,-0.1993704092341009,4,"欧州
15-21JST","AUDNZD_欧州
15-21JST",2023_01
AUDNZD,long,2023-01-05 11:15:00,2023-01-05 11:20:00,2188.612099643444,0.4377224199286887,3,"欧州
15-21JST","AUDNZD_欧州
15-21JST",2023_01
AUDNZD,long,2023-01-05 11:20:00,2023-01-05 11:25:00,4772.382397571939,0.9544764795143876,8,"欧州
15-21JST","AUDNZD_欧州
15-21JST",2023_01
AUDNZD,long,2023-01-05 11:35:00,2023-01-05 11:40:00,-3681.318681319048,-0.7362637362638096,5,"欧州
15-21JST","AUDNZD_欧州
15-21JST",2023_01
NZDUSD,long,2023-01-05 14:10:00,2023-01-05 14:15:00,-3190.753549326465,-0.638150709865293,5,"NY
21-03JST","NZDUSD_NY
21-03JST",2023_01
NZDUSD,long,2023-01-05 14:25:00,2023-01-05 14:30:00,-3148.677626876614,-0.6297355253753227,2,"NY
21-03JST","NZDUSD_NY
21-03JST",2023_01
NZDUSD,long,2023-01-05 14:30:00,2023-01-05 14:35:00,-4999.999999999728,-0.9999999999999456,2,"NY
21-03JST","NZDUSD_NY
21-03JST",2023_01
NZDUSD,long,2023-01-05 14:40:00,2023-01-05 14:45:00,-3718.209562563495,-0.743641912512699,3,"NY
21-03JST","NZDUSD_NY
21-03JST",2023_01
NZDUSD,long,2023-01-05 14:45:00,2023-01-05 14:50:00,-3474.240422721532,-0.6948480845443064,2,"NY
21-03JST","NZDUSD_NY
21-03JST",2023_01
NZDUSD,long,2023-01-05 15:00:00,2023-01-05 15:05:00,2044.0251572331333,0.4088050314466266,2,"NY
21-03JST","NZDUSD_NY
21-03JST",2023_01
NZDUSD,long,2023-01-05 15:05:00,2023-01-05 15:10:00,-1178.5612738130562,-0.2357122547626112,3,"NY
21-03JST","NZDUSD_NY
21-03JST",2023_01
NZDUSD,long,2023-01-05 15:15:00,2023-01-05 15:20:00,-4170.8542713567385,-0.8341708542713477,2,"NY
21-03JST","NZDUSD_NY
21-03JST",2023_01
NZDUSD,long,2023-01-05 15:25:00,2023-01-05 15:30:00,-4999.999999999915,-0.9999999999999832,1,"NY
21-03JST","NZDUSD_NY
21-03JST",2023_01
NZDUSD,long,2023-01-05 15:30:00,2023-01-05 15:35:00,729.8080405653849,0.1459616081130769,2,"NY
21-03JST","NZDUSD_NY
21-03JST",2023_01
NZDUSD,long,2023-01-05 15:35:00,2023-01-05 15:40:00,-4999.9999999999245,-0.9999999999999848,1,"NY
21-03JST","NZDUSD_NY
21-03JST",2023_01
NZDUSD,long,2023-01-05 15:45:00,2023-01-05 15:50:00,1655.0157287664902,0.331003145753298,6,"NY
21-03JST","NZDUSD_NY
21-03JST",2023_01
NZDUSD,long,2023-01-05 15:50:00,2023-01-05 15:55:00,4886.049723756542,0.9772099447513084,5,"NY
21-03JST","NZDUSD_NY
21-03JST",2023_01
EURGBP,long,2023-01-05 17:00:00,2023-01-05 17:05:00,-2369.1967575525705,-0.4738393515105141,3,"NY
21-03JST","EURGBP_NY
21-03JST",2023_01
EURGBP,long,2023-01-05 17:05:00,2023-01-05 17:10:00,-1216.2162162143284,-0.2432432432428656,2,"NY
21-03JST","EURGBP_NY
21-03JST",2023_01
EURAUD,long,2023-01-05 20:10:00,2023-01-05 20:15:00,637.8378378382075,0.1275675675676415,10,"深夜
03-09JST","EURAUD_深夜
03-09JST",2023_01
EURAUD,long,2023-01-05 20:15:00,2023-01-05 20:20:00,843.2036097017631,0.1686407219403526,9,"深夜
03-09JST","EURAUD_深夜
03-09JST",2023_01
AUDNZD,long,2023-01-06 09:30:00,2023-01-06 09:35:00,14352.941176470717,2.8705882352941434,3,"欧州
15-21JST","AUDNZD_欧州
15-21JST",2023_01
NZDUSD,long,2023-01-06 12:00:00,2023-01-06 12:05:00,7862.56643887645,1.57251328777529,11,"NY
21-03JST","NZDUSD_NY
21-03JST",2023_01
NZDUSD,long,2023-01-06 12:05:00,2023-01-06 12:10:00,8813.05637982033,1.762611275964066,10,"NY
21-03JST","NZDUSD_NY
21-03JST",2023_01
NZDUSD,long,2023-01-06 12:10:00,2023-01-06 12:15:00,9369.811320754285,1.8739622641508569,9,"NY
21-03JST","NZDUSD_NY
21-03JST",2023_01
EURGBP,long,2023-01-06 12:20:00,2023-01-06 12:25:00,3991.331757288972,0.7982663514577943,5,"NY
21-03JST","EURGBP_NY
21-03JST",2023_01
EURGBP,long,2023-01-06 12:25:00,2023-01-06 12:30:00,5017.4520069818855,1.003490401396377,3,"NY
21-03JST","EURGBP_NY
21-03JST",2023_01
EURGBP,long,2023-01-06 12:30:00,2023-01-06 12:35:00,481.9277108425193,0.0963855421685038,2,"NY
21-03JST","EURGBP_NY
21-03JST",2023_01
EURGBP,long,2023-01-06 12:45:00,2023-01-06 12:50:00,1262.5418060209618,0.2525083612041923,3,"NY
21-03JST","EURGBP_NY
21-03JST",2023_01
EURGBP,long,2023-01-06 13:05:00,2023-01-06 13:10:00,-2379.409647229072,-0.4758819294458144,2,"NY
21-03JST","EURGBP_NY
21-03JST",2023_01
EURGBP,long,2023-01-06 13:30:00,2023-01-06 13:35:00,-4999.999999999874,-0.9999999999999748,1,"NY
21-03JST","EURGBP_NY
21-03JST",2023_01
EURGBP,long,2023-01-06 13:40:00,2023-01-06 13:45:00,3132.9274479957253,0.6265854895991451,8,"NY
21-03JST","EURGBP_NY
21-03JST",2023_01
EURGBP,long,2023-01-06 13:45:00,2023-01-06 13:50:00,2472.691161867277,0.4945382323734555,7,"NY
21-03JST","EURGBP_NY
21-03JST",2023_01
EURGBP,long,2023-01-06 14:00:00,2023-01-06 14:05:00,4099.999999999277,0.8199999999998554,4,"NY
21-03JST","EURGBP_NY
21-03JST",2023_01
EURGBP,long,2023-01-06 14:05:00,2023-01-06 14:10:00,1908.1186193491944,0.3816237238698389,3,"NY
21-03JST","EURGBP_NY
21-03JST",2023_01
EURGBP,long,2023-01-06 15:15:00,2023-01-06 15:20:00,-1169.4915254246005,-0.2338983050849201,2,"NY
21-03JST","EURGBP_NY
21-03JST",2023_01
EURGBP,long,2023-01-06 15:20:00,2023-01-06 15:25:00,-1271.9923918212858,-0.2543984783642571,2,"NY
21-03JST","EURGBP_NY
21-03JST",2023_01
EURGBP,long,2023-01-06 15:30:00,2023-01-06 15:35:00,-3778.892280854456,-0.7557784561708912,2,"NY
21-03JST","EURGBP_NY
21-03JST",2023_01
EURGBP,long,2023-01-06 15:40:00,2023-01-06 15:45:00,-4999.99999999995,-0.99999999999999,1,"NY
21-03JST","EURGBP_NY
21-03JST",2023_01
EURGBP,long,2023-01-06 15:45:00,2023-01-06 15:50:00,-5000.000000000049,-1.0000000000000098,1,"NY
21-03JST","EURGBP_NY
21-03JST",2023_01
EURGBP,long,2023-01-06 15:50:00,2023-01-06 15:55:00,-2254.9019607847445,-0.4509803921569489,14,"NY
21-03JST","EURGBP_NY
21-03JST",2023_01
EURGBP,long,2023-01-06 15:55:00,2023-01-06 16:00:00,-1139.9176954732266,-0.2279835390946453,13,"NY
21-03JST","EURGBP_NY
21-03JST",2023_01
EURGBP,long,2023-01-06 16:10:00,2023-01-06 16:15:00,-1805.955811719275,-0.361191162343855,9,"NY
21-03JST","EURGBP_NY
21-03JST",2023_01
EURGBP,long,2023-01-06 16:15:00,2023-01-06 16:20:00,-1572.1649484536788,-0.3144329896907357,8,"NY
21-03JST","EURGBP_NY
21-03JST",2023_01
EURGBP,long,2023-01-06 16:20:00,2023-01-06 16:25:00,-1898.5059247818665,-0.3797011849563732,7,"NY
21-03JST","EURGBP_NY
21-03JST",2023_01
EURGBP,long,2023-01-06 17:00:00,2023-01-06 17:05:00,4983.022071306153,0.9966044142612304,10,"NY
21-03JST","EURGBP_NY
21-03JST",2023_01
EURGBP,long,2023-01-06 17:05:00,2023-01-06 17:10:00,4462.846911370988,0.8925693822741976,9,"NY
21-03JST","EURGBP_NY
21-03JST",2023_01
EURGBP,long,2023-01-06 17:30:00,2023-01-06 17:35:00,888.5383806532973,0.1777076761306594,3,"NY
21-03JST","EURGBP_NY
21-03JST",2023_01
EURAUD,long,2023-01-06 18:30:00,2023-01-06 18:35:00,-1151.5601783057812,-0.2303120356611562,2,"深夜
03-09JST","EURAUD_深夜
03-09JST",2023_01
USDJPY,short,2023-01-09 00:55:00,2023-01-09 01:00:00,-1303.475935829583,-0.2606951871659166,2,"東京
09-15JST","USDJPY_東京
09-15JST",2023_02
USDJPY,short,2023-01-09 01:00:00,2023-01-09 01:05:00,-5000.000000000401,-1.0000000000000802,1,"東京
09-15JST","USDJPY_東京
09-15JST",2023_02
USDJPY,short,2023-01-09 01:05:00,2023-01-09 01:10:00,-5000.000000000101,-1.0000000000000202,1,"東京
09-15JST","USDJPY_東京
09-15JST",2023_02
USDJPY,short,2023-01-09 01:40:00,2023-01-09 01:45:00,-5000.000000000287,-1.0000000000000573,2,"東京
09-15JST","USDJPY_東京
09-15JST",2023_02
USDJPY,short,2023-01-09 01:45:00,2023-01-09 01:50:00,-4397.949057225801,-0.8795898114451602,2,"東京
09-15JST","USDJPY_東京
09-15JST",2023_02
USDJPY,short,2023-01-09 02:10:00,2023-01-09 02:15:00,-3563.2570659480107,-0.7126514131896021,3,"東京
09-15JST","USDJPY_東京
09-15JST",2023_02
USDJPY,short,2023-01-09 02:40:00,2023-01-09 02:45:00,2933.9686861807454,0.586793737236149,2,"東京
09-15JST","USDJPY_東京
09-15JST",2023_02
USDJPY,short,2023-01-09 02:45:00,2023-01-09 02:50:00,-1534.4262295081348,-0.3068852459016269,3,"東京
09-15JST","USDJPY_東京
09-15JST",2023_02
AUDUSD,short,2023-01-09 07:40:00,2023-01-09 07:45:00,-974.554707377962,-0.1949109414755924,2,"欧州
15-21JST","AUDUSD_欧州
15-21JST",2023_02
AUDUSD,short,2023-01-09 07:50:00,2023-01-09 07:55:00,-4999.9999999996735,-0.9999999999999348,1,"欧州
15-21JST","AUDUSD_欧州
15-21JST",2023_02
AUDNZD,long,2023-01-09 08:35:00,2023-01-09 08:40:00,-282.1917808224198,-0.0564383561644839,3,"欧州
15-21JST","AUDNZD_欧州
15-21JST",2023_02
AUDNZD,long,2023-01-09 08:55:00,2023-01-09 09:00:00,9858.8957055211,1.9717791411042205,10,"欧州
15-21JST","AUDNZD_欧州
15-21JST",2023_02
AUDNZD,long,2023-01-09 09:00:00,2023-01-09 09:05:00,7335.54616777543,1.467109233555086,9,"欧州
15-21JST","AUDNZD_欧州
15-21JST",2023_02
USDJPY,short,2023-01-10 01:35:00,2023-01-10 01:40:00,-3382.5900053734085,-0.6765180010746817,2,"東京
09-15JST","USDJPY_東京
09-15JST",2023_02
USDJPY,short,2023-01-10 01:45:00,2023-01-10 01:50:00,-2577.4793388442245,-0.5154958677688449,3,"東京
09-15JST","USDJPY_東京
09-15JST",2023_02
USDJPY,short,2023-01-10 02:00:00,2023-01-10 02:05:00,-727.1095152606641,-0.1454219030521328,4,"東京
09-15JST","USDJPY_東京
09-15JST",2023_02
USDJPY,short,2023-01-10 02:10:00,2023-01-10 02:15:00,299.9016715832687,0.0599803343166537,2,"東京
09-15JST","USDJPY_東京
09-15JST",2023_02
USDJPY,short,2023-01-10 02:15:00,2023-01-10 02:20:00,-5000.000000000581,-1.000000000000116,1,"東京
09-15JST","USDJPY_東京
09-15JST",2023_02
USDJPY,short,2023-01-10 02:20:00,2023-01-10 02:25:00,-4999.999999999414,-0.9999999999998828,1,"東京
09-15JST","USDJPY_東京
09-15JST",2023_02
AUDJPY,short,2023-01-10 02:25:00,2023-01-10 02:30:00,3850.1742160280182,0.7700348432056038,3,"東京
09-15JST","AUDJPY_東京
09-15JST",2023_02
AUDJPY,short,2023-01-10 02:30:00,2023-01-10 02:35:00,403.1465093418686,0.0806293018683737,2,"東京
09-15JST","AUDJPY_東京
09-15JST",2023_02
AUDJPY,short,2023-01-10 02:35:00,2023-01-10 02:40:00,516.3974547230653,0.103279490944613,2,"東京
09-15JST","AUDJPY_東京
09-15JST",2023_02
AUDJPY,short,2023-01-10 02:40:00,2023-01-10 02:45:00,-4999.999999999522,-0.9999999999999044,1,"東京
09-15JST","AUDJPY_東京
09-15JST",2023_02
NZDUSD,long,2023-01-10 04:15:00,2023-01-10 04:20:00,-1774.5098039217355,-0.3549019607843471,3,"東京
09-15JST","NZDUSD_東京
09-15JST",2023_02
AUDNZD,long,2023-01-10 08:20:00,2023-01-10 08:25:00,622.7436823109056,0.1245487364621811,8,"欧州
15-21JST","AUDNZD_欧州
15-21JST",2023_02
AUDNZD,long,2023-01-10 10:10:00,2023-01-10 10:15:00,1673.3333333334267,0.3346666666666853,7,"欧州
15-21JST","AUDNZD_欧州
15-21JST",2023_02
AUDNZD,long,2023-01-10 10:25:00,2023-01-10 10:30:00,1118.5185185192984,0.2237037037038596,4,"欧州
15-21JST","AUDNZD_欧州
15-21JST",2023_02
AUDNZD,long,2023-01-10 10:30:00,2023-01-10 10:35:00,-1874.5188606624936,-0.3749037721324987,3,"欧州
15-21JST","AUDNZD_欧州
15-21JST",2023_02
AUDNZD,long,2023-01-10 10:45:00,2023-01-10 10:50:00,-4999.999999998823,-0.9999999999997646,1,"欧州
15-21JST","AUDNZD_欧州
15-21JST",2023_02
AUDNZD,long,2023-01-10 10:50:00,2023-01-10 10:55:00,-5000.000000001113,-1.0000000000002227,1,"欧州
15-21JST","AUDNZD_欧州
15-21JST",2023_02
AUDNZD,long,2023-01-10 10:55:00,2023-01-10 11:00:00,-525.8899676374052,-0.105177993527481,3,"欧州
15-21JST","AUDNZD_欧州
15-21JST",2023_02
AUDNZD,long,2023-01-10 11:00:00,2023-01-10 11:05:00,-865.6957928798429,-0.1731391585759685,2,"欧州
15-21JST","AUDNZD_欧州
15-21JST",2023_02
AUDNZD,long,2023-01-10 11:50:00,2023-01-10 11:55:00,-882.3529411781311,-0.1764705882356262,2,"欧州
15-21JST","AUDNZD_欧州
15-21JST",2023_02
AUDUSD,short,2023-01-10 11:50:00,2023-01-10 11:55:00,3139.534883721198,0.6279069767442397,2,"欧州
15-21JST","AUDUSD_欧州
15-21JST",2023_02
AUDUSD,short,2023-01-10 11:55:00,2023-01-10 12:00:00,13179.297597039877,2.6358595194079752,5,"欧州
15-21JST","AUDUSD_欧州
15-21JST",2023_02
USDJPY,short,2023-01-11 05:40:00,2023-01-11 05:45:00,-5000.0,-1.0,1,"東京
09-15JST","USDJPY_東京
09-15JST",2023_02
AUDUSD,short,2023-01-11 07:35:00,2023-01-11 07:40:00,-1594.8963317392397,-0.3189792663478479,4,"欧州
15-21JST","AUDUSD_欧州
15-21JST",2023_02
AUDUSD,short,2023-01-11 07:40:00,2023-01-11 07:45:00,-1362.2047244095902,-0.272440944881918,3,"欧州
15-21JST","AUDUSD_欧州
15-21JST",2023_02
NZDJPY,short,2023-01-11 11:25:00,2023-01-11 11:30:00,-4999.999999999683,-0.9999999999999364,1,"欧州
15-21JST","NZDJPY_欧州
15-21JST",2023_02
USDJPY,short,2023-01-12 00:00:00,2023-01-12 00:05:00,4189.57345971503,0.837914691943006,3,"東京
09-15JST","USDJPY_東京
09-15JST",2023_02
AUDJPY,short,2023-01-12 00:05:00,2023-01-12 00:10:00,1329.787234042853,0.2659574468085706,4,"東京
09-15JST","AUDJPY_東京
09-15JST",2023_02
USDJPY,short,2023-01-12 02:45:00,2023-01-12 02:50:00,-2178.649237472789,-0.4357298474945578,2,"東京
09-15JST","USDJPY_東京
09-15JST",2023_02
USDJPY,short,2023-01-12 03:10:00,2023-01-12 03:15:00,-2852.5641025661434,-0.5705128205132287,4,"東京
09-15JST","USDJPY_東京
09-15JST",2023_02
NZDJPY,short,2023-01-12 06:00:00,2023-01-12 06:05:00,-2932.053175775869,-0.5864106351551737,2,"欧州
15-21JST","NZDJPY_欧州
15-21JST",2023_02
NZDJPY,short,2023-01-12 06:05:00,2023-01-12 06:10:00,-4999.999999999679,-0.9999999999999358,1,"欧州
15-21JST","NZDJPY_欧州
15-21JST",2023_02
NZDJPY,short,2023-01-12 06:50:00,2023-01-12 06:55:00,-2396.2804005720573,-0.4792560801144114,3,"欧州
15-21JST","NZDJPY_欧州
15-21JST",2023_02
AUDUSD,short,2023-01-12 07:25:00,2023-01-12 07:30:00,-5000.000000000199,-1.0000000000000395,1,"欧州
15-21JST","AUDUSD_欧州
15-21JST",2023_02
AUDUSD,short,2023-01-12 07:45:00,2023-01-12 07:50:00,-5000.000000000577,-1.0000000000001152,1,"欧州
15-21JST","AUDUSD_欧州
15-21JST",2023_02
AUDUSD,short,2023-01-12 08:10:00,2023-01-12 08:15:00,-3602.993585174867,-0.7205987170349734,2,"欧州
15-21JST","AUDUSD_欧州
15-21JST",2023_02
AUDUSD,short,2023-01-12 08:15:00,2023-01-12 08:20:00,-4999.999999999425,-0.9999999999998852,1,"欧州
15-21JST","AUDUSD_欧州
15-21JST",2023_02
NZDJPY,short,2023-01-12 10:05:00,2023-01-12 10:10:00,6666.666666667224,1.3333333333334447,7,"欧州
15-21JST","NZDJPY_欧州
15-21JST",2023_02
NZDJPY,short,2023-01-12 10:25:00,2023-01-12 10:30:00,-362.2497616784222,-0.0724499523356844,3,"欧州
15-21JST","NZDJPY_欧州
15-21JST",2023_02
NZDJPY,short,2023-01-12 10:55:00,2023-01-12 11:00:00,1710.743801651536,0.3421487603303071,7,"欧州
15-21JST","NZDJPY_欧州
15-21JST",2023_02
NZDJPY,short,2023-01-12 11:00:00,2023-01-12 11:05:00,1557.4712643668631,0.3114942528733726,6,"欧州
15-21JST","NZDJPY_欧州
15-21JST",2023_02
NZDJPY,short,2023-01-12 11:05:00,2023-01-12 11:10:00,-221.5568862289373,-0.0443113772457874,5,"欧州
15-21JST","NZDJPY_欧州
15-21JST",2023_02
NZDJPY,short,2023-01-12 11:10:00,2023-01-12 11:15:00,1264.7607209433654,0.252952144188673,4,"欧州
15-21JST","NZDJPY_欧州
15-21JST",2023_02
NZDJPY,short,2023-01-12 11:20:00,2023-01-12 11:25:00,-2948.034643570612,-0.5896069287141223,2,"欧州
15-21JST","NZDJPY_欧州
15-21JST",2023_02
NZDJPY,short,2023-01-12 11:25:00,2023-01-12 11:30:00,16195.219123506637,3.239043824701327,8,"欧州
15-21JST","NZDJPY_欧州
15-21JST",2023_02
NZDJPY,short,2023-01-12 11:40:00,2023-01-12 11:45:00,10986.79867986753,2.197359735973506,5,"欧州
15-21JST","NZDJPY_欧州
15-21JST",2023_02
AUDJPY,short,2023-01-13 02:00:00,2023-01-13 02:05:00,8649.144254278424,1.729828850855685,2,"東京
09-15JST","AUDJPY_東京
09-15JST",2023_02
AUDJPY,short,2023-01-13 02:05:00,2023-01-13 02:10:00,-4999.999999999926,-0.9999999999999852,1,"東京
09-15JST","AUDJPY_東京
09-15JST",2023_02
AUDJPY,short,2023-01-13 02:10:00,2023-01-13 02:15:00,-5000.000000000213,-1.0000000000000426,1,"東京
09-15JST","AUDJPY_東京
09-15JST",2023_02
AUDJPY,short,2023-01-13 02:45:00,2023-01-13 02:50:00,2146.2357114702168,0.4292471422940433,5,"東京
09-15JST","AUDJPY_東京
09-15JST",2023_02
AUDJPY,short,2023-01-13 03:05:00,2023-01-13 03:10:00,-3970.199924557389,-0.7940399849114778,3,"東京
09-15JST","AUDJPY_東京
09-15JST",2023_02
AUDJPY,short,2023-01-13 03:10:00,2023-01-13 03:15:00,-5000.000000000316,-1.000000000000063,2,"東京
09-15JST","AUDJPY_東京
09-15JST",2023_02
NZDUSD,long,2023-01-13 03:35:00,2023-01-13 03:40:00,-3263.473053892266,-0.6526946107784531,2,"東京
09-15JST","NZDUSD_東京
09-15JST",2023_02
AUDJPY,short,2023-01-13 03:45:00,2023-01-13 03:50:00,-3085.390260173745,-0.617078052034749,2,"東京
09-15JST","AUDJPY_東京
09-15JST",2023_02
AUDJPY,short,2023-01-13 03:50:00,2023-01-13 03:55:00,-4999.999999999719,-0.9999999999999438,1,"東京
09-15JST","AUDJPY_東京
09-15JST",2023_02
NZDJPY,short,2023-01-13 07:50:00,2023-01-13 07:55:00,-4999.999999999733,-0.9999999999999464,1,"欧州
15-21JST","NZDJPY_欧州
15-21JST",2023_02
NZDJPY,short,2023-01-13 08:10:00,2023-01-13 08:15:00,-5000.000000000286,-1.000000000000057,1,"欧州
15-21JST","NZDJPY_欧州
15-21JST",2023_02
AUDNZD,long,2023-01-13 10:00:00,2023-01-13 10:05:00,9620.822622108071,1.9241645244216143,17,"欧州
15-21JST","AUDNZD_欧州
15-21JST",2023_02
AUDNZD,long,2023-01-13 10:25:00,2023-01-13 10:30:00,8215.767634854936,1.6431535269709872,12,"欧州
15-21JST","AUDNZD_欧州
15-21JST",2023_02
AUDUSD,short,2023-01-13 11:30:00,2023-01-13 11:35:00,4634.408602150955,0.9268817204301908,5,"欧州
15-21JST","AUDUSD_欧州
15-21JST",2023_02
AUDUSD,short,2023-01-13 11:35:00,2023-01-13 11:40:00,3604.483007953284,0.7208966015906568,4,"欧州
15-21JST","AUDUSD_欧州
15-21JST",2023_02
AUDUSD,short,2023-01-13 11:40:00,2023-01-13 11:45:00,3333.333333333178,0.6666666666666355,3,"欧州
15-21JST","AUDUSD_欧州
15-21JST",2023_02
AUDUSD,short,2023-01-13 11:50:00,2023-01-13 11:55:00,-5000.000000000076,-1.000000000000015,1,"欧州
15-21JST","AUDUSD_欧州
15-21JST",2023_02
AUDNZD,long,2023-01-16 08:25:00,2023-01-16 08:30:00,-4999.999999999515,-0.9999999999999032,1,"欧州
15-21JST","AUDNZD_欧州
15-21JST",2023_03
AUDNZD,long,2023-01-16 08:30:00,2023-01-16 08:35:00,859.0308370041662,0.1718061674008332,5,"欧州
15-21JST","AUDNZD_欧州
15-21JST",2023_03
AUDNZD,long,2023-01-16 09:55:00,2023-01-16 10:00:00,-4999.99999999958,-0.999999999999916,1,"欧州
15-21JST","AUDNZD_欧州
15-21JST",2023_03
AUDNZD,long,2023-01-16 10:00:00,2023-01-16 10:05:00,8651.09034267745,1.73021806853549,30,"欧州
15-21JST","AUDNZD_欧州
15-21JST",2023_03
AUDNZD,long,2023-01-16 10:05:00,2023-01-16 10:10:00,7813.267813265679,1.562653562653136,29,"欧州
15-21JST","AUDNZD_欧州
15-21JST",2023_03
AUDNZD,long,2023-01-16 10:40:00,2023-01-16 10:45:00,9311.624072544564,1.8623248145089129,15,"欧州
15-21JST","AUDNZD_欧州
15-21JST",2023_03
AUDNZD,long,2023-01-16 10:55:00,2023-01-16 11:00:00,8105.861767278504,1.6211723534557008,12,"欧州
15-21JST","AUDNZD_欧州
15-21JST",2023_03
AUDNZD,long,2023-01-16 11:10:00,2023-01-16 11:15:00,-834.3057176212938,-0.1668611435242587,3,"欧州
15-21JST","AUDNZD_欧州
15-21JST",2023_03
NZDUSD,long,2023-01-16 13:10:00,2023-01-16 13:15:00,-2060.653188181112,-0.4121306376362224,3,"NY
21-03JST","NZDUSD_NY
21-03JST",2023_03
NZDUSD,long,2023-01-16 13:15:00,2023-01-16 13:20:00,-294.99626587032145,-0.0589992531740642,2,"NY
21-03JST","NZDUSD_NY
21-03JST",2023_03
NZDUSD,long,2023-01-16 13:25:00,2023-01-16 13:30:00,4030.534351145103,0.8061068702290206,2,"NY
21-03JST","NZDUSD_NY
21-03JST",2023_03
AUDNZD,long,2023-01-17 09:15:00,2023-01-17 09:20:00,3650.693568725226,0.7301387137450454,4,"欧州
15-21JST","AUDNZD_欧州
15-21JST",2023_03
AUDNZD,long,2023-01-17 11:55:00,2023-01-17 12:00:00,-4999.999999999818,-0.9999999999999636,2,"欧州
15-21JST","AUDNZD_欧州
15-21JST",2023_03
EURGBP,long,2023-01-17 12:05:00,2023-01-17 12:10:00,17993.670886075062,3.5987341772150123,14,"NY
21-03JST","EURGBP_NY
21-03JST",2023_03
EURGBP,long,2023-01-17 12:15:00,2023-01-17 12:20:00,16597.09618874696,3.319419237749392,12,"NY
21-03JST","EURGBP_NY
21-03JST",2023_03
EURGBP,long,2023-01-17 12:30:00,2023-01-17 12:35:00,15062.305295948969,3.0124610591897936,9,"NY
21-03JST","EURGBP_NY
21-03JST",2023_03
EURGBP,long,2023-01-17 14:55:00,2023-01-17 15:00:00,-5000.000000000233,-1.0000000000000466,1,"NY
21-03JST","EURGBP_NY
21-03JST",2023_03
EURGBP,long,2023-01-17 15:10:00,2023-01-17 15:15:00,-4999.999999999885,-0.9999999999999772,1,"NY
21-03JST","EURGBP_NY
21-03JST",2023_03
EURGBP,long,2023-01-17 15:15:00,2023-01-17 15:20:00,-4042.4528301884966,-0.8084905660376993,2,"NY
21-03JST","EURGBP_NY
21-03JST",2023_03
EURGBP,long,2023-01-17 15:20:00,2023-01-17 15:25:00,-2469.498418436689,-0.4938996836873377,2,"NY
21-03JST","EURGBP_NY
21-03JST",2023_03
EURGBP,long,2023-01-17 15:30:00,2023-01-17 15:35:00,-5000.000000000335,-1.0000000000000668,1,"NY
21-03JST","EURGBP_NY
21-03JST",2023_03
EURGBP,long,2023-01-17 15:40:00,2023-01-17 15:45:00,951.0519536287892,0.1902103907257578,2,"NY
21-03JST","EURGBP_NY
21-03JST",2023_03
EURGBP,long,2023-01-17 15:45:00,2023-01-17 15:50:00,-5000.000000000276,-1.000000000000055,1,"NY
21-03JST","EURGBP_NY
21-03JST",2023_03
EURGBP,long,2023-01-17 15:55:00,2023-01-17 16:00:00,-285.11289705302903,-0.0570225794106058,7,"NY
21-03JST","EURGBP_NY
21-03JST",2023_03
EURGBP,long,2023-01-17 16:00:00,2023-01-17 16:05:00,-1786.3754165124926,-0.3572750833024985,6,"NY
21-03JST","EURGBP_NY
21-03JST",2023_03
EURGBP,long,2023-01-17 16:15:00,2023-01-17 16:20:00,-619.0476190474666,-0.1238095238094933,3,"NY
21-03JST","EURGBP_NY
21-03JST",2023_03
EURGBP,long,2023-01-17 16:20:00,2023-01-17 16:25:00,-1135.8085002448086,-0.2271617000489617,2,"NY
21-03JST","EURGBP_NY
21-03JST",2023_03
EURGBP,long,2023-01-17 16:35:00,2023-01-17 16:40:00,2333.3333333330866,0.4666666666666173,5,"NY
21-03JST","EURGBP_NY
21-03JST",2023_03
EURGBP,long,2023-01-17 17:00:00,2023-01-17 17:05:00,-4999.999999999555,-0.9999999999999112,1,"NY
21-03JST","EURGBP_NY
21-03JST",2023_03
EURGBP,long,2023-01-17 17:05:00,2023-01-17 17:10:00,-2340.5017921152685,-0.4681003584230537,3,"NY
21-03JST","EURGBP_NY
21-03JST",2023_03
EURGBP,long,2023-01-17 17:10:00,2023-01-17 17:15:00,-190.83969465571607,-0.0381679389311432,2,"NY
21-03JST","EURGBP_NY
21-03JST",2023_03
EURGBP,long,2023-01-17 17:25:00,2023-01-17 17:30:00,-3225.80645161276,-0.645161290322552,4,"NY
21-03JST","EURGBP_NY
21-03JST",2023_03
NZDUSD,long,2023-01-17 17:50:00,2023-01-17 17:55:00,8159.268929502556,1.6318537859005111,4,"NY
21-03JST","NZDUSD_NY
21-03JST",2023_03
AUDNZD,long,2023-01-18 08:55:00,2023-01-18 09:00:00,9206.219312602549,1.8412438625205096,2,"欧州
15-21JST","AUDNZD_欧州
15-21JST",2023_03
AUDNZD,long,2023-01-18 09:25:00,2023-01-18 09:30:00,-204.2740414823112,-0.0408548082964622,2,"欧州
15-21JST","AUDNZD_欧州
15-21JST",2023_03
NZDJPY,short,2023-01-18 09:30:00,2023-01-18 09:35:00,-4999.999999999852,-0.9999999999999704,1,"欧州
15-21JST","NZDJPY_欧州
15-21JST",2023_03
AUDNZD,long,2023-01-18 09:40:00,2023-01-18 09:45:00,-5000.000000000701,-1.0000000000001403,2,"欧州
15-21JST","AUDNZD_欧州
15-21JST",2023_03
NZDJPY,short,2023-01-18 09:50:00,2023-01-18 09:55:00,6602.708803611449,1.3205417607222898,13,"欧州
15-21JST","NZDJPY_欧州
15-21JST",2023_03
NZDJPY,short,2023-01-18 09:55:00,2023-01-18 10:00:00,9384.513567174045,1.8769027134348089,12,"欧州
15-21JST","NZDJPY_欧州
15-21JST",2023_03
AUDNZD,long,2023-01-18 09:55:00,2023-01-18 10:00:00,4678.59308671766,0.935718617343532,12,"欧州
15-21JST","AUDNZD_欧州
15-21JST",2023_03
NZDJPY,short,2023-01-18 10:05:00,2023-01-18 10:10:00,6216.617210682685,1.2433234421365371,10,"欧州
15-21JST","NZDJPY_欧州
15-21JST",2023_03
NZDJPY,short,2023-01-18 10:10:00,2023-01-18 10:15:00,4266.151685392924,0.8532303370785849,9,"欧州
15-21JST","NZDJPY_欧州
15-21JST",2023_03
NZDJPY,short,2023-01-18 10:15:00,2023-01-18 10:20:00,603.8983640786043,0.1207796728157208,8,"欧州
15-21JST","NZDJPY_欧州
15-21JST",2023_03
NZDJPY,short,2023-01-18 10:20:00,2023-01-18 10:25:00,276.00849256829537,0.055201698513659,7,"欧州
15-21JST","NZDJPY_欧州
15-21JST",2023_03
NZDJPY,short,2023-01-18 10:25:00,2023-01-18 10:30:00,-636.5001877575947,-0.1273000375515189,6,"欧州
15-21JST","NZDJPY_欧州
15-21JST",2023_03
NZDJPY,short,2023-01-18 10:30:00,2023-01-18 10:35:00,18.7687687686441,0.0037537537537288,5,"欧州
15-21JST","NZDJPY_欧州
15-21JST",2023_03
NZDJPY,short,2023-01-18 11:00:00,2023-01-18 11:05:00,-4999.999999999719,-0.9999999999999438,1,"欧州
15-21JST","NZDJPY_欧州
15-21JST",2023_03
NZDJPY,short,2023-01-18 11:50:00,2023-01-18 11:55:00,202.7027027017527,0.0405405405403505,2,"欧州
15-21JST","NZDJPY_欧州
15-21JST",2023_03
NZDJPY,short,2023-01-18 11:55:00,2023-01-18 12:00:00,-4999.999999999599,-0.9999999999999196,1,"欧州
15-21JST","NZDJPY_欧州
15-21JST",2023_03
EURGBP,long,2023-01-18 12:30:00,2023-01-18 12:35:00,-566.7908461958888,-0.1133581692391777,3,"NY
21-03JST","EURGBP_NY
21-03JST",2023_03
EURGBP,long,2023-01-18 12:35:00,2023-01-18 12:40:00,-1775.51020408232,-0.355102040816464,2,"NY
21-03JST","EURGBP_NY
21-03JST",2023_03
EURGBP,long,2023-01-18 12:50:00,2023-01-18 12:55:00,-5000.00000000021,-1.000000000000042,1,"NY
21-03JST","EURGBP_NY
21-03JST",2023_03
EURGBP,long,2023-01-18 13:00:00,2023-01-18 13:05:00,-2981.254506129125,-0.5962509012258249,3,"NY
21-03JST","EURGBP_NY
21-03JST",2023_03
EURGBP,long,2023-01-18 13:20:00,2023-01-18 13:25:00,-4999.999999999615,-0.9999999999999232,1,"NY
21-03JST","EURGBP_NY
21-03JST",2023_03
EURGBP,long,2023-01-18 13:30:00,2023-01-18 13:35:00,-4615.686274509981,-0.9231372549019962,3,"NY
21-03JST","EURGBP_NY
21-03JST",2023_03
EURGBP,long,2023-01-18 14:20:00,2023-01-18 14:25:00,-3113.20754716922,-0.6226415094338439,2,"NY
21-03JST","EURGBP_NY
21-03JST",2023_03
EURGBP,long,2023-01-18 14:25:00,2023-01-18 14:30:00,-3739.549839228996,-0.7479099678457991,2,"NY
21-03JST","EURGBP_NY
21-03JST",2023_03
EURGBP,long,2023-01-18 14:35:00,2023-01-18 14:40:00,1032.1543408364507,0.2064308681672901,8,"NY
21-03JST","EURGBP_NY
21-03JST",2023_03
EURGBP,long,2023-01-18 14:45:00,2023-01-18 14:50:00,-3196.8295904897363,-0.6393659180979473,3,"NY
21-03JST","EURGBP_NY
21-03JST",2023_03
AUDUSD,long,2023-01-18 15:50:00,2023-01-18 15:55:00,-2879.526462395678,-0.5759052924791357,3,"NY
21-03JST","AUDUSD_NY
21-03JST",2023_03
NZDUSD,long,2023-01-18 15:50:00,2023-01-18 15:55:00,-2449.088960343224,-0.4898177920686447,4,"NY
21-03JST","NZDUSD_NY
21-03JST",2023_03
AUDUSD,long,2023-01-18 15:55:00,2023-01-18 16:00:00,-4235.807860262561,-0.8471615720525122,3,"NY
21-03JST","AUDUSD_NY
21-03JST",2023_03
NZDUSD,long,2023-01-18 15:55:00,2023-01-18 16:00:00,-3216.7300380221395,-0.643346007604428,3,"NY
21-03JST","NZDUSD_NY
21-03JST",2023_03
NZDUSD,long,2023-01-18 16:10:00,2023-01-18 16:15:00,-5000.000000000341,-1.0000000000000682,1,"NY
21-03JST","NZDUSD_NY
21-03JST",2023_03
NZDUSD,long,2023-01-18 16:15:00,2023-01-18 16:20:00,-5000.000000000147,-1.0000000000000295,1,"NY
21-03JST","NZDUSD_NY
21-03JST",2023_03
AUDUSD,long,2023-01-18 16:20:00,2023-01-18 16:25:00,-2183.0985915491497,-0.4366197183098299,2,"NY
21-03JST","AUDUSD_NY
21-03JST",2023_03
NZDUSD,long,2023-01-18 16:20:00,2023-01-18 16:25:00,-2349.185380889596,-0.4698370761779191,2,"NY
21-03JST","NZDUSD_NY
21-03JST",2023_03
AUDUSD,long,2023-01-18 16:25:00,2023-01-18 16:30:00,-5000.00000000031,-1.000000000000062,2,"NY
21-03JST","AUDUSD_NY
21-03JST",2023_03
NZDUSD,long,2023-01-18 16:25:00,2023-01-18 16:30:00,-4999.999999999757,-0.9999999999999516,1,"NY
21-03JST","NZDUSD_NY
21-03JST",2023_03
NZDUSD,long,2023-01-18 16:30:00,2023-01-18 16:35:00,-2632.2636600182327,-0.5264527320036465,2,"NY
21-03JST","NZDUSD_NY
21-03JST",2023_03
NZDUSD,long,2023-01-18 16:35:00,2023-01-18 16:40:00,1397.5155279504602,0.279503105590092,4,"NY
21-03JST","NZDUSD_NY
21-03JST",2023_03
AUDUSD,long,2023-01-18 16:35:00,2023-01-18 16:40:00,-1800.0000000009609,-0.3600000000001921,4,"NY
21-03JST","AUDUSD_NY
21-03JST",2023_03
NZDUSD,long,2023-01-18 16:40:00,2023-01-18 16:45:00,2996.4850615116643,0.5992970123023329,3,"NY
21-03JST","NZDUSD_NY
21-03JST",2023_03
AUDUSD,long,2023-01-18 16:40:00,2023-01-18 16:45:00,1181.5208503674785,0.2363041700734957,3,"NY
21-03JST","AUDUSD_NY
21-03JST",2023_03
NZDUSD,long,2023-01-18 16:45:00,2023-01-18 16:50:00,2474.466109564312,0.4948932219128624,2,"NY
21-03JST","NZDUSD_NY
21-03JST",2023_03
AUDUSD,long,2023-01-18 16:45:00,2023-01-18 16:50:00,413.0052724074976,0.0826010544814995,2,"NY
21-03JST","AUDUSD_NY
21-03JST",2023_03
NZDUSD,long,2023-01-18 17:00:00,2023-01-18 17:05:00,-4999.999999999783,-0.9999999999999564,1,"NY
21-03JST","NZDUSD_NY
21-03JST",2023_03
AUDUSD,long,2023-01-18 17:00:00,2023-01-18 17:05:00,-5000.0,-1.0,1,"NY
21-03JST","AUDUSD_NY
21-03JST",2023_03
AUDUSD,long,2023-01-18 17:05:00,2023-01-18 17:10:00,-5000.000000000053,-1.0000000000000109,1,"NY
21-03JST","AUDUSD_NY
21-03JST",2023_03
NZDUSD,long,2023-01-18 17:05:00,2023-01-18 17:10:00,-4999.999999999945,-0.9999999999999892,1,"NY
21-03JST","NZDUSD_NY
21-03JST",2023_03
AUDUSD,long,2023-01-18 17:10:00,2023-01-18 17:15:00,-4999.999999999744,-0.9999999999999488,1,"NY
21-03JST","AUDUSD_NY
21-03JST",2023_03
NZDUSD,long,2023-01-18 17:10:00,2023-01-18 17:15:00,-5000.000000000218,-1.0000000000000435,2,"NY
21-03JST","NZDUSD_NY
21-03JST",2023_03
AUDUSD,long,2023-01-18 17:15:00,2023-01-18 17:20:00,-4999.99999999985,-0.99999999999997,1,"NY
21-03JST","AUDUSD_NY
21-03JST",2023_03
NZDUSD,long,2023-01-18 17:15:00,2023-01-18 17:20:00,-5000.0,-1.0,1,"NY
21-03JST","NZDUSD_NY
21-03JST",2023_03
AUDUSD,long,2023-01-18 17:20:00,2023-01-18 17:25:00,-5000.0,-1.0,1,"NY
21-03JST","AUDUSD_NY
21-03JST",2023_03
EURGBP,long,2023-01-19 14:35:00,2023-01-19 14:40:00,-980.8612440197912,-0.1961722488039582,2,"NY
21-03JST","EURGBP_NY
21-03JST",2023_03
EURGBP,long,2023-01-19 14:45:00,2023-01-19 14:50:00,-5000.000000000097,-1.0000000000000195,1,"NY
21-03JST","EURGBP_NY
21-03JST",2023_03
EURGBP,long,2023-01-19 15:05:00,2023-01-19 15:10:00,-781.8459191467236,-0.1563691838293447,2,"NY
21-03JST","EURGBP_NY
21-03JST",2023_03
EURGBP,long,2023-01-19 15:15:00,2023-01-19 15:20:00,-2096.2962962958395,-0.4192592592591679,2,"NY
21-03JST","EURGBP_NY
21-03JST",2023_03
EURGBP,long,2023-01-19 15:20:00,2023-01-19 15:25:00,-5000.000000000243,-1.0000000000000486,1,"NY
21-03JST","EURGBP_NY
21-03JST",2023_03
EURGBP,long,2023-01-19 15:30:00,2023-01-19 15:35:00,-5000.000000000157,-1.0000000000000315,2,"NY
21-03JST","EURGBP_NY
21-03JST",2023_03
EURGBP,long,2023-01-19 15:45:00,2023-01-19 15:50:00,-4999.999999999615,-0.9999999999999232,1,"NY
21-03JST","EURGBP_NY
21-03JST",2023_03
EURGBP,long,2023-01-19 15:50:00,2023-01-19 15:55:00,-2361.9233268366165,-0.4723846653673233,3,"NY
21-03JST","EURGBP_NY
21-03JST",2023_03
EURGBP,long,2023-01-19 15:55:00,2023-01-19 16:00:00,-3172.323759791232,-0.6344647519582464,2,"NY
21-03JST","EURGBP_NY
21-03JST",2023_03
AUDUSD,long,2023-01-19 16:40:00,2023-01-19 16:45:00,-2793.896948473873,-0.5587793896947746,2,"NY
21-03JST","AUDUSD_NY
21-03JST",2023_03
AUDUSD,long,2023-01-19 16:50:00,2023-01-19 16:55:00,9478.888295029206,1.8957776590058413,5,"NY
21-03JST","AUDUSD_NY
21-03JST",2023_03
NZDUSD,long,2023-01-19 16:55:00,2023-01-19 17:00:00,9163.591635915533,1.8327183271831065,4,"NY
21-03JST","NZDUSD_NY
21-03JST",2023_03
AUDUSD,long,2023-01-19 16:55:00,2023-01-19 17:00:00,9657.458563535154,1.9314917127070308,4,"NY
21-03JST","AUDUSD_NY
21-03JST",2023_03
EURAUD,long,2023-01-19 19:20:00,2023-01-19 19:25:00,1020.2360876900332,0.2040472175380066,4,"深夜
03-09JST","EURAUD_深夜
03-09JST",2023_03
EURAUD,long,2023-01-19 19:25:00,2023-01-19 19:30:00,3268.4563758383365,0.6536912751676673,3,"深夜
03-09JST","EURAUD_深夜
03-09JST",2023_03
EURAUD,long,2023-01-19 19:45:00,2023-01-19 19:50:00,-318.93004115229115,-0.0637860082304582,2,"深夜
03-09JST","EURAUD_深夜
03-09JST",2023_03
EURAUD,long,2023-01-19 19:50:00,2023-01-19 19:55:00,3443.864229764772,0.6887728459529544,12,"深夜
03-09JST","EURAUD_深夜
03-09JST",2023_03
EURAUD,long,2023-01-19 20:00:00,2023-01-19 20:05:00,4737.248840804621,0.9474497681609242,10,"深夜
03-09JST","EURAUD_深夜
03-09JST",2023_03
AUDNZD,long,2023-01-20 09:00:00,2023-01-20 09:05:00,5106.157112525491,1.0212314225050982,7,"欧州
15-21JST","AUDNZD_欧州
15-21JST",2023_03
AUDNZD,long,2023-01-20 09:10:00,2023-01-20 09:15:00,7415.7303370758,1.48314606741516,5,"欧州
15-21JST","AUDNZD_欧州
15-21JST",2023_03
EURGBP,long,2023-01-20 12:05:00,2023-01-20 12:10:00,912.8065395104412,0.1825613079020882,2,"NY
21-03JST","EURGBP_NY
21-03JST",2023_03
EURGBP,long,2023-01-20 15:35:00,2023-01-20 15:40:00,-4999.9999999999145,-0.9999999999999828,1,"NY
21-03JST","EURGBP_NY
21-03JST",2023_03
EURGBP,long,2023-01-20 15:40:00,2023-01-20 15:45:00,6524.042379786692,1.3048084759573384,3,"NY
21-03JST","EURGBP_NY
21-03JST",2023_03
EURGBP,long,2023-01-20 15:45:00,2023-01-20 15:50:00,4653.312788905295,0.930662557781059,2,"NY
21-03JST","EURGBP_NY
21-03JST",2023_03
NZDUSD,long,2023-01-23 05:10:00,2023-01-23 05:15:00,5212.992545261483,1.042598509052297,7,"東京
09-15JST","NZDUSD_東京
09-15JST",2023_04
EURJPY,short,2023-01-23 08:40:00,2023-01-23 08:45:00,-393.5185185184162,-0.0787037037036832,2,"欧州
15-21JST","EURJPY_欧州
15-21JST",2023_04
EURJPY,short,2023-01-23 08:45:00,2023-01-23 08:50:00,-5000.000000000368,-1.0000000000000735,2,"欧州
15-21JST","EURJPY_欧州
15-21JST",2023_04
EURJPY,short,2023-01-23 09:20:00,2023-01-23 09:25:00,-4999.999999999895,-0.9999999999999788,3,"欧州
15-21JST","EURJPY_欧州
15-21JST",2023_04
NZDUSD,long,2023-01-23 12:20:00,2023-01-23 12:25:00,13893.312101910062,2.7786624203820125,6,"NY
21-03JST","NZDUSD_NY
21-03JST",2023_04
NZDUSD,long,2023-01-23 14:15:00,2023-01-23 14:20:00,-660.6334841626218,-0.1321266968325243,2,"NY
21-03JST","NZDUSD_NY
21-03JST",2023_04
NZDUSD,long,2023-01-23 14:20:00,2023-01-23 14:25:00,-503.1446540878665,-0.1006289308175733,3,"NY
21-03JST","NZDUSD_NY
21-03JST",2023_04
NZDUSD,long,2023-01-23 14:30:00,2023-01-23 14:35:00,10196.783749472115,2.039356749894423,4,"NY
21-03JST","NZDUSD_NY
21-03JST",2023_04
NZDUSD,long,2023-01-23 14:55:00,2023-01-23 15:00:00,-5000.000000000087,-1.0000000000000175,1,"NY
21-03JST","NZDUSD_NY
21-03JST",2023_04
NZDUSD,long,2023-01-23 15:00:00,2023-01-23 15:05:00,19456.521739129643,3.891304347825928,13,"NY
21-03JST","NZDUSD_NY
21-03JST",2023_04
AUDNZD,long,2023-01-24 07:05:00,2023-01-24 07:10:00,4249.049429655203,0.8498098859310407,3,"欧州
15-21JST","AUDNZD_欧州
15-21JST",2023_04
AUDNZD,long,2023-01-24 07:10:00,2023-01-24 07:15:00,2336.5384615400626,0.4673076923080125,2,"欧州
15-21JST","AUDNZD_欧州
15-21JST",2023_04
AUDNZD,long,2023-01-24 07:15:00,2023-01-24 07:20:00,-989.2569382284386,-0.1978513876456877,2,"欧州
15-21JST","AUDNZD_欧州
15-21JST",2023_04
NZDJPY,short,2023-01-24 07:50:00,2023-01-24 07:55:00,-5000.000000000247,-1.0000000000000493,1,"欧州
15-21JST","NZDJPY_欧州
15-21JST",2023_04
AUDNZD,long,2023-01-24 08:15:00,2023-01-24 08:20:00,-1327.3296789362053,-0.265465935787241,2,"欧州
15-21JST","AUDNZD_欧州
15-21JST",2023_04
AUDNZD,long,2023-01-24 08:20:00,2023-01-24 08:25:00,3248.232521603409,0.6496465043206818,2,"欧州
15-21JST","AUDNZD_欧州
15-21JST",2023_04
EURJPY,short,2023-01-24 08:35:00,2023-01-24 08:40:00,-5000.000000000198,-1.0000000000000395,1,"欧州
15-21JST","EURJPY_欧州
15-21JST",2023_04
NZDJPY,short,2023-01-24 10:00:00,2023-01-24 10:05:00,-5000.000000000392,-1.0000000000000784,1,"欧州
15-21JST","NZDJPY_欧州
15-21JST",2023_04
NZDUSD,long,2023-01-25 00:00:00,2023-01-25 00:05:00,-5000.000000000263,-1.0000000000000526,1,"東京
09-15JST","NZDUSD_東京
09-15JST",2023_04
NZDUSD,long,2023-01-25 00:05:00,2023-01-25 00:10:00,-5000.000000000186,-1.0000000000000373,1,"東京
09-15JST","NZDUSD_東京
09-15JST",2023_04
NZDUSD,long,2023-01-25 00:40:00,2023-01-25 00:45:00,10885.545140601522,2.1771090281203045,4,"東京
09-15JST","NZDUSD_東京
09-15JST",2023_04
NZDUSD,long,2023-01-25 01:55:00,2023-01-25 02:00:00,1950.059453031305,0.390011890606261,3,"東京
09-15JST","NZDUSD_東京
09-15JST",2023_04
EURJPY,short,2023-01-25 08:15:00,2023-01-25 08:20:00,303.5454103947798,0.0607090820789559,2,"欧州
15-21JST","EURJPY_欧州
15-21JST",2023_04
AUDNZD,long,2023-01-25 09:15:00,2023-01-25 09:20:00,-2598.627787306422,-0.5197255574612843,3,"欧州
15-21JST","AUDNZD_欧州
15-21JST",2023_04
AUDNZD,long,2023-01-25 09:20:00,2023-01-25 09:25:00,-2100.9490940468163,-0.4201898188093632,2,"欧州
15-21JST","AUDNZD_欧州
15-21JST",2023_04
AUDNZD,long,2023-01-25 09:25:00,2023-01-25 09:30:00,222.02486678414084,0.0444049733568281,2,"欧州
15-21JST","AUDNZD_欧州
15-21JST",2023_04
AUDNZD,long,2023-01-25 09:35:00,2023-01-25 09:40:00,-4999.999999999814,-0.9999999999999628,1,"欧州
15-21JST","AUDNZD_欧州
15-21JST",2023_04
NZDJPY,short,2023-01-25 10:30:00,2023-01-25 10:35:00,16659.83606557291,3.3319672131145817,9,"欧州
15-21JST","NZDJPY_欧州
15-21JST",2023_04
NZDJPY,short,2023-01-25 10:45:00,2023-01-25 10:50:00,15930.996714128136,3.1861993428256272,6,"欧州
15-21JST","NZDJPY_欧州
15-21JST",2023_04
NZDJPY,short,2023-01-25 11:00:00,2023-01-25 11:05:00,5980.3921568616815,1.1960784313723365,3,"欧州
15-21JST","NZDJPY_欧州
15-21JST",2023_04
NZDJPY,short,2023-01-25 11:05:00,2023-01-25 11:10:00,4697.51966122152,0.939503932244304,2,"欧州
15-21JST","NZDJPY_欧州
15-21JST",2023_04
EURJPY,short,2023-01-25 11:05:00,2023-01-25 11:10:00,10727.316370619888,2.145463274123977,3,"欧州
15-21JST","EURJPY_欧州
15-21JST",2023_04
EURJPY,short,2023-01-25 11:10:00,2023-01-25 11:15:00,2898.230088497015,0.579646017699403,3,"欧州
15-21JST","EURJPY_欧州
15-21JST",2023_04
NZDJPY,short,2023-01-25 11:10:00,2023-01-25 11:15:00,-1158.5365853643098,-0.2317073170728619,2,"欧州
15-21JST","NZDJPY_欧州
15-21JST",2023_04
EURJPY,short,2023-01-25 11:15:00,2023-01-25 11:20:00,-2723.577235771958,-0.5447154471543916,2,"欧州
15-21JST","EURJPY_欧州
15-21JST",2023_04
NZDJPY,short,2023-01-25 11:15:00,2023-01-25 11:20:00,-4999.999999999653,-0.9999999999999304,1,"欧州
15-21JST","NZDJPY_欧州
15-21JST",2023_04
NZDJPY,short,2023-01-25 11:25:00,2023-01-25 11:30:00,2502.8968713790896,0.5005793742758179,3,"欧州
15-21JST","NZDJPY_欧州
15-21JST",2023_04
EURJPY,short,2023-01-25 11:25:00,2023-01-25 11:30:00,-5000.000000000592,-1.0000000000001183,1,"欧州
15-21JST","EURJPY_欧州
15-21JST",2023_04
NZDJPY,short,2023-01-25 11:40:00,2023-01-25 11:45:00,-2332.942555686307,-0.4665885111372614,2,"欧州
15-21JST","NZDJPY_欧州
15-21JST",2023_04
EURJPY,short,2023-01-25 11:40:00,2023-01-25 11:45:00,-916.666666667508,-0.1833333333335015,3,"欧州
15-21JST","EURJPY_欧州
15-21JST",2023_04
EURJPY,short,2023-01-25 11:50:00,2023-01-25 11:55:00,-5000.000000000607,-1.0000000000001212,1,"欧州
15-21JST","EURJPY_欧州
15-21JST",2023_04
NZDJPY,short,2023-01-25 11:50:00,2023-01-25 11:55:00,-5000.000000000081,-1.0000000000000162,1,"欧州
15-21JST","NZDJPY_欧州
15-21JST",2023_04
EURJPY,short,2023-01-25 11:55:00,2023-01-25 12:00:00,-5000.000000000488,-1.0000000000000977,1,"欧州
15-21JST","EURJPY_欧州
15-21JST",2023_04
NZDUSD,long,2023-01-25 13:45:00,2023-01-25 13:50:00,424.3542435427474,0.0848708487085494,3,"NY
21-03JST","NZDUSD_NY
21-03JST",2023_04
NZDUSD,long,2023-01-25 13:55:00,2023-01-25 14:00:00,289.4576477758832,0.0578915295551766,3,"NY
21-03JST","NZDUSD_NY
21-03JST",2023_04
NZDUSD,long,2023-01-25 14:20:00,2023-01-25 14:25:00,7820.097244732789,1.564019448946558,5,"NY
21-03JST","NZDUSD_NY
21-03JST",2023_04
NZDUSD,long,2023-01-25 14:30:00,2023-01-25 14:35:00,8074.380165289376,1.6148760330578753,3,"NY
21-03JST","NZDUSD_NY
21-03JST",2023_04
NZDUSD,long,2023-01-25 14:55:00,2023-01-25 15:00:00,12360.000000000444,2.472000000000089,2,"NY
21-03JST","NZDUSD_NY
21-03JST",2023_04
NZDUSD,long,2023-01-25 17:05:00,2023-01-25 17:10:00,21262.002743483623,4.252400548696724,21,"NY
21-03JST","NZDUSD_NY
21-03JST",2023_04
EURAUD,long,2023-01-25 19:10:00,2023-01-25 19:15:00,5718.157181574507,1.1436314363149014,5,"深夜
03-09JST","EURAUD_深夜
03-09JST",2023_04
EURAUD,long,2023-01-25 19:15:00,2023-01-25 19:20:00,6165.0485436895615,1.2330097087379124,4,"深夜
03-09JST","EURAUD_深夜
03-09JST",2023_04
NZDUSD,long,2023-01-26 01:15:00,2023-01-26 01:20:00,12499.999999999089,2.499999999999818,10,"東京
09-15JST","NZDUSD_東京
09-15JST",2023_04
NZDUSD,long,2023-01-26 01:20:00,2023-01-26 01:25:00,12919.463087247545,2.5838926174495085,9,"東京
09-15JST","NZDUSD_東京
09-15JST",2023_04
AUDNZD,long,2023-01-26 07:25:00,2023-01-26 07:30:00,2494.0523394105726,0.4988104678821145,5,"欧州
15-21JST","AUDNZD_欧州
15-21JST",2023_04
AUDNZD,long,2023-01-26 07:55:00,2023-01-26 08:00:00,-2079.1366906489584,-0.4158273381297916,2,"欧州
15-21JST","AUDNZD_欧州
15-21JST",2023_04
AUDNZD,long,2023-01-26 08:00:00,2023-01-26 08:05:00,-1576.0869565199894,-0.3152173913039979,3,"欧州
15-21JST","AUDNZD_欧州
15-21JST",2023_04
AUDNZD,long,2023-01-26 08:10:00,2023-01-26 08:15:00,-685.9867938352853,-0.137197358767057,2,"欧州
15-21JST","AUDNZD_欧州
15-21JST",2023_04
AUDNZD,long,2023-01-26 08:35:00,2023-01-26 08:40:00,6387.559808615176,1.2775119617230353,2,"欧州
15-21JST","AUDNZD_欧州
15-21JST",2023_04
EURJPY,short,2023-01-26 11:15:00,2023-01-26 11:20:00,-892.6780340999238,-0.1785356068199847,2,"欧州
15-21JST","EURJPY_欧州
15-21JST",2023_04
EURJPY,short,2023-01-26 11:20:00,2023-01-26 11:25:00,-5000.000000000718,-1.0000000000001434,1,"欧州
15-21JST","EURJPY_欧州
15-21JST",2023_04
NZDUSD,long,2023-01-26 15:45:00,2023-01-26 15:50:00,-5000.000000000299,-1.00000000000006,1,"NY
21-03JST","NZDUSD_NY
21-03JST",2023_04
NZDUSD,long,2023-01-26 15:50:00,2023-01-26 15:55:00,2093.802345057808,0.4187604690115616,5,"NY
21-03JST","NZDUSD_NY
21-03JST",2023_04
NZDUSD,long,2023-01-26 16:05:00,2023-01-26 16:10:00,-2397.888939881057,-0.4795777879762114,2,"NY
21-03JST","NZDUSD_NY
21-03JST",2023_04
NZDUSD,long,2023-01-26 16:15:00,2023-01-26 16:20:00,-2496.274217586689,-0.4992548435173377,4,"NY
21-03JST","NZDUSD_NY
21-03JST",2023_04
NZDUSD,long,2023-01-26 16:20:00,2023-01-26 16:25:00,1583.2916458222735,0.3166583291644547,3,"NY
21-03JST","NZDUSD_NY
21-03JST",2023_04
NZDUSD,long,2023-01-26 16:40:00,2023-01-26 16:45:00,4576.107899807221,0.9152215799614442,7,"NY
21-03JST","NZDUSD_NY
21-03JST",2023_04
NZDJPY,short,2023-01-30 07:25:00,2023-01-30 07:30:00,-4999.999999999917,-0.9999999999999836,1,"欧州
15-21JST","NZDJPY_欧州
15-21JST",2023_05
NZDJPY,short,2023-01-30 07:40:00,2023-01-30 07:45:00,-4066.147859922162,-0.8132295719844324,3,"欧州
15-21JST","NZDJPY_欧州
15-21JST",2023_05
NZDJPY,short,2023-01-30 07:55:00,2023-01-30 08:00:00,-4999.999999999666,-0.9999999999999332,1,"欧州
15-21JST","NZDJPY_欧州
15-21JST",2023_05
AUDNZD,long,2023-01-30 09:40:00,2023-01-30 09:45:00,-5000.000000000391,-1.0000000000000782,1,"欧州
15-21JST","AUDNZD_欧州
15-21JST",2023_05
AUDNZD,long,2023-01-30 09:50:00,2023-01-30 09:55:00,-4207.119741101153,-0.8414239482202305,3,"欧州
15-21JST","AUDNZD_欧州
15-21JST",2023_05
AUDNZD,long,2023-01-30 10:00:00,2023-01-30 10:05:00,-261.3538988882941,-0.0522707797776588,2,"欧州
15-21JST","AUDNZD_欧州
15-21JST",2023_05
AUDNZD,long,2023-01-30 10:10:00,2023-01-30 10:15:00,-5000.000000001144,-1.000000000000229,1,"欧州
15-21JST","AUDNZD_欧州
15-21JST",2023_05
AUDNZD,long,2023-01-30 10:15:00,2023-01-30 10:20:00,7690.397350992771,1.5380794701985545,8,"欧州
15-21JST","AUDNZD_欧州
15-21JST",2023_05
AUDNZD,long,2023-01-30 10:20:00,2023-01-30 10:25:00,8175.787728024653,1.6351575456049303,7,"欧州
15-21JST","AUDNZD_欧州
15-21JST",2023_05
AUDNZD,long,2023-01-30 10:25:00,2023-01-30 10:30:00,2509.7885669531656,0.5019577133906331,6,"欧州
15-21JST","AUDNZD_欧州
15-21JST",2023_05
AUDNZD,long,2023-01-30 11:00:00,2023-01-30 11:05:00,8939.914163089548,1.7879828326179097,2,"欧州
15-21JST","AUDNZD_欧州
15-21JST",2023_05
NZDUSD,long,2023-01-31 03:40:00,2023-01-31 03:45:00,-2865.168539325819,-0.5730337078651638,2,"東京
09-15JST","NZDUSD_東京
09-15JST",2023_05
NZDUSD,long,2023-01-31 03:55:00,2023-01-31 04:00:00,-3321.678321679725,-0.6643356643359449,2,"東京
09-15JST","NZDUSD_東京
09-15JST",2023_05
NZDUSD,long,2023-01-31 04:00:00,2023-01-31 04:05:00,-4999.999999999237,-0.9999999999998472,1,"東京
09-15JST","NZDUSD_東京
09-15JST",2023_05
NZDUSD,long,2023-01-31 04:05:00,2023-01-31 04:10:00,-4999.999999999672,-0.9999999999999344,1,"東京
09-15JST","NZDUSD_東京
09-15JST",2023_05
NZDUSD,long,2023-01-31 04:10:00,2023-01-31 04:15:00,-4931.640625001288,-0.9863281250002576,2,"東京
09-15JST","NZDUSD_東京
09-15JST",2023_05
NZDUSD,long,2023-01-31 04:15:00,2023-01-31 04:20:00,-2909.4412331425865,-0.5818882466285173,2,"東京
09-15JST","NZDUSD_東京
09-15JST",2023_05
NZDUSD,long,2023-01-31 04:25:00,2023-01-31 04:30:00,-2789.473684213122,-0.5578947368426244,2,"東京
09-15JST","NZDUSD_東京
09-15JST",2023_05
NZDUSD,long,2023-01-31 04:30:00,2023-01-31 04:35:00,-5000.000000000364,-1.0000000000000728,1,"東京
09-15JST","NZDUSD_東京
09-15JST",2023_05
AUDNZD,long,2023-01-31 06:55:00,2023-01-31 07:00:00,-3582.449373193318,-0.7164898746386636,2,"欧州
15-21JST","AUDNZD_欧州
15-21JST",2023_05
AUDNZD,long,2023-01-31 07:00:00,2023-01-31 07:05:00,-5000.000000000207,-1.0000000000000415,1,"欧州
15-21JST","AUDNZD_欧州
15-21JST",2023_05
AUDNZD,long,2023-01-31 07:05:00,2023-01-31 07:10:00,6806.451612903391,1.3612903225806785,12,"欧州
15-21JST","AUDNZD_欧州
15-21JST",2023_05
AUDNZD,long,2023-01-31 07:10:00,2023-01-31 07:15:00,9202.898550721393,1.8405797101442785,11,"欧州
15-21JST","AUDNZD_欧州
15-21JST",2023_05
AUDNZD,long,2023-01-31 07:15:00,2023-01-31 07:20:00,6567.516525023169,1.313503305004634,8,"欧州
15-21JST","AUDNZD_欧州
15-21JST",2023_05
AUDNZD,long,2023-01-31 07:30:00,2023-01-31 07:35:00,3034.894398527524,0.6069788797055047,7,"欧州
15-21JST","AUDNZD_欧州
15-21JST",2023_05
AUDNZD,long,2023-01-31 07:35:00,2023-01-31 07:40:00,2970.615243341713,0.5941230486683425,6,"欧州
15-21JST","AUDNZD_欧州
15-21JST",2023_05
NZDJPY,short,2023-01-31 08:35:00,2023-01-31 08:40:00,1740.4737384144833,0.3480947476828966,4,"欧州
15-21JST","NZDJPY_欧州
15-21JST",2023_05
NZDJPY,short,2023-01-31 08:40:00,2023-01-31 08:45:00,-603.5328753675561,-0.1207065750735112,3,"欧州
15-21JST","NZDJPY_欧州
15-21JST",2023_05
NZDJPY,short,2023-01-31 08:50:00,2023-01-31 08:55:00,-5000.00000000007,-1.000000000000014,1,"欧州
15-21JST","NZDJPY_欧州
15-21JST",2023_05
NZDJPY,short,2023-01-31 08:55:00,2023-01-31 09:00:00,-53.38078291890972,-0.0106761565837819,8,"欧州
15-21JST","NZDJPY_欧州
15-21JST",2023_05
NZDJPY,short,2023-01-31 09:10:00,2023-01-31 09:15:00,-129.55854126632025,-0.025911708253264,5,"欧州
15-21JST","NZDJPY_欧州
15-21JST",2023_05
AUDNZD,long,2023-01-31 10:40:00,2023-01-31 10:45:00,-5000.000000000832,-1.0000000000001663,1,"欧州
15-21JST","AUDNZD_欧州
15-21JST",2023_05
AUDNZD,long,2023-01-31 10:50:00,2023-01-31 10:55:00,-384.61538461504045,-0.0769230769230081,3,"欧州
15-21JST","AUDNZD_欧州
15-21JST",2023_05
AUDNZD,long,2023-01-31 11:10:00,2023-01-31 11:15:00,-4999.999999999566,-0.9999999999999132,2,"欧州
15-21JST","AUDNZD_欧州
15-21JST",2023_05
AUDNZD,long,2023-01-31 11:15:00,2023-01-31 11:20:00,-4999.999999998663,-0.9999999999997328,1,"欧州
15-21JST","AUDNZD_欧州
15-21JST",2023_05
AUDNZD,long,2023-01-31 11:25:00,2023-01-31 11:30:00,1792.4528301875534,0.3584905660375106,3,"欧州
15-21JST","AUDNZD_欧州
15-21JST",2023_05
AUDNZD,long,2023-01-31 11:30:00,2023-01-31 11:35:00,2595.884003740136,0.5191768007480272,2,"欧州
15-21JST","AUDNZD_欧州
15-21JST",2023_05
AUDNZD,long,2023-01-31 11:35:00,2023-01-31 11:40:00,-4999.999999999187,-0.9999999999998374,1,"欧州
15-21JST","AUDNZD_欧州
15-21JST",2023_05
AUDNZD,long,2023-01-31 11:45:00,2023-01-31 11:50:00,3802.0390824114033,0.7604078164822806,10,"欧州
15-21JST","AUDNZD_欧州
15-21JST",2023_05
AUDNZD,long,2023-01-31 11:50:00,2023-01-31 11:55:00,3687.943262403725,0.7375886524807449,9,"欧州
15-21JST","AUDNZD_欧州
15-21JST",2023_05
NZDUSD,long,2023-02-01 03:00:00,2023-02-01 03:05:00,32525.773195876744,6.505154639175348,19,"東京
09-15JST","NZDUSD_東京
09-15JST",2023_05
AUDNZD,long,2023-02-01 06:40:00,2023-02-01 06:45:00,1727.2727272721718,0.3454545454544344,3,"欧州
15-21JST","AUDNZD_欧州
15-21JST",2023_05
AUDNZD,long,2023-02-01 07:25:00,2023-02-01 07:30:00,-5000.000000001,-1.0000000000001998,1,"欧州
15-21JST","AUDNZD_欧州
15-21JST",2023_05
NZDUSD,long,2023-02-01 15:15:00,2023-02-01 15:20:00,5241.935483870445,1.048387096774089,3,"NY
21-03JST","NZDUSD_NY
21-03JST",2023_05
NZDUSD,long,2023-02-01 15:20:00,2023-02-01 15:25:00,2693.1447225242705,0.5386289445048541,4,"NY
21-03JST","NZDUSD_NY
21-03JST",2023_05
NZDUSD,long,2023-02-01 15:45:00,2023-02-01 15:50:00,-2974.9276759888,-0.59498553519776,5,"NY
21-03JST","NZDUSD_NY
21-03JST",2023_05
NZDUSD,long,2023-02-01 15:50:00,2023-02-01 15:55:00,-1043.478260869184,-0.2086956521738368,10,"NY
21-03JST","NZDUSD_NY
21-03JST",2023_05
NZDUSD,long,2023-02-01 16:35:00,2023-02-01 16:40:00,-4999.999999999599,-0.9999999999999196,3,"NY
21-03JST","NZDUSD_NY
21-03JST",2023_05
NZDUSD,long,2023-02-01 16:45:00,2023-02-01 16:50:00,-1833.333333332984,-0.3666666666665967,3,"NY
21-03JST","NZDUSD_NY
21-03JST",2023_05
NZDUSD,long,2023-02-01 16:50:00,2023-02-01 16:55:00,-224.6256239608007,-0.0449251247921601,2,"NY
21-03JST","NZDUSD_NY
21-03JST",2023_05
NZDUSD,long,2023-02-01 17:30:00,2023-02-01 17:35:00,13345.32374100895,2.66906474820179,9,"NY
21-03JST","NZDUSD_NY
21-03JST",2023_05
EURAUD,long,2023-02-01 19:55:00,2023-02-01 20:00:00,2318.361955085513,0.4636723910171025,4,"深夜
03-09JST","EURAUD_深夜
03-09JST",2023_05
EURAUD,long,2023-02-01 20:20:00,2023-02-01 20:25:00,-4999.999999999698,-0.9999999999999396,1,"深夜
03-09JST","EURAUD_深夜
03-09JST",2023_05
EURAUD,long,2023-02-01 20:25:00,2023-02-01 20:30:00,-5000.000000000178,-1.0000000000000355,2,"深夜
03-09JST","EURAUD_深夜
03-09JST",2023_05
EURAUD,long,2023-02-01 20:30:00,2023-02-01 20:35:00,1989.2266256254256,0.3978453251250852,35,"深夜
03-09JST","EURAUD_深夜
03-09JST",2023_05
EURAUD,long,2023-02-01 20:40:00,2023-02-01 20:45:00,2460.687245195388,0.4921374490390776,32,"深夜
03-09JST","EURAUD_深夜
03-09JST",2023_05
EURAUD,long,2023-02-01 20:55:00,2023-02-01 21:00:00,-2319.455152916569,-0.4638910305833138,22,"深夜
03-09JST","EURAUD_深夜
03-09JST",2023_05
EURAUD,long,2023-02-01 21:05:00,2023-02-01 21:10:00,-950.2458779282296,-0.1900491755856459,20,"深夜
03-09JST","EURAUD_深夜
03-09JST",2023_05
EURAUD,long,2023-02-01 21:20:00,2023-02-01 21:25:00,-2405.5415617124645,-0.4811083123424929,5,"深夜
03-09JST","EURAUD_深夜
03-09JST",2023_05
EURAUD,long,2023-02-01 21:35:00,2023-02-01 21:40:00,1386.073159980961,0.2772146319961922,12,"深夜
03-09JST","EURAUD_深夜
03-09JST",2023_05
EURGBP,long,2023-02-02 07:10:00,2023-02-02 07:15:00,-3282.7102803745383,-0.6565420560749077,2,"欧州
15-21JST","EURGBP_欧州
15-21JST",2023_05
AUDNZD,long,2023-02-02 09:50:00,2023-02-02 09:55:00,-4088.541666662306,-0.8177083333324612,2,"欧州
15-21JST","AUDNZD_欧州
15-21JST",2023_05
AUDNZD,long,2023-02-02 10:00:00,2023-02-02 10:05:00,-4999.999999999124,-0.9999999999998248,1,"欧州
15-21JST","AUDNZD_欧州
15-21JST",2023_05
AUDNZD,long,2023-02-02 10:05:00,2023-02-02 10:10:00,-2221.6844143268886,-0.4443368828653777,2,"欧州
15-21JST","AUDNZD_欧州
15-21JST",2023_05
AUDNZD,long,2023-02-02 10:10:00,2023-02-02 10:15:00,-4999.999999999176,-0.9999999999998352,1,"欧州
15-21JST","AUDNZD_欧州
15-21JST",2023_05
AUDNZD,long,2023-02-02 10:20:00,2023-02-02 10:25:00,2403.846153848297,0.4807692307696595,4,"欧州
15-21JST","AUDNZD_欧州
15-21JST",2023_05
AUDNZD,long,2023-02-02 10:45:00,2023-02-02 10:50:00,-3581.5602836876883,-0.7163120567375376,2,"欧州
15-21JST","AUDNZD_欧州
15-21JST",2023_05
NZDUSD,long,2023-02-02 15:10:00,2023-02-02 15:15:00,18341.78131788526,3.668356263577052,12,"NY
21-03JST","NZDUSD_NY
21-03JST",2023_05
NZDUSD,long,2023-02-02 17:45:00,2023-02-02 17:50:00,-948.7179487184744,-0.1897435897436949,4,"NY
21-03JST","NZDUSD_NY
21-03JST",2023_05
NZDUSD,long,2023-02-02 17:50:00,2023-02-02 17:55:00,2184.7507331364995,0.4369501466272999,3,"NY
21-03JST","NZDUSD_NY
21-03JST",2023_05
AUDNZD,long,2023-02-03 09:20:00,2023-02-03 09:25:00,692.9460580915172,0.1385892116183034,5,"欧州
15-21JST","AUDNZD_欧州
15-21JST",2023_05
AUDNZD,long,2023-02-03 09:25:00,2023-02-03 09:30:00,2752.066115705411,0.5504132231410822,4,"欧州
15-21JST","AUDNZD_欧州
15-21JST",2023_05
EURGBP,long,2023-02-03 10:20:00,2023-02-03 10:25:00,-2837.0786516842145,-0.5674157303368429,2,"欧州
15-21JST","EURGBP_欧州
15-21JST",2023_05
EURGBP,long,2023-02-03 10:30:00,2023-02-03 10:35:00,-2284.908321579527,-0.4569816643159054,2,"欧州
15-21JST","EURGBP_欧州
15-21JST",2023_05
EURGBP,long,2023-02-03 10:35:00,2023-02-03 10:40:00,-4999.999999999617,-0.9999999999999234,1,"欧州
15-21JST","EURGBP_欧州
15-21JST",2023_05
EURGBP,long,2023-02-03 10:40:00,2023-02-03 10:45:00,-4999.9999999994725,-0.9999999999998944,1,"欧州
15-21JST","EURGBP_欧州
15-21JST",2023_05
AUDNZD,long,2023-02-03 11:05:00,2023-02-03 11:10:00,-5000.000000001475,-1.000000000000295,1,"欧州
15-21JST","AUDNZD_欧州
15-21JST",2023_05
EURGBP,long,2023-02-03 11:10:00,2023-02-03 11:15:00,-4999.999999999505,-0.9999999999999012,1,"欧州
15-21JST","EURGBP_欧州
15-21JST",2023_05
AUDNZD,long,2023-02-03 11:10:00,2023-02-03 11:15:00,-1224.0663900420177,-0.2448132780084035,3,"欧州
15-21JST","AUDNZD_欧州
15-21JST",2023_05
EURGBP,long,2023-02-03 11:15:00,2023-02-03 11:20:00,-1039.755351682454,-0.2079510703364908,2,"欧州
15-21JST","EURGBP_欧州
15-21JST",2023_05
EURGBP,long,2023-02-03 11:20:00,2023-02-03 11:25:00,-4999.99999999967,-0.999999999999934,1,"欧州
15-21JST","EURGBP_欧州
15-21JST",2023_05
AUDNZD,long,2023-02-03 11:30:00,2023-02-03 11:35:00,1524.2718446604356,0.3048543689320871,2,"欧州
15-21JST","AUDNZD_欧州
15-21JST",2023_05
AUDNZD,long,2023-02-03 11:45:00,2023-02-03 11:50:00,-5000.000000001264,-1.000000000000253,2,"欧州
15-21JST","AUDNZD_欧州
15-21JST",2023_05
AUDNZD,long,2023-02-03 11:50:00,2023-02-03 11:55:00,-4999.999999999589,-0.9999999999999176,1,"欧州
15-21JST","AUDNZD_欧州
15-21JST",2023_05
NZDUSD,long,2023-02-03 14:00:00,2023-02-03 14:05:00,-3646.82417919567,-0.7293648358391339,2,"NY
21-03JST","NZDUSD_NY
21-03JST",2023_05
NZDUSD,long,2023-02-03 14:05:00,2023-02-03 14:10:00,-3425.787106446783,-0.6851574212893566,2,"NY
21-03JST","NZDUSD_NY
21-03JST",2023_05
NZDUSD,long,2023-02-03 14:15:00,2023-02-03 14:20:00,6142.935830350004,1.2285871660700007,6,"NY
21-03JST","NZDUSD_NY
21-03JST",2023_05
NZDUSD,long,2023-02-03 14:30:00,2023-02-03 14:35:00,1894.215737363224,0.3788431474726448,3,"NY
21-03JST","NZDUSD_NY
21-03JST",2023_05
NZDUSD,long,2023-02-03 14:45:00,2023-02-03 14:50:00,-4999.999999999783,-0.9999999999999564,1,"NY
21-03JST","NZDUSD_NY
21-03JST",2023_05
NZDUSD,long,2023-02-03 14:50:00,2023-02-03 14:55:00,-5000.0,-1.0,1,"NY
21-03JST","NZDUSD_NY
21-03JST",2023_05
NZDUSD,long,2023-02-03 14:55:00,2023-02-03 15:00:00,-5000.000000000127,-1.0000000000000255,1,"NY
21-03JST","NZDUSD_NY
21-03JST",2023_05
NZDUSD,long,2023-02-03 16:20:00,2023-02-03 16:25:00,-4999.999999999909,-0.9999999999999818,1,"NY
21-03JST","NZDUSD_NY
21-03JST",2023_05
NZDUSD,long,2023-02-03 16:30:00,2023-02-03 16:35:00,-5000.000000000101,-1.0000000000000202,1,"NY
21-03JST","NZDUSD_NY
21-03JST",2023_05
NZDUSD,long,2023-02-03 16:35:00,2023-02-03 16:40:00,-4999.999999999897,-0.9999999999999796,1,"NY
21-03JST","NZDUSD_NY
21-03JST",2023_05
NZDUSD,long,2023-02-03 16:55:00,2023-02-03 17:00:00,5833.333333332963,1.1666666666665926,10,"NY
21-03JST","NZDUSD_NY
21-03JST",2023_05
NZDUSD,long,2023-02-03 17:30:00,2023-02-03 17:35:00,-1015.9574468086744,-0.2031914893617349,3,"NY
21-03JST","NZDUSD_NY
21-03JST",2023_05
NZDUSD,long,2023-02-03 17:50:00,2023-02-03 17:55:00,-4999.999999999647,-0.9999999999999294,1,"NY
21-03JST","NZDUSD_NY
21-03JST",2023_05
EURJPY,short,2023-02-06 09:25:00,2023-02-06 09:30:00,-4999.999999999654,-0.9999999999999308,1,"欧州
15-21JST","EURJPY_欧州
15-21JST",2023_06
EURJPY,short,2023-02-07 08:55:00,2023-02-07 09:00:00,-13.085199185665395,-0.002617039837133,2,"欧州
15-21JST","EURJPY_欧州
15-21JST",2023_06
EURJPY,short,2023-02-07 09:05:00,2023-02-07 09:10:00,-4999.999999999507,-0.9999999999999014,1,"欧州
15-21JST","EURJPY_欧州
15-21JST",2023_06
NZDUSD,long,2023-02-07 12:10:00,2023-02-07 12:15:00,-127.33446519550876,-0.0254668930391017,3,"NY
21-03JST","NZDUSD_NY
21-03JST",2023_06
NZDUSD,long,2023-02-07 12:15:00,2023-02-07 12:20:00,4451.476793247056,0.8902953586494112,2,"NY
21-03JST","NZDUSD_NY
21-03JST",2023_06
NZDUSD,long,2023-02-07 12:35:00,2023-02-07 12:40:00,-2424.366312346689,-0.4848732624693378,4,"NY
21-03JST","NZDUSD_NY
21-03JST",2023_06
NZDUSD,long,2023-02-07 12:40:00,2023-02-07 12:45:00,142.85714285681917,0.0285714285713638,3,"NY
21-03JST","NZDUSD_NY
21-03JST",2023_06
NZDUSD,long,2023-02-07 12:45:00,2023-02-07 12:50:00,215.9187129559877,0.0431837425911975,2,"NY
21-03JST","NZDUSD_NY
21-03JST",2023_06
NZDUSD,long,2023-02-07 13:00:00,2023-02-07 13:05:00,-4999.999999999821,-0.999999999999964,1,"NY
21-03JST","NZDUSD_NY
21-03JST",2023_06
NZDUSD,long,2023-02-07 13:05:00,2023-02-07 13:10:00,-5000.000000000174,-1.0000000000000346,2,"NY
21-03JST","NZDUSD_NY
21-03JST",2023_06
NZDUSD,long,2023-02-07 13:10:00,2023-02-07 13:15:00,-1806.083650189881,-0.3612167300379761,2,"NY
21-03JST","NZDUSD_NY
21-03JST",2023_06
NZDUSD,long,2023-02-07 13:20:00,2023-02-07 13:25:00,-5000.000000000568,-1.0000000000001137,1,"NY
21-03JST","NZDUSD_NY
21-03JST",2023_06
EURJPY,long,2023-02-07 13:25:00,2023-02-07 13:30:00,-2217.432950190777,-0.4434865900381554,2,"NY
21-03JST","EURJPY_NY
21-03JST",2023_06
EURJPY,long,2023-02-07 13:30:00,2023-02-07 13:35:00,-1693.434104866175,-0.338686820973235,2,"NY
21-03JST","EURJPY_NY
21-03JST",2023_06
EURJPY,long,2023-02-07 13:35:00,2023-02-07 13:40:00,-5000.0,-1.0,1,"NY
21-03JST","EURJPY_NY
21-03JST",2023_06
EURJPY,long,2023-02-07 13:40:00,2023-02-07 13:45:00,-1865.67164179192,-0.373134328358384,5,"NY
21-03JST","EURJPY_NY
21-03JST",2023_06
EURJPY,long,2023-02-07 13:45:00,2023-02-07 13:50:00,706.359368330052,0.1412718736660104,4,"NY
21-03JST","EURJPY_NY
21-03JST",2023_06
NZDUSD,long,2023-02-07 14:05:00,2023-02-07 14:10:00,-4999.99999999967,-0.999999999999934,1,"NY
21-03JST","NZDUSD_NY
21-03JST",2023_06
AUDUSD,long,2023-02-07 14:05:00,2023-02-07 14:10:00,-5000.000000000481,-1.000000000000096,1,"NY
21-03JST","AUDUSD_NY
21-03JST",2023_06
NZDUSD,long,2023-02-07 14:10:00,2023-02-07 14:15:00,-4999.99999999983,-0.999999999999966,1,"NY
21-03JST","NZDUSD_NY
21-03JST",2023_06
EURJPY,long,2023-02-07 14:10:00,2023-02-07 14:15:00,1893.939393940229,0.3787878787880457,3,"NY
21-03JST","EURJPY_NY
21-03JST",2023_06
NZDUSD,long,2023-02-07 14:15:00,2023-02-07 14:20:00,215.0537634422722,0.0430107526884544,2,"NY
21-03JST","NZDUSD_NY
21-03JST",2023_06
AUDUSD,long,2023-02-07 14:15:00,2023-02-07 14:20:00,881.0408921941739,0.1762081784388348,2,"NY
21-03JST","AUDUSD_NY
21-03JST",2023_06
EURJPY,long,2023-02-07 14:15:00,2023-02-07 14:20:00,289.43879805738453,0.0578877596114769,2,"NY
21-03JST","EURJPY_NY
21-03JST",2023_06
AUDUSD,long,2023-02-07 14:25:00,2023-02-07 14:30:00,357.902197023387,0.0715804394046774,2,"NY
21-03JST","AUDUSD_NY
21-03JST",2023_06
NZDUSD,long,2023-02-07 14:25:00,2023-02-07 14:30:00,323.7951807245176,0.0647590361449035,2,"NY
21-03JST","NZDUSD_NY
21-03JST",2023_06
EURJPY,long,2023-02-07 14:30:00,2023-02-07 14:35:00,-2642.988929890768,-0.5285977859781535,2,"NY
21-03JST","EURJPY_NY
21-03JST",2023_06
NZDUSD,long,2023-02-07 14:35:00,2023-02-07 14:40:00,-4999.999999999576,-0.9999999999999152,1,"NY
21-03JST","NZDUSD_NY
21-03JST",2023_06
AUDUSD,long,2023-02-07 14:35:00,2023-02-07 14:40:00,-4999.999999999529,-0.9999999999999056,1,"NY
21-03JST","AUDUSD_NY
21-03JST",2023_06
NZDUSD,long,2023-02-07 14:40:00,2023-02-07 14:45:00,-4341.534008683181,-0.8683068017366362,3,"NY
21-03JST","NZDUSD_NY
21-03JST",2023_06
AUDUSD,long,2023-02-07 14:40:00,2023-02-07 14:45:00,-5000.000000000526,-1.000000000000105,1,"NY
21-03JST","AUDUSD_NY
21-03JST",2023_06
NZDUSD,long,2023-02-07 14:45:00,2023-02-07 14:50:00,-1490.2506963802275,-0.2980501392760455,2,"NY
21-03JST","NZDUSD_NY
21-03JST",2023_06
AUDUSD,long,2023-02-07 14:45:00,2023-02-07 14:50:00,-2102.4967148482733,-0.4204993429696547,2,"NY
21-03JST","AUDUSD_NY
21-03JST",2023_06
AUDUSD,long,2023-02-07 14:50:00,2023-02-07 14:55:00,-3715.596330275222,-0.7431192660550444,2,"NY
21-03JST","AUDUSD_NY
21-03JST",2023_06
EURJPY,long,2023-02-07 14:55:00,2023-02-07 15:00:00,-5000.0,-1.0,1,"NY
21-03JST","EURJPY_NY
21-03JST",2023_06
NZDUSD,long,2023-02-07 15:00:00,2023-02-07 15:05:00,-5000.000000000077,-1.0000000000000155,1,"NY
21-03JST","NZDUSD_NY
21-03JST",2023_06
AUDUSD,long,2023-02-07 15:00:00,2023-02-07 15:05:00,-5000.000000000422,-1.0000000000000844,1,"NY
21-03JST","AUDUSD_NY
21-03JST",2023_06
EURJPY,long,2023-02-07 15:00:00,2023-02-07 15:05:00,222.02486678537628,0.0444049733570752,2,"NY
21-03JST","EURJPY_NY
21-03JST",2023_06
NZDUSD,long,2023-02-07 15:05:00,2023-02-07 15:10:00,-2009.80392156978,-0.4019607843139559,4,"NY
21-03JST","NZDUSD_NY
21-03JST",2023_06
AUDUSD,long,2023-02-07 15:05:00,2023-02-07 15:10:00,743.5897435909009,0.1487179487181801,3,"NY
21-03JST","AUDUSD_NY
21-03JST",2023_06
EURJPY,long,2023-02-07 15:05:00,2023-02-07 15:10:00,-3646.74868189664,-0.729349736379328,3,"NY
21-03JST","EURJPY_NY
21-03JST",2023_06
AUDUSD,long,2023-02-07 15:10:00,2023-02-07 15:15:00,1609.6324461341624,0.3219264892268325,2,"NY
21-03JST","AUDUSD_NY
21-03JST",2023_06
NZDUSD,long,2023-02-07 15:10:00,2023-02-07 15:15:00,15956.937799042023,3.1913875598084047,8,"NY
21-03JST","NZDUSD_NY
21-03JST",2023_06
EURJPY,long,2023-02-07 15:15:00,2023-02-07 15:20:00,-3787.8787878805065,-0.7575757575761013,2,"NY
21-03JST","EURJPY_NY
21-03JST",2023_06
NZDUSD,long,2023-02-07 15:15:00,2023-02-07 15:20:00,11620.3703703699,2.32407407407398,7,"NY
21-03JST","NZDUSD_NY
21-03JST",2023_06
EURJPY,long,2023-02-07 15:25:00,2023-02-07 15:30:00,-5000.0,-1.0,1,"NY
21-03JST","EURJPY_NY
21-03JST",2023_06
EURJPY,long,2023-02-07 15:30:00,2023-02-07 15:35:00,-5000.000000000637,-1.0000000000001272,1,"NY
21-03JST","EURJPY_NY
21-03JST",2023_06
EURJPY,long,2023-02-07 15:35:00,2023-02-07 15:40:00,-4999.999999999617,-0.9999999999999234,1,"NY
21-03JST","EURJPY_NY
21-03JST",2023_06
EURJPY,long,2023-02-07 15:40:00,2023-02-07 15:45:00,-5000.0,-1.0,1,"NY
21-03JST","EURJPY_NY
21-03JST",2023_06
EURJPY,long,2023-02-07 15:45:00,2023-02-07 15:50:00,-4999.999999999208,-0.9999999999998416,1,"NY
21-03JST","EURJPY_NY
21-03JST",2023_06
EURJPY,long,2023-02-07 15:50:00,2023-02-07 15:55:00,-4999.999999999696,-0.9999999999999392,1,"NY
21-03JST","EURJPY_NY
21-03JST",2023_06
EURJPY,long,2023-02-07 15:55:00,2023-02-07 16:00:00,917.5766114831704,0.183515322296634,2,"NY
21-03JST","EURJPY_NY
21-03JST",2023_06
EURJPY,long,2023-02-07 16:05:00,2023-02-07 16:10:00,10316.00898299498,2.063201796598996,8,"NY
21-03JST","EURJPY_NY
21-03JST",2023_06
EURJPY,long,2023-02-07 16:10:00,2023-02-07 16:15:00,5684.447300770012,1.1368894601540025,7,"NY
21-03JST","EURJPY_NY
21-03JST",2023_06
EURJPY,long,2023-02-07 17:00:00,2023-02-07 17:05:00,-2099.447513811724,-0.4198895027623448,5,"NY
21-03JST","EURJPY_NY
21-03JST",2023_06
EURJPY,long,2023-02-07 17:05:00,2023-02-07 17:10:00,-985.7571214391702,-0.197151424287834,3,"NY
21-03JST","EURJPY_NY
21-03JST",2023_06
EURJPY,long,2023-02-07 17:20:00,2023-02-07 17:25:00,-5000.00000000038,-1.000000000000076,2,"NY
21-03JST","EURJPY_NY
21-03JST",2023_06
EURAUD,long,2023-02-07 20:25:00,2023-02-07 20:30:00,-1704.3314500926997,-0.3408662900185399,3,"深夜
03-09JST","EURAUD_深夜
03-09JST",2023_06
EURAUD,long,2023-02-07 20:45:00,2023-02-07 20:50:00,-2048.648648650497,-0.4097297297300993,5,"深夜
03-09JST","EURAUD_深夜
03-09JST",2023_06
EURAUD,long,2023-02-07 20:55:00,2023-02-07 21:00:00,-3675.775091959733,-0.7351550183919466,3,"深夜
03-09JST","EURAUD_深夜
03-09JST",2023_06
EURAUD,long,2023-02-07 21:10:00,2023-02-07 21:15:00,-5000.000000000763,-1.0000000000001523,1,"深夜
03-09JST","EURAUD_深夜
03-09JST",2023_06
EURAUD,long,2023-02-07 21:15:00,2023-02-07 21:20:00,-4583.0851697443895,-0.916617033948878,4,"深夜
03-09JST","EURAUD_深夜
03-09JST",2023_06
EURAUD,long,2023-02-07 21:20:00,2023-02-07 21:25:00,-1291.1084043848232,-0.2582216808769646,3,"深夜
03-09JST","EURAUD_深夜
03-09JST",2023_06
EURAUD,long,2023-02-07 21:25:00,2023-02-07 21:30:00,-264.45264452678424,-0.0528905289053568,2,"深夜
03-09JST","EURAUD_深夜
03-09JST",2023_06
EURAUD,long,2023-02-07 21:30:00,2023-02-07 21:35:00,-936.0730593616812,-0.1872146118723362,2,"深夜
03-09JST","EURAUD_深夜
03-09JST",2023_06
EURAUD,long,2023-02-07 21:40:00,2023-02-07 21:45:00,-4493.421052630208,-0.8986842105260415,2,"深夜
03-09JST","EURAUD_深夜
03-09JST",2023_06
EURAUD,long,2023-02-07 21:45:00,2023-02-07 21:50:00,-5000.000000000897,-1.0000000000001794,1,"深夜
03-09JST","EURAUD_深夜
03-09JST",2023_06
EURAUD,long,2023-02-07 21:50:00,2023-02-07 21:55:00,12454.188481675825,2.490837696335165,4,"深夜
03-09JST","EURAUD_深夜
03-09JST",2023_06
EURAUD,long,2023-02-07 21:55:00,2023-02-07 22:05:00,10864.811133201269,2.1729622266402537,3,"深夜
03-09JST","EURAUD_深夜
03-09JST",2023_06
EURAUD,long,2023-02-07 22:45:00,2023-02-07 22:50:00,-5000.0000000002765,-1.0000000000000553,1,"深夜
03-09JST","EURAUD_深夜
03-09JST",2023_06
AUDUSD,long,2023-02-08 13:25:00,2023-02-08 13:30:00,147.98206278043023,0.029596412556086,2,"NY
21-03JST","AUDUSD_NY
21-03JST",2023_06
NZDUSD,long,2023-02-08 13:25:00,2023-02-08 13:30:00,370.37037037005854,0.0740740740740117,2,"NY
21-03JST","NZDUSD_NY
21-03JST",2023_06
AUDUSD,long,2023-02-08 13:40:00,2023-02-08 13:45:00,949.9999999998612,0.1899999999999722,2,"NY
21-03JST","AUDUSD_NY
21-03JST",2023_06
AUDUSD,long,2023-02-08 13:50:00,2023-02-08 13:55:00,-2815.829528158196,-0.5631659056316392,2,"NY
21-03JST","AUDUSD_NY
21-03JST",2023_06
NZDUSD,long,2023-02-08 13:50:00,2023-02-08 13:55:00,-1570.7620528770033,-0.3141524105754006,2,"NY
21-03JST","NZDUSD_NY
21-03JST",2023_06
NZDUSD,long,2023-02-08 14:00:00,2023-02-08 14:05:00,8433.782712132355,1.686756542426471,2,"NY
21-03JST","NZDUSD_NY
21-03JST",2023_06
AUDUSD,long,2023-02-08 14:00:00,2023-02-08 14:05:00,10706.214689265997,2.141242937853199,2,"NY
21-03JST","AUDUSD_NY
21-03JST",2023_06
AUDUSD,long,2023-02-08 14:15:00,2023-02-08 14:20:00,891.7835671331175,0.1783567134266235,2,"NY
21-03JST","AUDUSD_NY
21-03JST",2023_06
NZDUSD,long,2023-02-08 14:15:00,2023-02-08 14:20:00,1028.4697508892807,0.2056939501778561,2,"NY
21-03JST","NZDUSD_NY
21-03JST",2023_06
AUDUSD,long,2023-02-08 14:20:00,2023-02-08 14:25:00,-4999.999999999851,-0.99999999999997,1,"NY
21-03JST","AUDUSD_NY
21-03JST",2023_06
NZDUSD,long,2023-02-08 14:25:00,2023-02-08 14:30:00,-4999.999999999703,-0.9999999999999404,1,"NY
21-03JST","NZDUSD_NY
21-03JST",2023_06
AUDUSD,long,2023-02-08 14:25:00,2023-02-08 14:30:00,-5000.00000000007,-1.000000000000014,1,"NY
21-03JST","AUDUSD_NY
21-03JST",2023_06
AUDUSD,long,2023-02-08 14:30:00,2023-02-08 14:35:00,2390.7766990288824,0.4781553398057764,2,"NY
21-03JST","AUDUSD_NY
21-03JST",2023_06
NZDUSD,long,2023-02-08 14:30:00,2023-02-08 14:35:00,1181.702668360948,0.2363405336721896,2,"NY
21-03JST","NZDUSD_NY
21-03JST",2023_06
NZDUSD,long,2023-02-08 14:45:00,2023-02-08 14:50:00,-655.9608056621886,-0.1311921611324377,3,"NY
21-03JST","NZDUSD_NY
21-03JST",2023_06
AUDUSD,long,2023-02-08 14:45:00,2023-02-08 14:50:00,-1535.714285714843,-0.3071428571429686,3,"NY
21-03JST","AUDUSD_NY
21-03JST",2023_06
AUDUSD,long,2023-02-08 14:50:00,2023-02-08 14:55:00,-1105.2099140119628,-0.2210419828023925,2,"NY
21-03JST","AUDUSD_NY
21-03JST",2023_06
NZDUSD,long,2023-02-08 14:50:00,2023-02-08 14:55:00,-1180.44300378178,-0.236088600756356,2,"NY
21-03JST","NZDUSD_NY
21-03JST",2023_06
AUDUSD,long,2023-02-08 15:05:00,2023-02-08 15:10:00,819.5559754365343,0.1639111950873068,2,"NY
21-03JST","AUDUSD_NY
21-03JST",2023_06
NZDUSD,long,2023-02-08 15:05:00,2023-02-08 15:10:00,1476.238624873713,0.2952477249747426,2,"NY
21-03JST","NZDUSD_NY
21-03JST",2023_06
NZDUSD,long,2023-02-08 15:20:00,2023-02-08 15:25:00,-5000.0,-1.0,1,"NY
21-03JST","NZDUSD_NY
21-03JST",2023_06
AUDUSD,long,2023-02-08 15:30:00,2023-02-08 15:35:00,95.14747859201792,0.0190294957184035,6,"NY
21-03JST","AUDUSD_NY
21-03JST",2023_06
NZDUSD,long,2023-02-08 15:30:00,2023-02-08 15:35:00,-1793.1034482760667,-0.3586206896552133,2,"NY
21-03JST","NZDUSD_NY
21-03JST",2023_06
AUDUSD,long,2023-02-08 15:40:00,2023-02-08 15:45:00,1689.4197952215409,0.3378839590443082,4,"NY
21-03JST","AUDUSD_NY
21-03JST",2023_06
NZDUSD,long,2023-02-08 15:40:00,2023-02-08 15:45:00,2605.633802817508,0.5211267605635016,7,"NY
21-03JST","NZDUSD_NY
21-03JST",2023_06
NZDUSD,long,2023-02-08 16:05:00,2023-02-08 16:10:00,-4119.737561510071,-0.8239475123020141,2,"NY
21-03JST","NZDUSD_NY
21-03JST",2023_06
AUDUSD,long,2023-02-08 16:05:00,2023-02-08 16:10:00,-2992.5650557618915,-0.5985130111523783,2,"NY
21-03JST","AUDUSD_NY
21-03JST",2023_06
AUDUSD,long,2023-02-08 16:10:00,2023-02-08 16:15:00,-1821.581196581381,-0.3643162393162762,2,"NY
21-03JST","AUDUSD_NY
21-03JST",2023_06
NZDUSD,long,2023-02-08 16:10:00,2023-02-08 16:15:00,-2120.131651124624,-0.4240263302249247,2,"NY
21-03JST","NZDUSD_NY
21-03JST",2023_06
NZDUSD,long,2023-02-08 16:20:00,2023-02-08 16:25:00,6666.666666665622,1.3333333333331243,14,"NY
21-03JST","NZDUSD_NY
21-03JST",2023_06
AUDUSD,long,2023-02-08 16:20:00,2023-02-08 16:25:00,3772.470467385441,0.7544940934770883,14,"NY
21-03JST","AUDUSD_NY
21-03JST",2023_06
NZDUSD,long,2023-02-08 16:25:00,2023-02-08 16:30:00,9032.921810699032,1.8065843621398063,13,"NY
21-03JST","NZDUSD_NY
21-03JST",2023_06
AUDUSD,long,2023-02-08 16:25:00,2023-02-08 16:30:00,-1576.0869565216888,-0.3152173913043377,2,"NY
21-03JST","AUDUSD_NY
21-03JST",2023_06
NZDUSD,long,2023-02-08 16:30:00,2023-02-08 16:35:00,11634.086744041984,2.326817348808397,12,"NY
21-03JST","NZDUSD_NY
21-03JST",2023_06
AUDUSD,long,2023-02-08 16:30:00,2023-02-08 16:35:00,5832.864378164455,1.166572875632891,6,"NY
21-03JST","AUDUSD_NY
21-03JST",2023_06
EURJPY,long,2023-02-09 13:15:00,2023-02-09 13:20:00,-2806.7885117519413,-0.5613577023503883,2,"NY
21-03JST","EURJPY_NY
21-03JST",2023_06
EURJPY,long,2023-02-09 13:20:00,2023-02-09 13:25:00,-4999.999999999708,-0.9999999999999416,1,"NY
21-03JST","EURJPY_NY
21-03JST",2023_06
EURJPY,long,2023-02-09 13:30:00,2023-02-09 13:35:00,-1867.1799807513005,-0.3734359961502601,2,"NY
21-03JST","EURJPY_NY
21-03JST",2023_06
EURJPY,long,2023-02-09 13:35:00,2023-02-09 13:40:00,-5000.000000000142,-1.0000000000000284,1,"NY
21-03JST","EURJPY_NY
21-03JST",2023_06
EURJPY,long,2023-02-09 13:45:00,2023-02-09 13:50:00,3689.207966653092,0.7378415933306184,5,"NY
21-03JST","EURJPY_NY
21-03JST",2023_06
EURJPY,long,2023-02-09 13:50:00,2023-02-09 13:55:00,3944.974988631048,0.7889949977262096,4,"NY
21-03JST","EURJPY_NY
21-03JST",2023_06
AUDUSD,long,2023-02-09 15:30:00,2023-02-09 15:35:00,-5000.000000000174,-1.0000000000000346,1,"NY
21-03JST","AUDUSD_NY
21-03JST",2023_06
AUDUSD,long,2023-02-09 15:35:00,2023-02-09 15:40:00,-3482.1889519868328,-0.6964377903973665,4,"NY
21-03JST","AUDUSD_NY
21-03JST",2023_06
AUDUSD,long,2023-02-09 15:40:00,2023-02-09 15:45:00,-843.0540827135877,-0.1686108165427175,3,"NY
21-03JST","AUDUSD_NY
21-03JST",2023_06
AUDUSD,long,2023-02-09 15:45:00,2023-02-09 15:50:00,1009.71922246373,0.201943844492746,2,"NY
21-03JST","AUDUSD_NY
21-03JST",2023_06
NZDUSD,long,2023-02-09 15:45:00,2023-02-09 15:50:00,-1434.7826086963826,-0.2869565217392765,2,"NY
21-03JST","NZDUSD_NY
21-03JST",2023_06
NZDUSD,long,2023-02-09 16:00:00,2023-02-09 16:05:00,-508.0213903738367,-0.1016042780747673,2,"NY
21-03JST","NZDUSD_NY
21-03JST",2023_06
NZDUSD,long,2023-02-09 16:15:00,2023-02-09 16:20:00,-4914.945321992965,-0.9829890643985928,2,"NY
21-03JST","NZDUSD_NY
21-03JST",2023_06
AUDUSD,long,2023-02-09 16:20:00,2023-02-09 16:25:00,-3838.951310861001,-0.7677902621722001,2,"NY
21-03JST","AUDUSD_NY
21-03JST",2023_06
NZDUSD,long,2023-02-09 16:20:00,2023-02-09 16:25:00,-1162.0977353998835,-0.2324195470799767,4,"NY
21-03JST","NZDUSD_NY
21-03JST",2023_06
AUDUSD,long,2023-02-09 16:25:00,2023-02-09 16:30:00,-5000.000000000419,-1.000000000000084,1,"NY
21-03JST","AUDUSD_NY
21-03JST",2023_06
AUDUSD,long,2023-02-09 16:30:00,2023-02-09 16:35:00,211.9565217382316,0.0423913043476463,2,"NY
21-03JST","AUDUSD_NY
21-03JST",2023_06
NZDUSD,long,2023-02-09 16:30:00,2023-02-09 16:35:00,36.90036900338568,0.0073800738006771,2,"NY
21-03JST","NZDUSD_NY
21-03JST",2023_06
AUDUSD,long,2023-02-09 16:35:00,2023-02-09 16:40:00,234.71615720557008,0.046943231441114,2,"NY
21-03JST","AUDUSD_NY
21-03JST",2023_06
NZDUSD,long,2023-02-09 16:45:00,2023-02-09 16:50:00,1452.0202020193342,0.2904040404038668,5,"NY
21-03JST","NZDUSD_NY
21-03JST",2023_06
NZDUSD,long,2023-02-09 16:50:00,2023-02-09 16:55:00,1002.5789813018012,0.2005157962603602,4,"NY
21-03JST","NZDUSD_NY
21-03JST",2023_06
AUDUSD,long,2023-02-09 16:55:00,2023-02-09 17:00:00,-2760.880964866205,-0.5521761929732409,6,"NY
21-03JST","AUDUSD_NY
21-03JST",2023_06
NZDUSD,long,2023-02-09 17:05:00,2023-02-09 17:10:00,-3030.0187617263587,-0.6060037523452717,4,"NY
21-03JST","NZDUSD_NY
21-03JST",2023_06
NZDUSD,long,2023-02-09 17:15:00,2023-02-09 17:20:00,-615.4406409332233,-0.1230881281866446,2,"NY
21-03JST","NZDUSD_NY
21-03JST",2023_06
AUDUSD,long,2023-02-09 17:15:00,2023-02-09 17:20:00,-1053.283767038621,-0.2106567534077241,2,"NY
21-03JST","AUDUSD_NY
21-03JST",2023_06
AUDUSD,long,2023-02-09 17:30:00,2023-02-09 17:35:00,-5000.0,-1.0,1,"NY
21-03JST","AUDUSD_NY
21-03JST",2023_06
NZDUSD,long,2023-02-09 17:35:00,2023-02-09 17:40:00,15.408320493338012,0.0030816640986676,4,"NY
21-03JST","NZDUSD_NY
21-03JST",2023_06
AUDUSD,long,2023-02-09 17:35:00,2023-02-09 17:40:00,-234.42517662208863,-0.0468850353244177,4,"NY
21-03JST","AUDUSD_NY
21-03JST",2023_06
AUDJPY,short,2023-02-10 03:00:00,2023-02-10 03:05:00,5591.133004926935,1.118226600985387,4,"東京
09-15JST","AUDJPY_東京
09-15JST",2023_06
AUDJPY,short,2023-02-10 03:05:00,2023-02-10 03:10:00,6206.140350878049,1.2412280701756098,3,"東京
09-15JST","AUDJPY_東京
09-15JST",2023_06
AUDJPY,short,2023-02-10 03:10:00,2023-02-10 03:15:00,2698.986975398251,0.5397973950796502,2,"東京
09-15JST","AUDJPY_東京
09-15JST",2023_06
AUDJPY,short,2023-02-10 03:15:00,2023-02-10 03:20:00,2628.865979380748,0.5257731958761496,3,"東京
09-15JST","AUDJPY_東京
09-15JST",2023_06
AUDJPY,short,2023-02-10 03:20:00,2023-02-10 03:25:00,732.7586206882409,0.1465517241376481,2,"東京
09-15JST","AUDJPY_東京
09-15JST",2023_06
AUDJPY,short,2023-02-10 03:30:00,2023-02-10 03:35:00,-106.38297872390972,-0.0212765957447819,3,"東京
09-15JST","AUDJPY_東京
09-15JST",2023_06
EURJPY,short,2023-02-10 07:15:00,2023-02-10 07:20:00,9709.939148073196,1.94198782961464,2,"欧州
15-21JST","EURJPY_欧州
15-21JST",2023_06
EURJPY,short,2023-02-10 07:20:00,2023-02-10 07:25:00,-4999.999999999511,-0.9999999999999022,1,"欧州
15-21JST","EURJPY_欧州
15-21JST",2023_06
EURJPY,short,2023-02-10 08:25:00,2023-02-10 08:30:00,-4999.999999999841,-0.999999999999968,1,"欧州
15-21JST","EURJPY_欧州
15-21JST",2023_06
EURJPY,short,2023-02-10 08:40:00,2023-02-10 08:45:00,-2678.571428571534,-0.5357142857143068,3,"欧州
15-21JST","EURJPY_欧州
15-21JST",2023_06
EURJPY,short,2023-02-10 08:45:00,2023-02-10 08:50:00,-3728.489483748379,-0.7456978967496758,5,"欧州
15-21JST","EURJPY_欧州
15-21JST",2023_06
EURJPY,short,2023-02-10 11:25:00,2023-02-10 11:30:00,10452.127659574377,2.0904255319148755,4,"欧州
15-21JST","EURJPY_欧州
15-21JST",2023_06
EURJPY,short,2023-02-10 11:30:00,2023-02-10 11:35:00,5128.717265867591,1.025743453173518,3,"欧州
15-21JST","EURJPY_欧州
15-21JST",2023_06
EURJPY,short,2023-02-10 11:35:00,2023-02-10 11:40:00,4344.660194174113,0.8689320388348225,2,"欧州
15-21JST","EURJPY_欧州
15-21JST",2023_06
EURJPY,short,2023-02-10 11:40:00,2023-02-10 11:45:00,3780.856423173897,0.7561712846347793,2,"欧州
15-21JST","EURJPY_欧州
15-21JST",2023_06
EURJPY,short,2023-02-10 11:45:00,2023-02-10 11:50:00,-5000.0,-1.0,1,"欧州
15-21JST","EURJPY_欧州
15-21JST",2023_06
EURJPY,long,2023-02-10 12:00:00,2023-02-10 12:05:00,12319.587628865344,2.463917525773069,4,"NY
21-03JST","EURJPY_NY
21-03JST",2023_06
EURJPY,long,2023-02-10 13:20:00,2023-02-10 13:25:00,-4220.365950675337,-0.8440731901350675,2,"NY
21-03JST","EURJPY_NY
21-03JST",2023_06
EURJPY,long,2023-02-10 13:25:00,2023-02-10 13:30:00,-3240.9254088539915,-0.6481850817707983,2,"NY
21-03JST","EURJPY_NY
21-03JST",2023_06
EURJPY,long,2023-02-10 13:35:00,2023-02-10 13:40:00,-302.1978022000257,-0.0604395604400051,2,"NY
21-03JST","EURJPY_NY
21-03JST",2023_06
EURJPY,long,2023-02-10 13:40:00,2023-02-10 13:45:00,6556.739041374816,1.3113478082749632,4,"NY
21-03JST","EURJPY_NY
21-03JST",2023_06
NZDUSD,long,2023-02-10 16:40:00,2023-02-10 16:45:00,-3731.1178247748,-0.7462235649549599,3,"NY
21-03JST","NZDUSD_NY
21-03JST",2023_06
NZDUSD,long,2023-02-10 17:00:00,2023-02-10 17:05:00,-4999.999999999624,-0.9999999999999248,1,"NY
21-03JST","NZDUSD_NY
21-03JST",2023_06
NZDUSD,long,2023-02-10 17:05:00,2023-02-10 17:10:00,-5000.000000000694,-1.0000000000001388,1,"NY
21-03JST","NZDUSD_NY
21-03JST",2023_06
AUDUSD,long,2023-02-10 17:05:00,2023-02-10 17:10:00,-4999.99999999961,-0.999999999999922,1,"NY
21-03JST","AUDUSD_NY
21-03JST",2023_06
NZDUSD,long,2023-02-10 17:10:00,2023-02-10 17:15:00,4187.500000001361,0.8375000000002721,2,"NY
21-03JST","NZDUSD_NY
21-03JST",2023_06
AUDUSD,long,2023-02-10 17:10:00,2023-02-10 17:15:00,7037.03703703632,1.407407407407264,4,"NY
21-03JST","AUDUSD_NY
21-03JST",2023_06
NZDUSD,long,2023-02-10 17:35:00,2023-02-10 17:40:00,4827.898550725007,0.9655797101450014,9,"NY
21-03JST","NZDUSD_NY
21-03JST",2023_06
NZDUSD,long,2023-02-10 17:40:00,2023-02-10 17:45:00,6973.68421052702,1.394736842105404,8,"NY
21-03JST","NZDUSD_NY
21-03JST",2023_06
AUDJPY,short,2023-02-14 02:05:00,2023-02-14 02:10:00,-768.7793427228613,-0.1537558685445722,6,"東京
09-15JST","AUDJPY_東京
09-15JST",2023_07
AUDJPY,short,2023-02-14 02:25:00,2023-02-14 02:30:00,-4999.999999999548,-0.9999999999999096,2,"東京
09-15JST","AUDJPY_東京
09-15JST",2023_07
EURGBP,long,2023-02-14 08:25:00,2023-02-14 08:30:00,-5000.000000000181,-1.0000000000000362,2,"欧州
15-21JST","EURGBP_欧州
15-21JST",2023_07
EURGBP,long,2023-02-14 08:30:00,2023-02-14 08:35:00,-4999.9999999996335,-0.9999999999999268,1,"欧州
15-21JST","EURGBP_欧州
15-21JST",2023_07
EURGBP,long,2023-02-14 09:55:00,2023-02-14 10:00:00,-4999.999999999474,-0.9999999999998948,1,"欧州
15-21JST","EURGBP_欧州
15-21JST",2023_07
EURGBP,long,2023-02-14 11:05:00,2023-02-14 11:10:00,389.3263342086207,0.0778652668417241,4,"欧州
15-21JST","EURGBP_欧州
15-21JST",2023_07
EURGBP,long,2023-02-14 11:20:00,2023-02-14 11:25:00,-5000.000000000479,-1.000000000000096,1,"欧州
15-21JST","EURGBP_欧州
15-21JST",2023_07
EURGBP,long,2023-02-14 11:25:00,2023-02-14 11:30:00,-244.9888641433904,-0.048997772828678,2,"欧州
15-21JST","EURGBP_欧州
15-21JST",2023_07
EURGBP,long,2023-02-14 11:30:00,2023-02-14 11:35:00,-2824.222936764173,-0.5648445873528347,2,"欧州
15-21JST","EURGBP_欧州
15-21JST",2023_07
EURGBP,long,2023-02-14 11:40:00,2023-02-14 11:45:00,-5000.00000000023,-1.000000000000046,1,"欧州
15-21JST","EURGBP_欧州
15-21JST",2023_07
EURGBP,long,2023-02-14 11:45:00,2023-02-14 11:50:00,-5000.000000000235,-1.0000000000000469,1,"欧州
15-21JST","EURGBP_欧州
15-21JST",2023_07
EURGBP,long,2023-02-14 11:50:00,2023-02-14 11:55:00,15119.7604790397,3.02395209580794,2,"欧州
15-21JST","EURGBP_欧州
15-21JST",2023_07
EURGBP,long,2023-02-14 11:55:00,2023-02-14 15:00:00,-5000.00000000021,-1.000000000000042,1,"欧州
15-21JST","EURGBP_欧州
15-21JST",2023_07
NZDUSD,long,2023-02-14 16:25:00,2023-02-14 16:30:00,-3501.8985157061907,-0.7003797031412381,4,"NY
21-03JST","NZDUSD_NY
21-03JST",2023_07
NZDUSD,long,2023-02-14 16:30:00,2023-02-14 16:35:00,7888.888888889131,1.577777777777826,25,"NY
21-03JST","NZDUSD_NY
21-03JST",2023_07
NZDUSD,long,2023-02-14 16:35:00,2023-02-14 16:40:00,8410.056657223986,1.682011331444797,24,"NY
21-03JST","NZDUSD_NY
21-03JST",2023_07
NZDUSD,long,2023-02-14 16:40:00,2023-02-14 16:45:00,8844.731977818767,1.7689463955637532,23,"NY
21-03JST","NZDUSD_NY
21-03JST",2023_07
NZDUSD,long,2023-02-14 16:45:00,2023-02-14 16:50:00,10456.989247312356,2.0913978494624708,22,"NY
21-03JST","NZDUSD_NY
21-03JST",2023_07
NZDUSD,long,2023-02-16 17:15:00,2023-02-16 17:20:00,7696.5750120598195,1.539315002411964,11,"NY
21-03JST","NZDUSD_NY
21-03JST",2023_07
NZDUSD,long,2023-02-16 17:20:00,2023-02-16 17:25:00,1869.009584664732,0.3738019169329463,10,"NY
21-03JST","NZDUSD_NY
21-03JST",2023_07
NZDUSD,long,2023-02-16 17:30:00,2023-02-16 17:35:00,2232.1428571429437,0.4464285714285886,8,"NY
21-03JST","NZDUSD_NY
21-03JST",2023_07
EURGBP,long,2023-02-17 11:10:00,2023-02-17 11:15:00,-4787.878787878627,-0.9575757575757254,2,"欧州
15-21JST","EURGBP_欧州
15-21JST",2023_07
EURGBP,long,2023-02-17 11:15:00,2023-02-17 11:20:00,-5000.000000000826,-1.0000000000001652,1,"欧州
15-21JST","EURGBP_欧州
15-21JST",2023_07
EURJPY,long,2023-02-17 12:35:00,2023-02-17 12:40:00,-4999.99999999948,-0.999999999999896,1,"NY
21-03JST","EURJPY_NY
21-03JST",2023_07
EURJPY,long,2023-02-17 12:40:00,2023-02-17 12:45:00,3761.568973117234,0.7523137946234468,3,"NY
21-03JST","EURJPY_NY
21-03JST",2023_07
EURJPY,long,2023-02-17 12:45:00,2023-02-17 12:50:00,2673.7967914475325,0.5347593582895065,2,"NY
21-03JST","EURJPY_NY
21-03JST",2023_07
EURJPY,long,2023-02-17 13:20:00,2023-02-17 13:25:00,-952.3809523821265,-0.1904761904764252,4,"NY
21-03JST","EURJPY_NY
21-03JST",2023_07
EURJPY,long,2023-02-17 13:35:00,2023-02-17 13:40:00,-634.5399040552251,-0.126907980811045,3,"NY
21-03JST","EURJPY_NY
21-03JST",2023_07
EURJPY,long,2023-02-17 13:45:00,2023-02-17 13:50:00,4411.247803163229,0.8822495606326458,5,"NY
21-03JST","EURJPY_NY
21-03JST",2023_07
NZDUSD,long,2023-02-21 01:30:00,2023-02-21 01:35:00,11058.506543495618,2.211701308699124,9,"東京
09-15JST","NZDUSD_東京
09-15JST",2023_08
NZDUSD,long,2023-02-21 04:30:00,2023-02-21 04:35:00,62.3441396510016,0.0124688279302003,5,"東京
09-15JST","NZDUSD_東京
09-15JST",2023_08
NZDUSD,long,2023-02-21 04:35:00,2023-02-21 04:40:00,95.78544061421874,0.0191570881228437,4,"東京
09-15JST","NZDUSD_東京
09-15JST",2023_08
NZDUSD,long,2023-02-21 13:45:00,2023-02-21 13:50:00,-2801.570306923554,-0.5603140613847108,2,"NY
21-03JST","NZDUSD_NY
21-03JST",2023_08
NZDUSD,long,2023-02-21 13:55:00,2023-02-21 14:00:00,3932.038834952579,0.7864077669905157,2,"NY
21-03JST","NZDUSD_NY
21-03JST",2023_08
NZDUSD,long,2023-02-21 14:45:00,2023-02-21 14:50:00,-1650.222002960206,-0.3300444005920412,2,"NY
21-03JST","NZDUSD_NY
21-03JST",2023_08
NZDUSD,long,2023-02-21 14:50:00,2023-02-21 14:55:00,-4999.999999999945,-0.9999999999999892,1,"NY
21-03JST","NZDUSD_NY
21-03JST",2023_08
AUDJPY,short,2023-02-22 01:25:00,2023-02-22 01:30:00,7293.485560779231,1.4586971121558463,14,"東京
09-15JST","AUDJPY_東京
09-15JST",2023_08
AUDJPY,short,2023-02-22 01:30:00,2023-02-22 01:35:00,4146.183699870521,0.8292367399741042,13,"東京
09-15JST","AUDJPY_東京
09-15JST",2023_08
AUDJPY,short,2023-02-22 01:35:00,2023-02-22 01:40:00,2418.5384372030967,0.4837076874406193,12,"東京
09-15JST","AUDJPY_東京
09-15JST",2023_08
AUDJPY,short,2023-02-22 01:40:00,2023-02-22 01:45:00,4257.347100873558,0.8514694201747116,10,"東京
09-15JST","AUDJPY_東京
09-15JST",2023_08
AUDJPY,short,2023-02-22 02:05:00,2023-02-22 02:10:00,187.47243052500104,0.0374944861050002,5,"東京
09-15JST","AUDJPY_東京
09-15JST",2023_08
NZDUSD,long,2023-02-22 05:00:00,2023-02-22 05:05:00,-2392.550143267521,-0.4785100286535043,2,"東京
09-15JST","NZDUSD_東京
09-15JST",2023_08
NZDUSD,long,2023-02-22 05:05:00,2023-02-22 05:10:00,-5000.000000000301,-1.0000000000000602,2,"東京
09-15JST","NZDUSD_東京
09-15JST",2023_08
NZDUSD,long,2023-02-22 05:10:00,2023-02-22 05:15:00,21712.095400338832,4.342419080067766,21,"東京
09-15JST","NZDUSD_東京
09-15JST",2023_08
EURAUD,long,2023-02-22 12:05:00,2023-02-22 12:10:00,-1855.468750000795,-0.3710937500001589,2,"NY
21-03JST","EURAUD_NY
21-03JST",2023_08
EURAUD,long,2023-02-22 12:15:00,2023-02-22 12:20:00,-4999.999999999784,-0.9999999999999568,1,"NY
21-03JST","EURAUD_NY
21-03JST",2023_08
EURAUD,long,2023-02-22 12:20:00,2023-02-22 12:25:00,-5000.000000000396,-1.000000000000079,1,"NY
21-03JST","EURAUD_NY
21-03JST",2023_08
EURAUD,long,2023-02-22 12:25:00,2023-02-22 12:30:00,-5000.000000000283,-1.0000000000000566,1,"NY
21-03JST","EURAUD_NY
21-03JST",2023_08
EURAUD,long,2023-02-22 12:30:00,2023-02-22 12:35:00,24987.689782518857,4.997537956503772,23,"NY
21-03JST","EURAUD_NY
21-03JST",2023_08
EURAUD,long,2023-02-22 12:35:00,2023-02-22 12:40:00,25164.47368420959,5.032894736841918,22,"NY
21-03JST","EURAUD_NY
21-03JST",2023_08
EURAUD,long,2023-02-22 12:40:00,2023-02-22 12:45:00,27106.3564603247,5.42127129206494,21,"NY
21-03JST","EURAUD_NY
21-03JST",2023_08
NZDUSD,long,2023-02-22 16:50:00,2023-02-22 16:55:00,5433.7539432173535,1.0867507886434706,6,"NY
21-03JST","NZDUSD_NY
21-03JST",2023_08
NZDUSD,long,2023-02-22 17:00:00,2023-02-22 17:05:00,7248.520710059353,1.4497041420118706,4,"NY
21-03JST","NZDUSD_NY
21-03JST",2023_08
EURAUD,long,2023-02-22 17:15:00,2023-02-22 17:20:00,-5000.000000000352,-1.0000000000000704,1,"NY
21-03JST","EURAUD_NY
21-03JST",2023_08
EURAUD,long,2023-02-22 17:20:00,2023-02-22 17:25:00,1559.0259396504096,0.3118051879300819,3,"NY
21-03JST","EURAUD_NY
21-03JST",2023_08
EURAUD,long,2023-02-22 17:25:00,2023-02-22 17:30:00,-745.8563535901944,-0.1491712707180388,2,"NY
21-03JST","EURAUD_NY
21-03JST",2023_08
EURAUD,long,2023-02-22 17:40:00,2023-02-22 17:45:00,-169.6832579189237,-0.0339366515837847,8,"NY
21-03JST","EURAUD_NY
21-03JST",2023_08
NZDUSD,long,2023-02-23 13:50:00,2023-02-23 13:55:00,10069.175428887624,2.013835085777525,7,"NY
21-03JST","NZDUSD_NY
21-03JST",2023_08
NZDUSD,long,2023-02-23 16:35:00,2023-02-23 16:40:00,-5000.000000000383,-1.0000000000000766,1,"NY
21-03JST","NZDUSD_NY
21-03JST",2023_08
NZDUSD,long,2023-02-23 16:40:00,2023-02-23 16:45:00,-1895.356895357692,-0.3790713790715383,5,"NY
21-03JST","NZDUSD_NY
21-03JST",2023_08
NZDUSD,long,2023-02-23 16:50:00,2023-02-23 16:55:00,-163.44725111498863,-0.0326894502229977,3,"NY
21-03JST","NZDUSD_NY
21-03JST",2023_08
NZDUSD,long,2023-02-23 17:05:00,2023-02-23 17:10:00,-1692.073170730802,-0.3384146341461604,10,"NY
21-03JST","NZDUSD_NY
21-03JST",2023_08
NZDUSD,long,2023-02-23 17:10:00,2023-02-23 17:15:00,565.0818394394164,0.1130163678878832,9,"NY
21-03JST","NZDUSD_NY
21-03JST",2023_08
NZDUSD,long,2023-02-23 17:15:00,2023-02-23 17:20:00,1713.114754097422,0.3426229508194844,4,"NY
21-03JST","NZDUSD_NY
21-03JST",2023_08
NZDUSD,long,2023-02-23 17:40:00,2023-02-23 17:45:00,-4121.863799285032,-0.8243727598570063,4,"NY
21-03JST","NZDUSD_NY
21-03JST",2023_08
NZDUSD,long,2023-02-23 17:45:00,2023-02-23 17:50:00,-2086.092715232357,-0.4172185430464715,3,"NY
21-03JST","NZDUSD_NY
21-03JST",2023_08
NZDUSD,long,2023-02-23 17:55:00,2023-02-23 18:00:00,-4315.960912053867,-0.8631921824107734,2,"NY
21-03JST","NZDUSD_NY
21-03JST",2023_08
AUDJPY,short,2023-02-24 00:50:00,2023-02-24 00:55:00,-4999.999999999777,-0.9999999999999556,1,"東京
09-15JST","AUDJPY_東京
09-15JST",2023_08
NZDUSD,long,2023-02-24 12:00:00,2023-02-24 12:05:00,-3642.8571428572886,-0.7285714285714577,2,"NY
21-03JST","NZDUSD_NY
21-03JST",2023_08
NZDUSD,long,2023-02-24 12:05:00,2023-02-24 12:10:00,-5000.000000000334,-1.0000000000000668,2,"NY
21-03JST","NZDUSD_NY
21-03JST",2023_08
NZDUSD,long,2023-02-24 12:10:00,2023-02-24 12:15:00,-5000.000000000333,-1.0000000000000666,1,"NY
21-03JST","NZDUSD_NY
21-03JST",2023_08
NZDUSD,long,2023-02-24 12:15:00,2023-02-24 12:20:00,-4999.999999999351,-0.99999999999987,1,"NY
21-03JST","NZDUSD_NY
21-03JST",2023_08
NZDUSD,long,2023-02-24 12:20:00,2023-02-24 12:25:00,5652.173913043387,1.1304347826086774,2,"NY
21-03JST","NZDUSD_NY
21-03JST",2023_08
NZDUSD,long,2023-02-24 12:35:00,2023-02-24 12:40:00,-810.7167710513467,-0.1621433542102693,2,"NY
21-03JST","NZDUSD_NY
21-03JST",2023_08
NZDUSD,long,2023-02-24 12:50:00,2023-02-24 12:55:00,465.0373387644679,0.0930074677528935,4,"NY
21-03JST","NZDUSD_NY
21-03JST",2023_08
NZDUSD,long,2023-02-24 12:55:00,2023-02-24 13:00:00,1402.4390243902872,0.2804878048780574,3,"NY
21-03JST","NZDUSD_NY
21-03JST",2023_08
NZDUSD,long,2023-02-24 13:00:00,2023-02-24 13:05:00,2223.701731025228,0.4447403462050455,2,"NY
21-03JST","NZDUSD_NY
21-03JST",2023_08
NZDUSD,long,2023-02-24 13:15:00,2023-02-24 13:20:00,-2156.9230769222227,-0.4313846153844445,2,"NY
21-03JST","NZDUSD_NY
21-03JST",2023_08
NZDUSD,long,2023-02-24 13:30:00,2023-02-24 13:35:00,-5000.0,-1.0,1,"NY
21-03JST","NZDUSD_NY
21-03JST",2023_08
NZDUSD,long,2023-02-24 14:40:00,2023-02-24 14:45:00,2532.518722900621,0.5065037445801241,3,"NY
21-03JST","NZDUSD_NY
21-03JST",2023_08
NZDUSD,long,2023-02-24 14:45:00,2023-02-24 14:50:00,2492.7953890493554,0.4985590778098711,2,"NY
21-03JST","NZDUSD_NY
21-03JST",2023_08
NZDUSD,long,2023-02-24 15:10:00,2023-02-24 15:15:00,-1696.8147856860755,-0.3393629571372151,7,"NY
21-03JST","NZDUSD_NY
21-03JST",2023_08
NZDUSD,long,2023-02-24 15:15:00,2023-02-24 15:20:00,-523.5811350915536,-0.1047162270183107,6,"NY
21-03JST","NZDUSD_NY
21-03JST",2023_08
NZDUSD,long,2023-02-24 15:50:00,2023-02-24 15:55:00,4617.768595041639,0.9235537190083278,9,"NY
21-03JST","NZDUSD_NY
21-03JST",2023_08
AUDNZD,long,2023-02-24 18:25:00,2023-02-24 18:30:00,-4922.308546061161,-0.9844617092122322,2,"深夜
03-09JST","AUDNZD_深夜
03-09JST",2023_08
AUDNZD,long,2023-02-24 18:30:00,2023-02-24 18:35:00,-4999.9999999987085,-0.9999999999997417,1,"深夜
03-09JST","AUDNZD_深夜
03-09JST",2023_08
AUDNZD,long,2023-02-24 18:35:00,2023-02-24 18:40:00,-2203.1963470324604,-0.440639269406492,2,"深夜
03-09JST","AUDNZD_深夜
03-09JST",2023_08
AUDNZD,long,2023-02-24 18:40:00,2023-02-24 18:45:00,-5000.000000000783,-1.0000000000001563,1,"深夜
03-09JST","AUDNZD_深夜
03-09JST",2023_08
AUDNZD,long,2023-02-24 18:45:00,2023-02-24 18:50:00,0.0,0.0,2,"深夜
03-09JST","AUDNZD_深夜
03-09JST",2023_08
AUDNZD,long,2023-02-24 19:00:00,2023-02-24 19:05:00,2705.677867902691,0.5411355735805382,7,"深夜
03-09JST","AUDNZD_深夜
03-09JST",2023_08
AUDNZD,long,2023-02-24 19:20:00,2023-02-24 19:25:00,-779.8165137643782,-0.1559633027528756,3,"深夜
03-09JST","AUDNZD_深夜
03-09JST",2023_08
AUDJPY,short,2023-02-27 03:05:00,2023-02-27 03:10:00,-5000.000000000437,-1.0000000000000873,1,"東京
09-15JST","AUDJPY_東京
09-15JST",2023_09
NZDUSD,long,2023-02-27 03:30:00,2023-02-27 03:35:00,-5000.000000000529,-1.000000000000106,1,"東京
09-15JST","NZDUSD_東京
09-15JST",2023_09
AUDJPY,short,2023-02-27 03:45:00,2023-02-27 03:50:00,-3327.803583277538,-0.6655607166555076,3,"東京
09-15JST","AUDJPY_東京
09-15JST",2023_09
AUDJPY,short,2023-02-27 03:50:00,2023-02-27 03:55:00,-4999.999999999489,-0.9999999999998976,3,"東京
09-15JST","AUDJPY_東京
09-15JST",2023_09
AUDJPY,short,2023-02-27 04:25:00,2023-02-27 04:30:00,-5000.000000000223,-1.0000000000000446,1,"東京
09-15JST","AUDJPY_東京
09-15JST",2023_09
EURGBP,long,2023-02-27 13:35:00,2023-02-27 13:40:00,-5000.00000000056,-1.000000000000112,1,"NY
21-03JST","EURGBP_NY
21-03JST",2023_09
EURGBP,long,2023-02-27 13:45:00,2023-02-27 13:50:00,7531.280076998177,1.5062560153996354,3,"NY
21-03JST","EURGBP_NY
21-03JST",2023_09
EURGBP,long,2023-02-27 14:15:00,2023-02-27 14:20:00,4040.5904059053937,0.8081180811810788,2,"NY
21-03JST","EURGBP_NY
21-03JST",2023_09
EURGBP,long,2023-02-27 14:25:00,2023-02-27 14:30:00,5291.044776119665,1.0582089552239329,8,"NY
21-03JST","EURGBP_NY
21-03JST",2023_09
EURGBP,long,2023-02-27 15:15:00,2023-02-27 15:20:00,11815.960912053695,2.36319218241074,7,"NY
21-03JST","EURGBP_NY
21-03JST",2023_09
EURGBP,long,2023-02-27 17:45:00,2023-02-27 17:50:00,-5000.000000000924,-1.0000000000001847,1,"NY
21-03JST","EURGBP_NY
21-03JST",2023_09
EURGBP,long,2023-02-27 17:50:00,2023-02-27 17:55:00,6436.100131752524,1.287220026350505,5,"NY
21-03JST","EURGBP_NY
21-03JST",2023_09
EURGBP,long,2023-02-27 17:55:00,2023-02-27 18:00:00,8277.419354838721,1.6554838709677442,4,"NY
21-03JST","EURGBP_NY
21-03JST",2023_09
EURGBP,long,2023-02-28 12:20:00,2023-02-28 12:25:00,-2927.6315789484133,-0.5855263157896826,2,"NY
21-03JST","EURGBP_NY
21-03JST",2023_09
EURGBP,long,2023-02-28 13:20:00,2023-02-28 13:25:00,-1439.3939393949024,-0.2878787878789804,3,"NY
21-03JST","EURGBP_NY
21-03JST",2023_09
EURGBP,long,2023-02-28 13:30:00,2023-02-28 13:35:00,-426.3565891466225,-0.0852713178293245,3,"NY
21-03JST","EURGBP_NY
21-03JST",2023_09
EURGBP,long,2023-02-28 15:50:00,2023-02-28 15:55:00,911.330049262604,0.1822660098525208,2,"NY
21-03JST","EURGBP_NY
21-03JST",2023_09
EURGBP,long,2023-02-28 16:05:00,2023-02-28 16:10:00,-2021.2765957458491,-0.4042553191491698,3,"NY
21-03JST","EURGBP_NY
21-03JST",2023_09
EURGBP,long,2023-02-28 16:10:00,2023-02-28 16:15:00,10717.158176941784,2.1434316353883567,16,"NY
21-03JST","EURGBP_NY
21-03JST",2023_09
EURGBP,long,2023-02-28 16:20:00,2023-02-28 16:25:00,11217.725052336362,2.2435450104672725,14,"NY
21-03JST","EURGBP_NY
21-03JST",2023_09
EURGBP,long,2023-02-28 16:25:00,2023-02-28 16:30:00,11453.201970442147,2.2906403940884297,13,"NY
21-03JST","EURGBP_NY
21-03JST",2023_09
EURAUD,long,2023-02-28 17:00:00,2023-02-28 17:05:00,-4201.303993479296,-0.8402607986958592,6,"NY
21-03JST","EURAUD_NY
21-03JST",2023_09
EURAUD,long,2023-02-28 17:05:00,2023-02-28 17:10:00,-4999.999999999695,-0.999999999999939,5,"NY
21-03JST","EURAUD_NY
21-03JST",2023_09
EURAUD,long,2023-02-28 17:10:00,2023-02-28 17:15:00,-2078.651685394465,-0.415730337078893,4,"NY
21-03JST","EURAUD_NY
21-03JST",2023_09
EURAUD,long,2023-02-28 17:15:00,2023-02-28 17:20:00,-1204.337899541177,-0.2408675799082354,3,"NY
21-03JST","EURAUD_NY
21-03JST",2023_09
EURAUD,long,2023-02-28 17:25:00,2023-02-28 17:30:00,-1471.6863721201776,-0.2943372744240355,2,"NY
21-03JST","EURAUD_NY
21-03JST",2023_09
EURAUD,long,2023-02-28 17:35:00,2023-02-28 17:40:00,-1697.3039215705062,-0.3394607843141012,2,"NY
21-03JST","EURAUD_NY
21-03JST",2023_09
NZDUSD,long,2023-03-01 00:40:00,2023-03-01 00:45:00,21840.684068404968,4.3681368136809935,10,"東京
09-15JST","NZDUSD_東京
09-15JST",2023_09
NZDUSD,long,2023-03-01 00:55:00,2023-03-01 01:00:00,18514.21188630216,3.702842377260432,7,"東京
09-15JST","NZDUSD_東京
09-15JST",2023_09
AUDJPY,short,2023-03-01 11:20:00,2023-03-01 11:25:00,-5000.0,-1.0,1,"欧州
15-21JST","AUDJPY_欧州
15-21JST",2023_09
AUDJPY,short,2023-03-01 11:25:00,2023-03-01 11:30:00,-4999.999999999707,-0.9999999999999414,1,"欧州
15-21JST","AUDJPY_欧州
15-21JST",2023_09
AUDJPY,short,2023-03-01 11:55:00,2023-03-01 12:00:00,-3997.014925373035,-0.799402985074607,3,"欧州
15-21JST","AUDJPY_欧州
15-21JST",2023_09
EURGBP,long,2023-03-01 12:45:00,2023-03-01 12:50:00,5349.650349651315,1.069930069930263,5,"NY
21-03JST","EURGBP_NY
21-03JST",2023_09
EURGBP,long,2023-03-01 16:55:00,2023-03-01 17:00:00,-5000.00000000008,-1.000000000000016,1,"NY
21-03JST","EURGBP_NY
21-03JST",2023_09
EURGBP,long,2023-03-01 17:00:00,2023-03-01 17:05:00,4220.287660861975,0.8440575321723951,4,"NY
21-03JST","EURGBP_NY
21-03JST",2023_09
EURGBP,long,2023-03-01 17:05:00,2023-03-01 17:10:00,-78.53403141412774,-0.0157068062828255,3,"NY
21-03JST","EURGBP_NY
21-03JST",2023_09
EURAUD,long,2023-03-01 17:10:00,2023-03-01 17:15:00,-2168.913560665868,-0.4337827121331736,5,"NY
21-03JST","EURAUD_NY
21-03JST",2023_09
EURAUD,long,2023-03-01 17:25:00,2023-03-01 17:30:00,-2682.9268292696893,-0.5365853658539379,2,"NY
21-03JST","EURAUD_NY
21-03JST",2023_09
EURGBP,long,2023-03-01 17:40:00,2023-03-01 17:45:00,2099.5260663490008,0.4199052132698001,3,"NY
21-03JST","EURGBP_NY
21-03JST",2023_09
EURGBP,long,2023-03-01 17:45:00,2023-03-01 17:50:00,2761.658031087135,0.552331606217427,2,"NY
21-03JST","EURGBP_NY
21-03JST",2023_09
NZDUSD,long,2023-03-02 01:05:00,2023-03-02 01:10:00,-2371.5415019752195,-0.4743083003950439,4,"東京
09-15JST","NZDUSD_東京
09-15JST",2023_09
NZDUSD,long,2023-03-02 01:30:00,2023-03-02 01:35:00,-5000.000000000428,-1.0000000000000857,1,"東京
09-15JST","NZDUSD_東京
09-15JST",2023_09
NZDUSD,long,2023-03-02 01:35:00,2023-03-02 01:40:00,9046.43449419463,1.809286898838926,5,"東京
09-15JST","NZDUSD_東京
09-15JST",2023_09
NZDUSD,long,2023-03-02 01:40:00,2023-03-02 01:45:00,10291.798107254792,2.0583596214509585,4,"東京
09-15JST","NZDUSD_東京
09-15JST",2023_09
NZDUSD,long,2023-03-02 02:35:00,2023-03-02 02:40:00,-321.45130490132925,-0.0642902609802658,5,"東京
09-15JST","NZDUSD_東京
09-15JST",2023_09
NZDUSD,long,2023-03-02 02:40:00,2023-03-02 02:45:00,1118.72146118749,0.223744292237498,4,"東京
09-15JST","NZDUSD_東京
09-15JST",2023_09
NZDUSD,long,2023-03-02 02:45:00,2023-03-02 02:50:00,616.3384390954027,0.1232676878190805,2,"東京
09-15JST","NZDUSD_東京
09-15JST",2023_09
EURGBP,long,2023-03-02 12:00:00,2023-03-02 12:05:00,524.2390078909002,0.10484780157818,2,"NY
21-03JST","EURGBP_NY
21-03JST",2023_09
EURGBP,long,2023-03-02 12:05:00,2023-03-02 12:10:00,14551.724137931078,2.910344827586216,6,"NY
21-03JST","EURGBP_NY
21-03JST",2023_09
EURAUD,long,2023-03-02 15:30:00,2023-03-02 15:35:00,7382.892057026452,1.4765784114052904,6,"NY
21-03JST","EURAUD_NY
21-03JST",2023_09
AUDNZD,long,2023-03-06 01:00:00,2023-03-06 01:05:00,-185.18518518147795,-0.0370370370362955,2,"東京
09-15JST","AUDNZD_東京
09-15JST",2023_10
EURGBP,long,2023-03-06 13:50:00,2023-03-06 13:55:00,4075.451647182449,0.8150903294364898,2,"NY
21-03JST","EURGBP_NY
21-03JST",2023_10
AUDNZD,long,2023-03-07 03:30:00,2023-03-07 03:35:00,-5000.000000000158,-1.0000000000000318,1,"東京
09-15JST","AUDNZD_東京
09-15JST",2023_10
AUDNZD,long,2023-03-07 03:40:00,2023-03-07 03:45:00,-5000.000000000271,-1.0000000000000542,1,"東京
09-15JST","AUDNZD_東京
09-15JST",2023_10
AUDNZD,long,2023-03-07 04:15:00,2023-03-07 04:20:00,2702.578268876821,0.5405156537753641,8,"東京
09-15JST","AUDNZD_東京
09-15JST",2023_10
AUDNZD,long,2023-03-07 04:20:00,2023-03-07 04:25:00,1576.7441860480192,0.3153488372096038,7,"東京
09-15JST","AUDNZD_東京
09-15JST",2023_10
AUDNZD,long,2023-03-07 04:55:00,2023-03-07 17:00:00,-5000.000000001102,-1.0000000000002205,1,"東京
09-15JST","AUDNZD_東京
09-15JST",2023_10
NZDUSD,long,2023-03-08 03:45:00,2023-03-08 03:50:00,-5000.000000000475,-1.000000000000095,1,"東京
09-15JST","NZDUSD_東京
09-15JST",2023_10
USDJPY,short,2023-03-09 00:05:00,2023-03-09 00:10:00,4685.534591194914,0.9371069182389828,2,"東京
09-15JST","USDJPY_東京
09-15JST",2023_10
USDJPY,short,2023-03-09 00:15:00,2023-03-09 00:20:00,725.490196079145,0.145098039215829,2,"東京
09-15JST","USDJPY_東京
09-15JST",2023_10
USDJPY,short,2023-03-09 00:20:00,2023-03-09 00:25:00,4526.847421583631,0.9053694843167264,3,"東京
09-15JST","USDJPY_東京
09-15JST",2023_10
USDJPY,short,2023-03-09 00:25:00,2023-03-09 00:30:00,5242.065626682942,1.0484131253365885,2,"東京
09-15JST","USDJPY_東京
09-15JST",2023_10
USDJPY,short,2023-03-09 00:30:00,2023-03-09 00:35:00,-5000.00000000086,-1.000000000000172,2,"東京
09-15JST","USDJPY_東京
09-15JST",2023_10
USDJPY,short,2023-03-09 00:50:00,2023-03-09 00:55:00,-1579.6124684048991,-0.3159224936809798,2,"東京
09-15JST","USDJPY_東京
09-15JST",2023_10
NZDUSD,long,2023-03-09 01:45:00,2023-03-09 01:50:00,4850.560398507931,0.970112079701586,2,"東京
09-15JST","NZDUSD_東京
09-15JST",2023_10
USDJPY,short,2023-03-09 05:05:00,2023-03-09 05:10:00,102.80373832117589,0.0205607476642351,2,"東京
09-15JST","USDJPY_東京
09-15JST",2023_10
EURGBP,long,2023-03-09 13:40:00,2023-03-09 13:45:00,-5000.000000000625,-1.000000000000125,2,"NY
21-03JST","EURGBP_NY
21-03JST",2023_10
EURGBP,long,2023-03-09 13:50:00,2023-03-09 14:00:00,-4191.530317613358,-0.8383060635226717,2,"NY
21-03JST","EURGBP_NY
21-03JST",2023_10
EURGBP,long,2023-03-09 14:00:00,2023-03-09 14:05:00,-4604.891815615261,-0.9209783631230524,5,"NY
21-03JST","EURGBP_NY
21-03JST",2023_10
EURGBP,long,2023-03-09 14:05:00,2023-03-09 14:10:00,-4487.179487177645,-0.897435897435529,4,"NY
21-03JST","EURGBP_NY
21-03JST",2023_10
EURGBP,long,2023-03-09 14:10:00,2023-03-09 14:15:00,-2826.4840182647545,-0.5652968036529509,5,"NY
21-03JST","EURGBP_NY
21-03JST",2023_10
EURGBP,long,2023-03-09 14:20:00,2023-03-09 14:25:00,-1730.7692307705993,-0.3461538461541198,3,"NY
21-03JST","EURGBP_NY
21-03JST",2023_10
EURGBP,long,2023-03-09 14:30:00,2023-03-09 14:35:00,-2871.198568872996,-0.5742397137745991,5,"NY
21-03JST","EURGBP_NY
21-03JST",2023_10
EURGBP,long,2023-03-09 14:40:00,2023-03-09 14:45:00,9.671179883364951,0.0019342359766729,3,"NY
21-03JST","EURGBP_NY
21-03JST",2023_10
EURGBP,long,2023-03-09 14:45:00,2023-03-09 14:50:00,0.0,0.0,2,"NY
21-03JST","EURGBP_NY
21-03JST",2023_10
EURGBP,long,2023-03-09 15:00:00,2023-03-09 15:05:00,-5000.000000000652,-1.0000000000001303,1,"NY
21-03JST","EURGBP_NY
21-03JST",2023_10
EURGBP,long,2023-03-09 15:05:00,2023-03-09 15:10:00,-5000.000000000773,-1.0000000000001543,1,"NY
21-03JST","EURGBP_NY
21-03JST",2023_10
EURGBP,long,2023-03-09 15:10:00,2023-03-09 15:15:00,-2374.0621650588364,-0.4748124330117673,3,"NY
21-03JST","EURGBP_NY
21-03JST",2023_10
EURGBP,long,2023-03-09 15:30:00,2023-03-09 15:35:00,2168.67469879441,0.4337349397588819,3,"NY
21-03JST","EURGBP_NY
21-03JST",2023_10
AUDNZD,long,2023-03-10 00:15:00,2023-03-10 00:20:00,-5000.000000001138,-1.0000000000002276,1,"東京
09-15JST","AUDNZD_東京
09-15JST",2023_10
AUDNZD,long,2023-03-10 00:20:00,2023-03-10 00:25:00,4276.466108148613,0.8552932216297225,6,"東京
09-15JST","AUDNZD_東京
09-15JST",2023_10
AUDNZD,long,2023-03-10 00:25:00,2023-03-10 00:30:00,4468.879668051488,0.8937759336102976,5,"東京
09-15JST","AUDNZD_東京
09-15JST",2023_10
USDJPY,short,2023-03-10 01:50:00,2023-03-10 01:55:00,-4999.999999999751,-0.9999999999999502,1,"東京
09-15JST","USDJPY_東京
09-15JST",2023_10
AUDNZD,long,2023-03-10 01:55:00,2023-03-10 02:00:00,-4999.999999998757,-0.9999999999997512,3,"東京
09-15JST","AUDNZD_東京
09-15JST",2023_10
AUDNZD,long,2023-03-10 02:00:00,2023-03-10 02:05:00,-3752.345215761584,-0.7504690431523168,2,"東京
09-15JST","AUDNZD_東京
09-15JST",2023_10
AUDNZD,long,2023-03-10 02:05:00,2023-03-10 02:10:00,-5000.000000000701,-1.0000000000001403,1,"東京
09-15JST","AUDNZD_東京
09-15JST",2023_10
AUDNZD,long,2023-03-10 02:10:00,2023-03-10 02:15:00,-4999.999999999243,-0.9999999999998488,1,"東京
09-15JST","AUDNZD_東京
09-15JST",2023_10
AUDNZD,long,2023-03-10 02:15:00,2023-03-10 02:20:00,-2357.065803669336,-0.4714131607338672,2,"東京
09-15JST","AUDNZD_東京
09-15JST",2023_10
AUDNZD,long,2023-03-10 02:25:00,2023-03-10 02:30:00,1831.05981112601,0.3662119622252019,3,"東京
09-15JST","AUDNZD_東京
09-15JST",2023_10
AUDNZD,long,2023-03-10 02:30:00,2023-03-10 02:35:00,-2149.6212121230283,-0.4299242424246056,2,"東京
09-15JST","AUDNZD_東京
09-15JST",2023_10
AUDNZD,long,2023-03-10 02:45:00,2023-03-10 02:50:00,-1295.9641255600416,-0.2591928251120083,2,"東京
09-15JST","AUDNZD_東京
09-15JST",2023_10
AUDNZD,long,2023-03-10 02:55:00,2023-03-10 03:00:00,4390.997352162725,0.8781994704325451,4,"東京
09-15JST","AUDNZD_東京
09-15JST",2023_10
EURGBP,long,2023-03-10 12:40:00,2023-03-10 12:45:00,188.74399451019195,0.0377487989020383,4,"NY
21-03JST","EURGBP_NY
21-03JST",2023_10
EURGBP,long,2023-03-10 12:50:00,2023-03-10 12:55:00,2373.6654804288646,0.4747330960857729,2,"NY
21-03JST","EURGBP_NY
21-03JST",2023_10
EURGBP,long,2023-03-10 13:05:00,2023-03-10 13:10:00,1887.648290298903,0.3775296580597806,4,"NY
21-03JST","EURGBP_NY
21-03JST",2023_10
EURGBP,long,2023-03-10 13:10:00,2023-03-10 13:15:00,4121.670266377757,0.8243340532755514,3,"NY
21-03JST","EURGBP_NY
21-03JST",2023_10
EURAUD,long,2023-03-10 13:30:00,2023-03-10 13:35:00,2889.793362554011,0.5779586725108021,2,"NY
21-03JST","EURAUD_NY
21-03JST",2023_10
EURGBP,long,2023-03-10 13:30:00,2023-03-10 13:35:00,7629.969418959668,1.5259938837919338,2,"NY
21-03JST","EURGBP_NY
21-03JST",2023_10
EURGBP,long,2023-03-10 14:55:00,2023-03-10 15:00:00,-5000.000000000271,-1.0000000000000542,1,"NY
21-03JST","EURGBP_NY
21-03JST",2023_10
EURGBP,long,2023-03-10 15:00:00,2023-03-10 15:05:00,9140.9691629946,1.82819383259892,7,"NY
21-03JST","EURGBP_NY
21-03JST",2023_10
EURGBP,long,2023-03-10 15:05:00,2023-03-10 15:10:00,8609.85093972678,1.7219701879453562,6,"NY
21-03JST","EURGBP_NY
21-03JST",2023_10
EURAUD,long,2023-03-12 22:20:00,2023-03-12 22:25:00,-4999.999999999761,-0.999999999999952,1,"深夜
03-09JST","EURAUD_深夜
03-09JST",2023_10
EURAUD,long,2023-03-12 22:30:00,2023-03-12 22:35:00,-172.41379310363368,-0.0344827586207267,2,"深夜
03-09JST","EURAUD_深夜
03-09JST",2023_10
EURAUD,long,2023-03-12 22:40:00,2023-03-12 22:45:00,860.979462875204,0.1721958925750408,2,"深夜
03-09JST","EURAUD_深夜
03-09JST",2023_10
EURAUD,long,2023-03-12 22:55:00,2023-03-12 23:00:00,-4351.851851851982,-0.8703703703703964,3,"深夜
03-09JST","EURAUD_深夜
03-09JST",2023_10
EURAUD,long,2023-03-12 23:00:00,2023-03-12 23:05:00,-3952.409458245735,-0.790481891649147,3,"深夜
03-09JST","EURAUD_深夜
03-09JST",2023_10
EURAUD,long,2023-03-12 23:05:00,2023-03-12 23:10:00,-4817.576371797427,-0.9635152743594854,3,"深夜
03-09JST","EURAUD_深夜
03-09JST",2023_10
EURAUD,long,2023-03-12 23:15:00,2023-03-12 23:20:00,8383.180575655935,1.676636115131187,27,"深夜
03-09JST","EURAUD_深夜
03-09JST",2023_10
EURAUD,long,2023-03-12 23:20:00,2023-03-12 23:25:00,10838.020247469192,2.1676040494938387,26,"深夜
03-09JST","EURAUD_深夜
03-09JST",2023_10
EURAUD,long,2023-03-12 23:25:00,2023-03-12 23:30:00,-2430.5555555555384,-0.4861111111111076,7,"深夜
03-09JST","EURAUD_深夜
03-09JST",2023_10
EURAUD,long,2023-03-12 23:45:00,2023-03-12 23:50:00,-173.54596622941048,-0.0347091932458821,3,"深夜
03-09JST","EURAUD_深夜
03-09JST",2023_10
EURAUD,long,2023-03-12 23:50:00,2023-03-12 23:55:00,-2181.3241106726914,-0.4362648221345382,2,"深夜
03-09JST","EURAUD_深夜
03-09JST",2023_10
NZDUSD,long,2023-03-13 01:10:00,2023-03-13 01:15:00,-5000.000000000219,-1.0000000000000435,1,"東京
09-15JST","NZDUSD_東京
09-15JST",2023_11
NZDUSD,long,2023-03-13 01:20:00,2023-03-13 01:25:00,825.3094910587763,0.1650618982117552,2,"東京
09-15JST","NZDUSD_東京
09-15JST",2023_11
NZDUSD,long,2023-03-13 01:35:00,2023-03-13 01:40:00,-1149.7680583162862,-0.2299536116632572,2,"東京
09-15JST","NZDUSD_東京
09-15JST",2023_11
NZDUSD,long,2023-03-13 01:50:00,2023-03-13 01:55:00,41019.41747573137,8.203883495146274,8,"東京
09-15JST","NZDUSD_東京
09-15JST",2023_11
NZDUSD,long,2023-03-13 01:55:00,2023-03-13 02:00:00,38785.42510121602,7.757085020243204,7,"東京
09-15JST","NZDUSD_東京
09-15JST",2023_11
AUDJPY,short,2023-03-13 02:10:00,2023-03-13 02:15:00,-4999.999999999684,-0.9999999999999368,1,"東京
09-15JST","AUDJPY_東京
09-15JST",2023_11
USDJPY,short,2023-03-13 02:25:00,2023-03-13 02:30:00,10034.74415666482,2.006948831332964,2,"東京
09-15JST","USDJPY_東京
09-15JST",2023_11
USDJPY,short,2023-03-13 02:30:00,2023-03-13 02:35:00,-5000.0000000004975,-1.0000000000000997,1,"東京
09-15JST","USDJPY_東京
09-15JST",2023_11
EURAUD,long,2023-03-13 12:00:00,2023-03-13 12:05:00,-2166.6252793643757,-0.433325055872875,2,"NY
21-03JST","EURAUD_NY
21-03JST",2023_11
EURAUD,long,2023-03-13 12:15:00,2023-03-13 12:20:00,-4999.999999999611,-0.9999999999999222,1,"NY
21-03JST","EURAUD_NY
21-03JST",2023_11
EURGBP,long,2023-03-13 12:20:00,2023-03-13 12:25:00,5159.7222222221135,1.0319444444444228,2,"NY
21-03JST","EURGBP_NY
21-03JST",2023_11
EURAUD,long,2023-03-13 12:20:00,2023-03-13 12:25:00,17346.966785614888,3.4693933571229776,6,"NY
21-03JST","EURAUD_NY
21-03JST",2023_11
EURGBP,long,2023-03-13 12:45:00,2023-03-13 12:50:00,4664.466446645025,0.932893289329005,4,"NY
21-03JST","EURGBP_NY
21-03JST",2023_11
EURGBP,long,2023-03-13 13:15:00,2023-03-13 13:20:00,6272.141706924236,1.2544283413848472,8,"NY
21-03JST","EURGBP_NY
21-03JST",2023_11
EURAUD,long,2023-03-13 15:05:00,2023-03-13 15:10:00,-4999.999999999951,-0.9999999999999902,1,"NY
21-03JST","EURAUD_NY
21-03JST",2023_11
EURGBP,long,2023-03-13 15:05:00,2023-03-13 15:10:00,-4999.999999999711,-0.9999999999999422,1,"NY
21-03JST","EURGBP_NY
21-03JST",2023_11
EURAUD,long,2023-03-13 15:10:00,2023-03-13 15:15:00,-4999.9999999996935,-0.9999999999999388,1,"NY
21-03JST","EURAUD_NY
21-03JST",2023_11
EURGBP,long,2023-03-13 15:10:00,2023-03-13 15:15:00,-4003.236245954253,-0.8006472491908505,3,"NY
21-03JST","EURGBP_NY
21-03JST",2023_11
EURAUD,long,2023-03-13 15:15:00,2023-03-13 15:20:00,-5000.000000000364,-1.0000000000000728,1,"NY
21-03JST","EURAUD_NY
21-03JST",2023_11
EURGBP,long,2023-03-13 15:15:00,2023-03-13 15:20:00,-2063.243581715881,-0.4126487163431762,2,"NY
21-03JST","EURGBP_NY
21-03JST",2023_11
EURAUD,long,2023-03-13 15:20:00,2023-03-13 15:25:00,41948.33413809801,8.389666827619603,22,"NY
21-03JST","EURAUD_NY
21-03JST",2023_11
EURAUD,long,2023-03-13 15:25:00,2023-03-13 15:30:00,39589.84844839989,7.917969689679978,21,"NY
21-03JST","EURAUD_NY
21-03JST",2023_11
EURGBP,long,2023-03-13 15:30:00,2023-03-13 15:35:00,12261.580381470403,2.452316076294081,6,"NY
21-03JST","EURGBP_NY
21-03JST",2023_11
EURGBP,long,2023-03-13 15:50:00,2023-03-13 15:55:00,-508.0213903739312,-0.1016042780747862,2,"NY
21-03JST","EURGBP_NY
21-03JST",2023_11
EURGBP,long,2023-03-13 16:05:00,2023-03-13 16:10:00,5082.487309642882,1.0164974619285765,14,"NY
21-03JST","EURGBP_NY
21-03JST",2023_11
EURAUD,long,2023-03-13 18:50:00,2023-03-13 18:55:00,384.6153846146089,0.0769230769229217,3,"深夜
03-09JST","EURAUD_深夜
03-09JST",2023_11
EURAUD,long,2023-03-13 18:55:00,2023-03-13 19:00:00,-1035.9550561800706,-0.2071910112360141,2,"深夜
03-09JST","EURAUD_深夜
03-09JST",2023_11
EURAUD,long,2023-03-13 19:00:00,2023-03-13 19:05:00,-5000.000000000294,-1.0000000000000588,1,"深夜
03-09JST","EURAUD_深夜
03-09JST",2023_11
EURAUD,long,2023-03-13 19:10:00,2023-03-13 19:15:00,4144.542772861725,0.828908554572345,5,"深夜
03-09JST","EURAUD_深夜
03-09JST",2023_11
AUDJPY,short,2023-03-14 00:00:00,2023-03-14 00:05:00,-4999.999999999704,-0.9999999999999408,1,"東京
09-15JST","AUDJPY_東京
09-15JST",2023_11
EURAUD,long,2023-03-14 12:30:00,2023-03-14 12:35:00,-2858.136300417459,-0.5716272600834919,2,"NY
21-03JST","EURAUD_NY
21-03JST",2023_11
EURGBP,long,2023-03-14 12:35:00,2023-03-14 12:40:00,-4999.99999999983,-0.999999999999966,1,"NY
21-03JST","EURGBP_NY
21-03JST",2023_11
EURAUD,long,2023-03-14 12:40:00,2023-03-14 12:45:00,-4347.6376246203845,-0.8695275249240769,2,"NY
21-03JST","EURAUD_NY
21-03JST",2023_11
EURAUD,long,2023-03-14 12:45:00,2023-03-14 12:50:00,-5000.0,-1.0,1,"NY
21-03JST","EURAUD_NY
21-03JST",2023_11
EURAUD,long,2023-03-14 12:50:00,2023-03-14 12:55:00,-5000.000000000137,-1.0000000000000275,1,"NY
21-03JST","EURAUD_NY
21-03JST",2023_11
EURGBP,long,2023-03-14 12:55:00,2023-03-14 13:00:00,-3196.524865189969,-0.6393049730379938,6,"NY
21-03JST","EURGBP_NY
21-03JST",2023_11
EURAUD,long,2023-03-14 13:00:00,2023-03-14 13:05:00,-1493.908334943995,-0.298781666988799,2,"NY
21-03JST","EURAUD_NY
21-03JST",2023_11
EURGBP,long,2023-03-14 13:00:00,2023-03-14 13:05:00,-2500.0000000005957,-0.500000000000119,5,"NY
21-03JST","EURGBP_NY
21-03JST",2023_11
EURAUD,long,2023-03-14 13:25:00,2023-03-14 13:30:00,-3373.008434864491,-0.6746016869728982,2,"NY
21-03JST","EURAUD_NY
21-03JST",2023_11
EURGBP,long,2023-03-14 13:25:00,2023-03-14 13:30:00,-2632.2263222637444,-0.5264452644527489,2,"NY
21-03JST","EURGBP_NY
21-03JST",2023_11
EURGBP,long,2023-03-14 13:30:00,2023-03-14 13:35:00,-4999.999999999733,-0.9999999999999464,1,"NY
21-03JST","EURGBP_NY
21-03JST",2023_11
EURAUD,long,2023-03-14 13:35:00,2023-03-14 13:40:00,4281.905439032607,0.8563810878065214,19,"NY
21-03JST","EURAUD_NY
21-03JST",2023_11
EURGBP,long,2023-03-14 13:35:00,2023-03-14 13:40:00,10357.967667436138,2.071593533487228,14,"NY
21-03JST","EURGBP_NY
21-03JST",2023_11
EURAUD,long,2023-03-14 13:40:00,2023-03-14 13:45:00,-3203.7464716445543,-0.6407492943289108,3,"NY
21-03JST","EURAUD_NY
21-03JST",2023_11
EURAUD,long,2023-03-14 13:45:00,2023-03-14 13:50:00,-1567.3940949934606,-0.3134788189986921,2,"NY
21-03JST","EURAUD_NY
21-03JST",2023_11
EURAUD,long,2023-03-14 13:50:00,2023-03-14 13:55:00,8573.92943711311,1.7147858874226225,5,"NY
21-03JST","EURAUD_NY
21-03JST",2023_11
EURGBP,long,2023-03-14 13:50:00,2023-03-14 13:55:00,14241.960183768157,2.8483920367536317,5,"NY
21-03JST","EURGBP_NY
21-03JST",2023_11
EURGBP,long,2023-03-14 13:55:00,2023-03-14 14:00:00,12027.027027026805,2.4054054054053604,4,"NY
21-03JST","EURGBP_NY
21-03JST",2023_11
EURAUD,long,2023-03-14 19:15:00,2023-03-14 19:20:00,1858.0060422954343,0.3716012084590869,2,"深夜
03-09JST","EURAUD_深夜
03-09JST",2023_11
EURAUD,long,2023-03-14 19:40:00,2023-03-14 19:45:00,-1394.5578231292766,-0.2789115646258553,14,"深夜
03-09JST","EURAUD_深夜
03-09JST",2023_11
EURAUD,long,2023-03-14 22:40:00,2023-03-14 22:45:00,-3590.3083700433795,-0.7180616740086759,2,"深夜
03-09JST","EURAUD_深夜
03-09JST",2023_11
USDJPY,short,2023-03-15 02:30:00,2023-03-15 02:35:00,-5000.000000000353,-1.0000000000000706,1,"東京
09-15JST","USDJPY_東京
09-15JST",2023_11
USDJPY,short,2023-03-15 02:45:00,2023-03-15 02:50:00,-3681.022880214909,-0.7362045760429818,2,"東京
09-15JST","USDJPY_東京
09-15JST",2023_11
USDJPY,short,2023-03-15 02:50:00,2023-03-15 02:55:00,-5000.000000000257,-1.0000000000000515,1,"東京
09-15JST","USDJPY_東京
09-15JST",2023_11
NZDUSD,long,2023-03-15 04:10:00,2023-03-15 04:15:00,2401.812688822068,0.4803625377644136,2,"東京
09-15JST","NZDUSD_東京
09-15JST",2023_11
NZDUSD,long,2023-03-15 05:00:00,2023-03-15 05:05:00,752.2123893795138,0.1504424778759027,2,"東京
09-15JST","NZDUSD_東京
09-15JST",2023_11
NZDUSD,long,2023-03-15 05:20:00,2023-03-15 05:25:00,-5000.0,-1.0,1,"東京
09-15JST","NZDUSD_東京
09-15JST",2023_11
NZDUSD,long,2023-03-15 05:25:00,2023-03-15 05:30:00,-4999.999999999472,-0.9999999999998944,1,"東京
09-15JST","NZDUSD_東京
09-15JST",2023_11
NZDUSD,long,2023-03-15 05:30:00,2023-03-15 05:35:00,5128.354725787049,1.0256709451574098,3,"東京
09-15JST","NZDUSD_東京
09-15JST",2023_11
NZDUSD,long,2023-03-15 05:35:00,2023-03-15 05:40:00,1054.502369667525,0.210900473933505,2,"東京
09-15JST","NZDUSD_東京
09-15JST",2023_11
EURAUD,long,2023-03-15 12:05:00,2023-03-15 12:10:00,-2589.9559927521373,-0.5179911985504274,3,"NY
21-03JST","EURAUD_NY
21-03JST",2023_11
EURAUD,long,2023-03-15 12:10:00,2023-03-15 12:15:00,108.30324909738196,0.0216606498194763,2,"NY
21-03JST","EURAUD_NY
21-03JST",2023_11
EURGBP,long,2023-03-15 12:10:00,2023-03-15 12:15:00,-2643.707923355133,-0.5287415846710267,2,"NY
21-03JST","EURGBP_NY
21-03JST",2023_11
EURGBP,long,2023-03-15 12:20:00,2023-03-15 12:25:00,-5000.00000000024,-1.000000000000048,1,"NY
21-03JST","EURGBP_NY
21-03JST",2023_11
EURGBP,long,2023-03-15 12:25:00,2023-03-15 12:30:00,4511.065362840692,0.9022130725681384,4,"NY
21-03JST","EURGBP_NY
21-03JST",2023_11
EURAUD,long,2023-03-15 12:25:00,2023-03-15 12:30:00,-3748.331998932025,-0.7496663997864049,2,"NY
21-03JST","EURAUD_NY
21-03JST",2023_11
EURGBP,long,2023-03-15 12:30:00,2023-03-15 12:35:00,2446.808510637597,0.4893617021275193,3,"NY
21-03JST","EURGBP_NY
21-03JST",2023_11
EURAUD,long,2023-03-15 12:30:00,2023-03-15 12:35:00,-2803.0303030301884,-0.5606060606060377,3,"NY
21-03JST","EURAUD_NY
21-03JST",2023_11
EURAUD,long,2023-03-15 12:40:00,2023-03-15 12:45:00,-4999.999999999642,-0.9999999999999284,1,"NY
21-03JST","EURAUD_NY
21-03JST",2023_11
EURGBP,long,2023-03-15 12:40:00,2023-03-15 12:45:00,-4999.999999999776,-0.9999999999999551,1,"NY
21-03JST","EURGBP_NY
21-03JST",2023_11
EURGBP,long,2023-03-15 12:50:00,2023-03-15 12:55:00,-5000.000000000198,-1.0000000000000395,1,"NY
21-03JST","EURGBP_NY
21-03JST",2023_11
EURAUD,long,2023-03-15 12:50:00,2023-03-15 12:55:00,-3665.141113653483,-0.7330282227306966,2,"NY
21-03JST","EURAUD_NY
21-03JST",2023_11
EURAUD,long,2023-03-15 12:55:00,2023-03-15 13:00:00,-4913.899138990934,-0.9827798277981868,2,"NY
21-03JST","EURAUD_NY
21-03JST",2023_11
EURGBP,long,2023-03-15 12:55:00,2023-03-15 13:00:00,-5000.000000000239,-1.0000000000000475,1,"NY
21-03JST","EURGBP_NY
21-03JST",2023_11
EURGBP,long,2023-03-15 13:00:00,2023-03-15 13:05:00,-4999.999999999954,-0.9999999999999908,1,"NY
21-03JST","EURGBP_NY
21-03JST",2023_11
EURAUD,long,2023-03-15 13:05:00,2023-03-15 13:10:00,-4999.999999999774,-0.9999999999999548,2,"NY
21-03JST","EURAUD_NY
21-03JST",2023_11
EURGBP,long,2023-03-15 13:05:00,2023-03-15 13:10:00,-4786.212914485172,-0.9572425828970345,3,"NY
21-03JST","EURGBP_NY
21-03JST",2023_11
EURAUD,long,2023-03-15 13:10:00,2023-03-15 13:15:00,-3426.58196921629,-0.685316393843258,2,"NY
21-03JST","EURAUD_NY
21-03JST",2023_11
EURGBP,long,2023-03-15 13:10:00,2023-03-15 13:15:00,-711.8715673851143,-0.1423743134770228,2,"NY
21-03JST","EURGBP_NY
21-03JST",2023_11
EURAUD,long,2023-03-15 13:20:00,2023-03-15 13:25:00,-5000.000000000279,-1.0000000000000555,1,"NY
21-03JST","EURAUD_NY
21-03JST",2023_11
EURGBP,long,2023-03-15 13:25:00,2023-03-15 13:30:00,1220.3112203117205,0.244062244062344,2,"NY
21-03JST","EURGBP_NY
21-03JST",2023_11
EURAUD,long,2023-03-15 13:25:00,2023-03-15 13:30:00,2371.0131332083984,0.4742026266416796,2,"NY
21-03JST","EURAUD_NY
21-03JST",2023_11
EURAUD,long,2023-03-15 13:30:00,2023-03-15 13:35:00,-1607.5835763968903,-0.3215167152793781,2,"NY
21-03JST","EURAUD_NY
21-03JST",2023_11
EURGBP,long,2023-03-15 13:40:00,2023-03-15 13:45:00,14004.659042777876,2.800931808555575,3,"NY
21-03JST","EURGBP_NY
21-03JST",2023_11
EURAUD,long,2023-03-15 13:40:00,2023-03-15 13:45:00,13279.54545454584,2.6559090909091685,3,"NY
21-03JST","EURAUD_NY
21-03JST",2023_11
EURGBP,long,2023-03-15 14:00:00,2023-03-15 14:05:00,2474.942174248124,0.4949884348496247,8,"NY
21-03JST","EURGBP_NY
21-03JST",2023_11
AUDJPY,short,2023-03-16 00:10:00,2023-03-16 00:15:00,-1233.0369677116323,-0.2466073935423264,2,"東京
09-15JST","AUDJPY_東京
09-15JST",2023_11
AUDJPY,short,2023-03-16 00:15:00,2023-03-16 00:20:00,-5000.0000000003965,-1.0000000000000793,2,"東京
09-15JST","AUDJPY_東京
09-15JST",2023_11
AUDJPY,short,2023-03-16 00:20:00,2023-03-16 00:25:00,-5000.000000000332,-1.0000000000000664,1,"東京
09-15JST","AUDJPY_東京
09-15JST",2023_11
AUDJPY,short,2023-03-16 00:30:00,2023-03-16 00:35:00,-5000.000000000187,-1.0000000000000375,2,"東京
09-15JST","AUDJPY_東京
09-15JST",2023_11
NZDUSD,long,2023-03-16 02:20:00,2023-03-16 02:25:00,-1142.0982735718585,-0.2284196547143716,3,"東京
09-15JST","NZDUSD_東京
09-15JST",2023_11
NZDUSD,long,2023-03-16 02:25:00,2023-03-16 02:30:00,1091.0307898259553,0.218206157965191,2,"東京
09-15JST","NZDUSD_東京
09-15JST",2023_11
NZDUSD,long,2023-03-16 02:45:00,2023-03-16 02:50:00,-4805.55555555606,-0.961111111111212,3,"東京
09-15JST","NZDUSD_東京
09-15JST",2023_11
AUDJPY,short,2023-03-16 02:50:00,2023-03-16 02:55:00,5880.6693086747055,1.176133861734941,5,"東京
09-15JST","AUDJPY_東京
09-15JST",2023_11
NZDUSD,long,2023-03-16 02:50:00,2023-03-16 02:55:00,-5000.0000000004,-1.00000000000008,2,"東京
09-15JST","NZDUSD_東京
09-15JST",2023_11
AUDJPY,short,2023-03-16 02:55:00,2023-03-16 03:00:00,1753.543667123986,0.3507087334247972,4,"東京
09-15JST","AUDJPY_東京
09-15JST",2023_11
NZDUSD,long,2023-03-16 02:55:00,2023-03-16 03:00:00,-3140.2214022140706,-0.6280442804428141,2,"東京
09-15JST","NZDUSD_東京
09-15JST",2023_11
AUDJPY,short,2023-03-16 03:00:00,2023-03-16 03:05:00,3209.4594594595924,0.6418918918919185,3,"東京
09-15JST","AUDJPY_東京
09-15JST",2023_11
NZDUSD,long,2023-03-16 03:05:00,2023-03-16 03:10:00,5871.21212121279,1.174242424242558,9,"東京
09-15JST","NZDUSD_東京
09-15JST",2023_11
AUDJPY,short,2023-03-16 03:10:00,2023-03-16 03:15:00,-3318.417333961103,-0.6636834667922206,7,"東京
09-15JST","AUDJPY_東京
09-15JST",2023_11
NZDUSD,long,2023-03-16 03:10:00,2023-03-16 03:15:00,7276.749798873703,1.4553499597747406,8,"東京
09-15JST","NZDUSD_東京
09-15JST",2023_11
NZDUSD,long,2023-03-16 03:15:00,2023-03-16 03:20:00,11021.959459459433,2.2043918918918863,7,"東京
09-15JST","NZDUSD_東京
09-15JST",2023_11
AUDJPY,short,2023-03-16 03:30:00,2023-03-16 03:35:00,-1768.609347951803,-0.3537218695903606,3,"東京
09-15JST","AUDJPY_東京
09-15JST",2023_11
AUDJPY,short,2023-03-16 03:35:00,2023-03-16 03:40:00,-4425.893380198323,-0.8851786760396646,2,"東京
09-15JST","AUDJPY_東京
09-15JST",2023_11
AUDJPY,short,2023-03-16 03:45:00,2023-03-16 03:50:00,-4211.618257261137,-0.8423236514522274,2,"東京
09-15JST","AUDJPY_東京
09-15JST",2023_11
AUDJPY,short,2023-03-16 03:55:00,2023-03-16 04:00:00,4871.79487179521,0.974358974359042,2,"東京
09-15JST","AUDJPY_東京
09-15JST",2023_11
EURAUD,long,2023-03-16 12:40:00,2023-03-16 12:45:00,-1512.5834617357732,-0.3025166923471546,2,"NY
21-03JST","EURAUD_NY
21-03JST",2023_11
EURGBP,long,2023-03-16 12:40:00,2023-03-16 12:45:00,-4999.999999999925,-0.9999999999999852,1,"NY
21-03JST","EURGBP_NY
21-03JST",2023_11
EURAUD,long,2023-03-16 12:50:00,2023-03-16 12:55:00,-1434.144102799267,-0.2868288205598535,2,"NY
21-03JST","EURAUD_NY
21-03JST",2023_11
EURGBP,long,2023-03-16 12:50:00,2023-03-16 12:55:00,3660.612939841718,0.7321225879683436,2,"NY
21-03JST","EURGBP_NY
21-03JST",2023_11
EURAUD,long,2023-03-16 12:55:00,2023-03-16 13:00:00,9397.052255471208,1.879410451094241,4,"NY
21-03JST","EURAUD_NY
21-03JST",2023_11
EURGBP,long,2023-03-16 12:55:00,2023-03-16 13:00:00,8441.48936170278,1.688297872340556,4,"NY
21-03JST","EURGBP_NY
21-03JST",2023_11
EURAUD,long,2023-03-16 13:05:00,2023-03-16 13:10:00,10673.245614036,2.1346491228072,2,"NY
21-03JST","EURAUD_NY
21-03JST",2023_11
EURGBP,long,2023-03-16 13:05:00,2023-03-16 13:10:00,8548.387096773382,1.7096774193546764,2,"NY
21-03JST","EURGBP_NY
21-03JST",2023_11
EURGBP,long,2023-03-16 13:20:00,2023-03-16 13:25:00,-743.0634739636718,-0.1486126947927343,3,"NY
21-03JST","EURGBP_NY
21-03JST",2023_11
EURAUD,long,2023-03-16 13:20:00,2023-03-16 13:25:00,9794.71228615832,1.958942457231664,6,"NY
21-03JST","EURAUD_NY
21-03JST",2023_11
EURGBP,long,2023-03-16 13:30:00,2023-03-16 13:35:00,-1449.454033109985,-0.289890806621997,2,"NY
21-03JST","EURGBP_NY
21-03JST",2023_11
EURGBP,long,2023-03-16 13:40:00,2023-03-16 13:45:00,1357.3085846874228,0.2714617169374845,2,"NY
21-03JST","EURGBP_NY
21-03JST",2023_11
EURAUD,long,2023-03-16 13:40:00,2023-03-16 13:45:00,3648.210867324183,0.7296421734648365,2,"NY
21-03JST","EURAUD_NY
21-03JST",2023_11
EURGBP,long,2023-03-16 13:45:00,2023-03-16 13:50:00,2542.61820521069,0.508523641042138,3,"NY
21-03JST","EURGBP_NY
21-03JST",2023_11
EURGBP,long,2023-03-16 13:50:00,2023-03-16 13:55:00,-1801.324503311649,-0.3602649006623298,2,"NY
21-03JST","EURGBP_NY
21-03JST",2023_11
EURGBP,long,2023-03-16 14:00:00,2023-03-16 14:05:00,-4863.459037711215,-0.972691807542243,4,"NY
21-03JST","EURGBP_NY
21-03JST",2023_11
EURGBP,long,2023-03-16 14:05:00,2023-03-16 14:10:00,-2786.3827040979413,-0.5572765408195882,3,"NY
21-03JST","EURGBP_NY
21-03JST",2023_11
EURGBP,long,2023-03-16 14:20:00,2023-03-16 14:25:00,-3958.6776859501874,-0.7917355371900375,4,"NY
21-03JST","EURGBP_NY
21-03JST",2023_11
EURAUD,long,2023-03-16 14:20:00,2023-03-16 14:25:00,-4316.163410302182,-0.8632326820604364,3,"NY
21-03JST","EURAUD_NY
21-03JST",2023_11
EURGBP,long,2023-03-16 14:25:00,2023-03-16 14:30:00,-2438.105489773845,-0.487621097954769,3,"NY
21-03JST","EURGBP_NY
21-03JST",2023_11
EURGBP,long,2023-03-16 14:30:00,2023-03-16 14:35:00,-803.2915360500041,-0.1606583072100008,2,"NY
21-03JST","EURGBP_NY
21-03JST",2023_11
EURGBP,long,2023-03-16 14:35:00,2023-03-16 14:40:00,-234.74178403744165,-0.0469483568074883,5,"NY
21-03JST","EURGBP_NY
21-03JST",2023_11
EURAUD,long,2023-03-16 14:45:00,2023-03-16 14:50:00,-1686.306379520874,-0.3372612759041748,3,"NY
21-03JST","EURAUD_NY
21-03JST",2023_11
EURGBP,long,2023-03-16 14:45:00,2023-03-16 14:50:00,1919.6062346186327,0.3839212469237266,3,"NY
21-03JST","EURGBP_NY
21-03JST",2023_11
EURAUD,long,2023-03-16 14:55:00,2023-03-16 15:00:00,-584.2094822454899,-0.1168418964490979,2,"NY
21-03JST","EURAUD_NY
21-03JST",2023_11
EURGBP,long,2023-03-16 15:05:00,2023-03-16 15:10:00,-2155.042649272136,-0.4310085298544271,5,"NY
21-03JST","EURGBP_NY
21-03JST",2023_11
EURGBP,long,2023-03-16 15:20:00,2023-03-16 15:25:00,-4790.544584080742,-0.9581089168161484,2,"NY
21-03JST","EURGBP_NY
21-03JST",2023_11
EURGBP,long,2023-03-16 15:25:00,2023-03-16 15:30:00,-4999.999999999731,-0.9999999999999462,1,"NY
21-03JST","EURGBP_NY
21-03JST",2023_11
EURGBP,long,2023-03-16 15:30:00,2023-03-16 15:35:00,-5000.000000000207,-1.0000000000000413,1,"NY
21-03JST","EURGBP_NY
21-03JST",2023_11
EURGBP,long,2023-03-16 15:35:00,2023-03-16 15:40:00,-5000.000000000201,-1.0000000000000402,1,"NY
21-03JST","EURGBP_NY
21-03JST",2023_11
EURGBP,long,2023-03-16 15:45:00,2023-03-16 15:50:00,5870.588235293327,1.1741176470586654,2,"NY
21-03JST","EURGBP_NY
21-03JST",2023_11
EURGBP,long,2023-03-16 17:55:00,2023-03-16 18:00:00,2521.781219748236,0.5043562439496471,2,"NY
21-03JST","EURGBP_NY
21-03JST",2023_11
EURGBP,long,2023-03-17 13:50:00,2023-03-17 13:55:00,3170.731707317616,0.6341463414635232,5,"NY
21-03JST","EURGBP_NY
21-03JST",2023_11
EURGBP,long,2023-03-17 14:00:00,2023-03-17 14:05:00,1680.7432432446794,0.3361486486489359,4,"NY
21-03JST","EURGBP_NY
21-03JST",2023_11
EURAUD,long,2023-03-17 17:45:00,2023-03-17 17:50:00,-1515.9979685104609,-0.3031995937020921,2,"NY
21-03JST","EURAUD_NY
21-03JST",2023_11
EURAUD,long,2023-03-17 17:50:00,2023-03-17 17:55:00,1466.5970772429173,0.2933194154485835,4,"NY
21-03JST","EURAUD_NY
21-03JST",2023_11
EURAUD,long,2023-03-17 18:25:00,2023-03-17 18:30:00,-3366.5532328616305,-0.6733106465723261,2,"深夜
03-09JST","EURAUD_深夜
03-09JST",2023_11
EURAUD,long,2023-03-17 18:30:00,2023-03-17 18:35:00,4948.74184529303,0.989748369058606,4,"深夜
03-09JST","EURAUD_深夜
03-09JST",2023_11
EURAUD,long,2023-03-17 18:35:00,2023-03-17 18:40:00,7852.049910873746,1.5704099821747493,3,"深夜
03-09JST","EURAUD_深夜
03-09JST",2023_11
NZDUSD,long,2023-03-20 01:35:00,2023-03-20 01:40:00,-5000.000000000087,-1.0000000000000175,1,"東京
09-15JST","NZDUSD_東京
09-15JST",2023_12
NZDUSD,long,2023-03-20 04:40:00,2023-03-20 04:45:00,3692.206076617372,0.7384412153234744,6,"東京
09-15JST","NZDUSD_東京
09-15JST",2023_12
NZDUSD,long,2023-03-20 04:50:00,2023-03-20 04:55:00,3445.0402144787404,0.6890080428957481,2,"東京
09-15JST","NZDUSD_東京
09-15JST",2023_12
EURJPY,short,2023-03-20 06:00:00,2023-03-20 06:05:00,-5000.000000000388,-1.0000000000000775,2,"欧州
15-21JST","EURJPY_欧州
15-21JST",2023_12
AUDJPY,short,2023-03-20 06:00:00,2023-03-20 06:05:00,35096.67673716093,7.019335347432186,6,"欧州
15-21JST","AUDJPY_欧州
15-21JST",2023_12
NZDJPY,short,2023-03-20 06:00:00,2023-03-20 06:05:00,-2525.9875259885357,-0.505197505197707,2,"欧州
15-21JST","NZDJPY_欧州
15-21JST",2023_12
NZDJPY,short,2023-03-20 06:05:00,2023-03-20 06:10:00,25637.829912021585,5.127565982404317,5,"欧州
15-21JST","NZDJPY_欧州
15-21JST",2023_12
NZDJPY,short,2023-03-20 06:15:00,2023-03-20 06:20:00,25051.28205128125,5.01025641025625,3,"欧州
15-21JST","NZDJPY_欧州
15-21JST",2023_12
NZDJPY,short,2023-03-20 06:20:00,2023-03-20 06:25:00,10560.596241087318,2.112119248217464,2,"欧州
15-21JST","NZDJPY_欧州
15-21JST",2023_12
GBPJPY,short,2023-03-20 06:20:00,2023-03-20 06:25:00,11609.756097561163,2.321951219512233,2,"欧州
15-21JST","GBPJPY_欧州
15-21JST",2023_12
AUDJPY,short,2023-03-20 06:20:00,2023-03-20 06:25:00,17459.016393442722,3.491803278688544,2,"欧州
15-21JST","AUDJPY_欧州
15-21JST",2023_12
EURJPY,short,2023-03-20 06:20:00,2023-03-20 06:25:00,18661.97183098697,3.7323943661973935,2,"欧州
15-21JST","EURJPY_欧州
15-21JST",2023_12
NZDJPY,short,2023-03-20 06:25:00,2023-03-20 06:30:00,6781.326781327097,1.3562653562654194,3,"欧州
15-21JST","NZDJPY_欧州
15-21JST",2023_12
GBPJPY,short,2023-03-20 06:25:00,2023-03-20 06:30:00,5564.273789648893,1.1128547579297787,2,"欧州
15-21JST","GBPJPY_欧州
15-21JST",2023_12
AUDJPY,short,2023-03-20 06:25:00,2023-03-20 06:30:00,9846.195358875464,1.9692390717750927,2,"欧州
15-21JST","AUDJPY_欧州
15-21JST",2023_12
EURJPY,short,2023-03-20 06:25:00,2023-03-20 06:30:00,12021.19460500887,2.404238921001774,3,"欧州
15-21JST","EURJPY_欧州
15-21JST",2023_12
NZDJPY,short,2023-03-20 06:30:00,2023-03-20 06:35:00,-2716.150081566486,-0.5432300163132971,2,"欧州
15-21JST","NZDJPY_欧州
15-21JST",2023_12
AUDJPY,short,2023-03-20 06:30:00,2023-03-20 06:35:00,-3644.754615038235,-0.728950923007647,2,"欧州
15-21JST","AUDJPY_欧州
15-21JST",2023_12
EURJPY,short,2023-03-20 06:30:00,2023-03-20 06:35:00,-1992.62584161502,-0.398525168323004,2,"欧州
15-21JST","EURJPY_欧州
15-21JST",2023_12
GBPJPY,short,2023-03-20 06:30:00,2023-03-20 06:35:00,-5000.000000000575,-1.000000000000115,1,"欧州
15-21JST","GBPJPY_欧州
15-21JST",2023_12
EURJPY,short,2023-03-20 06:40:00,2023-03-20 06:45:00,24491.86991869793,4.898373983739586,5,"欧州
15-21JST","EURJPY_欧州
15-21JST",2023_12
AUDJPY,short,2023-03-20 08:05:00,2023-03-20 08:10:00,15133.259300389076,3.0266518600778154,2,"欧州
15-21JST","AUDJPY_欧州
15-21JST",2023_12
GBPJPY,short,2023-03-20 08:10:00,2023-03-20 08:15:00,589.5522388065579,0.1179104477613115,3,"欧州
15-21JST","GBPJPY_欧州
15-21JST",2023_12
AUDJPY,short,2023-03-20 08:10:00,2023-03-20 08:15:00,4739.4384012141,0.94788768024282,3,"欧州
15-21JST","AUDJPY_欧州
15-21JST",2023_12
NZDJPY,short,2023-03-20 08:10:00,2023-03-20 08:15:00,5836.991513023436,1.1673983026046872,4,"欧州
15-21JST","NZDJPY_欧州
15-21JST",2023_12
NZDJPY,short,2023-03-20 08:15:00,2023-03-20 08:20:00,-2798.013245032586,-0.5596026490065172,3,"欧州
15-21JST","NZDJPY_欧州
15-21JST",2023_12
GBPJPY,short,2023-03-20 08:15:00,2023-03-20 08:20:00,-4074.618096357585,-0.814923619271517,2,"欧州
15-21JST","GBPJPY_欧州
15-21JST",2023_12
AUDJPY,short,2023-03-20 08:15:00,2023-03-20 08:20:00,-4132.507149666535,-0.826501429933307,3,"欧州
15-21JST","AUDJPY_欧州
15-21JST",2023_12
EURJPY,short,2023-03-20 08:15:00,2023-03-20 08:20:00,-1800.4338394793715,-0.3600867678958743,3,"欧州
15-21JST","EURJPY_欧州
15-21JST",2023_12
EURJPY,short,2023-03-20 08:20:00,2023-03-20 08:25:00,-1131.578947368426,-0.2263157894736852,2,"欧州
15-21JST","EURJPY_欧州
15-21JST",2023_12
AUDJPY,short,2023-03-20 08:20:00,2023-03-20 08:25:00,-2947.214076246457,-0.5894428152492914,2,"欧州
15-21JST","AUDJPY_欧州
15-21JST",2023_12
NZDJPY,short,2023-03-20 08:20:00,2023-03-20 08:25:00,-2169.918009612083,-0.4339836019224166,2,"欧州
15-21JST","NZDJPY_欧州
15-21JST",2023_12
NZDJPY,short,2023-03-20 08:25:00,2023-03-20 08:30:00,-4999.999999999801,-0.99999999999996,1,"欧州
15-21JST","NZDJPY_欧州
15-21JST",2023_12
GBPJPY,short,2023-03-20 08:25:00,2023-03-20 08:30:00,-4999.999999999714,-0.9999999999999428,1,"欧州
15-21JST","GBPJPY_欧州
15-21JST",2023_12
AUDJPY,short,2023-03-20 08:25:00,2023-03-20 08:30:00,-4999.999999999829,-0.9999999999999658,1,"欧州
15-21JST","AUDJPY_欧州
15-21JST",2023_12
EURJPY,short,2023-03-20 08:25:00,2023-03-20 08:30:00,-4999.999999999739,-0.9999999999999478,1,"欧州
15-21JST","EURJPY_欧州
15-21JST",2023_12
NZDJPY,short,2023-03-20 08:30:00,2023-03-20 08:35:00,-4999.999999999759,-0.9999999999999518,1,"欧州
15-21JST","NZDJPY_欧州
15-21JST",2023_12
EURJPY,short,2023-03-20 08:30:00,2023-03-20 08:35:00,-5000.000000000214,-1.0000000000000429,1,"欧州
15-21JST","EURJPY_欧州
15-21JST",2023_12
AUDJPY,short,2023-03-20 09:10:00,2023-03-20 09:15:00,-4999.999999999872,-0.9999999999999744,1,"欧州
15-21JST","AUDJPY_欧州
15-21JST",2023_12
EURJPY,short,2023-03-20 09:10:00,2023-03-20 09:15:00,-5000.000000000159,-1.0000000000000318,1,"欧州
15-21JST","EURJPY_欧州
15-21JST",2023_12
NZDJPY,short,2023-03-20 09:10:00,2023-03-20 09:15:00,-2670.394036208921,-0.5340788072417844,3,"欧州
15-21JST","NZDJPY_欧州
15-21JST",2023_12
AUDJPY,short,2023-03-20 09:15:00,2023-03-20 09:20:00,-4999.999999999833,-0.9999999999999666,1,"欧州
15-21JST","AUDJPY_欧州
15-21JST",2023_12
GBPJPY,short,2023-03-20 09:15:00,2023-03-20 09:20:00,-5000.000000000146,-1.0000000000000293,2,"欧州
15-21JST","GBPJPY_欧州
15-21JST",2023_12
EURJPY,short,2023-03-20 09:15:00,2023-03-20 09:20:00,-4999.999999999704,-0.9999999999999408,1,"欧州
15-21JST","EURJPY_欧州
15-21JST",2023_12
NZDJPY,short,2023-03-20 09:15:00,2023-03-20 09:20:00,-4999.99999999977,-0.999999999999954,1,"欧州
15-21JST","NZDJPY_欧州
15-21JST",2023_12
EURAUD,long,2023-03-20 13:50:00,2023-03-20 13:55:00,-5000.000000000567,-1.0000000000001132,1,"NY
21-03JST","EURAUD_NY
21-03JST",2023_12
EURAUD,long,2023-03-20 14:00:00,2023-03-20 14:05:00,3688.0357808426143,0.7376071561685229,2,"NY
21-03JST","EURAUD_NY
21-03JST",2023_12
EURAUD,long,2023-03-20 14:05:00,2023-03-20 14:10:00,-3580.4195804188303,-0.7160839160837661,2,"NY
21-03JST","EURAUD_NY
21-03JST",2023_12
EURAUD,long,2023-03-20 14:15:00,2023-03-20 14:20:00,-1914.326341983353,-0.3828652683966705,5,"NY
21-03JST","EURAUD_NY
21-03JST",2023_12
EURAUD,long,2023-03-20 14:20:00,2023-03-20 14:25:00,-147.78325123140084,-0.0295566502462801,4,"NY
21-03JST","EURAUD_NY
21-03JST",2023_12
EURAUD,long,2023-03-20 14:40:00,2023-03-20 14:45:00,5217.636022514163,1.0435272045028328,7,"NY
21-03JST","EURAUD_NY
21-03JST",2023_12
EURAUD,long,2023-03-20 14:45:00,2023-03-20 14:50:00,7351.392024078785,1.470278404815757,6,"NY
21-03JST","EURAUD_NY
21-03JST",2023_12
NZDUSD,long,2023-03-21 02:25:00,2023-03-21 02:30:00,-2683.8235294126403,-0.536764705882528,3,"東京
09-15JST","NZDUSD_東京
09-15JST",2023_12
NZDUSD,long,2023-03-21 03:15:00,2023-03-21 03:20:00,-5000.0,-1.0,1,"東京
09-15JST","NZDUSD_東京
09-15JST",2023_12
NZDUSD,long,2023-03-21 03:20:00,2023-03-21 03:25:00,-4999.999999999499,-0.9999999999998996,1,"東京
09-15JST","NZDUSD_東京
09-15JST",2023_12
NZDUSD,long,2023-03-21 03:25:00,2023-03-21 03:30:00,-4999.999999998805,-0.999999999999761,1,"東京
09-15JST","NZDUSD_東京
09-15JST",2023_12
GBPJPY,short,2023-03-23 10:45:00,2023-03-23 10:50:00,-1726.7059231037242,-0.3453411846207448,2,"欧州
15-21JST","GBPJPY_欧州
15-21JST",2023_12
GBPJPY,short,2023-03-23 10:55:00,2023-03-23 12:00:00,-474.02833272706,-0.094805666545412,2,"欧州
15-21JST","GBPJPY_欧州
15-21JST",2023_12
NZDJPY,short,2023-03-28 09:00:00,2023-03-28 09:05:00,1613.131790269239,0.3226263580538478,2,"欧州
15-21JST","NZDJPY_欧州
15-21JST",2023_13
AUDJPY,short,2023-03-28 09:10:00,2023-03-28 09:15:00,2763.95307500936,0.552790615001872,11,"欧州
15-21JST","AUDJPY_欧州
15-21JST",2023_13
NZDJPY,short,2023-03-28 09:10:00,2023-03-28 09:15:00,-4999.999999999872,-0.9999999999999744,2,"欧州
15-21JST","NZDJPY_欧州
15-21JST",2023_13
EURJPY,short,2023-03-28 09:10:00,2023-03-28 09:15:00,-4999.999999999651,-0.9999999999999302,2,"欧州
15-21JST","EURJPY_欧州
15-21JST",2023_13
AUDJPY,short,2023-03-28 09:20:00,2023-03-28 09:25:00,3544.6009389675737,0.7089201877935147,9,"欧州
15-21JST","AUDJPY_欧州
15-21JST",2023_13
EURJPY,short,2023-03-28 09:30:00,2023-03-28 09:35:00,1512.795981822792,0.3025591963645584,3,"欧州
15-21JST","EURJPY_欧州
15-21JST",2023_13
NZDJPY,short,2023-03-28 09:30:00,2023-03-28 09:35:00,4779.874213835943,0.9559748427671886,3,"欧州
15-21JST","NZDJPY_欧州
15-21JST",2023_13
NZDJPY,short,2023-03-28 09:45:00,2023-03-28 09:50:00,-4999.9999999997335,-0.9999999999999468,1,"欧州
15-21JST","NZDJPY_欧州
15-21JST",2023_13
GBPUSD,short,2023-03-29 12:15:00,2023-03-29 12:20:00,-4999.99999999955,-0.99999999999991,1,"NY
21-03JST","GBPUSD_NY
21-03JST",2023_13
GBPUSD,short,2023-03-29 13:10:00,2023-03-29 13:15:00,5111.835973904223,1.0223671947808446,2,"NY
21-03JST","GBPUSD_NY
21-03JST",2023_13
GBPUSD,short,2023-03-29 13:15:00,2023-03-29 13:20:00,-110.29411764757953,-0.0220588235295159,2,"NY
21-03JST","GBPUSD_NY
21-03JST",2023_13
GBPUSD,short,2023-03-29 13:20:00,2023-03-29 13:25:00,-2479.139218269224,-0.4958278436538448,3,"NY
21-03JST","GBPUSD_NY
21-03JST",2023_13
GBPUSD,short,2023-03-29 13:30:00,2023-03-29 13:35:00,-5000.000000000098,-1.0000000000000195,1,"NY
21-03JST","GBPUSD_NY
21-03JST",2023_13
EURJPY,short,2023-03-30 07:05:00,2023-03-30 07:10:00,-5000.000000000293,-1.0000000000000586,1,"欧州
15-21JST","EURJPY_欧州
15-21JST",2023_13
AUDJPY,short,2023-03-30 11:10:00,2023-03-30 11:15:00,659.0509666078314,0.1318101933215662,3,"欧州
15-21JST","AUDJPY_欧州
15-21JST",2023_13
AUDJPY,short,2023-03-30 11:15:00,2023-03-30 11:20:00,-4999.9999999999145,-0.9999999999999828,2,"欧州
15-21JST","AUDJPY_欧州
15-21JST",2023_13
NZDJPY,short,2023-03-30 11:15:00,2023-03-30 11:20:00,-5000.000000000308,-1.0000000000000615,1,"欧州
15-21JST","NZDJPY_欧州
15-21JST",2023_13
AUDJPY,short,2023-03-31 07:20:00,2023-03-31 07:25:00,112.81070745691822,0.0225621414913836,3,"欧州
15-21JST","AUDJPY_欧州
15-21JST",2023_13
AUDJPY,short,2023-03-31 07:30:00,2023-03-31 07:35:00,-1719.9418815837405,-0.3439883763167481,4,"欧州
15-21JST","AUDJPY_欧州
15-21JST",2023_13
EURJPY,short,2023-03-31 10:50:00,2023-03-31 10:55:00,6005.780346821285,1.2011560693642571,3,"欧州
15-21JST","EURJPY_欧州
15-21JST",2023_13
EURJPY,short,2023-03-31 10:55:00,2023-03-31 11:00:00,2598.77253548129,0.519754507096258,2,"欧州
15-21JST","EURJPY_欧州
15-21JST",2023_13
NZDJPY,short,2023-03-31 11:20:00,2023-03-31 11:25:00,3322.046651617028,0.6644093303234055,7,"欧州
15-21JST","NZDJPY_欧州
15-21JST",2023_13
EURJPY,short,2023-03-31 11:20:00,2023-03-31 11:25:00,2016.9765561835463,0.4033953112367093,7,"欧州
15-21JST","EURJPY_欧州
15-21JST",2023_13
NZDJPY,short,2023-03-31 11:25:00,2023-03-31 11:30:00,-1902.6548672572533,-0.3805309734514507,3,"欧州
15-21JST","NZDJPY_欧州
15-21JST",2023_13
EURJPY,short,2023-03-31 11:25:00,2023-03-31 11:30:00,1247.8336221819438,0.2495667244363887,6,"欧州
15-21JST","EURJPY_欧州
15-21JST",2023_13
EURJPY,short,2023-03-31 11:30:00,2023-03-31 11:35:00,3317.7570093432128,0.6635514018686426,5,"欧州
15-21JST","EURJPY_欧州
15-21JST",2023_13
EURJPY,short,2023-03-31 11:40:00,2023-03-31 11:45:00,2117.5669541521847,0.4235133908304369,3,"欧州
15-21JST","EURJPY_欧州
15-21JST",2023_13
NZDJPY,short,2023-03-31 11:45:00,2023-03-31 11:50:00,-676.3096168872992,-0.1352619233774598,2,"欧州
15-21JST","NZDJPY_欧州
15-21JST",2023_13
NZDJPY,short,2023-03-31 11:50:00,2023-03-31 11:55:00,-418.569254185963,-0.0837138508371926,2,"欧州
15-21JST","NZDJPY_欧州
15-21JST",2023_13
GBPUSD,short,2023-03-31 14:50:00,2023-03-31 14:55:00,-4999.99999999955,-0.99999999999991,1,"NY
21-03JST","GBPUSD_NY
21-03JST",2023_13
GBPUSD,short,2023-03-31 16:05:00,2023-03-31 16:10:00,4948.320413437497,0.9896640826874996,7,"NY
21-03JST","GBPUSD_NY
21-03JST",2023_13
GBPUSD,short,2023-03-31 16:15:00,2023-03-31 16:20:00,5255.041518386689,1.051008303677338,5,"NY
21-03JST","GBPUSD_NY
21-03JST",2023_13
GBPUSD,short,2023-03-31 16:40:00,2023-03-31 16:45:00,13493.064312737111,2.6986128625474226,14,"NY
21-03JST","GBPUSD_NY
21-03JST",2023_13
GBPUSD,short,2023-03-31 17:10:00,2023-03-31 17:15:00,15738.589211614912,3.1477178423229826,8,"NY
21-03JST","GBPUSD_NY
21-03JST",2023_13
GBPUSD,short,2023-03-31 17:25:00,2023-03-31 17:30:00,8769.547325103145,1.753909465020629,5,"NY
21-03JST","GBPUSD_NY
21-03JST",2023_13
GBPUSD,short,2023-03-31 17:30:00,2023-03-31 17:35:00,4310.0581878647545,0.8620116375729509,4,"NY
21-03JST","GBPUSD_NY
21-03JST",2023_13
GBPUSD,short,2023-03-31 17:35:00,2023-03-31 17:40:00,6384.48707255833,1.2768974145116658,3,"NY
21-03JST","GBPUSD_NY
21-03JST",2023_13
EURAUD,long,2023-03-31 20:20:00,2023-03-31 20:25:00,-2004.1152263353183,-0.4008230452670636,2,"深夜
03-09JST","EURAUD_深夜
03-09JST",2023_13
EURAUD,long,2023-03-31 20:35:00,2023-03-31 20:40:00,1024.0963855407967,0.2048192771081593,2,"深夜
03-09JST","EURAUD_深夜
03-09JST",2023_13
NZDUSD,short,2023-04-02 22:15:00,2023-04-02 22:20:00,-5000.0,-1.0,1,"深夜
03-09JST","NZDUSD_深夜
03-09JST",2023_13
NZDUSD,short,2023-04-02 23:55:00,2023-04-03 00:00:00,-1018.9573459714344,-0.2037914691942868,2,"深夜
03-09JST","NZDUSD_深夜
03-09JST",2023_13
EURJPY,short,2023-04-03 11:15:00,2023-04-03 11:20:00,8246.11300720467,1.649222601440934,4,"欧州
15-21JST","EURJPY_欧州
15-21JST",2023_14
EURJPY,short,2023-04-03 11:25:00,2023-04-03 11:30:00,1462.7363737491548,0.2925472747498309,2,"欧州
15-21JST","EURJPY_欧州
15-21JST",2023_14
EURJPY,short,2023-04-03 11:30:00,2023-04-03 11:35:00,-3533.8918507256435,-0.7067783701451287,2,"欧州
15-21JST","EURJPY_欧州
15-21JST",2023_14
EURJPY,short,2023-04-03 11:35:00,2023-04-03 11:40:00,-630.0891818550468,-0.1260178363710093,2,"欧州
15-21JST","EURJPY_欧州
15-21JST",2023_14
AUDJPY,short,2023-04-04 06:00:00,2023-04-04 06:05:00,1624.0409207161258,0.3248081841432251,3,"欧州
15-21JST","AUDJPY_欧州
15-21JST",2023_14
AUDJPY,short,2023-04-04 06:05:00,2023-04-04 06:10:00,-2134.2985521721475,-0.4268597104344295,2,"欧州
15-21JST","AUDJPY_欧州
15-21JST",2023_14
AUDJPY,short,2023-04-04 06:10:00,2023-04-04 06:15:00,-4999.999999999789,-0.9999999999999578,1,"欧州
15-21JST","AUDJPY_欧州
15-21JST",2023_14
AUDJPY,short,2023-04-04 06:15:00,2023-04-04 06:20:00,-2774.882751434069,-0.5549765502868138,3,"欧州
15-21JST","AUDJPY_欧州
15-21JST",2023_14
AUDJPY,short,2023-04-04 06:30:00,2023-04-04 06:35:00,-4999.999999999583,-0.9999999999999164,1,"欧州
15-21JST","AUDJPY_欧州
15-21JST",2023_14
AUDJPY,short,2023-04-04 07:30:00,2023-04-04 07:35:00,-1660.9368285350552,-0.332187365707011,3,"欧州
15-21JST","AUDJPY_欧州
15-21JST",2023_14
NZDUSD,long,2023-04-05 04:10:00,2023-04-05 04:15:00,2878.4860557760226,0.5756972111552046,13,"東京
09-15JST","NZDUSD_東京
09-15JST",2023_14
AUDJPY,short,2023-04-05 07:40:00,2023-04-05 07:45:00,13427.980443775434,2.6855960887550867,9,"欧州
15-21JST","AUDJPY_欧州
15-21JST",2023_14
AUDJPY,short,2023-04-05 07:45:00,2023-04-05 07:50:00,13615.10128913339,2.7230202578266782,8,"欧州
15-21JST","AUDJPY_欧州
15-21JST",2023_14
AUDJPY,short,2023-04-05 07:50:00,2023-04-05 07:55:00,9146.853146851969,1.8293706293703933,7,"欧州
15-21JST","AUDJPY_欧州
15-21JST",2023_14
AUDJPY,short,2023-04-05 08:00:00,2023-04-05 08:05:00,3667.3662119621786,0.7334732423924357,5,"欧州
15-21JST","AUDJPY_欧州
15-21JST",2023_14
EURJPY,short,2023-04-05 08:45:00,2023-04-05 08:50:00,-4999.99999999992,-0.999999999999984,1,"欧州
15-21JST","EURJPY_欧州
15-21JST",2023_14
AUDJPY,short,2023-04-05 09:10:00,2023-04-05 09:15:00,8108.722612649865,1.6217445225299731,6,"欧州
15-21JST","AUDJPY_欧州
15-21JST",2023_14
NZDJPY,short,2023-04-05 09:20:00,2023-04-05 09:25:00,-3370.786516853997,-0.6741573033707994,4,"欧州
15-21JST","NZDJPY_欧州
15-21JST",2023_14
AUDJPY,short,2023-04-05 09:20:00,2023-04-05 09:25:00,-3258.8418188890787,-0.6517683637778158,4,"欧州
15-21JST","AUDJPY_欧州
15-21JST",2023_14
AUDJPY,short,2023-04-05 09:25:00,2023-04-05 09:30:00,-4278.636543797026,-0.8557273087594053,3,"欧州
15-21JST","AUDJPY_欧州
15-21JST",2023_14
AUDJPY,short,2023-04-05 09:30:00,2023-04-05 09:35:00,-3860.601001668787,-0.7721202003337574,2,"欧州
15-21JST","AUDJPY_欧州
15-21JST",2023_14
NZDJPY,short,2023-04-05 09:30:00,2023-04-05 09:35:00,6960.869565217392,1.3921739130434785,12,"欧州
15-21JST","NZDJPY_欧州
15-21JST",2023_14
NZDJPY,short,2023-04-05 11:05:00,2023-04-05 11:10:00,-4999.999999999605,-0.9999999999999212,2,"欧州
15-21JST","NZDJPY_欧州
15-21JST",2023_14
EURJPY,short,2023-04-05 11:10:00,2023-04-05 11:15:00,7341.32581100115,1.46826516220023,4,"欧州
15-21JST","EURJPY_欧州
15-21JST",2023_14
EURJPY,short,2023-04-05 11:30:00,2023-04-05 11:35:00,294.117647060246,0.0588235294120492,2,"欧州
15-21JST","EURJPY_欧州
15-21JST",2023_14
NZDJPY,short,2023-04-05 11:40:00,2023-04-05 11:45:00,-4999.999999999658,-0.9999999999999316,1,"欧州
15-21JST","NZDJPY_欧州
15-21JST",2023_14
NZDJPY,short,2023-04-05 11:50:00,2023-04-05 11:55:00,-674.8650269942931,-0.1349730053988586,3,"欧州
15-21JST","NZDJPY_欧州
15-21JST",2023_14
NZDJPY,short,2023-04-05 11:55:00,2023-04-05 12:00:00,-2826.5963678973103,-0.5653192735794621,2,"欧州
15-21JST","NZDJPY_欧州
15-21JST",2023_14
NZDUSD,long,2023-04-06 00:50:00,2023-04-06 00:55:00,-5000.000000000675,-1.000000000000135,1,"東京
09-15JST","NZDUSD_東京
09-15JST",2023_14
NZDUSD,long,2023-04-06 01:00:00,2023-04-06 01:05:00,-1834.9106203996676,-0.3669821240799334,2,"東京
09-15JST","NZDUSD_東京
09-15JST",2023_14
NZDUSD,long,2023-04-06 01:10:00,2023-04-06 01:15:00,-4999.999999999401,-0.99999999999988,1,"東京
09-15JST","NZDUSD_東京
09-15JST",2023_14
NZDUSD,long,2023-04-06 01:15:00,2023-04-06 01:20:00,-2202.797202795944,-0.4405594405591887,2,"東京
09-15JST","NZDUSD_東京
09-15JST",2023_14
NZDUSD,long,2023-04-06 01:25:00,2023-04-06 01:30:00,-5000.000000000454,-1.0000000000000908,1,"東京
09-15JST","NZDUSD_東京
09-15JST",2023_14
NZDUSD,long,2023-04-06 01:30:00,2023-04-06 01:35:00,4059.6562183993983,0.8119312436798797,5,"東京
09-15JST","NZDUSD_東京
09-15JST",2023_14
NZDUSD,long,2023-04-06 01:35:00,2023-04-06 01:40:00,-191.91919192177735,-0.0383838383843554,4,"東京
09-15JST","NZDUSD_東京
09-15JST",2023_14
NZDUSD,long,2023-04-06 02:00:00,2023-04-06 02:05:00,-2539.936102235204,-0.5079872204470408,3,"東京
09-15JST","NZDUSD_東京
09-15JST",2023_14
NZDUSD,long,2023-04-06 02:05:00,2023-04-06 02:10:00,-2215.0537634397792,-0.4430107526879558,2,"東京
09-15JST","NZDUSD_東京
09-15JST",2023_14
NZDUSD,long,2023-04-06 02:20:00,2023-04-06 02:25:00,-3868.1592039797342,-0.7736318407959468,2,"東京
09-15JST","NZDUSD_東京
09-15JST",2023_14
NZDUSD,long,2023-04-06 02:35:00,2023-04-06 02:40:00,-5000.000000000149,-1.0000000000000298,1,"東京
09-15JST","NZDUSD_東京
09-15JST",2023_14
NZDUSD,long,2023-04-06 02:40:00,2023-04-06 02:45:00,-1187.150837987055,-0.2374301675974109,2,"東京
09-15JST","NZDUSD_東京
09-15JST",2023_14
NZDUSD,long,2023-04-06 02:45:00,2023-04-06 02:50:00,-1050.775740478976,-0.2101551480957952,4,"東京
09-15JST","NZDUSD_東京
09-15JST",2023_14
NZDJPY,short,2023-04-06 08:30:00,2023-04-06 08:35:00,-404.6406338425937,-0.0809281267685187,2,"欧州
15-21JST","NZDJPY_欧州
15-21JST",2023_14
NZDJPY,short,2023-04-06 08:35:00,2023-04-06 08:40:00,-3839.7790055248192,-0.7679558011049639,2,"欧州
15-21JST","NZDJPY_欧州
15-21JST",2023_14
EURJPY,short,2023-04-06 09:05:00,2023-04-06 09:10:00,4824.561403508213,0.9649122807016424,3,"欧州
15-21JST","EURJPY_欧州
15-21JST",2023_14
NZDJPY,short,2023-04-06 09:15:00,2023-04-06 09:20:00,-4999.9999999996135,-0.9999999999999228,3,"欧州
15-21JST","NZDJPY_欧州
15-21JST",2023_14
EURJPY,short,2023-04-06 09:15:00,2023-04-06 09:20:00,-5000.000000000539,-1.000000000000108,2,"欧州
15-21JST","EURJPY_欧州
15-21JST",2023_14
EURJPY,short,2023-04-06 09:20:00,2023-04-06 09:25:00,-4999.999999999644,-0.9999999999999288,2,"欧州
15-21JST","EURJPY_欧州
15-21JST",2023_14
GBPUSD,short,2023-04-06 12:50:00,2023-04-06 12:55:00,5397.87798408382,1.079575596816764,5,"NY
21-03JST","GBPUSD_NY
21-03JST",2023_14
GBPUSD,short,2023-04-06 13:40:00,2023-04-06 13:45:00,-526.423596886403,-0.1052847193772806,3,"NY
21-03JST","GBPUSD_NY
21-03JST",2023_14
EURJPY,short,2023-04-07 10:05:00,2023-04-07 10:10:00,-5000.0,-1.0,1,"欧州
15-21JST","EURJPY_欧州
15-21JST",2023_14
GBPUSD,short,2023-04-07 12:30:00,2023-04-07 12:35:00,6312.6649076505855,1.2625329815301172,2,"NY
21-03JST","GBPUSD_NY
21-03JST",2023_14
GBPUSD,short,2023-04-07 12:35:00,2023-04-07 12:40:00,-4999.999999999519,-0.9999999999999036,1,"NY
21-03JST","GBPUSD_NY
21-03JST",2023_14
GBPUSD,short,2023-04-07 13:10:00,2023-04-07 13:15:00,444.4444444439454,0.088888888888789,2,"NY
21-03JST","GBPUSD_NY
21-03JST",2023_14
GBPUSD,short,2023-04-07 13:15:00,2023-04-07 13:20:00,-4999.999999999672,-0.9999999999999344,10,"NY
21-03JST","GBPUSD_NY
21-03JST",2023_14
GBPUSD,short,2023-04-07 13:20:00,2023-04-07 13:25:00,-3366.1560904438484,-0.6732312180887696,9,"NY
21-03JST","GBPUSD_NY
21-03JST",2023_14
GBPUSD,short,2023-04-07 13:35:00,2023-04-07 13:40:00,-3258.3241858769493,-0.6516648371753898,6,"NY
21-03JST","GBPUSD_NY
21-03JST",2023_14
GBPUSD,short,2023-04-10 12:00:00,2023-04-10 12:05:00,20195.035460990766,4.039007092198153,2,"NY
21-03JST","GBPUSD_NY
21-03JST",2023_15
GBPUSD,short,2023-04-10 12:05:00,2023-04-10 12:10:00,11774.837743383076,2.3549675486766155,2,"NY
21-03JST","GBPUSD_NY
21-03JST",2023_15
GBPUSD,short,2023-04-10 12:10:00,2023-04-10 12:15:00,5009.165902841592,1.0018331805683185,3,"NY
21-03JST","GBPUSD_NY
21-03JST",2023_15
GBPUSD,short,2023-04-10 12:15:00,2023-04-10 12:20:00,-1756.0975609749592,-0.3512195121949918,2,"NY
21-03JST","GBPUSD_NY
21-03JST",2023_15
GBPUSD,short,2023-04-10 12:20:00,2023-04-10 12:25:00,-4999.999999999368,-0.9999999999998735,1,"NY
21-03JST","GBPUSD_NY
21-03JST",2023_15
GBPUSD,short,2023-04-10 12:25:00,2023-04-10 12:30:00,12801.091061685744,2.560218212337149,8,"NY
21-03JST","GBPUSD_NY
21-03JST",2023_15
GBPUSD,short,2023-04-10 12:35:00,2023-04-10 12:40:00,12042.98915226861,2.408597830453722,6,"NY
21-03JST","GBPUSD_NY
21-03JST",2023_15
GBPUSD,short,2023-04-10 12:40:00,2023-04-10 12:45:00,9100.518548064423,1.820103709612885,5,"NY
21-03JST","GBPUSD_NY
21-03JST",2023_15
GBPUSD,short,2023-04-10 12:45:00,2023-04-10 12:50:00,-422.2062522463794,-0.0844412504492758,4,"NY
21-03JST","GBPUSD_NY
21-03JST",2023_15
GBPUSD,short,2023-04-10 12:50:00,2023-04-10 12:55:00,-746.8354430377854,-0.149367088607557,3,"NY
21-03JST","GBPUSD_NY
21-03JST",2023_15
GBPUSD,short,2023-04-10 12:55:00,2023-04-10 13:00:00,-1454.741379310607,-0.2909482758621214,2,"NY
21-03JST","GBPUSD_NY
21-03JST",2023_15
GBPUSD,short,2023-04-10 13:00:00,2023-04-10 13:05:00,-5000.000000000156,-1.000000000000031,1,"NY
21-03JST","GBPUSD_NY
21-03JST",2023_15
GBPUSD,short,2023-04-10 13:05:00,2023-04-10 13:10:00,-4444.060773480405,-0.8888121546960811,5,"NY
21-03JST","GBPUSD_NY
21-03JST",2023_15
GBPUSD,short,2023-04-10 13:20:00,2023-04-10 13:25:00,-1439.7046759634306,-0.2879409351926861,2,"NY
21-03JST","GBPUSD_NY
21-03JST",2023_15
GBPUSD,short,2023-04-10 13:25:00,2023-04-10 13:30:00,-2515.7232704398552,-0.503144654087971,2,"NY
21-03JST","GBPUSD_NY
21-03JST",2023_15
GBPUSD,short,2023-04-10 13:30:00,2023-04-10 13:35:00,-5000.0000000004,-1.00000000000008,1,"NY
21-03JST","GBPUSD_NY
21-03JST",2023_15
NZDJPY,short,2023-04-11 08:40:00,2023-04-11 08:45:00,-3760.278304870541,-0.7520556609741083,2,"欧州
15-21JST","NZDJPY_欧州
15-21JST",2023_15
AUDJPY,short,2023-04-11 08:40:00,2023-04-11 08:45:00,-5000.000000000248,-1.0000000000000495,2,"欧州
15-21JST","AUDJPY_欧州
15-21JST",2023_15
NZDJPY,short,2023-04-11 08:45:00,2023-04-11 08:50:00,-5000.000000000361,-1.0000000000000722,2,"欧州
15-21JST","NZDJPY_欧州
15-21JST",2023_15
AUDJPY,short,2023-04-11 08:45:00,2023-04-11 08:50:00,-4999.999999999834,-0.9999999999999668,2,"欧州
15-21JST","AUDJPY_欧州
15-21JST",2023_15
AUDJPY,short,2023-04-11 09:10:00,2023-04-11 09:15:00,4442.060085835321,0.8884120171670642,9,"欧州
15-21JST","AUDJPY_欧州
15-21JST",2023_15
NZDJPY,short,2023-04-11 09:25:00,2023-04-11 09:30:00,-5000.000000000565,-1.000000000000113,1,"欧州
15-21JST","NZDJPY_欧州
15-21JST",2023_15
AUDJPY,short,2023-04-12 09:15:00,2023-04-12 09:20:00,-347.43202417019603,-0.0694864048340392,4,"欧州
15-21JST","AUDJPY_欧州
15-21JST",2023_15
NZDJPY,short,2023-04-12 09:25:00,2023-04-12 09:30:00,509.52775476428747,0.1019055509528575,2,"欧州
15-21JST","NZDJPY_欧州
15-21JST",2023_15
AUDJPY,short,2023-04-12 09:25:00,2023-04-12 09:30:00,-38.10975609730852,-0.0076219512194617,2,"欧州
15-21JST","AUDJPY_欧州
15-21JST",2023_15
AUDJPY,short,2023-04-12 09:30:00,2023-04-12 09:35:00,-4999.999999999895,-0.9999999999999788,1,"欧州
15-21JST","AUDJPY_欧州
15-21JST",2023_15
NZDJPY,short,2023-04-12 09:30:00,2023-04-12 09:35:00,-4999.999999999327,-0.9999999999998654,1,"欧州
15-21JST","NZDJPY_欧州
15-21JST",2023_15
EURAUD,long,2023-04-13 18:30:00,2023-04-13 18:35:00,-1174.8633879774686,-0.2349726775954937,2,"深夜
03-09JST","EURAUD_深夜
03-09JST",2023_15
EURAUD,long,2023-04-13 18:35:00,2023-04-13 18:40:00,124015.21216975107,24.80304243395021,5,"深夜
03-09JST","EURAUD_深夜
03-09JST",2023_15
GBPUSD,long,2023-04-17 08:25:00,2023-04-17 08:30:00,-5000.000000000354,-1.0000000000000708,1,"欧州
15-21JST","GBPUSD_欧州
15-21JST",2023_16
GBPUSD,long,2023-04-17 08:35:00,2023-04-17 08:40:00,-4253.228523301252,-0.8506457046602504,2,"欧州
15-21JST","GBPUSD_欧州
15-21JST",2023_16
GBPUSD,long,2023-04-17 08:50:00,2023-04-17 08:55:00,1342.0158550390738,0.2684031710078147,4,"欧州
15-21JST","GBPUSD_欧州
15-21JST",2023_16
GBPUSD,long,2023-04-17 08:55:00,2023-04-17 09:00:00,236.0742705556193,0.0472148541111238,3,"欧州
15-21JST","GBPUSD_欧州
15-21JST",2023_16
GBPUSD,short,2023-04-17 13:50:00,2023-04-17 13:55:00,3563.991323210983,0.7127982646421966,4,"NY
21-03JST","GBPUSD_NY
21-03JST",2023_16
NZDUSD,short,2023-04-19 22:45:00,2023-04-19 22:50:00,7477.514309075805,1.495502861815161,3,"深夜
03-09JST","NZDUSD_深夜
03-09JST",2023_16
NZDUSD,short,2023-04-19 22:50:00,2023-04-19 22:55:00,-391.16963593989016,-0.078233927187978,2,"深夜
03-09JST","NZDUSD_深夜
03-09JST",2023_16
NZDUSD,short,2023-04-19 22:55:00,2023-04-19 23:00:00,-4999.999999999524,-0.9999999999999049,1,"深夜
03-09JST","NZDUSD_深夜
03-09JST",2023_16
NZDUSD,short,2023-04-19 23:00:00,2023-04-19 23:05:00,5381.150381149554,1.0762300762299108,3,"深夜
03-09JST","NZDUSD_深夜
03-09JST",2023_16
NZDUSD,short,2023-04-19 23:10:00,2023-04-19 23:15:00,7814.960629921972,1.5629921259843944,7,"深夜
03-09JST","NZDUSD_深夜
03-09JST",2023_16
NZDUSD,short,2023-04-19 23:15:00,2023-04-19 23:20:00,1363.636363637275,0.272727272727455,7,"深夜
03-09JST","NZDUSD_深夜
03-09JST",2023_16
NZDUSD,short,2023-04-19 23:30:00,2023-04-19 23:35:00,-2433.3333333322794,-0.4866666666664558,4,"深夜
03-09JST","NZDUSD_深夜
03-09JST",2023_16
NZDUSD,short,2023-04-19 23:40:00,2023-04-19 23:45:00,-4999.999999999941,-0.9999999999999882,3,"深夜
03-09JST","NZDUSD_深夜
03-09JST",2023_16
GBPUSD,long,2023-04-20 08:00:00,2023-04-20 08:05:00,20897.29431252988,4.179458862505975,5,"欧州
15-21JST","GBPUSD_欧州
15-21JST",2023_16
NZDUSD,short,2023-04-20 18:40:00,2023-04-20 18:45:00,-3487.6543209867173,-0.6975308641973434,2,"深夜
03-09JST","NZDUSD_深夜
03-09JST",2023_16
NZDUSD,short,2023-04-20 19:05:00,2023-04-20 19:10:00,8131.170662904604,1.6262341325809209,8,"深夜
03-09JST","NZDUSD_深夜
03-09JST",2023_16
NZDUSD,short,2023-04-20 19:10:00,2023-04-20 19:15:00,3308.3219645287645,0.6616643929057529,7,"深夜
03-09JST","NZDUSD_深夜
03-09JST",2023_16
NZDUSD,short,2023-04-20 19:15:00,2023-04-20 19:20:00,3626.0623229460807,0.7252124645892162,6,"深夜
03-09JST","NZDUSD_深夜
03-09JST",2023_16
NZDUSD,short,2023-04-20 19:20:00,2023-04-20 19:25:00,2745.098039216028,0.5490196078432056,5,"深夜
03-09JST","NZDUSD_深夜
03-09JST",2023_16
NZDUSD,short,2023-04-20 19:25:00,2023-04-20 19:30:00,700.0000000000666,0.1400000000000133,4,"深夜
03-09JST","NZDUSD_深夜
03-09JST",2023_16
NZDUSD,short,2023-04-20 19:30:00,2023-04-20 19:35:00,111.77347242827312,0.0223546944856546,3,"深夜
03-09JST","NZDUSD_深夜
03-09JST",2023_16
NZDUSD,short,2023-04-20 19:35:00,2023-04-20 19:40:00,-2078.8253477599446,-0.4157650695519889,2,"深夜
03-09JST","NZDUSD_深夜
03-09JST",2023_16
NZDUSD,short,2023-04-20 19:40:00,2023-04-20 19:45:00,-5000.000000000353,-1.0000000000000706,1,"深夜
03-09JST","NZDUSD_深夜
03-09JST",2023_16
NZDUSD,short,2023-04-20 19:45:00,2023-04-20 19:50:00,-4999.999999999638,-0.9999999999999276,1,"深夜
03-09JST","NZDUSD_深夜
03-09JST",2023_16
NZDUSD,short,2023-04-20 19:50:00,2023-04-20 19:55:00,-381.9444444430483,-0.0763888888886096,2,"深夜
03-09JST","NZDUSD_深夜
03-09JST",2023_16
AUDJPY,short,2023-04-21 01:35:00,2023-04-21 01:40:00,6171.171171172238,1.2342342342344477,3,"東京
09-15JST","AUDJPY_東京
09-15JST",2023_16
AUDJPY,short,2023-04-21 01:40:00,2023-04-21 01:45:00,5883.8709677419,1.17677419354838,2,"東京
09-15JST","AUDJPY_東京
09-15JST",2023_16
AUDJPY,short,2023-04-21 02:45:00,2023-04-21 02:50:00,-5000.000000000174,-1.0000000000000346,1,"東京
09-15JST","AUDJPY_東京
09-15JST",2023_16
AUDJPY,short,2023-04-21 02:50:00,2023-04-21 02:55:00,14562.575941676603,2.912515188335321,17,"東京
09-15JST","AUDJPY_東京
09-15JST",2023_16
AUDJPY,short,2023-04-21 03:05:00,2023-04-21 03:10:00,17921.665490472435,3.5843330980944867,13,"東京
09-15JST","AUDJPY_東京
09-15JST",2023_16
AUDJPY,short,2023-04-21 04:30:00,2023-04-21 04:35:00,-3941.3988657840528,-0.7882797731568105,4,"東京
09-15JST","AUDJPY_東京
09-15JST",2023_16
AUDJPY,short,2023-04-21 05:10:00,2023-04-21 05:15:00,-4999.999999999716,-0.9999999999999432,1,"東京
09-15JST","AUDJPY_東京
09-15JST",2023_16
GBPUSD,long,2023-04-21 06:35:00,2023-04-21 06:40:00,-4216.073781291517,-0.8432147562583033,2,"欧州
15-21JST","GBPUSD_欧州
15-21JST",2023_16
GBPUSD,long,2023-04-21 06:45:00,2023-04-21 06:50:00,-4999.999999999861,-0.999999999999972,1,"欧州
15-21JST","GBPUSD_欧州
15-21JST",2023_16
GBPUSD,long,2023-04-21 06:50:00,2023-04-21 06:55:00,-5000.000000000663,-1.0000000000001326,1,"欧州
15-21JST","GBPUSD_欧州
15-21JST",2023_16
GBPUSD,long,2023-04-21 06:55:00,2023-04-21 07:00:00,42.88164665487552,0.0085763293309751,2,"欧州
15-21JST","GBPUSD_欧州
15-21JST",2023_16
GBPUSD,long,2023-04-21 07:00:00,2023-04-21 07:05:00,-5000.000000000602,-1.0000000000001203,1,"欧州
15-21JST","GBPUSD_欧州
15-21JST",2023_16
GBPUSD,long,2023-04-21 07:10:00,2023-04-21 07:15:00,-69.84866123521807,-0.0139697322470436,2,"欧州
15-21JST","GBPUSD_欧州
15-21JST",2023_16
GBPUSD,long,2023-04-21 07:15:00,2023-04-21 07:20:00,-1753.6231884061874,-0.3507246376812374,2,"欧州
15-21JST","GBPUSD_欧州
15-21JST",2023_16
GBPUSD,long,2023-04-21 07:25:00,2023-04-21 07:30:00,-5000.000000000369,-1.000000000000074,1,"欧州
15-21JST","GBPUSD_欧州
15-21JST",2023_16
GBPUSD,long,2023-04-21 07:30:00,2023-04-21 07:35:00,-4999.999999999424,-0.9999999999998848,1,"欧州
15-21JST","GBPUSD_欧州
15-21JST",2023_16
GBPUSD,long,2023-04-21 07:35:00,2023-04-21 07:40:00,-5000.000000000364,-1.0000000000000728,1,"欧州
15-21JST","GBPUSD_欧州
15-21JST",2023_16
GBPUSD,long,2023-04-21 07:40:00,2023-04-21 07:45:00,17826.086956519455,3.565217391303891,4,"欧州
15-21JST","GBPUSD_欧州
15-21JST",2023_16
GBPUSD,long,2023-04-21 07:45:00,2023-04-21 07:50:00,19223.219293324917,3.844643858664983,3,"欧州
15-21JST","GBPUSD_欧州
15-21JST",2023_16
GBPUSD,long,2023-04-21 10:00:00,2023-04-21 10:05:00,4880.478087648619,0.9760956175297238,5,"欧州
15-21JST","GBPUSD_欧州
15-21JST",2023_16
AUDNZD,long,2023-04-24 08:10:00,2023-04-24 08:15:00,1329.3864370304873,0.2658772874060974,2,"欧州
15-21JST","AUDNZD_欧州
15-21JST",2023_17
CHFJPY,long,2023-04-24 16:20:00,2023-04-24 16:25:00,3442.211055274472,0.6884422110548944,7,"NY
21-03JST","CHFJPY_NY
21-03JST",2023_17
GBPUSD,long,2023-04-25 07:50:00,2023-04-25 07:55:00,-1337.2093023252094,-0.2674418604650418,3,"欧州
15-21JST","GBPUSD_欧州
15-21JST",2023_17
GBPUSD,long,2023-04-25 07:55:00,2023-04-25 08:00:00,3749.9999999984025,0.7499999999996805,16,"欧州
15-21JST","GBPUSD_欧州
15-21JST",2023_17
GBPUSD,long,2023-04-25 08:05:00,2023-04-25 08:10:00,982.6464208242588,0.1965292841648518,14,"欧州
15-21JST","GBPUSD_欧州
15-21JST",2023_17
AUDNZD,long,2023-04-25 08:10:00,2023-04-25 08:15:00,-2851.79640718284,-0.5703592814365679,6,"欧州
15-21JST","AUDNZD_欧州
15-21JST",2023_17
GBPUSD,long,2023-04-25 08:10:00,2023-04-25 08:15:00,4909.437559578904,0.9818875119157808,13,"欧州
15-21JST","GBPUSD_欧州
15-21JST",2023_17
AUDNZD,long,2023-04-25 08:20:00,2023-04-25 08:25:00,-1485.1063829787397,-0.2970212765957479,4,"欧州
15-21JST","AUDNZD_欧州
15-21JST",2023_17
GBPUSD,long,2023-04-25 08:30:00,2023-04-25 08:35:00,-688.2699517942027,-0.1376539903588405,2,"欧州
15-21JST","GBPUSD_欧州
15-21JST",2023_17
AUDNZD,long,2023-04-25 08:45:00,2023-04-25 08:50:00,-5000.000000001445,-1.000000000000289,1,"欧州
15-21JST","AUDNZD_欧州
15-21JST",2023_17
AUDNZD,long,2023-04-25 08:50:00,2023-04-25 08:55:00,-3900.1122334454726,-0.7800224466890945,4,"欧州
15-21JST","AUDNZD_欧州
15-21JST",2023_17
AUDNZD,long,2023-04-25 09:10:00,2023-04-25 09:15:00,-5000.0,-1.0,1,"欧州
15-21JST","AUDNZD_欧州
15-21JST",2023_17
AUDNZD,long,2023-04-25 09:15:00,2023-04-25 09:20:00,-1714.4719687085055,-0.3428943937417011,2,"欧州
15-21JST","AUDNZD_欧州
15-21JST",2023_17
AUDNZD,long,2023-04-25 09:20:00,2023-04-25 09:25:00,-1644.4740346220367,-0.3288948069244073,2,"欧州
15-21JST","AUDNZD_欧州
15-21JST",2023_17
GBPUSD,long,2023-04-25 11:40:00,2023-04-25 11:45:00,-4999.999999999421,-0.999999999999884,1,"欧州
15-21JST","GBPUSD_欧州
15-21JST",2023_17
GBPUSD,long,2023-04-25 11:50:00,2023-04-25 11:55:00,-5000.000000000253,-1.0000000000000506,1,"欧州
15-21JST","GBPUSD_欧州
15-21JST",2023_17
GBPUSD,short,2023-04-25 12:20:00,2023-04-25 12:25:00,7491.7127071802415,1.4983425414360485,6,"NY
21-03JST","GBPUSD_NY
21-03JST",2023_17
GBPUSD,short,2023-04-25 12:25:00,2023-04-25 12:30:00,8659.45945945818,1.731891891891636,5,"NY
21-03JST","GBPUSD_NY
21-03JST",2023_17
GBPUSD,short,2023-04-25 12:35:00,2023-04-25 12:40:00,8794.229722371305,1.758845944474261,3,"NY
21-03JST","GBPUSD_NY
21-03JST",2023_17
GBPUSD,short,2023-04-25 12:45:00,2023-04-25 12:50:00,3037.904124859136,0.6075808249718272,2,"NY
21-03JST","GBPUSD_NY
21-03JST",2023_17
GBPUSD,short,2023-04-25 12:50:00,2023-04-25 12:55:00,10117.70726714509,2.023541453429018,5,"NY
21-03JST","GBPUSD_NY
21-03JST",2023_17
GBPUSD,short,2023-04-25 13:05:00,2023-04-25 13:10:00,6533.006001092536,1.3066012002185072,2,"NY
21-03JST","GBPUSD_NY
21-03JST",2023_17
GBPUSD,short,2023-04-25 13:10:00,2023-04-25 13:15:00,-3488.6782517110023,-0.6977356503422004,2,"NY
21-03JST","GBPUSD_NY
21-03JST",2023_17
GBPUSD,short,2023-04-25 13:15:00,2023-04-25 13:20:00,-4999.999999999305,-0.999999999999861,1,"NY
21-03JST","GBPUSD_NY
21-03JST",2023_17
GBPUSD,short,2023-04-25 13:35:00,2023-04-25 13:40:00,1736.2525458241698,0.3472505091648339,2,"NY
21-03JST","GBPUSD_NY
21-03JST",2023_17
CHFJPY,long,2023-04-25 13:40:00,2023-04-25 13:45:00,-2801.693719124968,-0.5603387438249935,2,"NY
21-03JST","CHFJPY_NY
21-03JST",2023_17
GBPUSD,short,2023-04-25 13:40:00,2023-04-25 13:45:00,-1405.782652043056,-0.2811565304086112,2,"NY
21-03JST","GBPUSD_NY
21-03JST",2023_17
GBPUSD,short,2023-04-25 13:45:00,2023-04-25 13:50:00,-2257.5250836126834,-0.4515050167225367,2,"NY
21-03JST","GBPUSD_NY
21-03JST",2023_17
CHFJPY,long,2023-04-25 13:45:00,2023-04-25 13:50:00,-4086.419753087574,-0.8172839506175148,2,"NY
21-03JST","CHFJPY_NY
21-03JST",2023_17
CHFJPY,long,2023-04-25 13:55:00,2023-04-25 14:00:00,1868.211440984672,0.3736422881969343,2,"NY
21-03JST","CHFJPY_NY
21-03JST",2023_17
GBPUSD,short,2023-04-25 13:55:00,2023-04-25 14:00:00,8520.54794520454,1.704109589040908,3,"NY
21-03JST","GBPUSD_NY
21-03JST",2023_17
CHFJPY,long,2023-04-25 14:00:00,2023-04-25 14:05:00,-4999.999999999366,-0.9999999999998732,1,"NY
21-03JST","CHFJPY_NY
21-03JST",2023_17
GBPUSD,short,2023-04-25 14:05:00,2023-04-25 14:10:00,7771.36258660423,1.554272517320846,2,"NY
21-03JST","GBPUSD_NY
21-03JST",2023_17
GBPUSD,short,2023-04-25 14:10:00,2023-04-25 14:15:00,-4999.999999999451,-0.99999999999989,2,"NY
21-03JST","GBPUSD_NY
21-03JST",2023_17
CHFJPY,long,2023-04-25 14:10:00,2023-04-25 14:15:00,-2461.2676056341693,-0.4922535211268338,3,"NY
21-03JST","CHFJPY_NY
21-03JST",2023_17
CHFJPY,long,2023-04-25 14:15:00,2023-04-25 14:20:00,-3366.336633663993,-0.6732673267327985,2,"NY
21-03JST","CHFJPY_NY
21-03JST",2023_17
CHFJPY,long,2023-04-25 14:20:00,2023-04-25 14:25:00,184.2921116086329,0.0368584223217265,2,"NY
21-03JST","CHFJPY_NY
21-03JST",2023_17
NZDUSD,long,2023-04-25 14:25:00,2023-04-25 14:30:00,-4304.174950296283,-0.8608349900592566,4,"NY
21-03JST","NZDUSD_NY
21-03JST",2023_17
CHFJPY,long,2023-04-25 14:30:00,2023-04-25 14:35:00,-5000.000000000463,-1.0000000000000926,1,"NY
21-03JST","CHFJPY_NY
21-03JST",2023_17
CHFJPY,long,2023-04-25 14:35:00,2023-04-25 14:40:00,-5000.000000000274,-1.0000000000000548,1,"NY
21-03JST","CHFJPY_NY
21-03JST",2023_17
NZDUSD,long,2023-04-25 14:35:00,2023-04-25 14:40:00,-2062.937062936633,-0.4125874125873267,2,"NY
21-03JST","NZDUSD_NY
21-03JST",2023_17
NZDUSD,long,2023-04-25 14:40:00,2023-04-25 14:45:00,-3938.321536905966,-0.7876643073811932,2,"NY
21-03JST","NZDUSD_NY
21-03JST",2023_17
CHFJPY,long,2023-04-25 14:40:00,2023-04-25 14:45:00,-321.6190775024336,-0.0643238155004867,3,"NY
21-03JST","CHFJPY_NY
21-03JST",2023_17
CHFJPY,long,2023-04-25 14:45:00,2023-04-25 14:50:00,-3405.6162246498216,-0.6811232449299643,2,"NY
21-03JST","CHFJPY_NY
21-03JST",2023_17
NZDUSD,long,2023-04-25 14:50:00,2023-04-25 14:55:00,3996.865203759508,0.7993730407519015,8,"NY
21-03JST","NZDUSD_NY
21-03JST",2023_17
CHFJPY,long,2023-04-25 14:55:00,2023-04-25 15:00:00,9026.717557253683,1.8053435114507368,5,"NY
21-03JST","CHFJPY_NY
21-03JST",2023_17
NZDUSD,long,2023-04-25 15:00:00,2023-04-25 15:05:00,2276.836158189631,0.4553672316379262,5,"NY
21-03JST","NZDUSD_NY
21-03JST",2023_17
CHFJPY,long,2023-04-25 15:00:00,2023-04-25 15:05:00,5857.664233577957,1.1715328467155914,5,"NY
21-03JST","CHFJPY_NY
21-03JST",2023_17
CHFJPY,long,2023-04-25 17:10:00,2023-04-25 17:15:00,-4999.999999999696,-0.9999999999999392,1,"NY
21-03JST","CHFJPY_NY
21-03JST",2023_17
CHFJPY,long,2023-04-25 17:20:00,2023-04-25 17:25:00,749.8675145740177,0.1499735029148035,3,"NY
21-03JST","CHFJPY_NY
21-03JST",2023_17
AUDJPY,short,2023-04-26 01:45:00,2023-04-26 01:50:00,-119.09917713346232,-0.0238198354266924,3,"東京
09-15JST","AUDJPY_東京
09-15JST",2023_17
AUDNZD,long,2023-04-26 06:50:00,2023-04-26 06:55:00,8218.085106381339,1.6436170212762675,6,"欧州
15-21JST","AUDNZD_欧州
15-21JST",2023_17
AUDNZD,long,2023-04-26 07:40:00,2023-04-26 07:45:00,1385.9649122798753,0.277192982455975,3,"欧州
15-21JST","AUDNZD_欧州
15-21JST",2023_17
CHFJPY,long,2023-04-26 13:40:00,2023-04-26 13:45:00,-443.7869822489769,-0.0887573964497953,6,"NY
21-03JST","CHFJPY_NY
21-03JST",2023_17
AUDNZD,long,2023-04-27 08:25:00,2023-04-27 08:30:00,-4999.999999998687,-0.9999999999997372,1,"欧州
15-21JST","AUDNZD_欧州
15-21JST",2023_17
AUDNZD,long,2023-04-27 08:30:00,2023-04-27 08:35:00,-5000.000000000904,-1.0000000000001807,1,"欧州
15-21JST","AUDNZD_欧州
15-21JST",2023_17
AUDNZD,long,2023-04-27 08:35:00,2023-04-27 08:40:00,-4999.999999998866,-0.9999999999997732,1,"欧州
15-21JST","AUDNZD_欧州
15-21JST",2023_17
AUDNZD,long,2023-04-27 08:40:00,2023-04-27 08:45:00,-3185.4436689946347,-0.6370887337989269,2,"欧州
15-21JST","AUDNZD_欧州
15-21JST",2023_17
AUDNZD,long,2023-04-27 08:55:00,2023-04-27 09:00:00,-4999.99999999836,-0.999999999999672,1,"欧州
15-21JST","AUDNZD_欧州
15-21JST",2023_17
AUDNZD,long,2023-04-27 09:00:00,2023-04-27 09:05:00,87.00102354180352,0.0174002047083607,3,"欧州
15-21JST","AUDNZD_欧州
15-21JST",2023_17
AUDNZD,long,2023-04-27 09:05:00,2023-04-27 09:10:00,151.2096774181251,0.030241935483625,2,"欧州
15-21JST","AUDNZD_欧州
15-21JST",2023_17
CHFJPY,long,2023-04-27 12:00:00,2023-04-27 12:05:00,-5000.000000000243,-1.0000000000000486,1,"NY
21-03JST","CHFJPY_NY
21-03JST",2023_17
CHFJPY,long,2023-04-27 12:05:00,2023-04-27 12:10:00,3370.212765957297,0.6740425531914594,4,"NY
21-03JST","CHFJPY_NY
21-03JST",2023_17
CHFJPY,long,2023-04-27 12:10:00,2023-04-27 12:15:00,2326.6078184121006,0.4653215636824201,3,"NY
21-03JST","CHFJPY_NY
21-03JST",2023_17
NZDUSD,long,2023-04-27 13:05:00,2023-04-27 13:10:00,-4999.999999999809,-0.9999999999999618,1,"NY
21-03JST","NZDUSD_NY
21-03JST",2023_17
NZDUSD,long,2023-04-27 13:10:00,2023-04-27 13:15:00,-5000.000000000185,-1.0000000000000369,1,"NY
21-03JST","NZDUSD_NY
21-03JST",2023_17
NZDUSD,long,2023-04-27 13:15:00,2023-04-27 13:20:00,-634.2494714592594,-0.1268498942918519,4,"NY
21-03JST","NZDUSD_NY
21-03JST",2023_17
NZDUSD,long,2023-04-27 13:20:00,2023-04-27 13:25:00,247.2670484123917,0.0494534096824783,3,"NY
21-03JST","NZDUSD_NY
21-03JST",2023_17
NZDUSD,long,2023-04-27 13:30:00,2023-04-27 13:35:00,-4999.999999999673,-0.9999999999999344,1,"NY
21-03JST","NZDUSD_NY
21-03JST",2023_17
NZDUSD,long,2023-04-27 13:40:00,2023-04-27 13:45:00,9610.712313638542,1.9221424627277084,8,"NY
21-03JST","NZDUSD_NY
21-03JST",2023_17
NZDUSD,long,2023-04-27 13:45:00,2023-04-27 13:50:00,7397.06711787885,1.47941342357577,7,"NY
21-03JST","NZDUSD_NY
21-03JST",2023_17
NZDUSD,long,2023-04-27 14:20:00,2023-04-27 14:25:00,-4999.999999999524,-0.9999999999999049,1,"NY
21-03JST","NZDUSD_NY
21-03JST",2023_17
AUDNZD,long,2023-04-28 06:00:00,2023-04-28 06:05:00,-734.7670250909132,-0.1469534050181826,2,"欧州
15-21JST","AUDNZD_欧州
15-21JST",2023_17
AUDNZD,long,2023-04-28 06:10:00,2023-04-28 06:15:00,1145.9521094652382,0.2291904218930476,3,"欧州
15-21JST","AUDNZD_欧州
15-21JST",2023_17
AUDNZD,long,2023-04-28 06:15:00,2023-04-28 06:20:00,480.9843400454128,0.0961968680090825,2,"欧州
15-21JST","AUDNZD_欧州
15-21JST",2023_17
AUDNZD,long,2023-04-28 06:30:00,2023-04-28 06:35:00,-699.8992950648538,-0.1399798590129707,4,"欧州
15-21JST","AUDNZD_欧州
15-21JST",2023_17
AUDNZD,long,2023-04-28 06:35:00,2023-04-28 06:40:00,379.3774319064976,0.0758754863812995,3,"欧州
15-21JST","AUDNZD_欧州
15-21JST",2023_17
AUDNZD,long,2023-04-28 06:55:00,2023-04-28 07:00:00,-5000.0000000002165,-1.0000000000000433,1,"欧州
15-21JST","AUDNZD_欧州
15-21JST",2023_17
AUDNZD,long,2023-04-28 07:00:00,2023-04-28 07:05:00,-4999.999999999117,-0.9999999999998234,1,"欧州
15-21JST","AUDNZD_欧州
15-21JST",2023_17
AUDNZD,long,2023-04-28 07:05:00,2023-04-28 07:10:00,-5000.00000000021,-1.000000000000042,1,"欧州
15-21JST","AUDNZD_欧州
15-21JST",2023_17
AUDNZD,long,2023-04-28 07:10:00,2023-04-28 07:15:00,-5000.0000000008085,-1.0000000000001616,1,"欧州
15-21JST","AUDNZD_欧州
15-21JST",2023_17
AUDNZD,long,2023-04-28 07:20:00,2023-04-28 07:25:00,674.281503317465,0.134856300663493,7,"欧州
15-21JST","AUDNZD_欧州
15-21JST",2023_17
AUDNZD,long,2023-04-28 08:35:00,2023-04-28 08:40:00,1485.3977844936935,0.2970795568987387,5,"欧州
15-21JST","AUDNZD_欧州
15-21JST",2023_17
GBPUSD,long,2023-04-28 08:45:00,2023-04-28 08:50:00,568.4533970633723,0.1136906794126744,12,"欧州
15-21JST","GBPUSD_欧州
15-21JST",2023_17
GBPUSD,long,2023-04-28 08:50:00,2023-04-28 08:55:00,3278.5164450657094,0.6557032890131419,11,"欧州
15-21JST","GBPUSD_欧州
15-21JST",2023_17
GBPUSD,long,2023-04-28 09:05:00,2023-04-28 09:10:00,3592.8143712578976,0.7185628742515795,6,"欧州
15-21JST","GBPUSD_欧州
15-21JST",2023_17
AUDNZD,long,2023-04-28 09:05:00,2023-04-28 09:10:00,1771.8940936874922,0.3543788187374984,3,"欧州
15-21JST","AUDNZD_欧州
15-21JST",2023_17
GBPUSD,long,2023-04-28 09:50:00,2023-04-28 09:55:00,-5000.000000000771,-1.0000000000001543,1,"欧州
15-21JST","GBPUSD_欧州
15-21JST",2023_17
GBPUSD,long,2023-04-28 09:55:00,2023-04-28 10:00:00,-4999.999999999345,-0.999999999999869,1,"欧州
15-21JST","GBPUSD_欧州
15-21JST",2023_17
AUDNZD,long,2023-04-28 10:00:00,2023-04-28 10:05:00,305.8510638258506,0.0611702127651701,5,"欧州
15-21JST","AUDNZD_欧州
15-21JST",2023_17
AUDNZD,long,2023-04-28 10:30:00,2023-04-28 10:35:00,-4999.999999998554,-0.9999999999997108,1,"欧州
15-21JST","AUDNZD_欧州
15-21JST",2023_17
AUDNZD,long,2023-04-28 11:30:00,2023-04-28 11:35:00,-2731.481481480014,-0.5462962962960027,3,"欧州
15-21JST","AUDNZD_欧州
15-21JST",2023_17
CHFJPY,long,2023-04-28 16:20:00,2023-04-28 16:25:00,447.3774425771683,0.0894754885154336,2,"NY
21-03JST","CHFJPY_NY
21-03JST",2023_17
CHFJPY,long,2023-04-28 16:45:00,2023-04-28 16:50:00,116.87207819939064,0.0233744156398781,2,"NY
21-03JST","CHFJPY_NY
21-03JST",2023_17
CHFJPY,long,2023-04-28 17:20:00,2023-04-28 17:25:00,-599.5773903855211,-0.1199154780771042,2,"NY
21-03JST","CHFJPY_NY
21-03JST",2023_17
NZDUSD,long,2023-05-01 14:40:00,2023-05-01 14:45:00,-2955.4189085330563,-0.5910837817066112,2,"NY
21-03JST","NZDUSD_NY
21-03JST",2023_18
NZDUSD,long,2023-05-01 14:50:00,2023-05-01 14:55:00,-3221.709006925849,-0.6443418013851697,2,"NY
21-03JST","NZDUSD_NY
21-03JST",2023_18
NZDUSD,long,2023-05-01 14:55:00,2023-05-01 15:00:00,-4999.999999999402,-0.9999999999998804,1,"NY
21-03JST","NZDUSD_NY
21-03JST",2023_18
NZDUSD,long,2023-05-01 15:05:00,2023-05-01 15:10:00,-4183.673469387853,-0.8367346938775707,6,"NY
21-03JST","NZDUSD_NY
21-03JST",2023_18
AUDUSD,long,2023-05-01 15:05:00,2023-05-01 15:10:00,-5000.000000000147,-1.0000000000000295,1,"NY
21-03JST","AUDUSD_NY
21-03JST",2023_18
NZDUSD,long,2023-05-01 15:10:00,2023-05-01 15:15:00,-1582.5874694865372,-0.3165174938973074,2,"NY
21-03JST","NZDUSD_NY
21-03JST",2023_18
NZDUSD,long,2023-05-01 15:15:00,2023-05-01 15:20:00,-3736.669401148987,-0.7473338802297974,4,"NY
21-03JST","NZDUSD_NY
21-03JST",2023_18
AUDUSD,long,2023-05-01 15:30:00,2023-05-01 15:35:00,-2797.010228165583,-0.5594020456331167,3,"NY
21-03JST","AUDUSD_NY
21-03JST",2023_18
GBPUSD,short,2023-05-01 15:35:00,2023-05-01 15:40:00,3179.6233703533003,0.6359246740706601,10,"NY
21-03JST","GBPUSD_NY
21-03JST",2023_18
GBPUSD,short,2023-05-01 15:40:00,2023-05-01 15:45:00,1388.2182520532165,0.2776436504106433,9,"NY
21-03JST","GBPUSD_NY
21-03JST",2023_18
AUDUSD,long,2023-05-01 15:40:00,2023-05-01 15:45:00,-4313.725490197142,-0.8627450980394283,2,"NY
21-03JST","AUDUSD_NY
21-03JST",2023_18
NZDUSD,long,2023-05-01 15:40:00,2023-05-01 15:45:00,-3324.125230201769,-0.6648250460403539,6,"NY
21-03JST","NZDUSD_NY
21-03JST",2023_18
AUDUSD,long,2023-05-01 15:50:00,2023-05-01 15:55:00,3865.435356199963,0.7730870712399925,13,"NY
21-03JST","AUDUSD_NY
21-03JST",2023_18
GBPUSD,short,2023-05-01 15:50:00,2023-05-01 15:55:00,2891.04638619251,0.578209277238502,7,"NY
21-03JST","GBPUSD_NY
21-03JST",2023_18
AUDUSD,long,2023-05-01 15:55:00,2023-05-01 16:00:00,-1050.347222222532,-0.2100694444445063,12,"NY
21-03JST","AUDUSD_NY
21-03JST",2023_18
GBPUSD,short,2023-05-01 16:00:00,2023-05-01 16:05:00,2769.0140845072087,0.5538028169014417,5,"NY
21-03JST","GBPUSD_NY
21-03JST",2023_18
AUDUSD,long,2023-05-01 16:05:00,2023-05-01 16:10:00,2250.4708097922144,0.4500941619584429,7,"NY
21-03JST","AUDUSD_NY
21-03JST",2023_18
GBPUSD,short,2023-05-01 16:05:00,2023-05-01 16:10:00,372.0930232587321,0.0744186046517464,4,"NY
21-03JST","GBPUSD_NY
21-03JST",2023_18
NZDUSD,long,2023-05-01 16:05:00,2023-05-01 16:10:00,2329.411764706667,0.4658823529413334,6,"NY
21-03JST","NZDUSD_NY
21-03JST",2023_18
AUDUSD,long,2023-05-01 16:10:00,2023-05-01 16:15:00,4124.5136186754735,0.8249027237350947,6,"NY
21-03JST","AUDUSD_NY
21-03JST",2023_18
GBPUSD,short,2023-05-01 16:10:00,2023-05-01 16:15:00,-2512.468827927209,-0.5024937655854418,3,"NY
21-03JST","GBPUSD_NY
21-03JST",2023_18
GBPUSD,short,2023-05-01 16:15:00,2023-05-01 16:20:00,-3078.0346820777727,-0.6156069364155545,2,"NY
21-03JST","GBPUSD_NY
21-03JST",2023_18
NZDUSD,long,2023-05-01 16:15:00,2023-05-01 16:20:00,3019.8019801979613,0.6039603960395923,4,"NY
21-03JST","NZDUSD_NY
21-03JST",2023_18
AUDUSD,long,2023-05-01 16:15:00,2023-05-01 16:20:00,4559.471365636768,0.9118942731273536,5,"NY
21-03JST","AUDUSD_NY
21-03JST",2023_18
GBPUSD,short,2023-05-01 16:25:00,2023-05-01 16:30:00,-4999.999999999477,-0.9999999999998954,1,"NY
21-03JST","GBPUSD_NY
21-03JST",2023_18
AUDUSD,long,2023-05-01 16:40:00,2023-05-01 16:45:00,-2716.436637391764,-0.5432873274783527,3,"NY
21-03JST","AUDUSD_NY
21-03JST",2023_18
AUDUSD,long,2023-05-01 16:45:00,2023-05-01 16:50:00,-2648.5788113710546,-0.5297157622742109,2,"NY
21-03JST","AUDUSD_NY
21-03JST",2023_18
GBPUSD,short,2023-05-01 16:45:00,2023-05-01 16:50:00,-1259.968102074359,-0.2519936204148718,2,"NY
21-03JST","GBPUSD_NY
21-03JST",2023_18
GBPUSD,short,2023-05-01 16:55:00,2023-05-01 17:00:00,-1737.2881355954337,-0.3474576271190867,5,"NY
21-03JST","GBPUSD_NY
21-03JST",2023_18
GBPUSD,short,2023-05-02 13:40:00,2023-05-02 13:45:00,5011.086474501796,1.0022172949003592,3,"NY
21-03JST","GBPUSD_NY
21-03JST",2023_18
GBPUSD,short,2023-05-02 13:45:00,2023-05-02 13:50:00,1256.130790189445,0.251226158037889,2,"NY
21-03JST","GBPUSD_NY
21-03JST",2023_18
NZDUSD,long,2023-05-02 13:45:00,2023-05-02 13:50:00,-5000.000000000303,-1.0000000000000606,1,"NY
21-03JST","NZDUSD_NY
21-03JST",2023_18
NZDUSD,long,2023-05-02 13:50:00,2023-05-02 13:55:00,35533.208606174674,7.106641721234935,12,"NY
21-03JST","NZDUSD_NY
21-03JST",2023_18
AUDUSD,long,2023-05-02 13:50:00,2023-05-02 13:55:00,-5000.000000000191,-1.0000000000000382,1,"NY
21-03JST","AUDUSD_NY
21-03JST",2023_18
NZDUSD,long,2023-05-02 13:55:00,2023-05-02 23:00:00,19345.18647007743,3.8690372940154862,11,"NY
21-03JST","NZDUSD_NY
21-03JST",2023_18
AUDUSD,long,2023-05-02 13:55:00,2023-05-02 23:00:00,6777.970511706163,1.3555941023412326,12,"NY
21-03JST","AUDUSD_NY
21-03JST",2023_18
AUDJPY,short,2023-05-03 00:05:00,2023-05-03 00:10:00,482.6958105640012,0.0965391621128002,5,"東京
09-15JST","AUDJPY_東京
09-15JST",2023_18
AUDJPY,short,2023-05-03 00:10:00,2023-05-03 00:15:00,4600.694444441566,0.9201388888883132,3,"東京
09-15JST","AUDJPY_東京
09-15JST",2023_18
AUDJPY,short,2023-05-03 00:20:00,2023-05-03 00:25:00,-4999.999999999206,-0.9999999999998412,1,"東京
09-15JST","AUDJPY_東京
09-15JST",2023_18
AUDJPY,short,2023-05-03 00:25:00,2023-05-03 00:30:00,-4999.999999999326,-0.9999999999998652,1,"東京
09-15JST","AUDJPY_東京
09-15JST",2023_18
AUDJPY,short,2023-05-03 00:50:00,2023-05-03 00:55:00,-1689.9224806193129,-0.3379844961238625,3,"東京
09-15JST","AUDJPY_東京
09-15JST",2023_18
GBPUSD,short,2023-05-03 12:40:00,2023-05-03 12:45:00,-2768.1920480126523,-0.5536384096025304,2,"NY
21-03JST","GBPUSD_NY
21-03JST",2023_18
NZDUSD,short,2023-05-03 22:10:00,2023-05-03 22:15:00,5823.529411766601,1.16470588235332,2,"深夜
03-09JST","NZDUSD_深夜
03-09JST",2023_18
NZDUSD,short,2023-05-03 22:15:00,2023-05-03 22:20:00,-4999.999999999125,-0.999999999999825,1,"深夜
03-09JST","NZDUSD_深夜
03-09JST",2023_18
NZDUSD,short,2023-05-03 22:20:00,2023-05-03 22:25:00,4353.023909986024,0.8706047819972047,2,"深夜
03-09JST","NZDUSD_深夜
03-09JST",2023_18
NZDUSD,short,2023-05-03 23:00:00,2023-05-03 23:05:00,-1186.291739894422,-0.2372583479788843,2,"深夜
03-09JST","NZDUSD_深夜
03-09JST",2023_18
AUDJPY,short,2023-05-04 00:00:00,2023-05-04 00:05:00,-5000.00000000029,-1.000000000000058,1,"東京
09-15JST","AUDJPY_東京
09-15JST",2023_18
EURJPY,long,2023-05-04 12:30:00,2023-05-04 12:35:00,-851.9714088082227,-0.1703942817616445,4,"NY
21-03JST","EURJPY_NY
21-03JST",2023_18
EURJPY,long,2023-05-04 12:35:00,2023-05-04 12:40:00,2464.530892448344,0.4929061784896686,3,"NY
21-03JST","EURJPY_NY
21-03JST",2023_18
EURJPY,long,2023-05-04 12:40:00,2023-05-04 12:45:00,629.4265478642728,0.1258853095728545,2,"NY
21-03JST","EURJPY_NY
21-03JST",2023_18
EURJPY,long,2023-05-04 13:35:00,2023-05-04 13:40:00,-5000.000000000227,-1.0000000000000455,1,"NY
21-03JST","EURJPY_NY
21-03JST",2023_18
AUDUSD,long,2023-05-04 13:45:00,2023-05-04 13:50:00,10778.175313057747,2.15563506261155,4,"NY
21-03JST","AUDUSD_NY
21-03JST",2023_18
EURJPY,long,2023-05-04 14:10:00,2023-05-04 14:15:00,-5000.000000000205,-1.0000000000000409,1,"NY
21-03JST","EURJPY_NY
21-03JST",2023_18
EURJPY,long,2023-05-04 14:40:00,2023-05-04 14:45:00,-4999.999999999864,-0.9999999999999728,1,"NY
21-03JST","EURJPY_NY
21-03JST",2023_18
EURJPY,long,2023-05-04 14:45:00,2023-05-04 14:50:00,-5000.000000000093,-1.0000000000000189,1,"NY
21-03JST","EURJPY_NY
21-03JST",2023_18
EURJPY,long,2023-05-04 14:50:00,2023-05-04 14:55:00,-4999.999999999655,-0.999999999999931,1,"NY
21-03JST","EURJPY_NY
21-03JST",2023_18
EURJPY,long,2023-05-04 14:55:00,2023-05-04 15:00:00,935.5049926339126,0.1871009985267825,6,"NY
21-03JST","EURJPY_NY
21-03JST",2023_18
EURJPY,long,2023-05-04 15:15:00,2023-05-04 15:20:00,-2543.189670849282,-0.5086379341698564,2,"NY
21-03JST","EURJPY_NY
21-03JST",2023_18
EURJPY,long,2023-05-04 15:30:00,2023-05-04 15:35:00,-1332.25020308747,-0.266450040617494,2,"NY
21-03JST","EURJPY_NY
21-03JST",2023_18
EURJPY,long,2023-05-04 15:45:00,2023-05-04 15:50:00,-2771.07180020767,-0.554214360041534,4,"NY
21-03JST","EURJPY_NY
21-03JST",2023_18
EURJPY,long,2023-05-04 15:50:00,2023-05-04 15:55:00,-1721.007016095362,-0.3442014032190724,3,"NY
21-03JST","EURJPY_NY
21-03JST",2023_18
EURJPY,long,2023-05-04 15:55:00,2023-05-04 16:00:00,-2754.010695186314,-0.5508021390372628,2,"NY
21-03JST","EURJPY_NY
21-03JST",2023_18
EURJPY,long,2023-05-04 16:05:00,2023-05-04 16:10:00,3112.706007443396,0.6225412014886792,5,"NY
21-03JST","EURJPY_NY
21-03JST",2023_18
EURJPY,long,2023-05-04 16:10:00,2023-05-04 16:15:00,6090.455049943182,1.2180910099886364,4,"NY
21-03JST","EURJPY_NY
21-03JST",2023_18
NZDUSD,long,2023-05-05 12:30:00,2023-05-05 12:35:00,-4999.999999999912,-0.9999999999999823,1,"NY
21-03JST","NZDUSD_NY
21-03JST",2023_18
GBPUSD,short,2023-05-05 12:40:00,2023-05-05 12:45:00,-4999.999999999914,-0.9999999999999828,1,"NY
21-03JST","GBPUSD_NY
21-03JST",2023_18
GBPUSD,short,2023-05-05 12:45:00,2023-05-05 12:50:00,963.2378932486477,0.1926475786497295,2,"NY
21-03JST","GBPUSD_NY
21-03JST",2023_18
GBPUSD,short,2023-05-05 12:55:00,2023-05-05 13:00:00,-4904.664623766404,-0.9809329247532808,2,"NY
21-03JST","GBPUSD_NY
21-03JST",2023_18
GBPUSD,short,2023-05-05 13:20:00,2023-05-05 13:25:00,-906.6629181889872,-0.1813325836377974,4,"NY
21-03JST","GBPUSD_NY
21-03JST",2023_18
GBPUSD,short,2023-05-05 13:25:00,2023-05-05 13:30:00,-1843.706777315848,-0.3687413554631695,3,"NY
21-03JST","GBPUSD_NY
21-03JST",2023_18
NZDUSD,long,2023-05-05 13:35:00,2023-05-05 13:40:00,7687.499999999489,1.5374999999998975,5,"NY
21-03JST","NZDUSD_NY
21-03JST",2023_18
EURGBP,long,2023-05-08 10:05:00,2023-05-08 10:10:00,-1978.4172661879936,-0.3956834532375988,2,"欧州
15-21JST","EURGBP_欧州
15-21JST",2023_19
EURGBP,long,2023-05-08 10:10:00,2023-05-08 10:15:00,-4999.999999999499,-0.9999999999998996,2,"欧州
15-21JST","EURGBP_欧州
15-21JST",2023_19
EURGBP,long,2023-05-08 10:15:00,2023-05-08 10:20:00,-2597.50390015405,-0.51950078003081,2,"欧州
15-21JST","EURGBP_欧州
15-21JST",2023_19
EURGBP,long,2023-05-08 10:20:00,2023-05-08 10:25:00,-4999.999999999101,-0.9999999999998204,1,"欧州
15-21JST","EURGBP_欧州
15-21JST",2023_19
EURGBP,long,2023-05-08 10:25:00,2023-05-08 10:30:00,-3350.168350168585,-0.670033670033717,2,"欧州
15-21JST","EURGBP_欧州
15-21JST",2023_19
EURGBP,long,2023-05-08 10:30:00,2023-05-08 10:35:00,-5000.0,-1.0,1,"欧州
15-21JST","EURGBP_欧州
15-21JST",2023_19
EURGBP,long,2023-05-08 10:35:00,2023-05-08 10:40:00,-5000.0000000001855,-1.000000000000037,1,"欧州
15-21JST","EURGBP_欧州
15-21JST",2023_19
EURGBP,long,2023-05-08 10:40:00,2023-05-08 10:45:00,-5000.000000000365,-1.0000000000000728,1,"欧州
15-21JST","EURGBP_欧州
15-21JST",2023_19
EURGBP,long,2023-05-08 10:45:00,2023-05-08 10:50:00,1699.6699669997238,0.3399339933999447,5,"欧州
15-21JST","EURGBP_欧州
15-21JST",2023_19
EURGBP,long,2023-05-08 10:50:00,2023-05-08 10:55:00,3921.568627454096,0.7843137254908192,4,"欧州
15-21JST","EURGBP_欧州
15-21JST",2023_19
EURGBP,long,2023-05-09 09:55:00,2023-05-09 10:00:00,-159.57446808585243,-0.0319148936171704,2,"欧州
15-21JST","EURGBP_欧州
15-21JST",2023_19
NZDUSD,long,2023-05-09 12:50:00,2023-05-09 12:55:00,-4999.999999999448,-0.9999999999998896,2,"NY
21-03JST","NZDUSD_NY
21-03JST",2023_19
GBPUSD,short,2023-05-09 13:15:00,2023-05-09 13:20:00,-5000.000000000291,-1.0000000000000582,1,"NY
21-03JST","GBPUSD_NY
21-03JST",2023_19
EURGBP,long,2023-05-10 08:35:00,2023-05-10 08:40:00,3320.6106870223343,0.6641221374044669,9,"欧州
15-21JST","EURGBP_欧州
15-21JST",2023_19
EURGBP,long,2023-05-10 08:40:00,2023-05-10 08:45:00,2459.634015070124,0.4919268030140248,8,"欧州
15-21JST","EURGBP_欧州
15-21JST",2023_19
GBPUSD,short,2023-05-10 14:35:00,2023-05-10 14:40:00,2820.3124999980014,0.5640624999996002,3,"NY
21-03JST","GBPUSD_NY
21-03JST",2023_19
GBPUSD,short,2023-05-10 14:40:00,2023-05-10 14:45:00,-400.0773096265285,-0.0800154619253057,2,"NY
21-03JST","GBPUSD_NY
21-03JST",2023_19
GBPUSD,short,2023-05-10 14:45:00,2023-05-10 14:50:00,-1264.436479491265,-0.2528872958982529,2,"NY
21-03JST","GBPUSD_NY
21-03JST",2023_19
GBPUSD,short,2023-05-10 14:50:00,2023-05-10 14:55:00,-4999.999999999817,-0.9999999999999636,1,"NY
21-03JST","GBPUSD_NY
21-03JST",2023_19
NZDUSD,long,2023-05-10 15:10:00,2023-05-10 15:15:00,-675.675675676489,-0.1351351351352978,3,"NY
21-03JST","NZDUSD_NY
21-03JST",2023_19
GBPUSD,short,2023-05-10 15:10:00,2023-05-10 15:15:00,491.3793103447903,0.098275862068958,13,"NY
21-03JST","GBPUSD_NY
21-03JST",2023_19
NZDUSD,long,2023-05-10 15:25:00,2023-05-10 15:30:00,-1416.5931156214083,-0.2833186231242816,5,"NY
21-03JST","NZDUSD_NY
21-03JST",2023_19
EURAUD,long,2023-05-10 19:25:00,2023-05-10 19:30:00,2145.135566184393,0.4290271132368786,6,"深夜
03-09JST","EURAUD_深夜
03-09JST",2023_19
GBPUSD,short,2023-05-11 13:00:00,2023-05-11 13:05:00,21851.06382978519,4.370212765957038,13,"NY
21-03JST","GBPUSD_NY
21-03JST",2023_19
GBPUSD,short,2023-05-11 13:05:00,2023-05-11 13:10:00,22340.219496448004,4.468043899289601,12,"NY
21-03JST","GBPUSD_NY
21-03JST",2023_19
GBPUSD,short,2023-05-11 13:15:00,2023-05-11 13:20:00,17865.004855938994,3.573000971187799,10,"NY
21-03JST","GBPUSD_NY
21-03JST",2023_19
GBPUSD,short,2023-05-11 13:20:00,2023-05-11 13:25:00,13501.720362839054,2.7003440725678107,9,"NY
21-03JST","GBPUSD_NY
21-03JST",2023_19
GBPUSD,short,2023-05-11 13:25:00,2023-05-11 13:30:00,14306.339196811532,2.8612678393623066,8,"NY
21-03JST","GBPUSD_NY
21-03JST",2023_19
GBPUSD,short,2023-05-11 13:30:00,2023-05-11 13:35:00,13702.113606339535,2.7404227212679078,7,"NY
21-03JST","GBPUSD_NY
21-03JST",2023_19
GBPUSD,short,2023-05-11 13:35:00,2023-05-11 13:40:00,10505.327736517964,2.101065547303593,6,"NY
21-03JST","GBPUSD_NY
21-03JST",2023_19
NZDUSD,long,2023-05-11 14:20:00,2023-05-11 14:25:00,13446.601941746982,2.689320388349396,7,"NY
21-03JST","NZDUSD_NY
21-03JST",2023_19
GBPUSD,short,2023-05-11 14:40:00,2023-05-11 14:45:00,-1865.6716417910056,-0.3731343283582011,2,"NY
21-03JST","GBPUSD_NY
21-03JST",2023_19
GBPUSD,short,2023-05-11 15:10:00,2023-05-11 15:15:00,9294.59588713279,1.8589191774265577,8,"NY
21-03JST","GBPUSD_NY
21-03JST",2023_19
GBPUSD,short,2023-05-11 15:45:00,2023-05-11 15:50:00,-5000.000000000136,-1.000000000000027,1,"NY
21-03JST","GBPUSD_NY
21-03JST",2023_19
NZDUSD,long,2023-05-11 15:45:00,2023-05-11 15:50:00,2088.607594937286,0.4177215189874572,2,"NY
21-03JST","NZDUSD_NY
21-03JST",2023_19
NZDUSD,long,2023-05-12 02:10:00,2023-05-12 02:15:00,-1856.7961165045176,-0.3713592233009035,3,"東京
09-15JST","NZDUSD_東京
09-15JST",2023_19
NZDUSD,long,2023-05-12 02:30:00,2023-05-12 02:35:00,-4999.999999999208,-0.9999999999998416,1,"東京
09-15JST","NZDUSD_東京
09-15JST",2023_19
NZDUSD,long,2023-05-12 02:35:00,2023-05-12 02:40:00,-5000.000000000779,-1.000000000000156,1,"東京
09-15JST","NZDUSD_東京
09-15JST",2023_19
NZDUSD,long,2023-05-12 02:40:00,2023-05-12 02:45:00,-4999.999999999521,-0.9999999999999042,1,"東京
09-15JST","NZDUSD_東京
09-15JST",2023_19
NZDUSD,long,2023-05-12 02:45:00,2023-05-12 02:50:00,-961.5384615381456,-0.1923076923076291,2,"東京
09-15JST","NZDUSD_東京
09-15JST",2023_19
NZDUSD,long,2023-05-12 02:50:00,2023-05-12 02:55:00,-5000.000000001232,-1.0000000000002465,1,"東京
09-15JST","NZDUSD_東京
09-15JST",2023_19
NZDUSD,long,2023-05-12 03:00:00,2023-05-12 03:05:00,-5000.000000000525,-1.000000000000105,1,"東京
09-15JST","NZDUSD_東京
09-15JST",2023_19
NZDUSD,long,2023-05-12 03:25:00,2023-05-12 03:30:00,-4999.999999999211,-0.999999999999842,1,"東京
09-15JST","NZDUSD_東京
09-15JST",2023_19
NZDUSD,long,2023-05-12 03:30:00,2023-05-12 03:35:00,6511.936339521457,1.3023872679042914,4,"東京
09-15JST","NZDUSD_東京
09-15JST",2023_19
NZDUSD,long,2023-05-12 04:10:00,2023-05-12 04:15:00,-3682.9727187209455,-0.7365945437441893,2,"東京
09-15JST","NZDUSD_東京
09-15JST",2023_19
NZDUSD,long,2023-05-12 04:20:00,2023-05-12 04:25:00,-4999.999999999265,-0.999999999999853,1,"東京
09-15JST","NZDUSD_東京
09-15JST",2023_19
NZDUSD,long,2023-05-12 04:25:00,2023-05-12 04:30:00,-1377.952755905753,-0.2755905511811506,6,"東京
09-15JST","NZDUSD_東京
09-15JST",2023_19
NZDUSD,long,2023-05-12 04:35:00,2023-05-12 04:40:00,-3305.263157895723,-0.6610526315791446,5,"東京
09-15JST","NZDUSD_東京
09-15JST",2023_19
EURGBP,long,2023-05-12 08:00:00,2023-05-12 08:05:00,-4323.671497586782,-0.8647342995173564,3,"欧州
15-21JST","EURGBP_欧州
15-21JST",2023_19
EURGBP,long,2023-05-12 08:05:00,2023-05-12 08:10:00,-4194.630872483813,-0.8389261744967625,2,"欧州
15-21JST","EURGBP_欧州
15-21JST",2023_19
EURGBP,long,2023-05-12 08:15:00,2023-05-12 08:20:00,-4999.9999999994125,-0.9999999999998824,1,"欧州
15-21JST","EURGBP_欧州
15-21JST",2023_19
EURGBP,long,2023-05-12 08:20:00,2023-05-12 08:25:00,-1064.2570281109536,-0.2128514056221907,10,"欧州
15-21JST","EURGBP_欧州
15-21JST",2023_19
EURGBP,long,2023-05-12 08:25:00,2023-05-12 08:30:00,1142.8571428598684,0.2285714285719736,9,"欧州
15-21JST","EURGBP_欧州
15-21JST",2023_19
EURGBP,long,2023-05-12 08:30:00,2023-05-12 08:35:00,1569.3430656939895,0.3138686131387979,8,"欧州
15-21JST","EURGBP_欧州
15-21JST",2023_19
EURGBP,long,2023-05-12 11:50:00,2023-05-12 11:55:00,8297.491039427972,1.6594982078855944,3,"欧州
15-21JST","EURGBP_欧州
15-21JST",2023_19
GBPUSD,short,2023-05-12 12:35:00,2023-05-12 12:40:00,-4999.999999999162,-0.9999999999998324,1,"NY
21-03JST","GBPUSD_NY
21-03JST",2023_19
GBPUSD,short,2023-05-12 13:35:00,2023-05-12 13:40:00,-4999.999999999435,-0.9999999999998872,1,"NY
21-03JST","GBPUSD_NY
21-03JST",2023_19
AUDUSD,long,2023-05-16 12:05:00,2023-05-16 12:10:00,-2224.28748451073,-0.444857496902146,3,"NY
21-03JST","AUDUSD_NY
21-03JST",2023_20
GBPUSD,short,2023-05-16 12:25:00,2023-05-16 12:30:00,20555.555555554198,4.111111111110839,2,"NY
21-03JST","GBPUSD_NY
21-03JST",2023_20
AUDUSD,long,2023-05-16 12:30:00,2023-05-16 12:35:00,6902.497027348342,1.3804994054696684,2,"NY
21-03JST","AUDUSD_NY
21-03JST",2023_20
NZDUSD,long,2023-05-16 12:30:00,2023-05-16 12:35:00,6585.64814814771,1.317129629629542,2,"NY
21-03JST","NZDUSD_NY
21-03JST",2023_20
GBPUSD,short,2023-05-16 12:30:00,2023-05-16 12:35:00,-5000.000000000275,-1.0000000000000548,1,"NY
21-03JST","GBPUSD_NY
21-03JST",2023_20
AUDUSD,long,2023-05-16 12:45:00,2023-05-16 12:50:00,8486.786018753424,1.6973572037506848,5,"NY
21-03JST","AUDUSD_NY
21-03JST",2023_20
NZDUSD,long,2023-05-16 12:45:00,2023-05-16 12:50:00,6278.772378516005,1.255754475703201,2,"NY
21-03JST","NZDUSD_NY
21-03JST",2023_20
NZDUSD,long,2023-05-16 13:15:00,2023-05-16 13:20:00,11587.458745874048,2.3174917491748097,3,"NY
21-03JST","NZDUSD_NY
21-03JST",2023_20
GBPUSD,short,2023-05-16 15:05:00,2023-05-16 15:10:00,-2920.4892966354314,-0.5840978593270862,3,"NY
21-03JST","GBPUSD_NY
21-03JST",2023_20
GBPUSD,short,2023-05-16 15:10:00,2023-05-16 15:15:00,-2730.7519135531584,-0.5461503827106317,2,"NY
21-03JST","GBPUSD_NY
21-03JST",2023_20
AUDUSD,long,2023-05-16 15:30:00,2023-05-16 15:35:00,6290.3225806432365,1.2580645161286472,4,"NY
21-03JST","AUDUSD_NY
21-03JST",2023_20
NZDUSD,long,2023-05-16 15:30:00,2023-05-16 15:35:00,8317.71321461929,1.6635426429238582,4,"NY
21-03JST","NZDUSD_NY
21-03JST",2023_20
GBPUSD,short,2023-05-16 15:35:00,2023-05-16 15:40:00,-4999.999999999734,-0.9999999999999468,1,"NY
21-03JST","GBPUSD_NY
21-03JST",2023_20
GBPUSD,short,2023-05-16 16:25:00,2023-05-16 16:30:00,2824.019024969755,0.564803804993951,2,"NY
21-03JST","GBPUSD_NY
21-03JST",2023_20
NZDUSD,long,2023-05-17 14:55:00,2023-05-17 15:00:00,5932.524639878528,1.1865049279757056,4,"NY
21-03JST","NZDUSD_NY
21-03JST",2023_20
NZDUSD,long,2023-05-17 15:00:00,2023-05-17 15:05:00,6803.92156862765,1.36078431372553,3,"NY
21-03JST","NZDUSD_NY
21-03JST",2023_20
GBPUSD,short,2023-05-17 15:05:00,2023-05-17 15:10:00,-4999.999999999683,-0.9999999999999364,1,"NY
21-03JST","GBPUSD_NY
21-03JST",2023_20
AUDJPY,short,2023-05-18 02:00:00,2023-05-18 02:05:00,-2266.2721893477897,-0.4532544378695579,2,"東京
09-15JST","AUDJPY_東京
09-15JST",2023_20
NZDUSD,long,2023-05-18 12:45:00,2023-05-18 12:50:00,-4857.045609258875,-0.971409121851775,4,"NY
21-03JST","NZDUSD_NY
21-03JST",2023_20
AUDUSD,long,2023-05-18 12:50:00,2023-05-18 12:55:00,-5000.000000000077,-1.0000000000000155,3,"NY
21-03JST","AUDUSD_NY
21-03JST",2023_20
NZDUSD,long,2023-05-18 12:50:00,2023-05-18 12:55:00,-4999.999999999926,-0.9999999999999852,3,"NY
21-03JST","NZDUSD_NY
21-03JST",2023_20
AUDUSD,long,2023-05-18 12:55:00,2023-05-18 13:00:00,-1757.493188010211,-0.3514986376020422,3,"NY
21-03JST","AUDUSD_NY
21-03JST",2023_20
NZDUSD,long,2023-05-18 12:55:00,2023-05-18 13:00:00,-3813.559322032904,-0.7627118644065809,6,"NY
21-03JST","NZDUSD_NY
21-03JST",2023_20
AUDUSD,long,2023-05-18 13:00:00,2023-05-18 13:05:00,-2888.7399463802035,-0.5777479892760407,2,"NY
21-03JST","AUDUSD_NY
21-03JST",2023_20
NZDUSD,long,2023-05-18 13:05:00,2023-05-18 13:10:00,-5000.000000000073,-1.0000000000000149,4,"NY
21-03JST","NZDUSD_NY
21-03JST",2023_20
NZDUSD,long,2023-05-18 13:10:00,2023-05-18 13:15:00,-1710.5263157890197,-0.3421052631578039,3,"NY
21-03JST","NZDUSD_NY
21-03JST",2023_20
AUDUSD,long,2023-05-18 13:10:00,2023-05-18 13:15:00,-2417.3027989814323,-0.4834605597962864,3,"NY
21-03JST","AUDUSD_NY
21-03JST",2023_20
NZDUSD,long,2023-05-18 13:15:00,2023-05-18 13:20:00,-3871.6676999382353,-0.7743335399876471,2,"NY
21-03JST","NZDUSD_NY
21-03JST",2023_20
AUDUSD,long,2023-05-18 13:15:00,2023-05-18 13:20:00,-4437.577255870151,-0.8875154511740302,2,"NY
21-03JST","AUDUSD_NY
21-03JST",2023_20
AUDUSD,long,2023-05-18 13:25:00,2023-05-18 13:30:00,-5000.000000000344,-1.0000000000000688,1,"NY
21-03JST","AUDUSD_NY
21-03JST",2023_20
NZDUSD,long,2023-05-18 13:25:00,2023-05-18 13:30:00,-4565.756823820134,-0.9131513647640268,4,"NY
21-03JST","NZDUSD_NY
21-03JST",2023_20
AUDUSD,long,2023-05-18 13:30:00,2023-05-18 13:35:00,-2882.6376285554043,-0.5765275257110809,3,"NY
21-03JST","AUDUSD_NY
21-03JST",2023_20
NZDUSD,long,2023-05-18 13:30:00,2023-05-18 13:35:00,-2083.3333333330106,-0.4166666666666021,3,"NY
21-03JST","NZDUSD_NY
21-03JST",2023_20
AUDUSD,long,2023-05-18 13:35:00,2023-05-18 13:40:00,-3298.9064398534274,-0.6597812879706855,2,"NY
21-03JST","AUDUSD_NY
21-03JST",2023_20
NZDUSD,long,2023-05-18 13:35:00,2023-05-18 13:40:00,-2481.389578162307,-0.4962779156324614,2,"NY
21-03JST","NZDUSD_NY
21-03JST",2023_20
AUDUSD,long,2023-05-18 13:45:00,2023-05-18 13:50:00,-5000.000000000247,-1.0000000000000495,1,"NY
21-03JST","AUDUSD_NY
21-03JST",2023_20
NZDUSD,long,2023-05-18 13:45:00,2023-05-18 13:50:00,-4999.9999999999145,-0.9999999999999828,1,"NY
21-03JST","NZDUSD_NY
21-03JST",2023_20
AUDUSD,long,2023-05-18 13:50:00,2023-05-18 13:55:00,1292.7191679057812,0.2585438335811562,2,"NY
21-03JST","AUDUSD_NY
21-03JST",2023_20
NZDUSD,long,2023-05-18 13:50:00,2023-05-18 13:55:00,1417.1122994650202,0.283422459893004,2,"NY
21-03JST","NZDUSD_NY
21-03JST",2023_20
NZDUSD,long,2023-05-18 13:55:00,2023-05-18 14:00:00,2368.4210526332117,0.4736842105266423,4,"NY
21-03JST","NZDUSD_NY
21-03JST",2023_20
AUDUSD,long,2023-05-18 13:55:00,2023-05-18 14:00:00,3409.2792046388727,0.6818558409277745,2,"NY
21-03JST","AUDUSD_NY
21-03JST",2023_20
NZDUSD,long,2023-05-18 14:15:00,2023-05-18 14:20:00,-4771.6150081579135,-0.9543230016315828,3,"NY
21-03JST","NZDUSD_NY
21-03JST",2023_20
AUDUSD,long,2023-05-18 14:15:00,2023-05-18 14:20:00,-3275.596612779083,-0.6551193225558166,3,"NY
21-03JST","AUDUSD_NY
21-03JST",2023_20
AUDUSD,long,2023-05-18 14:20:00,2023-05-18 14:25:00,-1828.124999999402,-0.3656249999998804,2,"NY
21-03JST","AUDUSD_NY
21-03JST",2023_20
NZDUSD,long,2023-05-18 14:20:00,2023-05-18 14:25:00,-2835.638730675205,-0.567127746135041,2,"NY
21-03JST","NZDUSD_NY
21-03JST",2023_20
NZDUSD,long,2023-05-18 14:25:00,2023-05-18 14:30:00,-4999.99999999991,-0.999999999999982,1,"NY
21-03JST","NZDUSD_NY
21-03JST",2023_20
AUDUSD,long,2023-05-18 14:25:00,2023-05-18 14:30:00,-2456.5560821494005,-0.49131121642988,2,"NY
21-03JST","AUDUSD_NY
21-03JST",2023_20
AUDUSD,long,2023-05-18 14:35:00,2023-05-18 14:40:00,-5000.000000000086,-1.000000000000017,1,"NY
21-03JST","AUDUSD_NY
21-03JST",2023_20
NZDUSD,long,2023-05-18 14:35:00,2023-05-18 14:40:00,-5000.0,-1.0,2,"NY
21-03JST","NZDUSD_NY
21-03JST",2023_20
AUDUSD,long,2023-05-18 14:40:00,2023-05-18 14:45:00,2519.747235387876,0.5039494470775753,5,"NY
21-03JST","AUDUSD_NY
21-03JST",2023_20
NZDUSD,long,2023-05-18 14:45:00,2023-05-18 14:50:00,-1165.975103734718,-0.2331950207469436,4,"NY
21-03JST","NZDUSD_NY
21-03JST",2023_20
AUDUSD,long,2023-05-18 14:45:00,2023-05-18 14:50:00,2231.861198737649,0.4463722397475297,4,"NY
21-03JST","AUDUSD_NY
21-03JST",2023_20
EURAUD,long,2023-05-18 20:10:00,2023-05-18 20:15:00,-3373.547810546122,-0.6747095621092244,11,"深夜
03-09JST","EURAUD_深夜
03-09JST",2023_20
EURAUD,long,2023-05-18 20:15:00,2023-05-18 20:20:00,-3583.529411763532,-0.7167058823527064,9,"深夜
03-09JST","EURAUD_深夜
03-09JST",2023_20
EURAUD,long,2023-05-18 20:20:00,2023-05-18 20:25:00,-3074.7275557867583,-0.6149455111573516,8,"深夜
03-09JST","EURAUD_深夜
03-09JST",2023_20
EURAUD,long,2023-05-18 20:25:00,2023-05-18 20:30:00,-1719.3460490469115,-0.3438692098093823,7,"深夜
03-09JST","EURAUD_深夜
03-09JST",2023_20
EURAUD,long,2023-05-18 20:45:00,2023-05-18 20:50:00,-2396.491228070894,-0.4792982456141788,3,"深夜
03-09JST","EURAUD_深夜
03-09JST",2023_20
GBPUSD,short,2023-05-22 14:00:00,2023-05-22 14:05:00,-1298.2372558362429,-0.2596474511672486,2,"NY
21-03JST","GBPUSD_NY
21-03JST",2023_21
GBPUSD,short,2023-05-22 14:10:00,2023-05-22 14:15:00,-3171.6417910455634,-0.6343283582091127,3,"NY
21-03JST","GBPUSD_NY
21-03JST",2023_21
GBPUSD,short,2023-05-22 15:40:00,2023-05-22 15:45:00,-4999.999999999299,-0.9999999999998598,1,"NY
21-03JST","GBPUSD_NY
21-03JST",2023_21
NZDUSD,long,2023-05-23 16:05:00,2023-05-23 16:10:00,-5000.000000000579,-1.000000000000116,1,"NY
21-03JST","NZDUSD_NY
21-03JST",2023_21
AUDUSD,long,2023-05-23 16:05:00,2023-05-23 16:10:00,-4999.999999999918,-0.9999999999999836,1,"NY
21-03JST","AUDUSD_NY
21-03JST",2023_21
NZDUSD,long,2023-05-23 16:10:00,2023-05-23 16:15:00,2067.0147954753056,0.4134029590950611,14,"NY
21-03JST","NZDUSD_NY
21-03JST",2023_21
AUDUSD,long,2023-05-23 16:10:00,2023-05-23 16:15:00,-2020.1643017176652,-0.4040328603435331,14,"NY
21-03JST","AUDUSD_NY
21-03JST",2023_21
NZDUSD,long,2023-05-23 16:15:00,2023-05-23 16:20:00,2384.481255448772,0.4768962510897543,13,"NY
21-03JST","NZDUSD_NY
21-03JST",2023_21
AUDUSD,long,2023-05-23 16:15:00,2023-05-23 16:20:00,-253.3532041727121,-0.0506706408345424,13,"NY
21-03JST","AUDUSD_NY
21-03JST",2023_21
NZDUSD,long,2023-05-23 16:35:00,2023-05-23 16:40:00,1849.953401678784,0.3699906803357568,9,"NY
21-03JST","NZDUSD_NY
21-03JST",2023_21
AUDUSD,long,2023-05-23 16:35:00,2023-05-23 16:40:00,119.23688394301968,0.0238473767886039,9,"NY
21-03JST","AUDUSD_NY
21-03JST",2023_21
AUDUSD,long,2023-05-23 16:40:00,2023-05-23 16:45:00,-36.26107977407619,-0.0072522159548152,8,"NY
21-03JST","AUDUSD_NY
21-03JST",2023_21
NZDUSD,long,2023-05-23 16:40:00,2023-05-23 16:45:00,202.25776105390824,0.0404515522107816,8,"NY
21-03JST","NZDUSD_NY
21-03JST",2023_21
AUDUSD,long,2023-05-23 16:55:00,2023-05-23 17:00:00,590.6821963388635,0.1181364392677727,5,"NY
21-03JST","AUDUSD_NY
21-03JST",2023_21
NZDUSD,long,2023-05-23 17:00:00,2023-05-23 17:05:00,1028.3687943266975,0.2056737588653395,4,"NY
21-03JST","NZDUSD_NY
21-03JST",2023_21
AUDUSD,long,2023-05-23 17:00:00,2023-05-23 17:05:00,248.52569502961205,0.0497051390059224,4,"NY
21-03JST","AUDUSD_NY
21-03JST",2023_21
AUDUSD,long,2023-05-23 17:25:00,2023-05-23 17:30:00,-1582.984658297514,-0.3165969316595028,5,"NY
21-03JST","AUDUSD_NY
21-03JST",2023_21
NZDUSD,long,2023-05-23 17:25:00,2023-05-23 17:30:00,-1898.7341772142472,-0.3797468354428494,8,"NY
21-03JST","NZDUSD_NY
21-03JST",2023_21
AUDUSD,long,2023-05-23 17:30:00,2023-05-23 17:35:00,-1380.952380954923,-0.2761904761909846,4,"NY
21-03JST","AUDUSD_NY
21-03JST",2023_21
NZDUSD,long,2023-05-23 17:30:00,2023-05-23 17:35:00,-362.0955315856598,-0.0724191063171319,7,"NY
21-03JST","NZDUSD_NY
21-03JST",2023_21
NZDUSD,long,2023-05-23 17:45:00,2023-05-23 17:50:00,-3421.900161031044,-0.6843800322062088,6,"NY
21-03JST","NZDUSD_NY
21-03JST",2023_21
AUDUSD,long,2023-05-23 17:45:00,2023-05-23 17:50:00,-4999.999999999676,-0.9999999999999352,4,"NY
21-03JST","AUDUSD_NY
21-03JST",2023_21
NZDUSD,long,2023-05-23 17:50:00,2023-05-23 17:55:00,-4536.423841061952,-0.9072847682123903,5,"NY
21-03JST","NZDUSD_NY
21-03JST",2023_21
AUDUSD,long,2023-05-23 17:50:00,2023-05-23 17:55:00,-4793.510324484088,-0.9587020648968176,3,"NY
21-03JST","AUDUSD_NY
21-03JST",2023_21
AUDUSD,long,2023-05-23 17:55:00,2023-05-23 18:00:00,-4567.901234568573,-0.9135802469137146,3,"NY
21-03JST","AUDUSD_NY
21-03JST",2023_21
GBPUSD,long,2023-05-24 07:15:00,2023-05-24 07:20:00,-1237.558062376051,-0.2475116124752102,4,"欧州
15-21JST","GBPUSD_欧州
15-21JST",2023_21
GBPUSD,long,2023-05-24 07:20:00,2023-05-24 07:25:00,326.0869565222196,0.0652173913044439,3,"欧州
15-21JST","GBPUSD_欧州
15-21JST",2023_21
GBPUSD,long,2023-05-24 07:30:00,2023-05-24 07:35:00,507.798960138045,0.101559792027609,2,"欧州
15-21JST","GBPUSD_欧州
15-21JST",2023_21
GBPUSD,long,2023-05-24 07:40:00,2023-05-24 07:45:00,-4999.99999999957,-0.999999999999914,1,"欧州
15-21JST","GBPUSD_欧州
15-21JST",2023_21
GBPUSD,long,2023-05-24 07:45:00,2023-05-24 07:50:00,5172.786177106763,1.0345572354213526,7,"欧州
15-21JST","GBPUSD_欧州
15-21JST",2023_21
GBPUSD,long,2023-05-24 08:40:00,2023-05-24 08:45:00,-3037.1698728391093,-0.6074339745678219,4,"欧州
15-21JST","GBPUSD_欧州
15-21JST",2023_21
GBPUSD,long,2023-05-24 08:45:00,2023-05-24 08:50:00,-1286.098052384628,-0.2572196104769256,3,"欧州
15-21JST","GBPUSD_欧州
15-21JST",2023_21
GBPUSD,long,2023-05-24 09:05:00,2023-05-24 09:10:00,-5000.0000000006285,-1.0000000000001257,1,"欧州
15-21JST","GBPUSD_欧州
15-21JST",2023_21
GBPUSD,long,2023-05-24 09:10:00,2023-05-24 09:15:00,-5000.0,-1.0,1,"欧州
15-21JST","GBPUSD_欧州
15-21JST",2023_21
GBPUSD,long,2023-05-24 09:40:00,2023-05-24 09:45:00,-5000.000000000096,-1.000000000000019,2,"欧州
15-21JST","GBPUSD_欧州
15-21JST",2023_21
GBPUSD,long,2023-05-24 11:30:00,2023-05-24 11:35:00,7721.685689200706,1.5443371378401411,7,"欧州
15-21JST","GBPUSD_欧州
15-21JST",2023_21
AUDUSD,long,2023-05-24 13:40:00,2023-05-24 13:45:00,-5000.000000000171,-1.0000000000000342,1,"NY
21-03JST","AUDUSD_NY
21-03JST",2023_21
AUDUSD,long,2023-05-24 13:45:00,2023-05-24 13:50:00,-4999.999999999917,-0.9999999999999836,1,"NY
21-03JST","AUDUSD_NY
21-03JST",2023_21
AUDUSD,long,2023-05-24 13:50:00,2023-05-24 13:55:00,-4999.999999999494,-0.9999999999998987,1,"NY
21-03JST","AUDUSD_NY
21-03JST",2023_21
AUDUSD,long,2023-05-24 13:55:00,2023-05-24 14:00:00,-5000.000000000164,-1.0000000000000326,2,"NY
21-03JST","AUDUSD_NY
21-03JST",2023_21
NZDUSD,long,2023-05-24 13:55:00,2023-05-24 14:00:00,-5000.000000000069,-1.0000000000000138,2,"NY
21-03JST","NZDUSD_NY
21-03JST",2023_21
AUDUSD,long,2023-05-24 14:00:00,2023-05-24 14:05:00,-3106.725146199624,-0.6213450292399247,2,"NY
21-03JST","AUDUSD_NY
21-03JST",2023_21
NZDUSD,long,2023-05-24 14:00:00,2023-05-24 14:05:00,-4999.99999999993,-0.999999999999986,1,"NY
21-03JST","NZDUSD_NY
21-03JST",2023_21
AUDUSD,long,2023-05-24 14:05:00,2023-05-24 14:10:00,-2516.629711752674,-0.5033259423505348,2,"NY
21-03JST","AUDUSD_NY
21-03JST",2023_21
AUDUSD,long,2023-05-24 14:10:00,2023-05-24 14:15:00,-4999.999999999759,-0.9999999999999518,1,"NY
21-03JST","AUDUSD_NY
21-03JST",2023_21
NZDUSD,long,2023-05-24 14:10:00,2023-05-24 14:15:00,-5000.000000000218,-1.0000000000000435,1,"NY
21-03JST","NZDUSD_NY
21-03JST",2023_21
NZDUSD,long,2023-05-24 14:15:00,2023-05-24 14:20:00,2296.416938111043,0.4592833876222085,2,"NY
21-03JST","NZDUSD_NY
21-03JST",2023_21
AUDUSD,long,2023-05-24 14:15:00,2023-05-24 14:20:00,-690.7659269855187,-0.1381531853971037,4,"NY
21-03JST","AUDUSD_NY
21-03JST",2023_21
AUDUSD,long,2023-05-24 14:20:00,2023-05-24 14:25:00,2263.2311977709287,0.4526462395541857,3,"NY
21-03JST","AUDUSD_NY
21-03JST",2023_21
NZDUSD,long,2023-05-24 14:20:00,2023-05-24 14:25:00,1751.0259917932267,0.3502051983586453,3,"NY
21-03JST","NZDUSD_NY
21-03JST",2023_21
AUDUSD,long,2023-05-24 15:15:00,2023-05-24 15:20:00,6866.849691146185,1.373369938229237,2,"NY
21-03JST","AUDUSD_NY
21-03JST",2023_21
NZDUSD,long,2023-05-24 16:25:00,2023-05-24 16:30:00,4961.7956064944965,0.9923591212988992,3,"NY
21-03JST","NZDUSD_NY
21-03JST",2023_21
NZDUSD,long,2023-05-24 16:30:00,2023-05-24 16:35:00,6017.838405035026,1.2035676810070053,2,"NY
21-03JST","NZDUSD_NY
21-03JST",2023_21
GBPUSD,short,2023-05-25 12:35:00,2023-05-25 12:40:00,780.9694793542486,0.1561938958708497,4,"NY
21-03JST","GBPUSD_NY
21-03JST",2023_21
GBPUSD,short,2023-05-25 12:50:00,2023-05-25 12:55:00,-4999.999999999631,-0.9999999999999262,1,"NY
21-03JST","GBPUSD_NY
21-03JST",2023_21
GBPUSD,short,2023-05-25 13:35:00,2023-05-25 13:40:00,-4999.999999999616,-0.9999999999999232,1,"NY
21-03JST","GBPUSD_NY
21-03JST",2023_21
GBPUSD,short,2023-05-25 13:40:00,2023-05-25 13:45:00,-3548.3870967747494,-0.7096774193549499,3,"NY
21-03JST","GBPUSD_NY
21-03JST",2023_21
GBPUSD,short,2023-05-25 13:50:00,2023-05-25 13:55:00,-2242.339832869477,-0.4484679665738954,2,"NY
21-03JST","GBPUSD_NY
21-03JST",2023_21
GBPUSD,short,2023-05-25 13:55:00,2023-05-25 14:00:00,-4999.999999999912,-0.9999999999999823,1,"NY
21-03JST","GBPUSD_NY
21-03JST",2023_21
GBPUSD,short,2023-05-25 14:10:00,2023-05-25 14:15:00,-1985.774702037636,-0.3971549404075271,4,"NY
21-03JST","GBPUSD_NY
21-03JST",2023_21
GBPUSD,short,2023-05-25 14:15:00,2023-05-25 14:20:00,-1972.2222222215476,-0.3944444444443095,3,"NY
21-03JST","GBPUSD_NY
21-03JST",2023_21
GBPUSD,short,2023-05-25 14:25:00,2023-05-25 14:30:00,-4214.113873295137,-0.8428227746590273,2,"NY
21-03JST","GBPUSD_NY
21-03JST",2023_21
AUDUSD,long,2023-05-25 14:25:00,2023-05-25 14:30:00,4154.624277455218,0.8309248554910437,3,"NY
21-03JST","AUDUSD_NY
21-03JST",2023_21
AUDUSD,long,2023-05-25 14:30:00,2023-05-25 14:35:00,1426.553672316326,0.2853107344632651,2,"NY
21-03JST","AUDUSD_NY
21-03JST",2023_21
NZDUSD,long,2023-05-25 14:30:00,2023-05-25 14:35:00,401.36901057928543,0.080273802115857,2,"NY
21-03JST","NZDUSD_NY
21-03JST",2023_21
AUDUSD,long,2023-05-25 14:50:00,2023-05-25 14:55:00,8274.074074074591,1.6548148148149182,4,"NY
21-03JST","AUDUSD_NY
21-03JST",2023_21
GBPUSD,short,2023-05-25 15:15:00,2023-05-25 15:20:00,5210.210210209755,1.042042042041951,4,"NY
21-03JST","GBPUSD_NY
21-03JST",2023_21
GBPUSD,short,2023-05-25 15:20:00,2023-05-25 15:25:00,2167.7559912866545,0.4335511982573309,3,"NY
21-03JST","GBPUSD_NY
21-03JST",2023_21
NZDUSD,long,2023-05-25 15:20:00,2023-05-25 15:25:00,-4999.999999999762,-0.9999999999999524,1,"NY
21-03JST","NZDUSD_NY
21-03JST",2023_21
AUDUSD,long,2023-05-25 15:20:00,2023-05-25 15:25:00,-5000.000000000409,-1.000000000000082,1,"NY
21-03JST","AUDUSD_NY
21-03JST",2023_21
GBPUSD,short,2023-05-25 15:25:00,2023-05-25 15:30:00,-1097.8723404256357,-0.2195744680851271,2,"NY
21-03JST","GBPUSD_NY
21-03JST",2023_21
NZDUSD,long,2023-05-25 15:25:00,2023-05-25 15:30:00,-4999.999999999919,-0.9999999999999838,1,"NY
21-03JST","NZDUSD_NY
21-03JST",2023_21
GBPUSD,short,2023-05-25 15:30:00,2023-05-25 15:35:00,2049.7283744239294,0.4099456748847859,18,"NY
21-03JST","GBPUSD_NY
21-03JST",2023_21
NZDUSD,long,2023-05-25 15:30:00,2023-05-25 15:35:00,-398.100803506709,-0.0796201607013418,8,"NY
21-03JST","NZDUSD_NY
21-03JST",2023_21
GBPUSD,short,2023-05-25 16:00:00,2023-05-25 16:05:00,2797.9274611393125,0.5595854922278625,12,"NY
21-03JST","GBPUSD_NY
21-03JST",2023_21
GBPUSD,short,2023-05-26 13:10:00,2023-05-26 13:15:00,5642.740619903051,1.12854812398061,9,"NY
21-03JST","GBPUSD_NY
21-03JST",2023_21
GBPUSD,short,2023-05-26 13:15:00,2023-05-26 13:20:00,1867.088607594911,0.3734177215189822,8,"NY
21-03JST","GBPUSD_NY
21-03JST",2023_21
GBPUSD,short,2023-05-26 13:20:00,2023-05-26 13:25:00,-142.76941971116432,-0.0285538839422328,7,"NY
21-03JST","GBPUSD_NY
21-03JST",2023_21
NZDUSD,long,2023-05-26 13:35:00,2023-05-26 13:40:00,-1472.0558882235364,-0.2944111776447072,2,"NY
21-03JST","NZDUSD_NY
21-03JST",2023_21
NZDUSD,long,2023-05-26 13:45:00,2023-05-26 13:50:00,-4999.999999999875,-0.9999999999999752,1,"NY
21-03JST","NZDUSD_NY
21-03JST",2023_21
AUDUSD,long,2023-05-26 13:45:00,2023-05-26 13:50:00,-4999.999999999585,-0.9999999999999172,1,"NY
21-03JST","AUDUSD_NY
21-03JST",2023_21
AUDUSD,long,2023-05-26 13:50:00,2023-05-26 13:55:00,10764.555342292088,2.1529110684584176,4,"NY
21-03JST","AUDUSD_NY
21-03JST",2023_21
NZDUSD,long,2023-05-26 13:50:00,2023-05-26 13:55:00,9016.15695325972,1.803231390651944,4,"NY
21-03JST","NZDUSD_NY
21-03JST",2023_21
AUDUSD,long,2023-05-26 13:55:00,2023-05-26 14:00:00,12657.22183828626,2.531444367657252,3,"NY
21-03JST","AUDUSD_NY
21-03JST",2023_21
NZDUSD,long,2023-05-26 13:55:00,2023-05-26 14:00:00,9758.784991065995,1.9517569982131997,3,"NY
21-03JST","NZDUSD_NY
21-03JST",2023_21
NZDUSD,long,2023-05-26 14:15:00,2023-05-26 14:20:00,-2321.131447587082,-0.4642262895174164,2,"NY
21-03JST","NZDUSD_NY
21-03JST",2023_21
AUDUSD,long,2023-05-26 14:25:00,2023-05-26 14:30:00,-5000.000000000195,-1.0000000000000389,1,"NY
21-03JST","AUDUSD_NY
21-03JST",2023_21
GBPUSD,short,2023-05-26 14:35:00,2023-05-26 14:40:00,2271.6894977171264,0.4543378995434253,2,"NY
21-03JST","GBPUSD_NY
21-03JST",2023_21
GBPUSD,short,2023-05-26 14:40:00,2023-05-26 14:45:00,-5000.000000000239,-1.0000000000000475,1,"NY
21-03JST","GBPUSD_NY
21-03JST",2023_21
GBPUSD,short,2023-05-26 14:45:00,2023-05-26 14:50:00,-663.7168141591216,-0.1327433628318243,2,"NY
21-03JST","GBPUSD_NY
21-03JST",2023_21
GBPUSD,short,2023-05-26 14:50:00,2023-05-26 14:55:00,-1891.410048620918,-0.3782820097241836,9,"NY
21-03JST","GBPUSD_NY
21-03JST",2023_21
AUDUSD,long,2023-05-26 14:50:00,2023-05-26 14:55:00,100.82493125537184,0.0201649862510743,3,"NY
21-03JST","AUDUSD_NY
21-03JST",2023_21
AUDUSD,long,2023-05-26 15:05:00,2023-05-26 15:10:00,3020.493712157201,0.6040987424314402,31,"NY
21-03JST","AUDUSD_NY
21-03JST",2023_21
NZDUSD,long,2023-05-26 15:05:00,2023-05-26 15:10:00,6009.433962263836,1.2018867924527672,48,"NY
21-03JST","NZDUSD_NY
21-03JST",2023_21
AUDUSD,long,2023-05-26 15:10:00,2023-05-26 15:15:00,4454.896285577052,0.8909792571154103,30,"NY
21-03JST","AUDUSD_NY
21-03JST",2023_21
NZDUSD,long,2023-05-26 15:10:00,2023-05-26 15:15:00,3550.430816016025,0.710086163203205,32,"NY
21-03JST","NZDUSD_NY
21-03JST",2023_21
GBPUSD,short,2023-05-26 15:10:00,2023-05-26 15:15:00,-2756.410256409128,-0.5512820512818255,5,"NY
21-03JST","GBPUSD_NY
21-03JST",2023_21
AUDUSD,long,2023-05-26 15:20:00,2023-05-26 15:25:00,7365.702479338964,1.4731404958677927,28,"NY
21-03JST","AUDUSD_NY
21-03JST",2023_21
NZDUSD,long,2023-05-26 15:20:00,2023-05-26 15:25:00,6796.916533758114,1.3593833067516228,15,"NY
21-03JST","NZDUSD_NY
21-03JST",2023_21
AUDUSD,long,2023-05-26 16:15:00,2023-05-26 16:20:00,1357.487922704113,0.2714975845408227,4,"NY
21-03JST","AUDUSD_NY
21-03JST",2023_21
NZDUSD,long,2023-05-26 16:15:00,2023-05-26 16:20:00,-184.44666001893503,-0.036889332003787,4,"NY
21-03JST","NZDUSD_NY
21-03JST",2023_21
GBPUSD,short,2023-05-30 14:00:00,2023-05-30 14:05:00,3648.51235501495,0.72970247100299,3,"NY
21-03JST","GBPUSD_NY
21-03JST",2023_22
AUDUSD,long,2023-05-30 14:40:00,2023-05-30 14:45:00,-4999.999999999863,-0.9999999999999726,2,"NY
21-03JST","AUDUSD_NY
21-03JST",2023_22
GBPUSD,short,2023-05-30 14:45:00,2023-05-30 14:50:00,-3773.800456968718,-0.7547600913937437,9,"NY
21-03JST","GBPUSD_NY
21-03JST",2023_22
AUDUSD,long,2023-05-30 14:55:00,2023-05-30 15:00:00,-3652.982681206386,-0.7305965362412772,4,"NY
21-03JST","AUDUSD_NY
21-03JST",2023_22
GBPUSD,short,2023-05-30 15:05:00,2023-05-30 15:10:00,-2866.6666666658466,-0.5733333333331693,5,"NY
21-03JST","GBPUSD_NY
21-03JST",2023_22
GBPUSD,short,2023-05-30 15:20:00,2023-05-30 15:25:00,1459.627329192354,0.2919254658384708,9,"NY
21-03JST","GBPUSD_NY
21-03JST",2023_22
AUDUSD,long,2023-05-30 15:25:00,2023-05-30 15:30:00,104.77787091323276,0.0209555741826465,2,"NY
21-03JST","AUDUSD_NY
21-03JST",2023_22
AUDUSD,long,2023-05-30 15:45:00,2023-05-30 15:50:00,-3294.4162436550923,-0.6588832487310184,3,"NY
21-03JST","AUDUSD_NY
21-03JST",2023_22
GBPUSD,short,2023-05-30 15:50:00,2023-05-30 15:55:00,-840.8071748878368,-0.1681614349775673,3,"NY
21-03JST","GBPUSD_NY
21-03JST",2023_22
AUDUSD,long,2023-05-30 15:50:00,2023-05-30 15:55:00,1581.196581196334,0.3162393162392667,2,"NY
21-03JST","AUDUSD_NY
21-03JST",2023_22
GBPUSD,short,2023-05-30 16:05:00,2023-05-30 16:10:00,-4999.999999999855,-0.999999999999971,1,"NY
21-03JST","GBPUSD_NY
21-03JST",2023_22
GBPUSD,short,2023-05-30 16:35:00,2023-05-30 16:40:00,-1435.4243542439854,-0.2870848708487971,2,"NY
21-03JST","GBPUSD_NY
21-03JST",2023_22
AUDUSD,long,2023-05-30 16:35:00,2023-05-30 16:40:00,-5000.000000000718,-1.0000000000001434,1,"NY
21-03JST","AUDUSD_NY
21-03JST",2023_22
AUDNZD,long,2023-05-31 07:10:00,2023-05-31 07:15:00,8283.678756474781,1.6567357512949563,11,"欧州
15-21JST","AUDNZD_欧州
15-21JST",2023_22
AUDNZD,long,2023-05-31 07:15:00,2023-05-31 07:20:00,11048.550236007208,2.2097100472014417,10,"欧州
15-21JST","AUDNZD_欧州
15-21JST",2023_22
AUDNZD,long,2023-05-31 07:20:00,2023-05-31 07:25:00,7410.358565735072,1.4820717131470145,9,"欧州
15-21JST","AUDNZD_欧州
15-21JST",2023_22
EURGBP,long,2023-05-31 14:30:00,2023-05-31 14:35:00,-3601.1656952542808,-0.7202331390508562,2,"NY
21-03JST","EURGBP_NY
21-03JST",2023_22
EURGBP,long,2023-05-31 14:35:00,2023-05-31 14:40:00,-3641.875505255043,-0.7283751010510087,2,"NY
21-03JST","EURGBP_NY
21-03JST",2023_22
EURGBP,long,2023-05-31 14:45:00,2023-05-31 14:50:00,-5000.000000000561,-1.000000000000112,1,"NY
21-03JST","EURGBP_NY
21-03JST",2023_22
EURGBP,long,2023-05-31 14:50:00,2023-05-31 14:55:00,-5000.000000000605,-1.000000000000121,1,"NY
21-03JST","EURGBP_NY
21-03JST",2023_22
EURGBP,long,2023-05-31 15:15:00,2023-05-31 15:20:00,-5000.000000000069,-1.0000000000000138,3,"NY
21-03JST","EURGBP_NY
21-03JST",2023_22
EURGBP,long,2023-05-31 15:20:00,2023-05-31 15:25:00,-4999.99999999993,-0.999999999999986,2,"NY
21-03JST","EURGBP_NY
21-03JST",2023_22
EURGBP,long,2023-05-31 15:25:00,2023-05-31 15:30:00,-5000.000000000218,-1.0000000000000435,1,"NY
21-03JST","EURGBP_NY
21-03JST",2023_22
EURGBP,long,2023-05-31 15:30:00,2023-05-31 15:35:00,-5000.000000000296,-1.000000000000059,1,"NY
21-03JST","EURGBP_NY
21-03JST",2023_22
EURGBP,long,2023-05-31 15:35:00,2023-05-31 15:40:00,-5000.000000000281,-1.0000000000000562,1,"NY
21-03JST","EURGBP_NY
21-03JST",2023_22
EURGBP,long,2023-05-31 15:40:00,2023-05-31 15:45:00,-737.1794871790473,-0.1474358974358094,9,"NY
21-03JST","EURGBP_NY
21-03JST",2023_22
EURGBP,long,2023-05-31 15:45:00,2023-05-31 15:50:00,-590.5511811015632,-0.1181102362203126,8,"NY
21-03JST","EURGBP_NY
21-03JST",2023_22
EURGBP,long,2023-05-31 15:50:00,2023-05-31 15:55:00,188.5565669698805,0.0377113133939761,7,"NY
21-03JST","EURGBP_NY
21-03JST",2023_22
NZDUSD,long,2023-05-31 15:50:00,2023-05-31 15:55:00,-4999.999999999917,-0.9999999999999836,2,"NY
21-03JST","NZDUSD_NY
21-03JST",2023_22
EURGBP,long,2023-05-31 17:10:00,2023-05-31 17:15:00,-665.8878504671636,-0.1331775700934327,5,"NY
21-03JST","EURGBP_NY
21-03JST",2023_22
EURGBP,long,2023-05-31 17:15:00,2023-05-31 17:20:00,481.9277108424549,0.0963855421684909,4,"NY
21-03JST","EURGBP_NY
21-03JST",2023_22
EURGBP,long,2023-05-31 17:40:00,2023-05-31 17:45:00,-542.0054200552997,-0.1084010840110599,2,"NY
21-03JST","EURGBP_NY
21-03JST",2023_22
EURGBP,long,2023-05-31 17:55:00,2023-05-31 18:00:00,-1095.6175298795597,-0.2191235059759119,3,"NY
21-03JST","EURGBP_NY
21-03JST",2023_22
EURAUD,long,2023-05-31 18:40:00,2023-05-31 18:45:00,-368.09815950888486,-0.0736196319017769,3,"深夜
03-09JST","EURAUD_深夜
03-09JST",2023_22
EURAUD,long,2023-05-31 18:55:00,2023-05-31 19:00:00,-4999.999999999717,-0.9999999999999434,1,"深夜
03-09JST","EURAUD_深夜
03-09JST",2023_22
EURAUD,long,2023-05-31 19:05:00,2023-05-31 19:10:00,-4999.999999999021,-0.9999999999998044,1,"深夜
03-09JST","EURAUD_深夜
03-09JST",2023_22
AUDNZD,long,2023-06-01 07:10:00,2023-06-01 07:15:00,-4928.571428575488,-0.9857142857150974,3,"欧州
15-21JST","AUDNZD_欧州
15-21JST",2023_22
AUDNZD,long,2023-06-01 07:20:00,2023-06-01 07:25:00,-5000.000000000248,-1.0000000000000495,1,"欧州
15-21JST","AUDNZD_欧州
15-21JST",2023_22
AUDNZD,long,2023-06-01 07:30:00,2023-06-01 07:35:00,2874.0970072205505,0.5748194014441101,3,"欧州
15-21JST","AUDNZD_欧州
15-21JST",2023_22
AUDNZD,long,2023-06-01 07:50:00,2023-06-01 07:55:00,2095.0888192237157,0.419017763844743,3,"欧州
15-21JST","AUDNZD_欧州
15-21JST",2023_22
AUDNZD,long,2023-06-01 07:55:00,2023-06-01 08:00:00,3364.779874215753,0.6729559748431506,2,"欧州
15-21JST","AUDNZD_欧州
15-21JST",2023_22
EURGBP,long,2023-06-01 12:00:00,2023-06-01 12:05:00,-5000.000000000116,-1.000000000000023,2,"NY
21-03JST","EURGBP_NY
21-03JST",2023_22
EURGBP,long,2023-06-01 12:10:00,2023-06-01 12:15:00,-1178.8617886166126,-0.2357723577233225,4,"NY
21-03JST","EURGBP_NY
21-03JST",2023_22
EURGBP,long,2023-06-01 12:35:00,2023-06-01 12:40:00,-2137.014314928679,-0.4274028629857358,3,"NY
21-03JST","EURGBP_NY
21-03JST",2023_22
EURGBP,long,2023-06-01 12:40:00,2023-06-01 12:45:00,-1680.412371133919,-0.3360824742267838,2,"NY
21-03JST","EURGBP_NY
21-03JST",2023_22
EURGBP,long,2023-06-01 12:55:00,2023-06-01 13:00:00,3554.729011688134,0.7109458023376268,7,"NY
21-03JST","EURGBP_NY
21-03JST",2023_22
EURGBP,long,2023-06-01 13:00:00,2023-06-01 13:05:00,3489.361702127804,0.6978723404255608,6,"NY
21-03JST","EURGBP_NY
21-03JST",2023_22
EURGBP,long,2023-06-01 13:45:00,2023-06-01 13:50:00,930.7875894985888,0.1861575178997177,2,"NY
21-03JST","EURGBP_NY
21-03JST",2023_22
EURGBP,long,2023-06-01 14:00:00,2023-06-01 14:05:00,-5000.000000000578,-1.0000000000001157,1,"NY
21-03JST","EURGBP_NY
21-03JST",2023_22
EURGBP,long,2023-06-01 14:05:00,2023-06-01 14:10:00,-4999.9999999995525,-0.9999999999999104,1,"NY
21-03JST","EURGBP_NY
21-03JST",2023_22
EURGBP,long,2023-06-01 14:10:00,2023-06-01 14:15:00,-586.808923375557,-0.1173617846751114,3,"NY
21-03JST","EURGBP_NY
21-03JST",2023_22
EURGBP,long,2023-06-01 14:15:00,2023-06-01 14:20:00,-3003.802281367222,-0.6007604562734444,2,"NY
21-03JST","EURGBP_NY
21-03JST",2023_22
EURGBP,long,2023-06-01 14:30:00,2023-06-01 14:35:00,729.7830374759627,0.1459566074951925,3,"NY
21-03JST","EURGBP_NY
21-03JST",2023_22
EURGBP,long,2023-06-01 14:35:00,2023-06-01 14:40:00,-58.027079303196125,-0.0116054158606392,2,"NY
21-03JST","EURGBP_NY
21-03JST",2023_22
EURGBP,long,2023-06-01 14:40:00,2023-06-01 14:45:00,1585.8389912696136,0.3171677982539227,2,"NY
21-03JST","EURGBP_NY
21-03JST",2023_22
EURGBP,long,2023-06-01 14:50:00,2023-06-01 14:55:00,3919.1564147622894,0.7838312829524581,13,"NY
21-03JST","EURGBP_NY
21-03JST",2023_22
EURGBP,long,2023-06-01 15:25:00,2023-06-01 15:30:00,2258.0645161295524,0.4516129032259104,4,"NY
21-03JST","EURGBP_NY
21-03JST",2023_22
EURGBP,long,2023-06-01 15:30:00,2023-06-01 15:35:00,1632.4200913237648,0.326484018264753,3,"NY
21-03JST","EURGBP_NY
21-03JST",2023_22
EURGBP,long,2023-06-01 15:40:00,2023-06-01 15:45:00,-1183.2946635705548,-0.2366589327141109,3,"NY
21-03JST","EURGBP_NY
21-03JST",2023_22
EURGBP,long,2023-06-01 15:50:00,2023-06-01 15:55:00,-4999.99999999947,-0.999999999999894,1,"NY
21-03JST","EURGBP_NY
21-03JST",2023_22
EURGBP,long,2023-06-01 16:00:00,2023-06-01 16:05:00,14204.389574755543,2.8408779149511085,12,"NY
21-03JST","EURGBP_NY
21-03JST",2023_22
NZDUSD,long,2023-06-02 14:05:00,2023-06-02 14:10:00,-4114.433582519592,-0.8228867165039184,2,"NY
21-03JST","NZDUSD_NY
21-03JST",2023_22
NZDUSD,long,2023-06-02 14:10:00,2023-06-02 14:15:00,-5000.000000000336,-1.000000000000067,1,"NY
21-03JST","NZDUSD_NY
21-03JST",2023_22
NZDUSD,long,2023-06-02 14:15:00,2023-06-02 14:20:00,-4999.999999999654,-0.9999999999999308,1,"NY
21-03JST","NZDUSD_NY
21-03JST",2023_22
NZDUSD,long,2023-06-02 14:20:00,2023-06-02 14:25:00,3878.2664117273575,0.7756532823454715,4,"NY
21-03JST","NZDUSD_NY
21-03JST",2023_22
NZDUSD,long,2023-06-02 14:30:00,2023-06-02 14:35:00,3976.572133168447,0.7953144266336895,2,"NY
21-03JST","NZDUSD_NY
21-03JST",2023_22
NZDUSD,long,2023-06-02 14:45:00,2023-06-02 14:50:00,-4999.999999999934,-0.9999999999999868,1,"NY
21-03JST","NZDUSD_NY
21-03JST",2023_22
NZDUSD,long,2023-06-02 14:50:00,2023-06-02 14:55:00,-3707.692307692836,-0.7415384615385671,9,"NY
21-03JST","NZDUSD_NY
21-03JST",2023_22
NZDUSD,long,2023-06-02 14:55:00,2023-06-02 15:00:00,-354.1799617103158,-0.0708359923420631,8,"NY
21-03JST","NZDUSD_NY
21-03JST",2023_22
NZDUSD,long,2023-06-02 15:20:00,2023-06-02 15:25:00,-2140.773158279738,-0.4281546316559476,3,"NY
21-03JST","NZDUSD_NY
21-03JST",2023_22
GBPUSD,short,2023-06-02 15:30:00,2023-06-02 15:35:00,7632.140950347613,1.526428190069523,4,"NY
21-03JST","GBPUSD_NY
21-03JST",2023_22
GBPUSD,short,2023-06-02 15:35:00,2023-06-02 15:40:00,7405.555555555917,1.4811111111111834,3,"NY
21-03JST","GBPUSD_NY
21-03JST",2023_22
GBPUSD,short,2023-06-02 15:40:00,2023-06-02 15:45:00,2697.5945017174167,0.5395189003434834,2,"NY
21-03JST","GBPUSD_NY
21-03JST",2023_22
GBPUSD,short,2023-06-02 16:05:00,2023-06-02 16:10:00,-208.964264082541,-0.0417928528165082,4,"NY
21-03JST","GBPUSD_NY
21-03JST",2023_22
GBPUSD,short,2023-06-02 16:10:00,2023-06-02 16:15:00,-1169.1542288570863,-0.2338308457714173,3,"NY
21-03JST","GBPUSD_NY
21-03JST",2023_22
GBPUSD,short,2023-06-02 16:15:00,2023-06-02 16:20:00,-1801.8018018036428,-0.3603603603607285,2,"NY
21-03JST","GBPUSD_NY
21-03JST",2023_22
GBPUSD,short,2023-06-02 16:25:00,2023-06-02 16:30:00,4822.888283379393,0.9645776566758788,7,"NY
21-03JST","GBPUSD_NY
21-03JST",2023_22
GBPUSD,short,2023-06-02 16:45:00,2023-06-02 16:50:00,2096.307023896524,0.4192614047793047,3,"NY
21-03JST","GBPUSD_NY
21-03JST",2023_22
GBPUSD,short,2023-06-02 16:50:00,2023-06-02 16:55:00,177.19568567040562,0.0354391371340811,2,"NY
21-03JST","GBPUSD_NY
21-03JST",2023_22
GBPUSD,short,2023-06-02 16:55:00,2023-06-02 17:00:00,-4999.999999999447,-0.9999999999998894,1,"NY
21-03JST","GBPUSD_NY
21-03JST",2023_22
GBPUSD,short,2023-06-02 17:00:00,2023-06-02 17:05:00,-1328.257191199191,-0.2656514382398382,3,"NY
21-03JST","GBPUSD_NY
21-03JST",2023_22
AUDNZD,long,2023-06-06 00:30:00,2023-06-06 00:35:00,-2149.321266969229,-0.4298642533938457,2,"東京
09-15JST","AUDNZD_東京
09-15JST",2023_23
AUDNZD,long,2023-06-06 00:35:00,2023-06-06 00:40:00,-4999.99999999835,-0.99999999999967,1,"東京
09-15JST","AUDNZD_東京
09-15JST",2023_23
AUDNZD,long,2023-06-06 00:40:00,2023-06-06 00:45:00,-4127.725856703907,-0.8255451713407814,3,"東京
09-15JST","AUDNZD_東京
09-15JST",2023_23
AUDNZD,long,2023-06-06 00:45:00,2023-06-06 00:50:00,-1029.1734197729247,-0.2058346839545849,2,"東京
09-15JST","AUDNZD_東京
09-15JST",2023_23
AUDNZD,long,2023-06-06 07:10:00,2023-06-06 07:15:00,7344.497607655402,1.4688995215310805,2,"欧州
15-21JST","AUDNZD_欧州
15-21JST",2023_23
USDJPY,short,2023-06-06 07:35:00,2023-06-06 07:40:00,-5000.00000000073,-1.000000000000146,1,"欧州
15-21JST","USDJPY_欧州
15-21JST",2023_23
GBPUSD,long,2023-06-06 08:20:00,2023-06-06 08:25:00,-1022.3848471795228,-0.2044769694359045,6,"欧州
15-21JST","GBPUSD_欧州
15-21JST",2023_23
GBPUSD,long,2023-06-06 09:05:00,2023-06-06 09:10:00,-4924.20140768705,-0.98484028153741,5,"欧州
15-21JST","GBPUSD_欧州
15-21JST",2023_23
GBPUSD,long,2023-06-06 09:10:00,2023-06-06 09:15:00,-3711.9033927551673,-0.7423806785510334,4,"欧州
15-21JST","GBPUSD_欧州
15-21JST",2023_23
GBPUSD,long,2023-06-06 09:20:00,2023-06-06 09:25:00,-2257.546563905572,-0.4515093127811144,2,"欧州
15-21JST","GBPUSD_欧州
15-21JST",2023_23
GBPUSD,long,2023-06-06 10:05:00,2023-06-06 10:10:00,6441.379310343862,1.2882758620687724,11,"欧州
15-21JST","GBPUSD_欧州
15-21JST",2023_23
GBPUSD,long,2023-06-07 06:30:00,2023-06-07 06:35:00,153.77446412091174,0.0307548928241823,3,"欧州
15-21JST","GBPUSD_欧州
15-21JST",2023_23
GBPUSD,long,2023-06-07 06:40:00,2023-06-07 06:45:00,-2086.031452357712,-0.4172062904715424,2,"欧州
15-21JST","GBPUSD_欧州
15-21JST",2023_23
GBPUSD,long,2023-06-07 06:45:00,2023-06-07 06:50:00,-4017.5438596500144,-0.8035087719300029,2,"欧州
15-21JST","GBPUSD_欧州
15-21JST",2023_23
GBPUSD,long,2023-06-07 06:50:00,2023-06-07 06:55:00,1396.2425277529555,0.2792485055505911,3,"欧州
15-21JST","GBPUSD_欧州
15-21JST",2023_23
GBPUSD,long,2023-06-07 07:10:00,2023-06-07 07:15:00,11166.037735845965,2.233207547169193,10,"欧州
15-21JST","GBPUSD_欧州
15-21JST",2023_23
GBPUSD,short,2023-06-07 16:30:00,2023-06-07 16:35:00,4524.73958333396,0.904947916666792,2,"NY
21-03JST","GBPUSD_NY
21-03JST",2023_23
GBPUSD,short,2023-06-07 16:35:00,2023-06-07 16:40:00,-1203.241895260294,-0.2406483790520588,2,"NY
21-03JST","GBPUSD_NY
21-03JST",2023_23
GBPUSD,short,2023-06-07 16:40:00,2023-06-07 16:45:00,1954.545454544063,0.3909090909088126,5,"NY
21-03JST","GBPUSD_NY
21-03JST",2023_23
AUDNZD,long,2023-06-08 00:35:00,2023-06-08 00:40:00,1030.977734753694,0.2061955469507388,3,"東京
09-15JST","AUDNZD_東京
09-15JST",2023_23
AUDNZD,long,2023-06-08 00:55:00,2023-06-08 01:00:00,13521.657250471477,2.704331450094295,7,"東京
09-15JST","AUDNZD_東京
09-15JST",2023_23
AUDNZD,long,2023-06-09 00:10:00,2023-06-09 00:15:00,7358.366271408253,1.4716732542816506,3,"東京
09-15JST","AUDNZD_東京
09-15JST",2023_23
AUDNZD,long,2023-06-09 03:50:00,2023-06-09 03:55:00,377.0949720682311,0.0754189944136462,5,"東京
09-15JST","AUDNZD_東京
09-15JST",2023_23
AUDNZD,long,2023-06-09 05:25:00,2023-06-09 05:30:00,28193.54838709717,5.638709677419434,5,"東京
09-15JST","AUDNZD_東京
09-15JST",2023_23
AUDNZD,long,2023-06-09 11:15:00,2023-06-09 11:20:00,-503.0303030312113,-0.1006060606062422,2,"欧州
15-21JST","AUDNZD_欧州
15-21JST",2023_23
AUDNZD,long,2023-06-09 11:35:00,2023-06-09 11:40:00,331.88248096051666,0.0663764961921033,2,"欧州
15-21JST","AUDNZD_欧州
15-21JST",2023_23
AUDNZD,long,2023-06-09 11:50:00,2023-06-09 11:55:00,10276.430649858316,2.0552861299716634,6,"欧州
15-21JST","AUDNZD_欧州
15-21JST",2023_23
AUDNZD,long,2023-06-09 11:55:00,2023-06-09 12:00:00,13387.423935098255,2.6774847870196514,5,"欧州
15-21JST","AUDNZD_欧州
15-21JST",2023_23
CHFJPY,long,2023-06-09 15:50:00,2023-06-09 15:55:00,-3094.504365692096,-0.6189008731384191,3,"NY
21-03JST","CHFJPY_NY
21-03JST",2023_23
CHFJPY,long,2023-06-09 15:55:00,2023-06-09 16:00:00,-338.1893860549622,-0.0676378772109924,2,"NY
21-03JST","CHFJPY_NY
21-03JST",2023_23
AUDNZD,long,2023-06-12 09:05:00,2023-06-12 09:10:00,-2732.4973876685062,-0.5464994775337012,4,"欧州
15-21JST","AUDNZD_欧州
15-21JST",2023_24
USDJPY,short,2023-06-12 09:15:00,2023-06-12 09:20:00,-4999.999999998804,-0.9999999999997607,1,"欧州
15-21JST","USDJPY_欧州
15-21JST",2023_24
AUDNZD,long,2023-06-12 09:15:00,2023-06-12 09:20:00,-3701.030927831931,-0.7402061855663862,3,"欧州
15-21JST","AUDNZD_欧州
15-21JST",2023_24
AUDNZD,long,2023-06-12 09:25:00,2023-06-12 09:30:00,-5000.000000001225,-1.000000000000245,2,"欧州
15-21JST","AUDNZD_欧州
15-21JST",2023_24
USDJPY,short,2023-06-12 09:30:00,2023-06-12 09:35:00,-1841.1552346559367,-0.3682310469311874,2,"欧州
15-21JST","USDJPY_欧州
15-21JST",2023_24
AUDNZD,long,2023-06-12 09:30:00,2023-06-12 09:35:00,-4999.999999998217,-0.9999999999996436,1,"欧州
15-21JST","AUDNZD_欧州
15-21JST",2023_24
AUDNZD,long,2023-06-12 09:35:00,2023-06-12 09:40:00,-4999.999999999246,-0.9999999999998492,1,"欧州
15-21JST","AUDNZD_欧州
15-21JST",2023_24
AUDNZD,long,2023-06-12 09:40:00,2023-06-12 09:45:00,13059.171597632154,2.61183431952643,7,"欧州
15-21JST","AUDNZD_欧州
15-21JST",2023_24
AUDNZD,long,2023-06-12 09:45:00,2023-06-12 09:50:00,7049.830124572665,1.4099660249145332,6,"欧州
15-21JST","AUDNZD_欧州
15-21JST",2023_24
USDJPY,short,2023-06-12 10:15:00,2023-06-12 10:20:00,-1113.9149243008935,-0.2227829848601787,2,"欧州
15-21JST","USDJPY_欧州
15-21JST",2023_24
USDJPY,short,2023-06-12 10:20:00,2023-06-12 10:25:00,-5000.000000000627,-1.0000000000001252,1,"欧州
15-21JST","USDJPY_欧州
15-21JST",2023_24
GBPUSD,long,2023-06-12 11:30:00,2023-06-12 11:35:00,-5000.000000000332,-1.0000000000000664,1,"欧州
15-21JST","GBPUSD_欧州
15-21JST",2023_24
GBPUSD,long,2023-06-12 11:35:00,2023-06-12 11:40:00,-4628.506444275081,-0.925701288855016,3,"欧州
15-21JST","GBPUSD_欧州
15-21JST",2023_24
GBPUSD,long,2023-06-12 11:40:00,2023-06-12 11:45:00,-3583.208395803388,-0.7166416791606777,2,"欧州
15-21JST","GBPUSD_欧州
15-21JST",2023_24
AUDNZD,long,2023-06-13 05:30:00,2023-06-13 05:35:00,12520.00000000495,2.50400000000099,4,"東京
09-15JST","AUDNZD_東京
09-15JST",2023_24
AUDNZD,long,2023-06-13 06:50:00,2023-06-13 06:55:00,-1406.4697609008886,-0.2812939521801777,2,"欧州
15-21JST","AUDNZD_欧州
15-21JST",2023_24
AUDNZD,long,2023-06-13 07:05:00,2023-06-13 07:10:00,5986.547085202133,1.1973094170404266,7,"欧州
15-21JST","AUDNZD_欧州
15-21JST",2023_24
AUDNZD,long,2023-06-13 07:10:00,2023-06-13 07:15:00,3305.810397552205,0.6611620795104409,6,"欧州
15-21JST","AUDNZD_欧州
15-21JST",2023_24
AUDNZD,long,2023-06-13 07:50:00,2023-06-13 07:55:00,-4999.999999999197,-0.9999999999998394,1,"欧州
15-21JST","AUDNZD_欧州
15-21JST",2023_24
AUDNZD,long,2023-06-13 08:00:00,2023-06-13 08:05:00,13499.267935577023,2.699853587115405,19,"欧州
15-21JST","AUDNZD_欧州
15-21JST",2023_24
AUDNZD,long,2023-06-13 08:10:00,2023-06-13 08:15:00,14810.276679838742,2.9620553359677486,17,"欧州
15-21JST","AUDNZD_欧州
15-21JST",2023_24
EURAUD,long,2023-06-13 12:00:00,2023-06-13 12:05:00,-1036.7647058828857,-0.2073529411765771,2,"NY
21-03JST","EURAUD_NY
21-03JST",2023_24
EURAUD,long,2023-06-13 12:40:00,2023-06-13 12:45:00,2425.931825422088,0.4851863650844176,3,"NY
21-03JST","EURAUD_NY
21-03JST",2023_24
CHFJPY,long,2023-06-13 13:05:00,2023-06-13 13:10:00,14098.660170523304,2.819732034104661,13,"NY
21-03JST","CHFJPY_NY
21-03JST",2023_24
CHFJPY,long,2023-06-13 13:10:00,2023-06-13 13:15:00,12593.880389428612,2.518776077885722,12,"NY
21-03JST","CHFJPY_NY
21-03JST",2023_24
EURAUD,long,2023-06-13 13:10:00,2023-06-13 13:15:00,8135.511773185549,1.6271023546371095,8,"NY
21-03JST","EURAUD_NY
21-03JST",2023_24
AUDNZD,long,2023-06-14 08:50:00,2023-06-14 08:55:00,7128.712871289784,1.4257425742579568,6,"欧州
15-21JST","AUDNZD_欧州
15-21JST",2023_24
AUDNZD,long,2023-06-14 08:55:00,2023-06-14 09:00:00,11942.67515923693,2.3885350318473857,5,"欧州
15-21JST","AUDNZD_欧州
15-21JST",2023_24
USDJPY,short,2023-06-14 09:05:00,2023-06-14 09:10:00,2467.4267100986062,0.4934853420197213,5,"欧州
15-21JST","USDJPY_欧州
15-21JST",2023_24
AUDNZD,long,2023-06-14 10:00:00,2023-06-14 10:05:00,-1281.9203268640706,-0.2563840653728141,2,"欧州
15-21JST","AUDNZD_欧州
15-21JST",2023_24
AUDNZD,long,2023-06-14 10:10:00,2023-06-14 10:15:00,-5000.000000001381,-1.0000000000002762,1,"欧州
15-21JST","AUDNZD_欧州
15-21JST",2023_24
AUDNZD,long,2023-06-14 10:15:00,2023-06-14 10:20:00,7385.685884691218,1.4771371769382438,3,"欧州
15-21JST","AUDNZD_欧州
15-21JST",2023_24
AUDNZD,long,2023-06-14 10:20:00,2023-06-14 10:25:00,2937.4389051796547,0.5874877810359309,2,"欧州
15-21JST","AUDNZD_欧州
15-21JST",2023_24
USDJPY,short,2023-06-15 09:20:00,2023-06-15 09:25:00,-4999.999999999545,-0.9999999999999092,1,"欧州
15-21JST","USDJPY_欧州
15-21JST",2023_24
USDJPY,short,2023-06-15 09:40:00,2023-06-15 09:45:00,-4999.999999999604,-0.9999999999999208,1,"欧州
15-21JST","USDJPY_欧州
15-21JST",2023_24
AUDNZD,long,2023-06-15 09:50:00,2023-06-15 09:55:00,-3414.239482202532,-0.6828478964405065,2,"欧州
15-21JST","AUDNZD_欧州
15-21JST",2023_24
AUDNZD,long,2023-06-15 10:00:00,2023-06-15 10:05:00,-4999.999999998727,-0.9999999999997452,1,"欧州
15-21JST","AUDNZD_欧州
15-21JST",2023_24
GBPUSD,long,2023-06-15 11:55:00,2023-06-15 12:00:00,10575.333757151611,2.115066751430322,4,"欧州
15-21JST","GBPUSD_欧州
15-21JST",2023_24
CHFJPY,long,2023-06-15 12:55:00,2023-06-15 13:00:00,1151.9786355912229,0.2303957271182445,3,"NY
21-03JST","CHFJPY_NY
21-03JST",2023_24
EURAUD,long,2023-06-15 16:20:00,2023-06-15 16:25:00,661.4890198185769,0.1322978039637153,2,"NY
21-03JST","EURAUD_NY
21-03JST",2023_24
EURAUD,long,2023-06-15 16:35:00,2023-06-15 16:40:00,4894.268224817713,0.9788536449635428,9,"NY
21-03JST","EURAUD_NY
21-03JST",2023_24
AUDNZD,long,2023-06-16 00:35:00,2023-06-16 00:40:00,-4999.999999999743,-0.9999999999999484,2,"東京
09-15JST","AUDNZD_東京
09-15JST",2023_24
AUDNZD,long,2023-06-16 00:40:00,2023-06-16 00:45:00,-4999.99999999871,-0.999999999999742,1,"東京
09-15JST","AUDNZD_東京
09-15JST",2023_24
AUDNZD,long,2023-06-16 00:50:00,2023-06-16 00:55:00,-5000.000000001157,-1.0000000000002314,1,"東京
09-15JST","AUDNZD_東京
09-15JST",2023_24
AUDNZD,long,2023-06-16 08:15:00,2023-06-16 08:20:00,1741.2451361863143,0.3482490272372629,3,"欧州
15-21JST","AUDNZD_欧州
15-21JST",2023_24
GBPUSD,long,2023-06-16 08:30:00,2023-06-16 08:35:00,3252.788104088643,0.6505576208177286,6,"欧州
15-21JST","GBPUSD_欧州
15-21JST",2023_24
AUDNZD,long,2023-06-16 08:50:00,2023-06-16 08:55:00,-2332.123411977636,-0.4664246823955272,3,"欧州
15-21JST","AUDNZD_欧州
15-21JST",2023_24
AUDNZD,long,2023-06-16 09:00:00,2023-06-16 09:05:00,3100.289296046422,0.6200578592092844,5,"欧州
15-21JST","AUDNZD_欧州
15-21JST",2023_24
AUDNZD,long,2023-06-16 09:10:00,2023-06-16 09:15:00,2248.730964468203,0.4497461928936406,3,"欧州
15-21JST","AUDNZD_欧州
15-21JST",2023_24
AUDNZD,long,2023-06-16 09:30:00,2023-06-16 09:35:00,-5000.000000001216,-1.0000000000002431,1,"欧州
15-21JST","AUDNZD_欧州
15-21JST",2023_24
AUDNZD,long,2023-06-16 09:35:00,2023-06-16 09:40:00,-4999.999999999534,-0.9999999999999069,1,"欧州
15-21JST","AUDNZD_欧州
15-21JST",2023_24
AUDNZD,long,2023-06-16 09:40:00,2023-06-16 09:45:00,3714.8594377519503,0.74297188755039,6,"欧州
15-21JST","AUDNZD_欧州
15-21JST",2023_24
AUDNZD,long,2023-06-16 09:45:00,2023-06-16 09:50:00,1930.6930693060492,0.3861386138612099,6,"欧州
15-21JST","AUDNZD_欧州
15-21JST",2023_24
EURAUD,long,2023-06-16 12:30:00,2023-06-16 12:35:00,13369.37463471656,2.673874926943312,9,"NY
21-03JST","EURAUD_NY
21-03JST",2023_24
CHFJPY,long,2023-06-19 16:10:00,2023-06-19 16:15:00,-3110.1511879049363,-0.6220302375809873,4,"NY
21-03JST","CHFJPY_NY
21-03JST",2023_25
CHFJPY,long,2023-06-19 16:15:00,2023-06-19 16:20:00,-4999.9999999996935,-0.9999999999999388,3,"NY
21-03JST","CHFJPY_NY
21-03JST",2023_25
AUDUSD,long,2023-06-19 16:15:00,2023-06-19 16:20:00,-1698.113207547795,-0.3396226415095589,3,"NY
21-03JST","AUDUSD_NY
21-03JST",2023_25
AUDUSD,long,2023-06-19 16:20:00,2023-06-19 16:25:00,-893.8547486046617,-0.1787709497209323,2,"NY
21-03JST","AUDUSD_NY
21-03JST",2023_25
CHFJPY,long,2023-06-19 16:20:00,2023-06-19 16:25:00,-4552.238805970457,-0.9104477611940914,2,"NY
21-03JST","CHFJPY_NY
21-03JST",2023_25
CHFJPY,long,2023-06-19 16:25:00,2023-06-19 16:30:00,-4999.999999999851,-0.99999999999997,1,"NY
21-03JST","CHFJPY_NY
21-03JST",2023_25
CHFJPY,long,2023-06-19 16:35:00,2023-06-19 16:40:00,473.2510288038691,0.0946502057607738,12,"NY
21-03JST","CHFJPY_NY
21-03JST",2023_25
AUDUSD,long,2023-06-19 16:35:00,2023-06-19 16:40:00,545.2003727878912,0.1090400745575782,41,"NY
21-03JST","AUDUSD_NY
21-03JST",2023_25
CHFJPY,long,2023-06-19 16:40:00,2023-06-19 16:45:00,-1131.198347107974,-0.2262396694215948,11,"NY
21-03JST","CHFJPY_NY
21-03JST",2023_25
AUDUSD,long,2023-06-19 16:45:00,2023-06-19 16:50:00,150.94339622762058,0.0301886792455241,39,"NY
21-03JST","AUDUSD_NY
21-03JST",2023_25
AUDUSD,long,2023-06-19 17:10:00,2023-06-19 17:15:00,1316.7587477006712,0.2633517495401342,34,"NY
21-03JST","AUDUSD_NY
21-03JST",2023_25
CHFJPY,long,2023-06-19 17:10:00,2023-06-19 17:15:00,-4355.828220857241,-0.8711656441714482,2,"NY
21-03JST","CHFJPY_NY
21-03JST",2023_25
AUDUSD,long,2023-06-19 17:15:00,2023-06-19 17:20:00,-1293.2790224001565,-0.2586558044800313,9,"NY
21-03JST","AUDUSD_NY
21-03JST",2023_25
AUDUSD,long,2023-06-19 17:20:00,2023-06-19 17:25:00,-652.1739130413896,-0.1304347826082779,8,"NY
21-03JST","AUDUSD_NY
21-03JST",2023_25
CHFJPY,long,2023-06-19 17:20:00,2023-06-19 17:25:00,-4398.496240600147,-0.8796992481200294,2,"NY
21-03JST","CHFJPY_NY
21-03JST",2023_25
CHFJPY,long,2023-06-19 17:25:00,2023-06-19 17:30:00,-5000.000000001272,-1.0000000000002542,2,"NY
21-03JST","CHFJPY_NY
21-03JST",2023_25
CHFJPY,long,2023-06-19 17:30:00,2023-06-19 17:35:00,6082.004555810858,1.2164009111621716,8,"NY
21-03JST","CHFJPY_NY
21-03JST",2023_25
AUDUSD,long,2023-06-19 17:35:00,2023-06-19 17:40:00,714.2857142865236,0.1428571428573047,3,"NY
21-03JST","AUDUSD_NY
21-03JST",2023_25
CHFJPY,long,2023-06-19 17:40:00,2023-06-19 17:45:00,8603.603603603884,1.7207207207207769,5,"NY
21-03JST","CHFJPY_NY
21-03JST",2023_25
AUDUSD,long,2023-06-19 17:40:00,2023-06-19 17:45:00,-1499.9999999964227,-0.2999999999992845,2,"NY
21-03JST","AUDUSD_NY
21-03JST",2023_25
AUDUSD,long,2023-06-19 17:55:00,2023-06-19 18:00:00,1936.936936935183,0.3873873873870366,13,"NY
21-03JST","AUDUSD_NY
21-03JST",2023_25
AUDNZD,long,2023-06-20 01:30:00,2023-06-20 01:35:00,-2139.208173690423,-0.4278416347380845,2,"東京
09-15JST","AUDNZD_東京
09-15JST",2023_25
AUDNZD,long,2023-06-20 01:35:00,2023-06-20 01:40:00,-4999.999999999575,-0.9999999999999152,1,"東京
09-15JST","AUDNZD_東京
09-15JST",2023_25
AUDNZD,long,2023-06-20 01:45:00,2023-06-20 01:50:00,-3121.073672187581,-0.6242147344375163,3,"東京
09-15JST","AUDNZD_東京
09-15JST",2023_25
AUDNZD,long,2023-06-20 01:50:00,2023-06-20 01:55:00,197.6495726501551,0.039529914530031,2,"東京
09-15JST","AUDNZD_東京
09-15JST",2023_25
AUDNZD,long,2023-06-20 02:05:00,2023-06-20 02:10:00,2266.881028937237,0.4533762057874473,2,"東京
09-15JST","AUDNZD_東京
09-15JST",2023_25
AUDNZD,long,2023-06-20 02:10:00,2023-06-20 02:15:00,-5000.000000000553,-1.0000000000001106,1,"東京
09-15JST","AUDNZD_東京
09-15JST",2023_25
AUDNZD,long,2023-06-20 02:20:00,2023-06-20 02:25:00,-4098.591549296792,-0.8197183098593583,5,"東京
09-15JST","AUDNZD_東京
09-15JST",2023_25
AUDNZD,long,2023-06-20 02:30:00,2023-06-20 02:35:00,-4408.212560386277,-0.8816425120772554,5,"東京
09-15JST","AUDNZD_東京
09-15JST",2023_25
AUDNZD,long,2023-06-20 02:35:00,2023-06-20 02:40:00,7842.741935484632,1.5685483870969266,29,"東京
09-15JST","AUDNZD_東京
09-15JST",2023_25
AUDNZD,long,2023-06-20 02:40:00,2023-06-20 02:45:00,-4657.608695651986,-0.9315217391303972,3,"東京
09-15JST","AUDNZD_東京
09-15JST",2023_25
AUDNZD,long,2023-06-20 02:45:00,2023-06-20 02:50:00,-1885.5932203376265,-0.3771186440675252,2,"東京
09-15JST","AUDNZD_東京
09-15JST",2023_25
AUDNZD,long,2023-06-20 02:50:00,2023-06-20 02:55:00,11358.28877005288,2.271657754010576,19,"東京
09-15JST","AUDNZD_東京
09-15JST",2023_25
AUDNZD,long,2023-06-20 03:00:00,2023-06-20 03:05:00,15321.23735871438,3.064247471742876,17,"東京
09-15JST","AUDNZD_東京
09-15JST",2023_25
AUDNZD,long,2023-06-20 06:40:00,2023-06-20 06:45:00,4068.03355079332,0.813606710158664,3,"欧州
15-21JST","AUDNZD_欧州
15-21JST",2023_25
AUDNZD,long,2023-06-20 07:15:00,2023-06-20 07:20:00,-3587.155963302652,-0.7174311926605303,2,"欧州
15-21JST","AUDNZD_欧州
15-21JST",2023_25
AUDNZD,long,2023-06-20 07:20:00,2023-06-20 07:25:00,-4999.999999998606,-0.9999999999997212,1,"欧州
15-21JST","AUDNZD_欧州
15-21JST",2023_25
AUDNZD,long,2023-06-20 07:30:00,2023-06-20 07:35:00,-1784.8509266707292,-0.3569701853341458,2,"欧州
15-21JST","AUDNZD_欧州
15-21JST",2023_25
AUDNZD,long,2023-06-20 07:35:00,2023-06-20 07:40:00,-4999.999999999651,-0.9999999999999302,1,"欧州
15-21JST","AUDNZD_欧州
15-21JST",2023_25
AUDNZD,long,2023-06-20 07:40:00,2023-06-20 07:45:00,-5000.000000000342,-1.0000000000000684,1,"欧州
15-21JST","AUDNZD_欧州
15-21JST",2023_25
AUDNZD,long,2023-06-20 07:45:00,2023-06-20 07:50:00,-5000.0,-1.0,1,"欧州
15-21JST","AUDNZD_欧州
15-21JST",2023_25
AUDNZD,long,2023-06-20 07:50:00,2023-06-20 07:55:00,-5000.0,-1.0,2,"欧州
15-21JST","AUDNZD_欧州
15-21JST",2023_25
AUDNZD,long,2023-06-20 08:00:00,2023-06-20 08:05:00,-5000.000000000483,-1.0000000000000966,2,"欧州
15-21JST","AUDNZD_欧州
15-21JST",2023_25
AUDNZD,long,2023-06-20 08:05:00,2023-06-20 08:10:00,-3749.106504646924,-0.7498213009293848,4,"欧州
15-21JST","AUDNZD_欧州
15-21JST",2023_25
AUDNZD,long,2023-06-20 08:10:00,2023-06-20 08:15:00,-3530.734632682394,-0.7061469265364788,3,"欧州
15-21JST","AUDNZD_欧州
15-21JST",2023_25
AUDNZD,long,2023-06-20 08:15:00,2023-06-20 08:20:00,-3083.650190113736,-0.6167300380227472,2,"欧州
15-21JST","AUDNZD_欧州
15-21JST",2023_25
AUDNZD,long,2023-06-20 08:25:00,2023-06-20 08:30:00,-4999.999999999459,-0.9999999999998918,1,"欧州
15-21JST","AUDNZD_欧州
15-21JST",2023_25
AUDNZD,long,2023-06-20 08:30:00,2023-06-20 08:35:00,8546.603475512466,1.709320695102493,6,"欧州
15-21JST","AUDNZD_欧州
15-21JST",2023_25
AUDNZD,long,2023-06-20 08:35:00,2023-06-20 08:40:00,7319.164802384698,1.4638329604769396,5,"欧州
15-21JST","AUDNZD_欧州
15-21JST",2023_25
AUDNZD,long,2023-06-20 09:35:00,2023-06-20 09:40:00,-472.9183508498924,-0.0945836701699784,3,"欧州
15-21JST","AUDNZD_欧州
15-21JST",2023_25
CHFJPY,long,2023-06-20 12:00:00,2023-06-20 12:05:00,12029.063509150956,2.405812701830192,5,"NY
21-03JST","CHFJPY_NY
21-03JST",2023_25
CHFJPY,long,2023-06-20 12:10:00,2023-06-20 12:15:00,8533.58820316998,1.706717640633996,3,"NY
21-03JST","CHFJPY_NY
21-03JST",2023_25
AUDUSD,long,2023-06-20 12:50:00,2023-06-20 12:55:00,-4999.999999999908,-0.9999999999999816,1,"NY
21-03JST","AUDUSD_NY
21-03JST",2023_25
AUDUSD,long,2023-06-20 13:10:00,2023-06-20 13:15:00,4112.426035503205,0.822485207100641,4,"NY
21-03JST","AUDUSD_NY
21-03JST",2023_25
AUDUSD,long,2023-06-20 13:20:00,2023-06-20 13:25:00,5709.534368070922,1.1419068736141844,2,"NY
21-03JST","AUDUSD_NY
21-03JST",2023_25
AUDUSD,long,2023-06-20 13:40:00,2023-06-20 13:45:00,-3087.431693989479,-0.6174863387978957,2,"NY
21-03JST","AUDUSD_NY
21-03JST",2023_25
AUDUSD,long,2023-06-20 13:55:00,2023-06-20 14:00:00,42.56712508286669,0.0085134250165733,3,"NY
21-03JST","AUDUSD_NY
21-03JST",2023_25
AUDUSD,long,2023-06-20 14:05:00,2023-06-20 14:10:00,-4999.999999999579,-0.9999999999999156,2,"NY
21-03JST","AUDUSD_NY
21-03JST",2023_25
AUDUSD,long,2023-06-20 14:15:00,2023-06-20 14:20:00,-5000.000000000142,-1.0000000000000284,1,"NY
21-03JST","AUDUSD_NY
21-03JST",2023_25
AUDUSD,long,2023-06-20 14:20:00,2023-06-20 14:25:00,21255.37139349354,4.251074278698708,36,"NY
21-03JST","AUDUSD_NY
21-03JST",2023_25
AUDUSD,long,2023-06-20 14:25:00,2023-06-20 14:30:00,19457.83132530165,3.8915662650603298,35,"NY
21-03JST","AUDUSD_NY
21-03JST",2023_25
AUDUSD,long,2023-06-20 14:30:00,2023-06-20 14:35:00,20162.84680337823,4.032569360675646,34,"NY
21-03JST","AUDUSD_NY
21-03JST",2023_25
CHFJPY,long,2023-06-20 14:50:00,2023-06-20 14:55:00,-1822.5918225928815,-0.3645183645185763,3,"NY
21-03JST","CHFJPY_NY
21-03JST",2023_25
CHFJPY,long,2023-06-20 14:55:00,2023-06-20 15:00:00,213.7931034484976,0.0427586206896995,2,"NY
21-03JST","CHFJPY_NY
21-03JST",2023_25
CHFJPY,long,2023-06-20 15:10:00,2023-06-20 15:15:00,837.6005852217502,0.16752011704435,5,"NY
21-03JST","CHFJPY_NY
21-03JST",2023_25
EURAUD,long,2023-06-20 15:55:00,2023-06-20 16:00:00,-4426.490669095506,-0.8852981338191012,2,"NY
21-03JST","EURAUD_NY
21-03JST",2023_25
EURAUD,long,2023-06-20 16:00:00,2023-06-20 16:05:00,-5000.000000000207,-1.0000000000000413,1,"NY
21-03JST","EURAUD_NY
21-03JST",2023_25
EURAUD,long,2023-06-20 16:05:00,2023-06-20 16:10:00,804.7105004911788,0.1609421000982357,2,"NY
21-03JST","EURAUD_NY
21-03JST",2023_25
CHFJPY,long,2023-06-20 16:05:00,2023-06-20 16:10:00,-373.0595893835065,-0.0746119178767013,3,"NY
21-03JST","CHFJPY_NY
21-03JST",2023_25
CHFJPY,long,2023-06-20 16:10:00,2023-06-20 16:15:00,-2560.3217158163457,-0.5120643431632691,3,"NY
21-03JST","CHFJPY_NY
21-03JST",2023_25
EURAUD,long,2023-06-20 16:10:00,2023-06-20 16:15:00,2696.3350785345865,0.5392670157069173,12,"NY
21-03JST","EURAUD_NY
21-03JST",2023_25
EURAUD,long,2023-06-20 16:20:00,2023-06-20 16:25:00,4459.459459459595,0.891891891891919,10,"NY
21-03JST","EURAUD_NY
21-03JST",2023_25
EURAUD,long,2023-06-20 16:35:00,2023-06-20 16:40:00,3172.972972973351,0.6345945945946702,7,"NY
21-03JST","EURAUD_NY
21-03JST",2023_25
AUDNZD,long,2023-06-21 04:35:00,2023-06-21 04:40:00,-2169.1176470599275,-0.4338235294119855,2,"東京
09-15JST","AUDNZD_東京
09-15JST",2023_25
AUDNZD,long,2023-06-21 04:40:00,2023-06-21 04:45:00,-3703.7037037035407,-0.7407407407407082,2,"東京
09-15JST","AUDNZD_東京
09-15JST",2023_25
AUDNZD,long,2023-06-21 05:15:00,2023-06-21 05:20:00,2885.05747126389,0.577011494252778,6,"東京
09-15JST","AUDNZD_東京
09-15JST",2023_25
AUDNZD,long,2023-06-21 05:25:00,2023-06-21 05:30:00,4847.596717464955,0.969519343492991,4,"東京
09-15JST","AUDNZD_東京
09-15JST",2023_25
AUDNZD,long,2023-06-21 05:30:00,2023-06-21 05:35:00,2441.5887850432405,0.4883177570086481,3,"東京
09-15JST","AUDNZD_東京
09-15JST",2023_25
AUDNZD,long,2023-06-21 05:50:00,2023-06-21 05:55:00,-5000.000000000241,-1.0000000000000482,1,"東京
09-15JST","AUDNZD_東京
09-15JST",2023_25
AUDNZD,long,2023-06-21 06:00:00,2023-06-21 06:05:00,-838.7622149852256,-0.1677524429970451,4,"欧州
15-21JST","AUDNZD_欧州
15-21JST",2023_25
AUDNZD,long,2023-06-21 06:20:00,2023-06-21 06:25:00,-314.51612903215926,-0.0629032258064318,3,"欧州
15-21JST","AUDNZD_欧州
15-21JST",2023_25
AUDNZD,long,2023-06-21 06:25:00,2023-06-21 06:30:00,-1585.3658536580656,-0.3170731707316131,2,"欧州
15-21JST","AUDNZD_欧州
15-21JST",2023_25
AUDNZD,long,2023-06-21 06:40:00,2023-06-21 06:45:00,886.3636363633656,0.1772727272726731,4,"欧州
15-21JST","AUDNZD_欧州
15-21JST",2023_25
AUDNZD,long,2023-06-21 07:20:00,2023-06-21 07:25:00,2784.090909088788,0.5568181818177576,12,"欧州
15-21JST","AUDNZD_欧州
15-21JST",2023_25
AUDNZD,long,2023-06-21 07:30:00,2023-06-21 07:35:00,-1141.7322834632907,-0.2283464566926581,10,"欧州
15-21JST","AUDNZD_欧州
15-21JST",2023_25
AUDNZD,long,2023-06-21 11:50:00,2023-06-21 11:55:00,-2737.373737373434,-0.5474747474746868,4,"欧州
15-21JST","AUDNZD_欧州
15-21JST",2023_25
AUDNZD,long,2023-06-21 11:55:00,2023-06-21 12:00:00,-3813.5593220342375,-0.7627118644068475,3,"欧州
15-21JST","AUDNZD_欧州
15-21JST",2023_25
AUDUSD,long,2023-06-21 12:30:00,2023-06-21 12:35:00,-434.7826086955472,-0.0869565217391094,2,"NY
21-03JST","AUDUSD_NY
21-03JST",2023_25
AUDUSD,long,2023-06-21 12:35:00,2023-06-21 12:40:00,6000.827129858548,1.2001654259717096,4,"NY
21-03JST","AUDUSD_NY
21-03JST",2023_25
AUDUSD,long,2023-06-21 13:40:00,2023-06-21 13:45:00,11492.14659685865,2.29842931937173,4,"NY
21-03JST","AUDUSD_NY
21-03JST",2023_25
EURAUD,long,2023-06-21 16:55:00,2023-06-21 17:00:00,7425.7990867575745,1.4851598173515148,9,"NY
21-03JST","EURAUD_NY
21-03JST",2023_25
AUDNZD,long,2023-06-21 18:05:00,2023-06-21 18:10:00,-5000.00000000057,-1.000000000000114,1,"深夜
03-09JST","AUDNZD_深夜
03-09JST",2023_25
AUDNZD,long,2023-06-21 18:10:00,2023-06-21 18:15:00,12780.748663096116,2.556149732619223,9,"深夜
03-09JST","AUDNZD_深夜
03-09JST",2023_25
AUDNZD,long,2023-06-21 18:15:00,2023-06-21 18:20:00,11918.990703852574,2.383798140770515,8,"深夜
03-09JST","AUDNZD_深夜
03-09JST",2023_25
AUDNZD,long,2023-06-22 01:55:00,2023-06-22 02:00:00,-5000.000000000904,-1.0000000000001807,1,"東京
09-15JST","AUDNZD_東京
09-15JST",2023_25
AUDNZD,long,2023-06-22 02:05:00,2023-06-22 02:10:00,3211.538461543065,0.642307692308613,5,"東京
09-15JST","AUDNZD_東京
09-15JST",2023_25
AUDNZD,long,2023-06-22 02:10:00,2023-06-22 02:15:00,1204.9861495860869,0.2409972299172173,4,"東京
09-15JST","AUDNZD_東京
09-15JST",2023_25
AUDNZD,long,2023-06-22 02:35:00,2023-06-22 02:40:00,-3895.348837209489,-0.7790697674418977,2,"東京
09-15JST","AUDNZD_東京
09-15JST",2023_25
AUDNZD,long,2023-06-22 02:45:00,2023-06-22 02:50:00,-3931.297709920831,-0.7862595419841661,2,"東京
09-15JST","AUDNZD_東京
09-15JST",2023_25
AUDNZD,long,2023-06-22 02:50:00,2023-06-22 02:55:00,-2383.1775700952244,-0.4766355140190448,2,"東京
09-15JST","AUDNZD_東京
09-15JST",2023_25
AUDNZD,long,2023-06-22 03:00:00,2023-06-22 03:05:00,8786.07809847411,1.757215619694822,12,"東京
09-15JST","AUDNZD_東京
09-15JST",2023_25
AUDNZD,long,2023-06-22 03:05:00,2023-06-22 03:10:00,10760.773966579276,2.152154793315855,11,"東京
09-15JST","AUDNZD_東京
09-15JST",2023_25
AUDNZD,long,2023-06-22 05:15:00,2023-06-22 05:20:00,1519.959058342039,0.3039918116684078,2,"東京
09-15JST","AUDNZD_東京
09-15JST",2023_25
AUDNZD,long,2023-06-22 05:25:00,2023-06-22 05:30:00,-2172.4137931070813,-0.4344827586214163,2,"東京
09-15JST","AUDNZD_東京
09-15JST",2023_25
AUDNZD,long,2023-06-22 05:30:00,2023-06-22 05:35:00,3416.0305343536656,0.6832061068707331,3,"東京
09-15JST","AUDNZD_東京
09-15JST",2023_25
AUDNZD,long,2023-06-22 05:35:00,2023-06-22 05:40:00,1229.3577981655108,0.2458715596331021,5,"東京
09-15JST","AUDNZD_東京
09-15JST",2023_25
AUDNZD,long,2023-06-22 05:40:00,2023-06-22 05:45:00,2730.434782609629,0.5460869565219258,4,"東京
09-15JST","AUDNZD_東京
09-15JST",2023_25
AUDNZD,long,2023-06-22 10:50:00,2023-06-22 10:55:00,7150.259067354521,1.4300518134709042,2,"欧州
15-21JST","AUDNZD_欧州
15-21JST",2023_25
CHFJPY,long,2023-06-22 12:40:00,2023-06-22 12:45:00,4255.492270140327,0.8510984540280653,5,"NY
21-03JST","CHFJPY_NY
21-03JST",2023_25
AUDUSD,long,2023-06-22 15:55:00,2023-06-22 16:00:00,-3760.0644122391054,-0.7520128824478213,4,"NY
21-03JST","AUDUSD_NY
21-03JST",2023_25
AUDUSD,long,2023-06-22 17:00:00,2023-06-22 17:05:00,911.8727050196874,0.1823745410039374,5,"NY
21-03JST","AUDUSD_NY
21-03JST",2023_25
AUDUSD,long,2023-06-22 17:10:00,2023-06-22 17:15:00,-137.7245508983068,-0.0275449101796613,3,"NY
21-03JST","AUDUSD_NY
21-03JST",2023_25
AUDUSD,long,2023-06-23 16:05:00,2023-06-23 16:10:00,-1007.0671378086952,-0.201413427561739,10,"NY
21-03JST","AUDUSD_NY
21-03JST",2023_25
AUDUSD,long,2023-06-23 16:30:00,2023-06-23 16:35:00,-3450.306170512933,-0.6900612341025865,5,"NY
21-03JST","AUDUSD_NY
21-03JST",2023_25
AUDUSD,long,2023-06-23 16:35:00,2023-06-23 16:40:00,-4026.4255910978495,-0.80528511821957,4,"NY
21-03JST","AUDUSD_NY
21-03JST",2023_25
AUDUSD,long,2023-06-23 16:45:00,2023-06-23 16:50:00,-5000.000000000206,-1.000000000000041,2,"NY
21-03JST","AUDUSD_NY
21-03JST",2023_25
AUDUSD,long,2023-06-23 16:50:00,2023-06-23 16:55:00,-4999.999999999644,-0.9999999999999288,1,"NY
21-03JST","AUDUSD_NY
21-03JST",2023_25
AUDUSD,long,2023-06-26 13:15:00,2023-06-26 13:20:00,-5000.000000000277,-1.0000000000000555,1,"NY
21-03JST","AUDUSD_NY
21-03JST",2023_26
AUDUSD,long,2023-06-26 13:20:00,2023-06-26 13:25:00,-4999.999999999728,-0.9999999999999456,1,"NY
21-03JST","AUDUSD_NY
21-03JST",2023_26
AUDUSD,long,2023-06-26 13:25:00,2023-06-26 13:30:00,6564.455569460981,1.312891113892196,4,"NY
21-03JST","AUDUSD_NY
21-03JST",2023_26
AUDUSD,long,2023-06-26 13:30:00,2023-06-26 13:35:00,5344.82758620502,1.0689655172410042,3,"NY
21-03JST","AUDUSD_NY
21-03JST",2023_26
AUDUSD,long,2023-06-26 13:50:00,2023-06-26 13:55:00,4682.539682540374,0.9365079365080748,2,"NY
21-03JST","AUDUSD_NY
21-03JST",2023_26
AUDNZD,long,2023-06-27 05:15:00,2023-06-27 05:20:00,-5000.000000000432,-1.0000000000000864,1,"東京
09-15JST","AUDNZD_東京
09-15JST",2023_26
AUDNZD,long,2023-06-27 05:25:00,2023-06-27 05:30:00,-1208.3333333320747,-0.2416666666664149,2,"東京
09-15JST","AUDNZD_東京
09-15JST",2023_26
AUDNZD,long,2023-06-27 05:30:00,2023-06-27 05:35:00,-136.84210526312495,-0.0273684210526249,2,"東京
09-15JST","AUDNZD_東京
09-15JST",2023_26
AUDNZD,long,2023-06-27 05:40:00,2023-06-27 05:45:00,-898.4375000007185,-0.1796875000001437,3,"東京
09-15JST","AUDNZD_東京
09-15JST",2023_26
AUDUSD,long,2023-06-27 12:00:00,2023-06-27 12:05:00,491.631799162916,0.0983263598325832,3,"NY
21-03JST","AUDUSD_NY
21-03JST",2023_26
AUDUSD,long,2023-06-27 17:05:00,2023-06-27 17:10:00,1411.1261872451114,0.2822252374490223,18,"NY
21-03JST","AUDUSD_NY
21-03JST",2023_26
AUDUSD,long,2023-06-27 17:40:00,2023-06-27 17:45:00,1122.9314420790556,0.2245862884158111,8,"NY
21-03JST","AUDUSD_NY
21-03JST",2023_26
CHFJPY,short,2023-06-28 00:15:00,2023-06-28 00:20:00,-4999.999999999219,-0.9999999999998438,1,"東京
09-15JST","CHFJPY_東京
09-15JST",2023_26
CHFJPY,short,2023-06-28 00:20:00,2023-06-28 00:25:00,-4999.999999999623,-0.9999999999999244,1,"東京
09-15JST","CHFJPY_東京
09-15JST",2023_26
AUDNZD,long,2023-06-28 00:50:00,2023-06-28 00:55:00,6282.234957020588,1.2564469914041176,3,"東京
09-15JST","AUDNZD_東京
09-15JST",2023_26
AUDNZD,long,2023-06-28 01:30:00,2023-06-28 01:35:00,20646.13246873635,4.12922649374727,21,"東京
09-15JST","AUDNZD_東京
09-15JST",2023_26
AUDNZD,long,2023-06-28 01:35:00,2023-06-28 01:40:00,21866.69351590793,4.373338703181585,43,"東京
09-15JST","AUDNZD_東京
09-15JST",2023_26
AUDNZD,long,2023-06-28 02:00:00,2023-06-28 02:05:00,12142.30620902449,2.428461241804898,39,"東京
09-15JST","AUDNZD_東京
09-15JST",2023_26
AUDNZD,long,2023-06-28 02:05:00,2023-06-28 02:10:00,11633.397312860094,2.326679462572019,38,"東京
09-15JST","AUDNZD_東京
09-15JST",2023_26
AUDUSD,long,2023-06-28 12:20:00,2023-06-28 12:25:00,-5000.000000000653,-1.0000000000001306,1,"NY
21-03JST","AUDUSD_NY
21-03JST",2023_26
AUDUSD,long,2023-06-28 12:25:00,2023-06-28 12:30:00,-4999.999999999671,-0.9999999999999342,1,"NY
21-03JST","AUDUSD_NY
21-03JST",2023_26
AUDUSD,long,2023-06-28 12:30:00,2023-06-28 12:35:00,-5000.000000000221,-1.0000000000000442,3,"NY
21-03JST","AUDUSD_NY
21-03JST",2023_26
AUDUSD,long,2023-06-28 12:35:00,2023-06-28 12:40:00,-4514.851485149931,-0.9029702970299862,2,"NY
21-03JST","AUDUSD_NY
21-03JST",2023_26
AUDUSD,long,2023-06-28 12:40:00,2023-06-28 12:45:00,-3676.616915422731,-0.7353233830845461,2,"NY
21-03JST","AUDUSD_NY
21-03JST",2023_26
AUDUSD,long,2023-06-28 12:45:00,2023-06-28 12:50:00,-5000.000000000109,-1.0000000000000218,1,"NY
21-03JST","AUDUSD_NY
21-03JST",2023_26
AUDUSD,long,2023-06-28 12:50:00,2023-06-28 12:55:00,1545.2755905532938,0.3090551181106588,7,"NY
21-03JST","AUDUSD_NY
21-03JST",2023_26
AUDUSD,long,2023-06-28 12:55:00,2023-06-28 13:00:00,2140.0000000006157,0.428000000000123,6,"NY
21-03JST","AUDUSD_NY
21-03JST",2023_26
AUDUSD,long,2023-06-28 13:05:00,2023-06-28 13:10:00,2000.000000001434,0.4000000000002868,3,"NY
21-03JST","AUDUSD_NY
21-03JST",2023_26
AUDUSD,long,2023-06-28 13:10:00,2023-06-28 13:15:00,-1687.242798353437,-0.3374485596706873,2,"NY
21-03JST","AUDUSD_NY
21-03JST",2023_26
AUDUSD,long,2023-06-28 13:30:00,2023-06-28 13:35:00,4379.084967321286,0.8758169934642572,2,"NY
21-03JST","AUDUSD_NY
21-03JST",2023_26
AUDUSD,long,2023-06-28 13:45:00,2023-06-28 13:50:00,-1790.513833992057,-0.3581027667984114,3,"NY
21-03JST","AUDUSD_NY
21-03JST",2023_26
CHFJPY,long,2023-06-28 15:55:00,2023-06-28 16:00:00,6169.656203289621,1.233931240657924,8,"NY
21-03JST","CHFJPY_NY
21-03JST",2023_26
AUDNZD,long,2023-06-28 18:00:00,2023-06-28 18:05:00,-2256.894049347424,-0.4513788098694846,3,"深夜
03-09JST","AUDNZD_深夜
03-09JST",2023_26
AUDNZD,long,2023-06-28 18:05:00,2023-06-28 18:10:00,591.3978494589951,0.118279569891799,6,"深夜
03-09JST","AUDNZD_深夜
03-09JST",2023_26
AUDNZD,long,2023-06-29 04:25:00,2023-06-29 04:30:00,486.72566371801895,0.0973451327436037,4,"東京
09-15JST","AUDNZD_東京
09-15JST",2023_26
USDJPY,short,2023-06-29 08:15:00,2023-06-29 08:20:00,-5000.000000000095,-1.0000000000000189,1,"欧州
15-21JST","USDJPY_欧州
15-21JST",2023_26
AUDUSD,long,2023-06-29 12:35:00,2023-06-29 12:40:00,1389.8026315798409,0.2779605263159682,2,"NY
21-03JST","AUDUSD_NY
21-03JST",2023_26
AUDUSD,long,2023-06-29 12:50:00,2023-06-29 12:55:00,1717.6634214181472,0.3435326842836294,3,"NY
21-03JST","AUDUSD_NY
21-03JST",2023_26
AUDUSD,long,2023-06-29 12:55:00,2023-06-29 13:00:00,-1165.0165016504525,-0.2330033003300905,2,"NY
21-03JST","AUDUSD_NY
21-03JST",2023_26
AUDUSD,long,2023-06-29 13:00:00,2023-06-29 13:05:00,-5000.000000000414,-1.0000000000000828,1,"NY
21-03JST","AUDUSD_NY
21-03JST",2023_26
AUDUSD,long,2023-06-29 13:10:00,2023-06-29 13:15:00,-632.5128792213414,-0.1265025758442683,2,"NY
21-03JST","AUDUSD_NY
21-03JST",2023_26
AUDUSD,long,2023-06-29 13:15:00,2023-06-29 13:20:00,-4999.99999999964,-0.999999999999928,1,"NY
21-03JST","AUDUSD_NY
21-03JST",2023_26
AUDUSD,long,2023-06-29 13:25:00,2023-06-29 13:30:00,-1566.8559628292676,-0.3133711925658535,3,"NY
21-03JST","AUDUSD_NY
21-03JST",2023_26
AUDUSD,long,2023-06-29 13:30:00,2023-06-29 13:35:00,-3487.437185929466,-0.6974874371858932,2,"NY
21-03JST","AUDUSD_NY
21-03JST",2023_26
AUDUSD,long,2023-06-29 13:40:00,2023-06-29 13:45:00,14460.410557184348,2.8920821114368698,9,"NY
21-03JST","AUDUSD_NY
21-03JST",2023_26
AUDUSD,long,2023-06-29 13:45:00,2023-06-29 13:50:00,14635.167464114971,2.927033492822994,8,"NY
21-03JST","AUDUSD_NY
21-03JST",2023_26
AUDUSD,long,2023-06-29 14:05:00,2023-06-29 14:10:00,9428.844926612008,1.8857689853224016,4,"NY
21-03JST","AUDUSD_NY
21-03JST",2023_26
AUDNZD,long,2023-06-29 20:25:00,2023-06-29 20:30:00,9490.44585986714,1.898089171973428,3,"深夜
03-09JST","AUDNZD_深夜
03-09JST",2023_26
AUDNZD,long,2023-06-29 20:45:00,2023-06-29 20:50:00,-5000.000000000589,-1.000000000000118,1,"深夜
03-09JST","AUDNZD_深夜
03-09JST",2023_26
AUDNZD,long,2023-06-29 20:50:00,2023-06-29 20:55:00,19728.260869564623,3.945652173912925,2,"深夜
03-09JST","AUDNZD_深夜
03-09JST",2023_26
AUDNZD,long,2023-06-29 20:55:00,2023-06-29 21:05:00,-4999.999999997995,-0.9999999999995988,1,"深夜
03-09JST","AUDNZD_深夜
03-09JST",2023_26
AUDNZD,long,2023-06-29 21:10:00,2023-06-29 21:15:00,-1114.7695202254524,-0.2229539040450905,4,"深夜
03-09JST","AUDNZD_深夜
03-09JST",2023_26
AUDNZD,long,2023-06-29 21:15:00,2023-06-29 21:20:00,-2303.082191782371,-0.4606164383564742,3,"深夜
03-09JST","AUDNZD_深夜
03-09JST",2023_26
AUDNZD,long,2023-06-29 21:30:00,2023-06-29 21:35:00,-5000.000000000362,-1.0000000000000724,1,"深夜
03-09JST","AUDNZD_深夜
03-09JST",2023_26
AUDNZD,long,2023-06-29 21:35:00,2023-06-29 21:40:00,2033.4928229670809,0.4066985645934161,3,"深夜
03-09JST","AUDNZD_深夜
03-09JST",2023_26
AUDNZD,long,2023-06-29 21:40:00,2023-06-29 21:45:00,2449.2282696994585,0.4898456539398917,2,"深夜
03-09JST","AUDNZD_深夜
03-09JST",2023_26
AUDNZD,long,2023-06-30 04:05:00,2023-06-30 04:10:00,-2409.747292415485,-0.481949458483097,2,"東京
09-15JST","AUDNZD_東京
09-15JST",2023_26
AUDNZD,long,2023-06-30 04:15:00,2023-06-30 04:20:00,1223.5915492974125,0.2447183098594824,6,"東京
09-15JST","AUDNZD_東京
09-15JST",2023_26
AUDNZD,long,2023-06-30 04:25:00,2023-06-30 04:30:00,-182.92682926948152,-0.0365853658538963,4,"東京
09-15JST","AUDNZD_東京
09-15JST",2023_26
AUDNZD,long,2023-06-30 04:45:00,2023-06-30 04:50:00,-5000.0,-1.0,3,"東京
09-15JST","AUDNZD_東京
09-15JST",2023_26
AUDNZD,long,2023-06-30 04:50:00,2023-06-30 04:55:00,-2706.7082683318267,-0.5413416536663653,2,"東京
09-15JST","AUDNZD_東京
09-15JST",2023_26
AUDNZD,long,2023-06-30 04:55:00,2023-06-30 05:00:00,-962.5876851140148,-0.1925175370228029,2,"東京
09-15JST","AUDNZD_東京
09-15JST",2023_26
AUDNZD,long,2023-06-30 05:05:00,2023-06-30 05:10:00,67.42370475386252,0.0134847409507725,4,"東京
09-15JST","AUDNZD_東京
09-15JST",2023_26
AUDNZD,long,2023-06-30 05:15:00,2023-06-30 05:20:00,223.8805970131058,0.0447761194026211,2,"東京
09-15JST","AUDNZD_東京
09-15JST",2023_26
AUDNZD,long,2023-06-30 05:30:00,2023-06-30 05:35:00,504.0322580625062,0.1008064516125012,5,"東京
09-15JST","AUDNZD_東京
09-15JST",2023_26
AUDNZD,long,2023-06-30 05:40:00,2023-06-30 05:45:00,2825.203252030376,0.5650406504060752,3,"東京
09-15JST","AUDNZD_東京
09-15JST",2023_26
AUDNZD,long,2023-07-03 02:30:00,2023-07-03 02:35:00,2433.6283185823263,0.4867256637164652,7,"東京
09-15JST","AUDNZD_東京
09-15JST",2023_27
AUDNZD,long,2023-07-03 02:35:00,2023-07-03 02:40:00,1862.7450980374415,0.3725490196074883,6,"東京
09-15JST","AUDNZD_東京
09-15JST",2023_27
AUDNZD,long,2023-07-03 03:05:00,2023-07-03 03:10:00,-4999.99999999978,-0.999999999999956,1,"東京
09-15JST","AUDNZD_東京
09-15JST",2023_27
AUDNZD,long,2023-07-03 03:10:00,2023-07-03 03:15:00,-4999.999999999088,-0.9999999999998176,1,"東京
09-15JST","AUDNZD_東京
09-15JST",2023_27
AUDNZD,long,2023-07-03 03:15:00,2023-07-03 03:20:00,-5000.0,-1.0,1,"東京
09-15JST","AUDNZD_東京
09-15JST",2023_27
AUDNZD,long,2023-07-03 03:20:00,2023-07-03 03:25:00,14043.570669502373,2.808714133900474,10,"東京
09-15JST","AUDNZD_東京
09-15JST",2023_27
AUDNZD,long,2023-07-03 03:25:00,2023-07-03 03:30:00,11907.449209932993,2.3814898419865984,9,"東京
09-15JST","AUDNZD_東京
09-15JST",2023_27
EURJPY,long,2023-07-03 13:40:00,2023-07-03 13:45:00,-5000.000000001031,-1.000000000000206,1,"NY
21-03JST","EURJPY_NY
21-03JST",2023_27
EURJPY,long,2023-07-03 13:50:00,2023-07-03 13:55:00,-5000.000000000694,-1.0000000000001388,1,"NY
21-03JST","EURJPY_NY
21-03JST",2023_27
EURJPY,long,2023-07-03 13:55:00,2023-07-03 14:00:00,-5000.000000000137,-1.0000000000000275,1,"NY
21-03JST","EURJPY_NY
21-03JST",2023_27
CHFJPY,long,2023-07-03 14:00:00,2023-07-03 14:05:00,9968.85813148666,1.993771626297332,8,"NY
21-03JST","CHFJPY_NY
21-03JST",2023_27
EURJPY,long,2023-07-03 14:00:00,2023-07-03 14:05:00,6834.222404595043,1.3668444809190086,6,"NY
21-03JST","EURJPY_NY
21-03JST",2023_27
EURJPY,long,2023-07-03 14:05:00,2023-07-03 14:10:00,5611.111111111228,1.1222222222222455,5,"NY
21-03JST","EURJPY_NY
21-03JST",2023_27
CHFJPY,long,2023-07-03 14:05:00,2023-07-03 14:10:00,11131.979695430806,2.226395939086161,7,"NY
21-03JST","CHFJPY_NY
21-03JST",2023_27
AUDNZD,long,2023-07-03 19:35:00,2023-07-03 19:40:00,4739.130434782895,0.9478260869565788,3,"深夜
03-09JST","AUDNZD_深夜
03-09JST",2023_27
AUDNZD,long,2023-07-04 04:45:00,2023-07-04 04:50:00,-5000.0,-1.0,2,"東京
09-15JST","AUDNZD_東京
09-15JST",2023_27
AUDNZD,long,2023-07-04 04:50:00,2023-07-04 04:55:00,7113.043478260289,1.4226086956520578,22,"東京
09-15JST","AUDNZD_東京
09-15JST",2023_27
AUDNZD,long,2023-07-04 05:00:00,2023-07-04 05:05:00,7765.232211332789,1.5530464422665575,20,"東京
09-15JST","AUDNZD_東京
09-15JST",2023_27
AUDNZD,long,2023-07-04 05:25:00,2023-07-04 05:30:00,3749.999999998748,0.7499999999997495,15,"東京
09-15JST","AUDNZD_東京
09-15JST",2023_27
AUDNZD,long,2023-07-04 05:35:00,2023-07-04 05:40:00,4602.88808664241,0.920577617328482,13,"東京
09-15JST","AUDNZD_東京
09-15JST",2023_27
AUDNZD,long,2023-07-04 05:45:00,2023-07-04 05:50:00,-1663.9276910426192,-0.3327855382085238,2,"東京
09-15JST","AUDNZD_東京
09-15JST",2023_27
AUDNZD,long,2023-07-04 05:50:00,2023-07-04 05:55:00,-5000.000000000572,-1.0000000000001144,1,"東京
09-15JST","AUDNZD_東京
09-15JST",2023_27
AUDNZD,long,2023-07-05 00:00:00,2023-07-05 00:05:00,-5000.0,-1.0,1,"東京
09-15JST","AUDNZD_東京
09-15JST",2023_27
AUDNZD,long,2023-07-05 00:05:00,2023-07-05 00:10:00,6390.205371244973,1.2780410742489947,2,"東京
09-15JST","AUDNZD_東京
09-15JST",2023_27
AUDNZD,long,2023-07-05 00:20:00,2023-07-05 00:25:00,985.5072463805164,0.1971014492761033,2,"東京
09-15JST","AUDNZD_東京
09-15JST",2023_27
EURJPY,long,2023-07-05 14:25:00,2023-07-05 14:30:00,5902.654867254951,1.18053097345099,14,"NY
21-03JST","EURJPY_NY
21-03JST",2023_27
EURJPY,long,2023-07-05 14:40:00,2023-07-05 14:45:00,1351.8996680193725,0.2703799336038744,11,"NY
21-03JST","EURJPY_NY
21-03JST",2023_27
AUDNZD,long,2023-07-06 00:45:00,2023-07-06 00:50:00,8370.786516853117,1.6741573033706234,5,"東京
09-15JST","AUDNZD_東京
09-15JST",2023_27
AUDNZD,long,2023-07-06 00:50:00,2023-07-06 00:55:00,16676.528599600624,3.335305719920125,7,"東京
09-15JST","AUDNZD_東京
09-15JST",2023_27
AUDNZD,long,2023-07-06 04:10:00,2023-07-06 04:15:00,-5000.000000000298,-1.0000000000000595,2,"東京
09-15JST","AUDNZD_東京
09-15JST",2023_27
AUDNZD,long,2023-07-06 04:15:00,2023-07-06 04:20:00,-4908.256880737564,-0.9816513761475129,3,"東京
09-15JST","AUDNZD_東京
09-15JST",2023_27
AUDNZD,long,2023-07-06 04:20:00,2023-07-06 04:25:00,-3181.818181818733,-0.6363636363637466,2,"東京
09-15JST","AUDNZD_東京
09-15JST",2023_27
AUDNZD,long,2023-07-06 04:30:00,2023-07-06 04:35:00,-890.0687070584817,-0.1780137414116963,6,"東京
09-15JST","AUDNZD_東京
09-15JST",2023_27
AUDNZD,long,2023-07-06 04:35:00,2023-07-06 04:40:00,2211.184694627659,0.4422369389255318,5,"東京
09-15JST","AUDNZD_東京
09-15JST",2023_27
AUDNZD,long,2023-07-06 04:40:00,2023-07-06 04:45:00,5950.378469300898,1.1900756938601798,4,"東京
09-15JST","AUDNZD_東京
09-15JST",2023_27
AUDNZD,long,2023-07-06 04:45:00,2023-07-06 04:50:00,4553.349875929053,0.9106699751858106,3,"東京
09-15JST","AUDNZD_東京
09-15JST",2023_27
AUDUSD,long,2023-07-06 12:45:00,2023-07-06 12:50:00,4189.573459715309,0.8379146919430618,4,"NY
21-03JST","AUDUSD_NY
21-03JST",2023_27
AUDUSD,long,2023-07-06 12:50:00,2023-07-06 12:55:00,2059.659090909084,0.4119318181818168,3,"NY
21-03JST","AUDUSD_NY
21-03JST",2023_27
AUDUSD,long,2023-07-06 13:10:00,2023-07-06 13:15:00,-801.8658374054322,-0.1603731674810864,4,"NY
21-03JST","AUDUSD_NY
21-03JST",2023_27
AUDUSD,long,2023-07-06 13:30:00,2023-07-06 13:35:00,-4999.999999999684,-0.9999999999999368,1,"NY
21-03JST","AUDUSD_NY
21-03JST",2023_27
AUDUSD,long,2023-07-06 13:35:00,2023-07-06 13:40:00,-5000.0,-1.0,1,"NY
21-03JST","AUDUSD_NY
21-03JST",2023_27
AUDUSD,long,2023-07-06 13:40:00,2023-07-06 13:45:00,-5000.0,-1.0,1,"NY
21-03JST","AUDUSD_NY
21-03JST",2023_27
GBPUSD,short,2023-07-06 13:40:00,2023-07-06 13:45:00,1330.2063789870963,0.2660412757974192,2,"NY
21-03JST","GBPUSD_NY
21-03JST",2023_27
GBPUSD,short,2023-07-06 13:45:00,2023-07-06 13:50:00,4047.801147226435,0.809560229445287,3,"NY
21-03JST","GBPUSD_NY
21-03JST",2023_27
GBPUSD,short,2023-07-06 13:50:00,2023-07-06 13:55:00,1873.5891647839985,0.3747178329567997,2,"NY
21-03JST","GBPUSD_NY
21-03JST",2023_27
AUDUSD,long,2023-07-06 13:55:00,2023-07-06 14:00:00,-4999.999999999512,-0.9999999999999024,1,"NY
21-03JST","AUDUSD_NY
21-03JST",2023_27
AUDUSD,long,2023-07-06 14:00:00,2023-07-06 14:05:00,-5000.000000000063,-1.0000000000000129,1,"NY
21-03JST","AUDUSD_NY
21-03JST",2023_27
AUDUSD,long,2023-07-06 14:05:00,2023-07-06 14:10:00,-2908.80503144698,-0.581761006289396,2,"NY
21-03JST","AUDUSD_NY
21-03JST",2023_27
GBPUSD,short,2023-07-06 14:05:00,2023-07-06 14:10:00,9893.148962916412,1.9786297925832823,8,"NY
21-03JST","GBPUSD_NY
21-03JST",2023_27
AUDUSD,long,2023-07-06 14:10:00,2023-07-06 14:15:00,-5000.000000000118,-1.0000000000000235,1,"NY
21-03JST","AUDUSD_NY
21-03JST",2023_27
AUDUSD,long,2023-07-06 14:20:00,2023-07-06 14:25:00,-4155.742003146484,-0.8311484006292968,2,"NY
21-03JST","AUDUSD_NY
21-03JST",2023_27
AUDUSD,long,2023-07-06 14:25:00,2023-07-06 14:30:00,6120.783460283973,1.2241566920567946,10,"NY
21-03JST","AUDUSD_NY
21-03JST",2023_27
AUDUSD,long,2023-07-06 14:30:00,2023-07-06 14:35:00,7654.287274713946,1.5308574549427894,9,"NY
21-03JST","AUDUSD_NY
21-03JST",2023_27
AUDUSD,long,2023-07-06 14:35:00,2023-07-06 14:40:00,6019.545694665479,1.2039091389330958,9,"NY
21-03JST","AUDUSD_NY
21-03JST",2023_27
AUDUSD,long,2023-07-06 14:45:00,2023-07-06 14:50:00,4286.094832179434,0.8572189664358868,7,"NY
21-03JST","AUDUSD_NY
21-03JST",2023_27
GBPUSD,short,2023-07-06 15:00:00,2023-07-06 15:05:00,-1083.7595907928337,-0.2167519181585667,5,"NY
21-03JST","GBPUSD_NY
21-03JST",2023_27
GBPUSD,short,2023-07-06 15:15:00,2023-07-06 15:20:00,-16.36661211158203,-0.0032733224223164,2,"NY
21-03JST","GBPUSD_NY
21-03JST",2023_27
GBPUSD,short,2023-07-06 15:20:00,2023-07-06 15:25:00,-5000.000000000552,-1.0000000000001104,1,"NY
21-03JST","GBPUSD_NY
21-03JST",2023_27
GBPUSD,short,2023-07-06 15:25:00,2023-07-06 15:30:00,-5000.0000000001,-1.00000000000002,1,"NY
21-03JST","GBPUSD_NY
21-03JST",2023_27
EURJPY,long,2023-07-07 13:45:00,2023-07-07 13:50:00,5640.861317609756,1.128172263521951,3,"NY
21-03JST","EURJPY_NY
21-03JST",2023_27
CHFJPY,long,2023-07-07 14:20:00,2023-07-07 14:25:00,1906.758756782936,0.3813517513565871,3,"NY
21-03JST","CHFJPY_NY
21-03JST",2023_27
CHFJPY,long,2023-07-07 14:40:00,2023-07-07 14:45:00,772.2513089001318,0.1544502617800263,3,"NY
21-03JST","CHFJPY_NY
21-03JST",2023_27
CHFJPY,long,2023-07-07 15:10:00,2023-07-07 15:15:00,9905.882352941391,1.9811764705882784,28,"NY
21-03JST","CHFJPY_NY
21-03JST",2023_27
AUDNZD,long,2023-07-10 06:50:00,2023-07-10 06:55:00,-2684.8249027195334,-0.5369649805439066,2,"欧州
15-21JST","AUDNZD_欧州
15-21JST",2023_28
AUDNZD,long,2023-07-10 07:00:00,2023-07-10 07:05:00,-5000.000000001307,-1.0000000000002611,1,"欧州
15-21JST","AUDNZD_欧州
15-21JST",2023_28
AUDNZD,long,2023-07-10 07:05:00,2023-07-10 07:10:00,-4407.33772342772,-0.8814675446855439,2,"欧州
15-21JST","AUDNZD_欧州
15-21JST",2023_28
AUDNZD,long,2023-07-10 07:10:00,2023-07-10 07:15:00,-5000.000000000713,-1.0000000000001426,1,"欧州
15-21JST","AUDNZD_欧州
15-21JST",2023_28
AUDNZD,long,2023-07-10 07:35:00,2023-07-10 07:40:00,1183.4654586620802,0.236693091732416,3,"欧州
15-21JST","AUDNZD_欧州
15-21JST",2023_28
AUDNZD,long,2023-07-10 07:45:00,2023-07-10 07:50:00,-3778.62595420096,-0.755725190840192,2,"欧州
15-21JST","AUDNZD_欧州
15-21JST",2023_28
AUDNZD,long,2023-07-10 07:55:00,2023-07-10 08:00:00,-1598.2721382268203,-0.319654427645364,5,"欧州
15-21JST","AUDNZD_欧州
15-21JST",2023_28
AUDNZD,long,2023-07-10 08:00:00,2023-07-10 08:05:00,-2453.142227121224,-0.4906284454242448,4,"欧州
15-21JST","AUDNZD_欧州
15-21JST",2023_28
AUDNZD,long,2023-07-10 08:20:00,2023-07-10 08:25:00,-4999.999999998437,-0.9999999999996874,1,"欧州
15-21JST","AUDNZD_欧州
15-21JST",2023_28
AUDNZD,long,2023-07-10 08:25:00,2023-07-10 08:30:00,-139.97760358109218,-0.0279955207162184,2,"欧州
15-21JST","AUDNZD_欧州
15-21JST",2023_28
AUDNZD,long,2023-07-10 08:35:00,2023-07-10 08:40:00,-3503.5629453696183,-0.7007125890739236,3,"欧州
15-21JST","AUDNZD_欧州
15-21JST",2023_28
AUDNZD,long,2023-07-10 08:40:00,2023-07-10 08:45:00,-3579.9522673029305,-0.7159904534605861,2,"欧州
15-21JST","AUDNZD_欧州
15-21JST",2023_28
AUDNZD,long,2023-07-10 08:50:00,2023-07-10 08:55:00,-4999.999999998577,-0.9999999999997152,1,"欧州
15-21JST","AUDNZD_欧州
15-21JST",2023_28
AUDNZD,long,2023-07-10 08:55:00,2023-07-10 13:00:00,-5000.000000001477,-1.000000000000295,1,"欧州
15-21JST","AUDNZD_欧州
15-21JST",2023_28
EURJPY,long,2023-07-10 14:35:00,2023-07-10 14:40:00,-354.1202672608043,-0.0708240534521608,2,"NY
21-03JST","EURJPY_NY
21-03JST",2023_28
EURJPY,long,2023-07-10 15:00:00,2023-07-10 15:05:00,-4999.999999999383,-0.9999999999998768,1,"NY
21-03JST","EURJPY_NY
21-03JST",2023_28
EURJPY,long,2023-07-10 15:05:00,2023-07-10 15:10:00,-1167.4718196470053,-0.233494363929401,2,"NY
21-03JST","EURJPY_NY
21-03JST",2023_28
EURJPY,long,2023-07-10 15:10:00,2023-07-10 15:15:00,28.05836138815973,0.0056116722776319,2,"NY
21-03JST","EURJPY_NY
21-03JST",2023_28
AUDNZD,long,2023-07-12 03:55:00,2023-07-12 04:00:00,-1603.235014275583,-0.3206470028551165,2,"東京
09-15JST","AUDNZD_東京
09-15JST",2023_28
AUDNZD,long,2023-07-12 04:10:00,2023-07-12 04:15:00,400.3906250017546,0.0800781250003509,3,"東京
09-15JST","AUDNZD_東京
09-15JST",2023_28
AUDNZD,long,2023-07-12 04:55:00,2023-07-12 05:00:00,3860.759493672574,0.7721518987345148,2,"東京
09-15JST","AUDNZD_東京
09-15JST",2023_28
AUDNZD,long,2023-07-12 05:20:00,2023-07-12 05:25:00,6312.438785504924,1.262487757100985,2,"東京
09-15JST","AUDNZD_東京
09-15JST",2023_28
AUDNZD,long,2023-07-12 07:05:00,2023-07-12 07:10:00,1363.6363636376627,0.2727272727275325,4,"欧州
15-21JST","AUDNZD_欧州
15-21JST",2023_28
AUDNZD,long,2023-07-12 07:30:00,2023-07-12 07:35:00,-4999.999999999252,-0.9999999999998505,1,"欧州
15-21JST","AUDNZD_欧州
15-21JST",2023_28
AUDNZD,long,2023-07-12 07:35:00,2023-07-12 07:40:00,-443.4499593144916,-0.0886899918628983,3,"欧州
15-21JST","AUDNZD_欧州
15-21JST",2023_28
AUDNZD,long,2023-07-12 07:40:00,2023-07-12 07:45:00,-3238.99371069005,-0.6477987421380101,2,"欧州
15-21JST","AUDNZD_欧州
15-21JST",2023_28
AUDNZD,long,2023-07-12 07:55:00,2023-07-12 08:00:00,18405.909797818334,3.681181959563668,21,"欧州
15-21JST","AUDNZD_欧州
15-21JST",2023_28
AUDNZD,long,2023-07-12 08:05:00,2023-07-12 08:10:00,18113.72549019239,3.6227450980384783,19,"欧州
15-21JST","AUDNZD_欧州
15-21JST",2023_28
EURJPY,long,2023-07-12 15:35:00,2023-07-12 15:40:00,-5000.000000000237,-1.0000000000000475,1,"NY
21-03JST","EURJPY_NY
21-03JST",2023_28
CHFJPY,long,2023-07-12 15:35:00,2023-07-12 15:40:00,3314.243027888473,0.6628486055776946,18,"NY
21-03JST","CHFJPY_NY
21-03JST",2023_28
EURJPY,long,2023-07-12 15:40:00,2023-07-12 15:45:00,16391.268869848747,3.278253773969749,15,"NY
21-03JST","EURJPY_NY
21-03JST",2023_28
CHFJPY,long,2023-07-12 15:40:00,2023-07-12 15:45:00,7855.323484462765,1.571064696892553,16,"NY
21-03JST","CHFJPY_NY
21-03JST",2023_28
EURJPY,long,2023-07-12 15:45:00,2023-07-12 15:50:00,14343.598055104178,2.868719611020836,14,"NY
21-03JST","EURJPY_NY
21-03JST",2023_28
CHFJPY,long,2023-07-12 15:50:00,2023-07-12 15:55:00,5067.330999191431,1.013466199838286,13,"NY
21-03JST","CHFJPY_NY
21-03JST",2023_28
EURJPY,long,2023-07-12 15:50:00,2023-07-12 15:55:00,15079.904115062647,3.01598082301253,13,"NY
21-03JST","EURJPY_NY
21-03JST",2023_28
CHFJPY,long,2023-07-12 16:00:00,2023-07-12 16:05:00,5853.211009172742,1.1706422018345484,11,"NY
21-03JST","CHFJPY_NY
21-03JST",2023_28
AUDNZD,long,2023-07-12 23:45:00,2023-07-12 23:50:00,5622.568093382525,1.124513618676505,5,"深夜
03-09JST","AUDNZD_深夜
03-09JST",2023_28
AUDNZD,long,2023-07-12 23:50:00,2023-07-12 23:55:00,5893.371757923323,1.1786743515846645,4,"深夜
03-09JST","AUDNZD_深夜
03-09JST",2023_28
AUDNZD,long,2023-07-13 01:00:00,2023-07-13 01:05:00,-1535.1894818237247,-0.3070378963647449,6,"東京
09-15JST","AUDNZD_東京
09-15JST",2023_28
AUDNZD,long,2023-07-13 01:10:00,2023-07-13 01:15:00,-3692.120227456976,-0.7384240454913953,4,"東京
09-15JST","AUDNZD_東京
09-15JST",2023_28
AUDNZD,long,2023-07-13 01:20:00,2023-07-13 01:25:00,-3230.1656495205348,-0.646033129904107,2,"東京
09-15JST","AUDNZD_東京
09-15JST",2023_28
AUDNZD,long,2023-07-13 01:35:00,2023-07-13 01:40:00,8275.862068962679,1.6551724137925357,4,"東京
09-15JST","AUDNZD_東京
09-15JST",2023_28
AUDNZD,long,2023-07-13 01:40:00,2023-07-13 01:45:00,3985.976267528284,0.7971952535056567,3,"東京
09-15JST","AUDNZD_東京
09-15JST",2023_28
AUDNZD,long,2023-07-13 02:00:00,2023-07-13 02:05:00,1013.2158590315092,0.2026431718063018,5,"東京
09-15JST","AUDNZD_東京
09-15JST",2023_28
EURJPY,long,2023-07-13 14:05:00,2023-07-13 14:10:00,10963.570127504694,2.1927140255009387,4,"NY
21-03JST","EURJPY_NY
21-03JST",2023_28
EURJPY,long,2023-07-13 14:10:00,2023-07-13 14:15:00,9208.046393619275,1.8416092787238556,3,"NY
21-03JST","EURJPY_NY
21-03JST",2023_28
EURJPY,long,2023-07-13 14:30:00,2023-07-13 14:35:00,-2454.5454545462007,-0.4909090909092402,6,"NY
21-03JST","EURJPY_NY
21-03JST",2023_28
EURJPY,long,2023-07-13 14:40:00,2023-07-13 14:45:00,1532.3691460054738,0.3064738292010948,4,"NY
21-03JST","EURJPY_NY
21-03JST",2023_28
AUDNZD,long,2023-07-14 02:00:00,2023-07-14 02:05:00,-4999.999999999165,-0.999999999999833,2,"東京
09-15JST","AUDNZD_東京
09-15JST",2023_28
AUDNZD,long,2023-07-14 03:20:00,2023-07-14 03:25:00,-5000.000000000834,-1.0000000000001668,1,"東京
09-15JST","AUDNZD_東京
09-15JST",2023_28
AUDNZD,long,2023-07-14 03:30:00,2023-07-14 03:35:00,-1002.6560424953414,-0.2005312084990682,3,"東京
09-15JST","AUDNZD_東京
09-15JST",2023_28
AUDNZD,long,2023-07-14 03:35:00,2023-07-14 03:40:00,-1892.9503916509325,-0.3785900783301865,2,"東京
09-15JST","AUDNZD_東京
09-15JST",2023_28
AUDNZD,long,2023-07-14 03:50:00,2023-07-14 03:55:00,15720.000000005111,3.1440000000010224,10,"東京
09-15JST","AUDNZD_東京
09-15JST",2023_28
NZDUSD,long,2023-07-14 05:40:00,2023-07-14 05:45:00,4446.122860017916,0.8892245720035832,4,"東京
09-15JST","NZDUSD_東京
09-15JST",2023_28
CHFJPY,long,2023-07-14 12:30:00,2023-07-14 12:35:00,4949.874686715128,0.9899749373430256,2,"NY
21-03JST","CHFJPY_NY
21-03JST",2023_28
CHFJPY,long,2023-07-14 14:45:00,2023-07-14 14:50:00,4762.117157301506,0.9524234314603012,2,"NY
21-03JST","CHFJPY_NY
21-03JST",2023_28
CHFJPY,long,2023-07-14 15:00:00,2023-07-14 15:05:00,392.67015706770337,0.0785340314135406,15,"NY
21-03JST","CHFJPY_NY
21-03JST",2023_28
USDJPY,short,2023-07-17 00:40:00,2023-07-17 00:45:00,12562.277580068938,2.512455516013788,3,"東京
09-15JST","USDJPY_東京
09-15JST",2023_29
USDJPY,short,2023-07-17 00:45:00,2023-07-17 00:50:00,6531.456953637755,1.306291390727551,2,"東京
09-15JST","USDJPY_東京
09-15JST",2023_29
USDJPY,short,2023-07-17 00:55:00,2023-07-17 01:00:00,-5000.000000000432,-1.0000000000000864,1,"東京
09-15JST","USDJPY_東京
09-15JST",2023_29
AUDNZD,long,2023-07-17 03:20:00,2023-07-17 03:25:00,6290.322580647979,1.2580645161295958,22,"東京
09-15JST","AUDNZD_東京
09-15JST",2023_29
AUDNZD,long,2023-07-17 03:40:00,2023-07-17 03:45:00,3019.8019801979613,0.6039603960395923,8,"東京
09-15JST","AUDNZD_東京
09-15JST",2023_29
AUDNZD,long,2023-07-18 23:00:00,2023-07-18 23:05:00,12630.310994305715,2.526062198861143,10,"深夜
03-09JST","AUDNZD_深夜
03-09JST",2023_29
AUDNZD,long,2023-07-18 23:35:00,2023-07-18 23:40:00,2223.7196765495046,0.4447439353099009,3,"深夜
03-09JST","AUDNZD_深夜
03-09JST",2023_29
AUDNZD,long,2023-07-19 00:20:00,2023-07-19 00:25:00,-4999.999999999722,-0.9999999999999444,5,"東京
09-15JST","AUDNZD_東京
09-15JST",2023_29
AUDNZD,long,2023-07-19 00:25:00,2023-07-19 00:30:00,-1974.4597249509195,-0.3948919449901839,4,"東京
09-15JST","AUDNZD_東京
09-15JST",2023_29
NZDUSD,long,2023-07-19 00:45:00,2023-07-19 00:50:00,1750.988142293537,0.3501976284587074,2,"東京
09-15JST","NZDUSD_東京
09-15JST",2023_29
NZDUSD,long,2023-07-19 01:00:00,2023-07-19 01:05:00,-3711.656441717521,-0.7423312883435041,3,"東京
09-15JST","NZDUSD_東京
09-15JST",2023_29
NZDUSD,long,2023-07-19 01:25:00,2023-07-19 01:30:00,4124.999999997517,0.8249999999995035,3,"東京
09-15JST","NZDUSD_東京
09-15JST",2023_29
NZDUSD,long,2023-07-19 02:00:00,2023-07-19 02:05:00,-4710.0248550135575,-0.9420049710027116,3,"東京
09-15JST","NZDUSD_東京
09-15JST",2023_29
NZDUSD,long,2023-07-19 02:05:00,2023-07-19 02:10:00,-2631.785995279695,-0.5263571990559389,2,"東京
09-15JST","NZDUSD_東京
09-15JST",2023_29
NZDUSD,long,2023-07-19 02:20:00,2023-07-19 02:25:00,-397.3988439303621,-0.0794797687860724,6,"東京
09-15JST","NZDUSD_東京
09-15JST",2023_29
NZDUSD,long,2023-07-19 02:25:00,2023-07-19 02:30:00,-612.0943952813179,-0.1224188790562635,5,"東京
09-15JST","NZDUSD_東京
09-15JST",2023_29
NZDUSD,long,2023-07-19 02:40:00,2023-07-19 02:45:00,-3312.5519534504347,-0.6625103906900869,2,"東京
09-15JST","NZDUSD_東京
09-15JST",2023_29
NZDUSD,long,2023-07-19 02:55:00,2023-07-19 03:00:00,-564.2361111109321,-0.1128472222221864,5,"東京
09-15JST","NZDUSD_東京
09-15JST",2023_29
NZDUSD,long,2023-07-19 03:00:00,2023-07-19 03:05:00,883.3619210993336,0.1766723842198667,4,"東京
09-15JST","NZDUSD_東京
09-15JST",2023_29
CHFJPY,long,2023-07-19 12:30:00,2023-07-19 12:35:00,5549.261929281852,1.1098523858563702,6,"NY
21-03JST","CHFJPY_NY
21-03JST",2023_29
EURJPY,long,2023-07-19 12:30:00,2023-07-19 12:35:00,3253.1730126923644,0.6506346025384728,4,"NY
21-03JST","EURJPY_NY
21-03JST",2023_29
CHFJPY,long,2023-07-19 12:35:00,2023-07-19 12:40:00,5541.228907992148,1.1082457815984297,5,"NY
21-03JST","CHFJPY_NY
21-03JST",2023_29
EURJPY,long,2023-07-19 12:35:00,2023-07-19 12:40:00,3728.39506172805,0.7456790123456102,3,"NY
21-03JST","EURJPY_NY
21-03JST",2023_29
EURJPY,long,2023-07-19 13:00:00,2023-07-19 13:05:00,-4999.9999999996,-0.99999999999992,2,"NY
21-03JST","EURJPY_NY
21-03JST",2023_29
CHFJPY,long,2023-07-19 13:05:00,2023-07-19 13:10:00,-4999.99999999974,-0.999999999999948,2,"NY
21-03JST","CHFJPY_NY
21-03JST",2023_29
EURJPY,long,2023-07-19 13:05:00,2023-07-19 13:10:00,2342.799188640904,0.4685598377281807,5,"NY
21-03JST","EURJPY_NY
21-03JST",2023_29
CHFJPY,long,2023-07-19 13:15:00,2023-07-19 13:20:00,3064.3147049633567,0.6128629409926714,3,"NY
21-03JST","CHFJPY_NY
21-03JST",2023_29
EURJPY,long,2023-07-19 13:15:00,2023-07-19 13:20:00,1968.5039370071809,0.3937007874014361,3,"NY
21-03JST","EURJPY_NY
21-03JST",2023_29
CHFJPY,long,2023-07-19 13:20:00,2023-07-19 13:25:00,3324.0911891547594,0.6648182378309518,2,"NY
21-03JST","CHFJPY_NY
21-03JST",2023_29
EURJPY,long,2023-07-19 13:35:00,2023-07-19 13:40:00,5400.111919419047,1.0800223838838094,3,"NY
21-03JST","EURJPY_NY
21-03JST",2023_29
EURJPY,long,2023-07-19 14:50:00,2023-07-19 14:55:00,-4999.999999999811,-0.999999999999962,1,"NY
21-03JST","EURJPY_NY
21-03JST",2023_29
CHFJPY,long,2023-07-19 14:50:00,2023-07-19 14:55:00,1442.2483014206332,0.2884496602841266,8,"NY
21-03JST","CHFJPY_NY
21-03JST",2023_29
EURJPY,long,2023-07-19 14:55:00,2023-07-19 15:00:00,5493.004663557149,1.0986009327114297,14,"NY
21-03JST","EURJPY_NY
21-03JST",2023_29
CHFJPY,long,2023-07-19 14:55:00,2023-07-19 15:00:00,-324.5116572143805,-0.064902331442876,7,"NY
21-03JST","CHFJPY_NY
21-03JST",2023_29
EURJPY,long,2023-07-19 15:00:00,2023-07-19 15:05:00,7889.720898571011,1.5779441797142022,13,"NY
21-03JST","EURJPY_NY
21-03JST",2023_29
CHFJPY,long,2023-07-19 15:30:00,2023-07-19 15:35:00,1551.7241379321515,0.3103448275864303,8,"NY
21-03JST","CHFJPY_NY
21-03JST",2023_29
CHFJPY,long,2023-07-19 15:50:00,2023-07-19 15:55:00,-1640.4405979539445,-0.3280881195907889,4,"NY
21-03JST","CHFJPY_NY
21-03JST",2023_29
EURJPY,long,2023-07-19 16:25:00,2023-07-19 16:30:00,-3334.277620397759,-0.6668555240795518,3,"NY
21-03JST","EURJPY_NY
21-03JST",2023_29
AUDNZD,long,2023-07-19 21:20:00,2023-07-19 21:25:00,18211.963589075844,3.6423927178151687,2,"深夜
03-09JST","AUDNZD_深夜
03-09JST",2023_29
AUDNZD,long,2023-07-19 23:00:00,2023-07-19 23:05:00,19204.4063647504,3.84088127295008,28,"深夜
03-09JST","AUDNZD_深夜
03-09JST",2023_29
AUDNZD,long,2023-07-19 23:05:00,2023-07-19 23:10:00,19258.6943258083,3.85173886516166,27,"深夜
03-09JST","AUDNZD_深夜
03-09JST",2023_29
AUDNZD,long,2023-07-19 23:15:00,2023-07-19 23:20:00,19624.846248462483,3.924969249692497,25,"深夜
03-09JST","AUDNZD_深夜
03-09JST",2023_29
AUDNZD,long,2023-07-19 23:25:00,2023-07-19 23:30:00,23456.832087015795,4.691366417403159,23,"深夜
03-09JST","AUDNZD_深夜
03-09JST",2023_29
AUDNZD,long,2023-07-19 23:30:00,2023-07-19 23:35:00,25739.130434782317,5.147826086956463,22,"深夜
03-09JST","AUDNZD_深夜
03-09JST",2023_29
USDJPY,short,2023-07-20 01:25:00,2023-07-20 01:30:00,-3382.170862565207,-0.6764341725130414,2,"東京
09-15JST","USDJPY_東京
09-15JST",2023_29
USDJPY,short,2023-07-20 01:30:00,2023-07-20 01:35:00,1174.0166865318292,0.2348033373063658,3,"東京
09-15JST","USDJPY_東京
09-15JST",2023_29
USDJPY,short,2023-07-20 02:10:00,2023-07-20 02:15:00,4029.080675421612,0.8058161350843224,3,"東京
09-15JST","USDJPY_東京
09-15JST",2023_29
USDJPY,short,2023-07-20 02:45:00,2023-07-20 02:50:00,-4999.999999998897,-0.9999999999997794,1,"東京
09-15JST","USDJPY_東京
09-15JST",2023_29
CHFJPY,long,2023-07-20 15:50:00,2023-07-20 15:55:00,4482.825164031471,0.8965650328062942,4,"NY
21-03JST","CHFJPY_NY
21-03JST",2023_29
EURJPY,long,2023-07-20 17:10:00,2023-07-20 17:15:00,-5000.000000001261,-1.000000000000252,1,"NY
21-03JST","EURJPY_NY
21-03JST",2023_29
EURJPY,long,2023-07-20 17:15:00,2023-07-20 17:20:00,-4999.999999998795,-0.999999999999759,1,"NY
21-03JST","EURJPY_NY
21-03JST",2023_29
EURJPY,long,2023-07-20 17:25:00,2023-07-20 17:30:00,-34.225264470327524,-0.0068450528940655,7,"NY
21-03JST","EURJPY_NY
21-03JST",2023_29
AUDNZD,long,2023-07-20 20:10:00,2023-07-20 20:15:00,-5000.0,-1.0,3,"深夜
03-09JST","AUDNZD_深夜
03-09JST",2023_29
AUDNZD,long,2023-07-20 20:15:00,2023-07-20 20:20:00,-4330.143540668066,-0.8660287081336131,2,"深夜
03-09JST","AUDNZD_深夜
03-09JST",2023_29
AUDNZD,long,2023-07-20 20:20:00,2023-07-20 20:25:00,-4415.692821366334,-0.8831385642732669,3,"深夜
03-09JST","AUDNZD_深夜
03-09JST",2023_29
AUDNZD,long,2023-07-20 20:30:00,2023-07-20 20:35:00,-3749.999999995737,-0.7499999999991475,2,"深夜
03-09JST","AUDNZD_深夜
03-09JST",2023_29
AUDNZD,long,2023-07-20 20:35:00,2023-07-20 20:40:00,-5000.0,-1.0,1,"深夜
03-09JST","AUDNZD_深夜
03-09JST",2023_29
AUDNZD,long,2023-07-20 20:40:00,2023-07-20 20:45:00,-5000.000000001174,-1.000000000000235,2,"深夜
03-09JST","AUDNZD_深夜
03-09JST",2023_29
AUDNZD,long,2023-07-20 20:45:00,2023-07-20 20:50:00,-5000.000000002328,-1.0000000000004656,1,"深夜
03-09JST","AUDNZD_深夜
03-09JST",2023_29
AUDNZD,long,2023-07-20 20:50:00,2023-07-20 20:55:00,22335.76642334974,4.467153284669949,3,"深夜
03-09JST","AUDNZD_深夜
03-09JST",2023_29
AUDNZD,long,2023-07-20 20:55:00,2023-07-20 21:00:00,20776.173285190707,4.155234657038141,2,"深夜
03-09JST","AUDNZD_深夜
03-09JST",2023_29
AUDNZD,long,2023-07-20 21:10:00,2023-07-20 21:15:00,994.9622166254362,0.1989924433250872,4,"深夜
03-09JST","AUDNZD_深夜
03-09JST",2023_29
EURJPY,long,2023-07-21 12:45:00,2023-07-21 12:50:00,11789.08027299358,2.357816054598716,7,"NY
21-03JST","EURJPY_NY
21-03JST",2023_29
CHFJPY,long,2023-07-21 13:00:00,2023-07-21 13:05:00,-4999.999999999607,-0.9999999999999214,1,"NY
21-03JST","CHFJPY_NY
21-03JST",2023_29
EURJPY,long,2023-07-21 13:30:00,2023-07-21 13:35:00,-1407.5941857018013,-0.2815188371403602,2,"NY
21-03JST","EURJPY_NY
21-03JST",2023_29
EURJPY,long,2023-07-21 13:35:00,2023-07-21 13:40:00,-3022.138071657816,-0.6044276143315632,2,"NY
21-03JST","EURJPY_NY
21-03JST",2023_29
USDJPY,short,2023-07-24 01:50:00,2023-07-24 01:55:00,-1118.8118811882623,-0.2237623762376524,5,"東京
09-15JST","USDJPY_東京
09-15JST",2023_30
USDJPY,short,2023-07-24 02:00:00,2023-07-24 02:05:00,-3431.221020092912,-0.6862442040185823,6,"東京
09-15JST","USDJPY_東京
09-15JST",2023_30
USDJPY,short,2023-07-24 02:05:00,2023-07-24 02:10:00,-3640.507332539381,-0.7281014665078762,5,"東京
09-15JST","USDJPY_東京
09-15JST",2023_30
AUDNZD,long,2023-07-24 05:20:00,2023-07-24 05:25:00,-4999.999999998443,-0.9999999999996886,1,"東京
09-15JST","AUDNZD_東京
09-15JST",2023_30
AUDNZD,long,2023-07-24 05:30:00,2023-07-24 05:35:00,-5000.000000001714,-1.0000000000003428,1,"東京
09-15JST","AUDNZD_東京
09-15JST",2023_30
AUDNZD,long,2023-07-24 05:40:00,2023-07-24 05:45:00,3335.3584447167214,0.6670716889433442,3,"東京
09-15JST","AUDNZD_東京
09-15JST",2023_30
AUDNZD,long,2023-07-24 05:45:00,2023-07-24 05:50:00,5616.113744076332,1.1232227488152664,2,"東京
09-15JST","AUDNZD_東京
09-15JST",2023_30
EURGBP,long,2023-07-24 07:30:00,2023-07-24 07:35:00,-5000.0,-1.0,2,"欧州
15-21JST","EURGBP_欧州
15-21JST",2023_30
EURGBP,long,2023-07-24 07:35:00,2023-07-24 07:40:00,-1826.5440210244783,-0.3653088042048956,5,"欧州
15-21JST","EURGBP_欧州
15-21JST",2023_30
EURGBP,long,2023-07-24 07:40:00,2023-07-24 07:45:00,-1005.1880674449538,-0.2010376134889907,4,"欧州
15-21JST","EURGBP_欧州
15-21JST",2023_30
EURGBP,long,2023-07-24 07:45:00,2023-07-24 07:50:00,-62.62359920981116,-0.0125247198419622,3,"欧州
15-21JST","EURGBP_欧州
15-21JST",2023_30
EURGBP,long,2023-07-24 07:50:00,2023-07-24 07:55:00,-1826.3090676887527,-0.3652618135377506,2,"欧州
15-21JST","EURGBP_欧州
15-21JST",2023_30
EURGBP,long,2023-07-24 08:00:00,2023-07-24 08:05:00,14794.561933534413,2.9589123867068827,6,"欧州
15-21JST","EURGBP_欧州
15-21JST",2023_30
EURGBP,long,2023-07-24 08:05:00,2023-07-24 08:10:00,15091.407678244825,3.0182815356489647,5,"欧州
15-21JST","EURGBP_欧州
15-21JST",2023_30
EURGBP,long,2023-07-24 08:45:00,2023-07-24 08:50:00,-544.1478439433173,-0.1088295687886634,2,"欧州
15-21JST","EURGBP_欧州
15-21JST",2023_30
EURGBP,long,2023-07-24 09:00:00,2023-07-24 09:05:00,1796.5653896960148,0.359313077939203,10,"欧州
15-21JST","EURGBP_欧州
15-21JST",2023_30
EURGBP,long,2023-07-24 09:05:00,2023-07-24 09:10:00,1922.5764476255188,0.3845152895251038,9,"欧州
15-21JST","EURGBP_欧州
15-21JST",2023_30
CHFJPY,long,2023-07-24 13:10:00,2023-07-24 13:15:00,-327.0184934588054,-0.065403698691761,3,"NY
21-03JST","CHFJPY_NY
21-03JST",2023_30
EURJPY,long,2023-07-24 13:10:00,2023-07-24 13:15:00,3318.385650225311,0.6636771300450622,3,"NY
21-03JST","EURJPY_NY
21-03JST",2023_30
CHFJPY,long,2023-07-24 13:15:00,2023-07-24 13:20:00,2079.3650793645934,0.4158730158729187,2,"NY
21-03JST","CHFJPY_NY
21-03JST",2023_30
EURJPY,long,2023-07-24 13:15:00,2023-07-24 13:20:00,4932.432432432906,0.9864864864865812,2,"NY
21-03JST","EURJPY_NY
21-03JST",2023_30
AUDNZD,long,2023-07-24 19:35:00,2023-07-24 19:40:00,1795.0693374431592,0.3590138674886318,2,"深夜
03-09JST","AUDNZD_深夜
03-09JST",2023_30
AUDNZD,long,2023-07-24 21:15:00,2023-07-24 21:20:00,-2294.685990337265,-0.458937198067453,2,"深夜
03-09JST","AUDNZD_深夜
03-09JST",2023_30
AUDNZD,long,2023-07-24 21:20:00,2023-07-24 21:25:00,11739.130434783045,2.3478260869566085,2,"深夜
03-09JST","AUDNZD_深夜
03-09JST",2023_30
AUDNZD,long,2023-07-24 21:35:00,2023-07-24 21:40:00,1787.310098304575,0.357462019660915,4,"深夜
03-09JST","AUDNZD_深夜
03-09JST",2023_30
AUDNZD,long,2023-07-24 21:40:00,2023-07-24 21:45:00,958.727429064729,0.1917454858129458,3,"深夜
03-09JST","AUDNZD_深夜
03-09JST",2023_30
AUDNZD,long,2023-07-24 21:55:00,2023-07-24 22:00:00,2137.592137593662,0.4275184275187323,38,"深夜
03-09JST","AUDNZD_深夜
03-09JST",2023_30
AUDNZD,long,2023-07-24 22:00:00,2023-07-24 22:05:00,2279.0793259346533,0.4558158651869307,37,"深夜
03-09JST","AUDNZD_深夜
03-09JST",2023_30
AUDNZD,long,2023-07-24 22:05:00,2023-07-24 22:10:00,2533.1125827825017,0.5066225165565004,36,"深夜
03-09JST","AUDNZD_深夜
03-09JST",2023_30
AUDNZD,long,2023-07-24 22:10:00,2023-07-24 22:15:00,3922.7467811165143,0.7845493562233029,35,"深夜
03-09JST","AUDNZD_深夜
03-09JST",2023_30
AUDNZD,long,2023-07-24 22:15:00,2023-07-24 22:20:00,4678.030303030602,0.9356060606061204,34,"深夜
03-09JST","AUDNZD_深夜
03-09JST",2023_30
AUDNZD,long,2023-07-24 22:40:00,2023-07-24 22:45:00,-5000.0,-1.0,7,"深夜
03-09JST","AUDNZD_深夜
03-09JST",2023_30
USDJPY,short,2023-07-25 01:55:00,2023-07-25 02:00:00,-764.9999999996186,-0.1529999999999237,3,"東京
09-15JST","USDJPY_東京
09-15JST",2023_30
USDJPY,short,2023-07-25 02:00:00,2023-07-25 02:05:00,-2537.10830126473,-0.507421660252946,2,"東京
09-15JST","USDJPY_東京
09-15JST",2023_30
USDJPY,short,2023-07-25 02:10:00,2023-07-25 02:15:00,-2567.7267373369555,-0.5135453474673911,2,"東京
09-15JST","USDJPY_東京
09-15JST",2023_30
USDJPY,short,2023-07-25 02:20:00,2023-07-25 02:25:00,-178.35178351889536,-0.035670356703779,10,"東京
09-15JST","USDJPY_東京
09-15JST",2023_30
EURGBP,long,2023-07-25 07:25:00,2023-07-25 07:30:00,-553.2786885263953,-0.110655737705279,2,"欧州
15-21JST","EURGBP_欧州
15-21JST",2023_30
EURGBP,long,2023-07-25 07:50:00,2023-07-25 07:55:00,-4999.999999999901,-0.99999999999998,1,"欧州
15-21JST","EURGBP_欧州
15-21JST",2023_30
EURGBP,long,2023-07-25 07:55:00,2023-07-25 08:00:00,-5000.00000000031,-1.000000000000062,1,"欧州
15-21JST","EURGBP_欧州
15-21JST",2023_30
EURGBP,long,2023-07-25 08:00:00,2023-07-25 08:05:00,-3305.5091819686554,-0.6611018363937311,3,"欧州
15-21JST","EURGBP_欧州
15-21JST",2023_30
EURGBP,long,2023-07-25 08:10:00,2023-07-25 08:15:00,-5000.000000000379,-1.000000000000076,1,"欧州
15-21JST","EURGBP_欧州
15-21JST",2023_30
EURGBP,long,2023-07-25 08:20:00,2023-07-25 08:25:00,2457.4753804841025,0.4914950760968205,7,"欧州
15-21JST","EURGBP_欧州
15-21JST",2023_30
EURGBP,long,2023-07-25 08:30:00,2023-07-25 08:35:00,3604.436229205805,0.7208872458411609,5,"欧州
15-21JST","EURGBP_欧州
15-21JST",2023_30
EURGBP,long,2023-07-25 08:40:00,2023-07-25 08:45:00,2176.1416588992865,0.4352283317798573,2,"欧州
15-21JST","EURGBP_欧州
15-21JST",2023_30
EURGBP,long,2023-07-25 08:55:00,2023-07-25 09:00:00,-2104.446742502447,-0.4208893485004893,3,"欧州
15-21JST","EURGBP_欧州
15-21JST",2023_30
EURGBP,long,2023-07-25 09:10:00,2023-07-25 09:15:00,-4999.999999999457,-0.9999999999998914,1,"欧州
15-21JST","EURGBP_欧州
15-21JST",2023_30
EURGBP,long,2023-07-25 09:15:00,2023-07-25 09:20:00,5462.633451958498,1.0925266903916997,4,"欧州
15-21JST","EURGBP_欧州
15-21JST",2023_30
EURJPY,long,2023-07-25 13:40:00,2023-07-25 13:45:00,3492.9757343532024,0.6985951468706405,3,"NY
21-03JST","EURJPY_NY
21-03JST",2023_30
EURJPY,long,2023-07-25 14:50:00,2023-07-25 14:55:00,3865.172536464361,0.7730345072928723,3,"NY
21-03JST","EURJPY_NY
21-03JST",2023_30
EURJPY,long,2023-07-25 15:10:00,2023-07-25 15:15:00,347.05266829413364,0.0694105336588267,6,"NY
21-03JST","EURJPY_NY
21-03JST",2023_30
EURJPY,long,2023-07-25 15:15:00,2023-07-25 15:20:00,-1465.132256956599,-0.2930264513913197,5,"NY
21-03JST","EURJPY_NY
21-03JST",2023_30
EURJPY,long,2023-07-25 15:55:00,2023-07-25 16:00:00,1280.9917355382474,0.2561983471076495,12,"NY
21-03JST","EURJPY_NY
21-03JST",2023_30
EURJPY,long,2023-07-25 16:00:00,2023-07-25 16:05:00,3108.882521489771,0.6217765042979542,11,"NY
21-03JST","EURJPY_NY
21-03JST",2023_30
AUDNZD,long,2023-07-26 02:50:00,2023-07-26 02:55:00,779.3594306051084,0.1558718861210216,7,"東京
09-15JST","AUDNZD_東京
09-15JST",2023_30
AUDNZD,long,2023-07-26 02:55:00,2023-07-26 03:00:00,1023.2558139521578,0.2046511627904315,6,"東京
09-15JST","AUDNZD_東京
09-15JST",2023_30
AUDNZD,long,2023-07-26 03:00:00,2023-07-26 03:05:00,2548.4414490288605,0.5096882898057721,4,"東京
09-15JST","AUDNZD_東京
09-15JST",2023_30
AUDNZD,long,2023-07-26 03:05:00,2023-07-26 03:10:00,1829.2682926805355,0.3658536585361071,3,"東京
09-15JST","AUDNZD_東京
09-15JST",2023_30
AUDNZD,long,2023-07-26 03:25:00,2023-07-26 03:30:00,-5000.000000000209,-1.0000000000000415,2,"東京
09-15JST","AUDNZD_東京
09-15JST",2023_30
AUDNZD,long,2023-07-26 05:55:00,2023-07-26 06:00:00,-5000.0,-1.0,2,"東京
09-15JST","AUDNZD_東京
09-15JST",2023_30
EURGBP,long,2023-07-26 11:40:00,2023-07-26 11:45:00,-3463.648834018831,-0.6927297668037662,5,"欧州
15-21JST","EURGBP_欧州
15-21JST",2023_30
CHFJPY,long,2023-07-26 12:30:00,2023-07-26 12:35:00,-5000.00000000069,-1.000000000000138,1,"NY
21-03JST","CHFJPY_NY
21-03JST",2023_30
CHFJPY,long,2023-07-26 12:35:00,2023-07-26 12:40:00,5361.948955914514,1.0723897911829028,2,"NY
21-03JST","CHFJPY_NY
21-03JST",2023_30
CHFJPY,long,2023-07-26 12:40:00,2023-07-26 12:45:00,-185.52036198991348,-0.0371040723979827,2,"NY
21-03JST","CHFJPY_NY
21-03JST",2023_30
EURJPY,long,2023-07-26 12:50:00,2023-07-26 12:55:00,1575.3424657530857,0.3150684931506171,3,"NY
21-03JST","EURJPY_NY
21-03JST",2023_30
CHFJPY,long,2023-07-26 12:55:00,2023-07-26 13:00:00,2711.5987460815286,0.5423197492163058,2,"NY
21-03JST","CHFJPY_NY
21-03JST",2023_30
AUDNZD,long,2023-07-26 19:35:00,2023-07-26 19:40:00,10386.840202456287,2.0773680404912573,7,"深夜
03-09JST","AUDNZD_深夜
03-09JST",2023_30
EURGBP,long,2023-07-27 08:15:00,2023-07-27 08:20:00,1641.860465116668,0.3283720930233336,2,"欧州
15-21JST","EURGBP_欧州
15-21JST",2023_30
EURGBP,long,2023-07-27 08:30:00,2023-07-27 08:35:00,32050.912584051825,6.410182516810365,6,"欧州
15-21JST","EURGBP_欧州
15-21JST",2023_30
EURGBP,long,2023-07-27 08:40:00,2023-07-27 08:45:00,35601.42711518811,7.120285423037622,4,"欧州
15-21JST","EURGBP_欧州
15-21JST",2023_30
EURGBP,long,2023-07-27 08:50:00,2023-07-27 08:55:00,34323.30827067725,6.86466165413545,2,"欧州
15-21JST","EURGBP_欧州
15-21JST",2023_30
CHFJPY,long,2023-07-27 13:00:00,2023-07-27 13:05:00,-4577.2946859902,-0.91545893719804,5,"NY
21-03JST","CHFJPY_NY
21-03JST",2023_30
EURJPY,long,2023-07-27 13:00:00,2023-07-27 13:05:00,-4999.99999999965,-0.99999999999993,2,"NY
21-03JST","EURJPY_NY
21-03JST",2023_30
CHFJPY,long,2023-07-27 13:05:00,2023-07-27 13:10:00,-3301.775147928057,-0.6603550295856113,4,"NY
21-03JST","CHFJPY_NY
21-03JST",2023_30
EURJPY,long,2023-07-27 13:10:00,2023-07-27 13:15:00,-5000.000000000162,-1.0000000000000324,3,"NY
21-03JST","EURJPY_NY
21-03JST",2023_30
EURJPY,long,2023-07-27 13:15:00,2023-07-27 13:20:00,-5000.000000000053,-1.0000000000000109,2,"NY
21-03JST","EURJPY_NY
21-03JST",2023_30
CHFJPY,long,2023-07-27 13:15:00,2023-07-27 13:20:00,-4734.546833523235,-0.9469093667046472,2,"NY
21-03JST","CHFJPY_NY
21-03JST",2023_30
EURJPY,long,2023-07-27 13:20:00,2023-07-27 13:25:00,-5000.0,-1.0,1,"NY
21-03JST","EURJPY_NY
21-03JST",2023_30
CHFJPY,long,2023-07-27 13:25:00,2023-07-27 13:30:00,-5000.000000000302,-1.0000000000000604,1,"NY
21-03JST","CHFJPY_NY
21-03JST",2023_30
EURJPY,long,2023-07-27 13:25:00,2023-07-27 13:30:00,-4999.999999999624,-0.9999999999999248,1,"NY
21-03JST","EURJPY_NY
21-03JST",2023_30
EURJPY,long,2023-07-27 13:30:00,2023-07-27 13:35:00,-5000.00000000037,-1.000000000000074,2,"NY
21-03JST","EURJPY_NY
21-03JST",2023_30
CHFJPY,long,2023-07-27 13:30:00,2023-07-27 13:35:00,-4846.5218257918,-0.96930436515836,2,"NY
21-03JST","CHFJPY_NY
21-03JST",2023_30
EURJPY,long,2023-07-27 13:35:00,2023-07-27 13:40:00,-1152.6479750780368,-0.2305295950156073,3,"NY
21-03JST","EURJPY_NY
21-03JST",2023_30
CHFJPY,long,2023-07-27 13:40:00,2023-07-27 13:45:00,-1292.5598991183294,-0.2585119798236658,2,"NY
21-03JST","CHFJPY_NY
21-03JST",2023_30
EURJPY,long,2023-07-27 13:40:00,2023-07-27 13:45:00,2618.2965299683106,0.5236593059936621,2,"NY
21-03JST","EURJPY_NY
21-03JST",2023_30
EURJPY,long,2023-07-27 13:45:00,2023-07-27 13:50:00,307.0866141731207,0.0614173228346241,3,"NY
21-03JST","EURJPY_NY
21-03JST",2023_30
CHFJPY,long,2023-07-27 13:45:00,2023-07-27 13:50:00,903.7996925102516,0.1807599385020503,13,"NY
21-03JST","CHFJPY_NY
21-03JST",2023_30
CHFJPY,long,2023-07-27 13:55:00,2023-07-27 14:00:00,2767.9324894509173,0.5535864978901834,11,"NY
21-03JST","CHFJPY_NY
21-03JST",2023_30
EURJPY,long,2023-07-27 13:55:00,2023-07-27 14:00:00,5649.858726363223,1.1299717452726443,15,"NY
21-03JST","EURJPY_NY
21-03JST",2023_30
CHFJPY,long,2023-07-27 14:20:00,2023-07-27 14:25:00,-973.1918458526212,-0.1946383691705242,6,"NY
21-03JST","CHFJPY_NY
21-03JST",2023_30
EURJPY,long,2023-07-27 14:30:00,2023-07-27 14:35:00,3197.6578120536046,0.639531562410721,7,"NY
21-03JST","EURJPY_NY
21-03JST",2023_30
CHFJPY,long,2023-07-27 14:30:00,2023-07-27 14:35:00,-3259.5628415295214,-0.6519125683059043,4,"NY
21-03JST","CHFJPY_NY
21-03JST",2023_30
EURJPY,long,2023-07-27 14:35:00,2023-07-27 14:40:00,2452.0069808020257,0.4904013961604051,6,"NY
21-03JST","EURJPY_NY
21-03JST",2023_30
CHFJPY,long,2023-07-27 14:40:00,2023-07-27 14:45:00,-3305.2405761562977,-0.6610481152312595,2,"NY
21-03JST","CHFJPY_NY
21-03JST",2023_30
CHFJPY,long,2023-07-27 14:55:00,2023-07-27 15:00:00,-3510.638297871835,-0.7021276595743671,2,"NY
21-03JST","CHFJPY_NY
21-03JST",2023_30
CHFJPY,long,2023-07-27 15:20:00,2023-07-27 15:25:00,-4259.993392797121,-0.8519986785594241,7,"NY
21-03JST","CHFJPY_NY
21-03JST",2023_30
EURJPY,long,2023-07-27 17:00:00,2023-07-27 17:05:00,-4999.999999999464,-0.9999999999998928,1,"NY
21-03JST","EURJPY_NY
21-03JST",2023_30
CHFJPY,long,2023-07-27 17:00:00,2023-07-27 17:05:00,-4999.999999999576,-0.9999999999999152,1,"NY
21-03JST","CHFJPY_NY
21-03JST",2023_30
EURJPY,long,2023-07-27 17:20:00,2023-07-27 17:25:00,-4999.999999999909,-0.9999999999999818,2,"NY
21-03JST","EURJPY_NY
21-03JST",2023_30
CHFJPY,long,2023-07-27 17:25:00,2023-07-27 17:30:00,-4999.999999999748,-0.9999999999999496,1,"NY
21-03JST","CHFJPY_NY
21-03JST",2023_30
EURJPY,long,2023-07-27 17:25:00,2023-07-27 17:30:00,-5000.0000000003,-1.00000000000006,1,"NY
21-03JST","EURJPY_NY
21-03JST",2023_30
CHFJPY,long,2023-07-27 17:30:00,2023-07-27 17:35:00,-5000.0000000001655,-1.000000000000033,1,"NY
21-03JST","CHFJPY_NY
21-03JST",2023_30
EURJPY,long,2023-07-27 17:35:00,2023-07-27 17:40:00,1067.258883249319,0.2134517766498638,7,"NY
21-03JST","EURJPY_NY
21-03JST",2023_30
CHFJPY,long,2023-07-27 17:35:00,2023-07-27 17:40:00,628.7197670005966,0.1257439534001193,6,"NY
21-03JST","CHFJPY_NY
21-03JST",2023_30
CHFJPY,long,2023-07-27 17:40:00,2023-07-27 17:45:00,-2432.41633916825,-0.48648326783365,6,"NY
21-03JST","CHFJPY_NY
21-03JST",2023_30
EURJPY,long,2023-07-27 17:40:00,2023-07-27 17:45:00,-1825.0721847928576,-0.3650144369585715,10,"NY
21-03JST","EURJPY_NY
21-03JST",2023_30
CHFJPY,long,2023-07-27 17:55:00,2023-07-27 18:00:00,-4649.199259178369,-0.929839851835674,7,"NY
21-03JST","CHFJPY_NY
21-03JST",2023_30
AUDNZD,long,2023-07-27 23:25:00,2023-07-27 23:30:00,18915.756630269432,3.7831513260538863,6,"深夜
03-09JST","AUDNZD_深夜
03-09JST",2023_30
AUDNZD,long,2023-07-28 01:50:00,2023-07-28 01:55:00,5021.913805698707,1.0043827611397411,7,"東京
09-15JST","AUDNZD_東京
09-15JST",2023_30
AUDNZD,long,2023-07-28 01:55:00,2023-07-28 02:00:00,5072.674418602871,1.014534883720574,6,"東京
09-15JST","AUDNZD_東京
09-15JST",2023_30
AUDNZD,long,2023-07-28 02:40:00,2023-07-28 02:45:00,1717.4056915951544,0.3434811383190309,4,"東京
09-15JST","AUDNZD_東京
09-15JST",2023_30
AUDNZD,long,2023-07-28 02:45:00,2023-07-28 02:50:00,1472.131147539666,0.2944262295079332,3,"東京
09-15JST","AUDNZD_東京
09-15JST",2023_30
AUDNZD,long,2023-07-28 02:55:00,2023-07-28 03:00:00,-2158.852344294862,-0.4317704688589725,2,"東京
09-15JST","AUDNZD_東京
09-15JST",2023_30
AUDNZD,long,2023-07-28 03:05:00,2023-07-28 03:10:00,-1043.2658757858774,-0.2086531751571754,3,"東京
09-15JST","AUDNZD_東京
09-15JST",2023_30
AUDNZD,long,2023-07-28 03:10:00,2023-07-28 03:15:00,-4358.251057824958,-0.8716502115649916,2,"東京
09-15JST","AUDNZD_東京
09-15JST",2023_30
AUDNZD,long,2023-07-28 03:20:00,2023-07-28 03:25:00,19634.32295437835,3.92686459087567,2,"東京
09-15JST","AUDNZD_東京
09-15JST",2023_30
AUDNZD,long,2023-07-28 03:25:00,2023-07-28 03:30:00,3224.348750665212,0.6448697501330424,3,"東京
09-15JST","AUDNZD_東京
09-15JST",2023_30
USDJPY,short,2023-07-28 04:05:00,2023-07-28 04:10:00,-1837.79069767458,-0.3675581395349159,3,"東京
09-15JST","USDJPY_東京
09-15JST",2023_30
USDJPY,short,2023-07-28 04:10:00,2023-07-28 04:15:00,-5000.000000000077,-1.0000000000000155,3,"東京
09-15JST","USDJPY_東京
09-15JST",2023_30
USDJPY,short,2023-07-28 04:15:00,2023-07-28 04:20:00,-4999.999999999985,-0.9999999999999972,4,"東京
09-15JST","USDJPY_東京
09-15JST",2023_30
AUDNZD,long,2023-07-28 04:30:00,2023-07-28 04:35:00,2445.175438596701,0.4890350877193403,17,"東京
09-15JST","AUDNZD_東京
09-15JST",2023_30
AUDNZD,long,2023-07-28 04:35:00,2023-07-28 04:40:00,2417.820069204816,0.4835640138409631,16,"東京
09-15JST","AUDNZD_東京
09-15JST",2023_30
AUDNZD,long,2023-07-28 04:40:00,2023-07-28 04:45:00,4247.830279653361,0.8495660559306721,5,"東京
09-15JST","AUDNZD_東京
09-15JST",2023_30
AUDNZD,long,2023-07-28 04:45:00,2023-07-28 04:50:00,4692.3076923084445,0.9384615384616888,4,"東京
09-15JST","AUDNZD_東京
09-15JST",2023_30
USDJPY,short,2023-07-28 04:45:00,2023-07-28 04:50:00,-4346.371590324205,-0.8692743180648409,8,"東京
09-15JST","USDJPY_東京
09-15JST",2023_30
USDJPY,short,2023-07-28 04:50:00,2023-07-28 04:55:00,-3754.448398576548,-0.7508896797153096,7,"東京
09-15JST","USDJPY_東京
09-15JST",2023_30
USDJPY,short,2023-07-28 05:00:00,2023-07-28 05:05:00,-3962.494351559477,-0.7924988703118953,5,"東京
09-15JST","USDJPY_東京
09-15JST",2023_30
EURGBP,long,2023-07-28 08:25:00,2023-07-28 08:30:00,-5000.000000000289,-1.000000000000058,1,"欧州
15-21JST","EURGBP_欧州
15-21JST",2023_30
EURGBP,long,2023-07-28 08:35:00,2023-07-28 08:40:00,-2192.5133689837853,-0.438502673796757,6,"欧州
15-21JST","EURGBP_欧州
15-21JST",2023_30
EURGBP,long,2023-07-28 09:10:00,2023-07-28 09:15:00,-1885.8800773703288,-0.3771760154740657,2,"欧州
15-21JST","EURGBP_欧州
15-21JST",2023_30
EURGBP,long,2023-07-28 09:20:00,2023-07-28 09:25:00,4971.126082771601,0.9942252165543204,12,"欧州
15-21JST","EURGBP_欧州
15-21JST",2023_30
EURGBP,long,2023-07-28 09:25:00,2023-07-28 09:30:00,6475.409836065606,1.2950819672131213,11,"欧州
15-21JST","EURGBP_欧州
15-21JST",2023_30
EURGBP,long,2023-07-28 09:30:00,2023-07-28 09:35:00,5901.639344262836,1.1803278688525671,10,"欧州
15-21JST","EURGBP_欧州
15-21JST",2023_30
EURGBP,long,2023-07-28 10:00:00,2023-07-28 10:05:00,-1456.790123457523,-0.2913580246915045,2,"欧州
15-21JST","EURGBP_欧州
15-21JST",2023_30
EURGBP,long,2023-07-28 11:05:00,2023-07-28 11:10:00,-3045.685279186398,-0.6091370558372796,2,"欧州
15-21JST","EURGBP_欧州
15-21JST",2023_30
EURGBP,long,2023-07-28 11:55:00,2023-07-28 12:00:00,49.94450610219028,0.009988901220438,3,"欧州
15-21JST","EURGBP_欧州
15-21JST",2023_30
AUDNZD,long,2023-07-31 01:25:00,2023-07-31 01:30:00,3600.682593855441,0.7201365187710882,2,"東京
09-15JST","AUDNZD_東京
09-15JST",2023_31
AUDNZD,long,2023-07-31 01:35:00,2023-07-31 01:40:00,6179.36117936286,1.235872235872572,10,"東京
09-15JST","AUDNZD_東京
09-15JST",2023_31
AUDNZD,long,2023-07-31 01:50:00,2023-07-31 01:55:00,6106.382978724888,1.2212765957449776,7,"東京
09-15JST","AUDNZD_東京
09-15JST",2023_31
AUDNZD,long,2023-07-31 02:20:00,2023-07-31 02:25:00,-2841.409691629248,-0.5682819383258496,2,"東京
09-15JST","AUDNZD_東京
09-15JST",2023_31
AUDNZD,long,2023-07-31 02:30:00,2023-07-31 02:35:00,-238.4291725114628,-0.0476858345022925,4,"東京
09-15JST","AUDNZD_東京
09-15JST",2023_31
AUDNZD,long,2023-07-31 02:35:00,2023-07-31 02:40:00,-2034.795763992901,-0.4069591527985802,3,"東京
09-15JST","AUDNZD_東京
09-15JST",2023_31
AUDNZD,long,2023-07-31 02:50:00,2023-07-31 02:55:00,-5000.000000001398,-1.0000000000002796,1,"東京
09-15JST","AUDNZD_東京
09-15JST",2023_31
AUDNZD,long,2023-07-31 04:00:00,2023-07-31 04:05:00,-1148.0075901330813,-0.2296015180266162,6,"東京
09-15JST","AUDNZD_東京
09-15JST",2023_31
AUDNZD,long,2023-07-31 04:15:00,2023-07-31 04:20:00,-4059.139784948528,-0.8118279569897054,3,"東京
09-15JST","AUDNZD_東京
09-15JST",2023_31
AUDNZD,long,2023-07-31 04:20:00,2023-07-31 04:25:00,-4710.344827586939,-0.9420689655173876,3,"東京
09-15JST","AUDNZD_東京
09-15JST",2023_31
AUDNZD,long,2023-07-31 04:30:00,2023-07-31 04:35:00,-5000.000000000475,-1.000000000000095,5,"東京
09-15JST","AUDNZD_東京
09-15JST",2023_31
AUDNZD,long,2023-07-31 04:35:00,2023-07-31 04:40:00,-2932.276657060141,-0.5864553314120282,4,"東京
09-15JST","AUDNZD_東京
09-15JST",2023_31
AUDNZD,long,2023-07-31 04:40:00,2023-07-31 04:45:00,-5000.000000000509,-1.000000000000102,3,"東京
09-15JST","AUDNZD_東京
09-15JST",2023_31
AUDNZD,long,2023-07-31 04:50:00,2023-07-31 04:55:00,-2862.129144850528,-0.5724258289701055,2,"東京
09-15JST","AUDNZD_東京
09-15JST",2023_31
AUDNZD,long,2023-07-31 05:00:00,2023-07-31 05:05:00,2845.4842219829256,0.5690968443965851,5,"東京
09-15JST","AUDNZD_東京
09-15JST",2023_31
AUDNZD,long,2023-07-31 05:05:00,2023-07-31 05:10:00,1222.2222222247551,0.244444444444951,4,"東京
09-15JST","AUDNZD_東京
09-15JST",2023_31
AUDNZD,long,2023-07-31 05:45:00,2023-07-31 05:50:00,8501.48367952499,1.700296735904998,6,"東京
09-15JST","AUDNZD_東京
09-15JST",2023_31
EURGBP,long,2023-07-31 06:15:00,2023-07-31 06:20:00,-5000.000000001115,-1.000000000000223,1,"欧州
15-21JST","EURGBP_欧州
15-21JST",2023_31
EURGBP,long,2023-07-31 06:20:00,2023-07-31 06:25:00,6464.354527936492,1.2928709055872982,3,"欧州
15-21JST","EURGBP_欧州
15-21JST",2023_31
EURGBP,long,2023-07-31 10:55:00,2023-07-31 11:00:00,-1364.7342995174151,-0.272946859903483,3,"欧州
15-21JST","EURGBP_欧州
15-21JST",2023_31
EURGBP,long,2023-07-31 11:25:00,2023-07-31 11:30:00,-2086.9033047728267,-0.4173806609545653,3,"欧州
15-21JST","EURGBP_欧州
15-21JST",2023_31
EURGBP,long,2023-07-31 11:35:00,2023-07-31 11:40:00,5806.675938804415,1.1613351877608828,4,"欧州
15-21JST","EURGBP_欧州
15-21JST",2023_31
EURGBP,long,2023-07-31 11:40:00,2023-07-31 11:45:00,3811.188811187196,0.7622377622374392,3,"欧州
15-21JST","EURGBP_欧州
15-21JST",2023_31
AUDNZD,long,2023-08-01 04:30:00,2023-08-01 04:35:00,-5000.0,-1.0,1,"東京
09-15JST","AUDNZD_東京
09-15JST",2023_31
AUDNZD,long,2023-08-01 04:55:00,2023-08-01 05:00:00,-2301.1363636363208,-0.4602272727272641,3,"東京
09-15JST","AUDNZD_東京
09-15JST",2023_31
AUDNZD,long,2023-08-01 05:00:00,2023-08-01 05:05:00,-1832.076220721358,-0.3664152441442715,3,"東京
09-15JST","AUDNZD_東京
09-15JST",2023_31
AUDNZD,long,2023-08-01 05:10:00,2023-08-01 05:15:00,-4379.157427937235,-0.8758314855874471,4,"東京
09-15JST","AUDNZD_東京
09-15JST",2023_31
AUDNZD,long,2023-08-01 05:15:00,2023-08-01 05:20:00,-5000.000000000164,-1.0000000000000326,3,"東京
09-15JST","AUDNZD_東京
09-15JST",2023_31
AUDNZD,long,2023-08-01 05:20:00,2023-08-01 05:25:00,-1578.463800072576,-0.3156927600145152,8,"東京
09-15JST","AUDNZD_東京
09-15JST",2023_31
AUDNZD,long,2023-08-01 05:30:00,2023-08-01 05:35:00,327.7494537504484,0.0655498907500896,6,"東京
09-15JST","AUDNZD_東京
09-15JST",2023_31
AUDNZD,long,2023-08-01 05:35:00,2023-08-01 05:40:00,-1835.8651352357383,-0.3671730270471477,5,"東京
09-15JST","AUDNZD_東京
09-15JST",2023_31
AUDNZD,long,2023-08-01 05:50:00,2023-08-01 05:55:00,-2316.017316019767,-0.4632034632039534,2,"東京
09-15JST","AUDNZD_東京
09-15JST",2023_31
AUDNZD,long,2023-08-01 05:55:00,2023-08-01 06:00:00,-5000.000000000136,-1.000000000000027,1,"東京
09-15JST","AUDNZD_東京
09-15JST",2023_31
GBPUSD,long,2023-08-01 08:30:00,2023-08-01 08:35:00,9609.800362975617,1.9219600725951236,4,"欧州
15-21JST","GBPUSD_欧州
15-21JST",2023_31
GBPUSD,long,2023-08-01 08:40:00,2023-08-01 08:45:00,8793.985924502138,1.7587971849004276,2,"欧州
15-21JST","GBPUSD_欧州
15-21JST",2023_31
GBPUSD,long,2023-08-01 10:50:00,2023-08-01 10:55:00,-4999.99999999906,-0.999999999999812,1,"欧州
15-21JST","GBPUSD_欧州
15-21JST",2023_31
GBPUSD,long,2023-08-01 11:00:00,2023-08-01 11:05:00,1250.9225092238692,0.2501845018447738,5,"欧州
15-21JST","GBPUSD_欧州
15-21JST",2023_31
GBPUSD,long,2023-08-01 11:10:00,2023-08-01 11:15:00,1682.3161189355324,0.3364632237871064,3,"欧州
15-21JST","GBPUSD_欧州
15-21JST",2023_31
GBPUSD,long,2023-08-01 11:45:00,2023-08-01 11:50:00,-3399.738732854139,-0.6799477465708278,2,"欧州
15-21JST","GBPUSD_欧州
15-21JST",2023_31
GBPUSD,long,2023-08-01 11:50:00,2023-08-01 11:55:00,-1363.6363636350395,-0.272727272727008,2,"欧州
15-21JST","GBPUSD_欧州
15-21JST",2023_31
GBPUSD,long,2023-08-01 11:55:00,2023-08-01 12:00:00,-4999.999999999719,-0.9999999999999438,1,"欧州
15-21JST","GBPUSD_欧州
15-21JST",2023_31
AUDNZD,long,2023-08-01 20:15:00,2023-08-01 20:20:00,4369.230769231115,0.873846153846223,2,"深夜
03-09JST","AUDNZD_深夜
03-09JST",2023_31
AUDNZD,long,2023-08-01 20:35:00,2023-08-01 20:40:00,-1131.1053984575235,-0.2262210796915047,3,"深夜
03-09JST","AUDNZD_深夜
03-09JST",2023_31
AUDNZD,long,2023-08-01 22:05:00,2023-08-01 22:10:00,-16.254876461456625,-0.0032509752922913,7,"深夜
03-09JST","AUDNZD_深夜
03-09JST",2023_31
AUDNZD,long,2023-08-01 22:10:00,2023-08-01 22:15:00,548.3662245233039,0.1096732449046607,6,"深夜
03-09JST","AUDNZD_深夜
03-09JST",2023_31
AUDNZD,long,2023-08-01 22:15:00,2023-08-01 22:20:00,398.1743783456213,0.0796348756691242,5,"深夜
03-09JST","AUDNZD_深夜
03-09JST",2023_31
AUDNZD,long,2023-08-01 22:20:00,2023-08-01 22:25:00,-860.4505632043323,-0.1720901126408664,4,"深夜
03-09JST","AUDNZD_深夜
03-09JST",2023_31
AUDNZD,long,2023-08-01 22:40:00,2023-08-01 22:45:00,12299.771167047797,2.4599542334095594,2,"深夜
03-09JST","AUDNZD_深夜
03-09JST",2023_31
NZDUSD,long,2023-08-02 00:00:00,2023-08-02 00:05:00,-5000.000000000223,-1.0000000000000446,1,"東京
09-15JST","NZDUSD_東京
09-15JST",2023_31
NZDUSD,long,2023-08-02 02:50:00,2023-08-02 02:55:00,-1363.6363636366727,-0.2727272727273345,2,"東京
09-15JST","NZDUSD_東京
09-15JST",2023_31
NZDUSD,long,2023-08-02 03:00:00,2023-08-02 03:05:00,-4999.999999999805,-0.999999999999961,1,"東京
09-15JST","NZDUSD_東京
09-15JST",2023_31
NZDUSD,long,2023-08-02 03:05:00,2023-08-02 03:10:00,-4999.999999999793,-0.9999999999999584,1,"東京
09-15JST","NZDUSD_東京
09-15JST",2023_31
NZDUSD,long,2023-08-02 03:10:00,2023-08-02 03:15:00,-5000.0000000002,-1.00000000000004,1,"東京
09-15JST","NZDUSD_東京
09-15JST",2023_31
NZDUSD,long,2023-08-02 03:15:00,2023-08-02 03:20:00,8896.210873147278,1.7792421746294556,5,"東京
09-15JST","NZDUSD_東京
09-15JST",2023_31
NZDUSD,long,2023-08-02 03:40:00,2023-08-02 03:45:00,-4265.367316341863,-0.8530734632683725,4,"東京
09-15JST","NZDUSD_東京
09-15JST",2023_31
NZDUSD,long,2023-08-02 03:45:00,2023-08-02 03:50:00,-5000.000000000167,-1.0000000000000335,3,"東京
09-15JST","NZDUSD_東京
09-15JST",2023_31
NZDUSD,long,2023-08-02 03:50:00,2023-08-02 03:55:00,-4005.9790732444826,-0.8011958146488966,3,"東京
09-15JST","NZDUSD_東京
09-15JST",2023_31
NZDUSD,long,2023-08-02 04:10:00,2023-08-02 04:15:00,-4456.896551724156,-0.8913793103448312,6,"東京
09-15JST","NZDUSD_東京
09-15JST",2023_31
NZDUSD,long,2023-08-02 04:35:00,2023-08-02 04:40:00,-5000.000000000955,-1.000000000000191,1,"東京
09-15JST","NZDUSD_東京
09-15JST",2023_31
NZDUSD,long,2023-08-02 04:40:00,2023-08-02 04:45:00,7506.666666664785,1.501333333332957,5,"東京
09-15JST","NZDUSD_東京
09-15JST",2023_31
NZDUSD,long,2023-08-02 04:45:00,2023-08-02 04:50:00,10262.449528935756,2.052489905787151,4,"東京
09-15JST","NZDUSD_東京
09-15JST",2023_31
NZDUSD,long,2023-08-02 04:50:00,2023-08-02 04:55:00,9221.90201729015,1.8443804034580296,3,"東京
09-15JST","NZDUSD_東京
09-15JST",2023_31
AUDNZD,long,2023-08-02 05:50:00,2023-08-02 05:55:00,-5000.000000000694,-1.0000000000001388,1,"東京
09-15JST","AUDNZD_東京
09-15JST",2023_31
AUDNZD,long,2023-08-02 05:55:00,2023-08-02 06:00:00,-3855.8692421992982,-0.7711738484398597,4,"東京
09-15JST","AUDNZD_東京
09-15JST",2023_31
GBPUSD,long,2023-08-02 06:25:00,2023-08-02 06:30:00,14660.49382716105,2.93209876543221,5,"欧州
15-21JST","GBPUSD_欧州
15-21JST",2023_31
EURGBP,long,2023-08-02 08:35:00,2023-08-02 08:40:00,537.5253549672173,0.1075050709934434,2,"欧州
15-21JST","EURGBP_欧州
15-21JST",2023_31
EURGBP,long,2023-08-02 08:40:00,2023-08-02 08:45:00,1332.3500491628338,0.2664700098325667,4,"欧州
15-21JST","EURGBP_欧州
15-21JST",2023_31
EURGBP,long,2023-08-02 08:50:00,2023-08-02 08:55:00,446.0580912869216,0.0892116182573843,2,"欧州
15-21JST","EURGBP_欧州
15-21JST",2023_31
EURGBP,long,2023-08-02 09:05:00,2023-08-02 09:10:00,5084.745762712654,1.016949152542531,8,"欧州
15-21JST","EURGBP_欧州
15-21JST",2023_31
EURGBP,long,2023-08-02 09:10:00,2023-08-02 09:15:00,6589.403973510409,1.317880794702082,7,"欧州
15-21JST","EURGBP_欧州
15-21JST",2023_31
EURGBP,long,2023-08-02 09:15:00,2023-08-02 09:20:00,5665.914221219074,1.1331828442438148,6,"欧州
15-21JST","EURGBP_欧州
15-21JST",2023_31
AUDNZD,long,2023-08-03 00:20:00,2023-08-03 00:25:00,11283.422459891854,2.256684491978371,3,"東京
09-15JST","AUDNZD_東京
09-15JST",2023_31
AUDNZD,long,2023-08-03 04:50:00,2023-08-03 04:55:00,10082.474226804668,2.016494845360933,7,"東京
09-15JST","AUDNZD_東京
09-15JST",2023_31
GBPUSD,long,2023-08-03 10:00:00,2023-08-03 10:05:00,-5000.0,-1.0,1,"欧州
15-21JST","GBPUSD_欧州
15-21JST",2023_31
GBPUSD,long,2023-08-03 10:25:00,2023-08-03 10:30:00,3452.439625433754,0.6904879250867508,6,"欧州
15-21JST","GBPUSD_欧州
15-21JST",2023_31
GBPUSD,long,2023-08-03 11:00:00,2023-08-03 11:05:00,16317.318868655078,3.2634637737310155,3,"欧州
15-21JST","GBPUSD_欧州
15-21JST",2023_31
GBPUSD,long,2023-08-03 11:05:00,2023-08-03 11:10:00,9899.693981639824,1.9799387963279649,2,"欧州
15-21JST","GBPUSD_欧州
15-21JST",2023_31
AUDNZD,long,2023-08-03 21:45:00,2023-08-03 21:50:00,6315.26104417919,1.263052208835838,12,"深夜
03-09JST","AUDNZD_深夜
03-09JST",2023_31
AUDNZD,long,2023-08-03 21:55:00,2023-08-03 22:00:00,4960.19900497641,0.992039800995282,10,"深夜
03-09JST","AUDNZD_深夜
03-09JST",2023_31
GBPUSD,long,2023-08-04 07:20:00,2023-08-04 07:25:00,3342.736248235657,0.6685472496471315,4,"欧州
15-21JST","GBPUSD_欧州
15-21JST",2023_31
GBPUSD,long,2023-08-04 07:30:00,2023-08-04 07:35:00,2308.2386363629366,0.4616477272725873,2,"欧州
15-21JST","GBPUSD_欧州
15-21JST",2023_31
GBPUSD,long,2023-08-04 07:45:00,2023-08-04 07:50:00,-2840.3755868553503,-0.5680751173710701,2,"欧州
15-21JST","GBPUSD_欧州
15-21JST",2023_31
EURAUD,long,2023-08-06 22:55:00,2023-08-06 23:00:00,5845.070422533641,1.1690140845067285,7,"深夜
03-09JST","EURAUD_深夜
03-09JST",2023_31
AUDJPY,short,2023-08-07 05:35:00,2023-08-07 05:40:00,-5000.000000000116,-1.000000000000023,1,"東京
09-15JST","AUDJPY_東京
09-15JST",2023_32
EURAUD,long,2023-08-08 21:00:00,2023-08-08 21:05:00,1283.3099579266593,0.2566619915853319,3,"深夜
03-09JST","EURAUD_深夜
03-09JST",2023_32
EURAUD,long,2023-08-08 21:25:00,2023-08-08 21:30:00,-702.7463651041396,-0.1405492730208279,2,"深夜
03-09JST","EURAUD_深夜
03-09JST",2023_32
EURAUD,long,2023-08-08 21:30:00,2023-08-08 21:35:00,-1899.0559186652072,-0.3798111837330414,4,"深夜
03-09JST","EURAUD_深夜
03-09JST",2023_32
AUDNZD,long,2023-08-08 23:00:00,2023-08-08 23:05:00,-3312.0567375800115,-0.6624113475160023,2,"深夜
03-09JST","AUDNZD_深夜
03-09JST",2023_32
EURGBP,long,2023-08-11 06:15:00,2023-08-11 06:20:00,2673.5688185154954,0.5347137637030991,2,"欧州
15-21JST","EURGBP_欧州
15-21JST",2023_32
EURGBP,long,2023-08-11 06:30:00,2023-08-11 06:35:00,3386.792452830893,0.6773584905661786,5,"欧州
15-21JST","EURGBP_欧州
15-21JST",2023_32
EURGBP,long,2023-08-11 06:35:00,2023-08-11 06:40:00,849.2279745677552,0.169845594913551,4,"欧州
15-21JST","EURGBP_欧州
15-21JST",2023_32
EURGBP,long,2023-08-11 07:00:00,2023-08-11 07:05:00,-470.2784048160891,-0.0940556809632178,3,"欧州
15-21JST","EURGBP_欧州
15-21JST",2023_32
EURGBP,long,2023-08-11 07:05:00,2023-08-11 07:10:00,-931.4456035775904,-0.186289120715518,2,"欧州
15-21JST","EURGBP_欧州
15-21JST",2023_32
EURGBP,long,2023-08-11 07:15:00,2023-08-11 07:20:00,5945.692883897727,1.1891385767795453,6,"欧州
15-21JST","EURGBP_欧州
15-21JST",2023_32
EURGBP,long,2023-08-11 07:20:00,2023-08-11 07:25:00,5985.645933015619,1.197129186603124,5,"欧州
15-21JST","EURGBP_欧州
15-21JST",2023_32
EURGBP,long,2023-08-11 07:50:00,2023-08-11 07:55:00,1129.0322580629563,0.2258064516125912,3,"欧州
15-21JST","EURGBP_欧州
15-21JST",2023_32
EURGBP,long,2023-08-11 07:55:00,2023-08-11 08:00:00,-1974.299065419978,-0.3948598130839956,2,"欧州
15-21JST","EURGBP_欧州
15-21JST",2023_32
EURGBP,long,2023-08-11 10:30:00,2023-08-11 10:35:00,1692.789968650001,0.3385579937300001,2,"欧州
15-21JST","EURGBP_欧州
15-21JST",2023_32
EURGBP,long,2023-08-11 10:45:00,2023-08-11 10:50:00,-3157.894736843029,-0.6315789473686058,2,"欧州
15-21JST","EURGBP_欧州
15-21JST",2023_32
EURGBP,long,2023-08-11 10:50:00,2023-08-11 10:55:00,-5000.000000000165,-1.0000000000000329,1,"欧州
15-21JST","EURGBP_欧州
15-21JST",2023_32
EURGBP,long,2023-08-11 10:55:00,2023-08-11 11:00:00,-4999.999999999193,-0.9999999999998388,1,"欧州
15-21JST","EURGBP_欧州
15-21JST",2023_32
EURGBP,long,2023-08-11 11:00:00,2023-08-11 11:05:00,-3780.160857908784,-0.7560321715817567,2,"欧州
15-21JST","EURGBP_欧州
15-21JST",2023_32
EURGBP,long,2023-08-11 11:10:00,2023-08-11 11:15:00,-2679.045092838041,-0.5358090185676083,3,"欧州
15-21JST","EURGBP_欧州
15-21JST",2023_32
EURGBP,long,2023-08-11 11:15:00,2023-08-11 11:20:00,-4289.34010152355,-0.8578680203047101,2,"欧州
15-21JST","EURGBP_欧州
15-21JST",2023_32
EURGBP,long,2023-08-11 11:55:00,2023-08-11 12:00:00,11146.788990827376,2.2293577981654757,6,"欧州
15-21JST","EURGBP_欧州
15-21JST",2023_32
EURGBP,long,2023-08-14 06:10:00,2023-08-14 06:15:00,5831.721470022446,1.1663442940044892,3,"欧州
15-21JST","EURGBP_欧州
15-21JST",2023_33
EURGBP,long,2023-08-14 06:15:00,2023-08-14 06:20:00,4260.700389109276,0.8521400778218553,2,"欧州
15-21JST","EURGBP_欧州
15-21JST",2023_33
EURGBP,long,2023-08-14 09:00:00,2023-08-14 09:05:00,9987.834549879886,1.9975669099759767,10,"欧州
15-21JST","EURGBP_欧州
15-21JST",2023_33
EURGBP,long,2023-08-14 10:40:00,2023-08-14 10:45:00,5413.223140495629,1.0826446280991258,6,"欧州
15-21JST","EURGBP_欧州
15-21JST",2023_33
EURGBP,long,2023-08-14 10:45:00,2023-08-14 10:50:00,5635.359116022205,1.127071823204441,5,"欧州
15-21JST","EURGBP_欧州
15-21JST",2023_33
EURGBP,long,2023-08-14 11:45:00,2023-08-14 11:50:00,9539.20220082384,1.907840440164768,6,"欧州
15-21JST","EURGBP_欧州
15-21JST",2023_33
EURAUD,long,2023-08-14 14:25:00,2023-08-14 14:30:00,-4999.99999999977,-0.999999999999954,1,"NY
21-03JST","EURAUD_NY
21-03JST",2023_33
EURAUD,long,2023-08-14 14:30:00,2023-08-14 14:35:00,-5000.0,-1.0,1,"NY
21-03JST","EURAUD_NY
21-03JST",2023_33
EURAUD,long,2023-08-14 14:35:00,2023-08-14 14:40:00,5802.874101842295,1.160574820368459,5,"NY
21-03JST","EURAUD_NY
21-03JST",2023_33
EURGBP,long,2023-08-14 15:10:00,2023-08-14 15:15:00,-3381.057268723023,-0.6762114537446046,2,"NY
21-03JST","EURGBP_NY
21-03JST",2023_33
EURGBP,long,2023-08-14 15:15:00,2023-08-14 15:20:00,-4999.999999999611,-0.9999999999999222,1,"NY
21-03JST","EURGBP_NY
21-03JST",2023_33
EURGBP,long,2023-08-14 15:20:00,2023-08-14 15:25:00,-701.0428736948145,-0.1402085747389629,2,"NY
21-03JST","EURGBP_NY
21-03JST",2023_33
EURAUD,long,2023-08-14 15:45:00,2023-08-14 15:50:00,5340.167753960075,1.0680335507920151,15,"NY
21-03JST","EURAUD_NY
21-03JST",2023_33
EURGBP,long,2023-08-14 15:45:00,2023-08-14 15:50:00,-2249.999999999829,-0.4499999999999657,2,"NY
21-03JST","EURGBP_NY
21-03JST",2023_33
EURGBP,long,2023-08-14 15:50:00,2023-08-14 15:55:00,-2652.694610778105,-0.5305389221556209,2,"NY
21-03JST","EURGBP_NY
21-03JST",2023_33
EURGBP,long,2023-08-14 16:00:00,2023-08-14 16:05:00,3275.0301568164,0.65500603136328,4,"NY
21-03JST","EURGBP_NY
21-03JST",2023_33
EURAUD,long,2023-08-14 16:00:00,2023-08-14 16:05:00,10168.60143725741,2.033720287451482,12,"NY
21-03JST","EURAUD_NY
21-03JST",2023_33
EURGBP,long,2023-08-14 16:50:00,2023-08-14 16:55:00,-3214.936247723845,-0.642987249544769,6,"NY
21-03JST","EURGBP_NY
21-03JST",2023_33
NZDUSD,short,2023-08-14 18:45:00,2023-08-14 18:50:00,5268.33631485011,1.053667262970022,2,"深夜
03-09JST","NZDUSD_深夜
03-09JST",2023_33
NZDUSD,short,2023-08-14 18:50:00,2023-08-14 18:55:00,2207.6788830706814,0.4415357766141363,2,"深夜
03-09JST","NZDUSD_深夜
03-09JST",2023_33
NZDUSD,short,2023-08-14 18:55:00,2023-08-14 19:00:00,-4999.999999999605,-0.9999999999999212,1,"深夜
03-09JST","NZDUSD_深夜
03-09JST",2023_33
EURGBP,long,2023-08-15 10:00:00,2023-08-15 10:05:00,6422.271223814139,1.2844542447628278,6,"欧州
15-21JST","EURGBP_欧州
15-21JST",2023_33
EURGBP,long,2023-08-15 12:40:00,2023-08-15 12:45:00,-5000.0000000003565,-1.0000000000000713,1,"NY
21-03JST","EURGBP_NY
21-03JST",2023_33
EURAUD,long,2023-08-15 12:40:00,2023-08-15 12:45:00,2271.65817326572,0.4543316346531439,4,"NY
21-03JST","EURAUD_NY
21-03JST",2023_33
EURAUD,long,2023-08-15 12:45:00,2023-08-15 12:50:00,3487.237237238354,0.6974474474476707,3,"NY
21-03JST","EURAUD_NY
21-03JST",2023_33
EURGBP,long,2023-08-15 12:45:00,2023-08-15 12:50:00,-5000.0,-1.0,1,"NY
21-03JST","EURGBP_NY
21-03JST",2023_33
EURGBP,long,2023-08-15 12:50:00,2023-08-15 12:55:00,8453.65853658758,1.690731707317516,4,"NY
21-03JST","EURGBP_NY
21-03JST",2023_33
EURGBP,long,2023-08-15 12:55:00,2023-08-15 13:00:00,8537.414965987986,1.7074829931975972,3,"NY
21-03JST","EURGBP_NY
21-03JST",2023_33
EURGBP,long,2023-08-15 14:35:00,2023-08-15 14:40:00,1931.4472252447192,0.3862894450489438,2,"NY
21-03JST","EURGBP_NY
21-03JST",2023_33
EURGBP,long,2023-08-15 15:00:00,2023-08-15 15:05:00,-4999.9999999993415,-0.9999999999998684,1,"NY
21-03JST","EURGBP_NY
21-03JST",2023_33
EURGBP,long,2023-08-15 15:05:00,2023-08-15 15:10:00,-5000.000000000314,-1.0000000000000628,1,"NY
21-03JST","EURGBP_NY
21-03JST",2023_33
EURGBP,long,2023-08-15 15:10:00,2023-08-15 15:15:00,2705.2238805955144,0.5410447761191028,7,"NY
21-03JST","EURGBP_NY
21-03JST",2023_33
EURGBP,long,2023-08-15 15:15:00,2023-08-15 15:20:00,2308.429118773804,0.4616858237547607,6,"NY
21-03JST","EURGBP_NY
21-03JST",2023_33
EURAUD,long,2023-08-15 15:30:00,2023-08-15 15:35:00,10014.869888477251,2.0029739776954507,19,"NY
21-03JST","EURAUD_NY
21-03JST",2023_33
EURAUD,long,2023-08-15 15:40:00,2023-08-15 15:45:00,8659.176029962475,1.7318352059924949,17,"NY
21-03JST","EURAUD_NY
21-03JST",2023_33
EURAUD,long,2023-08-15 15:50:00,2023-08-15 15:55:00,11541.945647893022,2.3083891295786043,14,"NY
21-03JST","EURAUD_NY
21-03JST",2023_33
EURAUD,long,2023-08-15 16:00:00,2023-08-15 16:05:00,11322.869955157405,2.2645739910314804,12,"NY
21-03JST","EURAUD_NY
21-03JST",2023_33
NZDUSD,short,2023-08-15 20:30:00,2023-08-15 20:35:00,-3958.677685952641,-0.7917355371905281,4,"深夜
03-09JST","NZDUSD_深夜
03-09JST",2023_33
NZDUSD,short,2023-08-15 20:40:00,2023-08-15 20:45:00,-5000.000000001111,-1.000000000000222,2,"深夜
03-09JST","NZDUSD_深夜
03-09JST",2023_33
EURGBP,long,2023-08-16 06:30:00,2023-08-16 06:35:00,-2275.4491017960627,-0.4550898203592125,4,"欧州
15-21JST","EURGBP_欧州
15-21JST",2023_33
EURGBP,long,2023-08-16 06:55:00,2023-08-16 07:00:00,-4999.999999999596,-0.9999999999999192,1,"欧州
15-21JST","EURGBP_欧州
15-21JST",2023_33
EURGBP,long,2023-08-16 08:00:00,2023-08-16 08:05:00,-3496.420047734118,-0.6992840095468236,3,"欧州
15-21JST","EURGBP_欧州
15-21JST",2023_33
EURGBP,long,2023-08-16 08:10:00,2023-08-16 08:15:00,-2962.025316455024,-0.5924050632910047,2,"欧州
15-21JST","EURGBP_欧州
15-21JST",2023_33
EURGBP,long,2023-08-16 08:20:00,2023-08-16 08:25:00,-4999.999999999849,-0.9999999999999698,1,"欧州
15-21JST","EURGBP_欧州
15-21JST",2023_33
EURGBP,long,2023-08-16 08:25:00,2023-08-16 08:30:00,-5000.000000000152,-1.0000000000000304,1,"欧州
15-21JST","EURGBP_欧州
15-21JST",2023_33
EURGBP,long,2023-08-16 08:30:00,2023-08-16 08:35:00,-2539.0624999994634,-0.5078124999998926,3,"欧州
15-21JST","EURGBP_欧州
15-21JST",2023_33
EURGBP,long,2023-08-16 08:35:00,2023-08-16 08:40:00,-3141.59292035318,-0.628318584070636,2,"欧州
15-21JST","EURGBP_欧州
15-21JST",2023_33
EURGBP,long,2023-08-16 08:40:00,2023-08-16 08:45:00,-2870.7224334621765,-0.5741444866924353,2,"欧州
15-21JST","EURGBP_欧州
15-21JST",2023_33
EURGBP,long,2023-08-16 08:50:00,2023-08-16 08:55:00,-297.1576227372494,-0.0594315245474498,3,"欧州
15-21JST","EURGBP_欧州
15-21JST",2023_33
EURGBP,long,2023-08-16 08:55:00,2023-08-16 09:00:00,-5000.0000000009,-1.00000000000018,2,"欧州
15-21JST","EURGBP_欧州
15-21JST",2023_33
EURGBP,long,2023-08-16 09:05:00,2023-08-16 09:10:00,415.4727793691823,0.0830945558738364,5,"欧州
15-21JST","EURGBP_欧州
15-21JST",2023_33
EURGBP,long,2023-08-16 09:10:00,2023-08-16 09:15:00,2383.9662447257583,0.4767932489451517,4,"欧州
15-21JST","EURGBP_欧州
15-21JST",2023_33
EURGBP,long,2023-08-16 09:25:00,2023-08-16 09:30:00,-1500.0000000007772,-0.3000000000001554,2,"欧州
15-21JST","EURGBP_欧州
15-21JST",2023_33
NZDJPY,short,2023-08-16 11:10:00,2023-08-16 11:15:00,-4999.99999999937,-0.999999999999874,1,"欧州
15-21JST","NZDJPY_欧州
15-21JST",2023_33
EURAUD,long,2023-08-16 14:50:00,2023-08-16 14:55:00,-84.96312920771292,-0.0169926258415425,4,"NY
21-03JST","EURAUD_NY
21-03JST",2023_33
EURGBP,long,2023-08-16 14:55:00,2023-08-16 15:00:00,2077.562326870076,0.4155124653740151,2,"NY
21-03JST","EURGBP_NY
21-03JST",2023_33
EURAUD,long,2023-08-16 15:00:00,2023-08-16 15:05:00,1640.220765781743,0.3280441531563486,2,"NY
21-03JST","EURAUD_NY
21-03JST",2023_33
EURAUD,long,2023-08-16 15:15:00,2023-08-16 15:20:00,12741.694662188813,2.5483389324377628,14,"NY
21-03JST","EURAUD_NY
21-03JST",2023_33
EURGBP,long,2023-08-16 15:20:00,2023-08-16 15:25:00,-726.7441860458567,-0.1453488372091713,4,"NY
21-03JST","EURGBP_NY
21-03JST",2023_33
EURGBP,long,2023-08-16 15:25:00,2023-08-16 15:30:00,-4999.9999999990505,-0.9999999999998102,3,"NY
21-03JST","EURGBP_NY
21-03JST",2023_33
NZDUSD,short,2023-08-16 19:20:00,2023-08-16 19:25:00,-4999.999999999775,-0.999999999999955,1,"深夜
03-09JST","NZDUSD_深夜
03-09JST",2023_33
EURGBP,long,2023-08-17 10:35:00,2023-08-17 10:40:00,-1181.81818182101,-0.236363636364202,2,"欧州
15-21JST","EURGBP_欧州
15-21JST",2023_33
EURGBP,long,2023-08-17 10:50:00,2023-08-17 10:55:00,1299.9999999995214,0.2599999999999042,3,"欧州
15-21JST","EURGBP_欧州
15-21JST",2023_33
EURGBP,long,2023-08-17 10:55:00,2023-08-17 11:00:00,-1825.0539956796924,-0.3650107991359385,2,"欧州
15-21JST","EURGBP_欧州
15-21JST",2023_33
EURGBP,long,2023-08-17 11:30:00,2023-08-17 11:35:00,-1875.0000000002651,-0.375000000000053,2,"欧州
15-21JST","EURGBP_欧州
15-21JST",2023_33
EURGBP,long,2023-08-17 11:45:00,2023-08-17 11:50:00,3252.8409090896503,0.6505681818179301,2,"欧州
15-21JST","EURGBP_欧州
15-21JST",2023_33
AUDNZD,long,2023-08-17 19:00:00,2023-08-17 19:05:00,5573.770491803109,1.1147540983606217,9,"深夜
03-09JST","AUDNZD_深夜
03-09JST",2023_33
AUDNZD,long,2023-08-17 19:10:00,2023-08-17 19:15:00,4500.00000000312,0.900000000000624,7,"深夜
03-09JST","AUDNZD_深夜
03-09JST",2023_33
EURGBP,long,2023-08-18 16:55:00,2023-08-18 17:00:00,-3202.054794519572,-0.6404109589039144,7,"NY
21-03JST","EURGBP_NY
21-03JST",2023_33
EURGBP,long,2023-08-18 17:05:00,2023-08-18 17:10:00,-2378.277153557679,-0.4756554307115357,4,"NY
21-03JST","EURGBP_NY
21-03JST",2023_33
NZDUSD,short,2023-08-18 19:00:00,2023-08-18 19:05:00,-4347.536617845691,-0.8695073235691382,4,"深夜
03-09JST","NZDUSD_深夜
03-09JST",2023_33
NZDUSD,short,2023-08-18 19:10:00,2023-08-18 19:15:00,-4999.999999999715,-0.999999999999943,2,"深夜
03-09JST","NZDUSD_深夜
03-09JST",2023_33
EURGBP,long,2023-08-21 11:30:00,2023-08-21 11:35:00,188.95348837204,0.037790697674408,6,"欧州
15-21JST","EURGBP_欧州
15-21JST",2023_34
EURGBP,long,2023-08-21 11:40:00,2023-08-21 11:45:00,281.06508875891444,0.0562130177517828,4,"欧州
15-21JST","EURGBP_欧州
15-21JST",2023_34
EURAUD,long,2023-08-21 13:30:00,2023-08-21 13:35:00,7850.089766606122,1.5700179533212244,4,"NY
21-03JST","EURAUD_NY
21-03JST",2023_34
GBPUSD,short,2023-08-21 15:00:00,2023-08-21 15:05:00,-455.4973821984518,-0.0910994764396903,2,"NY
21-03JST","GBPUSD_NY
21-03JST",2023_34
EURAUD,long,2023-08-21 17:30:00,2023-08-21 17:35:00,985.748218527144,0.1971496437054287,5,"NY
21-03JST","EURAUD_NY
21-03JST",2023_34
EURAUD,long,2023-08-21 17:35:00,2023-08-21 17:40:00,1046.6582597728132,0.2093316519545626,4,"NY
21-03JST","EURAUD_NY
21-03JST",2023_34
EURAUD,long,2023-08-21 18:40:00,2023-08-21 18:45:00,-4999.999999999021,-0.9999999999998044,1,"深夜
03-09JST","EURAUD_深夜
03-09JST",2023_34
EURAUD,long,2023-08-21 19:10:00,2023-08-21 19:15:00,-1332.3353293403582,-0.2664670658680716,2,"深夜
03-09JST","EURAUD_深夜
03-09JST",2023_34
AUDNZD,long,2023-08-22 01:00:00,2023-08-22 01:05:00,2856.242118536995,0.571248423707399,2,"東京
09-15JST","AUDNZD_東京
09-15JST",2023_34
AUDNZD,long,2023-08-22 01:05:00,2023-08-22 01:10:00,-1293.1034482804496,-0.2586206896560899,2,"東京
09-15JST","AUDNZD_東京
09-15JST",2023_34
AUDNZD,long,2023-08-22 01:15:00,2023-08-22 01:20:00,-4999.999999999503,-0.9999999999999004,1,"東京
09-15JST","AUDNZD_東京
09-15JST",2023_34
AUDNZD,long,2023-08-22 01:20:00,2023-08-22 01:25:00,9696.13259668431,1.939226519336862,2,"東京
09-15JST","AUDNZD_東京
09-15JST",2023_34
AUDNZD,long,2023-08-22 01:25:00,2023-08-22 01:30:00,6461.13989637577,1.292227979275154,2,"東京
09-15JST","AUDNZD_東京
09-15JST",2023_34
EURAUD,long,2023-08-23 13:45:00,2023-08-23 13:50:00,-4999.999999999696,-0.9999999999999392,1,"NY
21-03JST","EURAUD_NY
21-03JST",2023_34
EURAUD,long,2023-08-23 14:05:00,2023-08-23 14:10:00,-2605.3152389021707,-0.5210630477804341,6,"NY
21-03JST","EURAUD_NY
21-03JST",2023_34
EURAUD,long,2023-08-23 14:10:00,2023-08-23 14:15:00,1197.7186311780365,0.2395437262356073,5,"NY
21-03JST","EURAUD_NY
21-03JST",2023_34
EURAUD,long,2023-08-23 14:30:00,2023-08-23 14:35:00,-2571.038251366551,-0.5142076502733102,4,"NY
21-03JST","EURAUD_NY
21-03JST",2023_34
EURAUD,long,2023-08-23 14:55:00,2023-08-23 15:00:00,1061.395887632953,0.2122791775265906,21,"NY
21-03JST","EURAUD_NY
21-03JST",2023_34
EURAUD,long,2023-08-23 15:00:00,2023-08-23 15:05:00,1287.1733253219115,0.2574346650643823,20,"NY
21-03JST","EURAUD_NY
21-03JST",2023_34
EURAUD,long,2023-08-23 15:05:00,2023-08-23 15:10:00,3344.5265278705315,0.6689053055741063,18,"NY
21-03JST","EURAUD_NY
21-03JST",2023_34
EURAUD,long,2023-08-23 15:15:00,2023-08-23 15:20:00,5615.498702260784,1.1230997404521568,16,"NY
21-03JST","EURAUD_NY
21-03JST",2023_34
EURAUD,long,2023-08-23 15:20:00,2023-08-23 15:25:00,6381.657989588035,1.276331597917607,14,"NY
21-03JST","EURAUD_NY
21-03JST",2023_34
GBPUSD,short,2023-08-24 12:35:00,2023-08-24 12:40:00,7758.064516126412,1.5516129032252823,3,"NY
21-03JST","GBPUSD_NY
21-03JST",2023_34
GBPUSD,short,2023-08-24 12:40:00,2023-08-24 12:45:00,2961.0655737676902,0.592213114753538,2,"NY
21-03JST","GBPUSD_NY
21-03JST",2023_34
AUDNZD,long,2023-08-24 23:00:00,2023-08-24 23:05:00,-140.07308161169476,-0.0280146163223389,3,"深夜
03-09JST","AUDNZD_深夜
03-09JST",2023_34
AUDNZD,long,2023-08-24 23:20:00,2023-08-24 23:25:00,-5000.0,-1.0,1,"深夜
03-09JST","AUDNZD_深夜
03-09JST",2023_34
AUDNZD,long,2023-08-24 23:25:00,2023-08-24 23:30:00,9034.021871202658,1.8068043742405315,13,"深夜
03-09JST","AUDNZD_深夜
03-09JST",2023_34
AUDNZD,long,2023-08-24 23:30:00,2023-08-24 23:35:00,10322.966507173884,2.0645933014347766,12,"深夜
03-09JST","AUDNZD_深夜
03-09JST",2023_34
AUDNZD,long,2023-08-24 23:35:00,2023-08-24 23:40:00,10427.901524031771,2.0855803048063546,11,"深夜
03-09JST","AUDNZD_深夜
03-09JST",2023_34
EURGBP,long,2023-08-25 07:05:00,2023-08-25 07:10:00,1562.5000000012017,0.3125000000002403,2,"欧州
15-21JST","EURGBP_欧州
15-21JST",2023_34
EURGBP,long,2023-08-25 07:35:00,2023-08-25 07:40:00,-4999.999999999863,-0.9999999999999726,1,"欧州
15-21JST","EURGBP_欧州
15-21JST",2023_34
EURGBP,long,2023-08-25 07:40:00,2023-08-25 07:45:00,-5000.0,-1.0,1,"欧州
15-21JST","EURGBP_欧州
15-21JST",2023_34
EURGBP,long,2023-08-25 07:45:00,2023-08-25 07:50:00,-3669.833729217404,-0.7339667458434808,2,"欧州
15-21JST","EURGBP_欧州
15-21JST",2023_34
EURGBP,long,2023-08-25 08:00:00,2023-08-25 08:05:00,3538.3064516120144,0.7076612903224029,3,"欧州
15-21JST","EURGBP_欧州
15-21JST",2023_34
EURGBP,long,2023-08-25 08:05:00,2023-08-25 08:10:00,2014.17004048444,0.4028340080968879,2,"欧州
15-21JST","EURGBP_欧州
15-21JST",2023_34
EURGBP,long,2023-08-25 08:20:00,2023-08-25 08:25:00,8651.452282159356,1.7302904564318713,6,"欧州
15-21JST","EURGBP_欧州
15-21JST",2023_34
EURGBP,long,2023-08-25 08:35:00,2023-08-25 08:40:00,4200.438116101557,0.8400876232203114,3,"欧州
15-21JST","EURGBP_欧州
15-21JST",2023_34
EURGBP,long,2023-08-25 11:45:00,2023-08-25 11:50:00,-4999.999999999164,-0.9999999999998328,2,"欧州
15-21JST","EURGBP_欧州
15-21JST",2023_34
EURGBP,long,2023-08-25 11:50:00,2023-08-25 11:55:00,1937.869822483686,0.3875739644967372,5,"欧州
15-21JST","EURGBP_欧州
15-21JST",2023_34
EURGBP,long,2023-08-25 11:55:00,2023-08-25 12:00:00,2812.971342381624,0.5625942684763248,4,"欧州
15-21JST","EURGBP_欧州
15-21JST",2023_34
GBPUSD,short,2023-08-25 15:15:00,2023-08-25 15:20:00,-5000.000000000306,-1.000000000000061,1,"NY
21-03JST","GBPUSD_NY
21-03JST",2023_34
GBPUSD,short,2023-08-25 15:20:00,2023-08-25 15:25:00,-4999.999999999833,-0.9999999999999666,1,"NY
21-03JST","GBPUSD_NY
21-03JST",2023_34
GBPUSD,short,2023-08-25 15:50:00,2023-08-25 15:55:00,-3986.975397974122,-0.7973950795948245,2,"NY
21-03JST","GBPUSD_NY
21-03JST",2023_34
GBPUSD,short,2023-08-25 15:55:00,2023-08-25 16:00:00,-5000.000000000501,-1.0000000000001,1,"NY
21-03JST","GBPUSD_NY
21-03JST",2023_34
EURAUD,long,2023-08-27 23:55:00,2023-08-28 00:00:00,2423.191278492277,0.4846382556984555,2,"深夜
03-09JST","EURAUD_深夜
03-09JST",2023_34
EURAUD,long,2023-08-28 12:00:00,2023-08-28 12:05:00,-1982.7586206878195,-0.3965517241375639,3,"NY
21-03JST","EURAUD_NY
21-03JST",2023_35
EURAUD,long,2023-08-28 12:20:00,2023-08-28 12:25:00,-4999.999999999453,-0.9999999999998906,1,"NY
21-03JST","EURAUD_NY
21-03JST",2023_35
EURAUD,long,2023-08-28 12:30:00,2023-08-28 12:35:00,7659.131469360484,1.5318262938720968,10,"NY
21-03JST","EURAUD_NY
21-03JST",2023_35
EURAUD,long,2023-08-28 12:35:00,2023-08-28 12:40:00,4817.850637522524,0.9635701275045048,6,"NY
21-03JST","EURAUD_NY
21-03JST",2023_35
EURAUD,long,2023-08-28 12:40:00,2023-08-28 12:45:00,7844.827586206269,1.5689655172412538,5,"NY
21-03JST","EURAUD_NY
21-03JST",2023_35
EURAUD,long,2023-08-28 12:45:00,2023-08-28 12:50:00,4250.737463124052,0.8501474926248104,7,"NY
21-03JST","EURAUD_NY
21-03JST",2023_35
EURAUD,long,2023-08-28 13:35:00,2023-08-28 13:40:00,-573.857598299852,-0.1147715196599704,5,"NY
21-03JST","EURAUD_NY
21-03JST",2023_35
EURAUD,long,2023-08-29 14:20:00,2023-08-29 14:25:00,943.607818006907,0.1887215636013814,4,"NY
21-03JST","EURAUD_NY
21-03JST",2023_35
EURJPY,long,2023-08-29 14:20:00,2023-08-29 14:25:00,-4999.999999999713,-0.9999999999999424,1,"NY
21-03JST","EURJPY_NY
21-03JST",2023_35
EURAUD,long,2023-08-29 14:30:00,2023-08-29 14:35:00,75.733161457367,0.0151466322914734,2,"NY
21-03JST","EURAUD_NY
21-03JST",2023_35
EURJPY,long,2023-08-29 14:45:00,2023-08-29 14:50:00,-5000.000000000171,-1.0000000000000342,1,"NY
21-03JST","EURJPY_NY
21-03JST",2023_35
EURAUD,long,2023-08-29 14:55:00,2023-08-29 15:00:00,-4613.259668508576,-0.922651933701715,3,"NY
21-03JST","EURAUD_NY
21-03JST",2023_35
EURJPY,long,2023-08-29 14:55:00,2023-08-29 15:00:00,1783.4656446744063,0.3566931289348812,3,"NY
21-03JST","EURJPY_NY
21-03JST",2023_35
EURAUD,long,2023-08-29 15:05:00,2023-08-29 15:10:00,-4999.999999999752,-0.9999999999999504,2,"NY
21-03JST","EURAUD_NY
21-03JST",2023_35
EURJPY,long,2023-08-29 15:15:00,2023-08-29 15:20:00,10030.72625698442,2.0061452513968843,48,"NY
21-03JST","EURJPY_NY
21-03JST",2023_35
EURAUD,long,2023-08-29 15:15:00,2023-08-29 15:20:00,-4999.999999999659,-0.9999999999999318,2,"NY
21-03JST","EURAUD_NY
21-03JST",2023_35
EURAUD,long,2023-08-29 15:20:00,2023-08-29 15:25:00,-4999.99999999957,-0.999999999999914,2,"NY
21-03JST","EURAUD_NY
21-03JST",2023_35
EURJPY,long,2023-08-29 15:20:00,2023-08-29 15:25:00,12023.809523808804,2.4047619047617603,48,"NY
21-03JST","EURJPY_NY
21-03JST",2023_35
EURAUD,long,2023-08-29 15:25:00,2023-08-29 15:30:00,-5000.000000000073,-1.0000000000000149,1,"NY
21-03JST","EURAUD_NY
21-03JST",2023_35
EURJPY,long,2023-08-29 15:25:00,2023-08-29 15:30:00,10428.985507247133,2.085797101449426,48,"NY
21-03JST","EURJPY_NY
21-03JST",2023_35
EURAUD,long,2023-08-29 15:30:00,2023-08-29 15:35:00,12161.290322582154,2.432258064516431,24,"NY
21-03JST","EURAUD_NY
21-03JST",2023_35
EURJPY,long,2023-08-29 15:30:00,2023-08-29 15:35:00,13892.307692309254,2.7784615384618507,48,"NY
21-03JST","EURJPY_NY
21-03JST",2023_35
EURAUD,long,2023-08-29 15:35:00,2023-08-29 15:40:00,9058.373870744916,1.8116747741489831,23,"NY
21-03JST","EURAUD_NY
21-03JST",2023_35
EURJPY,long,2023-08-29 15:35:00,2023-08-29 15:40:00,12302.510716473584,2.460502143294717,48,"NY
21-03JST","EURJPY_NY
21-03JST",2023_35
EURJPY,long,2023-08-29 15:55:00,2023-08-29 16:00:00,13176.741130091825,2.635348226018365,48,"NY
21-03JST","EURJPY_NY
21-03JST",2023_35
EURAUD,long,2023-08-30 12:40:00,2023-08-30 12:45:00,-5000.000000000237,-1.0000000000000475,1,"NY
21-03JST","EURAUD_NY
21-03JST",2023_35
EURAUD,long,2023-08-30 12:45:00,2023-08-30 12:50:00,-5000.000000000074,-1.0000000000000149,1,"NY
21-03JST","EURAUD_NY
21-03JST",2023_35
EURAUD,long,2023-08-30 12:50:00,2023-08-30 12:55:00,6004.464285713919,1.2008928571427837,2,"NY
21-03JST","EURAUD_NY
21-03JST",2023_35
EURAUD,long,2023-08-30 12:55:00,2023-08-30 13:00:00,2872.6569473376844,0.5745313894675369,6,"NY
21-03JST","EURAUD_NY
21-03JST",2023_35
EURAUD,long,2023-08-30 13:05:00,2023-08-30 13:10:00,252.3874488411247,0.0504774897682249,4,"NY
21-03JST","EURAUD_NY
21-03JST",2023_35
EURAUD,long,2023-08-30 13:20:00,2023-08-30 13:25:00,3182.5460368289305,0.6365092073657861,4,"NY
21-03JST","EURAUD_NY
21-03JST",2023_35
EURAUD,long,2023-08-30 13:25:00,2023-08-30 13:30:00,-1765.738989462318,-0.3531477978924636,3,"NY
21-03JST","EURAUD_NY
21-03JST",2023_35
EURJPY,long,2023-08-30 13:30:00,2023-08-30 13:35:00,14181.102362205407,2.8362204724410818,8,"NY
21-03JST","EURJPY_NY
21-03JST",2023_35
EURAUD,long,2023-08-30 13:45:00,2023-08-30 13:50:00,1895.6953642390515,0.3791390728478103,4,"NY
21-03JST","EURAUD_NY
21-03JST",2023_35
EURAUD,long,2023-08-30 13:50:00,2023-08-30 13:55:00,566.361556063855,0.113272311212771,3,"NY
21-03JST","EURAUD_NY
21-03JST",2023_35
EURAUD,long,2023-08-30 13:55:00,2023-08-30 14:00:00,-3533.2230493519087,-0.7066446098703817,2,"NY
21-03JST","EURAUD_NY
21-03JST",2023_35
EURAUD,long,2023-08-30 14:10:00,2023-08-30 14:15:00,18868.37403216149,3.773674806432297,7,"NY
21-03JST","EURAUD_NY
21-03JST",2023_35
GBPUSD,short,2023-08-30 15:50:00,2023-08-30 15:55:00,1573.9130434778283,0.3147826086955657,6,"NY
21-03JST","GBPUSD_NY
21-03JST",2023_35
GBPUSD,short,2023-08-30 15:55:00,2023-08-30 16:00:00,4871.794871792278,0.9743589743584556,5,"NY
21-03JST","GBPUSD_NY
21-03JST",2023_35
EURAUD,long,2023-08-31 12:15:00,2023-08-31 12:20:00,-2270.4837117472807,-0.4540967423494561,2,"NY
21-03JST","EURAUD_NY
21-03JST",2023_35
EURAUD,long,2023-08-31 12:20:00,2023-08-31 12:25:00,-4999.999999999584,-0.9999999999999168,1,"NY
21-03JST","EURAUD_NY
21-03JST",2023_35
EURAUD,long,2023-08-31 12:30:00,2023-08-31 12:35:00,-1045.34973097546,-0.209069946195092,2,"NY
21-03JST","EURAUD_NY
21-03JST",2023_35
EURAUD,long,2023-08-31 12:40:00,2023-08-31 12:45:00,-5000.000000000316,-1.000000000000063,1,"NY
21-03JST","EURAUD_NY
21-03JST",2023_35
EURAUD,long,2023-08-31 12:50:00,2023-08-31 12:55:00,3623.3591383367752,0.724671827667355,2,"NY
21-03JST","EURAUD_NY
21-03JST",2023_35
EURAUD,long,2023-08-31 12:55:00,2023-08-31 13:00:00,4001.6528925615394,0.8003305785123078,2,"NY
21-03JST","EURAUD_NY
21-03JST",2023_35
EURAUD,long,2023-08-31 13:00:00,2023-08-31 13:05:00,-3864.9764150943006,-0.7729952830188601,2,"NY
21-03JST","EURAUD_NY
21-03JST",2023_35
EURAUD,long,2023-08-31 13:10:00,2023-08-31 13:15:00,8031.496062991057,1.6062992125982114,5,"NY
21-03JST","EURAUD_NY
21-03JST",2023_35
EURAUD,long,2023-08-31 13:15:00,2023-08-31 13:20:00,6879.741500420047,1.3759483000840094,4,"NY
21-03JST","EURAUD_NY
21-03JST",2023_35
GBPUSD,short,2023-08-31 14:30:00,2023-08-31 14:35:00,-1783.3156592428545,-0.3566631318485709,2,"NY
21-03JST","GBPUSD_NY
21-03JST",2023_35
EURJPY,long,2023-08-31 16:00:00,2023-08-31 16:05:00,-5000.0,-1.0,3,"NY
21-03JST","EURJPY_NY
21-03JST",2023_35
EURJPY,long,2023-08-31 16:05:00,2023-08-31 16:10:00,-5000.000000000449,-1.00000000000009,2,"NY
21-03JST","EURJPY_NY
21-03JST",2023_35
EURJPY,long,2023-08-31 16:15:00,2023-08-31 16:20:00,-5000.0,-1.0,2,"NY
21-03JST","EURJPY_NY
21-03JST",2023_35
EURJPY,long,2023-08-31 16:20:00,2023-08-31 16:25:00,-5000.000000000292,-1.0000000000000584,1,"NY
21-03JST","EURJPY_NY
21-03JST",2023_35
EURJPY,long,2023-08-31 16:30:00,2023-08-31 16:35:00,-3340.8577878113824,-0.6681715575622765,2,"NY
21-03JST","EURJPY_NY
21-03JST",2023_35
EURJPY,long,2023-08-31 16:35:00,2023-08-31 16:40:00,-4999.999999999309,-0.9999999999998618,1,"NY
21-03JST","EURJPY_NY
21-03JST",2023_35
EURJPY,long,2023-08-31 16:40:00,2023-08-31 16:45:00,4124.767225328373,0.8249534450656746,3,"NY
21-03JST","EURJPY_NY
21-03JST",2023_35
EURJPY,long,2023-08-31 16:45:00,2023-08-31 16:50:00,4714.828897341519,0.9429657794683038,2,"NY
21-03JST","EURJPY_NY
21-03JST",2023_35
AUDNZD,long,2023-08-31 23:50:00,2023-08-31 23:55:00,10262.557077623713,2.0525114155247426,2,"深夜
03-09JST","AUDNZD_深夜
03-09JST",2023_35
EURAUD,long,2023-09-01 12:00:00,2023-09-01 12:05:00,4098.743267505148,0.8197486535010295,3,"NY
21-03JST","EURAUD_NY
21-03JST",2023_35
EURAUD,long,2023-09-01 12:20:00,2023-09-01 12:25:00,-4999.999999999617,-0.9999999999999234,1,"NY
21-03JST","EURAUD_NY
21-03JST",2023_35
EURJPY,long,2023-09-01 12:20:00,2023-09-01 12:25:00,-5000.000000000352,-1.0000000000000704,1,"NY
21-03JST","EURJPY_NY
21-03JST",2023_35
EURJPY,long,2023-09-01 12:25:00,2023-09-01 12:30:00,-4999.9999999996535,-0.9999999999999308,1,"NY
21-03JST","EURJPY_NY
21-03JST",2023_35
EURAUD,long,2023-09-01 12:30:00,2023-09-01 12:35:00,523.9327296245295,0.1047865459249059,2,"NY
21-03JST","EURAUD_NY
21-03JST",2023_35
EURJPY,long,2023-09-01 12:30:00,2023-09-01 12:35:00,-5000.000000000492,-1.0000000000000984,1,"NY
21-03JST","EURJPY_NY
21-03JST",2023_35
EURJPY,long,2023-09-01 12:35:00,2023-09-01 12:40:00,15321.913762551629,3.0643827525103258,11,"NY
21-03JST","EURJPY_NY
21-03JST",2023_35
EURJPY,long,2023-09-01 12:40:00,2023-09-01 12:45:00,17129.41847206318,3.425883694412636,10,"NY
21-03JST","EURJPY_NY
21-03JST",2023_35
EURJPY,long,2023-09-01 12:45:00,2023-09-01 12:50:00,13957.942673452975,2.7915885346905958,9,"NY
21-03JST","EURJPY_NY
21-03JST",2023_35
EURAUD,long,2023-09-01 12:45:00,2023-09-01 12:50:00,10793.072014585054,2.158614402917011,7,"NY
21-03JST","EURAUD_NY
21-03JST",2023_35
EURAUD,long,2023-09-01 12:50:00,2023-09-01 12:55:00,8114.540317322789,1.6229080634645578,6,"NY
21-03JST","EURAUD_NY
21-03JST",2023_35
EURAUD,long,2023-09-01 13:00:00,2023-09-01 13:05:00,5643.188528047736,1.1286377056095471,4,"NY
21-03JST","EURAUD_NY
21-03JST",2023_35
EURAUD,long,2023-09-01 13:30:00,2023-09-01 13:35:00,7765.321375186876,1.553064275037375,4,"NY
21-03JST","EURAUD_NY
21-03JST",2023_35
GBPUSD,short,2023-09-01 14:55:00,2023-09-01 15:00:00,10317.010309277564,2.0634020618555127,24,"NY
21-03JST","GBPUSD_NY
21-03JST",2023_35
GBPUSD,short,2023-09-01 15:05:00,2023-09-01 15:10:00,8442.096817330577,1.6884193634661155,22,"NY
21-03JST","GBPUSD_NY
21-03JST",2023_35
GBPUSD,short,2023-09-01 15:10:00,2023-09-01 15:15:00,6513.298685416413,1.3026597370832826,21,"NY
21-03JST","GBPUSD_NY
21-03JST",2023_35
AUDNZD,long,2023-09-05 01:50:00,2023-09-05 01:55:00,-796.1783439500781,-0.1592356687900156,3,"東京
09-15JST","AUDNZD_東京
09-15JST",2023_36
AUDNZD,long,2023-09-05 02:10:00,2023-09-05 02:15:00,-3872.987477640985,-0.774597495528197,2,"東京
09-15JST","AUDNZD_東京
09-15JST",2023_36
AUDNZD,long,2023-09-05 02:20:00,2023-09-05 02:25:00,-1726.6187050357676,-0.3453237410071535,3,"東京
09-15JST","AUDNZD_東京
09-15JST",2023_36
AUDNZD,long,2023-09-05 02:25:00,2023-09-05 02:30:00,-1647.8873239447196,-0.3295774647889439,4,"東京
09-15JST","AUDNZD_東京
09-15JST",2023_36
AUDNZD,long,2023-09-05 02:40:00,2023-09-05 02:45:00,-3779.816513762785,-0.7559633027525571,2,"東京
09-15JST","AUDNZD_東京
09-15JST",2023_36
AUDNZD,long,2023-09-05 03:25:00,2023-09-05 03:30:00,-271.23848515753144,-0.0542476970315062,5,"東京
09-15JST","AUDNZD_東京
09-15JST",2023_36
AUDNZD,long,2023-09-05 05:30:00,2023-09-05 05:35:00,2337.85822021128,0.4675716440422559,3,"東京
09-15JST","AUDNZD_東京
09-15JST",2023_36
AUDNZD,long,2023-09-05 05:50:00,2023-09-05 05:55:00,-1330.6451612917856,-0.2661290322583571,2,"東京
09-15JST","AUDNZD_東京
09-15JST",2023_36
AUDNZD,long,2023-09-05 05:55:00,2023-09-05 06:00:00,648.7341772130825,0.1297468354426165,2,"東京
09-15JST","AUDNZD_東京
09-15JST",2023_36
EURGBP,long,2023-09-05 12:40:00,2023-09-05 12:45:00,5025.1256281394735,1.0050251256278948,2,"NY
21-03JST","EURGBP_NY
21-03JST",2023_36
EURGBP,long,2023-09-05 12:55:00,2023-09-05 13:00:00,-1207.674943567724,-0.2415349887135448,2,"NY
21-03JST","EURGBP_NY
21-03JST",2023_36
EURGBP,long,2023-09-05 13:00:00,2023-09-05 13:05:00,-4999.999999999635,-0.9999999999999272,1,"NY
21-03JST","EURGBP_NY
21-03JST",2023_36
EURAUD,long,2023-09-05 13:00:00,2023-09-05 13:05:00,1521.4761040524756,0.3042952208104951,4,"NY
21-03JST","EURAUD_NY
21-03JST",2023_36
EURGBP,long,2023-09-05 13:10:00,2023-09-05 13:15:00,-706.8607068618945,-0.1413721413723789,2,"NY
21-03JST","EURGBP_NY
21-03JST",2023_36
EURGBP,long,2023-09-05 13:15:00,2023-09-05 13:20:00,-4148.936170213249,-0.8297872340426499,5,"NY
21-03JST","EURGBP_NY
21-03JST",2023_36
EURAUD,long,2023-09-05 13:20:00,2023-09-05 13:25:00,-1311.7870722442756,-0.2623574144488551,7,"NY
21-03JST","EURAUD_NY
21-03JST",2023_36
EURAUD,long,2023-09-05 13:25:00,2023-09-05 13:30:00,-778.7993510008156,-0.1557598702001631,6,"NY
21-03JST","EURAUD_NY
21-03JST",2023_36
EURGBP,long,2023-09-05 13:25:00,2023-09-05 13:30:00,-4854.469854469356,-0.9708939708938712,3,"NY
21-03JST","EURGBP_NY
21-03JST",2023_36
EURGBP,long,2023-09-05 13:35:00,2023-09-05 13:40:00,-3589.607635206351,-0.7179215270412702,3,"NY
21-03JST","EURGBP_NY
21-03JST",2023_36
EURGBP,long,2023-09-05 13:45:00,2023-09-05 13:50:00,-4999.999999999761,-0.999999999999952,1,"NY
21-03JST","EURGBP_NY
21-03JST",2023_36
EURGBP,long,2023-09-05 13:55:00,2023-09-05 14:00:00,-5000.0,-1.0,1,"NY
21-03JST","EURGBP_NY
21-03JST",2023_36
EURGBP,long,2023-09-05 14:05:00,2023-09-05 14:10:00,-5000.000000000923,-1.0000000000001843,1,"NY
21-03JST","EURGBP_NY
21-03JST",2023_36
EURGBP,long,2023-09-05 14:15:00,2023-09-05 14:20:00,-5000.000000000274,-1.0000000000000548,1,"NY
21-03JST","EURGBP_NY
21-03JST",2023_36
EURGBP,long,2023-09-05 14:20:00,2023-09-05 14:25:00,2847.1337579620813,0.5694267515924163,4,"NY
21-03JST","EURGBP_NY
21-03JST",2023_36
EURGBP,long,2023-09-05 14:25:00,2023-09-05 14:30:00,5097.799511002135,1.019559902200427,3,"NY
21-03JST","EURGBP_NY
21-03JST",2023_36
EURGBP,long,2023-09-05 15:55:00,2023-09-05 16:00:00,11322.86995515612,2.264573991031224,23,"NY
21-03JST","EURGBP_NY
21-03JST",2023_36
EURGBP,long,2023-09-05 16:00:00,2023-09-05 16:05:00,15152.761457108842,3.030552291421768,22,"NY
21-03JST","EURGBP_NY
21-03JST",2023_36
EURAUD,long,2023-09-05 16:00:00,2023-09-05 16:05:00,-4217.148182664858,-0.8434296365329715,8,"NY
21-03JST","EURAUD_NY
21-03JST",2023_36
EURGBP,long,2023-09-05 16:05:00,2023-09-05 16:10:00,11568.047337277594,2.3136094674555188,21,"NY
21-03JST","EURGBP_NY
21-03JST",2023_36
EURAUD,long,2023-09-05 16:10:00,2023-09-05 16:15:00,-2495.098039216035,-0.499019607843207,5,"NY
21-03JST","EURAUD_NY
21-03JST",2023_36
EURGBP,long,2023-09-05 16:15:00,2023-09-05 16:20:00,14163.498098858756,2.832699619771751,19,"NY
21-03JST","EURGBP_NY
21-03JST",2023_36
EURGBP,long,2023-09-05 16:40:00,2023-09-05 16:45:00,5534.458509140874,1.106891701828175,14,"NY
21-03JST","EURGBP_NY
21-03JST",2023_36
EURJPY,long,2023-09-06 13:20:00,2023-09-06 13:25:00,-5000.00000000107,-1.0000000000002138,1,"NY
21-03JST","EURJPY_NY
21-03JST",2023_36
EURJPY,long,2023-09-06 13:25:00,2023-09-06 13:30:00,-5000.00000000072,-1.000000000000144,1,"NY
21-03JST","EURJPY_NY
21-03JST",2023_36
EURJPY,long,2023-09-06 13:30:00,2023-09-06 13:35:00,2669.49152542575,0.53389830508515,2,"NY
21-03JST","EURJPY_NY
21-03JST",2023_36
EURAUD,long,2023-09-06 13:40:00,2023-09-06 13:45:00,18504.06504064814,3.700813008129628,4,"NY
21-03JST","EURAUD_NY
21-03JST",2023_36
EURJPY,long,2023-09-06 13:55:00,2023-09-06 14:00:00,5602.725366876651,1.1205450733753302,4,"NY
21-03JST","EURJPY_NY
21-03JST",2023_36
GBPUSD,short,2023-09-06 14:00:00,2023-09-06 14:05:00,-4999.999999999792,-0.9999999999999584,1,"NY
21-03JST","GBPUSD_NY
21-03JST",2023_36
AUDNZD,long,2023-09-07 04:30:00,2023-09-07 04:35:00,-2352.496217847449,-0.4704992435694897,2,"東京
09-15JST","AUDNZD_東京
09-15JST",2023_36
AUDNZD,long,2023-09-07 04:40:00,2023-09-07 04:45:00,-4432.739059968671,-0.8865478119937341,2,"東京
09-15JST","AUDNZD_東京
09-15JST",2023_36
AUDNZD,long,2023-09-07 04:45:00,2023-09-07 04:50:00,-1833.0733229305251,-0.3666146645861051,2,"東京
09-15JST","AUDNZD_東京
09-15JST",2023_36
EURJPY,long,2023-09-07 12:55:00,2023-09-07 13:00:00,-2545.4545454547647,-0.5090909090909529,2,"NY
21-03JST","EURJPY_NY
21-03JST",2023_36
EURJPY,long,2023-09-07 13:20:00,2023-09-07 13:25:00,8042.5880425877795,1.608517608517556,8,"NY
21-03JST","EURJPY_NY
21-03JST",2023_36
EURJPY,long,2023-09-07 13:25:00,2023-09-07 13:30:00,6971.428571427786,1.3942857142855571,7,"NY
21-03JST","EURJPY_NY
21-03JST",2023_36
EURGBP,long,2023-09-07 13:25:00,2023-09-07 13:30:00,5867.30268863843,1.173460537727686,12,"NY
21-03JST","EURGBP_NY
21-03JST",2023_36
EURGBP,long,2023-09-07 13:30:00,2023-09-07 13:35:00,6737.61946133779,1.347523892267558,11,"NY
21-03JST","EURGBP_NY
21-03JST",2023_36
AUDNZD,long,2023-09-08 00:40:00,2023-09-08 00:45:00,4665.271966529881,0.9330543933059762,3,"東京
09-15JST","AUDNZD_東京
09-15JST",2023_36
AUDNZD,long,2023-09-08 01:40:00,2023-09-08 01:45:00,-4999.999999999051,-0.9999999999998104,1,"東京
09-15JST","AUDNZD_東京
09-15JST",2023_36
AUDNZD,long,2023-09-08 01:50:00,2023-09-08 01:55:00,-1979.362101312767,-0.3958724202625533,2,"東京
09-15JST","AUDNZD_東京
09-15JST",2023_36
GBPUSD,short,2023-09-08 16:25:00,2023-09-08 16:30:00,4803.586678052992,0.9607173356105984,8,"NY
21-03JST","GBPUSD_NY
21-03JST",2023_36
GBPUSD,short,2023-09-08 16:30:00,2023-09-08 16:35:00,1460.6265876360044,0.2921253175272009,7,"NY
21-03JST","GBPUSD_NY
21-03JST",2023_36
GBPUSD,short,2023-09-08 16:35:00,2023-09-08 16:40:00,-419.9823165369414,-0.0839964633073882,6,"NY
21-03JST","GBPUSD_NY
21-03JST",2023_36
GBPUSD,short,2023-09-08 16:40:00,2023-09-08 16:45:00,448.7179487151385,0.0897435897430277,5,"NY
21-03JST","GBPUSD_NY
21-03JST",2023_36
GBPUSD,short,2023-09-08 16:50:00,2023-09-08 16:55:00,118.43460349842104,0.0236869206996842,3,"NY
21-03JST","GBPUSD_NY
21-03JST",2023_36
GBPUSD,short,2023-09-08 17:00:00,2023-09-08 17:05:00,283.0188679254286,0.0566037735850857,2,"NY
21-03JST","GBPUSD_NY
21-03JST",2023_36
EURAUD,long,2023-09-11 12:05:00,2023-09-11 12:10:00,274.2382271462651,0.054847645429253,5,"NY
21-03JST","EURAUD_NY
21-03JST",2023_37
EURAUD,long,2023-09-11 12:10:00,2023-09-11 12:15:00,1047.4308300384555,0.2094861660076911,4,"NY
21-03JST","EURAUD_NY
21-03JST",2023_37
EURJPY,long,2023-09-11 12:10:00,2023-09-11 12:15:00,-2467.5580023576704,-0.4935116004715341,3,"NY
21-03JST","EURJPY_NY
21-03JST",2023_37
EURJPY,long,2023-09-11 12:15:00,2023-09-11 12:20:00,-3876.7123287656814,-0.7753424657531363,2,"NY
21-03JST","EURJPY_NY
21-03JST",2023_37
EURAUD,long,2023-09-11 12:20:00,2023-09-11 12:25:00,-210.52631579136,-0.0421052631582719,2,"NY
21-03JST","EURAUD_NY
21-03JST",2023_37
EURJPY,long,2023-09-11 12:25:00,2023-09-11 12:30:00,-4999.999999999324,-0.9999999999998648,1,"NY
21-03JST","EURJPY_NY
21-03JST",2023_37
EURJPY,long,2023-09-11 12:30:00,2023-09-11 12:35:00,10986.816595579245,2.197363319115849,7,"NY
21-03JST","EURJPY_NY
21-03JST",2023_37
EURJPY,long,2023-09-11 12:35:00,2023-09-11 12:40:00,11959.175887065585,2.391835177413117,6,"NY
21-03JST","EURJPY_NY
21-03JST",2023_37
EURAUD,long,2023-09-11 12:35:00,2023-09-11 12:40:00,10086.206896552549,2.017241379310509,2,"NY
21-03JST","EURAUD_NY
21-03JST",2023_37
EURJPY,long,2023-09-11 13:30:00,2023-09-11 13:35:00,-3853.3134772901153,-0.770662695458023,4,"NY
21-03JST","EURJPY_NY
21-03JST",2023_37
GBPUSD,short,2023-09-11 15:30:00,2023-09-11 15:35:00,-3612.334801759821,-0.7224669603519642,5,"NY
21-03JST","GBPUSD_NY
21-03JST",2023_37
NZDUSD,long,2023-09-12 05:45:00,2023-09-12 05:50:00,-4999.9999999998,-0.99999999999996,1,"東京
09-15JST","NZDUSD_東京
09-15JST",2023_37
GBPJPY,short,2023-09-12 08:35:00,2023-09-12 08:40:00,1190.632165083277,0.2381264330166554,3,"欧州
15-21JST","GBPJPY_欧州
15-21JST",2023_37
GBPJPY,short,2023-09-12 08:50:00,2023-09-12 08:55:00,-960.6986899572076,-0.1921397379914415,4,"欧州
15-21JST","GBPJPY_欧州
15-21JST",2023_37
GBPJPY,short,2023-09-12 08:55:00,2023-09-12 09:00:00,-4800.695982284387,-0.9601391964568776,4,"欧州
15-21JST","GBPJPY_欧州
15-21JST",2023_37
GBPJPY,short,2023-09-12 09:30:00,2023-09-12 09:35:00,-2008.7859424889452,-0.4017571884977891,7,"欧州
15-21JST","GBPJPY_欧州
15-21JST",2023_37
GBPJPY,short,2023-09-12 09:35:00,2023-09-12 09:40:00,-1305.4778088745154,-0.261095561774903,6,"欧州
15-21JST","GBPJPY_欧州
15-21JST",2023_37
NZDUSD,long,2023-09-13 02:35:00,2023-09-13 02:40:00,-5000.000000000432,-1.0000000000000864,1,"東京
09-15JST","NZDUSD_東京
09-15JST",2023_37
NZDUSD,long,2023-09-13 02:40:00,2023-09-13 02:45:00,11360.15325670405,2.27203065134081,11,"東京
09-15JST","NZDUSD_東京
09-15JST",2023_37
NZDUSD,long,2023-09-13 02:45:00,2023-09-13 02:50:00,5616.113744076363,1.1232227488152726,10,"東京
09-15JST","NZDUSD_東京
09-15JST",2023_37
NZDUSD,long,2023-09-13 03:00:00,2023-09-13 03:05:00,5891.972249751788,1.1783944499503576,7,"東京
09-15JST","NZDUSD_東京
09-15JST",2023_37
NZDUSD,long,2023-09-13 03:10:00,2023-09-13 03:15:00,2565.582371458514,0.5131164742917028,5,"東京
09-15JST","NZDUSD_東京
09-15JST",2023_37
NZDUSD,long,2023-09-13 03:20:00,2023-09-13 03:25:00,5544.611819235927,1.1089223638471857,3,"東京
09-15JST","NZDUSD_東京
09-15JST",2023_37
EURAUD,long,2023-09-13 15:15:00,2023-09-13 15:20:00,-4999.999999999705,-0.999999999999941,1,"NY
21-03JST","EURAUD_NY
21-03JST",2023_37
EURAUD,long,2023-09-13 15:20:00,2023-09-13 15:25:00,1737.6490630313222,0.3475298126062644,4,"NY
21-03JST","EURAUD_NY
21-03JST",2023_37
EURAUD,long,2023-09-13 15:25:00,2023-09-13 15:30:00,108.42368640530782,0.0216847372810615,6,"NY
21-03JST","EURAUD_NY
21-03JST",2023_37
EURAUD,long,2023-09-13 15:45:00,2023-09-13 15:50:00,-3747.458316387923,-0.7494916632775845,2,"NY
21-03JST","EURAUD_NY
21-03JST",2023_37
EURAUD,long,2023-09-13 15:55:00,2023-09-13 21:00:00,1248.9006156540786,0.2497801231308157,7,"NY
21-03JST","EURAUD_NY
21-03JST",2023_37
AUDNZD,long,2023-09-13 23:10:00,2023-09-13 23:15:00,-3740.000000002211,-0.7480000000004422,6,"深夜
03-09JST","AUDNZD_深夜
03-09JST",2023_37
AUDNZD,long,2023-09-13 23:15:00,2023-09-13 23:20:00,-3769.230769231321,-0.7538461538462642,4,"深夜
03-09JST","AUDNZD_深夜
03-09JST",2023_37
AUDNZD,long,2023-09-13 23:20:00,2023-09-13 23:25:00,-3344.594594595002,-0.6689189189190005,3,"深夜
03-09JST","AUDNZD_深夜
03-09JST",2023_37
AUDNZD,long,2023-09-13 23:25:00,2023-09-13 23:30:00,-4680.729760548543,-0.9361459521097084,3,"深夜
03-09JST","AUDNZD_深夜
03-09JST",2023_37
AUDNZD,long,2023-09-13 23:35:00,2023-09-13 23:40:00,6327.433628318173,1.2654867256636346,3,"深夜
03-09JST","AUDNZD_深夜
03-09JST",2023_37
AUDNZD,long,2023-09-13 23:40:00,2023-09-13 23:45:00,12296.511627903728,2.4593023255807456,2,"深夜
03-09JST","AUDNZD_深夜
03-09JST",2023_37
EURAUD,long,2023-09-14 12:00:00,2023-09-14 12:05:00,-1569.8729582578876,-0.3139745916515775,2,"NY
21-03JST","EURAUD_NY
21-03JST",2023_37
EURAUD,long,2023-09-14 12:05:00,2023-09-14 12:10:00,-5000.000000000537,-1.0000000000001072,1,"NY
21-03JST","EURAUD_NY
21-03JST",2023_37
EURAUD,long,2023-09-14 12:10:00,2023-09-14 12:15:00,-5000.000000000407,-1.0000000000000813,1,"NY
21-03JST","EURAUD_NY
21-03JST",2023_37
EURAUD,long,2023-09-14 12:15:00,2023-09-14 12:20:00,-4999.999999999933,-0.9999999999999866,1,"NY
21-03JST","EURAUD_NY
21-03JST",2023_37
EURJPY,long,2023-09-14 12:50:00,2023-09-14 12:55:00,-5000.0,-1.0,1,"NY
21-03JST","EURJPY_NY
21-03JST",2023_37
EURJPY,long,2023-09-14 12:55:00,2023-09-14 13:00:00,-4448.424068767316,-0.8896848137534633,2,"NY
21-03JST","EURJPY_NY
21-03JST",2023_37
EURJPY,long,2023-09-14 13:00:00,2023-09-14 13:05:00,-4196.091875214418,-0.8392183750428835,4,"NY
21-03JST","EURJPY_NY
21-03JST",2023_37
EURJPY,long,2023-09-14 13:05:00,2023-09-14 13:10:00,-3753.0642261801418,-0.7506128452360283,4,"NY
21-03JST","EURJPY_NY
21-03JST",2023_37
EURJPY,long,2023-09-14 13:10:00,2023-09-14 13:15:00,-4999.9999999998645,-0.9999999999999728,3,"NY
21-03JST","EURJPY_NY
21-03JST",2023_37
EURJPY,long,2023-09-14 13:20:00,2023-09-14 13:25:00,-5000.000000000132,-1.0000000000000264,4,"NY
21-03JST","EURJPY_NY
21-03JST",2023_37
EURJPY,long,2023-09-14 13:25:00,2023-09-14 13:30:00,-3583.64622444664,-0.716729244889328,3,"NY
21-03JST","EURJPY_NY
21-03JST",2023_37
EURJPY,long,2023-09-14 13:30:00,2023-09-14 13:35:00,-3188.712915457296,-0.6377425830914591,2,"NY
21-03JST","EURJPY_NY
21-03JST",2023_37
EURJPY,long,2023-09-14 13:45:00,2023-09-14 14:00:00,-1250.000000000888,-0.2500000000001776,3,"NY
21-03JST","EURJPY_NY
21-03JST",2023_37
GBPUSD,short,2023-09-14 14:00:00,2023-09-14 14:05:00,-639.8227782127915,-0.1279645556425583,3,"NY
21-03JST","GBPUSD_NY
21-03JST",2023_37
GBPUSD,short,2023-09-14 14:05:00,2023-09-14 14:10:00,-1678.3499595582282,-0.3356699919116456,2,"NY
21-03JST","GBPUSD_NY
21-03JST",2023_37
EURJPY,long,2023-09-14 14:05:00,2023-09-14 14:10:00,-3519.924098672658,-0.7039848197345316,4,"NY
21-03JST","EURJPY_NY
21-03JST",2023_37
GBPUSD,short,2023-09-14 14:10:00,2023-09-14 14:15:00,-2999.428408116132,-0.5998856816232263,2,"NY
21-03JST","GBPUSD_NY
21-03JST",2023_37
EURJPY,long,2023-09-14 14:15:00,2023-09-14 14:20:00,-3197.337962961908,-0.6394675925923816,4,"NY
21-03JST","EURJPY_NY
21-03JST",2023_37
GBPUSD,short,2023-09-14 14:15:00,2023-09-14 14:20:00,-5000.000000000262,-1.0000000000000524,1,"NY
21-03JST","GBPUSD_NY
21-03JST",2023_37
EURJPY,long,2023-09-14 14:25:00,2023-09-14 14:30:00,-2523.3193953037235,-0.5046638790607447,2,"NY
21-03JST","EURJPY_NY
21-03JST",2023_37
EURJPY,long,2023-09-14 14:30:00,2023-09-14 14:35:00,-5000.0,-1.0,1,"NY
21-03JST","EURJPY_NY
21-03JST",2023_37
EURJPY,long,2023-09-14 14:40:00,2023-09-14 14:45:00,-3246.445497631556,-0.6492890995263111,3,"NY
21-03JST","EURJPY_NY
21-03JST",2023_37
EURJPY,long,2023-09-14 14:45:00,2023-09-14 14:50:00,-2526.501766785281,-0.5053003533570561,2,"NY
21-03JST","EURJPY_NY
21-03JST",2023_37
EURJPY,long,2023-09-14 14:50:00,2023-09-14 15:00:00,1205.055179777437,0.2410110359554874,6,"NY
21-03JST","EURJPY_NY
21-03JST",2023_37
EURJPY,long,2023-09-14 15:05:00,2023-09-14 15:10:00,2405.040823571201,0.4810081647142402,4,"NY
21-03JST","EURJPY_NY
21-03JST",2023_37
EURJPY,long,2023-09-14 15:10:00,2023-09-14 15:15:00,19.275250577363074,0.0038550501154726,3,"NY
21-03JST","EURJPY_NY
21-03JST",2023_37
EURJPY,long,2023-09-14 16:10:00,2023-09-14 16:15:00,-5000.000000000835,-1.000000000000167,1,"NY
21-03JST","EURJPY_NY
21-03JST",2023_37
EURAUD,long,2023-09-14 16:10:00,2023-09-14 16:15:00,-4999.999999999463,-0.9999999999998924,1,"NY
21-03JST","EURAUD_NY
21-03JST",2023_37
EURAUD,long,2023-09-14 16:15:00,2023-09-14 16:20:00,-4999.999999999892,-0.9999999999999784,1,"NY
21-03JST","EURAUD_NY
21-03JST",2023_37
EURJPY,long,2023-09-14 16:20:00,2023-09-14 16:25:00,6332.138590203362,1.2664277180406724,4,"NY
21-03JST","EURJPY_NY
21-03JST",2023_37
EURAUD,long,2023-09-14 16:30:00,2023-09-14 16:35:00,-1895.619253652227,-0.3791238507304454,2,"NY
21-03JST","EURAUD_NY
21-03JST",2023_37
EURAUD,long,2023-09-14 17:15:00,2023-09-14 17:20:00,11690.391459073922,2.3380782918147847,13,"NY
21-03JST","EURAUD_NY
21-03JST",2023_37
GBPUSD,short,2023-09-15 12:35:00,2023-09-15 12:40:00,-4999.999999999865,-0.9999999999999732,1,"NY
21-03JST","GBPUSD_NY
21-03JST",2023_37
GBPUSD,short,2023-09-15 12:55:00,2023-09-15 13:00:00,-4999.9999999991405,-0.999999999999828,1,"NY
21-03JST","GBPUSD_NY
21-03JST",2023_37
GBPUSD,short,2023-09-15 13:55:00,2023-09-15 14:00:00,-5000.000000000691,-1.0000000000001383,1,"NY
21-03JST","GBPUSD_NY
21-03JST",2023_37
AUDNZD,long,2023-09-18 01:50:00,2023-09-18 01:55:00,-3572.961373391352,-0.7145922746782704,2,"東京
09-15JST","AUDNZD_東京
09-15JST",2023_38
AUDNZD,long,2023-09-18 01:55:00,2023-09-18 02:00:00,-2573.1310942556875,-0.5146262188511375,6,"東京
09-15JST","AUDNZD_東京
09-15JST",2023_38
AUDNZD,long,2023-09-18 02:00:00,2023-09-18 02:05:00,-624.9999999993122,-0.1249999999998624,5,"東京
09-15JST","AUDNZD_東京
09-15JST",2023_38
AUDNZD,long,2023-09-18 02:05:00,2023-09-18 02:10:00,-2027.9329608943835,-0.4055865921788767,4,"東京
09-15JST","AUDNZD_東京
09-15JST",2023_38
EURGBP,long,2023-09-18 10:05:00,2023-09-18 10:10:00,744.0890125190997,0.1488178025038199,2,"欧州
15-21JST","EURGBP_欧州
15-21JST",2023_38
EURGBP,long,2023-09-18 10:10:00,2023-09-18 10:15:00,-4337.837837837447,-0.8675675675674894,3,"欧州
15-21JST","EURGBP_欧州
15-21JST",2023_38
EURGBP,long,2023-09-18 10:20:00,2023-09-18 10:25:00,-4999.9999999997,-0.99999999999994,1,"欧州
15-21JST","EURGBP_欧州
15-21JST",2023_38
EURGBP,long,2023-09-18 10:30:00,2023-09-18 10:35:00,6966.580976862566,1.3933161953725133,8,"欧州
15-21JST","EURGBP_欧州
15-21JST",2023_38
EURGBP,long,2023-09-18 10:35:00,2023-09-18 10:40:00,5845.070422533179,1.169014084506636,7,"欧州
15-21JST","EURGBP_欧州
15-21JST",2023_38
EURGBP,long,2023-09-18 10:45:00,2023-09-18 10:50:00,6716.738197422358,1.3433476394844717,5,"欧州
15-21JST","EURGBP_欧州
15-21JST",2023_38
AUDNZD,long,2023-09-18 22:30:00,2023-09-18 22:35:00,-3612.612612612279,-0.7225225225224559,8,"深夜
03-09JST","AUDNZD_深夜
03-09JST",2023_38
AUDNZD,long,2023-09-19 20:10:00,2023-09-19 20:15:00,-642.5702811295155,-0.1285140562259031,2,"深夜
03-09JST","AUDNZD_深夜
03-09JST",2023_38
AUDNZD,long,2023-09-19 20:15:00,2023-09-19 20:20:00,-1011.787819255172,-0.2023575638510344,2,"深夜
03-09JST","AUDNZD_深夜
03-09JST",2023_38
AUDNZD,long,2023-09-19 20:30:00,2023-09-19 20:35:00,3155.339805814765,0.631067961162953,2,"深夜
03-09JST","AUDNZD_深夜
03-09JST",2023_38
AUDNZD,long,2023-09-19 20:45:00,2023-09-19 20:50:00,-4999.999999999154,-0.9999999999998308,1,"深夜
03-09JST","AUDNZD_深夜
03-09JST",2023_38
AUDNZD,long,2023-09-19 20:55:00,2023-09-19 21:05:00,-4999.999999998134,-0.9999999999996269,1,"深夜
03-09JST","AUDNZD_深夜
03-09JST",2023_38
AUDNZD,long,2023-09-19 21:30:00,2023-09-19 21:35:00,-616.3021868787541,-0.1232604373757508,4,"深夜
03-09JST","AUDNZD_深夜
03-09JST",2023_38
AUDNZD,long,2023-09-19 21:35:00,2023-09-19 21:40:00,704.2253521141107,0.1408450704228221,3,"深夜
03-09JST","AUDNZD_深夜
03-09JST",2023_38
AUDNZD,long,2023-09-19 23:10:00,2023-09-19 23:15:00,-1549.935149157434,-0.3099870298314868,6,"深夜
03-09JST","AUDNZD_深夜
03-09JST",2023_38
AUDNZD,long,2023-09-19 23:15:00,2023-09-19 23:20:00,-1443.8502673800317,-0.2887700534760063,5,"深夜
03-09JST","AUDNZD_深夜
03-09JST",2023_38
AUDNZD,long,2023-09-20 00:15:00,2023-09-20 00:20:00,-5000.000000001243,-1.0000000000002487,1,"東京
09-15JST","AUDNZD_東京
09-15JST",2023_38
AUDNZD,long,2023-09-20 00:20:00,2023-09-20 00:25:00,18280.363223610704,3.656072644722141,6,"東京
09-15JST","AUDNZD_東京
09-15JST",2023_38
AUDNZD,long,2023-09-20 00:25:00,2023-09-20 00:30:00,21592.178770948827,4.318435754189766,5,"東京
09-15JST","AUDNZD_東京
09-15JST",2023_38
GBPJPY,short,2023-09-20 06:00:00,2023-09-20 06:05:00,-5000.000000000111,-1.0000000000000222,1,"欧州
15-21JST","GBPJPY_欧州
15-21JST",2023_38
GBPJPY,short,2023-09-20 07:05:00,2023-09-20 07:10:00,-540.039275583818,-0.1080078551167636,3,"欧州
15-21JST","GBPJPY_欧州
15-21JST",2023_38
EURGBP,long,2023-09-20 09:15:00,2023-09-20 09:20:00,-2534.685165419596,-0.5069370330839191,2,"欧州
15-21JST","EURGBP_欧州
15-21JST",2023_38
EURGBP,long,2023-09-20 09:20:00,2023-09-20 09:25:00,-4999.999999999879,-0.9999999999999758,1,"欧州
15-21JST","EURGBP_欧州
15-21JST",2023_38
EURGBP,long,2023-09-20 09:30:00,2023-09-20 09:35:00,20643.564356437702,4.128712871287541,13,"欧州
15-21JST","EURGBP_欧州
15-21JST",2023_38
EURGBP,long,2023-09-20 09:35:00,2023-09-20 09:40:00,18230.088495578264,3.646017699115653,12,"欧州
15-21JST","EURGBP_欧州
15-21JST",2023_38
AUDNZD,long,2023-09-21 03:00:00,2023-09-21 03:05:00,-2590.8221797324018,-0.5181644359464803,4,"東京
09-15JST","AUDNZD_東京
09-15JST",2023_38
NZDUSD,long,2023-09-21 03:00:00,2023-09-21 03:05:00,-1769.911504425473,-0.3539823008850946,21,"東京
09-15JST","NZDUSD_東京
09-15JST",2023_38
NZDUSD,long,2023-09-21 03:10:00,2023-09-21 03:15:00,-1631.799163180464,-0.3263598326360928,19,"東京
09-15JST","NZDUSD_東京
09-15JST",2023_38
AUDNZD,long,2023-09-21 03:10:00,2023-09-21 03:15:00,-3776.059179557029,-0.7552118359114058,15,"東京
09-15JST","AUDNZD_東京
09-15JST",2023_38
AUDNZD,long,2023-09-21 03:15:00,2023-09-21 03:20:00,-2574.7282608718538,-0.5149456521743707,14,"東京
09-15JST","AUDNZD_東京
09-15JST",2023_38
NZDUSD,long,2023-09-21 03:20:00,2023-09-21 03:25:00,-1004.8231511262366,-0.2009646302252473,16,"東京
09-15JST","NZDUSD_東京
09-15JST",2023_38
AUDNZD,long,2023-09-21 03:25:00,2023-09-21 03:30:00,-2653.352353780018,-0.5306704707560036,11,"東京
09-15JST","AUDNZD_東京
09-15JST",2023_38
NZDUSD,long,2023-09-21 03:30:00,2023-09-21 03:35:00,-3267.020335986665,-0.6534040671973331,6,"東京
09-15JST","NZDUSD_東京
09-15JST",2023_38
NZDUSD,long,2023-09-21 03:40:00,2023-09-21 03:45:00,-1184.4863731660676,-0.2368972746332135,3,"東京
09-15JST","NZDUSD_東京
09-15JST",2023_38
AUDNZD,long,2023-09-21 03:45:00,2023-09-21 03:50:00,-2803.9215686250445,-0.5607843137250089,8,"東京
09-15JST","AUDNZD_東京
09-15JST",2023_38
AUDNZD,long,2023-09-21 03:50:00,2023-09-21 03:55:00,-3978.1021897805567,-0.7956204379561114,7,"東京
09-15JST","AUDNZD_東京
09-15JST",2023_38
AUDNZD,long,2023-09-21 03:55:00,2023-09-21 04:00:00,-3060.309698455369,-0.6120619396910737,6,"東京
09-15JST","AUDNZD_東京
09-15JST",2023_38
AUDNZD,long,2023-09-21 04:00:00,2023-09-21 04:05:00,-4305.210918114086,-0.8610421836228171,5,"東京
09-15JST","AUDNZD_東京
09-15JST",2023_38
NZDUSD,long,2023-09-21 04:00:00,2023-09-21 04:05:00,-2776.5607886079733,-0.5553121577215947,9,"東京
09-15JST","NZDUSD_東京
09-15JST",2023_38
AUDNZD,long,2023-09-21 04:05:00,2023-09-21 04:10:00,-5000.000000000918,-1.0000000000001836,4,"東京
09-15JST","AUDNZD_東京
09-15JST",2023_38
NZDUSD,long,2023-09-21 04:05:00,2023-09-21 04:10:00,-2298.787210584023,-0.4597574421168046,8,"東京
09-15JST","NZDUSD_東京
09-15JST",2023_38
AUDNZD,long,2023-09-21 04:10:00,2023-09-21 04:15:00,-5000.0,-1.0,3,"東京
09-15JST","AUDNZD_東京
09-15JST",2023_38
AUDNZD,long,2023-09-21 04:20:00,2023-09-21 04:25:00,-2999.999999994572,-0.5999999999989144,2,"東京
09-15JST","AUDNZD_東京
09-15JST",2023_38
AUDNZD,long,2023-09-21 04:25:00,2023-09-21 04:30:00,-1200.6578947387163,-0.2401315789477432,4,"東京
09-15JST","AUDNZD_東京
09-15JST",2023_38
AUDNZD,long,2023-09-21 04:30:00,2023-09-21 04:35:00,2268.3706070263715,0.4536741214052743,3,"東京
09-15JST","AUDNZD_東京
09-15JST",2023_38
NZDUSD,long,2023-09-21 04:30:00,2023-09-21 04:35:00,-5000.000000001154,-1.000000000000231,3,"東京
09-15JST","NZDUSD_東京
09-15JST",2023_38
NZDUSD,long,2023-09-21 04:35:00,2023-09-21 04:40:00,-4546.436285093798,-0.9092872570187596,2,"東京
09-15JST","NZDUSD_東京
09-15JST",2023_38
AUDNZD,long,2023-09-21 04:35:00,2023-09-21 04:40:00,-2370.892018774329,-0.4741784037548658,2,"東京
09-15JST","AUDNZD_東京
09-15JST",2023_38
NZDUSD,long,2023-09-21 04:45:00,2023-09-21 04:50:00,-5000.000000000835,-1.000000000000167,1,"東京
09-15JST","NZDUSD_東京
09-15JST",2023_38
AUDNZD,long,2023-09-21 04:45:00,2023-09-21 04:50:00,1683.41708542365,0.33668341708473,3,"東京
09-15JST","AUDNZD_東京
09-15JST",2023_38
AUDNZD,long,2023-09-21 04:50:00,2023-09-21 04:55:00,-774.877650892555,-0.154975530178511,2,"東京
09-15JST","AUDNZD_東京
09-15JST",2023_38
NZDUSD,long,2023-09-21 04:50:00,2023-09-21 04:55:00,9033.412887823606,1.8066825775647213,4,"東京
09-15JST","NZDUSD_東京
09-15JST",2023_38
AUDNZD,long,2023-09-21 07:35:00,2023-09-21 07:40:00,-3081.14035087752,-0.6162280701755041,3,"欧州
15-21JST","AUDNZD_欧州
15-21JST",2023_38
AUDNZD,long,2023-09-21 07:40:00,2023-09-21 07:45:00,-3181.818181818516,-0.6363636363637032,2,"欧州
15-21JST","AUDNZD_欧州
15-21JST",2023_38
GBPJPY,short,2023-09-21 07:40:00,2023-09-21 07:45:00,-5000.000000000453,-1.0000000000000906,1,"欧州
15-21JST","GBPJPY_欧州
15-21JST",2023_38
AUDNZD,long,2023-09-21 07:50:00,2023-09-21 07:55:00,-2995.2267303135704,-0.5990453460627141,4,"欧州
15-21JST","AUDNZD_欧州
15-21JST",2023_38
AUDNZD,long,2023-09-21 07:55:00,2023-09-21 08:00:00,-4582.83671037052,-0.916567342074104,3,"欧州
15-21JST","AUDNZD_欧州
15-21JST",2023_38
AUDNZD,long,2023-09-21 08:00:00,2023-09-21 08:05:00,-3910.17964071666,-0.782035928143332,2,"欧州
15-21JST","AUDNZD_欧州
15-21JST",2023_38
AUDNZD,long,2023-09-21 08:05:00,2023-09-21 08:10:00,-4999.999999999477,-0.9999999999998954,1,"欧州
15-21JST","AUDNZD_欧州
15-21JST",2023_38
GBPJPY,short,2023-09-21 08:30:00,2023-09-21 08:35:00,3213.9148494288065,0.6427829698857613,6,"欧州
15-21JST","GBPJPY_欧州
15-21JST",2023_38
AUDNZD,long,2023-09-21 08:30:00,2023-09-21 08:35:00,-5000.000000000302,-1.0000000000000604,1,"欧州
15-21JST","AUDNZD_欧州
15-21JST",2023_38
GBPJPY,short,2023-09-21 08:40:00,2023-09-21 08:45:00,-869.1788126539907,-0.1738357625307981,4,"欧州
15-21JST","GBPJPY_欧州
15-21JST",2023_38
AUDNZD,long,2023-09-21 08:40:00,2023-09-21 08:45:00,-1005.4347826072824,-0.2010869565214565,5,"欧州
15-21JST","AUDNZD_欧州
15-21JST",2023_38
GBPJPY,short,2023-09-21 08:45:00,2023-09-21 08:50:00,-2175.5725190845683,-0.4351145038169136,4,"欧州
15-21JST","GBPJPY_欧州
15-21JST",2023_38
GBPJPY,short,2023-09-21 08:50:00,2023-09-21 08:55:00,-4192.618223759206,-0.8385236447518412,3,"欧州
15-21JST","GBPJPY_欧州
15-21JST",2023_38
AUDNZD,long,2023-09-21 08:50:00,2023-09-21 08:55:00,-667.125171940926,-0.1334250343881852,3,"欧州
15-21JST","AUDNZD_欧州
15-21JST",2023_38
AUDNZD,long,2023-09-21 09:10:00,2023-09-21 09:15:00,-4999.999999998835,-0.999999999999767,2,"欧州
15-21JST","AUDNZD_欧州
15-21JST",2023_38
AUDNZD,long,2023-09-21 09:20:00,2023-09-21 09:25:00,-3718.954248368572,-0.7437908496737144,3,"欧州
15-21JST","AUDNZD_欧州
15-21JST",2023_38
AUDNZD,long,2023-09-21 09:25:00,2023-09-21 09:30:00,-5000.00000000121,-1.000000000000242,2,"欧州
15-21JST","AUDNZD_欧州
15-21JST",2023_38
AUDNZD,long,2023-09-21 09:40:00,2023-09-21 09:45:00,-5000.000000001641,-1.0000000000003282,1,"欧州
15-21JST","AUDNZD_欧州
15-21JST",2023_38
GBPJPY,short,2023-09-21 09:45:00,2023-09-21 09:50:00,267.8176184161972,0.0535635236832394,2,"欧州
15-21JST","GBPJPY_欧州
15-21JST",2023_38
GBPJPY,short,2023-09-21 09:50:00,2023-09-21 09:55:00,9049.513704684196,1.8099027409368391,4,"欧州
15-21JST","GBPJPY_欧州
15-21JST",2023_38
GBPJPY,short,2023-09-21 11:00:00,2023-09-21 11:05:00,-5000.000000000266,-1.000000000000053,1,"欧州
15-21JST","GBPJPY_欧州
15-21JST",2023_38
NZDUSD,long,2023-09-22 01:10:00,2023-09-22 01:15:00,10250.000000000313,2.050000000000062,2,"東京
09-15JST","NZDUSD_東京
09-15JST",2023_38
AUDNZD,long,2023-09-22 07:25:00,2023-09-22 07:30:00,1492.753623185311,0.2985507246370621,3,"欧州
15-21JST","AUDNZD_欧州
15-21JST",2023_38
AUDNZD,long,2023-09-22 07:40:00,2023-09-22 07:45:00,-5000.000000000394,-1.0000000000000788,1,"欧州
15-21JST","AUDNZD_欧州
15-21JST",2023_38
AUDNZD,long,2023-09-22 07:45:00,2023-09-22 07:50:00,-5000.0,-1.0,1,"欧州
15-21JST","AUDNZD_欧州
15-21JST",2023_38
AUDNZD,long,2023-09-22 07:50:00,2023-09-22 07:55:00,3779.661016948689,0.7559322033897378,4,"欧州
15-21JST","AUDNZD_欧州
15-21JST",2023_38
AUDNZD,long,2023-09-22 07:55:00,2023-09-22 08:00:00,274.36527436470647,0.0548730548729412,3,"欧州
15-21JST","AUDNZD_欧州
15-21JST",2023_38
GBPJPY,short,2023-09-22 09:10:00,2023-09-22 09:15:00,4051.878354204713,0.8103756708409426,8,"欧州
15-21JST","GBPJPY_欧州
15-21JST",2023_38
GBPJPY,short,2023-09-22 09:35:00,2023-09-22 09:40:00,-1386.2332695982527,-0.2772466539196505,3,"欧州
15-21JST","GBPJPY_欧州
15-21JST",2023_38
EURGBP,long,2023-09-22 10:45:00,2023-09-22 10:50:00,-1256.218905470606,-0.2512437810941212,2,"欧州
15-21JST","EURGBP_欧州
15-21JST",2023_38
EURGBP,long,2023-09-22 11:05:00,2023-09-22 11:10:00,-1483.2535885168368,-0.2966507177033674,5,"欧州
15-21JST","EURGBP_欧州
15-21JST",2023_38
EURGBP,long,2023-09-22 11:35:00,2023-09-22 11:40:00,-2038.461538462412,-0.4076923076924824,2,"欧州
15-21JST","EURGBP_欧州
15-21JST",2023_38
EURGBP,long,2023-09-22 11:45:00,2023-09-22 11:50:00,-4999.999999999312,-0.9999999999998624,1,"欧州
15-21JST","EURGBP_欧州
15-21JST",2023_38
EURGBP,long,2023-09-22 11:50:00,2023-09-22 11:55:00,37151.55615696348,7.430311231392696,12,"欧州
15-21JST","EURGBP_欧州
15-21JST",2023_38
EURGBP,long,2023-09-22 11:55:00,2023-09-22 12:00:00,34619.047619043035,6.923809523808607,11,"欧州
15-21JST","EURGBP_欧州
15-21JST",2023_38
GBPUSD,long,2023-09-25 09:10:00,2023-09-25 09:15:00,2337.1104815869835,0.4674220963173967,3,"欧州
15-21JST","GBPUSD_欧州
15-21JST",2023_39
GBPUSD,long,2023-09-25 09:15:00,2023-09-25 09:20:00,4203.980099500261,0.8407960199000521,2,"欧州
15-21JST","GBPUSD_欧州
15-21JST",2023_39
EURAUD,long,2023-09-25 13:40:00,2023-09-25 13:45:00,-4999.999999999726,-0.9999999999999452,1,"NY
21-03JST","EURAUD_NY
21-03JST",2023_39
EURAUD,long,2023-09-25 13:45:00,2023-09-25 13:50:00,-5000.00000000039,-1.000000000000078,1,"NY
21-03JST","EURAUD_NY
21-03JST",2023_39
EURGBP,long,2023-09-25 13:45:00,2023-09-25 13:50:00,-5000.000000000776,-1.0000000000001552,1,"NY
21-03JST","EURGBP_NY
21-03JST",2023_39
EURGBP,long,2023-09-25 13:50:00,2023-09-25 13:55:00,-1146.7889908262885,-0.2293577981652577,2,"NY
21-03JST","EURGBP_NY
21-03JST",2023_39
EURAUD,long,2023-09-25 13:50:00,2023-09-25 13:55:00,2317.0731707320965,0.4634146341464193,2,"NY
21-03JST","EURAUD_NY
21-03JST",2023_39
EURGBP,long,2023-09-25 13:55:00,2023-09-25 14:00:00,-4288.135593219853,-0.8576271186439706,3,"NY
21-03JST","EURGBP_NY
21-03JST",2023_39
EURAUD,long,2023-09-25 13:55:00,2023-09-25 14:00:00,2726.4731750223555,0.5452946350044711,2,"NY
21-03JST","EURAUD_NY
21-03JST",2023_39
EURGBP,long,2023-09-25 14:05:00,2023-09-25 14:10:00,-4999.9999999993815,-0.9999999999998764,1,"NY
21-03JST","EURGBP_NY
21-03JST",2023_39
EURGBP,long,2023-09-25 14:10:00,2023-09-25 14:15:00,-5000.00000000025,-1.00000000000005,1,"NY
21-03JST","EURGBP_NY
21-03JST",2023_39
EURAUD,long,2023-09-25 14:15:00,2023-09-25 14:20:00,5173.852573018841,1.0347705146037682,2,"NY
21-03JST","EURAUD_NY
21-03JST",2023_39
EURGBP,long,2023-09-25 14:15:00,2023-09-25 14:20:00,-5000.0,-1.0,1,"NY
21-03JST","EURGBP_NY
21-03JST",2023_39
EURGBP,long,2023-09-25 14:25:00,2023-09-25 14:30:00,-4855.967078191564,-0.9711934156383129,3,"NY
21-03JST","EURGBP_NY
21-03JST",2023_39
EURAUD,long,2023-09-25 14:35:00,2023-09-25 14:40:00,174.84662576734047,0.034969325153468,5,"NY
21-03JST","EURAUD_NY
21-03JST",2023_39
EURGBP,long,2023-09-25 14:35:00,2023-09-25 14:40:00,-4999.999999999429,-0.9999999999998858,1,"NY
21-03JST","EURGBP_NY
21-03JST",2023_39
EURAUD,long,2023-09-25 14:45:00,2023-09-25 14:50:00,207.5007685225255,0.0415001537045051,3,"NY
21-03JST","EURAUD_NY
21-03JST",2023_39
EURGBP,long,2023-09-25 14:45:00,2023-09-25 14:50:00,2491.6387959865683,0.4983277591973136,2,"NY
21-03JST","EURGBP_NY
21-03JST",2023_39
EURGBP,long,2023-09-25 14:50:00,2023-09-25 14:55:00,-4999.999999999869,-0.9999999999999738,1,"NY
21-03JST","EURGBP_NY
21-03JST",2023_39
EURGBP,long,2023-09-25 15:00:00,2023-09-25 15:05:00,1231.213872831093,0.2462427745662186,4,"NY
21-03JST","EURGBP_NY
21-03JST",2023_39
EURAUD,long,2023-09-25 15:05:00,2023-09-25 15:10:00,-3820.697954271691,-0.7641395908543381,23,"NY
21-03JST","EURAUD_NY
21-03JST",2023_39
EURGBP,long,2023-09-25 15:10:00,2023-09-25 15:15:00,-2720.9302325590606,-0.5441860465118121,4,"NY
21-03JST","EURGBP_NY
21-03JST",2023_39
EURGBP,long,2023-09-25 15:20:00,2023-09-25 15:25:00,-4999.999999999358,-0.9999999999998715,4,"NY
21-03JST","EURGBP_NY
21-03JST",2023_39
EURAUD,long,2023-09-25 15:20:00,2023-09-25 15:25:00,-784.2488418262732,-0.1568497683652546,11,"NY
21-03JST","EURAUD_NY
21-03JST",2023_39
EURGBP,long,2023-09-25 15:25:00,2023-09-25 15:30:00,-4999.9999999998645,-0.9999999999999728,3,"NY
21-03JST","EURGBP_NY
21-03JST",2023_39
EURGBP,long,2023-09-25 15:30:00,2023-09-25 15:35:00,-2034.659820282868,-0.4069319640565736,9,"NY
21-03JST","EURGBP_NY
21-03JST",2023_39
EURGBP,long,2023-09-25 15:35:00,2023-09-25 15:40:00,-577.9569892459813,-0.1155913978491962,8,"NY
21-03JST","EURGBP_NY
21-03JST",2023_39
GBPUSD,long,2023-09-26 06:15:00,2023-09-26 06:20:00,5009.34579439383,1.001869158878766,3,"欧州
15-21JST","GBPUSD_欧州
15-21JST",2023_39
GBPUSD,long,2023-09-26 06:20:00,2023-09-26 06:25:00,1918.2389937106757,0.3836477987421351,2,"欧州
15-21JST","GBPUSD_欧州
15-21JST",2023_39
GBPUSD,long,2023-09-26 06:35:00,2023-09-26 06:40:00,-4999.99999999888,-0.999999999999776,1,"欧州
15-21JST","GBPUSD_欧州
15-21JST",2023_39
GBPUSD,long,2023-09-26 06:40:00,2023-09-26 06:45:00,-1235.955056180396,-0.2471910112360792,2,"欧州
15-21JST","GBPUSD_欧州
15-21JST",2023_39
GBPUSD,long,2023-09-26 06:45:00,2023-09-26 06:50:00,-5000.000000000677,-1.0000000000001352,1,"欧州
15-21JST","GBPUSD_欧州
15-21JST",2023_39
GBPUSD,long,2023-09-26 06:55:00,2023-09-26 07:00:00,1591.7076598757178,0.3183415319751436,2,"欧州
15-21JST","GBPUSD_欧州
15-21JST",2023_39
GBPUSD,long,2023-09-26 07:00:00,2023-09-26 07:05:00,-4999.999999999254,-0.9999999999998508,1,"欧州
15-21JST","GBPUSD_欧州
15-21JST",2023_39
NZDJPY,short,2023-09-26 07:10:00,2023-09-26 07:15:00,-5000.000000000606,-1.0000000000001212,1,"欧州
15-21JST","NZDJPY_欧州
15-21JST",2023_39
GBPUSD,long,2023-09-26 07:10:00,2023-09-26 07:15:00,928.3387622153582,0.1856677524430716,2,"欧州
15-21JST","GBPUSD_欧州
15-21JST",2023_39
GBPUSD,long,2023-09-26 07:25:00,2023-09-26 07:30:00,1985.6459330134408,0.3971291866026882,3,"欧州
15-21JST","GBPUSD_欧州
15-21JST",2023_39
GBPUSD,long,2023-09-26 07:30:00,2023-09-26 07:35:00,2343.6449226617638,0.4687289845323527,2,"欧州
15-21JST","GBPUSD_欧州
15-21JST",2023_39
GBPUSD,long,2023-09-26 07:45:00,2023-09-26 07:50:00,16171.548117153572,3.2343096234307143,9,"欧州
15-21JST","GBPUSD_欧州
15-21JST",2023_39
GBPUSD,long,2023-09-26 07:50:00,2023-09-26 07:55:00,12015.89170100004,2.403178340200008,8,"欧州
15-21JST","GBPUSD_欧州
15-21JST",2023_39
EURAUD,long,2023-09-26 13:20:00,2023-09-26 13:25:00,3022.5457961483035,0.6045091592296606,2,"NY
21-03JST","EURAUD_NY
21-03JST",2023_39
EURGBP,long,2023-09-26 14:35:00,2023-09-26 14:40:00,-3934.9930843694583,-0.7869986168738917,2,"NY
21-03JST","EURGBP_NY
21-03JST",2023_39
EURGBP,long,2023-09-27 13:45:00,2023-09-27 13:50:00,-5000.000000000546,-1.0000000000001092,1,"NY
21-03JST","EURGBP_NY
21-03JST",2023_39
EURAUD,long,2023-09-27 13:45:00,2023-09-27 13:50:00,-1122.159090907866,-0.2244318181815731,2,"NY
21-03JST","EURAUD_NY
21-03JST",2023_39
EURAUD,long,2023-09-27 13:50:00,2023-09-27 13:55:00,1027.1186440666638,0.2054237288133327,2,"NY
21-03JST","EURAUD_NY
21-03JST",2023_39
EURGBP,long,2023-09-27 13:50:00,2023-09-27 13:55:00,663.2173095003302,0.132643461900066,3,"NY
21-03JST","EURGBP_NY
21-03JST",2023_39
EURGBP,long,2023-09-27 13:55:00,2023-09-27 14:00:00,-2333.333333333827,-0.4666666666667654,2,"NY
21-03JST","EURGBP_NY
21-03JST",2023_39
EURAUD,long,2023-09-27 14:00:00,2023-09-27 14:05:00,444.191343962908,0.0888382687925816,2,"NY
21-03JST","EURAUD_NY
21-03JST",2023_39
EURAUD,long,2023-09-27 14:05:00,2023-09-27 14:10:00,-4999.999999999783,-0.9999999999999564,1,"NY
21-03JST","EURAUD_NY
21-03JST",2023_39
EURGBP,long,2023-09-27 14:10:00,2023-09-27 14:15:00,-1993.4640522874151,-0.398692810457483,2,"NY
21-03JST","EURGBP_NY
21-03JST",2023_39
EURAUD,long,2023-09-27 14:15:00,2023-09-27 14:20:00,-1477.987421384107,-0.2955974842768213,4,"NY
21-03JST","EURAUD_NY
21-03JST",2023_39
EURAUD,long,2023-09-27 14:20:00,2023-09-27 14:25:00,-4.978426818116263,-0.0009956853636232,3,"NY
21-03JST","EURAUD_NY
21-03JST",2023_39
EURAUD,long,2023-09-27 14:25:00,2023-09-27 14:30:00,-1180.1446416842175,-0.2360289283368435,2,"NY
21-03JST","EURAUD_NY
21-03JST",2023_39
EURGBP,long,2023-09-27 14:25:00,2023-09-27 14:30:00,-239.4636015330519,-0.0478927203066103,3,"NY
21-03JST","EURGBP_NY
21-03JST",2023_39
EURGBP,long,2023-09-27 14:30:00,2023-09-27 14:35:00,-951.4925373127464,-0.1902985074625493,2,"NY
21-03JST","EURGBP_NY
21-03JST",2023_39
EURAUD,long,2023-09-27 14:35:00,2023-09-27 14:40:00,-4999.999999999704,-0.9999999999999408,1,"NY
21-03JST","EURAUD_NY
21-03JST",2023_39
EURAUD,long,2023-09-27 14:40:00,2023-09-27 14:45:00,976.7441860466844,0.1953488372093369,2,"NY
21-03JST","EURAUD_NY
21-03JST",2023_39
EURGBP,long,2023-09-27 14:45:00,2023-09-27 14:50:00,4036.608863199809,0.8073217726399619,3,"NY
21-03JST","EURGBP_NY
21-03JST",2023_39
EURAUD,long,2023-09-27 14:45:00,2023-09-27 14:50:00,2855.477855478362,0.5710955710956724,4,"NY
21-03JST","EURAUD_NY
21-03JST",2023_39
EURGBP,long,2023-09-27 14:55:00,2023-09-27 15:00:00,-427.7828886852062,-0.0855565777370412,3,"NY
21-03JST","EURGBP_NY
21-03JST",2023_39
EURAUD,long,2023-09-27 15:10:00,2023-09-27 15:15:00,19040.63957361533,3.808127914723067,14,"NY
21-03JST","EURAUD_NY
21-03JST",2023_39
NZDUSD,short,2023-09-27 18:05:00,2023-09-27 18:10:00,-3387.9539415420013,-0.6775907883084002,3,"深夜
03-09JST","NZDUSD_深夜
03-09JST",2023_39
NZDUSD,short,2023-09-27 18:20:00,2023-09-27 18:25:00,-5000.00000000058,-1.000000000000116,1,"深夜
03-09JST","NZDUSD_深夜
03-09JST",2023_39
EURGBP,long,2023-09-28 08:05:00,2023-09-28 08:10:00,706.8516912388602,0.141370338247772,4,"欧州
15-21JST","EURGBP_欧州
15-21JST",2023_39
EURGBP,long,2023-09-28 09:15:00,2023-09-28 09:20:00,1006.864988558321,0.2013729977116642,3,"欧州
15-21JST","EURGBP_欧州
15-21JST",2023_39
EURGBP,long,2023-09-28 09:25:00,2023-09-28 09:30:00,-5000.000000000359,-1.000000000000072,1,"欧州
15-21JST","EURGBP_欧州
15-21JST",2023_39
EURGBP,long,2023-09-28 09:35:00,2023-09-28 09:40:00,10068.928950157868,2.013785790031573,6,"欧州
15-21JST","EURGBP_欧州
15-21JST",2023_39
EURGBP,long,2023-09-28 09:40:00,2023-09-28 09:45:00,13389.830508473691,2.677966101694738,5,"欧州
15-21JST","EURGBP_欧州
15-21JST",2023_39
EURAUD,long,2023-09-28 15:40:00,2023-09-28 15:45:00,-3475.133579942322,-0.6950267159884643,3,"NY
21-03JST","EURAUD_NY
21-03JST",2023_39
EURAUD,long,2023-09-28 15:45:00,2023-09-28 15:50:00,-4687.11905729409,-0.937423811458818,2,"NY
21-03JST","EURAUD_NY
21-03JST",2023_39
EURAUD,long,2023-09-28 15:55:00,2023-09-28 16:00:00,-5000.00000000037,-1.000000000000074,2,"NY
21-03JST","EURAUD_NY
21-03JST",2023_39
EURAUD,long,2023-09-28 16:30:00,2023-09-28 16:35:00,-5000.000000000239,-1.0000000000000475,1,"NY
21-03JST","EURAUD_NY
21-03JST",2023_39
EURAUD,long,2023-09-28 16:40:00,2023-09-28 16:45:00,906.4994298759595,0.1812998859751919,7,"NY
21-03JST","EURAUD_NY
21-03JST",2023_39
EURAUD,long,2023-09-28 17:20:00,2023-09-28 17:25:00,76.0233918110277,0.0152046783622055,2,"NY
21-03JST","EURAUD_NY
21-03JST",2023_39
EURAUD,long,2023-09-28 17:25:00,2023-09-28 17:30:00,-4999.99999999975,-0.99999999999995,1,"NY
21-03JST","EURAUD_NY
21-03JST",2023_39
EURAUD,long,2023-09-28 17:35:00,2023-09-28 17:40:00,1499.1129509172156,0.2998225901834431,2,"NY
21-03JST","EURAUD_NY
21-03JST",2023_39
EURGBP,long,2023-09-29 10:50:00,2023-09-29 10:55:00,-5000.000000000388,-1.0000000000000775,1,"欧州
15-21JST","EURGBP_欧州
15-21JST",2023_39
EURGBP,long,2023-09-29 11:05:00,2023-09-29 11:10:00,-2580.0256081940133,-0.5160051216388026,2,"欧州
15-21JST","EURGBP_欧州
15-21JST",2023_39
EURGBP,long,2023-09-29 11:20:00,2023-09-29 11:25:00,-1814.268142680532,-0.3628536285361064,3,"欧州
15-21JST","EURGBP_欧州
15-21JST",2023_39
EURGBP,long,2023-09-29 11:30:00,2023-09-29 11:35:00,-663.7168141577567,-0.1327433628315513,2,"欧州
15-21JST","EURGBP_欧州
15-21JST",2023_39
EURGBP,long,2023-09-29 11:40:00,2023-09-29 11:45:00,-1421.4463840418307,-0.2842892768083661,4,"欧州
15-21JST","EURGBP_欧州
15-21JST",2023_39
EURGBP,long,2023-09-29 11:45:00,2023-09-29 11:50:00,936.708860758373,0.1873417721516746,3,"欧州
15-21JST","EURGBP_欧州
15-21JST",2023_39
EURGBP,long,2023-09-29 11:50:00,2023-09-29 11:55:00,-1679.4871794900162,-0.3358974358980032,2,"欧州
15-21JST","EURGBP_欧州
15-21JST",2023_39
NZDUSD,short,2023-09-29 18:00:00,2023-09-29 18:05:00,3700.5649717514016,0.7401129943502803,6,"深夜
03-09JST","NZDUSD_深夜
03-09JST",2023_39
EURGBP,long,2023-10-02 06:45:00,2023-10-02 06:50:00,14999.99999999892,2.999999999999784,2,"欧州
15-21JST","EURGBP_欧州
15-21JST",2023_40
GBPUSD,long,2023-10-02 08:50:00,2023-10-02 08:55:00,-5000.000000000731,-1.0000000000001463,1,"欧州
15-21JST","GBPUSD_欧州
15-21JST",2023_40
AUDUSD,short,2023-10-02 08:55:00,2023-10-02 09:00:00,-2056.8181818200683,-0.4113636363640136,2,"欧州
15-21JST","AUDUSD_欧州
15-21JST",2023_40
GBPUSD,long,2023-10-02 08:55:00,2023-10-02 09:00:00,-4999.999999999085,-0.999999999999817,1,"欧州
15-21JST","GBPUSD_欧州
15-21JST",2023_40
GBPUSD,long,2023-10-02 09:00:00,2023-10-02 09:05:00,-4526.387009470524,-0.9052774018941048,4,"欧州
15-21JST","GBPUSD_欧州
15-21JST",2023_40
GBPUSD,long,2023-10-02 09:05:00,2023-10-02 09:10:00,-3144.119646497596,-0.6288239292995191,3,"欧州
15-21JST","GBPUSD_欧州
15-21JST",2023_40
AUDUSD,short,2023-10-02 09:05:00,2023-10-02 09:10:00,2579.0754257908666,0.5158150851581733,5,"欧州
15-21JST","AUDUSD_欧州
15-21JST",2023_40
AUDUSD,short,2023-10-02 09:15:00,2023-10-02 09:20:00,4205.72916666697,0.841145833333394,3,"欧州
15-21JST","AUDUSD_欧州
15-21JST",2023_40
GBPUSD,long,2023-10-02 09:15:00,2023-10-02 09:20:00,-4999.99999999968,-0.999999999999936,1,"欧州
15-21JST","GBPUSD_欧州
15-21JST",2023_40
GBPUSD,long,2023-10-02 09:20:00,2023-10-02 09:25:00,-4999.999999999031,-0.9999999999998064,1,"欧州
15-21JST","GBPUSD_欧州
15-21JST",2023_40
GBPUSD,long,2023-10-02 09:25:00,2023-10-02 09:30:00,-4999.999999999503,-0.9999999999999006,1,"欧州
15-21JST","GBPUSD_欧州
15-21JST",2023_40
GBPUSD,long,2023-10-02 09:40:00,2023-10-02 09:45:00,-4999.99999999919,-0.999999999999838,1,"欧州
15-21JST","GBPUSD_欧州
15-21JST",2023_40
GBPUSD,long,2023-10-02 10:00:00,2023-10-02 10:05:00,1066.973079447116,0.2133946158894231,4,"欧州
15-21JST","GBPUSD_欧州
15-21JST",2023_40
GBPUSD,long,2023-10-02 10:10:00,2023-10-02 10:15:00,-1916.502301117575,-0.383300460223515,2,"欧州
15-21JST","GBPUSD_欧州
15-21JST",2023_40
GBPUSD,long,2023-10-02 10:25:00,2023-10-02 10:30:00,-3143.596377747393,-0.6287192755494786,2,"欧州
15-21JST","GBPUSD_欧州
15-21JST",2023_40
GBPUSD,long,2023-10-02 10:30:00,2023-10-02 10:35:00,-5000.000000000287,-1.0000000000000575,3,"欧州
15-21JST","GBPUSD_欧州
15-21JST",2023_40
GBPUSD,long,2023-10-02 10:35:00,2023-10-02 10:40:00,-3517.5380542698545,-0.7035076108539708,2,"欧州
15-21JST","GBPUSD_欧州
15-21JST",2023_40
GBPUSD,long,2023-10-02 10:40:00,2023-10-02 10:45:00,-5000.000000000147,-1.0000000000000295,1,"欧州
15-21JST","GBPUSD_欧州
15-21JST",2023_40
GBPUSD,long,2023-10-02 10:50:00,2023-10-02 10:55:00,-1742.0212765966369,-0.3484042553193274,2,"欧州
15-21JST","GBPUSD_欧州
15-21JST",2023_40
GBPUSD,long,2023-10-02 11:00:00,2023-10-02 11:05:00,6320.621468926438,1.2641242937852877,7,"欧州
15-21JST","GBPUSD_欧州
15-21JST",2023_40
GBPUSD,long,2023-10-02 11:05:00,2023-10-02 11:10:00,6110.320284700172,1.2220640569400345,6,"欧州
15-21JST","GBPUSD_欧州
15-21JST",2023_40
GBPUSD,long,2023-10-02 11:15:00,2023-10-02 11:20:00,4169.840060930601,0.8339680121861202,4,"欧州
15-21JST","GBPUSD_欧州
15-21JST",2023_40
NZDUSD,long,2023-10-03 00:20:00,2023-10-03 00:25:00,755.9681697611646,0.1511936339522329,3,"東京
09-15JST","NZDUSD_東京
09-15JST",2023_40
NZDUSD,long,2023-10-03 01:45:00,2023-10-03 01:50:00,-4999.999999999292,-0.9999999999998584,1,"東京
09-15JST","NZDUSD_東京
09-15JST",2023_40
NZDUSD,long,2023-10-03 01:50:00,2023-10-03 01:55:00,-4999.99999999944,-0.999999999999888,1,"東京
09-15JST","NZDUSD_東京
09-15JST",2023_40
NZDUSD,long,2023-10-03 01:55:00,2023-10-03 02:00:00,-4999.99999999989,-0.999999999999978,1,"東京
09-15JST","NZDUSD_東京
09-15JST",2023_40
NZDUSD,long,2023-10-03 02:00:00,2023-10-03 02:05:00,-4933.206106869155,-0.9866412213738308,3,"東京
09-15JST","NZDUSD_東京
09-15JST",2023_40
NZDUSD,long,2023-10-03 02:10:00,2023-10-03 02:15:00,-4999.999999999461,-0.999999999999892,1,"東京
09-15JST","NZDUSD_東京
09-15JST",2023_40
NZDUSD,long,2023-10-03 02:15:00,2023-10-03 02:20:00,775.3479125246364,0.1550695825049272,14,"東京
09-15JST","NZDUSD_東京
09-15JST",2023_40
NZDUSD,long,2023-10-03 02:20:00,2023-10-03 02:25:00,3670.050761421049,0.7340101522842098,13,"東京
09-15JST","NZDUSD_東京
09-15JST",2023_40
NZDUSD,long,2023-10-03 02:35:00,2023-10-03 02:40:00,4875.1560549327305,0.975031210986546,7,"東京
09-15JST","NZDUSD_東京
09-15JST",2023_40
NZDUSD,long,2023-10-03 05:40:00,2023-10-03 05:45:00,-3640.7766990309433,-0.7281553398061886,2,"東京
09-15JST","NZDUSD_東京
09-15JST",2023_40
NZDUSD,long,2023-10-03 05:50:00,2023-10-03 05:55:00,2870.813397127759,0.5741626794255518,3,"東京
09-15JST","NZDUSD_東京
09-15JST",2023_40
NZDUSD,long,2023-10-03 05:55:00,2023-10-03 06:00:00,7005.044136191179,1.4010088272382355,2,"東京
09-15JST","NZDUSD_東京
09-15JST",2023_40
NZDJPY,short,2023-10-03 10:10:00,2023-10-03 10:15:00,-1441.7744916820575,-0.2883548983364115,2,"欧州
15-21JST","NZDJPY_欧州
15-21JST",2023_40
GBPUSD,long,2023-10-03 10:10:00,2023-10-03 10:15:00,-57.1620712846882,-0.0114324142569376,2,"欧州
15-21JST","GBPUSD_欧州
15-21JST",2023_40
NZDJPY,short,2023-10-03 10:15:00,2023-10-03 10:20:00,-2551.9848771266315,-0.5103969754253264,2,"欧州
15-21JST","NZDJPY_欧州
15-21JST",2023_40
GBPUSD,long,2023-10-03 10:15:00,2023-10-03 10:20:00,-1355.6457065605623,-0.2711291413121124,2,"欧州
15-21JST","GBPUSD_欧州
15-21JST",2023_40
NZDJPY,short,2023-10-03 10:20:00,2023-10-03 10:25:00,-4999.999999999867,-0.9999999999999736,1,"欧州
15-21JST","NZDJPY_欧州
15-21JST",2023_40
GBPUSD,long,2023-10-03 10:25:00,2023-10-03 10:30:00,-3571.428571428046,-0.7142857142856092,2,"欧州
15-21JST","GBPUSD_欧州
15-21JST",2023_40
NZDJPY,short,2023-10-03 10:25:00,2023-10-03 10:30:00,1461.538461538418,0.2923076923076836,5,"欧州
15-21JST","NZDJPY_欧州
15-21JST",2023_40
GBPUSD,long,2023-10-03 10:30:00,2023-10-03 10:35:00,-4999.999999999159,-0.9999999999998316,1,"欧州
15-21JST","GBPUSD_欧州
15-21JST",2023_40
NZDJPY,short,2023-10-03 10:35:00,2023-10-03 10:40:00,-2604.3405676128937,-0.5208681135225788,3,"欧州
15-21JST","NZDJPY_欧州
15-21JST",2023_40
GBPUSD,long,2023-10-03 10:35:00,2023-10-03 10:40:00,-3653.036680698941,-0.7306073361397882,2,"欧州
15-21JST","GBPUSD_欧州
15-21JST",2023_40
NZDJPY,short,2023-10-03 10:40:00,2023-10-03 10:45:00,-4807.868252517677,-0.9615736505035356,2,"欧州
15-21JST","NZDJPY_欧州
15-21JST",2023_40
GBPUSD,long,2023-10-03 10:40:00,2023-10-03 10:45:00,-4913.739987677129,-0.9827479975354256,2,"欧州
15-21JST","GBPUSD_欧州
15-21JST",2023_40
NZDJPY,short,2023-10-03 10:45:00,2023-10-03 10:50:00,-5000.000000000643,-1.0000000000001286,2,"欧州
15-21JST","NZDJPY_欧州
15-21JST",2023_40
GBPUSD,long,2023-10-03 10:50:00,2023-10-03 10:55:00,-4999.999999999861,-0.999999999999972,1,"欧州
15-21JST","GBPUSD_欧州
15-21JST",2023_40
AUDUSD,short,2023-10-03 10:55:00,2023-10-03 11:00:00,8380.12958963154,1.6760259179263082,3,"欧州
15-21JST","AUDUSD_欧州
15-21JST",2023_40
GBPUSD,long,2023-10-03 10:55:00,2023-10-03 11:00:00,9859.649122806888,1.9719298245613777,9,"欧州
15-21JST","GBPUSD_欧州
15-21JST",2023_40
AUDUSD,short,2023-10-03 11:05:00,2023-10-03 11:10:00,1875.0000000001703,0.3750000000000341,2,"欧州
15-21JST","AUDUSD_欧州
15-21JST",2023_40
GBPUSD,long,2023-10-03 11:05:00,2023-10-03 11:10:00,11022.0318237436,2.20440636474872,7,"欧州
15-21JST","GBPUSD_欧州
15-21JST",2023_40
NZDJPY,short,2023-10-03 11:10:00,2023-10-03 11:15:00,-5000.000000000869,-1.0000000000001736,1,"欧州
15-21JST","NZDJPY_欧州
15-21JST",2023_40
GBPUSD,long,2023-10-03 11:10:00,2023-10-03 11:15:00,10666.460012398731,2.1332920024797466,6,"欧州
15-21JST","GBPUSD_欧州
15-21JST",2023_40
NZDUSD,long,2023-10-04 01:00:00,2023-10-04 01:05:00,253.28330206462036,0.050656660412924,2,"東京
09-15JST","NZDUSD_東京
09-15JST",2023_40
NZDUSD,long,2023-10-04 01:05:00,2023-10-04 01:10:00,-998.8452655890608,-0.1997690531178121,2,"東京
09-15JST","NZDUSD_東京
09-15JST",2023_40
NZDUSD,long,2023-10-04 01:15:00,2023-10-04 01:20:00,-3341.0613086037106,-0.6682122617207421,2,"東京
09-15JST","NZDUSD_東京
09-15JST",2023_40
NZDUSD,long,2023-10-04 01:20:00,2023-10-04 01:25:00,-5000.000000000116,-1.000000000000023,1,"東京
09-15JST","NZDUSD_東京
09-15JST",2023_40
NZDUSD,long,2023-10-04 01:30:00,2023-10-04 01:35:00,-4028.741328048156,-0.8057482656096312,2,"東京
09-15JST","NZDUSD_東京
09-15JST",2023_40
NZDUSD,long,2023-10-04 01:35:00,2023-10-04 01:40:00,279.2362768495602,0.055847255369912,4,"東京
09-15JST","NZDUSD_東京
09-15JST",2023_40
NZDUSD,long,2023-10-04 01:40:00,2023-10-04 01:45:00,5892.44851258576,1.178489702517152,12,"東京
09-15JST","NZDUSD_東京
09-15JST",2023_40
NZDUSD,long,2023-10-04 02:00:00,2023-10-04 02:05:00,-52.03816131854354,-0.0104076322637087,8,"東京
09-15JST","NZDUSD_東京
09-15JST",2023_40
NZDUSD,long,2023-10-04 02:30:00,2023-10-04 02:35:00,-4999.999999999578,-0.9999999999999156,2,"東京
09-15JST","NZDUSD_東京
09-15JST",2023_40
NZDUSD,long,2023-10-04 02:35:00,2023-10-04 02:40:00,-4999.999999999917,-0.9999999999999836,1,"東京
09-15JST","NZDUSD_東京
09-15JST",2023_40
NZDUSD,long,2023-10-04 02:45:00,2023-10-04 02:50:00,7531.96930946303,1.506393861892606,5,"東京
09-15JST","NZDUSD_東京
09-15JST",2023_40
NZDUSD,long,2023-10-04 02:50:00,2023-10-04 02:55:00,4963.503649634596,0.9927007299269192,4,"東京
09-15JST","NZDUSD_東京
09-15JST",2023_40
AUDUSD,short,2023-10-04 06:50:00,2023-10-04 06:55:00,888.5383806517666,0.1777076761303533,2,"欧州
15-21JST","AUDUSD_欧州
15-21JST",2023_40
EURGBP,long,2023-10-04 08:50:00,2023-10-04 08:55:00,-4999.999999999901,-0.99999999999998,2,"欧州
15-21JST","EURGBP_欧州
15-21JST",2023_40
EURGBP,long,2023-10-04 09:10:00,2023-10-04 09:15:00,-1197.0534069992675,-0.2394106813998535,6,"欧州
15-21JST","EURGBP_欧州
15-21JST",2023_40
EURGBP,long,2023-10-04 09:30:00,2023-10-04 09:35:00,-4273.58490565895,-0.8547169811317901,2,"欧州
15-21JST","EURGBP_欧州
15-21JST",2023_40
AUDUSD,short,2023-10-05 06:45:00,2023-10-05 06:50:00,15748.502994011757,3.1497005988023514,8,"欧州
15-21JST","AUDUSD_欧州
15-21JST",2023_40
AUDUSD,short,2023-10-05 06:50:00,2023-10-05 06:55:00,15746.11398963722,3.149222797927444,7,"欧州
15-21JST","AUDUSD_欧州
15-21JST",2023_40
GBPUSD,long,2023-10-05 06:55:00,2023-10-05 07:00:00,-231.28679562639925,-0.0462573591252798,2,"欧州
15-21JST","GBPUSD_欧州
15-21JST",2023_40
AUDUSD,short,2023-10-05 07:00:00,2023-10-05 07:05:00,11773.858921163715,2.354771784232743,5,"欧州
15-21JST","AUDUSD_欧州
15-21JST",2023_40
AUDUSD,short,2023-10-05 07:05:00,2023-10-05 07:10:00,7361.251261353054,1.472250252270611,4,"欧州
15-21JST","AUDUSD_欧州
15-21JST",2023_40
AUDUSD,short,2023-10-05 07:10:00,2023-10-05 07:15:00,1832.8141225342224,0.3665628245068444,3,"欧州
15-21JST","AUDUSD_欧州
15-21JST",2023_40
AUDUSD,short,2023-10-05 07:15:00,2023-10-05 07:20:00,2627.291242363021,0.5254582484726041,2,"欧州
15-21JST","AUDUSD_欧州
15-21JST",2023_40
GBPUSD,long,2023-10-05 07:20:00,2023-10-05 07:25:00,-5000.000000001083,-1.0000000000002167,1,"欧州
15-21JST","GBPUSD_欧州
15-21JST",2023_40
GBPUSD,long,2023-10-05 07:45:00,2023-10-05 07:50:00,1936.496859733944,0.3872993719467887,4,"欧州
15-21JST","GBPUSD_欧州
15-21JST",2023_40
GBPUSD,long,2023-10-05 08:20:00,2023-10-05 08:25:00,-5000.000000000768,-1.0000000000001534,1,"欧州
15-21JST","GBPUSD_欧州
15-21JST",2023_40
AUDUSD,short,2023-10-05 08:30:00,2023-10-05 08:35:00,15687.02290076422,3.137404580152844,6,"欧州
15-21JST","AUDUSD_欧州
15-21JST",2023_40
GBPUSD,long,2023-10-05 08:30:00,2023-10-05 08:35:00,-4999.999999999857,-0.9999999999999716,1,"欧州
15-21JST","GBPUSD_欧州
15-21JST",2023_40
GBPUSD,long,2023-10-05 08:35:00,2023-10-05 08:40:00,-4999.99999999958,-0.999999999999916,2,"欧州
15-21JST","GBPUSD_欧州
15-21JST",2023_40
AUDUSD,short,2023-10-05 08:35:00,2023-10-05 08:40:00,4959.919839680431,0.9919839679360862,5,"欧州
15-21JST","AUDUSD_欧州
15-21JST",2023_40
AUDUSD,short,2023-10-05 08:45:00,2023-10-05 08:50:00,3515.463917526207,0.7030927835052414,3,"欧州
15-21JST","AUDUSD_欧州
15-21JST",2023_40
AUDUSD,short,2023-10-05 08:50:00,2023-10-05 08:55:00,-4328.214971208761,-0.8656429942417523,2,"欧州
15-21JST","AUDUSD_欧州
15-21JST",2023_40
GBPUSD,long,2023-10-05 08:50:00,2023-10-05 08:55:00,13275.62326869533,2.655124653739066,7,"欧州
15-21JST","GBPUSD_欧州
15-21JST",2023_40
AUDUSD,short,2023-10-05 08:55:00,2023-10-05 09:00:00,-4999.9999999994325,-0.9999999999998864,1,"欧州
15-21JST","AUDUSD_欧州
15-21JST",2023_40
GBPUSD,long,2023-10-05 08:55:00,2023-10-05 09:00:00,6935.047361299593,1.3870094722599189,6,"欧州
15-21JST","GBPUSD_欧州
15-21JST",2023_40
AUDUSD,short,2023-10-06 06:25:00,2023-10-06 06:30:00,-763.1578947359711,-0.1526315789471942,3,"欧州
15-21JST","AUDUSD_欧州
15-21JST",2023_40
EURGBP,long,2023-10-06 07:40:00,2023-10-06 07:45:00,-5000.000000000999,-1.0000000000001996,1,"欧州
15-21JST","EURGBP_欧州
15-21JST",2023_40
EURGBP,long,2023-10-06 07:45:00,2023-10-06 07:50:00,-4999.999999999025,-0.999999999999805,1,"欧州
15-21JST","EURGBP_欧州
15-21JST",2023_40
EURGBP,long,2023-10-06 07:55:00,2023-10-06 08:00:00,4488.243430152191,0.8976486860304381,5,"欧州
15-21JST","EURGBP_欧州
15-21JST",2023_40
EURGBP,long,2023-10-06 08:25:00,2023-10-06 08:30:00,-2053.7010159669344,-0.4107402031933869,2,"欧州
15-21JST","EURGBP_欧州
15-21JST",2023_40
EURGBP,long,2023-10-06 08:40:00,2023-10-06 08:45:00,4469.496021219768,0.8938992042439535,4,"欧州
15-21JST","EURGBP_欧州
15-21JST",2023_40
NZDUSD,short,2023-10-08 22:55:00,2023-10-08 23:00:00,-3011.620400257332,-0.6023240800514664,2,"深夜
03-09JST","NZDUSD_深夜
03-09JST",2023_40
EURGBP,long,2023-10-09 10:00:00,2023-10-09 10:05:00,6908.396946566651,1.3816793893133303,6,"欧州
15-21JST","EURGBP_欧州
15-21JST",2023_41
EURGBP,long,2023-10-09 10:05:00,2023-10-09 10:10:00,7110.990206746908,1.4221980413493818,5,"欧州
15-21JST","EURGBP_欧州
15-21JST",2023_41
EURGBP,long,2023-10-09 10:15:00,2023-10-09 10:20:00,9741.275571600898,1.94825511432018,3,"欧州
15-21JST","EURGBP_欧州
15-21JST",2023_41
EURGBP,long,2023-10-09 10:20:00,2023-10-09 10:25:00,9617.380025941247,1.9234760051882496,2,"欧州
15-21JST","EURGBP_欧州
15-21JST",2023_41
EURAUD,long,2023-10-09 19:20:00,2023-10-09 19:25:00,-1725.1461988298563,-0.3450292397659713,7,"深夜
03-09JST","EURAUD_深夜
03-09JST",2023_41
EURAUD,long,2023-10-09 19:40:00,2023-10-09 19:45:00,-4756.218905471799,-0.9512437810943598,3,"深夜
03-09JST","EURAUD_深夜
03-09JST",2023_41
EURAUD,long,2023-10-09 19:50:00,2023-10-09 19:55:00,-1077.738515902647,-0.2155477031805293,12,"深夜
03-09JST","EURAUD_深夜
03-09JST",2023_41
EURAUD,long,2023-10-09 19:55:00,2023-10-09 20:00:00,194.7368421042003,0.03894736842084,11,"深夜
03-09JST","EURAUD_深夜
03-09JST",2023_41
EURAUD,long,2023-10-09 20:15:00,2023-10-09 20:20:00,157.89473684407352,0.0315789473688147,4,"深夜
03-09JST","EURAUD_深夜
03-09JST",2023_41
AUDUSD,short,2023-10-10 07:10:00,2023-10-10 07:15:00,-1557.3770491797654,-0.311475409835953,2,"欧州
15-21JST","AUDUSD_欧州
15-21JST",2023_41
AUDUSD,short,2023-10-10 07:15:00,2023-10-10 07:20:00,-5000.000000000192,-1.0000000000000384,1,"欧州
15-21JST","AUDUSD_欧州
15-21JST",2023_41
EURGBP,long,2023-10-10 10:00:00,2023-10-10 10:05:00,1040.3225806453163,0.2080645161290633,13,"欧州
15-21JST","EURGBP_欧州
15-21JST",2023_41
AUDUSD,short,2023-10-10 11:20:00,2023-10-10 11:25:00,1569.832402235073,0.3139664804470146,2,"欧州
15-21JST","AUDUSD_欧州
15-21JST",2023_41
AUDUSD,short,2023-10-10 11:25:00,2023-10-10 11:30:00,-4999.999999999347,-0.9999999999998694,1,"欧州
15-21JST","AUDUSD_欧州
15-21JST",2023_41
AUDUSD,short,2023-10-10 11:30:00,2023-10-10 11:35:00,-5000.00000000061,-1.000000000000122,1,"欧州
15-21JST","AUDUSD_欧州
15-21JST",2023_41
AUDUSD,short,2023-10-10 11:35:00,2023-10-10 11:40:00,1101.860920666098,0.2203721841332195,4,"欧州
15-21JST","AUDUSD_欧州
15-21JST",2023_41
AUDUSD,short,2023-10-10 11:45:00,2023-10-10 11:50:00,-1134.1222879678398,-0.2268244575935679,2,"欧州
15-21JST","AUDUSD_欧州
15-21JST",2023_41
EURGBP,long,2023-10-11 10:55:00,2023-10-11 12:00:00,-5000.000000000763,-1.0000000000001523,2,"欧州
15-21JST","EURGBP_欧州
15-21JST",2023_41
AUDUSD,long,2023-10-11 12:40:00,2023-10-11 12:45:00,3405.8988764038218,0.6811797752807643,3,"NY
21-03JST","AUDUSD_NY
21-03JST",2023_41
AUDUSD,long,2023-10-11 15:15:00,2023-10-11 15:20:00,3444.7674418603365,0.6889534883720673,4,"NY
21-03JST","AUDUSD_NY
21-03JST",2023_41
AUDUSD,long,2023-10-11 15:50:00,2023-10-11 15:55:00,-3286.9198312235744,-0.6573839662447148,4,"NY
21-03JST","AUDUSD_NY
21-03JST",2023_41
AUDUSD,long,2023-10-11 16:00:00,2023-10-11 16:05:00,-3297.4742750237065,-0.6594948550047413,2,"NY
21-03JST","AUDUSD_NY
21-03JST",2023_41
NZDUSD,long,2023-10-11 16:25:00,2023-10-11 16:30:00,3847.0066518847257,0.7694013303769451,4,"NY
21-03JST","NZDUSD_NY
21-03JST",2023_41
NZDUSD,long,2023-10-11 17:30:00,2023-10-11 17:35:00,-4999.999999999372,-0.9999999999998744,1,"NY
21-03JST","NZDUSD_NY
21-03JST",2023_41
AUDUSD,long,2023-10-11 17:30:00,2023-10-11 17:35:00,-5000.00000000043,-1.000000000000086,1,"NY
21-03JST","AUDUSD_NY
21-03JST",2023_41
AUDUSD,long,2023-10-11 17:35:00,2023-10-11 17:40:00,13137.93103448026,2.627586206896052,5,"NY
21-03JST","AUDUSD_NY
21-03JST",2023_41
AUDUSD,long,2023-10-11 17:40:00,2023-10-11 17:45:00,11398.348813207727,2.2796697626415456,4,"NY
21-03JST","AUDUSD_NY
21-03JST",2023_41
NZDUSD,long,2023-10-11 17:45:00,2023-10-11 17:50:00,23950.61728394805,4.79012345678961,3,"NY
21-03JST","NZDUSD_NY
21-03JST",2023_41
AUDUSD,long,2023-10-12 12:30:00,2023-10-12 12:35:00,-4999.999999999556,-0.9999999999999112,1,"NY
21-03JST","AUDUSD_NY
21-03JST",2023_41
NZDUSD,long,2023-10-12 12:30:00,2023-10-12 12:35:00,-4999.999999999905,-0.9999999999999812,1,"NY
21-03JST","NZDUSD_NY
21-03JST",2023_41
AUDUSD,long,2023-10-12 12:40:00,2023-10-12 12:45:00,-1961.9500594535211,-0.3923900118907042,2,"NY
21-03JST","AUDUSD_NY
21-03JST",2023_41
NZDUSD,long,2023-10-12 12:40:00,2023-10-12 12:45:00,-4999.999999999562,-0.9999999999999124,1,"NY
21-03JST","NZDUSD_NY
21-03JST",2023_41
NZDUSD,long,2023-10-12 12:50:00,2023-10-12 12:55:00,-4085.227272727504,-0.8170454545455009,2,"NY
21-03JST","NZDUSD_NY
21-03JST",2023_41
NZDUSD,long,2023-10-12 13:00:00,2023-10-12 13:05:00,-5000.0000000001855,-1.000000000000037,1,"NY
21-03JST","NZDUSD_NY
21-03JST",2023_41
NZDUSD,long,2023-10-12 13:05:00,2023-10-12 13:10:00,-4999.99999999959,-0.999999999999918,2,"NY
21-03JST","NZDUSD_NY
21-03JST",2023_41
NZDUSD,long,2023-10-12 13:10:00,2023-10-12 13:15:00,-4096.5410428496425,-0.8193082085699285,3,"NY
21-03JST","NZDUSD_NY
21-03JST",2023_41
AUDUSD,long,2023-10-12 13:15:00,2023-10-12 13:20:00,-4729.7297297291925,-0.9459459459458384,2,"NY
21-03JST","AUDUSD_NY
21-03JST",2023_41
AUDUSD,long,2023-10-12 13:20:00,2023-10-12 13:25:00,-4999.999999999682,-0.9999999999999364,1,"NY
21-03JST","AUDUSD_NY
21-03JST",2023_41
NZDUSD,long,2023-10-12 13:20:00,2023-10-12 13:25:00,-5000.000000000346,-1.000000000000069,1,"NY
21-03JST","NZDUSD_NY
21-03JST",2023_41
AUDUSD,long,2023-10-12 13:30:00,2023-10-12 13:35:00,-3896.189224704768,-0.7792378449409535,2,"NY
21-03JST","AUDUSD_NY
21-03JST",2023_41
NZDUSD,long,2023-10-12 13:30:00,2023-10-12 13:35:00,-3432.3271665047027,-0.6864654333009406,2,"NY
21-03JST","NZDUSD_NY
21-03JST",2023_41
AUDUSD,long,2023-10-12 13:40:00,2023-10-12 13:45:00,-2918.3467741937084,-0.5836693548387417,2,"NY
21-03JST","AUDUSD_NY
21-03JST",2023_41
NZDUSD,long,2023-10-12 13:40:00,2023-10-12 13:45:00,-2998.878923766087,-0.5997757847532175,2,"NY
21-03JST","NZDUSD_NY
21-03JST",2023_41
AUDUSD,long,2023-10-12 13:45:00,2023-10-12 13:50:00,-5000.000000000121,-1.0000000000000242,1,"NY
21-03JST","AUDUSD_NY
21-03JST",2023_41
NZDUSD,long,2023-10-12 13:45:00,2023-10-12 13:50:00,-5000.000000000201,-1.0000000000000402,1,"NY
21-03JST","NZDUSD_NY
21-03JST",2023_41
NZDUSD,long,2023-10-12 13:50:00,2023-10-12 13:55:00,-5000.000000000071,-1.0000000000000142,1,"NY
21-03JST","NZDUSD_NY
21-03JST",2023_41
AUDUSD,long,2023-10-12 13:50:00,2023-10-12 13:55:00,-5000.0,-1.0,1,"NY
21-03JST","AUDUSD_NY
21-03JST",2023_41
NZDUSD,long,2023-10-12 13:55:00,2023-10-12 14:00:00,1508.4525357610653,0.301690507152213,4,"NY
21-03JST","NZDUSD_NY
21-03JST",2023_41
AUDUSD,long,2023-10-12 13:55:00,2023-10-12 14:00:00,-400.2389486261425,-0.0800477897252285,3,"NY
21-03JST","AUDUSD_NY
21-03JST",2023_41
NZDUSD,long,2023-10-12 14:00:00,2023-10-12 14:05:00,487.3892297203751,0.097477845944075,3,"NY
21-03JST","NZDUSD_NY
21-03JST",2023_41
AUDUSD,long,2023-10-12 14:00:00,2023-10-12 14:05:00,1146.953405017728,0.2293906810035456,2,"NY
21-03JST","AUDUSD_NY
21-03JST",2023_41
NZDUSD,long,2023-10-12 14:15:00,2023-10-12 14:20:00,-5000.000000000475,-1.000000000000095,1,"NY
21-03JST","NZDUSD_NY
21-03JST",2023_41
AUDUSD,long,2023-10-12 14:15:00,2023-10-12 14:20:00,-5000.000000000129,-1.0000000000000258,1,"NY
21-03JST","AUDUSD_NY
21-03JST",2023_41
AUDUSD,long,2023-10-12 14:20:00,2023-10-12 14:25:00,-5000.000000000066,-1.000000000000013,1,"NY
21-03JST","AUDUSD_NY
21-03JST",2023_41
NZDUSD,long,2023-10-12 14:20:00,2023-10-12 14:25:00,-5000.000000000331,-1.0000000000000662,1,"NY
21-03JST","NZDUSD_NY
21-03JST",2023_41
AUDUSD,long,2023-10-12 14:25:00,2023-10-12 14:30:00,-3656.195462478609,-0.7312390924957217,2,"NY
21-03JST","AUDUSD_NY
21-03JST",2023_41
NZDUSD,long,2023-10-12 14:25:00,2023-10-12 14:30:00,-5000.000000000572,-1.0000000000001144,1,"NY
21-03JST","NZDUSD_NY
21-03JST",2023_41
AUDUSD,long,2023-10-12 14:30:00,2023-10-12 14:35:00,-1578.6516853935586,-0.3157303370787117,2,"NY
21-03JST","AUDUSD_NY
21-03JST",2023_41
AUDUSD,long,2023-10-12 14:40:00,2023-10-12 14:45:00,-270.7984366273714,-0.0541596873254742,2,"NY
21-03JST","AUDUSD_NY
21-03JST",2023_41
AUDUSD,long,2023-10-12 14:45:00,2023-10-12 14:50:00,-4277.173913042491,-0.8554347826084983,3,"NY
21-03JST","AUDUSD_NY
21-03JST",2023_41
AUDUSD,long,2023-10-12 14:50:00,2023-10-12 14:55:00,-1459.593183066654,-0.2919186366133308,2,"NY
21-03JST","AUDUSD_NY
21-03JST",2023_41
NZDUSD,long,2023-10-12 15:00:00,2023-10-12 15:05:00,-1188.8352860094228,-0.2377670572018845,2,"NY
21-03JST","NZDUSD_NY
21-03JST",2023_41
AUDUSD,long,2023-10-12 15:00:00,2023-10-12 15:05:00,-2239.436619718992,-0.4478873239437984,4,"NY
21-03JST","AUDUSD_NY
21-03JST",2023_41
NZDUSD,long,2023-10-12 15:05:00,2023-10-12 15:10:00,-925.1559251557636,-0.1850311850311527,2,"NY
21-03JST","NZDUSD_NY
21-03JST",2023_41
AUDUSD,long,2023-10-12 15:05:00,2023-10-12 15:10:00,-2857.540345020291,-0.5715080690040583,4,"NY
21-03JST","AUDUSD_NY
21-03JST",2023_41
NZDUSD,long,2023-10-12 15:20:00,2023-10-12 15:25:00,-2049.067035246143,-0.4098134070492286,4,"NY
21-03JST","NZDUSD_NY
21-03JST",2023_41
AUDUSD,long,2023-10-12 15:20:00,2023-10-12 15:25:00,-2910.447761194081,-0.5820895522388163,4,"NY
21-03JST","AUDUSD_NY
21-03JST",2023_41
NZDUSD,long,2023-10-12 15:25:00,2023-10-12 15:30:00,-979.238754324987,-0.1958477508649974,3,"NY
21-03JST","NZDUSD_NY
21-03JST",2023_41
AUDUSD,long,2023-10-12 15:25:00,2023-10-12 15:30:00,-1131.1053984575394,-0.2262210796915079,3,"NY
21-03JST","AUDUSD_NY
21-03JST",2023_41
NZDUSD,long,2023-10-12 15:30:00,2023-10-12 15:35:00,-3702.814001372436,-0.7405628002744871,2,"NY
21-03JST","NZDUSD_NY
21-03JST",2023_41
AUDUSD,long,2023-10-12 15:30:00,2023-10-12 15:35:00,-3194.713088330064,-0.6389426176660127,2,"NY
21-03JST","AUDUSD_NY
21-03JST",2023_41
NZDUSD,long,2023-10-12 15:40:00,2023-10-12 15:45:00,-4999.999999999919,-0.9999999999999838,1,"NY
21-03JST","NZDUSD_NY
21-03JST",2023_41
AUDUSD,long,2023-10-12 15:45:00,2023-10-12 15:50:00,2678.6978060853403,0.535739561217068,6,"NY
21-03JST","AUDUSD_NY
21-03JST",2023_41
NZDUSD,long,2023-10-12 15:45:00,2023-10-12 15:50:00,1130.2395209564163,0.2260479041912832,6,"NY
21-03JST","NZDUSD_NY
21-03JST",2023_41
AUDUSD,long,2023-10-12 15:50:00,2023-10-12 15:55:00,-924.834193074054,-0.1849668386148107,5,"NY
21-03JST","AUDUSD_NY
21-03JST",2023_41
NZDUSD,long,2023-10-12 15:50:00,2023-10-12 15:55:00,-1259.5419847341784,-0.2519083969468357,5,"NY
21-03JST","NZDUSD_NY
21-03JST",2023_41
AUDUSD,long,2023-10-12 16:10:00,2023-10-12 16:15:00,-2987.421383649133,-0.5974842767298267,2,"NY
21-03JST","AUDUSD_NY
21-03JST",2023_41
NZDUSD,long,2023-10-12 16:10:00,2023-10-12 16:15:00,-4509.202453986894,-0.9018404907973788,2,"NY
21-03JST","NZDUSD_NY
21-03JST",2023_41
AUDUSD,long,2023-10-12 16:20:00,2023-10-12 16:25:00,-4999.999999999893,-0.9999999999999786,1,"NY
21-03JST","AUDUSD_NY
21-03JST",2023_41
NZDUSD,long,2023-10-12 16:20:00,2023-10-12 16:25:00,-3913.676042677448,-0.7827352085354895,5,"NY
21-03JST","NZDUSD_NY
21-03JST",2023_41
NZDUSD,long,2023-10-12 16:25:00,2023-10-12 16:30:00,-44.2477876102485,-0.0088495575220497,4,"NY
21-03JST","NZDUSD_NY
21-03JST",2023_41
AUDUSD,long,2023-10-12 16:25:00,2023-10-12 16:30:00,-2202.664129400584,-0.4405328258801168,3,"NY
21-03JST","AUDUSD_NY
21-03JST",2023_41
NZDUSD,long,2023-10-12 17:00:00,2023-10-12 17:05:00,-5000.000000000403,-1.0000000000000806,1,"NY
21-03JST","NZDUSD_NY
21-03JST",2023_41
EURGBP,long,2023-10-13 07:25:00,2023-10-13 07:30:00,-1213.8364779859942,-0.2427672955971988,2,"欧州
15-21JST","EURGBP_欧州
15-21JST",2023_41
EURGBP,long,2023-10-13 07:35:00,2023-10-13 07:40:00,10546.218487397782,2.1092436974795565,8,"欧州
15-21JST","EURGBP_欧州
15-21JST",2023_41
EURGBP,long,2023-10-13 07:50:00,2023-10-13 07:55:00,9068.20950060884,1.813641900121768,5,"欧州
15-21JST","EURGBP_欧州
15-21JST",2023_41
EURAUD,long,2023-10-16 15:00:00,2023-10-16 15:05:00,-4785.768936495495,-0.957153787299099,2,"NY
21-03JST","EURAUD_NY
21-03JST",2023_42
EURAUD,long,2023-10-16 15:10:00,2023-10-16 15:15:00,-5000.000000000316,-1.000000000000063,1,"NY
21-03JST","EURAUD_NY
21-03JST",2023_42
EURAUD,long,2023-10-16 15:15:00,2023-10-16 15:20:00,-1860.4118993123263,-0.3720823798624653,5,"NY
21-03JST","EURAUD_NY
21-03JST",2023_42
EURAUD,long,2023-10-16 15:25:00,2023-10-16 15:30:00,-699.4328922486508,-0.1398865784497301,3,"NY
21-03JST","EURAUD_NY
21-03JST",2023_42
EURAUD,long,2023-10-16 15:30:00,2023-10-16 15:35:00,610.8160309034022,0.1221632061806804,2,"NY
21-03JST","EURAUD_NY
21-03JST",2023_42
EURAUD,long,2023-10-16 15:45:00,2023-10-16 15:50:00,-4999.999999999776,-0.9999999999999551,1,"NY
21-03JST","EURAUD_NY
21-03JST",2023_42
EURAUD,long,2023-10-16 15:50:00,2023-10-16 15:55:00,-2995.835502342733,-0.5991671004685467,2,"NY
21-03JST","EURAUD_NY
21-03JST",2023_42
EURAUD,long,2023-10-16 15:55:00,2023-10-16 16:00:00,-4999.999999999773,-0.9999999999999544,1,"NY
21-03JST","EURAUD_NY
21-03JST",2023_42
EURAUD,long,2023-10-16 16:10:00,2023-10-16 16:15:00,2764.9643053269165,0.5529928610653833,15,"NY
21-03JST","EURAUD_NY
21-03JST",2023_42
EURAUD,long,2023-10-16 16:15:00,2023-10-16 16:20:00,1898.0963045913877,0.3796192609182774,14,"NY
21-03JST","EURAUD_NY
21-03JST",2023_42
EURAUD,long,2023-10-16 16:25:00,2023-10-16 16:30:00,-246.63677130109457,-0.0493273542602189,6,"NY
21-03JST","EURAUD_NY
21-03JST",2023_42
EURAUD,long,2023-10-16 16:45:00,2023-10-16 16:50:00,-2204.301075266615,-0.440860215053323,2,"NY
21-03JST","EURAUD_NY
21-03JST",2023_42
EURAUD,long,2023-10-16 16:55:00,2023-10-16 17:00:00,2502.109704639958,0.5004219409279916,2,"NY
21-03JST","EURAUD_NY
21-03JST",2023_42
NZDUSD,short,2023-10-16 21:50:00,2023-10-16 21:55:00,-4999.999999999109,-0.9999999999998216,1,"深夜
03-09JST","NZDUSD_深夜
03-09JST",2023_42
NZDUSD,short,2023-10-16 21:55:00,2023-10-16 22:00:00,7306.830907055592,1.4613661814111183,3,"深夜
03-09JST","NZDUSD_深夜
03-09JST",2023_42
NZDUSD,short,2023-10-16 22:05:00,2023-10-16 22:10:00,-2865.4708520179915,-0.5730941704035983,2,"深夜
03-09JST","NZDUSD_深夜
03-09JST",2023_42
NZDUSD,short,2023-10-16 22:30:00,2023-10-16 22:35:00,-3443.208895949181,-0.6886417791898363,2,"深夜
03-09JST","NZDUSD_深夜
03-09JST",2023_42
NZDUSD,short,2023-10-16 22:40:00,2023-10-16 22:45:00,-702.225633154424,-0.1404451266308848,10,"深夜
03-09JST","NZDUSD_深夜
03-09JST",2023_42
GBPUSD,short,2023-10-17 12:30:00,2023-10-17 12:35:00,-3701.298701298434,-0.7402597402596868,2,"NY
21-03JST","GBPUSD_NY
21-03JST",2023_42
GBPUSD,short,2023-10-17 13:00:00,2023-10-17 13:05:00,-5000.000000000167,-1.0000000000000335,1,"NY
21-03JST","GBPUSD_NY
21-03JST",2023_42
GBPUSD,short,2023-10-17 13:25:00,2023-10-17 13:30:00,-3189.2274982272115,-0.6378454996454423,6,"NY
21-03JST","GBPUSD_NY
21-03JST",2023_42
GBPUSD,short,2023-10-17 13:35:00,2023-10-17 13:40:00,-373.4939759033829,-0.0746987951806765,4,"NY
21-03JST","GBPUSD_NY
21-03JST",2023_42
GBPUSD,short,2023-10-17 13:45:00,2023-10-17 13:50:00,-3728.848534873618,-0.7457697069747237,2,"NY
21-03JST","GBPUSD_NY
21-03JST",2023_42
GBPUSD,short,2023-10-17 13:55:00,2023-10-17 14:00:00,-5000.00000000037,-1.000000000000074,1,"NY
21-03JST","GBPUSD_NY
21-03JST",2023_42
EURGBP,long,2023-10-18 06:00:00,2023-10-18 06:05:00,1545.8015267164965,0.3091603053432993,2,"欧州
15-21JST","EURGBP_欧州
15-21JST",2023_42
EURGBP,long,2023-10-18 06:05:00,2023-10-18 06:10:00,9717.314487630289,1.9434628975260573,3,"欧州
15-21JST","EURGBP_欧州
15-21JST",2023_42
EURGBP,long,2023-10-18 06:25:00,2023-10-18 06:30:00,-96.15384615447375,-0.0192307692308947,5,"欧州
15-21JST","EURGBP_欧州
15-21JST",2023_42
EURGBP,long,2023-10-18 06:30:00,2023-10-18 06:35:00,1127.3209549054027,0.2254641909810805,4,"欧州
15-21JST","EURGBP_欧州
15-21JST",2023_42
GBPUSD,short,2023-10-18 13:25:00,2023-10-18 13:30:00,-4594.398841139913,-0.9188797682279828,3,"NY
21-03JST","GBPUSD_NY
21-03JST",2023_42
GBPUSD,short,2023-10-18 14:30:00,2023-10-18 14:35:00,764.7058823520733,0.1529411764704146,3,"NY
21-03JST","GBPUSD_NY
21-03JST",2023_42
GBPUSD,short,2023-10-18 14:35:00,2023-10-18 14:40:00,-2914.183551847973,-0.5828367103695946,2,"NY
21-03JST","GBPUSD_NY
21-03JST",2023_42
GBPUSD,short,2023-10-18 14:40:00,2023-10-18 14:45:00,-4097.138250705653,-0.8194276501411306,3,"NY
21-03JST","GBPUSD_NY
21-03JST",2023_42
GBPUSD,short,2023-10-18 15:10:00,2023-10-18 15:15:00,-4999.99999999952,-0.999999999999904,2,"NY
21-03JST","GBPUSD_NY
21-03JST",2023_42
GBPUSD,short,2023-10-18 16:10:00,2023-10-18 16:15:00,-2719.1943127960835,-0.5438388625592167,2,"NY
21-03JST","GBPUSD_NY
21-03JST",2023_42
CHFJPY,long,2023-10-18 16:10:00,2023-10-18 16:15:00,-2925.227349277084,-0.5850454698554167,5,"NY
21-03JST","CHFJPY_NY
21-03JST",2023_42
GBPUSD,short,2023-10-18 16:15:00,2023-10-18 16:20:00,-4999.999999999454,-0.9999999999998908,1,"NY
21-03JST","GBPUSD_NY
21-03JST",2023_42
CHFJPY,long,2023-10-18 16:15:00,2023-10-18 16:20:00,-2622.4526278150597,-0.5244905255630119,4,"NY
21-03JST","CHFJPY_NY
21-03JST",2023_42
NZDUSD,short,2023-10-18 19:25:00,2023-10-18 19:30:00,-2809.388335704667,-0.5618776671409335,4,"深夜
03-09JST","NZDUSD_深夜
03-09JST",2023_42
NZDUSD,short,2023-10-18 19:30:00,2023-10-18 19:35:00,-2663.280116109531,-0.5326560232219062,3,"深夜
03-09JST","NZDUSD_深夜
03-09JST",2023_42
NZDUSD,short,2023-10-18 19:40:00,2023-10-18 19:45:00,348.8372093020596,0.0697674418604119,8,"深夜
03-09JST","NZDUSD_深夜
03-09JST",2023_42
NZDUSD,short,2023-10-18 19:45:00,2023-10-18 19:50:00,-424.0282685532634,-0.0848056537106526,7,"深夜
03-09JST","NZDUSD_深夜
03-09JST",2023_42
NZDUSD,short,2023-10-18 20:00:00,2023-10-18 20:05:00,-3101.265822788368,-0.6202531645576737,4,"深夜
03-09JST","NZDUSD_深夜
03-09JST",2023_42
EURAUD,long,2023-10-19 16:15:00,2023-10-19 16:20:00,-5000.000000000458,-1.0000000000000917,1,"NY
21-03JST","EURAUD_NY
21-03JST",2023_42
EURAUD,long,2023-10-19 17:25:00,2023-10-19 17:30:00,8789.329685362016,1.7578659370724032,6,"NY
21-03JST","EURAUD_NY
21-03JST",2023_42
EURAUD,long,2023-10-19 17:30:00,2023-10-19 17:35:00,7070.689039627789,1.4141378079255578,5,"NY
21-03JST","EURAUD_NY
21-03JST",2023_42
NZDUSD,short,2023-10-19 18:50:00,2023-10-19 18:55:00,-4999.999999999722,-0.9999999999999444,1,"深夜
03-09JST","NZDUSD_深夜
03-09JST",2023_42
EURAUD,long,2023-10-20 13:55:00,2023-10-20 16:00:00,1579.0645879722383,0.3158129175944477,3,"NY
21-03JST","EURAUD_NY
21-03JST",2023_42
AUDUSD,short,2023-10-23 09:45:00,2023-10-23 09:50:00,801.9375672760422,0.1603875134552084,3,"欧州
15-21JST","AUDUSD_欧州
15-21JST",2023_43
AUDUSD,short,2023-10-23 10:00:00,2023-10-23 10:05:00,-4473.684210524966,-0.8947368421049933,2,"欧州
15-21JST","AUDUSD_欧州
15-21JST",2023_43
AUDUSD,short,2023-10-23 10:30:00,2023-10-23 10:35:00,-5000.0,-1.0,1,"欧州
15-21JST","AUDUSD_欧州
15-21JST",2023_43
EURGBP,long,2023-10-23 11:55:00,2023-10-23 15:00:00,-3110.795454544198,-0.6221590909088396,2,"欧州
15-21JST","EURGBP_欧州
15-21JST",2023_43
EURGBP,long,2023-10-24 06:35:00,2023-10-24 06:40:00,-3617.021276595802,-0.7234042553191604,2,"欧州
15-21JST","EURGBP_欧州
15-21JST",2023_43
EURGBP,long,2023-10-24 06:40:00,2023-10-24 06:45:00,-4999.999999999668,-0.9999999999999336,1,"欧州
15-21JST","EURGBP_欧州
15-21JST",2023_43
EURGBP,long,2023-10-24 06:45:00,2023-10-24 06:50:00,8980.169971668556,1.7960339943337111,5,"欧州
15-21JST","EURGBP_欧州
15-21JST",2023_43
EURGBP,long,2023-10-24 06:50:00,2023-10-24 06:55:00,11527.77777777714,2.3055555555554283,4,"欧州
15-21JST","EURGBP_欧州
15-21JST",2023_43
EURGBP,long,2023-10-24 06:55:00,2023-10-24 07:00:00,10533.707865167931,2.106741573033587,3,"欧州
15-21JST","EURGBP_欧州
15-21JST",2023_43
EURGBP,long,2023-10-24 07:20:00,2023-10-24 07:25:00,-5000.000000000428,-1.0000000000000857,1,"欧州
15-21JST","EURGBP_欧州
15-21JST",2023_43
EURGBP,long,2023-10-24 07:25:00,2023-10-24 07:30:00,-5000.000000000533,-1.0000000000001066,1,"欧州
15-21JST","EURGBP_欧州
15-21JST",2023_43
EURGBP,long,2023-10-24 07:30:00,2023-10-24 07:35:00,-5000.00000000058,-1.000000000000116,1,"欧州
15-21JST","EURGBP_欧州
15-21JST",2023_43
EURGBP,long,2023-10-24 08:00:00,2023-10-24 08:05:00,2583.834909718286,0.5167669819436572,5,"欧州
15-21JST","EURGBP_欧州
15-21JST",2023_43
EURGBP,long,2023-10-24 08:30:00,2023-10-24 08:35:00,5170.454545454588,1.0340909090909176,14,"欧州
15-21JST","EURGBP_欧州
15-21JST",2023_43
EURGBP,long,2023-10-24 08:35:00,2023-10-24 08:40:00,6695.906432747184,1.3391812865494368,13,"欧州
15-21JST","EURGBP_欧州
15-21JST",2023_43
EURGBP,long,2023-10-24 08:40:00,2023-10-24 08:45:00,7031.249999999411,1.406249999999882,12,"欧州
15-21JST","EURGBP_欧州
15-21JST",2023_43
EURGBP,long,2023-10-24 09:10:00,2023-10-24 09:15:00,6475.4098360657445,1.2950819672131488,6,"欧州
15-21JST","EURGBP_欧州
15-21JST",2023_43
NZDUSD,long,2023-10-24 13:50:00,2023-10-24 13:55:00,5105.633802816614,1.0211267605633227,2,"NY
21-03JST","NZDUSD_NY
21-03JST",2023_43
NZDUSD,long,2023-10-24 16:45:00,2023-10-24 16:50:00,10521.739130433369,2.104347826086673,5,"NY
21-03JST","NZDUSD_NY
21-03JST",2023_43
AUDNZD,long,2023-10-25 04:30:00,2023-10-25 04:35:00,12305.863708399653,2.4611727416799307,6,"東京
09-15JST","AUDNZD_東京
09-15JST",2023_43
AUDUSD,short,2023-10-25 07:00:00,2023-10-25 07:05:00,56.285178235931525,0.0112570356471863,5,"欧州
15-21JST","AUDUSD_欧州
15-21JST",2023_43
AUDNZD,long,2023-10-25 08:05:00,2023-10-25 08:10:00,-1443.2432432446758,-0.2886486486489351,3,"欧州
15-21JST","AUDNZD_欧州
15-21JST",2023_43
AUDNZD,long,2023-10-25 08:30:00,2023-10-25 08:35:00,826.4947245021483,0.1652989449004296,4,"欧州
15-21JST","AUDNZD_欧州
15-21JST",2023_43
AUDUSD,short,2023-10-25 08:30:00,2023-10-25 08:35:00,1263.6033857317832,0.2527206771463566,2,"欧州
15-21JST","AUDUSD_欧州
15-21JST",2023_43
AUDNZD,long,2023-10-25 08:45:00,2023-10-25 08:50:00,-4999.999999998443,-0.9999999999996886,1,"欧州
15-21JST","AUDNZD_欧州
15-21JST",2023_43
AUDUSD,short,2023-10-25 08:50:00,2023-10-25 08:55:00,17644.415917844697,3.52888318356894,6,"欧州
15-21JST","AUDUSD_欧州
15-21JST",2023_43
AUDNZD,long,2023-10-25 08:55:00,2023-10-25 09:00:00,-5000.000000001279,-1.0000000000002558,1,"欧州
15-21JST","AUDNZD_欧州
15-21JST",2023_43
AUDUSD,short,2023-10-25 08:55:00,2023-10-25 09:00:00,17876.376988987184,3.5752753977974367,7,"欧州
15-21JST","AUDUSD_欧州
15-21JST",2023_43
AUDUSD,short,2023-10-25 09:00:00,2023-10-25 09:05:00,12946.537059539787,2.5893074119079573,6,"欧州
15-21JST","AUDUSD_欧州
15-21JST",2023_43
AUDUSD,short,2023-10-25 09:05:00,2023-10-25 09:10:00,6509.009009009981,1.301801801801996,5,"欧州
15-21JST","AUDUSD_欧州
15-21JST",2023_43
AUDUSD,short,2023-10-25 09:15:00,2023-10-25 09:20:00,3688.524590164538,0.7377049180329076,3,"欧州
15-21JST","AUDUSD_欧州
15-21JST",2023_43
AUDUSD,short,2023-10-25 09:20:00,2023-10-25 09:25:00,-1231.386025200431,-0.2462772050400862,2,"欧州
15-21JST","AUDUSD_欧州
15-21JST",2023_43
AUDUSD,short,2023-10-25 09:30:00,2023-10-25 09:35:00,16388.888888887395,3.2777777777774797,3,"欧州
15-21JST","AUDUSD_欧州
15-21JST",2023_43
EURGBP,long,2023-10-27 09:10:00,2023-10-27 09:15:00,-4329.685362517035,-0.865937072503407,3,"欧州
15-21JST","EURGBP_欧州
15-21JST",2023_43
EURGBP,long,2023-10-27 09:15:00,2023-10-27 09:20:00,-3237.762237764108,-0.6475524475528215,2,"欧州
15-21JST","EURGBP_欧州
15-21JST",2023_43
EURGBP,long,2023-10-27 09:20:00,2023-10-27 09:25:00,-5000.0,-1.0,1,"欧州
15-21JST","EURGBP_欧州
15-21JST",2023_43
EURGBP,long,2023-10-27 09:30:00,2023-10-27 09:35:00,1138.6138613868743,0.2277227722773748,2,"欧州
15-21JST","EURGBP_欧州
15-21JST",2023_43
EURGBP,long,2023-10-27 09:35:00,2023-10-27 09:40:00,-5000.000000000604,-1.0000000000001208,1,"欧州
15-21JST","EURGBP_欧州
15-21JST",2023_43
EURGBP,long,2023-10-27 09:45:00,2023-10-27 09:50:00,11785.714285711088,2.3571428571422177,6,"欧州
15-21JST","EURGBP_欧州
15-21JST",2023_43
AUDUSD,short,2023-10-27 11:25:00,2023-10-27 11:30:00,-4570.024570025278,-0.9140049140050556,3,"欧州
15-21JST","AUDUSD_欧州
15-21JST",2023_43
AUDUSD,short,2023-10-27 11:50:00,2023-10-27 11:55:00,-3087.431693988557,-0.6174863387977114,2,"欧州
15-21JST","AUDUSD_欧州
15-21JST",2023_43
NZDUSD,long,2023-10-27 12:00:00,2023-10-27 12:05:00,8044.925124788167,1.6089850249576334,3,"NY
21-03JST","NZDUSD_NY
21-03JST",2023_43
EURJPY,long,2023-10-27 12:40:00,2023-10-27 12:45:00,11856.866537717808,2.371373307543561,2,"NY
21-03JST","EURJPY_NY
21-03JST",2023_43
NZDUSD,long,2023-10-27 15:30:00,2023-10-27 15:35:00,-1265.82278481141,-0.253164556962282,2,"NY
21-03JST","NZDUSD_NY
21-03JST",2023_43
NZDUSD,long,2023-10-27 16:05:00,2023-10-27 16:10:00,-3435.754189943479,-0.6871508379886958,2,"NY
21-03JST","NZDUSD_NY
21-03JST",2023_43
NZDUSD,long,2023-10-27 16:10:00,2023-10-27 16:15:00,-1825.581395349355,-0.365116279069871,2,"NY
21-03JST","NZDUSD_NY
21-03JST",2023_43
NZDUSD,long,2023-10-27 16:20:00,2023-10-27 16:25:00,-4162.679425839973,-0.8325358851679946,2,"NY
21-03JST","NZDUSD_NY
21-03JST",2023_43
NZDUSD,long,2023-10-27 16:25:00,2023-10-27 16:30:00,-4999.999999999592,-0.9999999999999184,4,"NY
21-03JST","NZDUSD_NY
21-03JST",2023_43
NZDUSD,long,2023-10-27 17:05:00,2023-10-27 17:10:00,1078.6974219825358,0.2157394843965071,4,"NY
21-03JST","NZDUSD_NY
21-03JST",2023_43
NZDUSD,long,2023-10-27 17:10:00,2023-10-27 17:15:00,2462.887989205636,0.4925775978411272,3,"NY
21-03JST","NZDUSD_NY
21-03JST",2023_43
NZDUSD,long,2023-10-27 17:30:00,2023-10-27 17:35:00,-2092.30769230849,-0.418461538461698,2,"NY
21-03JST","NZDUSD_NY
21-03JST",2023_43
NZDUSD,long,2023-10-27 17:45:00,2023-10-27 17:50:00,3265.306122447355,0.653061224489471,3,"NY
21-03JST","NZDUSD_NY
21-03JST",2023_43
CHFJPY,long,2023-10-30 14:15:00,2023-10-30 14:20:00,-5000.000000000243,-1.0000000000000486,2,"NY
21-03JST","CHFJPY_NY
21-03JST",2023_44
EURJPY,long,2023-10-30 14:15:00,2023-10-30 14:20:00,-2890.247369917752,-0.5780494739835503,2,"NY
21-03JST","EURJPY_NY
21-03JST",2023_44
CHFJPY,long,2023-10-30 14:20:00,2023-10-30 14:25:00,-3925.9259259246983,-0.7851851851849397,3,"NY
21-03JST","CHFJPY_NY
21-03JST",2023_44
EURJPY,long,2023-10-30 14:20:00,2023-10-30 14:25:00,-2018.374164810033,-0.4036748329620067,10,"NY
21-03JST","EURJPY_NY
21-03JST",2023_44
EURJPY,long,2023-10-30 14:30:00,2023-10-30 14:35:00,-1143.3005690634573,-0.2286601138126914,13,"NY
21-03JST","EURJPY_NY
21-03JST",2023_44
CHFJPY,long,2023-10-30 14:30:00,2023-10-30 14:35:00,-4999.999999999927,-0.9999999999999856,2,"NY
21-03JST","CHFJPY_NY
21-03JST",2023_44
EURJPY,long,2023-10-30 14:35:00,2023-10-30 14:40:00,-405.33472803442265,-0.0810669456068845,12,"NY
21-03JST","EURJPY_NY
21-03JST",2023_44
CHFJPY,long,2023-10-30 14:35:00,2023-10-30 14:40:00,-4999.999999999484,-0.9999999999998967,2,"NY
21-03JST","CHFJPY_NY
21-03JST",2023_44
CHFJPY,long,2023-10-30 14:40:00,2023-10-30 14:45:00,-3727.2727272731927,-0.7454545454546385,2,"NY
21-03JST","CHFJPY_NY
21-03JST",2023_44
EURJPY,long,2023-10-30 14:45:00,2023-10-30 14:50:00,-2785.714285714218,-0.5571428571428436,10,"NY
21-03JST","EURJPY_NY
21-03JST",2023_44
CHFJPY,long,2023-10-30 14:45:00,2023-10-30 14:50:00,-5000.0000000003465,-1.0000000000000693,2,"NY
21-03JST","CHFJPY_NY
21-03JST",2023_44
CHFJPY,long,2023-10-30 14:50:00,2023-10-30 14:55:00,-4999.999999999795,-0.999999999999959,3,"NY
21-03JST","CHFJPY_NY
21-03JST",2023_44
CHFJPY,long,2023-10-30 14:55:00,2023-10-30 15:00:00,-4216.545012164237,-0.8433090024328475,2,"NY
21-03JST","CHFJPY_NY
21-03JST",2023_44
CHFJPY,long,2023-10-30 15:00:00,2023-10-30 15:05:00,-4204.160619255963,-0.8408321238511925,2,"NY
21-03JST","CHFJPY_NY
21-03JST",2023_44
CHFJPY,long,2023-10-30 15:05:00,2023-10-30 15:10:00,4040.527343750069,0.8081054687500139,18,"NY
21-03JST","CHFJPY_NY
21-03JST",2023_44
EURJPY,long,2023-10-30 15:10:00,2023-10-30 15:15:00,200.12808197080665,0.0400256163941613,16,"NY
21-03JST","EURJPY_NY
21-03JST",2023_44
CHFJPY,long,2023-10-30 15:10:00,2023-10-30 15:15:00,7270.754989875856,1.4541509979751712,17,"NY
21-03JST","CHFJPY_NY
21-03JST",2023_44
EURJPY,long,2023-10-30 15:15:00,2023-10-30 15:20:00,-4059.2081365775753,-0.811841627315515,4,"NY
21-03JST","EURJPY_NY
21-03JST",2023_44
CHFJPY,long,2023-10-30 15:15:00,2023-10-30 15:20:00,4416.938110749281,0.8833876221498562,6,"NY
21-03JST","CHFJPY_NY
21-03JST",2023_44
CHFJPY,long,2023-10-30 15:25:00,2023-10-30 15:30:00,3568.833999272696,0.7137667998545392,4,"NY
21-03JST","CHFJPY_NY
21-03JST",2023_44
EURJPY,long,2023-10-30 15:25:00,2023-10-30 15:30:00,2355.727820843357,0.4711455641686714,6,"NY
21-03JST","EURJPY_NY
21-03JST",2023_44
EURJPY,long,2023-10-30 15:35:00,2023-10-30 15:40:00,4248.3660130697845,0.8496732026139568,4,"NY
21-03JST","EURJPY_NY
21-03JST",2023_44
EURJPY,long,2023-10-30 15:40:00,2023-10-30 15:45:00,3891.129032256802,0.7782258064513604,3,"NY
21-03JST","EURJPY_NY
21-03JST",2023_44
EURJPY,long,2023-10-30 15:50:00,2023-10-30 15:55:00,812.4038954376874,0.1624807790875375,2,"NY
21-03JST","EURJPY_NY
21-03JST",2023_44
EURJPY,long,2023-10-30 16:00:00,2023-10-30 16:05:00,1055.3633217999386,0.2110726643599877,3,"NY
21-03JST","EURJPY_NY
21-03JST",2023_44
AUDNZD,long,2023-10-30 19:10:00,2023-10-30 19:15:00,-4999.999999997011,-0.9999999999994024,1,"深夜
03-09JST","AUDNZD_深夜
03-09JST",2023_44
AUDNZD,long,2023-10-30 19:55:00,2023-10-30 20:00:00,11406.249999991374,2.2812499999982747,4,"深夜
03-09JST","AUDNZD_深夜
03-09JST",2023_44
AUDNZD,long,2023-10-30 22:20:00,2023-10-30 22:25:00,-537.0755370739963,-0.1074151074147992,5,"深夜
03-09JST","AUDNZD_深夜
03-09JST",2023_44
AUDNZD,long,2023-10-30 22:25:00,2023-10-30 22:30:00,-1524.475524475313,-0.3048951048950626,4,"深夜
03-09JST","AUDNZD_深夜
03-09JST",2023_44
AUDNZD,long,2023-10-31 02:25:00,2023-10-31 02:30:00,-359.4771241838358,-0.0718954248367671,6,"東京
09-15JST","AUDNZD_東京
09-15JST",2023_44
AUDNZD,long,2023-10-31 02:30:00,2023-10-31 02:35:00,-694.3150046607109,-0.1388630009321421,5,"東京
09-15JST","AUDNZD_東京
09-15JST",2023_44
AUDNZD,long,2023-10-31 03:05:00,2023-10-31 03:10:00,-105.43840177722996,-0.0210876803554459,3,"東京
09-15JST","AUDNZD_東京
09-15JST",2023_44
AUDNZD,long,2023-10-31 03:25:00,2023-10-31 03:30:00,1932.1851453164672,0.3864370290632934,10,"東京
09-15JST","AUDNZD_東京
09-15JST",2023_44
AUDNZD,long,2023-10-31 03:35:00,2023-10-31 03:40:00,2537.313432836308,0.5074626865672616,8,"東京
09-15JST","AUDNZD_東京
09-15JST",2023_44
AUDNZD,long,2023-10-31 03:40:00,2023-10-31 03:45:00,2876.8577494703586,0.5753715498940717,7,"東京
09-15JST","AUDNZD_東京
09-15JST",2023_44
AUDNZD,long,2023-10-31 03:55:00,2023-10-31 04:00:00,1953.1250000027571,0.3906250000005514,4,"東京
09-15JST","AUDNZD_東京
09-15JST",2023_44
AUDNZD,long,2023-10-31 04:20:00,2023-10-31 04:25:00,1348.4486873535516,0.2696897374707103,16,"東京
09-15JST","AUDNZD_東京
09-15JST",2023_44
AUDNZD,long,2023-10-31 04:50:00,2023-10-31 04:55:00,-1487.889273353286,-0.2975778546706571,3,"東京
09-15JST","AUDNZD_東京
09-15JST",2023_44
AUDNZD,long,2023-10-31 05:20:00,2023-10-31 05:25:00,4469.835466171165,0.893967093234233,3,"東京
09-15JST","AUDNZD_東京
09-15JST",2023_44
EURJPY,long,2023-10-31 12:30:00,2023-10-31 12:35:00,3877.7638715062326,0.7755527743012465,3,"NY
21-03JST","EURJPY_NY
21-03JST",2023_44
EURJPY,long,2023-10-31 12:35:00,2023-10-31 12:40:00,745.0199203196976,0.1490039840639395,2,"NY
21-03JST","EURJPY_NY
21-03JST",2023_44
CHFJPY,long,2023-10-31 12:35:00,2023-10-31 12:40:00,-1710.1827676220046,-0.3420365535244009,2,"NY
21-03JST","CHFJPY_NY
21-03JST",2023_44
EURJPY,long,2023-10-31 13:10:00,2023-10-31 13:15:00,-4999.999999999507,-0.9999999999999014,1,"NY
21-03JST","EURJPY_NY
21-03JST",2023_44
EURJPY,long,2023-10-31 13:15:00,2023-10-31 13:20:00,-5000.000000000199,-1.0000000000000395,1,"NY
21-03JST","EURJPY_NY
21-03JST",2023_44
EURJPY,long,2023-10-31 13:20:00,2023-10-31 13:25:00,-2898.8195615515683,-0.5797639123103137,5,"NY
21-03JST","EURJPY_NY
21-03JST",2023_44
EURJPY,long,2023-10-31 13:25:00,2023-10-31 13:30:00,-2433.1734064429884,-0.4866346812885976,4,"NY
21-03JST","EURJPY_NY
21-03JST",2023_44
CHFJPY,long,2023-10-31 13:25:00,2023-10-31 13:30:00,-2553.1531531540995,-0.5106306306308199,2,"NY
21-03JST","CHFJPY_NY
21-03JST",2023_44
CHFJPY,long,2023-10-31 13:45:00,2023-10-31 13:50:00,-2486.1878453026234,-0.4972375690605247,2,"NY
21-03JST","CHFJPY_NY
21-03JST",2023_44
EURJPY,long,2023-10-31 13:45:00,2023-10-31 13:50:00,-4999.999999999766,-0.9999999999999531,1,"NY
21-03JST","EURJPY_NY
21-03JST",2023_44
EURJPY,long,2023-10-31 13:50:00,2023-10-31 13:55:00,4372.977346278552,0.8745954692557103,2,"NY
21-03JST","EURJPY_NY
21-03JST",2023_44
EURJPY,long,2023-10-31 13:55:00,2023-10-31 14:00:00,12535.070140281212,2.5070140280562425,4,"NY
21-03JST","EURJPY_NY
21-03JST",2023_44
EURJPY,long,2023-10-31 14:00:00,2023-10-31 14:05:00,8628.550074739585,1.725710014947917,3,"NY
21-03JST","EURJPY_NY
21-03JST",2023_44
AUDNZD,long,2023-10-31 20:45:00,2023-10-31 20:50:00,-3571.428571432197,-0.7142857142864394,2,"深夜
03-09JST","AUDNZD_深夜
03-09JST",2023_44
AUDNZD,long,2023-10-31 21:20:00,2023-10-31 21:25:00,7152.492668620554,1.4304985337241107,3,"深夜
03-09JST","AUDNZD_深夜
03-09JST",2023_44
AUDNZD,long,2023-10-31 21:25:00,2023-10-31 21:30:00,126.54819601458595,0.0253096392029171,2,"深夜
03-09JST","AUDNZD_深夜
03-09JST",2023_44
AUDNZD,long,2023-10-31 21:40:00,2023-10-31 21:45:00,25616.13295500596,5.123226591001192,3,"深夜
03-09JST","AUDNZD_深夜
03-09JST",2023_44
AUDNZD,long,2023-11-01 04:15:00,2023-11-01 04:20:00,-2907.6086956550057,-0.5815217391310011,4,"東京
09-15JST","AUDNZD_東京
09-15JST",2023_44
AUDNZD,long,2023-11-01 04:20:00,2023-11-01 04:25:00,-4699.570815452452,-0.9399141630904904,4,"東京
09-15JST","AUDNZD_東京
09-15JST",2023_44
AUDNZD,long,2023-11-01 04:30:00,2023-11-01 04:35:00,-5000.000000000334,-1.0000000000000668,2,"東京
09-15JST","AUDNZD_東京
09-15JST",2023_44
AUDNZD,long,2023-11-01 04:40:00,2023-11-01 04:45:00,402.29885057483006,0.080459770114966,3,"東京
09-15JST","AUDNZD_東京
09-15JST",2023_44
AUDNZD,long,2023-11-01 04:45:00,2023-11-01 04:50:00,1555.1839464912623,0.3110367892982524,2,"東京
09-15JST","AUDNZD_東京
09-15JST",2023_44
AUDNZD,long,2023-11-01 05:00:00,2023-11-01 05:05:00,-4374.999999995953,-0.8749999999991905,2,"東京
09-15JST","AUDNZD_東京
09-15JST",2023_44
AUDNZD,long,2023-11-01 05:10:00,2023-11-01 05:15:00,-2623.4567901239097,-0.524691358024782,3,"東京
09-15JST","AUDNZD_東京
09-15JST",2023_44
AUDNZD,long,2023-11-01 05:15:00,2023-11-01 05:20:00,-2708.674304420153,-0.5417348608840306,3,"東京
09-15JST","AUDNZD_東京
09-15JST",2023_44
AUDNZD,long,2023-11-01 05:25:00,2023-11-01 05:30:00,-3010.6571936024384,-0.6021314387204877,2,"東京
09-15JST","AUDNZD_東京
09-15JST",2023_44
AUDNZD,long,2023-11-01 05:30:00,2023-11-01 05:35:00,-1585.365853657763,-0.3170731707315526,2,"東京
09-15JST","AUDNZD_東京
09-15JST",2023_44
AUDNZD,long,2023-11-01 05:40:00,2023-11-01 05:45:00,8020.477815693877,1.6040955631387754,4,"東京
09-15JST","AUDNZD_東京
09-15JST",2023_44
AUDNZD,long,2023-11-01 05:50:00,2023-11-01 05:55:00,8927.33564013917,1.785467128027834,2,"東京
09-15JST","AUDNZD_東京
09-15JST",2023_44
AUDNZD,long,2023-11-01 05:55:00,2023-11-01 06:00:00,7465.753424655601,1.49315068493112,2,"東京
09-15JST","AUDNZD_東京
09-15JST",2023_44
AUDNZD,long,2023-11-01 23:55:00,2023-11-02 00:00:00,10741.29353233981,2.148258706467962,4,"深夜
03-09JST","AUDNZD_深夜
03-09JST",2023_44
AUDNZD,long,2023-11-02 02:05:00,2023-11-02 02:10:00,-1192.4686192467202,-0.238493723849344,2,"東京
09-15JST","AUDNZD_東京
09-15JST",2023_44
AUDNZD,long,2023-11-03 05:00:00,2023-11-03 05:05:00,-1728.0453257810148,-0.3456090651562029,5,"東京
09-15JST","AUDNZD_東京
09-15JST",2023_44
AUDNZD,long,2023-11-03 05:10:00,2023-11-03 05:15:00,-2620.396600569876,-0.5240793201139752,4,"東京
09-15JST","AUDNZD_東京
09-15JST",2023_44
AUDNZD,long,2023-11-03 05:25:00,2023-11-03 05:30:00,-3190.630048465879,-0.6381260096931758,2,"東京
09-15JST","AUDNZD_東京
09-15JST",2023_44
AUDNZD,long,2023-11-03 05:30:00,2023-11-03 05:35:00,-5000.000000000781,-1.0000000000001563,1,"東京
09-15JST","AUDNZD_東京
09-15JST",2023_44
AUDNZD,long,2023-11-03 05:35:00,2023-11-03 05:40:00,-5000.00000000086,-1.000000000000172,1,"東京
09-15JST","AUDNZD_東京
09-15JST",2023_44
AUDNZD,long,2023-11-03 05:55:00,2023-11-03 07:00:00,1550.4587155984434,0.3100917431196887,3,"東京
09-15JST","AUDNZD_東京
09-15JST",2023_44
AUDNZD,long,2023-11-05 22:15:00,2023-11-05 22:20:00,1897.2746331219128,0.3794549266243825,4,"深夜
03-09JST","AUDNZD_深夜
03-09JST",2023_44
AUDNZD,long,2023-11-05 22:25:00,2023-11-05 22:30:00,2147.147147144666,0.4294294294289332,2,"深夜
03-09JST","AUDNZD_深夜
03-09JST",2023_44
AUDNZD,long,2023-11-05 22:40:00,2023-11-05 22:45:00,-1027.5150472917785,-0.2055030094583557,2,"深夜
03-09JST","AUDNZD_深夜
03-09JST",2023_44
AUDNZD,long,2023-11-05 22:55:00,2023-11-05 23:00:00,10941.686367215772,2.1883372734431545,9,"深夜
03-09JST","AUDNZD_深夜
03-09JST",2023_44
EURGBP,long,2023-11-06 09:10:00,2023-11-06 09:15:00,-2780.487804877932,-0.5560975609755864,3,"欧州
15-21JST","EURGBP_欧州
15-21JST",2023_45
EURGBP,long,2023-11-06 09:15:00,2023-11-06 09:20:00,-1998.7389659525768,-0.3997477931905153,3,"欧州
15-21JST","EURGBP_欧州
15-21JST",2023_45
AUDUSD,short,2023-11-07 06:15:00,2023-11-07 06:20:00,1255.3191489351125,0.2510638297870224,2,"欧州
15-21JST","AUDUSD_欧州
15-21JST",2023_45
AUDJPY,short,2023-11-07 06:15:00,2023-11-07 06:20:00,-1158.5365853652688,-0.2317073170730537,2,"欧州
15-21JST","AUDJPY_欧州
15-21JST",2023_45
AUDUSD,short,2023-11-07 06:20:00,2023-11-07 06:25:00,-5000.000000000233,-1.0000000000000466,1,"欧州
15-21JST","AUDUSD_欧州
15-21JST",2023_45
AUDUSD,short,2023-11-07 06:25:00,2023-11-07 06:30:00,1395.5823293145386,0.2791164658629077,3,"欧州
15-21JST","AUDUSD_欧州
15-21JST",2023_45
GBPUSD,long,2023-11-07 07:45:00,2023-11-07 07:50:00,6998.223801065825,1.399644760213165,3,"欧州
15-21JST","GBPUSD_欧州
15-21JST",2023_45
AUDUSD,short,2023-11-07 10:50:00,2023-11-07 10:55:00,17577.720207253744,3.515544041450749,10,"欧州
15-21JST","AUDUSD_欧州
15-21JST",2023_45
GBPUSD,long,2023-11-07 11:30:00,2023-11-07 11:35:00,-4999.999999999006,-0.9999999999998012,1,"欧州
15-21JST","GBPUSD_欧州
15-21JST",2023_45
GBPUSD,long,2023-11-07 11:35:00,2023-11-07 11:40:00,8608.695652171078,1.7217391304342156,5,"欧州
15-21JST","GBPUSD_欧州
15-21JST",2023_45
GBPUSD,long,2023-11-07 11:40:00,2023-11-07 11:45:00,10489.721886333671,2.0979443772667348,4,"欧州
15-21JST","GBPUSD_欧州
15-21JST",2023_45
GBPUSD,long,2023-11-08 09:55:00,2023-11-08 10:00:00,-1692.5837320570097,-0.3385167464114019,2,"欧州
15-21JST","GBPUSD_欧州
15-21JST",2023_45
GBPUSD,long,2023-11-08 10:05:00,2023-11-08 10:10:00,13669.309173274132,2.7338618346548262,13,"欧州
15-21JST","GBPUSD_欧州
15-21JST",2023_45
GBPUSD,long,2023-11-08 10:20:00,2023-11-08 10:25:00,12478.206724781026,2.4956413449562054,10,"欧州
15-21JST","GBPUSD_欧州
15-21JST",2023_45
AUDJPY,short,2023-11-09 08:15:00,2023-11-09 08:20:00,-4999.9999999998845,-0.9999999999999768,1,"欧州
15-21JST","AUDJPY_欧州
15-21JST",2023_45
EURGBP,long,2023-11-09 09:55:00,2023-11-09 10:00:00,-4999.999999999595,-0.9999999999999192,1,"欧州
15-21JST","EURGBP_欧州
15-21JST",2023_45
EURGBP,long,2023-11-09 10:05:00,2023-11-09 10:10:00,894.7368421050993,0.1789473684210198,5,"欧州
15-21JST","EURGBP_欧州
15-21JST",2023_45
EURGBP,long,2023-11-09 10:35:00,2023-11-09 10:40:00,23728.813559321494,4.745762711864299,9,"欧州
15-21JST","EURGBP_欧州
15-21JST",2023_45
EURGBP,long,2023-11-09 10:40:00,2023-11-09 10:45:00,20975.903614458904,4.195180722891781,8,"欧州
15-21JST","EURGBP_欧州
15-21JST",2023_45
GBPUSD,long,2023-11-09 11:15:00,2023-11-09 11:20:00,-4999.999999999679,-0.9999999999999358,1,"欧州
15-21JST","GBPUSD_欧州
15-21JST",2023_45
GBPUSD,long,2023-11-14 11:45:00,2023-11-14 11:50:00,-4999.999999999797,-0.9999999999999596,1,"欧州
15-21JST","GBPUSD_欧州
15-21JST",2023_46
GBPUSD,long,2023-11-14 11:55:00,2023-11-14 12:00:00,18333.3333333353,3.66666666666706,6,"欧州
15-21JST","GBPUSD_欧州
15-21JST",2023_46
AUDNZD,long,2023-11-14 19:30:00,2023-11-14 19:35:00,-3804.3478260834418,-0.7608695652166884,2,"深夜
03-09JST","AUDNZD_深夜
03-09JST",2023_46
AUDNZD,long,2023-11-14 19:40:00,2023-11-14 19:45:00,-2662.957074721638,-0.5325914149443276,3,"深夜
03-09JST","AUDNZD_深夜
03-09JST",2023_46
AUDNZD,long,2023-11-14 19:45:00,2023-11-14 19:50:00,-1309.9041533555635,-0.2619808306711127,2,"深夜
03-09JST","AUDNZD_深夜
03-09JST",2023_46
AUDNZD,long,2023-11-14 19:55:00,2023-11-14 20:00:00,3289.4736842126704,0.6578947368425341,2,"深夜
03-09JST","AUDNZD_深夜
03-09JST",2023_46
AUDNZD,long,2023-11-14 20:00:00,2023-11-14 20:05:00,1138.4615384649842,0.2276923076929968,2,"深夜
03-09JST","AUDNZD_深夜
03-09JST",2023_46
AUDNZD,long,2023-11-14 20:10:00,2023-11-14 20:15:00,2941.1764705898454,0.588235294117969,6,"深夜
03-09JST","AUDNZD_深夜
03-09JST",2023_46
AUDNZD,long,2023-11-14 20:45:00,2023-11-14 20:50:00,-3986.975397977276,-0.7973950795954552,2,"深夜
03-09JST","AUDNZD_深夜
03-09JST",2023_46
AUDNZD,long,2023-11-14 23:50:00,2023-11-14 23:55:00,-347.0185728231601,-0.069403714564632,2,"深夜
03-09JST","AUDNZD_深夜
03-09JST",2023_46
EURJPY,short,2023-11-15 10:20:00,2023-11-15 10:25:00,-3721.603563476233,-0.7443207126952466,4,"欧州
15-21JST","EURJPY_欧州
15-21JST",2023_46
EURJPY,short,2023-11-15 10:25:00,2023-11-15 10:30:00,-5000.000000000288,-1.0000000000000575,1,"欧州
15-21JST","EURJPY_欧州
15-21JST",2023_46
NZDUSD,long,2023-11-15 14:45:00,2023-11-15 14:50:00,-4999.999999999938,-0.9999999999999876,1,"NY
21-03JST","NZDUSD_NY
21-03JST",2023_46
NZDUSD,long,2023-11-15 14:50:00,2023-11-15 14:55:00,870.9677419355553,0.174193548387111,5,"NY
21-03JST","NZDUSD_NY
21-03JST",2023_46
NZDUSD,long,2023-11-15 14:55:00,2023-11-15 15:00:00,2922.155688622076,0.5844311377244151,4,"NY
21-03JST","NZDUSD_NY
21-03JST",2023_46
NZDUSD,long,2023-11-15 15:20:00,2023-11-15 15:25:00,15221.26613398785,3.04425322679757,14,"NY
21-03JST","NZDUSD_NY
21-03JST",2023_46
NZDUSD,long,2023-11-16 12:20:00,2023-11-16 12:25:00,2895.878524945404,0.5791757049890807,3,"NY
21-03JST","NZDUSD_NY
21-03JST",2023_46
NZDUSD,long,2023-11-16 15:55:00,2023-11-16 16:00:00,45.045045045032566,0.0090090090090065,2,"NY
21-03JST","NZDUSD_NY
21-03JST",2023_46
NZDUSD,long,2023-11-16 16:30:00,2023-11-16 16:35:00,-3450.5208333334726,-0.6901041666666945,3,"NY
21-03JST","NZDUSD_NY
21-03JST",2023_46
NZDUSD,long,2023-11-16 17:35:00,2023-11-16 17:40:00,2122.538293216808,0.4245076586433616,8,"NY
21-03JST","NZDUSD_NY
21-03JST",2023_46
EURJPY,short,2023-11-17 07:55:00,2023-11-17 08:00:00,15835.6089568549,3.16712179137098,3,"欧州
15-21JST","EURJPY_欧州
15-21JST",2023_46
EURJPY,short,2023-11-17 08:00:00,2023-11-17 08:05:00,-1088.1417537473474,-0.2176283507494694,2,"欧州
15-21JST","EURJPY_欧州
15-21JST",2023_46
EURJPY,short,2023-11-17 08:05:00,2023-11-17 08:10:00,-5000.000000000242,-1.0000000000000484,1,"欧州
15-21JST","EURJPY_欧州
15-21JST",2023_46
EURJPY,short,2023-11-17 08:25:00,2023-11-17 08:30:00,7006.382130034206,1.401276426006841,2,"欧州
15-21JST","EURJPY_欧州
15-21JST",2023_46
EURJPY,short,2023-11-17 08:30:00,2023-11-17 08:35:00,1868.9138576773016,0.3737827715354603,2,"欧州
15-21JST","EURJPY_欧州
15-21JST",2023_46
AUDJPY,short,2023-11-17 08:35:00,2023-11-17 08:40:00,9060.258249639302,1.8120516499278605,3,"欧州
15-21JST","AUDJPY_欧州
15-21JST",2023_46
EURJPY,short,2023-11-17 08:35:00,2023-11-17 08:40:00,7490.0470503077695,1.498009410061554,3,"欧州
15-21JST","EURJPY_欧州
15-21JST",2023_46
AUDJPY,short,2023-11-17 08:40:00,2023-11-17 08:45:00,10397.0484891069,2.0794096978213803,2,"欧州
15-21JST","AUDJPY_欧州
15-21JST",2023_46
EURJPY,short,2023-11-17 08:40:00,2023-11-17 08:45:00,10831.823124320095,2.16636462486402,2,"欧州
15-21JST","EURJPY_欧州
15-21JST",2023_46
EURJPY,short,2023-11-17 08:50:00,2023-11-17 08:55:00,7377.125193198862,1.4754250386397725,4,"欧州
15-21JST","EURJPY_欧州
15-21JST",2023_46
AUDJPY,short,2023-11-17 08:55:00,2023-11-17 09:00:00,1522.533495735326,0.3045066991470652,3,"欧州
15-21JST","AUDJPY_欧州
15-21JST",2023_46
EURJPY,short,2023-11-17 09:05:00,2023-11-17 09:10:00,-5000.000000000077,-1.0000000000000155,1,"欧州
15-21JST","EURJPY_欧州
15-21JST",2023_46
EURJPY,short,2023-11-17 09:40:00,2023-11-17 09:45:00,6659.613059250928,1.3319226118501857,8,"欧州
15-21JST","EURJPY_欧州
15-21JST",2023_46
EURJPY,short,2023-11-17 09:50:00,2023-11-17 09:55:00,4205.103042197726,0.8410206084395452,6,"欧州
15-21JST","EURJPY_欧州
15-21JST",2023_46
EURJPY,short,2023-11-17 09:55:00,2023-11-17 10:00:00,3755.627009646717,0.7511254019293435,5,"欧州
15-21JST","EURJPY_欧州
15-21JST",2023_46
EURJPY,short,2023-11-17 10:05:00,2023-11-17 10:10:00,-2814.8820326681102,-0.562976406533622,2,"欧州
15-21JST","EURJPY_欧州
15-21JST",2023_46
EURJPY,short,2023-11-17 10:10:00,2023-11-17 10:15:00,-4695.431472079768,-0.9390862944159536,2,"欧州
15-21JST","EURJPY_欧州
15-21JST",2023_46
EURJPY,short,2023-11-17 10:15:00,2023-11-17 10:20:00,-5000.0,-1.0,1,"欧州
15-21JST","EURJPY_欧州
15-21JST",2023_46
EURJPY,short,2023-11-17 10:35:00,2023-11-17 10:40:00,2725.7525083618666,0.5451505016723733,2,"欧州
15-21JST","EURJPY_欧州
15-21JST",2023_46
EURJPY,short,2023-11-17 10:40:00,2023-11-17 10:45:00,-4999.999999999553,-0.9999999999999108,1,"欧州
15-21JST","EURJPY_欧州
15-21JST",2023_46
EURJPY,short,2023-11-17 10:45:00,2023-11-17 10:50:00,-4645.085803432766,-0.9290171606865532,2,"欧州
15-21JST","EURJPY_欧州
15-21JST",2023_46
EURJPY,short,2023-11-17 10:55:00,2023-11-17 11:00:00,-5000.000000000444,-1.0000000000000888,1,"欧州
15-21JST","EURJPY_欧州
15-21JST",2023_46
NZDUSD,long,2023-11-17 12:20:00,2023-11-17 12:25:00,13188.976377953066,2.637795275590613,5,"NY
21-03JST","NZDUSD_NY
21-03JST",2023_46
NZDUSD,long,2023-11-17 14:35:00,2023-11-17 14:40:00,-2245.011086474869,-0.4490022172949738,3,"NY
21-03JST","NZDUSD_NY
21-03JST",2023_46
NZDUSD,long,2023-11-17 14:40:00,2023-11-17 14:45:00,-3461.10484780212,-0.6922209695604239,2,"NY
21-03JST","NZDUSD_NY
21-03JST",2023_46
NZDUSD,long,2023-11-17 14:50:00,2023-11-17 14:55:00,2301.1196228643785,0.4602239245728757,3,"NY
21-03JST","NZDUSD_NY
21-03JST",2023_46
NZDUSD,long,2023-11-17 15:10:00,2023-11-17 15:15:00,2125.231338679252,0.4250462677358504,10,"NY
21-03JST","NZDUSD_NY
21-03JST",2023_46
AUDNZD,long,2023-11-19 22:50:00,2023-11-19 22:55:00,-4999.999999999594,-0.9999999999999188,1,"深夜
03-09JST","AUDNZD_深夜
03-09JST",2023_46
AUDNZD,long,2023-11-19 23:00:00,2023-11-19 23:05:00,-4392.185238784603,-0.8784370477569206,5,"深夜
03-09JST","AUDNZD_深夜
03-09JST",2023_46
AUDNZD,long,2023-11-19 23:05:00,2023-11-19 23:10:00,-2207.8376487037235,-0.4415675297407447,4,"深夜
03-09JST","AUDNZD_深夜
03-09JST",2023_46
AUDNZD,long,2023-11-19 23:10:00,2023-11-19 23:15:00,-976.454293629332,-0.1952908587258664,3,"深夜
03-09JST","AUDNZD_深夜
03-09JST",2023_46
GBPJPY,short,2023-11-20 08:45:00,2023-11-20 08:50:00,19202.81001832549,3.840562003665098,10,"欧州
15-21JST","GBPJPY_欧州
15-21JST",2023_47
AUDJPY,short,2023-11-20 08:45:00,2023-11-20 08:50:00,11904.62911321634,2.380925822643268,7,"欧州
15-21JST","AUDJPY_欧州
15-21JST",2023_47
AUDJPY,short,2023-11-20 08:50:00,2023-11-20 08:55:00,7744.881018261467,1.5489762036522934,6,"欧州
15-21JST","AUDJPY_欧州
15-21JST",2023_47
GBPJPY,short,2023-11-20 08:55:00,2023-11-20 09:00:00,16602.244389025003,3.3204488778050005,8,"欧州
15-21JST","GBPJPY_欧州
15-21JST",2023_47
AUDJPY,short,2023-11-20 08:55:00,2023-11-20 09:00:00,3208.469055374053,0.6416938110748106,5,"欧州
15-21JST","AUDJPY_欧州
15-21JST",2023_47
GBPJPY,short,2023-11-20 09:00:00,2023-11-20 09:05:00,12895.212285456142,2.5790424570912283,7,"欧州
15-21JST","GBPJPY_欧州
15-21JST",2023_47
AUDJPY,short,2023-11-20 09:00:00,2023-11-20 09:05:00,1687.8980891708932,0.3375796178341786,4,"欧州
15-21JST","AUDJPY_欧州
15-21JST",2023_47
GBPJPY,short,2023-11-20 09:05:00,2023-11-20 09:10:00,12182.20338983052,2.436440677966104,6,"欧州
15-21JST","GBPJPY_欧州
15-21JST",2023_47
AUDJPY,short,2023-11-20 09:05:00,2023-11-20 09:10:00,644.5419637954877,0.1289083927590975,3,"欧州
15-21JST","AUDJPY_欧州
15-21JST",2023_47
GBPJPY,short,2023-11-20 09:10:00,2023-11-20 09:15:00,10619.834710742838,2.1239669421485674,5,"欧州
15-21JST","GBPJPY_欧州
15-21JST",2023_47
AUDJPY,short,2023-11-20 09:10:00,2023-11-20 09:15:00,168.6046511614449,0.0337209302322889,2,"欧州
15-21JST","AUDJPY_欧州
15-21JST",2023_47
GBPJPY,short,2023-11-20 09:15:00,2023-11-20 09:20:00,6381.774865992155,1.2763549731984312,4,"欧州
15-21JST","GBPJPY_欧州
15-21JST",2023_47
AUDJPY,short,2023-11-20 09:15:00,2023-11-20 09:20:00,2277.426766226507,0.4554853532453013,5,"欧州
15-21JST","AUDJPY_欧州
15-21JST",2023_47
AUDJPY,short,2023-11-20 09:20:00,2023-11-20 09:25:00,3339.3501805061856,0.6678700361012371,4,"欧州
15-21JST","AUDJPY_欧州
15-21JST",2023_47
GBPJPY,short,2023-11-20 09:25:00,2023-11-20 09:30:00,5405.405405405452,1.0810810810810905,2,"欧州
15-21JST","GBPJPY_欧州
15-21JST",2023_47
AUDJPY,short,2023-11-20 09:35:00,2023-11-20 09:40:00,-4078.9473684208174,-0.8157894736841634,2,"欧州
15-21JST","AUDJPY_欧州
15-21JST",2023_47
AUDJPY,short,2023-11-20 09:45:00,2023-11-20 09:50:00,-804.1543026701742,-0.1608308605340348,10,"欧州
15-21JST","AUDJPY_欧州
15-21JST",2023_47
AUDJPY,short,2023-11-20 09:55:00,2023-11-20 10:00:00,-238.09523809453088,-0.0476190476189061,8,"欧州
15-21JST","AUDJPY_欧州
15-21JST",2023_47
GBPJPY,short,2023-11-20 10:05:00,2023-11-20 10:10:00,6539.1432791729285,1.3078286558345855,6,"欧州
15-21JST","GBPJPY_欧州
15-21JST",2023_47
AUDJPY,short,2023-11-20 10:05:00,2023-11-20 10:10:00,3347.768154563346,0.6695536309126692,6,"欧州
15-21JST","AUDJPY_欧州
15-21JST",2023_47
AUDJPY,short,2023-11-20 10:15:00,2023-11-20 10:20:00,2605.432451752362,0.5210864903504724,4,"欧州
15-21JST","AUDJPY_欧州
15-21JST",2023_47
GBPJPY,short,2023-11-20 10:15:00,2023-11-20 10:20:00,3117.829457364742,0.6235658914729485,4,"欧州
15-21JST","GBPJPY_欧州
15-21JST",2023_47
AUDJPY,short,2023-11-20 10:20:00,2023-11-20 10:25:00,-991.6201117327568,-0.1983240223465513,3,"欧州
15-21JST","AUDJPY_欧州
15-21JST",2023_47
GBPJPY,short,2023-11-20 10:20:00,2023-11-20 10:25:00,-68.2805710748969,-0.0136561142149793,3,"欧州
15-21JST","GBPJPY_欧州
15-21JST",2023_47
GBPJPY,short,2023-11-20 10:25:00,2023-11-20 10:30:00,692.9082628493813,0.1385816525698762,2,"欧州
15-21JST","GBPJPY_欧州
15-21JST",2023_47
AUDJPY,short,2023-11-20 10:25:00,2023-11-20 10:30:00,947.712418301708,0.1895424836603416,2,"欧州
15-21JST","AUDJPY_欧州
15-21JST",2023_47
GBPJPY,short,2023-11-20 10:30:00,2023-11-20 10:35:00,14058.295964124689,2.811659192824937,9,"欧州
15-21JST","GBPJPY_欧州
15-21JST",2023_47
GBPJPY,short,2023-11-20 10:35:00,2023-11-20 10:40:00,13908.971409791133,2.781794281958226,8,"欧州
15-21JST","GBPJPY_欧州
15-21JST",2023_47
GBPUSD,long,2023-11-20 11:20:00,2023-11-20 11:25:00,-1143.128562379074,-0.2286257124758148,3,"欧州
15-21JST","GBPUSD_欧州
15-21JST",2023_47
GBPUSD,long,2023-11-20 11:30:00,2023-11-20 11:35:00,767.7902621737038,0.1535580524347407,6,"欧州
15-21JST","GBPUSD_欧州
15-21JST",2023_47
GBPUSD,long,2023-11-20 11:40:00,2023-11-20 11:45:00,1146.5571699288564,0.2293114339857712,4,"欧州
15-21JST","GBPUSD_欧州
15-21JST",2023_47
NZDUSD,long,2023-11-20 12:00:00,2023-11-20 12:05:00,-5000.000000000145,-1.0000000000000289,1,"NY
21-03JST","NZDUSD_NY
21-03JST",2023_47
NZDUSD,long,2023-11-20 12:05:00,2023-11-20 12:10:00,-4999.999999999137,-0.9999999999998274,1,"NY
21-03JST","NZDUSD_NY
21-03JST",2023_47
NZDUSD,long,2023-11-20 12:10:00,2023-11-20 12:15:00,4032.258064515307,0.8064516129030614,6,"NY
21-03JST","NZDUSD_NY
21-03JST",2023_47
NZDUSD,long,2023-11-21 15:20:00,2023-11-21 15:25:00,-5000.000000000079,-1.0000000000000158,1,"NY
21-03JST","NZDUSD_NY
21-03JST",2023_47
NZDUSD,long,2023-11-21 15:25:00,2023-11-21 15:30:00,-79.57559681632193,-0.0159151193632643,2,"NY
21-03JST","NZDUSD_NY
21-03JST",2023_47
AUDUSD,long,2023-11-21 15:25:00,2023-11-21 15:30:00,1517.2413793102655,0.3034482758620531,4,"NY
21-03JST","AUDUSD_NY
21-03JST",2023_47
NZDUSD,long,2023-11-21 16:55:00,2023-11-21 17:00:00,-4129.186602871739,-0.8258373205743478,3,"NY
21-03JST","NZDUSD_NY
21-03JST",2023_47
NZDUSD,long,2023-11-21 17:00:00,2023-11-21 17:05:00,-2208.374875373592,-0.4416749750747183,2,"NY
21-03JST","NZDUSD_NY
21-03JST",2023_47
AUDUSD,long,2023-11-21 17:00:00,2023-11-21 17:05:00,-2377.5216138340293,-0.4755043227668059,2,"NY
21-03JST","AUDUSD_NY
21-03JST",2023_47
NZDUSD,long,2023-11-21 17:15:00,2023-11-21 17:20:00,1722.338204594888,0.3444676409189776,3,"NY
21-03JST","NZDUSD_NY
21-03JST",2023_47
AUDUSD,short,2023-11-22 06:05:00,2023-11-22 06:10:00,2331.6708229420974,0.4663341645884195,2,"欧州
15-21JST","AUDUSD_欧州
15-21JST",2023_47
AUDUSD,short,2023-11-22 06:10:00,2023-11-22 06:15:00,7986.022871665981,1.5972045743331962,5,"欧州
15-21JST","AUDUSD_欧州
15-21JST",2023_47
AUDUSD,short,2023-11-22 06:15:00,2023-11-22 06:20:00,3595.0413223139426,0.7190082644627885,4,"欧州
15-21JST","AUDUSD_欧州
15-21JST",2023_47
GBPUSD,long,2023-11-22 06:30:00,2023-11-22 06:35:00,3822.143698472593,0.7644287396945186,3,"欧州
15-21JST","GBPUSD_欧州
15-21JST",2023_47
GBPUSD,long,2023-11-22 06:35:00,2023-11-22 06:40:00,-22.93577981157168,-0.0045871559623143,2,"欧州
15-21JST","GBPUSD_欧州
15-21JST",2023_47
GBPUSD,long,2023-11-22 06:50:00,2023-11-22 06:55:00,5441.176470587598,1.0882352941175195,2,"欧州
15-21JST","GBPUSD_欧州
15-21JST",2023_47
GBPJPY,short,2023-11-22 11:00:00,2023-11-22 11:05:00,-5000.0,-1.0,1,"欧州
15-21JST","GBPJPY_欧州
15-21JST",2023_47
NZDUSD,long,2023-11-22 14:00:00,2023-11-22 14:05:00,-4999.999999999512,-0.9999999999999024,1,"NY
21-03JST","NZDUSD_NY
21-03JST",2023_47
AUDUSD,long,2023-11-22 14:00:00,2023-11-22 14:05:00,-4999.999999999934,-0.9999999999999868,1,"NY
21-03JST","AUDUSD_NY
21-03JST",2023_47
AUDUSD,long,2023-11-22 14:15:00,2023-11-22 14:20:00,2993.348115299501,0.5986696230599002,6,"NY
21-03JST","AUDUSD_NY
21-03JST",2023_47
NZDUSD,long,2023-11-22 14:15:00,2023-11-22 14:20:00,2573.22175732229,0.5146443514644581,6,"NY
21-03JST","NZDUSD_NY
21-03JST",2023_47
NZDUSD,long,2023-11-22 14:25:00,2023-11-22 14:30:00,2859.801488834591,0.5719602977669183,4,"NY
21-03JST","NZDUSD_NY
21-03JST",2023_47
AUDUSD,short,2023-11-28 08:15:00,2023-11-28 08:20:00,7494.92900608606,1.498985801217212,5,"欧州
15-21JST","AUDUSD_欧州
15-21JST",2023_48
AUDUSD,short,2023-11-28 08:20:00,2023-11-28 08:25:00,3786.307053941975,0.7572614107883949,4,"欧州
15-21JST","AUDUSD_欧州
15-21JST",2023_48
AUDUSD,short,2023-11-28 08:25:00,2023-11-28 08:30:00,4353.12831389016,0.870625662778032,3,"欧州
15-21JST","AUDUSD_欧州
15-21JST",2023_48
GBPUSD,long,2023-11-28 08:35:00,2023-11-28 08:40:00,5681.544028946541,1.1363088057893085,5,"欧州
15-21JST","GBPUSD_欧州
15-21JST",2023_48
AUDJPY,short,2023-11-30 08:40:00,2023-11-30 08:45:00,-2954.412624196806,-0.5908825248393612,2,"欧州
15-21JST","AUDJPY_欧州
15-21JST",2023_48
AUDUSD,short,2023-11-30 08:40:00,2023-11-30 08:45:00,-211.5655853319013,-0.0423131170663802,2,"欧州
15-21JST","AUDUSD_欧州
15-21JST",2023_48
GBPJPY,short,2023-11-30 08:40:00,2023-11-30 08:45:00,-2921.3973799116625,-0.5842794759823325,2,"欧州
15-21JST","GBPJPY_欧州
15-21JST",2023_48
GBPJPY,short,2023-11-30 08:45:00,2023-11-30 08:50:00,-2101.0715320011363,-0.4202143064002273,3,"欧州
15-21JST","GBPJPY_欧州
15-21JST",2023_48
AUDUSD,short,2023-11-30 08:45:00,2023-11-30 08:50:00,-5000.000000000307,-1.0000000000000615,2,"欧州
15-21JST","AUDUSD_欧州
15-21JST",2023_48
GBPJPY,short,2023-11-30 09:00:00,2023-11-30 09:05:00,-5000.00000000008,-1.000000000000016,1,"欧州
15-21JST","GBPJPY_欧州
15-21JST",2023_48
AUDJPY,short,2023-11-30 09:05:00,2023-11-30 09:10:00,-2649.880095924192,-0.5299760191848384,4,"欧州
15-21JST","AUDJPY_欧州
15-21JST",2023_48
GBPUSD,long,2023-11-30 09:45:00,2023-11-30 09:50:00,-5000.000000000122,-1.0000000000000244,1,"欧州
15-21JST","GBPUSD_欧州
15-21JST",2023_48
GBPUSD,long,2023-11-30 10:10:00,2023-11-30 10:15:00,-4999.99999999975,-0.99999999999995,1,"欧州
15-21JST","GBPUSD_欧州
15-21JST",2023_48
GBPUSD,long,2023-11-30 10:15:00,2023-11-30 10:20:00,4209.508015480206,0.8419016030960412,8,"欧州
15-21JST","GBPUSD_欧州
15-21JST",2023_48
GBPUSD,long,2023-11-30 10:25:00,2023-11-30 10:30:00,3267.4094707547456,0.6534818941509491,6,"欧州
15-21JST","GBPUSD_欧州
15-21JST",2023_48
AUDUSD,short,2023-11-30 10:50:00,2023-11-30 10:55:00,1060.3112840465271,0.2120622568093054,2,"欧州
15-21JST","AUDUSD_欧州
15-21JST",2023_48
AUDUSD,short,2023-11-30 10:55:00,2023-11-30 11:00:00,721.4934409685258,0.1442986881937051,3,"欧州
15-21JST","AUDUSD_欧州
15-21JST",2023_48
AUDUSD,short,2023-11-30 11:00:00,2023-11-30 11:05:00,5458.167330677758,1.0916334661355518,2,"欧州
15-21JST","AUDUSD_欧州
15-21JST",2023_48
GBPUSD,short,2023-11-30 14:35:00,2023-11-30 14:40:00,-179.06336088063273,-0.0358126721761265,2,"NY
21-03JST","GBPUSD_NY
21-03JST",2023_48
GBPUSD,short,2023-11-30 14:40:00,2023-11-30 14:45:00,-929.2307692294723,-0.1858461538458944,2,"NY
21-03JST","GBPUSD_NY
21-03JST",2023_48
NZDUSD,short,2023-11-30 18:45:00,2023-11-30 18:50:00,-3270.676691727324,-0.6541353383454648,2,"深夜
03-09JST","NZDUSD_深夜
03-09JST",2023_48
NZDUSD,short,2023-11-30 18:50:00,2023-11-30 18:55:00,-4999.999999999159,-0.9999999999998316,1,"深夜
03-09JST","NZDUSD_深夜
03-09JST",2023_48
GBPUSD,long,2023-12-01 11:55:00,2023-12-03 23:00:00,11601.866251942272,2.3203732503884544,6,"欧州
15-21JST","GBPUSD_欧州
15-21JST",2023_48
GBPUSD,long,2023-12-04 08:10:00,2023-12-04 08:15:00,-1749.8267498243097,-0.3499653499648619,5,"欧州
15-21JST","GBPUSD_欧州
15-21JST",2023_49
GBPJPY,short,2023-12-04 10:30:00,2023-12-04 10:35:00,-3591.549295776248,-0.7183098591552495,4,"欧州
15-21JST","GBPJPY_欧州
15-21JST",2023_49
NZDUSD,long,2023-12-04 14:00:00,2023-12-04 14:05:00,-5000.0,-1.0,1,"NY
21-03JST","NZDUSD_NY
21-03JST",2023_49
NZDUSD,long,2023-12-04 14:05:00,2023-12-04 14:10:00,-5000.000000000583,-1.0000000000001166,1,"NY
21-03JST","NZDUSD_NY
21-03JST",2023_49
NZDUSD,long,2023-12-04 14:10:00,2023-12-04 14:15:00,-4999.99999999992,-0.999999999999984,1,"NY
21-03JST","NZDUSD_NY
21-03JST",2023_49
GBPUSD,short,2023-12-04 14:15:00,2023-12-04 14:20:00,-1423.5681911818567,-0.2847136382363713,2,"NY
21-03JST","GBPUSD_NY
21-03JST",2023_49
GBPUSD,short,2023-12-04 14:20:00,2023-12-04 14:25:00,-1887.6080691644277,-0.3775216138328854,2,"NY
21-03JST","GBPUSD_NY
21-03JST",2023_49
NZDUSD,long,2023-12-04 14:20:00,2023-12-04 14:25:00,5223.1237322513225,1.0446247464502645,5,"NY
21-03JST","NZDUSD_NY
21-03JST",2023_49
NZDUSD,long,2023-12-04 14:25:00,2023-12-04 14:30:00,9087.43927827797,1.817487855655594,4,"NY
21-03JST","NZDUSD_NY
21-03JST",2023_49
GBPUSD,short,2023-12-04 14:25:00,2023-12-04 14:30:00,-4999.999999999543,-0.9999999999999089,1,"NY
21-03JST","GBPUSD_NY
21-03JST",2023_49
GBPUSD,short,2023-12-04 15:00:00,2023-12-04 15:05:00,11065.112540191813,2.2130225080383625,11,"NY
21-03JST","GBPUSD_NY
21-03JST",2023_49
GBPUSD,short,2023-12-04 15:05:00,2023-12-04 15:10:00,10940.321947387602,2.18806438947752,10,"NY
21-03JST","GBPUSD_NY
21-03JST",2023_49
NZDUSD,long,2023-12-04 15:15:00,2023-12-04 15:20:00,-5000.000000000423,-1.0000000000000846,1,"NY
21-03JST","NZDUSD_NY
21-03JST",2023_49
GBPUSD,short,2023-12-04 15:25:00,2023-12-04 15:30:00,3584.070796459217,0.7168141592918434,6,"NY
21-03JST","GBPUSD_NY
21-03JST",2023_49
GBPUSD,short,2023-12-04 15:30:00,2023-12-04 15:35:00,-1628.5037504934714,-0.3257007500986943,5,"NY
21-03JST","GBPUSD_NY
21-03JST",2023_49
GBPUSD,short,2023-12-04 15:35:00,2023-12-04 15:40:00,-2562.049639712084,-0.5124099279424168,4,"NY
21-03JST","GBPUSD_NY
21-03JST",2023_49
GBPUSD,short,2023-12-04 15:40:00,2023-12-04 15:45:00,-4200.1692763448045,-0.8400338552689609,3,"NY
21-03JST","GBPUSD_NY
21-03JST",2023_49
GBPUSD,short,2023-12-04 15:45:00,2023-12-04 15:50:00,-2186.971235194001,-0.4373942470388002,2,"NY
21-03JST","GBPUSD_NY
21-03JST",2023_49
NZDUSD,long,2023-12-06 16:30:00,2023-12-06 16:35:00,2734.806629836279,0.5469613259672559,4,"NY
21-03JST","NZDUSD_NY
21-03JST",2023_49
GBPJPY,short,2023-12-07 06:15:00,2023-12-07 06:20:00,11305.95393307586,2.261190786615172,5,"欧州
15-21JST","GBPJPY_欧州
15-21JST",2023_49
GBPJPY,short,2023-12-07 06:20:00,2023-12-07 06:25:00,3243.512974052577,0.6487025948105154,4,"欧州
15-21JST","GBPJPY_欧州
15-21JST",2023_49
GBPJPY,short,2023-12-07 06:25:00,2023-12-07 06:30:00,5831.772199326532,1.1663544398653063,3,"欧州
15-21JST","GBPJPY_欧州
15-21JST",2023_49
GBPJPY,short,2023-12-07 06:30:00,2023-12-07 06:35:00,3202.123764191206,0.6404247528382412,2,"欧州
15-21JST","GBPJPY_欧州
15-21JST",2023_49
GBPJPY,short,2023-12-07 06:35:00,2023-12-07 06:40:00,-4999.999999999509,-0.9999999999999016,1,"欧州
15-21JST","GBPJPY_欧州
15-21JST",2023_49
GBPJPY,short,2023-12-07 07:05:00,2023-12-07 07:10:00,2094.861660078925,0.4189723320157851,2,"欧州
15-21JST","GBPJPY_欧州
15-21JST",2023_49
GBPJPY,short,2023-12-07 07:10:00,2023-12-07 07:15:00,2984.5626072042382,0.5969125214408476,2,"欧州
15-21JST","GBPJPY_欧州
15-21JST",2023_49
GBPJPY,short,2023-12-07 08:40:00,2023-12-07 08:45:00,-4999.999999999812,-0.9999999999999624,1,"欧州
15-21JST","GBPJPY_欧州
15-21JST",2023_49
GBPJPY,short,2023-12-07 09:00:00,2023-12-07 09:05:00,4746.835443036582,0.9493670886073164,3,"欧州
15-21JST","GBPJPY_欧州
15-21JST",2023_49
GBPJPY,short,2023-12-07 09:05:00,2023-12-07 09:10:00,3681.9360414858943,0.7363872082971789,2,"欧州
15-21JST","GBPJPY_欧州
15-21JST",2023_49
GBPJPY,short,2023-12-07 09:10:00,2023-12-07 09:15:00,-1256.20012939323,-0.2512400258786459,2,"欧州
15-21JST","GBPJPY_欧州
15-21JST",2023_49
GBPJPY,short,2023-12-07 09:15:00,2023-12-07 09:20:00,-4999.999999999942,-0.9999999999999885,1,"欧州
15-21JST","GBPJPY_欧州
15-21JST",2023_49
GBPJPY,short,2023-12-07 09:30:00,2023-12-07 09:35:00,4885.9166011024045,0.9771833202204808,5,"欧州
15-21JST","GBPJPY_欧州
15-21JST",2023_49
GBPJPY,short,2023-12-07 09:35:00,2023-12-07 09:40:00,4955.302722470905,0.991060544494181,4,"欧州
15-21JST","GBPJPY_欧州
15-21JST",2023_49
GBPJPY,short,2023-12-07 09:45:00,2023-12-07 09:50:00,4269.406392694534,0.8538812785389067,2,"欧州
15-21JST","GBPJPY_欧州
15-21JST",2023_49
GBPJPY,short,2023-12-07 10:10:00,2023-12-07 10:15:00,-539.011316259806,-0.1078022632519612,2,"欧州
15-21JST","GBPJPY_欧州
15-21JST",2023_49
NZDUSD,long,2023-12-07 12:10:00,2023-12-07 12:15:00,4453.125000001489,0.8906250000002978,6,"NY
21-03JST","NZDUSD_NY
21-03JST",2023_49
NZDUSD,long,2023-12-07 12:15:00,2023-12-07 12:20:00,9030.50108932598,1.806100217865196,6,"NY
21-03JST","NZDUSD_NY
21-03JST",2023_49
CHFJPY,long,2023-12-07 13:00:00,2023-12-07 13:05:00,5487.997889737722,1.0975995779475445,6,"NY
21-03JST","CHFJPY_NY
21-03JST",2023_49
CHFJPY,long,2023-12-07 13:10:00,2023-12-07 13:15:00,4769.622287704301,0.9539244575408602,4,"NY
21-03JST","CHFJPY_NY
21-03JST",2023_49
CHFJPY,long,2023-12-07 13:20:00,2023-12-07 13:25:00,4109.991603694415,0.821998320738883,2,"NY
21-03JST","CHFJPY_NY
21-03JST",2023_49
CHFJPY,long,2023-12-07 13:40:00,2023-12-07 13:45:00,-5000.000000000505,-1.000000000000101,2,"NY
21-03JST","CHFJPY_NY
21-03JST",2023_49
CHFJPY,long,2023-12-07 14:00:00,2023-12-07 14:05:00,-3670.2849389409366,-0.7340569877881873,2,"NY
21-03JST","CHFJPY_NY
21-03JST",2023_49
CHFJPY,long,2023-12-07 14:05:00,2023-12-07 14:10:00,-4999.999999999768,-0.9999999999999536,2,"NY
21-03JST","CHFJPY_NY
21-03JST",2023_49
CHFJPY,long,2023-12-07 14:15:00,2023-12-07 14:20:00,-4999.999999999923,-0.9999999999999846,1,"NY
21-03JST","CHFJPY_NY
21-03JST",2023_49
CHFJPY,long,2023-12-07 14:20:00,2023-12-07 14:25:00,-5000.000000000079,-1.0000000000000158,1,"NY
21-03JST","CHFJPY_NY
21-03JST",2023_49
CHFJPY,long,2023-12-07 14:25:00,2023-12-07 14:30:00,-4724.842767295788,-0.9449685534591576,2,"NY
21-03JST","CHFJPY_NY
21-03JST",2023_49
CHFJPY,long,2023-12-07 14:30:00,2023-12-07 14:35:00,-2328.5108505854587,-0.4657021701170917,2,"NY
21-03JST","CHFJPY_NY
21-03JST",2023_49
CHFJPY,long,2023-12-07 14:40:00,2023-12-07 14:45:00,-4999.999999999782,-0.9999999999999564,1,"NY
21-03JST","CHFJPY_NY
21-03JST",2023_49
CHFJPY,long,2023-12-07 14:45:00,2023-12-07 14:50:00,-4999.999999999568,-0.9999999999999136,1,"NY
21-03JST","CHFJPY_NY
21-03JST",2023_49
CHFJPY,long,2023-12-07 14:50:00,2023-12-07 14:55:00,9853.195164075263,1.970639032815053,5,"NY
21-03JST","CHFJPY_NY
21-03JST",2023_49
CHFJPY,long,2023-12-07 14:55:00,2023-12-07 15:00:00,2688.8992537314084,0.5377798507462817,4,"NY
21-03JST","CHFJPY_NY
21-03JST",2023_49
CHFJPY,long,2023-12-07 15:05:00,2023-12-07 15:10:00,2283.625029968742,0.4567250059937484,2,"NY
21-03JST","CHFJPY_NY
21-03JST",2023_49
CHFJPY,long,2023-12-07 15:20:00,2023-12-07 15:25:00,-3190.954773869088,-0.6381909547738176,3,"NY
21-03JST","CHFJPY_NY
21-03JST",2023_49
CHFJPY,long,2023-12-07 15:25:00,2023-12-07 15:30:00,-4999.999999999735,-0.999999999999947,2,"NY
21-03JST","CHFJPY_NY
21-03JST",2023_49
CHFJPY,long,2023-12-07 15:30:00,2023-12-07 15:35:00,-4773.095623987464,-0.9546191247974928,3,"NY
21-03JST","CHFJPY_NY
21-03JST",2023_49
CHFJPY,long,2023-12-07 15:35:00,2023-12-07 15:40:00,-5000.0,-1.0,2,"NY
21-03JST","CHFJPY_NY
21-03JST",2023_49
CHFJPY,long,2023-12-07 15:40:00,2023-12-07 15:45:00,-4999.999999999926,-0.9999999999999852,1,"NY
21-03JST","CHFJPY_NY
21-03JST",2023_49
CHFJPY,long,2023-12-07 15:45:00,2023-12-07 15:50:00,-5000.000000000378,-1.0000000000000755,1,"NY
21-03JST","CHFJPY_NY
21-03JST",2023_49
GBPJPY,short,2023-12-08 07:40:00,2023-12-08 07:45:00,-3157.6627628765496,-0.6315325525753099,4,"欧州
15-21JST","GBPJPY_欧州
15-21JST",2023_49
GBPJPY,short,2023-12-08 08:00:00,2023-12-08 08:05:00,-5000.000000000263,-1.0000000000000526,1,"欧州
15-21JST","GBPJPY_欧州
15-21JST",2023_49
GBPUSD,short,2023-12-08 15:00:00,2023-12-08 15:05:00,-5000.000000000661,-1.0000000000001323,1,"NY
21-03JST","GBPUSD_NY
21-03JST",2023_49
CHFJPY,long,2023-12-08 15:05:00,2023-12-08 15:10:00,7034.545089375084,1.4069090178750168,11,"NY
21-03JST","CHFJPY_NY
21-03JST",2023_49
CHFJPY,long,2023-12-08 15:10:00,2023-12-08 15:15:00,7182.515647082769,1.4365031294165538,10,"NY
21-03JST","CHFJPY_NY
21-03JST",2023_49
NZDUSD,long,2023-12-08 15:45:00,2023-12-08 15:50:00,-2168.458781361062,-0.4336917562722124,4,"NY
21-03JST","NZDUSD_NY
21-03JST",2023_49
NZDUSD,long,2023-12-08 15:50:00,2023-12-08 15:55:00,-4146.341463414204,-0.8292682926828407,3,"NY
21-03JST","NZDUSD_NY
21-03JST",2023_49
GBPUSD,short,2023-12-08 16:00:00,2023-12-08 16:05:00,2329.4346978559843,0.4658869395711968,16,"NY
21-03JST","GBPUSD_NY
21-03JST",2023_49
GBPUSD,short,2023-12-08 16:05:00,2023-12-08 16:10:00,3514.3015828935804,0.7028603165787161,16,"NY
21-03JST","GBPUSD_NY
21-03JST",2023_49
NZDUSD,long,2023-12-08 16:10:00,2023-12-08 16:15:00,-1348.1828839391096,-0.2696365767878219,4,"NY
21-03JST","NZDUSD_NY
21-03JST",2023_49
CHFJPY,long,2023-12-08 16:15:00,2023-12-08 16:20:00,8832.457676590897,1.7664915353181794,9,"NY
21-03JST","CHFJPY_NY
21-03JST",2023_49
NZDUSD,long,2023-12-08 16:15:00,2023-12-08 16:20:00,-781.0578105789709,-0.1562115621157941,3,"NY
21-03JST","NZDUSD_NY
21-03JST",2023_49
NZDUSD,long,2023-12-08 16:35:00,2023-12-08 16:40:00,-4642.596644784346,-0.9285193289568692,3,"NY
21-03JST","NZDUSD_NY
21-03JST",2023_49
NZDUSD,long,2023-12-08 16:40:00,2023-12-08 16:45:00,-5000.00000000042,-1.000000000000084,2,"NY
21-03JST","NZDUSD_NY
21-03JST",2023_49
NZDUSD,long,2023-12-08 16:45:00,2023-12-08 16:50:00,-4652.31788079565,-0.93046357615913,2,"NY
21-03JST","NZDUSD_NY
21-03JST",2023_49
NZDUSD,long,2023-12-08 16:50:00,2023-12-08 16:55:00,-5000.000000000673,-1.0000000000001346,1,"NY
21-03JST","NZDUSD_NY
21-03JST",2023_49
NZDUSD,long,2023-12-08 16:55:00,2023-12-08 17:00:00,-5000.000000000295,-1.0000000000000588,1,"NY
21-03JST","NZDUSD_NY
21-03JST",2023_49
NZDUSD,long,2023-12-08 17:05:00,2023-12-08 17:10:00,16514.052583860866,3.302810516772173,18,"NY
21-03JST","NZDUSD_NY
21-03JST",2023_49
GBPUSD,short,2023-12-08 17:10:00,2023-12-08 17:15:00,-5000.000000000154,-1.0000000000000306,1,"NY
21-03JST","GBPUSD_NY
21-03JST",2023_49
NZDUSD,long,2023-12-08 17:10:00,2023-12-08 17:15:00,16073.12440645788,3.214624881291576,17,"NY
21-03JST","NZDUSD_NY
21-03JST",2023_49
GBPUSD,long,2023-12-12 08:30:00,2023-12-12 08:35:00,-3802.281368819277,-0.7604562737638554,2,"欧州
15-21JST","GBPUSD_欧州
15-21JST",2023_50
GBPUSD,long,2023-12-12 08:40:00,2023-12-12 08:45:00,-4999.999999999303,-0.9999999999998608,1,"欧州
15-21JST","GBPUSD_欧州
15-21JST",2023_50
GBPUSD,long,2023-12-12 08:45:00,2023-12-12 08:50:00,-4999.99999999958,-0.999999999999916,1,"欧州
15-21JST","GBPUSD_欧州
15-21JST",2023_50
GBPUSD,long,2023-12-12 08:50:00,2023-12-12 08:55:00,-5000.000000000409,-1.000000000000082,1,"欧州
15-21JST","GBPUSD_欧州
15-21JST",2023_50
GBPJPY,short,2023-12-12 08:50:00,2023-12-12 08:55:00,-5000.000000000367,-1.0000000000000735,1,"欧州
15-21JST","GBPJPY_欧州
15-21JST",2023_50
GBPUSD,long,2023-12-12 08:55:00,2023-12-12 09:00:00,2210.843373495031,0.4421686746990061,6,"欧州
15-21JST","GBPUSD_欧州
15-21JST",2023_50
USDJPY,short,2023-12-12 11:10:00,2023-12-12 11:15:00,-5000.000000000835,-1.000000000000167,1,"欧州
15-21JST","USDJPY_欧州
15-21JST",2023_50
GBPUSD,long,2023-12-13 07:00:00,2023-12-13 07:05:00,-716.2726008357406,-0.1432545201671481,2,"欧州
15-21JST","GBPUSD_欧州
15-21JST",2023_50
GBPUSD,long,2023-12-13 07:05:00,2023-12-13 07:10:00,617.2839506142643,0.1234567901228528,7,"欧州
15-21JST","GBPUSD_欧州
15-21JST",2023_50
GBPUSD,long,2023-12-13 07:10:00,2023-12-13 07:15:00,-1598.81812212767,-0.319763624425534,6,"欧州
15-21JST","GBPUSD_欧州
15-21JST",2023_50
GBPUSD,long,2023-12-13 07:15:00,2023-12-13 07:20:00,343.5114503827717,0.0687022900765543,5,"欧州
15-21JST","GBPUSD_欧州
15-21JST",2023_50
GBPUSD,long,2023-12-13 07:20:00,2023-12-13 07:25:00,2241.379310344006,0.4482758620688012,4,"欧州
15-21JST","GBPUSD_欧州
15-21JST",2023_50
GBPUSD,long,2023-12-13 07:45:00,2023-12-13 07:50:00,5931.2890403174815,1.1862578080634962,7,"欧州
15-21JST","GBPUSD_欧州
15-21JST",2023_50
GBPUSD,long,2023-12-13 07:50:00,2023-12-13 07:55:00,5915.254237288186,1.1830508474576371,6,"欧州
15-21JST","GBPUSD_欧州
15-21JST",2023_50
GBPUSD,long,2023-12-13 07:55:00,2023-12-13 08:00:00,7596.10027855259,1.519220055710518,5,"欧州
15-21JST","GBPUSD_欧州
15-21JST",2023_50
GBPUSD,long,2023-12-13 08:00:00,2023-12-13 08:05:00,7528.735632184276,1.5057471264368552,4,"欧州
15-21JST","GBPUSD_欧州
15-21JST",2023_50
AUDUSD,short,2023-12-18 11:30:00,2023-12-18 11:35:00,-5000.000000000298,-1.0000000000000595,1,"欧州
15-21JST","AUDUSD_欧州
15-21JST",2023_51
NZDUSD,long,2023-12-18 15:05:00,2023-12-18 15:10:00,-708.5987261153577,-0.1417197452230715,2,"NY
21-03JST","NZDUSD_NY
21-03JST",2023_51
NZDUSD,long,2023-12-18 15:10:00,2023-12-18 15:15:00,-1278.8906009254567,-0.2557781201850913,2,"NY
21-03JST","NZDUSD_NY
21-03JST",2023_51
NZDUSD,long,2023-12-18 15:25:00,2023-12-18 15:30:00,-4999.999999999824,-0.9999999999999648,1,"NY
21-03JST","NZDUSD_NY
21-03JST",2023_51
NZDUSD,long,2023-12-18 15:30:00,2023-12-18 15:35:00,-4832.268370606107,-0.9664536741212214,2,"NY
21-03JST","NZDUSD_NY
21-03JST",2023_51
NZDUSD,long,2023-12-18 15:35:00,2023-12-18 15:40:00,-5000.000000000275,-1.0000000000000548,1,"NY
21-03JST","NZDUSD_NY
21-03JST",2023_51
NZDUSD,long,2023-12-18 15:40:00,2023-12-18 15:45:00,-5000.000000000465,-1.000000000000093,1,"NY
21-03JST","NZDUSD_NY
21-03JST",2023_51
NZDUSD,long,2023-12-18 15:45:00,2023-12-18 15:50:00,371.5670436190267,0.0743134087238053,10,"NY
21-03JST","NZDUSD_NY
21-03JST",2023_51
NZDUSD,long,2023-12-18 15:50:00,2023-12-18 15:55:00,4586.709886548329,0.917341977309666,9,"NY
21-03JST","NZDUSD_NY
21-03JST",2023_51
NZDUSD,long,2023-12-18 15:55:00,2023-12-18 16:00:00,2660.5868358457133,0.5321173671691427,8,"NY
21-03JST","NZDUSD_NY
21-03JST",2023_51
CHFJPY,long,2023-12-19 13:00:00,2023-12-19 13:05:00,3.248862896800488,0.00064977257936,2,"NY
21-03JST","CHFJPY_NY
21-03JST",2023_51
GBPJPY,short,2023-12-20 08:10:00,2023-12-20 08:15:00,-2123.0982019348785,-0.4246196403869757,4,"欧州
15-21JST","GBPJPY_欧州
15-21JST",2023_51
GBPJPY,short,2023-12-20 08:15:00,2023-12-20 08:20:00,-2388.8091822091887,-0.4777618364418377,3,"欧州
15-21JST","GBPJPY_欧州
15-21JST",2023_51
GBPJPY,short,2023-12-20 08:20:00,2023-12-20 08:25:00,-5000.000000000249,-1.0000000000000495,2,"欧州
15-21JST","GBPJPY_欧州
15-21JST",2023_51
GBPJPY,short,2023-12-20 08:25:00,2023-12-20 08:30:00,2969.976905312896,0.5939953810625791,11,"欧州
15-21JST","GBPJPY_欧州
15-21JST",2023_51
GBPJPY,short,2023-12-20 09:05:00,2023-12-20 09:10:00,-63.97497867430146,-0.0127949957348602,3,"欧州
15-21JST","GBPJPY_欧州
15-21JST",2023_51
EURJPY,short,2023-12-20 10:55:00,2023-12-20 11:00:00,1357.3200992581942,0.2714640198516388,2,"欧州
15-21JST","EURJPY_欧州
15-21JST",2023_51
AUDJPY,short,2023-12-20 10:55:00,2023-12-20 11:00:00,-5000.000000000788,-1.0000000000001574,1,"欧州
15-21JST","AUDJPY_欧州
15-21JST",2023_51
EURJPY,short,2023-12-20 11:35:00,2023-12-20 11:40:00,956.65961944837,0.191331923889674,3,"欧州
15-21JST","EURJPY_欧州
15-21JST",2023_51
EURJPY,short,2023-12-20 11:45:00,2023-12-20 11:50:00,38.4615384606279,0.0076923076921255,2,"欧州
15-21JST","EURJPY_欧州
15-21JST",2023_51
GBPJPY,short,2023-12-21 09:40:00,2023-12-21 09:45:00,-4999.999999999783,-0.9999999999999564,1,"欧州
15-21JST","GBPJPY_欧州
15-21JST",2023_51
CHFJPY,long,2023-12-21 13:55:00,2023-12-21 14:00:00,6787.709497205905,1.357541899441181,8,"NY
21-03JST","CHFJPY_NY
21-03JST",2023_51
CHFJPY,long,2023-12-21 14:00:00,2023-12-21 14:05:00,6428.939901986512,1.2857879803973025,7,"NY
21-03JST","CHFJPY_NY
21-03JST",2023_51
EURGBP,long,2023-12-26 14:20:00,2023-12-26 14:25:00,-2485.029940117449,-0.4970059880234898,2,"NY
21-03JST","EURGBP_NY
21-03JST",2023_52
EURGBP,long,2023-12-26 14:30:00,2023-12-26 14:35:00,27483.660130715827,5.496732026143166,5,"NY
21-03JST","EURGBP_NY
21-03JST",2023_52
USDJPY,short,2023-12-28 07:05:00,2023-12-28 07:10:00,3876.700307150498,0.7753400614300997,2,"欧州
15-21JST","USDJPY_欧州
15-21JST",2023_52
USDJPY,short,2023-12-28 07:10:00,2023-12-28 07:15:00,350.12809564444655,0.0700256191288893,2,"欧州
15-21JST","USDJPY_欧州
15-21JST",2023_52
EURJPY,short,2023-12-28 07:10:00,2023-12-28 07:15:00,-452.3227383867486,-0.0904645476773497,4,"欧州
15-21JST","EURJPY_欧州
15-21JST",2023_52
EURJPY,short,2023-12-28 07:15:00,2023-12-28 07:20:00,-3589.6076352058267,-0.7179215270411653,3,"欧州
15-21JST","EURJPY_欧州
15-21JST",2023_52
USDJPY,short,2023-12-28 07:15:00,2023-12-28 07:20:00,-4999.999999999272,-0.9999999999998544,1,"欧州
15-21JST","USDJPY_欧州
15-21JST",2023_52
USDJPY,short,2023-12-28 07:20:00,2023-12-28 07:25:00,-626.8100951610827,-0.1253620190322165,2,"欧州
15-21JST","USDJPY_欧州
15-21JST",2023_52
USDJPY,short,2023-12-28 07:30:00,2023-12-28 07:35:00,-4999.999999999193,-0.9999999999998388,1,"欧州
15-21JST","USDJPY_欧州
15-21JST",2023_52
EURJPY,short,2023-12-28 07:30:00,2023-12-28 07:35:00,-120.37369744921963,-0.0240747394898439,2,"欧州
15-21JST","EURJPY_欧州
15-21JST",2023_52
USDJPY,short,2023-12-28 07:55:00,2023-12-28 08:00:00,-2008.3303151041373,-0.4016660630208275,2,"欧州
15-21JST","USDJPY_欧州
15-21JST",2023_52
USDJPY,short,2023-12-28 08:00:00,2023-12-28 08:05:00,-5000.000000000099,-1.0000000000000198,2,"欧州
15-21JST","USDJPY_欧州
15-21JST",2023_52
EURAUD,long,2023-12-28 14:00:00,2023-12-28 14:05:00,8780.193236713472,1.7560386473426943,5,"NY
21-03JST","EURAUD_NY
21-03JST",2023_52
EURAUD,long,2023-12-28 14:15:00,2023-12-28 14:20:00,2482.380579482484,0.4964761158964967,2,"NY
21-03JST","EURAUD_NY
21-03JST",2023_52
EURGBP,long,2023-12-28 14:50:00,2023-12-28 14:55:00,8404.255319148846,1.6808510638297691,5,"NY
21-03JST","EURGBP_NY
21-03JST",2023_52
EURGBP,long,2023-12-28 15:45:00,2023-12-28 15:50:00,-3410.5960264905057,-0.6821192052981011,2,"NY
21-03JST","EURGBP_NY
21-03JST",2023_52
EURAUD,long,2023-12-28 16:45:00,2023-12-28 16:50:00,-5000.000000000711,-1.0000000000001423,2,"NY
21-03JST","EURAUD_NY
21-03JST",2023_52
EURAUD,long,2023-12-28 16:55:00,2023-12-28 17:00:00,-3124.4019138758727,-0.6248803827751745,3,"NY
21-03JST","EURAUD_NY
21-03JST",2023_52
EURAUD,long,2023-12-28 17:00:00,2023-12-28 17:05:00,-1539.0208434331491,-0.3078041686866298,2,"NY
21-03JST","EURAUD_NY
21-03JST",2023_52
AUDNZD,long,2023-12-28 22:20:00,2023-12-28 22:30:00,-5000.000000001331,-1.000000000000266,1,"深夜
03-09JST","AUDNZD_深夜
03-09JST",2023_52
AUDNZD,long,2023-12-28 22:35:00,2023-12-28 22:40:00,-5000.00000000029,-1.000000000000058,1,"深夜
03-09JST","AUDNZD_深夜
03-09JST",2023_52
AUDNZD,long,2023-12-28 22:40:00,2023-12-28 22:45:00,552.8846153887495,0.1105769230777499,2,"深夜
03-09JST","AUDNZD_深夜
03-09JST",2023_52
AUDNZD,long,2023-12-28 22:55:00,2023-12-28 23:00:00,-615.7112526565192,-0.1231422505313038,6,"深夜
03-09JST","AUDNZD_深夜
03-09JST",2023_52
