week,combo,EV,PF,sqrtN,Omega,Tail,RecentF,CostTol,MaxDD,Score
2022_05,"AUDJPY_欧州
15-21JST",0.07335706083606591,1.2157474463814677,6.557438524302,1.2157474463814681,1.6114080906550838,1.0769714867623579,0.154971937476752,0.03791595035380413,0.18423133702598296
2022_05,"AUDNZD_東京
09-15JST",0.04119115571606138,1.1209143125673016,7.14142842854285,1.1209143125673013,1.81643336249622,1.6058207440028234,0.09336351189816433,0.032857662919989226,0.09745118664486939
2022_05,"AUDNZD_深夜
03-09JST",0.18451709387761275,1.5727388300682636,4.69041575982343,1.5727388300682636,2.1359813576720676,0.3,0.31567441878140745,0.022538423040148546,0.423486559381399
2022_05,"AUDUSD_欧州
15-21JST",0.11503003385139116,1.3070670013363501,5.744562646538029,1.3070670013363501,2.40721121847064,1.459677094782585,0.2233462638891122,0.025725221737872037,0.8637390759432607
2022_05,"EURAUD_深夜
03-09JST",0.1457103729523519,1.354122667020106,6.164414002968976,1.354122667020106,2.6777621430056135,0.5342162963931097,0.26701045128397155,0.06295555516299454,0.5918348955890216
2022_05,"EURGBP_NY
21-03JST",0.22683642755363737,1.6693577483285629,7.615773105863909,1.6693577483285629,2.1049347212419383,1.9752674982336105,0.3618749925541418,0.0362130666005379,6.990362340119773
2022_05,"EURJPY_NY
21-03JST",0.055188409691068446,1.1570908500235024,7.280109889280518,1.1570908500235026,1.8319328438731914,3.0,0.1212430029326191,0.028361411250920718,0.3485478832109017
2022_05,"GBPJPY_欧州
15-21JST",0.3287149494119983,2.060554753267753,5.477225575051661,2.060554753267753,2.7096690834270762,0.8967716595720897,0.45108852189355964,0.020218887219004646,8.213248241736604
2022_05,"GBPUSD_NY
21-03JST",0.20942275469486146,1.441192474999217,6.244997998398398,1.4411924749992169,2.966693466430901,1.0581155000890277,0.3436411802505137,0.05316058613815289,2.782380359245612
2022_05,"NZDJPY_欧州
15-21JST",0.2513076629012943,1.641827975233747,5.385164807134504,1.6418279752337466,2.7700846693905796,0.35451075572794455,0.3858509230212758,0.031111953650939002,1.34059073837182
2022_05,"NZDUSD_深夜
03-09JST",0.2373069720546167,1.6739049091452791,4.69041575982343,1.6739049091452787,2.1315255119055534,0.6343854381057882,0.37235897685155034,0.014684281921174871,1.5475975741525487
2022_06,"AUDNZD_東京
09-15JST",0.08845573505220077,1.2605694100622136,6.557438524302,1.2605694100622136,1.5290327888120492,0.7518126429826207,0.18109263276998394,0.025042630233736863,0.18718844220997624
2022_06,"AUDNZD_深夜
03-09JST",0.023584184585559425,1.0663635999018133,4.358898943540674,1.0663635999018135,1.3898206086403162,2.82342290460332,0.05567767977134112,0.023621914488303346,0.024950802845837384
2022_06,"AUDUSD_NY
21-03JST",0.24642984869857396,1.8524372701589118,7.483314773547883,1.8524372701589116,2.8442971052170307,3.0,0.3812166922593369,0.03939348363181354,19.80443593007648
2022_06,"AUDUSD_欧州
15-21JST",0.3056452124300953,1.9558716666748426,5.830951894845301,1.9558716666748417,2.3756948428997644,1.0855286477398685,0.4331428982243312,0.020407838617996457,7.4632351070103695
2022_06,"CHFJPY_NY
21-03JST",0.394249396874198,2.2680254017027486,8.54400374531753,2.268025401702748,3.1630651673995143,3.0,0.49637985049253186,0.05568377204446068,77.31041221127857
2022_06,"EURGBP_NY
21-03JST",0.503183739919207,2.371150704048795,7.483314773547883,2.3711507040487945,4.82149802623838,1.7100531343100214,0.5571222307038195,0.034185673192956734,94.03347734683814
2022_06,"EURJPY_NY
21-03JST",0.09085518221868731,1.273250324251195,7.0,1.273250324251194,1.5999418154150666,1.3746417355205025,0.18509569728492595,0.019945117562122392,0.4115177468828149
2022_06,"GBPJPY_欧州
15-21JST",0.0803339138850621,1.2227327933276442,5.830951894845301,1.222732793327644,2.2298401069517135,0.6262883807334094,0.1672459752743693,0.01755478727754876,0.16074869488936888
2022_06,"GBPUSD_欧州
15-21JST",0.0005857990011613809,1.0015711982765483,7.211102550927978,1.0015711982765483,1.618725751198029,3.0,0.01,0.05054086036397818,0.00019588245334531374
2022_06,"NZDUSD_深夜
03-09JST",0.28290518254077546,1.9613703332928492,4.0,1.9613703332928485,1.626136773728053,1.0837736535661544,0.41426714831510814,0.01468428192117487,3.1323142123295318
2022_06,"USDJPY_東京
09-15JST",0.009798002032003523,1.0322534978068796,3.7416573867739413,1.0322534978068796,1.660822062858459,1.0,0.02390934553955758,0.010279681483855534,0.0015354067471669843
2022_07,"AUDNZD_東京
09-15JST",0.21173485499554154,1.5728191835008813,7.483314773547883,1.5728191835008811,2.6386842773678305,1.3426424546341915,0.3461219403577791,0.03872285384121147,4.627231332269072
2022_07,"AUDUSD_NY
21-03JST",0.6666809360542038,5.923882222266187,6.782329983125268,5.923882222266188,2.811043551402721,3.0,0.6250050165144474,0.011516263262787041,826.8167103380725
2022_07,"AUDUSD_欧州
15-21JST",0.2683410635035264,1.7911207153621693,5.916079783099616,1.7911207153621684,2.344178467328894,0.3,0.401503181768975,0.020407838617996457,1.40928232343066
2022_07,"CHFJPY_NY
21-03JST",1.2580381713899333,16.202572494308047,5.656854249492381,16.202572494308043,8.707825156596838,1.0,0.7587510306444393,0.0074348132487674305,12252.615194572893
2022_07,"EURGBP_NY
21-03JST",0.4136000715236847,2.2868254334915967,9.16515138991168,2.2868254334915963,2.6601891730182996,0.7737360977786355,0.508357958657879,0.03418567319295674,20.056851821146612
2022_07,"EURJPY_NY
21-03JST",0.32528185594429426,2.2504269187228085,5.196152422706632,2.2504269187228085,1.8290580663269977,0.852401194443594,0.44849027075244763,0.016267456622935685,5.8896311847346485
2022_07,"GBPJPY_欧州
15-21JST",0.3407802743034539,2.0377264110714943,6.48074069840786,2.0377264110714934,2.811789612070892,2.5436068030357184,0.46002881842916943,0.01755478727754876,29.651787504047114
2022_07,"GBPUSD_欧州
15-21JST",0.009877710160601547,1.0263335588731213,7.280109889280518,1.0263335588731213,1.6856910263229474,3.0,0.024099164008531127,0.04808704974042273,0.008807955762137533
2022_07,"NZDJPY_欧州
15-21JST",0.09121183842040492,1.2168851848026403,5.196152422706632,1.21688518480264,2.455253926878342,3.0,0.1856873782067545,0.02524335494233157,0.9362792293703054
2022_07,"NZDUSD_NY
21-03JST",0.6051902399758716,3.6322458221009843,6.557438524302,3.6322458221009843,4.7901571541533,3.0,0.6020653761922703,0.010486425339367488,448.2917993157554
2022_07,"NZDUSD_深夜
03-09JST",0.17607879194656137,1.5276403942536319,5.291502622129181,1.5276403942536314,1.4298371414683124,0.7116161653914492,0.3056505367114694,0.014999999999999755,0.6662233232880926
2022_08,"AUDJPY_東京
09-15JST",0.1331125659544151,1.308010322803203,5.830951894845301,1.3080103228032034,1.6337520405351362,0.8297105886962183,0.2496894173111596,0.031623947220910754,0.43568474428029635
2022_08,"AUDJPY_欧州
15-21JST",0.004928124954394513,1.0131213491056736,6.782329983125268,1.0131213491056734,1.5648178672911277,1.2692137414560964,0.012170369630288273,0.028823304160777156,0.0008060186641460404
2022_08,"AUDNZD_東京
09-15JST",0.15562972259169594,1.419498123435328,7.54983443527075,1.4194981234353288,2.543205486410145,0.3,0.280096107648403,0.03872285384121147,0.48709055659685163
2022_08,"AUDUSD_NY
21-03JST",0.7983399922281281,5.224768620225358,7.483314773547883,5.224768620225359,3.518964788493474,0.662445032160953,0.6662049146367369,0.02676923076923008,246.66968490963654
2022_08,"AUDUSD_欧州
15-21JST",0.16257052246771916,1.4588344710762575,6.6332495807108,1.4588344710762573,2.10269500854041,0.3,0.2889780320422808,0.02119417117021827,0.40967004887946035
2022_08,"CHFJPY_NY
21-03JST",1.4820115153601119,13.628112407967787,4.898979485566356,13.628112407967787,5.490448253583721,0.3,0.7874614492337672,0.007434813248767437,1736.0811355435617
2022_08,"EURAUD_深夜
03-09JST",0.05286782792582895,1.12574163473836,6.324555320336759,1.12574163473836,2.2795704003593813,3.0,0.11674008323348532,0.053108318447855955,0.32123298962095365
2022_08,"EURGBP_NY
21-03JST",0.5204976543370573,3.0509172043035586,9.38083151964686,3.0509172043035586,3.3511240645679323,1.1210439534734131,0.5654524505137604,0.03418567319295674,93.35373042865325
2022_08,"EURGBP_欧州
15-21JST",0.0668343183339609,1.1898673512919333,9.695359714832659,1.189867351291934,2.2569563443488603,2.919691619198614,0.14316496390513733,0.042150111969275254,0.8304761342471383
2022_08,"EURJPY_NY
21-03JST",0.42264996308761094,2.93021929287359,5.0990195135927845,2.9302192928735904,2.1438833512015476,1.4548062062043974,0.5137664645377239,0.013799001873679979,29.247445918329674
2022_08,"GBPJPY_欧州
15-21JST",0.2994525913004793,1.7746841731523018,6.4031242374328485,1.774684173152302,2.831060272768015,0.3114181305841592,0.42812421460003836,0.021811305691303205,2.230767218400846
2022_08,"GBPUSD_欧州
15-21JST",0.1357498872252401,1.3924478122814081,7.280109889280518,1.3924478122814077,1.6856910263229474,1.2015539761017084,0.253382950630782,0.030020535530608985,0.9547464061185716
2022_08,"NZDJPY_欧州
15-21JST",0.721618043741347,3.0559926725020445,6.0,3.055992672502045,4.901107670356249,2.153896017912397,0.6433723563631946,0.02039994579500996,269.1374902384642
2022_08,"NZDUSD_NY
21-03JST",0.5540475890697193,3.1192424262186362,6.557438524302,3.119242426218636,4.790157154153438,0.3,0.5807337028229007,0.011777358490565064,29.156987235295116
2022_08,"NZDUSD_深夜
03-09JST",0.08592734703231288,1.223556764854775,4.358898943540674,1.2235567648547747,1.2901106914477127,1.0,0.17683167567557995,0.014999999999999757,0.12603101773829423
2022_09,"AUDNZD_東京
09-15JST",0.06499654671352073,1.1521249841193322,7.280109889280518,1.1521249841193317,2.6841986127506536,0.36557231387536687,0.13977855786865523,0.03872285384121146,0.08293850838196287
2022_09,"AUDNZD_欧州
15-21JST",0.0750371032023984,1.1886585443025857,6.0,1.1886585443025859,2.3307946763712692,3.0,0.15796051023498142,0.04123744421123189,0.6747852265897746
2022_09,"AUDUSD_NY
21-03JST",1.1510491004328518,8.356006002935944,6.48074069840786,8.356006002935946,4.021683167400503,3.0,0.7421100338549104,0.02676923076923008,4541.931161154303
2022_09,"CHFJPY_NY
21-03JST",1.5321614476459937,6.704493604101708,3.7416573867739413,6.704493604101709,5.554147351262027,0.3,0.7929779623295294,0.011366382576590768,336.66019154788853
2022_09,"EURAUD_NY
21-03JST",0.00545515823754269,1.0130983857624603,8.94427190999916,1.01309838576246,2.3035987011084678,1.7031452056374186,0.013454405812113787,0.0615871546309613,0.002490135398801041
2022_09,"EURAUD_深夜
03-09JST",0.6056871034180218,2.7034759795020316,3.1622776601683795,2.7034759795020307,3.645243246151916,0.36882819125441435,0.6022619772685535,0.0082014388489208,11.24299745793471
2022_09,"EURGBP_NY
21-03JST",0.3660213765687843,2.286223007119187,9.1104335791443,2.2862230071191876,2.4873415552734235,0.3,0.4778213608193187,0.03473728095752341,6.00585471794079
2022_09,"EURGBP_欧州
15-21JST",0.13486462494536294,1.4385338991965857,8.774964387392123,1.4385338991965864,2.010183301806446,2.1128569808400233,0.25214721380973654,0.03963641433854071,2.5226794261444594
2022_09,"EURJPY_NY
21-03JST",0.27736262728942573,2.014319280917753,5.385164807134504,2.014319280917753,2.098759999666494,0.3,0.40947435851212577,0.01379900187367998,1.54121222781418
2022_09,"GBPJPY_欧州
15-21JST",0.21462981287022162,1.4845858986487013,5.291502622129181,1.4845858986487015,2.7960705987814682,0.3,0.34920176076057097,0.03086372023894908,0.7112532791201992
2022_09,"GBPUSD_欧州
15-21JST",0.1207880000771816,1.3480658431228085,6.082762530298219,1.3480658431228085,1.590047542902649,0.3,0.2319331475749837,0.03227335473446878,0.14310220692108677
2022_09,"NZDJPY_欧州
15-21JST",1.1740320305434697,5.2554583040704985,4.898979485566356,5.255458304070498,5.287946627305006,0.3,0.7458755652755739,0.023106620626609103,183.72174381790518
2022_09,"NZDUSD_NY
21-03JST",0.8117838541451861,4.991368646363636,5.477225575051661,4.991368646363637,5.365489839355369,1.0,0.6699081287213823,0.01177735849056505,393.5319501186449
2022_09,"NZDUSD_深夜
03-09JST",0.18054058740355608,1.5276318036664556,4.47213595499958,1.5276318036664553,1.4184996821361522,1.7825840099701875,0.3109870202374936,0.014999999999999757,1.4597641774074113
2022_10,"AUDJPY_欧州
15-21JST",0.05211795036676631,1.130960287512709,4.795831523312719,1.1309602875127087,1.617496634150812,1.476391498245789,0.11527511863770785,0.03228163629429075,0.0852566481299373
2022_10,"AUDNZD_東京
09-15JST",0.1268792351670387,1.2849461254098067,6.324555320336759,1.2849461254098065,4.080026797349611,2.1208393724679095,0.24081274549909654,0.03402719146897423,2.669984182525729
2022_10,"AUDNZD_欧州
15-21JST",0.4703206902628468,2.9725808566332392,5.916079783099616,2.9725808566332392,2.7057491989492046,0.8332036070253471,0.5403992982412087,0.010110395222754654,29.65378099223333
2022_10,"AUDNZD_深夜
03-09JST",0.08268143724576718,1.2164102486761454,4.242640687119285,1.2164102486761452,1.4896980824148491,1.828019606404947,0.17129607825309473,0.014606396416775748,0.23863456177816614
2022_10,"AUDUSD_NY
21-03JST",0.9941618888239748,4.447138566899937,6.6332495807108,4.447138566899937,4.224434046955446,0.5571376901388427,0.7130892737733533,0.02732693448418539,213.0644899865138
2022_10,"CHFJPY_NY
21-03JST",0.11935626454484219,1.2850459288724518,5.5677643628300215,1.2850459288724512,2.775280640676086,1.1908637028249196,0.22981577905764677,0.03846436270157354,0.8026395883306208
2022_10,"EURAUD_深夜
03-09JST",0.3342128064424301,1.9394277352008507,4.58257569495584,1.9394277352008498,3.5315789473681827,0.7720687863038019,0.45519882452314026,0.017855433801679588,7.024572274653072
2022_10,"EURGBP_NY
21-03JST",0.13293289582890058,1.4402774752180436,9.1104335791443,1.4402774752180438,1.6210988220197686,0.8816670402359263,0.24943646164334182,0.051776254327576765,0.8515585635366232
2022_10,"EURGBP_欧州
15-21JST",0.23739563278091505,1.7494185496173589,9.0,1.7494185496173593,2.5813953488368524,1.4186429975334736,0.372446280727048,0.0396364143385407,8.578522406949796
2022_10,"EURJPY_NY
21-03JST",0.27467865317652124,1.6023880130598303,9.16515138991168,1.6023880130598307,3.52067041575892,0.9462043842179779,0.40712515785593567,0.11227967417754577,7.881777907279149
2022_10,"EURJPY_欧州
15-21JST",0.26745487645001664,1.8894012991375537,5.656854249492381,1.8894012991375537,1.7581253453737549,3.0,0.4007085510746814,0.018341185495034617,11.209347177621764
2022_10,"GBPJPY_欧州
15-21JST",0.1905892483815629,1.3832761428161593,4.795831523312719,1.3832761428161595,2.924168792882844,0.3,0.32271032516059034,0.0436369217765692,0.47442460793725216
2022_10,"GBPUSD_欧州
15-21JST",0.050630169032368014,1.1169918920250876,5.656854249492381,1.1169918920250874,2.4175583974945756,2.441732188930984,0.11235414872707143,0.03727335473446904,0.22848374126226842
2022_10,"NZDJPY_欧州
15-21JST",0.9749794722244861,3.8467262302217735,5.477225575051661,3.8467262302217735,5.094527148830536,0.3362839092668935,0.7090865659595142,0.023106620626609103,93.82681793526167
2022_10,"NZDUSD_NY
21-03JST",0.8526568529932785,3.0490319248594924,5.916079783099616,3.049031924859493,5.21941713590116,0.691688020243723,0.6806787117763476,0.043420779444583696,110.44529012511758
2022_10,"NZDUSD_東京
09-15JST",0.1798019378230689,1.4545740649554897,6.557438524302,1.4545740649554895,2.3654046028212212,1.7868255865031126,0.31010923919667344,0.03944775870955503,3.1455740559762932
2022_11,"AUDJPY_東京
09-15JST",0.40073700142303514,1.7492856478813064,5.744562646538029,1.7492856478813066,6.328552430936268,1.6106794435473537,0.5004602019275526,0.03662394722091032,34.66567715116302
2022_11,"AUDJPY_欧州
15-21JST",0.04192029888189761,1.1066745107462808,5.0,1.1066745107462808,1.5560801416272485,0.3,0.09485941014241737,0.03281905836282184,0.011006356632092481
2022_11,"AUDNZD_欧州
15-21JST",0.09747067733686583,1.24320939400496,7.874007874011811,1.2432093940049602,2.0441352575780027,0.5924484765588112,0.1959325077382658,0.06704706974511755,0.2637797975941741
2022_11,"AUDNZD_深夜
03-09JST",0.2357073994104977,1.7567439050119993,4.358898943540674,1.7567439050119997,2.0184275632172777,0.7485627126660669,0.3707797008955271,0.008227479526844064,1.7618369167737473
2022_11,"AUDUSD_NY
21-03JST",0.26531910231837635,1.613844315036778,9.0,1.6138443150367778,3.339422510312353,0.4202433799535581,0.3987847356161025,0.07865070486503045,3.2267420443350847
2022_11,"EURAUD_深夜
03-09JST",0.47034239467255484,2.485116316414881,5.744562646538029,2.485116316414881,2.912631578947322,1.0187194700995374,0.540410759663741,0.018293881990729104,26.275775995139394
2022_11,"EURGBP_NY
21-03JST",0.14000109484438575,1.4071307690482169,8.0,1.4071307690482173,2.553452801082112,1.3024073694829599,0.2592607611003648,0.051776254327576765,1.8179354052286978
2022_11,"EURGBP_欧州
15-21JST",0.5882265629025681,3.052022717889134,8.0,3.0520227178891344,2.990588136164238,1.1136005946425536,0.5952345190710716,0.02354592653890903,84.89399636221246
2022_11,"EURJPY_NY
21-03JST",0.20457283068114063,1.450716967663579,10.246950765959598,1.4507169676635792,2.889894618271922,0.6444085542874967,0.3383758255405872,0.12548087879046502,2.470088397750721
2022_11,"EURJPY_欧州
15-21JST",0.5267218198814222,3.0910504740303972,5.744562646538029,3.0910504740303963,2.917918814847859,1.1289640243278478,0.5683710133735909,0.018341185495034613,53.154788303054175
2022_11,"GBPUSD_NY
21-03JST",0.2450155916336396,1.5715412852553199,7.54983443527075,1.5715412852553194,2.6872719086751293,1.5284968963708883,0.379859951932457,0.04865517547165236,6.797507832898986
2022_11,"GBPUSD_欧州
15-21JST",0.055006695435071654,1.1301764740362732,7.14142842854285,1.1301764740362734,2.41958604708186,1.2282852757908103,0.12089205716516978,0.04020324909407133,0.17330578013847253
2022_11,"NZDJPY_欧州
15-21JST",0.7070407640434023,2.9790519642495754,5.477225575051661,2.9790519642495745,5.094527148830496,0.3,0.6386763586383007,0.028745811260209055,32.61062592744105
2022_11,"NZDUSD_NY
21-03JST",0.03554068022118434,1.0731230916537646,8.18535277187245,1.0731230916537646,2.3054626204856663,0.5545187203855672,0.08160128740014684,0.044446467158794,0.03346164907194947
2022_11,"NZDUSD_東京
09-15JST",0.3487298335563006,1.978615413652883,6.782329983125268,1.9786154136528842,2.5447042513863036,3.0,0.4657619049315974,0.034577268422783455,31.823679851685768
2022_12,"AUDJPY_東京
09-15JST",0.5964519867124959,2.0456727577618805,4.242640687119285,2.0456727577618805,6.268619011311102,0.3,0.5985757413965485,0.037921444579848466,11.485021769574894
2022_12,"AUDNZD_東京
09-15JST",0.34715724791639896,2.0994501379544674,5.744562646538029,2.099450137954468,2.2882303551146137,2.888114156998998,0.46463746270884476,0.014023099774624665,26.617962475738196
2022_12,"AUDNZD_欧州
15-21JST",0.0439605687088405,1.1151275253002713,7.937253933193772,1.1151275253002715,2.0147167561120423,3.0,0.09901908369180153,0.06704706974511755,0.2433622586268281
2022_12,"AUDNZD_深夜
03-09JST",0.2357073994104977,1.7567439050119993,4.358898943540674,1.7567439050119997,2.0184275632172777,1.0,0.3707797008955271,0.008227479526844064,2.3536263387990863
2022_12,"AUDUSD_NY
21-03JST",0.14421413318313606,1.3452610457539418,8.426149773176359,1.345261045753942,2.8750617743885707,3.0,0.2649952002158053,0.07865070486503045,4.659890836906642
2022_12,"EURAUD_深夜
03-09JST",0.30661263923507776,1.940804764513735,5.385164807134504,1.940804764513735,2.269401598032025,1.0,0.4339189850424867,0.01829388199072909,6.014501335028055
2022_12,"EURGBP_NY
21-03JST",0.17236761594233943,1.4592867648669785,8.48528137423857,1.4592867648669785,2.8273025439455677,1.6495823858634617,0.3011484422621559,0.042933020053383765,4.194437312857712
2022_12,"EURGBP_欧州
15-21JST",0.4253681277567256,2.0834296040845013,8.831760866327848,2.0834296040845013,3.265636162196244,0.6441773620959859,0.5153677655482494,0.05025993879141068,16.83308108662539
2022_12,"EURJPY_NY
21-03JST",0.18072154757194725,1.367490133511822,9.643650760992955,1.3674901335118217,2.7546878644387673,3.0,0.3112017253838116,0.125480878790465,7.447274124928558
2022_12,"EURJPY_欧州
15-21JST",0.6486124358303046,4.060701028376012,5.0990195135927845,4.060701028376012,3.4778233838093517,0.3,0.6185435282547694,0.01779150491464931,34.579140927105215
2022_12,"GBPUSD_NY
21-03JST",0.2294652407241384,1.5033903353666074,7.483314773547883,1.5033903353666074,2.7733932718645447,0.44109791040666285,0.3645399711986655,0.06468586347790066,1.6256406668658352
2022_12,"GBPUSD_欧州
15-21JST",0.02051113373575921,1.0454328358869298,6.324555320336759,1.04543283588693,2.447519174261652,3.0,0.04877667222159203,0.03383389973810489,0.04911573997512231
2022_12,"NZDUSD_NY
21-03JST",0.11293571441366261,1.2524553511736567,8.48528137423857,1.252455351173657,2.268714959583793,2.153639313288004,0.2201751822696915,0.044446467158793974,1.5483072286066892
2022_12,"NZDUSD_東京
09-15JST",0.6479847794351716,3.863086815505728,6.244997998398398,3.863086815505729,2.568258309592004,0.9583617662025327,0.6183150673089102,0.015648094612351303,90.49004359742486
2022_12,"USDJPY_欧州
15-21JST",0.6296788302556026,2.34445581331408,2.6457513110645907,2.3444558133140805,3.446566247750221,1.0,0.6115293543514865,0.011392326799213297,19.08255405427132
2022_13,"AUDJPY_東京
09-15JST",0.21559766364902697,1.337255507706093,5.0990195135927845,1.337255507706093,6.218366085947199,0.3,0.3502249543493175,0.06137499903939632,1.210139089245215
2022_13,"AUDNZD_東京
09-15JST",0.3467321780732907,2.1408946910406645,6.48074069840786,2.1408946910406645,2.1359987142401313,0.4883665596018489,0.4643327129251681,0.01999999999999799,4.890862105513571
2022_13,"AUDNZD_深夜
03-09JST",0.10050947643370643,1.2734321432917801,4.898979485566356,1.2734321432917801,1.9515577507592476,0.3,0.20081433252746636,0.016195250861775038,0.0923813819623909
2022_13,"AUDUSD_NY
21-03JST",0.0837883266566065,1.1972273468091028,8.366600265340756,1.197227346809103,2.722959358208252,3.0,0.17319212151243063,0.07865070486503045,1.3179396030709423
2022_13,"EURAUD_深夜
03-09JST",0.33142260182506417,2.0948115124185023,6.0,2.094811512418502,2.4082861189805103,1.0698205682793334,0.4531205366064572,0.019871449450812578,9.988737825649547
2022_13,"EURGBP_NY
21-03JST",0.3050645923839431,1.988008209881447,10.14889156509222,1.988008209881447,2.7195255775055625,1.1557441469449714,0.43267609192012885,0.025450526590905603,16.2274320645042
2022_13,"EURGBP_欧州
15-21JST",0.21915444205797507,1.5009646498569227,10.63014581273465,1.5009646498569227,2.7933475885005303,0.4047874353673645,0.35395763507653943,0.06912054557690549,1.964748837746916
2022_13,"EURJPY_NY
21-03JST",0.1952939347994706,1.4038718484152768,10.04987562112089,1.4038718484152768,2.9574979951884997,0.9377423924020561,0.3280630347178943,0.125480878790465,3.1270264778613184
2022_13,"EURJPY_欧州
15-21JST",0.4952425582817645,2.870820719107501,5.830951894845301,2.870820719107501,2.8880531942290544,0.4194516466068549,0.5531937168316502,0.021424812088261563,15.614478638058175
2022_13,"GBPUSD_NY
21-03JST",0.4777246753393512,2.184267706322121,7.874007874011811,2.184267706322121,3.6992563681574486,3.0,0.544276227798484,0.06468586347790066,101.81665191779757
2022_13,"GBPUSD_欧州
15-21JST",0.30792081762432927,1.7978668243543332,7.0,1.7978668243543334,2.6636664691199203,1.0722824169476393,0.43496505535416097,0.027125754830421726,8.426978873519474
2022_13,"NZDUSD_NY
21-03JST",0.21677438744218763,1.5376103515213646,9.1104335791443,1.5376103515213653,2.334860749207161,3.0,0.3514646390249248,0.044446467158793974,11.005690436535394
2022_13,"NZDUSD_東京
09-15JST",0.4906933730709343,2.438176681403707,7.416198487095663,2.4381766814037067,2.938575707131639,0.48098582353077857,0.5509116693875478,0.03455856020949403,16.282381933533994
2022_13,"USDJPY_欧州
15-21JST",0.6296788302556026,2.34445581331408,2.6457513110645907,2.3444558133140805,3.446566247750221,1.0,0.6115293543514865,0.011392326799213297,19.08255405427132
2022_14,"AUDJPY_東京
09-15JST",0.18363637106849834,1.3353827718352373,6.324555320336759,1.3353827718352371,6.178346039897918,0.9955859129402906,0.31464175327576677,0.07137499903939633,3.7413303149901327
2022_14,"AUDJPY_欧州
15-21JST",0.09693250716222042,1.218968559485094,4.58257569495584,1.218968559485094,1.8431718061674212,1.4808183868031048,0.19506171515275303,0.016424986010837063,0.3457231207600126
2022_14,"AUDNZD_東京
09-15JST",0.13848475918862108,1.393578212236054,8.06225774829855,1.3935782122360538,2.0626550822456364,0.4390208971217064,0.25717489088695356,0.043360903377002914,0.4839797194563489
2022_14,"AUDNZD_欧州
15-21JST",0.06807071642227644,1.1452469061548405,9.486832980505138,1.1452469061548403,2.217226682958611,2.5046666761234673,0.1454282740492262,0.10819860297007011,0.6172642379361778
2022_14,"AUDNZD_深夜
03-09JST",0.09995402017918946,1.263510280000195,4.0,1.263510280000195,1.8428951367770625,3.0,0.1999264255208204,0.016195250861775035,0.6942769327247005
2022_14,"CHFJPY_東京
09-15JST",0.13042436972462118,1.2888933125608282,5.196152422706632,1.2888933125608284,1.8330252492066734,1.7130180197864169,0.2458868354640892,0.04002839228454223,0.8357858810893068
2022_14,"EURAUD_深夜
03-09JST",0.31563486815515407,2.0332588001976286,5.744562646538029,2.0332588001976286,2.4266288951841064,0.5604243038917818,0.4410557425308718,0.019871449450812578,4.408548646188265
2022_14,"EURGBP_NY
21-03JST",0.40896555143102886,2.5073335005978574,10.0,2.5073335005978574,2.774523877590833,1.6168700303759913,0.5055413678710851,0.0254505265909056,56.86126258160622
2022_14,"EURGBP_欧州
15-21JST",0.17008571467903386,1.4037411998174376,11.445523142259598,1.4037411998174378,2.48849482416484,1.1580684897479696,0.29835112562817767,0.0691205455769055,3.084960247690634
2022_14,"EURJPY_NY
21-03JST",0.3138831076157023,1.8584677362982358,8.426149773176359,1.858467736298236,3.1374300164535773,1.5692267201394583,0.43968417835805124,0.033809569059948315,19.127896018284314
2022_14,"EURJPY_欧州
15-21JST",0.3605680719123667,2.1657964029530063,6.4031242374328485,2.165796402953007,2.520205259781654,1.419340607852065,0.4740773182941496,0.021424812088261566,17.979589340691465
2022_14,"GBPJPY_欧州
15-21JST",0.19825412101505918,1.3640422506012952,5.916079783099616,1.364042250601295,3.389570149484937,3.0,0.3313878067044167,0.06277978013781793,6.9194410469330245
2022_14,"GBPUSD_NY
21-03JST",0.6468088624014708,2.6135636290871043,7.874007874011811,2.613563629087104,3.7454836731583954,1.0445932064536454,0.6178863072649526,0.06468586347790066,78.99146180713382
2022_14,"GBPUSD_欧州
15-21JST",0.29271055300160453,1.7203617886795637,7.0,1.720361788679564,2.7146012849989227,1.1062570648650252,0.4225582412932094,0.029726004526233148,7.473137950370586
2022_14,"NZDUSD_東京
09-15JST",0.47019174348975146,2.3507292129018316,6.4031242374328485,2.350729212901831,3.0271800679501966,0.3,0.5403311936793721,0.034558560209494014,7.891082931131338
2022_14,"USDJPY_東京
09-15JST",0.2837180924514317,1.6403012172051503,5.744562646538029,1.6403012172051499,2.4261053048057013,1.2754895031915323,0.41496355820302605,0.03504280159788554,5.4403820807082415
2022_14,"USDJPY_欧州
15-21JST",0.581732748562369,2.483499677098029,5.477225575051661,2.483499677098029,4.102437344842294,1.0216309665376564,0.5925571388081405,0.02666925144747754,47.53878095249538
2022_15,"AUDJPY_欧州
15-21JST",0.17701600204415413,1.417866190550099,4.242640687119285,1.417866190550099,2.078051116798094,1.0,0.30677832402750005,0.014843575418993426,0.948420786929993
2022_15,"AUDNZD_東京
09-15JST",0.1110069803027488,1.3321463614706281,7.874007874011811,1.332146361470628,1.8557321263484554,1.8072795994764088,0.21723182770807187,0.04336090337700292,1.0831274173272691
2022_15,"AUDNZD_欧州
15-21JST",0.15669794396613843,1.3334434858061301,8.306623862918075,1.3334434858061301,2.863299681003366,0.7201719421540982,0.2814774972038872,0.06160906408448679,1.2653746703326691
2022_15,"AUDNZD_深夜
03-09JST",0.27219572804870984,1.898900629050887,3.1622776601683795,1.8989006290508867,1.711859718007652,3.0,0.4049352245050053,0.014519966519016892,6.362095253723012
2022_15,"AUDUSD_NY
21-03JST",0.10229136455514196,1.2782749364329675,7.681145747868608,1.2782749364329675,2.309965875987697,1.2405875440652103,0.20364945880711488,0.06449911755709986,0.7038570426629709
2022_15,"CHFJPY_NY
21-03JST",0.11658979627703635,1.3240659639264152,7.280109889280518,1.3240659639264152,2.262293837755492,3.0,0.22569124887343245,0.03991357803792626,2.191822900313871
2022_15,"CHFJPY_東京
09-15JST",0.02368473825917243,1.049024588731956,5.5677643628300215,1.049024588731956,1.8327149390042956,0.3,0.05590179706847071,0.04002839228454223,0.004288619550783661
2022_15,"EURAUD_深夜
03-09JST",0.35236420595989926,2.3345072978542323,4.58257569495584,2.3345072978542327,2.6842105263152276,3.0,0.4683425968016881,0.015490636425168148,32.68266562283872
2022_15,"EURGBP_NY
21-03JST",0.16568448816524942,1.496947784880492,11.489125293076057,1.496947784880492,2.469485416066435,0.3,0.29289204783152756,0.09515153314398596,0.8451683117034295
2022_15,"EURGBP_欧州
15-21JST",0.048614686319219766,1.1146195671075587,11.269427669584644,1.1146195671075592,2.3428967724726424,0.9115175154329399,0.10836623900588736,0.06912054557690554,0.14733576136459867
2022_15,"EURJPY_NY
21-03JST",0.3027347663716975,1.8853015593245286,8.06225774829855,1.8853015593245293,3.4754099627859,0.3,0.43079520305328395,0.03158188715665741,3.7772443268351417
2022_15,"EURJPY_欧州
15-21JST",0.2086407254661279,1.65894578138272,6.324555320336759,1.6589457813827198,2.353782136882093,0.45517073363176125,0.3427978390804202,0.021424812088261566,1.3057671230138665
2022_15,"GBPJPY_欧州
15-21JST",0.10741203425823329,1.1881669370190608,6.082762530298219,1.1881669370190606,3.3503781884101103,0.3,0.2116860204454057,0.05704753719453768,0.1856613385629028
2022_15,"GBPUSD_NY
21-03JST",0.8835100967904868,3.5643697871273425,6.6332495807108,3.5643697871273425,4.022316133592984,2.0763219527280845,0.6883546136487512,0.016122799484756332,421.25036580312957
2022_15,"GBPUSD_欧州
15-21JST",0.5667192904483022,2.4027723347869623,5.385164807134504,2.4027723347869627,2.822129054437461,3.0,0.5862294215578282,0.02972600452623315,84.9251447138765
2022_15,"NZDJPY_欧州
15-21JST",0.1667587534690813,1.363101489113431,5.0,1.363101489113431,1.8186620383845649,3.0,0.29423233862444187,0.02433965022636304,2.427921859420538
2022_15,"NZDUSD_NY
21-03JST",0.15204007755089496,1.4691685129495204,7.615773105863909,1.46916851294952,2.0528426022332584,1.7038484520769739,0.2754149268028058,0.04687090013792961,2.2998328109968185
2022_15,"NZDUSD_東京
09-15JST",0.23713592413119897,1.53097127154191,5.385164807134504,1.5309712715419104,2.976549004624956,0.9994442811368215,0.3721904779652136,0.03455856020949404,3.2034078561360673
2022_15,"NZDUSD_深夜
03-09JST",0.5394642588924333,2.4055180815261967,2.8284271247461903,2.4055180815261967,4.445076727870724,1.0,0.5742254202713643,0.01535275187087313,22.195740953700213
2022_15,"USDJPY_東京
09-15JST",0.28843729987146016,1.6904032418957464,5.916079783099616,1.690403241895746,2.4028116070030645,3.0,0.41897395728749004,0.03504280159788554,14.227735170915404
2022_15,"USDJPY_欧州
15-21JST",0.581732748562369,2.483499677098029,5.477225575051661,2.483499677098029,4.102437344842294,1.0,0.5925571388081405,0.02666925144747754,46.53224354935716
2022_16,"AUDJPY_欧州
15-21JST",0.20028780517397776,1.4597146589835728,4.123105625617661,1.459714658983573,2.156344220341653,1.0,0.3336529635412626,0.014843575418993426,1.247466454635568
2022_16,"AUDNZD_東京
09-15JST",0.07498605307770323,1.2157819377287797,8.0,1.2157819377287797,1.831232797864145,2.6445040970115916,0.15787001027046202,0.04336090337700292,0.6497327177213879
2022_16,"AUDNZD_欧州
15-21JST",0.13851203201857218,1.2803396687423507,8.660254037844387,1.28033966874235,2.7928690363509276,0.8342383127316964,0.25721251111023496,0.056609064084486786,1.1152879111843306
2022_16,"AUDNZD_深夜
03-09JST",0.37354800304415225,2.4803283092980895,3.4641016151377544,2.4803283092980895,1.675670771610182,3.0,0.4829021619526191,0.014519966519016892,19.04863598068193
2022_16,"AUDUSD_NY
21-03JST",0.020485523345048842,1.048434928506699,8.18535277187245,1.0484349285066992,2.21650808829335,0.5611023119358515,0.04871873633622923,0.06449911755709986,0.010491305041565655
2022_16,"CHFJPY_NY
21-03JST",0.16247617302541173,1.437369589111906,8.54400374531753,1.4373695891119058,2.7336158426250425,1.1867050833953512,0.28885876561045254,0.03991357803792626,2.5843813785134198
2022_16,"CHFJPY_東京
09-15JST",0.02368473825917243,1.049024588731956,5.5677643628300215,1.049024588731956,1.8327149390042956,1.0,0.05590179706847071,0.04002839228454223,0.014295398502612206
2022_16,"EURAUD_深夜
03-09JST",0.3193871938148029,2.307586072158567,4.795831523312719,2.3075860721585673,2.580478246225898,0.3,0.44397119737583923,0.015490636425168148,2.760562375888352
2022_16,"EURGBP_NY
21-03JST",0.00679039785323074,1.0175322743663673,12.12435565298214,1.017532274366367,1.9826210557437038,0.5799874288732779,0.016692620792098177,0.1397069590732112,0.0014356213103446608
2022_16,"EURGBP_欧州
15-21JST",0.007964606025479845,1.0199027577898985,10.14889156509222,1.019902757789899,2.0607879187503797,1.043457259865675,0.01952278680024117,0.06602262611770328,0.003311187670085849
2022_16,"EURJPY_NY
21-03JST",0.3858962874320189,2.2798309065846047,9.219544457292887,2.279830906584605,2.5431037392965874,2.337035530145146,0.4910269886793421,0.03158188715665739,52.313813973980764
2022_16,"EURJPY_欧州
15-21JST",0.2652320554802136,1.8615235948085598,6.0,1.8615235948085602,2.3888185838083063,1.0,0.3987060654928145,0.021424812088261563,5.142140752368687
2022_16,"GBPJPY_欧州
15-21JST",0.3448792237669763,1.6546578151738847,5.291502622129181,1.654657815173885,3.52674201324692,1.0,0.4630001921960792,0.038060860709173236,7.859492140420023
2022_16,"GBPUSD_NY
21-03JST",0.8220665541666247,3.4914561828124486,6.708203932499369,3.49145618281245,4.006100803287113,0.3,0.6726855844011084,0.022693273891430405,53.141802041666104
2022_16,"GBPUSD_欧州
15-21JST",0.6121072409162497,2.4922418272404143,5.5677643628300215,2.4922418272404148,2.9104054173355602,1.567244669790749,0.6047849636587084,0.02972600452623315,56.709826826855
2022_16,"NZDJPY_欧州
15-21JST",0.14624500038193214,1.33056740415815,5.291502622129181,1.3305674041581501,1.8063245223490896,0.3,0.2677278515678464,0.025212467501956926,0.1938788835827721
2022_16,"NZDUSD_NY
21-03JST",0.0018393256572690365,1.004511258880151,7.937253933193772,1.0045112588801508,2.028827503541569,0.4011838919064522,0.01,0.0560147053450758,0.00011354216376611854
2022_16,"NZDUSD_東京
09-15JST",0.006066995939821815,1.0122379058758855,5.830951894845301,1.012237905875885,2.9449045900468964,0.6516063641498435,0.01494087429041116,0.03455856020949404,0.0010045136333536237
2022_16,"NZDUSD_深夜
03-09JST",0.26130163280166213,1.6370461109623453,3.3166247903554,1.6370461109623455,3.6931322226566654,0.3,0.395132296429747,0.02255973242247905,0.9943293167341877
2022_16,"USDJPY_東京
09-15JST",0.2537268721377371,1.58614463097413,6.0,1.5861446309741296,2.391164758101747,0.3,0.3881236689996094,0.03504280159788554,1.0302576829489194
2022_16,"USDJPY_欧州
15-21JST",0.567140462829646,2.5372201755096166,4.795831523312719,2.537220175509616,4.089988007353332,1.0,0.5864096112474855,0.02666925144747754,40.9037780138562
2022_17,"AUDJPY_東京
09-15JST",0.2580928586499557,1.8005077877893834,5.830951894845301,1.8005077877893836,2.4827914479163624,2.310070939492022,0.3921830411279955,0.016428618539612826,10.796498721260203
2022_17,"AUDJPY_欧州
15-21JST",0.36703898136698226,1.8882675654711067,5.5677643628300215,1.8882675654711059,2.8169047619043455,1.0383677325532705,0.4785141176434891,0.02716366389145718,9.928841093155285
2022_17,"AUDNZD_東京
09-15JST",0.11309151758581645,1.3250560435947776,7.211102550927978,1.3250560435947778,1.8768209947822174,1.108689633602199,0.22041198053308583,0.04336090337700292,0.6294100543783283
2022_17,"AUDNZD_欧州
15-21JST",0.12973292417370122,1.3119293161044734,9.591663046625438,1.3119293161044732,2.1871400509879817,0.5518831048923392,0.24490251266912258,0.039075696774478946,0.6093049983186569
2022_17,"AUDNZD_深夜
03-09JST",0.18947600959174105,1.642936671472632,4.58257569495584,1.6429366714726323,1.512820512821099,0.35075551041543274,0.3214312482758513,0.021148997186056055,0.39146812975180606
2022_17,"AUDUSD_欧州
15-21JST",0.09350674561308214,1.191126398153127,6.0,1.1911263981531268,3.3939320110615374,3.0,0.18947409826570644,0.061738496488718445,1.4463272521934563
2022_17,"CHFJPY_NY
21-03JST",0.12965094555339995,1.3273921525438714,8.831760866327848,1.3273921525438714,2.6760983795476747,0.7245559043389689,0.24478563975362216,0.039754736773213825,0.9209806066851586
2022_17,"CHFJPY_東京
09-15JST",0.4589175896447738,2.1571279251842994,6.324555320336759,2.157127925184299,3.107147791963577,1.4394824712152468,0.5342975800909728,0.04432011312779908,30.90539924098096
2022_17,"EURAUD_深夜
03-09JST",0.27322091264059767,2.1953786908704584,4.123105625617661,2.1953786908704593,1.8543522856002892,0.6693614834680077,0.4058413924917066,0.013002286005783476,2.699952748659157
2022_17,"EURGBP_欧州
15-21JST",0.12107967773253742,1.3383535162133648,8.602325267042627,1.3383535162133648,2.4102452960719054,0.8454455357307181,0.2323630778682676,0.021994923011485545,0.8643588163246342
2022_17,"EURJPY_NY
21-03JST",0.4653305915983467,2.6393886835919633,8.660254037844387,2.6393886835919638,2.8743461639500705,1.8143902960363136,0.5377489206048263,0.03158188715665741,76.32108939504427
2022_17,"EURJPY_欧州
15-21JST",0.1557124650067408,1.4393943684122126,7.14142842854285,1.439394368412213,2.5404821727219913,0.6496239997978435,0.2802032972300738,0.04458586964046141,1.0199417603722827
2022_17,"GBPJPY_欧州
15-21JST",0.5783964864577252,2.508051556721911,6.4031242374328485,2.5080515567219113,3.2719942662603825,0.7742929398448165,0.5911677877664954,0.04818065763981173,33.28763553773915
2022_17,"GBPUSD_NY
21-03JST",0.541532486270367,2.4163073797091705,6.244997998398398,2.416307379709171,2.8635014632464917,0.3628828205532207,0.5751607025430481,0.03542941352182103,11.397082827278613
2022_17,"GBPUSD_欧州
15-21JST",0.8050349971919268,3.2511200036069914,5.477225575051661,3.2511200036069914,3.8468110905384134,0.9138757358412969,0.6680594331848341,0.029010750288475655,106.37132854980875
2022_17,"NZDJPY_欧州
15-21JST",0.30701858845931684,1.6797150570303196,6.557438524302,1.6797150570303199,2.4758353607470287,1.3094608531876597,0.4342440120681259,0.03017590833598029,7.762593766878972
2022_17,"NZDUSD_深夜
03-09JST",0.38690988006712634,1.9125321617364721,3.605551275463989,1.9125321617364721,3.7769259902085013,1.6499123743830235,0.49168258001046,0.02255973242247905,15.289542136193944
2022_17,"USDJPY_東京
09-15JST",0.3796375198630246,1.9563111001841695,6.164414002968976,1.9563111001841693,2.616368557294103,0.9820253289111748,0.4869410593909378,0.02921150724122281,10.887549383396568
2022_17,"USDJPY_欧州
15-21JST",0.27029305955301863,1.5895661310734495,6.48074069840786,1.5895661310734492,4.0088841009568945,0.530270936122364,0.4032460961676407,0.035128862166752914,3.665336228373081
2022_18,"AUDJPY_東京
09-15JST",0.11890522953999039,1.3407887977071524,5.830951894845301,1.3407887977071522,2.261658003599063,0.3847836137703711,0.229146331104429,0.018364664588105793,0.24406991445907592
2022_18,"AUDJPY_欧州
15-21JST",0.23413757462616083,1.6342278038348739,5.656854249492381,1.6342278038348739,2.5880110152167455,0.7245705338563877,0.3692220489602599,0.031083155416880677,2.3752647285082724
2022_18,"AUDNZD_東京
09-15JST",0.04038437220814137,1.098972257096398,6.708203932499369,1.098972257096398,1.848006262415619,0.3,0.09170255521477555,0.04411874452732019,0.015931229313546878
2022_18,"AUDUSD_欧州
15-21JST",0.1310768106625406,1.263478871078079,5.916079783099616,1.2634788710780787,3.420824038991482,0.3389477747303257,0.24681328205427902,0.03772858008580147,0.3413847580294459
2022_18,"CHFJPY_東京
09-15JST",0.49615270792596666,2.3317730828493692,5.291502622129181,2.33177308284937,3.5714811922027176,1.481325021889251,0.5536475017458241,0.02374116575937785,40.84217432682273
2022_18,"EURGBP_欧州
15-21JST",0.16390399816700582,1.4425381917428173,6.782329983125268,1.4425381917428175,2.667098581968043,2.0381689122351756,0.2906594007132114,0.017413793103448587,3.592436480455399
2022_18,"EURJPY_NY
21-03JST",0.11261772557353728,1.3358366748599246,9.695359714832659,1.3358366748599249,2.07235898168074,0.5789535106657057,0.21969143858132495,0.04727881924190406,0.4903846824294446
2022_18,"EURJPY_欧州
15-21JST",0.22225773408635516,1.5604360399122938,7.0710678118654755,1.5604360399122936,3.149939337204963,1.9215298528126328,0.35717954460251167,0.041720768651861195,7.941790229674123
2022_18,"GBPJPY_欧州
15-21JST",0.5398240621319553,2.786368099345168,6.48074069840786,2.7863680993451685,3.0981173103840924,2.7239047062886192,0.5743884242624996,0.027987736615520495,128.0741187428541
2022_18,"GBPUSD_NY
21-03JST",0.7538060452370199,3.5143305567662484,6.782329983125268,3.514330556766248,4.000873554663584,1.836124392834511,0.6533212825056482,0.03542941352182103,292.67591412016964
2022_18,"GBPUSD_欧州
15-21JST",0.5668100010747391,2.6699935558951196,7.14142842854285,2.66999355589512,4.082025066394362,0.6663663381738445,0.5862682434445792,0.029010750288475655,44.72065902412921
2022_18,"NZDJPY_欧州
15-21JST",0.21972264853325005,1.559630010928708,6.557438524302,1.5596300109287082,2.461583605515365,0.40948136790484346,0.35454997336838706,0.03625217741456661,1.2086845122057746
2022_18,"NZDUSD_深夜
03-09JST",0.19493555163693418,1.4872892534176838,4.242640687119285,1.4872892534176838,3.388541296361942,0.3,0.32765826668212905,0.02255973242247905,0.5959154759151162
2022_18,"USDJPY_東京
09-15JST",0.1643588629329295,1.4103968716603408,4.795831523312719,1.4103968716603406,2.2907265851304777,0.6813519823552214,0.2912311185807717,0.011855111874912241,0.7043750207449805
2022_18,"USDJPY_欧州
15-21JST",0.06586846292960577,1.1331400995754886,5.656854249492381,1.1331400995754888,2.2700815021496066,1.5449920292456107,0.14138854241257934,0.0325267657219883,0.22977370515568066
2022_19,"AUDJPY_東京
09-15JST",0.1724115508972375,1.5418997876194462,5.5677643628300215,1.541899787619446,2.2967557824751395,3.0,0.30120208201072757,0.018364664588105793,4.651041596984445
2022_19,"AUDJPY_欧州
15-21JST",0.23697862862792532,1.678278312317465,6.557438524302,1.6782783123174654,2.4188666827632637,1.0965948912477803,0.3720354466811323,0.031083155416880677,4.189094465281637
2022_19,"AUDNZD_東京
09-15JST",0.18709503134140662,1.513433083943289,7.14142842854285,1.5134330839432888,1.9676217570952605,3.0,0.3186792961165557,0.04411874452732019,5.513668061752037
2022_19,"AUDNZD_欧州
15-21JST",0.08284097807428614,1.2528225642432398,9.0,1.2528225642432398,1.6856127886327767,2.208657395820059,0.17156989948260123,0.0388489384726584,0.7195181087404804
2022_19,"AUDUSD_欧州
15-21JST",0.1486245050668062,1.29976685284865,6.082762530298219,1.2997668528486497,3.3670399831316207,0.3597786317948592,0.2709038763201219,0.04594665059069378,0.47919416722155606
2022_19,"CHFJPY_東京
09-15JST",0.6949794549357288,3.1819870148971767,4.898979485566356,3.181987014897177,3.7262589922823777,1.0,0.634696342294862,0.010000000000000007,80.72202569804223
2022_19,"EURAUD_NY
21-03JST",0.030206945502933947,1.0792463514349353,9.327379053088816,1.0792463514349353,1.7766521045697263,3.0,0.07021491823573538,0.0753321341551743,0.11421365675116597
2022_19,"EURGBP_NY
21-03JST",0.0926528112290666,1.2251923285530608,9.643650760992955,1.2251923285530608,2.8222734411283943,0.3985447991574899,0.18806918202276585,0.07177746026760759,0.26472677209248113
2022_19,"EURGBP_欧州
15-21JST",0.19594684168718224,1.5440246459428275,6.928203230275509,1.544024645942827,2.87784883400393,0.8702610612587307,0.3287991947946869,0.02150106204302153,2.609016320446809
2022_19,"EURJPY_NY
21-03JST",0.1903695867070436,1.6040084798939809,8.888194417315589,1.604008479893981,2.16964494120323,3.0,0.32245832270744956,0.04727881924190409,8.724602028609308
2022_19,"EURJPY_欧州
15-21JST",0.2655887932281305,1.668180236571691,6.6332495807108,1.6681802365716911,3.3757564373385534,1.0,0.3990283429202811,0.03172076865186102,6.400806572274154
2022_19,"GBPJPY_欧州
15-21JST",0.4100798101204863,2.2147758452313546,7.0,2.2147758452313546,2.958257236494317,0.3,0.5062214920027367,0.02805757303039523,6.15327489838753
2022_19,"GBPUSD_NY
21-03JST",0.24419622309288813,1.6295726006095446,8.660254037844387,1.6295726006095437,3.0056352081298985,0.5954065604320101,0.3790711810144794,0.0436196544215375,3.650441607252027
2022_19,"GBPUSD_欧州
15-21JST",0.27402399213680995,1.6563512507495883,8.06225774829855,1.6563512507495877,4.018064992655141,0.3,0.40654931476265616,0.053874280313045,2.8184659145940163
2022_19,"NZDJPY_欧州
15-21JST",0.15625755620116366,1.3794745020174315,6.4031242374328485,1.3794745020174317,2.481865284973384,3.0,0.2809086446722444,0.03625217741456661,3.842902965351436
2022_19,"USDJPY_欧州
15-21JST",0.018887886400906228,1.0389738886323314,6.082762530298219,1.0389738886323314,2.2675544460170514,0.31670390934166487,0.0450905528999449,0.0325267657219883,0.003889456156348559
2022_20,"AUDJPY_東京
09-15JST",0.09420435925050796,1.2439223338330054,6.928203230275509,1.2439223338330059,2.1458570991478556,0.6648158027559616,0.19061822804107756,0.027229414428028398,0.26734819855480607
2022_20,"AUDJPY_欧州
15-21JST",0.18341606175357936,1.467270378167887,7.483314773547883,1.4672703781678875,2.220550895454396,0.6894929639919358,0.31438294859809635,0.031083155416880677,1.3794550040211686
2022_20,"AUDNZD_東京
09-15JST",0.11422501467737736,1.2724619057389548,6.244997998398398,1.2724619057389546,2.103808331842913,2.436365871167403,0.22213041259581986,0.04411874452732018,1.259476051290557
2022_20,"AUDNZD_欧州
15-21JST",0.11683721116576808,1.4032367865012314,8.774964387392123,1.403236786501231,1.5173506946085886,3.0,0.22606191783720894,0.03852404878398731,2.0003525302591703
2022_20,"AUDNZD_深夜
03-09JST",0.06338326883060365,1.1870887477669445,6.855654600401044,1.1870887477669443,1.29835897435904,3.0,0.1367836801500365,0.04309939943618416,0.31276242123994913
2022_20,"AUDUSD_欧州
15-21JST",0.3084217137811392,1.6998036878832405,5.744562646538029,1.699803687883241,3.4746080948514115,3.0,0.4353645685632152,0.04594665059069374,22.21110066164423
2022_20,"CHFJPY_東京
09-15JST",0.6469327804167636,3.0436516004058705,5.830951894845301,3.04365160040587,3.7328055048909046,0.8885995735822307,0.6179315353553378,0.010000000000000007,70.91676901061375
2022_20,"EURAUD_NY
21-03JST",0.518672318208287,2.91644087976119,8.366600265340756,2.91644087976119,3.9926882334058122,1.6011244359097427,0.5645890356420759,0.029130286227523464,129.44968874633707
2022_20,"EURGBP_NY
21-03JST",0.27871962002128164,1.850396221596135,8.246211251235321,1.8503962215961354,3.7117137415505193,0.6898288406827287,0.41065502130694587,0.03131307541379827,8.023316039850023
2022_20,"EURJPY_欧州
15-21JST",0.4390937216620989,2.1652375057135615,8.366600265340756,2.165237505713561,4.461847924138816,1.4516764120778893,0.5232952056801599,0.03172076865186102,56.58306865428469
2022_20,"GBPJPY_欧州
15-21JST",0.2893804706985079,1.7619410784740321,8.602325267042627,1.761941078474032,2.4659051586805782,0.6323557162920077,0.419768883799821,0.05839221040750739,4.779354735324975
2022_20,"GBPUSD_NY
21-03JST",0.24806793008075673,1.6504357303948185,9.16515138991168,1.650435730394818,2.6054912929548424,0.5244338644148995,0.3827807527057305,0.057181852037965115,3.063996373255326
2022_20,"GBPUSD_欧州
15-21JST",0.4258784496105494,2.167260339092798,8.831760866327848,2.167260339092797,4.0527954393811365,3.0,0.5156672265893079,0.053874280313045,105.102197371202
2022_20,"NZDJPY_欧州
15-21JST",0.2574944694258258,1.6297251655186642,7.483314773547883,1.6297251655186644,2.5135055312640016,0.8684030166828093,0.391629863671233,0.05405154225457623,4.150551287718955
2022_21,"AUDJPY_東京
09-15JST",0.2534296167543857,1.561407476089366,7.615773105863909,1.5614074760893657,3.7128405796575294,1.8119623020047686,0.38784531685781554,0.027229414428028394,11.952271163579033
2022_21,"AUDJPY_欧州
15-21JST",0.027578861285530967,1.0648592273373718,6.708203932499369,1.064859227337372,1.7319204078680568,0.36337325050106306,0.06450005784339788,0.02402546357984503,0.008315669418840354
2022_21,"AUDNZD_東京
09-15JST",0.1593413551951122,1.4524884764071417,9.1104335791443,1.4524884764071413,2.087957865837496,1.1297870623051391,0.28487318828683766,0.03911874452731927,1.9806040762335508
2022_21,"AUDNZD_欧州
15-21JST",0.11220533990049415,1.3841288610162916,8.831760866327848,1.3841288610162916,1.3153054640080322,0.5178802019029717,0.2190631982132248,0.05323717705588464,0.26897570355631933
2022_21,"AUDNZD_深夜
03-09JST",0.16814565528885272,1.5628554295173234,5.744562646538029,1.5628554295173236,1.4283486130239136,1.0,0.2959551898770841,0.026765552057774304,0.9713351828494192
2022_21,"CHFJPY_東京
09-15JST",0.4053127850319598,2.2469897552976925,5.5677643628300215,2.246989755297692,2.339171744158782,0.7081253262373641,0.5032985848050014,0.01716680362192812,9.338542562942719
2022_21,"EURAUD_NY
21-03JST",0.3710803504047541,2.2336740794655423,9.695359714832659,2.2336740794655423,2.893371959678618,0.6572742342664915,0.48124731775354834,0.0372657987486378,15.8380107574476
2022_21,"EURGBP_NY
21-03JST",0.18812180417626428,1.530841699423328,8.306623862918075,1.530841699423328,2.8753002199054167,1.4038225701192695,0.31986878031116633,0.03131307541379827,4.584595211350689
2022_21,"EURGBP_欧州
15-21JST",0.0014091281053789978,1.0031783299314265,9.746794344808963,1.003178329931427,2.624577060438469,1.1832364280446241,0.01,0.10361503601985653,0.0003889392887893726
2022_21,"EURJPY_欧州
15-21JST",0.6174989124799467,2.7505825320260864,6.928203230275509,2.7505825320260864,5.4322765033501526,0.3,0.6068791867058793,0.03025529485751537,31.07181963928669
2022_21,"GBPJPY_欧州
15-21JST",0.11037693681242625,1.2490401051101958,7.874007874011811,1.2490401051101958,1.717876592506362,0.3,0.21626552622418355,0.05839221040750739,0.1427844216779381
2022_21,"GBPUSD_NY
21-03JST",0.17311859508881586,1.4302747222350831,9.38083151964686,1.4302747222350836,2.5940171284956666,0.3,0.30206417410342057,0.07828295846599626,0.7242434124866152
2022_21,"GBPUSD_欧州
15-21JST",0.2478657356048241,1.6105358682810138,8.717797887081348,1.6105358682810136,3.9694406421197512,0.5448239425686233,0.38258812278970983,0.05387428031304502,4.400401139468041
2022_21,"NZDJPY_欧州
15-21JST",0.033693222725357984,1.079921279192533,6.324555320336759,1.0799212791925326,2.2697134471196967,0.3,0.0776890690466119,0.02903089138378987,0.012775577365965664
2022_21,"USDJPY_欧州
15-21JST",0.01626302364277333,1.0330455254665585,6.324555320336759,1.033045525466558,2.266038212337311,1.5943751524155827,0.03906910467437969,0.04934051745869205,0.014765391752009487
2022_22,"AUDJPY_東京
09-15JST",0.22902506499837091,1.470179640906897,7.416198487095663,1.4701796409068972,3.798164380791862,0.3,0.36409529244906,0.03911264946191595,1.4657253933241736
2022_22,"AUDJPY_欧州
15-21JST",0.02125489007095548,1.0463710880055357,6.6332495807108,1.0463710880055357,1.7456083040411063,1.0526145605603874,0.050456126615824735,0.028007004085749434,0.013921648701290564
2022_22,"AUDNZD_東京
09-15JST",0.22812652545128284,1.811466046771469,9.273618495495704,1.8114660467714692,2.0825781027488057,0.3806546644546409,0.36318562615610506,0.02937674906399462,1.9416554190488053
2022_22,"AUDNZD_欧州
15-21JST",0.034144955334628975,1.1024468463613188,8.717797887081348,1.102446846361319,1.2800585931886088,0.4723202725406629,0.07864874373194274,0.07343409663862617,0.016026234888407872
2022_22,"AUDNZD_深夜
03-09JST",0.47696511231501343,3.579960239491724,4.47213595499958,3.579960239491724,1.64526208031743,3.0,0.5438815132062897,0.005676586187533598,72.9726837802965
2022_22,"AUDUSD_欧州
15-21JST",0.0029801231654721593,1.00721869843219,5.477225575051661,1.00721869843219,1.6292890048562867,2.222917654803687,0.01,0.039556552738595034,0.0005769202479417582
2022_22,"CHFJPY_NY
21-03JST",0.003871374215987602,1.0085759122341387,9.695359714832659,1.0085759122341387,2.2462692268832103,3.0,0.01,0.0792274665720805,0.002384055360374016
2022_22,"CHFJPY_東京
09-15JST",0.2358744140030026,1.582755262934102,5.291502622129181,1.5827552629341013,2.3472211397470666,0.3,0.3709449677619656,0.03186860937429799,0.7914941841105194
2022_22,"EURAUD_NY
21-03JST",0.40020390957986385,2.385150970883916,9.433981132056603,2.385150970883916,3.1039206169908518,0.3452884806135423,0.5001274110120075,0.03726579874863778,11.099192206334944
2022_22,"EURGBP_欧州
15-21JST",0.06145723559678234,1.1459190645985167,10.723805294763608,1.1459190645985164,2.1622965821824938,2.0885690369480625,0.1331807822176683,0.10361503601985653,0.47164787369265376
2022_22,"EURJPY_NY
21-03JST",0.13057023941446005,1.318718010539839,8.888194417315589,1.318718010539839,2.4112251892773386,3.0,0.24609416381619525,0.05302327278187333,3.4118033623613755
2022_22,"EURJPY_欧州
15-21JST",0.35960622207661974,2.0159917102172717,6.708203932499369,2.015991710217272,2.735232525919536,0.397055395884597,0.4734113697667251,0.05114234398045081,4.795495032137426
2022_22,"GBPUSD_欧州
15-21JST",0.12496539094296344,1.3025931221441092,8.426149773176359,1.3025931221441092,3.303120003402293,0.5292873251217103,0.23804500848807517,0.04169579247736327,0.7137900723227216
2022_22,"NZDJPY_欧州
15-21JST",0.07673475088284638,1.1684500360531636,6.6332495807108,1.1684500360531638,2.2680192755496478,0.9622168064135234,0.1609590044374662,0.0385542726787554,0.2350414611167468
2022_22,"NZDUSD_NY
21-03JST",0.0885650490965037,1.202447587131299,9.695359714832659,1.202447587131299,2.192476787627112,2.5893163992749706,0.1812758592950637,0.07608077275109454,1.1873365360024737
2022_22,"NZDUSD_東京
09-15JST",0.13308247444981572,1.3215967351426534,10.0,1.3215967351426534,2.4045160277189392,2.427105464431287,0.2496470636877861,0.0721832453457337,3.158584877393918
2022_23,"AUDJPY_東京
09-15JST",0.1683949323705898,1.3281425885654083,7.745966692414834,1.328142588565408,3.655958045567955,0.3057038405615691,0.2962639579988328,0.059112649461915634,0.7193376849587938
2022_23,"AUDNZD_東京
09-15JST",0.13166668913561322,1.4252833243020757,8.774964387392123,1.4252833243020757,2.0628523047570426,0.3,0.24764893461668178,0.029376749063994612,0.3494420660578423
2022_23,"AUDNZD_深夜
03-09JST",0.21131442828417923,1.941577074588304,4.47213595499958,1.941577074588304,1.365827098247689,0.3,0.34567224084223047,0.013955300729375161,0.4976409315901877
2022_23,"AUDUSD_欧州
15-21JST",0.2757756508864925,2.0346267780297773,4.0,2.034626778029777,1.5901830587806205,1.0,0.40808758132188677,0.011323681678655127,2.930189756120961
2022_23,"CHFJPY_東京
09-15JST",0.19325805489944628,1.4544223971399437,5.385164807134504,1.454422397139943,2.3445380078842266,0.3,0.32575715290069235,0.03186860937429799,0.48883895008590916
2022_23,"EURAUD_NY
21-03JST",0.24810698517298144,1.774079486307045,9.899494936611665,1.774079486307045,2.221421049394267,0.4776200562056201,0.3828179464949927,0.03726579874863784,3.027009938050692
2022_23,"EURGBP_欧州
15-21JST",0.007309093965941169,1.016749922869205,10.862780491200215,1.0167499228692052,2.073849829290547,0.5048663326503163,0.01794483372510302,0.09257745120021363,0.0014114768714507354
2022_23,"EURJPY_NY
21-03JST",0.11875911228744905,1.2825484843072894,8.774964387392123,1.2825484843072892,2.4239697155715443,1.0,0.22892920716859344,0.05127847126958756,0.9048373346634241
2022_23,"EURJPY_欧州
15-21JST",0.2746308331968306,1.696459152968884,6.928203230275509,1.6964591529688842,2.6780388204719583,0.3,0.4070831330009849,0.05114234398045081,1.7037914220880608
2022_23,"GBPUSD_欧州
15-21JST",0.24223200979132586,1.7155874667479392,7.745966692414834,1.7155874667479396,3.381979327010453,0.4676516895304105,0.3771721217539935,0.04169579247736325,3.1624598355408815
2022_23,"NZDJPY_欧州
15-21JST",0.05153040881999802,1.1141663978771623,7.0,1.1141663978771623,2.266248900387939,0.7180537019905201,0.11412389467780133,0.03855427267875539,0.08007070647311862
2022_23,"NZDUSD_NY
21-03JST",0.06423693621999182,1.1414729499887553,8.717797887081348,1.1414729499887546,2.160001579539894,1.0399195211360246,0.13837101533332397,0.07608077275109454,0.21075453058639343
2022_23,"NZDUSD_東京
09-15JST",0.22007139605750478,1.5738092251127247,9.539392014169456,1.5738092251127245,2.3368427363581894,0.8752558508436435,0.35491299462730835,0.07174593587921733,3.521948753124088
2022_24,"AUDJPY_東京
09-15JST",0.13434459433850188,1.2517814063876458,7.14142842854285,1.2517814063876458,3.911929448970939,0.3,0.2514193944542759,0.07546683169342423,0.41245474165500784
2022_24,"AUDNZD_東京
09-15JST",0.05512055729390267,1.1734116556621426,9.1104335791443,1.1734116556621423,1.8412515590573553,0.3,0.12111199199975385,0.042046462623824686,0.04439028032160404
2022_24,"AUDUSD_NY
21-03JST",0.08401561082322985,1.2023754419384773,9.746794344808963,1.2023754419384773,2.296823651012984,0.850079950261625,0.17358037415432392,0.042553779975765024,0.3848500649851423
2022_24,"AUDUSD_欧州
15-21JST",0.11175203452406503,1.3275539121714994,4.123105625617661,1.3275539121714994,1.5743097408138025,0.3,0.21837145137682867,0.01132368167865513,0.08281354079497658
2022_24,"CHFJPY_NY
21-03JST",0.10910983935505782,1.2994731981598424,8.602325267042627,1.299473198159842,1.983992775410713,0.8973457131109724,0.21431492955091688,0.03935876208701896,0.5818368886954444
2022_24,"EURGBP_欧州
15-21JST",0.05697299792334136,1.1250005300100379,10.723805294763608,1.1250005300100379,2.2634112462877494,0.650051100555507,0.12467475798843308,0.07197551168670754,0.13232078958999452
2022_24,"EURJPY_NY
21-03JST",0.3405700882218033,1.9058640745733675,8.602325267042627,1.9058640745733673,2.7349381899124166,1.1466016081781634,0.4598755656463961,0.03746345218006082,14.79223507953039
2022_24,"GBPUSD_欧州
15-21JST",0.06318926764371506,1.1592905901058836,8.366600265340756,1.1592905901058834,2.5073760876643,1.5860901156657123,0.1364221325013951,0.040548775431908636,0.3704645815860833
2022_24,"NZDUSD_NY
21-03JST",0.13551580896952733,1.329836216367354,9.327379053088816,1.329836216367354,2.3063248687059965,0.659676755142893,0.2530565983295531,0.04834397927825898,0.8209400139148144
2022_24,"NZDUSD_東京
09-15JST",0.24902327521842754,1.683173763319314,9.273618495495704,1.6831737633193142,2.239491981608112,0.544812370909278,0.38368928315339573,0.03441217015721151,2.960939897781797
2022_25,"AUDJPY_欧州
15-21JST",0.38989933189963716,2.288386789143113,8.888194417315589,2.2883867891431127,2.37996214635094,1.4787449172581877,0.4936063573594426,0.04302812575031203,30.225461451681635
2022_25,"AUDUSD_NY
21-03JST",0.20542936991796226,1.5044416365409827,10.488088481701515,1.504441636540982,3.003140407365162,1.283138165479379,0.3393118671229951,0.055074676949579106,6.043304467611529
2022_25,"AUDUSD_欧州
15-21JST",0.5500662906528035,3.473566400238639,7.3484692283495345,3.4735664002386395,2.9714767276027096,1.3583635213200453,0.5789767472697569,0.013113067591642626,112.5005562559567
2022_25,"CHFJPY_NY
21-03JST",0.04693128719312634,1.122402636973171,9.327379053088816,1.122402636973171,1.7476751446252614,0.826462488552281,0.10500783574108229,0.07578125433519461,0.0777501150685226
2022_25,"EURAUD_深夜
03-09JST",0.06626686865132148,1.2118739498363342,5.916079783099616,1.2118739498363345,1.7185603942097771,1.1221719433876698,0.14212219033061174,0.020000000000000538,0.15471459928109216
2022_25,"EURGBP_NY
21-03JST",0.02513526640640334,1.0573491880416266,9.797958971132712,1.0573491880416264,2.567181331621122,3.0,0.05912298600600109,0.11214176698420333,0.11272752991688993
2022_25,"EURJPY_NY
21-03JST",0.22785773139905957,1.5681730859885532,8.888194417315589,1.5681730859885536,2.6172431230474307,0.5992000380055927,0.36291299764888235,0.05861519476813201,2.67759942175403
2022_25,"GBPJPY_欧州
15-21JST",0.22349290612271758,1.5788239913337236,9.486832980505138,1.5788239913337239,2.764389828162319,1.516134145270184,0.3584530055242185,0.07951269174299866,7.355188719627919
2022_25,"GBPUSD_NY
21-03JST",0.16695995065917482,1.3930772817942096,7.483314773547883,1.3930772817942099,3.026740093512406,1.9162231632307218,0.2944827945343568,0.07105279238350194,3.8665800344031553
2022_25,"GBPUSD_欧州
15-21JST",0.041948083805352185,1.1036845177263128,10.0,1.1036845177263126,2.4224424644204055,0.8501243451004741,0.09491631560920497,0.07985412158355003,0.09249403665244565
2022_25,"NZDJPY_欧州
15-21JST",0.48185703324515966,2.509852710696167,9.0,2.509852710696167,2.426301152164981,1.6874220924317551,0.5464117369138242,0.05172853044578487,58.10881017281471
2022_25,"NZDUSD_NY
21-03JST",0.26894764628201556,1.6859752081710426,11.045361017187261,1.6859752081710426,2.959257613817663,1.4854409973090075,0.40204588173202477,0.04834397927825898,14.235083655772502
2022_25,"NZDUSD_東京
09-15JST",0.24696349544448307,1.6906014267637466,9.219544457292887,1.6906014267637466,2.248185914830199,0.7250513982861304,0.38172709462504034,0.038407734657145164,3.899516641585287
2022_26,"AUDJPY_東京
09-15JST",0.11773117190521812,1.2391115061501363,5.916079783099616,1.2391115061501363,2.5742615730714524,1.6294661775104866,0.22739826824020432,0.03135418223150851,0.989062217334669
2022_26,"AUDJPY_欧州
15-21JST",0.3722966800471858,2.206151335185195,8.426149773176359,2.206151335185195,2.5205723384322014,0.3,0.4820643279528784,0.03322290220006795,5.3866695051996905
2022_26,"AUDNZD_欧州
15-21JST",0.0863796569271362,1.2083312138838675,7.483314773547883,1.208331213883868,2.641271654667843,1.3258555895245447,0.1775971829760894,0.033349769681982784,0.5680355251124721
2022_26,"AUDUSD_NY
21-03JST",0.18799032706674626,1.4543993779779287,10.0,1.454399377977929,2.8072593396481147,3.0,0.31971670011062336,0.05507467694957914,10.148194355417937
2022_26,"AUDUSD_欧州
15-21JST",0.43169744187163306,2.3994559959800337,7.416198487095663,2.3994559959800337,3.1371954704999787,0.3196814607523032,0.5190558731311603,0.032606143058674354,9.292334497803559
2022_26,"CHFJPY_NY
21-03JST",0.009650372638223874,1.0238223692442443,9.1104335791443,1.023822369244244,1.7555971807486035,1.3450437784162355,0.023557582960497873,0.07578125433519461,0.004765411509881995
2022_26,"EURAUD_NY
21-03JST",0.009407902644111366,1.0224679564514203,10.392304845413264,1.0224679564514203,1.986642554567115,1.2756682009960778,0.022979289318431722,0.05397403406373692,0.005647656187743318
2022_26,"EURAUD_深夜
03-09JST",0.13792761949644483,1.3674350282658492,5.291502622129181,1.3674350282658492,1.7345170890820258,1.0455307966434537,0.25640553579598524,0.024392185238785002,0.6194699030507455
2022_26,"EURGBP_NY
21-03JST",0.16031375739281709,1.3980878434399382,8.717797887081348,1.3980878434399384,2.920400462813274,0.3,0.2861142623710852,0.061805205085932194,0.6449184905614158
2022_26,"EURJPY_NY
21-03JST",0.1393340275775139,1.3308918568518902,8.246211251235321,1.3308918568518904,2.657308515575716,3.0,0.25834458879472155,0.058615194768132026,3.9593296571953807
2022_26,"GBPJPY_欧州
15-21JST",0.2826002730353753,1.732389114317812,8.426149773176359,1.732389114317812,2.8381789222617595,0.3,0.41400550834636085,0.05851461845394285,2.3799231207942544
2022_26,"GBPUSD_NY
21-03JST",0.1556119394911563,1.3546026909709843,7.416198487095663,1.3546026909709843,3.09070665608554,0.3,0.28007306616497424,0.07105279238350197,0.5134375633663316
2022_26,"GBPUSD_欧州
15-21JST",0.0959261067716447,1.2202666793077157,9.899494936611665,1.2202666793077157,2.531152339280653,1.0354511304222023,0.19342822541870147,0.07985412158355006,0.6638378481566116
2022_26,"NZDJPY_欧州
15-21JST",0.4554083714564016,2.407196926106954,8.660254037844387,2.4071969261069537,2.586357235086862,0.3,0.5323870874457683,0.03950391320346942,9.081676589815338
2022_26,"NZDUSD_NY
21-03JST",0.22995173675903738,1.572044262661776,10.344080432788601,1.5720442626617763,2.9478534710319653,3.0,0.36503072115030316,0.04834397927825899,18.101346455042695
2022_27,"AUDJPY_東京
09-15JST",0.28810351297623155,1.6783757286973944,7.14142842854285,1.6783757286973942,2.8007029380684703,1.1753790522653822,0.4186921117872323,0.0317148650034508,7.742694202370386
2022_27,"AUDJPY_欧州
15-21JST",0.3615150413262158,2.2031204768666757,9.16515138991168,2.2031204768666757,2.315406497681385,0.7073228586390342,0.474731320732181,0.03489413001514212,12.08201614233521
2022_27,"AUDNZD_東京
09-15JST",0.07415091408655389,1.2549030983935408,6.708203932499369,1.254903098393541,1.8186666666671996,1.3943666816018339,0.15638673655075563,0.01811054703358829,0.3051253097606314
2022_27,"AUDNZD_深夜
03-09JST",0.17708411079439584,1.625299624435018,5.477225575051661,1.625299624435018,1.745306408809207,3.0,0.3068601395914842,0.02365826638284466,4.021476275731568
2022_27,"AUDUSD_NY
21-03JST",0.2928098216260663,1.8584687730244294,10.0,1.8584687730244298,2.8072593396481698,2.5860548086069457,0.4226409795098228,0.05507467694957914,29.410664809957574
2022_27,"AUDUSD_欧州
15-21JST",0.32558761786034474,1.9491225955885516,8.0,1.9491225955885516,3.089459354336625,0.3,0.44872267641564306,0.0360047599778935,3.9724293936571113
2022_27,"CHFJPY_NY
21-03JST",0.005477567150060832,1.01361428735725,9.797958971132712,1.0136142873572496,1.729850563347733,0.932297524755469,0.013508927728259875,0.07578125433519461,0.0011166801551723397
2022_27,"CHFJPY_東京
09-15JST",0.5001052161836606,2.2530001772381785,6.324555320336759,2.253000177238179,3.5968256682179676,1.56074405921393,0.5556075080911623,0.02925354264327754,48.65311448947383
2022_27,"EURAUD_NY
21-03JST",0.09098230115658071,1.2118485380348678,11.180339887498949,1.2118485380348674,2.3408370302476453,1.219970630851222,0.18530668201737335,0.05059535755257461,0.7524623374366267
2022_27,"EURAUD_深夜
03-09JST",0.28008965433313504,1.8793915565164967,5.744562646538029,1.8793915565164965,1.9784375468581208,3.0,0.41184225130990737,0.024392185238785002,13.561159471820567
2022_27,"GBPJPY_欧州
15-21JST",0.24253945620059755,1.5931144062959066,8.717797887081348,1.593114406295907,2.806852516469854,0.33763770044301694,0.37747013644073857,0.056632411806870765,1.8168217590602729
2022_27,"GBPUSD_NY
21-03JST",0.16597511914444518,1.42265564298867,7.874007874011811,1.42265564298867,2.6782848684593272,0.47873406021510756,0.29325515120760265,0.04352616129551599,0.9530854036286321
2022_27,"NZDJPY_欧州
15-21JST",0.4242583618447358,2.229534435486635,8.888194417315589,2.229534435486635,2.479653179805579,0.3551245989899029,0.5147152658484678,0.03928636034647431,8.174775694377907
2022_27,"NZDUSD_NY
21-03JST",0.24980399300187098,1.6706013633143466,11.045361017187261,1.6706013633143464,2.8994293523318344,1.0243750625334893,0.38442975988476535,0.04834397927825898,8.387058611108028
2022_28,"AUDJPY_東京
09-15JST",0.4880113617545547,2.4482442899505172,7.745966692414834,2.4482442899505172,3.2824364337627543,1.2931144090941595,0.5495553128851076,0.0317148650034508,51.22713379864032
2022_28,"AUDJPY_欧州
15-21JST",0.28174748448353953,1.8564919860856408,10.04987562112089,1.8564919860856406,2.1487889273354632,0.32766030802623625,0.41327249589630455,0.03703236153708858,2.738222144578064
2022_28,"AUDNZD_東京
09-15JST",0.14004087684664202,1.4907657945073964,7.54983443527075,1.4907657945073962,1.7938974358974078,0.8258587589177644,0.25931532750697694,0.01811054703358829,0.886640831152703
2022_28,"AUDNZD_欧州
15-21JST",0.029703388971060746,1.0722258856649463,9.219544457292887,1.0722258856649463,2.6825428707796273,3.0,0.06912533094557732,0.055930525574282235,0.16586618104265
2022_28,"AUDNZD_深夜
03-09JST",0.4055808199471293,2.6466984134319986,5.0990195135927845,2.646698413431999,2.3950030031718255,3.0,0.5034638485729437,0.02365826638284466,51.19335678082751
2022_28,"AUDUSD_NY
21-03JST",0.43556087566623125,2.152888235708385,8.774964387392123,2.1528882357083847,3.3132654309122613,0.6675671603181038,0.5212796438307843,0.05507467694957914,19.358689490779764
2022_28,"AUDUSD_欧州
15-21JST",0.24345670458279298,1.6847124412791898,9.055385138137417,1.6847124412791894,2.8669430150560933,0.45638134049906176,0.378357553583417,0.046101083532392194,2.9611194613421414
2022_28,"CHFJPY_NY
21-03JST",0.06946869658373142,1.1560971541706933,9.695359714832659,1.1560971541706933,2.0446398864520443,1.372582655239343,0.14797301095738005,0.060625684048403274,0.35246617695315835
2022_28,"CHFJPY_東京
09-15JST",0.45799295953898383,2.1515520607871017,6.782329983125268,2.151552060787102,3.466864665566179,0.33266264640144255,0.533795708283052,0.03046162737306583,8.590641909718244
2022_28,"EURAUD_NY
21-03JST",0.16244163620273713,1.3787633510207111,11.832159566199232,1.3787633510207107,2.2889662669171824,0.9718447429563085,0.2888150978640985,0.04160806739560618,2.2536821995833467
2022_28,"EURAUD_深夜
03-09JST",0.143877016426778,1.39577970517769,6.557438524302,1.3957797051776895,1.8528251561727551,0.3,0.2645396148048998,0.024392185238785002,0.2638393468506609
2022_28,"EURGBP_NY
21-03JST",0.03217411474794171,1.0844270489495993,11.789826122551595,1.0844270489495993,2.21512454068093,1.4644131738712645,0.07444711205507225,0.11267066515980023,0.09681835123260486
2022_28,"EURJPY_欧州
15-21JST",0.1313347738249723,1.378054562863439,9.9498743710662,1.3780545628634393,2.112255162297723,0.989100775148492,0.24717895438975257,0.037610567910168216,1.2350774188410762
2022_28,"GBPJPY_欧州
15-21JST",0.2631691829069348,1.6875076374238778,9.273618495495704,1.687507637423878,2.7693392870581635,0.45801825389774853,0.3968356637945077,0.03873249857029639,3.36776424167668
2022_28,"GBPUSD_NY
21-03JST",0.17021096936759508,1.4182626261755524,8.12403840463596,1.4182626261755522,2.573904309857413,0.6854768296728334,0.2985052524618586,0.03482282182535117,1.4156111864615055
2022_28,"NZDJPY_欧州
15-21JST",0.39773629134050575,2.1373870752080455,9.433981132056603,2.1373870752080455,2.7464133180087584,0.3569706833205769,0.49858116730800206,0.03928636034647431,8.062239037270844
2022_28,"NZDUSD_NY
21-03JST",0.3898327185391915,2.126148025973126,10.198039027185569,2.126148025973125,2.9546612328064974,0.8304896564384698,0.493563648844775,0.03679084061239108,20.993066786148795
2022_29,"AUDJPY_東京
09-15JST",0.3082823646936171,1.756208276310145,7.615773105863909,1.7562082763101452,3.2982130628909063,0.3,0.4352534809008993,0.04433238673142799,2.9861951515896012
2022_29,"AUDNZD_東京
09-15JST",0.04822163654144272,1.1234599230960078,8.54400374531753,1.1234599230960078,2.6254612483333375,0.8036355231533191,0.10758435695681574,0.05066388028031022,0.1123488441409664
2022_29,"AUDNZD_欧州
15-21JST",0.045864937541670855,1.1083046917516413,9.055385138137417,1.108304691751641,2.6851621394122387,0.8231001435598129,0.10286733420787157,0.05593052557428225,0.10984275293946469
2022_29,"AUDNZD_深夜
03-09JST",0.0746173582423544,1.1859196572337642,5.656854249492381,1.185919657233764,1.8609625898652977,0.3,0.15721582227562028,0.035687833951351736,0.050309693120591394
2022_29,"AUDUSD_NY
21-03JST",0.6630989501281094,2.909776114892276,7.874007874011811,2.909776114892276,3.967524409342855,1.36722846154715,0.6237415153577212,0.022765108323832012,146.24559021266373
2022_29,"CHFJPY_NY
21-03JST",0.34677219946931676,1.9093831388820859,7.483314773547883,1.9093831388820852,2.6220127178157773,3.0,0.46436142067921865,0.06062568404840326,32.58175644171571
2022_29,"CHFJPY_東京
09-15JST",0.3921898887425094,1.9096878863857178,6.48074069840786,1.9096878863857178,3.5658520839849257,0.3,0.4950705560822746,0.04304066097545644,4.706480483983267
2022_29,"EURAUD_NY
21-03JST",0.16165652492136726,1.4133917998070817,11.090536506409418,1.4133917998070815,2.1183105822296535,1.1621834364121113,0.28782096841837534,0.04160806739560618,2.43642665151409
2022_29,"EURAUD_深夜
03-09JST",0.010334819526592015,1.0264272740927536,6.324555320336759,1.0264272740927536,1.3965984307602262,0.6708019479652263,0.025186308923321358,0.04006603986570817,0.0015622795015895214
2022_29,"EURJPY_欧州
15-21JST",0.11469084459616415,1.2934391200168756,8.0,1.293439120016876,2.627617816851624,0.37997447589302985,0.22283443702238898,0.04375842115017264,0.32719726146388317
2022_29,"NZDUSD_NY
21-03JST",0.43455645554044764,2.16702117004344,8.54400374531753,2.167021170043439,3.3402974970379278,1.4562780639197124,0.5207034858522959,0.029449339207048172,42.899171599127605
2022_30,"AUDJPY_東京
09-15JST",0.1827910350945193,1.4342313270516296,7.14142842854285,1.4342313270516296,3.126281369875387,0.3,0.31364764398764916,0.06003332330411535,0.7451611730450093
2022_30,"AUDNZD_東京
09-15JST",0.0385257522920825,1.097345712554099,9.433981132056603,1.097345712554099,2.639309190936517,0.9070521647058601,0.08785288455858392,0.05066388028031022,0.0876088200516411
2022_30,"AUDNZD_深夜
03-09JST",0.08069864690602481,1.198324685843075,4.795831523312719,1.198324685843075,1.9778552671217078,0.760173785644242,0.16787783245373095,0.04568783395135098,0.13414604656288712
2022_30,"AUDUSD_NY
21-03JST",0.4921230714419601,2.4626985302417865,9.055385138137417,2.462698530241787,3.7103038716362216,0.43434969936435547,0.5516313692532686,0.02276510832383202,23.492282275138123
2022_30,"CHFJPY_NY
21-03JST",0.20075329008185736,1.4920738628235304,9.219544457292887,1.4920738628235302,2.492886688603391,0.6001828084164763,0.3341692728049865,0.06062568404840328,1.9424204586955005
2022_30,"CHFJPY_東京
09-15JST",0.3921898887425094,1.9096878863857178,6.48074069840786,1.9096878863857178,3.5658520839849257,1.0,0.4950705560822746,0.04304066097545644,15.688268279944223
2022_30,"EURAUD_NY
21-03JST",0.1851447164957914,1.4861671647923322,11.090536506409418,1.4861671647923316,2.1183105822296593,1.4003557167769694,0.31640842218409243,0.0416080673956062,4.086682584084678
2022_30,"EURJPY_NY
21-03JST",0.002685275045287565,1.0057559663517917,10.63014581273465,1.0057559663517914,2.204717248999906,1.554023973348974,0.01,0.11544941514615374,0.0008868985947575317
2022_30,"EURJPY_欧州
15-21JST",0.08121595654612135,1.207713472925496,8.366600265340756,1.2077134729254968,2.404322488755319,1.04524255642772,0.16877236808405235,0.04375842115017265,0.40274426036561317
2022_30,"GBPUSD_NY
21-03JST",0.10374077749791369,1.2689302150834252,8.48528137423857,1.2689302150834254,2.3196127294018436,2.5241498189608347,0.20594079759275263,0.026019689064408033,1.665745050883181
2022_30,"NZDUSD_NY
21-03JST",0.335208383726921,1.8343104072535847,9.433981132056603,1.8343104072535847,3.373206461439801,0.5509612047701439,0.4559365632199152,0.029449339207048175,8.758281925169909
2022_31,"AUDNZD_東京
09-15JST",0.051963576173356105,1.1269131737227094,9.16515138991168,1.1269131737227094,2.2483295913122414,1.9370158725384914,0.11497292904290339,0.05066388028031022,0.2882335534002574
2022_31,"AUDNZD_欧州
15-21JST",0.2970374652987698,1.8046702213942973,6.855654600401044,1.8046702213942978,2.7004330918336987,1.3891731219560235,0.42614275428000303,0.019747292418772745,10.397003841047967
2022_31,"AUDUSD_NY
21-03JST",0.37387290291993874,2.114367282673284,9.273618495495704,2.114367282673284,3.5450200826037874,1.032450696117867,0.4831192583552933,0.021933938953087373,26.819682007798814
2022_31,"AUDUSD_欧州
15-21JST",0.24244442600441332,1.6682760044217793,8.54400374531753,1.6682760044217795,3.0357623032190655,3.0,0.377378052000949,0.04206111867559509,19.014368452729165
2022_31,"CHFJPY_NY
21-03JST",0.3062880516815734,1.8062870538524844,9.539392014169456,1.8062870538524856,2.7468993610829506,1.7455466572336178,0.43365883218942214,0.04411341292898554,18.984493772983146
2022_31,"EURAUD_NY
21-03JST",0.19895302457774527,1.55998935670559,10.344080432788601,1.55998935670559,2.0783702617286157,1.1299413008423307,0.3321679938389238,0.0416080673956062,3.750748606996543
2022_31,"EURJPY_NY
21-03JST",0.030853534494643734,1.0740730943529009,10.14889156509222,1.0740730943529007,2.179694930596101,0.4412133819117053,0.0716102620135923,0.05324762799401053,0.023620026119501415
2022_31,"EURJPY_欧州
15-21JST",0.23463524509562697,1.7423848408840439,8.602325267042627,1.7423848408840443,2.7512257875649913,3.0,0.3697166946034836,0.043758421150172644,17.914877147358837
2022_31,"GBPUSD_NY
21-03JST",0.03961554392620502,1.0932244459887381,8.12403840463596,1.0932244459887381,2.416090950676689,0.3,0.09011406551369565,0.03734627804240152,0.02421919053635194
2022_31,"GBPUSD_欧州
15-21JST",0.0792478830741837,1.203134427855956,9.591663046625438,1.2031344278559566,1.9089641421390402,0.8234686726305411,0.16535885889748786,0.052586812418673835,0.2717216774253192
2022_31,"NZDUSD_NY
21-03JST",0.142204222565711,1.3366660496326608,9.643650760992955,1.336666049632661,3.108831827293423,0.3,0.26227059223699956,0.07303555054831265,0.5585393456280092
2022_32,"AUDJPY_欧州
15-21JST",0.016322335631241674,1.0438337328918885,7.615773105863909,1.0438337328918885,1.866781194111968,1.6210359115931154,0.039206005141408574,0.030079720295617497,0.015600077808292307
2022_32,"AUDNZD_東京
09-15JST",0.20933952412228715,1.4728105490969061,9.695359714832659,1.472810549096906,3.030451544689861,1.4909199424026123,0.34355152724390686,0.06293682361090025,6.429171793429969
2022_32,"AUDNZD_欧州
15-21JST",0.3703972396021936,2.132736299775412,7.0710678118654755,2.1327362997754125,2.6932507241276307,3.0,0.4807873400396059,0.019747292418772745,45.38220233861767
2022_32,"AUDUSD_NY
21-03JST",0.31396582355888175,1.95116996858677,10.344080432788601,1.95116996858677,3.1495407630146266,0.6947852862660868,0.43974909330234707,0.0450412622707415,11.38502087193855
2022_32,"AUDUSD_欧州
15-21JST",0.33444219172262196,2.0342329471729306,7.745966692414834,2.03423294717293,3.541870432937361,0.5951884397618197,0.455368980012155,0.035742817102861424,9.935660063900835
2022_32,"CHFJPY_NY
21-03JST",0.4357587857679027,2.287965066202609,8.94427190999916,2.287965066202609,2.585685786730394,1.5985636074060887,0.5213930061979828,0.04268954061998158,42.17021138967932
2022_32,"EURAUD_NY
21-03JST",0.35691871364416095,2.3759643193080793,8.306623862918075,2.375964319308079,2.5100753771269204,3.0,0.4715416691520114,0.02041833589593666,58.24029070455011
2022_32,"EURGBP_欧州
15-21JST",0.11259152695925437,1.2875695036764478,10.04987562112089,1.2875695036764483,2.7313746065056552,1.5419119255478781,0.2196515569173741,0.06765666430306033,1.6253663528636446
2022_32,"EURJPY_NY
21-03JST",0.1353601417357753,1.332516353654047,9.0,1.3325163536540474,2.611824425201253,1.0007017093325141,0.2528394088078782,0.07181939710968611,1.3336755203382973
2022_32,"EURJPY_欧州
15-21JST",0.24551319397495974,1.7275893624401713,7.681145747868608,1.7275893624401724,2.780804359447679,0.6328313808495561,0.3803379950503125,0.022187755962890868,3.6853553105579864
2022_32,"GBPUSD_NY
21-03JST",0.017848317536076505,1.0407896279916193,7.54983443527075,1.0407896279916196,2.676697900998436,0.58255122761229,0.04271482446386904,0.04965502459439186,0.009262455615854984
2022_32,"GBPUSD_欧州
15-21JST",0.027667441516813756,1.0612846850016968,9.055385138137417,1.0612846850016973,1.9407469525992067,0.3,0.06469382242119083,0.08751338965111276,0.00977367937731821
2022_32,"NZDJPY_欧州
15-21JST",0.0023639559300528824,1.0051197103612688,6.782329983125268,1.0051197103612688,2.1242194976997966,2.594729461744475,0.01,0.0624209814565031,0.0008403277509829045
2022_32,"NZDUSD_NY
21-03JST",0.21920111674548448,1.5300173839828595,9.643650760992955,1.5300173839828597,3.0054388624241675,1.7070586470121052,0.35400633302731027,0.08888880087082195,8.253930489942023
2022_32,"USDJPY_東京
09-15JST",0.5380026449937015,3.090489483989596,4.795831523312719,3.090489483989597,3.812992681018837,0.9439070866386037,0.5735619700702593,0.012579963232291673,50.23993928303294
2022_33,"AUDJPY_東京
09-15JST",0.03323112163414421,1.0767405181431668,6.082762530298219,1.076740518143167,2.294412819311981,0.35434704569704617,0.07670529649115858,0.030722387220475312,0.014179208700794397
2022_33,"AUDJPY_欧州
15-21JST",0.00177616173990455,1.0044166994803847,5.744562646538029,1.0044166994803847,2.3475312805128383,0.7540862690415993,0.01,0.030079720295617497,0.0001769004402752108
2022_33,"AUDNZD_東京
09-15JST",0.39254153512046547,2.0612245218929677,9.0,2.0612245218929677,3.338842975206124,2.077164748054733,0.49529459053625446,0.06293682361090025,48.50670755039915
2022_33,"AUDNZD_欧州
15-21JST",0.07430368510549742,1.17779460747216,8.12403840463596,1.1777946074721592,2.2996925161555817,0.3,0.1566584604734209,0.07820117371624624,0.08393952838312052
2022_33,"AUDUSD_NY
21-03JST",0.1363945797070228,1.4306792622820146,9.486832980505138,1.4306792622820148,2.5466566272929985,0.5455451369854075,0.2542803094347469,0.04504126227074154,0.8953303453340771
2022_33,"AUDUSD_欧州
15-21JST",0.7460121194163652,4.826001520800139,6.164414002968976,4.8260015208001406,3.278427607359828,1.007576581626176,0.6509635515864267,0.008275693788765201,228.41973734321525
2022_33,"CHFJPY_NY
21-03JST",0.3114285393008855,1.8877643446259667,9.219544457292887,1.8877643446259664,2.1476304351092153,0.9069127967647242,0.43775097862523704,0.037689540619981136,8.407138381627677
2022_33,"CHFJPY_東京
09-15JST",0.10864491221129255,1.2309487930483327,4.358898943540674,1.2309487930483327,2.3038108680310025,0.3,0.21359677370794408,0.028426139776632806,0.10300441187851539
2022_33,"EURAUD_NY
21-03JST",0.05065553326189745,1.1269425292063353,10.535653752852738,1.126942529206335,2.0863591348273633,0.403099640592637,0.11240410806730104,0.11166385765288334,0.05763709652016862
2022_33,"EURGBP_欧州
15-21JST",0.28197960963195434,1.7989899045090723,10.344080432788601,1.7989899045090718,3.077070039608991,3.0,0.41347220012066194,0.06765666430306033,33.747404912804946
2022_33,"EURJPY_NY
21-03JST",0.18066183707075842,1.4390025137510278,10.63014581273465,1.4390025137510274,2.2105743387016727,1.8264526681721835,0.3111308950182364,0.07970911765295037,4.626778031654127
2022_33,"EURJPY_欧州
15-21JST",0.4038412670904148,2.383948676982917,6.928203230275509,2.383948676982917,2.8530383016486076,3.0,0.5023893194139675,0.015489452750528347,67.3316031528641
2022_33,"GBPJPY_欧州
15-21JST",0.06590448957075218,1.1459132645897956,7.810249675906654,1.1459132645897958,3.0508661997782576,2.7696337773654025,0.14145493560594657,0.05253757234758699,0.767554845441084
2022_33,"NZDJPY_欧州
15-21JST",0.06443244518722403,1.137224198764314,5.830951894845301,1.1372241987643141,2.730335407287715,1.1479416239432514,0.1387337294259227,0.04426255436309149,0.20232260905444055
2022_33,"NZDUSD_NY
21-03JST",0.1176342376912058,1.3183476476203115,9.273618495495704,1.3183476476203115,2.534516472462445,3.0,0.22725358781499377,0.08888880087082197,3.0087524399456926
2022_33,"NZDUSD_東京
09-15JST",0.0565723580690247,1.1680712395821813,6.48074069840786,1.168071239582181,1.450703186117723,3.0,0.12390666467038307,0.039404328394903015,0.2595240163584816
2022_33,"USDJPY_東京
09-15JST",0.5380026449937015,3.090489483989596,4.795831523312719,3.090489483989597,3.812992681018837,1.0,0.5735619700702593,0.012579963232291673,53.22551339448566
2022_33,"USDJPY_欧州
15-21JST",0.17366632012312547,1.4536755907542585,6.0,1.4536755907542585,3.2557567839310884,3.0,0.3027305491559128,0.029266121444040144,6.325627706389015
2022_34,"AUDJPY_東京
09-15JST",0.01948617230066144,1.045543119305238,6.4031242374328485,1.0455431193052378,2.248897795591105,0.3,0.04645247826356231,0.02987292362767739,0.004150673624096102
2022_34,"AUDNZD_東京
09-15JST",0.5307226559565429,2.4773167570207257,8.0,2.477316757020727,3.3293208767511295,0.8332957566116691,0.5702264284209315,0.04852880719401405,39.31357103170515
2022_34,"AUDNZD_欧州
15-21JST",0.05898002424117003,1.1388542035629248,8.426149773176359,1.1388542035629248,2.196946007921246,1.0111103540342934,0.1285023772846792,0.08320016469491637,0.16985986151487503
2022_34,"AUDUSD_NY
21-03JST",0.29987124135192517,2.03895114776378,9.16515138991168,2.0389511477637794,2.585518824946558,3.0,0.4284663001335372,0.04504126227074154,36.33626558498499
2022_34,"AUDUSD_欧州
15-21JST",1.1149244735570643,5.896290427419485,7.681145747868608,5.896290427419485,4.27879417829305,1.1594652674934767,0.7359604343437701,0.01625761450825428,1069.6925785077153
2022_34,"CHFJPY_NY
21-03JST",0.3793438266174151,2.1348476184829868,8.18535277187245,2.134847618482987,2.1438162703602104,0.3109365205286444,0.48674771475881273,0.0390619664329847,4.419019873916452
2022_34,"EURGBP_NY
21-03JST",0.0013741196208451273,1.0032388796895328,10.908712114635714,1.0032388796895328,1.9260496948020862,2.5305193670226585,0.01,0.07868091929504535,0.0006816962231809149
2022_34,"EURGBP_欧州
15-21JST",0.38692745653030214,2.096149884837533,9.273618495495704,2.096149884837533,3.3972153972149712,3.0,0.49169393356324304,0.06765666430306033,73.99987985115543
2022_34,"EURJPY_NY
21-03JST",0.10327625328649126,1.2248250700783854,10.198039027185569,1.2248250700783856,2.1898894589730635,0.5432016490479554,0.20520788058661094,0.07970911765295037,0.35722004156744697
2022_34,"EURJPY_欧州
15-21JST",0.38031002844126705,2.2164408265500852,6.4031242374328485,2.216440826550086,2.767670915410965,0.3,0.4873832381738927,0.01848846241410973,4.753266543302275
2022_34,"GBPJPY_欧州
15-21JST",0.2681740931081471,1.6778451786206972,6.928203230275509,1.6778451786206967,3.141590449835881,0.3,0.40135362306652905,0.027053562087680418,1.9263984725861607
2022_34,"GBPUSD_欧州
15-21JST",0.08898644612108864,1.1971745381688605,10.392304845413264,1.1971745381688608,2.7832769415476237,1.3198965748117684,0.18198141651364455,0.08751338965111273,0.8147782652081088
2022_34,"NZDJPY_欧州
15-21JST",0.3176187834451114,1.8896507934029174,5.916079783099616,1.8896507934029172,3.053020315866296,0.8424222364965099,0.44260098923317154,0.01870846774221548,7.497652169315952
2022_34,"NZDUSD_NY
21-03JST",0.13130658723091077,1.3793588926482703,9.746794344808963,1.37935889264827,2.563856182446072,0.9083807230804096,0.24713901612863634,0.07568621113038776,1.3029272162815304
2022_34,"NZDUSD_東京
09-15JST",0.33933372392752037,2.4280750293803797,6.48074069840786,2.42807502938038,1.8146275576284239,0.8799299938236113,0.4589723327172162,0.018550956261419015,9.328573613834243
2022_34,"USDJPY_東京
09-15JST",0.4107972115969927,2.3487100477685035,5.0990195135927845,2.348710047768504,3.7201777638920257,0.3,0.5066583921617872,0.021046629898958294,6.399228000600306
2022_34,"USDJPY_欧州
15-21JST",0.1610784135910124,1.4036928251330272,4.69041575982343,1.4036928251330274,2.9977352941543853,1.0,0.2870871694387222,0.02898944059936635,1.245056301430805
2022_35,"AUDJPY_東京
09-15JST",0.08095083040932606,1.2023317619508604,5.196152422706632,1.2023317619508609,2.4082003786139645,0.3,0.16831415040999242,0.02987292362767739,0.07179640427159348
2022_35,"AUDJPY_欧州
15-21JST",0.06089717116315218,1.154938945787922,5.0,1.1549389457879224,2.644299044723668,1.4173945740653386,0.13212745699755069,0.017364147811283932,0.1976984014579031
2022_35,"AUDNZD_東京
09-15JST",0.6972566198234816,3.0681581873443,7.615773105863909,3.0681581873442996,3.4938520726917184,3.0,0.6354544663723706,0.03727877417077651,320.9791707531034
2022_35,"AUDUSD_NY
21-03JST",0.08124793073796847,1.2070262338291844,10.246950765959598,1.207026233829185,2.581245783215892,0.42076252891272914,0.16882759498493638,0.06676897526400098,0.20848741778213314
2022_35,"AUDUSD_欧州
15-21JST",0.9581105946323673,4.302590214499914,7.280109889280518,4.302590214499915,4.321947069988626,0.3,0.7054731760573021,0.016257614508254296,116.22269426222188
2022_35,"CHFJPY_NY
21-03JST",0.3539472067365923,1.9915375709443612,8.602325267042627,1.9915375709443608,2.6924848015554854,1.1393078911559218,0.46945887400873604,0.039061966432984666,16.73716229730994
2022_35,"EURGBP_NY
21-03JST",0.1568937136223219,1.443778009230504,10.392304845413264,1.4437780092305035,2.846319392858885,1.6197209263930115,0.281730085624068,0.06830577223064328,4.132184867976143
2022_35,"EURGBP_欧州
15-21JST",0.8137836476302363,3.794671242486901,8.06225774829855,3.7946712424869014,4.708714335420865,0.6288185480026064,0.6704519781750637,0.02244781269961942,183.42906940796337
2022_35,"EURJPY_NY
21-03JST",0.18080121635145957,1.4256990358464683,10.295630140987,1.4256990358464685,3.661658868191219,0.6573975057611063,0.31129620817125075,0.0517140298975813,2.695827437366688
2022_35,"GBPJPY_欧州
15-21JST",0.17240811754780935,1.3980178911042764,7.0710678118654755,1.3980178911042767,3.127632872903914,0.3,0.3011978905652213,0.044203032512197336,0.6448699953864905
2022_35,"GBPUSD_欧州
15-21JST",0.0693796110894735,1.156973037880505,10.14889156509222,1.156973037880505,2.122042092996923,0.5632723790777241,0.14781130123747166,0.0585740962516781,0.1573097995258062
2022_35,"NZDJPY_欧州
15-21JST",0.40326544687349175,2.160226238064264,5.656854249492381,2.1602262380642645,3.1839978277513783,3.0,0.502032607580845,0.018708467742215486,50.11185757441188
2022_35,"NZDUSD_NY
21-03JST",0.1533632911692701,1.4194537805018543,10.535653752852738,1.4194537805018543,2.6274338119023497,0.5505314318968267,0.27714756944792934,0.06564597490326697,1.2247218054428515
2022_35,"NZDUSD_東京
09-15JST",0.3257358012622749,2.230080174643753,6.782329983125268,2.2300801746437533,1.8053616913180337,0.732722203273029,0.4488352382447185,0.01855095626141902,6.404616407697008
2022_35,"NZDUSD_深夜
03-09JST",0.19821898147053058,1.6745208376083145,3.3166247903554,1.674520837608315,1.4060292039565159,3.0,0.33134853224361493,0.013434411859538432,2.5423052569296543
2022_35,"USDJPY_東京
09-15JST",0.2410497738688391,1.6287035616059602,4.795831523312719,1.62870356160596,3.8129926810188306,0.3,0.3760234909905118,0.031046629898958022,1.2793183668422343
2022_35,"USDJPY_欧州
15-21JST",0.5647722731292657,2.639317143046685,4.123105625617661,2.639317143046685,3.6532228538400644,0.8307369793714436,0.5853943866954334,0.015000000000000095,28.39247196593891
2022_36,"AUDNZD_東京
09-15JST",0.6683873141790451,3.8465442022470273,6.0,3.84654420224703,2.5887392055261045,0.30552092422463784,0.6256039409197195,0.016075217559522723,28.895071995271792
2022_36,"AUDUSD_NY
21-03JST",0.029235811366001035,1.070009440416463,10.816653826391969,1.070009440416463,2.446536775762452,0.9699098715677333,0.0681113052356021,0.13922509552218518,0.05136604029845251
2022_36,"AUDUSD_欧州
15-21JST",1.0894487943307098,4.613015291382939,6.855654600401044,4.613015291382939,4.365099961684181,0.5879499535110464,0.731444275545074,0.016257614508254293,293.5874769405028
2022_36,"CHFJPY_NY
21-03JST",0.199032568275586,1.5520797995437958,7.745966692414834,1.552079799543796,2.601585554558791,0.9763295882496029,0.33225667320315155,0.039061966432984645,3.0164400121290247
2022_36,"CHFJPY_東京
09-15JST",0.1601135657944687,1.240170348691696,2.449489742783178,1.240170348691696,3.6281391747990672,1.0,0.28585911067403363,0.014076281287245045,0.6169241812327729
2022_36,"EURAUD_深夜
03-09JST",0.3505205272397479,2.069703461727651,4.123105625617661,2.069703461727651,2.3865088217215806,3.0,0.46703656264924104,0.0221566946256594,20.252184338582556
2022_36,"EURGBP_NY
21-03JST",0.08275968629243843,1.212484627430593,10.816653826391969,1.212484627430593,2.787813598771906,0.3709814238079661,0.17143040034686247,0.06830577223064328,0.21840994480143966
2022_36,"EURGBP_欧州
15-21JST",0.7372532081436698,3.0062369105104407,8.18535277187245,3.0062369105104403,4.824415059737298,0.3990393941470872,0.6482753382134511,0.026399828737500648,66.31378918787004
2022_36,"EURJPY_NY
21-03JST",0.2209725813712965,1.5686351927303042,10.198039027185569,1.5686351927303046,3.6370115581092777,3.0,0.35584917595447096,0.0517140298975813,20.47072387554267
2022_36,"GBPJPY_欧州
15-21JST",0.0563894400207023,1.1232084441742693,5.5677643628300215,1.1232084441742693,3.120654084437983,0.43425981457411267,0.12355553191183477,0.04585302129108919,0.06341414791322218
2022_36,"GBPUSD_欧州
15-21JST",0.166447167834767,1.434964959157271,10.246950765959598,1.4349649591572715,2.1042003900699817,0.7445083343737429,0.29384411695623436,0.047466870128442536,1.5434302806212614
2022_36,"NZDJPY_欧州
15-21JST",0.21564362834012482,1.6817724258856708,4.123105625617661,1.6817724258856708,2.3141678155712513,1.0,0.3502734673329359,0.018708467742215473,2.001002913340968
2022_36,"NZDUSD_NY
21-03JST",0.08161287221787401,1.2102837851977915,11.445523142259598,1.2102837851977912,2.733809850431004,1.1873297495148236,0.16945741471161022,0.10780902983061862,0.679366408233666
2022_36,"NZDUSD_東京
09-15JST",0.18982199381312043,1.6056353122957325,8.48528137423857,1.605635312295732,1.7894318656430555,0.6561852571078927,0.3218292905389075,0.027557305856369226,1.5271009688711106
2022_36,"USDJPY_欧州
15-21JST",0.9178619313062245,5.069312061410762,3.872983346207417,5.069312061410763,3.671942276606687,0.9412010067379235,0.696478067620079,0.009999999999998939,217.71349027764
2022_37,"AUDNZD_東京
09-15JST",0.7139598241682755,4.702403786666499,5.196152422706632,4.7024037866664985,2.503192553809618,3.0,0.6409206226996067,0.013775028390406945,389.46968784307876
2022_37,"AUDNZD_欧州
15-21JST",0.2767814426830065,1.7337596714671706,7.0710678118654755,1.733759671467171,2.5621034077545883,0.640708088475968,0.4089672458892264,0.02427767764080473,3.855914929636763
2022_37,"AUDUSD_NY
21-03JST",0.18742059805714725,1.4697721782090005,12.0,1.4697721782090007,2.5004383018204908,2.4748037481258116,0.3190569051834884,0.13922509552218518,8.42003938167726
2022_37,"AUDUSD_欧州
15-21JST",0.8797941680672833,3.3989289003725274,6.855654600401044,3.3989289003725283,4.365099961684141,0.3,0.687449739981179,0.018169457028345437,61.60989989853256
2022_37,"CHFJPY_NY
21-03JST",0.24207504323777781,1.6490365858564096,6.855654600401044,1.6490365858564096,2.7985339230519997,3.0,0.37701986050893876,0.025167143049553357,13.934163739737649
2022_37,"CHFJPY_東京
09-15JST",0.5123821419303757,1.8198114270885979,2.8284271247461903,1.8198114270885983,4.552790983176233,1.137034222083391,0.561587210427312,0.00999999999999969,13.81461663083825
2022_37,"EURAUD_NY
21-03JST",0.13221294175630358,1.3024975383404689,9.38083151964686,1.3024975383404687,3.17574313864156,3.0,0.2484211325639709,0.07546708634936222,4.630492271773322
2022_37,"EURAUD_深夜
03-09JST",0.4862923367931296,2.576959194474166,3.7416573867739413,2.576959194474166,2.456510919940097,1.0,0.5486816444252249,0.015890027958994215,16.03130808370505
2022_37,"EURGBP_NY
21-03JST",0.2302171699114814,1.7413509392912998,8.660254037844387,1.7413509392913,2.933817365602041,3.0,0.36529815578305663,0.049807763264237165,18.515394965858047
2022_37,"EURGBP_欧州
15-21JST",0.471075431381791,2.2474352425366666,8.717797887081348,2.247435242536666,4.647292075563737,0.896981425697363,0.5407975181145012,0.026399828737500675,45.558892830181414
2022_37,"EURJPY_NY
21-03JST",0.048939666438668566,1.122223173088787,8.306623862918075,1.1222231730887866,2.1765458030888016,3.0,0.10901167817692585,0.04115940095791955,0.3500167928685132
2022_37,"GBPUSD_欧州
15-21JST",0.14652944498701478,1.3690727525011068,9.327379053088816,1.369072752501107,2.933714997818422,3.0,0.26810896710331167,0.04746687012844258,5.770956554185518
2022_37,"NZDJPY_欧州
15-21JST",0.2692735352209292,1.8171893379529875,3.4641016151377544,1.8171893379529875,2.4631982769853367,1.0,0.40233704315238056,0.018708467742215473,2.996567955683371
2022_37,"NZDUSD_NY
21-03JST",0.26942023480917554,1.6647436709178847,12.609520212918492,1.6647436709178856,2.808544951794415,2.20017800227074,0.4024680175465212,0.10780902983061862,21.13631090651143
2022_37,"NZDUSD_東京
09-15JST",0.026054009844462513,1.0648310608379785,8.06225774829855,1.064831060837978,1.8040674446345575,0.3,0.061151894460455755,0.04143170765227715,0.007569127431474114
2022_37,"USDJPY_欧州
15-21JST",0.33118881031446046,1.8694585365411518,3.3166247903554,1.8694585365411518,2.737211375882154,0.30084774973272793,0.4529456764690189,0.009999999999998939,1.4176973269896147
2022_44,"AUDJPY_東京
09-15JST",0.13930480820653648,1.320042902222314,3.7416573867739413,1.3200429022223137,2.3505955216768815,3.0,0.2583044061294318,0.021827673584227294,1.6190472761144388
2022_44,"AUDJPY_欧州
15-21JST",0.12101352626652018,1.4091464147606612,4.242640687119285,1.4091464147606616,1.3950790352047127,0.9929775972886725,0.23226561339717836,0.01833742974716973,0.3221171756849477
2022_44,"AUDNZD_東京
09-15JST",0.5032835960474441,3.7979274939565055,5.744562646538029,3.797927493956505,2.4908295520643002,0.3,0.557171189922738,0.013775028390406945,17.126767851002857
2022_44,"AUDNZD_欧州
15-21JST",0.1448356099290253,1.338690505275324,7.211102550927978,1.338690505275324,2.501508029768103,0.3,0.2658335969410897,0.045788748836318276,0.3570478721524737
2022_44,"AUDNZD_深夜
03-09JST",0.007346421616308594,1.0176975358108158,5.0,1.017697535810816,2.038295444252563,1.182011801526656,0.018034825461725513,0.04198696010542002,0.0015864336220015706
2022_44,"AUDUSD_NY
21-03JST",0.045624518035197285,1.1011730958958894,12.206555615733702,1.1011730958958896,2.219998133120354,0.3778451275032754,0.10238332090963106,0.13922509552218515,0.05090831379487487
2022_44,"CHFJPY_NY
21-03JST",0.40731119333741517,2.226323930423063,5.656854249492381,2.226323930423063,2.9318711703562585,0.3,0.5045281134448235,0.025167143049553378,4.943503815289914
2022_44,"CHFJPY_東京
09-15JST",0.811957349569866,2.869563786798738,3.4641016151377544,2.869563786798738,4.425278600868526,0.6554702075701948,0.6699553823886926,0.01827935222672271,44.200595837871376
2022_44,"EURAUD_NY
21-03JST",0.26050465874813583,1.6744508702853118,8.426149773176359,1.6744508702853118,3.260384832749327,0.8657175442515497,0.39440245469558716,0.049118392590463494,6.5305488005139685
2022_44,"EURAUD_深夜
03-09JST",1.090846912541624,55.84689679551985,2.6457513110645907,55.84689679551987,22.908987528298326,1.0,0.7316961274594771,0.0006961130742054229,150780.56216320014
2022_44,"EURGBP_NY
21-03JST",0.1424792594962842,1.401738948300946,8.48528137423857,1.4017389483009466,2.9548140987175557,0.4405846546916035,0.26264462097331137,0.04980776326423719,0.7736961558792528
2022_44,"EURGBP_欧州
15-21JST",0.18061310315561996,1.4417472655078454,9.273618495495704,1.441747265507846,4.486646866646548,0.3,0.3110730746068106,0.032668967363105914,1.4116310145152275
2022_44,"EURJPY_NY
21-03JST",0.12412453755445761,1.396466881254541,7.54983443527075,1.3964668812545409,2.2467396620662243,0.6459891626774962,0.23682260352399714,0.022992108276093385,0.614023798755389
2022_44,"GBPUSD_欧州
15-21JST",0.191165943991109,1.5431655556809447,6.855654600401044,1.5431655556809456,2.1659623737757814,3.0,0.32337103639715775,0.03114292304087363,6.359733431661073
2022_44,"NZDJPY_欧州
15-21JST",1.1895779463690017,5.361785803352949,3.3166247903554,5.36178580335295,2.9678240885740093,0.9446148563692216,0.7483608772292663,0.010000000000000082,235.60841433636824
2022_44,"NZDUSD_NY
21-03JST",0.20357805277847102,1.4521876949429555,12.409673645990857,1.4521876949429555,2.81836203820767,0.3,0.3372853798134862,0.10780902983061862,1.3714736633559927
2022_44,"NZDUSD_深夜
03-09JST",0.089176492140022,1.3231239863100404,4.123105625617661,1.3231239863100404,1.2263413003508572,1.9010877231372705,0.18229921832485788,0.01796045114334297,0.26874682588380744
2022_44,"USDJPY_欧州
15-21JST",0.21054003971815094,1.5427847416065015,5.477225575051661,1.5427847416065015,2.2610619605552764,0.8808565982286929,0.3448423133974053,0.022300997773827665,1.8440191996514543
2022_45,"AUDJPY_東京
09-15JST",0.008370646007825333,1.0169315489750024,4.0,1.0169315489750024,2.3499285373986525,0.3,0.02049766820817221,0.021827673584227294,0.00048967182740128
2022_45,"AUDJPY_欧州
15-21JST",0.30024464310297033,2.077763231325783,5.291502622129181,2.0777632313257826,1.670273657796495,1.6175703469260017,0.42877106745509175,0.01833742974716973,7.802449576466
2022_45,"AUDNZD_東京
09-15JST",0.3184081973636613,2.8883123502317276,6.557438524302,2.888312350231728,2.3850787503542827,2.1800946475796796,0.4432134802082189,0.013775028390406945,39.59644766997424
2022_45,"AUDNZD_欧州
15-21JST",0.3054450265488692,1.8163799629851196,8.306623862918075,1.8163799629851194,3.2439532041190375,2.2337552897457162,0.432982039781536,0.06544628735046348,24.65014649221432
2022_45,"AUDUSD_NY
21-03JST",0.19151332395141346,1.4844655237524185,11.135528725660043,1.484465523752418,2.1680812262773927,1.7803572686206082,0.3237684024969557,0.0674561202581845,5.501957225491387
2022_45,"AUDUSD_欧州
15-21JST",0.6744571853789997,2.9438929518076984,6.782329983125268,2.943892951807699,4.835625671136975,1.6322093692292796,0.6277189957467634,0.02997420207903923,190.69740992863905
2022_45,"CHFJPY_東京
09-15JST",0.5837295121649668,2.295083477536079,4.0,2.295083477536079,4.2438173926953695,1.38821130350724,0.593384161953533,0.018279352226722712,42.223078295266006
2022_45,"EURAUD_NY
21-03JST",0.5529168637563382,2.709272849427124,7.14142842854285,2.7092728494271245,3.343323334661024,0.9989261293372597,0.5802362040029124,0.029786694324163206,54.54057516590208
2022_45,"EURAUD_深夜
03-09JST",0.723002098466525,7.465180147747278,3.3166247903554,7.465180147747279,3.5465520313841568,0.3,0.6438118855287932,0.005454545454546416,91.04175563500142
2022_45,"EURGBP_欧州
15-21JST",0.11466730952504037,1.2893992194017967,8.18535277187245,1.2893992194017962,2.025481559190598,3.0,0.22279889824527782,0.032668967363105886,2.045753443074836
2022_45,"EURJPY_NY
21-03JST",0.7246534715502182,4.327379937943598,4.69041575982343,4.327379937943598,2.82604282581371,1.1464960262323913,0.6443348905964418,0.0179650437708758,130.5334597067584
2022_45,"GBPUSD_欧州
15-21JST",0.10937922987084112,1.297343481730005,7.937253933193772,1.2973434817300051,2.169337281246561,0.5142577129328082,0.2147304472908632,0.06752602419298548,0.3278975229299183
2022_45,"NZDJPY_欧州
15-21JST",0.7916639121224908,3.662802673767396,4.69041575982343,3.6628026737673967,2.9475072792520436,0.6756811560506366,0.6643348884438784,0.009999999999999317,65.25918021793883
2022_45,"NZDUSD_NY
21-03JST",0.34863771323371245,1.8636231896026065,10.954451150103322,1.8636231896026065,2.806581534511786,3.0,0.4656961666114641,0.07072106600603406,48.57428683130033
2022_45,"NZDUSD_東京
09-15JST",0.011644712259918782,1.0277369106001226,7.54983443527075,1.0277369106001224,1.880555555555197,2.1043061604550575,0.028288259057160328,0.04797688404908689,0.009919269953615743
2022_45,"USDJPY_欧州
15-21JST",0.03187098102839472,1.0770993300357312,5.5677643628300215,1.0770993300357312,2.0450781538351683,0.3,0.07379745902931878,0.02758530594960041,0.00907073496496648
2022_46,"AUDJPY_欧州
15-21JST",0.21773573412238395,1.6894292619304372,5.656854249492381,1.6894292619304374,1.6687639543229007,0.3,0.3524739173972519,0.01833742974716973,0.6091667171577144
2022_46,"AUDNZD_東京
09-15JST",0.4115691966126732,3.870681093438693,6.244997998398398,3.8706810934386935,2.6359325098320063,0.799134060069315,0.5071276710975237,0.006761285997267274,40.85965335838809
2022_46,"AUDNZD_欧州
15-21JST",0.35241492641526057,1.9149281040268775,6.708203932499369,1.9149281040268773,3.334096506262586,3.0,0.4683784359439482,0.06544628735046348,38.11801268582333
2022_46,"AUDUSD_NY
21-03JST",0.36112909807047994,2.158305749118856,8.888194417315589,2.158305749118856,1.6552856029560388,3.0,0.4744649744517318,0.06630094569841727,33.03851509929402
2022_46,"AUDUSD_欧州
15-21JST",0.6005961546292569,2.6086249975157614,6.928203230275509,2.608624997515762,4.82363088030333,0.3,0.6002383197762649,0.02997420207903923,23.879166378684744
2022_46,"CHFJPY_東京
09-15JST",0.34768484693927393,1.7245236213332074,4.47213595499958,1.7245236213332071,4.159464071079653,0.3,0.46501523785396776,0.019088253874634285,2.6330134428503937
2022_46,"EURAUD_NY
21-03JST",0.21335813347289811,1.541320586776792,6.855654600401044,1.5413205867767923,2.3065870225609157,0.42546769033873794,0.347852456549067,0.04056890932725458,1.1399997329291685
2022_46,"EURAUD_深夜
03-09JST",0.28722593887579506,1.945871437916919,3.3166247903554,1.9458714379169193,2.4338289299445086,1.1632999595621494,0.4179497929686069,0.01087834549878513,4.222360112407258
2022_46,"EURGBP_欧州
15-21JST",0.022093625101530772,1.0630673372793262,8.366600265340756,1.063067337279326,1.5974369599899751,0.565015876626006,0.052342949022782276,0.0326689673631059,0.009556942887598776
2022_46,"EURJPY_NY
21-03JST",0.11483427494208935,1.2926960304352293,6.324555320336759,1.29269603043523,2.6616645191937494,0.34803816936527837,0.22305095159992297,0.047296227703555786,0.23944682945721618
2022_46,"EURJPY_欧州
15-21JST",0.07319945266231319,1.1619673902820022,4.69041575982343,1.1619673902820027,2.567174351141914,1.8543314259551507,0.15469048463703547,0.03779431192938682,0.32892894483350094
2022_46,"GBPJPY_欧州
15-21JST",0.11735899814948467,1.2794976352688179,6.48074069840786,1.2794976352688177,2.3232613718367583,2.3745103553527307,0.22684247992063564,0.06759433484142735,1.459520768491562
2022_46,"GBPUSD_欧州
15-21JST",0.13329719437128412,1.3072895365963049,8.18535277187245,1.3072895365963049,2.322332604284501,0.9133761909852633,0.24994917614076545,0.06752602419298548,0.9260817479458106
2022_46,"NZDJPY_欧州
15-21JST",0.48526781908642197,2.3026664538216557,5.291502622129181,2.3026664538216566,2.8460424299334837,0.3,0.5481593350893612,0.02914553566137422,6.191775773821381
2022_46,"NZDUSD_NY
21-03JST",0.47967216039025656,2.3014020685486507,8.888194417315589,2.301402068548651,1.9972136610161295,3.0,0.5452851437033718,0.07072106600603405,68.90268692982151
2022_46,"USDJPY_欧州
15-21JST",0.899226699806128,3.4651038696898366,7.211102550927978,3.465103869689837,8.8846495791328,2.351642085742323,0.6921245537367047,0.03971351335293012,1082.8928232281546
2022_47,"AUDJPY_欧州
15-21JST",0.1370366301713354,1.4086090984943322,6.164414002968976,1.4086090984943322,1.6664993991125003,0.3,0.25517184950236155,0.020997290301862058,0.2094324799578478
2022_47,"AUDNZD_東京
09-15JST",0.18855382414759705,1.7100911661223177,8.366600265340756,1.7100911661223182,2.1245922751104924,0.7211440605811997,0.32036802143063076,0.025795968091720554,2.207540563307139
2022_47,"AUDNZD_欧州
15-21JST",0.7831376086311408,3.418122082907452,6.0,3.418122082907452,4.066828720463741,3.0,0.6619159114865857,0.044244614749215136,424.5630402533988
2022_47,"AUDUSD_NY
21-03JST",0.1364454796543669,1.3997264198985109,8.660254037844387,1.3997264198985109,1.7254965738571588,1.090587963254524,0.2543510660995393,0.0514358253160038,1.0539055637122507
2022_47,"AUDUSD_欧州
15-21JST",0.5695713270870569,2.520775450041136,6.855654600401044,2.5207754500411363,4.829628275719905,0.3,0.5874465458856496,0.037957091863236446,20.34647984561022
2022_47,"CHFJPY_東京
09-15JST",0.2832541881240757,1.6337940005149405,4.123105625617661,1.63379400051494,2.681758946599294,1.0,0.4145663400933857,0.019088253874634285,3.400927503225707
2022_47,"EURAUD_NY
21-03JST",0.011539006300193416,1.027318367661241,6.928203230275509,1.027318367661241,2.0595332065398617,0.3,0.028038669782315662,0.05014861524166041,0.0013918608857568745
2022_47,"EURAUD_深夜
03-09JST",0.4119291843037578,2.936294129277366,4.47213595499958,2.936294129277366,2.3343483491498076,2.2319904476417607,0.5073461975098156,0.01087834549878513,41.533658385649
2022_47,"EURGBP_欧州
15-21JST",0.07132780907622069,1.1751359159862622,7.810249675906654,1.175135915986262,2.1850000000000915,2.012593131082961,0.15133375901587412,0.03048562913177084,0.49682256108751566
2022_47,"EURJPY_NY
21-03JST",0.17237610420854652,1.4828303214272676,7.0710678118654755,1.482830321427268,2.3955377089606653,2.141513356336567,0.30115880614355794,0.047296227703555786,3.9536189172952656
2022_47,"EURJPY_欧州
15-21JST",0.02653860689438953,1.055780543542402,4.795831523312719,1.055780543542402,2.533534038333242,0.3,0.062218534185254734,0.03779431192938682,0.006464662186874735
2022_47,"GBPUSD_欧州
15-21JST",0.08611323066645017,1.188223503637784,8.426149773176359,1.1882235036377835,2.289326903651192,1.026889655057351,0.17714644497207144,0.06752602419298548,0.3996509920963168
2022_47,"NZDJPY_欧州
15-21JST",0.34302947803268835,1.8260151122471693,5.656854249492381,1.8260151122471695,2.778399197054516,0.3,0.46166335007451387,0.042198313848243144,2.388944710604682
2022_47,"NZDUSD_NY
21-03JST",0.021966529800218425,1.0568053196103822,7.416198487095663,1.0568053196103826,1.4390221314449156,0.9315983428822685,0.05205751700405851,0.04830158917528324,0.01211228737045085
2022_47,"NZDUSD_東京
09-15JST",0.30676694877868205,2.053374293387307,6.48074069840786,2.0533742933873067,2.196918918918526,1.6667416361261789,0.434042578404078,0.019999999999998158,13.061225560258162
2022_47,"USDJPY_欧州
15-21JST",0.9171909788548754,3.3600459671172693,7.483314773547883,3.3600459671172684,8.862131334358779,0.556296304528246,0.6963234592240015,0.03971351335293012,255.8502941793615
2022_48,"AUDNZD_東京
09-15JST",0.19511905869563062,1.6596639232763575,8.18535277187245,1.659663923276357,2.293562480131514,0.5012353969919681,0.32786558562464535,0.025795968091720554,1.6164584843219318
2022_48,"AUDNZD_欧州
15-21JST",0.6265313659622168,2.7365265439322455,7.615773105863909,2.736526543932245,4.0418409114403175,0.41893424277577845,0.6103382582712795,0.037092222379984975,35.60692232598218
2022_48,"AUDUSD_NY
21-03JST",0.25317971793495786,1.8763203654566238,8.306623862918075,1.8763203654566232,1.8910262254230732,0.5676094922381159,0.387611113730523,0.028987446983418225,2.9936483708015853
2022_48,"AUDUSD_欧州
15-21JST",0.419711284436724,1.9585462569709347,7.211102550927978,1.9585462569709349,4.79964129863575,0.3,0.5120233091888376,0.06948616482584001,8.003216799622718
2022_48,"CHFJPY_東京
09-15JST",0.22068293290698981,1.4528403103761056,3.0,1.452840310376106,3.233547338186586,1.0,0.35554857594265354,0.01908825387463429,1.576493321426987
2022_48,"EURAUD_深夜
03-09JST",0.27750000080988996,2.001070338498381,5.477225575051661,2.001070338498381,2.4448823278106198,0.510365923461694,0.40959409664673624,0.01858453880750726,3.053827944520325
2022_48,"EURGBP_欧州
15-21JST",0.21849991297309398,1.579880417926342,7.416198487095663,1.5798804179263417,2.35912863070523,0.9542789859147507,0.3532739591227706,0.030485629131770834,3.1216033132114998
2022_48,"EURJPY_NY
21-03JST",0.24566413519829078,1.580079339434785,9.055385138137417,1.5800793394347843,2.7979086125138544,1.0176804612323382,0.3804828575817434,0.057498585804019155,5.689927516200964
2022_48,"EURJPY_欧州
15-21JST",0.08284440515490599,1.176334949897568,6.082762530298219,1.176334949897568,2.754480932262392,1.5746640344473912,0.171575779423866,0.03743435396827186,0.5002062117631428
2022_48,"GBPUSD_欧州
15-21JST",0.09126615221220621,1.2071575050998156,8.717797887081348,1.2071575050998158,2.7146753833821404,3.0,0.18577740762563896,0.06752602419298548,1.6432286622428682
2022_48,"NZDUSD_NY
21-03JST",0.3155332884536854,2.626399062545702,6.6332495807108,2.6263990625457025,1.555710785996961,1.1347322498542334,0.44097639277632156,0.029648723925259562,10.915445535900103
2022_48,"NZDUSD_東京
09-15JST",0.1644011621105938,1.4737367454895514,7.280109889280518,1.4737367454895511,2.1861849217635845,0.30327479948301206,0.2912842374310697,0.03516774452738567,0.48496691762412336
2022_48,"USDJPY_欧州
15-21JST",1.1322832778275351,3.87751076215132,6.855654600401044,3.8775107621513194,8.912797385100669,0.5374240215086546,0.738951663972266,0.021843427791473816,404.27122440508435
2022_49,"AUDJPY_東京
09-15JST",0.5941786240976987,2.6692408751554617,6.4031242374328485,2.6692408751554617,4.909209951985757,2.269458382294543,0.5976578148991748,0.03691556073744806,174.07144133737162
2022_49,"AUDJPY_欧州
15-21JST",0.3033787742238368,1.6866949177153368,5.477225575051661,1.686694917715337,3.5633933727176226,2.449476599785373,0.43131636230935266,0.03260372125571436,17.235274439158434
2022_49,"AUDNZD_東京
09-15JST",0.08466821866912858,1.2208638054610734,9.219544457292887,1.2208638054610732,1.8721608122492814,0.9305429315439452,0.17469315174331562,0.051268879594835455,0.33682627284710964
2022_49,"AUDNZD_欧州
15-21JST",0.5220248602905767,2.3006140692093093,7.0710678118654755,2.3006140692093093,4.096515000451524,0.8741144658821861,0.5661722180962239,0.037092222379985,38.192471677243674
2022_49,"AUDUSD_NY
21-03JST",0.1756553218813529,1.4974142252479186,9.055385138137417,1.4974142252479188,2.059885231321008,0.8296292454315565,0.3051397515222778,0.03474182872421424,1.7974052556825928
2022_49,"EURAUD_深夜
03-09JST",0.19483083326194464,1.6460991516671837,6.557438524302,1.646099151667184,2.3156919331796493,0.6466272375433385,0.3275399027207914,0.018584538807507264,1.666885661933285
2022_49,"EURGBP_欧州
15-21JST",0.24017801787852022,1.6249011315799342,8.54400374531753,1.6249011315799344,2.805775443535965,1.4216861644793615,0.3751737972422793,0.03048562913177084,7.868569314829679
2022_49,"EURJPY_NY
21-03JST",0.06561864926696248,1.150566220437488,9.591663046625438,1.1505662204374876,1.991077340749211,0.3,0.14092788029488912,0.05749858580401916,0.06632403624315511
2022_49,"EURJPY_欧州
15-21JST",0.025409089001718035,1.0623567888255563,7.3484692283495345,1.0623567888255556,2.4961799756587797,0.42055315174937774,0.05972859926745804,0.04138854115270354,0.012687997715358147
2022_49,"GBPUSD_欧州
15-21JST",0.3238142329777484,1.8436833820636562,7.54983443527075,1.8436833820636562,3.305370629370359,2.104243695959824,0.447372016498746,0.04543823883084495,24.733904329041838
2022_49,"NZDUSD_NY
21-03JST",0.3508303192185306,2.274696126902247,8.0,2.2746961269022465,2.347759278757545,1.086645560718426,0.46725646292983647,0.029648723925259583,16.812859710385254
2022_49,"NZDUSD_東京
09-15JST",0.3356259956583451,2.090441480616864,6.855654600401044,2.090441480616864,2.193906893217019,3.0,0.45624542585390576,0.035167744527385685,29.16807641936596
2022_49,"USDJPY_欧州
15-21JST",0.900482525286741,3.409046619757134,7.874007874011811,3.4090466197571336,8.830642560927451,0.3,0.6924218571012288,0.03153384241859548,146.53381726828562
2022_50,"AUDJPY_東京
09-15JST",0.6744113089497317,2.953261798759279,6.164414002968976,2.9532617987592795,5.005405917652199,1.0,0.6277030996713804,0.027769573716537103,110.8455741643072
2022_50,"AUDJPY_欧州
15-21JST",0.28635803822731715,1.6988612130878475,5.830951894845301,1.6988612130878489,3.208589481632601,0.42991123454054864,0.41721378971084067,0.029119886282162874,2.6949472740362204
2022_50,"AUDNZD_東京
09-15JST",0.04689550422246041,1.112108822643325,9.797958971132712,1.1121088226433247,1.8147199890757102,0.919037302084875,0.10493617362307649,0.051268879594835455,0.09460532376427501
2022_50,"AUDNZD_欧州
15-21JST",0.2960370866160553,1.6352723689676354,8.18535277187245,1.6352723689676352,3.6971823304129137,0.6529450003877928,0.4253179784647796,0.05192709568792633,6.324690656148704
2022_50,"AUDUSD_NY
21-03JST",0.15700559105073167,1.3743691489129328,10.099504938362077,1.374369148912933,3.5337950256164734,1.1062803019860212,0.28187435381852693,0.04978787292897637,3.144000065002421
2022_50,"EURAUD_深夜
03-09JST",0.15431138662513907,1.5056643707365798,6.164414002968976,1.5056643707365795,1.9144093031652492,0.9123521767846011,0.27838393788849647,0.018584538807507267,1.0294150709228738
2022_50,"EURGBP_NY
21-03JST",0.2036152170186047,1.5236995220930367,9.643650760992955,1.5236995220930363,3.478299436036817,1.8149885555470475,0.3373261827697245,0.08433221117965284,8.95321303696892
2022_50,"EURGBP_欧州
15-21JST",0.41192187953500675,2.1556257820741074,7.3484692283495345,2.1556257820741083,3.2230275187221866,1.0058733300583884,0.5073417651596199,0.03048562913177084,22.450419568899076
2022_50,"EURJPY_NY
21-03JST",0.12385455501329654,1.2841571375472511,9.591663046625438,1.2841571375472514,2.2852872346849815,0.7330679453692973,0.23642927951662615,0.08202638200663265,0.7171180753253054
2022_50,"GBPUSD_欧州
15-21JST",0.3656941891629875,2.0589509336154355,7.0,2.058950933615435,3.3389476097669926,0.6053975211733753,0.4775982296048808,0.04257983367084973,10.048742673052303
2022_50,"NZDJPY_欧州
15-21JST",0.07315631468555338,1.1810845450663767,4.58257569495584,1.1810845450663765,2.086737548964638,1.0,0.15461341720477953,0.02839139280620487,0.14671685759581232
2022_50,"NZDUSD_NY
21-03JST",0.402443883534968,2.2767888550285407,9.1104335791443,2.2767888550285407,2.9705615173631235,1.223718316992695,0.5015227753523412,0.03284262115732776,33.54798278401988
2022_50,"NZDUSD_東京
09-15JST",0.3970261690378331,2.1442688660741673,6.164414002968976,2.1442688660741673,2.270075227095947,0.3,0.4981344207519832,0.035167744527385685,3.6877947050642628
2022_50,"NZDUSD_深夜
03-09JST",0.10289793168399154,1.2364475246886413,5.196152422706632,1.2364475246886413,2.576540784361125,0.9783557015630173,0.20460997192696745,0.03311677104082692,0.4080854325158022
2022_50,"USDJPY_欧州
15-21JST",0.16391629113689996,1.4061817897950346,6.6332495807108,1.406181789795035,3.4972039308562706,0.3,0.29067486382851554,0.03153384241859549,0.6356200754959674
2022_51,"AUDJPY_東京
09-15JST",0.8795924670345079,3.9858081707384923,5.744562646538029,3.9858081707384927,5.1657325270964165,0.3,0.6874004729591668,0.023768459926909128,83.52808187708764
2022_51,"AUDJPY_欧州
15-21JST",0.24161883445011031,1.5426467616187745,5.830951894845301,1.5426467616187751,3.2085894816326435,0.3,0.3765769043503624,0.02601695965547114,1.184507401468663
2022_51,"AUDNZD_欧州
15-21JST",0.06657153979742671,1.1401037068128186,9.219544457292887,1.1401037068128186,2.6432512939033117,0.7844380774183285,0.1426823844127534,0.0519270956879263,0.22437197826782598
2022_51,"AUDUSD_NY
21-03JST",0.055423252543606555,1.121773184546482,10.198039027185569,1.1217731845464822,3.486018425751921,0.5797337779822906,0.12169614141144418,0.04978787292897637,0.1666296673486535
2022_51,"EURAUD_深夜
03-09JST",0.0737993513970956,1.2418118661097384,5.916079783099616,1.2418118661097388,1.9731485032374714,3.0,0.15576076915150464,0.016857708259861152,0.6104879596712236
2022_51,"EURGBP_NY
21-03JST",0.16803366442072654,1.4193514623340475,10.344080432788601,1.4193514623340475,3.0150244723100332,0.9576503452403629,0.29581638368578933,0.079514344744267,2.7705098809792243
2022_51,"EURGBP_欧州
15-21JST",0.3220902183343562,2.094743131401137,6.782329983125268,2.0947431314011364,2.7270135849484833,1.2577757088283925,0.4460525986314023,0.017545191158257884,14.41255155659346
2022_51,"GBPUSD_NY
21-03JST",0.1671830640110414,1.4843712599276804,8.306623862918075,1.4843712599276802,1.9434586601346853,1.7058109544762352,0.29476032452158485,0.031168333598728965,2.899663249258801
2022_51,"GBPUSD_欧州
15-21JST",0.37401630491106935,2.0395683720256175,7.874007874011811,2.0395683720256175,3.3796885245894637,0.8015406289136442,0.48321502084383355,0.04257983367084973,15.381413277186109
2022_51,"NZDJPY_欧州
15-21JST",0.27494695222605803,1.811034303709237,4.47213595499958,1.811034303709237,2.5607906539189793,1.1986386932321553,0.40736083231319015,0.021868326712172387,4.934736426715177
2022_51,"NZDUSD_NY
21-03JST",0.2350557439391851,1.7229674948402312,10.246950765959598,1.7229674948402312,2.614962702037207,0.3,0.3701340334017903,0.061175942059145845,1.9564919441787747
2022_51,"NZDUSD_東京
09-15JST",0.3064592890483065,1.8619071236117617,5.291502622129181,1.861907123611761,2.5939001898687923,3.0,0.43379610658265594,0.025648977675586576,18.502450306798867
2022_51,"USDJPY_欧州
15-21JST",0.008989919957373466,1.0217893999645171,6.48074069840786,1.0217893999645173,1.7167986781770852,0.3,0.021980786123800996,0.03349848753762445,0.0006663114192362328
2022_52,"AUDJPY_東京
09-15JST",1.0350931001080248,3.640253851500538,5.916079783099616,3.640253851500538,6.083839402818036,0.6690445371877738,0.7212724387219961,0.028768459926908924,231.57477046664906
2022_52,"AUDJPY_欧州
15-21JST",0.16390720692656435,1.3594596092068587,6.557438524302,1.3594596092068587,2.5832985386221017,0.31175108114528116,0.2906634370216682,0.049100581056656975,0.443221417967789
2022_52,"AUDNZD_欧州
15-21JST",0.17672088753545462,1.4125235822832622,8.54400374531753,1.412523582283262,2.8317663348370257,1.8065328512985963,0.30642359476635134,0.04768283898180265,4.5075066816677545
2022_52,"AUDUSD_NY
21-03JST",0.04514591517102441,1.098495671819246,11.224972160321824,1.0984956718192462,2.4796387285717447,0.9279036097259391,0.10141823980049193,0.06876799151873345,0.13351324119734082
2022_52,"CHFJPY_NY
21-03JST",0.046608674530393454,1.1127194705374632,8.774964387392123,1.112719470537463,2.918474114441037,2.632747664985686,0.1043613283584386,0.0877286777527614,0.37330825322544736
2022_52,"CHFJPY_東京
09-15JST",0.1812159538538442,1.4508086620689724,5.656854249492381,1.450808662068972,2.159001674871967,3.0,0.3117876456285537,0.03603424119979311,4.2058204234737735
2022_52,"EURAUD_深夜
03-09JST",0.28594700240228776,1.9599842750240706,6.557438524302,1.9599842750240715,2.965747443295819,1.3181913233067573,0.41686457029604196,0.028922217828507905,11.409063670019123
2022_52,"EURGBP_NY
21-03JST",0.32373324210143456,1.9796652001955046,9.433981132056603,1.9796652001955048,2.4362472321168176,1.511355788038675,0.4473101735128837,0.022220798258748297,19.284924047607
2022_52,"EURGBP_欧州
15-21JST",0.328544834665699,2.0034806577450657,7.0710678118654755,2.003480657745066,2.8279628540212705,0.7649116282353187,0.4509603514194916,0.017545191158257884,8.939630562034553
2022_52,"GBPUSD_NY
21-03JST",0.07152446594625883,1.1935577170969753,9.1104335791443,1.1935577170969751,1.7863415799576832,0.31600649984164403,0.15168770893515138,0.04289960922940202,0.07621648750629319
2022_52,"GBPUSD_欧州
15-21JST",0.22652776211607012,1.5907913812436665,8.0,1.5907913812436665,3.2477044373729425,0.5380395822929211,0.3615606136126873,0.04257983367084973,2.779075850768566
2022_52,"NZDJPY_欧州
15-21JST",0.07828991891309706,1.2057723391229367,6.48074069840786,1.205772339122937,2.4859647844245774,0.5682704159168849,0.16368716089816202,0.023091110154080476,0.16672911563582563
2022_52,"NZDUSD_NY
21-03JST",0.16442095069724158,1.4468787867782182,11.445523142259598,1.446878786778218,2.374963043263732,0.7126878680243678,0.2913090849907836,0.09502836811788776,1.7739524811726128
2022_52,"NZDUSD_東京
09-15JST",0.19204407061614864,1.4732112752340776,6.48074069840786,1.4732112752340778,2.4231219881295623,0.47392436450063125,0.32437462031548703,0.04830521807662662,0.9598404548033426
2023_01,"AUDJPY_東京
09-15JST",0.08598910069146008,1.1293282178036248,4.123105625617661,1.1293282178036248,5.345011953323075,0.3,0.17693627402161025,0.03614763703901261,0.12381503911117125
2023_01,"AUDNZD_欧州
15-21JST",0.12609728179305718,1.2755045019236764,9.848857801796104,1.275504501923676,3.1802573932079783,0.9279586830619786,0.23968434385992157,0.04372273974537097,1.3693075907451948
2023_01,"AUDUSD_NY
21-03JST",0.08225099736404486,1.1827433004027055,10.908712114635714,1.1827433004027053,2.653518717632097,1.5544088958323758,0.1705564069615696,0.06961820939155594,0.8255099759962794
2023_01,"CHFJPY_NY
21-03JST",0.012161828728852412,1.0289902921255367,8.602325267042627,1.0289902921255367,2.423042084343503,3.0,0.029507411606651372,0.0855065126249086,0.021888610401711497
2023_01,"CHFJPY_東京
09-15JST",0.3988198804912213,1.788985338943275,3.4641016151377544,1.7889853389432753,4.48447812612716,0.3,0.49926133566677566,0.019083020660487098,2.914288336928099
2023_01,"EURAUD_深夜
03-09JST",0.24938155734494136,1.7153190792318767,5.656854249492381,1.7153190792318762,3.2839978587558267,0.3,0.38402931916416244,0.028922217828507905,1.5262831704476252
2023_01,"EURGBP_NY
21-03JST",0.37619664113697987,2.247479049713028,9.219544457292887,2.2474790497130286,2.50122054277226,0.8981935928183612,0.48466666975770933,0.022220798258748314,18.661049373960818
2023_01,"EURGBP_欧州
15-21JST",0.23580982302558653,1.7249138023402388,7.211102550927978,1.724913802340239,2.4247769855742827,0.980207328817875,0.3708810629937326,0.023947956353411914,4.355568827639369
2023_01,"GBPUSD_NY
21-03JST",0.12719284781920112,1.3603740783480571,8.366600265340756,1.3603740783480576,1.9308758987100958,0.3,0.24126436529886586,0.05379349740595758,0.2611810662814123
2023_01,"GBPUSD_欧州
15-21JST",0.09078354978182247,1.2118171263707431,7.937253933193772,1.2118171263707431,3.27354903878947,0.4993648513664031,0.18497675772177014,0.040747191909634564,0.30743998047575377
2023_01,"NZDJPY_欧州
15-21JST",0.007246587882163271,1.0178858086417035,5.830951894845301,1.0178858086417037,2.1034099698044293,1.8366487605114166,0.017794103370756847,0.02309111015408048,0.0029415956673667825
2023_01,"NZDUSD_NY
21-03JST",0.235128100344607,1.5594936449180747,11.445523142259598,1.5594936449180747,4.015186378278541,1.5531320251647633,0.37020579032329304,0.11622851990035021,13.536661787343656
2023_01,"NZDUSD_東京
09-15JST",0.04601653781848979,1.1177617868754188,7.483314773547883,1.1177617868754188,1.514165633755962,2.026607735345568,0.10317226810369215,0.048305218076626605,0.12993459037210786
2023_01,"USDJPY_東京
09-15JST",0.10478687659066015,1.25030942787879,5.196152422706632,1.25030942787879,2.4694905201764326,0.4079877678114013,0.20758637248732098,0.026019035116506266,0.1735088841757025
2023_02,"AUDJPY_東京
09-15JST",0.3748390766258039,1.6964101923591441,4.58257569495584,1.6964101923591446,4.849199999999987,3.0,0.4837637748706709,0.03614763703901261,33.57525407035994
2023_02,"AUDNZD_欧州
15-21JST",0.291830745457553,1.7430718787199275,9.433981132056603,1.7430718787199277,3.666521257442282,3.0,0.42182390327932917,0.04372273974537096,37.18588681198651
2023_02,"AUDUSD_NY
21-03JST",0.0017169529164527617,1.004128869369309,11.313708498984761,1.004128869369309,2.06184497269092,0.8332410978434812,0.01,0.06961820939155594,0.0003145865715767017
2023_02,"AUDUSD_欧州
15-21JST",0.39022777861577923,2.0582473502166003,6.6332495807108,2.0582473502166003,3.209792631485816,3.0,0.4938168325331853,0.033886645943534556,50.43486282448027
2023_02,"CHFJPY_NY
21-03JST",0.0031624577662043418,1.0075574225798045,8.48528137423857,1.0075574225798047,2.497384383671058,0.3,0.01,0.04569034707803355,0.00019517947411875968
2023_02,"CHFJPY_東京
09-15JST",0.48370676644823957,2.0404473025555685,4.47213595499958,2.0404473025555685,3.413522320453697,0.9787336168855888,0.5473611664108166,0.01908302066048709,16.161422928767053
2023_02,"EURAUD_深夜
03-09JST",0.2338669271242412,1.7344915536047718,5.744562646538029,1.7344915536047716,3.2575068579399438,0.7414952699878591,0.3689527203844824,0.028922217828507898,3.5006770972832526
2023_02,"EURGBP_NY
21-03JST",0.22371125228613903,1.6317223586903735,8.888194417315589,1.6317223586903733,2.273813955478483,0.7655842913500793,0.35867759554786316,0.02489318896576445,3.225280476621086
2023_02,"EURGBP_欧州
15-21JST",0.14550944409196698,1.3883683812818446,7.810249675906654,1.3883683812818444,2.07862407862374,0.4518538673901999,0.26674046740689544,0.02739959183438597,0.5341816983597281
2023_02,"GBPUSD_NY
21-03JST",0.2523244375556997,1.650133430517352,8.06225774829855,1.6501334305173527,2.382339410807329,1.911200721688018,0.386808193942841,0.06879349740595675,9.127795813709167
2023_02,"NZDJPY_欧州
15-21JST",0.35902920632748087,2.1563764324061947,7.416198487095663,2.1563764324061947,2.7282718297971864,3.0,0.4730110558783674,0.02309111015408048,46.85178605367545
2023_02,"NZDUSD_NY
21-03JST",0.1354950244138672,1.3257427758068199,11.661903789690601,1.32574277580682,3.3026324286274225,0.9863211840957256,0.253027606675104,0.1162285199003502,2.0507122943802116
2023_02,"NZDUSD_東京
09-15JST",0.34885917277126993,1.9357085382373114,8.06225774829855,1.9357085382373118,4.549150639010965,2.2863432596110704,0.4658541758662878,0.04414355956817107,48.904439631753746
2023_02,"USDJPY_東京
09-15JST",0.4911843408528582,2.794558226106501,5.656854249492381,2.794558226106501,2.812789676663845,1.4937777914877108,0.5511590793693678,0.017778374572528066,49.3733769841451
2023_03,"AUDJPY_東京
09-15JST",0.236309590168753,1.4810566491050707,5.5677643628300215,1.481056649105071,4.067520158799919,0.35586051448677514,0.3713751824895211,0.036147637039012595,1.4972912545601453
2023_03,"AUDNZD_欧州
15-21JST",0.4085081993899848,2.1567803303333672,8.831760866327848,2.1567803303333672,3.73693586107297,1.2352508680666703,0.505261665494799,0.043722739745370956,37.5026470735942
2023_03,"AUDNZD_深夜
03-09JST",0.2084934296686649,1.7883562442649639,5.291502622129181,1.7883562442649636,1.5551348309742523,1.7624980493506905,0.3426387525370539,0.01331623479209692,3.2701496918125117
2023_03,"AUDUSD_NY
21-03JST",0.19995514316460522,1.5112356709079966,11.40175425099138,1.5112356709079966,2.599431441636474,1.7993701413943781,0.33328348867866114,0.06913551350433628,7.591866589488676
2023_03,"AUDUSD_欧州
15-21JST",0.3226926784009723,1.8092208691234166,7.0,1.809220869123417,3.1706329003528673,0.47383513522892173,0.44651438715964464,0.03388664594353455,4.797401678157045
2023_03,"CHFJPY_東京
09-15JST",0.24628134171623048,1.5594258250696844,5.916079783099616,1.559425825069684,2.9382713099609368,0.5306170805351529,0.3810745039648194,0.023163090949141603,2.0574681713308083
2023_03,"EURAUD_深夜
03-09JST",0.338478773183766,2.020076404239378,5.916079783099616,2.020076404239378,3.204524856308113,3.0,0.458345974826737,0.0289222178285079,34.99426110800119
2023_03,"EURGBP_NY
21-03JST",0.22870365924162941,1.6502415494461524,9.219544457292887,1.6502415494461526,3.260177503082566,0.8901511530300713,0.3637702053738674,0.034859025439706016,5.857719207437159
2023_03,"EURGBP_欧州
15-21JST",0.10103556304064822,1.2521978961472113,8.888194417315589,1.252197896147211,2.155546946834954,0.9058009454849033,0.2016534763071326,0.032823121839283466,0.5367891984965245
2023_03,"EURJPY_欧州
15-21JST",0.04255294603061481,1.1000049162681418,5.744562646538029,1.1000049162681418,1.713723814076118,3.0,0.0961533448422035,0.026653762164864103,0.14242241144739987
2023_03,"GBPUSD_NY
21-03JST",0.051609911765329315,1.1031393699262682,7.483314773547883,1.1031393699262682,1.635305464419774,0.8765054288951967,0.11427984732130388,0.06209732781857681,0.07248476454530954
2023_03,"NZDJPY_欧州
15-21JST",0.30296720338949656,1.935711656013637,8.18535277187245,1.935711656013637,2.752575309746162,0.687043339070208,0.4309834113578553,0.026428534838460065,7.378524619446468
2023_03,"NZDUSD_NY
21-03JST",0.26994442240238764,1.6154357573920433,11.61895003862225,1.6154357573920433,4.380195150566517,0.9639541485048867,0.4029355471523747,0.06127515102375193,13.121335796211659
2023_03,"NZDUSD_東京
09-15JST",0.3104703270924725,1.7850727608420323,7.937253933193772,1.7850727608420325,4.7724244466912635,0.3,0.43699267267507247,0.04414355956817107,4.705182544748133
2023_03,"USDJPY_東京
09-15JST",0.13398175146362726,1.3477851219357522,7.0710678118654755,1.347785121935752,2.608550706536886,0.3,0.25091073074386433,0.05509405667055106,0.32027317512315046
2023_03,"USDJPY_欧州
15-21JST",0.034383788186748414,1.0612358331514444,7.14142842854285,1.0612358331514442,3.226874581853222,1.977418562743649,0.07915532098994055,0.05128015574226798,0.13286327791837121
2023_04,"AUDJPY_東京
09-15JST",0.20484388498148495,1.5509666413595886,6.855654600401044,1.5509666413595888,1.8826131414198555,1.4882615828483345,0.3386723253187151,0.040187218662561856,3.0816648202715364
2023_04,"AUDNZD_欧州
15-21JST",0.4098037273065924,2.2142428064410655,8.717797887081348,2.214242806441066,3.0467750008477767,1.3909827307531553,0.5060531502733381,0.04372273974537097,35.992026009132225
2023_04,"AUDUSD_NY
21-03JST",0.1948520953966917,1.4876534699701802,10.392304845413264,1.48765346997018,2.789517409805281,0.31748789889562035,0.3275639388422257,0.06913551350433626,1.2160182680824532
2023_04,"AUDUSD_欧州
15-21JST",0.28677124368173046,1.6865942145341242,7.0710678118654755,1.686594214534125,3.162800954126373,0.3,0.4175644311261066,0.041526588738241624,2.1942599004370402
2023_04,"CHFJPY_東京
09-15JST",0.1274568794504994,1.3304953330836624,7.0710678118654755,1.330495333083662,2.374997547375602,1.5766579577350035,0.24164416925092158,0.04472087681161084,1.3818206997106885
2023_04,"EURAUD_深夜
03-09JST",0.20353509169996986,1.815680282383606,4.69041575982343,1.8156802823836058,1.6355849120269361,3.0,0.33723820619390177,0.015446685878962812,5.128653833031796
2023_04,"EURGBP_NY
21-03JST",0.03396510642968968,1.0828395166518388,10.723805294763608,1.0828395166518392,3.319138654760178,0.5783797284296371,0.07826690654722646,0.10024817680645359,0.05832249064700799
2023_04,"EURGBP_欧州
15-21JST",0.15683187445910882,1.4177950200882516,9.16515138991168,1.4177950200882514,3.26504398378302,1.6278059089929342,0.2816503179015227,0.04000210048438785,4.158804980974084
2023_04,"EURJPY_欧州
15-21JST",0.42363297324094745,2.1795538369282044,7.211102550927978,2.1795538369282035,3.8242835922485154,1.1826084502165513,0.5143467867416437,0.021588630543364958,33.04438532122339
2023_04,"GBPUSD_NY
21-03JST",0.227168770286559,1.438528569787075,6.082762530298219,1.438528569787075,2.1801848103988397,1.0,0.36221314110197733,0.037120010849948516,2.1772834450442797
2023_04,"NZDJPY_欧州
15-21JST",0.46243819569128125,2.771162320224359,7.483314773547883,2.771162320224359,2.8422941210520376,0.6362925236822907,0.5361986493659608,0.026428534838460065,25.106980072529637
2023_04,"NZDUSD_NY
21-03JST",0.275781992096029,1.6045435258119103,10.770329614269007,1.6045435258119096,4.606986218241874,0.36640932854334357,0.4080931355401376,0.053576133325344555,5.000054115885531
2023_04,"NZDUSD_東京
09-15JST",0.41506743188406214,2.2374537999310173,7.211102550927978,2.237453799931018,5.1256713732002686,0.3,0.509243058484887,0.02921274335153868,11.400409700012604
2023_04,"USDJPY_東京
09-15JST",0.02028049074032471,1.0516171910505838,7.211102550927978,1.051617191050584,2.2928138319157707,1.679853555235698,0.04825465656186091,0.06103139546065898,0.028330007908248314
2023_04,"USDJPY_欧州
15-21JST",0.1505543025287699,1.3103293991752427,7.810249675906654,1.3103293991752423,3.098193608151428,1.0341746923134107,0.27345949679668974,0.05128015574226798,1.682658804030063
2023_05,"AUDJPY_東京
09-15JST",0.28919975614468685,1.80897193130494,6.4031242374328485,1.8089719313049406,1.919817199833791,0.3,0.4196167418317743,0.040187218662561856,1.4079133742430412
2023_05,"AUDNZD_東京
09-15JST",0.07321525085199407,1.1935274666163322,9.1104335791443,1.1935274666163322,1.5099681528657762,0.7206700012509147,0.15471870511395105,0.055571051848108434,0.15155316799144794
2023_05,"AUDNZD_欧州
15-21JST",0.519418702894429,3.3657060223626614,7.416198487095663,3.365706022362661,2.792693522724827,0.3439789826249015,0.5649425025390967,0.014148457562357799,23.351199172513155
2023_05,"AUDNZD_深夜
03-09JST",0.03666978840350737,1.1069113855772577,6.4031242374328485,1.1069113855772577,1.7575757575749142,3.0,0.08397601431867875,0.04849582848775944,0.12149262095535424
2023_05,"AUDUSD_NY
21-03JST",0.19087606151934478,1.479632653424815,9.899494936611665,1.4796326534248145,2.698175100978144,1.417202342580283,0.3230390837437838,0.06913551350433628,4.779655804093755
2023_05,"AUDUSD_欧州
15-21JST",0.3269992204963019,1.7683530876474916,6.782329983125268,1.7683530876474922,3.1941287390327173,0.3,0.4497930826845574,0.04912143483702443,2.849208860923425
2023_05,"CHFJPY_東京
09-15JST",0.11253620105931443,1.2999028976764808,7.280109889280518,1.299902897676481,2.3568902725915972,0.3,0.2195673219310628,0.04472087681161081,0.2057216784656365
2023_05,"EURAUD_深夜
03-09JST",0.6000057738558372,8.712820564797038,4.242640687119285,8.71282056479704,4.7802317696001255,3.0,0.600002309529,0.005530906895041812,1653.6246176823684
2023_05,"EURGBP_欧州
15-21JST",0.2524888434671807,1.7066557596943575,8.306623862918075,1.7066557596943577,3.087757800327995,3.0,0.38696269828233554,0.04000210048438785,21.055131997924004
2023_05,"EURJPY_NY
21-03JST",0.04146015139580938,1.0975499377509814,9.219544457292887,1.0975499377509814,2.078515150728028,3.0,0.09391595428199036,0.057848020513896044,0.2549056564041566
2023_05,"EURJPY_欧州
15-21JST",0.2852535000649869,1.7356035113354353,7.211102550927978,1.7356035113354356,3.471810869868032,0.3,0.4162744152900123,0.04143491364113279,2.5796369768259195
2023_05,"GBPJPY_欧州
15-21JST",0.008013470386279184,1.0190899332622878,7.874007874011811,1.019089933262288,1.6812909356766275,1.3043597944858327,0.019640210355536907,0.038130227101324146,0.0027187925921209255
2023_05,"GBPUSD_NY
21-03JST",0.17240269329290184,1.3254488129216344,6.244997998398398,1.3254488129216344,2.0787638779077926,0.3,0.30119126851257205,0.04814358990812638,0.33896142900160414
2023_05,"NZDJPY_欧州
15-21JST",0.47877162347322494,2.671597646439968,7.681145747868608,2.6715976464399684,3.2483361635425863,0.7293148763212728,0.5448191665326485,0.026428534838460065,33.00625208084812
2023_05,"NZDUSD_NY
21-03JST",0.25836819740227945,1.6470833768799105,9.9498743710662,1.6470833768799102,2.808897846334076,3.0,0.3924372386481026,0.05003095185905714,21.96408575920102
2023_05,"NZDUSD_東京
09-15JST",0.5628408996262158,2.519941486767372,6.244997998398398,2.519941486767372,5.191883394383023,1.7249630776903726,0.5845627245837979,0.029212743351538693,113.53494721589968
2023_05,"USDJPY_欧州
15-21JST",0.011522580944257555,1.0253537795385625,7.54983443527075,1.0253537795385625,2.3143192953006433,0.3322017178846733,0.027999875287082632,0.039036443697597824,0.0018948949368979857
2023_06,"AUDJPY_東京
09-15JST",0.6834594249538212,2.614159737928318,7.280109889280518,2.614159737928318,6.930495110512347,1.894989490999854,0.6308122013733477,0.040187218662561856,270.81614644054656
2023_06,"AUDNZD_東京
09-15JST",0.0453861334128747,1.1129856023927478,10.63014581273465,1.1129856023927485,1.7378478839105762,0.9084602669237368,0.10190288832095624,0.07223014305765688,0.08967216974681959
2023_06,"AUDNZD_欧州
15-21JST",0.15103697678559785,1.459607473598053,9.1104335791443,1.459607473598053,1.8353200223912804,0.6229303825677969,0.2740959012708227,0.04052174606101315,0.8828708612522753
2023_06,"AUDNZD_深夜
03-09JST",0.012497354995758547,1.034793062683498,6.324555320336759,1.0347930626834985,1.7640345765337977,1.7033844310461836,0.030296812438681077,0.04849582848775944,0.007348608611376107
2023_06,"AUDUSD_NY
21-03JST",0.2527810716066985,1.6249359787875244,9.9498743710662,1.6249359787875253,2.899404180770328,0.7850565019141721,0.3872371344722438,0.04671983092430574,5.592305374026561
2023_06,"CHFJPY_東京
09-15JST",0.0996317506716998,1.2432535784175993,7.416198487095663,1.2432535784175995,2.344818756068821,1.2325361783951065,0.19941036681066787,0.03564458418920115,0.6355423439158325
2023_06,"EURAUD_深夜
03-09JST",0.3845845397593443,3.1440173872286117,4.898979485566356,3.1440173872286117,1.6162394261477595,0.3,0.4901760361952939,0.011225328721736332,4.377220340173204
2023_06,"EURGBP_欧州
15-21JST",0.21921633575397656,1.5884465103038325,8.0,1.5884465103038325,3.3890294328177757,0.3,0.35402221016513086,0.04000210048438785,1.531443499818275
2023_06,"EURJPY_NY
21-03JST",0.23765110825685473,1.6273162145674205,9.643650760992955,1.62731621456742,2.78161664081726,1.8715477226477657,0.37269771067523266,0.04447276738547149,11.27412919369538
2023_06,"EURJPY_欧州
15-21JST",0.2890257877307254,1.7276469560562815,7.14142842854285,1.727646956056282,3.591891766236964,0.3,0.41947020398556994,0.04643491364113329,2.661123760220791
2023_06,"GBPJPY_欧州
15-21JST",0.023700229376616234,1.0554230261530058,7.874007874011811,1.0554230261530058,1.6812909356765848,0.3,0.05593631471827622,0.033753869900940904,0.005673386251851606
2023_06,"NZDJPY_欧州
15-21JST",0.11141030784109454,1.29171385407808,6.782329983125268,1.2917138540780795,2.938989441112476,0.3,0.21784916364202797,0.029100728590731373,0.23531749521442066
2023_06,"NZDUSD_NY
21-03JST",0.23739909410133658,1.5589415007905763,9.746794344808963,1.5589415007905758,3.045570573340316,0.6480225289194763,0.3724496885833254,0.050030951859057156,3.9366316880595216
2023_06,"NZDUSD_東京
09-15JST",0.1105999135650325,1.2433283389359608,5.830951894845301,1.2433283389359608,2.5293624161070976,0.8221992497112922,0.21660777964653133,0.03181740240336181,0.4352364413451716
2023_06,"USDJPY_欧州
15-21JST",0.05582883004498071,1.1289856999993715,7.211102550927978,1.1289856999993715,2.349912478354551,0.3,0.12247761959126542,0.035981279812144044,0.042767597312715684
2023_07,"AUDJPY_東京
09-15JST",0.9305606711745973,3.6668359075023655,6.782329983125268,3.6668359075023655,8.531156931433083,3.0,0.6993748510190921,0.03391942523545562,1469.1260607413997
2023_07,"AUDJPY_欧州
15-21JST",0.25398772048482204,1.652481297452995,6.557438524302,1.6524812974529952,2.26284752126985,3.0,0.3883677208748398,0.04808132428862581,11.44049309499357
2023_07,"AUDNZD_欧州
15-21JST",0.07410659256811422,1.205866629205416,9.0,1.2058666292054168,1.7302180685352022,0.5283365216041478,0.15630787196334428,0.058122661370117186,0.13096468971154915
2023_07,"CHFJPY_東京
09-15JST",0.13497645502049188,1.3177455524119628,6.4031242374328485,1.3177455524119628,2.4293193717274875,0.3,0.252303542994844,0.03836147129793136,0.2657625097207866
2023_07,"EURAUD_深夜
03-09JST",0.04024339106940711,1.1167266857944331,5.385164807134504,1.1167266857944331,1.7969812194791115,0.6142197265335194,0.09141168700261644,0.03883615108310783,0.02624879219171862
2023_07,"EURGBP_欧州
15-21JST",0.1606959831621233,1.4342870658863383,7.810249675906654,1.4342870658863383,2.6017441860465307,0.47322364245478477,0.28660091740956634,0.05021249792811493,0.8675080698493701
2023_07,"EURJPY_NY
21-03JST",0.1679387026079044,1.452263002757534,10.04987562112089,1.452263002757534,2.463917525772999,0.3710109716410315,0.29569864113283806,0.060063477850837925,0.9076792430916698
2023_07,"EURJPY_欧州
15-21JST",0.1822430949579207,1.385296365778551,7.280109889280518,1.3852963657785506,3.351729973499108,0.767728167710173,0.3130017282061397,0.06314512060456419,1.928879467588223
2023_07,"NZDJPY_欧州
15-21JST",0.09706422702551712,1.2427166253138549,6.48074069840786,1.2427166253138546,2.025113837048132,0.942470766533434,0.1952750203054429,0.044100728590731164,0.34677652043759316
2023_07,"NZDUSD_NY
21-03JST",0.11679161642594299,1.3122324564354009,10.677078252031311,1.3122324564354,2.5409726618706037,0.7605717168234323,0.225993635952644,0.07203289557461351,0.8748103384507876
2023_07,"NZDUSD_東京
09-15JST",0.13142662340222136,1.3188982346605587,6.0,1.3188982346605582,2.5209731543621325,0.6870163675112585,0.2473090688622658,0.03181740240336181,0.5694160092330401
2023_07,"USDJPY_東京
09-15JST",0.1269407060468389,1.292533020562804,6.48074069840786,1.2925330205628038,2.3602558029012353,0.3,0.24090130936962645,0.03657206601232578,0.22616679137120907
2023_08,"AUDJPY_東京
09-15JST",1.2869003975989017,4.230522785554553,5.0,4.230522785554552,9.710140754305995,0.3,0.7628787090397563,0.03391942523545562,247.5247302982988
2023_08,"AUDJPY_欧州
15-21JST",0.4300436934612746,2.2452734793204403,5.656854249492381,2.245273479320441,2.455418704155335,1.0,0.5180976578088273,0.022780207763807032,15.25390154744646
2023_08,"AUDNZD_東京
09-15JST",0.13021294992798038,1.3090005967453404,8.774964387392123,1.3090005967453406,2.2101403241839916,2.5393533894202576,0.24558613656205003,0.05785813693922626,2.5509305659997756
2023_08,"AUDNZD_深夜
03-09JST",0.32797787757198,2.3458213755458854,5.477225575051661,2.3458213755458854,2.2310688022352307,3.0,0.45053275336591614,0.02562135430947673,29.064883726031383
2023_08,"AUDUSD_NY
21-03JST",0.007052926377841372,1.0191194006452817,9.899494936611665,1.0191194006452822,2.0579148889617356,0.8377601405097923,0.017326804257622622,0.06328213785786213,0.0020372746456746747
2023_08,"EURAUD_NY
21-03JST",0.18952780964572544,1.597653911455408,8.18535277187245,1.597653911455408,2.1176901653778595,1.997396469219519,0.3214908720923979,0.033615088456198795,5.209694573078297
2023_08,"EURJPY_NY
21-03JST",0.20887043216345363,1.6099725935241782,8.94427190999916,1.6099725935241784,2.0832375830576964,1.0228059349099237,0.343045779742153,0.060063477850837925,3.3389596832955437
2023_08,"GBPJPY_欧州
15-21JST",0.024481441246670333,1.0531715781678583,6.0,1.0531715781678588,2.3848677192228807,1.0,0.05767376113021603,0.0483627672810292,0.021375558639156914
2023_08,"GBPUSD_欧州
15-21JST",0.10790084793928062,1.2834420594317464,8.246211251235321,1.2834420594317466,2.1465779209073546,3.0,0.21244470919288583,0.03925003026782756,1.929414932251964
2023_08,"NZDUSD_NY
21-03JST",0.2529102387377247,1.7720302005309994,10.14889156509222,1.7720302005309985,2.6493582733815653,3.0,0.38735835913168953,0.07203289557461351,23.14696364616888
2023_08,"NZDUSD_東京
09-15JST",0.6912151042930598,3.2017312435883487,5.656854249492381,3.2017312435883496,3.5361841291618537,3.0,0.6334361589879763,0.03181740240336181,261.0442219938115
2023_08,"USDJPY_東京
09-15JST",0.07729041481958851,1.1535563463264493,5.291502622129181,1.153556346326449,4.055785950400052,1.0,0.16193582024647096,0.03657206601232578,0.34482657636747027
2023_09,"AUDJPY_東京
09-15JST",1.1944371795274311,4.5980934017051265,5.477225575051661,4.598093401705126,9.698998894685298,0.7961137641294912,0.7491277767879482,0.03391942523545562,773.8392725153344
2023_09,"AUDJPY_欧州
15-21JST",0.44237990158979545,2.363187290985403,4.242640687119285,2.3631872909854024,2.2734372670899266,1.0,0.5251548627346244,0.009999999999999372,12.390160074779963
2023_09,"AUDNZD_東京
09-15JST",0.13547559258288505,1.3151023261001056,9.055385138137417,1.3151023261001051,2.1046337238485466,0.7801101545620949,0.25300049985362333,0.039005524544823436,0.8482484133908333
2023_09,"AUDNZD_深夜
03-09JST",0.06059999961849989,1.1916260330234167,5.656854249492381,1.1916260330234167,1.3494898544082183,0.3,0.13156751990597676,0.02562135430947673,0.025280175682032374
2023_09,"EURAUD_NY
21-03JST",0.4035091931990025,2.2267158914667236,7.615773105863909,2.2267158914667227,3.756334322507469,1.5544467056828222,0.502183667112153,0.021128149499790857,43.754170839524164
2023_09,"EURGBP_NY
21-03JST",0.11608347221823369,1.3278431086443512,9.16515138991168,1.3278431086443514,2.2782439157433276,1.6166915410411813,0.2249315827133213,0.059246906381591115,1.467182644167875
2023_09,"EURJPY_NY
21-03JST",0.0004487354456427149,1.0011157485754993,8.774964387392123,1.0011157485754993,2.02558153579054,0.3,0.01,0.06407041843030756,2.2537458473956863e-05
2023_09,"GBPUSD_欧州
15-21JST",0.08319291255507476,1.212866571540227,7.615773105863909,1.2128665715402267,2.2042676793839484,0.42001856659856474,0.17217328812866714,0.028813301019740716,0.14440705230295148
2023_09,"NZDUSD_NY
21-03JST",0.05994400509269104,1.1668208719172282,10.816653826391969,1.166820871917228,2.0293476385144578,0.7199024196465557,0.13032891923574638,0.07203289557461351,0.1567869208925587
2023_09,"NZDUSD_東京
09-15JST",0.6623389538166512,3.155724790923025,5.5677643628300215,3.155724790923024,4.362946828169336,1.4115023339578656,0.6234723403835233,0.028952233864035996,137.03859129286494
2023_09,"USDJPY_東京
09-15JST",0.5783790142381183,2.370074258196615,4.795831523312719,2.370074258196616,5.50798205421844,2.2575617724208543,0.5911604867041355,0.03657206601232578,110.49392665082591
2023_10,"AUDJPY_東京
09-15JST",0.07731051395333165,1.2382616299488385,4.242640687119285,1.2382616299488387,1.2738484264725798,0.3,0.16197111040568982,0.023327803583277466,0.030420156184562168
2023_10,"AUDJPY_欧州
15-21JST",0.49787036889596464,2.6092376113429583,3.872983346207417,2.609237611342958,2.3877653310675475,0.3,0.5545013914515898,0.013997014925372742,5.142425755117245
2023_10,"AUDNZD_東京
09-15JST",0.2543451530656093,1.647037642378064,7.211102550927978,1.6470376423780642,2.3680187683554217,1.3452449728639495,0.38870182177403073,0.039005524544823436,5.929491144800393
2023_10,"AUDNZD_欧州
15-21JST",0.004036383776091542,1.0108558261671439,8.774964387392123,1.010855826167144,1.7034581571470513,2.642731072371086,0.01,0.07872970400659651,0.001510386360741434
2023_10,"AUDNZD_深夜
03-09JST",0.05626673485946031,1.1725848184324674,5.656854249492381,1.1725848184324676,1.3494898544082183,1.1139961023317684,0.12331982711119979,0.02256416339274032,0.079343411738812
2023_10,"EURAUD_NY
21-03JST",0.44841004176489535,2.3357158148452717,7.0710678118654755,2.3357158148452717,4.340430150270284,0.3,0.5285298613770476,0.024861637933899925,11.616054825166254
2023_10,"EURAUD_深夜
03-09JST",0.24979928198348927,1.6598095539870112,5.5677643628300215,1.6598095539870121,3.894253845789881,2.1509832422659363,0.38442529702554584,0.027292564071259774,12.0106815217084
2023_10,"EURGBP_NY
21-03JST",0.19185936588665015,1.5735275762773762,10.099504938362077,1.5735275762773764,2.2801263427790066,3.0,0.3241637742763946,0.05546674552368152,10.079335466471163
2023_10,"GBPJPY_欧州
15-21JST",0.13706182455040958,1.2893926125153334,5.291502622129181,1.289392612515333,2.4938148678468766,1.1928310226792416,0.2552067905127089,0.01944524495676975,0.8979193620089351
2023_10,"GBPUSD_欧州
15-21JST",0.028123969559191192,1.0636637604889738,6.708203932499369,1.0636637604889734,1.9481992716616094,2.822211137451938,0.06569118189796401,0.03881330101974124,0.0742136947881546
2023_10,"NZDUSD_NY
21-03JST",0.035522153626497494,1.1034648527744537,10.723805294763608,1.1034648527744537,1.8687595792310387,0.604745202460264,0.08156221981066243,0.04617441378918987,0.04086730736006277
2023_10,"NZDUSD_東京
09-15JST",0.9418085168664245,6.28756832474927,5.656854249492381,6.2875683247492695,4.353992060193406,0.769699060806938,0.7018948717555208,0.0073925501432678285,491.79596516995116
2023_10,"USDJPY_東京
09-15JST",0.537877358959281,2.529497159860471,3.1622776601683795,2.5294971598604716,2.3978536644885105,1.0,0.5735050044881546,0.005000000000000385,14.891741257624991
2023_11,"AUDJPY_東京
09-15JST",0.35297657746857913,1.7418418286521415,4.898979485566356,1.7418418286521413,1.7790908870775728,1.6638652562454117,0.4687749765806075,0.03610332758598187,7.026621824177857
2023_11,"AUDNZD_東京
09-15JST",0.08636824332283874,1.2075392330355788,7.416198487095663,1.2075392330355788,1.4622523436546464,0.3562524486452577,0.17757788364794574,0.03439175143423132,0.08352604970469872
2023_11,"AUDNZD_欧州
15-21JST",0.0023972486585735696,1.0062014161805348,8.94427190999916,1.006201416180535,1.7712905723229573,0.7336227251492377,0.01,0.06667101840228051,0.0002644600147347059
2023_11,"CHFJPY_NY
21-03JST",0.08363214483903388,1.2293690532364023,7.937253933193772,1.2293690532364026,1.8809942795827606,1.9379081054420388,0.17292511618901793,0.04919976804375415,0.6027380473324351
2023_11,"EURAUD_NY
21-03JST",0.43188022759712824,2.3438904125353233,6.0,2.343890412535324,5.0063771515880084,3.0,0.5191615490665127,0.024861637933899925,108.31067890317557
2023_11,"EURAUD_深夜
03-09JST",0.31999508822386663,1.9714138329682775,5.385164807134504,1.9714138329682789,4.105559704716342,0.44137053118741604,0.44444065446786934,0.02035935361359064,5.286086241950563
2023_11,"EURGBP_NY
21-03JST",0.32204138989569964,2.005587566690613,8.774964387392123,2.0055875666906138,2.2660081400110714,0.4652809812312435,0.44601513763943523,0.03807644442349215,5.149171312210424
2023_11,"NZDUSD_東京
09-15JST",1.0048206603240337,5.777587847370509,5.477225575051661,5.777587847370509,4.356563833554646,0.3,0.7152661465644045,0.0073925501432678285,170.48123026282244
2023_11,"NZDUSD_深夜
03-09JST",0.05883760435410854,1.1236059326130554,5.0,1.1236059326130556,2.2093346814654593,1.1389183207919609,0.1282318707005987,0.024314915884162795,0.11699562003826607
2023_11,"USDJPY_東京
09-15JST",0.5268249618257614,2.920223056984242,3.7416573867739413,2.9202230569842422,2.2730358617604183,0.451950861428665,0.568419047311764,0.011476808730084333,9.704487666605036
2023_12,"AUDJPY_東京
09-15JST",0.13268811477178385,1.2616373501262372,6.0,1.2616373501262372,1.5529305753680414,0.31174079277732375,0.24909156238379873,0.03610332758598187,0.1474870787486474
2023_12,"AUDJPY_欧州
15-21JST",1.1968990732270062,4.72248908101246,6.082762530298219,4.722489081012461,5.201686113604588,1.7043029936113394,0.7495145393304775,0.019076267092981034,1058.679834179424
2023_12,"AUDNZD_東京
09-15JST",0.09319612189392325,1.2448579252086986,7.615773105863909,1.2448579252086984,1.7050921980606408,3.0,0.18896361458812916,0.03439175143423132,1.0278119802809251
2023_12,"CHFJPY_NY
21-03JST",0.03726928086287517,1.0950280580755363,10.583005244258363,1.0950280580755367,1.9224872987413055,0.8655121767931877,0.08523187540028127,0.060440323822841945,0.06325035846893705
2023_12,"EURAUD_NY
21-03JST",0.3507281822512413,1.7830389945851086,7.937253933193772,1.7830389945851095,5.02935905880782,0.9316127872125002,0.4671839828891163,0.050026633652816135,18.45008343415606
2023_12,"EURAUD_深夜
03-09JST",0.2625634321342797,1.8237837888053332,6.244997998398398,1.8237837888053334,2.4806106440695896,0.7312633607660186,0.3962842188384867,0.02035935361359064,3.8423709579263114
2023_12,"EURGBP_NY
21-03JST",0.23444282404724273,1.672388542476759,10.535653752852738,1.6723885424767582,2.326916288249466,0.7370318425460016,0.3695255351013085,0.03807644442349215,4.217498433220446
2023_12,"EURJPY_NY
21-03JST",0.2500409915679786,1.6899860198826857,9.327379053088816,1.689986019882686,2.481201811427587,2.2314766817418548,0.3846541907531848,0.07463105762921839,13.200870961107878
2023_12,"EURJPY_欧州
15-21JST",1.4216547051935702,5.2959651088860715,6.782329983125268,5.295965108886071,7.866950848491093,1.9051241509848618,0.7804194182028059,0.025875982367598586,3083.3739353625533
2023_12,"GBPJPY_欧州
15-21JST",0.4876342792115847,2.3631561584256433,6.782329983125268,2.363156158425643,3.4472087627238714,2.3030536101084667,0.5493639561157007,0.023934351092994993,78.67154275065296
2023_12,"NZDJPY_欧州
15-21JST",0.6877366202081451,3.058600969142847,5.0,3.0586009691428466,2.992808502382475,3.0,0.6322639207242489,0.021550230677429876,178.76259710967412
2023_12,"NZDUSD_東京
09-15JST",0.8600663813528489,3.876050556101165,6.082762530298219,3.8760505561011644,5.04592645499298,0.983151848997259,0.6825564066152239,0.01681398734606139,261.7400930260236
2023_12,"NZDUSD_深夜
03-09JST",0.32183901815122007,1.818649880906894,5.5677643628300215,1.8186498809068936,3.4540600174886653,1.013718962351252,0.44585982477854524,0.02931491588416255,8.98908036751909
2023_12,"USDJPY_東京
09-15JST",0.2971733537289694,1.7451698389437007,4.358898943540674,1.7451698389437005,2.1907277174240294,0.3077995306764939,0.42625460674806204,0.020123087453635523,1.1115651663546593
2023_13,"AUDJPY_東京
09-15JST",0.3327055608386637,1.7518628700554648,6.708203932499369,1.7518628700554653,2.9423728813560337,3.0,0.4540781162597495,0.033184346903546255,26.572857030122183
2023_13,"AUDJPY_欧州
15-21JST",1.158235162071365,4.262332469522571,6.928203230275509,4.262332469522571,5.723180856520038,0.7503637580450988,0.743299336495347,0.022079721225912567,455.3027801935197
2023_13,"AUDNZD_東京
09-15JST",0.28539005333076034,1.8793956633140698,7.280109889280518,1.8793956633140703,3.4576858184567025,1.848199257098601,0.41639071349790197,0.031658647048431854,18.928340539350238
2023_13,"AUDNZD_欧州
15-21JST",0.016536508638681897,1.0413063388393633,11.313708498984761,1.041306338839363,2.138426099157182,0.37358011969105615,0.03970002219667674,0.06573485993030087,0.006037058889028214
2023_13,"AUDNZD_深夜
03-09JST",0.19172921357843264,1.5146637396329516,7.3484692283495345,1.5146637396329519,2.976640419946681,3.0,0.3240151224222416,0.0717686918058202,8.726286577123432
2023_13,"CHFJPY_NY
21-03JST",0.13085529071345378,1.3529843110515452,10.723805294763608,1.3529843110515454,2.0693124911863165,1.3831556519442343,0.24649898569832118,0.060440323822841965,1.7090381841213491
2023_13,"CHFJPY_東京
09-15JST",0.04411483994528787,1.0985756602668877,4.123105625617661,1.0985756602668877,2.594761803134354,1.6060542847871324,0.09933205553483081,0.01742810982596522,0.08931255649978982
2023_13,"EURAUD_NY
21-03JST",0.20355042222965972,1.465620542926854,7.681145747868608,1.465620542926854,2.737257517530461,1.0422591531701368,0.33725504072666485,0.050026633652816135,3.077447198719176
2023_13,"EURAUD_深夜
03-09JST",0.4591958936024412,2.517304962532878,6.164414002968976,2.517304962532879,4.346935068425995,3.0,0.5344484267459917,0.02035935361359064,122.52325295347211
2023_13,"EURGBP_NY
21-03JST",0.14845671651558587,1.4156261254366274,10.583005244258363,1.415626125436628,2.3232886988333505,0.3,0.2706808250225286,0.04832813477919481,0.5666184148343593
2023_13,"EURGBP_欧州
15-21JST",0.12433082262726232,1.3766794569327956,8.602325267042627,1.3766794569327954,2.419313268189714,1.1698434006133098,0.23712285690983873,0.04421239089104272,1.3027609848473485
2023_13,"EURJPY_NY
21-03JST",0.38040903569583234,2.160953869909787,9.1104335791443,2.160953869909787,2.639117703550646,1.5217147259444732,0.48744827173438615,0.044309262731897225,30.336974780590896
2023_13,"EURJPY_欧州
15-21JST",1.3570448251823979,4.761841346198154,7.280109889280518,4.761841346198155,7.628460606109707,0.38720306984186703,0.7723450225816088,0.025875982367598582,498.16608861728065
2023_13,"GBPJPY_欧州
15-21JST",0.4734206113433172,2.3813699541688367,7.211102550927978,2.381369954168837,3.367058612619639,0.3506121137233439,0.5420305007631986,0.023934351092994993,12.098506980014829
2023_13,"GBPUSD_NY
21-03JST",0.4051772736434526,2.1523331742031298,5.916079783099616,2.15233317420313,3.476837625384452,2.260271688064581,0.5032149899239116,0.03335452511531339,42.495933821941286
2023_13,"NZDJPY_欧州
15-21JST",0.7886368951463913,3.380175280829301,6.0,3.380175280829301,5.039583803293375,0.7838217218680037,0.6634800739962422,0.022638325290852895,138.55575535037394
2023_13,"NZDUSD_東京
09-15JST",0.6212080101638435,2.6714639261752584,6.164414002968976,2.6714639261752593,4.876479044664896,0.3,0.6083070285202488,0.01768382352941096,23.898192429935392
2023_13,"NZDUSD_深夜
03-09JST",1.7925454970723707,6.316794174711958,6.324555320336759,6.3167941747119585,10.727321755946829,3.0,0.817563648948628,0.02931491588416255,11563.239057319426
2023_14,"AUDJPY_東京
09-15JST",0.3911165953380582,1.973615256125901,6.6332495807108,1.9736152561259017,2.9692796610170813,0.3,0.4943855275478415,0.033184346903546255,4.30742633009343
2023_14,"AUDJPY_欧州
15-21JST",1.1464075593292484,4.7511984404700405,7.14142842854285,4.751198440470041,5.549349275548314,0.3,0.7413359773192655,0.022079721225912567,223.1639752125249
2023_14,"AUDNZD_東京
09-15JST",0.19474150284684993,1.5416655368753511,7.54983443527075,1.54166553687535,2.619630999243603,0.4331803025266519,0.327438898941272,0.029699268314864406,1.2609706018165192
2023_14,"AUDNZD_深夜
03-09JST",0.19423316236153815,1.523598009039075,7.211102550927978,1.5235980090390748,3.043226327477457,1.0,0.32686355232958964,0.07176869180582021,3.017626800306929
2023_14,"CHFJPY_NY
21-03JST",0.21557572595838898,1.5987045169610075,11.575836902790225,1.5987045169610077,3.1145034410255734,1.2308393051267374,0.3502017978742736,0.060440323822841965,8.074413188081675
2023_14,"EURAUD_NY
21-03JST",0.20339453155383866,1.4767050696364823,9.16515138991168,1.476705069636483,2.8356342268839625,0.7945033892371193,0.33708381650404545,0.06079699331510211,2.910167814948136
2023_14,"EURAUD_深夜
03-09JST",0.25758789015202305,1.8810067696408097,5.196152422706632,1.88100676964081,2.163614796435168,0.3,0.391716292239617,0.013121837681895145,1.188500030186007
2023_14,"EURJPY_NY
21-03JST",0.39332310523843034,2.0174505415934574,9.9498743710662,2.0174505415934574,3.908596994609407,0.5775192874266415,0.4957918187952165,0.06374274301526975,16.75803072403702
2023_14,"EURJPY_欧州
15-21JST",1.221100588273593,4.489488671382844,7.745966692414834,4.489488671382843,7.3899703637283105,0.4191453500246886,0.753254052898726,0.03141921680502483,431.2552879327606
2023_14,"GBPJPY_欧州
15-21JST",0.5367649692239801,2.5861394347037736,6.324555320336759,2.5861394347037745,3.539223394443337,0.3,0.5729985501791751,0.023422577481156257,13.49726559973563
2023_14,"GBPUSD_NY
21-03JST",0.4952339200263426,2.441042488453339,6.782329983125268,2.441042488453339,3.3849110650777328,1.490826297693382,0.5531894055262899,0.03335452511531339,54.06781167945833
2023_14,"NZDJPY_欧州
15-21JST",0.618499679820324,2.8084742921713843,6.6332495807108,2.808474292171384,4.715939863493549,0.3,0.6072654631854524,0.03124531928674766,26.95956175751944
2023_14,"NZDUSD_東京
09-15JST",0.566723802179287,2.530967712676637,5.656854249492381,2.5309677126766377,5.0558438748062935,3.0,0.5862313526383861,0.01899012983571591,179.19819281328705
2023_14,"NZDUSD_深夜
03-09JST",1.7929604029664301,5.845943790753973,6.082762530298219,5.845943790753974,10.73182223505623,0.3,0.8175981657220451,0.029314915884162546,953.1630497970922
2023_14,"USDJPY_欧州
15-21JST",0.10628121030564665,1.2670829449898997,6.557438524302,1.2670829449898995,2.0570678760926344,0.3,0.20992525130743783,0.02951399866052314,0.14080014829924986
2023_15,"AUDJPY_東京
09-15JST",0.2441921777664092,1.6108302440632565,6.557438524302,1.6108302440632567,3.0261704834608176,1.0967345230255139,0.3790672817746569,0.024113902851826335,5.104209252463146
2023_15,"AUDJPY_欧州
15-21JST",1.062409989918558,4.402198822497517,7.810249675906654,4.4021988224975175,4.969910672309013,0.40277317939790475,0.7264788925421138,0.0366653246308791,225.5744590421641
2023_15,"AUDNZD_東京
09-15JST",0.31323920679768485,1.9765231636584257,8.12403840463596,1.976523163658426,2.989681215728889,0.7411341716282449,0.4391783342983517,0.036634205336197934,9.33230648018338
2023_15,"AUDNZD_深夜
03-09JST",0.26952426929969653,1.785766308581083,6.324555320336759,1.7857663085810833,2.7768826973548077,0.7934507477464144,0.4025608654658795,0.04162492142177521,4.628868276444339
2023_15,"CHFJPY_NY
21-03JST",0.05944533784876325,1.1450178828726163,11.269427669584644,1.1450178828726159,2.799249231761503,0.4092917259714861,0.12938500611868436,0.060440323822841965,0.1227768393660911
2023_15,"EURAUD_NY
21-03JST",0.1833300138889427,1.4586330220810213,10.770329614269007,1.458633022081021,2.5663558023634083,0.9954586267726463,0.31428181222275653,0.060796993315102126,3.1796674360545136
2023_15,"EURAUD_深夜
03-09JST",0.47214827489973704,3.3043580945712807,4.0,3.3043580945712803,3.298874728383679,1.0,0.5413623904192388,0.00838482566705749,36.520794223296306
2023_15,"EURJPY_NY
21-03JST",0.2227092187594489,1.546726159340243,11.0,1.546726159340243,2.6531930160247748,0.43773420655081924,0.3576456105839039,0.06374274301526973,2.2885128805017625
2023_15,"EURJPY_欧州
15-21JST",1.2275374230444909,4.715245042587547,7.874007874011811,4.715245042587548,7.347743225320224,0.3,0.7542299216372209,0.03141921680502483,346.40398923221994
2023_15,"GBPJPY_欧州
15-21JST",0.40896541206852427,2.141370049893473,6.928203230275509,2.1413700498934736,3.4204920460224564,0.3,0.5055412826894538,0.04739665644948276,6.434961143828433
2023_15,"GBPUSD_NY
21-03JST",0.5028198661818679,2.5187219791947144,7.0,2.5187219791947144,3.3374724205267956,0.3,0.5569437326499612,0.022477597362011773,12.177759481333029
2023_15,"NZDJPY_欧州
15-21JST",0.5698547510229452,2.555544605349012,6.782329983125268,2.5555446053490125,4.51972883231874,0.3,0.5875671077776299,0.0500766043593556,19.150501353764206
2023_15,"NZDUSD_NY
21-03JST",0.15026759653204885,1.3712738405502845,7.280109889280518,1.3712738405502836,2.3831716123675153,1.504235173020453,0.2730809473046937,0.048476742596897895,1.9206813222263794
2023_15,"NZDUSD_東京
09-15JST",0.284875852550523,1.7016766352959296,6.6332495807108,1.7016766352959303,2.74953564440646,0.3,0.41595254306255136,0.03103104644483941,1.8209109084275268
2023_15,"NZDUSD_深夜
03-09JST",2.933842604000509,9.875741896198567,4.69041575982343,9.875741896198571,10.754324630603394,1.0,0.8800183309433948,0.0181269564133312,12475.574038149747
2023_15,"USDJPY_欧州
15-21JST",0.17927188853594225,1.5049547827951155,5.916079783099616,1.504954782795116,2.072049741557838,0.3,0.30947797067977156,0.017711043298487775,0.45406685738337715
2023_16,"AUDJPY_東京
09-15JST",0.5292650082745434,2.6685828926919912,5.385164807134504,2.6685828926919903,3.345133689840202,1.0,0.5695522843987004,0.022979119362060832,37.801922237828606
2023_16,"AUDJPY_欧州
15-21JST",0.3653457815716261,1.8916967412727104,6.082762530298219,1.8916967412727108,3.119682143800023,0.3,0.477360417171692,0.036665324630879,3.4272629396300176
2023_16,"AUDNZD_東京
09-15JST",0.20314355241529808,1.6125628017712126,7.810249675906654,1.6125628017712128,2.799100449773135,0.48168212795651905,0.33680796487304954,0.036634205336197934,1.8073283877582182
2023_16,"AUDNZD_深夜
03-09JST",0.5344140676436292,3.2722791547809433,4.898979485566356,3.2722791547809438,3.2366293388978575,0.3,0.5719242530148275,0.012417475728155637,15.377201170835995
2023_16,"CHFJPY_NY
21-03JST",0.06120080917131927,1.1484459721877855,9.486832980505138,1.1484459721877858,3.4693374180207823,0.41561224468588265,0.1326988330338886,0.07081281424509261,0.13683209461283252
2023_16,"CHFJPY_東京
09-15JST",0.06713855433769228,1.1589007203088262,4.242640687119285,1.158900720308826,2.542869805294689,1.0,0.14372299977012407,0.028347396541186547,0.13596002910539812
2023_16,"EURAUD_NY
21-03JST",0.13109426169647376,1.3701488968932771,8.888194417315589,1.3701488968932773,1.8452626660706153,1.988522072218334,0.24683803074376948,0.054358282622563335,1.8790798192806206
2023_16,"EURAUD_深夜
03-09JST",3.8952907325007162,50.01311024821447,2.8284271247461903,50.01311024821447,51.300887234665026,2.1105892746032238,0.9068747554214752,0.002154882228771992,2700185.914120973
2023_16,"EURJPY_NY
21-03JST",0.023884649492164404,1.0558379851418376,10.0,1.0558379851418376,2.2684820447645224,1.198697693852636,0.05634704988911348,0.06374274301526967,0.03835244232907781
2023_16,"EURJPY_欧州
15-21JST",0.2069209931752239,1.5004438246881935,5.5677643628300215,1.5004438246881937,3.0683166435993754,1.0,0.34093563330653115,0.03141921680502476,2.630644931951789
2023_16,"GBPUSD_NY
21-03JST",0.620867778505141,3.0304397602937008,7.483314773547883,3.0304397602937008,3.474693933264033,0.842486530181428,0.608176486297059,0.022477597362011773,74.2950350386236
2023_16,"GBPUSD_欧州
15-21JST",0.40999201468949936,2.727133212330587,4.69041575982343,2.727133212330588,2.247936592583329,1.2095813379591198,0.5061679711085358,0.010000000000000153,19.48910363824379
2023_16,"NZDJPY_欧州
15-21JST",0.0016585221206862405,1.003289451500093,6.0,1.0032894515000927,2.8366535387269787,0.3,0.01,0.06832735490946214,7.978995357330518e-05
2023_16,"NZDUSD_NY
21-03JST",0.10104092931415856,1.251281889858217,7.0,1.2512818898582168,2.2599168247901797,1.186943328819979,0.20166202679782416,0.035872021979317464,0.578290627411973
2023_16,"NZDUSD_深夜
03-09JST",5.50191080463752,25.183711705352408,3.3166247903554,25.18371170535241,11.215530741615572,1.0,0.9322253396839387,0.0060189573459714305,120277.37336493193
2023_16,"USDJPY_欧州
15-21JST",0.2634125443136629,1.829787547321171,4.47213595499958,1.829787547321171,2.210187909827166,0.3,0.39705692418912253,0.019554894113572786,1.0184633383144328
2023_17,"AUDJPY_東京
09-15JST",0.4101275537719826,1.922991338116678,4.58257569495584,1.922991338116678,3.5418894830666035,1.6613439197617696,0.5062505920980149,0.02050117818559019,20.287560921262035
2023_17,"AUDNZD_東京
09-15JST",0.05397142898729605,1.1571672524885068,7.0,1.1571672524885073,1.6851189697144473,1.1481334013381388,0.11888728131568471,0.03663420533619793,0.1122501697427116
2023_17,"AUDNZD_欧州
15-21JST",0.29510712111301185,1.8106178474776595,7.483314773547883,1.8106178474776602,2.654588263576683,2.7908778715453253,0.424549126529568,0.0400000000000046,21.895754317928745
2023_17,"AUDNZD_深夜
03-09JST",0.08395865004925661,1.2274986165065973,3.7416573867739413,1.2274986165065975,1.3096401290200466,1.0,0.17348310654373345,0.012417475728155644,0.10622360070274146
2023_17,"CHFJPY_NY
21-03JST",0.220201817638027,1.55564245796767,9.055385138137417,1.5556424579676702,4.11621399945967,3.0,0.35504864928748886,0.0708128142450926,19.7579056169914
2023_17,"EURGBP_NY
21-03JST",0.028913748207762612,1.081247651339675,9.695359714832659,1.0812476513396747,2.0349579112569507,1.488050831133643,0.06741156777692514,0.052022118931255724,0.0635918457016596
2023_17,"EURJPY_NY
21-03JST",0.09321830062722704,1.2235766167142421,9.9498743710662,1.2235766167142421,2.5875831775279234,3.0,0.18900008476709215,0.06374274301526968,1.9152350398890108
2023_17,"EURJPY_欧州
15-21JST",0.09112599117559118,1.25010806859661,5.291502622129181,1.25010806859661,1.701807132790565,1.0817919066548063,0.18554503897760755,0.02000000000000028,0.25235948939734776
2023_17,"GBPUSD_NY
21-03JST",0.4638623893666025,2.4096971790586097,6.164414002968976,2.4096971790586097,2.765978609513697,3.0,0.5369632884546736,0.021023271794479007,72.45776319742616
2023_17,"GBPUSD_欧州
15-21JST",0.3212719894194077,1.8998597706045046,6.324555320336759,1.8998597706045046,3.6446352937080757,0.748961193522751,0.44542418689795177,0.03599666398427934,8.60745543622966
2023_17,"NZDUSD_NY
21-03JST",0.34997531678446797,1.9572465007885644,7.54983443527075,1.9572465007885649,2.715561219708437,1.4331864203109954,0.466649113580155,0.03202927619185445,17.812570821388732
2023_17,"NZDUSD_東京
09-15JST",0.19995855900978837,1.5288970327935094,5.744562646538029,1.5288970327935099,2.4061505096508977,1.0975566543146094,0.3332872846081458,0.03103104644483942,2.292187727589346
2023_17,"NZDUSD_深夜
03-09JST",0.05588384492738717,1.1686543805767629,4.58257569495584,1.168654380576763,1.5629921259843944,1.2091882181024372,0.1225835167207742,0.012460769792202984,0.08003365998193006
2023_18,"AUDJPY_東京
09-15JST",0.5272126080687258,2.263675819727699,4.358898943540674,2.263675819727699,3.5461338445693777,0.3,0.5685994813712114,0.013926961226330404,7.025337903695248
2023_18,"AUDNZD_深夜
03-09JST",0.06560569070780937,1.1836647196935888,3.872983346207417,1.183664719693589,1.3066670159992546,0.3,0.14090397092886944,0.012417475728155644,0.019422017034515304
2023_18,"AUDUSD_NY
21-03JST",0.17743342410177784,1.5121820477883252,6.4031242374328485,1.5121820477883252,2.1600279524805557,2.9873551553316697,0.3072794484970853,0.033502402870675026,4.984295366380973
2023_18,"CHFJPY_NY
21-03JST",0.06118036464712271,1.151953172224465,8.660254037844387,1.1519531722244651,2.5042952796799893,0.5596398834899099,0.13266038482348552,0.06483754376595666,0.12276213509490905
2023_18,"EURGBP_NY
21-03JST",0.000945750490859493,1.002450974010184,11.135528725660043,1.002450974010184,1.9033895884410954,0.7152780418080205,0.01,0.05387612005624668,0.0001367183223830926
2023_18,"EURGBP_欧州
15-21JST",0.06196061580706543,1.1545837575203093,7.681145747868608,1.1545837575203093,2.2050595807536593,1.7224827762917936,0.13412532083242104,0.0628684430694907,0.3040878695825356
2023_18,"EURJPY_NY
21-03JST",0.15154383115763012,1.4376376189074176,9.591663046625438,1.4376376189074178,2.231374635747052,1.279224274831961,0.27476298817368,0.054396431608533656,2.234624318322865
2023_18,"GBPJPY_欧州
15-21JST",0.02836763960846044,1.0666753924486554,7.0710678118654755,1.0666753924486556,1.7820121253718364,1.661236602398655,0.06622264845773414,0.02953335231162437,0.04345912990705423
2023_18,"GBPUSD_NY
21-03JST",0.44729507524275763,2.4049511208803285,6.244997998398398,2.4049511208803285,2.4237598686422004,1.519094701339361,0.5279094477382672,0.021023271794479034,30.75651759642547
2023_18,"GBPUSD_欧州
15-21JST",0.16538552451540317,1.399836367721185,6.324555320336759,1.3998363677211847,3.579188714671512,0.5540292923683662,0.2925181444239425,0.03599666398427933,1.1476086489059678
2023_18,"NZDUSD_NY
21-03JST",0.32434457513407433,1.8640060582981797,7.874007874011811,1.86400605829818,2.604760253531191,0.4079769584180313,0.44777663320532074,0.026862933678175962,4.111965512074343
2023_18,"NZDUSD_東京
09-15JST",0.08143418963571881,1.2000028805563798,5.477225575051661,1.2000028805563798,2.2826646392392003,3.0,0.1691491617937161,0.03103104644483942,0.7215949022546266
2023_18,"NZDUSD_深夜
03-09JST",0.2551820597852813,1.9312266423455755,4.58257569495584,1.9312266423455753,1.62623413258094,3.0,0.389482672753449,0.012460769792202986,8.185411895473878
2023_19,"AUDJPY_東京
09-15JST",0.26960361860761733,1.6137234217037417,3.7416573867739413,1.613723421703742,3.1476514567508938,0.3,0.4026316631445849,0.020667030268529802,0.9785424477422259
2023_19,"AUDUSD_NY
21-03JST",0.246984696338703,1.8712538138227937,6.324555320336759,1.8712538138227934,2.082312139871037,0.7349752515952707,0.3817473546691188,0.012110735718362874,3.1574173302124042
2023_19,"CHFJPY_NY
21-03JST",0.12486739240685833,1.3298804148279222,7.54983443527075,1.3298804148279229,4.137903365498562,0.3,0.23790274308003798,0.042827745839915096,0.47217188246721264
2023_19,"EURAUD_深夜
03-09JST",4.205779366599646,144.19211610942818,2.8284271247461903,144.19211610942818,4101.161661786262,3.0,0.9131525919585436,0.0,2778727826.457386
2023_19,"EURGBP_NY
21-03JST",0.03503169567250349,1.0932419444246768,11.445523142259598,1.0932419444246768,2.276084273703407,0.8432533450031964,0.08052676625860318,0.07291796065116764,0.06903185339558969
2023_19,"EURGBP_欧州
15-21JST",0.3531371115802667,2.3236007054131402,6.244997998398398,2.32360070541314,2.2128329077327478,0.6849209272578194,0.46888820926550584,0.013855383909412496,8.346050743489606
2023_19,"EURJPY_NY
21-03JST",0.24505478706241543,1.7751868014202064,7.937253933193772,1.7751868014202061,2.8489799113950633,0.3,0.3798976334683087,0.03518602439279224,1.9225622725004825
2023_19,"GBPJPY_欧州
15-21JST",0.041772017297678404,1.0977382351461555,8.12403840463596,1.097738235146156,1.7153031424890277,0.6786299243236223,0.09455559805077295,0.037996566286515515,0.04336308959113854
2023_19,"GBPUSD_NY
21-03JST",0.33076702191311264,2.0959609713601974,7.0,2.095960971360198,2.3871457177430035,0.3,0.452629924441829,0.021780530957018186,3.2268029881490734
2023_19,"GBPUSD_欧州
15-21JST",0.048314583171814016,1.1199379916052554,7.3484692283495345,1.1199379916052554,2.7274871039056348,0.5559650697929268,0.10776937665063138,0.03599666398427933,0.07024417208897357
2023_19,"NZDUSD_NY
21-03JST",0.33595531280240093,1.8462540088597936,7.681145747868608,1.8462540088597936,3.3578714713369124,1.0817890935364596,0.45648873913707677,0.03885933773234156,14.040106758094252
2023_19,"NZDUSD_東京
09-15JST",0.5045961104302652,2.5535558709172017,4.0,2.5535558709172017,2.3967685968338315,1.0,0.5578137078107237,0.01687709230175856,17.30379826573045
2023_19,"NZDUSD_深夜
03-09JST",0.24627502287450895,1.8805796838809328,5.0,1.8805796838809328,1.6135857312616537,0.8747391721984885,0.3810684525283436,0.012460769792202986,2.313498725802215
2023_19,"USDJPY_東京
09-15JST",0.7846894678597788,3.9757310232979393,2.23606797749979,3.9757310232979393,3.413003911236472,3.0,0.6623587776781481,0.001592409240924516,187.7920173089011
2023_20,"AUDJPY_東京
09-15JST",0.26960361860761733,1.6137234217037417,3.7416573867739413,1.613723421703742,3.1476514567508938,1.0,0.4026316631445849,0.020667030268529802,3.2618081591407533
2023_20,"AUDUSD_NY
21-03JST",0.49081628824596907,2.8650961059932665,6.6332495807108,2.865096105993267,2.182288348822736,1.4534058142667765,0.5509736347686164,0.013469102353249938,46.08324211824879
2023_20,"CHFJPY_NY
21-03JST",0.14376573374147011,1.3513471346383583,9.1104335791443,1.3513471346383583,4.070602005238084,0.8075757345282195,0.26438910144680544,0.11417833627375477,1.865773944363324
2023_20,"EURAUD_深夜
03-09JST",1.358170327097047,999.0,2.6457513110645907,999.0,7.1465475864633765,1.0,0.7724907571040351,0.0,19798113.788410205
2023_20,"EURGBP_NY
21-03JST",0.07371453191554327,1.1932064802946751,11.357816691600547,1.193206480294675,2.424044876689108,3.0,0.15560960652286998,0.07291796065116764,1.2572191092929883
2023_20,"EURGBP_欧州
15-21JST",0.08672558283156846,1.2366770071728752,7.14142842854285,1.2366770071728752,2.0666306351249704,0.38017133325660696,0.17818168161006637,0.03626674008623031,0.12796129028720418
2023_20,"EURJPY_NY
21-03JST",0.12671765954476039,1.3349554133135857,8.94427190999916,1.3349554133135857,2.88904309047606,0.4822725779121488,0.24057985763052236,0.050918441640727084,0.6442471357990724
2023_20,"GBPUSD_NY
21-03JST",0.5334962478673723,2.8213387638038294,7.14142842854285,2.821338763803828,3.2171344052751394,1.5737713363123003,0.5715033660672726,0.030624732246138053,85.14438207153772
2023_20,"GBPUSD_欧州
15-21JST",0.03192511542171231,1.0789476846162207,7.745966692414834,1.0789476846162207,2.003081013449644,1.3894730691497086,0.07391354260689859,0.03599666398427933,0.057164075651831125
2023_20,"NZDUSD_NY
21-03JST",0.3831664759594613,1.9235652600257538,7.211102550927978,1.923565260025754,3.5566581801562687,1.1387411208467761,0.4892529081892098,0.03885933773234156,19.500548484702925
2023_20,"NZDUSD_深夜
03-09JST",0.24627502287450895,1.8805796838809328,5.0,1.8805796838809328,1.6135857312616537,1.0,0.3810684525283436,0.012460769792202986,2.6447869254416503
2023_21,"AUDUSD_NY
21-03JST",0.273666911553993,1.8128541261374664,7.615773105863909,1.812854126137467,2.0402562541560987,0.36179891163374084,0.406234753199778,0.040540936580034805,1.9739306205312537
2023_21,"EURAUD_深夜
03-09JST",0.5564719898863737,3.3599918108528137,3.4641016151377544,3.3599918108528146,3.6714621163380174,0.3,0.5817964308107769,0.014147642055214222,13.751198246937165
2023_21,"EURGBP_NY
21-03JST",0.03140964745676819,1.0801796080082176,10.677078252031311,1.0801796080082176,1.800536871668952,1.2142442696840787,0.07280701217956832,0.07291796065116764,0.05805267170064411
2023_21,"GBPUSD_NY
21-03JST",0.4744066149238759,2.4180789541413543,7.54983443527075,2.4180789541413543,3.6806229991724355,0.4681876654227832,0.5425469190499853,0.030624732246138056,18.997968492094984
2023_21,"GBPUSD_欧州
15-21JST",0.05778326326652307,1.1825767679009747,7.0,1.1825767679009747,1.4896619409178695,3.0,0.12622406257102822,0.03088077917646472,0.3095290958542023
2023_21,"NZDUSD_NY
21-03JST",0.09846543790545591,1.2095939430622051,7.416198487095663,1.2095939430622051,2.429040340927174,0.7129636396184509,0.1975371418311492,0.053370974172803905,0.3469875530519478
2023_21,"NZDUSD_深夜
03-09JST",0.6299205598655512,4.054756805939404,2.449489742783178,4.054756805939404,2.0143229287746283,1.0,0.6116205311483275,0.004999999999999125,31.098262249672878
2023_22,"AUDNZD_東京
09-15JST",3.2190006973942564e-05,1.0000714907169272,8.426149773176359,1.000071490716927,1.6366635071088562,1.5449170182283114,0.01,0.05522881211991089,6.500252911156724e-06
2023_22,"AUDNZD_欧州
15-21JST",0.04917512486439023,1.1162858064429142,10.295630140987,1.1162858064429142,2.0325650366633345,3.0,0.10947873589223486,0.08461419853148176,0.3883017998834958
2023_22,"AUDUSD_NY
21-03JST",0.11074562202071071,1.2883350585749171,9.16515138991168,1.2883350585749171,2.0916575765064027,0.6965043775440833,0.2168312702956855,0.09078013133950427,0.4878912100610645
2023_22,"CHFJPY_NY
21-03JST",0.019491549240074686,1.046689940863509,7.937253933193772,1.046689940863509,1.7257274027912046,0.7414694359830319,0.046464700600964075,0.09063984185060256,0.009239744632112749
2023_22,"EURAUD_深夜
03-09JST",0.5684913196240038,3.210051855799993,3.3166247903554,3.210051855799994,3.802870600431795,1.0,0.5869864893003982,0.01414764205521423,42.76443559441204
2023_22,"EURGBP_NY
21-03JST",0.17017259752734673,1.4693364915097047,8.306623862918075,1.4693364915097047,2.386554405103171,1.866771885011811,0.2984580428195427,0.030762000853462312,3.9368075062446866
2023_22,"GBPUSD_NY
21-03JST",0.18382030432104313,1.4875972529357817,8.246211251235321,1.4875972529357815,3.3238943750488374,0.3064673085022378,0.31485767617283866,0.05547896947994312,1.0193298510932938
2023_22,"GBPUSD_欧州
15-21JST",0.030283509816651927,1.0896461533992339,6.928203230275509,1.0896461533992339,1.5412804399055589,0.4928993157106167,0.07038036347141459,0.019554153893833057,0.013064081943079122
2023_22,"NZDUSD_NY
21-03JST",0.11940635363847082,1.290746790031761,8.48528137423857,1.2907467900317613,2.116337636145895,0.9074865352395141,0.22989005198342796,0.07749976261543086,0.6916779523149666
2023_23,"AUDNZD_東京
09-15JST",0.049882135259192405,1.1169728945764161,7.0710678118654755,1.1169728945764166,1.6611428553226117,1.2932854072890383,0.11087823087363449,0.035389406780758845,0.10124165519863935
2023_23,"AUDNZD_欧州
15-21JST",0.2425607214871342,1.6539504805368495,9.055385138137417,1.6539504805368495,2.2652629182112625,2.1360314579318707,0.377490738814154,0.04870693522201378,10.46527942316089
2023_23,"AUDNZD_深夜
03-09JST",0.0355646887086633,1.1093392854237385,5.196152422706632,1.1093392854237383,1.5013665960319844,3.0,0.08165190987842334,0.024085082152726492,0.08167102223274664
2023_23,"AUDUSD_NY
21-03JST",0.05823843685773011,1.144902013804004,8.774964387392123,1.1449020138040042,1.8262257780480295,0.3,0.12709199441471447,0.09078013133950426,0.04276105492356753
2023_23,"CHFJPY_NY
21-03JST",0.14479354496585298,1.429273048155521,9.16515138991168,1.4292730481555205,1.7059725940289383,1.2810217527592715,0.26577690999427767,0.0727316166329248,1.4678239655505936
2023_23,"EURAUD_NY
21-03JST",0.04681563349955385,1.109374785006333,6.855654600401044,1.109374785006333,2.0510413253437374,0.5779080136847773,0.10477617609948871,0.04239046603570576,0.04706105470469651
2023_23,"EURGBP_NY
21-03JST",0.05600235525881813,1.1478664083777665,8.602325267042627,1.1478664083777668,1.9046931077936848,0.3794752121547109,0.12281154825841248,0.060815819767489294,0.053114425335589466
2023_23,"GBPUSD_NY
21-03JST",0.23586583781139492,1.654161031793537,8.246211251235321,1.6541610317935371,3.323894375048838,0.7726701247927115,0.3709364834305746,0.05547896947994313,4.803594868666326
2023_23,"GBPUSD_欧州
15-21JST",0.10375881236551052,1.300144059128755,6.164414002968976,1.3001440591287545,1.749381145867476,0.7262002690210005,0.20596922538841186,0.027805264669569917,0.27525301640315697
2023_23,"USDJPY_欧州
15-21JST",0.1473071146842183,1.4100745462063133,4.898979485566356,1.410074546206313,2.122512071102043,1.5282917958545474,0.2691489124332151,0.009069148936170198,1.2414854712271455
2023_24,"AUDNZD_東京
09-15JST",0.16322808155929386,1.3838282621501057,7.0,1.383828262150106,2.332813923819754,2.9643303816717976,0.2898081379525641,0.035389406780758845,4.2351702331678895
2023_24,"AUDNZD_欧州
15-21JST",0.45244101724055363,2.3178086784749286,7.615773105863909,2.317808678474928,3.223799574106888,3.0,0.5307593230381563,0.046278333994868616,90.81776792875336
2023_24,"AUDNZD_深夜
03-09JST",0.0355646887086633,1.1093392854237385,5.196152422706632,1.1093392854237383,1.5013665960319844,1.0,0.08165190987842334,0.024085082152726492,0.027223674077582215
2023_24,"CHFJPY_NY
21-03JST",0.20410740089630106,1.9213728743559046,6.928203230275509,1.9213728743559046,1.559344554796697,0.3,0.3378660824109609,0.02207624137298246,0.8072858257424276
2023_24,"EURAUD_NY
21-03JST",0.0298862816246267,1.0800032600517522,7.54983443527075,1.0800032600517522,1.9859292010145875,1.4579359624098691,0.06952136623592742,0.04239046603570576,0.05082173922298419
2023_24,"GBPUSD_欧州
15-21JST",0.06425557318336847,1.1808152335426971,6.082762530298219,1.1808152335426971,1.602577060880276,0.9003470949284785,0.13840560435876395,0.027805264669569917,0.10588813187803796
2023_24,"USDJPY_欧州
15-21JST",0.19367554133002393,1.5270848040604221,3.872983346207417,1.5270848040604221,2.1348200701289093,0.3,0.32623129613210694,0.009069148936170198,0.36218790573313897
2023_25,"AUDNZD_東京
09-15JST",0.33518033055101404,1.8373200460825347,5.744562646538029,1.8373200460825347,3.1734663232135647,0.45428485279233927,0.455915802725296,0.015000000000000518,4.20906735531052
2023_25,"AUDNZD_欧州
15-21JST",0.5652336170858924,3.0326592362273304,6.855654600401044,3.032659236227331,2.6931429470861805,0.6000189577742012,0.5855925519796669,0.021433528315499134,33.01672197623512
2023_25,"AUDNZD_深夜
03-09JST",0.6906465301035846,4.260134520632084,6.324555320336759,4.260134520632084,2.7896614965423367,1.4062083118597364,0.6332450624841672,0.022267010418449782,192.63761415752174
2023_25,"AUDUSD_NY
21-03JST",0.16276624462120834,1.420574651014047,8.366600265340756,1.4205746510140471,2.274402304781345,3.0,0.28922531544294106,0.04999080319359505,5.165124982838422
2023_25,"CHFJPY_NY
21-03JST",0.2360584471263568,2.117818566449703,6.708203932499369,2.117818566449704,1.9006547635292463,3.0,0.371126974561604,0.02207624137298245,14.70506765044267
2023_25,"CHFJPY_東京
09-15JST",0.08172821957448005,1.2470784238263153,4.358898943540674,1.2470784238263157,1.1769921528329006,1.0,0.16965628388279214,0.009999999999999051,0.10953641249966466
2023_25,"EURAUD_NY
21-03JST",0.07813407056422896,1.2718403103038651,6.557438524302,1.2718403103038654,1.587104146006155,3.0,0.16341456376874738,0.04239046603570575,0.6186241337247415
2023_25,"GBPJPY_欧州
15-21JST",0.019834197691005695,1.047227107648808,4.47213595499958,1.0472271076488082,1.9497470883766421,3.0,0.04724293018550966,0.02531175315500774,0.02621753232966383
2023_25,"GBPUSD_NY
21-03JST",0.07573339085426253,1.247323070724955,7.3484692283495345,1.247323070724955,1.4969720887466393,3.0,0.15919292677411181,0.03635351003888833,0.5973006603123211
2023_26,"AUDNZD_東京
09-15JST",0.2454567253937416,1.6326733099588622,7.211102550927978,1.6326733099588617,2.59414915254266,0.8368731227292451,0.3802837831521673,0.03630255535397343,3.7588153665676205
2023_26,"AUDNZD_欧州
15-21JST",0.20917292173318106,1.5520178394791895,8.18535277187245,1.55201783947919,2.544844533222492,0.3214781641901689,0.34337199548866226,0.05467800965704237,1.0984846660826995
2023_26,"AUDNZD_深夜
03-09JST",0.9255033041852417,5.954841631246629,5.656854249492381,5.95484163124663,2.8944194089298914,0.8295683041288557,0.6982278363720328,0.022267010418449782,304.46671373361374
2023_26,"AUDUSD_NY
21-03JST",0.336729693879749,1.9970892958999078,8.12403840463596,1.9970892958999076,2.7991450920665173,1.0006798655264353,0.4570600271403081,0.04255656094951702,13.39807913209796
2023_26,"CHFJPY_NY
21-03JST",0.2128019484770331,1.7570271942542282,7.416198487095663,1.7570271942542286,2.178846482841483,0.6259677948586497,0.3472605611093428,0.03207466177363771,2.235820222988016
2023_26,"CHFJPY_東京
09-15JST",0.17816790382016423,1.6742666458117241,4.47213595499958,1.6742666458117244,1.11855936755566,3.0,0.30815945098810327,0.009999999999999053,2.2867997237729005
2023_26,"EURAUD_NY
21-03JST",0.1037264464017192,1.3640896079001734,7.0710678118654755,1.3640896079001736,1.563228212858584,1.4433382256549911,0.20591820648423512,0.04239046603570575,0.6082962189199584
2023_26,"EURGBP_欧州
15-21JST",0.04170520468710982,1.1187287825483512,9.055385138137417,1.118728782548351,1.3409865300699686,0.6900725248646689,0.0944186399538862,0.04210034245530331,0.03962909551992885
2023_26,"EURJPY_NY
21-03JST",0.04237554610553546,1.1281852297417072,6.557438524302,1.1281852297417072,1.799663750946448,1.2884414606264079,0.09579088735484968,0.0469147511035622,0.07503766183824039
2023_26,"GBPJPY_欧州
15-21JST",0.02830020865976443,1.0648002734939368,5.5677643628300215,1.064800273493937,1.8403092737527724,0.9270681256354932,0.06607563593844919,0.0231169184904738,0.019684543245862125
2023_26,"GBPUSD_NY
21-03JST",0.11767135512006471,1.3715927537212977,7.280109889280518,1.3715927537212977,1.49923794269453,0.4947766584282274,0.22730899431893986,0.029745239454257687,0.2638916504643481
2023_26,"NZDUSD_東京
09-15JST",0.13898334314698546,1.310148316670514,7.211102550927978,1.310148316670514,2.541121514702574,1.0982528119759718,0.2578620376939616,0.054451381144298934,1.1740699152318206
2023_26,"USDJPY_欧州
15-21JST",0.3955992493648292,2.196219093141409,5.291502622129181,2.19621909314141,2.4353683465886933,3.0,0.49723431700150283,0.028830261833259225,35.65242509341278
2023_27,"AUDNZD_東京
09-15JST",0.35860404893438164,2.1165884020921233,8.06225774829855,2.1165884020921233,2.992264267412923,1.988874196828011,0.4727157064849788,0.03630255535397343,35.16133973463822
2023_27,"AUDNZD_欧州
15-21JST",0.16305281168852748,1.403963191524274,8.366600265340756,1.403963191524275,2.5113496400706485,1.0687948027096779,0.28958706590870537,0.05609434972128043,1.9790953198887864
2023_27,"AUDNZD_深夜
03-09JST",0.7875746682559464,4.115358535294112,6.324555320336759,4.115358535294113,3.0490192011382664,0.4030467435010781,0.6631790735420167,0.022267010418449782,67.25415697819705
2023_27,"AUDUSD_NY
21-03JST",0.305878983991208,1.9095281691086172,9.539392014169456,1.9095281691086181,2.8804496578685614,0.638168237786388,0.43333062880225637,0.0472014238425183,8.09295473835387
2023_27,"CHFJPY_NY
21-03JST",0.2744479406096122,1.8421421936750317,5.0,1.8421421936750324,2.496183402674706,3.0,0.4069223495019458,0.0320746617736377,13.749105806412368
2023_27,"EURAUD_NY
21-03JST",0.027667355974513294,1.0877633887396276,6.855654600401044,1.0877633887396274,1.4077479526442627,0.3,0.06469363534064572,0.05274174503385674,0.005824670098646305
2023_27,"EURGBP_欧州
15-21JST",0.135366480947255,1.4604631548530564,8.246211251235321,1.460463154853056,1.3310609425114557,1.9921727724005676,0.2528482558484858,0.0306789429876533,1.5488462340299636
2023_27,"EURJPY_NY
21-03JST",0.2849263275106851,1.9012556421459472,4.58257569495584,1.9012556421459477,3.526894865526283,0.598024346325315,0.41599558385531643,0.020725944754419957,4.057085916441596
2023_27,"GBPJPY_欧州
15-21JST",0.019142065805823418,1.0412536296544195,5.0,1.0412536296544195,1.882878676388609,0.3,0.04566963654440581,0.02680858805114353,0.002607074973157279
2023_27,"GBPUSD_NY
21-03JST",0.22009193310794903,1.7185354172542422,6.4031242374328485,1.7185354172542429,1.6551724137931556,3.0,0.354934359498649,0.02974523945425769,7.123538434011095
2023_27,"NZDUSD_NY
21-03JST",0.019439339451360817,1.0420484402231314,9.746794344808963,1.0420484402231316,2.105492412080587,1.5681340017730223,0.04634600911966914,0.1019253947665559,0.028570387128862104
2023_27,"NZDUSD_東京
09-15JST",0.06514419903839715,1.1567145506571357,5.196152422706632,1.1567145506571355,2.2123775897672564,0.3,0.1400516209232991,0.020515021066082603,0.04125335477562591
2023_27,"USDJPY_欧州
15-21JST",0.32440461736462967,1.8859460902977905,4.242640687119285,1.8859460902977907,2.484174060374886,0.3,0.447822404203893,0.020487643448856802,1.6009699201279155
2023_28,"AUDNZD_東京
09-15JST",0.32034955662655773,1.953732830005516,9.055385138137417,1.9537328300055152,2.793478427205263,1.1058596816096775,0.4447140331796342,0.03630255535397343,14.67915355041805
2023_28,"AUDNZD_欧州
15-21JST",0.20991379915193284,1.5468847576068527,9.273618495495704,1.5468847576068527,2.369018602405106,2.3512610488250667,0.34416961781125754,0.05609434972128044,8.455616265355095
2023_28,"AUDNZD_深夜
03-09JST",0.7914832394437666,4.209089904807097,6.4031242374328485,4.209089904807098,3.038461538461992,3.0,0.6642839892680854,0.022267010418449782,531.8320338930936
2023_28,"AUDUSD_NY
21-03JST",0.2189933464970503,1.634854545845171,9.273618495495704,1.6348545458451715,2.7436689134204806,0.4899348363707427,0.35378949989746594,0.047201423842518346,2.465035186561136
2023_28,"CHFJPY_NY
21-03JST",0.5101744040963607,2.9146642445526556,5.291502622129181,2.914664244552656,2.479238896266388,3.0,0.5605237873096113,0.03207466177363771,92.63973660451774
2023_28,"CHFJPY_東京
09-15JST",0.2693364132465635,1.8779214048904154,3.4641016151377544,1.8779214048904154,1.153459956673766,1.8694164701827192,0.40239318811323666,0.009999999999998841,2.8266911090718936
2023_28,"EURAUD_NY
21-03JST",0.08924665749129566,1.2222522613569629,7.3484692283495345,1.222252261356963,2.484722047672708,1.2496410898804784,0.18241648895247373,0.07832786531715305,0.5146202997670556
2023_28,"EURGBP_欧州
15-21JST",0.16395359411807217,1.609098576144194,8.06225774829855,1.6090985761441943,1.5472732541288594,1.0352628082733935,0.2907217824801131,0.019889178617993414,1.5627342862178335
2023_28,"EURJPY_NY
21-03JST",0.41522972494296123,2.3080408263884653,4.898979485566356,2.3080408263884653,3.2986758530879023,0.7319555494530094,0.5093407566462489,0.02072594475441995,13.055835048307374
2023_28,"GBPUSD_NY
21-03JST",0.19951053302400298,1.631278384990081,6.782329983125268,1.6312783849900812,1.8977654478856938,0.9468366244132183,0.3327890371127392,0.029745239454257683,2.0910177050143477
2023_28,"NZDUSD_NY
21-03JST",0.1404882872419343,1.3537563664641186,9.0,1.3537563664641186,1.9332559489261931,0.6498505198299316,0.2599284583183736,0.052532986652044505,0.7189266661520571
2023_28,"NZDUSD_東京
09-15JST",0.19540326870607388,1.463588355772721,5.385164807134504,1.4635883557727207,2.6063575650923965,3.0,0.3281864225077617,0.020515021066082603,5.667939078185978
2023_28,"USDJPY_東京
09-15JST",0.14748841778253916,1.5499373627124284,3.0,1.5499373627124284,1.6081316729755342,1.2740216871816474,0.2693909368528798,0.0064247311827990575,0.5829181436897686
2023_28,"USDJPY_欧州
15-21JST",0.09458009655451181,1.2202609742423902,5.0,1.2202609742423904,2.4355085715039593,0.3,0.19123312323606084,0.027373903493503517,0.09576806372338513
2023_29,"AUDNZD_東京
09-15JST",0.3235175150739077,2.0327059996914634,9.643650760992955,2.032705999691463,2.910927469037228,0.8479580724547323,0.4471453811879872,0.019163347180283393,13.960440639937614
2023_29,"AUDNZD_欧州
15-21JST",0.07410020277039028,1.171849447378145,8.774964387392123,1.1718494473781453,2.161875044434805,0.5971482529209892,0.15629650090294828,0.053585020838165694,0.1710018544787435
2023_29,"AUDNZD_深夜
03-09JST",0.583210465449882,2.93080352280864,4.123105625617661,2.9308035228086395,2.834050220877637,3.0,0.593169505354101,0.013417851712006181,102.78795871581805
2023_29,"AUDUSD_NY
21-03JST",0.14701178531664058,1.4102787571490747,8.94427190999916,1.4102787571490747,2.8938296805060566,3.0,0.26875432899776014,0.04720142384251837,5.8267520743707015
2023_29,"CHFJPY_NY
21-03JST",0.4735916743734194,3.031280817270909,5.656854249492381,3.03128081727091,2.0984525670524037,3.0,0.5421201784152778,0.02896451058573277,81.64826842598997
2023_29,"CHFJPY_東京
09-15JST",0.24315044357143847,1.6726899622160176,4.898979485566356,1.6726899622160172,1.6549375979665872,0.9095439181988771,0.37806153443852886,0.019967862288056602,1.8594859020686985
2023_29,"EURGBP_欧州
15-21JST",0.06033176313642176,1.1644615046057822,7.211102550927978,1.1644615046057822,1.5666447118056197,0.5850999028390453,0.13106148210446675,0.026699695661033897,0.0690287717185603
2023_29,"EURJPY_NY
21-03JST",0.39765332073723025,2.2982872900566087,5.830951894845301,2.298287290056609,2.9202610352176963,2.1028746948849077,0.4985290105351779,0.020725944754419953,36.734070365502426
2023_29,"GBPUSD_NY
21-03JST",0.018980934772443663,1.054983879383272,6.4031242374328485,1.054983879383272,1.5477364410580838,0.3,0.045302621664044196,0.029745239454257694,0.00276320418084909
2023_29,"GBPUSD_欧州
15-21JST",0.0501873087321686,1.1234872535402316,7.483314773547883,1.1234872535402314,1.8387474865950122,1.9846171699970256,0.11148094972625429,0.040876286344125004,0.18527831909054043
2023_29,"NZDUSD_NY
21-03JST",0.16621414910331075,1.4088324955252383,8.18535277187245,1.4088324955252385,2.7400326078094333,3.0,0.29355350686049975,0.04753298665204499,6.220433674549906
2023_29,"NZDUSD_東京
09-15JST",0.2909092735146086,1.680653407015744,4.358898943540674,1.680653407015744,2.9930684713626143,3.0,0.42105278459322576,0.015350239715096557,13.336727012909066
2023_29,"USDJPY_東京
09-15JST",0.6334452448907546,3.143602260302699,5.385164807134504,3.1436022603026985,3.015812069847166,1.1033046020028028,0.6129451444306718,0.01999999999999973,67.40380383441423
2023_30,"AUDNZD_東京
09-15JST",0.40405063381121753,2.39578926864708,8.06225774829855,2.3957892686470794,3.0769428267807655,0.5571810090201538,0.502518892244396,0.017121465297352655,15.83744090236304
2023_30,"AUDNZD_欧州
15-21JST",0.24432952630901134,1.702309681756088,8.12403840463596,1.702309681756088,2.2640336048150838,1.78164992099041,0.379199642935243,0.053585020838165666,8.350810584927016
2023_30,"AUDNZD_深夜
03-09JST",1.1364632467510902,4.419825629484544,5.656854249492381,4.419825629484545,4.568049194399114,1.2842862366599404,0.7396618494807375,0.032495836362033646,527.8106718262632
2023_30,"AUDUSD_NY
21-03JST",0.009507210436668223,1.024680749825796,8.94427190999916,1.024680749825796,1.5264825227168854,0.8383364036444008,0.023216222313962333,0.03786641287199827,0.00255585088783739
2023_30,"CHFJPY_NY
21-03JST",0.7086741587519999,8.107500074938516,4.898979485566356,8.107500074938514,2.21513909404865,0.3,0.6392086918935068,0.004999999999999738,96.45505811982082
2023_30,"CHFJPY_東京
09-15JST",0.21554441531329066,1.534090584271454,5.291502622129181,1.5340905842714536,2.098932816684849,0.9523631790137056,0.35016874485586247,0.019967862288056602,1.842085672417307
2023_30,"EURGBP_NY
21-03JST",0.00033002011867809794,1.0007471773739858,10.0,1.0007471773739853,2.473835702710958,1.6063685955078173,0.01,0.06747509607671388,0.00012304032514007766
2023_30,"EURGBP_欧州
15-21JST",0.285884787142387,1.8008672987946626,6.928203230275509,1.8008672987946628,2.936622717908311,1.934284144879837,0.4168116752282456,0.028482981945136453,14.78721134450239
2023_30,"EURJPY_NY
21-03JST",0.3596183236605666,2.0346213116450107,6.708203932499369,2.0346213116450107,2.7665388997360774,0.7401983160889448,0.47341975892258903,0.015000000000001863,9.538508238268964
2023_30,"EURJPY_欧州
15-21JST",0.0775345347866801,1.2071606870497031,7.211102550927978,1.2071606870497027,1.8412196462726544,1.3899235761481914,0.16236424622423518,0.025910426185645985,0.3299928297201819
2023_30,"GBPUSD_NY
21-03JST",0.13466388390165077,1.422652095943019,5.5677643628300215,1.4226520959430193,1.7368410145886861,0.7151588994676936,0.25186643039914325,0.02507111863673845,0.46313574601402496
2023_30,"GBPUSD_欧州
15-21JST",0.1121030252113653,1.2849768910449229,8.426149773176359,1.2849768910449226,1.9345011467885234,0.8208089921294673,0.21890717237043453,0.030646221330959084,0.5260155885933226
2023_30,"NZDUSD_NY
21-03JST",0.05388264267738232,1.1536591554561335,9.055385138137417,1.1536591554561337,1.6724854727313896,0.7983717617005747,0.11871492234101985,0.04361284796852368,0.09863800166554425
2023_30,"NZDUSD_東京
09-15JST",0.09024514526983488,1.2333442238302672,4.0,1.2333442238302668,1.8938687836124293,0.3438263582970738,0.1840816704470643,0.0122280921540663,0.0650239969884782
2023_30,"USDJPY_東京
09-15JST",0.5864607023238162,2.8251803860363087,5.916079783099616,2.825180386036308,2.9973087324186682,0.6426535276548735,0.5945099495015709,0.01999999999999973,31.090852721653437
2023_31,"AUDNZD_東京
09-15JST",0.3218758107627795,2.0611096631722163,8.246211251235321,2.0611096631722168,2.6591856317304754,1.1456349303975295,0.4458880682297212,0.01697445972495081,15.06106568488866
2023_31,"AUDNZD_欧州
15-21JST",0.10799643632822303,1.2668909207648007,9.486832980505138,1.2668909207648007,2.2078929190754,0.617864949426245,0.2125929014557991,0.05358502083816569,0.45264722735312235
2023_31,"AUDNZD_深夜
03-09JST",1.306204404955372,6.5805939634562804,5.830951894845301,6.580593963456279,4.545627881126198,1.273523079760058,0.7655615008153361,0.03249583636203366,1415.7066378311383
2023_31,"AUDUSD_NY
21-03JST",0.02707417375971608,1.0665156245360048,8.94427190999916,1.0665156245360052,1.4656730067600632,1.213957992122555,0.06339454695040583,0.05497972683123092,0.029449856745139648
2023_31,"CHFJPY_NY
21-03JST",0.11112136573715801,1.339213701574216,6.928203230275509,1.3392137015742158,1.8376373497947671,0.3,0.21740700582315653,0.05720211507003203,0.15653610835502996
2023_31,"CHFJPY_東京
09-15JST",0.04156855767026132,1.0933086805754806,6.0,1.0933086805754808,1.8632874706892777,0.3,0.09413840036432666,0.04081887776321193,0.015072822014461336
2023_31,"EURAUD_NY
21-03JST",0.007071042598749976,1.0172655342849173,8.12403840463596,1.0172655342849177,1.8219071546675898,2.618794641532771,0.01737053697951172,0.04923962709473074,0.004695591708446994
2023_31,"EURAUD_深夜
03-09JST",0.3973420683115981,3.3820523659023927,2.449489742783178,3.3820523659023927,1.971345718175117,3.0,0.49833325507706483,4.198152811857654e-06,32.80975019824319
2023_31,"EURGBP_NY
21-03JST",0.13698598136370563,1.3304402072804817,10.344080432788601,1.3304402072804815,3.07974981366568,1.4581702937880479,0.25510159690914486,0.07061315552068566,2.6838795571002176
2023_31,"EURGBP_欧州
15-21JST",0.45993887923015414,2.290359893886052,8.602325267042627,2.290359893886052,3.3280872234049705,1.3795329099700355,0.5348506624586001,0.028482981945136453,49.55478957459924
2023_31,"EURJPY_NY
21-03JST",0.2120920309109153,1.6190006330909905,7.874007874011811,1.6190006330909907,2.349560953143654,0.4648885286032655,0.3465034998009694,0.03268555461326083,1.6043137365208497
2023_31,"EURJPY_欧州
15-21JST",0.0691924276222169,1.1907474613971254,8.0,1.190747461397125,1.7804177828744365,0.7092021524676568,0.14747132210311187,0.02591042618564599,0.14245509359596795
2023_31,"GBPUSD_NY
21-03JST",0.025191359931707884,1.0619849071149037,5.5677643628300215,1.061984907114904,1.8985697039837104,1.1477663387722254,0.05924711154938324,0.031701902913047454,0.019795301923076925
2023_31,"GBPUSD_欧州
15-21JST",0.2658361623056679,1.7822120739792506,7.416198487095663,1.7822120739792502,2.1657475338396233,3.0,0.3992516137680571,0.02548278461635911,15.840232655211413
2023_31,"NZDJPY_欧州
15-21JST",0.017600163072428253,1.0409711389756464,6.244997998398398,1.0409711389756457,2.8185000429543825,1.0,0.042145967910878615,0.054470615046677315,0.013417325911831545
2023_31,"NZDUSD_東京
09-15JST",0.6355073574582935,3.9510990072414254,5.385164807134504,3.951099007241425,3.0774252821906565,2.15629980323361,0.6137159266720994,0.012228092154066297,214.9517945330355
2023_31,"USDJPY_東京
09-15JST",0.2687116283858008,1.6833806538725036,6.928203230275509,1.6833806538725038,2.9710781382513747,0.3,0.40183483728919484,0.04631890559468673,1.805887052830569
2023_32,"AUDJPY_東京
09-15JST",0.2953170260678969,1.657893453959277,7.211102550927978,1.6578934539592771,4.141195189073754,2.163842714424411,0.42472284583328973,0.05137848612256737,21.188553940256917
2023_32,"AUDJPY_欧州
15-21JST",0.054247917176877714,1.1605151872748065,6.164414002968976,1.1605151872748065,1.778373953171314,1.6284978325323258,0.11942359034693015,0.03165773389735533,0.15098760015849366
2023_32,"AUDNZD_東京
09-15JST",0.08956025794893237,1.2487477057188399,8.54400374531753,1.2487477057188399,1.8267759796871565,0.5432476102563069,0.18294021317039727,0.06102817856105537,0.2041698229951932
2023_32,"AUDNZD_欧州
15-21JST",0.043002171042145314,1.0966690675336526,9.9498743710662,1.0966690675336532,2.564612057621653,1.4485590336795617,0.09706988780886638,0.05059621270693492,0.17663051818332712
2023_32,"AUDNZD_深夜
03-09JST",1.1628514769419545,6.842309764958434,6.48074069840786,6.842309764958433,4.451557353288357,2.102989417652995,0.7440575730313903,0.03249583636203366,2380.244937250632
2023_32,"AUDUSD_NY
21-03JST",0.006587369215001923,1.0159021983028609,8.94427190999916,1.015902198302861,1.478898163760432,0.6043439889835938,0.016201608101403055,0.05497972683123091,0.0008346363303516122
2023_32,"CHFJPY_NY
21-03JST",0.12360270126629493,1.3390956732042651,7.745966692414834,1.339095673204265,2.542641296373155,1.818331260960514,0.23606200076388223,0.057202115070032034,1.7723641741645495
2023_32,"CHFJPY_東京
09-15JST",0.35292199025358584,1.7584106810842555,5.744562646538029,1.7584106810842552,3.8913309997443712,3.0,0.4687364625048618,0.040818877763211914,32.95712520813298
2023_32,"EURAUD_NY
21-03JST",0.05939239604763817,1.1859389923301151,8.12403840463596,1.1859389923301151,1.425562931254359,3.0,0.12928467375302244,0.045846911338592346,0.3587683185115635
2023_32,"EURAUD_深夜
03-09JST",0.5075809277680453,4.550085733895673,2.6457513110645907,4.550085733895674,2.111589754682502,3.0,0.5592679531249142,4.198152811857654e-06,98.50139629949396
2023_32,"EURGBP_NY
21-03JST",0.07637148490023445,1.1820333659687623,10.677078252031311,1.1820333659687619,2.345347237723268,0.36927036050945217,0.1603191780386031,0.07061315552068569,0.14775685382480302
2023_32,"EURGBP_欧州
15-21JST",0.5179192896682255,2.593560835731564,8.306623862918075,2.593560835731564,3.539502554300772,1.6304052758772403,0.5642318398771456,0.023482981945135758,92.06494052982312
2023_32,"EURJPY_NY
21-03JST",0.2793894562417042,1.7764776359750705,8.306623862918075,1.7764776359750711,3.1733445935866667,1.2636828493060788,0.41123607921037075,0.04873775613608571,11.516849171489023
2023_32,"EURJPY_欧州
15-21JST",0.056243859541623954,1.1543661764111013,7.483314773547883,1.1543661764111015,1.9662563368037742,1.1063325113161415,0.12327587180708724,0.0291155098768837,0.14614907943884764
2023_32,"GBPUSD_NY
21-03JST",0.20552302125661392,1.5117682861401465,6.244997998398398,1.5117682861401467,2.4578920718260227,1.7185739026928781,0.3394140504024132,0.037183662356981645,4.054790409071668
2023_32,"GBPUSD_欧州
15-21JST",0.33054720730537396,1.9970316434579376,8.18535277187245,1.9970316434579376,2.75781766714852,1.5799137271788843,0.45246522606608625,0.025482784616359118,20.744192878620986
2023_32,"NZDJPY_欧州
15-21JST",0.2294030054933335,1.7059016553172104,6.48074069840786,1.7059016553172104,2.6848690493677774,0.9300801644653507,0.36447713705072743,0.026508120262503522,3.836039960054841
2023_32,"NZDUSD_NY
21-03JST",0.03297361843282363,1.0948902169826247,8.94427190999916,1.094890216982625,1.3640140135942236,1.2345373518400586,0.07615618372355748,0.052862648583660396,0.043063494876693593
2023_32,"NZDUSD_東京
09-15JST",0.31417029034314686,1.9159216801325998,6.4031242374328485,1.9159216801326004,2.0524899057870547,0.42481864096752664,0.43990949300368304,0.03519566843180103,2.736138193357124
2023_32,"NZDUSD_深夜
03-09JST",1.1066268356679836,4.8731939248376035,3.7416573867739413,4.873193924837604,2.9539509712041156,1.162147137911113,0.734506255609967,0.01500000000000175,244.27918373869693
2023_32,"USDJPY_東京
09-15JST",0.26244341810164656,1.6417776165373856,6.6332495807108,1.6417776165373854,2.9754937135307644,0.9031141219565146,0.39617484441724315,0.04631890559468672,4.774360169262283
2023_33,"AUDJPY_東京
09-15JST",0.33342645324523357,1.6899969864976643,6.082762530298219,1.6899969864976643,4.331939520019754,0.3,0.4546147084958588,0.041568008986528904,3.285732963917548
2023_33,"AUDJPY_欧州
15-21JST",0.20267837317481244,1.6430349954418375,4.898979485566356,1.643034995441838,2.543471604911807,0.3,0.33629607796798056,0.020460015435493445,0.6740321564405747
2023_33,"AUDNZD_東京
09-15JST",0.05622387339423634,1.152326630826029,7.937253933193772,1.1523266308260287,1.6561929882402546,1.0493743813913547,0.12323746448413424,0.06102817856105537,0.11961880782736967
2023_33,"AUDNZD_欧州
15-21JST",0.18505314181497556,1.4672286845290496,9.1104335791443,1.4672286845290496,2.439869268085945,3.0,0.31630142390295723,0.0463328897841711,8.030640941756577
2023_33,"AUDNZD_深夜
03-09JST",1.118882017409388,6.08465597248533,6.4031242374328485,6.084655972485328,4.467153284669949,0.3,0.7366484062519604,0.032495836362033646,253.6134797817161
2023_33,"AUDUSD_NY
21-03JST",0.07137810186438369,1.1823957729263304,10.14889156509222,1.18239577292633,1.5113803368096301,1.8086102042476002,0.1514243058429543,0.05497972683123092,0.39735580854365365
2023_33,"CHFJPY_NY
21-03JST",0.01843788625693859,1.0446817358630351,7.280109889280518,1.044681735863035,2.5464957733898244,1.0,0.04406361580178942,0.05720211507003204,0.015548272324183425
2023_33,"CHFJPY_東京
09-15JST",0.4306119996005987,1.8726275617561599,4.58257569495584,1.87262756175616,4.46606334841703,1.0,0.5184273762089391,0.040818877763211914,15.393459834246848
2023_33,"EURAUD_NY
21-03JST",0.38812314786865054,2.7216033334381806,7.54983443527075,2.721603333438181,1.9809294858402335,3.0,0.4924651038587888,0.021448661662901134,62.18788953989787
2023_33,"EURAUD_深夜
03-09JST",0.19061508483279674,3.5600640258910388,2.6457513110645907,3.5600640258910405,2.996625782414299,0.3,0.3227399531909346,0.002601802283769347,1.8496941419768353
2023_33,"EURGBP_NY
21-03JST",0.2418190456089094,1.5946955210660225,10.816653826391969,1.5946955210660227,3.5791224035083316,3.0,0.37677137701560376,0.07061315552068569,25.135186691549343
2023_33,"EURGBP_欧州
15-21JST",0.5251651060528953,2.804014684194836,8.602325267042627,2.804014684194836,3.328087223404957,0.4288804596749568,0.567644739968035,0.02418794988588273,28.099604349101025
2023_33,"EURJPY_NY
21-03JST",0.15024099956599432,1.3886934525487833,7.54983443527075,1.388693452548783,2.628292644673771,1.0,0.27304581026222646,0.048737756136085705,1.4968593724273593
2023_33,"EURJPY_欧州
15-21JST",0.0852846282958617,1.2294877552184202,6.164414002968976,1.2294877552184205,2.249389036644742,1.0,0.17574145835887992,0.0291155098768837,0.3052710718243619
2023_33,"GBPUSD_NY
21-03JST",0.2980644610203202,1.8787738522634378,7.211102550927978,1.8787738522634378,2.4656439913043777,1.5715033411548693,0.4269870157616342,0.037183662356981645,12.102234498648452
2023_33,"GBPUSD_欧州
15-21JST",0.2872394838680724,1.8047452300967866,7.54983443527075,1.8047452300967863,2.9348230624501555,0.6677717589119925,0.4179612647564543,0.0254827846163591,5.641972991603897
2023_33,"NZDJPY_欧州
15-21JST",0.5158182919787281,2.9161509572288185,5.291502622129181,2.916150957228819,3.337780767012308,0.4705867314946656,0.563232135126112,0.017890449733764732,20.173424622060477
2023_33,"NZDUSD_NY
21-03JST",0.04539640555099714,1.1292382310232447,10.198039027185569,1.1292382310232445,1.7655018082409863,1.3861282339362941,0.10192360105564277,0.05288270477489392,0.13985423653333626
2023_33,"NZDUSD_東京
09-15JST",0.2202887755198514,1.6114684331343387,6.782329983125268,1.611468433134339,2.0277395223635,0.3,0.3551390645997614,0.035195668431801046,0.809700320176838
2023_33,"NZDUSD_深夜
03-09JST",1.1066268356679836,4.8731939248376035,3.7416573867739413,4.873193924837604,2.9539509712041156,1.0,0.734506255609967,0.01500000000000175,210.19643362696183
2023_33,"USDJPY_欧州
15-21JST",0.13368479471985148,1.3341881861789235,6.082762530298219,1.3341881861789235,2.643126520517195,1.0,0.25049391708831986,0.04225390353657491,0.9195146716299613
2023_34,"AUDJPY_東京
09-15JST",0.15465272856252876,1.2934263708561187,6.557438524302,1.2934263708561184,4.227732949356477,0.3,0.2788280316646707,0.07207378445090715,0.5596490811893243
2023_34,"AUDJPY_欧州
15-21JST",0.2653660957237645,1.9649024483287099,4.795831523312719,1.9649024483287099,2.5969389461952064,0.3,0.3988271981834414,0.021473415770502175,1.4946242824145899
2023_34,"AUDNZD_東京
09-15JST",0.17399376583739665,1.5569666828496118,8.831760866327848,1.556966682849612,2.131015456850382,3.0,0.30312831984082267,0.06102817856105537,6.803730094417297
2023_34,"AUDNZD_深夜
03-09JST",0.6998689182147859,7.935133639002594,5.0,7.935133639002595,3.920643146856431,3.0,0.6363202983776957,0.005,1640.9051828783206
2023_34,"AUDUSD_NY
21-03JST",0.10538156806709037,1.2579626984471783,10.198039027185569,1.2579626984471786,1.585065710871785,0.9097424918759361,0.2085188196913046,0.05497972683123092,0.484711973798645
2023_34,"CHFJPY_東京
09-15JST",0.4270435690041771,1.7819712820959748,4.0,1.7819712820959752,4.628412168144297,0.3,0.5163495431303211,0.03368892605462903,3.762190597480575
2023_34,"EURAUD_NY
21-03JST",0.7000424573171827,5.2499663860422805,7.3484692283495345,5.249966386042282,2.3923715605794356,1.5674792915656597,0.6363776712986766,0.014802908046226098,333.42486120305136
2023_34,"EURAUD_深夜
03-09JST",0.22252420406532478,3.565808387364592,2.449489742783178,3.5658083873645934,3.0127000079424495,1.0,0.3574547023427447,0.002601802283769347,7.444187581137992
2023_34,"EURGBP_NY
21-03JST",0.15898202295623848,1.373659411557733,10.198039027185569,1.3736594115577334,3.322370652587289,0.43956117170614817,0.2844134809836001,0.06569257941016965,1.1923629171496988
2023_34,"EURGBP_欧州
15-21JST",0.3518684576129063,2.1907923040099355,9.486832980505138,2.1907923040099346,2.630612821863125,0.5652458774935407,0.467992045749661,0.03986486309594501,10.72160762372542
2023_34,"EURJPY_NY
21-03JST",0.05375462023807386,1.1328565782377307,7.280109889280518,1.1328565782377307,2.1747046019895695,0.3675732099988238,0.1184662763541011,0.048737756136085705,0.0453498185108358
2023_34,"EURJPY_欧州
15-21JST",0.006226995394508019,1.017533441602217,5.196152422706632,1.017533441602217,1.5629343977415946,1.0,0.015328856686298289,0.029115509876883706,0.0007799094796419468
2023_34,"GBPUSD_NY
21-03JST",0.5598881561459987,2.938757054044102,7.874007874011811,2.938757054044103,3.2422208992058708,1.394430834686309,0.5832847843377701,0.024873373137289902,97.96580477471508
2023_34,"GBPUSD_欧州
15-21JST",0.42278274935849103,2.348278857752576,5.916079783099616,2.348278857752576,2.9591574600370754,0.3,0.5138449362096217,0.019812031762481523,6.169527384391493
2023_34,"NZDJPY_欧州
15-21JST",0.10042813246817178,1.309725533984522,4.58257569495584,1.3097255339845217,1.6688963210701995,0.3,0.20068442589917587,0.01789044973376474,0.07792716302131518
2023_34,"NZDUSD_NY
21-03JST",0.08389280396333194,1.2271449089040183,9.797958971132712,1.2271449089040183,1.8107904686334944,0.9445397472871655,0.17337063762099073,0.0319041231459312,0.35569410151568576
2023_34,"NZDUSD_東京
09-15JST",0.09314135415985524,1.2372086121885224,8.0,1.237208612188522,1.9376467200525758,0.3948198059474348,0.18887354178303767,0.059240384021015335,0.1555852873002891
2023_34,"NZDUSD_深夜
03-09JST",0.5148516308261917,2.1723891057723743,4.69041575982343,2.1723891057723748,2.8531420044094475,0.3,0.5627706323934029,0.028306214303798545,5.338537203667641
2023_34,"USDJPY_欧州
15-21JST",0.2486922745180013,1.6824875178121543,5.830951894845301,1.6824875178121543,2.9065975013098764,0.559946547841985,0.3833748054156919,0.021745722626499285,2.506788319339238
2023_35,"AUDJPY_東京
09-15JST",0.3987537347680716,1.775996133858269,5.477225575051661,1.7759961338582697,4.480647445237196,1.0,0.49921986891723874,0.07207378445090716,14.373329514099005
2023_35,"AUDJPY_欧州
15-21JST",0.026480219116737855,1.0791947903616548,5.385164807134504,1.079194790361655,1.586991298095588,0.3,0.06209014610708016,0.03463215301833314,0.0047451808050597505
2023_35,"AUDNZD_東京
09-15JST",0.14353540564834966,1.4281788902147134,7.745966692414834,1.4281788902147132,2.116230864482413,2.115509219617343,0.2640773796090342,0.06102817856105538,2.5268655569957446
2023_35,"AUDNZD_深夜
03-09JST",0.6857614391200348,6.572662812808486,4.123105625617661,6.5726628128084865,2.959815077389073,0.8816279546831521,0.6315949474829539,0.0051400730816116924,200.28213720172417
2023_35,"AUDUSD_NY
21-03JST",0.20655251485980225,1.5585343272553747,10.246950765959598,1.5585343272553742,2.8865404170564646,1.604045379328035,0.34053525424347547,0.03143574195760221,7.859086647115959
2023_35,"CHFJPY_NY
21-03JST",0.05568063839049241,1.125281734142097,7.0,1.125281734142097,2.5903921592060124,0.3,0.1221922410115157,0.06287924374290318,0.044093163623302574
2023_35,"CHFJPY_東京
09-15JST",1.059453765065492,3.2178525848116664,3.1622776601683795,3.2178525848116664,4.823230751816635,0.3,0.7259248565629962,0.023884675030271623,35.58887148612745
2023_35,"EURAUD_NY
21-03JST",0.7293789312652578,5.464415582433769,7.14142842854285,5.464415582433769,2.428364031008309,0.51738163691334,0.6458230369572463,0.01480290804622609,124.36047606955478
2023_35,"EURAUD_深夜
03-09JST",0.01764097273839579,1.0691095293784048,2.6457513110645907,1.0691095293784052,1.183990666921082,0.3579328774186249,0.0422395643385444,0.008934137613108727,0.00094650395748414
2023_35,"EURGBP_NY
21-03JST",0.044479068753015535,1.1097056937434457,9.848857801796104,1.1097056937434457,2.4886940185098823,0.7437479808085452,0.10007010876305462,0.06569257941016966,0.0937620114392034
2023_35,"EURGBP_欧州
15-21JST",0.1464995216187873,1.5063609830695421,8.246211251235321,1.5063609830695424,1.5859470748264133,0.8956110900553554,0.2680688926951679,0.04824933733894051,0.9957234983418332
2023_35,"EURJPY_NY
21-03JST",0.3579232676248137,1.951714579175896,5.656854249492381,1.9517145791758959,3.7721797006698194,3.0,0.47224208955410046,0.030455456644110084,39.99876941896185
2023_35,"GBPJPY_欧州
15-21JST",0.246608826154892,1.665196583392956,5.744562646538029,1.665196583392957,3.895812853515633,1.6883273621202248,0.3813879677785562,0.021826995586852044,9.643639536821068
2023_35,"GBPUSD_NY
21-03JST",0.5122518863617233,2.7339742169506014,7.937253933193772,2.733974216950602,3.213963982712233,0.3,0.5615246118094697,0.024534595844374098,16.060057610144554
2023_35,"GBPUSD_欧州
15-21JST",0.06867609120615228,1.1792894266782878,7.483314773547883,1.1792894266782874,1.9364547535283274,0.4162615234975635,0.14653209859588157,0.06049285115211281,0.07960476034866566
2023_35,"NZDUSD_NY
21-03JST",0.1331155270142994,1.358905972741324,10.198039027185569,1.358905972741324,2.0692638417016562,1.0720912829557372,0.24969358472789133,0.035201974967476075,1.3413871041002974
2023_35,"NZDUSD_深夜
03-09JST",0.5170560681859581,2.134255839891228,4.358898943540674,2.1342558398912286,2.892623628645454,1.0,0.5638216529211286,0.028306214303798545,16.28240737393592
2023_35,"USDJPY_欧州
15-21JST",0.3785249025335376,2.161551858773371,4.898979485566356,2.1615518587733695,3.7848341039526963,0.3,0.4862078288076745,0.018770876734278942,4.695100846614191
2023_36,"AUDNZD_東京
09-15JST",0.6384281333846085,4.8341474021145885,5.656854249492381,4.8341474021145885,3.3270725884206733,3.0,0.6148024238362485,0.006293103448279952,514.6611533256503
2023_36,"AUDNZD_深夜
03-09JST",0.9259797256143677,5.930010369461108,3.0,5.930010369461108,2.4014689733336594,3.0,0.6983362624080337,0.005140073081611695,488.95611197936853
2023_36,"AUDUSD_NY
21-03JST",0.09561473861443778,1.2373890883693408,11.0,1.2373890883693404,2.750631844986985,0.3,0.19292149963445904,0.07806806291004319,0.23780351037578168
2023_36,"CHFJPY_NY
21-03JST",0.03679330430574935,1.082993573353827,7.416198487095663,1.0829935733538276,2.209308354347883,1.7795421409972736,0.08423504651526094,0.0628792437429032,0.09971842299633506
2023_36,"EURAUD_NY
21-03JST",0.581512612221459,3.245040660525028,8.602325267042627,3.2450406605250284,2.4728863682888838,0.6191115830789327,0.5924657564056366,0.024613259668507585,46.63281752492158
2023_36,"EURGBP_NY
21-03JST",0.3157808005557843,1.9956322723393924,8.831760866327848,1.995632272339392,3.3921424148599773,1.6675883082876068,0.4411696993137971,0.04331026064848565,26.567407451266963
2023_36,"EURGBP_欧州
15-21JST",0.14737313052716586,1.4312922491352302,8.06225774829855,1.43129224913523,2.182999620527443,1.537383725267232,0.269237056603844,0.048249337338940504,2.098156135138873
2023_36,"EURJPY_NY
21-03JST",0.5171405010102352,2.315395754873295,6.4031242374328485,2.315395754873295,2.836220472440827,1.1584008192781974,0.5638618079134027,0.03450126166514205,31.790067055042584
2023_36,"EURJPY_欧州
15-21JST",0.19789764947243185,1.6372079373746278,5.291502622129181,1.637207937374628,2.102575727301439,1.8395813663988672,0.33098917456365856,0.01479065255048849,3.54107654365632
2023_36,"GBPJPY_欧州
15-21JST",0.46210484895133785,2.0373329968551075,4.358898943540674,2.037332996855107,3.9307895470059817,1.1217429172796676,0.5360193130956646,0.01622938926839133,19.44478655579539
2023_36,"GBPUSD_NY
21-03JST",0.5625554508126819,3.178738270644773,7.280109889280518,3.1787382706447733,3.3900482567392225,3.0,0.584439525367311,0.024534595844374053,240.07829586883972
2023_36,"NZDUSD_NY
21-03JST",0.059598863414111275,1.140087278114808,10.677078252031311,1.140087278114808,2.224578694255807,0.6157887276488117,0.12967582855053975,0.041526957575559666,0.14106998716459088
2023_37,"AUDNZD_東京
09-15JST",0.37687605110638855,2.6537239037757088,6.48074069840786,2.6537239037757097,3.08275673940983,0.3,0.4851173498908355,0.02137117834888787,7.55541593875833
2023_37,"AUDNZD_深夜
03-09JST",1.124528609755664,9.751070982072985,2.8284271247461903,9.751070982072983,3.1497707491720295,1.0,0.7376238153614526,0.005140073081611694,699.0486898497926
2023_37,"AUDUSD_NY
21-03JST",0.039327224678783156,1.0927768474077624,10.0,1.0927768474077626,2.763766919404254,1.4992830638920354,0.0895169305920832,0.0780680629100432,0.16158473146651983
2023_37,"CHFJPY_NY
21-03JST",0.13582417088873533,1.315489760870534,7.874007874011811,1.3154897608705347,2.7750569308389763,2.8662198825846508,0.25348645743892617,0.0628792437429032,3.5107514916380276
2023_37,"EURAUD_NY
21-03JST",0.46134030102540813,2.752567706408147,8.660254037844387,2.7525677064081475,2.345549810059942,0.8264637415163372,0.5356074718391695,0.024613259668507626,30.67490081815087
2023_37,"EURGBP_NY
21-03JST",0.16422696969329634,1.4708870042219513,9.055385138137417,1.4708870042219513,2.263655578157323,1.433746011299655,0.29106543734087575,0.03950754931031917,2.923853366918548
2023_37,"EURGBP_欧州
15-21JST",0.20174611982286644,1.6548171030892167,7.937253933193772,1.654817103089217,2.562365386650108,1.5681450037213192,0.3352678366787868,0.048249337338940504,5.635468680202236
2023_37,"EURJPY_NY
21-03JST",0.48647742361649843,2.253537746060323,6.928203230275509,2.253537746060323,2.8205992942280647,0.8236600655346079,0.548775874778459,0.03450126166514205,21.09436088263299
2023_37,"EURJPY_欧州
15-21JST",0.100272258717751,1.2918717526547736,5.744562646538029,1.2918717526547738,1.8890137468026813,0.3,0.20043537687810056,0.01479065255048849,0.10760460667710016
2023_37,"GBPJPY_欧州
15-21JST",0.5955841272624625,2.7025126442970695,5.916079783099616,2.70251264429707,3.9304516829258036,1.4325387122501987,0.5982258163357105,0.015509488300991012,85.35767961181811
2023_37,"GBPUSD_NY
21-03JST",0.5431561128537973,3.066499047502647,6.6332495807108,3.0664990475026475,3.5245650029088327,0.42805210860093706,0.5758920558870345,0.02453459584437408,28.73116942679202
2023_37,"NZDUSD_東京
09-15JST",0.19465150268376039,1.490942567022363,7.874007874011811,1.490942567022363,3.006357388315728,2.587762530015858,0.32733710720525555,0.03715610136040081,8.365493666731744
2023_38,"AUDNZD_東京
09-15JST",0.34439977803302907,2.12661489437727,5.5677643628300215,2.1266148943772705,2.8904122535437677,1.5115377517059736,0.4626543266080179,0.026568639599938312,17.075319374807204
2023_38,"AUDNZD_欧州
15-21JST",0.542103133411552,3.1664119347717787,5.385164807134504,3.1664119347717796,3.24980489940413,3.0,0.5754180345929681,0.021592103052027,160.73121589461454
2023_38,"AUDNZD_深夜
03-09JST",0.6332794005044193,2.837845094561784,3.4641016151377544,2.837845094561784,2.3357874294652694,0.42245862415956703,0.6128830209866463,0.015534555124377078,10.52116271437844
2023_38,"AUDUSD_NY
21-03JST",0.028701246361699313,1.0680692340586935,8.246211251235321,1.0680692340586935,2.7064216282032874,1.0,0.06694929535493767,0.0780680629100432,0.04537841356316383
2023_38,"CHFJPY_NY
21-03JST",0.13980110731627743,1.3652296661209204,7.211102550927978,1.365229666120921,2.4774681199183055,0.3,0.25898632926361503,0.026054843273427324,0.3525001545198842
2023_38,"CHFJPY_東京
09-15JST",0.006334023129479897,1.016499499032296,4.123105625617661,1.0164994990322958,1.5738589938967873,1.4803137832446178,0.015588217498246487,0.011442451420029318,0.0009689320594067084
2023_38,"EURAUD_NY
21-03JST",0.2278616007551885,1.704993218737395,8.831760866327848,1.7049932187373955,2.1855339862516323,0.4105087757464847,0.36291692385888513,0.03411797716320727,1.8419629936404633
2023_38,"EURGBP_NY
21-03JST",0.20800842839534806,1.6154881852970113,9.433981132056603,1.6154881852970115,2.4666202575700416,0.6855822562703819,0.34211438309222547,0.03950754931031917,2.8502900495883656
2023_38,"EURGBP_欧州
15-21JST",0.3449197381239329,2.202272415781142,6.782329983125268,2.202272415781143,3.098847760803889,1.3784914322593256,0.4630293982981403,0.016136329055639276,22.085129036520954
2023_38,"EURJPY_NY
21-03JST",0.2856070608249518,1.6152213602270662,7.874007874011811,1.6152213602270669,2.7909321848788853,0.3,0.41657543678342107,0.060657410254786784,1.9293807880264326
2023_38,"EURJPY_欧州
15-21JST",0.037399558219593655,1.0981459806574019,5.916079783099616,1.098145980657402,1.803588954603159,0.3,0.08550433469074863,0.02235520323201577,0.01207440639741106
2023_38,"GBPJPY_欧州
15-21JST",0.572788378678434,2.746546343996436,6.082762530298219,2.746546343996436,3.923602189212839,0.3,0.5888108773015838,0.015509488300991012,17.937709429492386
2023_38,"NZDUSD_東京
09-15JST",0.5432291846048669,2.5012188258913657,6.4031242374328485,2.501218825891366,6.20416666666646,1.2385335149628924,0.5759249114333055,0.02911118001542045,93.57787679351603
2023_39,"AUDJPY_欧州
15-21JST",0.06776547300282985,1.1925864371841648,3.605551275463989,1.1925864371841648,1.6837205549582488,1.3867086359025669,0.14487061767900056,0.012654496281272357,0.11607378131695581
2023_39,"AUDNZD_東京
09-15JST",0.11264459092633673,1.2816762167337314,7.0,1.2816762167337319,3.4302086837854406,0.6010583037298661,0.21973233097571673,0.04004568565539852,0.5642138238234577
2023_39,"AUDNZD_欧州
15-21JST",0.1328537630068173,1.3335225492859226,6.6332495807108,1.3335225492859224,2.775852567306614,0.3,0.24932499726968732,0.056649962193830124,0.3079308903285045
2023_39,"CHFJPY_NY
21-03JST",0.20844245334001593,1.5588715131609636,7.280109889280518,1.5588715131609636,2.5095128574802814,0.9461590692508004,0.34258367770983267,0.038618088427617846,2.888079338818439
2023_39,"CHFJPY_東京
09-15JST",0.015034692135826958,1.0400720834793953,4.123105625617661,1.040072083479395,1.5738589938967664,0.3,0.036225145561823414,0.018897330554112402,0.0011256740883420434
2023_39,"EURAUD_NY
21-03JST",0.27907719783196494,1.8567033275628468,9.219544457292887,1.8567033275628473,2.4244843518073815,1.6919893376298358,0.4109653493342911,0.04074714386658571,14.367983923562436
2023_39,"EURGBP_NY
21-03JST",0.27802568197377736,1.788014794813437,9.1104335791443,1.788014794813437,2.806292402892283,0.8728014804513158,0.41005184518147797,0.047307183646849035,7.765675872395666
2023_39,"EURGBP_欧州
15-21JST",0.7227752043551839,3.3940950511786867,7.0,3.3940950511786863,4.252128235331803,1.4473264691689391,0.6437399058614568,0.01613632905563928,227.2378114687989
2023_39,"EURJPY_NY
21-03JST",0.14330671594347075,1.285230129692757,7.937253933193772,1.2852301296927575,2.7902758350674493,0.3,0.26376761364823875,0.06692854766691095,0.38882407009984393
2023_39,"EURJPY_欧州
15-21JST",0.1824993876416406,1.6039354136213535,5.5677643628300215,1.6039354136213533,1.9744385390021366,2.2329745835247,0.31330399913470136,0.025697772501535248,3.5203831734803464
2023_39,"GBPJPY_欧州
15-21JST",0.28062012398869846,1.88929263227774,6.164414002968976,1.88929263227774,2.395701140184826,0.3632492585171789,0.41230065656030784,0.023639152405258393,2.1642806981371443
2023_39,"GBPUSD_欧州
15-21JST",0.23890257330759657,1.7186188098566904,8.366600265340756,1.71861880985669,2.2377638523547945,2.654803196028363,0.3739264534039966,0.0625556916758517,12.34269631622325
2023_39,"NZDJPY_欧州
15-21JST",0.4814110508561002,2.995256239665038,4.69041575982343,2.9952562396650384,2.3551172867175763,3.0,0.5461822272236245,0.009692228292903999,77.42437431765136
2023_39,"NZDUSD_東京
09-15JST",0.34673712067954376,1.8345907481458352,6.928203230275509,1.8345907481458354,5.101129385964451,0.36906884672812496,0.4643362584734062,0.029084406989380866,6.868385806205008
2023_39,"NZDUSD_深夜
03-09JST",2.930381293789864,999.0,2.8284271247461903,999.0,1.2369931049558167,1.0,0.8798936323760055,0.0,9003213.664272053
2023_40,"AUDJPY_欧州
15-21JST",0.2924367519143686,2.1554657941902895,3.1622776601683795,2.1554657941902895,1.8568169648912607,1.0,0.4223299111519911,0.012654496281272357,3.327161356357097
2023_40,"AUDNZD_欧州
15-21JST",0.0814708683477973,1.2259905330023888,7.211102550927978,1.2259905330023886,1.5884988037728798,1.218260872435254,0.1692124564615313,0.05802107679342902,0.27330240232240904
2023_40,"AUDNZD_深夜
03-09JST",0.09468277749598082,1.247632968134471,4.242640687119285,1.2476329681344709,2.339636089577997,3.0,0.1914009983837574,0.015017493158481601,0.8276013010907449
2023_40,"AUDUSD_欧州
15-21JST",0.35829877054288084,2.0341565924348206,4.0,2.034156592434821,1.921766195603457,3.0,0.4725034306548694,0.024498996600344287,15.768460970107414
2023_40,"CHFJPY_NY
21-03JST",0.04615903584190091,1.1187289661371087,6.324555320336759,1.1187289661371087,2.1039307164303267,0.6797621380488454,0.10345870448370259,0.03861808842761783,0.05205183563557308
2023_40,"CHFJPY_東京
09-15JST",0.015034692135826958,1.0400720834793953,4.123105625617661,1.040072083479395,1.5738589938967664,1.0,0.036225145561823414,0.018897330554112402,0.0037522469611401443
2023_40,"EURAUD_NY
21-03JST",0.10485634227266384,1.3092989426493054,8.426149773176359,1.3092989426493054,2.435074564562502,0.5992524708609644,0.20769540459894395,0.04074714386658571,0.44106771558473956
2023_40,"EURGBP_NY
21-03JST",0.010353374149567472,1.0235054276150035,9.433981132056603,1.0235054276150037,2.6250635588450257,0.3,0.02523038630064684,0.07368448869448868,0.0018935008792491208
2023_40,"EURGBP_欧州
15-21JST",0.6140659874623277,3.24907560901756,7.211102550927978,3.2490756090175603,4.221274394320872,0.442530191017331,0.6055483519361604,0.012898922178740078,52.204213432298346
2023_40,"GBPJPY_欧州
15-21JST",0.22017525735704027,1.6970703319687181,6.164414002968976,1.6970703319687188,2.2317876930603933,0.3,0.35502102791934426,0.023639152405258393,0.907697867410912
2023_40,"GBPUSD_欧州
15-21JST",0.3905177431049928,2.365229303459869,8.366600265340756,2.3652293034598695,2.3723096219717354,1.263105041881025,0.49400250217170155,0.04175987965569698,25.9721948580017
2023_40,"NZDJPY_欧州
15-21JST",0.5183903478026558,3.1716116945723636,4.58257569495584,3.1716116945723636,2.3852021357740663,0.3,0.5644553528278673,0.009692228292903999,9.559025094217661
2023_40,"NZDUSD_NY
21-03JST",0.1328252414721747,1.4521823854972105,6.708203932499369,1.4521823854972102,1.9214540588760451,1.3759469498082793,0.2492848144828573,0.027296153631722265,1.205482907189754
2023_40,"NZDUSD_東京
09-15JST",0.44642761403360487,2.2007875871580884,6.164414002968976,2.2007875871580884,6.260300141242434,0.3,0.5274256258088961,0.02847982481217268,12.837515013869087
2023_40,"NZDUSD_深夜
03-09JST",2.045961141487334,14.415412574512663,3.3166247903554,14.415412574512661,3.854356504214195,0.3,0.8364651043651622,0.008387953941542582,1352.5122021945078
2023_41,"AUDJPY_欧州
15-21JST",0.26586021858657943,1.545515071156355,2.23606797749979,1.5455150711563552,2.178880257239567,3.0,0.3992733176805795,0.007183908045979155,3.6796031094749195
2023_41,"AUDNZD_東京
09-15JST",0.13435374285894103,1.26998980952665,8.426149773176359,1.2699898095266502,3.172742204712937,1.1840113570458117,0.25143221069269783,0.11352438630400319,1.5487854196961481
2023_41,"AUDNZD_欧州
15-21JST",0.2226619183371489,1.595726968662983,8.0,1.595726968662983,2.508406758699839,1.8676265290598058,0.3575968142258951,0.058021076793429015,7.181917658077188
2023_41,"AUDNZD_深夜
03-09JST",0.15650506244691792,1.477543187133695,4.58257569495584,1.4775431871336946,2.3185185185186112,3.0,0.2812284613526694,0.015017493158481601,3.0174214442305165
2023_41,"AUDUSD_NY
21-03JST",0.3690139667441372,2.3288032365049234,6.48074069840786,2.3288032365049234,1.9658834382747141,2.981540414298688,0.4798534002008754,0.02978916536268425,35.4235240434944
2023_41,"AUDUSD_欧州
15-21JST",0.8143223343407013,5.162125160698433,5.196152422706632,5.162125160698434,3.145677332594943,1.5496725208045483,0.6705981692931852,0.010091372865944154,364.91447891128075
2023_41,"CHFJPY_NY
21-03JST",0.18835240247710797,1.4833717850751218,7.0,1.4833717850751214,2.897032296920648,2.2617201005991765,0.3201353503174256,0.04449084873094107,5.826267502779785
2023_41,"EURAUD_NY
21-03JST",0.11127348658147562,1.3476881647759384,8.54400374531753,1.3476881647759384,2.3602027754773647,2.8006869978266753,0.21763985323291993,0.04074714386658571,2.3869264871735236
2023_41,"EURAUD_深夜
03-09JST",0.844401400954212,12.77442952316974,3.0,12.774429523169736,4.949324285827677,0.5620469862304798,0.6785603104486395,0.0032271680736775305,777.7874512809534
2023_41,"EURGBP_欧州
15-21JST",0.6083031353158068,2.7438000493045704,6.782329983125268,2.74380004930457,4.008039078244264,0.38765136413565837,0.603293904392435,0.02047063831265815,28.530250022167014
2023_41,"EURJPY_NY
21-03JST",0.004277526056861506,1.009637508383793,7.745966692414834,1.009637508383793,2.4706804785249474,3.0,0.010580667440464778,0.08263474120977117,0.0024466293727213313
2023_41,"EURJPY_欧州
15-21JST",0.1400023374904943,1.4498294592402854,3.872983346207417,1.4498294592402852,1.680742060407088,3.0,0.25926246567952826,0.008342569269519077,1.4776399493690189
2023_41,"GBPUSD_欧州
15-21JST",0.2909628340918653,1.8793209871020338,9.38083151964686,1.879320987102034,2.379169337133522,0.3731145879397277,0.4210976621836378,0.0638734227893413,3.3872030814128675
2023_41,"NZDJPY_欧州
15-21JST",0.08999676924045186,1.1863667591644564,4.358898943540674,1.1863667591644562,2.398054471215928,0.3,0.18366808699566856,0.02994442972740283,0.07083401628025925
2023_41,"NZDUSD_NY
21-03JST",0.7598597341298771,5.056601382386623,7.14142842854285,5.056601382386625,2.8711157684031208,2.3905210900376774,0.6551307125942443,0.019347431701763663,612.0472741310745
2023_41,"NZDUSD_深夜
03-09JST",1.8252707063591007,10.607046640326942,3.4641016151377544,10.60704664032694,3.9279604804103254,0.3,0.8202465889399749,0.008387953941542582,681.8863742727696
2023_41,"USDJPY_東京
09-15JST",0.1837172719211802,1.5794619324814108,4.358898943540674,1.579461932481411,2.359805659911506,3.0,0.3147367411564065,0.015680072779889698,4.382612970383248
2023_42,"AUDJPY_欧州
15-21JST",0.14740577594596407,1.3434187880273478,2.6457513110645907,1.3434187880273483,2.08026728851453,0.3,0.2692806368205273,0.007839155158407586,0.11736555319946482
2023_42,"AUDNZD_東京
09-15JST",0.031473288728072334,1.059414728071049,8.306623862918075,1.059414728071049,3.043876144971808,0.4181836072401205,0.07294377091303038,0.11352438630400315,0.02446702375534229
2023_42,"AUDNZD_欧州
15-21JST",0.08364919695294504,1.218177676466256,8.06225774829855,1.2181776764662557,2.1169762761709356,0.6958431351286591,0.17295427652924106,0.05493993644255149,0.24169665349037614
2023_42,"AUDNZD_深夜
03-09JST",0.005214236814617491,1.0145777539617762,4.58257569495584,1.0145777539617764,1.7713920817377569,0.31044903072165536,0.012867851967903556,0.01867981546335001,0.00017086158568728132
2023_42,"AUDUSD_NY
21-03JST",0.05927396302872662,1.1516782336208082,8.717797887081348,1.1516782336208076,1.999392480231923,0.3390391193418243,0.12906014231209348,0.07477137912505712,0.05579008092677898
2023_42,"AUDUSD_欧州
15-21JST",0.5583159360102828,3.152026908689885,5.830951894845301,3.152026908689885,3.1415409563736083,0.3,0.582601118306241,0.025111178880190738,17.32461692642537
2023_42,"CHFJPY_NY
21-03JST",0.3207924066441515,1.8740014337111417,6.48074069840786,1.8740014337111415,3.032463298953482,0.38013400119136276,0.4450551971512705,0.033328261699444965,3.624903104980868
2023_42,"EURAUD_NY
21-03JST",0.20527705219554934,1.710073838156516,7.745966692414834,1.7100738381565166,2.397558007330664,1.3608757536389402,0.3391456052248114,0.022179729815549793,5.0337574183026135
2023_42,"EURAUD_深夜
03-09JST",0.332605437231,2.695979812754141,3.3166247903554,2.695979812754141,1.7102673625967149,0.3,0.4540035062913753,0.007559103620204303,1.8536720316398674
2023_42,"EURGBP_欧州
15-21JST",0.7020385914632297,3.1954343390601205,6.782329983125268,3.195434339060121,4.008039078244264,2.721245359959089,0.6370363042650795,0.02047063831265815,331.02669381023753
2023_42,"EURJPY_NY
21-03JST",0.25010029799220107,1.6780398412411588,6.244997998398398,1.6780398412411583,2.5508741744587367,0.7929558859809719,0.38471032664439936,0.025637795725446135,3.3367904981417964
2023_42,"EURJPY_欧州
15-21JST",0.0182381606893663,1.0475663499781824,4.47213595499958,1.0475663499781827,1.2714348931638026,0.3,0.04360711767502292,0.020953846153845157,0.001458229123554123
2023_42,"GBPUSD_NY
21-03JST",0.1822647678493339,1.4533628375962453,6.4031242374328485,1.453362837596245,3.5094043887146293,1.7617104950480724,0.31302729945785845,0.0331064550494389,4.617935398551862
2023_42,"GBPUSD_欧州
15-21JST",0.18209911009389748,1.435644727588622,8.602325267042627,1.435644727588622,2.491359549938466,0.3,0.31283179605707234,0.0638734227893413,0.7095716181566087
2023_42,"NZDJPY_欧州
15-21JST",0.1455830296221462,1.3164392293933238,4.242640687119285,1.3164392293933238,2.4044806389370126,0.3,0.2668393658119691,0.03486131511673026,0.19909434429479123
2023_42,"NZDUSD_NY
21-03JST",0.29110041984060103,1.7902862942878697,8.888194417315589,1.7902862942878701,2.8123391589137587,0.3,0.42121291129839267,0.09005867239052914,2.70359790036612
2023_42,"NZDUSD_深夜
03-09JST",1.8252707063591007,10.607046640326942,3.4641016151377544,10.60704664032694,3.9279604804103254,1.0,0.8202465889399749,0.008387953941542582,2272.954580909232
2023_43,"AUDNZD_東京
09-15JST",0.19956034159119057,1.3874833694843076,7.280109889280518,1.3874833694843078,3.3310599616578846,2.6874651604239883,0.3328444657656501,0.0737145128104103,7.761498116354155
2023_43,"AUDNZD_欧州
15-21JST",0.32492464736252374,2.1525033352656706,7.0,2.15250333526567,2.343463081409772,0.4333643115204037,0.44821851284087166,0.01679129331972987,4.71777900580277
2023_43,"AUDNZD_深夜
03-09JST",0.2698798336196933,1.6300939171588238,4.58257569495584,1.6300939171588236,2.318518518517991,0.911458717399816,0.40287797911664025,0.026293452423197358,2.726182204413684
2023_43,"AUDUSD_NY
21-03JST",0.014134791893851428,1.0341259045142897,9.16515138991168,1.0341259045142892,1.9642002272582813,0.4873583001531395,0.03413089692177899,0.09790678005802601,0.004122799874869057
2023_43,"AUDUSD_欧州
15-21JST",0.702898712233209,4.623340984336887,5.5677643628300215,4.623340984336887,3.143313689040262,1.0,0.6373193697995545,0.025111178880190738,163.47800043392817
2023_43,"CHFJPY_NY
21-03JST",0.3049324973278745,1.8067866149857397,6.0,1.8067866149857394,3.076100410984654,0.3,0.432569782899434,0.033328261699444965,2.3073226188905362
2023_43,"EURAUD_NY
21-03JST",0.01955137806058541,1.0584831193235427,7.615773105863909,1.0584831193235433,1.6630380136239868,0.7264457783922107,0.04660067653922017,0.032353705956068964,0.009097631134526118
2023_43,"EURAUD_深夜
03-09JST",0.2866029457591388,2.4470762099852035,3.4641016151377544,2.447076209985204,1.7392868323411652,0.3,0.4174216663784597,0.0083035943434127,1.2842287807012103
2023_43,"EURGBP_欧州
15-21JST",0.4088051821058037,2.478868684088047,5.830951894845301,2.478868684088048,2.3082965389546293,3.0,0.5054433269597003,0.020470638312658142,50.23977686048799
2023_43,"EURJPY_NY
21-03JST",0.3719565703685258,2.112213572737681,5.744562646538029,2.1122135727376805,2.551748446087811,1.0,0.481836135148065,0.018611598948265893,11.506771023385213
2023_43,"GBPUSD_NY
21-03JST",0.03925834429221083,1.0867086959638201,7.0,1.0867086959638204,3.4888828566922454,0.3,0.08937415714997711,0.06166522359306111,0.02859488235715963
2023_43,"GBPUSD_欧州
15-21JST",0.014935886957291948,1.0327999147241143,9.0,1.0327999147241145,2.3912543153047325,1.3107174042875425,0.035995649995029806,0.0638734227893413,0.015205503580941538
2023_43,"NZDUSD_NY
21-03JST",0.27448031679531726,1.728507376851979,9.486832980505138,1.7285073768519792,2.8784628445888827,0.78681791493941,0.40695081822322926,0.09538015746643176,6.546163675125628
2023_44,"AUDJPY_欧州
15-21JST",0.836585669076583,6.974364270209706,3.4641016151377544,6.974364270209706,3.3302705991607304,3.0,0.6765286789238801,0.007839155158407586,945.3792373675534
2023_44,"AUDNZD_東京
09-15JST",0.3344615414571726,1.65106142062349,6.6332495807108,1.65106142062349,4.150420226742767,3.0,0.4553833285723859,0.060995055192624305,32.3203516595135
2023_44,"AUDNZD_欧州
15-21JST",0.34576713820257465,2.0472610643730644,5.656854249492381,2.047261064373064,2.498751471479109,0.3,0.46363954710572536,0.016791293319729866,2.8021935573702446
2023_44,"AUDNZD_深夜
03-09JST",0.30410679501646154,1.710004297603641,4.58257569495584,1.7100042976036405,3.0086767895868776,3.0,0.43190436048746217,0.02629345242319737,15.47900342048309
2023_44,"AUDUSD_NY
21-03JST",0.09907388037596354,1.242381005215205,8.48528137423857,1.2423810052152051,2.0353005235273147,1.2889151722584482,0.19851545887620675,0.09790678005802603,0.615484006519965
2023_44,"AUDUSD_欧州
15-21JST",0.6606449578241151,3.672610827920734,6.244997998398398,3.6726108279207343,3.302888318356614,1.1443860317526946,0.6228709738831085,0.03378292552343967,126.73174773573083
2023_44,"CHFJPY_NY
21-03JST",0.44441020441340084,2.490906802573562,6.244997998398398,2.490906802573562,3.2062297629034497,1.229600720301839,0.526296582029259,0.026292607039035822,34.813635882256555
2023_44,"EURAUD_NY
21-03JST",0.15031274810547238,1.4773575925255664,6.082762530298219,1.4773575925255662,1.7600465034115784,1.2577774439812175,0.27314058891592974,0.032353705956068964,1.1688360530960913
2023_44,"EURAUD_深夜
03-09JST",0.21163189979380714,1.9794974813205441,3.3166247903554,1.9794974813205441,1.7102673625967149,1.0,0.3460118739149354,0.008303594343412704,1.6141767045905304
2023_44,"EURGBP_NY
21-03JST",0.08195568783888081,1.2084664567354149,7.0710678118654755,1.2084664567354149,1.6913793103446944,3.0,0.17004818058352048,0.05231204613560993,0.6939417523811614
2023_44,"EURGBP_欧州
15-21JST",0.42463912019827743,2.219399840520348,6.48074069840786,2.2193998405203494,2.295739962651357,0.7316004714596653,0.5149393350344289,0.020470638312658142,11.48862285709663
2023_44,"EURJPY_NY
21-03JST",0.6884045708329493,3.032470495974114,4.69041575982343,3.0324704959741147,2.553351277407895,3.0,0.632489599254547,0.014405880569871188,141.81484865678576
2023_44,"EURJPY_欧州
15-21JST",0.05422615848172425,1.1104963478562544,3.605551275463989,1.1104963478562544,2.3009496292577545,3.0,0.11938140829004233,0.02285264072665329,0.19425257192870976
2023_44,"NZDUSD_NY
21-03JST",0.28032534143142723,1.681622081409878,8.831760866327848,1.681622081409878,2.9934645884602658,1.0192737853597302,0.4120460085194142,0.09538015746643179,8.035488534207854
2023_45,"AUDJPY_欧州
15-21JST",0.7862774110436466,6.14717004796507,3.3166247903554,6.14717004796507,3.3121843885234328,1.0,0.6628107420100889,0.007839155158407586,214.65223410180766
2023_45,"AUDNZD_東京
09-15JST",0.11773242699872855,1.3360909411736854,6.6332495807108,1.3360909411736852,2.3598168996317797,0.6670843588471459,0.22740014119111315,0.024952850855841924,0.4869006800226205
2023_45,"AUDNZD_深夜
03-09JST",0.5315352433137077,2.4547499403102817,5.5677643628300215,2.4547499403102817,4.065951690294655,2.4465416256078143,0.5706013241355224,0.026293452423197375,98.62873643667405
2023_45,"AUDUSD_欧州
15-21JST",0.4170785340161098,2.2146562014965476,4.58257569495584,2.2146562014965476,3.5288831835688046,1.0,0.5104509746034847,0.022134175608315737,16.520513019404934
2023_45,"EURGBP_欧州
15-21JST",0.31091248453128556,1.8033589748516696,6.324555320336759,1.80335897485167,2.1190592903830257,0.3,0.43734283937392715,0.030201437665819147,1.7258250151041228
2023_45,"EURJPY_NY
21-03JST",0.18362817580335342,1.5351356444962072,5.291502622129181,1.5351356444962072,2.3124393788752178,0.8274259822360835,0.3146321295242345,0.02033199296799403,1.351054670123886
2023_45,"GBPUSD_欧州
15-21JST",0.15019717716770975,1.346068206438246,8.602325267042627,1.3460682064382459,2.765613093070911,3.0,0.272987909427109,0.04903356811097025,5.054503108627084
2023_45,"NZDJPY_欧州
15-21JST",0.28005776364701773,1.8548809196664344,3.0,1.8548809196664342,2.3868892260998633,1.0,0.4118146701908413,0.006316630572808557,2.823581752955413
2023_46,"AUDJPY_欧州
15-21JST",0.8714804865718113,7.483134205022679,3.1622776601683795,7.483134205022679,4.056832162715355,0.3,0.685406103967441,0.006158536585365153,127.94242625463825
2023_46,"AUDNZD_東京
09-15JST",0.08088258331253124,1.2048830380090003,8.306623862918075,1.2048830380090003,2.0916689392356287,0.7428401032714154,0.16819611713815116,0.04141750788798011,0.24476466415886364
2023_46,"AUDNZD_深夜
03-09JST",0.7614728741853711,3.5078843318637314,5.0,3.507884331863731,4.700316630719218,1.0,0.6556096927527901,0.026293452423197368,140.6746660407498
2023_46,"AUDUSD_NY
21-03JST",0.23736544835784712,1.69578000046396,6.324555320336759,1.6957800004639603,1.6767900763897892,3.0,0.3724165609689261,0.025462795142321696,7.886704019622761
2023_46,"AUDUSD_欧州
15-21JST",0.8226852641271253,4.1692494290917965,4.242640687119285,4.1692494290917965,3.53584201570319,0.970372343009899,0.6728512138521928,0.01140213711507895,138.48800601518263
2023_46,"EURGBP_欧州
15-21JST",0.27126360707995456,1.6197935799313556,6.082762530298219,1.619793579931356,2.724750430291771,2.878693666280898,0.404108913724626,0.03998066443664924,13.19492993247597
2023_46,"EURJPY_NY
21-03JST",0.1821321202966085,1.622735523139778,4.795831523312719,1.622735523139778,2.3068069782841154,1.0,0.31287076240322964,0.02033199296799403,1.6269742551856117
2023_46,"EURJPY_欧州
15-21JST",0.6501276898234666,3.3559466909841387,2.23606797749979,3.355946690984139,2.7173217218231365,1.0,0.6190939407880554,0.005,27.40597927395986
2023_46,"GBPUSD_NY
21-03JST",0.120457676148081,1.266359254347525,7.3484692283495345,1.266359254347525,3.1034807692305133,3.0,0.23144567112467432,0.0701755079187264,2.8583116906076422
2023_46,"GBPUSD_欧州
15-21JST",0.2794513875563504,1.6985504896930759,8.888194417315589,1.6985504896930765,2.7435602283036213,2.630563430554316,0.4112897444530924,0.04903356811097026,20.276757613405962
2023_46,"NZDJPY_欧州
15-21JST",0.5005567072412349,2.798357706479134,2.6457513110645907,2.798357706479134,2.427758011363743,1.0,0.5558303027630987,0.006316630572808557,13.906624487153564
2023_46,"NZDUSD_NY
21-03JST",0.4039778493766293,2.343648991297137,6.928203230275509,2.3436489912971377,2.9896295150705243,3.0,0.5024738550817747,0.02870544484730746,67.34794757635643
2023_46,"NZDUSD_深夜
03-09JST",0.27185014880667707,1.7013481420103111,4.0,1.7013481420103116,3.493909668401562,3.0,0.40462914131898353,0.02566003071497491,13.015552300199797
2023_47,"AUDJPY_欧州
15-21JST",0.9931363778934169,10.604606732196018,3.605551275463989,10.60460673219602,4.67023502998873,3.0,0.7128780740010204,0.006158536585365153,3997.4085226544407
2023_47,"AUDNZD_東京
09-15JST",0.08787493706188439,1.239766008332843,9.0,1.239766008332843,1.7769784172663783,2.1002353663993976,0.18011775228932886,0.04141750788798011,0.7846369400632586
2023_47,"AUDNZD_深夜
03-09JST",0.48217145373562387,2.7908229631292008,5.196152422706632,2.7908229631291994,2.8960650167069244,0.3,0.5465734032696606,0.017318568512810818,9.108965099102065
2023_47,"AUDUSD_NY
21-03JST",0.4537034793633968,2.728946973662069,6.082762530298219,2.7289469736620697,2.024782828872643,1.8774318456495098,0.5314532391290261,0.017974787689679434,40.78813345142061
2023_47,"AUDUSD_欧州
15-21JST",0.8226852641271253,4.1692494290917965,4.242640687119285,4.1692494290917965,3.53584201570319,1.0,0.6728512138521928,0.01140213711507895,142.71635729602596
2023_47,"EURGBP_欧州
15-21JST",0.026300596385207566,1.051665874478178,7.483314773547883,1.051665874478178,2.5746313364046296,0.4801506799012116,0.061694955644495945,0.03998066443664925,0.015963648771054113
2023_47,"EURJPY_NY
21-03JST",0.13507375023260879,1.3585901368713438,5.830951894845301,1.358590136871344,2.41884755972275,0.7848996005082849,0.2524395004873424,0.030401436062848296,0.6761776243296068
2023_47,"EURJPY_欧州
15-21JST",0.2849541811694785,1.6877336508144059,5.0990195135927845,1.6877336508144065,2.3508213132935762,0.8548071764412535,0.41601933239235483,0.02442964679981878,3.377448072238312
2023_47,"GBPJPY_欧州
15-21JST",1.7277543783237237,9.29202705957345,4.242640687119285,9.29202705957345,5.62945774114415,3.0,0.812008376495446,0.008752699784017532,8604.047588945841
2023_47,"GBPUSD_NY
21-03JST",0.2838293228842972,1.7181268842298092,7.0,1.7181268842298092,4.159538461538486,0.3631560783009444,0.4150587191656896,0.029659471577079828,3.5712491723499955
2023_47,"GBPUSD_欧州
15-21JST",0.39724122432413755,1.9495443126795715,7.280109889280518,1.949544312679572,3.2621638524076237,1.8807813922564913,0.4982697986558578,0.04903356811097025,32.03153402293783
2023_47,"NZDJPY_欧州
15-21JST",0.35700590495384116,2.0897663838306246,3.0,2.0897663838306246,2.3868892261000023,0.33934711524835304,0.4716025365424458,0.011316630572808193,1.766678569430428
2023_47,"NZDUSD_NY
21-03JST",0.4828106794385927,3.037898298434709,6.855654600401044,3.037898298434709,2.9223158414356996,0.9694640033575652,0.5469017204749124,0.015689837795943812,46.59928797957872
2023_47,"NZDUSD_深夜
03-09JST",0.3938765069428058,1.924277000653658,3.3166247903554,1.9242770006536578,3.6072318527672693,0.3,0.49614329621569514,0.018438003830598453,2.5501130937256398
2023_47,"USDJPY_欧州
15-21JST",0.262742290816497,1.7205284990010892,3.872983346207417,1.7205284990010896,2.73074917777336,1.561536427631983,0.39644714764286293,0.009179856182910017,5.046032100579902
2023_48,"AUDJPY_欧州
15-21JST",0.4658520049052789,4.796256059859148,4.47213595499958,4.796256059859147,2.5387703079546564,1.2918989231465692,0.5380272867257971,0.005121196909185528,84.1405807699355
2023_48,"AUDNZD_東京
09-15JST",0.04850327001687343,1.1347824962965611,9.433981132056603,1.1347824962965611,1.7096556454186713,0.7532800326001329,0.108144741096422,0.04141750788798011,0.07880194010780019
2023_48,"AUDNZD_深夜
03-09JST",0.24245188635477147,1.784664833996024,5.477225575051661,1.7846648339960243,2.2394392730487866,0.3,0.37738528207991895,0.027318568512811146,1.0438543198453727
2023_48,"AUDUSD_NY
21-03JST",0.4475858486264014,2.78135983243111,5.656854249492381,2.781359832431111,1.8969956033963953,0.3,0.5280714034475205,0.017974787689679434,5.782410239431384
2023_48,"AUDUSD_欧州
15-21JST",0.8326101914978624,6.828271340484765,2.6457513110645907,6.828271340484765,4.706470826355803,3.0,0.6754854026365612,0.0050000000000002326,974.7176183758753
2023_48,"EURJPY_NY
21-03JST",0.00943958682427569,1.0242667548850584,6.244997998398398,1.0242667548850586,1.958882772938336,0.3,0.02305489534485821,0.030401436062848296,0.0008132008877896882
2023_48,"EURJPY_欧州
15-21JST",0.23246592266423352,1.6237610085986232,6.164414002968976,1.6237610085986225,1.8534201998542652,1.2196418680940975,0.36755485842617663,0.029429646799819797,3.049488685610979
2023_48,"GBPJPY_欧州
15-21JST",1.787330625265429,15.719543917975907,5.5677643628300215,15.71954391797591,5.464375984858504,1.5263589429500486,0.8171286977013543,0.008752699784017532,16613.78666280176
2023_48,"GBPUSD_NY
21-03JST",0.5659940994197944,2.611236893071019,6.244997998398398,2.6112368930710192,5.900524825472086,3.0,0.5859187957356549,0.02632700401709901,243.55683624814665
2023_48,"GBPUSD_欧州
15-21JST",1.1937780240438662,7.298865111162209,4.58257569495584,7.298865111162209,5.475429975430738,1.3133284065729793,0.7490240209329235,0.009999999999999476,1554.2105095804109
2023_48,"NZDJPY_欧州
15-21JST",0.28751655720471997,2.1323195715674634,4.242640687119285,2.132319571567464,1.409695336275144,1.18692614648017,0.41819582989200205,0.011590502854021497,3.836432951788132
2023_48,"NZDUSD_NY
21-03JST",0.37188673045588894,2.330020503472297,6.782329983125268,2.330020503472297,2.94263873899584,0.3,0.4817892519492421,0.021942305778683686,5.698991580257293
2023_48,"NZDUSD_深夜
03-09JST",0.3938765069428058,1.924277000653658,3.3166247903554,1.9242770006536578,3.6072318527672693,1.0,0.49614329621569514,0.018438003830598453,8.500376979085466
2023_48,"USDJPY_東京
09-15JST",0.07507475712902449,1.175174433301077,3.7416573867739413,1.175174433301077,1.3326896002035442,1.9999999999998461,0.15802724940116122,0.0194928059171456,0.16027634959298376
2023_48,"USDJPY_欧州
15-21JST",0.33484214995071565,2.132820229246804,4.69041575982343,2.132820229246804,2.6353451119378444,0.6967974802584901,0.45566541055541365,0.009999999999999861,5.918732625245773
2023_49,"AUDJPY_欧州
15-21JST",0.372553707003699,3.2925553024548986,4.69041575982343,3.2925553024548972,2.567965793345999,0.3,0.48223664403685945,0.0056482004135520476,6.998274972725397
2023_49,"AUDNZD_東京
09-15JST",0.2795119729370169,1.7201672126447172,8.306623862918075,1.7201672126447174,2.1564294564453887,2.4161292746504874,0.4113422339401877,0.03500000000000415,14.226061034500697
2023_49,"AUDUSD_NY
21-03JST",0.40415094796121676,2.3918266533636707,5.291502622129181,2.3918266533636703,3.0279609264768776,0.37153583738730317,0.5025809507355185,0.026889328740377357,6.736206315827364
2023_49,"AUDUSD_欧州
15-21JST",0.624055033956053,5.583442877156064,3.872983346207417,5.583442877156066,2.172706414468349,0.7861007659225181,0.6093959926599357,0.005211565585332209,78.01786441216488
2023_49,"CHFJPY_NY
21-03JST",0.3963374213801113,2.2938154257641665,5.656854249492381,2.2938154257641656,4.258024629221034,1.008568779358468,0.4977003600976448,0.028452648668498906,24.51626742790544
2023_49,"EURAUD_NY
21-03JST",0.009363134151424516,1.0229001176652135,6.48074069840786,1.0229001176652128,1.994239566480645,1.4524991524615989,0.02287244104389991,0.04457107930149815,0.004026985665792848
2023_49,"EURGBP_欧州
15-21JST",0.007693735959983391,1.0178077617765515,7.54983443527075,1.0178077617765515,2.9444484810510922,1.257269249606997,0.01887136171436934,0.057453179421377995,0.003975397568397747
2023_49,"EURJPY_欧州
15-21JST",0.17881275407811015,1.4639165266345153,6.48074069840786,1.463916526634515,1.7929967976874452,0.3,0.30893022452988234,0.029429646799819797,0.40088542058175225
2023_49,"GBPJPY_欧州
15-21JST",1.6166196099613332,10.247931243395177,5.744562646538029,10.247931243395177,5.463568986552408,0.3,0.801648264241728,0.015022468911912874,1262.5340646573984
2023_49,"GBPUSD_NY
21-03JST",0.7496737764955511,3.1482935022394263,5.5677643628300215,3.148293502239426,6.105701050434364,0.3,0.6520752163111134,0.02019154300701314,48.436902064185624
2023_49,"GBPUSD_欧州
15-21JST",0.7150621624091049,3.823426235737406,4.69041575982343,3.823426235737406,2.721950810170006,0.6475952781745945,0.6412756046391214,0.009999999999999877,54.87415696726611
2023_49,"NZDJPY_欧州
15-21JST",0.1859669740231134,1.6171655078166025,4.47213595499958,1.6171655078166027,1.4079898214726108,0.3,0.31736767133189653,0.01227979274611358,0.288033266468441
2023_49,"NZDUSD_NY
21-03JST",0.49747621357464195,2.7909216606568648,6.082762530298219,2.7909216606568643,3.6121709651306144,1.3918741166881972,0.5543057365199656,0.021942305778683703,64.27761083414565
2023_49,"NZDUSD_深夜
03-09JST",0.30654218650212767,1.6886349617591152,3.4641016151377544,1.6886349617591152,3.584567415894385,0.3,0.43386253837116706,0.02670868052232494,1.375990240720048
2023_49,"USDJPY_東京
09-15JST",0.35471569339653897,2.1395474457885526,5.0,2.139547445788553,2.041611126637842,0.9381886048621756,0.46999909568617637,0.010870469399880772,7.23034367893219
2023_49,"USDJPY_欧州
15-21JST",0.2236053041214788,1.631146678310301,4.898979485566356,1.6311466783103012,2.5207142348968623,0.3,0.35856863731537525,0.015173754000916582,0.7784855261215501
2023_50,"AUDJPY_東京
09-15JST",0.011435784727873153,1.0234321709392908,5.196152422706632,1.0234321709392908,2.2801679600508487,1.492738617895247,0.027794822794611443,0.024140239941070812,0.005749380729499401
2023_50,"AUDJPY_欧州
15-21JST",0.6178145672596712,7.327306794054548,4.898979485566356,7.32730679405455,4.014975951246056,3.0,0.6070011052436142,0.0056482004135520476,1181.4085804134404
2023_50,"AUDNZD_東京
09-15JST",0.21659918386736912,1.5129535750693053,7.3484692283495345,1.5129535750693053,2.3783754434226037,0.3,0.3512803609450768,0.05447974623030512,0.8660085790601847
2023_50,"AUDUSD_欧州
15-21JST",0.5741001065672876,7.058737119239007,3.3166247903554,7.058737119239008,2.97049929129218,1.0,0.589364586551999,0.005211565585332209,165.23193905948122
2023_50,"CHFJPY_NY
21-03JST",0.16774695752892863,1.3990552914384993,7.483314773547883,1.3990552914384995,3.9442864264641,0.5436420920981138,0.29546077756018857,0.06502644564660211,1.4616365245298608
2023_50,"EURJPY_欧州
15-21JST",0.3048010047747451,1.9128331772445257,8.06225774829855,1.9128331772445264,2.1151585804898247,1.6888446006071198,0.4324639191911476,0.029429646799819797,13.493142152652009
2023_50,"GBPJPY_欧州
15-21JST",1.2156222375162757,7.123704921730245,7.0,7.123704921730244,5.408885134552844,0.3,0.7524173716407079,0.01861401820768911,517.5909788108016
2023_50,"GBPUSD_NY
21-03JST",0.1928001465886086,1.5008444855820222,5.0990195135927845,1.5008444855820227,2.838199544179775,0.7249748140159686,0.325236334198156,0.015577693901745028,1.4592078946135119
2023_50,"GBPUSD_欧州
15-21JST",0.4847391681280959,3.0292285448091016,3.872983346207417,3.0292285448091016,2.724261275272092,0.3,0.5478893504327296,0.009999999999999868,7.6376424054204115
2023_50,"NZDJPY_欧州
15-21JST",0.14505600309009958,1.4401990303732768,5.916079783099616,1.4401990303732768,1.4628413869212127,0.8655285712658312,0.2661304568112817,0.019804773530127866,0.588126764414264
2023_50,"NZDUSD_NY
21-03JST",0.20723478727132305,1.51745191972507,7.211102550927978,1.51745191972507,3.1209204713196095,0.7886679505314983,0.3412762108089288,0.03273895546487473,2.7988947127470327
2023_50,"USDJPY_東京
09-15JST",0.13588326619135,1.3386851924376282,5.5677643628300215,1.3386851924376284,1.9838078061187936,0.3,0.25356878030005425,0.02947594075424369,0.19874864347854015
2023_50,"USDJPY_欧州
15-21JST",0.4068830917331243,2.270236705676156,6.324555320336759,2.2702367056761568,2.6990086550107675,1.5553618425887004,0.5042652348299553,0.015173754000916582,27.656440586846067
2023_51,"AUDJPY_東京
09-15JST",0.079247900812313,1.1722093295911264,5.0,1.1722093295911264,2.339966487701824,1.0,0.16535888978958452,0.024140239941070812,0.20570548569876435
2023_51,"AUDJPY_欧州
15-21JST",0.5062657889207526,5.536776475728736,4.58257569495584,5.536776475728737,4.0294402399031055,1.0,0.5586283793451486,0.0056482004135520476,159.1929546929598
2023_51,"AUDNZD_東京
09-15JST",0.15226612157450728,1.300656643624132,6.0,1.3006566436241318,4.172734921733161,3.0,0.2757115014413659,0.054479746230305146,5.058695696507597
2023_51,"AUDNZD_深夜
03-09JST",0.03191663251671488,1.088738799046869,3.3166247903554,1.0887387990468693,1.6137614124195352,3.0,0.07389535413522118,0.009781818181831938,0.04445401331815929
2023_51,"AUDUSD_欧州
15-21JST",0.5741001065672876,7.058737119239007,3.3166247903554,7.058737119239008,2.97049929129218,1.0,0.589364586551999,0.005211565585332209,165.23193905948122
2023_51,"CHFJPY_NY
21-03JST",0.22806891076005764,1.5624379162647182,7.874007874011811,1.5624379162647182,3.8022314763887035,1.121148120413036,0.36312720921667657,0.06502644564660211,6.371877507622334
2023_51,"EURAUD_NY
21-03JST",0.11078329257115656,1.2366241063157493,7.745966692414834,1.2366241063157497,2.9223611308086417,0.9211598183770412,0.21688902942283186,0.079146511398259,0.7099885628717415
2023_51,"EURGBP_NY
21-03JST",0.12868025544021913,1.4253564103927416,8.602325267042627,1.4253564103927416,1.8794192380369086,1.4158119486375385,0.24339901881349857,0.033538599630697774,1.4092760919278882
2023_51,"EURGBP_欧州
15-21JST",0.010003866301175982,1.022160844530387,7.745966692414834,1.022160844530387,2.6023371191301345,0.5783034827593256,0.024399443818482112,0.04771642903941359,0.002837510793799321
2023_51,"EURJPY_欧州
15-21JST",0.35577034202430274,2.2715476988708696,6.6332495807108,2.2715476988708696,1.9607818385412326,1.0,0.47073869169222105,0.01833063164035781,11.037231837530973
2023_51,"GBPJPY_欧州
15-21JST",0.6712088907540898,3.5531654800929453,6.082762530298219,3.5531654800929444,2.9134171298208797,0.3,0.6265901044581368,0.018614018207689136,27.713235878019606
2023_51,"GBPUSD_NY
21-03JST",0.1024949802361478,1.2289131572440846,5.291502622129181,1.2289131572440843,2.754842606027548,0.3593268940220627,0.20397214751872797,0.032987145682222815,0.16009820597117866
2023_51,"GBPUSD_欧州
15-21JST",0.2539935515382838,2.0075181234455743,5.196152422706632,2.0075181234455743,1.515178176928416,0.7638999322499499,0.3883731742321551,0.02055210811864288,2.342813623368579
2023_51,"NZDJPY_欧州
15-21JST",0.1626607246744715,1.5096018618714884,5.744562646538029,1.5096018618714884,1.475724445196201,1.0,0.28909201858469713,0.019804773530127866,0.8908177270627864
2023_51,"NZDUSD_NY
21-03JST",0.20116437658684536,1.4686160925460015,6.557438524302,1.4686160925460015,3.1810989010986495,3.0,0.334624579268936,0.03273895546487473,8.797668109965025
2023_51,"NZDUSD_東京
09-15JST",0.15894643047891005,1.4044026635733264,6.4031242374328485,1.4044026635733264,1.7905935050382813,0.47732259014970485,0.28436791401051337,0.03615985218102542,0.47085677255252373
2023_51,"USDJPY_東京
09-15JST",0.14548402840975727,1.3789364617348523,5.916079783099616,1.3789364617348525,1.9452722591060574,1.3630502888036302,0.26670630271959567,0.02947594075424369,1.1242093707126897
2023_51,"USDJPY_欧州
15-21JST",0.3345438448271265,1.9085569289348716,5.291502622129181,1.9085569289348723,2.463987323441532,0.3,0.4554443511889487,0.017435229616860955,2.1336863034651845
2023_52,"AUDJPY_東京
09-15JST",0.14714703941491566,1.335040730576848,4.795831523312719,1.3350407305768477,2.399765015352802,0.3,0.2689350920591024,0.02457986463209951,0.23768189901271947
2023_52,"AUDJPY_欧州
15-21JST",0.4684003141504775,2.5459787303078554,2.6457513110645907,2.5459787303078554,2.9281074204829136,0.3,0.5393829395475237,0.005000000000000789,3.7871729959295255
2023_52,"AUDNZD_東京
09-15JST",0.05764108773224234,1.1063585676307395,6.557438524302,1.1063585676307395,3.029268684089969,0.49626122414368007,0.12595260626154076,0.06048778635853865,0.08260528375666085
2023_52,"AUDNZD_深夜
03-09JST",0.9097552727320493,4.255165241648201,2.6457513110645907,4.255165241648202,5.106780600341516,3.0,0.6945994352321785,0.009781818181831938,459.2845060511281
2023_52,"AUDUSD_欧州
15-21JST",0.28139490765063335,2.240042061960294,3.0,2.2400420619602937,1.3360448671844667,0.3,0.41296890318838564,0.005211565585332209,0.6975125181331272
2023_52,"CHFJPY_NY
21-03JST",0.1748035987267433,1.4388338914122385,7.810249675906654,1.4388338914122383,2.303370786516827,3.0,0.3041101327722262,0.06502644564660211,5.576891726261736
2023_52,"EURAUD_NY
21-03JST",0.18017607951383838,1.407792124643905,8.366600265340756,1.4077921246439051,2.7444148345544543,2.4114636640516602,0.3105541332638496,0.079146511398259,5.689978151226545
2023_52,"EURGBP_NY
21-03JST",0.31006133528928476,2.0288727156473354,8.06225774829855,2.0288727156473354,2.2536813801019617,2.7780446461013346,0.4366683832502487,0.03353859963069777,27.218906877883
2023_52,"EURJPY_欧州
15-21JST",0.3816282833516996,2.5180273453935107,5.477225575051661,2.5180273453935103,2.075882050402295,3.0,0.4882477917959157,0.010471909923773143,39.880632413706
2023_52,"NZDUSD_NY
21-03JST",0.21599494924063795,1.5049121127663418,6.4031242374328485,1.5049121127663425,3.214624881291277,0.3,0.35064402639486525,0.03273895546487473,1.0256170730722642
2023_52,"NZDUSD_東京
09-15JST",0.17655605653029727,1.460162561513377,6.48074069840786,1.460162561513377,1.7774527186752365,3.0,0.30622530893666794,0.03615985218102542,3.8445305441086193
2023_52,"USDJPY_欧州
15-21JST",0.4162524405478455,2.081913756713771,4.358898943540674,2.0819137567137713,2.607203710404298,1.0,0.5099555234021335,0.017435229616860955,10.276839106500711
