ticker,entry_date,exit_date,entry_px,exit_px,stop_px,ret_pct,reason,hold_days
1333.T,2023-11-13,2024-03-18,865.9,894.5,865.9,3.3,time,126
1333.T,2024-05-09,2024-08-05,1020.0,887.9,914.0,-12.95,stop_base,88
1333.T,2024-09-27,2024-11-06,1001.0,927.9,932.3,-7.3,stop_base,40
1301.T,2022-07-28,2022-12-01,3256.5,3292.2,2935.8,1.09,time,126
1301.T,2023-01-31,2023-02-06,3412.4,3229.8,3256.5,-5.35,stop_base,6
1377.T,2022-08-25,2022-10-11,4748.0,4028.7,4089.8,-15.15,stop_base,47
1332.T,2021-07-27,2021-08-02,501.5,503.3,452.0,0.35,earnings_close,6
1332.T,2021-09-03,2021-10-05,542.4,542.1,542.4,-0.05,stop_breakeven,32
1332.T,2023-06-06,2023-10-10,593.7,675.6,593.7,13.78,time,126
1332.T,2023-11-27,2024-04-01,688.3,890.0,688.3,29.3,time,126
1332.T,2024-07-18,2024-08-02,853.7,785.7,789.6,-7.97,stop_base,15
1332.T,2024-11-11,2024-12-18,911.4,844.3,855.9,-7.36,stop_base,37
1379.T,2020-05-28,2020-10-02,1714.2,1905.3,1714.2,11.15,time,127
1515.T,2020-11-27,2021-02-01,438.2,437.4,438.2,-0.19,stop_breakeven,66
1515.T,2021-02-25,2021-05-17,524.4,507.3,524.4,-3.25,stop_breakeven,81
1515.T,2023-03-01,2023-07-05,657.2,844.3,657.2,28.48,time,126
1515.T,2023-08-31,2023-09-29,927.8,924.6,927.8,-0.35,stop_breakeven,29
1515.T,2023-11-13,2023-12-08,950.4,943.0,950.4,-0.78,stop_breakeven,25
1419.T,2021-03-12,2021-07-16,1633.3,2632.6,1633.3,61.18,time,126
1419.T,2021-09-07,2021-09-30,2270.0,2257.5,2270.0,-0.55,stop_breakeven,23
1419.T,2023-02-27,2023-07-03,2924.3,3071.5,2924.3,5.04,time,126
1419.T,2023-07-12,2023-10-11,3253.8,2916.6,2925.7,-10.36,stop_base,91
1419.T,2023-12-22,2024-04-26,3499.9,3973.9,3499.9,13.54,time,126
1419.T,2024-07-12,2024-10-24,4243.4,3544.1,3563.1,-16.48,stop_base,104
1417.T,2021-03-22,2021-07-26,1599.5,1795.1,1599.5,12.23,time,126
1417.T,2021-07-27,2021-11-11,1828.3,1824.4,1828.3,-0.21,stop_breakeven,107
1417.T,2023-08-15,2023-11-13,1709.2,1664.3,1709.2,-2.63,stop_breakeven,90
1417.T,2024-01-04,2024-02-14,1753.9,1635.2,1663.8,-6.77,stop_base,41
1417.T,2024-07-31,2024-08-01,2015.3,1910.3,1914.5,-5.21,stop_base,1
1417.T,2024-12-19,2025-04-04,2192.6,1993.2,2056.6,-9.09,stop_base,106
1433.T,2020-12-28,2021-01-27,1533.1,1523.2,1533.1,-0.64,stop_breakeven,30
1433.T,2021-03-10,2021-04-30,1624.3,1455.5,1458.2,-10.39,stop_base,51
1662.T,2020-01-06,2020-01-28,471.1,424.6,425.6,-9.87,stop_base,22
1662.T,2022-01-05,2022-01-21,425.4,423.5,425.4,-0.45,stop_breakeven,16
1662.T,2022-07-28,2022-11-08,564.4,685.6,564.4,21.48,earnings_close,103
1662.T,2022-11-10,2023-02-08,709.3,712.7,574.9,0.48,earnings_close,90
1662.T,2023-02-10,2023-03-20,744.0,742.3,744.0,-0.23,stop_breakeven,38
1662.T,2023-07-10,2023-08-07,786.7,896.0,786.7,13.9,earnings_close,28
1662.T,2023-09-06,2023-10-04,917.3,908.5,917.3,-0.96,stop_breakeven,28
1662.T,2023-11-21,2024-02-07,1030.2,1095.6,1030.2,6.35,earnings_close,78
1662.T,2024-03-19,2024-06-04,1211.9,1204.5,1211.9,-0.61,stop_breakeven,77
1518.T,2021-07-13,2021-11-16,159.6,219.7,159.6,37.68,time,126
1518.T,2022-07-21,2022-09-16,557.8,548.0,557.8,-1.75,stop_breakeven,57
1518.T,2023-02-13,2023-03-14,603.5,600.1,603.5,-0.55,stop_breakeven,29
1518.T,2024-07-08,2024-08-05,1042.2,748.2,839.1,-28.2,stop_base,28
1518.T,2024-09-27,2024-10-29,947.7,812.8,817.8,-14.23,stop_base,32
1414.T,2020-06-01,2020-10-05,1076.1,1114.1,1076.1,3.54,time,126
1414.T,2020-11-11,2020-12-08,1181.5,1088.1,1090.2,-7.9,stop_base,27
1414.T,2022-06-07,2022-06-20,1311.3,1304.5,1311.3,-0.51,stop_breakeven,13
1414.T,2022-08-12,2022-11-08,1444.3,1448.9,1285.6,0.31,earnings_close,88
1429.T,2020-02-13,2020-02-25,521.0,467.4,469.8,-10.3,stop_base,12
1429.T,2020-10-13,2020-11-13,604.0,499.9,504.8,-17.23,stop_base,31
1429.T,2022-10-31,2023-03-06,632.7,796.7,632.7,25.92,time,126
1429.T,2023-05-24,2023-06-26,813.6,754.2,755.1,-7.3,stop_base,33
1429.T,2023-07-19,2023-11-22,802.0,798.5,802.0,-0.44,stop_breakeven,126
1605.T,2021-09-24,2022-01-28,674.9,952.8,674.9,41.16,time,126
1605.T,2022-06-08,2022-06-23,1484.7,1227.6,1242.9,-17.31,stop_base,15
1605.T,2022-08-22,2022-09-07,1330.3,1297.4,1330.3,-2.47,stop_breakeven,16
1605.T,2022-11-01,2022-11-15,1336.3,1320.8,1336.3,-1.17,stop_breakeven,14
1605.T,2023-07-19,2023-11-22,1541.8,1907.4,1541.8,23.71,time,126
1605.T,2024-01-16,2024-05-21,1894.0,2249.9,1894.0,18.79,time,126
1605.T,2024-06-03,2024-06-05,2290.5,2134.2,2151.7,-6.82,stop_base,2
1605.T,2024-07-02,2024-08-02,2337.1,1976.5,2091.3,-15.43,stop_base,31
1663.T,2023-02-09,2023-03-16,2002.4,1998.6,2002.4,-0.19,stop_breakeven,35
1663.T,2023-04-18,2023-08-16,2288.2,2245.6,2288.2,-1.86,stop_breakeven,120
1663.T,2023-09-15,2023-11-15,2491.1,2102.1,2213.8,-15.62,stop_base,61
1663.T,2024-05-21,2024-06-19,3587.8,3412.8,3587.8,-4.88,stop_breakeven,29
1663.T,2024-10-07,2024-10-23,3431.3,3084.2,3094.0,-10.11,stop_base,16
1720.T,2021-06-28,2021-11-01,651.0,688.3,651.0,5.73,time,126
1720.T,2023-04-24,2023-05-30,623.5,620.0,623.5,-0.57,stop_breakeven,36
1720.T,2023-07-24,2023-10-19,661.5,660.9,661.5,-0.09,stop_breakeven,87
1720.T,2023-11-17,2024-03-22,724.0,777.2,724.0,7.35,time,126
1719.T,2020-01-07,2020-02-20,719.2,633.3,634.8,-11.93,stop_base,44
1719.T,2021-07-12,2021-10-22,674.4,618.2,620.3,-8.33,stop_base,102
1719.T,2023-05-15,2023-09-19,866.5,1093.9,866.5,26.24,time,127
1719.T,2024-01-04,2024-02-06,1008.3,1079.0,1008.3,7.01,earnings_close,33
1719.T,2024-02-08,2024-06-13,1101.0,997.0,950.1,-9.45,time,126
1721.T,2020-01-20,2020-02-10,2649.0,2442.1,2527.3,-7.81,stop_base,21
1721.T,2023-08-08,2023-10-03,2815.1,2808.7,2815.1,-0.23,stop_breakeven,56
1721.T,2023-11-10,2024-02-06,3059.3,2955.7,2730.1,-3.38,earnings_close,88
1721.T,2024-02-16,2024-05-08,3049.1,3419.7,3049.1,12.16,earnings_close,82
1726.T,2020-02-19,2020-03-02,412.2,384.2,385.0,-6.8,stop_base,12
1726.T,2020-06-30,2020-08-27,519.6,517.9,519.6,-0.32,stop_breakeven,58
1726.T,2020-09-03,2020-11-16,587.0,575.7,587.0,-1.93,stop_breakeven,74
1726.T,2023-04-04,2023-08-08,325.8,343.8,325.8,5.54,time,126
1762.T,2023-05-11,2023-09-14,2138.4,2451.7,2138.4,14.65,time,126
1762.T,2023-09-15,2023-10-04,2498.7,2321.9,2332.9,-7.07,stop_base,19
1762.T,2023-10-12,2024-02-08,2581.6,2566.7,2581.6,-0.58,stop_breakeven,119
1762.T,2024-05-31,2024-08-05,2703.2,2383.6,2703.2,-11.82,stop_breakeven,66
1762.T,2024-09-26,2024-11-18,2930.8,2603.1,2622.6,-11.18,stop_base,53
1766.T,2020-01-22,2020-02-28,6390.9,6192.2,6390.9,-3.11,stop_breakeven,37
1766.T,2020-06-18,2020-06-25,6365.4,6024.1,6032.7,-5.36,stop_base,7
1766.T,2020-11-24,2020-12-07,7082.2,6621.4,6689.7,-6.51,stop_base,13
1766.T,2021-06-15,2021-09-29,8847.5,8672.9,8847.5,-1.97,stop_breakeven,106
1766.T,2023-12-14,2024-04-18,8252.8,9736.4,8252.8,17.98,time,126
1766.T,2024-04-30,2024-08-05,10273.8,9856.0,10273.8,-4.07,stop_breakeven,97
1780.T,2023-03-08,2023-05-31,1090.4,1076.6,1090.4,-1.26,stop_breakeven,84
1780.T,2023-08-09,2023-12-13,1137.7,1360.2,1137.7,19.55,time,126
1780.T,2024-01-05,2024-02-09,1461.6,1445.4,1461.6,-1.11,stop_breakeven,35
1786.T,2022-11-01,2023-03-07,230.1,276.3,230.1,20.07,time,126
1786.T,2023-03-30,2023-08-03,286.6,273.2,256.7,-4.67,time,126
1786.T,2023-08-29,2024-01-04,296.4,312.3,296.4,5.37,time,128
1786.T,2024-01-05,2024-05-10,318.7,354.9,318.7,11.35,time,126
1786.T,2024-06-25,2024-08-01,339.1,313.1,314.9,-7.67,stop_base,37
1801.T,2022-07-26,2022-08-05,3846.4,3568.7,3582.2,-7.22,stop_base,10
1801.T,2022-09-16,2022-11-10,3837.4,3800.2,3568.7,-0.97,earnings_close,55
1801.T,2022-11-24,2023-02-07,3863.9,3904.9,3863.9,1.06,earnings_close,75
1801.T,2023-03-03,2023-03-17,4109.7,3704.6,3731.9,-9.86,stop_base,14
1801.T,2023-04-26,2023-05-11,4162.3,4375.1,4162.3,5.11,earnings_close,15
1801.T,2023-05-15,2023-08-17,4467.6,4450.9,4467.6,-0.37,stop_breakeven,94
1801.T,2023-09-28,2024-02-01,4979.4,4987.8,4426.9,0.17,time,126
1801.T,2024-05-01,2024-06-13,5556.1,5434.9,5556.1,-2.18,stop_breakeven,43
1801.T,2024-07-03,2024-08-05,5940.7,4707.5,5419.7,-20.76,stop_base,33
1801.T,2024-10-29,2024-11-05,6188.2,6142.3,5800.7,-0.74,earnings_close,7
1801.T,2024-11-07,2025-02-05,7032.1,6112.6,5800.7,-13.07,earnings_close,90
1803.T,2020-01-20,2020-01-29,946.2,945.3,875.7,-0.09,earnings_close,9
1803.T,2020-02-10,2020-02-17,971.0,907.2,918.0,-6.58,stop_base,7
1803.T,2023-05-22,2023-07-27,813.7,877.1,813.7,7.79,earnings_close,66
1803.T,2023-07-31,2023-11-08,904.8,863.0,904.8,-4.62,stop_breakeven,100
1803.T,2024-01-15,2024-02-06,937.9,953.4,844.4,1.65,earnings_close,22
1803.T,2024-12-24,2025-01-29,1185.9,1310.0,1185.9,10.46,earnings_close,36
1802.T,2020-02-06,2020-02-10,999.5,994.8,947.6,-0.47,earnings_close,4
1802.T,2022-11-10,2023-03-14,884.0,879.7,884.0,-0.49,stop_breakeven,124
1802.T,2023-04-24,2023-05-09,929.3,1037.2,929.3,11.61,earnings_close,15
1802.T,2023-05-29,2023-10-02,1047.0,1183.9,1047.0,13.07,time,126
1802.T,2024-02-19,2024-06-24,1304.8,1698.1,1304.8,30.14,time,126
1802.T,2024-06-26,2024-08-02,1746.6,1700.0,1746.6,-2.67,stop_breakeven,37
1802.T,2024-10-16,2025-02-19,1802.8,1977.1,1802.8,9.67,time,126
1808.T,2020-01-22,2020-02-25,1131.7,984.8,1028.7,-12.98,stop_base,34
1808.T,2021-08-12,2021-08-20,1237.4,1161.6,1163.2,-6.13,stop_base,8
1808.T,2022-09-01,2022-10-27,1385.4,1306.3,1310.4,-5.71,stop_base,56
1808.T,2023-07-31,2023-10-04,1640.6,1632.2,1640.6,-0.51,stop_breakeven,65
1808.T,2024-01-04,2024-02-09,1701.4,1693.7,1701.4,-0.45,stop_breakeven,36
1808.T,2024-12-03,2025-04-08,1927.5,1830.0,1726.9,-5.06,time,126
1812.T,2021-03-11,2021-04-20,1285.4,1285.4,1285.4,-0.01,stop_breakeven,40
1812.T,2023-03-08,2023-07-12,1495.7,1924.2,1495.7,28.65,time,126
1812.T,2023-07-24,2023-08-07,2017.7,1984.4,1873.1,-1.65,earnings_close,14
1812.T,2023-08-09,2023-10-04,2169.1,2087.0,2169.1,-3.79,stop_breakeven,56
1812.T,2023-11-01,2024-03-06,2377.5,2752.6,2377.5,15.78,time,126
1812.T,2024-03-07,2024-04-16,2768.8,2753.3,2768.8,-0.56,stop_breakeven,40
1812.T,2024-06-27,2024-08-02,2615.3,2419.0,2615.3,-7.51,stop_breakeven,36
1813.T,2020-12-15,2021-04-20,1425.2,1637.8,1425.2,14.91,time,126
1813.T,2021-07-27,2021-08-10,1599.7,1484.8,1493.3,-7.18,stop_base,14
1813.T,2023-07-26,2023-11-29,1717.3,1946.1,1717.3,13.32,time,126
1813.T,2023-11-30,2023-12-18,1995.3,1992.6,1995.3,-0.14,stop_breakeven,18
1813.T,2024-01-04,2024-03-25,2221.4,1879.6,1880.5,-15.39,stop_base,81
1813.T,2024-06-18,2024-08-05,2506.2,1857.8,2067.1,-25.87,stop_base,48
1814.T,2021-06-09,2021-10-13,785.9,725.9,729.8,-7.63,stop_base,126
1814.T,2022-08-01,2022-08-04,1266.6,1109.7,1210.8,-12.39,stop_base,3
1814.T,2024-02-19,2024-06-24,1428.9,1515.9,1428.9,6.08,time,126
1814.T,2024-07-31,2024-08-02,1590.6,1434.9,1494.5,-9.79,stop_base,2
1815.T,2023-09-05,2023-10-03,1840.1,1824.2,1840.1,-0.87,stop_breakeven,28
1815.T,2024-02-16,2024-06-21,2141.9,2407.3,2141.9,12.39,time,126
1820.T,2021-03-08,2021-07-12,2118.8,2842.4,2118.8,34.15,time,126
1820.T,2021-09-08,2021-10-27,2838.5,2564.0,2574.5,-9.67,stop_base,49
1820.T,2021-11-19,2022-02-02,2854.6,2990.0,2854.6,4.74,earnings_close,75
1820.T,2022-06-07,2022-10-11,3601.5,3260.9,3041.1,-9.46,time,126
1820.T,2024-02-19,2024-05-23,4094.3,4069.9,4094.3,-0.59,stop_breakeven,94
1820.T,2024-07-02,2024-08-02,4197.0,4174.0,4197.0,-0.55,stop_breakeven,31
1820.T,2024-11-07,2025-02-17,4889.3,4604.9,4623.6,-5.82,stop_base,102
1833.T,2021-09-01,2021-09-29,2353.9,2341.8,2353.9,-0.52,stop_breakeven,28
1833.T,2021-11-12,2022-03-18,2626.2,2439.2,2263.8,-7.12,time,126
1833.T,2023-04-26,2023-08-30,2861.0,3901.4,2861.0,36.36,time,126
1833.T,2023-08-31,2024-01-04,3949.1,4196.3,3949.1,6.26,time,126
1833.T,2024-01-05,2024-05-10,4205.1,4504.2,4205.1,7.11,time,126
1833.T,2024-06-25,2024-08-02,4526.9,4331.5,4363.3,-4.32,stop_base,38
1835.T,2023-01-24,2023-03-20,2369.9,2346.0,2369.9,-1.01,stop_breakeven,55
1835.T,2023-05-01,2023-05-31,2477.9,2286.9,2346.0,-7.71,stop_base,30
1835.T,2023-09-01,2023-11-08,2540.0,2511.0,2540.0,-1.14,stop_breakeven,68
1835.T,2023-12-12,2024-04-16,2818.5,2837.2,2511.0,0.67,time,126
1835.T,2024-07-16,2024-08-02,3027.9,2776.8,2818.6,-8.29,stop_base,17
1835.T,2024-09-26,2025-01-30,3232.6,3024.9,2888.4,-6.42,time,126
1852.T,2020-01-09,2020-02-25,326.3,325.6,326.3,-0.21,stop_breakeven,47
1852.T,2021-11-17,2022-03-23,369.7,425.1,369.7,14.98,time,126
1852.T,2022-06-07,2022-09-26,434.2,432.7,434.2,-0.34,stop_breakeven,111
1852.T,2022-11-09,2023-03-15,458.9,553.0,458.9,20.51,time,126
1852.T,2023-05-09,2023-09-12,547.6,627.5,547.6,14.58,time,126
1852.T,2023-09-19,2024-01-23,636.1,724.5,636.1,13.9,time,126
1852.T,2024-01-26,2024-05-31,732.2,645.4,618.9,-11.85,time,126
1860.T,2021-03-19,2021-05-12,708.5,651.9,600.5,-7.99,earnings_close,54
1860.T,2023-05-01,2023-09-04,730.4,746.3,607.9,2.17,time,126
1860.T,2023-09-14,2023-10-04,756.8,703.0,703.8,-7.11,stop_base,20
1860.T,2023-10-31,2023-11-21,770.2,766.3,770.2,-0.51,stop_breakeven,21
1860.T,2023-12-11,2024-04-15,857.9,941.8,857.9,9.78,time,126
1860.T,2024-05-02,2024-06-12,976.8,959.6,976.8,-1.77,stop_breakeven,41
1860.T,2024-07-31,2024-08-02,1018.9,939.0,964.7,-7.84,stop_base,2
1861.T,2023-05-30,2023-08-09,696.5,689.6,696.5,-0.98,stop_breakeven,71
1861.T,2023-08-28,2024-01-04,740.9,834.2,740.9,12.6,time,129
1861.T,2024-01-09,2024-05-14,843.3,946.0,843.3,12.18,time,126
1870.T,2020-02-06,2020-02-28,632.9,590.0,594.5,-6.77,stop_base,22
1870.T,2020-08-06,2020-09-09,641.3,637.5,641.3,-0.59,stop_breakeven,34
1870.T,2020-11-05,2021-02-26,744.8,632.4,642.4,-15.08,stop_base,113
1870.T,2023-03-09,2023-07-13,743.4,1061.6,743.4,42.81,time,126
1870.T,2023-07-19,2023-10-02,1113.7,1094.9,1113.7,-1.69,stop_breakeven,75
1870.T,2023-12-04,2024-04-08,1180.0,1309.2,1180.0,10.95,time,126
1870.T,2024-05-17,2024-08-02,1397.8,1360.8,1397.8,-2.65,stop_breakeven,77
1871.T,2020-02-06,2020-02-12,540.4,503.4,511.3,-6.85,stop_base,6
1871.T,2023-03-09,2023-07-13,567.9,662.8,567.9,16.71,time,126
1871.T,2023-07-27,2023-11-30,678.4,829.6,678.4,22.29,time,126
1871.T,2024-01-25,2024-05-30,821.6,918.0,821.6,11.73,time,126
1871.T,2024-07-17,2024-08-02,938.8,859.2,886.4,-8.48,stop_base,16
1871.T,2024-12-10,2025-04-15,1010.0,1336.8,1010.0,32.36,time,126
1873.T,2021-06-23,2021-10-27,301.7,329.2,301.7,9.12,time,126
1878.T,2021-07-05,2021-07-27,2067.7,2169.6,2067.7,4.92,earnings_close,22
1878.T,2021-09-13,2021-10-26,2197.5,2274.7,1984.0,3.52,earnings_close,43
1878.T,2021-10-29,2021-11-26,2360.0,2094.2,2105.9,-11.26,stop_base,28
1878.T,2022-01-04,2022-01-26,2236.3,2187.8,2054.1,-2.17,earnings_close,22
1878.T,2022-10-31,2022-12-02,2559.9,2552.9,2559.9,-0.27,stop_breakeven,32
1878.T,2023-10-31,2024-03-05,2915.0,3155.1,2915.0,8.24,time,126
1878.T,2024-03-19,2024-04-30,3252.6,3102.8,3020.6,-4.6,earnings_close,42
1878.T,2024-07-31,2024-12-04,3326.6,3193.7,3026.7,-3.99,time,126
1879.T,2023-02-08,2023-06-14,754.2,1020.7,754.2,35.34,time,126
1879.T,2023-06-16,2023-10-04,1056.9,1050.4,1056.9,-0.62,stop_breakeven,110
1879.T,2024-03-01,2024-07-05,1200.5,1507.8,1200.5,25.59,time,126
1879.T,2024-07-12,2024-08-05,1576.2,1207.9,1390.6,-23.37,stop_base,24
1879.T,2024-09-26,2025-01-30,1550.9,1531.8,1380.3,-1.23,time,126
1882.T,2020-12-11,2021-04-16,303.1,351.2,303.1,15.87,time,126
1882.T,2021-04-26,2021-08-20,364.2,360.2,364.2,-1.11,stop_breakeven,116
1882.T,2021-09-17,2021-11-26,387.8,386.2,387.8,-0.42,stop_breakeven,70
1882.T,2022-01-04,2022-05-10,402.4,424.6,402.4,5.52,time,126
1882.T,2022-07-20,2022-11-24,485.3,505.5,454.9,4.17,time,127
1882.T,2022-11-25,2023-03-31,528.2,647.5,528.2,22.58,time,126
1882.T,2023-04-12,2023-05-31,699.3,692.4,699.3,-0.99,stop_breakeven,49
1882.T,2023-06-27,2023-10-31,783.1,985.9,783.1,25.91,time,126
1882.T,2023-11-01,2024-03-06,1008.4,1120.6,1008.4,11.13,time,126
1882.T,2024-03-27,2024-05-15,1155.2,1083.9,1084.4,-6.17,stop_base,49
1885.T,2020-07-30,2020-12-03,321.4,401.6,321.4,24.92,time,126
1885.T,2021-01-07,2021-02-01,407.5,400.4,407.5,-1.76,stop_breakeven,25
1885.T,2021-02-09,2021-06-15,428.5,510.1,428.5,19.04,time,126
1885.T,2021-07-06,2021-07-20,520.0,504.3,506.0,-3.02,stop_base,14
1885.T,2021-09-14,2022-01-18,518.8,491.9,467.2,-5.17,time,126
1885.T,2023-04-12,2023-08-16,626.4,772.0,626.4,23.23,time,126
1885.T,2023-08-22,2023-11-08,778.6,755.4,778.6,-2.98,stop_breakeven,78
1885.T,2023-11-17,2023-12-08,843.9,741.0,755.4,-12.19,stop_base,21
1885.T,2024-01-05,2024-05-10,828.4,983.4,828.4,18.71,time,126
1888.T,2021-06-23,2021-10-27,1256.3,1715.8,1256.3,36.58,time,126
1888.T,2022-07-26,2022-11-29,2127.3,2387.4,2127.3,12.23,time,126
1888.T,2022-12-13,2023-04-18,2527.2,3592.4,2527.2,42.15,time,126
1888.T,2023-04-24,2023-05-15,3633.3,3546.9,3633.3,-2.38,stop_breakeven,21
1888.T,2024-08-20,2024-09-04,3341.9,3158.8,3341.9,-5.48,stop_breakeven,15
1888.T,2024-11-07,2025-01-07,3445.1,3365.3,3445.1,-2.32,stop_breakeven,61
1893.T,2020-02-10,2020-02-21,547.7,511.5,513.9,-6.61,stop_base,11
1893.T,2020-11-10,2021-03-16,614.9,710.0,614.9,15.47,time,126
1893.T,2021-03-22,2021-07-07,737.1,638.1,641.1,-13.42,stop_base,107
1893.T,2022-10-31,2022-11-10,647.3,568.5,621.0,-12.16,stop_base,10
1893.T,2023-08-10,2023-10-04,763.7,745.7,763.7,-2.36,stop_breakeven,55
1898.T,2020-01-09,2020-01-30,673.0,671.5,673.0,-0.22,stop_breakeven,21
1898.T,2023-04-17,2023-08-21,787.5,1296.1,787.5,64.6,time,126
1898.T,2023-08-24,2023-10-03,1327.9,1323.3,1327.9,-0.34,stop_breakeven,40
1898.T,2023-11-29,2024-04-03,1474.0,1605.8,1474.0,8.95,time,126
1899.T,2020-02-07,2020-02-18,4260.0,3880.4,4044.9,-8.91,stop_base,11
1899.T,2020-11-10,2021-01-18,4521.5,4455.2,4521.5,-1.47,stop_breakeven,69
1899.T,2021-03-16,2021-03-24,4670.2,4592.8,4670.2,-1.66,stop_breakeven,8
1899.T,2022-08-22,2022-09-07,4433.8,4061.4,4114.6,-8.4,stop_base,16
1899.T,2022-11-24,2022-12-20,4389.5,4079.1,4119.0,-7.07,stop_base,26
1899.T,2024-01-04,2024-05-09,5138.6,5138.6,4536.5,0.0,time,126
1899.T,2024-06-27,2024-08-02,5399.3,5064.1,5399.3,-6.21,stop_breakeven,36
1911.T,2020-02-06,2020-03-06,446.6,403.3,408.4,-9.71,stop_base,29
1911.T,2020-11-24,2021-03-30,516.8,674.2,516.8,30.47,time,126
1911.T,2022-11-11,2023-03-17,691.4,826.9,691.4,19.61,time,126
1911.T,2023-04-12,2023-04-25,831.8,858.4,774.2,3.21,earnings_close,13
1911.T,2023-04-27,2023-08-31,867.5,1266.0,867.5,45.93,time,126
1911.T,2023-11-20,2024-03-25,1172.9,1418.1,1172.9,20.91,time,126
1911.T,2024-03-27,2024-04-16,1453.8,1442.6,1453.8,-0.78,stop_breakeven,20
1911.T,2024-05-01,2024-05-29,1678.0,1674.3,1678.0,-0.22,stop_breakeven,28
1911.T,2024-07-12,2024-08-02,1800.9,1695.0,1800.9,-5.88,stop_breakeven,21
1925.T,2021-07-06,2021-11-09,2845.3,2997.7,2845.3,5.36,time,126
1925.T,2023-05-16,2023-09-19,3224.5,3811.5,3224.5,18.2,time,126
1925.T,2023-11-01,2023-11-08,3896.0,3827.8,3552.4,-1.75,earnings_close,7
1925.T,2023-12-06,2024-01-18,4052.6,4035.1,4052.6,-0.43,stop_breakeven,43
1925.T,2024-03-19,2024-05-08,4166.9,4029.8,3916.3,-3.29,earnings_close,50
1925.T,2024-12-27,2025-01-10,4647.7,4402.1,4425.9,-5.28,stop_base,14
1926.T,2020-12-16,2021-04-21,1474.1,1525.8,1474.1,3.5,time,126
1926.T,2021-07-06,2021-11-09,1577.4,1700.8,1577.4,7.82,time,126
1926.T,2022-11-10,2022-12-21,1835.4,1640.9,1653.9,-10.6,stop_base,41
1926.T,2023-04-28,2023-09-01,1795.2,1823.0,1686.9,1.55,time,126
1926.T,2024-12-20,2025-04-25,2111.2,2568.5,2111.2,21.66,time,126
1928.T,2020-01-17,2020-02-27,1865.7,1719.6,1789.6,-7.83,stop_base,41
1928.T,2021-10-15,2021-11-30,2022.0,1835.5,1845.1,-9.22,stop_base,46
1928.T,2021-12-28,2022-03-08,2069.8,1894.8,1835.5,-8.45,earnings_close,70
1928.T,2023-03-03,2023-03-07,2316.2,2350.8,2098.1,1.49,earnings_close,4
1928.T,2023-03-09,2023-05-31,2420.0,2416.5,2420.0,-0.15,stop_breakeven,83
1928.T,2023-07-03,2023-09-05,2618.3,2768.5,2618.3,5.74,earnings_close,64
1928.T,2023-09-07,2023-10-03,2790.2,2567.9,2568.3,-7.97,stop_base,26
1928.T,2023-11-14,2023-12-05,2740.4,2786.6,2498.6,1.69,earnings_close,21
1928.T,2024-01-04,2024-03-05,2889.8,3115.6,2889.8,7.81,earnings_close,61
1928.T,2024-04-24,2024-06-04,3339.0,3339.0,3065.7,0.0,earnings_close,41
1928.T,2024-07-11,2024-08-01,3396.2,3305.1,3396.2,-2.68,stop_breakeven,21
1928.T,2024-09-20,2024-12-03,3717.3,3417.7,3098.5,-8.06,earnings_close,74
1928.T,2024-12-26,2025-02-20,3515.4,3211.4,3273.2,-8.65,stop_base,56
1929.T,2020-01-21,2020-02-28,662.5,570.2,585.1,-13.93,stop_base,38
1929.T,2020-08-12,2020-12-16,623.2,615.4,552.9,-1.26,time,126
1929.T,2022-07-20,2022-11-24,715.0,786.3,715.0,9.97,time,127
1929.T,2022-11-29,2023-04-04,793.2,879.9,793.2,10.93,time,126
1929.T,2023-04-28,2023-09-01,889.6,970.8,889.6,9.13,time,126
1929.T,2023-09-15,2023-10-04,1010.5,916.2,933.8,-9.34,stop_base,19
1929.T,2024-02-06,2024-06-11,1071.0,1005.4,912.6,-6.12,time,126
1930.T,2020-01-14,2020-02-25,767.6,670.8,678.1,-12.62,stop_base,42
1930.T,2020-12-10,2021-04-15,882.0,799.2,755.3,-9.39,time,126
1930.T,2021-05-19,2021-08-04,879.7,850.5,879.7,-3.31,stop_breakeven,77
1930.T,2021-09-15,2021-10-28,935.9,740.0,811.0,-20.93,stop_base,43
1930.T,2023-06-16,2023-07-13,819.5,817.7,819.5,-0.22,stop_breakeven,27
1930.T,2023-07-24,2023-10-04,889.9,876.0,889.9,-1.55,stop_breakeven,72
1930.T,2023-12-27,2024-05-01,904.5,1070.6,904.5,18.37,time,126
1930.T,2024-06-25,2024-08-02,1109.9,1000.6,1001.5,-9.85,stop_base,38
1934.T,2020-12-10,2021-04-15,627.2,677.5,627.2,8.02,time,126
1934.T,2022-07-26,2022-11-29,653.6,655.8,605.6,0.34,time,126
1934.T,2023-01-25,2023-05-31,672.7,730.6,672.7,8.6,time,126
1934.T,2023-06-28,2023-11-01,783.1,922.9,783.1,17.86,time,126
1934.T,2023-12-01,2024-04-05,937.6,1321.1,937.6,40.9,time,126
1934.T,2024-05-10,2024-06-05,1444.6,1423.0,1444.6,-1.49,stop_breakeven,26
1934.T,2024-09-20,2025-01-24,1476.4,1380.9,1279.0,-6.47,time,126
1938.T,2020-06-16,2020-10-16,1958.4,1946.6,1958.4,-0.6,stop_breakeven,122
1938.T,2023-07-19,2023-08-07,1305.0,1142.3,1211.5,-12.47,stop_base,19
1938.T,2023-09-21,2023-10-04,1249.3,1094.7,1103.7,-12.37,stop_base,13
1939.T,2021-03-09,2021-04-01,400.7,395.1,400.7,-1.38,stop_breakeven,23
1939.T,2021-04-30,2021-06-21,424.8,414.9,424.8,-2.33,stop_breakeven,52
1939.T,2021-09-03,2022-01-07,467.6,451.5,387.8,-3.43,time,126
1939.T,2022-06-09,2022-10-13,489.3,499.8,489.3,2.14,time,126
1939.T,2023-03-01,2023-03-13,540.1,539.5,540.1,-0.11,stop_breakeven,12
1939.T,2023-05-16,2023-09-19,580.5,878.7,580.5,51.38,time,126
1939.T,2023-11-01,2023-12-15,886.6,880.9,886.6,-0.64,stop_breakeven,44
1939.T,2024-01-04,2024-05-09,954.9,1072.5,954.9,12.31,time,126
1939.T,2024-06-25,2024-08-05,1111.8,1002.8,1064.9,-9.81,stop_base,41
1939.T,2024-10-07,2025-02-10,1218.1,1318.5,1218.1,8.24,time,126
1941.T,2023-09-15,2024-01-19,2251.5,2502.2,2251.5,11.14,time,126
1941.T,2024-01-31,2024-06-05,2562.0,2931.1,2562.0,14.41,time,126
1941.T,2024-07-16,2024-08-02,3164.9,2861.0,2889.1,-9.6,stop_base,17
1941.T,2024-09-26,2025-01-30,3169.5,2998.2,2907.8,-5.41,time,126
1942.T,2023-04-24,2023-08-28,886.5,1220.1,886.5,37.63,time,126
1942.T,2023-08-31,2023-10-04,1230.2,1195.0,1230.2,-2.86,stop_breakeven,34
1942.T,2023-10-31,2024-03-05,1302.3,1631.6,1302.3,25.29,time,126
1942.T,2024-04-10,2024-04-26,1683.4,1675.9,1683.4,-0.45,stop_breakeven,16
1942.T,2024-07-30,2024-08-05,1789.4,1576.6,1789.4,-11.89,stop_breakeven,6
1942.T,2024-11-12,2025-01-28,2186.1,2117.7,2186.1,-3.13,stop_breakeven,77
1944.T,2020-06-09,2020-10-07,1600.7,1589.5,1600.7,-0.7,stop_breakeven,120
1944.T,2023-05-15,2023-09-19,1761.6,2086.0,1761.6,18.42,time,127
1944.T,2023-10-31,2024-03-05,2138.1,2417.3,2138.1,13.05,time,126
1944.T,2024-03-07,2024-07-11,2535.0,3111.6,2535.0,22.75,time,126
1945.T,2021-06-16,2021-10-20,832.3,903.1,832.3,8.51,time,126
1945.T,2021-11-01,2022-01-11,950.7,815.3,850.4,-14.25,stop_base,71
1945.T,2023-12-21,2024-04-25,947.1,1216.2,947.1,28.41,time,126
1945.T,2024-05-31,2024-07-25,1290.9,1143.3,1187.6,-11.43,stop_base,55
1946.T,2020-01-31,2020-02-03,611.5,567.5,580.6,-7.21,stop_base,3
1946.T,2020-12-14,2021-04-19,647.3,660.3,544.5,2.0,time,126
1946.T,2022-11-24,2022-12-05,617.5,573.4,575.2,-7.13,stop_base,11
1946.T,2023-09-01,2023-10-03,731.8,730.6,731.8,-0.17,stop_breakeven,32
1946.T,2023-12-06,2024-04-10,759.0,1049.8,759.0,38.31,time,126
1946.T,2024-05-31,2024-07-02,1069.8,971.5,1069.8,-9.18,stop_breakeven,32
1950.T,2023-07-21,2023-10-02,1953.1,1945.7,1953.1,-0.37,stop_breakeven,73
1951.T,2023-04-18,2023-08-22,1107.1,1328.8,1107.1,20.02,time,126
1951.T,2023-08-23,2023-10-04,1363.5,1328.3,1363.5,-2.58,stop_breakeven,42
1951.T,2023-11-10,2024-02-07,1448.4,1521.1,1328.3,5.02,earnings_close,89
1951.T,2024-04-09,2024-05-08,1546.2,1591.1,1448.4,2.91,earnings_close,29
1951.T,2024-05-10,2024-05-29,1621.6,1490.9,1502.1,-8.06,stop_base,19
1952.T,2021-09-17,2021-11-26,1076.6,910.2,919.7,-15.46,stop_base,70
1952.T,2023-05-11,2023-09-14,932.8,1124.4,932.8,20.54,time,126
1952.T,2024-02-02,2024-06-07,1183.5,1874.0,1183.5,58.35,time,126
1952.T,2024-07-17,2024-08-02,2019.8,1763.0,1767.6,-12.71,stop_base,16
1959.T,2021-03-19,2021-04-21,3491.3,3458.0,3491.3,-0.95,stop_breakeven,33
1959.T,2021-09-02,2021-09-21,3484.2,3466.8,3484.2,-0.5,stop_breakeven,19
1959.T,2023-01-24,2023-01-30,3065.5,3061.0,2832.5,-0.15,earnings_close,6
1959.T,2023-02-17,2023-03-14,3134.1,3056.4,3134.1,-2.48,stop_breakeven,25
1959.T,2023-04-25,2023-04-26,3204.2,3222.8,2962.4,0.58,earnings_close,1
1959.T,2023-04-28,2023-07-24,3362.4,3753.0,3362.4,11.62,earnings_close,87
1959.T,2023-07-27,2023-10-25,3869.3,4175.1,3869.3,7.9,earnings_close,90
1959.T,2023-11-24,2024-03-29,4426.4,6088.8,4426.4,37.56,time,126
1959.T,2024-04-04,2024-04-24,6123.0,6611.6,6123.0,7.98,earnings_close,20
1959.T,2024-04-26,2024-05-23,6709.6,5768.4,5795.5,-14.03,stop_base,27
1959.T,2024-07-30,2024-08-05,6391.1,5306.4,5313.1,-16.97,stop_base,6
1959.T,2024-09-24,2024-10-22,6410.1,5829.8,5874.9,-9.05,stop_base,28
1961.T,2021-07-26,2021-10-01,394.6,387.6,394.6,-1.77,stop_breakeven,67
1961.T,2022-07-25,2022-11-28,464.8,457.0,401.3,-1.69,time,126
1961.T,2023-10-31,2024-03-05,522.4,592.1,522.4,13.35,time,126
1961.T,2024-03-18,2024-07-22,619.2,689.9,619.2,11.41,time,126
1961.T,2024-07-23,2024-08-05,708.2,556.6,631.9,-21.4,stop_base,13
1961.T,2024-09-27,2025-01-31,751.9,979.8,751.9,30.3,time,126
1963.T,2022-08-19,2022-10-11,1620.7,1590.0,1620.7,-1.9,stop_breakeven,53
1963.T,2022-11-22,2022-12-23,1745.5,1507.7,1514.9,-13.63,stop_base,31
1964.T,2021-04-23,2021-05-13,1871.0,1676.4,1698.8,-10.4,stop_base,20
1964.T,2023-05-10,2023-09-13,1674.5,1918.8,1674.5,14.59,time,126
1964.T,2023-09-14,2023-10-04,1971.1,1904.4,1971.1,-3.39,stop_breakeven,20
1964.T,2023-11-30,2024-04-04,2018.9,2686.9,2018.9,33.09,time,126
1964.T,2024-04-30,2024-07-02,3099.6,3076.4,3099.6,-0.75,stop_breakeven,63
1968.T,2021-09-07,2021-11-09,822.7,750.6,753.2,-8.75,stop_base,63
1968.T,2021-12-16,2022-02-28,830.4,746.6,747.2,-10.08,stop_base,74
1968.T,2022-08-05,2022-11-14,927.8,920.4,927.8,-0.8,stop_breakeven,101
1968.T,2023-02-10,2023-06-16,1071.5,1344.2,1071.5,25.45,time,126
1968.T,2023-06-19,2023-08-14,1364.1,1202.2,1223.6,-11.87,stop_base,56
1968.T,2024-05-31,2024-06-11,1666.8,1651.0,1666.8,-0.94,stop_breakeven,11
1969.T,2021-07-14,2021-11-17,852.2,854.3,852.2,0.24,time,126
1969.T,2023-02-13,2023-06-19,868.2,1130.1,868.2,30.17,time,126
1969.T,2023-06-21,2023-10-25,1131.0,1274.2,1131.0,12.66,time,126
1969.T,2023-10-27,2024-03-01,1371.2,1996.0,1371.2,45.57,time,126
1969.T,2024-04-09,2024-08-05,2332.4,2197.5,2332.4,-5.78,stop_breakeven,118
1969.T,2024-09-24,2024-10-15,2545.2,2365.4,2370.2,-7.07,stop_base,21
1969.T,2024-12-20,2025-02-14,3081.7,2588.5,2676.6,-16.0,stop_base,56
1975.T,2022-08-25,2022-09-16,814.7,761.0,763.0,-6.59,stop_base,22
1975.T,2022-10-19,2023-01-06,836.0,831.8,836.0,-0.51,stop_breakeven,79
1975.T,2023-02-08,2023-03-14,888.4,877.0,888.4,-1.28,stop_breakeven,34
1975.T,2023-04-03,2023-08-07,958.3,1009.0,958.3,5.29,time,126
1975.T,2023-09-14,2024-01-18,1076.6,1335.6,1076.6,24.06,time,126
1975.T,2024-02-01,2024-04-19,1395.0,1369.3,1395.0,-1.84,stop_breakeven,78
1976.T,2020-01-07,2020-01-27,766.9,685.9,688.2,-10.57,stop_base,20
1976.T,2023-01-24,2023-05-30,704.4,829.8,704.4,17.81,time,126
1976.T,2023-06-06,2023-10-10,835.1,917.8,835.1,9.9,time,126
1976.T,2023-10-12,2024-02-15,940.1,1023.0,940.1,8.82,time,126
1976.T,2024-02-16,2024-06-21,1063.2,1147.5,1063.2,7.93,time,126
1976.T,2024-07-04,2024-08-02,1277.1,1094.2,1137.4,-14.33,stop_base,29
1976.T,2024-12-09,2025-02-20,1294.0,1175.1,1187.3,-9.18,stop_base,73
1979.T,2021-09-03,2021-10-12,1533.5,1426.1,1437.0,-7.0,stop_base,39
1979.T,2022-10-19,2022-11-08,1555.7,1596.1,1396.4,2.6,earnings_close,20
1979.T,2022-11-24,2023-01-05,1629.9,1470.2,1474.7,-9.79,stop_base,42
1979.T,2023-01-30,2023-02-08,1580.4,1548.9,1463.5,-1.99,earnings_close,9
1979.T,2023-02-28,2023-07-04,1611.9,1870.1,1611.9,16.02,time,126
1979.T,2023-07-20,2023-08-09,1895.3,1872.4,1739.5,-1.21,earnings_close,20
1979.T,2023-08-14,2023-12-18,2108.5,1878.9,1819.7,-10.89,time,126
1979.T,2024-05-09,2024-05-13,2255.0,2271.5,2104.2,0.73,earnings_close,4
1979.T,2024-05-17,2024-07-25,2375.1,2325.7,2375.1,-2.08,stop_breakeven,69
1980.T,2020-02-07,2020-03-03,390.0,328.2,336.7,-15.86,stop_base,25
1980.T,2020-05-28,2020-08-07,380.8,336.8,339.5,-11.57,stop_base,71
1980.T,2023-02-27,2023-07-03,345.9,411.1,345.9,18.83,time,126
1980.T,2023-07-10,2023-11-13,414.2,454.3,414.2,9.7,time,126
1980.T,2024-01-22,2024-05-27,461.6,1035.1,461.6,124.25,time,126
1980.T,2024-09-24,2025-01-28,939.6,1098.5,939.6,16.9,time,126
1982.T,2023-03-09,2023-06-06,983.1,972.4,983.1,-1.08,stop_breakeven,89
1982.T,2023-09-01,2023-10-04,1040.4,1034.7,1040.4,-0.55,stop_breakeven,33
1982.T,2023-11-21,2024-03-26,1091.3,1393.9,1091.3,27.73,time,126
1982.T,2024-05-13,2024-08-02,1447.1,1432.9,1447.1,-0.98,stop_breakeven,81
1982.T,2024-09-26,2024-10-23,1703.4,1654.8,1703.4,-2.85,stop_breakeven,27
1982.T,2024-11-11,2024-12-11,1844.6,1839.8,1844.6,-0.26,stop_breakeven,30
2001.T,2023-08-07,2023-12-11,1848.7,2190.3,1848.7,18.48,time,126
2001.T,2024-02-06,2024-05-29,2143.8,2131.8,2143.8,-0.56,stop_breakeven,113
2001.T,2024-06-26,2024-08-05,2217.9,2081.6,2107.2,-6.14,stop_base,40
2002.T,2023-06-09,2023-07-25,1673.0,1583.7,1480.2,-5.34,earnings_close,46
2002.T,2023-08-21,2023-10-04,1705.7,1685.6,1705.7,-1.18,stop_breakeven,44
2002.T,2023-10-30,2023-11-20,1965.2,1952.7,1965.2,-0.64,stop_breakeven,21
2002.T,2024-02-01,2024-04-02,1955.9,1938.7,1955.9,-0.88,stop_breakeven,61
2004.T,2020-09-28,2020-10-07,3107.1,2925.9,2948.8,-5.83,stop_base,9
2004.T,2023-08-31,2024-01-04,2738.3,2956.1,2738.3,7.95,time,126
2004.T,2024-01-05,2024-02-09,2979.2,2956.1,2979.2,-0.78,stop_breakeven,35
2004.T,2024-02-13,2024-05-14,3182.5,3082.4,3182.5,-3.14,stop_breakeven,91
2053.T,2020-01-31,2020-02-25,1412.4,1243.4,1269.0,-11.96,stop_base,25
2053.T,2020-05-28,2020-10-02,1419.7,1403.5,1419.7,-1.14,stop_breakeven,127
2053.T,2024-06-25,2024-08-05,1508.5,1187.6,1321.6,-21.27,stop_base,41
2053.T,2024-10-01,2024-10-11,1447.8,1348.5,1363.4,-6.86,stop_base,10
2060.T,2020-07-21,2020-08-28,834.2,739.7,760.3,-11.33,stop_base,38
2060.T,2023-08-24,2023-12-28,725.3,726.5,660.6,0.17,time,126
2060.T,2024-02-01,2024-06-06,819.5,814.0,819.5,-0.67,stop_breakeven,126
2060.T,2024-06-25,2024-08-02,902.8,807.5,814.0,-10.55,stop_base,38
2108.T,2023-08-08,2023-08-18,1778.2,1655.6,1658.3,-6.89,stop_base,10
2108.T,2023-09-22,2024-01-26,1775.4,1957.0,1775.4,10.22,time,126
2108.T,2024-01-29,2024-06-03,1987.8,1827.2,1717.3,-8.08,time,126
2108.T,2024-06-26,2024-08-05,2108.5,2091.7,2108.5,-0.8,stop_breakeven,40
2108.T,2024-09-26,2024-11-01,2705.4,2294.7,2318.0,-15.18,stop_base,36
2109.T,2023-04-24,2023-08-28,1961.5,2644.2,1961.5,34.8,time,126
2109.T,2023-08-29,2023-10-03,2657.5,2654.5,2657.5,-0.11,stop_breakeven,35
2109.T,2024-01-05,2024-04-02,2834.1,2825.9,2834.1,-0.29,stop_breakeven,88
2109.T,2024-05-16,2024-08-02,2923.2,2872.3,2923.2,-1.74,stop_breakeven,78
2109.T,2024-12-19,2025-03-31,3276.9,3247.2,3276.9,-0.91,stop_breakeven,102
2117.T,2023-05-17,2023-09-11,1814.5,1786.3,1814.5,-1.55,stop_breakeven,117
2117.T,2023-11-15,2024-03-21,1846.2,2147.2,1846.2,16.3,time,127
2117.T,2024-03-22,2024-04-16,2179.6,2010.1,2019.6,-7.77,stop_base,25
2117.T,2024-05-16,2024-08-05,2104.0,1821.5,1959.5,-13.42,stop_base,81
2120.T,2023-06-02,2023-08-10,230.4,226.7,230.4,-1.61,stop_breakeven,69
2121.T,2020-09-24,2020-12-01,2088.1,2066.2,2088.1,-1.05,stop_breakeven,68
2121.T,2021-02-04,2021-06-10,2091.5,2295.1,2091.5,9.73,time,126
2121.T,2021-06-11,2021-08-10,2333.0,2054.3,2122.2,-11.95,stop_base,60
2121.T,2022-11-18,2023-03-24,2119.4,2323.7,2119.4,9.64,time,126
2121.T,2023-04-04,2023-05-31,2424.5,2410.4,2424.5,-0.58,stop_breakeven,57
2121.T,2024-11-25,2025-03-31,2680.9,3168.6,2680.9,18.19,time,126
2124.T,2021-04-13,2021-08-17,389.9,343.7,339.1,-11.84,time,126
2124.T,2021-11-01,2021-11-26,480.7,443.0,448.0,-7.85,stop_base,25
2124.T,2022-11-25,2023-01-05,565.6,507.7,513.0,-10.23,stop_base,41
2124.T,2023-02-28,2023-03-20,544.7,542.4,544.7,-0.41,stop_breakeven,20
2124.T,2023-06-19,2023-08-14,587.5,587.3,587.5,-0.04,stop_breakeven,56
2127.T,2020-01-07,2020-01-31,1636.4,1367.6,1636.4,-16.43,stop_breakeven,24
2127.T,2020-08-03,2020-09-09,2226.2,2221.9,2226.2,-0.19,stop_breakeven,37
2127.T,2020-09-23,2021-01-19,2477.0,2395.8,2477.0,-3.28,stop_breakeven,118
2127.T,2021-11-19,2021-12-15,3221.4,2703.3,2720.7,-16.08,stop_base,26
2130.T,2021-04-09,2021-04-26,2354.6,2284.8,2354.6,-2.97,stop_breakeven,17
2130.T,2021-05-10,2021-08-02,2630.4,2502.2,2630.4,-4.87,stop_breakeven,84
2146.T,2023-06-16,2023-08-14,175.0,141.6,148.2,-19.08,stop_base,59
2148.T,2020-01-07,2020-03-12,664.2,624.3,664.2,-6.0,stop_breakeven,65
2148.T,2020-06-01,2020-10-05,925.3,2216.2,925.3,139.51,time,126
2148.T,2024-06-04,2024-08-02,1677.3,1512.7,1552.7,-9.81,stop_base,59
2153.T,2020-06-30,2020-11-04,796.5,940.1,796.5,18.03,time,127
2153.T,2022-11-21,2023-03-27,1191.3,1287.2,1191.3,8.04,time,126
2153.T,2023-04-17,2023-05-31,1375.0,1358.4,1375.0,-1.21,stop_breakeven,44
2153.T,2023-06-20,2023-10-13,1450.9,1411.5,1450.9,-2.71,stop_breakeven,115
2153.T,2023-11-24,2024-02-15,1519.6,1504.9,1519.6,-0.96,stop_breakeven,83
2153.T,2024-06-18,2024-08-02,1740.6,1602.7,1628.2,-7.93,stop_base,45
2154.T,2021-02-22,2021-05-12,1187.1,1160.9,1187.1,-2.2,stop_breakeven,79
2154.T,2022-11-01,2022-11-02,1668.4,1687.9,1381.0,1.17,earnings_close,1
2154.T,2023-01-24,2023-02-09,1725.4,1697.6,1461.1,-1.61,earnings_close,16
2154.T,2023-02-24,2023-05-11,1729.0,1735.2,1540.9,0.36,earnings_close,76
2154.T,2023-05-22,2023-07-12,1798.9,1796.8,1798.9,-0.11,stop_breakeven,51
2154.T,2023-07-28,2023-08-09,1961.6,1937.0,1796.8,-1.25,earnings_close,12
2154.T,2023-12-19,2024-01-22,2040.8,2033.4,2040.8,-0.36,stop_breakeven,34
2163.T,2020-08-12,2020-09-10,732.8,713.8,732.8,-2.58,stop_breakeven,29
2163.T,2020-12-14,2021-03-24,735.9,648.7,659.4,-11.85,stop_base,100
2163.T,2022-08-31,2023-01-04,824.1,868.3,824.1,5.37,time,126
2163.T,2023-01-31,2023-06-06,882.7,1354.7,882.7,53.46,time,126
2163.T,2023-06-09,2023-08-22,1462.7,1458.2,1462.7,-0.31,stop_breakeven,74
2163.T,2023-09-11,2023-10-04,1670.5,1423.0,1458.2,-14.82,stop_base,23
2163.T,2023-11-20,2024-03-25,1597.3,2124.2,1597.3,32.98,time,126
2157.T,2020-01-24,2020-02-21,691.2,573.8,580.4,-16.99,stop_base,28
2157.T,2021-09-06,2021-12-02,550.2,531.6,550.2,-3.38,stop_breakeven,87
2157.T,2022-09-12,2023-01-12,821.6,802.8,821.6,-2.29,stop_breakeven,122
2157.T,2023-06-12,2023-07-05,1117.5,1106.1,1117.5,-1.02,stop_breakeven,23
2168.T,2020-12-03,2021-01-15,1707.8,1702.5,1707.8,-0.31,stop_breakeven,43
2168.T,2021-04-02,2021-05-11,1704.2,1653.0,1704.2,-3.01,stop_breakeven,39
2168.T,2021-06-10,2021-10-14,1825.2,2980.6,1825.2,63.31,time,126
2168.T,2021-11-05,2021-11-29,3187.1,3169.1,3187.1,-0.56,stop_breakeven,24
2168.T,2024-02-09,2024-04-15,2645.6,2049.4,2260.0,-22.54,stop_base,66
2170.T,2021-05-10,2021-05-17,620.8,492.1,507.8,-20.72,stop_base,7
2170.T,2021-09-30,2021-11-09,1024.7,996.7,1024.7,-2.73,stop_breakeven,40
2175.T,2020-11-12,2021-01-28,3250.7,3801.9,3250.7,16.96,earnings_close,77
2181.T,2021-03-17,2021-05-13,194.5,166.0,166.8,-14.68,stop_base,57
2181.T,2021-06-07,2021-06-21,185.9,184.4,185.9,-0.83,stop_breakeven,14
2181.T,2021-07-05,2021-11-08,198.9,269.4,198.9,35.42,time,126
2181.T,2021-11-12,2021-12-01,278.9,274.5,278.9,-1.55,stop_breakeven,19
2181.T,2023-02-09,2023-03-13,255.7,232.2,233.2,-9.22,stop_base,32
2198.T,2022-11-22,2022-12-15,577.9,572.4,577.9,-0.94,stop_breakeven,23
2198.T,2023-02-28,2023-05-26,583.3,581.5,583.3,-0.31,stop_breakeven,87
2198.T,2024-06-14,2024-08-05,739.5,655.1,699.2,-11.42,stop_base,52
2201.T,2023-06-09,2023-10-13,2151.7,2473.4,2151.7,14.95,time,126
2201.T,2023-11-13,2023-12-14,2644.3,2407.6,2415.1,-8.95,stop_base,31
2201.T,2024-01-15,2024-02-06,2523.9,2670.0,2523.9,5.79,earnings_close,22
2206.T,2023-09-19,2023-11-01,3893.4,4239.9,3893.4,8.9,earnings_close,43
2207.T,2020-08-07,2020-10-16,1274.8,1270.3,1274.8,-0.35,stop_breakeven,70
2207.T,2021-06-21,2021-10-25,1467.0,1579.7,1467.0,7.68,time,126
2207.T,2024-06-25,2024-08-05,1923.6,1695.7,1703.4,-11.85,stop_base,41
2209.T,2020-09-16,2020-10-02,2289.4,2269.9,2289.4,-0.85,stop_breakeven,16
2209.T,2020-11-16,2021-03-22,2462.2,2540.3,2099.8,3.17,time,126
2211.T,2020-07-08,2020-07-29,2129.6,1892.5,1990.9,-11.13,stop_base,21
2211.T,2020-11-16,2021-01-20,2317.0,2097.6,2109.9,-9.47,stop_base,65
2212.T,2023-06-14,2023-07-31,1980.5,1969.5,1980.5,-0.56,earnings_close,47
2212.T,2023-08-02,2023-10-24,2232.4,2626.9,2232.4,17.67,earnings_close,83
2212.T,2023-10-27,2024-02-13,2926.4,3356.5,2926.4,14.7,earnings_close,109
2212.T,2024-02-15,2024-04-24,3942.6,3681.5,3069.2,-6.62,earnings_close,69
2217.T,2020-05-28,2020-10-02,920.4,906.5,763.2,-1.5,time,127
2217.T,2020-11-24,2021-01-20,936.7,852.2,855.3,-9.02,stop_base,57
2217.T,2022-06-07,2022-10-11,1074.0,1125.2,1074.0,4.76,time,126
2217.T,2022-10-19,2022-11-15,1160.8,1086.4,1089.5,-6.41,stop_base,27
2217.T,2024-06-07,2024-08-01,1454.7,1439.4,1454.7,-1.05,stop_breakeven,55
2217.T,2024-10-16,2025-02-19,1527.7,1648.2,1527.7,7.89,time,126
2220.T,2020-05-29,2020-06-24,1672.1,1551.8,1564.1,-7.2,stop_base,26
2220.T,2020-07-21,2020-10-29,1712.2,1545.1,1551.8,-9.76,stop_base,100
2222.T,2020-01-07,2020-01-24,1549.2,1545.5,1549.2,-0.24,stop_breakeven,17
2222.T,2021-06-02,2021-06-16,1426.4,1416.9,1426.4,-0.66,stop_breakeven,14
2222.T,2021-11-01,2021-11-10,1464.2,1307.3,1311.1,-10.71,stop_base,9
2222.T,2022-09-12,2022-11-14,1610.7,1366.0,1375.4,-15.19,stop_base,63
2222.T,2023-01-24,2023-03-20,1612.6,1606.9,1612.6,-0.35,stop_breakeven,55
2222.T,2023-03-30,2023-08-03,1791.3,1990.1,1791.3,11.1,time,126
2222.T,2023-08-10,2023-10-24,2267.3,1871.6,1915.5,-17.45,stop_base,75
2229.T,2022-12-13,2023-02-22,2821.4,2504.5,2562.9,-11.23,stop_base,71
2264.T,2020-02-07,2020-02-18,1995.9,1821.9,1837.3,-8.72,stop_base,11
2264.T,2020-06-16,2020-10-20,2077.5,2290.0,2077.5,10.23,time,126
2264.T,2021-01-26,2021-02-22,2325.7,2160.3,2178.1,-7.12,stop_base,27
2264.T,2021-05-11,2021-05-12,2845.6,2741.7,2538.5,-3.65,earnings_close,1
2264.T,2021-05-14,2021-06-01,2904.3,2524.9,2538.5,-13.06,stop_base,18
2264.T,2021-07-13,2021-08-11,2773.4,2854.7,2773.4,2.93,earnings_close,29
2264.T,2021-09-06,2021-11-10,3229.6,2886.3,2737.2,-10.63,earnings_close,65
2264.T,2023-08-10,2023-09-22,2656.9,2648.9,2656.9,-0.3,stop_breakeven,43
2264.T,2023-10-31,2023-11-08,2754.4,2605.5,2492.5,-5.41,earnings_close,8
2264.T,2024-02-20,2024-05-13,2971.6,2996.9,2629.8,0.85,earnings_close,83
2264.T,2024-06-28,2024-08-02,3208.2,3151.1,3208.2,-1.78,stop_breakeven,35
2264.T,2024-09-30,2024-11-07,3386.8,3331.8,3075.0,-1.62,earnings_close,38
2267.T,2020-06-11,2020-07-01,3163.8,2795.6,2822.9,-11.64,stop_base,20
2267.T,2022-06-07,2022-07-27,3364.0,3712.0,3364.0,10.34,earnings_close,50
2267.T,2022-08-01,2022-11-09,3962.6,3844.5,3484.7,-2.98,earnings_close,100
2267.T,2022-11-25,2023-02-08,4101.2,4259.8,4101.2,3.87,earnings_close,75
2267.T,2023-03-02,2023-05-10,4390.4,4734.5,4390.4,7.84,earnings_close,69
2269.T,2020-08-04,2020-08-11,3744.5,3620.5,3530.7,-3.31,earnings_close,7
2269.T,2023-09-27,2023-11-08,3499.9,3123.7,3261.1,-10.75,earnings_close,42
2270.T,2023-08-09,2023-10-16,2022.0,2009.3,2022.0,-0.63,stop_breakeven,68
2270.T,2023-10-31,2023-11-16,2205.2,1971.2,2005.7,-10.61,stop_base,16
2270.T,2024-06-25,2024-08-05,2441.8,2413.8,2441.8,-1.15,stop_breakeven,41
2270.T,2024-09-26,2024-11-11,2552.0,2364.3,2376.4,-7.36,stop_base,46
2270.T,2024-11-15,2025-02-13,2595.9,2358.7,2364.3,-9.14,stop_base,90
2281.T,2020-02-06,2020-02-25,2200.3,1942.2,1973.6,-11.73,stop_base,19
2281.T,2020-06-09,2020-10-13,2240.3,2609.1,2240.3,16.46,time,126
2281.T,2020-12-10,2021-02-26,2634.4,2630.2,2634.4,-0.16,stop_breakeven,78
2281.T,2021-03-15,2021-05-27,3019.2,2621.9,2630.2,-13.16,stop_base,73
2281.T,2023-08-21,2023-12-25,2250.4,2110.4,1969.8,-6.22,time,126
2282.T,2020-01-10,2020-01-29,4017.0,3991.6,3699.5,-0.63,earnings_close,19
2282.T,2023-08-16,2023-12-20,4125.9,4290.5,3642.2,3.99,time,126
2282.T,2023-12-25,2024-01-30,4373.3,4641.1,4373.3,6.13,earnings_close,36
2282.T,2024-02-01,2024-05-08,4800.2,4838.6,4125.9,0.8,earnings_close,97
2282.T,2024-09-03,2024-10-30,5276.3,5001.3,4494.2,-5.21,earnings_close,57
2292.T,2020-12-29,2021-01-22,2921.1,2882.6,2921.1,-1.32,stop_breakeven,24
2292.T,2021-03-12,2021-04-20,3069.9,2953.1,3069.9,-3.8,stop_breakeven,39
2292.T,2021-06-11,2021-07-30,2953.1,2948.8,2953.1,-0.15,stop_breakeven,49
2292.T,2023-09-04,2023-10-04,3140.7,2924.6,2992.6,-6.88,stop_base,30
2294.T,2020-01-17,2020-02-28,2623.0,2111.7,2254.2,-19.49,stop_base,42
2294.T,2024-01-05,2024-05-10,2308.2,2525.1,2308.2,9.4,time,126
2296.T,2023-05-09,2023-09-12,3358.0,3578.9,3358.0,6.58,time,126
2296.T,2023-09-26,2023-10-31,3698.2,3680.5,3291.7,-0.48,earnings_close,35
2296.T,2024-07-02,2024-07-30,3933.4,3947.1,3728.6,0.35,earnings_close,28
2301.T,2022-10-31,2022-12-13,1263.3,1227.3,1263.3,-2.85,stop_breakeven,43
2301.T,2023-02-27,2023-06-12,1264.2,1688.5,1264.2,33.56,earnings_close,105
2301.T,2023-06-21,2023-10-03,1755.3,1705.4,1755.3,-2.84,stop_breakeven,104
2301.T,2023-11-21,2023-12-12,1756.3,1616.9,1756.3,-7.94,stop_breakeven,21
2307.T,2020-08-26,2020-12-22,511.7,492.7,511.7,-3.72,stop_breakeven,118
2307.T,2022-08-04,2022-12-08,985.7,1347.3,985.7,36.68,time,126
2307.T,2023-01-26,2023-02-17,1378.5,1139.2,1160.7,-17.36,stop_base,22
2317.T,2020-01-09,2020-02-03,403.1,398.4,372.5,-1.18,earnings_close,25
2317.T,2020-11-16,2020-12-22,452.1,450.7,452.1,-0.29,stop_breakeven,36
2317.T,2021-01-08,2021-01-25,489.1,444.2,450.7,-9.18,stop_base,17
2317.T,2021-03-22,2021-05-12,473.6,407.9,473.6,-13.89,stop_breakeven,51
2317.T,2024-08-20,2024-09-11,352.0,344.5,352.0,-2.14,stop_breakeven,22
2317.T,2024-12-12,2025-02-04,352.9,337.6,328.0,-4.34,earnings_close,54
2325.T,2020-01-07,2020-02-25,1557.6,1419.5,1421.1,-8.86,stop_base,49
2325.T,2020-11-06,2021-02-17,1654.7,1645.7,1654.7,-0.54,stop_breakeven,103
2325.T,2023-03-01,2023-07-05,2106.3,2544.6,2106.3,20.81,time,126
2325.T,2023-07-20,2023-10-04,2670.7,2632.1,2670.7,-1.44,stop_breakeven,76
2325.T,2023-12-04,2024-04-08,2737.5,2978.3,2737.5,8.79,time,126
2325.T,2024-07-08,2024-08-05,4088.3,2936.8,3265.1,-28.17,stop_base,28
2325.T,2024-10-04,2025-01-09,3822.2,3237.0,3265.8,-15.31,stop_base,97
2326.T,2020-09-29,2020-10-23,8078.1,6925.4,7043.7,-14.27,stop_base,24
2326.T,2020-12-25,2021-02-01,8905.4,8840.3,8905.4,-0.73,stop_breakeven,38
2326.T,2021-02-22,2021-04-21,10216.1,8410.0,8747.4,-17.68,stop_base,58
2327.T,2021-09-07,2021-10-27,1777.6,1724.5,1573.8,-2.99,earnings_close,50
2327.T,2023-09-22,2023-10-25,2025.3,1944.5,1787.7,-3.99,earnings_close,33
2327.T,2023-10-30,2024-01-31,2065.5,2340.9,2065.5,13.33,earnings_close,93
2327.T,2024-02-27,2024-04-24,2397.9,2472.1,2397.9,3.09,earnings_close,57
2327.T,2024-06-14,2024-10-18,2457.7,3386.5,2457.7,37.79,time,126
2327.T,2024-10-31,2025-01-14,3744.5,3719.3,3744.5,-0.67,stop_breakeven,75
2331.T,2023-08-10,2023-10-04,824.2,823.8,824.2,-0.04,stop_breakeven,55
2331.T,2024-07-31,2024-08-02,923.3,870.5,887.2,-5.72,stop_base,2
2331.T,2024-08-21,2024-12-25,965.0,1036.6,965.0,7.42,time,126
2335.T,2022-11-24,2022-12-21,921.8,909.5,921.8,-1.33,stop_breakeven,27
2335.T,2023-02-09,2023-06-15,970.1,1117.1,970.1,15.16,time,126
2335.T,2023-06-19,2023-08-17,1150.3,1024.5,1026.3,-10.94,stop_base,59
2337.T,2020-01-17,2020-01-27,396.0,359.0,359.9,-9.34,stop_base,10
2337.T,2021-09-08,2021-11-10,313.0,282.4,286.8,-9.78,stop_base,63
2337.T,2024-01-18,2024-05-23,339.0,374.3,339.0,10.43,time,126
2337.T,2024-07-04,2024-07-25,393.2,386.6,393.2,-1.68,stop_breakeven,21
2353.T,2021-03-19,2021-07-26,150.8,140.4,120.5,-6.9,time,129
2353.T,2021-09-02,2021-10-05,152.8,136.7,136.9,-10.53,stop_base,33
2353.T,2022-08-05,2022-08-18,156.6,148.3,148.3,-5.29,stop_base,13
2353.T,2022-09-12,2023-01-16,170.4,233.0,170.4,36.76,time,126
2353.T,2023-03-02,2023-03-06,247.7,222.0,228.4,-10.41,stop_base,4
2353.T,2024-10-01,2025-02-04,228.9,198.8,194.0,-13.14,time,126
2359.T,2020-01-21,2020-02-03,1345.7,1165.2,1177.0,-13.42,stop_base,13
2359.T,2021-11-15,2022-01-27,1527.6,1259.4,1291.9,-17.56,stop_base,73
2359.T,2023-04-28,2023-08-03,1556.9,1547.6,1556.9,-0.59,stop_breakeven,97
2359.T,2023-09-04,2023-10-04,1640.7,1518.8,1547.6,-7.43,stop_base,30
2359.T,2024-01-05,2024-05-10,1653.7,1798.7,1653.7,8.77,time,126
2359.T,2024-07-18,2024-08-05,1957.6,1560.4,1740.0,-20.29,stop_base,18
2371.T,2020-01-06,2020-02-03,2470.4,2446.1,2470.4,-0.98,stop_breakeven,28
2371.T,2020-02-07,2020-02-25,2676.3,2324.4,2427.0,-13.15,stop_base,18
2371.T,2020-07-09,2020-07-30,2555.2,2236.8,2263.1,-12.46,stop_base,21
2371.T,2020-11-09,2020-11-17,2743.9,2713.0,2743.9,-1.13,stop_breakeven,8
2371.T,2021-09-01,2021-11-24,3081.8,3080.6,3081.8,-0.04,stop_breakeven,84
2371.T,2024-09-27,2025-01-31,2463.3,2328.5,2093.3,-5.47,time,126
2378.T,2021-09-14,2021-10-06,1177.0,1154.9,1177.0,-1.87,stop_breakeven,22
2378.T,2021-11-08,2021-11-18,1262.1,1254.5,1262.1,-0.61,stop_breakeven,10
2378.T,2024-10-07,2024-11-11,1083.0,972.1,986.9,-10.24,stop_base,35
2379.T,2020-01-10,2020-02-18,2777.1,2672.7,2777.1,-3.76,stop_breakeven,39
2379.T,2021-04-16,2021-07-05,2761.6,2929.6,2761.6,6.08,earnings_close,80
2379.T,2021-09-01,2022-01-05,3105.1,3274.5,3105.1,5.45,time,126
2379.T,2022-10-31,2023-01-06,3694.0,3171.4,3224.5,-14.15,stop_base,67
2384.T,2020-02-10,2020-02-25,1732.6,1516.8,1583.5,-12.46,stop_base,15
2384.T,2020-08-04,2020-08-07,2144.9,1833.5,1890.5,-14.52,stop_base,3
2384.T,2020-09-25,2021-01-29,1958.9,2135.1,1958.9,8.99,time,126
2384.T,2021-02-12,2021-06-18,2506.4,3002.0,2506.4,19.77,time,126
2384.T,2023-04-04,2023-05-26,3110.7,2889.2,2907.7,-7.12,stop_base,52
2384.T,2023-07-13,2023-08-23,3129.2,2766.4,2773.8,-11.59,stop_base,41
2395.T,2021-07-01,2021-08-06,748.5,745.1,748.5,-0.46,stop_breakeven,36
2395.T,2021-10-15,2022-02-18,871.8,1374.6,871.8,57.67,time,126
2395.T,2022-08-08,2022-09-02,2033.8,2021.3,2033.8,-0.61,stop_breakeven,25
2410.T,2021-09-02,2021-09-22,980.6,971.5,980.6,-0.93,stop_breakeven,20
2410.T,2021-11-11,2021-11-16,1049.9,914.6,922.3,-12.88,stop_base,5
2410.T,2022-11-10,2022-12-22,1372.8,1362.2,1372.8,-0.77,stop_breakeven,42
2410.T,2023-02-01,2023-05-01,1554.0,1491.5,1554.0,-4.02,stop_breakeven,89
2413.T,2020-01-07,2020-01-27,3184.2,3017.6,2777.7,-5.23,earnings_close,20
2413.T,2020-05-29,2020-07-28,4143.2,4878.3,4143.2,17.74,earnings_close,60
2413.T,2020-07-30,2020-10-29,5183.8,6768.5,5183.8,30.57,earnings_close,91
2413.T,2020-11-04,2021-01-28,7250.6,8711.2,7250.6,20.14,earnings_close,85
2429.T,2021-02-05,2021-06-11,1632.0,2333.4,1632.0,42.98,time,126
2429.T,2021-06-14,2021-08-10,2409.8,2283.3,2409.8,-5.25,stop_breakeven,57
2429.T,2022-11-11,2022-12-02,2415.6,2351.3,2415.6,-2.66,stop_breakeven,21
2429.T,2023-02-15,2023-03-13,2331.4,2305.1,2331.4,-1.13,stop_breakeven,26
2429.T,2023-04-28,2023-05-24,2414.7,2409.5,2414.7,-0.22,stop_breakeven,26
2432.T,2020-11-11,2021-01-04,1856.7,1594.6,1603.6,-14.12,stop_base,54
2432.T,2021-03-16,2021-07-09,2042.3,2038.7,2042.3,-0.18,stop_breakeven,115
2432.T,2024-09-30,2024-11-05,1706.0,1781.6,1706.0,4.43,earnings_close,36
2433.T,2021-11-12,2021-11-17,1725.0,1573.0,1606.8,-8.81,stop_base,5
2433.T,2023-04-24,2023-08-10,1432.6,1370.8,1432.6,-4.31,stop_breakeven,108
2462.T,2021-01-12,2021-01-13,1787.6,1629.0,1663.8,-8.87,stop_base,1
2462.T,2021-01-26,2021-05-28,1803.7,1776.1,1803.7,-1.53,stop_breakeven,122
2462.T,2022-07-27,2022-10-12,2066.1,1710.6,1725.5,-17.2,stop_base,77
2471.T,2021-03-22,2021-04-05,981.5,974.3,981.5,-0.73,stop_breakeven,14
2471.T,2021-06-25,2021-06-30,923.0,901.4,770.8,-2.34,earnings_close,5
2471.T,2021-07-12,2021-10-01,930.2,906.8,930.2,-2.52,stop_breakeven,81
2475.T,2020-10-19,2020-12-04,2857.0,2395.4,2398.0,-16.16,stop_base,46
2475.T,2021-09-10,2022-01-06,3183.1,2560.1,2594.9,-19.57,stop_base,118
2491.T,2020-07-14,2020-11-17,2487.2,2553.0,2487.2,2.64,time,126
2491.T,2021-11-15,2021-12-17,4397.5,3616.1,3657.7,-17.77,stop_base,32
2492.T,2020-01-07,2020-01-24,989.7,906.2,922.0,-8.44,stop_base,17
2492.T,2021-04-14,2021-05-11,1027.1,839.8,864.2,-18.23,stop_base,27
2492.T,2021-11-02,2021-11-16,1182.8,1112.5,1182.8,-5.94,stop_breakeven,14
2492.T,2023-12-29,2024-01-19,486.8,399.4,403.9,-17.94,stop_base,21
2501.T,2021-09-01,2021-11-09,458.3,453.7,458.3,-0.99,stop_breakeven,69
2501.T,2022-08-17,2022-11-07,581.0,637.8,581.0,9.78,earnings_close,82
2501.T,2022-11-09,2023-01-13,684.1,592.1,595.4,-13.44,stop_base,65
2501.T,2023-04-05,2023-08-09,678.9,727.7,678.9,7.18,time,126
2501.T,2023-08-10,2023-12-14,749.5,1159.6,749.5,54.71,time,126
2501.T,2023-12-29,2024-02-13,1222.4,1351.6,1222.4,10.57,earnings_close,46
2502.T,2021-05-17,2021-07-19,1477.2,1464.8,1477.2,-0.84,stop_breakeven,63
2502.T,2021-09-01,2021-10-18,1565.9,1557.0,1565.9,-0.57,stop_breakeven,47
2502.T,2023-06-12,2023-08-08,1743.9,1713.6,1609.7,-1.74,earnings_close,57
2502.T,2023-09-01,2023-10-04,1799.5,1640.5,1649.3,-8.83,stop_base,33
2502.T,2023-11-13,2023-12-18,1825.9,1617.5,1637.7,-11.41,stop_base,35
2503.T,2022-08-12,2022-11-07,1992.1,1952.6,1896.7,-1.98,earnings_close,87
2531.T,2020-11-11,2021-03-17,1061.6,1271.7,1061.6,19.79,time,126
2531.T,2021-06-03,2021-06-21,1304.2,1180.0,1195.6,-9.53,stop_base,18
2531.T,2023-07-24,2023-09-26,1129.0,1128.0,1129.0,-0.08,stop_breakeven,64
2531.T,2023-11-01,2023-11-20,1184.8,1082.4,1084.7,-8.64,stop_base,19
2533.T,2020-06-16,2020-06-30,365.1,357.1,365.1,-2.18,stop_breakeven,14
2533.T,2020-08-12,2020-10-09,387.1,386.3,387.1,-0.23,stop_breakeven,58
2533.T,2023-08-16,2023-10-23,354.9,347.4,354.9,-2.11,stop_breakeven,68
2540.T,2024-07-03,2024-11-06,2303.1,2456.6,2303.1,6.67,time,126
2540.T,2024-12-06,2025-04-11,2509.7,2846.0,2509.7,13.4,time,126
2579.T,2023-08-10,2023-11-08,1879.0,1872.9,1437.0,-0.33,earnings_close,90
2579.T,2023-11-10,2023-12-15,1920.0,1890.3,1920.0,-1.55,stop_breakeven,35
2579.T,2024-02-22,2024-05-09,2001.1,1929.4,2001.1,-3.58,stop_breakeven,77
2579.T,2024-12-30,2025-02-05,2442.6,2282.7,2305.1,-6.55,stop_base,37
2585.T,2023-02-14,2023-02-27,641.8,636.1,641.8,-0.9,stop_breakeven,13
2585.T,2023-03-31,2023-08-04,780.1,759.4,780.1,-2.65,stop_breakeven,126
2585.T,2023-11-13,2024-03-18,972.1,1093.6,972.1,12.5,time,126
2585.T,2024-04-10,2024-08-14,1254.1,1545.5,1254.1,23.24,time,126
2585.T,2024-08-16,2024-09-06,1797.8,1702.3,1797.8,-5.31,stop_breakeven,21
2585.T,2024-11-12,2025-02-14,1932.1,1870.3,1932.1,-3.19,stop_breakeven,94
2590.T,2020-11-09,2020-12-01,2605.2,2572.5,2605.2,-1.26,stop_breakeven,22
2590.T,2021-02-15,2021-03-24,2564.2,2536.0,2564.2,-1.1,stop_breakeven,37
2590.T,2023-08-15,2023-09-29,2708.6,2674.6,2708.6,-1.25,stop_breakeven,45
2590.T,2023-10-31,2023-12-08,2834.8,2829.9,2834.8,-0.17,stop_breakeven,38
2590.T,2024-12-03,2025-03-05,3478.6,2706.5,2859.4,-22.2,stop_base,92
2593.T,2020-06-02,2020-10-06,5978.9,6967.5,5978.9,16.54,time,126
2593.T,2020-11-12,2020-12-07,7214.7,7110.9,7214.7,-1.44,stop_breakeven,25
2602.T,2022-08-08,2022-12-12,993.7,941.7,893.6,-5.23,time,126
2602.T,2023-07-28,2023-11-06,1136.4,1283.4,1136.4,12.93,earnings_close,101
2602.T,2023-11-17,2024-02-07,1320.0,1407.0,1320.0,6.59,earnings_close,82
2602.T,2024-02-13,2024-04-19,1547.4,1547.3,1547.4,-0.01,stop_breakeven,66
2602.T,2024-06-25,2024-08-02,1545.7,1497.4,1545.7,-3.13,stop_breakeven,38
2602.T,2024-09-27,2024-11-06,1695.5,1603.6,1556.6,-5.42,earnings_close,40
2602.T,2024-12-26,2025-01-10,1635.3,1565.6,1575.1,-4.26,stop_base,15
2607.T,2023-11-17,2024-02-07,2363.4,2262.6,2088.9,-4.26,earnings_close,82
2607.T,2024-06-03,2024-08-07,2450.7,2708.5,2450.7,10.52,earnings_close,65
2607.T,2024-11-14,2025-01-14,3252.5,3248.6,3252.5,-0.12,stop_breakeven,61
2613.T,2023-11-10,2024-03-15,1731.4,1829.0,1731.4,5.64,time,126
2613.T,2024-07-29,2024-08-02,1902.5,1766.9,1799.7,-7.13,stop_base,4
2613.T,2024-11-15,2025-01-10,2014.3,1924.2,1934.6,-4.47,stop_base,56
2659.T,2023-05-16,2023-09-19,2237.1,2230.3,1828.9,-0.31,time,126
2659.T,2024-10-09,2025-02-12,2708.3,2818.6,2341.8,4.07,time,126
2664.T,2020-05-28,2020-10-02,2251.5,2466.0,2251.5,9.53,time,127
2664.T,2020-10-28,2020-11-27,2621.3,2599.8,2621.3,-0.82,stop_breakeven,30
2664.T,2021-01-08,2021-02-24,2702.8,2481.4,2482.3,-8.19,stop_base,47
2664.T,2023-09-27,2024-01-31,2270.8,2465.8,2270.8,8.59,time,126
2664.T,2024-05-31,2024-08-05,2733.4,2273.8,2448.6,-16.82,stop_base,66
2670.T,2022-09-06,2023-01-10,1814.7,2199.0,1814.7,21.18,earnings_close,126
2670.T,2023-03-03,2023-03-14,2180.5,2143.5,2180.5,-1.7,stop_breakeven,11
2670.T,2023-04-14,2023-05-25,2359.7,2338.0,2359.7,-0.92,stop_breakeven,41
2670.T,2023-08-10,2023-10-04,2495.2,2478.7,2495.2,-0.66,stop_breakeven,55
2670.T,2024-04-22,2024-07-02,2969.3,2709.4,2638.7,-8.75,earnings_close,71
2670.T,2024-12-03,2025-01-07,3016.7,3142.6,3016.7,4.17,earnings_close,35
2674.T,2021-03-22,2021-07-26,715.7,612.1,595.1,-14.48,time,126
2674.T,2022-07-20,2022-11-24,828.1,1135.0,828.1,37.06,time,127
2674.T,2022-11-25,2023-03-31,1178.7,1136.0,995.4,-3.63,time,126
2674.T,2023-04-14,2023-05-23,1189.8,1182.7,1189.8,-0.59,stop_breakeven,39
2674.T,2023-06-29,2023-08-03,1265.6,1255.9,1265.6,-0.77,stop_breakeven,35
2674.T,2023-08-15,2023-10-04,1351.2,1235.6,1255.9,-8.55,stop_base,50
2674.T,2023-11-27,2024-04-01,1351.2,1559.8,1351.2,15.44,time,126
2674.T,2024-04-15,2024-08-19,1595.8,1784.0,1595.8,11.79,time,126
2674.T,2024-10-04,2024-11-12,1916.8,1700.1,1719.4,-11.31,stop_base,39
2676.T,2020-01-07,2020-01-14,478.6,476.3,478.6,-0.49,stop_breakeven,7
2676.T,2021-09-03,2022-01-07,485.7,620.8,485.7,27.82,time,126
2676.T,2022-07-21,2022-10-11,844.5,833.5,844.5,-1.3,stop_breakeven,82
2676.T,2022-11-09,2023-03-15,961.9,1081.4,961.9,12.42,time,126
2676.T,2023-05-15,2023-09-19,1105.4,1472.3,1105.4,33.19,time,127
2676.T,2023-10-10,2024-02-13,1476.4,1783.4,1476.4,20.8,time,126
2676.T,2024-03-26,2024-04-02,1819.6,1685.5,1699.9,-7.37,stop_base,7
2676.T,2024-06-17,2024-08-02,1762.0,1685.5,1762.0,-4.34,stop_breakeven,46
2676.T,2024-09-26,2024-10-24,1877.9,1869.9,1877.9,-0.43,stop_breakeven,28
2678.T,2020-01-09,2020-02-20,1535.7,1524.4,1535.7,-0.74,stop_breakeven,42
2678.T,2020-06-01,2020-06-26,1630.8,1617.1,1630.8,-0.84,stop_breakeven,25
2678.T,2020-09-02,2020-09-14,1514.6,1658.1,1514.6,9.47,earnings_close,12
2678.T,2021-02-03,2021-02-26,1835.8,1613.8,1648.1,-12.09,stop_base,23
2678.T,2022-08-09,2022-09-13,1707.0,1699.5,1403.5,-0.44,earnings_close,35
2678.T,2023-01-30,2023-03-13,1658.1,1618.1,1458.2,-2.41,earnings_close,42
2678.T,2023-04-03,2023-05-10,1666.7,1653.4,1666.7,-0.8,stop_breakeven,37
2678.T,2023-06-14,2023-08-04,1828.7,1822.9,1828.7,-0.32,stop_breakeven,51
2678.T,2023-10-17,2023-12-14,1957.5,2136.9,1957.5,9.16,earnings_close,58
2678.T,2023-12-19,2024-02-07,2141.7,1920.6,1934.5,-10.33,stop_base,50
2678.T,2024-04-18,2024-07-01,2277.5,2114.6,1935.1,-7.16,earnings_close,74
2681.T,2020-08-31,2020-11-10,1537.4,1251.0,1287.0,-18.63,stop_base,71
2681.T,2022-08-01,2022-12-05,1334.7,1785.1,1334.7,33.75,time,126
2681.T,2023-11-09,2023-12-25,2378.2,1950.6,1990.6,-17.98,stop_base,46
2681.T,2024-02-01,2024-02-20,2310.6,1928.6,1950.6,-16.53,stop_base,19
2685.T,2021-03-26,2021-04-21,1810.2,1558.5,1613.0,-13.9,stop_base,26
2685.T,2022-08-30,2022-10-05,1836.7,1970.6,1836.7,7.29,earnings_close,36
2685.T,2023-03-03,2023-04-03,2127.0,2240.1,2127.0,5.32,earnings_close,31
2685.T,2023-04-11,2023-06-28,2263.1,2785.2,2263.1,23.07,earnings_close,78
2685.T,2023-07-03,2023-09-28,2872.5,2647.2,2463.5,-7.84,earnings_close,87
2685.T,2023-10-02,2023-12-28,2981.1,3255.5,2981.1,9.2,earnings_close,87
2685.T,2024-02-07,2024-04-03,3362.5,3472.5,3362.5,3.27,earnings_close,56
2685.T,2024-05-27,2024-06-26,3481.9,3505.5,3128.0,0.68,earnings_close,30
2692.T,2023-08-16,2023-12-20,5622.7,7605.9,5622.7,35.27,time,126
2692.T,2024-04-30,2024-07-23,7287.7,6479.1,6557.0,-11.1,stop_base,84
2695.T,2020-12-10,2021-04-15,1603.0,1871.3,1603.0,16.74,time,126
2695.T,2021-06-03,2021-07-19,1953.5,1936.6,1953.5,-0.87,stop_breakeven,46
2726.T,2021-06-28,2021-08-02,383.2,378.3,383.2,-1.26,stop_breakeven,35
2726.T,2021-09-13,2021-10-06,387.4,381.9,387.4,-1.42,stop_breakeven,23
2726.T,2022-09-08,2022-10-13,548.5,490.3,504.4,-10.62,stop_base,35
2726.T,2022-11-29,2023-04-04,543.1,719.2,543.1,32.43,time,126
2726.T,2023-04-13,2023-04-27,756.6,744.9,756.6,-1.55,stop_breakeven,14
2726.T,2023-06-05,2023-10-10,828.0,928.1,828.0,12.09,time,127
2726.T,2023-11-06,2024-03-11,933.2,1209.8,933.2,29.64,time,126
2726.T,2024-03-12,2024-04-10,1242.8,996.9,1038.5,-19.78,stop_base,29
2726.T,2024-12-09,2025-02-04,1576.2,1571.4,1576.2,-0.3,stop_breakeven,57
2730.T,2021-03-22,2021-06-17,1081.1,898.0,903.2,-16.94,stop_base,87
2730.T,2022-07-20,2022-09-02,1171.0,1036.8,1044.0,-11.46,stop_base,44
2730.T,2022-10-19,2023-02-22,1097.5,1192.3,1097.5,8.64,time,126
2730.T,2023-03-06,2023-07-10,1216.9,1342.9,1216.9,10.35,time,126
2730.T,2023-09-04,2023-11-21,1372.6,1368.3,1372.6,-0.31,stop_breakeven,78
2730.T,2023-12-26,2024-02-07,1451.1,1447.3,1451.1,-0.26,stop_breakeven,43
2730.T,2024-08-20,2024-12-24,1732.6,1714.8,1548.4,-1.03,time,126
2733.T,2020-06-18,2020-10-22,1969.0,2073.6,1969.0,5.31,time,126
2733.T,2023-01-31,2023-06-06,1878.0,2102.8,1878.0,11.97,time,126
2733.T,2023-06-19,2023-10-23,2136.9,2469.7,2136.9,15.57,time,126
2733.T,2023-11-08,2023-12-05,2796.8,2750.7,2796.8,-1.65,stop_breakeven,27
2733.T,2024-01-04,2024-03-04,2971.9,2958.1,2971.9,-0.47,stop_breakeven,60
2733.T,2024-04-24,2024-08-02,3145.3,3112.6,3145.3,-1.04,stop_breakeven,100
2733.T,2024-09-27,2024-11-13,3464.9,2938.1,3112.6,-15.21,stop_base,47
2734.T,2022-08-22,2022-09-16,682.4,671.8,682.4,-1.55,stop_breakeven,25
2734.T,2023-04-28,2023-07-10,691.3,673.0,691.3,-2.65,stop_breakeven,73
2734.T,2024-06-21,2024-08-02,818.9,742.1,742.2,-9.37,stop_base,42
2734.T,2024-12-12,2025-02-21,849.5,736.2,746.9,-13.34,stop_base,71
2737.T,2020-07-16,2020-07-30,3010.7,2983.3,3010.7,-0.91,stop_breakeven,14
2737.T,2020-09-16,2020-09-30,3195.0,3191.1,3195.0,-0.12,stop_breakeven,14
2737.T,2021-03-22,2021-07-26,3355.7,3399.2,3065.6,1.3,time,126
2737.T,2021-12-28,2022-01-25,6088.7,4943.5,5048.4,-18.81,stop_base,28
2737.T,2024-05-22,2024-07-24,6491.1,6454.6,6491.1,-0.56,stop_breakeven,63
2742.T,2020-01-28,2020-02-28,2584.2,2294.3,2356.5,-11.22,stop_base,31
2742.T,2020-05-28,2020-06-15,2815.8,2797.3,2815.8,-0.66,stop_breakeven,18
2742.T,2020-06-22,2020-06-29,3265.0,3255.7,3265.0,-0.28,stop_breakeven,7
2742.T,2020-07-30,2020-10-13,3505.8,3437.2,3505.8,-1.96,stop_breakeven,75
2742.T,2020-12-11,2021-01-29,3381.4,3023.3,3060.5,-10.59,stop_base,49
2742.T,2023-06-27,2023-07-06,3450.6,3388.2,3450.6,-1.81,stop_breakeven,9
2742.T,2023-08-15,2023-10-04,3796.7,3776.9,3796.7,-0.52,stop_breakeven,50
2742.T,2023-11-06,2024-02-14,4148.8,4081.2,4148.8,-1.63,stop_breakeven,100
2742.T,2024-03-15,2024-07-19,4543.1,4426.5,4003.9,-2.57,time,126
2749.T,2022-10-19,2023-02-22,294.3,332.6,294.3,13.02,time,126
2749.T,2023-03-31,2023-04-21,344.2,304.3,306.4,-11.6,stop_base,21
2749.T,2023-06-05,2023-06-15,336.6,322.3,336.6,-4.24,stop_breakeven,10
2749.T,2023-12-14,2024-02-08,399.3,388.9,399.3,-2.62,stop_breakeven,56
2749.T,2024-02-20,2024-04-25,451.6,448.6,451.6,-0.66,stop_breakeven,65
2749.T,2024-05-31,2024-10-04,497.9,681.2,497.9,36.82,time,126
2753.T,2023-04-10,2023-05-19,1119.9,1113.6,1119.9,-0.56,stop_breakeven,39
2753.T,2023-06-30,2023-07-05,1141.8,1061.9,1066.6,-7.0,stop_base,5
2753.T,2023-09-04,2023-10-17,1112.1,1109.8,1112.1,-0.2,stop_breakeven,43
2753.T,2023-12-25,2024-04-30,1195.3,2020.0,1195.3,68.99,time,127
2753.T,2024-09-03,2025-01-07,1847.4,1643.5,1511.8,-11.03,time,126
2760.T,2020-06-23,2020-09-04,786.9,783.9,786.9,-0.38,stop_breakeven,73
2760.T,2020-09-25,2021-01-29,884.8,934.2,884.8,5.58,time,126
2760.T,2021-04-01,2021-08-05,1116.0,1542.7,1116.0,38.23,time,126
2760.T,2021-09-06,2022-01-11,1614.9,1703.1,1614.9,5.46,time,127
2760.T,2023-01-24,2023-05-30,2279.0,3158.2,2279.0,38.58,time,126
2760.T,2023-09-06,2024-01-10,3251.9,5470.5,3251.9,68.23,time,126
2767.T,2022-07-28,2022-12-01,454.7,1047.7,454.7,130.42,time,126
2767.T,2023-08-01,2023-08-10,2910.1,2386.8,2910.1,-17.98,stop_breakeven,9
2768.T,2021-06-02,2021-10-06,1408.3,1561.2,1408.3,10.86,time,126
2768.T,2021-12-29,2022-05-06,1420.9,1748.5,1420.9,23.05,time,128
2768.T,2022-06-07,2022-06-20,1802.6,1618.3,1633.5,-10.22,stop_base,13
2768.T,2022-08-01,2022-12-05,1724.8,2077.5,1724.8,20.45,time,126
2768.T,2022-12-09,2023-04-14,2165.4,2559.4,2165.4,18.2,time,126
2768.T,2023-04-19,2023-08-23,2580.9,2746.8,2580.9,6.43,time,126
2768.T,2023-09-14,2024-01-18,3001.0,3089.1,2670.5,2.93,time,126
2768.T,2024-01-19,2024-05-24,3134.5,3813.7,3134.5,21.67,time,126
2784.T,2022-07-20,2022-08-18,1665.5,1459.0,1463.4,-12.4,stop_base,29
2784.T,2023-06-06,2023-10-10,2030.3,2263.9,2030.3,11.51,time,126
2784.T,2023-11-10,2024-02-14,2321.0,2115.2,2132.4,-8.87,stop_base,96
2791.T,2020-06-09,2020-10-13,4503.7,5260.0,4503.7,16.79,time,126
2791.T,2020-12-24,2021-01-12,6128.5,6070.0,6128.5,-0.96,stop_breakeven,19
2791.T,2021-03-10,2021-07-13,6157.8,6121.0,6157.8,-0.6,stop_breakeven,125
2791.T,2023-02-01,2023-06-07,5479.9,4925.9,4607.7,-10.11,time,126
2791.T,2023-08-15,2023-09-21,6372.9,6293.6,6372.9,-1.24,stop_breakeven,37
2791.T,2023-12-07,2024-04-11,6472.0,8622.8,6472.0,33.23,time,126
2791.T,2024-06-26,2024-10-30,8519.9,10211.9,8519.9,19.86,time,126
2792.T,2022-11-24,2023-03-30,1100.0,1390.3,1100.0,26.38,time,126
2792.T,2023-03-31,2023-07-12,1496.6,1478.6,1496.6,-1.2,stop_breakeven,103
2792.T,2023-08-29,2023-10-03,1531.0,1421.7,1431.8,-7.14,stop_base,35
2801.T,2020-11-09,2021-02-02,1171.0,1363.7,1171.0,16.45,earnings_close,85
2801.T,2021-02-16,2021-03-05,1436.7,1296.4,1298.2,-9.77,stop_base,17
2801.T,2021-05-18,2021-07-07,1310.4,1297.3,1310.4,-1.0,stop_breakeven,50
2801.T,2021-10-20,2022-01-18,1800.9,1588.3,1590.2,-11.81,stop_base,90
2801.T,2023-11-02,2024-03-07,1821.4,1812.6,1821.4,-0.48,stop_breakeven,126
2802.T,2020-09-23,2020-11-02,1000.6,998.8,854.4,-0.17,earnings_close,40
2802.T,2020-11-05,2021-01-27,1069.3,1149.3,1069.3,7.48,earnings_close,83
2802.T,2021-06-04,2021-07-28,1214.9,1347.4,1214.9,10.91,earnings_close,54
2802.T,2021-08-11,2021-11-02,1403.7,1608.3,1403.7,14.57,earnings_close,83
2802.T,2021-11-05,2022-01-27,1653.4,1463.0,1485.1,-11.52,stop_base,83
2802.T,2022-09-12,2023-01-04,1889.2,1886.1,1889.2,-0.16,stop_breakeven,114
2802.T,2023-03-01,2023-05-09,2098.3,2368.1,2098.3,12.86,earnings_close,69
2802.T,2023-05-15,2023-09-19,2453.3,2817.4,2453.3,14.84,time,127
2802.T,2023-11-06,2023-11-07,2899.4,2603.3,2617.3,-10.21,stop_base,1
2802.T,2024-12-03,2025-04-07,3182.9,2607.8,2765.8,-18.07,stop_base,125
2804.T,2020-10-20,2021-02-24,1175.7,2468.2,1175.7,109.94,time,127
2804.T,2021-03-23,2021-03-31,2487.2,2460.7,2487.2,-1.07,stop_breakeven,8
2804.T,2021-06-25,2021-07-30,2124.5,1944.1,2124.5,-8.49,stop_breakeven,35
2804.T,2023-09-04,2024-01-09,2026.2,2102.8,1822.6,3.78,time,127
2809.T,2021-09-06,2021-11-24,2488.3,2238.7,2249.7,-10.03,stop_base,79
2809.T,2024-04-08,2024-07-02,3120.7,3106.5,2659.9,-0.46,earnings_close,85
2809.T,2024-07-05,2024-10-01,3313.0,3479.7,3313.0,5.03,earnings_close,88
2810.T,2023-11-02,2023-11-22,3131.2,3128.3,3131.2,-0.09,stop_breakeven,20
2811.T,2020-05-28,2020-10-02,2789.4,3382.2,2789.4,21.25,time,127
2811.T,2020-11-02,2020-11-30,3510.9,3501.7,3510.9,-0.26,stop_breakeven,28
2815.T,2023-08-28,2023-10-03,5000.2,4541.9,4558.5,-9.16,stop_base,36
2871.T,2020-05-29,2020-10-02,1358.6,1239.0,1202.3,-8.8,time,126
2871.T,2023-04-18,2023-08-22,1290.6,1597.0,1290.6,23.74,time,126
2871.T,2023-08-24,2023-12-28,1627.8,1665.1,1627.8,2.29,time,126
2871.T,2024-02-01,2024-05-29,1736.9,1695.0,1736.9,-2.41,stop_breakeven,118
2871.T,2024-09-26,2025-01-22,2171.2,1902.1,1903.1,-12.39,stop_base,118
2874.T,2022-11-22,2023-03-14,921.1,908.1,921.1,-1.41,stop_breakeven,112
2874.T,2023-04-14,2023-08-18,972.4,1217.2,972.4,25.17,time,126
2874.T,2023-08-22,2023-09-21,1227.5,1205.9,1227.5,-1.76,stop_breakeven,30
2875.T,2020-02-06,2020-02-25,4245.0,3899.4,3934.9,-8.14,stop_base,19
2875.T,2020-06-04,2020-07-29,5053.8,5634.1,5053.8,11.48,earnings_close,55
2875.T,2020-08-12,2020-09-01,5723.4,5321.6,5348.4,-7.02,stop_base,20
2875.T,2022-08-01,2022-10-28,5321.5,5218.6,5321.5,-1.93,stop_breakeven,88
2875.T,2023-04-18,2023-05-10,5406.8,5688.9,5406.8,5.22,earnings_close,22
2875.T,2024-02-01,2024-05-08,7732.8,9668.8,7732.8,25.04,earnings_close,97
2875.T,2024-05-10,2024-07-29,11057.6,9285.3,8592.3,-16.03,earnings_close,80
2875.T,2024-07-31,2024-08-02,9846.6,8887.4,8973.9,-9.74,stop_base,2
2882.T,2020-01-07,2020-02-18,1774.1,1760.6,1774.1,-0.76,stop_breakeven,42
2882.T,2021-12-29,2022-03-04,2182.3,1955.8,1997.2,-10.38,stop_base,65
2882.T,2022-07-20,2022-09-01,2429.3,2143.2,2158.9,-11.78,stop_base,43
2884.T,2020-07-13,2020-07-16,1247.0,971.0,1040.0,-22.13,stop_base,3
2884.T,2023-08-31,2023-09-21,1300.0,1265.0,1300.0,-2.69,stop_breakeven,21
2884.T,2024-04-17,2024-07-19,1416.0,1413.0,1416.0,-0.21,stop_breakeven,93
2897.T,2020-01-16,2020-03-04,2519.2,2507.2,2519.2,-0.48,stop_breakeven,48
2897.T,2020-06-17,2020-08-04,2796.4,2941.2,2609.3,5.18,earnings_close,48
2897.T,2020-08-06,2020-10-26,3203.6,2717.3,2772.2,-15.18,stop_base,81
2897.T,2022-08-05,2022-11-08,3094.8,3080.9,2781.6,-0.45,earnings_close,95
2897.T,2022-11-16,2023-03-22,3193.2,3680.2,3193.2,15.25,time,126
2897.T,2023-03-24,2023-05-08,3714.5,4127.0,3714.5,11.1,earnings_close,45
2897.T,2023-08-01,2023-08-02,3839.6,3828.6,3662.2,-0.29,earnings_close,1
2897.T,2023-08-04,2023-11-07,4109.7,4256.2,3662.2,3.56,earnings_close,95
2897.T,2023-11-09,2024-02-13,4377.9,4295.7,4377.9,-1.88,stop_breakeven,96
2908.T,2020-09-25,2020-11-30,1810.6,1709.1,1725.9,-5.61,stop_base,66
2914.T,2021-10-15,2021-10-28,1801.5,1740.3,1670.8,-3.4,earnings_close,13
2914.T,2021-11-01,2022-03-07,1844.6,1643.2,1671.2,-10.92,stop_base,126
2914.T,2022-07-27,2022-08-04,2008.3,1888.4,1893.4,-5.97,stop_base,8
2914.T,2022-10-25,2023-02-13,2028.1,2296.3,2028.1,13.22,earnings_close,111
2914.T,2023-02-15,2023-05-01,2398.7,2540.8,2189.1,5.92,earnings_close,75
2914.T,2023-05-08,2023-09-11,2564.9,2864.1,2564.9,11.67,time,126
2914.T,2023-09-14,2024-01-18,2937.7,3499.1,2937.7,19.11,time,126
2914.T,2024-01-31,2024-05-08,3549.2,3895.5,3549.2,9.76,earnings_close,98
2914.T,2024-05-10,2024-08-01,4018.5,3954.2,3616.6,-1.6,earnings_close,83
2914.T,2024-09-26,2024-10-30,3933.7,3967.3,3701.8,0.85,earnings_close,34
2915.T,2022-10-19,2022-12-21,1565.4,1345.6,1360.9,-14.04,stop_base,63
2915.T,2024-02-02,2024-06-05,1722.3,1719.4,1722.3,-0.17,stop_breakeven,124
2915.T,2024-07-17,2024-08-02,1987.2,1872.3,1987.2,-5.78,stop_breakeven,16
2915.T,2024-08-16,2024-09-05,2196.2,2181.0,2196.2,-0.69,stop_breakeven,20
2918.T,2021-06-17,2021-08-16,1836.0,1823.4,1836.0,-0.69,stop_breakeven,60
2918.T,2021-09-13,2021-10-05,2086.0,2054.1,2086.0,-1.53,stop_breakeven,22
2918.T,2023-07-07,2023-11-10,2450.9,3126.2,2450.9,27.55,time,126
2918.T,2023-12-04,2024-01-17,3198.9,2600.9,2716.3,-18.69,stop_base,44
2922.T,2020-07-15,2020-11-18,1702.3,1933.8,1702.3,13.6,time,126
2929.T,2020-08-19,2020-08-28,1077.8,993.0,1077.8,-7.87,stop_breakeven,9
2929.T,2023-06-06,2023-06-27,1970.2,1901.6,1970.2,-3.48,stop_breakeven,21
2930.T,2020-01-07,2020-01-23,679.7,591.1,604.9,-13.04,stop_base,16
2930.T,2023-03-02,2023-05-08,337.1,276.5,284.5,-17.98,stop_base,67
2931.T,2021-03-16,2021-05-12,1257.7,870.7,849.8,-30.78,earnings_close,57
2931.T,2022-08-22,2022-09-21,1018.9,870.7,886.6,-14.55,stop_base,30
2931.T,2023-02-01,2023-03-14,1034.8,911.5,916.4,-11.92,stop_base,41
2933.T,2023-08-25,2023-10-03,1065.8,1045.8,1065.8,-1.87,stop_breakeven,39
2933.T,2023-12-26,2024-04-03,1159.9,1159.1,1159.9,-0.07,stop_breakeven,99
2933.T,2024-06-05,2024-08-05,1189.0,1024.2,1075.3,-13.86,stop_base,61
2935.T,2023-09-29,2023-10-03,1223.1,1087.1,1108.5,-11.12,stop_base,4
2975.T,2022-06-09,2022-07-01,728.1,642.6,728.1,-11.74,stop_breakeven,22
2975.T,2022-08-19,2022-10-03,720.6,622.6,639.5,-13.6,stop_base,45
2975.T,2024-11-25,2025-03-31,656.7,889.6,656.7,35.48,time,126
2980.T,2021-04-07,2021-05-11,4842.2,4797.7,4842.2,-0.92,stop_breakeven,34
2982.T,2022-10-19,2022-12-20,140.8,126.3,128.0,-10.3,stop_base,62
2982.T,2023-05-08,2023-09-11,159.2,219.3,159.2,37.72,time,126
2982.T,2024-02-09,2024-05-30,231.9,203.6,204.5,-12.2,stop_base,111
3002.T,2023-02-21,2023-05-11,1827.2,1998.8,1827.2,9.4,earnings_close,79
3002.T,2023-05-16,2023-05-25,2018.1,1911.1,1917.5,-5.3,stop_base,9
3002.T,2023-08-07,2023-11-01,1934.6,1945.3,1836.2,0.55,earnings_close,86
3002.T,2023-11-06,2024-03-11,2030.9,2349.8,2030.9,15.7,time,126
3002.T,2024-06-03,2024-08-05,2463.2,2183.9,2252.1,-11.34,stop_base,63
3002.T,2024-09-26,2024-11-06,2516.0,2225.7,2291.7,-11.54,stop_base,41
3003.T,2020-01-07,2020-01-28,1083.1,1072.7,933.4,-0.96,earnings_close,21
3003.T,2020-02-06,2020-02-25,1085.5,1036.6,1048.6,-4.51,stop_base,19
3003.T,2021-06-22,2021-09-29,1102.2,1056.4,1102.2,-4.15,stop_breakeven,99
3003.T,2023-07-05,2023-07-26,1145.4,1124.9,1037.1,-1.78,earnings_close,21
3003.T,2023-08-24,2023-10-25,1137.2,1206.2,1137.2,6.07,earnings_close,62
3003.T,2023-11-01,2024-03-06,1276.2,1399.6,1276.2,9.67,time,126
3003.T,2024-05-20,2024-06-18,1420.4,1314.5,1317.7,-7.46,stop_base,29
3028.T,2020-02-12,2020-02-28,1708.3,1394.6,1414.7,-18.36,stop_base,16
3028.T,2020-11-06,2021-03-12,2224.2,2046.9,1730.2,-7.97,time,126
3028.T,2021-03-23,2021-04-26,2156.6,2145.0,2156.6,-0.54,stop_breakeven,34
3028.T,2021-05-21,2021-09-24,2323.3,2975.9,2323.3,28.09,time,126
3031.T,2021-01-25,2021-03-03,1697.4,1695.6,1697.4,-0.1,stop_breakeven,37
3034.T,2021-07-13,2021-09-29,1398.2,1375.5,1398.2,-1.62,stop_breakeven,78
3034.T,2021-10-26,2021-11-26,1535.6,1283.3,1286.0,-16.43,stop_base,31
3034.T,2023-08-08,2023-09-20,1728.7,1716.5,1728.7,-0.71,stop_breakeven,43
3036.T,2021-01-18,2021-03-24,1365.3,1339.4,1365.3,-1.9,stop_breakeven,65
3036.T,2024-06-26,2024-08-02,1450.6,1265.8,1286.9,-12.74,stop_base,37
3036.T,2024-12-26,2025-04-04,1429.1,1399.0,1429.1,-2.11,stop_breakeven,99
3038.T,2020-01-09,2020-03-12,1876.3,1866.7,1876.3,-0.51,stop_breakeven,63
3038.T,2020-06-01,2020-06-09,2867.4,2973.2,2867.4,3.69,earnings_close,8
3038.T,2020-07-13,2020-08-28,3223.4,3011.7,3223.4,-6.57,stop_breakeven,46
3038.T,2020-10-30,2021-01-19,2851.1,2785.3,2851.1,-2.31,stop_breakeven,81
3038.T,2021-09-02,2021-09-29,4274.3,3538.5,3553.0,-17.21,stop_base,27
3038.T,2021-11-09,2021-12-03,4005.1,3990.5,4005.1,-0.36,stop_breakeven,24
3038.T,2023-05-22,2023-07-06,4101.2,3540.7,3557.4,-13.67,stop_base,45
3040.T,2020-06-01,2020-07-02,1269.7,1240.4,1269.7,-2.31,stop_breakeven,31
3040.T,2020-08-06,2020-08-28,1564.4,1535.2,1564.4,-1.87,stop_breakeven,22
3040.T,2021-02-09,2021-02-25,1699.4,1516.5,1527.1,-10.76,stop_base,16
3046.T,2020-01-09,2020-02-20,6980.1,6961.3,6980.1,-0.27,stop_breakeven,42
3046.T,2024-10-15,2024-11-28,6016.0,6006.2,6016.0,-0.16,stop_breakeven,44
3046.T,2024-12-20,2025-01-09,6465.2,6680.1,5869.5,3.32,earnings_close,20
3048.T,2021-03-22,2021-04-23,1189.7,1034.9,1049.6,-13.01,stop_base,32
3048.T,2022-07-20,2022-10-11,1092.5,1157.1,1092.5,5.91,earnings_close,83
3048.T,2022-11-25,2023-01-10,1158.0,1154.3,1043.4,-0.32,earnings_close,46
3048.T,2024-04-15,2024-07-10,1562.8,1448.7,1180.7,-7.3,earnings_close,86
3048.T,2024-07-16,2024-08-01,1553.3,1529.5,1553.3,-1.53,stop_breakeven,16
3048.T,2024-12-06,2025-03-14,1681.6,1523.3,1523.5,-9.41,stop_base,98
3050.T,2020-07-01,2020-09-08,1031.3,1014.8,1031.3,-1.6,stop_breakeven,69
3050.T,2020-09-17,2020-10-22,1113.0,1106.3,1113.0,-0.6,stop_breakeven,35
3050.T,2023-04-12,2023-06-01,1139.2,1131.0,1139.2,-0.72,stop_breakeven,50
3050.T,2024-06-07,2024-07-01,1461.8,1317.9,1319.8,-9.85,stop_base,24
3064.T,2020-06-19,2020-07-20,2068.0,2064.9,2068.0,-0.15,stop_breakeven,31
3064.T,2020-09-16,2020-10-26,2237.1,2464.4,2237.1,10.16,earnings_close,40
3064.T,2020-11-09,2021-02-01,2928.6,2588.2,2445.3,-11.62,earnings_close,84
3064.T,2021-02-03,2021-02-26,2962.0,2933.2,2962.0,-0.97,stop_breakeven,23
3064.T,2022-11-14,2022-12-13,2419.0,1982.1,2045.9,-18.06,stop_base,29
3064.T,2024-08-01,2024-10-30,2106.4,2273.7,2106.4,7.94,earnings_close,90
3064.T,2024-11-05,2024-11-14,2569.9,2558.6,2569.9,-0.44,stop_breakeven,9
3076.T,2021-03-16,2021-05-12,1828.9,1797.2,1640.0,-1.73,earnings_close,57
3076.T,2021-05-20,2021-07-21,1898.8,1725.3,1734.0,-9.14,stop_base,62
3076.T,2021-09-03,2021-10-01,1956.6,1936.4,1956.6,-1.03,stop_breakeven,28
3076.T,2022-10-31,2022-11-10,1920.6,1954.6,1798.6,1.77,earnings_close,10
3076.T,2022-11-22,2022-12-02,1965.1,1833.5,1834.4,-6.7,stop_base,10
3076.T,2023-01-24,2023-03-20,1914.1,1883.1,1914.1,-1.62,stop_breakeven,55
3076.T,2023-04-20,2023-08-16,2060.3,2000.2,1883.1,-2.92,earnings_close,118
3076.T,2023-08-21,2023-09-21,2171.9,2159.2,2171.9,-0.58,stop_breakeven,31
3086.T,2020-01-06,2020-01-23,1327.5,1196.0,1196.9,-9.91,stop_base,17
3086.T,2022-08-23,2022-11-14,1013.3,1007.3,1013.3,-0.59,stop_breakeven,83
3086.T,2023-02-16,2023-03-20,1132.6,1128.8,1132.6,-0.34,stop_breakeven,32
3086.T,2023-04-18,2023-05-31,1274.3,1265.0,1274.3,-0.73,stop_breakeven,43
3086.T,2023-08-08,2023-10-16,1341.0,1307.4,1341.0,-2.5,stop_breakeven,69
3086.T,2024-07-01,2024-08-05,1826.5,1205.8,1381.8,-33.98,stop_base,35
3086.T,2024-11-25,2024-12-23,1691.6,1917.6,1691.6,13.36,earnings_close,28
3087.T,2023-01-25,2023-05-31,1649.8,1902.0,1649.8,15.29,time,126
3087.T,2023-06-30,2023-10-16,1982.9,1939.5,1982.9,-2.19,stop_breakeven,108
3088.T,2020-01-09,2020-02-17,1330.3,1200.9,1241.6,-9.73,stop_base,39
3088.T,2021-03-03,2021-06-14,1500.9,1500.5,1500.9,-0.02,stop_breakeven,103
3088.T,2021-07-27,2021-08-06,1594.6,1435.8,1449.6,-9.96,stop_base,10
3088.T,2021-09-06,2021-10-20,1610.0,1602.9,1610.0,-0.44,stop_breakeven,44
3088.T,2022-09-01,2022-10-24,1747.1,1720.7,1747.1,-1.51,stop_breakeven,53
3088.T,2022-12-05,2023-04-10,1881.4,2231.5,1881.4,18.61,time,126
3088.T,2023-04-11,2023-08-15,2250.5,2891.4,2250.5,28.48,time,126
3088.T,2023-08-16,2023-10-16,2917.4,2424.9,2451.1,-16.88,stop_base,61
3088.T,2023-11-14,2023-11-21,2597.6,2418.2,2424.9,-6.91,stop_base,7
3091.T,2023-05-16,2023-09-19,2780.5,2984.9,2780.5,7.35,time,126
3091.T,2023-11-01,2024-03-06,3039.0,3363.9,3039.0,10.69,time,126
3091.T,2024-03-13,2024-07-17,3433.0,3780.2,3433.0,10.12,time,126
3091.T,2024-12-06,2025-01-08,3913.8,3524.5,3592.2,-9.95,stop_base,33
3092.T,2020-10-08,2020-10-26,896.6,788.7,799.2,-12.04,stop_base,18
3092.T,2021-04-08,2021-04-26,1034.1,1026.7,925.9,-0.71,earnings_close,18
3092.T,2021-04-28,2021-07-28,1112.2,994.3,925.9,-10.6,earnings_close,91
3092.T,2021-08-11,2021-09-07,1191.7,1165.2,1191.7,-2.22,stop_breakeven,27
3092.T,2021-09-14,2021-10-27,1283.0,1243.6,1121.0,-3.07,earnings_close,43
3092.T,2023-01-27,2023-02-17,1018.8,916.1,917.6,-10.07,stop_base,21
3092.T,2024-05-31,2024-07-29,1161.5,1381.9,1161.5,18.98,earnings_close,59
3092.T,2024-08-19,2024-09-02,1419.5,1391.7,1419.5,-1.96,stop_breakeven,14
3092.T,2024-09-26,2024-10-25,1580.2,1572.6,1580.2,-0.48,stop_breakeven,29
3093.T,2021-05-06,2021-06-07,522.6,448.9,449.3,-14.11,stop_base,32
3093.T,2021-07-14,2021-08-13,474.7,412.2,419.0,-13.16,stop_base,30
3093.T,2022-06-08,2022-06-13,504.4,503.0,504.4,-0.27,stop_breakeven,5
3093.T,2022-11-29,2023-01-12,1101.4,1088.4,1101.4,-1.18,stop_breakeven,44
3093.T,2023-07-03,2023-07-13,1618.6,1416.8,1618.6,-12.47,stop_breakeven,10
3093.T,2024-06-25,2024-08-01,1761.5,1698.3,1761.5,-3.59,stop_breakeven,37
3097.T,2020-11-10,2020-11-30,1840.4,1824.6,1840.4,-0.86,stop_breakeven,20
3097.T,2021-02-17,2021-06-23,1932.0,2354.6,1932.0,21.88,time,126
3097.T,2021-06-30,2021-07-09,2385.3,2372.5,2385.3,-0.54,stop_breakeven,9
3097.T,2022-11-11,2022-12-12,2336.1,2068.3,2145.7,-11.46,stop_base,31
3097.T,2023-04-10,2023-08-14,2699.3,3651.4,2699.3,35.27,time,126
3097.T,2023-08-15,2023-10-04,3856.7,3773.6,3856.7,-2.15,stop_breakeven,50
3097.T,2023-12-12,2024-04-16,4140.2,4247.6,4140.2,2.59,time,126
3099.T,2021-11-04,2021-11-08,807.2,822.9,727.2,1.95,earnings_close,4
3099.T,2022-01-05,2022-03-08,803.5,788.7,803.5,-1.84,stop_breakeven,62
3099.T,2022-08-31,2022-11-09,1023.1,1178.5,1023.1,15.2,earnings_close,70
3099.T,2023-03-03,2023-03-14,1327.8,1287.7,1327.8,-3.02,stop_breakeven,11
3099.T,2023-04-20,2023-08-01,1409.5,1491.1,1238.3,5.79,earnings_close,103
3099.T,2023-08-07,2023-11-08,1495.4,1548.8,1495.4,3.57,earnings_close,93
3099.T,2023-11-14,2023-12-11,1673.5,1529.9,1533.2,-8.58,stop_base,27
3099.T,2024-04-12,2024-08-02,2415.7,2333.8,2415.7,-3.39,stop_breakeven,112
3103.T,2021-02-08,2021-05-13,454.0,376.0,377.0,-17.18,stop_base,94
3104.T,2020-01-20,2020-01-29,994.4,965.5,994.4,-2.9,stop_breakeven,9
3104.T,2020-12-29,2021-05-06,1093.0,1268.6,1093.0,16.06,time,128
3104.T,2024-01-31,2024-04-05,1323.6,1322.9,1323.6,-0.05,stop_breakeven,65
3104.T,2024-05-20,2024-07-24,1395.0,1368.4,1395.0,-1.91,stop_breakeven,65
3104.T,2024-07-31,2024-08-05,1627.0,1247.7,1349.6,-23.31,stop_base,5
3104.T,2024-11-07,2025-02-10,1548.4,1530.9,1548.4,-1.13,stop_breakeven,95
3105.T,2021-08-11,2021-08-19,860.8,779.2,783.5,-9.48,stop_base,8
3105.T,2022-06-07,2022-10-11,958.4,939.1,822.9,-2.01,time,126
3105.T,2024-02-07,2024-02-15,1160.2,1156.5,1160.2,-0.32,stop_breakeven,8
3106.T,2022-07-20,2022-11-24,1823.0,1940.0,1823.0,6.42,time,127
3106.T,2022-11-25,2023-03-31,1961.4,2273.1,1961.4,15.89,time,126
3106.T,2024-02-26,2024-07-01,3055.9,4652.5,3055.9,52.24,time,126
3106.T,2024-10-01,2025-02-04,4754.9,5341.0,4754.9,12.33,time,126
3107.T,2020-05-29,2020-06-29,1196.9,1182.0,1196.9,-1.24,stop_breakeven,31
3107.T,2020-07-27,2020-08-07,1322.8,1087.7,1105.9,-17.77,stop_base,11
3107.T,2020-09-29,2020-11-13,1152.2,1014.8,1021.5,-11.93,stop_base,45
3107.T,2021-03-22,2021-07-26,1587.6,1898.9,1587.6,19.6,time,126
3107.T,2021-11-01,2021-12-02,1779.4,1549.9,1562.0,-12.9,stop_base,31
3107.T,2022-11-10,2022-12-02,1880.9,1852.2,1880.9,-1.53,stop_breakeven,22
3107.T,2023-02-09,2023-03-14,1886.3,1858.5,1886.3,-1.48,stop_breakeven,33
3107.T,2023-04-05,2023-08-09,2116.8,2440.6,2116.8,15.3,time,126
3107.T,2023-08-28,2023-09-21,2625.2,2550.9,2625.2,-2.83,stop_breakeven,24
3107.T,2023-11-06,2024-02-09,2723.7,2490.3,2723.7,-8.57,stop_breakeven,95
3109.T,2023-02-24,2023-03-14,862.8,855.3,862.8,-0.86,stop_breakeven,18
3109.T,2023-04-27,2023-05-31,889.5,833.8,837.9,-6.27,stop_base,34
3109.T,2023-07-31,2023-12-04,903.4,950.5,903.4,5.21,time,126
3109.T,2024-01-29,2024-06-03,1070.7,988.4,917.4,-7.69,time,126
3110.T,2020-02-12,2020-02-28,4719.3,3775.4,4052.2,-20.0,stop_base,16
3110.T,2023-12-27,2024-05-01,4433.7,5335.1,4433.7,20.33,time,126
3110.T,2024-12-26,2025-01-14,6196.1,5825.9,6196.1,-5.97,stop_breakeven,19
3116.T,2021-03-19,2021-04-26,1598.5,1515.7,1359.8,-5.18,earnings_close,38
3116.T,2021-04-28,2021-07-28,1665.9,1897.5,1665.9,13.9,earnings_close,91
3116.T,2023-05-25,2023-07-27,2073.0,2294.6,2073.0,10.69,earnings_close,63
3116.T,2023-08-08,2023-10-03,2408.1,2402.1,2408.1,-0.25,stop_breakeven,56
3116.T,2023-11-17,2023-12-04,2526.9,2251.4,2267.3,-10.9,stop_base,17
3132.T,2020-11-04,2020-12-18,548.5,545.5,548.5,-0.55,stop_breakeven,44
3132.T,2021-01-26,2021-04-30,617.7,617.4,617.7,-0.05,stop_breakeven,94
3132.T,2021-05-10,2021-09-13,652.1,811.2,652.1,24.41,time,126
3132.T,2021-11-04,2022-01-25,797.2,680.5,680.8,-14.64,stop_base,82
3132.T,2022-06-07,2022-07-01,865.3,735.8,746.9,-14.96,stop_base,24
3132.T,2022-08-05,2022-09-15,831.9,829.6,831.9,-0.28,stop_breakeven,41
3132.T,2022-10-31,2023-03-06,885.3,1123.7,885.3,26.93,time,126
3132.T,2023-03-31,2023-08-04,1141.3,1942.6,1141.3,70.21,time,126
3132.T,2023-08-30,2023-09-13,2009.4,1991.2,2009.4,-0.91,stop_breakeven,14
3132.T,2023-09-26,2023-10-23,2182.4,2179.1,2182.4,-0.15,stop_breakeven,27
3132.T,2024-01-11,2024-01-26,2496.7,2455.3,2496.7,-1.66,stop_breakeven,15
3139.T,2024-05-01,2024-07-10,2497.4,2612.0,2497.4,4.59,earnings_close,70
3139.T,2024-07-16,2024-08-05,2909.1,2547.7,2612.0,-12.42,stop_base,20
3139.T,2024-08-20,2024-09-06,2913.8,2857.1,2913.8,-1.95,stop_breakeven,17
3148.T,2020-05-28,2020-06-25,2975.4,2957.3,2975.4,-0.61,stop_breakeven,28
3148.T,2020-07-14,2020-09-04,3368.2,3323.1,3368.2,-1.34,stop_breakeven,52
3148.T,2020-11-26,2021-01-13,3440.5,3391.4,3440.5,-1.43,stop_breakeven,48
3148.T,2023-01-24,2023-05-30,3239.6,3227.3,2959.1,-0.38,time,126
3148.T,2023-06-28,2023-09-15,3401.7,3382.8,3401.7,-0.55,stop_breakeven,79
3150.T,2020-01-22,2020-02-13,1175.2,974.9,986.4,-17.04,stop_base,22
3150.T,2020-07-22,2020-08-25,1491.6,1489.3,1491.6,-0.15,stop_breakeven,34
3150.T,2020-10-06,2020-10-28,1546.5,1532.2,1546.5,-0.93,stop_breakeven,22
3150.T,2021-09-17,2021-10-27,2854.4,2386.7,2393.6,-16.38,stop_base,40
3150.T,2023-05-16,2023-08-16,2274.9,2177.5,2274.9,-4.28,stop_breakeven,92
3150.T,2024-09-26,2025-01-30,2639.3,2228.1,2217.0,-15.58,time,126
3151.T,2023-02-02,2023-06-08,734.7,795.3,734.7,8.26,time,126
3151.T,2023-07-20,2023-11-24,829.0,920.8,829.0,11.07,time,127
3151.T,2024-01-18,2024-05-23,986.7,1119.5,986.7,13.46,time,126
3151.T,2024-05-24,2024-08-02,1137.9,1102.9,1137.9,-3.07,stop_breakeven,70
3153.T,2020-01-23,2020-02-19,813.3,770.6,775.0,-5.25,stop_base,27
3153.T,2020-12-14,2021-04-06,876.5,874.7,876.5,-0.2,stop_breakeven,113
3153.T,2023-01-24,2023-05-30,1022.3,1219.6,1022.3,19.3,time,126
3153.T,2023-06-09,2023-08-01,1254.7,1252.8,1254.7,-0.15,stop_breakeven,53
3153.T,2023-09-21,2023-10-04,1307.9,1173.1,1194.0,-10.3,stop_base,13
3153.T,2024-06-14,2024-08-02,1536.9,1463.5,1536.9,-4.77,stop_breakeven,49
3153.T,2024-12-19,2025-02-25,1650.8,1639.2,1650.8,-0.7,stop_breakeven,68
3154.T,2020-01-09,2020-02-13,753.9,711.2,713.9,-5.66,stop_base,35
3154.T,2020-05-28,2020-08-12,865.9,743.1,744.1,-14.18,stop_base,76
3154.T,2020-09-28,2020-12-07,840.6,723.3,729.6,-13.96,stop_base,70
3154.T,2022-07-25,2022-08-08,939.2,804.8,870.4,-14.31,stop_base,14
3156.T,2020-10-13,2020-11-19,1699.3,1682.5,1699.3,-0.99,stop_breakeven,37
3156.T,2021-01-12,2021-01-29,1773.3,1594.9,1609.4,-10.06,stop_base,17
3156.T,2022-11-22,2023-03-14,1884.5,1860.0,1884.5,-1.3,stop_breakeven,112
3156.T,2023-05-09,2023-09-12,1929.1,2186.4,1929.1,13.33,time,126
3156.T,2023-09-15,2024-01-19,2211.7,2813.3,2211.7,27.2,time,126
3156.T,2024-03-29,2024-07-19,2773.1,2764.0,2773.1,-0.33,stop_breakeven,112
3176.T,2020-01-17,2020-02-25,1092.4,892.3,930.3,-18.32,stop_base,39
3176.T,2021-05-12,2021-07-08,1032.9,1023.7,1032.9,-0.89,stop_breakeven,57
3176.T,2021-09-14,2021-10-29,1057.1,926.1,931.8,-12.4,stop_base,45
3176.T,2022-11-09,2023-03-14,994.3,992.6,994.3,-0.18,stop_breakeven,125
3176.T,2023-03-29,2023-08-02,1065.0,1219.6,1065.0,14.51,time,126
3176.T,2023-09-04,2023-10-04,1244.7,1141.5,1163.9,-8.29,stop_base,30
3176.T,2024-06-25,2024-07-24,1512.3,1394.5,1401.0,-7.79,stop_base,29
3176.T,2024-12-09,2025-04-04,1470.3,1296.3,1341.3,-11.83,stop_base,116
3179.T,2021-04-05,2021-05-11,936.0,888.5,936.0,-5.08,stop_breakeven,36
3179.T,2021-09-15,2021-10-21,1099.0,1098.1,1099.0,-0.08,stop_breakeven,36
3179.T,2024-05-08,2024-08-05,1137.8,1047.0,1137.8,-7.98,stop_breakeven,89
3180.T,2020-11-26,2020-12-04,1429.5,1378.3,1429.5,-3.59,stop_breakeven,8
3180.T,2021-06-14,2021-07-15,2106.4,2051.1,2106.4,-2.63,stop_breakeven,31
3180.T,2021-09-01,2021-09-07,2282.0,2313.2,1914.1,1.37,earnings_close,6
3180.T,2023-02-10,2023-03-06,1828.3,1775.1,1579.2,-2.91,earnings_close,24
3180.T,2023-03-09,2023-06-01,1925.0,1697.1,1697.7,-11.84,stop_base,84
3180.T,2023-06-12,2023-09-05,2076.4,2275.8,2076.4,9.6,earnings_close,85
3180.T,2023-09-08,2023-10-17,2543.3,2134.8,2161.5,-16.06,stop_base,39
3180.T,2023-11-10,2023-12-05,2396.1,2365.8,2074.0,-1.26,earnings_close,25
3182.T,2020-07-27,2020-08-12,2177.9,2144.2,2177.9,-1.55,stop_breakeven,16
3182.T,2020-08-14,2020-12-18,2538.2,3123.3,2538.2,23.05,time,126
3182.T,2021-09-14,2021-10-04,4543.9,4405.3,4543.9,-3.05,stop_breakeven,20
3183.T,2021-03-05,2021-03-11,1032.1,844.3,872.1,-18.2,stop_base,6
3183.T,2023-09-05,2023-12-18,997.7,994.2,997.7,-0.36,stop_breakeven,104
3183.T,2024-02-05,2024-06-10,1140.4,1120.7,993.3,-1.72,time,126
3183.T,2024-12-25,2025-01-14,1195.0,1191.3,1195.0,-0.31,stop_breakeven,20
3186.T,2020-01-06,2020-01-27,1207.4,1023.2,1052.2,-15.25,stop_base,21
3186.T,2021-01-08,2021-05-14,1440.6,1559.2,1440.6,8.24,time,126
3186.T,2021-06-22,2021-10-26,1656.4,2010.5,1656.4,21.38,time,126
3186.T,2021-11-16,2021-12-01,2134.7,2116.1,2134.7,-0.87,stop_breakeven,15
3186.T,2021-12-28,2022-02-08,2365.2,2348.3,2365.2,-0.72,stop_breakeven,42
3186.T,2022-11-24,2022-12-20,2839.0,2415.4,2434.7,-14.92,stop_base,26
3191.T,2022-06-07,2022-10-11,1467.4,1608.2,1467.4,9.59,time,126
3191.T,2022-11-11,2023-02-02,1653.2,1649.2,1653.2,-0.24,stop_breakeven,83
3191.T,2024-06-24,2024-08-02,2070.4,1940.5,1946.6,-6.28,stop_base,39
3193.T,2020-02-04,2020-02-27,2518.8,2089.9,2099.0,-17.03,stop_base,23
3193.T,2021-09-03,2021-10-29,1818.3,1809.6,1818.3,-0.48,stop_breakeven,56
3193.T,2022-09-16,2022-12-23,2419.9,1903.8,1928.0,-21.33,stop_base,98
3193.T,2023-07-31,2023-12-04,2652.7,2769.2,2652.7,4.39,time,126
3193.T,2023-12-11,2024-04-15,3237.0,4117.1,3237.0,27.19,time,126
3196.T,2022-11-16,2023-03-22,1545.4,1422.2,1317.5,-7.98,time,126
3196.T,2023-05-09,2023-08-10,1580.4,1555.8,1580.4,-1.55,stop_breakeven,93
3196.T,2023-09-12,2024-01-16,1681.6,1907.8,1681.6,13.45,time,126
3196.T,2024-01-17,2024-02-15,1944.4,1807.0,1828.8,-7.06,stop_base,29
3196.T,2024-04-01,2024-08-05,2134.1,2000.7,2134.1,-6.25,stop_breakeven,126
3196.T,2024-09-20,2024-11-15,2316.9,2091.6,2095.5,-9.72,stop_base,56
3197.T,2023-05-16,2023-08-09,1925.0,1851.4,1678.5,-3.83,earnings_close,85
3197.T,2023-08-14,2023-11-08,2038.5,2232.5,2038.5,9.52,earnings_close,86
3197.T,2024-01-12,2024-02-13,2276.5,2381.5,2276.5,4.61,earnings_close,32
3197.T,2024-04-01,2024-05-13,2416.0,2186.4,2093.7,-9.5,earnings_close,42
3198.T,2020-01-07,2020-02-18,2331.8,2009.5,2084.4,-13.82,stop_base,42
3198.T,2022-07-29,2022-12-02,1681.1,1639.8,1450.1,-2.46,time,126
3198.T,2023-03-09,2023-07-13,1730.4,2166.8,1730.4,25.22,time,126
3198.T,2023-07-20,2023-09-28,2179.4,2177.1,2179.4,-0.1,stop_breakeven,70
3198.T,2023-11-08,2024-02-29,2240.1,1951.6,1979.2,-12.88,stop_base,113
3199.T,2021-01-12,2021-02-18,1294.9,1146.8,1166.8,-11.44,stop_base,37
3199.T,2024-06-14,2024-08-05,1611.3,1522.8,1611.3,-5.5,stop_breakeven,52
3201.T,2022-08-05,2022-12-09,957.6,901.4,855.7,-5.87,time,126
3201.T,2023-07-26,2023-11-29,1095.5,1235.2,1095.5,12.76,time,126
3201.T,2024-01-15,2024-02-06,1310.6,1307.8,1310.6,-0.22,stop_breakeven,22
3201.T,2024-03-27,2024-04-16,1393.5,1235.2,1263.5,-11.36,stop_base,20
3201.T,2024-06-03,2024-08-02,1297.3,1159.0,1201.3,-10.66,stop_base,60
3221.T,2022-08-19,2022-09-07,2284.1,2026.4,2047.6,-11.28,stop_base,19
3221.T,2023-08-01,2023-10-03,2621.5,2607.2,2621.5,-0.55,stop_breakeven,63
3221.T,2023-11-10,2023-12-07,2798.6,2785.9,2798.6,-0.45,stop_breakeven,27
3221.T,2024-01-19,2024-05-24,2953.8,2757.7,2571.1,-6.64,time,126
3221.T,2024-08-30,2024-11-01,3168.7,3168.1,3168.7,-0.02,stop_breakeven,63
3231.T,2020-01-14,2020-02-26,429.0,401.1,408.6,-6.5,stop_base,43
3231.T,2021-04-07,2021-07-20,449.0,442.5,449.0,-1.44,stop_breakeven,104
3231.T,2021-08-11,2021-09-21,482.0,476.7,482.0,-1.1,stop_breakeven,41
3231.T,2022-08-12,2022-09-27,581.7,573.2,581.7,-1.47,stop_breakeven,46
3231.T,2023-08-29,2023-10-04,652.3,648.4,652.3,-0.61,stop_breakeven,36
3231.T,2024-01-05,2024-02-06,693.3,683.9,693.3,-1.36,stop_breakeven,32
3231.T,2024-03-27,2024-04-16,770.8,770.4,770.8,-0.05,stop_breakeven,20
3231.T,2024-04-30,2024-08-02,818.4,692.5,694.4,-15.38,stop_base,94
3232.T,2023-03-08,2023-07-12,499.2,509.4,499.2,2.04,time,126
3232.T,2023-08-10,2023-09-29,539.9,532.3,539.9,-1.41,stop_breakeven,50
3232.T,2023-12-29,2024-02-08,563.1,550.9,563.1,-2.16,stop_breakeven,41
3245.T,2020-01-06,2020-02-26,424.8,390.3,397.5,-8.12,stop_base,51
3245.T,2021-10-01,2021-11-25,434.6,432.2,434.6,-0.55,stop_breakeven,55
3245.T,2022-08-25,2022-10-07,524.5,464.1,467.2,-11.51,stop_base,43
3245.T,2022-10-27,2023-03-02,535.4,562.9,535.4,5.14,time,126
3245.T,2023-03-07,2023-07-11,563.8,714.2,563.8,26.68,time,126
3245.T,2023-07-24,2023-08-17,728.8,712.5,728.8,-2.24,stop_breakeven,24
3245.T,2023-09-19,2023-10-03,764.9,695.9,707.3,-9.01,stop_base,14
3245.T,2023-11-15,2023-12-08,768.1,767.2,768.1,-0.12,stop_breakeven,23
3245.T,2023-12-28,2024-02-15,825.8,824.0,825.8,-0.22,stop_breakeven,49
3245.T,2024-03-26,2024-04-16,902.4,896.1,902.4,-0.7,stop_breakeven,21
3252.T,2022-11-08,2022-12-20,1817.0,1680.5,1716.3,-7.51,stop_base,42
3252.T,2023-11-27,2024-04-01,2107.2,2338.7,2107.2,10.98,time,126
3252.T,2024-05-07,2024-06-12,2384.0,2127.1,2129.9,-10.78,stop_base,36
3252.T,2024-06-20,2024-07-12,2476.4,2168.7,2476.4,-12.43,stop_breakeven,22
3276.T,2020-01-24,2020-02-18,1034.9,1031.1,1034.9,-0.37,stop_breakeven,25
3284.T,2022-07-27,2022-11-30,649.7,654.3,600.3,0.72,time,126
3284.T,2023-03-01,2023-03-14,695.4,678.9,695.4,-2.36,stop_breakeven,13
3284.T,2023-04-25,2023-08-29,707.5,890.9,707.5,25.93,time,126
3284.T,2023-09-01,2023-10-03,922.3,922.1,922.3,-0.02,stop_breakeven,32
3284.T,2024-01-04,2024-02-09,938.6,919.5,938.6,-2.04,stop_breakeven,36
3284.T,2024-03-29,2024-07-26,996.2,995.3,996.2,-0.09,stop_breakeven,119
3288.T,2020-02-21,2020-02-28,2750.2,2285.8,2437.8,-16.89,stop_base,7
3288.T,2020-09-29,2020-12-15,3299.5,3282.2,3299.5,-0.52,stop_breakeven,77
3288.T,2021-01-18,2021-05-13,3719.0,3664.0,3719.0,-1.48,stop_breakeven,115
3288.T,2021-07-13,2021-08-18,4765.8,4210.6,4468.5,-11.65,stop_base,36
3288.T,2021-09-10,2022-01-14,5106.9,5284.7,5106.9,3.48,time,126
3289.T,2020-02-04,2020-02-27,636.7,582.0,591.8,-8.6,stop_base,23
3289.T,2021-06-02,2021-10-06,597.9,573.7,485.1,-4.04,time,126
3289.T,2022-08-12,2022-09-28,650.4,637.3,650.4,-2.02,stop_breakeven,47
3289.T,2023-08-08,2023-12-12,775.8,855.0,775.8,10.2,time,126
3289.T,2024-01-10,2024-02-09,896.3,890.9,896.3,-0.61,stop_breakeven,30
3289.T,2024-03-14,2024-07-18,951.1,1037.6,951.1,9.11,time,126
3291.T,2020-11-17,2021-03-23,1755.4,2262.0,1755.4,28.86,time,126
3291.T,2021-04-13,2021-07-06,2290.2,2259.1,2290.2,-1.36,stop_breakeven,84
3291.T,2023-04-24,2023-08-28,2041.0,2065.0,2041.0,1.17,time,126
3291.T,2023-09-04,2023-10-02,2232.9,2219.5,2232.9,-0.6,stop_breakeven,28
3302.T,2020-07-17,2020-11-20,2092.1,2361.8,2092.1,12.89,time,126
3302.T,2023-08-23,2023-10-04,1736.5,1703.6,1736.5,-1.89,stop_breakeven,42
3302.T,2023-11-10,2024-03-15,1860.5,2231.3,1860.5,19.93,time,126
3302.T,2024-04-30,2024-05-15,2284.3,2114.8,2137.9,-7.42,stop_base,15
3302.T,2024-05-31,2024-07-22,2306.5,2292.0,2306.5,-0.63,stop_breakeven,52
3302.T,2024-08-26,2024-11-19,2451.9,2445.1,2451.9,-0.27,stop_breakeven,85
3315.T,2021-02-15,2021-04-27,95.4,95.0,95.4,-0.34,stop_breakeven,71
3315.T,2021-08-11,2021-12-15,109.0,116.5,109.0,6.84,time,126
3315.T,2022-01-05,2022-01-21,124.9,123.9,124.9,-0.75,stop_breakeven,16
3315.T,2023-09-13,2023-10-02,119.2,116.2,119.2,-2.46,stop_breakeven,19
3315.T,2023-11-20,2024-02-13,118.2,112.3,118.2,-4.96,stop_breakeven,85
3315.T,2024-03-07,2024-03-11,141.6,138.7,141.6,-2.07,stop_breakeven,4
3315.T,2024-05-20,2024-06-07,146.0,121.0,124.0,-17.12,stop_base,18
3333.T,2020-07-06,2020-11-09,1388.0,1409.3,1388.0,1.54,time,126
3333.T,2024-06-18,2024-10-22,1417.2,1451.2,1417.2,2.4,time,126
3333.T,2024-12-03,2025-01-08,1510.0,1406.7,1408.6,-6.84,stop_base,36
3349.T,2020-01-10,2020-01-30,5714.9,5698.1,5714.9,-0.29,stop_breakeven,20
3349.T,2020-06-01,2020-10-05,7622.3,8671.3,7622.3,13.76,time,126
3349.T,2023-09-04,2023-09-21,8403.8,7474.7,7660.5,-11.06,stop_base,17
3349.T,2023-12-07,2024-02-22,8085.4,7226.3,7244.8,-10.63,stop_base,77
3360.T,2020-01-22,2020-02-18,2233.0,1996.7,2003.2,-10.58,stop_base,27
3360.T,2020-12-10,2021-04-15,2367.3,2673.8,2367.3,12.95,time,126
3360.T,2022-10-25,2023-01-06,2628.6,2375.4,2379.1,-9.63,stop_base,73
3371.T,2020-07-27,2020-07-31,1055.7,1018.4,1055.7,-3.53,stop_breakeven,4
3371.T,2024-06-07,2024-07-25,1881.9,1710.1,1711.0,-9.13,stop_base,48
3371.T,2024-12-03,2025-01-06,2152.3,2113.9,2152.3,-1.78,stop_breakeven,34
3382.T,2021-05-14,2021-07-29,1491.8,1478.8,1491.8,-0.87,stop_breakeven,76
3382.T,2021-09-07,2021-11-29,1545.7,1410.6,1438.0,-8.74,stop_base,83
3382.T,2023-01-24,2023-03-14,1910.4,1862.5,1910.4,-2.51,stop_breakeven,49
3382.T,2023-05-09,2023-09-12,1983.3,1905.7,1768.3,-3.91,time,126
3387.T,2020-01-07,2020-02-27,470.8,451.7,470.8,-4.07,stop_breakeven,51
3387.T,2021-09-13,2021-10-06,455.8,444.7,455.8,-2.45,stop_breakeven,23
3387.T,2021-10-19,2021-10-27,494.7,412.6,419.0,-16.58,stop_base,8
3387.T,2022-07-28,2022-09-05,494.8,428.9,432.0,-13.32,stop_base,39
3387.T,2023-03-02,2023-03-22,496.5,496.0,496.5,-0.1,stop_breakeven,20
3387.T,2023-05-15,2023-06-26,503.4,479.3,481.8,-4.78,stop_base,42
3387.T,2023-07-21,2023-10-02,551.0,549.7,551.0,-0.23,stop_breakeven,73
3388.T,2023-03-30,2023-08-03,1076.8,1277.0,1076.8,18.6,time,126
3388.T,2023-09-04,2023-10-04,1397.1,1213.3,1257.4,-13.16,stop_base,30
3388.T,2023-11-29,2024-04-03,1293.6,1460.8,1293.6,12.93,time,126
3388.T,2024-04-10,2024-07-31,1536.6,1487.6,1536.6,-3.19,stop_breakeven,112
3391.T,2020-01-07,2020-02-18,2438.1,2178.0,2205.8,-10.67,stop_base,42
3391.T,2020-05-28,2020-10-02,2742.1,2586.7,2318.5,-5.67,time,127
3391.T,2020-11-25,2020-12-16,2703.0,2680.2,2703.0,-0.84,stop_breakeven,21
3391.T,2023-06-14,2023-09-21,1899.5,1840.8,1899.5,-3.09,stop_breakeven,99
3391.T,2023-10-10,2024-02-13,2013.5,2044.3,2013.5,1.53,time,126
3393.T,2021-03-12,2021-04-21,921.9,918.0,921.9,-0.43,stop_breakeven,40
3393.T,2023-01-25,2023-05-31,891.6,1048.4,891.6,17.59,time,126
3393.T,2023-06-29,2023-10-30,1192.8,1121.8,1192.8,-5.95,stop_breakeven,123
3393.T,2024-11-11,2025-03-10,2050.8,2043.4,2050.8,-0.36,stop_breakeven,119
3395.T,2022-11-21,2023-03-27,1567.9,1658.6,1567.9,5.79,time,126
3395.T,2023-04-18,2023-05-31,1730.8,1727.1,1730.8,-0.22,stop_breakeven,43
3395.T,2023-07-28,2023-08-07,1805.8,1743.0,1743.9,-3.48,stop_base,10
3395.T,2023-11-14,2024-03-19,1893.3,2134.5,1893.3,12.74,time,126
3395.T,2024-11-25,2025-02-17,2352.1,2262.7,2352.1,-3.8,stop_breakeven,84
3397.T,2021-02-05,2021-06-11,1588.9,1807.4,1588.9,13.75,time,126
3397.T,2021-07-02,2021-11-05,1924.9,2928.7,1924.9,52.15,time,126
3397.T,2022-09-08,2023-01-12,2980.5,2698.3,2467.6,-9.47,time,126
3397.T,2023-07-25,2023-11-28,3321.2,4105.6,3321.2,23.62,time,126
3397.T,2024-01-10,2024-01-26,4333.9,4324.0,4333.9,-0.23,stop_breakeven,16
3401.T,2020-02-06,2020-02-25,1731.1,1566.6,1599.4,-9.5,stop_base,19
3402.T,2021-05-28,2021-07-08,653.6,639.1,653.6,-2.21,stop_breakeven,41
3402.T,2021-09-01,2021-11-30,671.4,598.3,605.8,-10.89,stop_base,90
3402.T,2022-11-24,2023-03-16,691.8,686.3,691.8,-0.79,stop_breakeven,112
3402.T,2024-11-07,2025-02-12,925.2,915.8,925.2,-1.02,stop_breakeven,97
3405.T,2023-04-28,2023-09-01,1154.3,1566.7,1154.3,35.73,time,126
3405.T,2023-09-25,2023-12-08,1632.0,1334.8,1364.5,-18.21,stop_base,74
3405.T,2024-04-30,2024-08-02,1647.6,1636.4,1647.6,-0.68,stop_breakeven,94
3405.T,2024-09-26,2025-01-30,2057.6,2218.5,2057.6,7.82,time,126
3407.T,2021-03-11,2021-04-12,1042.6,1038.8,1042.6,-0.36,stop_breakeven,32
3407.T,2021-06-02,2021-08-20,1065.5,950.3,975.7,-10.82,stop_base,79
3415.T,2021-06-04,2021-06-14,715.1,706.5,715.1,-1.2,stop_breakeven,10
3415.T,2023-05-17,2023-06-15,471.5,364.2,400.6,-22.76,stop_base,29
3431.T,2021-09-06,2022-01-11,530.4,627.9,530.4,18.38,time,127
3431.T,2023-02-06,2023-06-12,786.1,851.5,786.1,8.31,time,126
3431.T,2023-07-19,2023-11-22,891.1,1399.7,891.1,57.08,time,126
3431.T,2023-11-24,2024-03-29,1419.6,1972.8,1419.6,38.97,time,126
3431.T,2024-05-15,2024-08-02,1975.0,1943.4,1975.0,-1.6,stop_breakeven,79
3433.T,2020-01-22,2020-02-18,943.8,907.3,943.8,-3.87,stop_breakeven,27
3433.T,2020-07-15,2020-11-18,964.7,946.2,856.2,-1.91,time,126
3433.T,2020-11-27,2021-04-02,1065.9,1292.2,1065.9,21.23,time,126
3433.T,2021-04-05,2021-08-10,1316.5,1154.3,1094.1,-12.32,time,127
3433.T,2023-07-03,2023-10-04,1383.6,1207.9,1220.8,-12.7,stop_base,93
3433.T,2023-11-02,2024-03-07,1317.5,1590.0,1317.5,20.68,time,126
3433.T,2024-03-19,2024-04-23,1644.4,1633.2,1644.4,-0.68,stop_breakeven,35
3433.T,2024-05-10,2024-07-23,1827.7,1825.8,1827.7,-0.1,stop_breakeven,74
3436.T,2020-01-09,2020-02-26,1641.4,1602.8,1641.4,-2.35,stop_breakeven,48
3436.T,2021-02-15,2021-05-12,2215.0,2157.0,2215.0,-2.62,stop_breakeven,86
3436.T,2021-06-18,2021-08-12,2443.2,2044.9,2100.0,-16.3,stop_base,55
3436.T,2023-07-11,2023-08-10,2003.5,1880.2,1884.1,-6.15,stop_base,30
3436.T,2024-07-03,2024-07-24,2410.5,2396.8,2410.5,-0.57,stop_breakeven,21
3443.T,2023-08-02,2023-08-17,580.0,515.1,523.0,-11.19,stop_base,15
3443.T,2023-08-28,2023-10-04,593.8,570.2,593.8,-3.97,stop_breakeven,37
3443.T,2023-10-25,2023-12-14,643.0,641.0,643.0,-0.31,stop_breakeven,50
3443.T,2024-01-11,2024-05-16,698.0,853.0,698.0,22.21,time,126
3443.T,2024-07-12,2024-07-30,878.2,806.7,808.9,-8.14,stop_base,18
3445.T,2021-04-01,2021-04-15,3285.6,3228.0,3285.6,-1.75,stop_breakeven,14
3445.T,2021-06-22,2021-08-17,3069.8,2479.8,2484.6,-19.22,stop_base,56
3445.T,2022-10-31,2022-12-23,3558.7,3452.7,3558.7,-2.98,stop_breakeven,53
3445.T,2024-10-03,2025-01-10,3756.6,3083.2,3130.5,-17.92,stop_base,99
3457.T,2023-05-08,2023-09-11,875.7,934.5,875.7,6.72,time,126
3457.T,2023-09-25,2023-10-04,975.3,916.9,918.8,-5.98,stop_base,9
3457.T,2024-01-30,2024-06-04,1053.1,1090.1,1053.1,3.52,time,126
3465.T,2020-12-09,2021-04-14,1131.1,1591.0,1131.1,40.66,time,126
3465.T,2021-05-17,2021-09-21,1746.1,2239.5,1746.1,28.26,time,127
3465.T,2021-10-26,2021-11-09,2534.8,2530.7,2534.8,-0.16,stop_breakeven,14
3475.T,2020-01-21,2020-02-07,434.1,426.5,434.1,-1.75,stop_breakeven,17
3475.T,2022-09-14,2023-01-18,591.5,700.6,591.5,18.45,time,126
3475.T,2023-02-20,2023-03-14,752.3,688.1,752.3,-8.53,stop_breakeven,22
3475.T,2023-05-18,2023-09-21,751.4,878.0,751.4,16.84,time,126
3475.T,2023-09-25,2023-10-16,916.3,903.9,916.3,-1.36,stop_breakeven,21
3475.T,2023-12-01,2023-12-05,949.8,675.5,779.3,-28.88,stop_base,4
3480.T,2020-07-29,2020-12-02,1292.6,1544.2,1292.6,19.46,time,126
3480.T,2020-12-03,2020-12-15,1548.7,1409.4,1548.7,-9.0,stop_breakeven,12
3480.T,2021-01-25,2021-04-12,1635.5,1400.3,1409.4,-14.39,stop_base,77
3480.T,2021-05-10,2021-08-12,1578.4,1573.9,1578.4,-0.29,stop_breakeven,94
3480.T,2022-08-29,2023-01-04,1592.8,1956.9,1592.8,22.86,time,128
3480.T,2023-03-09,2023-07-13,1982.6,2260.5,1982.6,14.02,time,126
3480.T,2023-07-21,2023-08-18,2377.3,2349.3,2377.3,-1.18,stop_breakeven,28
3480.T,2023-08-21,2023-10-23,2615.5,2197.5,2218.5,-15.98,stop_base,63
3480.T,2023-11-22,2024-03-15,2438.8,2357.4,2438.8,-3.34,stop_breakeven,114
3480.T,2024-06-19,2024-07-08,2804.4,2791.2,2804.4,-0.47,stop_breakeven,19
3482.T,2021-03-22,2021-04-21,1008.2,996.1,1008.2,-1.2,stop_breakeven,30
3482.T,2022-08-08,2022-09-07,2058.5,1559.7,1590.9,-24.23,stop_base,30
3482.T,2023-10-10,2024-01-17,1760.4,1757.2,1760.4,-0.18,stop_breakeven,99
3482.T,2024-02-16,2024-02-29,2135.8,2120.7,2135.8,-0.71,stop_breakeven,13
3486.T,2020-11-20,2021-01-04,304.0,299.1,304.0,-1.59,stop_breakeven,45
3486.T,2021-02-15,2021-02-19,331.9,330.7,331.9,-0.37,stop_breakeven,4
3486.T,2021-03-31,2021-08-04,387.7,349.3,330.7,-9.91,time,126
3486.T,2021-09-01,2021-12-01,371.5,369.5,371.5,-0.54,stop_breakeven,91
3486.T,2022-10-19,2023-02-22,427.1,553.8,427.1,29.66,time,126
3486.T,2023-02-27,2023-07-03,567.3,647.9,567.3,14.2,time,126
3486.T,2023-08-02,2023-12-06,670.2,1051.5,670.2,56.89,time,126
3486.T,2024-01-17,2024-05-15,1096.7,1083.4,1096.7,-1.21,stop_breakeven,119
3496.T,2020-06-25,2020-07-10,512.5,501.2,512.5,-2.2,stop_breakeven,15
3496.T,2021-04-12,2021-07-14,1129.7,1119.0,1129.7,-0.95,stop_breakeven,93
3496.T,2022-08-09,2022-08-22,1992.2,1980.2,1992.2,-0.6,stop_breakeven,13
3496.T,2022-10-31,2023-03-06,2038.1,2450.6,2038.1,20.24,time,126
3496.T,2023-03-13,2023-07-18,2690.3,3237.0,2690.3,20.32,time,127
3496.T,2023-08-02,2023-10-19,3433.6,3120.1,3433.6,-9.13,stop_breakeven,78
3498.T,2022-11-18,2022-12-07,2416.1,2396.8,2416.1,-0.8,stop_breakeven,19
3501.T,2023-02-15,2023-03-20,866.4,865.1,866.4,-0.16,stop_breakeven,33
3501.T,2023-03-29,2023-08-02,928.0,1044.8,928.0,12.58,time,126
3501.T,2023-09-14,2023-10-04,1064.5,979.0,991.9,-8.04,stop_base,20
3539.T,2020-02-04,2020-02-25,1038.6,957.1,958.5,-7.85,stop_base,21
3539.T,2020-06-19,2020-09-30,1293.2,1273.8,1293.2,-1.5,stop_breakeven,103
3539.T,2023-02-03,2023-03-14,878.3,875.4,878.3,-0.32,stop_breakeven,39
3539.T,2023-04-24,2023-05-31,932.4,921.5,932.4,-1.17,stop_breakeven,37
3539.T,2023-09-13,2024-01-17,941.1,1082.2,941.1,14.98,time,126
3539.T,2024-01-19,2024-05-24,1095.1,1332.2,1095.1,21.65,time,126
3539.T,2024-05-27,2024-06-13,1352.5,1317.2,1352.5,-2.61,stop_breakeven,17
3539.T,2024-08-20,2024-11-01,1414.7,1407.4,1414.7,-0.52,stop_breakeven,73
3543.T,2022-09-20,2023-01-24,2224.3,2241.1,2064.0,0.75,time,126
3543.T,2023-05-16,2023-09-19,2544.2,2824.7,2544.2,11.03,time,126
3546.T,2020-06-24,2020-10-28,807.2,1163.0,807.2,44.09,time,126
3548.T,2021-07-02,2021-08-20,642.6,641.0,642.6,-0.25,stop_breakeven,49
3548.T,2021-09-28,2022-02-01,717.5,705.7,634.7,-1.65,time,126
3548.T,2023-04-19,2023-08-23,789.7,729.2,679.0,-7.67,time,126
3549.T,2023-07-04,2023-09-22,2766.9,2748.7,2766.9,-0.66,stop_breakeven,80
3549.T,2023-10-05,2024-01-30,3160.1,3154.6,3160.1,-0.17,stop_breakeven,117
3561.T,2020-01-06,2020-01-30,966.9,942.2,966.9,-2.55,stop_breakeven,24
3561.T,2022-09-06,2023-01-10,672.8,970.2,672.8,44.19,time,126
3561.T,2023-03-31,2023-05-23,1491.6,1456.0,1491.6,-2.39,stop_breakeven,53
3561.T,2023-08-15,2023-10-11,2236.9,1833.4,1872.9,-18.04,stop_base,57
3563.T,2020-01-07,2020-01-29,2310.6,2293.8,2310.6,-0.73,stop_breakeven,22
3563.T,2020-07-07,2020-11-10,2416.4,3158.9,2416.4,30.73,time,126
3563.T,2020-12-24,2021-01-06,3582.7,3529.7,3582.7,-1.48,stop_breakeven,13
3563.T,2021-02-05,2021-02-26,3862.0,3837.9,3862.0,-0.62,stop_breakeven,21
3563.T,2021-11-17,2021-12-03,5029.2,4299.0,4448.9,-14.52,stop_base,16
3563.T,2023-05-09,2023-06-08,3433.5,3066.2,3091.6,-10.7,stop_base,30
3569.T,2021-02-05,2021-06-11,1536.6,1926.6,1536.6,25.38,time,126
3569.T,2021-06-17,2021-08-27,1966.9,1708.0,1715.1,-13.17,stop_base,71
3569.T,2021-10-15,2021-11-16,2018.0,2016.2,2018.0,-0.09,stop_breakeven,32
3569.T,2021-12-28,2022-01-26,2282.8,1971.0,2014.4,-13.66,stop_base,29
3569.T,2022-11-28,2023-03-20,2462.0,2057.2,2070.1,-16.44,stop_base,112
3580.T,2020-11-16,2021-03-22,814.1,901.8,814.1,10.77,time,126
3591.T,2022-10-25,2023-02-28,2183.2,2248.3,1940.9,2.98,time,126
3591.T,2023-03-01,2023-03-17,2252.9,2241.0,2252.9,-0.53,stop_breakeven,16
3591.T,2023-04-04,2023-08-08,2374.5,2834.3,2374.5,19.36,time,126
3591.T,2023-08-10,2023-12-14,2897.7,3216.8,2897.7,11.01,time,126
3591.T,2024-01-09,2024-04-12,3300.2,3280.8,3300.2,-0.59,stop_breakeven,94
3591.T,2024-05-20,2024-08-05,3513.0,3483.3,3513.0,-0.85,stop_breakeven,77
3591.T,2024-09-24,2025-01-28,4300.6,5389.5,4300.6,25.32,time,126
3593.T,2022-08-16,2022-12-20,3436.1,3195.2,2851.7,-7.01,time,126
3593.T,2023-01-24,2023-02-01,3377.3,3075.0,3084.5,-8.95,stop_base,8
3593.T,2024-06-07,2024-08-02,3918.8,3914.3,3918.8,-0.11,stop_breakeven,56
3593.T,2024-09-25,2025-01-29,4403.0,4751.1,4403.0,7.91,time,126
3608.T,2021-10-15,2022-01-26,320.4,272.8,275.4,-14.86,stop_base,103
3608.T,2022-10-25,2022-12-14,400.5,395.2,400.5,-1.32,stop_breakeven,50
3608.T,2023-01-24,2023-05-30,425.1,608.8,425.1,43.21,time,126
3608.T,2023-06-19,2023-07-13,644.6,638.4,644.6,-0.97,stop_breakeven,24
3608.T,2023-09-04,2023-10-04,670.6,654.5,670.6,-2.4,stop_breakeven,30
3608.T,2023-11-14,2023-12-21,753.0,645.5,650.0,-14.27,stop_base,37
3608.T,2024-06-03,2024-07-08,847.3,843.6,847.3,-0.43,stop_breakeven,35
3608.T,2024-10-15,2024-11-13,993.7,763.1,783.2,-23.2,stop_base,29
3608.T,2024-12-05,2025-04-10,865.6,1068.7,865.6,23.46,time,126
3612.T,2022-09-20,2022-11-09,629.2,575.4,575.9,-8.54,stop_base,50
3612.T,2023-04-04,2023-06-01,675.8,674.9,675.8,-0.13,stop_breakeven,58
3612.T,2023-06-29,2023-08-04,742.2,736.8,742.2,-0.73,stop_breakeven,36
3612.T,2023-09-19,2023-10-04,773.4,706.7,714.7,-8.63,stop_base,15
3612.T,2024-01-09,2024-05-14,787.8,970.4,787.8,23.17,time,126
3612.T,2024-07-04,2024-08-05,1038.3,845.1,921.9,-18.61,stop_base,32
3626.T,2020-02-04,2020-02-27,2033.4,2006.5,2033.4,-1.33,stop_breakeven,23
3626.T,2020-07-29,2020-08-28,2115.5,1929.3,1959.3,-8.8,stop_base,30
3626.T,2021-07-07,2021-10-05,2661.4,2644.9,2661.4,-0.62,stop_breakeven,90
3626.T,2021-11-08,2022-01-06,3029.8,2983.5,3029.8,-1.53,stop_breakeven,59
3626.T,2022-09-12,2022-12-02,4006.0,3500.9,3510.5,-12.61,stop_base,81
3626.T,2024-12-09,2025-01-10,3835.7,3467.9,3500.0,-9.59,stop_base,32
3632.T,2020-10-28,2021-02-26,504.7,495.7,504.7,-1.77,stop_breakeven,121
3632.T,2021-05-11,2021-06-02,558.4,490.4,499.3,-12.18,stop_base,22
3632.T,2021-08-12,2021-09-29,571.3,568.5,571.3,-0.48,stop_breakeven,48
3632.T,2021-10-01,2022-02-04,654.4,757.7,654.4,15.78,time,126
3635.T,2020-01-07,2020-02-27,920.1,892.3,920.1,-3.02,stop_breakeven,51
3635.T,2020-06-01,2020-10-05,1032.8,1638.1,1032.8,58.61,time,126
3635.T,2020-11-05,2021-03-11,1765.3,2081.8,1765.3,17.93,time,126
3635.T,2021-03-16,2021-07-08,2176.5,2175.4,2176.5,-0.05,stop_breakeven,114
3635.T,2021-11-15,2021-11-26,2343.7,2099.9,2108.5,-10.41,stop_base,11
3635.T,2022-11-18,2023-03-24,2174.0,2167.8,1916.2,-0.29,time,126
3636.T,2020-01-09,2020-01-30,3546.3,3411.9,3546.3,-3.79,stop_breakeven,21
3636.T,2020-02-06,2020-02-20,3798.7,3354.9,3391.6,-11.68,stop_base,14
3636.T,2020-06-26,2020-10-22,3537.3,3477.1,3537.3,-1.7,stop_breakeven,118
3636.T,2022-10-19,2022-11-07,4285.7,4218.9,4285.7,-1.56,stop_breakeven,19
3636.T,2023-01-24,2023-03-13,4459.7,4415.1,4459.7,-1.0,stop_breakeven,48
3636.T,2023-05-12,2023-08-02,4679.7,4553.0,4679.7,-2.71,stop_breakeven,82
3649.T,2023-09-27,2024-01-31,734.9,1032.5,734.9,40.5,time,126
3656.T,2020-11-24,2021-02-19,1025.0,823.0,841.0,-19.71,stop_base,87
3657.T,2021-01-21,2021-02-18,1038.0,1018.9,1038.0,-1.84,stop_breakeven,28
3657.T,2021-03-16,2021-04-06,1162.2,1157.9,1162.2,-0.37,stop_breakeven,21
3659.T,2020-07-06,2020-08-11,2535.6,2340.2,2535.6,-7.71,stop_breakeven,36
3659.T,2020-10-23,2020-11-10,2795.8,2707.8,2795.8,-3.15,stop_breakeven,18
3659.T,2021-02-08,2021-05-07,3359.5,3340.2,3359.5,-0.58,stop_breakeven,88
3659.T,2022-06-08,2022-06-16,3142.2,2733.3,2810.0,-13.01,stop_base,8
3659.T,2022-08-05,2022-08-10,3050.4,2652.5,2686.7,-13.05,stop_base,5
3659.T,2023-04-19,2023-05-26,3177.6,2870.5,2874.4,-9.66,stop_base,37
3660.T,2021-05-18,2021-06-21,507.1,488.1,507.1,-3.74,stop_breakeven,34
3660.T,2021-07-02,2021-07-08,566.9,480.1,488.1,-15.32,stop_base,6
3660.T,2022-12-07,2022-12-20,578.9,552.0,578.9,-4.66,stop_breakeven,13
3660.T,2023-05-16,2023-05-26,603.9,506.1,516.0,-16.2,stop_base,10
3660.T,2023-06-12,2023-06-26,648.8,610.9,648.8,-5.85,stop_breakeven,14
3661.T,2021-10-29,2021-11-11,459.2,456.9,459.2,-0.51,stop_breakeven,13
3661.T,2021-11-15,2022-01-11,565.6,395.3,404.3,-30.11,stop_base,57
3661.T,2022-09-08,2022-09-21,763.5,756.9,763.5,-0.87,stop_breakeven,13
3661.T,2024-11-15,2025-01-20,727.6,725.7,727.6,-0.27,stop_breakeven,66
3662.T,2021-02-12,2021-06-18,1137.3,1317.9,1137.3,15.88,time,126
3663.T,2020-12-28,2021-01-15,582.1,455.4,462.4,-21.77,stop_base,18
3663.T,2024-06-24,2024-07-25,834.1,816.5,834.1,-2.12,stop_breakeven,31
3663.T,2024-11-08,2025-01-06,1313.3,1285.0,1313.3,-2.16,stop_breakeven,59
3665.T,2020-08-14,2020-10-23,1241.3,1204.7,1241.3,-2.95,stop_breakeven,70
3673.T,2023-11-21,2024-02-13,584.4,579.5,584.4,-0.84,stop_breakeven,84
3673.T,2024-04-24,2024-05-21,582.4,471.7,505.3,-19.02,stop_base,27
3676.T,2020-11-26,2021-04-01,1096.6,1465.3,1096.6,33.62,time,126
3676.T,2021-08-11,2021-12-15,1637.7,2285.0,1637.7,39.53,time,126
3678.T,2020-07-16,2020-11-19,4945.1,6352.7,4945.1,28.46,time,126
3678.T,2021-01-04,2021-01-27,7325.1,6084.1,6093.4,-16.94,stop_base,23
3679.T,2021-07-05,2021-08-20,436.3,357.0,363.4,-18.18,stop_base,46
3679.T,2021-09-10,2021-11-15,422.4,355.1,357.0,-15.94,stop_base,66
3679.T,2022-12-12,2022-12-20,350.9,339.7,350.9,-3.19,stop_breakeven,8
3679.T,2023-02-08,2023-03-13,400.3,398.5,400.3,-0.47,stop_breakeven,33
3679.T,2023-03-23,2023-07-27,421.8,721.1,421.8,70.96,time,126
3681.T,2021-04-07,2021-04-30,2896.5,2824.5,2896.5,-2.49,stop_breakeven,23
3687.T,2022-07-21,2022-09-14,1065.8,1058.2,1065.8,-0.72,stop_breakeven,55
3687.T,2022-11-14,2023-01-05,1130.4,1122.6,1130.4,-0.69,stop_breakeven,52
3687.T,2023-02-01,2023-02-22,1283.4,1280.5,1283.4,-0.23,stop_breakeven,21
3687.T,2023-04-03,2023-05-15,1499.4,1255.3,1265.0,-16.28,stop_base,42
3687.T,2023-06-16,2023-08-14,1550.7,1156.5,1206.9,-25.42,stop_base,59
3687.T,2024-07-03,2024-07-25,1952.8,1705.0,1718.8,-12.69,stop_base,22
3694.T,2020-01-07,2020-03-09,1772.5,1762.5,1772.5,-0.56,stop_breakeven,62
3694.T,2020-08-14,2020-08-20,3790.0,3195.0,3215.0,-15.7,stop_base,6
3694.T,2020-10-09,2020-12-10,3280.0,2787.0,2856.0,-15.03,stop_base,62
3694.T,2023-02-09,2023-02-17,1171.0,980.0,992.0,-16.31,stop_base,8
3696.T,2024-03-29,2024-06-19,1705.6,1613.9,1705.6,-5.38,stop_breakeven,82
3697.T,2020-01-07,2020-01-27,546.7,534.0,546.7,-2.32,stop_breakeven,20
3697.T,2020-07-10,2020-09-07,852.0,822.0,852.0,-3.52,stop_breakeven,59
3697.T,2023-06-07,2023-06-23,1748.0,1737.3,1748.0,-0.61,stop_breakeven,16
3697.T,2023-07-14,2023-08-10,2087.3,2064.0,2087.3,-1.12,stop_breakeven,27
3697.T,2023-11-06,2024-01-15,2010.0,1942.0,2010.0,-3.38,stop_breakeven,70
3708.T,2020-05-28,2020-07-31,1222.0,1209.4,1222.0,-1.03,stop_breakeven,64
3708.T,2020-09-25,2020-10-06,1318.5,1316.7,1318.5,-0.13,stop_breakeven,11
3708.T,2020-11-10,2020-12-22,1427.8,1385.6,1427.8,-2.95,stop_breakeven,42
3708.T,2021-03-05,2021-04-01,1380.0,1362.6,1380.0,-1.26,stop_breakeven,27
3708.T,2023-09-27,2024-01-31,1083.0,1218.9,1083.0,12.55,time,126
3741.T,2023-01-24,2023-05-30,1398.8,1457.1,1398.8,4.17,time,126
3741.T,2023-06-12,2023-07-21,1565.4,1412.4,1433.6,-9.77,stop_base,39
3741.T,2023-10-10,2024-02-13,1704.3,2198.7,1704.3,29.01,time,126
3762.T,2020-01-07,2020-03-09,1098.9,994.4,1098.9,-9.51,stop_breakeven,62
3762.T,2020-08-03,2020-08-12,1810.1,1807.4,1810.1,-0.15,stop_breakeven,9
3762.T,2020-09-29,2020-10-22,2132.3,2130.5,2132.3,-0.09,stop_breakeven,23
3762.T,2024-08-01,2024-12-05,2082.4,2348.2,2082.4,12.77,time,126
3763.T,2020-01-06,2020-01-27,610.0,595.7,610.0,-2.35,stop_breakeven,21
3763.T,2024-09-24,2024-10-09,728.0,719.1,728.0,-1.23,stop_breakeven,15
3763.T,2024-12-09,2025-04-14,741.1,966.5,741.1,30.41,time,126
3765.T,2020-12-15,2020-12-25,2374.2,2176.8,2178.6,-8.31,stop_base,10
3765.T,2023-06-15,2023-08-10,2717.6,2285.2,2421.3,-15.91,stop_base,56
3765.T,2024-08-22,2024-11-25,2827.3,2814.0,2827.3,-0.47,stop_breakeven,95
3765.T,2024-12-27,2025-04-01,3208.5,2801.1,2809.3,-12.7,stop_base,95
3769.T,2020-08-07,2020-09-04,11558.9,10138.8,10413.4,-12.29,stop_base,28
3769.T,2020-10-08,2020-10-26,11355.5,11346.0,11355.5,-0.08,stop_breakeven,18
3769.T,2021-01-18,2021-01-29,14263.2,14215.7,14263.2,-0.33,stop_breakeven,11
3769.T,2021-02-15,2021-03-04,15441.5,13018.4,13046.9,-15.69,stop_base,17
3769.T,2023-02-02,2023-04-26,11875.5,10062.7,10140.3,-15.27,stop_base,83
3771.T,2022-07-28,2022-09-07,945.2,827.7,830.7,-12.44,stop_base,41
3771.T,2022-12-15,2023-03-20,920.3,908.9,920.3,-1.23,stop_breakeven,95
3771.T,2023-04-13,2023-08-17,1009.6,1182.3,1009.6,17.11,time,126
3771.T,2023-09-04,2024-01-09,1209.0,1415.1,1209.0,17.05,time,127
3771.T,2024-02-01,2024-06-06,1582.4,1431.3,1299.9,-9.55,time,126
3771.T,2024-07-17,2024-07-30,1570.2,1403.5,1413.7,-10.62,stop_base,13
3774.T,2020-01-22,2020-02-28,701.6,682.9,701.6,-2.66,stop_breakeven,37
3774.T,2020-06-04,2020-07-02,970.9,828.4,834.2,-14.68,stop_base,28
3774.T,2020-08-07,2020-09-07,952.3,951.2,952.3,-0.12,stop_breakeven,31
3774.T,2020-09-18,2020-11-02,1087.9,1066.9,1087.9,-1.93,stop_breakeven,45
3774.T,2020-11-09,2020-12-04,1230.9,1026.2,1066.9,-16.64,stop_base,25
3774.T,2021-03-24,2021-04-28,1175.6,1159.0,1175.6,-1.41,stop_breakeven,35
3774.T,2021-05-24,2021-09-27,1340.9,1964.5,1340.9,46.5,time,126
3774.T,2021-11-05,2022-01-05,2117.3,2096.1,2117.3,-1.0,stop_breakeven,61
3774.T,2022-11-08,2022-12-20,2315.7,2300.4,2315.7,-0.66,stop_breakeven,42
3774.T,2023-02-09,2023-06-15,2536.3,2641.6,2536.3,4.15,time,126
3778.T,2020-01-10,2020-02-03,723.9,614.5,643.8,-15.11,stop_base,24
3778.T,2023-05-16,2023-09-19,688.6,1304.5,688.6,89.44,time,126
3817.T,2021-09-15,2022-01-19,2404.3,2276.9,2149.0,-5.3,time,126
3817.T,2022-11-07,2022-12-23,2801.4,2516.1,2517.1,-10.18,stop_base,46
3817.T,2023-06-12,2023-10-16,2876.4,3034.5,2876.4,5.49,time,126
3817.T,2024-01-04,2024-05-09,3285.5,3713.9,3285.5,13.04,time,126
3817.T,2024-06-10,2024-08-02,3764.7,3727.8,3764.7,-0.98,stop_breakeven,53
3817.T,2024-09-26,2025-01-30,4092.7,4078.6,3792.4,-0.34,time,126
3835.T,2020-07-13,2020-08-04,1278.1,1253.6,1278.1,-1.91,stop_breakeven,22
3835.T,2020-09-17,2020-10-26,1258.2,1039.1,1046.4,-17.41,stop_base,39
3835.T,2023-02-01,2023-06-07,544.1,742.0,544.1,36.37,time,126
3835.T,2023-06-16,2023-08-16,773.5,642.7,644.6,-16.91,stop_base,61
3836.T,2020-01-10,2020-01-30,1005.6,986.9,1005.6,-1.86,stop_breakeven,20
3836.T,2020-12-11,2021-04-16,1123.2,1730.2,1123.2,54.04,time,126
3836.T,2021-06-29,2021-11-02,1554.6,1322.4,1326.5,-14.93,stop_base,126
3836.T,2022-11-24,2022-12-21,1499.6,1262.3,1274.8,-15.82,stop_base,27
3837.T,2020-01-17,2020-02-18,1033.2,1012.1,1033.2,-2.04,stop_breakeven,32
3837.T,2020-06-01,2020-07-01,1149.8,992.3,994.5,-13.7,stop_base,30
3837.T,2020-08-05,2020-08-28,1106.0,1077.3,1106.0,-2.59,stop_breakeven,23
3837.T,2020-09-28,2021-02-01,1199.7,1348.5,1199.7,12.4,time,126
3837.T,2024-11-11,2025-01-08,936.1,929.9,936.1,-0.66,stop_breakeven,58
3843.T,2020-12-14,2021-04-19,1014.6,911.2,774.0,-10.19,time,126
3843.T,2023-01-30,2023-06-05,1027.8,1518.0,1027.8,47.69,time,126
3843.T,2023-06-12,2023-06-29,1683.5,1345.9,1355.2,-20.06,stop_base,17
3844.T,2020-01-07,2020-01-30,2184.8,1913.8,2055.9,-12.4,stop_base,23
3844.T,2020-09-15,2021-01-19,2303.3,2637.9,2303.3,14.53,time,126
3844.T,2021-02-02,2021-02-26,2733.5,2425.3,2492.5,-11.27,stop_base,24
3854.T,2022-09-20,2022-09-27,1753.2,1523.2,1530.7,-13.12,stop_base,7
3854.T,2022-11-22,2022-12-20,1798.4,1722.1,1798.4,-4.25,stop_breakeven,28
3854.T,2023-02-02,2023-06-08,1869.5,2858.3,1869.5,52.89,time,126
3854.T,2023-06-21,2023-07-12,2882.0,2463.9,2504.7,-14.51,stop_base,21
3854.T,2023-08-30,2024-01-04,2589.0,3066.7,2589.0,18.45,time,127
3854.T,2024-02-16,2024-03-08,3259.6,3058.0,3259.6,-6.19,stop_breakeven,21
3861.T,2021-03-11,2021-04-21,600.0,589.5,600.0,-1.75,stop_breakeven,41
3861.T,2023-09-13,2023-09-29,576.6,572.4,576.6,-0.73,stop_breakeven,16
3863.T,2023-05-11,2023-06-01,1081.6,1078.6,1081.6,-0.27,stop_breakeven,21
3863.T,2023-07-26,2023-08-09,1267.0,1243.7,1267.0,-1.84,stop_breakeven,14
3863.T,2023-09-15,2024-01-19,1340.8,1237.9,1167.0,-7.68,time,126
3863.T,2024-01-25,2024-02-13,1340.8,1156.3,1213.6,-13.76,stop_base,19
3864.T,2023-04-10,2023-08-14,348.7,481.9,348.7,38.21,time,126
3864.T,2023-09-19,2023-10-03,546.2,542.4,546.2,-0.69,stop_breakeven,14
3864.T,2024-04-01,2024-08-05,598.4,511.0,598.4,-14.61,stop_breakeven,126
3865.T,2021-05-10,2021-06-09,526.4,522.8,526.4,-0.68,stop_breakeven,30
3865.T,2021-07-26,2021-08-20,560.4,502.2,511.2,-10.38,stop_base,25
3865.T,2021-09-06,2022-01-11,582.8,645.6,582.8,10.78,time,127
3865.T,2023-01-24,2023-02-15,788.3,703.0,712.4,-10.82,stop_base,22
3865.T,2023-03-09,2023-03-13,799.5,789.2,799.5,-1.29,stop_breakeven,4
3865.T,2023-03-29,2023-05-31,841.7,831.3,841.7,-1.24,stop_breakeven,63
3865.T,2023-09-12,2024-01-16,914.6,1305.8,914.6,42.77,time,126
3865.T,2024-02-13,2024-02-14,1425.1,1256.2,1272.4,-11.86,stop_base,1
3865.T,2024-03-07,2024-04-11,1464.3,1453.6,1464.3,-0.73,stop_breakeven,35
3877.T,2023-05-11,2023-09-14,936.2,1256.4,936.2,34.2,time,126
3877.T,2023-09-15,2024-01-19,1299.1,1731.8,1299.1,33.31,time,126
3877.T,2024-01-31,2024-05-02,1780.0,1503.0,1503.8,-15.56,stop_base,92
3880.T,2020-11-11,2021-03-17,1590.1,1799.1,1590.1,13.14,time,126
3880.T,2021-09-01,2021-10-01,1961.8,1928.7,1961.8,-1.69,stop_breakeven,30
3901.T,2020-01-16,2020-02-27,1963.0,1687.1,1744.3,-14.05,stop_base,42
3901.T,2020-11-27,2020-12-22,2386.8,2264.3,2386.8,-5.13,stop_breakeven,25
3901.T,2021-02-12,2021-02-22,2469.1,2196.4,2225.7,-11.05,stop_base,10
3901.T,2021-04-01,2021-08-05,2327.3,2332.8,2327.3,0.24,time,126
3901.T,2021-10-19,2021-11-26,2988.0,2589.9,2635.7,-13.32,stop_base,38
3901.T,2024-05-22,2024-06-06,3057.6,2760.9,2782.6,-9.71,stop_base,15
3901.T,2024-07-17,2024-08-01,3067.1,2684.3,2746.7,-12.48,stop_base,15
3903.T,2020-08-18,2020-08-28,997.4,977.6,997.4,-1.98,stop_breakeven,10
3915.T,2020-07-16,2020-11-19,3251.2,4301.9,3251.2,32.32,time,126
3915.T,2023-06-12,2023-07-05,2665.4,2637.6,2665.4,-1.04,stop_breakeven,23
3916.T,2020-01-20,2020-02-26,802.9,676.5,678.6,-15.75,stop_base,37
3916.T,2022-10-19,2023-01-16,772.7,762.4,772.7,-1.33,stop_breakeven,89
3916.T,2023-02-06,2023-02-15,864.6,752.8,761.1,-12.93,stop_base,9
3916.T,2024-07-02,2024-08-05,925.8,720.4,776.3,-22.19,stop_base,34
3916.T,2024-10-21,2025-02-25,1033.3,1200.6,1033.3,16.19,time,127
3921.T,2020-01-16,2020-02-28,1022.7,961.5,1022.7,-5.98,stop_breakeven,43
3921.T,2020-06-09,2020-10-13,1297.2,2272.2,1297.2,75.15,time,126
3921.T,2024-04-10,2024-05-27,1300.9,1282.9,1300.9,-1.38,stop_breakeven,47
3921.T,2024-06-17,2024-08-05,1560.7,1455.0,1560.7,-6.78,stop_breakeven,49
3921.T,2024-12-09,2024-12-17,1872.7,1685.3,1709.2,-10.01,stop_base,8
3922.T,2021-01-04,2021-02-10,3696.1,3666.4,3696.1,-0.8,stop_breakeven,37
3923.T,2020-01-23,2020-01-30,503.0,422.0,440.4,-16.11,stop_base,7
3923.T,2023-03-23,2023-07-27,961.7,1198.5,961.7,24.61,time,126
3925.T,2021-11-15,2021-11-24,3645.6,3530.7,3645.6,-3.15,stop_breakeven,9
3939.T,2020-01-07,2020-02-17,822.0,643.4,645.3,-21.73,stop_base,41
3939.T,2020-10-13,2020-10-16,834.5,820.2,834.5,-1.71,stop_breakeven,3
3939.T,2022-11-24,2022-12-20,657.1,547.4,554.2,-16.69,stop_base,26
3939.T,2024-07-17,2024-08-02,587.6,491.3,515.6,-16.39,stop_base,16
3941.T,2023-01-31,2023-03-01,819.6,776.6,778.4,-5.25,stop_base,29
3941.T,2023-04-14,2023-08-18,791.2,837.1,791.2,5.81,time,126
3941.T,2023-08-23,2023-10-04,889.9,889.0,889.9,-0.11,stop_breakeven,42
3946.T,2020-06-30,2020-08-03,1451.1,1312.5,1359.2,-9.55,stop_base,34
3946.T,2023-05-10,2023-09-13,1695.0,2192.7,1695.0,29.37,time,126
3946.T,2023-09-14,2023-11-08,2222.5,1906.5,1916.4,-14.21,stop_base,55
3946.T,2024-01-04,2024-05-09,2015.2,2700.5,2015.2,34.01,time,126
3946.T,2024-06-25,2024-07-26,2654.3,2445.2,2455.4,-7.88,stop_base,31
3950.T,2020-02-21,2020-02-27,1193.0,1044.2,1082.4,-12.47,stop_base,6
3950.T,2023-02-07,2023-06-13,808.4,934.1,808.4,15.54,time,126
3950.T,2023-07-18,2023-11-07,987.8,980.1,987.8,-0.78,stop_breakeven,112
3950.T,2023-12-28,2024-05-02,1012.7,1132.7,1012.7,11.85,time,126
3950.T,2024-05-31,2024-06-06,1240.2,1104.7,1117.1,-10.93,stop_base,6
3950.T,2024-07-04,2024-08-05,1243.6,1060.3,1104.7,-14.74,stop_base,32
3950.T,2024-09-26,2024-11-15,1232.5,1129.8,1136.1,-8.33,stop_base,50
3962.T,2022-11-16,2023-01-04,2031.5,1995.6,2031.5,-1.76,stop_breakeven,49
3963.T,2021-11-15,2021-12-02,381.2,313.8,323.0,-17.68,stop_base,17
3963.T,2022-11-18,2022-12-05,522.4,409.8,413.5,-21.55,stop_base,17
3963.T,2023-02-03,2023-02-28,432.9,402.4,432.9,-7.04,stop_breakeven,25
3963.T,2024-02-15,2024-03-27,666.4,560.2,561.2,-15.93,stop_base,41
3964.T,2021-11-04,2021-11-10,562.6,410.3,482.1,-27.06,stop_base,6
3964.T,2024-04-08,2024-07-22,594.1,589.1,594.1,-0.85,stop_breakeven,105
3964.T,2024-12-03,2025-04-04,643.5,541.9,548.4,-15.8,stop_base,122
3968.T,2020-01-07,2020-01-30,279.9,230.6,239.5,-17.62,stop_base,23
3968.T,2020-07-27,2020-11-30,269.6,400.7,269.6,48.63,time,126
3968.T,2021-01-08,2021-02-19,416.5,362.3,373.5,-13.0,stop_base,42
3968.T,2023-02-08,2023-02-14,274.4,236.8,244.2,-13.7,stop_base,6
3968.T,2023-09-27,2023-12-07,315.5,273.9,279.9,-13.19,stop_base,71
3968.T,2024-05-15,2024-08-05,536.1,489.3,536.1,-8.73,stop_breakeven,82
3968.T,2024-11-14,2025-02-14,590.0,556.7,590.0,-5.65,stop_breakeven,92
3984.T,2021-01-04,2021-03-02,2092.7,2080.4,2092.7,-0.58,stop_breakeven,57
3984.T,2021-04-02,2021-05-13,2361.9,1970.3,2021.7,-16.58,stop_base,41
3984.T,2023-05-25,2023-07-25,2248.8,2226.8,2248.8,-0.98,stop_breakeven,61
3992.T,2022-11-21,2023-03-27,162.0,253.7,162.0,56.63,time,126
3992.T,2023-05-12,2023-06-01,306.5,302.5,306.5,-1.29,stop_breakeven,20
3992.T,2024-01-25,2024-05-10,384.4,376.3,384.4,-2.11,stop_breakeven,106
3993.T,2023-09-15,2023-10-04,2916.0,2345.0,2430.0,-19.58,stop_base,19
3993.T,2023-11-14,2024-03-19,2773.0,5290.0,2773.0,90.77,time,126
3994.T,2020-10-05,2020-10-19,4135.0,4110.0,4135.0,-0.6,stop_breakeven,14
3994.T,2020-12-30,2021-03-23,4915.0,4175.0,4265.0,-15.06,stop_base,83
3994.T,2021-04-14,2021-08-18,4740.0,7320.0,4740.0,54.43,time,126
3994.T,2021-11-16,2021-12-06,8520.0,6670.0,7010.0,-21.71,stop_base,20
3994.T,2023-06-02,2023-08-10,6280.0,5288.0,5390.0,-15.8,stop_base,69
4004.T,2021-05-07,2021-05-21,3149.8,3059.9,3149.8,-2.85,stop_breakeven,14
4004.T,2023-09-05,2024-01-09,2397.6,2936.1,2397.6,22.46,time,126
4004.T,2024-01-17,2024-05-22,2945.8,3534.4,2945.8,19.98,time,126
4004.T,2024-07-04,2024-07-25,3545.1,3427.2,3545.1,-3.33,stop_breakeven,21
4004.T,2024-11-13,2025-01-28,3807.3,3657.7,3807.3,-3.93,stop_breakeven,76
4005.T,2021-03-05,2021-07-09,467.3,478.3,467.3,2.34,time,126
4008.T,2020-10-21,2021-02-24,589.6,630.4,589.6,6.92,time,126
4008.T,2021-03-26,2021-05-12,682.4,615.3,620.8,-9.83,stop_base,47
4008.T,2023-02-15,2023-05-31,722.5,722.3,722.5,-0.02,stop_breakeven,105
4008.T,2023-06-27,2023-08-09,777.4,753.4,777.4,-3.08,stop_breakeven,43
4008.T,2023-09-15,2024-01-19,838.6,948.2,838.6,13.07,time,126
4008.T,2024-01-22,2024-05-27,964.5,933.6,846.7,-3.21,time,126
4008.T,2024-06-25,2024-08-02,974.2,908.6,926.2,-6.74,stop_base,38
4008.T,2024-09-27,2024-10-23,996.6,931.6,939.1,-6.52,stop_base,26
4021.T,2020-07-15,2020-11-18,4952.2,5450.6,4952.2,10.06,time,126
4021.T,2020-11-19,2021-03-25,5485.1,5139.6,4725.0,-6.3,time,126
4021.T,2021-11-19,2022-01-25,6223.0,5301.4,5354.1,-14.81,stop_base,67
4021.T,2022-06-07,2022-06-15,6691.5,5947.0,5964.7,-11.13,stop_base,8
4021.T,2022-08-09,2022-12-13,6345.8,5887.0,5539.3,-7.23,time,126
4022.T,2020-07-27,2020-11-30,256.8,324.1,256.8,26.2,time,126
4022.T,2020-12-03,2021-01-29,386.5,379.8,386.5,-1.72,stop_breakeven,57
4022.T,2021-04-02,2021-04-27,369.4,367.7,369.4,-0.45,stop_breakeven,25
4022.T,2022-11-09,2022-12-01,408.1,358.0,363.0,-12.27,stop_base,22
4022.T,2023-04-19,2023-05-16,384.0,357.8,384.0,-6.83,stop_breakeven,27
4022.T,2024-04-15,2024-07-25,529.2,516.9,529.2,-2.33,stop_breakeven,101
4023.T,2021-03-08,2021-04-28,2122.6,2106.4,2122.6,-0.76,stop_breakeven,51
4023.T,2021-09-07,2021-09-29,2219.1,2200.0,2219.1,-0.86,stop_breakeven,22
4023.T,2021-11-10,2021-11-17,2356.5,2348.0,2356.5,-0.36,stop_breakeven,7
4023.T,2022-06-07,2022-09-02,3067.4,2684.0,2698.4,-12.5,stop_base,87
4025.T,2020-09-16,2020-11-02,6082.8,5628.5,6082.8,-7.47,stop_breakeven,47
4027.T,2023-10-05,2023-11-02,1306.5,1302.8,1306.5,-0.28,stop_breakeven,28
4027.T,2024-05-21,2024-08-02,1518.2,1396.3,1518.2,-8.03,stop_breakeven,73
4027.T,2024-10-04,2024-11-21,1636.0,1488.2,1505.0,-9.04,stop_base,48
4028.T,2021-05-12,2021-09-15,843.5,1096.3,843.5,29.97,time,126
4028.T,2021-11-12,2021-11-29,1106.1,968.7,976.1,-12.43,stop_base,17
4028.T,2023-03-07,2023-07-11,1007.8,1117.2,1007.8,10.86,time,126
4028.T,2023-07-24,2023-11-27,1184.0,1207.7,1184.0,2.0,time,126
4028.T,2024-01-29,2024-06-03,1382.6,1492.1,1382.6,7.92,time,126
4028.T,2024-07-03,2024-07-25,1539.7,1396.0,1399.7,-9.33,stop_base,22
4041.T,2020-02-05,2020-02-27,1289.0,1095.7,1099.8,-15.0,stop_base,22
4041.T,2021-07-27,2021-10-07,1373.5,1362.5,1373.5,-0.8,stop_breakeven,72
4041.T,2022-08-03,2022-12-07,1876.4,1787.6,1737.0,-4.73,time,126
4041.T,2023-05-01,2023-09-04,2079.2,2425.8,2079.2,16.67,time,126
4041.T,2023-09-15,2024-01-19,2438.9,2594.1,2438.9,6.36,time,126
4041.T,2024-01-22,2024-04-24,2603.1,2594.9,2603.1,-0.31,stop_breakeven,93
4042.T,2021-03-04,2021-04-21,1633.1,1624.6,1633.1,-0.52,stop_breakeven,48
4042.T,2021-07-06,2021-07-20,1607.8,1465.4,1484.6,-8.86,stop_base,14
4042.T,2023-11-15,2023-12-14,1747.9,1539.2,1591.3,-11.94,stop_base,29
4042.T,2024-07-04,2024-08-02,1932.3,1729.5,1767.7,-10.5,stop_base,29
4043.T,2022-11-25,2023-03-31,1687.5,1909.9,1687.5,13.18,time,126
4043.T,2023-04-28,2023-09-01,2002.4,2138.5,2002.4,6.8,time,126
4043.T,2023-09-14,2023-10-03,2231.5,2061.1,2062.8,-7.64,stop_base,19
4043.T,2023-11-15,2024-02-01,2166.0,2074.9,2166.0,-4.21,stop_breakeven,78
4043.T,2024-04-26,2024-06-05,2739.5,2731.1,2739.5,-0.31,stop_breakeven,40
4044.T,2022-07-20,2022-11-24,2635.5,3076.2,2635.5,16.72,time,127
4044.T,2024-06-24,2024-08-01,3340.1,3312.8,3340.1,-0.82,stop_breakeven,38
4044.T,2024-10-10,2024-11-25,3278.1,3054.6,3062.9,-6.82,stop_base,46
4045.T,2023-02-20,2023-03-14,1083.4,1060.4,1083.4,-2.12,stop_breakeven,22
4045.T,2023-05-16,2023-09-19,1115.3,1246.5,1115.3,11.77,time,126
4045.T,2023-11-01,2024-03-06,1248.3,1400.5,1248.3,12.19,time,126
4045.T,2024-04-15,2024-06-13,1522.0,1348.5,1353.6,-11.4,stop_base,59
4045.T,2024-07-03,2024-08-05,1464.7,1271.3,1348.5,-13.21,stop_base,33
4045.T,2024-09-26,2024-12-04,1545.0,1410.3,1411.2,-8.72,stop_base,69
4046.T,2021-12-16,2022-03-02,550.4,544.4,550.4,-1.08,stop_breakeven,76
4046.T,2022-07-20,2022-11-24,624.0,805.3,624.0,29.05,time,127
4046.T,2022-12-07,2023-03-14,810.0,806.2,810.0,-0.47,stop_breakeven,97
4046.T,2023-04-11,2023-05-12,902.8,763.9,778.6,-15.38,stop_base,31
4046.T,2023-07-28,2023-08-08,1093.8,1089.9,1093.8,-0.35,stop_breakeven,11
4046.T,2023-08-09,2023-09-13,1282.8,1253.9,1282.8,-2.26,stop_breakeven,35
4046.T,2023-10-13,2024-02-16,1427.9,2308.0,1427.9,61.63,time,126
4047.T,2020-01-23,2020-02-28,911.3,811.0,838.3,-11.0,stop_base,36
4047.T,2021-08-12,2021-10-06,1017.6,876.8,885.8,-13.83,stop_base,55
4047.T,2021-11-12,2022-01-19,998.7,976.0,998.7,-2.28,stop_breakeven,68
4047.T,2023-05-08,2023-05-16,995.9,863.5,935.3,-13.3,stop_base,8
4047.T,2024-11-07,2024-11-11,986.0,887.5,902.3,-9.99,stop_base,4
4051.T,2023-02-08,2023-02-21,8656.0,8646.2,8656.0,-0.11,stop_breakeven,13
4051.T,2023-04-18,2023-05-18,10433.8,10297.8,10433.8,-1.3,stop_breakeven,30
4051.T,2023-06-13,2023-06-26,11453.8,11298.4,11453.8,-1.36,stop_breakeven,13
4061.T,2020-12-07,2021-04-12,2987.6,3626.7,2987.6,21.39,time,126
4062.T,2020-01-09,2020-02-28,1270.0,1133.0,1169.0,-10.79,stop_base,50
4062.T,2020-06-19,2020-07-16,1456.6,1426.0,1456.6,-2.1,stop_breakeven,27
4062.T,2020-08-04,2020-12-08,1590.5,2421.1,1590.5,52.22,time,126
4062.T,2021-01-14,2021-02-24,2454.7,2140.1,2219.3,-12.82,stop_base,41
4062.T,2021-03-24,2021-04-21,2483.5,2450.0,2483.5,-1.35,stop_breakeven,28
4062.T,2021-04-28,2021-05-11,2623.6,2240.2,2260.2,-14.61,stop_base,13
4062.T,2021-09-02,2021-10-01,2927.5,2910.1,2927.5,-0.59,stop_breakeven,29
4062.T,2023-05-02,2023-09-05,2908.3,4370.3,2908.3,50.27,time,126
4062.T,2023-09-06,2023-09-21,4543.5,3738.7,3872.5,-17.71,stop_base,15
4063.T,2020-01-20,2020-02-28,2204.5,2124.9,2204.5,-3.61,stop_breakeven,39
4063.T,2020-07-13,2020-07-31,2265.9,2169.6,2265.9,-4.25,stop_breakeven,18
4063.T,2020-09-03,2021-01-07,2402.0,3297.6,2402.0,37.28,time,126
4063.T,2021-01-08,2021-05-14,3388.5,3234.1,2923.5,-4.56,time,126
4063.T,2021-06-02,2021-07-19,3488.9,3146.1,3149.7,-9.83,stop_base,47
4063.T,2023-03-03,2023-04-28,3659.4,3641.9,3659.4,-0.48,stop_breakeven,56
4063.T,2023-05-19,2023-09-22,4028.4,4277.3,4028.4,6.18,time,126
4063.T,2023-11-01,2024-03-06,4401.0,6278.2,4401.0,42.66,time,126
4063.T,2024-03-19,2024-05-30,6382.2,5507.3,5526.0,-13.71,stop_base,72
4063.T,2024-06-13,2024-08-02,5968.3,5686.9,5968.3,-4.72,stop_breakeven,50
4064.T,2023-08-08,2023-11-10,1374.7,1354.4,1374.7,-1.48,stop_breakeven,94
4064.T,2024-05-27,2024-07-25,1722.7,1680.3,1722.7,-2.46,stop_breakeven,59
4071.T,2023-02-08,2023-03-16,2868.6,2841.3,2868.6,-0.95,stop_breakeven,36
4071.T,2023-05-17,2023-06-09,3081.5,3057.1,3081.5,-0.79,stop_breakeven,23
4071.T,2023-06-15,2023-07-12,3311.1,2771.9,2774.8,-16.28,stop_base,27
4072.T,2023-05-12,2023-07-07,2918.0,2915.1,2918.0,-0.1,stop_breakeven,56
4078.T,2022-01-05,2022-01-26,1961.4,1729.9,1737.4,-11.8,stop_base,21
4078.T,2024-05-14,2024-08-05,2295.0,2014.5,2295.0,-12.22,stop_breakeven,83
4078.T,2024-10-11,2024-11-11,2518.8,2449.9,2518.8,-2.74,stop_breakeven,31
4082.T,2020-01-22,2020-02-19,821.7,731.0,737.7,-11.04,stop_base,28
4082.T,2021-03-03,2021-03-05,993.4,971.7,993.4,-2.18,stop_breakeven,2
4082.T,2021-05-17,2021-05-27,1311.6,1302.0,1311.6,-0.73,stop_breakeven,10
4088.T,2021-03-05,2021-04-21,1537.8,1537.0,1537.8,-0.06,stop_breakeven,47
4088.T,2023-11-01,2024-03-06,1776.3,2169.0,1776.3,22.11,time,126
4088.T,2024-03-19,2024-07-23,2178.2,1991.0,1815.9,-8.59,time,126
4091.T,2020-01-20,2020-01-30,2297.2,2154.7,2192.4,-6.2,stop_base,10
4091.T,2021-07-12,2021-11-15,2220.7,2532.3,2220.7,14.03,time,126
4091.T,2023-07-28,2023-08-21,3132.3,3127.5,3132.3,-0.15,stop_breakeven,24
4091.T,2023-08-31,2024-01-04,3409.6,3672.7,3409.6,7.72,time,126
4091.T,2024-02-05,2024-06-10,4009.0,4634.4,4009.0,15.6,time,126
4091.T,2024-06-26,2024-07-24,4681.4,4590.3,4681.4,-1.95,stop_breakeven,28
4091.T,2024-09-26,2024-11-15,5361.4,4360.6,4463.0,-18.67,stop_base,50
4092.T,2021-06-16,2021-07-20,2518.3,2468.8,2518.3,-1.96,stop_breakeven,34
4092.T,2021-08-12,2021-10-05,3004.4,2404.7,2468.8,-19.96,stop_base,54
4092.T,2024-06-14,2024-07-24,2350.3,2341.0,2350.3,-0.39,stop_breakeven,40
4092.T,2024-09-27,2024-11-13,2775.7,2242.0,2383.6,-19.23,stop_base,47
4095.T,2023-04-25,2023-05-31,937.6,918.8,937.6,-2.01,stop_breakeven,36
4095.T,2023-08-29,2023-10-02,1007.7,999.5,1007.7,-0.81,stop_breakeven,34
4095.T,2023-11-15,2024-03-21,1053.5,1146.6,1053.5,8.85,time,127
4095.T,2024-06-07,2024-07-24,1165.1,1159.6,1165.1,-0.48,stop_breakeven,47
4095.T,2024-12-23,2025-01-17,1248.2,1171.5,1172.4,-6.15,stop_base,25
4097.T,2023-05-01,2023-09-04,690.0,725.0,690.0,5.07,time,126
4097.T,2023-09-05,2024-01-09,731.4,812.7,731.4,11.11,time,126
4097.T,2024-02-13,2024-06-18,836.0,888.5,836.0,6.28,time,126
4097.T,2024-06-25,2024-08-02,922.5,807.4,839.5,-12.47,stop_base,38
4099.T,2021-07-26,2021-11-29,1227.8,1241.8,1227.8,1.14,time,126
4099.T,2023-05-16,2023-07-10,1357.2,1353.9,1357.2,-0.25,stop_breakeven,55
4099.T,2023-09-04,2024-01-09,1393.6,1730.9,1393.6,24.2,time,127
4099.T,2024-01-10,2024-01-31,1749.0,1747.1,1749.0,-0.11,stop_breakeven,21
4099.T,2024-05-10,2024-08-05,1768.1,1670.1,1768.1,-5.54,stop_breakeven,87
4099.T,2024-09-20,2024-11-12,1999.2,1991.4,1999.2,-0.39,stop_breakeven,53
4109.T,2020-02-12,2020-02-27,2913.6,2401.0,2492.6,-17.59,stop_base,15
4109.T,2021-01-22,2021-04-26,3146.3,2644.5,2663.9,-15.95,stop_base,94
4109.T,2022-11-09,2022-12-20,2384.8,2184.8,2187.4,-8.39,stop_base,41
4109.T,2023-06-26,2023-10-30,2721.7,2824.1,2721.7,3.77,time,126
4109.T,2023-11-02,2024-03-07,2932.2,3423.2,2932.2,16.74,time,126
4109.T,2024-05-13,2024-08-02,3638.7,3532.5,3638.7,-2.92,stop_breakeven,81
4109.T,2024-09-27,2024-11-08,3978.3,3954.7,3978.3,-0.59,stop_breakeven,42
4109.T,2024-12-26,2025-02-21,4006.6,3992.5,4006.6,-0.35,stop_breakeven,57
4112.T,2020-01-07,2020-02-25,1894.2,1810.2,1894.2,-4.43,stop_breakeven,49
4112.T,2020-06-26,2020-10-30,1885.1,2076.4,1885.1,10.15,time,126
4112.T,2020-12-29,2021-02-15,2239.9,2235.4,2239.9,-0.2,stop_breakeven,48
4112.T,2021-04-02,2021-04-28,2240.5,1954.5,1986.8,-12.76,stop_base,26
4112.T,2023-12-28,2024-05-02,1718.7,2113.0,1718.7,22.95,time,126
4112.T,2024-06-12,2024-06-27,2653.8,2620.4,2653.8,-1.26,stop_breakeven,15
4114.T,2024-05-29,2024-08-05,1436.3,1267.3,1314.7,-11.76,stop_base,68
4114.T,2024-08-20,2024-12-24,1493.1,1741.6,1493.1,16.65,time,126
4114.T,2024-12-25,2025-02-20,1750.4,1667.9,1674.8,-4.71,stop_base,57
4116.T,2021-09-14,2021-11-24,520.4,419.9,422.7,-19.31,stop_base,71
4116.T,2023-07-03,2023-08-03,423.8,420.2,423.8,-0.85,stop_breakeven,31
4116.T,2023-08-24,2023-10-03,447.8,441.4,447.8,-1.41,stop_breakeven,40
4116.T,2023-12-06,2024-04-10,460.3,616.8,460.3,33.99,time,126
4116.T,2024-05-21,2024-08-02,635.7,604.3,635.7,-4.93,stop_breakeven,73
4116.T,2024-09-27,2024-11-11,659.9,609.6,611.8,-7.62,stop_base,45
4118.T,2021-02-10,2021-06-16,3564.5,3727.2,3564.5,4.56,time,126
4118.T,2021-09-03,2021-10-01,3945.6,3900.5,3945.6,-1.15,stop_breakeven,28
4118.T,2023-07-20,2023-08-17,3745.2,3516.3,3523.5,-6.11,stop_base,28
4118.T,2023-09-04,2023-10-03,3805.1,3442.4,3516.3,-9.53,stop_base,29
4151.T,2020-01-24,2020-02-25,2380.4,2366.2,2380.4,-0.6,stop_breakeven,32
4151.T,2020-08-24,2020-10-09,2490.3,2475.0,2490.3,-0.61,stop_breakeven,46
4151.T,2021-01-29,2021-02-22,2806.7,2793.1,2806.7,-0.48,stop_breakeven,24
4151.T,2021-04-01,2021-08-05,3015.0,3119.2,3015.0,3.46,time,126
4151.T,2021-09-03,2021-10-05,3529.1,3438.0,3529.1,-2.58,stop_breakeven,32
4151.T,2022-10-31,2022-11-09,3240.1,2865.7,2888.9,-11.55,stop_base,9
4151.T,2024-08-23,2024-09-25,3140.8,2595.8,2715.3,-17.35,stop_base,33
4180.T,2023-01-31,2023-02-22,1636.5,1613.5,1636.5,-1.4,stop_breakeven,22
4180.T,2023-08-29,2023-10-03,1778.0,1486.0,1501.9,-16.42,stop_base,35
4182.T,2020-11-25,2021-03-31,1736.5,2270.5,1736.5,30.75,time,126
4182.T,2023-11-09,2023-12-14,2031.0,2004.7,2031.0,-1.29,stop_breakeven,35
4182.T,2024-01-10,2024-05-15,2163.5,2802.5,2163.5,29.53,time,126
4182.T,2024-06-20,2024-07-25,2896.9,2602.4,2651.5,-10.16,stop_base,35
4183.T,2020-11-10,2020-12-08,1181.0,1164.2,1181.0,-1.42,stop_breakeven,28
4183.T,2020-12-29,2021-05-06,1264.9,1481.7,1264.9,17.13,time,128
4183.T,2021-05-10,2021-05-19,1519.0,1415.3,1425.6,-6.83,stop_base,9
4183.T,2021-05-26,2021-06-21,1525.2,1512.8,1525.2,-0.82,stop_breakeven,26
4183.T,2021-09-08,2021-10-27,1649.7,1429.0,1442.2,-13.38,stop_base,49
4183.T,2022-12-14,2023-03-14,1395.9,1376.1,1395.9,-1.42,stop_breakeven,90
4183.T,2023-03-30,2023-08-03,1510.2,1729.2,1510.2,14.5,time,126
4183.T,2023-11-10,2024-02-09,1811.7,1797.1,1811.7,-0.8,stop_breakeven,91
4183.T,2024-05-15,2024-08-02,2177.7,1760.2,1917.7,-19.17,stop_base,79
4186.T,2020-01-15,2020-02-19,1314.9,1300.1,1314.9,-1.12,stop_breakeven,35
4186.T,2020-06-26,2020-08-20,1610.4,1532.7,1610.4,-4.82,stop_breakeven,55
4186.T,2020-10-08,2021-02-12,1679.1,2226.8,1679.1,32.62,time,127
4186.T,2021-04-01,2021-04-20,2205.7,2193.6,2205.7,-0.55,stop_breakeven,19
4186.T,2021-09-03,2021-09-28,2246.9,2216.3,2246.9,-1.36,stop_breakeven,25
4186.T,2022-06-08,2022-06-17,2401.4,2054.8,2116.7,-14.43,stop_base,9
4186.T,2023-05-26,2023-09-29,2633.1,2848.4,2633.1,8.18,time,126
4186.T,2023-12-27,2024-05-01,3039.6,4060.7,3039.6,33.59,time,126
4186.T,2024-06-12,2024-07-25,4326.3,3716.5,3804.8,-14.1,stop_base,43
4187.T,2020-09-14,2020-10-05,2394.3,2201.3,2394.3,-8.06,stop_breakeven,21
4187.T,2020-12-01,2021-04-06,2635.7,3891.4,2635.7,47.64,time,126
4187.T,2021-06-15,2021-07-08,4046.5,3307.9,3323.9,-18.25,stop_base,23
4187.T,2023-10-12,2024-02-15,2582.8,2920.7,2582.8,13.08,time,126
4187.T,2024-03-13,2024-07-17,3202.2,3935.2,3202.2,22.89,time,126
4188.T,2021-05-19,2021-09-22,735.1,843.1,735.1,14.7,time,126
4188.T,2023-09-01,2023-10-20,793.1,781.5,793.1,-1.46,stop_breakeven,49
4188.T,2023-11-06,2024-02-09,885.0,765.4,765.6,-13.51,stop_base,95
4189.T,2020-11-24,2021-01-29,2455.9,1969.1,2010.4,-19.82,stop_base,66
4189.T,2021-03-16,2021-05-20,2372.8,2362.0,2372.8,-0.46,stop_breakeven,65
4189.T,2021-09-10,2021-09-22,2653.8,2599.0,2653.8,-2.07,stop_breakeven,12
4189.T,2021-11-05,2021-11-29,2717.1,2611.6,2717.1,-3.88,stop_breakeven,24
4202.T,2022-11-02,2023-01-16,806.2,788.9,806.2,-2.15,stop_breakeven,75
4202.T,2023-03-02,2023-03-16,859.8,851.2,859.8,-1.01,stop_breakeven,14
4202.T,2023-04-25,2023-08-29,922.2,1037.8,922.2,12.54,time,126
4202.T,2023-09-14,2024-01-18,1163.5,1302.6,1163.5,11.95,time,126
4202.T,2024-02-05,2024-06-10,1328.7,1450.6,1328.7,9.18,time,126
4203.T,2021-03-09,2021-03-29,1999.9,1973.5,1999.9,-1.32,stop_breakeven,20
4203.T,2021-05-10,2021-05-18,2069.2,1895.6,1929.0,-8.39,stop_base,8
4203.T,2021-06-02,2021-06-21,2115.9,2055.8,2115.9,-2.84,stop_breakeven,19
4203.T,2021-07-06,2021-10-01,2269.4,2254.9,2269.4,-0.64,stop_breakeven,87
4203.T,2021-11-04,2022-01-25,2466.0,2439.0,2466.0,-1.09,stop_breakeven,82
4203.T,2023-03-29,2023-08-02,2366.5,2888.0,2366.5,22.04,time,126
4203.T,2023-08-07,2023-09-13,3001.6,2946.4,3001.6,-1.84,stop_breakeven,37
4203.T,2023-11-14,2024-03-19,3283.0,4247.7,3283.0,29.39,time,126
4203.T,2024-06-11,2024-07-25,4496.6,3932.8,3988.1,-12.54,stop_base,44
4204.T,2020-01-22,2020-01-31,1613.2,1520.0,1527.4,-5.78,stop_base,9
4204.T,2021-03-18,2021-05-27,1863.1,1607.5,1607.7,-13.72,stop_base,70
4204.T,2023-08-02,2023-12-06,1987.0,1965.8,1810.6,-1.07,time,126
4204.T,2024-12-03,2025-01-22,2338.1,2337.1,2338.1,-0.04,stop_breakeven,50
4205.T,2021-01-26,2021-02-26,1316.8,1313.4,1316.8,-0.26,stop_breakeven,31
4205.T,2021-03-17,2021-06-10,1464.1,1305.4,1313.4,-10.84,stop_base,85
4205.T,2023-08-07,2023-10-03,1364.3,1362.2,1364.3,-0.16,stop_breakeven,57
4206.T,2020-11-09,2021-01-04,3225.0,2905.4,2913.7,-9.91,stop_base,56
4206.T,2022-11-24,2023-01-04,2944.0,2718.9,2736.5,-7.65,stop_base,41
4208.T,2023-06-09,2023-10-13,2050.8,2096.0,2050.8,2.2,time,126
4208.T,2024-04-05,2024-06-12,2511.4,2504.5,2511.4,-0.27,stop_breakeven,68
4212.T,2020-01-29,2020-02-20,1960.6,1954.8,1960.6,-0.29,stop_breakeven,22
4212.T,2020-07-21,2020-07-31,1964.6,1648.8,1712.1,-16.07,stop_base,10
4212.T,2023-03-02,2023-07-06,1810.5,2050.3,1810.5,13.25,time,126
4212.T,2023-08-02,2023-09-13,2147.9,2139.7,2147.9,-0.38,stop_breakeven,42
4212.T,2023-11-13,2024-03-18,2299.6,2246.9,2116.5,-2.29,time,126
4216.T,2022-07-28,2022-12-01,1908.1,2442.3,1908.1,28.0,time,126
4216.T,2023-01-24,2023-05-30,2673.5,3456.7,2673.5,29.3,time,126
4216.T,2023-08-01,2023-08-31,4595.0,3758.7,3823.8,-18.2,stop_base,30
4216.T,2024-06-26,2024-08-01,4782.1,4249.7,4278.2,-11.13,stop_base,36
4218.T,2023-04-03,2023-05-12,1837.9,1828.4,1837.9,-0.51,stop_breakeven,39
4218.T,2023-07-19,2023-09-29,1883.3,1730.9,1735.7,-8.09,stop_base,72
4218.T,2024-12-30,2025-04-07,2036.5,1791.0,1843.8,-12.05,stop_base,98
4220.T,2021-05-20,2021-07-08,476.4,467.3,476.4,-1.91,stop_breakeven,49
4220.T,2023-01-24,2023-05-30,455.3,545.2,455.3,19.74,time,126
4220.T,2023-06-16,2023-10-20,566.7,655.3,566.7,15.63,time,126
4220.T,2023-10-31,2023-11-15,780.2,778.3,780.2,-0.23,stop_breakeven,15
4220.T,2024-01-23,2024-05-28,788.4,948.3,788.4,20.28,time,126
4220.T,2024-06-26,2024-07-25,968.7,899.9,906.4,-7.1,stop_base,29
4220.T,2024-10-11,2025-02-14,1040.9,967.4,896.2,-7.06,time,126
4221.T,2021-03-16,2021-04-16,1672.3,1665.0,1672.3,-0.43,stop_breakeven,31
4221.T,2021-05-17,2021-08-16,1847.6,1817.7,1847.6,-1.62,stop_breakeven,91
4221.T,2023-02-27,2023-07-03,1724.3,1927.4,1724.3,11.77,time,126
4221.T,2023-07-04,2023-11-07,1938.7,2348.2,1938.7,21.12,time,126
4221.T,2023-11-24,2024-03-29,2434.5,2846.1,2434.5,16.91,time,126
4221.T,2024-07-03,2024-08-02,2763.8,2470.9,2523.3,-10.6,stop_base,30
4228.T,2023-09-04,2024-01-09,437.5,473.2,437.5,8.16,time,127
4228.T,2024-01-29,2024-02-02,477.0,432.8,439.4,-9.27,stop_base,4
4229.T,2021-10-26,2022-03-01,2807.9,3000.0,2807.9,6.84,time,126
4229.T,2023-07-31,2023-12-04,2821.5,2854.3,2821.5,1.16,time,126
4229.T,2024-01-05,2024-05-10,2961.2,3254.3,2961.2,9.9,time,126
4246.T,2021-06-04,2021-06-11,627.2,567.6,574.6,-9.5,stop_base,7
4246.T,2023-01-24,2023-05-30,498.5,647.1,498.5,29.82,time,126
4246.T,2023-06-05,2023-07-12,658.4,654.1,658.4,-0.66,stop_breakeven,37
4246.T,2023-08-10,2023-09-29,710.4,710.0,710.4,-0.06,stop_breakeven,50
4249.T,2021-06-04,2021-10-08,1806.8,1611.5,1579.3,-10.81,time,126
4249.T,2023-07-19,2023-11-22,1837.8,2499.2,1837.8,35.99,time,126
4249.T,2024-02-07,2024-03-04,2567.3,2391.8,2403.5,-6.83,stop_base,26
4249.T,2024-05-09,2024-08-02,2494.4,2201.7,2349.4,-11.74,stop_base,85
4251.T,2021-03-11,2021-07-15,939.8,1556.0,939.8,65.57,time,126
4251.T,2024-07-11,2024-08-01,1677.4,1365.1,1393.1,-18.62,stop_base,21
4272.T,2021-09-14,2021-10-28,1094.7,983.5,985.3,-10.16,stop_base,44
4272.T,2023-11-21,2024-03-26,1236.8,1192.4,1128.1,-3.59,time,126
4275.T,2021-04-02,2021-05-13,665.0,597.4,598.0,-10.16,stop_base,41
4275.T,2021-06-15,2021-10-19,647.4,698.3,647.4,7.86,time,126
4275.T,2022-11-25,2023-03-31,672.6,641.8,590.9,-4.59,time,126
4275.T,2023-06-12,2023-07-14,725.9,720.4,725.9,-0.76,stop_breakeven,32
4275.T,2023-08-08,2023-12-12,774.9,836.0,774.9,7.88,time,126
4275.T,2024-02-02,2024-06-07,931.2,1151.8,931.2,23.69,time,126
4275.T,2024-06-10,2024-08-02,1231.0,1197.6,1231.0,-2.71,stop_breakeven,53
4275.T,2024-09-26,2025-01-07,1153.7,1150.8,1153.7,-0.25,stop_breakeven,103
4290.T,2020-02-06,2020-02-18,906.8,826.1,832.3,-8.9,stop_base,12
4290.T,2023-01-24,2023-02-15,688.1,611.2,618.4,-11.17,stop_base,22
4290.T,2024-08-21,2024-09-11,675.6,670.9,675.6,-0.69,stop_breakeven,21
4307.T,2020-01-31,2020-02-28,2231.2,2171.2,2231.2,-2.69,stop_breakeven,28
4307.T,2020-05-28,2020-06-05,2514.1,2497.4,2514.1,-0.66,stop_breakeven,8
4307.T,2020-06-18,2020-10-22,2654.3,2823.5,2654.3,6.37,time,126
4307.T,2020-11-05,2021-01-28,3103.5,3052.2,3103.5,-1.65,stop_breakeven,84
4307.T,2021-11-01,2022-01-06,4433.0,4263.4,4433.0,-3.83,stop_breakeven,66
4307.T,2023-11-17,2024-02-02,4073.5,4045.5,4073.5,-0.69,stop_breakeven,77
4307.T,2024-07-29,2024-08-05,4571.5,4056.2,4103.8,-11.27,stop_base,7
4307.T,2024-08-16,2024-10-31,4603.6,4488.6,4603.6,-2.5,stop_breakeven,76
4310.T,2023-02-16,2023-03-20,2097.0,2060.2,2097.0,-1.76,stop_breakeven,32
4310.T,2023-06-05,2023-07-03,2229.9,2200.0,2229.9,-1.34,stop_breakeven,28
4310.T,2023-08-10,2023-09-26,2280.7,2202.4,2280.7,-3.43,stop_breakeven,47
4310.T,2023-11-24,2023-12-01,2460.6,2398.5,2460.6,-2.52,stop_breakeven,7
4310.T,2024-01-30,2024-03-26,2706.6,2237.1,2250.8,-17.35,stop_base,56
4318.T,2021-10-29,2022-01-17,395.9,360.9,363.9,-8.85,stop_base,80
4318.T,2022-09-13,2023-01-17,528.4,574.2,528.4,8.68,time,126
4318.T,2023-06-13,2023-08-10,606.8,601.8,606.8,-0.82,stop_breakeven,58
4318.T,2023-11-01,2023-12-05,638.2,629.9,638.2,-1.3,stop_breakeven,34
4318.T,2023-12-13,2024-04-17,683.1,698.7,683.1,2.28,time,126
4318.T,2024-04-24,2024-05-02,735.2,677.7,688.0,-7.83,stop_base,8
4323.T,2022-06-09,2022-08-12,604.9,579.2,604.9,-4.25,stop_breakeven,64
4323.T,2023-01-27,2023-06-02,818.3,1062.8,818.3,29.88,time,126
4323.T,2023-06-05,2023-07-12,1107.6,1084.7,1107.6,-2.07,stop_breakeven,37
4323.T,2024-02-26,2024-04-02,1702.2,1693.4,1702.2,-0.51,stop_breakeven,36
4323.T,2024-05-14,2024-05-24,1775.5,1531.3,1566.1,-13.75,stop_base,10
4323.T,2024-07-05,2024-07-26,1639.4,1585.4,1639.4,-3.3,stop_breakeven,21
4324.T,2021-05-24,2021-09-27,3165.3,3825.9,3165.3,20.87,time,126
4324.T,2021-09-28,2021-11-24,3896.7,3431.8,3471.6,-11.93,stop_base,57
4324.T,2021-12-28,2022-03-07,3719.6,3676.4,3719.6,-1.16,stop_breakeven,69
4326.T,2020-11-09,2021-03-15,925.0,1106.6,925.0,19.63,time,126
4326.T,2021-03-16,2021-07-20,1123.0,1346.2,1123.0,19.87,time,126
4326.T,2021-09-03,2021-09-16,1393.1,1391.3,1393.1,-0.13,stop_breakeven,13
4326.T,2021-10-15,2021-12-06,1516.0,1513.3,1516.0,-0.18,stop_breakeven,52
4326.T,2023-07-31,2023-10-24,1584.7,1548.2,1584.7,-2.3,stop_breakeven,85
4331.T,2021-11-09,2021-11-12,1191.5,987.9,990.5,-17.09,stop_base,3
4337.T,2021-11-12,2021-12-02,4289.2,3528.8,3707.7,-17.73,stop_base,20
4337.T,2023-09-12,2023-11-22,3837.0,3280.3,3290.2,-14.51,stop_base,71
4343.T,2021-03-19,2021-04-06,2524.9,2220.6,2235.3,-12.05,stop_base,18
4343.T,2022-08-30,2022-09-28,3400.6,3371.0,3400.6,-0.87,stop_breakeven,29
4344.T,2022-09-09,2022-09-16,281.0,279.0,281.0,-0.71,stop_breakeven,7
4344.T,2024-10-31,2024-11-14,223.0,198.0,223.0,-11.21,stop_breakeven,14
4345.T,2020-12-08,2020-12-24,837.7,831.6,837.7,-0.72,stop_breakeven,16
4345.T,2024-06-19,2024-10-23,785.8,862.0,785.8,9.71,time,126
4345.T,2024-12-09,2025-01-06,905.0,835.3,845.8,-7.7,stop_base,28
4362.T,2020-06-19,2020-10-23,1299.5,1337.5,1299.5,2.93,time,126
4362.T,2021-12-16,2022-01-24,2019.5,1995.9,2019.5,-1.17,stop_breakeven,39
4362.T,2023-02-21,2023-03-14,2231.0,2225.6,2231.0,-0.24,stop_breakeven,21
4362.T,2023-04-24,2023-08-03,2388.1,2368.2,2388.1,-0.84,stop_breakeven,101
4362.T,2023-12-20,2024-02-01,2663.8,2572.8,2663.8,-3.42,stop_breakeven,43
4368.T,2020-01-17,2020-02-25,997.0,981.9,997.0,-1.52,stop_breakeven,39
4368.T,2020-07-13,2020-08-17,1280.4,1138.6,1140.1,-11.07,stop_base,35
4368.T,2020-10-14,2020-11-02,1165.6,1036.7,1067.0,-11.05,stop_base,19
4368.T,2023-06-29,2023-07-11,1423.6,1420.4,1423.6,-0.22,stop_breakeven,12
4369.T,2020-01-07,2020-02-27,2074.3,2071.1,2074.3,-0.15,stop_breakeven,51
4369.T,2020-09-10,2021-01-14,2664.2,4313.0,2664.2,61.89,time,126
4369.T,2023-06-29,2023-11-02,2734.2,3283.0,2734.2,20.07,time,126
4369.T,2023-11-15,2023-12-08,3404.4,3351.0,3404.4,-1.57,stop_breakeven,23
4369.T,2024-01-09,2024-05-14,3700.7,4313.5,3700.7,16.56,time,126
4373.T,2023-02-01,2023-04-21,553.0,551.0,553.0,-0.36,stop_breakeven,79
4373.T,2023-06-13,2023-08-10,590.7,590.5,590.7,-0.04,stop_breakeven,58
4373.T,2023-08-31,2023-10-27,680.7,589.6,590.5,-13.39,stop_base,57
4384.T,2021-06-25,2021-07-30,2639.7,2565.0,2639.7,-2.83,stop_breakeven,35
4384.T,2021-09-01,2021-10-01,2913.7,2848.9,2913.7,-2.22,stop_breakeven,30
4384.T,2023-03-07,2023-03-14,1607.7,1583.8,1607.7,-1.49,stop_breakeven,7
4385.T,2020-10-07,2020-10-22,5390.0,5080.0,5390.0,-5.75,stop_breakeven,15
4385.T,2021-01-04,2021-05-10,4895.0,5080.0,4895.0,3.78,time,126
4385.T,2021-06-24,2021-07-19,5630.0,5610.0,5630.0,-0.36,stop_breakeven,25
4385.T,2021-11-04,2021-11-30,6960.0,6890.0,6960.0,-1.01,stop_breakeven,26
4385.T,2023-07-19,2023-10-04,3591.0,2929.5,2934.0,-18.42,stop_base,77
4385.T,2023-10-12,2023-11-27,3326.0,2922.5,2929.5,-12.13,stop_base,46
4390.T,2020-10-06,2020-10-30,2255.9,1879.9,1881.8,-16.67,stop_base,24
4390.T,2021-03-01,2021-04-23,3021.8,2414.1,2424.9,-20.11,stop_base,53
4390.T,2022-08-15,2022-12-19,2661.7,2755.6,2661.7,3.53,time,126
4392.T,2021-11-19,2022-01-19,314.9,245.6,249.2,-22.02,stop_base,61
4392.T,2022-11-18,2022-12-20,386.2,382.5,386.2,-0.95,stop_breakeven,32
4396.T,2020-01-21,2020-02-28,563.3,557.8,563.3,-0.99,stop_breakeven,38
4396.T,2022-09-12,2022-11-29,682.2,668.3,682.2,-2.04,stop_breakeven,78
4396.T,2023-01-25,2023-05-31,722.2,855.3,722.2,18.44,time,126
4396.T,2023-06-12,2023-07-12,951.9,942.2,951.9,-1.03,stop_breakeven,30
4396.T,2023-09-01,2023-10-03,951.1,948.8,951.1,-0.25,stop_breakeven,32
4401.T,2021-03-04,2021-05-13,1726.2,1682.4,1726.2,-2.54,stop_breakeven,70
4401.T,2021-06-25,2021-10-29,1758.8,2195.5,1758.8,24.83,time,126
4401.T,2021-11-12,2022-03-08,2268.3,1905.6,1985.5,-15.99,stop_base,116
4401.T,2023-07-03,2023-11-06,2567.9,2418.2,2218.5,-5.83,time,126
4401.T,2023-11-10,2024-03-15,2618.2,2929.5,2618.2,11.89,time,126
4401.T,2024-03-18,2024-05-16,3030.2,2976.2,3030.2,-1.78,stop_breakeven,59
4403.T,2020-07-28,2020-09-07,1215.1,1213.6,1215.1,-0.12,stop_breakeven,41
4403.T,2020-11-09,2021-03-15,1286.5,1776.7,1286.5,38.1,time,126
4403.T,2021-03-29,2021-05-19,1797.8,1624.5,1659.1,-9.64,stop_base,51
4403.T,2021-08-12,2021-10-04,1879.5,1852.2,1879.5,-1.45,stop_breakeven,53
4403.T,2021-11-24,2021-12-02,1873.6,1696.3,1699.4,-9.46,stop_base,8
4403.T,2022-11-22,2023-03-28,1794.2,1862.7,1794.2,3.82,time,126
4403.T,2023-03-30,2023-08-03,1921.4,1900.1,1797.3,-1.11,time,126
4403.T,2023-08-10,2023-09-22,1965.2,1943.5,1965.2,-1.1,stop_breakeven,43
4403.T,2023-11-02,2024-03-04,2128.2,2126.2,2128.2,-0.09,stop_breakeven,123
4410.T,2022-09-13,2022-11-02,785.8,686.8,688.1,-12.6,stop_base,50
4410.T,2023-03-09,2023-07-13,797.1,748.0,707.2,-6.16,time,126
4413.T,2023-03-24,2023-04-24,1104.1,1087.9,1104.1,-1.47,stop_breakeven,31
4413.T,2024-01-09,2024-02-08,1797.4,1477.8,1483.7,-17.78,stop_base,30
4413.T,2024-06-24,2024-07-11,1752.6,1742.6,1752.6,-0.57,stop_breakeven,17
4432.T,2023-05-31,2023-06-30,2157.8,2147.8,2157.8,-0.46,stop_breakeven,30
4432.T,2023-10-13,2023-10-23,2412.4,2400.5,2412.4,-0.5,stop_breakeven,10
4432.T,2023-11-02,2024-01-12,2633.3,2591.0,2633.3,-1.61,stop_breakeven,71
4432.T,2024-02-19,2024-04-16,2788.9,2419.7,2424.4,-13.24,stop_base,57
4432.T,2024-12-18,2025-01-09,3385.0,3375.5,3385.0,-0.28,stop_breakeven,22
4433.T,2021-04-01,2021-06-21,1878.4,1875.8,1878.4,-0.14,stop_breakeven,81
4433.T,2021-07-05,2021-08-05,2032.0,1738.0,1762.4,-14.47,stop_base,31
4443.T,2021-01-05,2021-05-11,1770.0,2062.5,1770.0,16.53,time,126
4443.T,2023-04-14,2023-04-25,1808.0,1766.0,1808.0,-2.32,stop_breakeven,11
4443.T,2023-06-07,2023-06-22,1848.5,1817.0,1848.5,-1.7,stop_breakeven,15
4443.T,2024-07-12,2024-08-02,2130.0,1953.0,2130.0,-8.31,stop_breakeven,21
4443.T,2024-10-18,2024-11-18,2347.0,1986.0,2002.0,-15.38,stop_base,31
4443.T,2024-12-12,2025-02-21,2366.0,2340.0,2366.0,-1.1,stop_breakeven,71
4446.T,2023-03-22,2023-04-10,1035.0,907.0,908.0,-12.37,stop_base,19
4446.T,2023-05-19,2023-07-06,1022.0,1021.0,1022.0,-0.1,stop_breakeven,48
4449.T,2021-05-21,2021-07-13,3579.4,3495.9,3579.4,-2.33,stop_breakeven,53
4449.T,2023-05-09,2023-05-19,2369.6,2265.5,2369.6,-4.39,stop_breakeven,10
4452.T,2024-06-03,2024-08-05,6669.9,5846.3,5860.1,-12.35,stop_base,63
4452.T,2024-09-27,2024-11-08,7015.3,6081.6,6087.4,-13.31,stop_base,42
4461.T,2020-01-31,2020-02-25,4048.3,3379.8,3543.8,-16.51,stop_base,25
4461.T,2020-06-02,2020-07-29,4110.4,4042.5,4110.4,-1.65,stop_breakeven,57
4461.T,2024-05-15,2024-06-11,3533.9,3510.3,3533.9,-0.67,stop_breakeven,27
4461.T,2024-06-28,2024-07-22,3794.1,3297.4,3415.7,-13.09,stop_base,24
4462.T,2020-06-01,2020-10-05,884.6,1013.7,884.6,14.59,time,126
4462.T,2020-12-16,2021-04-21,1032.0,974.8,896.9,-5.54,time,126
4462.T,2022-01-04,2022-01-27,1282.8,1140.9,1150.9,-11.06,stop_base,23
4462.T,2023-04-11,2023-08-15,1400.9,1515.2,1400.9,8.15,time,126
4462.T,2023-09-04,2023-10-03,1551.1,1429.9,1432.1,-7.81,stop_base,29
4462.T,2023-11-01,2024-03-06,1711.5,1784.1,1711.5,4.24,time,126
4462.T,2024-11-14,2025-01-10,2433.2,2181.5,2195.1,-10.34,stop_base,57
4471.T,2021-07-16,2021-10-04,4764.1,4739.6,4764.1,-0.51,stop_breakeven,80
4480.T,2021-01-18,2021-01-28,5450.0,5010.0,5450.0,-8.07,stop_breakeven,10
4480.T,2023-08-16,2023-09-21,5850.0,4745.0,4790.0,-18.89,stop_base,36
4481.T,2022-07-22,2022-11-25,2646.9,3597.9,2646.9,35.93,time,126
4481.T,2023-03-06,2023-07-10,4634.2,4814.5,4634.2,3.89,time,126
4483.T,2020-12-30,2021-05-06,5761.3,5060.9,4735.3,-12.16,time,127
4502.T,2022-07-20,2022-11-24,3402.2,3485.7,2976.9,2.45,time,127
4502.T,2022-11-30,2023-04-05,3495.2,3802.2,3495.2,8.78,time,126
4502.T,2023-04-06,2023-07-12,3874.5,3794.3,3874.5,-2.07,stop_breakeven,97
4502.T,2023-08-24,2023-10-04,3928.2,3911.3,3928.2,-0.43,stop_breakeven,41
4503.T,2020-01-16,2020-02-26,1536.6,1449.7,1463.0,-5.65,stop_base,41
4503.T,2021-10-15,2021-11-30,1692.9,1504.8,1542.7,-11.11,stop_base,46
4503.T,2022-06-09,2022-09-22,1821.7,1631.2,1644.9,-10.46,stop_base,105
4503.T,2022-12-13,2022-12-29,1887.9,1762.6,1765.2,-6.64,stop_base,16
4503.T,2023-05-22,2023-09-25,2041.9,1907.0,1674.9,-6.6,time,126
4506.T,2021-05-20,2021-07-30,2007.7,1813.8,2007.7,-9.66,stop_breakeven,71
4506.T,2021-09-17,2021-10-28,2031.7,1594.3,1723.5,-21.53,stop_base,41
4507.T,2021-09-30,2021-12-03,2303.4,2286.8,2303.4,-0.72,stop_breakeven,64
4516.T,2020-01-14,2020-02-25,8873.8,7576.0,7777.7,-14.62,stop_base,42
4519.T,2020-01-07,2020-05-12,3015.5,3833.9,3015.5,27.14,time,126
4519.T,2020-05-28,2020-07-30,4455.1,4438.3,4455.1,-0.38,stop_breakeven,63
4519.T,2021-01-15,2021-02-26,5290.0,4274.9,4384.7,-19.19,stop_base,42
4519.T,2023-08-28,2023-10-24,4168.4,4155.1,4168.4,-0.32,stop_breakeven,57
4519.T,2023-11-09,2024-03-14,4504.6,5811.6,4504.6,29.01,time,126
4519.T,2024-08-16,2024-09-05,6574.6,6349.4,6574.6,-3.43,stop_breakeven,20
4519.T,2024-10-15,2024-10-30,7146.8,7034.6,7146.8,-1.57,stop_breakeven,15
4519.T,2024-12-27,2025-03-07,6865.7,6728.5,6865.7,-2.0,stop_breakeven,70
4521.T,2020-02-07,2020-02-25,4751.6,4333.7,4442.1,-8.79,stop_base,18
4521.T,2024-10-29,2025-03-04,3680.8,4364.6,3680.8,18.58,time,126
4523.T,2020-07-09,2020-10-15,7689.9,7615.5,7689.9,-0.97,stop_breakeven,98
4523.T,2022-11-22,2022-12-20,8351.0,8195.0,8351.0,-1.87,stop_breakeven,28
4526.T,2020-05-28,2020-07-31,1855.3,1827.2,1855.3,-1.52,stop_breakeven,64
4526.T,2023-02-13,2023-05-31,1778.7,1774.1,1778.7,-0.26,stop_breakeven,107
4526.T,2023-06-09,2023-10-13,1877.4,1966.8,1877.4,4.76,time,126
4526.T,2023-11-13,2024-03-18,2075.1,2331.8,2075.1,12.37,time,126
4526.T,2024-04-03,2024-05-08,2438.3,2394.7,2438.3,-1.79,stop_breakeven,35
4526.T,2024-06-21,2024-08-01,2510.7,2507.9,2510.7,-0.11,stop_breakeven,41
4526.T,2024-10-02,2024-12-05,2495.8,2315.8,2330.7,-7.21,stop_base,64
4527.T,2020-02-13,2020-03-02,1620.4,1398.0,1410.6,-13.73,stop_base,18
4527.T,2020-06-19,2020-10-02,1615.2,1576.4,1615.2,-2.41,stop_breakeven,105
4527.T,2021-12-28,2022-01-14,1656.9,1502.8,1512.3,-9.3,stop_base,17
4527.T,2022-08-10,2022-11-11,2087.7,1989.4,2087.7,-4.71,stop_breakeven,93
4527.T,2022-12-16,2023-04-21,2202.5,2692.4,2202.5,22.24,time,126
4527.T,2023-05-09,2023-09-12,2741.4,3862.0,2741.4,40.88,time,126
4528.T,2020-01-24,2020-02-26,2196.8,2022.6,2026.0,-7.93,stop_base,33
4528.T,2020-05-28,2020-10-02,2554.9,2688.3,2554.9,5.22,time,127
4528.T,2022-10-31,2022-12-26,3079.3,2806.3,2844.0,-8.87,stop_base,56
4530.T,2020-06-26,2020-07-22,5273.0,4354.0,4380.8,-17.43,stop_base,26
4530.T,2020-12-17,2021-04-22,5704.2,5957.0,5704.2,4.43,time,126
4530.T,2023-08-29,2023-10-16,4706.0,4675.0,4706.0,-0.66,stop_breakeven,48
4536.T,2020-01-10,2020-02-18,1863.9,1705.4,1713.2,-8.5,stop_base,39
4536.T,2023-05-12,2023-06-14,1141.2,1131.4,1141.2,-0.86,stop_breakeven,33
4536.T,2023-08-04,2023-10-24,1214.1,1205.7,1214.1,-0.69,stop_breakeven,81
4536.T,2023-11-08,2024-02-06,1357.9,1337.6,1357.9,-1.5,stop_breakeven,90
4536.T,2024-02-09,2024-06-14,1440.2,1522.6,1440.2,5.72,time,126
4536.T,2024-06-26,2024-08-05,1586.2,1478.1,1586.2,-6.81,stop_breakeven,40
4536.T,2024-08-16,2024-12-20,1758.7,1490.5,1478.1,-15.25,time,126
4538.T,2020-08-11,2020-10-16,2147.8,2078.4,2147.8,-3.23,stop_breakeven,66
4538.T,2024-06-19,2024-08-02,2183.9,1961.8,2050.1,-10.17,stop_base,44
4538.T,2024-10-29,2025-01-10,2320.6,2307.3,2320.6,-0.57,stop_breakeven,73
4540.T,2020-11-06,2020-11-30,2916.4,2639.0,2656.4,-9.51,stop_base,24
4540.T,2021-03-10,2021-05-12,3120.1,2965.4,3120.1,-4.96,stop_breakeven,63
4540.T,2024-05-10,2024-08-02,4100.0,3413.8,3446.5,-16.73,stop_base,84
4540.T,2024-09-24,2025-01-28,3959.0,4317.1,3959.0,9.04,time,126
4543.T,2020-01-20,2020-02-25,1869.3,1708.0,1767.7,-8.63,stop_base,36
4543.T,2020-08-13,2020-10-26,2016.7,1837.2,1841.1,-8.9,stop_base,74
4543.T,2020-11-11,2021-02-22,2064.6,2026.7,2064.6,-1.84,stop_breakeven,103
4543.T,2024-01-09,2024-05-14,2350.3,2604.9,2350.3,10.83,time,126
4543.T,2024-05-16,2024-08-02,2732.5,2409.4,2481.7,-11.82,stop_base,78
4543.T,2024-10-30,2025-01-09,2934.8,2927.9,2934.8,-0.23,stop_breakeven,71
4544.T,2020-11-24,2021-03-30,2276.6,2959.8,2276.6,30.01,time,126
4544.T,2021-03-31,2021-05-18,2983.9,2425.7,2539.6,-18.71,stop_base,48
4547.T,2023-05-09,2023-09-12,2670.3,3155.3,2670.3,18.16,time,126
4547.T,2023-12-20,2024-04-24,2979.4,3362.1,2979.4,12.84,time,126
4547.T,2024-12-25,2025-04-30,3809.2,3616.9,3280.7,-5.05,time,126
4549.T,2021-01-28,2021-06-03,2112.8,1827.6,1705.9,-13.5,time,126
4549.T,2021-07-27,2021-08-20,1971.3,1840.8,1844.3,-6.62,stop_base,24
4549.T,2022-11-15,2022-12-21,1753.3,1599.1,1620.1,-8.79,stop_base,36
4549.T,2024-04-25,2024-06-04,1938.5,1914.6,1938.5,-1.23,stop_breakeven,40
4549.T,2024-06-24,2024-08-01,2093.6,2063.0,2093.6,-1.46,stop_breakeven,38
4549.T,2024-09-26,2024-11-01,2316.6,2247.0,2316.6,-3.01,stop_breakeven,36
4552.T,2020-01-10,2020-03-04,2131.1,2117.7,2131.1,-0.63,stop_breakeven,54
4552.T,2020-05-29,2020-07-17,2765.5,2302.7,2305.0,-16.73,stop_base,49
4552.T,2020-08-14,2020-12-04,2850.5,2281.9,2302.7,-19.95,stop_base,112
4553.T,2021-06-28,2021-11-01,2451.7,2646.1,2451.7,7.93,time,126
4553.T,2024-02-02,2024-06-07,2488.8,2681.9,2488.8,7.76,time,126
4553.T,2024-07-11,2024-08-02,2943.3,2643.7,2681.9,-10.18,stop_base,22
4553.T,2024-12-24,2025-03-11,3101.9,2612.5,2644.3,-15.78,stop_base,77
4554.T,2023-03-08,2023-06-08,1026.6,1022.4,1026.6,-0.42,stop_breakeven,92
4554.T,2023-08-01,2023-08-09,1091.2,1010.4,1018.7,-7.4,stop_base,8
4554.T,2023-09-11,2024-01-15,1108.6,1805.5,1108.6,62.86,time,126
4559.T,2022-11-22,2023-01-10,2105.1,1945.1,1946.9,-7.6,stop_base,49
4559.T,2023-04-12,2023-07-11,2175.7,2171.0,2175.7,-0.22,stop_breakeven,90
4559.T,2023-09-05,2023-09-20,2318.4,2179.4,2183.2,-6.0,stop_base,15
4559.T,2024-12-06,2025-01-15,2319.2,2136.3,2145.0,-7.89,stop_base,40
4565.T,2022-12-16,2023-02-27,2222.0,2211.0,2222.0,-0.5,stop_breakeven,73
4565.T,2023-04-10,2023-06-27,2543.0,2460.0,2543.0,-3.26,stop_breakeven,78
4568.T,2020-01-24,2020-02-18,2325.2,2317.2,2325.2,-0.34,stop_breakeven,25
4568.T,2020-07-28,2020-10-02,2955.7,2854.6,2955.7,-3.42,stop_breakeven,66
4568.T,2021-01-15,2021-02-04,3422.9,3021.3,3079.1,-11.73,stop_base,20
4568.T,2021-03-18,2021-04-08,3175.1,2751.7,2804.3,-13.33,stop_base,21
4568.T,2022-06-08,2022-10-12,3305.2,4010.8,3305.2,21.35,time,126
4568.T,2022-10-19,2022-11-14,4202.2,4180.4,4202.2,-0.52,stop_breakeven,26
4568.T,2023-03-30,2023-06-20,4505.9,4505.0,4505.9,-0.02,stop_breakeven,82
4568.T,2024-07-08,2024-08-01,5605.1,5576.3,5605.1,-0.51,stop_breakeven,24
4574.T,2020-01-10,2020-05-15,1125.1,1875.4,1125.1,66.69,time,126
4574.T,2020-05-29,2020-06-08,2190.2,2151.2,2190.2,-1.78,stop_breakeven,10
4574.T,2024-07-04,2024-08-02,418.3,401.4,418.3,-4.02,stop_breakeven,29
4577.T,2021-01-12,2021-01-19,1552.3,1393.1,1424.9,-10.26,stop_base,7
4578.T,2020-02-06,2020-02-14,4525.5,4207.7,4260.1,-7.02,stop_base,8
4578.T,2022-10-31,2022-12-21,4464.5,4132.0,4147.9,-7.45,stop_base,51
4578.T,2023-08-08,2023-10-04,5209.7,4863.5,4874.9,-6.65,stop_base,57
4578.T,2023-11-13,2024-02-13,5287.2,5182.7,5287.2,-1.98,stop_breakeven,92
4578.T,2024-02-27,2024-07-02,5874.2,6690.9,5874.2,13.9,time,126
4578.T,2024-07-03,2024-11-06,6729.9,9378.2,6729.9,39.35,time,126
4587.T,2023-05-30,2023-06-27,2128.0,2078.0,2128.0,-2.35,stop_breakeven,28
4587.T,2024-10-15,2025-01-10,2913.0,2347.5,2400.0,-19.41,stop_base,87
4611.T,2023-03-09,2023-07-13,773.2,825.3,773.2,6.74,time,126
4611.T,2023-07-27,2023-10-03,848.5,839.6,848.5,-1.05,stop_breakeven,68
4611.T,2023-12-15,2024-04-19,890.4,1053.9,890.4,18.37,time,126
4611.T,2024-05-02,2024-05-10,1121.9,1020.0,1047.2,-9.08,stop_base,8
4611.T,2024-06-14,2024-08-02,1176.0,1010.8,1020.0,-14.05,stop_base,49
4612.T,2020-08-13,2020-12-17,1543.2,2201.9,1543.2,42.68,time,126
4612.T,2023-01-25,2023-02-27,1145.9,1139.2,1145.9,-0.59,stop_breakeven,33
4612.T,2023-04-10,2023-05-24,1199.6,1101.8,1114.2,-8.16,stop_base,44
4612.T,2023-06-14,2023-09-25,1228.0,1014.3,1027.9,-17.4,stop_base,103
4613.T,2020-11-18,2021-01-15,2621.1,2619.3,2621.1,-0.07,stop_breakeven,58
4613.T,2021-02-09,2021-02-26,2917.3,2474.3,2532.2,-15.18,stop_base,17
4613.T,2023-07-31,2023-08-18,2141.9,2083.0,2141.9,-2.75,stop_breakeven,18
4613.T,2023-11-09,2024-02-09,2158.7,2152.6,2158.7,-0.28,stop_breakeven,92
4617.T,2022-11-01,2023-03-07,891.5,972.5,891.5,9.09,time,126
4617.T,2023-04-04,2023-05-11,993.6,985.7,993.6,-0.8,stop_breakeven,37
4617.T,2023-06-22,2023-07-07,1046.8,1044.2,1046.8,-0.25,stop_breakeven,15
4617.T,2023-08-01,2023-10-03,1205.5,1203.8,1205.5,-0.14,stop_breakeven,63
4617.T,2023-11-01,2024-03-06,1356.3,2017.3,1356.3,48.73,time,126
4617.T,2024-03-19,2024-07-23,2058.1,1973.8,1765.8,-4.1,time,126
4617.T,2024-10-31,2025-01-14,2090.6,2051.8,2090.6,-1.85,stop_breakeven,75
4626.T,2020-01-07,2020-02-28,930.4,886.9,930.4,-4.67,stop_breakeven,52
4626.T,2020-07-06,2020-11-09,1073.0,1232.1,1073.0,14.83,time,126
4626.T,2020-11-24,2020-12-22,1291.6,1266.1,1291.6,-1.97,stop_breakeven,28
4626.T,2021-01-20,2021-02-16,1389.3,1257.6,1266.1,-9.48,stop_base,27
4626.T,2021-04-07,2021-04-30,1352.9,1141.4,1174.7,-15.63,stop_base,23
4626.T,2021-12-28,2022-02-08,1514.0,1335.1,1359.1,-11.82,stop_base,42
4626.T,2024-01-10,2024-04-19,1457.4,1433.3,1457.4,-1.65,stop_breakeven,100
4626.T,2024-06-03,2024-08-05,1520.3,1414.5,1520.3,-6.96,stop_breakeven,63
4626.T,2024-08-27,2025-01-06,1710.6,1897.6,1710.6,10.93,time,132
4631.T,2021-09-01,2021-09-30,2664.1,2651.5,2664.1,-0.47,stop_breakeven,29
4631.T,2021-11-12,2021-11-26,2659.9,2452.1,2513.3,-7.81,stop_base,14
4631.T,2024-05-24,2024-08-05,3014.9,2265.6,2616.5,-24.85,stop_base,73
4631.T,2024-09-26,2024-11-20,2985.4,2980.7,2985.4,-0.16,stop_breakeven,55
4631.T,2024-12-04,2025-01-28,3162.2,3158.4,3162.2,-0.12,stop_breakeven,55
4633.T,2022-10-26,2022-12-22,927.4,916.8,927.4,-1.14,stop_breakeven,57
4633.T,2023-01-31,2023-03-13,975.7,888.9,892.5,-8.89,stop_base,41
4633.T,2023-04-04,2023-08-08,978.4,1203.9,978.4,23.05,time,126
4633.T,2023-08-15,2023-12-19,1224.7,1173.1,1064.5,-4.21,time,126
4633.T,2023-12-28,2024-02-15,1249.8,1202.9,1249.8,-3.75,stop_breakeven,49
4633.T,2024-03-18,2024-07-22,1378.4,1649.3,1378.4,19.65,time,126
4633.T,2024-09-27,2024-10-23,1575.7,1432.2,1435.9,-9.11,stop_base,26
4634.T,2023-05-01,2023-09-04,2009.9,2133.9,2009.9,6.17,time,126
4634.T,2023-09-12,2024-01-16,2157.9,2488.2,2157.9,15.31,time,126
4634.T,2024-01-19,2024-05-24,2564.3,3221.8,2564.3,25.64,time,126
4634.T,2024-06-12,2024-08-05,3245.3,2330.2,2694.8,-28.2,stop_base,54
4634.T,2024-09-26,2024-11-11,3820.0,2913.9,3195.3,-23.72,stop_base,46
4641.T,2020-02-07,2020-02-26,1695.2,1403.9,1419.1,-17.18,stop_base,19
4641.T,2020-08-13,2020-10-30,1566.2,1559.7,1566.2,-0.41,stop_breakeven,78
4641.T,2020-11-27,2020-12-21,1744.5,1734.8,1744.5,-0.56,stop_breakeven,24
4641.T,2021-03-26,2021-05-13,1804.5,1615.7,1632.2,-10.46,stop_base,48
4641.T,2022-11-11,2023-03-17,1861.7,2098.6,1861.7,12.73,time,126
4641.T,2023-03-30,2023-08-03,2261.6,2435.9,2261.6,7.71,time,126
4641.T,2024-01-11,2024-03-11,2551.7,2546.2,2551.7,-0.22,stop_breakeven,60
4658.T,2020-07-20,2020-08-03,590.9,519.0,549.5,-12.17,stop_base,14
4658.T,2024-02-01,2024-06-06,831.7,912.3,831.7,9.69,time,126
4658.T,2024-06-10,2024-07-22,938.1,929.8,938.1,-0.89,stop_breakeven,42
4658.T,2024-09-27,2025-01-31,1019.1,1040.7,882.7,2.12,time,126
4661.T,2020-01-09,2020-01-27,3098.4,2847.9,2892.1,-8.08,stop_base,18
4661.T,2020-11-19,2021-03-25,3459.3,3248.7,2871.6,-6.09,time,126
4661.T,2021-12-16,2022-02-22,4033.3,4032.4,4033.3,-0.02,stop_breakeven,68
4661.T,2023-04-10,2023-08-14,4682.2,5228.8,4682.2,11.67,time,126
4661.T,2024-01-16,2024-03-11,5623.8,4866.9,4935.2,-13.46,stop_base,55
4662.T,2021-03-22,2021-04-28,858.5,757.8,758.8,-11.73,stop_base,37
4662.T,2021-09-01,2021-09-30,862.4,859.1,862.4,-0.39,stop_breakeven,29
4662.T,2021-11-17,2021-12-20,981.2,794.6,815.0,-19.01,stop_base,33
4662.T,2023-02-03,2023-06-09,937.8,953.5,851.4,1.67,time,126
4662.T,2023-06-12,2023-08-14,977.8,858.2,900.5,-12.22,stop_base,63
4662.T,2024-06-24,2024-07-25,1134.9,1128.4,1134.9,-0.57,stop_breakeven,31
4665.T,2020-02-06,2020-02-20,2603.4,2526.8,2531.8,-2.94,stop_base,14
4665.T,2023-03-09,2023-05-24,2979.0,2964.3,2979.0,-0.5,stop_breakeven,76
4665.T,2023-09-07,2024-01-11,3110.9,3163.3,2891.0,1.68,time,126
4665.T,2024-07-18,2024-08-07,3643.2,3267.3,3456.2,-10.32,stop_base,20
4665.T,2024-10-01,2024-11-06,3768.4,3606.7,3768.4,-4.29,stop_breakeven,36
4666.T,2021-05-10,2021-06-15,2187.0,2139.0,2187.0,-2.2,stop_breakeven,36
4666.T,2022-09-15,2022-09-30,2134.1,1833.0,1837.9,-14.11,stop_base,15
4666.T,2022-12-16,2023-03-14,2196.9,1845.8,1877.1,-15.98,stop_base,88
4668.T,2023-10-17,2024-02-08,638.7,636.9,638.7,-0.28,stop_breakeven,114
4668.T,2024-06-25,2024-08-01,706.4,657.0,661.7,-6.98,stop_base,37
4674.T,2020-01-08,2020-02-28,795.0,670.1,702.5,-15.71,stop_base,51
4674.T,2021-06-25,2021-08-11,797.5,786.7,797.5,-1.35,stop_breakeven,47
4674.T,2021-09-06,2021-10-04,869.4,847.8,869.4,-2.49,stop_breakeven,28
4674.T,2021-11-04,2021-12-02,998.4,815.6,819.1,-18.31,stop_base,28
4674.T,2022-01-04,2022-01-13,929.2,809.1,815.6,-12.93,stop_base,9
4674.T,2024-06-24,2024-08-02,1190.4,1094.9,1190.4,-8.03,stop_breakeven,39
4674.T,2024-09-26,2025-01-08,1302.8,1094.8,1103.2,-15.97,stop_base,104
4676.T,2023-05-08,2023-09-11,1193.6,1447.0,1193.6,21.22,time,126
4676.T,2023-09-14,2023-10-04,1474.1,1348.3,1365.1,-8.53,stop_base,20
4676.T,2023-12-01,2023-12-28,1485.0,1471.0,1485.0,-0.94,stop_breakeven,27
4676.T,2024-01-22,2024-03-06,1648.8,1640.9,1648.8,-0.48,stop_breakeven,44
4676.T,2024-03-29,2024-05-22,1855.0,1628.1,1640.9,-12.23,stop_base,54
4676.T,2024-06-24,2024-08-05,1743.5,1355.3,1556.3,-22.26,stop_base,42
4680.T,2024-03-06,2024-04-08,701.7,697.1,701.7,-0.66,stop_breakeven,33
4680.T,2024-06-04,2024-08-05,741.7,645.0,741.7,-13.04,stop_breakeven,62
4680.T,2024-12-03,2025-03-07,1079.6,1067.2,1079.6,-1.15,stop_breakeven,94
4681.T,2021-06-02,2021-06-18,811.1,808.0,811.1,-0.39,stop_breakeven,16
4681.T,2021-09-08,2021-10-25,910.3,906.5,910.3,-0.41,stop_breakeven,47
4681.T,2021-11-15,2021-11-26,1014.1,884.5,906.5,-12.78,stop_base,11
4681.T,2022-09-12,2022-10-26,1049.8,1034.4,1049.8,-1.47,stop_breakeven,44
4681.T,2022-11-29,2023-01-17,1126.5,1033.9,1034.4,-8.22,stop_base,49
4681.T,2024-09-26,2025-01-30,1419.0,1585.5,1419.0,11.73,time,126
4684.T,2020-01-07,2020-02-25,2841.8,2632.3,2652.5,-7.37,stop_base,49
4684.T,2020-06-26,2020-10-30,3599.0,3445.2,3182.9,-4.27,time,126
4684.T,2020-11-05,2021-01-28,3757.2,3666.2,3757.2,-2.42,stop_breakeven,84
4684.T,2023-05-12,2023-09-15,4258.8,4665.2,4258.8,9.54,time,126
4686.T,2020-01-14,2020-02-14,6136.9,5185.3,5331.0,-15.51,stop_base,31
4686.T,2020-06-26,2020-08-07,7591.3,7066.4,7591.3,-6.91,stop_breakeven,42
4686.T,2020-11-09,2021-02-24,7450.5,6370.9,6565.4,-14.49,stop_base,107
4687.T,2020-06-29,2020-10-26,436.9,433.9,436.9,-0.68,stop_breakeven,119
4687.T,2022-11-21,2023-02-27,677.9,675.2,677.9,-0.4,stop_breakeven,98
4687.T,2023-05-01,2023-09-04,697.7,807.0,697.7,15.67,time,126
4687.T,2023-11-08,2024-03-13,831.6,1076.2,831.6,29.42,time,126
4687.T,2024-04-01,2024-06-13,1138.2,951.8,959.5,-16.38,stop_base,73
4687.T,2024-06-24,2024-08-02,1090.9,1082.3,1090.9,-0.78,stop_breakeven,39
4687.T,2024-09-26,2025-01-30,1214.8,1347.2,1214.8,10.9,time,126
4689.T,2020-06-17,2020-10-21,450.4,696.3,450.4,54.6,time,126
4689.T,2021-01-05,2021-01-29,607.1,599.1,607.1,-1.32,stop_breakeven,24
4689.T,2023-12-08,2024-02-07,432.4,413.6,432.4,-4.35,stop_breakeven,61
4694.T,2021-01-22,2021-04-08,3138.8,3073.9,3138.8,-2.07,stop_breakeven,76
4694.T,2021-07-01,2021-11-04,3217.9,3457.8,3217.9,7.46,time,126
4704.T,2020-07-13,2020-09-15,5029.9,4982.0,5029.9,-0.95,stop_breakeven,64
4704.T,2022-07-20,2022-11-02,6246.7,6179.2,6246.7,-1.08,stop_breakeven,105
4704.T,2024-01-09,2024-02-16,7317.1,6872.6,7317.1,-6.07,stop_breakeven,38
4709.T,2020-01-09,2020-03-09,434.0,344.3,365.7,-20.65,stop_base,60
4709.T,2020-07-22,2020-11-12,395.0,345.5,347.5,-12.53,stop_base,113
4709.T,2023-01-31,2023-03-13,426.3,421.0,426.3,-1.23,stop_breakeven,41
4709.T,2023-03-30,2023-08-03,447.7,591.5,447.7,32.14,time,126
4709.T,2023-08-04,2023-12-08,605.4,722.5,605.4,19.35,time,126
4709.T,2023-12-11,2024-03-04,732.5,731.6,732.5,-0.12,stop_breakeven,84
4714.T,2021-07-27,2021-11-30,292.3,324.4,292.3,10.96,time,126
4714.T,2024-11-25,2025-02-21,268.6,245.6,248.4,-8.53,stop_base,88
4718.T,2020-01-07,2020-02-03,920.5,917.1,920.5,-0.37,stop_breakeven,27
4718.T,2022-07-28,2022-08-09,1082.1,967.9,987.8,-10.55,stop_base,12
4718.T,2023-02-07,2023-06-13,1111.6,1281.6,1111.6,15.3,time,126
4718.T,2023-07-28,2023-10-04,1298.3,1265.4,1298.3,-2.53,stop_breakeven,68
4718.T,2023-11-06,2024-03-11,1404.3,1469.5,1404.3,4.64,time,126
4719.T,2020-07-21,2020-10-02,3725.3,3075.4,3115.9,-17.45,stop_base,73
4719.T,2021-11-11,2021-11-25,3935.5,3393.3,3493.9,-13.78,stop_base,14
4722.T,2023-04-13,2023-05-01,1709.2,1551.6,1560.9,-9.22,stop_base,18
4725.T,2021-07-13,2021-11-16,1210.4,1330.7,1210.4,9.94,time,126
4725.T,2023-02-15,2023-06-21,1406.0,1518.4,1406.0,8.0,time,126
4725.T,2023-09-04,2024-01-09,1531.3,1589.0,1434.9,3.77,time,127
4732.T,2020-11-24,2021-03-30,965.4,937.2,808.8,-2.92,time,126
4732.T,2022-07-20,2022-08-05,1145.6,1020.3,1022.0,-10.94,stop_base,16
4732.T,2023-10-19,2024-02-20,1207.3,1206.4,1207.3,-0.08,stop_breakeven,124
4733.T,2020-01-07,2020-01-29,4795.8,3999.6,4294.1,-16.6,stop_base,22
4733.T,2020-07-22,2020-09-09,5626.6,5497.0,5626.6,-2.3,stop_breakeven,49
4733.T,2023-03-31,2023-08-04,4791.8,5598.4,4791.8,16.83,time,126
4733.T,2023-08-22,2023-09-19,5790.5,5732.8,5790.5,-1.0,stop_breakeven,28
4733.T,2023-10-27,2023-12-21,6191.2,6108.1,6191.2,-1.34,stop_breakeven,55
4733.T,2024-01-15,2024-04-16,6788.1,6577.3,6788.1,-3.11,stop_breakeven,92
4743.T,2023-05-09,2023-09-12,804.2,958.7,804.2,19.22,time,126
4743.T,2023-09-19,2023-10-26,990.9,929.2,931.9,-6.22,stop_base,37
4743.T,2023-11-22,2024-03-27,995.4,1236.6,995.4,24.24,time,126
4743.T,2024-04-02,2024-05-10,1288.1,1167.6,1185.7,-9.36,stop_base,38
4743.T,2024-06-04,2024-08-02,1287.2,1285.4,1287.2,-0.14,stop_breakeven,59
4743.T,2024-09-24,2025-01-28,1283.5,1365.8,1283.5,6.41,time,126
4751.T,2020-07-03,2020-08-12,1311.1,1301.8,1311.1,-0.71,stop_breakeven,40
4751.T,2020-09-23,2020-11-10,1456.3,1422.0,1456.3,-2.36,stop_breakeven,48
4751.T,2020-11-27,2021-01-28,1631.5,1605.6,1631.5,-1.59,stop_breakeven,62
4751.T,2021-03-18,2021-07-26,1786.9,2098.1,1786.9,17.42,time,130
4751.T,2021-09-13,2021-10-29,2101.0,1797.4,1798.7,-14.45,stop_base,46
4755.T,2021-07-12,2021-07-27,1312.6,1202.8,1223.6,-8.36,stop_base,15
4755.T,2024-04-08,2024-04-19,886.3,743.9,763.2,-16.07,stop_base,11
4755.T,2024-06-03,2024-08-02,840.0,789.1,840.0,-6.06,stop_breakeven,60
4755.T,2024-11-13,2024-11-18,964.9,881.1,885.7,-8.68,stop_base,5
4755.T,2024-12-12,2025-02-18,970.0,943.7,970.0,-2.71,stop_breakeven,68
4763.T,2021-03-08,2021-07-12,1176.5,1543.2,1176.5,31.16,time,126
4763.T,2021-09-07,2021-10-08,1648.6,1625.2,1648.6,-1.42,stop_breakeven,31
4763.T,2021-10-18,2021-11-29,1832.4,1811.7,1832.4,-1.13,stop_breakeven,42
4763.T,2022-08-26,2022-09-26,2214.9,2200.3,2214.9,-0.66,stop_breakeven,31
4765.T,2020-01-14,2020-02-27,330.4,302.7,303.5,-8.39,stop_base,44
4765.T,2020-07-14,2020-07-31,330.9,324.4,330.9,-1.96,stop_breakeven,17
4765.T,2021-01-25,2021-03-24,403.0,398.9,403.0,-1.02,stop_breakeven,58
4765.T,2021-09-15,2022-01-19,445.5,513.6,445.5,15.27,time,126
4765.T,2023-08-16,2023-12-20,503.5,535.8,503.5,6.42,time,126
4765.T,2023-12-28,2024-05-02,561.4,606.7,561.4,8.07,time,126
4768.T,2020-05-28,2020-09-07,2200.2,2178.6,2200.2,-0.98,stop_breakeven,102
4768.T,2020-09-25,2020-10-20,2407.3,2174.3,2178.6,-9.68,stop_base,25
4768.T,2023-04-03,2023-04-05,2190.5,2079.1,2083.7,-5.08,stop_base,2
4768.T,2023-04-13,2023-08-17,2225.3,2842.1,2225.3,27.72,time,126
4768.T,2023-08-22,2023-09-13,2888.5,2833.2,2888.5,-1.91,stop_breakeven,22
4768.T,2023-12-04,2024-01-05,2818.4,2695.8,2699.1,-4.35,stop_base,32
4768.T,2024-01-11,2024-05-01,2919.5,2776.5,2919.5,-4.9,stop_breakeven,111
4768.T,2024-09-26,2025-01-30,3411.4,3402.7,3167.3,-0.26,time,126
4776.T,2020-07-13,2020-11-16,3396.9,2746.1,2779.5,-19.16,stop_base,126
4776.T,2023-03-03,2023-03-14,2943.5,2929.0,2943.5,-0.49,stop_breakeven,11
4776.T,2024-12-20,2025-01-14,2580.9,2570.2,2580.9,-0.42,stop_breakeven,25
4784.T,2020-10-08,2021-02-12,497.5,539.8,497.5,8.51,time,127
4792.T,2022-08-08,2022-09-01,1047.9,1035.2,1047.9,-1.21,stop_breakeven,24
4792.T,2023-04-03,2023-04-07,1374.5,1146.9,1195.4,-16.56,stop_base,4
4792.T,2023-05-01,2023-07-10,1390.4,1386.9,1390.4,-0.25,stop_breakeven,70
4792.T,2023-09-01,2024-01-05,1489.2,1580.6,1489.2,6.14,time,126
4792.T,2024-01-31,2024-02-09,1650.8,1516.7,1520.3,-8.12,stop_base,9
4792.T,2024-05-10,2024-08-02,1786.7,1761.8,1786.7,-1.39,stop_breakeven,84
4809.T,2022-07-21,2022-09-26,1625.9,1618.9,1625.9,-0.43,stop_breakeven,67
4809.T,2022-11-29,2023-04-04,1764.1,1806.6,1764.1,2.41,time,126
4812.T,2020-01-07,2020-03-09,654.9,637.6,654.9,-2.64,stop_breakeven,62
4812.T,2020-07-17,2020-11-20,828.7,974.2,828.7,17.55,time,126
4812.T,2021-01-21,2021-02-16,1116.2,1082.6,1116.2,-3.01,stop_breakeven,26
4812.T,2021-03-17,2021-07-21,1267.3,1415.3,1267.3,11.68,time,126
4812.T,2021-09-10,2021-10-05,1423.0,1181.7,1218.6,-16.95,stop_base,25
4812.T,2022-08-08,2022-12-12,1456.7,1333.4,1215.6,-8.47,time,126
4812.T,2023-03-24,2023-06-26,1607.7,1595.1,1607.7,-0.79,stop_breakeven,94
4812.T,2023-07-18,2023-10-11,1714.1,1704.5,1714.1,-0.56,stop_breakeven,85
4813.T,2022-12-01,2022-12-19,854.0,852.0,854.0,-0.23,stop_breakeven,18
4813.T,2023-01-24,2023-05-30,987.0,1022.0,805.0,3.55,time,126
4813.T,2023-08-23,2023-09-06,963.0,862.0,865.0,-10.49,stop_base,14
4813.T,2024-05-17,2024-06-12,1666.0,1346.0,1374.0,-19.21,stop_base,26
4813.T,2024-07-30,2024-08-02,1403.0,1203.0,1226.0,-14.26,stop_base,3
4813.T,2024-11-25,2024-12-02,1371.0,947.0,1217.0,-30.93,stop_base,7
4819.T,2021-06-25,2021-10-05,4557.0,4500.7,4557.0,-1.24,stop_breakeven,102
4819.T,2021-10-29,2021-11-17,4974.7,4946.5,4974.7,-0.57,stop_breakeven,19
4819.T,2023-04-04,2023-05-19,4385.3,4285.1,4385.3,-2.29,stop_breakeven,45
4820.T,2022-07-27,2022-09-02,949.9,818.0,837.4,-13.89,stop_base,37
4825.T,2020-01-06,2020-02-28,791.3,761.3,791.3,-3.8,stop_breakeven,53
4825.T,2020-07-14,2020-11-17,885.4,1308.3,885.4,47.77,time,126
4825.T,2020-12-03,2020-12-28,1341.0,1213.5,1215.8,-9.51,stop_base,25
4825.T,2021-02-22,2021-03-31,1206.7,1199.8,1206.7,-0.57,stop_breakeven,37
4825.T,2021-06-01,2021-10-05,1303.2,1450.3,1303.2,11.29,time,126
4825.T,2024-12-16,2025-04-01,1599.9,1595.0,1599.9,-0.31,stop_breakeven,106
4826.T,2020-11-11,2021-01-19,243.5,207.4,207.9,-14.81,stop_base,69
4826.T,2022-08-16,2022-12-20,241.9,273.4,241.9,13.0,time,126
4826.T,2023-01-25,2023-05-31,287.0,307.3,287.0,7.06,time,126
4826.T,2023-06-07,2023-06-09,389.5,383.5,389.5,-1.55,stop_breakeven,2
4826.T,2023-09-01,2023-10-26,355.0,319.7,320.4,-9.93,stop_base,55
4826.T,2023-12-06,2024-04-10,385.3,474.0,385.3,23.03,time,126
4828.T,2020-01-15,2020-01-30,278.5,270.3,278.5,-2.94,stop_breakeven,15
4828.T,2020-02-06,2020-02-25,305.6,259.5,263.0,-15.07,stop_base,19
4828.T,2023-01-30,2023-06-05,451.2,601.7,451.2,33.35,time,126
4828.T,2023-08-21,2023-10-03,599.9,589.9,599.9,-1.66,stop_breakeven,43
4828.T,2023-11-02,2024-03-07,643.0,735.3,643.0,14.35,time,126
4845.T,2022-07-28,2022-09-07,644.5,595.3,596.1,-7.63,stop_base,41
4847.T,2022-08-04,2022-09-02,776.7,764.2,776.7,-1.61,stop_breakeven,29
4847.T,2022-10-31,2022-12-20,743.6,614.0,625.6,-17.43,stop_base,50
4847.T,2023-09-27,2023-10-16,868.4,779.4,789.5,-10.24,stop_base,19
4847.T,2023-11-09,2024-03-14,884.9,1085.8,884.9,22.71,time,126
4848.T,2020-02-10,2020-02-21,2187.0,1923.5,1961.2,-12.05,stop_base,11
4848.T,2021-05-26,2021-09-29,1742.3,1905.2,1742.3,9.35,time,126
4848.T,2021-10-26,2021-12-01,2287.4,2222.4,2287.4,-2.84,stop_breakeven,36
4848.T,2022-10-19,2022-12-07,2561.6,2552.7,2561.6,-0.35,stop_breakeven,49
4849.T,2021-04-01,2021-08-05,2983.1,3199.9,2983.1,7.27,time,126
4849.T,2021-09-03,2021-11-22,3369.0,3360.3,3369.0,-0.26,stop_breakeven,80
4849.T,2023-06-15,2023-08-10,2384.3,2347.7,2384.3,-1.54,stop_breakeven,56
4886.T,2022-11-08,2023-02-08,1098.0,1098.0,1098.0,-0.0,stop_breakeven,92
4886.T,2023-03-29,2023-08-02,1116.6,1486.6,1116.6,33.14,time,126
4886.T,2023-08-08,2023-10-02,1532.4,1527.3,1532.4,-0.33,stop_breakeven,55
4886.T,2023-11-07,2024-03-12,1830.7,2021.6,1830.7,10.43,time,126
4886.T,2024-03-21,2024-05-08,2026.3,2018.8,2026.3,-0.37,stop_breakeven,48
4886.T,2024-05-13,2024-07-02,2361.1,2360.2,2361.1,-0.04,stop_breakeven,50
4887.T,2023-10-31,2024-03-05,1506.9,1962.4,1506.9,30.23,time,126
4887.T,2024-03-14,2024-07-18,2004.8,2113.3,2004.8,5.41,time,126
4887.T,2024-10-04,2024-11-12,2052.9,1821.0,1885.7,-11.3,stop_base,39
4901.T,2021-05-24,2021-09-27,2242.4,3003.7,2242.4,33.95,time,126
4901.T,2023-08-24,2023-10-04,2674.6,2647.2,2674.6,-1.03,stop_breakeven,41
4901.T,2024-01-10,2024-05-15,2801.1,3294.0,2801.1,17.59,time,126
4901.T,2024-05-27,2024-07-25,3407.3,3348.7,3407.3,-1.72,stop_breakeven,59
4902.T,2021-05-10,2021-05-17,574.9,503.7,513.1,-12.38,stop_base,7
4902.T,2021-06-09,2021-08-05,592.9,497.4,503.7,-16.11,stop_base,57
4902.T,2023-02-09,2023-03-13,555.7,548.9,555.7,-1.22,stop_breakeven,32
4911.T,2023-01-30,2023-03-14,6556.1,5678.1,5753.9,-13.39,stop_base,43
4911.T,2023-04-04,2023-05-25,6249.0,6203.7,6249.0,-0.72,stop_breakeven,51
4911.T,2023-06-16,2023-07-25,6846.8,5969.1,6017.9,-12.82,stop_base,39
4912.T,2020-06-11,2020-08-06,2258.1,2161.0,2258.1,-4.3,stop_breakeven,56
4912.T,2024-11-25,2025-02-04,1789.2,1580.2,1592.5,-11.68,stop_base,71
4914.T,2021-03-26,2021-07-30,462.1,468.3,434.9,1.34,time,126
4914.T,2021-08-11,2021-10-01,503.5,500.3,503.5,-0.62,stop_breakeven,51
4914.T,2021-12-29,2022-02-22,501.5,461.2,461.4,-8.04,stop_base,55
4914.T,2023-10-11,2024-02-14,569.9,626.8,569.9,9.98,time,126
4914.T,2024-05-10,2024-07-23,689.4,688.5,689.4,-0.13,stop_breakeven,74
4914.T,2024-11-11,2025-03-17,1142.8,1308.2,1142.8,14.47,time,126
4917.T,2022-11-02,2022-11-04,1433.4,1305.0,1331.0,-8.96,stop_base,2
4919.T,2020-01-22,2020-02-03,5669.9,5190.8,5361.3,-8.45,stop_base,12
4922.T,2023-02-09,2023-05-11,14493.2,14341.6,14493.2,-1.05,stop_breakeven,91
4923.T,2020-01-07,2020-02-27,846.7,749.1,750.2,-11.53,stop_base,51
4923.T,2021-02-19,2021-03-31,1062.5,1056.5,1062.5,-0.56,stop_breakeven,40
4923.T,2021-07-14,2021-07-19,996.1,941.8,945.1,-5.45,stop_base,5
4923.T,2021-09-08,2022-01-12,1116.9,1087.4,972.6,-2.64,time,126
4923.T,2022-07-22,2022-11-25,1217.4,1263.0,1217.4,3.74,time,126
4923.T,2022-12-13,2023-04-18,1280.1,1345.8,1280.1,5.13,time,126
4923.T,2023-04-19,2023-08-23,1370.7,1331.7,1227.1,-2.85,time,126
4923.T,2024-09-26,2024-11-13,1591.7,1457.6,1479.8,-8.43,stop_base,48
4927.T,2021-05-19,2021-07-06,2458.0,2438.6,2458.0,-0.79,stop_breakeven,48
4927.T,2023-04-04,2023-08-08,1591.1,1728.1,1591.1,8.61,time,126
4928.T,2021-06-29,2021-09-29,4626.6,4492.9,4626.6,-2.89,stop_breakeven,92
4928.T,2021-11-05,2021-11-30,4855.4,4425.5,4433.9,-8.85,stop_base,25
4931.T,2020-10-15,2020-11-10,2553.9,2473.0,2553.9,-3.17,stop_breakeven,26
4931.T,2020-11-13,2020-12-02,2725.7,2707.7,2725.7,-0.66,stop_breakeven,19
4931.T,2023-12-07,2024-04-11,1544.1,1635.8,1544.1,5.94,time,126
4931.T,2024-06-20,2024-08-05,1652.1,1486.9,1562.3,-10.0,stop_base,46
4931.T,2024-09-26,2025-01-30,1819.2,1939.5,1819.2,6.61,time,126
4933.T,2022-11-11,2023-03-17,2569.9,3503.1,2569.9,36.31,time,126
4951.T,2020-09-18,2020-10-13,1871.2,1860.5,1871.2,-0.57,stop_breakeven,25
4956.T,2020-11-11,2021-01-04,702.0,695.5,702.0,-0.92,stop_breakeven,54
4956.T,2021-03-25,2021-05-11,807.1,680.0,699.9,-15.75,stop_base,47
4956.T,2021-09-14,2021-11-30,825.3,705.9,707.0,-14.47,stop_base,77
4956.T,2022-11-08,2023-03-14,822.5,826.6,822.5,0.5,time,126
4956.T,2023-04-24,2023-08-28,907.2,1128.8,907.2,24.43,time,126
4956.T,2023-08-31,2023-09-20,1148.2,1145.8,1148.2,-0.2,stop_breakeven,20
4956.T,2023-11-06,2024-03-11,1175.6,1437.9,1175.6,22.31,time,126
4956.T,2024-03-12,2024-05-15,1473.3,1202.9,1221.7,-18.35,stop_base,64
4958.T,2020-01-07,2020-02-18,1925.2,1881.9,1925.2,-2.25,stop_breakeven,42
4958.T,2020-05-28,2020-07-01,2055.2,2044.7,2055.2,-0.51,stop_breakeven,34
4958.T,2021-09-02,2021-09-22,2543.6,2506.1,2543.6,-1.47,stop_breakeven,20
4958.T,2021-11-15,2022-01-14,2810.2,2303.9,2317.4,-18.02,stop_base,60
4958.T,2023-09-01,2023-09-29,3277.3,2858.7,2882.7,-12.77,stop_base,28
4967.T,2020-06-19,2020-07-01,9347.7,8674.0,8764.0,-7.21,stop_base,12
4967.T,2020-10-06,2021-02-09,9659.5,10250.2,9659.5,6.12,time,126
4968.T,2024-06-24,2024-07-22,1094.4,1069.5,1094.4,-2.27,stop_breakeven,28
4968.T,2024-10-11,2024-10-25,1212.0,1194.2,1212.0,-1.47,stop_breakeven,14
4971.T,2020-01-29,2020-02-25,1523.3,1324.7,1332.0,-13.04,stop_base,27
4971.T,2020-06-25,2020-08-17,1942.6,1684.8,1705.5,-13.27,stop_base,53
4971.T,2020-09-29,2020-11-18,1831.1,1819.2,1831.1,-0.65,stop_breakeven,50
4971.T,2020-12-01,2021-01-22,2188.4,2159.3,2188.4,-1.33,stop_breakeven,52
4971.T,2021-03-23,2021-07-27,2055.5,3154.1,2055.5,53.45,time,126
4971.T,2021-09-06,2021-09-27,3284.4,3275.1,3284.4,-0.28,stop_breakeven,21
4971.T,2023-06-29,2023-10-23,3375.2,3331.9,3375.2,-1.28,stop_breakeven,116
4971.T,2023-12-19,2024-02-19,4124.1,4038.0,4124.1,-2.09,stop_breakeven,62
4971.T,2024-02-27,2024-03-11,4405.1,3907.6,3980.1,-11.29,stop_base,13
4971.T,2024-06-27,2024-07-22,4516.5,3968.3,3994.5,-12.14,stop_base,25
4973.T,2020-02-07,2020-02-28,2138.1,2028.8,2044.6,-5.11,stop_base,21
4973.T,2024-05-07,2024-07-25,3053.7,3026.2,3053.7,-0.9,stop_breakeven,79
4973.T,2024-07-29,2024-08-05,3411.4,2579.6,2893.2,-24.38,stop_base,7
4973.T,2024-10-04,2024-10-24,3071.2,2987.0,3071.2,-2.74,stop_breakeven,20
4974.T,2020-08-14,2020-09-07,2855.3,2583.6,2594.7,-9.51,stop_base,24
4974.T,2020-10-12,2020-10-20,2724.1,2555.0,2562.4,-6.21,stop_base,8
4974.T,2020-11-16,2020-12-22,2769.3,2543.0,2555.0,-8.17,stop_base,36
4975.T,2020-01-20,2020-02-18,2944.2,2567.6,2621.8,-12.79,stop_base,29
4975.T,2020-06-19,2020-10-16,2939.2,2932.9,2939.2,-0.21,stop_breakeven,119
4975.T,2020-11-24,2021-02-10,3271.8,3186.0,3271.8,-2.62,stop_breakeven,78
4975.T,2021-09-13,2021-09-28,4224.1,4142.2,4224.1,-1.94,stop_breakeven,15
4975.T,2021-11-09,2022-01-27,4276.7,4253.9,4276.7,-0.53,stop_breakeven,79
4975.T,2023-12-28,2024-03-11,3779.0,3721.9,3779.0,-1.51,stop_breakeven,74
4980.T,2020-10-28,2021-03-03,344.4,486.3,344.4,41.22,time,126
4980.T,2021-04-27,2021-08-20,604.3,603.1,604.3,-0.2,stop_breakeven,115
4980.T,2021-09-14,2021-10-05,728.2,598.1,598.4,-17.87,stop_base,21
4980.T,2021-11-01,2022-03-07,703.0,834.2,703.0,18.68,time,126
4980.T,2022-08-15,2022-09-30,1254.9,993.7,1030.6,-20.81,stop_base,46
4980.T,2023-10-18,2023-10-26,1228.6,1084.7,1099.4,-11.71,stop_base,8
4980.T,2023-11-02,2023-12-08,1303.0,1284.9,1303.0,-1.39,stop_breakeven,36
4980.T,2024-02-05,2024-06-10,1390.2,2176.5,1390.2,56.56,time,126
4980.T,2024-07-09,2024-08-02,2559.3,1976.9,2061.3,-22.75,stop_base,24
4980.T,2024-11-25,2025-01-15,2435.3,2116.3,2169.1,-13.1,stop_base,51
4985.T,2020-01-10,2020-02-28,5026.6,4921.3,5026.6,-2.09,stop_breakeven,49
4985.T,2020-06-26,2020-07-08,6719.6,6684.6,6719.6,-0.52,stop_breakeven,12
4985.T,2020-08-26,2020-10-16,6868.8,6044.2,6061.7,-12.01,stop_base,51
4985.T,2024-12-27,2025-01-08,5473.6,5122.3,5145.6,-6.42,stop_base,12
4996.T,2020-10-12,2020-12-16,924.0,795.8,803.7,-13.87,stop_base,65
4996.T,2022-08-26,2022-10-12,942.7,833.2,834.9,-11.61,stop_base,47
4996.T,2023-08-28,2023-09-11,984.3,935.2,984.3,-4.99,stop_breakeven,14
4997.T,2022-08-03,2022-11-14,645.0,639.5,645.0,-0.85,stop_breakeven,103
4997.T,2024-06-19,2024-07-23,749.8,677.2,681.0,-9.69,stop_base,34
5011.T,2020-02-07,2020-02-26,1131.8,1070.0,1079.8,-5.46,stop_base,19
5011.T,2020-07-28,2020-11-13,1478.0,1457.2,1478.0,-1.41,stop_breakeven,108
5011.T,2023-03-03,2023-07-07,1348.8,1705.6,1348.8,26.45,time,126
5011.T,2023-07-10,2023-11-13,1729.2,2230.8,1729.2,29.01,time,126
5011.T,2023-12-19,2024-02-09,2237.3,2219.7,2237.3,-0.79,stop_breakeven,52
5011.T,2024-03-15,2024-04-17,2331.7,2203.2,2214.2,-5.51,stop_base,33
5011.T,2024-06-18,2024-08-02,2326.1,2117.9,2144.1,-8.95,stop_base,45
5011.T,2024-09-26,2025-01-30,2453.7,2321.5,2169.5,-5.39,time,126
5019.T,2022-01-05,2022-01-26,520.2,496.0,520.2,-4.66,stop_breakeven,21
5019.T,2022-06-07,2022-06-20,671.7,561.4,579.6,-16.43,stop_base,13
5019.T,2022-08-10,2022-09-01,614.4,611.8,614.4,-0.42,stop_breakeven,22
5019.T,2023-11-15,2024-03-21,758.6,976.7,758.6,28.75,time,127
5019.T,2024-04-08,2024-08-05,996.7,801.6,862.7,-19.58,stop_base,119
5020.T,2021-07-06,2021-08-16,395.5,368.7,370.9,-6.77,stop_base,41
5020.T,2022-08-22,2022-09-26,455.7,414.9,423.8,-8.95,stop_base,35
5020.T,2022-11-08,2022-12-02,452.0,406.5,409.9,-10.07,stop_base,24
5020.T,2023-09-12,2023-10-03,531.9,501.8,531.9,-5.66,stop_breakeven,21
5020.T,2023-11-16,2024-03-21,555.8,677.3,555.8,21.87,time,126
5020.T,2024-03-28,2024-04-17,683.6,676.8,683.6,-0.99,stop_breakeven,20
5020.T,2024-05-14,2024-07-24,743.9,739.7,743.9,-0.57,stop_breakeven,71
5020.T,2024-09-26,2024-10-16,758.8,757.8,758.8,-0.13,stop_breakeven,20
5020.T,2024-12-03,2025-04-03,786.7,719.0,724.1,-8.6,stop_base,121
5021.T,2021-03-05,2021-04-06,1040.2,1028.7,1040.2,-1.1,stop_breakeven,32
5021.T,2021-06-25,2021-08-13,1024.7,1006.0,1024.7,-1.82,stop_breakeven,49
5021.T,2022-07-28,2022-09-08,1655.6,1651.4,1655.6,-0.25,stop_breakeven,42
5021.T,2022-11-11,2022-12-19,1719.3,1560.3,1583.9,-9.25,stop_base,38
5021.T,2023-03-31,2023-04-06,1874.5,1850.4,1874.5,-1.28,stop_breakeven,6
5021.T,2023-07-25,2023-11-28,1887.2,2621.8,1887.2,38.92,time,126
5021.T,2024-01-04,2024-05-09,2635.7,3469.8,2635.7,31.64,time,126
5021.T,2024-05-10,2024-05-16,3742.2,3341.8,3366.2,-10.7,stop_base,6
5021.T,2024-06-25,2024-08-02,3723.0,3286.3,3341.8,-11.73,stop_base,38
5021.T,2024-10-02,2024-11-13,3850.1,3253.0,3279.8,-15.51,stop_base,42
5076.T,2023-04-28,2023-09-01,934.8,1345.5,934.8,43.93,time,126
5076.T,2023-09-04,2023-10-04,1346.8,1302.7,1346.8,-3.28,stop_breakeven,30
5076.T,2023-11-01,2023-12-13,1444.1,1167.9,1302.7,-19.13,stop_base,42
5076.T,2024-03-15,2024-04-03,1426.8,1288.6,1294.7,-9.69,stop_base,19
5101.T,2021-04-13,2021-08-16,1794.7,1765.8,1794.7,-1.61,stop_breakeven,125
5101.T,2022-09-08,2023-01-12,2148.8,1859.3,1756.9,-13.47,time,126
5101.T,2023-04-17,2023-08-21,2657.2,2645.9,2657.2,-0.43,stop_breakeven,126
5101.T,2023-09-15,2023-09-26,2926.6,2912.7,2926.6,-0.48,stop_breakeven,11
5101.T,2024-01-11,2024-05-16,3217.7,3911.0,3217.7,21.55,time,126
5101.T,2024-05-20,2024-06-05,3950.7,3539.3,3625.4,-10.41,stop_base,16
5105.T,2020-11-18,2020-12-23,1421.6,1209.5,1220.6,-14.92,stop_base,35
5105.T,2021-02-03,2021-06-09,1383.3,1855.4,1383.3,34.13,time,126
5105.T,2021-06-14,2021-08-06,1879.6,1591.4,1610.1,-15.33,stop_base,53
5105.T,2023-08-14,2023-12-18,1836.0,2080.0,1836.0,13.29,time,126
5105.T,2024-01-11,2024-01-19,2273.1,2041.4,2080.0,-10.19,stop_base,8
5105.T,2024-02-08,2024-03-13,2355.0,2353.1,2355.0,-0.08,stop_breakeven,34
5105.T,2024-04-10,2024-07-09,2650.1,2348.9,2353.1,-11.37,stop_base,90
5108.T,2021-05-14,2021-09-17,1945.0,2272.4,1945.0,16.83,time,126
5108.T,2021-09-24,2021-11-18,2284.3,2087.9,2088.4,-8.6,stop_base,55
5108.T,2022-08-08,2022-09-30,2375.2,2061.3,2094.9,-13.22,stop_base,53
5108.T,2022-10-25,2023-02-28,2333.7,2350.5,2061.3,0.72,time,126
5108.T,2023-05-29,2023-08-09,2592.5,2558.8,2592.5,-1.3,stop_breakeven,72
5108.T,2023-09-19,2024-01-23,2795.3,2950.7,2795.3,5.56,time,126
5108.T,2024-01-29,2024-06-03,2985.6,3200.1,2985.6,7.18,time,126
5110.T,2021-05-13,2021-08-06,1191.1,1149.0,1191.1,-3.53,stop_breakeven,85
5110.T,2021-09-28,2021-11-10,1237.1,1058.4,1093.9,-14.45,stop_base,43
5110.T,2023-08-28,2024-01-04,1334.9,1460.1,1334.9,9.38,time,129
5110.T,2024-01-22,2024-02-14,1549.3,1548.4,1549.3,-0.06,stop_breakeven,23
5110.T,2024-02-21,2024-05-22,1680.8,1652.0,1680.8,-1.71,stop_breakeven,91
5121.T,2021-03-26,2021-04-16,410.6,407.0,410.6,-0.88,stop_breakeven,21
5121.T,2021-07-27,2021-11-30,413.4,644.1,413.4,55.79,time,126
5121.T,2021-12-28,2022-01-20,726.6,705.4,726.6,-2.92,stop_breakeven,23
5121.T,2023-03-30,2023-05-11,923.3,776.7,794.4,-15.88,stop_base,42
5121.T,2023-08-21,2023-12-25,943.4,1202.4,943.4,27.45,time,126
5121.T,2024-01-10,2024-02-02,1286.8,1277.8,1286.8,-0.7,stop_breakeven,23
5121.T,2024-03-27,2024-05-22,1313.8,1224.5,1230.2,-6.8,stop_base,56
5122.T,2023-08-14,2023-12-18,4112.8,4693.8,4112.8,14.13,time,126
5142.T,2023-10-31,2024-02-09,1467.1,1414.7,1467.1,-3.58,stop_breakeven,101
5185.T,2021-03-22,2021-07-26,656.7,784.1,656.7,19.4,time,126
5185.T,2021-09-16,2021-11-30,900.3,757.3,763.3,-15.88,stop_base,75
5185.T,2022-11-24,2023-03-30,934.5,890.6,849.0,-4.7,time,126
5185.T,2023-05-16,2023-09-19,1001.9,1360.6,1001.9,35.8,time,126
5185.T,2024-02-26,2024-07-01,1487.2,2089.2,1487.2,40.48,time,126
5186.T,2021-09-03,2022-01-07,2384.9,2469.8,2384.9,3.56,time,126
5186.T,2023-09-01,2024-01-05,3035.3,3419.5,3035.3,12.66,time,126
5186.T,2024-01-09,2024-05-14,3447.0,3626.0,3447.0,5.19,time,126
5186.T,2024-05-31,2024-06-13,3821.8,3565.4,3588.7,-6.71,stop_base,13
5186.T,2024-06-24,2024-08-02,3826.4,3528.1,3565.4,-7.8,stop_base,39
5192.T,2021-09-06,2022-01-11,1545.4,1604.2,1545.4,3.8,time,127
5192.T,2022-07-20,2022-11-24,2390.7,2960.9,2390.7,23.85,time,127
5192.T,2023-01-24,2023-05-30,3078.0,3484.0,3078.0,13.19,time,126
5192.T,2023-06-12,2023-10-16,3592.1,3960.3,3592.1,10.25,time,126
5192.T,2023-12-06,2024-04-10,4053.4,4177.8,4053.4,3.07,time,126
5195.T,2021-05-28,2021-10-01,678.7,746.0,678.7,9.93,time,126
5195.T,2022-08-15,2022-12-19,831.2,836.7,831.2,0.66,time,126
5195.T,2023-04-03,2023-08-07,946.8,1278.5,946.8,35.03,time,126
5195.T,2023-08-14,2023-12-18,1305.8,1365.4,1305.8,4.57,time,126
5195.T,2024-01-09,2024-02-14,1499.7,1497.9,1499.7,-0.12,stop_breakeven,36
5195.T,2024-03-08,2024-07-12,1651.0,1829.7,1651.0,10.82,time,126
5201.T,2021-03-05,2021-07-09,3443.1,3743.7,3443.1,8.73,time,126
5201.T,2021-08-11,2021-12-15,4101.6,4648.8,4101.6,13.34,time,126
5201.T,2023-11-10,2024-03-15,4771.6,5001.5,4771.6,4.82,time,126
5202.T,2021-04-07,2021-05-21,612.0,608.0,612.0,-0.65,stop_breakeven,44
5202.T,2022-11-22,2023-01-16,603.0,596.0,603.0,-1.16,stop_breakeven,55
5202.T,2023-02-09,2023-03-14,659.0,650.0,659.0,-1.37,stop_breakeven,33
5202.T,2023-05-15,2023-05-24,688.0,610.0,619.0,-11.34,stop_base,9
5208.T,2020-01-15,2020-01-27,672.5,665.4,672.5,-1.06,stop_breakeven,12
5208.T,2021-03-16,2021-05-13,747.2,646.9,647.0,-13.42,stop_base,58
5208.T,2022-08-01,2022-12-05,832.4,994.7,832.4,19.49,time,126
5208.T,2022-12-12,2023-03-16,1027.5,1018.1,1027.5,-0.91,stop_breakeven,94
5208.T,2023-05-02,2023-05-15,1056.0,911.3,994.7,-13.7,stop_base,13
5208.T,2024-06-24,2024-07-24,1406.6,1380.2,1406.6,-1.88,stop_breakeven,30
5214.T,2021-03-12,2021-07-08,2070.9,2052.0,2070.9,-0.91,stop_breakeven,118
5214.T,2021-11-18,2021-11-30,2466.0,2453.5,2466.0,-0.51,stop_breakeven,12
5214.T,2023-10-31,2024-03-05,2746.8,3558.1,2746.8,29.54,time,126
5214.T,2024-03-28,2024-08-01,3597.3,3337.2,3316.8,-7.23,time,126
5232.T,2022-08-04,2022-09-26,3184.3,2840.8,2898.0,-10.79,stop_base,53
5232.T,2023-03-09,2023-07-13,3503.6,3345.5,2907.0,-4.51,time,126
5232.T,2023-08-09,2023-10-04,3895.3,3251.1,3289.0,-16.54,stop_base,56
5233.T,2023-02-10,2023-06-16,2093.4,2649.5,2093.4,26.56,time,126
5233.T,2023-07-25,2023-08-15,2677.4,2628.1,2677.4,-1.84,stop_breakeven,21
5233.T,2023-11-10,2024-03-15,2641.0,3223.6,2641.0,22.06,time,126
5233.T,2024-03-25,2024-07-29,3376.4,3917.4,3376.4,16.02,time,126
5261.T,2022-07-28,2022-09-01,4730.1,4167.2,4247.6,-11.9,stop_base,35
5261.T,2024-01-04,2024-04-15,5596.6,4940.0,4947.2,-11.73,stop_base,102
5262.T,2023-08-24,2023-12-28,357.2,410.4,357.2,14.88,time,126
5262.T,2024-02-26,2024-04-02,427.6,397.8,401.0,-6.97,stop_base,36
5262.T,2024-07-09,2024-07-16,614.3,599.4,614.3,-2.42,stop_breakeven,7
5262.T,2024-09-27,2025-01-31,656.6,747.7,656.6,13.87,time,126
5269.T,2021-02-12,2021-06-02,299.5,299.3,299.5,-0.04,stop_breakeven,110
5269.T,2023-08-02,2023-10-16,308.3,281.9,284.7,-8.57,stop_base,75
5269.T,2023-11-06,2024-03-11,323.6,394.1,323.6,21.78,time,126
5269.T,2024-05-02,2024-05-15,391.0,353.3,355.2,-9.64,stop_base,13
5288.T,2022-08-15,2022-12-19,424.5,458.7,424.5,8.07,time,126
5288.T,2023-01-30,2023-05-11,546.6,541.1,546.6,-1.01,stop_breakeven,101
5288.T,2023-10-30,2024-03-04,629.3,689.6,629.3,9.59,time,126
5288.T,2024-05-13,2024-05-30,886.2,884.4,886.2,-0.21,stop_breakeven,17
5301.T,2020-12-24,2021-04-30,1088.1,1540.0,1088.1,41.52,time,127
5301.T,2021-05-10,2021-05-11,1659.5,1473.3,1483.7,-11.22,stop_base,1
5301.T,2023-05-15,2023-05-30,1167.5,1084.7,1088.3,-7.09,stop_base,15
5301.T,2023-06-28,2023-07-07,1199.8,1175.3,1199.8,-2.04,stop_breakeven,9
5302.T,2021-05-07,2021-05-17,3874.3,3487.6,3499.6,-9.98,stop_base,10
5302.T,2024-04-11,2024-07-19,5117.9,4720.6,4733.4,-7.76,stop_base,99
5310.T,2021-03-19,2021-07-26,1931.5,2591.5,1931.5,34.17,time,129
5310.T,2021-07-27,2021-08-19,2651.5,2325.0,2348.9,-12.31,stop_base,23
5310.T,2021-09-13,2021-12-29,2858.9,2854.3,2858.9,-0.16,stop_breakeven,107
5310.T,2022-10-31,2022-12-23,3353.2,3290.3,3353.2,-1.88,stop_breakeven,53
5310.T,2023-01-24,2023-03-14,3601.4,3578.5,3601.4,-0.64,stop_breakeven,49
5310.T,2023-05-02,2023-09-05,3876.3,5425.0,3876.3,39.95,time,126
5310.T,2024-07-08,2024-07-19,6808.4,6123.8,6189.5,-10.06,stop_base,11
5331.T,2021-07-13,2021-08-18,913.3,846.3,848.4,-7.33,stop_base,36
5331.T,2021-09-10,2022-01-14,932.1,1034.7,932.1,11.01,time,126
5331.T,2023-05-01,2023-09-04,1070.1,1413.2,1070.1,32.06,time,126
5331.T,2023-09-05,2023-10-03,1415.4,1384.9,1415.4,-2.15,stop_breakeven,28
5331.T,2023-11-07,2023-12-18,1530.4,1525.7,1530.4,-0.3,stop_breakeven,41
5331.T,2024-01-05,2024-05-10,1625.0,1921.8,1625.0,18.27,time,126
5331.T,2024-07-04,2024-08-02,1942.9,1708.6,1809.3,-12.06,stop_base,29
5332.T,2020-02-05,2020-02-25,4263.3,3825.6,3865.0,-10.27,stop_base,20
5332.T,2020-11-05,2021-03-11,4633.2,5871.7,4633.2,26.73,time,126
5332.T,2024-08-23,2024-09-11,4552.3,4473.0,4552.3,-1.74,stop_breakeven,19
5332.T,2024-09-25,2024-10-22,4899.1,4748.6,4899.1,-3.07,stop_breakeven,27
5333.T,2020-01-07,2020-02-27,1610.8,1475.3,1478.6,-8.42,stop_base,51
5333.T,2021-06-04,2021-06-21,1776.3,1620.8,1638.0,-8.76,stop_base,17
5333.T,2024-07-11,2024-08-01,2009.8,1868.4,1874.6,-7.03,stop_base,21
5334.T,2022-07-26,2022-09-30,2241.1,2226.6,2241.1,-0.65,stop_breakeven,66
5334.T,2023-04-03,2023-05-12,2469.2,2284.7,2293.6,-7.47,stop_base,39
5334.T,2023-08-01,2023-10-04,2865.3,2856.4,2865.3,-0.31,stop_breakeven,64
5334.T,2023-11-14,2024-03-19,3157.0,4495.4,3157.0,42.39,time,126
5334.T,2024-04-11,2024-07-25,4807.9,4061.4,4125.1,-15.53,stop_base,105
5344.T,2020-01-10,2020-02-27,8381.3,6989.3,7125.6,-16.61,stop_base,48
5344.T,2020-07-20,2020-11-24,8140.8,10154.1,8140.8,24.73,time,127
5344.T,2020-12-14,2021-01-29,11193.0,10742.2,11193.0,-4.03,stop_breakeven,46
5344.T,2021-03-18,2021-07-26,11232.2,10591.4,9850.3,-5.71,time,130
5344.T,2021-12-16,2022-01-21,15106.1,14771.0,15106.1,-2.22,stop_breakeven,36
5344.T,2022-07-21,2022-09-29,16018.3,15906.9,16018.3,-0.7,stop_breakeven,70
5344.T,2022-11-08,2022-12-05,17738.1,17470.8,17738.1,-1.51,stop_breakeven,27
5344.T,2023-03-31,2023-04-06,18214.8,16657.2,16797.7,-8.55,stop_base,6
5344.T,2023-05-18,2023-09-21,18423.1,23214.9,18423.1,26.01,time,126
5344.T,2023-10-27,2024-03-01,24430.8,34638.5,24430.8,41.78,time,126
5344.T,2024-04-04,2024-07-25,35779.9,35182.8,35779.9,-1.67,stop_breakeven,112
5344.T,2024-11-06,2025-01-15,46829.1,46799.2,46829.1,-0.06,stop_breakeven,70
5351.T,2021-05-06,2021-09-09,487.4,655.7,487.4,34.53,time,126
5351.T,2023-02-17,2023-03-14,731.3,718.5,731.3,-1.75,stop_breakeven,25
5351.T,2023-04-03,2023-08-07,814.5,1263.2,814.5,55.1,time,126
5351.T,2023-09-19,2024-01-23,1481.9,1666.5,1481.9,12.45,time,126
5351.T,2024-01-25,2024-03-04,1738.8,1716.4,1738.8,-1.28,stop_breakeven,39
5351.T,2024-05-15,2024-07-10,1762.6,1758.1,1762.6,-0.26,stop_breakeven,56
5357.T,2020-11-26,2021-04-01,679.6,818.0,679.6,20.37,time,126
5357.T,2021-04-07,2021-05-31,908.4,899.6,908.4,-0.97,stop_breakeven,54
5357.T,2021-06-25,2021-10-29,1085.1,1035.3,899.6,-4.59,time,126
5357.T,2021-11-04,2022-03-10,1110.5,1040.9,980.2,-6.27,time,126
5357.T,2022-07-20,2022-08-23,1262.0,1142.1,1147.0,-9.5,stop_base,34
5357.T,2024-06-25,2024-08-02,1662.0,1536.4,1580.7,-7.55,stop_base,38
5384.T,2020-01-22,2020-02-28,885.4,762.3,784.3,-13.9,stop_base,37
5384.T,2020-06-30,2020-11-04,928.7,1052.0,928.7,13.28,time,127
5384.T,2020-12-08,2021-03-04,1106.0,1098.9,1106.0,-0.64,stop_breakeven,86
5384.T,2021-03-30,2021-05-19,1218.4,1212.6,1218.4,-0.47,stop_breakeven,50
5384.T,2021-05-27,2021-07-06,1425.8,1414.2,1425.8,-0.81,stop_breakeven,40
5384.T,2021-10-18,2022-01-25,2001.5,1963.6,2001.5,-1.9,stop_breakeven,99
5384.T,2022-12-14,2023-04-19,2231.0,2125.2,1854.1,-4.74,time,126
5384.T,2023-05-09,2023-09-12,2263.0,2884.7,2263.0,27.47,time,126
5393.T,2020-01-21,2020-02-12,775.2,701.8,710.3,-9.48,stop_base,22
5393.T,2020-07-27,2020-10-26,683.4,671.8,683.4,-1.7,stop_breakeven,91
5393.T,2021-03-22,2021-07-26,836.1,816.2,693.8,-2.38,time,126
5393.T,2023-02-27,2023-03-14,810.8,802.0,810.8,-1.09,stop_breakeven,15
5393.T,2023-04-26,2023-05-31,831.5,818.8,831.5,-1.53,stop_breakeven,35
5393.T,2023-06-13,2023-07-14,882.4,881.2,882.4,-0.14,stop_breakeven,31
5393.T,2023-08-30,2024-01-04,929.8,1082.1,929.8,16.38,time,127
5393.T,2024-01-31,2024-06-05,1091.6,1438.2,1091.6,31.76,time,126
5393.T,2024-07-04,2024-07-26,1548.2,1422.3,1423.8,-8.14,stop_base,22
5393.T,2024-09-26,2024-12-20,1852.8,1851.5,1852.8,-0.07,stop_breakeven,85
5401.T,2021-04-14,2021-06-16,268.3,267.9,268.3,-0.13,stop_breakeven,63
5401.T,2022-08-05,2022-12-09,313.4,357.3,313.4,14.0,time,126
5401.T,2022-12-14,2023-04-19,359.5,490.3,359.5,36.36,time,126
5401.T,2023-06-30,2023-11-06,486.0,536.8,486.0,10.44,time,129
5401.T,2023-11-17,2024-03-22,568.2,622.0,568.2,9.48,time,126
5406.T,2021-04-06,2021-05-20,582.6,568.7,582.6,-2.39,stop_breakeven,44
5406.T,2022-09-13,2023-01-17,534.8,555.9,534.8,3.94,time,126
5406.T,2023-01-25,2023-05-31,585.5,956.7,585.5,63.4,time,126
5406.T,2023-06-05,2023-10-10,1037.3,1661.8,1037.3,60.2,time,127
5406.T,2023-12-27,2024-05-01,1596.6,1709.1,1596.6,7.05,time,126
5406.T,2024-05-31,2024-07-25,1847.7,1659.7,1669.7,-10.17,stop_base,55
5408.T,2021-11-04,2022-01-19,354.0,338.9,354.0,-4.26,stop_breakeven,76
5408.T,2022-08-05,2022-12-09,444.4,634.6,444.4,42.81,time,126
5410.T,2020-02-05,2020-02-27,2181.2,1857.6,1904.6,-14.83,stop_base,22
5410.T,2022-11-02,2023-03-08,1493.2,3178.1,1493.2,112.84,time,126
5410.T,2023-06-05,2023-10-10,2819.2,3922.5,2819.2,39.14,time,127
5410.T,2023-11-24,2024-03-29,3931.3,5175.7,3931.3,31.65,time,126
5410.T,2024-05-20,2024-05-30,5004.4,4616.7,4643.7,-7.75,stop_base,10
5411.T,2021-05-06,2021-05-14,1186.6,1179.7,1186.6,-0.58,stop_breakeven,8
5411.T,2021-08-11,2021-08-19,1151.4,1143.0,1151.4,-0.73,stop_breakeven,8
5411.T,2022-01-05,2022-01-19,1212.3,1187.0,1212.3,-2.09,stop_breakeven,14
5411.T,2023-02-20,2023-03-14,1495.9,1434.2,1495.9,-4.13,stop_breakeven,22
5411.T,2023-05-09,2023-09-12,1633.0,1916.9,1633.0,17.38,time,126
5411.T,2023-11-16,2024-03-21,1968.3,2342.3,1968.3,19.0,time,126
5411.T,2024-03-22,2024-07-24,2344.5,1979.6,1995.5,-15.56,stop_base,124
5423.T,2021-07-26,2021-09-30,1016.1,1011.7,1016.1,-0.44,stop_breakeven,66
5423.T,2021-12-16,2022-01-18,1229.9,1174.7,1229.9,-4.49,stop_breakeven,33
5423.T,2023-09-06,2023-12-14,1626.9,1578.8,1626.9,-2.96,stop_breakeven,99
5440.T,2022-08-30,2022-10-31,1299.6,1113.3,1123.4,-14.34,stop_base,62
5440.T,2023-04-19,2023-08-23,1452.6,1703.6,1452.6,17.27,time,126
5440.T,2023-09-14,2023-10-04,1872.4,1635.8,1664.7,-12.64,stop_base,20
5440.T,2023-11-13,2024-03-18,1909.9,2126.1,1909.9,11.32,time,126
5440.T,2024-03-29,2024-04-30,2213.8,2069.6,2213.8,-6.51,stop_breakeven,32
5444.T,2021-03-22,2021-07-26,2353.5,2924.7,2353.5,24.27,time,126
5444.T,2022-08-01,2022-09-15,3796.9,3743.7,3796.9,-1.4,stop_breakeven,45
5444.T,2022-11-02,2022-11-29,3983.5,3953.8,3983.5,-0.74,stop_breakeven,27
5444.T,2023-01-24,2023-05-30,4267.1,4862.1,4267.1,13.95,time,126
5444.T,2023-06-05,2023-10-10,5041.6,6299.2,5041.6,24.94,time,127
5444.T,2023-11-06,2024-03-11,6675.3,7307.5,6675.3,9.47,time,126
5444.T,2024-03-18,2024-04-25,7593.0,7208.7,7209.7,-5.06,stop_base,38
5444.T,2024-05-14,2024-06-13,7884.9,7055.9,7208.7,-10.51,stop_base,30
5444.T,2024-07-18,2024-08-01,7668.0,6825.4,6961.7,-10.99,stop_base,14
5445.T,2020-10-30,2021-02-02,453.7,453.0,453.7,-0.16,stop_breakeven,95
5445.T,2021-03-11,2021-05-06,496.9,429.6,453.0,-13.54,stop_base,56
5445.T,2023-01-25,2023-03-20,413.4,411.6,413.4,-0.42,stop_breakeven,54
5445.T,2023-04-18,2023-08-22,482.1,844.4,482.1,75.15,time,126
5445.T,2023-09-04,2024-01-09,996.1,1201.0,996.1,20.57,time,127
5445.T,2024-01-15,2024-05-20,1209.0,1454.2,1209.0,20.28,time,126
5445.T,2024-06-03,2024-08-05,1470.9,1103.2,1253.6,-25.0,stop_base,63
5445.T,2024-10-31,2025-03-06,1539.3,1766.5,1539.3,14.76,time,126
5451.T,2021-03-04,2021-05-26,366.0,362.6,366.0,-0.92,stop_breakeven,83
5451.T,2021-07-12,2021-08-19,363.5,361.5,363.5,-0.56,stop_breakeven,38
5451.T,2021-09-07,2022-01-11,401.7,401.7,358.4,-0.0,time,126
5451.T,2023-01-31,2023-06-06,454.2,525.1,454.2,15.61,time,126
5451.T,2023-06-09,2023-10-13,530.2,609.3,530.2,14.92,time,126
5451.T,2023-11-10,2023-12-13,649.6,642.7,649.6,-1.06,stop_breakeven,33
5451.T,2024-02-08,2024-06-13,689.9,941.3,689.9,36.44,time,126
5451.T,2024-07-02,2024-08-02,1028.0,932.5,941.3,-9.29,stop_base,31
5451.T,2024-10-01,2024-11-11,1041.2,942.2,948.4,-9.52,stop_base,41
5461.T,2024-05-20,2024-07-08,2519.1,2509.0,2519.1,-0.4,stop_breakeven,49
5463.T,2022-06-07,2022-10-11,898.2,876.6,764.5,-2.4,time,126
5463.T,2023-07-26,2023-11-29,1006.5,1160.7,1006.5,15.32,time,126
5463.T,2024-01-19,2024-03-12,1171.4,1165.9,1171.4,-0.47,stop_breakeven,53
5463.T,2024-04-05,2024-05-22,1280.7,1158.4,1165.9,-9.56,stop_base,47
5471.T,2021-04-30,2021-07-09,854.8,851.5,854.8,-0.39,stop_breakeven,70
5471.T,2023-01-24,2023-05-30,820.8,970.5,820.8,18.23,time,126
5471.T,2023-06-13,2023-10-17,996.1,1095.4,996.1,9.97,time,126
5471.T,2023-11-06,2024-03-11,1191.5,1647.9,1191.5,38.31,time,126
5480.T,2021-05-10,2021-08-20,1965.2,1944.7,1965.2,-1.04,stop_breakeven,102
5480.T,2021-09-14,2021-11-02,2286.6,1889.5,1932.8,-17.37,stop_base,49
5480.T,2023-01-25,2023-05-31,3903.5,3434.3,3359.1,-12.02,time,126
5480.T,2023-08-29,2023-10-04,3896.3,3726.5,3896.3,-4.36,stop_breakeven,36
5480.T,2024-06-03,2024-06-20,4538.6,4030.3,4048.4,-11.2,stop_base,17
5480.T,2024-07-03,2024-07-22,4692.9,4593.0,4692.9,-2.13,stop_breakeven,19
5482.T,2023-04-27,2023-08-31,562.6,824.5,562.6,46.54,time,126
5482.T,2023-09-01,2023-10-02,881.8,881.3,881.8,-0.05,stop_breakeven,31
5482.T,2024-11-07,2025-03-13,1124.7,1646.0,1124.7,46.35,time,126
5535.T,2020-01-14,2020-02-12,118.6,111.2,112.5,-6.24,stop_base,29
5535.T,2020-11-26,2021-01-15,159.0,134.2,134.3,-15.61,stop_base,50
5535.T,2021-02-12,2021-02-19,152.9,152.0,152.9,-0.59,stop_breakeven,7
5535.T,2021-07-06,2021-11-09,256.6,225.0,256.6,-12.32,stop_breakeven,126
5541.T,2021-05-10,2021-05-13,2141.4,1670.5,1695.7,-21.99,stop_base,3
5541.T,2024-12-24,2025-04-30,1281.6,1634.4,1281.6,27.53,time,127
5563.T,2020-10-20,2020-11-12,185.7,181.7,185.7,-2.14,stop_breakeven,23
5563.T,2021-03-12,2021-05-20,255.9,251.9,255.9,-1.58,stop_breakeven,69
5563.T,2022-07-28,2022-08-09,316.8,291.5,292.7,-7.99,stop_base,12
5563.T,2022-08-18,2022-12-20,325.5,318.6,325.5,-2.14,stop_breakeven,124
5563.T,2023-01-25,2023-03-20,348.0,298.8,307.7,-14.14,stop_base,54
5602.T,2020-02-13,2020-02-25,333.4,301.6,308.5,-9.55,stop_base,12
5602.T,2022-11-08,2023-03-14,298.1,339.9,298.1,14.01,time,126
5602.T,2023-05-09,2023-09-12,365.2,488.3,365.2,33.73,time,126
5602.T,2023-10-30,2023-11-08,547.6,528.3,547.6,-3.53,stop_breakeven,9
5602.T,2023-12-01,2024-02-14,588.0,580.1,588.0,-1.35,stop_breakeven,75
5602.T,2024-03-06,2024-07-10,650.4,864.6,650.4,32.92,time,126
5631.T,2020-12-29,2021-01-18,2778.5,2764.8,2778.5,-0.49,stop_breakeven,20
5631.T,2021-05-06,2021-05-12,2537.8,2286.6,2304.2,-9.9,stop_base,6
5631.T,2021-11-24,2021-12-20,3346.8,3263.4,3346.8,-2.49,stop_breakeven,26
5631.T,2021-12-28,2022-01-25,3546.1,3411.7,3546.1,-3.79,stop_breakeven,28
5631.T,2024-07-17,2024-07-25,4631.6,4050.7,4076.1,-12.54,stop_base,8
5631.T,2024-09-24,2025-01-28,4757.4,5064.2,4757.4,6.45,time,126
5632.T,2021-06-04,2021-10-08,764.7,926.4,764.7,21.15,time,126
5632.T,2023-02-27,2023-03-13,1072.9,1062.7,1072.9,-0.95,stop_breakeven,14
5632.T,2023-05-09,2023-09-12,1073.8,1389.9,1073.8,29.44,time,126
5632.T,2023-11-24,2024-02-08,1399.5,1317.8,1399.5,-5.83,stop_breakeven,76
5659.T,2020-07-20,2020-07-29,569.6,499.3,503.2,-12.34,stop_base,9
5659.T,2021-01-13,2021-05-19,645.0,684.1,645.0,6.06,time,126
5659.T,2021-06-15,2021-10-19,751.5,817.7,751.5,8.81,time,126
5659.T,2021-10-27,2021-11-10,879.9,745.7,762.2,-15.25,stop_base,14
5659.T,2023-03-07,2023-07-11,830.4,857.7,830.4,3.29,time,126
5702.T,2021-03-02,2021-07-06,650.8,907.8,650.8,39.49,time,126
5702.T,2022-01-05,2022-01-18,1380.0,1369.4,1380.0,-0.77,stop_breakeven,13
5702.T,2023-07-05,2023-08-01,1278.3,1266.9,1278.3,-0.89,stop_breakeven,27
5702.T,2023-09-19,2023-09-28,1336.1,1181.3,1189.8,-11.58,stop_base,9
5703.T,2024-05-15,2024-06-18,1808.6,1637.9,1648.1,-9.44,stop_base,34
5706.T,2020-12-03,2021-04-08,2595.3,3365.6,2595.3,29.68,time,126
5706.T,2021-05-07,2021-05-13,3395.5,2930.5,3012.5,-13.69,stop_base,6
5706.T,2023-08-23,2023-12-27,3299.1,4027.3,3299.1,22.07,time,126
5706.T,2024-01-15,2024-05-20,4386.0,4849.0,4386.0,10.56,time,126
5706.T,2024-05-28,2024-07-25,4914.7,4644.6,4914.7,-5.5,stop_breakeven,58
5707.T,2020-12-10,2020-12-23,2212.2,2165.3,2212.2,-2.12,stop_breakeven,13
5707.T,2021-03-15,2021-05-12,2283.8,2204.5,2283.8,-3.48,stop_breakeven,58
5711.T,2023-05-08,2023-09-11,2072.3,2249.8,2072.3,8.57,time,126
5711.T,2023-09-15,2024-01-19,2355.6,2392.2,2079.5,1.56,time,126
5711.T,2024-04-04,2024-04-25,2768.9,2760.0,2768.9,-0.32,stop_breakeven,21
5711.T,2024-05-20,2024-07-23,3044.6,2637.4,2643.5,-13.37,stop_base,64
5713.T,2020-11-25,2021-03-31,3232.4,4001.2,3232.4,23.79,time,126
5713.T,2021-05-07,2021-06-18,4263.3,3682.2,3755.6,-13.63,stop_base,42
5714.T,2020-01-20,2020-02-03,3486.3,3194.1,3202.3,-8.38,stop_base,14
5714.T,2021-04-07,2021-08-11,4183.8,4084.0,3475.2,-2.38,time,126
5714.T,2021-08-12,2021-09-17,4205.4,4118.7,4205.4,-2.06,stop_breakeven,36
5714.T,2023-11-24,2024-02-14,4793.6,4753.4,4793.6,-0.84,stop_breakeven,82
5714.T,2024-04-15,2024-08-05,5561.0,4052.2,4736.9,-27.13,stop_base,112
5715.T,2023-05-30,2023-10-03,1314.2,1566.1,1314.2,19.16,time,126
5715.T,2023-10-18,2023-12-04,1689.7,1662.2,1689.7,-1.63,stop_breakeven,47
5715.T,2024-01-05,2024-02-14,1810.6,1589.9,1607.3,-12.19,stop_base,40
5726.T,2022-09-09,2022-09-16,3117.8,3010.0,3117.8,-3.46,stop_breakeven,7
5727.T,2021-03-12,2021-05-13,944.9,900.9,944.9,-4.66,stop_breakeven,62
5727.T,2021-09-07,2021-11-18,1163.7,961.0,970.3,-17.42,stop_base,72
5727.T,2022-09-12,2022-09-20,2347.9,2346.9,2347.9,-0.04,stop_breakeven,8
5727.T,2022-11-02,2023-01-05,2395.9,2393.1,2395.9,-0.12,stop_breakeven,64
5741.T,2021-05-07,2021-05-17,604.5,527.5,528.4,-12.73,stop_base,10
5741.T,2021-09-10,2021-11-29,644.7,509.4,536.0,-20.99,stop_base,80
5741.T,2023-02-21,2023-06-27,614.9,613.2,614.9,-0.27,stop_breakeven,126
5741.T,2023-07-05,2023-11-08,662.5,697.2,662.5,5.23,time,126
5741.T,2023-11-15,2024-03-21,755.6,1059.5,755.6,40.22,time,127
5741.T,2024-04-10,2024-05-15,1075.4,1067.1,1075.4,-0.77,stop_breakeven,35
5741.T,2024-09-25,2024-12-11,1244.9,1242.5,1244.9,-0.19,stop_breakeven,77
5757.T,2020-06-23,2020-07-10,3049.6,2576.1,2652.8,-15.53,stop_base,17
5757.T,2020-11-10,2020-12-17,3397.7,3375.2,3397.7,-0.66,stop_breakeven,37
5757.T,2021-03-17,2021-04-21,3658.4,3286.8,3361.7,-10.16,stop_base,35
5757.T,2022-08-15,2022-09-26,4006.8,3605.2,3623.6,-10.02,stop_base,42
5757.T,2022-10-19,2023-02-22,4014.8,3814.8,3568.2,-4.98,time,126
5801.T,2021-03-30,2021-06-21,2714.0,2431.8,2449.8,-10.4,stop_base,83
5801.T,2022-11-09,2023-03-15,2333.0,2191.7,2066.2,-6.05,time,126
5801.T,2023-05-01,2023-08-04,2389.4,2287.8,2389.4,-4.25,stop_breakeven,95
5801.T,2024-04-12,2024-08-05,3354.5,2862.9,3354.5,-14.66,stop_breakeven,115
5802.T,2021-03-19,2021-07-20,1521.9,1289.2,1290.7,-15.29,stop_base,123
5802.T,2022-11-08,2023-01-16,1438.6,1310.6,1315.1,-8.9,stop_base,69
5802.T,2023-02-03,2023-06-09,1423.8,1536.8,1423.8,7.94,time,126
5802.T,2023-06-14,2023-08-03,1604.7,1596.9,1604.7,-0.48,stop_breakeven,50
5802.T,2023-09-20,2023-10-04,1708.2,1512.6,1582.4,-11.45,stop_base,14
5802.T,2023-11-14,2024-03-19,1743.7,2159.2,1743.7,23.83,time,126
5802.T,2024-03-26,2024-07-24,2212.8,2195.5,2212.8,-0.78,stop_breakeven,120
5802.T,2024-11-14,2024-12-16,2761.9,2750.4,2761.9,-0.42,stop_breakeven,32
5803.T,2021-02-02,2021-02-09,78.2,77.3,78.2,-1.14,stop_breakeven,7
5803.T,2021-03-09,2021-05-17,82.8,70.6,82.8,-14.75,stop_breakeven,69
5803.T,2021-06-28,2021-11-01,76.7,93.3,76.7,21.55,time,126
5803.T,2022-08-08,2022-09-26,137.8,133.4,137.8,-3.19,stop_breakeven,49
5803.T,2022-11-10,2022-12-02,163.7,161.4,163.7,-1.41,stop_breakeven,22
5803.T,2023-07-03,2023-11-06,193.0,185.4,162.2,-3.91,time,126
5803.T,2024-07-09,2024-07-25,556.6,462.8,489.6,-16.85,stop_base,16
5803.T,2024-12-03,2024-12-10,979.6,953.4,979.6,-2.68,stop_breakeven,7
5805.T,2021-02-05,2021-03-24,1695.9,1396.8,1410.7,-17.63,stop_base,47
5805.T,2021-04-05,2021-04-30,1546.3,1388.4,1396.8,-10.21,stop_base,25
5805.T,2023-02-16,2023-03-14,1726.6,1659.9,1726.6,-3.86,stop_breakeven,26
5805.T,2023-08-01,2023-12-05,1861.9,2439.9,1861.9,31.04,time,126
5805.T,2023-12-19,2024-01-16,2605.4,2596.9,2605.4,-0.33,stop_breakeven,28
5805.T,2024-01-29,2024-06-03,2871.3,4453.9,2871.3,55.12,time,126
5805.T,2024-06-26,2024-08-05,4761.0,3359.6,4002.7,-29.44,stop_base,40
5805.T,2024-11-12,2025-02-17,6679.3,6514.7,6679.3,-2.46,stop_breakeven,97
5821.T,2021-04-05,2021-08-10,1239.2,1037.5,1008.8,-16.27,time,127
5821.T,2023-02-06,2023-06-12,1209.4,1345.0,1209.4,11.21,time,126
5821.T,2023-06-20,2023-08-18,1412.0,1396.2,1412.0,-1.12,stop_breakeven,59
5830.T,2024-03-08,2024-07-12,1110.1,1462.0,1110.1,31.7,time,126
5830.T,2024-07-16,2024-08-02,1468.6,1299.2,1308.7,-11.54,stop_base,17
5830.T,2024-10-01,2025-02-04,1348.8,1522.2,1348.8,12.86,time,126
5831.T,2023-11-01,2023-12-15,1192.2,1066.5,1087.9,-10.54,stop_base,44
5831.T,2024-03-08,2024-06-12,1402.9,1399.5,1402.9,-0.24,stop_breakeven,96
5832.T,2023-10-18,2023-11-08,1056.7,1050.4,1056.7,-0.6,stop_breakeven,21
5832.T,2024-04-12,2024-08-05,1231.8,1187.6,1231.8,-3.6,stop_breakeven,115
5838.T,2024-07-04,2024-08-05,2941.0,2708.0,2941.0,-7.92,stop_breakeven,32
5838.T,2024-11-07,2025-03-13,3462.0,6282.0,3462.0,81.46,time,126
5844.T,2020-11-16,2020-12-23,1155.7,1151.3,1155.7,-0.38,stop_breakeven,37
5844.T,2020-12-29,2021-01-29,1226.7,1217.8,1226.7,-0.72,stop_breakeven,31
5844.T,2021-02-08,2021-04-20,1355.4,1350.9,1355.4,-0.33,stop_breakeven,71
5844.T,2022-06-07,2022-10-11,1308.8,1191.2,1133.5,-8.98,time,126
5844.T,2023-02-27,2023-03-13,1453.0,1410.8,1453.0,-2.9,stop_breakeven,14
5844.T,2023-04-28,2023-09-01,1475.1,1880.9,1475.1,27.5,time,126
5844.T,2023-09-07,2023-11-08,1899.0,1876.5,1899.0,-1.19,stop_breakeven,62
5844.T,2023-11-22,2024-03-27,2049.6,2617.6,2049.6,27.71,time,126
5844.T,2024-05-10,2024-05-15,2632.5,2457.0,2493.4,-6.67,stop_base,5
5844.T,2024-06-26,2024-08-02,2703.4,2282.4,2387.5,-15.57,stop_base,37
5851.T,2021-06-04,2021-06-21,1447.4,1273.7,1305.7,-12.0,stop_base,17
5851.T,2022-10-31,2022-11-09,1152.2,1040.5,1077.1,-9.7,stop_base,9
5851.T,2023-04-03,2023-08-07,1412.4,2659.1,1412.4,88.27,time,126
5851.T,2023-09-06,2023-09-27,2805.3,2800.7,2805.3,-0.16,stop_breakeven,21
5851.T,2023-11-15,2023-12-08,2850.7,2407.6,2424.9,-15.54,stop_base,23
5852.T,2022-12-15,2023-01-05,390.2,388.4,390.2,-0.45,stop_breakeven,21
5852.T,2023-01-30,2023-03-16,433.6,399.1,433.6,-7.98,stop_breakeven,45
5852.T,2023-05-19,2023-06-22,612.9,606.6,612.9,-1.02,stop_breakeven,34
5852.T,2023-07-24,2023-08-14,667.6,645.2,667.6,-3.36,stop_breakeven,21
5852.T,2023-09-05,2023-10-03,739.2,731.5,739.2,-1.05,stop_breakeven,28
5852.T,2024-03-29,2024-04-24,778.8,590.0,665.3,-24.24,stop_base,26
5857.T,2020-01-06,2020-02-28,1032.3,917.8,937.6,-11.09,stop_base,53
5857.T,2020-06-23,2020-10-27,1105.9,1405.9,1105.9,27.12,time,126
5857.T,2020-11-06,2020-11-18,1472.9,1319.1,1329.0,-10.44,stop_base,12
5857.T,2020-12-29,2021-05-06,1431.5,1786.8,1431.5,24.82,time,128
5857.T,2021-05-07,2021-09-10,1858.3,1835.8,1659.8,-1.21,time,126
5857.T,2021-09-14,2021-09-30,1851.0,1665.7,1680.7,-10.01,stop_base,16
5901.T,2021-05-28,2021-07-01,1210.2,1206.1,1210.2,-0.33,stop_breakeven,34
5901.T,2021-09-03,2021-09-07,1264.8,1098.5,1124.2,-13.15,stop_base,4
5901.T,2022-08-01,2022-11-04,1368.1,1332.9,1368.1,-2.57,stop_breakeven,95
5901.T,2023-01-25,2023-05-31,1453.9,1902.4,1453.9,30.85,time,126
5901.T,2023-07-03,2023-11-06,1928.0,2271.2,1928.0,17.8,time,126
5901.T,2024-01-11,2024-04-17,2200.2,2173.6,2200.2,-1.21,stop_breakeven,97
5901.T,2024-05-15,2024-08-05,2342.8,1891.2,2173.6,-19.28,stop_base,82
5902.T,2023-08-14,2023-12-18,1358.7,1435.4,1358.7,5.65,time,126
5902.T,2024-01-04,2024-05-09,1469.9,1587.4,1469.9,7.99,time,126
5902.T,2024-06-19,2024-08-02,1595.6,1454.7,1471.9,-8.83,stop_base,44
5911.T,2020-01-30,2020-02-25,1709.4,1644.0,1709.4,-3.83,stop_breakeven,26
5911.T,2020-06-10,2020-07-31,1771.9,1487.4,1499.5,-16.05,stop_base,51
5911.T,2021-09-02,2021-11-05,1857.4,1854.1,1857.4,-0.18,stop_breakeven,64
5911.T,2023-04-28,2023-09-01,1975.4,2492.9,1975.4,26.19,time,126
5911.T,2023-09-04,2023-10-26,2529.4,2199.0,2242.6,-13.06,stop_base,52
5911.T,2023-11-28,2024-04-02,2459.7,2704.4,2459.7,9.95,time,126
5929.T,2021-03-05,2021-05-12,1164.5,1128.9,1164.5,-3.06,stop_breakeven,68
5929.T,2021-09-02,2021-09-29,1257.9,1248.1,1257.9,-0.78,stop_breakeven,27
5929.T,2023-03-07,2023-07-11,1309.3,1683.1,1309.3,28.55,time,126
5929.T,2023-07-31,2023-10-04,1768.7,1763.5,1768.7,-0.3,stop_breakeven,65
5929.T,2023-11-02,2024-03-07,1981.7,2289.1,1981.7,15.51,time,126
5929.T,2024-03-27,2024-07-31,2486.4,3074.3,2486.4,23.64,time,126
5929.T,2024-12-16,2025-04-04,4458.3,4290.0,4458.3,-3.77,stop_breakeven,109
5930.T,2021-03-11,2021-04-06,842.3,838.2,842.3,-0.49,stop_breakeven,26
5930.T,2021-05-18,2021-09-21,895.2,978.8,895.2,9.33,time,126
5930.T,2022-11-17,2023-03-14,986.1,980.8,986.1,-0.53,stop_breakeven,117
5930.T,2023-04-28,2023-07-13,1031.9,947.0,951.0,-8.23,stop_base,76
5930.T,2023-11-01,2024-03-06,1166.1,1420.9,1166.1,21.86,time,126
5930.T,2024-03-08,2024-04-25,1506.5,1502.1,1506.5,-0.3,stop_breakeven,48
5930.T,2024-05-13,2024-08-05,1646.0,1361.0,1502.1,-17.32,stop_base,84
5930.T,2024-10-04,2025-02-07,1761.4,1822.8,1452.9,3.49,time,126
5932.T,2023-03-06,2023-07-10,681.7,747.5,681.7,9.65,time,126
5932.T,2023-09-19,2023-09-29,871.7,869.0,871.7,-0.32,stop_breakeven,10
5933.T,2022-12-15,2023-03-20,889.3,874.0,889.3,-1.72,stop_breakeven,95
5933.T,2023-04-03,2023-05-26,947.5,868.7,874.0,-8.32,stop_base,53
5933.T,2023-09-15,2023-10-16,976.7,914.5,915.6,-6.37,stop_base,31
5938.T,2020-02-13,2020-02-25,1496.5,1347.2,1391.9,-9.98,stop_base,12
5938.T,2020-11-11,2020-12-07,1889.6,1850.0,1889.6,-2.09,stop_breakeven,26
5938.T,2021-01-22,2021-05-28,2010.6,2388.4,2010.6,18.79,time,126
5938.T,2021-07-13,2021-08-20,2422.8,2398.8,2422.8,-0.99,stop_breakeven,38
5938.T,2021-09-06,2021-11-26,2638.6,2295.5,2307.6,-13.0,stop_base,81
5943.T,2020-11-04,2021-01-05,1292.2,1267.7,1292.2,-1.89,stop_breakeven,62
5943.T,2021-03-11,2021-04-02,1447.5,1440.9,1447.5,-0.46,stop_breakeven,22
5943.T,2021-05-18,2021-06-01,1572.8,1551.4,1572.8,-1.36,stop_breakeven,14
5943.T,2021-07-26,2021-10-04,1607.7,1480.3,1487.8,-7.93,stop_base,70
5943.T,2023-03-01,2023-03-14,1502.0,1488.6,1502.0,-0.89,stop_breakeven,13
5943.T,2023-04-04,2023-08-08,1598.8,1510.5,1408.9,-5.52,time,126
5943.T,2024-08-22,2024-09-13,1777.5,1770.0,1777.5,-0.42,stop_breakeven,22
5946.T,2023-02-24,2023-06-30,2025.1,2353.7,2025.1,16.23,time,126
5947.T,2020-06-04,2020-10-08,2866.0,3088.9,2866.0,7.78,time,126
5947.T,2020-10-12,2021-02-15,3206.2,3594.2,3206.2,12.1,time,126
5947.T,2021-03-19,2021-05-12,3705.5,3174.8,3242.3,-14.32,stop_base,54
5949.T,2023-08-15,2023-09-08,1033.4,1029.9,1033.4,-0.34,stop_breakeven,24
5949.T,2023-09-19,2023-10-04,1131.8,921.9,949.0,-18.54,stop_base,15
5957.T,2021-07-12,2021-07-19,514.1,508.1,514.1,-1.18,stop_breakeven,7
5957.T,2021-08-11,2021-09-30,578.1,574.6,578.1,-0.6,stop_breakeven,50
5957.T,2021-12-29,2022-01-19,567.4,499.1,510.7,-12.04,stop_base,21
5957.T,2023-04-14,2023-08-14,518.3,517.1,518.3,-0.23,stop_breakeven,122
5959.T,2023-02-14,2023-06-20,649.4,697.0,649.4,7.34,time,126
5970.T,2021-06-04,2021-08-20,1266.0,1120.6,1124.6,-11.49,stop_base,77
5970.T,2022-11-18,2023-03-24,1309.1,1193.1,1090.1,-8.86,time,126
5970.T,2023-04-28,2023-05-31,1300.2,1164.3,1175.1,-10.45,stop_base,33
5970.T,2023-06-19,2023-10-23,1416.8,1545.1,1416.8,9.05,time,126
5970.T,2024-03-21,2024-05-13,1891.2,1740.3,1779.7,-7.98,stop_base,53
5970.T,2024-06-27,2024-07-24,1790.2,1645.1,1658.7,-8.11,stop_base,27
5975.T,2023-01-31,2023-06-06,1119.7,1273.7,1119.7,13.75,time,126
5975.T,2023-06-27,2023-07-12,1388.3,1387.4,1388.3,-0.06,stop_breakeven,15
5975.T,2023-07-19,2023-10-04,1468.5,1421.6,1468.5,-3.19,stop_breakeven,77
5975.T,2023-11-15,2024-03-21,1777.5,2359.3,1777.5,32.73,time,127
5975.T,2024-03-22,2024-04-18,2369.4,2358.0,2369.4,-0.48,stop_breakeven,27
5976.T,2021-08-11,2021-10-01,505.6,502.7,505.6,-0.57,stop_breakeven,51
5976.T,2022-08-26,2022-12-30,567.6,554.6,538.7,-2.29,time,126
5976.T,2023-02-01,2023-03-14,584.1,582.4,584.1,-0.29,stop_breakeven,41
5976.T,2023-04-24,2023-08-28,620.2,864.8,620.2,39.44,time,126
5976.T,2023-09-14,2024-01-18,894.1,894.0,811.4,-0.01,time,126
5976.T,2024-01-25,2024-04-19,931.9,928.3,931.9,-0.38,stop_breakeven,85
5976.T,2024-07-02,2024-07-24,1019.4,960.8,968.9,-5.75,stop_base,22
5981.T,2023-05-09,2023-05-17,1063.9,960.4,973.6,-9.72,stop_base,8
5981.T,2023-06-28,2023-08-21,1026.4,1022.9,1026.4,-0.35,stop_breakeven,54
5981.T,2023-09-05,2024-01-09,1235.1,1236.9,1022.9,0.14,time,126
5981.T,2024-01-31,2024-03-13,1243.1,1229.7,1243.1,-1.08,stop_breakeven,42
5981.T,2024-05-13,2024-05-14,1366.0,1244.0,1246.8,-8.93,stop_base,1
5988.T,2022-01-04,2022-03-07,1471.2,1287.9,1305.8,-12.46,stop_base,62
5988.T,2022-07-26,2022-09-07,1677.8,1593.1,1595.6,-5.05,stop_base,43
5988.T,2022-11-08,2022-11-09,1598.8,1435.4,1491.0,-10.22,stop_base,1
5988.T,2023-08-28,2023-10-04,1954.2,1927.8,1954.2,-1.35,stop_breakeven,37
5988.T,2023-11-16,2024-03-21,2069.8,2437.0,2069.8,17.74,time,126
5989.T,2021-04-05,2021-07-20,745.3,601.4,603.9,-19.31,stop_base,106
5989.T,2023-05-15,2023-09-19,611.8,790.8,611.8,29.26,time,127
5989.T,2024-01-11,2024-02-15,757.2,641.7,757.2,-15.26,stop_breakeven,35
5989.T,2024-11-13,2025-01-15,942.5,931.4,942.5,-1.18,stop_breakeven,63
5991.T,2023-07-24,2023-08-18,995.8,981.3,995.8,-1.46,stop_breakeven,25
5991.T,2023-09-15,2023-10-04,1055.6,953.6,981.3,-9.66,stop_base,19
5991.T,2023-11-06,2024-03-11,1065.7,1297.3,1065.7,21.73,time,126
5991.T,2024-03-28,2024-08-01,1401.2,1474.1,1401.2,5.2,time,126
5991.T,2024-09-24,2024-11-14,1711.5,1627.9,1711.5,-4.88,stop_breakeven,51
5991.T,2024-12-26,2025-02-26,1944.2,1595.6,1627.9,-17.93,stop_base,62
6005.T,2020-01-09,2020-02-20,3510.7,3492.5,3510.7,-0.52,stop_breakeven,42
6005.T,2020-06-03,2020-07-31,4347.7,3625.4,3730.5,-16.61,stop_base,58
6005.T,2020-08-27,2021-01-04,4068.8,5289.8,4068.8,30.01,time,130
6005.T,2021-01-05,2021-02-24,5354.0,5271.5,5354.0,-1.54,stop_breakeven,50
6005.T,2021-04-02,2021-05-13,5639.5,4931.1,4941.5,-12.56,stop_base,41
6005.T,2023-02-14,2023-06-20,3182.0,3475.5,3182.0,9.22,time,126
6005.T,2024-10-09,2025-02-03,3575.3,3559.9,3575.3,-0.43,stop_breakeven,117
6013.T,2020-07-13,2020-11-16,1274.7,1540.0,1274.7,20.81,time,126
6013.T,2020-11-24,2021-03-30,1572.2,2060.1,1572.2,31.03,time,126
6013.T,2023-07-25,2023-10-04,1392.0,1365.5,1392.0,-1.9,stop_breakeven,71
6013.T,2023-11-20,2024-03-25,1434.4,1753.0,1434.4,22.22,time,126
6013.T,2024-04-11,2024-05-15,1801.2,1553.9,1704.4,-13.73,stop_base,34
6027.T,2020-08-21,2020-09-04,11170.0,10470.0,11170.0,-6.27,stop_breakeven,14
6036.T,2020-08-18,2020-12-22,873.2,1997.6,873.2,128.76,time,126
6036.T,2021-06-02,2021-10-06,2334.8,2949.6,2334.8,26.33,time,126
6036.T,2022-11-22,2022-12-30,3983.6,3403.7,3484.5,-14.56,stop_base,38
6036.T,2023-05-01,2023-06-02,4877.3,4839.3,4877.3,-0.78,stop_breakeven,32
6036.T,2023-07-10,2023-10-23,5343.0,5132.0,5343.0,-3.95,stop_breakeven,105
6036.T,2023-11-06,2024-01-26,6148.8,6120.0,6148.8,-0.47,stop_breakeven,81
6047.T,2024-06-17,2024-08-02,750.3,718.2,750.3,-4.27,stop_breakeven,46
6050.T,2020-07-07,2020-11-10,2714.8,3145.5,2714.8,15.86,time,126
6055.T,2022-08-17,2022-12-21,1901.9,2065.3,1901.9,8.6,time,126
6055.T,2023-01-31,2023-04-20,2302.9,1964.4,1972.2,-14.7,stop_base,79
6055.T,2023-07-13,2023-09-13,2353.7,2278.9,2353.7,-3.18,stop_breakeven,62
6058.T,2021-03-31,2021-04-15,1161.9,915.4,977.2,-21.22,stop_base,15
6058.T,2023-02-17,2023-04-18,1208.7,1197.7,1208.7,-0.91,stop_breakeven,60
6058.T,2023-06-16,2023-07-11,1270.5,1154.5,1164.6,-9.13,stop_base,25
6062.T,2021-01-18,2021-01-29,1213.3,1193.4,1213.3,-1.64,stop_breakeven,11
6062.T,2021-09-30,2021-11-10,1635.2,1294.2,1332.4,-20.86,stop_base,41
6062.T,2023-07-21,2023-08-17,1286.9,1091.1,1114.3,-15.22,stop_base,27
6062.T,2024-05-08,2024-05-24,1604.1,1359.3,1375.4,-15.26,stop_base,16
6062.T,2024-06-26,2024-08-02,1566.5,1317.2,1358.4,-15.91,stop_base,37
6070.T,2020-01-06,2020-01-27,487.4,484.2,487.4,-0.64,stop_breakeven,21
6070.T,2022-07-21,2022-08-02,1741.2,1690.8,1741.2,-2.89,stop_breakeven,12
6070.T,2022-08-15,2022-12-19,2082.3,2544.0,2082.3,22.17,time,126
6071.T,2023-02-09,2023-02-13,1007.2,841.0,850.8,-16.51,stop_base,4
6078.T,2020-02-20,2020-02-28,794.3,647.4,660.8,-18.49,stop_base,8
6078.T,2021-02-22,2021-03-04,930.1,746.4,758.1,-19.75,stop_base,10
6078.T,2022-08-01,2022-11-15,1382.9,1372.4,1382.9,-0.75,stop_breakeven,106
6078.T,2022-11-22,2022-12-20,1497.6,1485.3,1497.6,-0.82,stop_breakeven,28
6078.T,2024-07-29,2024-08-05,1505.3,1295.2,1379.2,-13.96,stop_base,7
6078.T,2024-10-07,2024-12-27,1728.2,1723.7,1728.2,-0.26,stop_breakeven,81
6080.T,2020-01-07,2020-01-27,4250.2,4083.6,4250.2,-3.92,stop_breakeven,20
6080.T,2023-01-26,2023-02-01,4902.3,3655.3,4107.4,-25.44,stop_base,6
6088.T,2020-01-16,2020-01-30,513.2,435.3,440.8,-15.17,stop_base,14
6088.T,2021-06-28,2021-08-02,531.4,525.6,531.4,-1.1,stop_breakeven,35
6088.T,2021-11-05,2021-11-29,663.0,635.1,663.0,-4.21,stop_breakeven,24
6088.T,2022-12-14,2023-02-07,652.9,514.4,522.2,-21.21,stop_base,55
6089.T,2021-03-19,2021-04-21,881.6,854.8,881.6,-3.04,stop_breakeven,33
6089.T,2021-06-16,2021-10-20,850.6,1079.2,850.6,26.87,time,126
6089.T,2021-11-04,2021-11-29,1135.5,1104.1,1135.5,-2.77,stop_breakeven,25
6089.T,2022-11-08,2022-11-14,1265.0,1113.5,1131.4,-11.98,stop_base,6
6098.T,2020-01-09,2020-02-26,4096.7,4033.5,4096.7,-1.54,stop_breakeven,48
6098.T,2021-05-21,2021-09-24,5264.2,6998.3,5264.2,32.94,time,126
6098.T,2021-10-15,2021-11-24,7219.9,7113.8,7219.9,-1.47,stop_breakeven,40
6098.T,2023-09-06,2023-09-28,5284.2,4556.9,4658.6,-13.76,stop_base,22
6098.T,2024-01-12,2024-04-19,6175.1,6073.4,6175.1,-1.65,stop_breakeven,98
6098.T,2024-04-30,2024-09-03,6859.6,9004.3,6859.6,31.27,time,126
6098.T,2024-09-20,2024-10-23,9208.0,9125.3,9208.0,-0.9,stop_breakeven,33
6098.T,2024-11-08,2025-02-20,9892.6,9826.9,9892.6,-0.66,stop_breakeven,104
6099.T,2020-08-13,2020-12-17,931.4,1406.2,931.4,50.97,time,126
6099.T,2021-01-22,2021-02-19,1516.3,1292.5,1326.9,-14.76,stop_base,28
6101.T,2020-01-10,2020-01-27,946.4,873.4,946.4,-7.71,stop_breakeven,17
6101.T,2021-01-14,2021-02-12,1391.1,1390.2,1391.1,-0.06,stop_breakeven,29
6101.T,2021-03-19,2021-07-26,1501.2,1420.4,1239.8,-5.38,time,129
6101.T,2023-03-07,2023-07-11,1363.2,1187.4,1142.6,-12.9,time,126
6101.T,2024-06-14,2024-08-01,1483.9,1477.4,1483.9,-0.44,stop_breakeven,48
6101.T,2024-09-26,2025-01-30,1447.3,1587.7,1447.3,9.7,time,126
6103.T,2021-01-28,2021-06-03,2807.3,2458.6,2403.1,-12.42,time,126
6103.T,2023-04-28,2023-09-01,2755.6,3155.4,2755.6,14.51,time,126
6103.T,2023-09-15,2023-10-03,3233.8,2980.8,3037.1,-7.82,stop_base,18
6104.T,2020-01-20,2020-03-09,2821.5,2006.7,2130.8,-28.88,stop_base,49
6113.T,2021-03-08,2021-05-12,1103.2,930.1,965.9,-15.69,stop_base,65
6113.T,2023-01-24,2023-05-30,1004.2,1224.9,1004.2,21.99,time,126
6113.T,2023-06-06,2023-10-10,1255.5,1363.8,1255.5,8.63,time,126
6113.T,2023-12-01,2024-04-05,1405.4,1558.1,1405.4,10.86,time,126
6113.T,2024-05-13,2024-05-22,1643.3,1620.5,1643.3,-1.39,stop_breakeven,9
6113.T,2024-07-01,2024-08-01,1716.3,1582.7,1586.9,-7.78,stop_base,31
6118.T,2021-08-12,2021-09-29,907.5,886.4,907.5,-2.32,stop_breakeven,48
6118.T,2021-12-29,2022-03-08,902.4,767.6,776.9,-14.94,stop_base,69
6118.T,2023-09-04,2023-10-04,921.7,834.0,850.1,-9.51,stop_base,30
6134.T,2020-07-16,2020-08-20,1652.7,1642.6,1652.7,-0.61,stop_breakeven,35
6134.T,2020-10-21,2021-02-24,1822.3,2176.6,1822.3,19.44,time,126
6134.T,2021-04-01,2021-06-21,2479.5,2111.6,2129.9,-14.84,stop_base,81
6134.T,2023-05-01,2023-09-04,2110.0,2220.2,2110.0,5.22,time,126
6135.T,2021-06-03,2021-07-19,4015.3,3659.2,3668.1,-8.87,stop_base,46
6135.T,2022-11-24,2022-12-21,4228.3,4012.5,4017.1,-5.1,stop_base,27
6135.T,2023-01-31,2023-04-06,4265.0,4243.7,4265.0,-0.5,stop_breakeven,65
6135.T,2023-04-28,2023-09-01,4621.9,6508.0,4621.9,40.81,time,126
6135.T,2023-12-20,2024-04-24,5631.8,6009.7,5631.8,6.71,time,126
6135.T,2024-07-11,2024-07-25,6716.8,6105.3,6162.6,-9.1,stop_base,14
6135.T,2024-12-10,2025-04-15,6942.8,10938.2,6942.8,57.55,time,126
6136.T,2021-09-07,2021-10-05,1824.6,1549.9,1585.9,-15.06,stop_base,28
6136.T,2023-01-24,2023-05-30,1778.2,1792.2,1603.1,0.79,time,126
6136.T,2023-06-13,2023-07-12,1830.5,1684.8,1685.7,-7.96,stop_base,29
6140.T,2021-11-08,2021-11-29,612.7,544.1,561.2,-11.2,stop_base,21
6140.T,2022-11-01,2022-11-09,672.0,620.1,622.2,-7.72,stop_base,8
6140.T,2023-01-24,2023-05-30,650.5,767.8,650.5,18.04,time,126
6140.T,2023-07-19,2023-11-22,824.3,843.5,716.9,2.34,time,126
6140.T,2023-11-30,2024-04-04,850.0,881.9,850.0,3.75,time,126
6140.T,2024-06-27,2024-08-02,931.7,819.0,819.9,-12.1,stop_base,36
6141.T,2021-03-15,2021-07-01,1600.7,1599.3,1600.7,-0.09,stop_breakeven,108
6141.T,2021-09-01,2021-10-05,1701.1,1671.1,1701.1,-1.76,stop_breakeven,34
6141.T,2022-01-04,2022-01-27,1739.4,1472.9,1516.4,-15.32,stop_base,23
6141.T,2023-01-24,2023-05-30,1788.0,2137.3,1788.0,19.54,time,126
6141.T,2023-06-02,2023-07-12,2180.6,2155.7,2180.6,-1.15,stop_breakeven,40
6141.T,2023-08-04,2023-09-29,2346.9,2332.2,2346.9,-0.63,stop_breakeven,56
6141.T,2023-12-06,2024-04-10,2478.5,3863.9,2478.5,55.9,time,126
6141.T,2024-05-01,2024-05-22,4132.9,4028.3,4132.9,-2.53,stop_breakeven,21
6143.T,2021-03-09,2021-06-29,868.8,860.2,868.8,-0.99,stop_breakeven,112
6146.T,2020-01-09,2020-02-28,7978.6,6530.9,6620.5,-18.14,stop_base,50
6146.T,2020-06-08,2020-07-31,7988.2,7633.3,7988.2,-4.44,stop_breakeven,53
6146.T,2020-11-09,2021-03-15,8999.7,10312.7,8999.7,14.59,time,126
6146.T,2021-03-30,2021-05-06,10912.9,10882.0,10912.9,-0.28,stop_breakeven,37
6146.T,2022-11-01,2023-03-07,11462.6,13764.8,11462.6,20.08,time,126
6146.T,2023-03-09,2023-04-04,14100.5,14060.3,14100.5,-0.28,stop_breakeven,26
6146.T,2023-04-21,2023-08-25,16191.3,25542.1,16191.3,57.75,time,126
6146.T,2023-10-12,2023-12-05,29783.0,28851.1,29783.0,-3.13,stop_breakeven,54
6146.T,2023-12-26,2024-04-30,33569.3,44881.6,33569.3,33.7,time,126
6146.T,2024-07-10,2024-07-18,64941.1,54151.9,56082.4,-16.61,stop_base,8
6151.T,2020-02-06,2020-02-27,2254.9,1993.3,1995.9,-11.6,stop_base,21
6151.T,2023-02-28,2023-07-04,1651.2,1855.4,1651.2,12.37,time,126
6151.T,2023-08-24,2023-11-07,1862.0,1738.7,1751.1,-6.62,stop_base,75
6151.T,2024-06-21,2024-07-08,2288.0,2102.6,2143.0,-8.1,stop_base,17
6151.T,2024-08-16,2024-09-10,2310.1,2287.0,2310.1,-1.0,stop_breakeven,25
6151.T,2024-10-31,2024-12-11,2501.8,2472.7,2501.8,-1.16,stop_breakeven,41
6167.T,2020-07-09,2020-10-16,544.7,499.5,501.1,-8.3,stop_base,99
6167.T,2024-06-18,2024-08-02,739.1,721.7,739.1,-2.36,stop_breakeven,45
6167.T,2024-09-26,2025-01-30,734.5,763.9,684.9,4.01,time,126
6178.T,2021-07-27,2021-10-01,767.1,762.0,767.1,-0.66,stop_breakeven,66
6178.T,2022-09-20,2023-01-24,862.9,953.1,862.9,10.45,time,126
6178.T,2023-01-26,2023-03-16,969.5,958.7,969.5,-1.11,stop_breakeven,49
6178.T,2023-05-01,2023-05-23,1018.8,922.0,935.8,-9.5,stop_base,22
6178.T,2023-10-06,2023-12-15,1149.4,1147.6,1149.4,-0.16,stop_breakeven,70
6178.T,2024-06-03,2024-07-25,1442.3,1434.8,1442.3,-0.52,stop_breakeven,52
6183.T,2021-03-18,2021-04-21,1602.7,1387.3,1401.2,-13.44,stop_base,34
6183.T,2023-09-05,2024-01-09,1440.9,1558.0,1440.9,8.12,time,126
6183.T,2024-01-19,2024-03-08,1650.7,1452.4,1455.3,-12.02,stop_base,49
6184.T,2022-12-12,2022-12-16,917.4,916.5,917.4,-0.1,stop_breakeven,4
6184.T,2023-01-31,2023-02-21,981.6,977.9,981.6,-0.38,stop_breakeven,21
6184.T,2023-03-06,2023-03-24,1078.6,903.0,912.8,-16.28,stop_base,18
6191.T,2021-05-18,2021-07-20,2442.4,2412.3,2442.4,-1.23,stop_breakeven,63
6194.T,2021-11-17,2022-01-05,2449.7,1992.9,2048.3,-18.64,stop_base,49
6196.T,2020-07-09,2020-07-28,1582.6,1378.3,1390.4,-12.91,stop_base,19
6196.T,2023-01-26,2023-02-01,1485.2,1219.4,1256.4,-17.9,stop_base,6
6197.T,2020-11-11,2020-11-26,1314.2,1303.9,1314.2,-0.79,stop_breakeven,15
6197.T,2021-01-21,2021-02-26,1381.6,1241.7,1251.2,-10.13,stop_base,36
6200.T,2020-01-15,2020-01-20,851.8,850.6,851.8,-0.14,stop_breakeven,5
6200.T,2021-03-18,2021-05-11,1126.6,1050.4,1126.6,-6.76,stop_breakeven,54
6200.T,2021-07-05,2021-07-27,1117.8,973.8,1117.8,-12.88,stop_breakeven,22
6200.T,2023-01-24,2023-02-20,1521.8,1235.7,1283.9,-18.8,stop_base,27
6200.T,2024-11-11,2025-01-06,1050.3,1040.6,1050.3,-0.93,stop_breakeven,56
6201.T,2020-01-22,2020-01-31,5855.0,5322.8,5473.6,-9.09,stop_base,9
6201.T,2020-11-11,2021-03-17,6624.7,9099.9,6624.7,37.36,time,126
6201.T,2021-03-18,2021-04-30,9172.7,8027.1,8180.8,-12.49,stop_base,43
6201.T,2021-06-02,2021-08-20,8898.6,7935.3,8027.1,-10.82,stop_base,79
6201.T,2021-11-04,2022-01-27,9204.1,7862.8,7973.8,-14.57,stop_base,84
6201.T,2023-08-01,2023-12-05,10179.0,11621.6,10179.0,14.17,time,126
6201.T,2024-01-22,2024-05-27,12275.6,14448.0,12275.6,17.7,time,126
6222.T,2021-03-18,2021-04-30,2522.0,2098.1,2130.0,-16.81,stop_base,43
6235.T,2020-01-09,2020-01-28,2661.2,2656.9,2661.2,-0.16,stop_breakeven,19
6235.T,2023-01-24,2023-02-14,2387.3,1814.9,2031.7,-23.97,stop_base,21
6237.T,2020-01-07,2020-02-18,1044.4,906.5,915.5,-13.2,stop_base,42
6237.T,2021-11-04,2022-03-10,962.9,877.7,795.1,-8.85,time,126
6237.T,2023-02-14,2023-03-14,1153.6,1139.3,1153.6,-1.24,stop_breakeven,28
6237.T,2023-05-01,2023-09-04,1214.2,1717.8,1214.2,41.47,time,126
6237.T,2023-10-12,2023-11-15,1841.4,1601.2,1646.9,-13.04,stop_base,34
6237.T,2023-11-21,2024-03-26,1903.8,2572.2,1903.8,35.11,time,126
6237.T,2024-06-19,2024-08-02,2605.6,2456.3,2605.6,-5.73,stop_breakeven,44
6237.T,2024-10-01,2024-12-04,2862.8,2400.8,2423.3,-16.14,stop_base,64
6238.T,2020-01-10,2020-02-28,962.2,785.3,793.8,-18.38,stop_base,49
6238.T,2021-08-11,2021-08-20,1239.0,1224.8,1239.0,-1.15,stop_breakeven,9
6238.T,2023-02-02,2023-03-16,1024.5,994.7,1024.5,-2.91,stop_breakeven,42
6238.T,2023-08-14,2023-11-16,1501.7,1137.3,1144.6,-24.26,stop_base,94
6240.T,2020-10-26,2020-11-05,1066.9,1006.8,1066.9,-5.63,stop_breakeven,10
6240.T,2024-07-01,2024-07-25,402.1,395.5,402.1,-1.65,stop_breakeven,24
6240.T,2024-09-26,2024-10-18,460.0,456.1,460.0,-0.83,stop_breakeven,22
6240.T,2024-11-06,2024-11-15,562.5,540.5,562.5,-3.92,stop_breakeven,9
6247.T,2023-02-15,2023-03-16,785.2,784.3,785.2,-0.11,stop_breakeven,29
6247.T,2023-05-08,2023-06-01,824.3,763.1,770.2,-7.42,stop_base,24
6247.T,2023-09-04,2024-01-09,876.6,852.0,810.1,-2.81,time,127
6247.T,2024-06-25,2024-08-02,985.6,910.7,931.1,-7.59,stop_base,38
6247.T,2024-09-20,2025-01-24,1049.3,963.2,877.5,-8.21,time,126
6250.T,2020-11-24,2020-12-22,1157.1,1043.3,1044.1,-9.83,stop_base,28
6250.T,2023-06-07,2023-07-13,1355.9,1348.9,1355.9,-0.52,stop_breakeven,36
6250.T,2023-08-08,2023-08-14,1449.0,1267.8,1348.9,-12.51,stop_base,6
6250.T,2024-01-25,2024-05-30,1445.9,1948.3,1445.9,34.75,time,126
6250.T,2024-06-11,2024-07-25,2001.3,1992.6,2001.3,-0.43,stop_breakeven,44
6250.T,2024-09-26,2025-01-30,2425.5,2697.5,2425.5,11.21,time,126
6254.T,2020-07-01,2020-07-17,442.6,441.5,442.6,-0.24,stop_breakeven,16
6254.T,2020-10-06,2021-02-09,415.6,739.4,415.6,77.9,time,126
6254.T,2021-03-30,2021-05-13,805.7,720.3,805.7,-10.6,stop_breakeven,44
6254.T,2021-08-12,2021-09-30,1080.5,1068.2,1080.5,-1.13,stop_breakeven,49
6254.T,2021-11-04,2022-01-06,1167.3,1143.1,1167.3,-2.08,stop_breakeven,63
6254.T,2023-04-28,2023-09-01,973.9,1399.3,973.9,43.68,time,126
6254.T,2023-09-14,2024-01-18,1487.6,3132.0,1487.6,110.54,time,126
6258.T,2021-01-27,2021-02-18,2642.6,2243.5,2294.9,-15.1,stop_base,22
6258.T,2021-04-05,2021-05-17,2304.5,1874.1,1941.1,-18.68,stop_base,42
6258.T,2023-01-24,2023-05-30,1915.1,2304.1,1915.1,20.32,time,126
6258.T,2023-06-05,2023-08-15,2332.3,2326.1,2332.3,-0.27,stop_breakeven,71
6264.T,2021-03-12,2021-07-16,588.6,964.9,588.6,63.91,time,126
6264.T,2021-09-08,2021-10-06,1024.1,815.6,822.2,-20.36,stop_base,28
6264.T,2022-01-05,2022-01-11,1539.1,1234.0,1242.2,-19.82,stop_base,6
6264.T,2024-05-24,2024-06-21,974.2,962.3,974.2,-1.22,stop_breakeven,28
6266.T,2020-07-13,2020-07-31,1754.2,1388.1,1472.7,-20.87,stop_base,18
6266.T,2020-10-08,2020-11-13,1414.1,1361.2,1414.1,-3.75,stop_breakeven,36
6266.T,2023-05-25,2023-09-28,1929.7,2763.9,1929.7,43.23,time,126
6266.T,2024-04-02,2024-04-16,4002.6,3973.5,4002.6,-0.73,stop_breakeven,14
6268.T,2020-02-12,2020-02-25,3051.9,2654.2,2714.8,-13.03,stop_base,13
6268.T,2020-11-09,2021-03-15,3567.7,4339.9,3567.7,21.64,time,126
6268.T,2021-04-01,2021-06-18,4639.8,3956.2,3987.0,-14.73,stop_base,78
6268.T,2023-01-24,2023-03-14,3395.4,2994.6,3019.4,-11.8,stop_base,49
6269.T,2021-06-04,2021-06-21,2156.0,1920.2,1957.9,-10.94,stop_base,17
6269.T,2023-12-25,2024-01-10,2099.0,2060.3,2099.0,-1.84,stop_breakeven,16
6269.T,2024-02-15,2024-05-22,2620.6,2603.4,2620.6,-0.66,stop_breakeven,97
6269.T,2024-07-16,2024-08-02,2849.1,2340.1,2530.6,-17.87,stop_base,17
6269.T,2024-11-07,2025-03-13,3440.5,4132.5,3440.5,20.12,time,126
6272.T,2021-09-06,2021-10-22,1343.9,1234.1,1239.2,-8.17,stop_base,46
6272.T,2024-06-25,2024-08-01,1588.2,1380.2,1398.9,-13.09,stop_base,37
6273.T,2020-01-10,2020-01-28,48793.3,44944.6,45100.7,-7.89,stop_base,18
6273.T,2020-06-02,2020-07-17,52690.1,52653.2,52690.1,-0.07,stop_breakeven,45
6273.T,2020-08-18,2020-12-22,55485.1,57970.8,55485.1,4.48,time,126
6273.T,2021-01-07,2021-03-08,62200.9,57110.0,57970.8,-8.18,stop_base,60
6273.T,2021-08-12,2021-09-29,67946.3,65947.1,67946.3,-2.94,stop_breakeven,48
6273.T,2021-11-17,2021-11-30,68496.0,67833.1,68496.0,-0.97,stop_breakeven,13
6273.T,2021-12-28,2022-01-14,72510.9,63799.5,66012.4,-12.01,stop_base,17
6273.T,2023-03-03,2023-07-07,67149.7,73282.4,67149.7,9.13,time,126
6273.T,2024-01-10,2024-04-19,75285.7,74022.1,75285.7,-1.68,stop_breakeven,100
6277.T,2020-07-21,2020-10-07,2647.3,2282.4,2295.7,-13.78,stop_base,78
6277.T,2020-11-20,2020-12-22,2808.1,2676.6,2808.1,-4.68,stop_breakeven,32
6277.T,2021-02-15,2021-04-08,3014.0,2958.9,3014.0,-1.83,stop_breakeven,52
6277.T,2021-09-08,2021-11-15,3197.4,2670.0,2742.5,-16.5,stop_base,68
6277.T,2023-03-07,2023-03-14,2629.4,2561.6,2629.4,-2.58,stop_breakeven,7
6277.T,2023-05-01,2023-05-31,2780.9,2533.1,2539.6,-8.91,stop_base,30
6277.T,2023-06-21,2023-10-25,2961.0,3949.9,2961.0,33.4,time,126
6277.T,2023-11-06,2023-11-13,4020.4,3762.1,4020.4,-6.43,stop_breakeven,7
6277.T,2024-01-16,2024-02-14,4067.3,4048.6,4067.3,-0.46,stop_breakeven,29
6277.T,2024-03-01,2024-06-07,4476.0,3829.6,3982.8,-14.44,stop_base,98
6278.T,2021-03-17,2021-04-21,3237.6,3201.8,3237.6,-1.11,stop_breakeven,35
6278.T,2021-06-02,2021-06-21,3479.8,3403.6,3479.8,-2.19,stop_breakeven,19
6278.T,2021-07-02,2021-11-05,3720.0,3502.8,3197.3,-5.84,time,126
6278.T,2021-11-11,2022-03-07,3720.0,3067.3,3217.7,-17.55,stop_base,116
6278.T,2024-04-08,2024-08-05,4399.0,4203.7,4399.0,-4.44,stop_breakeven,119
6278.T,2024-09-27,2024-11-11,6199.0,5637.2,6199.0,-9.06,stop_breakeven,45
6279.T,2020-01-29,2020-03-13,901.6,879.3,901.6,-2.47,stop_breakeven,44
6279.T,2020-06-19,2020-08-28,1029.1,987.2,1029.1,-4.07,stop_breakeven,70
6279.T,2023-04-24,2023-05-30,1045.4,1031.9,1045.4,-1.3,stop_breakeven,36
6279.T,2023-06-15,2023-07-04,1172.2,1168.4,1172.2,-0.33,stop_breakeven,19
6279.T,2023-08-10,2023-10-03,1415.2,1094.8,1115.1,-22.64,stop_base,54
6279.T,2023-12-13,2024-03-25,1432.1,1417.3,1432.1,-1.03,stop_breakeven,103
6282.T,2021-03-25,2021-04-21,1508.9,1346.4,1361.4,-10.77,stop_base,27
6282.T,2023-05-12,2023-09-15,1657.0,1871.5,1657.0,12.95,time,126
6282.T,2024-01-25,2024-05-30,1943.2,2030.7,1943.2,4.5,time,126
6282.T,2024-06-19,2024-08-05,2208.2,1810.4,1979.6,-18.01,stop_base,47
6284.T,2021-01-04,2021-01-18,5599.2,5519.9,5599.2,-1.42,stop_breakeven,14
6284.T,2021-04-09,2021-04-30,4937.9,4444.1,4505.8,-10.0,stop_base,21
6284.T,2022-11-18,2023-03-14,3674.2,3600.7,3674.2,-2.0,stop_breakeven,116
6284.T,2023-11-13,2023-12-25,4734.6,4088.6,4121.6,-13.65,stop_base,42
6284.T,2024-06-18,2024-08-02,5093.0,4621.5,4635.6,-9.26,stop_base,45
6287.T,2021-09-14,2021-10-05,2431.4,2181.0,2208.6,-10.3,stop_base,21
6287.T,2023-01-24,2023-05-17,1828.6,1801.7,1828.6,-1.47,stop_breakeven,113
6294.T,2021-03-10,2021-07-14,1104.6,1163.0,1104.6,5.28,time,126
6294.T,2021-11-15,2022-03-07,1211.9,1186.6,1211.9,-2.09,stop_breakeven,112
6294.T,2023-03-01,2023-07-05,1499.7,2169.1,1499.7,44.64,time,126
6294.T,2023-12-29,2024-05-07,2252.1,2739.8,2252.1,21.65,time,130
6298.T,2021-04-02,2021-05-13,431.4,360.4,362.5,-16.46,stop_base,41
6298.T,2021-05-31,2021-08-12,425.9,402.8,425.9,-5.42,stop_breakeven,73
6298.T,2023-04-28,2023-05-15,1249.8,1215.2,1249.8,-2.77,stop_breakeven,17
6298.T,2023-05-18,2023-07-05,1326.1,1318.5,1326.1,-0.58,stop_breakeven,48
6298.T,2023-09-08,2023-10-03,1323.4,1098.9,1099.7,-16.97,stop_base,25
6301.T,2021-01-07,2021-05-13,2454.9,2655.8,2454.9,8.18,time,126
6301.T,2022-06-07,2022-07-06,2925.6,2411.7,2460.1,-17.57,stop_base,29
6301.T,2023-05-01,2023-09-04,3053.7,3800.2,3053.7,24.45,time,126
6301.T,2023-09-05,2023-10-04,3830.5,3408.0,3472.4,-11.03,stop_base,29
6301.T,2024-02-28,2024-04-26,3973.5,3947.0,3973.5,-0.67,stop_breakeven,58
6301.T,2024-04-30,2024-07-24,4401.5,4355.2,4401.5,-1.05,stop_breakeven,85
6302.T,2021-03-19,2021-06-18,2661.5,2596.0,2661.5,-2.46,stop_breakeven,91
6302.T,2023-04-28,2023-09-01,2944.3,3391.0,2944.3,15.17,time,126
6302.T,2023-09-04,2023-10-02,3434.1,3409.3,3434.1,-0.72,stop_breakeven,28
6302.T,2023-12-04,2024-04-08,3264.5,4413.9,3264.5,35.21,time,126
6302.T,2024-07-03,2024-07-25,4080.9,3728.3,3782.1,-8.64,stop_base,22
6305.T,2020-07-13,2020-07-28,2589.0,2551.8,2589.0,-1.44,stop_breakeven,15
6305.T,2021-03-30,2021-04-28,3027.4,2649.0,2674.7,-12.5,stop_base,29
6305.T,2023-04-27,2023-08-31,2903.3,4062.9,2903.3,39.94,time,126
6305.T,2023-09-01,2023-10-03,4120.1,4050.6,4120.1,-1.69,stop_breakeven,32
6305.T,2024-03-27,2024-04-17,4247.5,4194.8,4247.5,-1.24,stop_breakeven,21
6306.T,2024-06-24,2024-08-05,704.7,624.2,649.8,-11.43,stop_base,42
6309.T,2021-06-10,2021-10-14,657.7,699.9,657.7,6.41,time,126
6309.T,2022-09-09,2022-10-28,726.8,691.7,692.9,-4.83,stop_base,49
6309.T,2023-09-01,2023-10-04,871.9,871.3,871.9,-0.07,stop_breakeven,33
6309.T,2023-11-28,2024-04-02,880.6,1355.6,880.6,53.94,time,126
6309.T,2024-06-12,2024-07-24,1376.6,1352.0,1376.6,-1.79,stop_breakeven,42
6310.T,2021-03-09,2021-05-26,1472.0,1160.9,1187.3,-21.13,stop_base,78
6310.T,2021-06-23,2021-08-19,1370.1,1366.5,1370.1,-0.26,stop_breakeven,57
6310.T,2021-09-07,2021-11-26,1582.7,1294.5,1303.3,-18.21,stop_base,80
6315.T,2020-11-09,2021-03-15,407.4,623.9,407.4,53.16,time,126
6315.T,2021-04-01,2021-04-14,692.8,676.5,692.8,-2.35,stop_breakeven,13
6315.T,2023-05-17,2023-09-20,732.8,1143.2,732.8,56.01,time,126
6315.T,2024-01-25,2024-05-30,2637.7,3925.6,2637.7,48.83,time,126
6323.T,2020-01-10,2020-02-27,432.4,339.4,345.7,-21.52,stop_base,48
6323.T,2020-06-17,2020-07-31,522.9,511.4,522.9,-2.19,stop_breakeven,44
6323.T,2020-10-08,2021-02-12,505.7,774.3,505.7,53.12,time,127
6323.T,2021-04-01,2021-07-28,806.2,784.2,806.2,-2.74,stop_breakeven,118
6323.T,2023-07-03,2023-07-12,1218.9,1013.3,1080.8,-16.87,stop_base,9
6323.T,2023-12-19,2024-04-23,1472.4,2457.3,1472.4,66.88,time,126
6323.T,2024-07-04,2024-07-12,3182.4,2995.2,3182.4,-5.88,stop_breakeven,8
6324.T,2020-02-13,2020-02-27,5388.0,4561.0,4788.3,-15.35,stop_base,14
6324.T,2020-08-06,2020-09-04,6213.7,5292.8,5312.2,-14.82,stop_base,29
6324.T,2020-09-16,2021-01-20,6388.2,8174.7,6388.2,27.96,time,126
6324.T,2021-04-09,2021-04-21,8020.3,7077.3,7174.7,-11.76,stop_base,12
6326.T,2020-11-06,2021-03-12,1785.6,2247.7,1785.6,25.88,time,126
6326.T,2021-04-13,2021-05-12,2308.3,2290.9,2308.3,-0.75,stop_breakeven,29
6328.T,2020-01-06,2020-02-07,477.4,432.4,439.4,-9.42,stop_base,32
6328.T,2020-06-16,2020-07-02,584.5,568.8,584.5,-2.68,stop_breakeven,16
6328.T,2020-07-27,2020-11-30,620.4,783.3,620.4,26.25,time,126
6328.T,2020-12-25,2021-04-30,875.1,1040.6,875.1,18.92,time,126
6328.T,2021-05-14,2021-08-05,1169.6,1109.0,1169.6,-5.18,stop_breakeven,83
6328.T,2021-09-14,2021-11-05,1250.7,1174.2,1250.7,-6.12,stop_breakeven,52
6328.T,2023-04-14,2023-07-06,1345.5,1345.0,1345.5,-0.03,stop_breakeven,83
6328.T,2023-09-05,2023-09-29,1407.1,1270.8,1280.6,-9.68,stop_base,24
6328.T,2024-06-18,2024-08-02,1811.6,1689.0,1811.6,-6.77,stop_breakeven,45
6328.T,2024-09-20,2024-12-18,1990.8,1981.2,1990.8,-0.48,stop_breakeven,89
6330.T,2021-06-28,2021-11-01,730.1,835.1,730.1,14.38,time,126
6330.T,2023-12-26,2024-02-02,754.0,749.2,754.0,-0.63,stop_breakeven,38
6330.T,2024-02-09,2024-06-14,798.8,888.2,798.8,11.19,time,126
6331.T,2020-02-03,2020-02-25,535.6,465.7,472.0,-13.04,stop_base,22
6331.T,2020-11-05,2021-03-11,543.7,794.1,543.7,46.05,time,126
6331.T,2023-03-02,2023-07-06,663.5,807.4,663.5,21.69,time,126
6331.T,2023-08-24,2023-10-04,822.8,767.6,774.9,-6.71,stop_base,41
6331.T,2023-11-01,2023-12-08,895.5,893.7,895.5,-0.2,stop_breakeven,37
6331.T,2023-12-26,2024-04-30,990.9,1187.8,990.9,19.87,time,126
6331.T,2024-05-16,2024-05-24,1274.7,1271.7,1274.7,-0.24,stop_breakeven,8
6331.T,2024-07-03,2024-07-25,1326.5,1161.9,1201.5,-12.41,stop_base,22
6332.T,2023-02-16,2023-06-22,976.0,1075.8,976.0,10.23,time,126
6332.T,2023-07-03,2023-11-06,1111.7,1212.6,1111.7,9.08,time,126
6332.T,2023-12-01,2024-04-05,1222.6,1260.7,1222.6,3.12,time,126
6332.T,2024-04-30,2024-05-15,1363.2,1256.1,1260.7,-7.86,stop_base,15
6332.T,2024-06-24,2024-07-24,1330.9,1330.0,1330.9,-0.07,stop_breakeven,30
6333.T,2020-01-08,2020-02-28,1157.0,992.0,1025.0,-14.26,stop_base,51
6333.T,2021-09-22,2022-01-19,1190.3,1168.0,1190.3,-1.87,stop_breakeven,119
6333.T,2022-07-20,2022-11-24,1494.0,2113.8,1494.0,41.49,time,127
6333.T,2023-01-25,2023-03-20,2111.2,2088.4,2111.2,-1.08,stop_breakeven,54
6333.T,2023-06-13,2023-08-21,2198.0,2162.2,2198.0,-1.63,stop_breakeven,69
6333.T,2023-09-05,2023-10-26,2404.3,2142.9,2147.8,-10.87,stop_base,51
6333.T,2023-11-13,2024-02-15,2505.3,2445.0,2505.3,-2.4,stop_breakeven,94
6339.T,2023-03-01,2023-07-05,667.0,946.3,667.0,41.88,time,126
6339.T,2023-08-31,2023-10-03,956.8,943.4,956.8,-1.4,stop_breakeven,33
6339.T,2023-11-16,2024-03-21,980.1,1034.7,980.1,5.57,time,126
6339.T,2024-03-26,2024-04-25,1101.0,1097.3,1101.0,-0.34,stop_breakeven,30
6340.T,2020-11-24,2021-03-23,3219.1,3176.4,3219.1,-1.33,stop_breakeven,119
6340.T,2023-06-19,2023-08-17,2525.9,2277.6,2285.2,-9.83,stop_base,59
6340.T,2024-04-08,2024-05-16,3384.0,3374.6,3384.0,-0.28,stop_breakeven,38
6340.T,2024-05-30,2024-06-21,3610.6,3568.1,3610.6,-1.18,stop_breakeven,22
6340.T,2024-09-20,2024-10-16,3617.7,3545.7,3617.7,-1.99,stop_breakeven,26
6340.T,2024-11-11,2025-02-12,3886.4,3350.0,3411.4,-13.8,stop_base,93
6345.T,2020-01-20,2020-01-31,601.7,557.8,601.7,-7.3,stop_breakeven,11
6345.T,2020-06-09,2020-10-13,603.2,706.5,603.2,17.12,time,126
6345.T,2020-10-21,2021-02-24,739.1,697.7,637.7,-5.6,time,126
6345.T,2023-08-24,2023-10-25,812.6,810.9,812.6,-0.21,stop_breakeven,62
6345.T,2023-12-01,2024-04-05,855.9,968.9,855.9,13.2,time,126
6345.T,2024-05-07,2024-08-02,1054.9,1021.1,1054.9,-3.21,stop_breakeven,87
6345.T,2024-09-20,2024-11-01,1091.6,1090.0,1091.6,-0.14,stop_breakeven,42
6345.T,2024-12-03,2025-03-11,1334.8,1332.0,1334.8,-0.21,stop_breakeven,98
6349.T,2023-01-24,2023-05-30,734.6,821.3,734.6,11.8,time,126
6349.T,2023-07-05,2023-10-04,877.3,846.7,877.3,-3.5,stop_breakeven,91
6349.T,2023-10-31,2023-12-05,1001.3,963.8,1001.3,-3.75,stop_breakeven,35
6349.T,2024-01-05,2024-04-11,1082.6,1078.3,1082.6,-0.4,stop_breakeven,97
6349.T,2024-05-27,2024-07-25,1136.2,1132.6,1136.2,-0.32,stop_breakeven,59
6351.T,2022-07-20,2022-11-14,963.2,958.1,963.2,-0.52,stop_breakeven,117
6351.T,2023-04-28,2023-09-01,1109.1,1470.2,1109.1,32.56,time,126
6351.T,2023-11-01,2024-02-14,1574.7,1531.3,1574.7,-2.76,stop_breakeven,105
6351.T,2024-03-07,2024-07-11,1799.0,2038.2,1799.0,13.3,time,126
6358.T,2021-11-17,2021-11-29,1131.2,1070.7,1131.2,-5.35,stop_breakeven,12
6358.T,2022-11-02,2023-03-08,1280.5,1758.0,1280.5,37.29,time,126
6358.T,2023-04-03,2023-08-07,1785.7,2264.8,1785.7,26.83,time,126
6358.T,2023-08-10,2023-08-16,2386.8,2149.4,2151.6,-9.95,stop_base,6
6358.T,2023-09-25,2024-01-29,2447.8,3089.6,2447.8,26.22,time,126
6358.T,2024-03-27,2024-04-19,3085.2,2773.2,2779.7,-10.11,stop_base,23
6361.T,2020-02-06,2020-02-14,601.0,498.3,518.1,-17.1,stop_base,8
6361.T,2021-02-15,2021-06-21,725.3,935.6,725.3,29.0,time,126
6361.T,2021-09-03,2021-09-21,1039.0,1024.9,1039.0,-1.36,stop_breakeven,18
6361.T,2021-10-26,2021-12-20,1095.4,1072.5,1095.4,-2.09,stop_breakeven,55
6361.T,2022-01-04,2022-01-21,1180.8,1030.3,1063.7,-12.75,stop_base,17
6361.T,2023-05-25,2023-09-28,1183.0,1330.8,1183.0,12.5,time,126
6361.T,2023-11-13,2024-03-18,1353.3,2487.1,1353.3,83.78,time,126
6361.T,2024-04-09,2024-05-30,2664.6,2221.3,2247.2,-16.64,stop_base,51
6361.T,2024-07-04,2024-07-22,2492.2,2120.2,2147.4,-14.93,stop_base,18
6363.T,2022-06-07,2022-06-20,1205.2,1112.9,1114.7,-7.66,stop_base,13
6363.T,2022-08-05,2022-09-15,1221.4,1210.6,1221.4,-0.88,stop_breakeven,41
6363.T,2022-11-11,2022-12-20,1311.7,1310.8,1311.7,-0.07,stop_breakeven,39
6363.T,2023-02-09,2023-03-14,1398.3,1350.9,1398.3,-3.39,stop_breakeven,33
6363.T,2023-04-03,2023-05-26,1484.1,1478.5,1484.1,-0.38,stop_breakeven,53
6363.T,2023-06-12,2023-10-16,1578.8,1704.4,1578.8,7.95,time,126
6363.T,2023-11-10,2024-03-15,1832.5,2496.7,1832.5,36.25,time,126
6363.T,2024-03-27,2024-05-15,2672.9,2647.2,2672.9,-0.96,stop_breakeven,49
6363.T,2024-05-16,2024-07-22,2909.1,2880.5,2909.1,-0.98,stop_breakeven,67
6364.T,2022-10-19,2023-02-22,950.6,1236.6,950.6,30.09,time,126
6364.T,2023-02-28,2023-03-20,1289.5,1112.9,1155.9,-13.7,stop_base,20
6364.T,2023-06-28,2023-11-01,1327.0,1808.6,1327.0,36.3,time,126
6364.T,2023-11-17,2024-03-11,1905.8,1805.8,1905.8,-5.24,stop_breakeven,115
6367.T,2020-01-22,2020-02-28,15050.1,13595.9,13946.7,-9.66,stop_base,37
6367.T,2020-06-26,2020-10-30,15950.5,18165.0,15950.5,13.88,time,126
6367.T,2020-11-04,2021-03-10,19120.9,20449.7,19120.9,6.95,time,126
6367.T,2021-05-10,2021-05-12,21631.8,19591.7,19601.1,-9.43,stop_base,2
6367.T,2021-12-16,2022-01-27,25357.3,21671.1,21741.5,-14.54,stop_base,42
6367.T,2023-06-15,2023-07-07,28203.6,27760.1,28203.6,-1.57,stop_breakeven,22
6368.T,2020-01-07,2020-01-30,1584.1,1522.3,1584.1,-3.9,stop_breakeven,23
6368.T,2021-10-29,2022-03-04,1654.4,1888.1,1654.4,14.13,time,126
6368.T,2022-08-02,2022-10-13,2271.9,1855.7,1895.2,-18.32,stop_base,72
6368.T,2022-12-13,2022-12-21,2819.7,2805.6,2819.7,-0.5,stop_breakeven,8
6368.T,2023-01-24,2023-03-14,2983.6,2946.1,2983.6,-1.26,stop_breakeven,49
6368.T,2023-03-29,2023-04-05,3231.8,3187.4,3231.8,-1.38,stop_breakeven,7
6368.T,2023-05-19,2023-09-22,3376.5,3745.4,3376.5,10.92,time,126
6368.T,2023-09-28,2024-02-01,3983.7,5846.5,3983.7,46.76,time,126
6368.T,2024-02-07,2024-06-12,6142.7,8121.0,6142.7,32.21,time,126
6369.T,2022-07-29,2022-08-23,1128.4,1062.4,1063.2,-5.85,stop_base,25
6369.T,2023-05-18,2023-08-21,1397.4,1386.6,1397.4,-0.77,stop_breakeven,95
6369.T,2023-11-14,2024-03-19,1535.2,2006.7,1535.2,30.72,time,126
6369.T,2024-03-21,2024-05-15,2024.0,1797.1,1819.4,-11.21,stop_base,55
6370.T,2020-01-09,2020-02-12,2971.0,2953.0,2971.0,-0.61,stop_breakeven,34
6370.T,2020-11-16,2021-03-22,3266.9,4502.8,3266.9,37.83,time,126
6370.T,2021-04-08,2021-08-12,4546.6,4662.2,4546.6,2.54,time,126
6370.T,2021-09-08,2021-09-29,5161.8,5148.4,5161.8,-0.26,stop_breakeven,21
6370.T,2021-11-04,2022-01-19,5455.6,4594.5,4710.8,-15.78,stop_base,76
6370.T,2022-11-01,2022-12-02,5662.2,5520.4,5662.2,-2.5,stop_breakeven,31
6370.T,2023-01-25,2023-03-16,5605.5,5548.8,5605.5,-1.01,stop_breakeven,50
6370.T,2024-07-02,2024-07-23,6722.0,6232.5,6290.4,-7.28,stop_base,21
6371.T,2021-07-14,2021-08-20,921.0,905.8,921.0,-1.65,stop_breakeven,37
6371.T,2021-09-08,2021-11-05,991.5,889.2,898.9,-10.32,stop_base,58
6371.T,2023-05-08,2023-09-11,1051.8,1172.7,1051.8,11.49,time,126
6371.T,2023-09-12,2024-01-16,1187.6,1216.3,1099.6,2.42,time,126
6371.T,2024-01-19,2024-05-24,1243.6,1812.9,1243.6,45.78,time,126
6371.T,2024-06-17,2024-08-02,1874.7,1816.0,1874.7,-3.13,stop_breakeven,46
6376.T,2021-05-18,2021-08-13,1042.0,888.1,938.9,-14.77,stop_base,87
6376.T,2022-11-07,2023-02-15,919.7,862.8,919.7,-6.18,stop_breakeven,100
6376.T,2024-04-09,2024-05-30,1229.7,1139.9,1141.8,-7.3,stop_base,51
6376.T,2024-07-17,2024-08-01,1178.8,1078.4,1081.4,-8.52,stop_base,15
6379.T,2020-08-11,2020-11-13,943.7,863.6,865.0,-8.49,stop_base,94
6379.T,2023-01-31,2023-06-06,1057.3,1148.1,1057.3,8.59,time,126
6379.T,2023-06-27,2023-10-31,1257.7,1210.4,1123.7,-3.77,time,126
6379.T,2023-12-22,2024-04-26,1269.7,1794.1,1269.7,41.3,time,126
6379.T,2024-07-10,2024-08-02,1686.1,1516.8,1584.3,-10.04,stop_base,23
6381.T,2022-11-22,2022-12-20,802.0,751.9,753.6,-6.24,stop_base,28
6381.T,2023-05-11,2023-09-14,929.6,1057.6,929.6,13.77,time,126
6381.T,2024-02-16,2024-06-21,1200.3,1450.2,1200.3,20.82,time,126
6381.T,2024-06-24,2024-08-05,1499.7,1184.2,1214.5,-21.04,stop_base,42
6383.T,2020-06-24,2020-09-04,2852.3,2849.3,2852.3,-0.11,stop_breakeven,72
6383.T,2020-09-23,2021-01-27,3126.2,3891.3,3126.2,24.47,time,126
6383.T,2024-02-09,2024-04-19,3106.5,3052.8,3106.5,-1.73,stop_breakeven,70
6387.T,2020-06-01,2020-10-05,1974.3,2415.5,1974.3,22.35,time,126
6387.T,2020-10-09,2021-02-12,2745.3,3532.6,2745.3,28.68,time,126
6387.T,2021-04-07,2021-05-13,3372.8,2827.9,2842.0,-16.16,stop_base,36
6387.T,2022-11-07,2023-01-04,3142.1,3122.9,3142.1,-0.61,stop_breakeven,58
6387.T,2023-05-22,2023-06-02,5361.8,5352.2,5361.8,-0.18,stop_breakeven,11
6390.T,2023-08-10,2023-12-14,1113.0,1069.1,981.2,-3.94,time,126
6390.T,2023-12-29,2024-05-07,1107.7,1223.5,1107.7,10.46,time,130
6395.T,2021-07-05,2021-11-02,1095.6,1056.5,1095.6,-3.57,stop_breakeven,120
6395.T,2023-03-01,2023-07-05,973.8,1045.7,973.8,7.39,time,126
6395.T,2023-08-29,2023-10-23,1067.0,1056.4,1067.0,-1.0,stop_breakeven,55
6395.T,2024-02-15,2024-04-17,1203.2,1165.6,1203.2,-3.12,stop_breakeven,62
6407.T,2020-01-10,2020-02-18,1660.5,1589.6,1660.5,-4.27,stop_breakeven,39
6407.T,2020-07-07,2020-07-31,1740.0,1707.7,1740.0,-1.86,stop_breakeven,24
6407.T,2021-01-07,2021-01-29,2050.8,2030.3,2050.8,-1.0,stop_breakeven,22
6407.T,2021-04-07,2021-06-11,2119.9,2112.2,2119.9,-0.37,stop_breakeven,65
6407.T,2023-02-01,2023-06-07,1853.5,2116.2,1853.5,14.18,time,126
6407.T,2023-06-13,2023-08-16,2161.8,1837.8,1869.5,-14.99,stop_base,64
6407.T,2023-12-26,2024-02-01,2384.7,2370.6,2384.7,-0.59,stop_breakeven,37
6407.T,2024-02-13,2024-06-18,2596.6,3120.9,2596.6,20.19,time,126
6407.T,2024-07-03,2024-07-18,3144.6,2834.9,2859.6,-9.85,stop_base,15
6412.T,2021-10-15,2021-11-16,1790.4,1644.0,1661.9,-8.18,stop_base,32
6412.T,2022-10-19,2023-02-22,2125.9,2203.4,1783.8,3.65,time,126
6412.T,2023-02-24,2023-03-20,2212.2,2184.9,2212.2,-1.23,stop_breakeven,24
6412.T,2023-04-20,2023-05-26,2376.4,2157.4,2184.9,-9.22,stop_base,36
6412.T,2024-12-19,2025-04-24,2280.2,2134.9,1981.2,-6.37,time,126
6413.T,2020-01-22,2020-02-03,771.2,704.5,723.6,-8.65,stop_base,12
6413.T,2020-02-13,2020-02-25,772.0,702.9,704.5,-8.94,stop_base,12
6413.T,2021-07-27,2021-11-30,735.7,816.0,735.7,10.92,time,126
6413.T,2021-12-29,2022-01-19,874.9,811.6,816.0,-7.24,stop_base,21
6413.T,2022-07-27,2022-08-10,1038.5,1031.7,1038.5,-0.65,stop_breakeven,14
6413.T,2023-11-07,2023-12-25,1172.8,1170.1,1172.8,-0.23,stop_breakeven,48
6413.T,2024-01-10,2024-05-15,1268.5,1374.9,1268.5,8.39,time,126
6413.T,2024-05-23,2024-07-17,1432.6,1421.1,1432.6,-0.81,stop_breakeven,55
6413.T,2024-08-20,2024-12-04,1578.0,1550.3,1578.0,-1.75,stop_breakeven,106
6417.T,2022-07-26,2022-08-10,722.0,683.9,684.8,-5.28,stop_base,15
6417.T,2022-11-22,2023-01-05,868.7,865.3,868.7,-0.4,stop_breakeven,44
6417.T,2023-02-13,2023-03-16,928.8,925.4,928.8,-0.37,stop_breakeven,31
6417.T,2023-03-30,2023-05-12,982.0,980.3,982.0,-0.18,stop_breakeven,43
6417.T,2023-05-17,2023-08-14,1067.5,1058.4,1067.5,-0.85,stop_breakeven,89
6417.T,2023-09-01,2023-10-19,1130.8,1110.1,1130.8,-1.84,stop_breakeven,48
6417.T,2023-12-01,2024-04-05,1161.7,1513.7,1161.7,30.29,time,126
6417.T,2024-04-30,2024-05-10,1575.2,1408.6,1471.5,-10.57,stop_base,10
6417.T,2024-06-17,2024-07-26,1530.7,1498.1,1530.7,-2.13,stop_breakeven,39
6417.T,2024-10-09,2024-11-01,2013.5,1858.8,1859.6,-7.69,stop_base,23
6417.T,2024-11-12,2025-02-14,2024.7,1986.9,2024.7,-1.87,stop_breakeven,94
6418.T,2022-11-09,2023-03-15,691.4,1088.4,691.4,57.42,time,126
6418.T,2023-04-12,2023-05-30,1274.5,1003.4,1017.1,-21.27,stop_base,48
6419.T,2022-10-31,2023-03-06,1544.1,2245.9,1544.1,45.45,time,126
6419.T,2023-03-08,2023-06-12,2274.7,2267.6,2274.7,-0.31,stop_breakeven,96
6419.T,2023-07-27,2023-08-09,2512.6,2426.9,2512.6,-3.41,stop_breakeven,13
6419.T,2024-06-04,2024-08-05,3439.2,2655.1,2737.9,-22.8,stop_base,62
6420.T,2021-05-17,2021-06-30,2042.3,2024.2,2042.3,-0.89,stop_breakeven,44
6420.T,2021-08-11,2021-10-05,2146.6,2110.4,2146.6,-1.69,stop_breakeven,55
6420.T,2023-01-31,2023-03-14,2025.0,2004.2,2025.0,-1.02,stop_breakeven,42
6420.T,2023-03-29,2023-08-02,2200.0,2264.6,2200.0,2.93,time,126
6420.T,2023-08-23,2023-12-27,2433.1,2283.3,2194.4,-6.15,time,126
6420.T,2024-06-10,2024-08-01,3109.6,3095.3,3109.6,-0.46,stop_breakeven,52
6430.T,2021-11-04,2022-03-08,1112.2,996.8,998.4,-10.38,stop_base,124
6430.T,2022-07-26,2022-11-29,1107.7,1433.9,1107.7,29.45,time,126
6430.T,2022-12-06,2023-04-11,1519.2,2855.0,1519.2,87.92,time,126
6430.T,2023-05-18,2023-05-31,3066.0,2497.7,2500.4,-18.54,stop_base,13
6432.T,2020-08-12,2020-12-16,1643.9,2048.5,1643.9,24.62,time,126
6432.T,2021-01-07,2021-05-13,2203.0,2406.9,2203.0,9.26,time,126
6432.T,2023-02-14,2023-03-20,2567.9,2540.0,2567.9,-1.09,stop_breakeven,34
6432.T,2023-04-12,2023-08-16,3034.0,3930.1,3034.0,29.54,time,126
6432.T,2023-09-04,2023-10-04,4289.5,4080.2,4289.5,-4.88,stop_breakeven,30
6432.T,2024-02-22,2024-06-27,4694.3,5236.5,4694.3,11.55,time,126
6436.T,2021-09-08,2021-10-05,2393.3,2153.4,2166.9,-10.03,stop_base,27
6436.T,2023-05-16,2023-07-12,2569.8,2566.7,2569.8,-0.12,stop_breakeven,57
6436.T,2023-07-28,2023-10-23,2802.9,2767.4,2802.9,-1.26,stop_breakeven,87
6436.T,2023-12-05,2024-04-09,2856.8,3493.1,2856.8,22.27,time,126
6436.T,2024-06-05,2024-07-26,3560.9,3412.6,3560.9,-4.16,stop_breakeven,51
6436.T,2024-09-26,2025-01-30,4062.5,3832.0,3546.2,-5.67,time,126
6440.T,2021-04-07,2021-05-26,843.1,703.0,711.0,-16.61,stop_base,49
6445.T,2020-11-09,2021-03-15,542.0,690.9,542.0,27.46,time,126
6445.T,2022-07-25,2022-09-06,644.2,582.1,585.5,-9.64,stop_base,43
6445.T,2024-10-16,2025-02-19,827.3,944.1,827.3,14.12,time,126
6448.T,2020-02-06,2020-02-18,1900.4,1735.4,1737.8,-8.68,stop_base,12
6448.T,2021-03-19,2021-07-26,2141.0,1973.5,1758.7,-7.82,time,129
6448.T,2021-09-14,2021-11-09,2182.1,1817.7,1860.3,-16.7,stop_base,56
6448.T,2022-07-20,2022-11-10,2180.0,2020.4,2180.0,-7.32,stop_breakeven,113
6448.T,2023-12-06,2023-12-21,2327.5,2089.7,2109.0,-10.22,stop_base,15
6448.T,2024-02-07,2024-06-12,2412.1,2718.2,2412.1,12.69,time,126
6448.T,2024-07-09,2024-08-05,2857.9,2342.1,2549.3,-18.05,stop_base,27
6448.T,2024-09-26,2024-11-11,2686.6,2644.0,2686.6,-1.59,stop_breakeven,46
6454.T,2021-07-26,2021-10-05,400.4,390.1,400.4,-2.57,stop_breakeven,71
6454.T,2021-12-16,2022-01-26,405.8,380.9,381.3,-6.13,stop_base,41
6454.T,2022-10-19,2022-12-20,463.8,430.4,430.6,-7.2,stop_base,62
6454.T,2023-01-31,2023-06-06,451.1,539.1,451.1,19.5,time,126
6454.T,2023-06-09,2023-10-13,546.2,605.8,546.2,10.91,time,126
6454.T,2023-11-06,2024-03-11,653.2,722.0,653.2,10.54,time,126
6454.T,2024-03-19,2024-07-23,761.3,866.2,761.3,13.77,time,126
6454.T,2024-09-26,2024-10-25,890.0,817.3,822.1,-8.17,stop_base,29
6455.T,2020-09-25,2020-10-02,1707.1,1706.5,1707.1,-0.04,stop_breakeven,7
6455.T,2023-08-08,2023-10-03,1454.5,1439.6,1454.5,-1.02,stop_breakeven,56
6455.T,2024-03-15,2024-07-19,1565.8,1731.9,1565.8,10.61,time,126
6455.T,2024-07-31,2024-08-02,1839.1,1619.9,1634.2,-11.92,stop_base,2
6455.T,2024-09-20,2024-10-22,1891.3,1885.2,1891.3,-0.32,stop_breakeven,32
6455.T,2024-12-03,2025-04-04,2063.0,1846.5,1861.2,-10.49,stop_base,122
6457.T,2020-01-14,2020-01-28,2759.6,2620.8,2641.2,-5.03,stop_base,14
6457.T,2022-11-01,2022-11-09,2049.0,1828.3,1879.2,-10.77,stop_base,8
6457.T,2022-11-24,2023-03-30,2098.9,2624.3,2098.9,25.03,time,126
6457.T,2023-04-04,2023-08-08,2638.7,2736.9,2638.7,3.72,time,126
6458.T,2021-03-17,2021-05-17,574.0,563.6,574.0,-1.81,stop_breakeven,61
6458.T,2021-07-13,2021-11-10,564.1,545.8,564.1,-3.25,stop_breakeven,120
6458.T,2023-05-16,2023-07-13,571.8,570.9,571.8,-0.16,stop_breakeven,58
6458.T,2023-08-28,2024-01-04,592.4,819.0,592.4,38.26,time,129
6458.T,2024-01-05,2024-05-10,835.1,1265.4,835.1,51.53,time,126
6458.T,2024-05-13,2024-05-29,1270.0,1234.5,1270.0,-2.79,stop_breakeven,16
6458.T,2024-07-16,2024-08-02,1342.6,1121.9,1138.9,-16.44,stop_base,17
6459.T,2021-08-11,2021-12-15,1023.6,1091.8,1023.6,6.66,time,126
6459.T,2021-12-28,2022-01-18,1130.8,1045.7,1051.1,-7.53,stop_base,21
6459.T,2022-11-24,2022-12-02,1184.3,1071.7,1076.2,-9.51,stop_base,8
6459.T,2023-01-24,2023-03-15,1117.3,1111.7,1117.3,-0.49,stop_breakeven,50
6459.T,2023-03-29,2023-04-06,1243.3,1215.7,1243.3,-2.22,stop_breakeven,8
6459.T,2023-05-10,2023-09-13,1325.3,1356.4,1170.6,2.35,time,126
6459.T,2023-12-26,2024-02-09,1420.6,1417.7,1420.6,-0.2,stop_breakeven,45
6459.T,2024-07-02,2024-08-02,1542.5,1325.3,1332.2,-14.08,stop_base,31
6460.T,2020-02-21,2020-02-28,1456.2,1236.3,1284.1,-15.1,stop_base,7
6460.T,2023-05-08,2023-05-29,2556.3,2544.1,2556.3,-0.48,stop_breakeven,21
6460.T,2023-06-06,2023-08-30,2705.6,2704.7,2705.6,-0.03,stop_breakeven,85
6460.T,2024-12-25,2025-01-08,2898.3,2895.9,2898.3,-0.08,stop_breakeven,14
6463.T,2023-03-08,2023-05-31,630.3,628.4,630.3,-0.3,stop_breakeven,84
6463.T,2023-06-13,2023-10-17,678.3,791.9,678.3,16.75,time,126
6463.T,2024-01-05,2024-05-10,800.5,1065.8,800.5,33.15,time,126
6463.T,2024-06-03,2024-08-01,1106.7,1101.7,1106.7,-0.46,stop_breakeven,59
6463.T,2024-12-26,2025-01-15,1150.3,1080.3,1081.3,-6.09,stop_base,20
6464.T,2021-03-11,2021-07-15,1267.6,1466.9,1267.6,15.72,time,126
6465.T,2020-01-09,2020-02-25,4558.6,4522.3,4558.6,-0.79,stop_breakeven,47
6465.T,2023-02-16,2023-03-20,4406.0,4382.5,4406.0,-0.53,stop_breakeven,32
6465.T,2023-05-09,2023-09-12,4660.5,5420.4,4660.5,16.3,time,126
6471.T,2021-03-04,2021-04-20,896.8,885.8,896.8,-1.23,stop_breakeven,47
6471.T,2022-10-31,2022-12-21,683.8,603.8,615.1,-11.7,stop_base,51
6471.T,2023-06-30,2023-08-16,814.3,730.7,742.1,-10.27,stop_base,47
6471.T,2023-09-19,2023-11-01,782.3,704.8,715.0,-9.9,stop_base,43
6472.T,2021-03-19,2021-06-18,308.0,263.0,263.9,-14.61,stop_base,91
6472.T,2022-09-08,2022-11-17,247.1,245.1,247.1,-0.83,stop_breakeven,70
6472.T,2023-02-03,2023-05-15,262.9,262.2,262.9,-0.27,stop_breakeven,101
6473.T,2021-05-20,2021-06-21,974.5,958.2,974.5,-1.67,stop_breakeven,32
6473.T,2023-05-18,2023-09-21,1058.4,1342.3,1058.4,26.83,time,126
6474.T,2021-03-15,2021-05-12,4324.8,3606.2,3632.3,-16.62,stop_base,58
6479.T,2020-01-09,2020-02-27,2102.0,1851.3,1876.5,-11.93,stop_base,49
6479.T,2021-03-10,2021-04-21,2509.9,2483.8,2509.9,-1.04,stop_breakeven,42
6479.T,2021-05-25,2021-06-09,2685.0,2659.1,2685.0,-0.96,stop_breakeven,15
6479.T,2021-07-12,2021-08-20,2883.3,2495.8,2550.2,-13.44,stop_base,39
6479.T,2022-01-04,2022-01-19,3100.1,2676.9,2769.7,-13.65,stop_base,15
6479.T,2023-06-05,2023-08-16,2616.8,2285.6,2286.5,-12.66,stop_base,72
6479.T,2023-12-15,2024-04-11,2728.0,2704.5,2728.0,-0.86,stop_breakeven,118
6479.T,2024-07-02,2024-07-25,3426.6,3391.8,3426.6,-1.01,stop_breakeven,23
6480.T,2021-05-07,2021-05-13,595.5,523.3,544.5,-12.13,stop_base,6
6480.T,2021-07-06,2021-07-20,543.7,537.7,543.7,-1.09,stop_breakeven,14
6480.T,2023-02-07,2023-02-20,534.3,525.5,534.3,-1.66,stop_breakeven,13
6480.T,2023-05-01,2023-08-04,531.1,490.6,491.0,-7.63,stop_base,95
6481.T,2020-01-14,2020-01-31,2649.9,2354.0,2364.9,-11.17,stop_base,17
6481.T,2021-01-06,2021-01-29,2898.8,2789.5,2898.8,-3.77,stop_breakeven,23
6481.T,2021-02-15,2021-04-20,3234.8,3201.2,3234.8,-1.04,stop_breakeven,64
6481.T,2023-02-16,2023-04-06,2562.4,2516.2,2562.4,-1.8,stop_breakeven,49
6481.T,2023-05-19,2023-07-12,2768.2,2481.1,2516.2,-10.37,stop_base,54
6486.T,2021-02-01,2021-02-19,889.9,876.9,889.9,-1.47,stop_breakeven,18
6486.T,2021-03-17,2021-07-21,967.7,943.5,833.7,-2.51,time,126
6486.T,2021-07-26,2021-08-19,991.4,981.9,991.4,-0.95,stop_breakeven,24
6486.T,2022-11-24,2022-12-07,951.8,888.0,889.7,-6.7,stop_base,13
6486.T,2023-01-24,2023-05-30,942.5,1312.8,942.5,39.28,time,126
6486.T,2023-07-24,2023-11-27,1560.5,1469.8,1376.5,-5.82,time,126
6486.T,2024-03-08,2024-07-12,1608.6,1691.8,1608.6,5.18,time,126
6486.T,2024-07-24,2024-08-05,1887.8,1510.4,1674.5,-19.99,stop_base,12
6486.T,2024-09-20,2025-01-24,1921.5,1935.5,1668.1,0.73,time,126
6490.T,2020-01-17,2020-02-03,1286.2,1174.2,1191.2,-8.71,stop_base,17
6490.T,2020-02-10,2020-02-25,1326.7,1133.6,1174.2,-14.56,stop_base,15
6490.T,2020-07-20,2020-10-26,1244.8,1224.5,1244.8,-1.64,stop_breakeven,98
6490.T,2020-11-27,2021-04-02,1375.5,1598.6,1375.5,16.22,time,126
6490.T,2021-04-05,2021-08-10,1601.2,2220.1,1601.2,38.66,time,127
6490.T,2021-08-12,2021-10-04,2254.0,2217.0,2254.0,-1.64,stop_breakeven,53
6490.T,2021-12-28,2022-02-10,3121.7,2551.5,2567.0,-18.26,stop_base,44
6490.T,2023-02-24,2023-06-30,3123.8,4268.6,3123.8,36.65,time,126
6490.T,2024-01-18,2024-02-09,4292.8,4250.8,4292.8,-0.98,stop_breakeven,22
6490.T,2024-02-14,2024-03-11,5164.4,5136.4,5164.4,-0.54,stop_breakeven,26
6490.T,2024-03-29,2024-05-14,5962.8,5480.1,5962.8,-8.1,stop_breakeven,46
6490.T,2024-07-04,2024-07-25,5290.8,4670.9,4808.1,-11.72,stop_base,21
6498.T,2021-08-12,2021-10-05,722.1,622.2,633.9,-13.84,stop_base,54
6498.T,2022-09-20,2022-11-10,724.9,718.8,724.9,-0.84,stop_breakeven,51
6498.T,2023-01-31,2023-06-06,730.9,950.5,730.9,30.04,time,126
6498.T,2023-06-12,2023-10-16,979.0,931.8,802.3,-4.83,time,126
6498.T,2023-11-09,2024-03-14,986.2,1170.7,986.2,18.7,time,126
6498.T,2024-03-27,2024-05-14,1250.3,1061.5,1113.3,-15.1,stop_base,48
6501.T,2021-03-04,2021-03-31,942.7,924.7,942.7,-1.9,stop_breakeven,27
6501.T,2021-05-07,2021-09-10,1010.7,1213.6,1010.7,20.08,time,126
6501.T,2021-09-13,2021-12-09,1226.2,1193.2,1226.2,-2.68,stop_breakeven,87
6501.T,2022-11-01,2022-12-08,1337.3,1334.1,1337.3,-0.24,stop_breakeven,37
6501.T,2023-02-07,2023-06-13,1336.9,1682.0,1336.9,25.81,time,126
6501.T,2023-06-14,2023-10-04,1718.8,1684.2,1718.8,-2.01,stop_breakeven,112
6501.T,2023-11-09,2024-03-14,1899.1,2417.5,1899.1,27.3,time,126
6501.T,2024-03-21,2024-04-19,2656.3,2605.9,2656.3,-1.89,stop_breakeven,29
6501.T,2024-05-07,2024-08-05,2867.9,2635.3,2867.9,-8.11,stop_breakeven,90
6501.T,2024-09-20,2024-11-05,3589.3,3586.7,3589.3,-0.07,stop_breakeven,46
6503.T,2020-02-05,2020-02-26,1379.0,1255.2,1274.2,-8.98,stop_base,21
6503.T,2023-04-18,2023-08-22,1518.7,1689.9,1518.7,11.27,time,126
6503.T,2023-11-01,2024-03-06,1840.9,2356.0,1840.9,27.98,time,126
6503.T,2024-04-11,2024-06-13,2510.8,2433.3,2510.8,-3.09,stop_breakeven,63
6503.T,2024-07-10,2024-07-26,2725.1,2374.1,2405.6,-12.88,stop_base,16
6504.T,2021-01-05,2021-05-11,3429.7,4535.5,3429.7,32.24,time,126
6504.T,2021-06-04,2021-08-17,4817.3,4185.6,4244.7,-13.11,stop_base,74
6504.T,2021-09-08,2022-01-12,4799.1,5712.1,4799.1,19.02,time,126
6504.T,2023-08-31,2023-10-30,6500.1,5575.9,5663.4,-14.22,stop_base,60
6504.T,2024-03-26,2024-07-25,9766.9,7564.2,7906.0,-22.55,stop_base,121
6506.T,2020-01-10,2020-01-27,4074.7,3594.8,3650.1,-11.78,stop_base,17
6506.T,2020-11-18,2020-12-15,4443.6,4434.2,4443.6,-0.21,stop_breakeven,27
6506.T,2020-12-29,2021-03-08,4877.2,4822.5,4877.2,-1.12,stop_breakeven,69
6506.T,2021-04-02,2021-04-21,5420.7,4747.8,4794.5,-12.41,stop_base,19
6506.T,2021-09-03,2021-09-27,5409.6,5381.5,5409.6,-0.52,stop_breakeven,24
6506.T,2023-02-27,2023-07-03,4921.2,6366.9,4921.2,29.38,time,126
6507.T,2021-01-13,2021-02-24,1342.5,1126.8,1132.8,-16.07,stop_base,42
6507.T,2021-04-23,2021-05-13,1325.1,1099.2,1128.5,-17.05,stop_base,20
6507.T,2022-06-07,2022-09-21,1295.9,1276.9,1295.9,-1.47,stop_breakeven,106
6507.T,2022-11-08,2023-03-14,1295.9,1470.8,1295.9,13.5,time,126
6507.T,2023-04-26,2023-05-12,1587.9,1520.5,1587.9,-4.25,stop_breakeven,16
6507.T,2023-06-28,2023-08-04,1627.8,1467.2,1481.5,-9.87,stop_base,37
6507.T,2024-01-15,2024-02-08,2081.1,1977.5,2081.1,-4.98,stop_breakeven,24
6507.T,2024-02-13,2024-06-18,2290.2,3294.6,2290.2,43.86,time,126
6507.T,2024-11-07,2024-12-10,5354.9,5286.9,5354.9,-1.27,stop_breakeven,33
6508.T,2021-03-12,2021-05-13,2210.0,1966.4,1985.3,-11.02,stop_base,62
6508.T,2021-09-08,2022-01-12,2276.9,2453.8,2276.9,7.77,time,126
6508.T,2023-10-31,2024-03-05,2196.9,2576.9,2196.9,17.3,time,126
6508.T,2024-03-08,2024-04-03,2623.7,2605.6,2623.7,-0.69,stop_breakeven,26
6508.T,2024-04-11,2024-08-05,2967.7,2508.5,2967.7,-15.47,stop_breakeven,116
6508.T,2024-12-18,2025-01-28,4171.4,3661.4,3680.6,-12.23,stop_base,41
6516.T,2021-04-27,2021-08-17,2058.8,2049.8,2058.8,-0.44,stop_breakeven,112
6516.T,2021-09-13,2021-10-05,2271.3,1932.7,1945.1,-14.91,stop_base,22
6516.T,2023-01-24,2023-05-30,1917.4,2381.0,1917.4,24.18,time,126
6516.T,2023-06-13,2023-10-04,2421.7,2003.9,2055.6,-17.25,stop_base,113
6516.T,2024-12-24,2025-03-04,2794.3,2765.4,2794.3,-1.04,stop_breakeven,70
6517.T,2023-06-15,2023-08-16,1840.9,1823.4,1840.9,-0.95,stop_breakeven,62
6517.T,2023-09-15,2023-10-16,1992.1,1978.3,1992.1,-0.69,stop_breakeven,31
6517.T,2023-12-28,2024-04-02,2130.4,2117.1,2130.4,-0.63,stop_breakeven,96
6517.T,2024-04-11,2024-04-19,2271.7,2080.3,2107.6,-8.42,stop_base,8
6517.T,2024-05-01,2024-08-02,2430.0,2311.2,2430.0,-4.89,stop_breakeven,93
6517.T,2024-10-01,2025-02-03,2508.4,2493.1,2508.4,-0.61,stop_breakeven,125
6532.T,2020-01-10,2020-03-12,555.0,526.8,555.0,-5.09,stop_breakeven,62
6532.T,2020-07-16,2020-11-19,1029.2,1436.1,1029.2,39.54,time,126
6532.T,2020-12-30,2021-01-26,1703.6,1640.5,1703.6,-3.7,stop_breakeven,27
6532.T,2021-06-30,2021-11-04,3779.1,5066.3,3779.1,34.06,time,127
6532.T,2023-03-07,2023-04-05,5538.7,4914.7,4981.9,-11.27,stop_base,29
6532.T,2023-05-16,2023-06-14,5269.9,5251.6,5269.9,-0.35,stop_breakeven,29
6532.T,2023-06-21,2023-07-18,5588.6,4553.8,4876.3,-18.52,stop_base,27
6532.T,2024-11-14,2025-03-21,5506.9,6469.6,5506.9,17.48,time,127
6533.T,2020-08-11,2020-08-21,1702.7,1459.7,1465.4,-14.27,stop_base,10
6533.T,2020-09-10,2021-01-14,1726.6,1951.9,1726.6,13.05,time,126
6533.T,2021-02-04,2021-06-10,2219.7,2750.4,2219.7,23.91,time,126
6533.T,2021-06-30,2021-07-19,2994.1,2702.4,2732.1,-9.74,stop_base,19
6535.T,2020-12-11,2021-03-25,399.2,391.9,399.2,-1.83,stop_breakeven,104
6535.T,2021-06-08,2021-08-05,373.5,373.5,373.5,-0.0,stop_breakeven,58
6535.T,2021-09-09,2021-11-29,462.7,370.3,373.5,-19.96,stop_base,81
6535.T,2023-10-05,2023-12-05,415.3,413.7,415.3,-0.37,stop_breakeven,61
6535.T,2024-12-09,2025-01-06,519.2,465.4,473.1,-10.35,stop_base,28
6539.T,2021-04-09,2021-05-12,908.9,789.2,794.7,-13.17,stop_base,33
6539.T,2021-06-18,2021-08-17,990.3,786.8,789.2,-20.55,stop_base,60
6539.T,2021-09-09,2021-11-26,920.1,782.0,786.8,-15.0,stop_base,78
6539.T,2023-02-03,2023-02-22,876.8,868.7,876.8,-0.93,stop_breakeven,19
6539.T,2023-05-08,2023-09-11,877.5,993.4,877.5,13.22,time,126
6539.T,2023-09-19,2023-12-05,1019.0,1007.9,1019.0,-1.09,stop_breakeven,77
6544.T,2020-08-04,2020-10-22,991.4,990.2,991.4,-0.12,stop_breakeven,79
6544.T,2020-11-26,2021-01-15,1114.5,1104.4,1114.5,-0.91,stop_breakeven,50
6544.T,2021-03-29,2021-05-12,1156.5,987.5,994.4,-14.62,stop_base,44
6544.T,2023-03-29,2023-06-07,1013.8,906.4,906.7,-10.6,stop_base,70
6544.T,2023-11-14,2024-01-16,1087.3,1079.6,1087.3,-0.71,stop_breakeven,63
6544.T,2024-05-14,2024-06-06,1312.5,1293.9,1312.5,-1.42,stop_breakeven,23
6544.T,2024-07-19,2024-08-05,1361.4,1122.8,1184.9,-17.52,stop_base,17
6544.T,2024-09-20,2024-10-22,1466.5,1451.8,1466.5,-1.0,stop_breakeven,32
6544.T,2024-12-23,2025-02-21,1438.6,1401.9,1438.6,-2.55,stop_breakeven,60
6564.T,2021-02-15,2021-06-21,1756.2,3257.5,1756.2,85.49,time,126
6571.T,2021-11-16,2021-11-29,1844.3,1572.8,1647.8,-14.72,stop_base,13
6571.T,2023-08-03,2023-09-19,1459.6,1449.1,1459.6,-0.71,stop_breakeven,47
6571.T,2023-09-27,2023-12-05,1583.6,1409.4,1417.0,-11.0,stop_base,69
6584.T,2021-06-07,2021-08-19,1057.1,1001.9,1057.1,-5.22,stop_breakeven,73
6584.T,2023-08-22,2023-10-19,805.3,805.2,805.3,-0.01,stop_breakeven,58
6584.T,2024-06-27,2024-08-02,974.4,811.7,872.2,-16.7,stop_base,36
6586.T,2020-07-07,2020-11-10,3643.8,4704.9,3643.8,29.12,time,126
6586.T,2020-11-24,2021-02-26,4958.2,4103.2,4162.0,-17.24,stop_base,94
6586.T,2021-06-02,2021-10-06,4881.2,5090.5,4881.2,4.29,time,126
6586.T,2023-08-01,2023-09-11,4277.5,3593.9,3600.5,-15.98,stop_base,41
6586.T,2024-05-17,2024-08-05,4584.9,3536.3,3938.5,-22.87,stop_base,80
6586.T,2024-09-26,2025-01-30,4806.4,4367.3,4096.3,-9.13,time,126
6588.T,2020-07-22,2020-09-24,4208.3,4189.4,4208.3,-0.45,stop_breakeven,64
6588.T,2024-11-25,2025-01-17,3656.3,3297.1,3302.0,-9.83,stop_base,53
6590.T,2021-01-08,2021-02-05,273.4,272.0,273.4,-0.52,stop_breakeven,28
6590.T,2021-03-24,2021-07-28,316.1,419.4,316.1,32.68,time,126
6590.T,2021-12-28,2022-01-27,566.5,446.5,448.2,-21.18,stop_base,30
6590.T,2022-08-04,2022-09-16,626.6,607.6,626.6,-3.03,stop_breakeven,43
6590.T,2022-11-09,2022-12-20,620.7,617.1,620.7,-0.57,stop_breakeven,41
6590.T,2023-01-24,2023-05-30,665.1,1138.6,665.1,71.18,time,126
6590.T,2023-08-01,2023-09-04,1517.1,1497.4,1517.1,-1.3,stop_breakeven,34
6590.T,2024-10-03,2024-11-14,1673.1,1629.4,1673.1,-2.61,stop_breakeven,42
6592.T,2021-02-15,2021-06-21,1134.9,883.8,863.8,-22.13,time,126
6592.T,2022-11-22,2022-12-12,924.3,856.0,860.4,-7.39,stop_base,20
6592.T,2023-09-14,2024-01-18,1048.7,1163.7,1048.7,10.97,time,126
6592.T,2024-01-19,2024-04-26,1167.6,1131.2,1167.6,-3.12,stop_breakeven,98
6594.T,2020-10-21,2021-02-24,4951.7,6633.4,4951.7,33.96,time,126
6594.T,2021-04-09,2021-05-11,6809.2,5796.0,5830.9,-14.88,stop_base,32
6615.T,2021-01-28,2021-06-03,448.8,690.6,448.8,53.88,time,126
6615.T,2021-07-13,2021-08-17,735.5,703.4,735.5,-4.36,stop_breakeven,35
6615.T,2023-02-02,2023-06-08,467.1,485.4,467.1,3.92,time,126
6615.T,2023-06-12,2023-06-26,524.8,515.7,524.8,-1.75,stop_breakeven,14
6616.T,2020-01-09,2020-02-18,1428.3,1198.3,1200.0,-16.1,stop_base,40
6616.T,2021-03-18,2021-07-26,1449.6,2578.5,1449.6,77.88,time,130
6616.T,2021-09-24,2021-10-06,2508.0,2144.1,2146.7,-14.51,stop_base,12
6616.T,2021-11-12,2022-01-24,2407.1,2389.6,2407.1,-0.73,stop_breakeven,73
6617.T,2021-03-19,2021-05-11,1445.1,1218.9,1242.2,-15.65,stop_base,53
6617.T,2022-06-08,2022-09-02,1686.9,1667.1,1686.9,-1.17,stop_breakeven,86
6617.T,2022-11-24,2023-01-05,1726.6,1670.8,1726.6,-3.23,stop_breakeven,42
6617.T,2023-03-01,2023-03-14,2131.5,2080.3,2131.5,-2.4,stop_breakeven,13
6617.T,2023-06-20,2023-09-07,2019.0,2015.3,2019.0,-0.18,stop_breakeven,79
6620.T,2021-05-21,2021-06-21,1009.4,1000.4,1009.4,-0.89,stop_breakeven,31
6620.T,2023-09-12,2023-09-26,1139.0,1129.0,1139.0,-0.88,stop_breakeven,14
6620.T,2023-10-12,2023-12-18,1249.0,1243.0,1249.0,-0.48,stop_breakeven,67
6620.T,2024-02-27,2024-03-04,1235.0,1216.0,1235.0,-1.54,stop_breakeven,6
6622.T,2020-02-06,2020-02-19,3105.5,2829.3,2867.6,-8.89,stop_base,13
6622.T,2020-06-23,2020-10-27,3288.4,3560.4,3288.4,8.27,time,126
6622.T,2020-11-09,2021-03-15,3847.3,4090.7,3847.3,6.33,time,126
6622.T,2021-03-29,2021-08-02,4316.8,4393.5,3856.0,1.78,time,126
6622.T,2023-04-03,2023-08-07,4208.4,4647.9,4208.4,10.44,time,126
6622.T,2023-11-06,2024-03-11,5226.7,8039.6,5226.7,53.82,time,126
6630.T,2020-08-07,2020-12-11,1033.8,2195.0,1033.8,112.33,time,126
6630.T,2023-02-20,2023-03-14,1397.6,1315.7,1397.6,-5.85,stop_breakeven,22
6632.T,2021-06-22,2021-07-21,218.1,213.6,218.1,-2.07,stop_breakeven,29
6632.T,2022-11-01,2023-03-07,275.8,377.4,275.8,36.82,time,126
6632.T,2023-04-28,2023-09-01,443.2,645.1,443.2,45.55,time,126
6632.T,2023-11-20,2024-02-02,659.5,647.0,659.5,-1.9,stop_breakeven,74
6632.T,2024-06-03,2024-07-02,862.7,855.9,862.7,-0.79,stop_breakeven,29
6638.T,2021-06-01,2021-10-05,656.7,825.7,656.7,25.74,time,126
6638.T,2021-11-04,2021-11-29,888.4,763.1,775.4,-14.1,stop_base,25
6638.T,2023-08-03,2023-08-14,897.8,714.6,740.2,-20.41,stop_base,11
6638.T,2024-02-05,2024-06-10,883.9,1876.9,883.9,112.34,time,126
6644.T,2021-07-13,2021-08-05,557.1,501.8,504.4,-9.92,stop_base,23
6644.T,2022-08-18,2022-12-22,516.3,476.9,439.4,-7.62,time,126
6644.T,2023-03-08,2023-03-20,493.2,458.9,464.3,-6.95,stop_base,12
6644.T,2023-05-08,2023-09-11,527.4,598.1,527.4,13.41,time,126
6644.T,2023-09-15,2024-01-19,647.7,607.8,554.9,-6.16,time,126
6644.T,2024-02-05,2024-05-16,664.7,574.2,581.7,-13.62,stop_base,101
6644.T,2024-06-24,2024-07-08,652.7,649.9,652.7,-0.43,stop_breakeven,14
6644.T,2024-10-09,2025-02-12,778.3,774.4,778.3,-0.49,stop_breakeven,126
6645.T,2020-02-05,2020-02-27,6005.2,5526.6,5607.8,-7.97,stop_base,22
6645.T,2020-07-21,2020-11-24,6813.8,8028.4,6813.8,17.82,time,126
6645.T,2020-11-25,2020-12-11,8174.7,8129.0,8174.7,-0.56,stop_breakeven,16
6645.T,2021-01-13,2021-02-26,8924.5,7845.5,8110.7,-12.09,stop_base,44
6645.T,2021-11-04,2022-01-19,10861.3,8850.5,9168.7,-18.51,stop_base,76
6645.T,2023-05-18,2023-06-27,7917.6,7911.1,7917.6,-0.08,stop_breakeven,40
6651.T,2022-07-20,2022-08-09,1996.9,1951.7,1996.9,-2.26,stop_breakeven,20
6651.T,2022-09-12,2022-11-08,2166.2,1870.9,1951.7,-13.63,stop_base,57
6651.T,2023-03-03,2023-03-14,2267.0,2241.5,2267.0,-1.13,stop_breakeven,11
6651.T,2023-04-28,2023-09-01,2336.3,3394.8,2336.3,45.31,time,126
6651.T,2023-09-04,2023-10-04,3464.5,2976.2,3116.3,-14.09,stop_base,30
6651.T,2023-11-30,2024-04-04,3184.6,3723.0,3184.6,16.91,time,126
6652.T,2021-07-02,2021-08-16,1783.5,1781.9,1783.5,-0.09,stop_breakeven,45
6652.T,2021-09-08,2022-01-12,1912.1,2197.0,1912.1,14.9,time,126
6652.T,2022-07-22,2022-11-25,2408.6,2791.4,2408.6,15.89,time,126
6652.T,2023-02-07,2023-06-13,2646.7,2767.0,2646.7,4.54,time,126
6652.T,2023-06-29,2023-07-13,2901.4,2649.9,2654.2,-8.67,stop_base,14
6653.T,2020-09-28,2021-02-01,982.4,1724.5,982.4,75.54,time,126
6653.T,2021-02-08,2021-02-19,2015.6,1936.8,2015.6,-3.91,stop_breakeven,11
6653.T,2023-09-28,2023-10-20,1062.3,1060.4,1062.3,-0.17,stop_breakeven,22
6653.T,2024-04-11,2024-07-09,1341.0,1334.9,1341.0,-0.45,stop_breakeven,89
6674.T,2021-02-10,2021-03-24,3061.6,2547.2,2553.4,-16.8,stop_base,42
6674.T,2021-05-26,2021-06-17,2735.8,2509.1,2516.3,-8.29,stop_base,22
6674.T,2023-08-01,2023-08-04,2703.5,2523.4,2546.2,-6.66,stop_base,3
6674.T,2024-06-20,2024-07-10,3214.6,2798.4,2844.6,-12.95,stop_base,20
6699.T,2021-07-14,2021-08-13,2985.8,2217.4,2312.2,-25.74,stop_base,30
6701.T,2020-01-06,2020-02-26,833.2,826.9,833.2,-0.76,stop_breakeven,51
6701.T,2020-06-26,2020-09-07,970.5,968.7,970.5,-0.19,stop_breakeven,73
6701.T,2020-09-16,2020-10-21,1051.4,1043.6,1051.4,-0.74,stop_breakeven,35
6701.T,2021-01-08,2021-05-13,1054.7,956.8,1054.7,-9.27,stop_breakeven,125
6701.T,2023-07-03,2023-11-06,1369.9,1485.1,1369.9,8.41,time,126
6701.T,2023-11-17,2024-03-22,1596.4,2202.0,1596.4,37.94,time,126
6701.T,2024-04-09,2024-05-30,2228.8,2215.0,2228.8,-0.62,stop_breakeven,51
6701.T,2024-06-07,2024-08-02,2376.1,2223.9,2376.1,-6.4,stop_breakeven,56
6701.T,2024-09-20,2025-01-24,2691.2,2542.9,2279.8,-5.51,time,126
6702.T,2020-01-07,2020-01-30,966.9,951.8,966.9,-1.57,stop_breakeven,23
6702.T,2020-01-31,2020-02-28,1066.0,1028.9,1066.0,-3.49,stop_breakeven,28
6702.T,2020-06-10,2020-10-14,1105.6,1340.3,1105.6,21.23,time,126
6702.T,2020-11-27,2021-04-02,1346.3,1527.4,1346.3,13.45,time,126
6702.T,2021-04-06,2021-05-12,1547.6,1535.4,1547.6,-0.79,stop_breakeven,36
6702.T,2021-05-20,2021-09-24,1666.0,1991.5,1666.0,19.54,time,127
6702.T,2023-12-12,2024-04-16,2160.3,2430.3,2160.3,12.5,time,126
6702.T,2024-06-27,2024-07-25,2444.9,2377.1,2444.9,-2.77,stop_breakeven,28
6702.T,2024-07-26,2024-08-05,2635.3,2115.5,2319.5,-19.72,stop_base,10
6702.T,2024-09-27,2025-01-31,2965.7,2959.8,2394.7,-0.2,time,126
6703.T,2023-06-08,2023-08-17,784.0,773.0,784.0,-1.39,stop_breakeven,70
6703.T,2023-08-31,2023-10-26,822.2,820.4,822.2,-0.22,stop_breakeven,56
6703.T,2024-01-12,2024-05-17,896.9,971.9,896.9,8.37,time,126
6703.T,2024-07-03,2024-08-02,1007.4,850.4,919.6,-15.58,stop_base,30
6706.T,2020-01-20,2020-02-10,2889.9,2865.2,2889.9,-0.85,stop_breakeven,21
6707.T,2020-01-20,2020-01-27,3367.8,2934.8,3078.1,-12.86,stop_base,7
6707.T,2021-04-07,2021-04-30,5713.1,5040.9,5060.7,-11.76,stop_base,23
6707.T,2021-06-02,2021-08-19,5406.6,4704.9,4759.2,-12.98,stop_base,78
6707.T,2021-12-16,2022-01-19,6112.7,5260.7,5488.5,-13.94,stop_base,34
6707.T,2023-01-24,2023-05-30,7127.6,12069.5,7127.6,69.33,time,126
6707.T,2023-06-13,2023-07-06,13037.8,12588.6,13037.8,-3.45,stop_breakeven,23
6707.T,2023-07-28,2023-08-02,13876.4,13407.2,13876.4,-3.38,stop_breakeven,5
6718.T,2021-09-06,2021-11-18,1795.5,1792.7,1795.5,-0.15,stop_breakeven,73
6718.T,2023-03-31,2023-08-04,1783.1,2397.2,1783.1,34.44,time,126
6718.T,2023-09-15,2023-12-05,2703.9,2376.5,2397.2,-12.11,stop_base,81
6718.T,2024-01-11,2024-02-15,2496.4,2472.4,2496.4,-0.96,stop_breakeven,35
6718.T,2024-03-25,2024-07-26,2739.7,2728.9,2739.7,-0.4,stop_breakeven,123
6723.T,2020-01-08,2020-01-27,742.3,725.0,742.3,-2.33,stop_breakeven,19
6723.T,2020-11-16,2021-03-22,914.7,1124.5,914.7,22.95,time,126
6723.T,2021-04-02,2021-05-19,1237.2,1087.0,1093.7,-12.14,stop_base,47
6723.T,2021-11-04,2021-11-25,1428.8,1420.1,1428.8,-0.61,stop_breakeven,21
6723.T,2023-03-31,2023-08-04,1842.3,2410.8,1842.3,30.86,time,126
6723.T,2024-01-19,2024-03-11,2517.7,2462.7,2517.7,-2.18,stop_breakeven,52
6723.T,2024-07-03,2024-07-18,3083.8,2931.9,3083.8,-4.92,stop_breakeven,15
6724.T,2021-04-19,2021-06-21,1673.9,1655.2,1673.9,-1.12,stop_breakeven,63
6724.T,2021-08-11,2021-10-26,1768.2,1763.0,1768.2,-0.3,stop_breakeven,76
6724.T,2022-11-18,2022-12-21,1905.1,1734.4,1757.5,-8.96,stop_base,33
6724.T,2023-09-20,2023-10-26,2208.9,2023.8,2037.5,-8.38,stop_base,36
6724.T,2024-03-19,2024-05-08,2373.7,2341.1,2373.7,-1.37,stop_breakeven,50
6724.T,2024-09-26,2025-01-06,2595.8,2593.4,2595.8,-0.09,stop_breakeven,102
6727.T,2020-07-27,2020-11-30,501.5,816.1,501.5,62.73,time,126
6727.T,2021-01-15,2021-02-16,826.3,693.5,702.0,-16.07,stop_base,32
6727.T,2024-06-28,2024-07-25,704.4,674.6,704.4,-4.24,stop_breakeven,27
6728.T,2021-01-20,2021-05-26,4624.3,4561.3,3810.1,-1.36,time,126
6728.T,2021-05-31,2021-10-04,4633.3,5397.2,4633.3,16.49,time,126
6728.T,2021-11-08,2022-01-06,6211.3,6147.3,6211.3,-1.03,stop_breakeven,59
6728.T,2023-02-10,2023-02-15,5808.3,5085.8,5113.9,-12.44,stop_base,5
6728.T,2023-07-03,2023-09-22,5907.5,5098.5,5113.9,-13.69,stop_base,81
6728.T,2024-04-03,2024-07-18,9449.2,9023.0,9449.2,-4.51,stop_breakeven,106
6737.T,2023-04-28,2023-09-01,1942.0,2195.1,1942.0,13.03,time,126
6737.T,2023-09-04,2024-01-09,2247.5,2242.8,2018.3,-0.21,time,127
6737.T,2024-01-22,2024-05-27,2305.1,2238.5,2129.4,-2.89,time,126
6741.T,2022-10-19,2022-12-21,879.5,876.0,879.5,-0.4,stop_breakeven,63
6741.T,2023-01-24,2023-05-30,937.5,921.3,937.5,-1.73,stop_breakeven,126
6742.T,2020-07-06,2020-07-27,440.9,439.4,440.9,-0.36,stop_breakeven,21
6742.T,2023-07-26,2023-08-18,470.7,391.8,392.7,-16.76,stop_base,23
6742.T,2023-09-27,2024-01-31,448.5,418.1,391.8,-6.79,time,126
6742.T,2024-05-14,2024-08-02,513.2,511.4,513.2,-0.36,stop_breakeven,80
6744.T,2020-02-05,2020-02-18,2242.1,2052.4,2089.8,-8.46,stop_base,13
6744.T,2023-11-06,2024-03-11,1795.8,2060.8,1795.8,14.76,time,126
6744.T,2024-04-01,2024-04-19,2255.4,2179.2,2255.4,-3.38,stop_breakeven,18
6744.T,2024-06-26,2024-08-01,2290.6,2259.2,2290.6,-1.37,stop_breakeven,36
6744.T,2024-12-05,2025-01-08,2987.4,2953.7,2987.4,-1.13,stop_breakeven,34
6745.T,2022-07-20,2022-11-24,390.7,422.6,390.7,8.18,time,127
6745.T,2023-01-24,2023-05-30,433.6,501.4,433.6,15.64,time,126
6745.T,2023-06-05,2023-08-07,532.0,514.8,532.0,-3.22,stop_breakeven,63
6745.T,2024-01-11,2024-05-16,567.9,669.8,567.9,17.94,time,126
6745.T,2024-06-25,2024-08-05,728.1,621.2,657.5,-14.68,stop_base,41
6745.T,2024-12-05,2025-01-09,783.1,774.4,783.1,-1.1,stop_breakeven,35
6750.T,2020-01-09,2020-02-10,1923.9,1741.1,1749.6,-9.5,stop_base,32
6750.T,2020-05-29,2020-08-11,2190.2,2151.6,2190.2,-1.76,stop_breakeven,74
6750.T,2020-11-02,2020-11-11,2260.3,2027.4,2070.5,-10.31,stop_base,9
6750.T,2023-12-11,2024-02-15,1618.8,1446.5,1474.3,-10.64,stop_base,66
6752.T,2020-02-04,2020-02-18,1010.0,1009.2,1010.0,-0.08,stop_breakeven,14
6752.T,2020-07-27,2020-07-31,902.5,781.7,790.3,-13.38,stop_base,4
6752.T,2020-12-18,2021-04-23,1048.9,1157.6,1048.9,10.36,time,126
6752.T,2023-04-17,2023-08-21,1198.6,1466.4,1198.6,22.34,time,126
6752.T,2023-09-15,2023-10-06,1657.0,1450.7,1466.4,-12.45,stop_base,21
6753.T,2021-05-24,2021-06-10,1887.4,1870.9,1887.4,-0.87,stop_breakeven,17
6754.T,2020-01-23,2020-01-30,1896.3,1695.6,1745.8,-10.58,stop_base,7
6754.T,2020-06-03,2020-09-07,1957.1,1936.5,1957.1,-1.05,stop_breakeven,96
6754.T,2020-10-02,2020-11-02,2117.2,1894.2,1900.4,-10.53,stop_base,31
6754.T,2021-01-27,2021-04-28,2374.9,1920.0,1956.4,-19.15,stop_base,91
6758.T,2020-01-07,2020-02-28,1469.2,1268.8,1273.1,-13.64,stop_base,52
6758.T,2020-07-09,2020-10-16,1478.2,1469.2,1478.2,-0.61,stop_breakeven,99
6758.T,2020-10-29,2021-03-04,1700.5,2134.3,1700.5,25.51,time,126
6758.T,2021-04-02,2021-05-06,2363.6,2075.9,2088.9,-12.17,stop_base,34
6758.T,2021-09-09,2021-10-04,2334.6,2324.5,2334.6,-0.43,stop_breakeven,25
6758.T,2021-10-26,2022-01-19,2604.1,2409.9,2604.1,-7.46,stop_breakeven,85
6758.T,2023-05-15,2023-06-27,2525.0,2516.2,2525.0,-0.35,stop_breakeven,43
6758.T,2023-12-28,2024-02-20,2631.5,2619.7,2631.5,-0.45,stop_breakeven,54
6758.T,2024-12-03,2025-04-07,3041.1,2988.4,3041.1,-1.73,stop_breakeven,125
6762.T,2020-01-24,2020-01-30,758.7,694.7,706.5,-8.44,stop_base,6
6762.T,2020-11-09,2021-03-15,804.4,920.4,804.4,14.41,time,126
6762.T,2021-04-02,2021-05-07,991.3,890.5,890.8,-10.17,stop_base,35
6762.T,2022-11-09,2022-12-21,927.8,824.6,835.9,-11.12,stop_base,42
6762.T,2023-05-02,2023-09-05,927.0,1025.5,927.0,10.62,time,126
6762.T,2023-10-12,2024-02-15,1109.0,1500.8,1109.0,35.33,time,126
6762.T,2024-03-01,2024-05-02,1526.3,1341.8,1354.1,-12.09,stop_base,62
6762.T,2024-05-28,2024-10-01,1509.6,1895.8,1509.6,25.58,time,126
6762.T,2024-11-06,2025-02-03,2020.4,1674.3,1739.4,-17.13,stop_base,89
6763.T,2020-06-23,2020-07-08,985.5,950.2,951.8,-3.58,stop_base,15
6763.T,2022-01-04,2022-05-10,1153.3,1190.2,1153.3,3.2,time,126
6763.T,2022-10-31,2022-12-02,1318.0,1202.5,1214.2,-8.76,stop_base,32
6763.T,2023-03-03,2023-07-07,1352.1,1458.6,1352.1,7.87,time,126
6763.T,2023-08-09,2023-12-13,1530.8,1705.6,1530.8,11.41,time,126
6763.T,2023-12-27,2024-03-13,1821.0,1663.8,1665.6,-8.64,stop_base,77
6763.T,2024-06-18,2024-08-05,1862.9,1722.1,1862.9,-7.55,stop_breakeven,48
6763.T,2024-08-16,2024-12-20,2070.3,2414.6,2070.3,16.63,time,126
6768.T,2020-01-22,2020-02-03,649.2,571.1,577.3,-12.04,stop_base,12
6768.T,2021-10-19,2021-11-08,742.8,646.3,648.1,-13.0,stop_base,20
6768.T,2022-10-27,2022-12-23,674.0,670.3,674.0,-0.55,stop_breakeven,57
6768.T,2023-02-06,2023-04-25,729.1,729.0,729.1,-0.01,stop_breakeven,78
6770.T,2024-06-12,2024-07-25,1450.9,1420.6,1450.9,-2.09,stop_breakeven,43
6770.T,2024-09-24,2024-11-18,1457.5,1454.9,1457.5,-0.17,stop_breakeven,55
6770.T,2024-12-11,2025-04-01,1542.6,1402.2,1448.7,-9.1,stop_base,111
6779.T,2021-05-27,2021-08-06,745.1,717.9,745.1,-3.66,stop_breakeven,71
6779.T,2021-10-19,2022-02-22,913.2,996.8,913.2,9.15,time,126
6779.T,2022-11-30,2022-12-05,1604.0,1574.6,1604.0,-1.83,stop_breakeven,5
6785.T,2020-02-12,2020-03-06,705.6,599.6,618.0,-15.03,stop_base,23
6785.T,2021-04-07,2021-06-21,1039.6,835.4,850.6,-19.64,stop_base,75
6785.T,2022-11-22,2022-12-21,829.3,734.4,737.1,-11.44,stop_base,29
6785.T,2023-01-24,2023-04-05,867.9,859.2,867.9,-1.01,stop_breakeven,71
6785.T,2023-05-09,2023-05-16,914.5,817.0,843.3,-10.66,stop_base,7
6785.T,2023-11-28,2024-04-02,1105.2,1167.8,1105.2,5.66,time,126
6785.T,2024-05-23,2024-07-25,1339.0,1316.4,1339.0,-1.69,stop_breakeven,63
6785.T,2024-10-16,2024-12-05,1738.3,1717.7,1738.3,-1.18,stop_breakeven,50
6787.T,2021-02-22,2021-06-28,2200.2,2997.7,2200.2,36.25,time,126
6787.T,2021-11-04,2022-03-08,3106.2,2979.3,3106.2,-4.08,stop_breakeven,124
6787.T,2023-11-07,2023-12-08,3920.2,3842.4,3920.2,-1.99,stop_breakeven,31
6787.T,2024-01-22,2024-05-27,4377.4,6873.4,4377.4,57.02,time,126
6788.T,2023-02-24,2023-03-14,2682.2,2655.6,2682.2,-0.99,stop_breakeven,18
6788.T,2023-06-27,2023-08-14,2761.9,2738.0,2761.9,-0.87,stop_breakeven,48
6788.T,2024-06-19,2024-08-02,3363.4,2898.3,2917.1,-13.83,stop_base,44
6794.T,2022-11-08,2022-12-21,745.4,741.7,745.4,-0.48,stop_breakeven,43
6794.T,2023-01-27,2023-05-31,867.3,864.9,867.3,-0.28,stop_breakeven,124
6794.T,2024-05-23,2024-08-05,1277.1,1167.1,1277.1,-8.61,stop_breakeven,74
6798.T,2020-01-09,2020-02-18,2521.2,2264.7,2298.7,-10.17,stop_base,40
6798.T,2022-10-19,2022-10-28,2198.0,2173.5,2198.0,-1.11,stop_breakeven,9
6798.T,2022-11-24,2022-12-06,2335.2,2016.9,2025.3,-13.63,stop_base,12
6798.T,2023-01-25,2023-03-14,2068.3,2049.7,2068.3,-0.9,stop_breakeven,48
6798.T,2023-04-11,2023-05-31,2217.2,2000.6,2026.2,-9.77,stop_base,50
6800.T,2020-01-15,2020-01-29,2938.4,2613.9,2670.1,-11.05,stop_base,14
6804.T,2021-03-22,2021-05-13,960.8,833.5,839.4,-13.25,stop_base,52
6804.T,2022-07-20,2022-11-24,1153.7,1552.8,1153.7,34.59,time,127
6804.T,2023-02-07,2023-02-13,1446.5,1324.2,1355.5,-8.46,stop_base,6
6804.T,2023-02-21,2023-06-27,1540.3,1632.7,1540.3,6.0,time,126
6804.T,2023-08-01,2023-10-04,1694.4,1678.2,1694.4,-0.95,stop_breakeven,64
6804.T,2024-02-22,2024-06-27,1908.3,2049.3,1908.3,7.39,time,126
6804.T,2024-06-28,2024-08-05,2051.2,1698.5,1816.7,-17.19,stop_base,38
6804.T,2024-09-24,2025-01-10,2050.2,2050.1,2050.2,-0.01,stop_breakeven,108
6806.T,2020-01-09,2020-02-17,12216.6,11369.1,11523.2,-6.94,stop_base,39
6806.T,2020-12-29,2021-02-26,13778.7,13560.6,13778.7,-1.58,stop_breakeven,59
6806.T,2021-03-16,2021-05-07,14887.0,13538.8,14887.0,-9.06,stop_breakeven,52
6806.T,2021-09-01,2021-10-01,16350.2,16133.4,16350.2,-1.33,stop_breakeven,30
6806.T,2021-11-19,2022-01-19,17675.0,15212.0,15398.0,-13.93,stop_base,61
6807.T,2020-01-09,2020-01-30,2000.2,1747.6,1771.1,-12.63,stop_base,21
6807.T,2021-05-07,2021-08-13,1788.6,1488.8,1503.2,-16.76,stop_base,98
6807.T,2021-12-16,2022-01-27,1821.5,1589.7,1622.3,-12.72,stop_base,42
6807.T,2022-06-07,2022-09-30,1966.8,1961.2,1966.8,-0.29,stop_breakeven,115
6807.T,2022-11-15,2023-03-22,2179.6,2099.1,1847.4,-3.69,time,127
6807.T,2023-04-17,2023-08-21,2187.3,2681.1,2187.3,22.57,time,126
6807.T,2023-08-30,2023-10-26,2852.2,2577.1,2634.4,-9.65,stop_base,57
6807.T,2023-12-11,2024-01-30,2927.8,2376.2,2577.1,-18.84,stop_base,50
6809.T,2023-03-02,2023-07-06,699.3,859.2,699.3,22.86,time,126
6809.T,2023-07-24,2023-11-27,863.5,912.8,863.5,5.71,time,126
6809.T,2024-01-05,2024-05-10,956.4,1018.9,956.4,6.53,time,126
6809.T,2024-06-27,2024-07-22,1008.9,944.7,951.9,-6.37,stop_base,25
6810.T,2020-01-17,2020-02-03,1337.7,1236.8,1255.9,-7.55,stop_base,17
6810.T,2022-11-24,2023-03-14,1290.5,1269.6,1290.5,-1.62,stop_breakeven,110
6810.T,2023-06-13,2023-08-04,1419.9,1410.6,1419.9,-0.65,stop_breakeven,52
6810.T,2023-09-19,2024-01-23,1578.5,1516.6,1378.3,-3.93,time,126
6810.T,2024-12-27,2025-03-31,1781.6,1780.6,1781.6,-0.06,stop_breakeven,94
6814.T,2020-01-09,2020-01-15,1124.0,969.2,1022.1,-13.77,stop_base,6
6814.T,2023-09-04,2023-10-04,1191.4,1186.8,1191.4,-0.38,stop_breakeven,30
6814.T,2023-10-13,2024-02-16,1331.1,1929.9,1331.1,44.99,time,126
6814.T,2024-03-06,2024-04-02,2224.7,2219.1,2224.7,-0.25,stop_breakeven,27
6814.T,2024-06-10,2024-07-18,1961.5,1904.2,1961.5,-2.92,stop_breakeven,38
6817.T,2021-06-08,2021-10-12,914.4,1012.3,914.4,10.71,time,126
6817.T,2021-10-18,2021-11-30,1126.0,924.2,941.5,-17.92,stop_base,43
6817.T,2023-02-07,2023-03-14,1287.3,1246.5,1287.3,-3.16,stop_breakeven,35
6817.T,2023-04-24,2023-05-23,1464.1,1190.2,1246.5,-18.71,stop_base,29
6817.T,2023-09-05,2023-10-03,1499.4,1243.7,1264.9,-17.05,stop_base,28
6820.T,2020-05-28,2020-10-02,2590.1,2388.4,2165.7,-7.79,time,127
6820.T,2022-11-25,2023-03-31,2542.8,2342.1,2231.8,-7.89,time,126
6820.T,2023-05-09,2023-07-07,2625.6,2605.2,2625.6,-0.78,stop_breakeven,59
6820.T,2023-08-24,2023-12-28,2793.3,3243.7,2793.3,16.12,time,126
6820.T,2023-12-29,2024-05-07,3360.4,3072.3,2945.0,-8.57,time,130
6823.T,2023-10-11,2024-02-14,2226.8,2420.6,2226.8,8.7,time,126
6823.T,2024-02-15,2024-06-20,2457.9,2615.5,2457.9,6.41,time,126
6841.T,2021-01-08,2021-02-12,2083.6,2014.8,2083.6,-3.3,stop_breakeven,35
6841.T,2022-06-07,2022-10-11,2266.9,2199.0,1887.0,-3.0,time,126
6841.T,2022-10-31,2022-12-23,2360.0,2076.7,2104.2,-12.0,stop_base,53
6841.T,2023-08-31,2023-11-17,2758.5,2753.5,2758.5,-0.18,stop_breakeven,78
6841.T,2024-01-11,2024-05-16,2776.0,3862.6,2776.0,39.14,time,126
6841.T,2024-07-10,2024-07-26,3971.9,3602.6,3609.3,-9.3,stop_base,16
6844.T,2021-04-19,2021-08-23,3010.8,3283.8,3010.8,9.07,time,126
6845.T,2020-09-28,2021-02-01,900.8,1233.7,900.8,36.96,time,126
6845.T,2023-08-10,2023-11-29,1117.4,1116.3,1117.4,-0.1,stop_breakeven,111
6845.T,2024-01-09,2024-02-21,1174.7,1063.4,1081.7,-9.48,stop_base,43
6849.T,2020-06-29,2020-11-02,1652.9,1498.3,1464.0,-9.35,time,126
6849.T,2023-03-03,2023-07-07,1644.8,1752.0,1644.8,6.52,time,126
6849.T,2023-08-25,2023-10-18,1792.0,1666.2,1669.8,-7.02,stop_base,54
6849.T,2024-05-30,2024-08-05,2246.7,1541.1,1942.9,-31.41,stop_base,67
6850.T,2022-01-04,2022-05-10,756.0,723.2,620.0,-4.34,time,126
6850.T,2022-07-28,2022-12-01,757.0,801.1,757.0,5.82,time,126
6850.T,2023-01-26,2023-06-01,831.9,1041.7,831.9,25.23,time,126
6850.T,2023-06-02,2023-07-12,1053.1,1024.3,1053.1,-2.73,stop_breakeven,40
6850.T,2024-04-30,2024-06-13,1331.8,1134.7,1141.4,-14.8,stop_base,44
6856.T,2021-08-12,2021-09-30,6890.5,6795.1,6890.5,-1.38,stop_breakeven,49
6856.T,2023-03-31,2023-08-04,7256.6,7325.6,7256.6,0.95,time,126
6856.T,2023-09-19,2024-01-23,7388.6,11648.7,7388.6,57.66,time,126
6856.T,2024-02-08,2024-05-29,11799.7,11752.5,11799.7,-0.4,stop_breakeven,111
6856.T,2024-07-03,2024-07-25,13004.5,10828.4,10964.3,-16.73,stop_base,22
6857.T,2020-07-01,2020-07-31,1471.0,1343.7,1471.0,-8.65,stop_breakeven,30
6857.T,2021-01-05,2021-05-11,1923.9,2309.2,1923.9,20.03,time,126
6857.T,2021-09-06,2021-09-29,2491.3,2457.1,2491.3,-1.37,stop_breakeven,23
6857.T,2021-11-16,2022-01-19,2459.5,2457.1,2459.5,-0.1,stop_breakeven,64
6857.T,2023-02-24,2023-04-27,2674.6,2596.9,2674.6,-2.91,stop_breakeven,62
6857.T,2023-05-16,2023-09-19,3153.2,3927.3,3153.2,24.55,time,126
6857.T,2024-09-26,2025-01-30,6838.8,8738.1,6838.8,27.77,time,126
6859.T,2021-07-13,2021-10-06,1938.6,1935.4,1938.6,-0.16,stop_breakeven,85
6859.T,2023-02-09,2023-06-15,1838.0,2123.0,1838.0,15.51,time,126
6859.T,2023-07-31,2023-08-14,2141.1,2025.2,2030.6,-5.41,stop_base,14
6859.T,2023-09-04,2024-01-09,2182.7,2195.4,1945.5,0.58,time,127
6859.T,2024-01-16,2024-05-21,2277.7,2980.7,2277.7,30.86,time,126
6859.T,2024-05-23,2024-07-25,3022.6,2624.5,2660.8,-13.17,stop_base,63
6861.T,2020-01-14,2020-01-30,39042.6,35984.4,36119.4,-7.83,stop_base,16
6861.T,2020-07-21,2020-11-24,44735.8,50654.7,44735.8,13.23,time,126
6861.T,2020-11-27,2021-02-24,51935.2,51547.2,51935.2,-0.75,stop_breakeven,89
6861.T,2021-07-07,2021-11-10,56140.1,68769.4,56140.1,22.5,time,126
6861.T,2021-11-19,2022-01-14,72642.9,60496.9,60565.0,-16.72,stop_base,56
6861.T,2023-02-02,2023-04-06,59418.8,58295.0,59418.8,-1.89,stop_breakeven,63
6861.T,2023-05-09,2023-07-31,63304.9,62510.7,63304.9,-1.25,stop_breakeven,83
6866.T,2020-12-08,2021-04-13,3658.9,3912.9,3658.9,6.94,time,126
6866.T,2021-04-16,2021-05-12,4508.2,4455.7,4508.2,-1.17,stop_breakeven,26
6866.T,2021-06-07,2021-10-11,4980.9,8091.9,4980.9,62.46,time,126
6866.T,2023-03-10,2023-07-14,7617.4,8219.2,7617.4,7.9,time,126
6866.T,2024-10-22,2024-11-21,8233.3,7384.2,7441.5,-10.31,stop_base,30
6869.T,2020-01-20,2020-02-27,2428.2,2210.8,2244.0,-8.95,stop_base,38
6869.T,2020-07-28,2020-12-01,2582.5,3429.9,2582.5,32.81,time,126
6869.T,2020-12-02,2021-02-26,3486.1,3459.5,3486.1,-0.76,stop_breakeven,86
6869.T,2021-03-29,2021-05-12,3810.6,3366.5,3373.7,-11.66,stop_base,44
6869.T,2021-09-03,2021-10-05,4299.2,4192.9,4299.2,-2.47,stop_breakeven,32
6869.T,2021-11-18,2022-01-05,4585.2,4346.7,4585.2,-5.2,stop_breakeven,48
6869.T,2023-05-19,2023-08-09,3105.8,2497.9,2743.0,-19.57,stop_base,82
6869.T,2024-11-25,2025-02-13,3100.3,2683.0,2699.5,-13.46,stop_base,80
6871.T,2020-01-09,2020-01-30,1122.3,1111.8,1122.3,-0.93,stop_breakeven,21
6871.T,2023-07-27,2023-10-27,2148.3,2132.0,2148.3,-0.76,stop_breakeven,92
6871.T,2024-01-11,2024-05-16,3798.1,7043.8,3798.1,85.46,time,126
6875.T,2020-12-02,2021-02-04,2588.6,2567.3,2588.6,-0.82,stop_breakeven,64
6875.T,2021-02-22,2021-03-04,2928.6,2886.1,2928.6,-1.45,stop_breakeven,10
6875.T,2021-04-02,2021-08-06,3176.7,2959.5,2707.6,-6.84,time,126
6875.T,2023-07-13,2023-10-04,3597.5,3547.1,3597.5,-1.4,stop_breakeven,83
6875.T,2023-12-04,2024-02-20,3904.1,3885.8,3904.1,-0.47,stop_breakeven,78
6875.T,2024-11-08,2025-01-28,5425.1,5349.7,5425.1,-1.39,stop_breakeven,81
6902.T,2020-12-04,2021-04-09,1247.8,1563.4,1247.8,25.29,time,126
6902.T,2021-05-18,2021-06-21,1623.8,1601.8,1623.8,-1.35,stop_breakeven,34
6902.T,2021-09-03,2022-01-07,1729.3,2230.9,1729.3,29.01,time,126
6902.T,2023-05-23,2023-09-26,1994.7,2337.8,1994.7,17.2,time,126
6902.T,2023-11-16,2023-12-08,2289.8,1986.9,2043.6,-13.23,stop_base,22
6902.T,2024-03-21,2024-06-17,2724.1,2197.4,2257.7,-19.34,stop_base,88
6905.T,2022-12-12,2023-04-17,791.1,946.7,791.1,19.67,time,126
6905.T,2023-05-18,2023-09-21,1013.2,1115.9,1013.2,10.13,time,126
6905.T,2023-11-15,2024-03-21,1088.2,1483.5,1088.2,36.32,time,127
6908.T,2021-03-12,2021-05-12,4559.8,4370.5,4559.8,-4.15,stop_breakeven,61
6908.T,2021-06-25,2021-08-20,4595.5,3782.0,3877.2,-17.7,stop_base,56
6908.T,2023-02-08,2023-05-11,4012.2,3873.3,4012.2,-3.46,stop_breakeven,92
6914.T,2020-11-24,2021-02-18,1604.3,1553.6,1604.3,-3.16,stop_breakeven,86
6914.T,2022-07-21,2022-11-14,1980.5,1748.2,1752.8,-11.73,stop_base,116
6914.T,2022-11-22,2022-12-21,1996.1,1678.2,1748.2,-15.93,stop_base,29
6920.T,2020-02-13,2020-02-28,5811.3,4691.9,4934.8,-19.26,stop_base,15
6920.T,2020-10-08,2020-11-10,9026.0,8863.6,9026.0,-1.8,stop_breakeven,33
6920.T,2020-11-16,2021-03-22,9656.4,12447.6,9656.4,28.91,time,126
6920.T,2021-05-31,2021-06-09,19709.5,19049.3,19709.5,-3.35,stop_breakeven,9
6920.T,2021-12-28,2022-01-19,33903.3,26927.5,27602.7,-20.58,stop_base,22
6920.T,2023-03-31,2023-04-18,22466.8,20319.5,20483.6,-9.56,stop_base,18
6920.T,2024-01-19,2024-02-01,37137.3,36748.2,37137.3,-1.05,stop_breakeven,13
6920.T,2024-03-21,2024-04-17,41884.0,36407.8,36777.4,-13.07,stop_base,27
6923.T,2020-12-07,2021-02-24,3007.2,2919.0,3007.2,-2.93,stop_breakeven,79
6923.T,2023-01-31,2023-03-16,2541.1,2534.7,2541.1,-0.25,stop_breakeven,44
6923.T,2023-04-03,2023-07-07,2734.8,2466.8,2495.3,-9.8,stop_base,95
6925.T,2020-01-09,2020-02-03,1459.8,1268.8,1333.0,-13.08,stop_base,25
6925.T,2021-05-25,2021-09-28,1359.6,1858.5,1359.6,36.69,time,126
6925.T,2021-11-04,2021-12-06,2003.4,1744.0,1745.7,-12.95,stop_base,32
6925.T,2023-05-29,2023-10-02,1774.2,1689.2,1491.2,-4.79,time,126
6925.T,2023-10-12,2024-02-15,1793.1,1864.7,1793.1,4.0,time,126
6929.T,2021-02-05,2021-02-26,2485.1,2122.4,2183.5,-14.6,stop_base,21
6929.T,2021-08-11,2021-09-22,2457.0,2452.9,2457.0,-0.16,stop_breakeven,42
6929.T,2023-02-01,2023-06-07,2140.0,2210.3,2140.0,3.29,time,126
6929.T,2023-06-28,2023-08-03,2395.8,2166.4,2193.6,-9.57,stop_base,36
6941.T,2020-01-14,2020-02-27,1377.8,1358.7,1377.8,-1.39,stop_breakeven,44
6941.T,2021-08-12,2021-08-19,1459.1,1294.8,1315.6,-11.26,stop_base,7
6941.T,2021-09-14,2022-01-18,1489.2,1859.6,1489.2,24.88,time,126
6941.T,2024-05-07,2024-08-05,2615.3,2220.5,2615.3,-15.09,stop_breakeven,90
6947.T,2020-01-09,2020-02-14,2285.0,2244.2,2285.0,-1.78,stop_breakeven,36
6947.T,2020-06-24,2020-08-11,2508.0,2461.6,2508.0,-1.85,stop_breakeven,48
6947.T,2020-09-23,2021-01-27,2599.9,2526.8,2230.6,-2.81,time,126
6947.T,2021-09-01,2021-11-29,3460.4,3369.7,3460.4,-2.62,stop_breakeven,89
6947.T,2023-04-03,2023-08-07,3248.4,3668.3,3248.4,12.93,time,126
6947.T,2023-08-24,2023-09-28,3880.5,3390.9,3405.3,-12.62,stop_base,35
6947.T,2023-11-07,2024-03-12,3781.1,4301.4,3781.1,13.76,time,126
6951.T,2020-01-09,2020-02-18,3127.0,3049.4,3127.0,-2.48,stop_breakeven,40
6951.T,2020-11-24,2021-02-24,3680.7,3662.3,3680.7,-0.5,stop_breakeven,92
6951.T,2021-04-01,2021-08-05,4198.6,6911.5,4198.6,64.62,time,126
6951.T,2021-11-17,2022-01-11,8678.6,6922.6,7199.9,-20.23,stop_base,55
6951.T,2023-12-27,2024-03-12,5884.1,5831.9,5884.1,-0.89,stop_breakeven,76
6951.T,2024-04-02,2024-04-18,6581.6,6569.1,6581.6,-0.19,stop_breakeven,16
6951.T,2024-06-07,2024-07-24,6667.1,5984.2,6011.1,-10.24,stop_base,47
6952.T,2020-01-07,2020-02-03,1846.8,1657.0,1671.8,-10.28,stop_base,27
6954.T,2020-11-02,2021-03-08,3957.3,4554.9,3957.3,15.1,time,126
6954.T,2021-04-09,2021-05-12,5035.6,4429.8,4481.0,-12.03,stop_base,33
6954.T,2021-06-14,2021-08-16,4847.4,4260.4,4358.1,-12.11,stop_base,63
6954.T,2023-02-28,2023-03-14,4294.2,4284.0,4294.2,-0.24,stop_breakeven,14
6954.T,2023-05-30,2023-07-06,4535.8,4533.0,4535.8,-0.06,stop_breakeven,37
6958.T,2023-10-10,2023-11-22,618.2,610.1,618.2,-1.3,stop_breakeven,43
6958.T,2023-11-28,2024-01-18,680.7,673.6,680.7,-1.05,stop_breakeven,51
6961.T,2021-01-28,2021-02-24,4286.1,4154.9,4286.1,-3.06,stop_breakeven,27
6961.T,2022-11-02,2022-12-21,4346.3,3788.0,3860.2,-12.85,stop_base,49
6961.T,2023-02-08,2023-03-20,3922.7,3850.5,3922.7,-1.84,stop_breakeven,40
6961.T,2023-05-25,2023-09-28,4679.7,10037.5,4679.7,114.49,time,126
6961.T,2024-01-19,2024-02-01,13856.2,9580.8,11009.2,-30.86,stop_base,13
6962.T,2020-06-30,2020-07-29,440.4,440.2,440.4,-0.05,stop_breakeven,29
6962.T,2020-09-28,2021-02-01,400.7,486.7,400.7,21.47,time,126
6962.T,2021-03-03,2021-07-07,562.3,794.7,562.3,41.32,time,126
6962.T,2021-11-09,2022-02-21,917.9,901.9,917.9,-1.74,stop_breakeven,104
6962.T,2023-12-29,2024-03-05,770.6,755.4,770.6,-1.98,stop_breakeven,67
6963.T,2020-01-22,2020-01-29,2010.8,1866.7,1875.5,-7.17,stop_base,7
6963.T,2021-01-04,2021-03-09,2274.6,2261.2,2274.6,-0.59,stop_breakeven,64
6963.T,2021-04-02,2021-05-13,2575.5,2191.5,2261.2,-14.91,stop_base,41
6963.T,2023-02-02,2023-06-08,2467.2,2871.6,2467.2,16.39,time,126
6963.T,2023-07-03,2023-09-08,3264.5,2721.2,2739.8,-16.64,stop_base,67
6965.T,2020-01-24,2020-02-26,2213.4,2030.3,2041.7,-8.27,stop_base,33
6965.T,2020-05-29,2020-10-02,2243.7,2408.9,2243.7,7.36,time,126
6965.T,2020-10-13,2021-02-16,2501.2,3161.1,2501.2,26.38,time,126
6965.T,2021-05-24,2021-07-30,3147.4,2809.6,2828.1,-10.74,stop_base,67
6965.T,2021-11-12,2022-01-14,3430.3,2901.1,2947.5,-15.43,stop_base,63
6965.T,2022-11-18,2023-01-04,3417.6,2920.0,2962.2,-14.56,stop_base,47
6965.T,2023-03-28,2023-07-06,3262.7,3241.2,3262.7,-0.66,stop_breakeven,100
6966.T,2020-10-29,2021-03-04,411.4,716.1,411.4,74.05,time,126
6966.T,2021-06-14,2021-10-18,937.3,1409.9,937.3,50.41,time,126
6966.T,2022-06-08,2022-06-15,2229.8,1770.3,1885.2,-20.61,stop_base,7
6966.T,2023-09-07,2023-09-12,1921.8,1756.1,1761.8,-8.62,stop_base,5
6971.T,2020-01-09,2020-02-03,1625.7,1504.0,1525.4,-7.49,stop_base,25
6971.T,2022-06-07,2022-09-28,1704.0,1684.9,1704.0,-1.12,stop_breakeven,113
6971.T,2023-11-15,2024-03-21,1894.5,1985.9,1894.5,4.82,time,127
6976.T,2020-07-13,2020-08-18,3067.8,2709.7,2736.3,-11.67,stop_base,36
6976.T,2020-11-20,2021-03-26,3827.5,4831.0,3827.5,26.22,time,126
6976.T,2021-06-03,2021-07-20,4728.6,4630.6,4728.6,-2.07,stop_breakeven,47
6976.T,2021-11-16,2021-11-29,5767.4,5660.0,5767.4,-1.86,stop_breakeven,13
6976.T,2022-01-05,2022-01-19,6295.8,5373.4,5471.9,-14.65,stop_base,14
6981.T,2020-01-09,2020-02-27,2014.9,1777.9,1787.1,-11.76,stop_base,49
6981.T,2020-07-07,2020-11-10,1943.7,2276.5,1943.7,17.12,time,126
6981.T,2020-11-11,2021-03-17,2345.5,2740.7,2345.5,16.85,time,126
6981.T,2023-11-02,2023-12-08,2670.2,2668.3,2670.2,-0.07,stop_breakeven,36
6981.T,2023-12-28,2024-04-03,2865.3,2659.0,2668.3,-7.2,stop_base,97
6981.T,2024-07-02,2024-07-31,3231.6,3219.1,3231.6,-0.39,stop_breakeven,29
6988.T,2020-10-26,2021-03-01,1300.5,1617.7,1300.5,24.39,time,126
6988.T,2021-04-02,2021-05-11,1752.2,1547.4,1580.7,-11.69,stop_base,39
6988.T,2022-06-07,2022-07-12,1779.4,1518.2,1527.3,-14.68,stop_base,35
6988.T,2022-09-13,2022-09-21,1708.2,1540.1,1541.9,-9.84,stop_base,8
6988.T,2023-09-14,2023-10-04,1950.3,1775.9,1810.1,-8.94,stop_base,20
6988.T,2023-11-06,2024-03-11,1948.0,2590.3,1948.0,32.97,time,126
6988.T,2024-03-19,2024-05-10,2734.3,2398.6,2415.0,-12.27,stop_base,52
6988.T,2024-06-20,2024-08-02,2522.7,2186.1,2247.7,-13.34,stop_base,43
6995.T,2022-11-22,2022-12-21,1425.1,1222.6,1234.0,-14.21,stop_base,29
6995.T,2023-04-24,2023-08-28,1475.5,2020.8,1475.5,36.95,time,126
6995.T,2023-08-31,2023-10-04,2042.3,1942.4,2042.3,-4.89,stop_breakeven,34
6995.T,2023-11-01,2024-03-06,2253.2,2335.9,1942.4,3.67,time,126
6995.T,2024-03-19,2024-04-25,2339.6,1977.3,2032.4,-15.49,stop_base,37
6996.T,2022-08-03,2022-10-21,1182.8,1178.3,1182.8,-0.38,stop_breakeven,79
6996.T,2022-11-07,2022-12-20,1331.8,1163.6,1178.3,-12.63,stop_base,43
6997.T,2022-11-04,2022-12-08,1973.5,1717.1,1723.0,-12.99,stop_base,34
6997.T,2023-05-10,2023-05-12,2126.3,1930.1,1949.8,-9.23,stop_base,2
6997.T,2024-06-18,2024-07-24,1695.4,1466.5,1520.8,-13.5,stop_base,36
6999.T,2021-01-25,2021-02-26,1465.6,1232.8,1244.0,-15.89,stop_base,32
6999.T,2021-04-02,2021-07-08,1428.7,1410.4,1428.7,-1.28,stop_breakeven,97
6999.T,2022-09-08,2022-12-07,2189.6,1827.5,1829.8,-16.54,stop_base,90
7003.T,2023-04-21,2023-08-25,436.0,459.5,436.0,5.38,time,126
7003.T,2023-09-06,2023-09-27,574.8,572.9,574.8,-0.34,stop_breakeven,21
7003.T,2024-02-09,2024-06-14,786.0,1430.9,786.0,82.05,time,126
7004.T,2020-02-07,2020-02-27,367.1,341.3,347.4,-7.03,stop_base,20
7004.T,2020-12-21,2021-04-26,435.1,731.9,435.1,68.21,time,126
7004.T,2021-07-06,2021-07-19,686.0,685.1,686.0,-0.13,stop_breakeven,13
7004.T,2021-09-06,2021-10-01,768.8,758.9,768.8,-1.29,stop_breakeven,25
7004.T,2022-11-08,2023-01-13,868.9,722.6,730.8,-16.84,stop_base,66
7004.T,2024-07-17,2024-08-02,1123.6,944.9,971.5,-15.91,stop_base,16
7011.T,2022-08-24,2022-11-14,489.9,474.0,489.9,-3.23,stop_breakeven,82
7011.T,2022-11-30,2023-01-16,519.7,459.2,460.8,-11.65,stop_base,47
7011.T,2023-05-24,2023-09-27,566.8,816.4,566.8,44.03,time,126
7011.T,2023-11-24,2023-12-14,861.1,743.1,750.6,-13.7,stop_base,20
7011.T,2024-01-10,2024-05-15,861.8,1330.2,861.8,54.36,time,126
7011.T,2024-06-11,2024-08-05,1421.8,1292.8,1421.8,-9.07,stop_breakeven,55
7011.T,2024-09-24,2025-01-28,1955.9,2103.3,1955.9,7.54,time,126
7012.T,2021-05-10,2021-05-21,509.5,441.0,442.3,-13.43,stop_base,11
7012.T,2022-08-10,2022-09-26,502.3,427.6,441.6,-14.88,stop_base,47
7012.T,2023-02-17,2023-03-14,568.5,513.3,519.3,-9.7,stop_base,25
7012.T,2023-04-28,2023-05-31,561.2,559.5,561.2,-0.31,stop_breakeven,33
7012.T,2023-06-05,2023-10-10,618.0,689.8,618.0,11.63,time,127
7012.T,2024-05-09,2024-06-05,1083.4,1082.6,1083.4,-0.07,stop_breakeven,27
7012.T,2024-07-03,2024-07-25,1246.4,1035.2,1068.7,-16.94,stop_base,22
7012.T,2024-11-07,2024-11-12,1295.8,1287.4,1295.8,-0.65,stop_breakeven,5
7013.T,2021-05-10,2021-09-13,299.9,342.4,299.9,14.18,time,126
7013.T,2021-09-14,2021-10-07,352.0,348.9,352.0,-0.86,stop_breakeven,23
7013.T,2022-08-30,2022-09-28,492.0,439.1,443.0,-10.77,stop_base,29
7013.T,2024-06-25,2024-08-05,626.9,591.9,626.9,-5.58,stop_breakeven,41
7013.T,2024-12-27,2025-02-07,1304.0,1256.8,1304.0,-3.62,stop_breakeven,42
7033.T,2020-06-01,2020-08-17,1121.7,1105.5,1121.7,-1.44,stop_breakeven,77
7033.T,2020-12-15,2020-12-22,1593.6,1526.1,1593.6,-4.24,stop_breakeven,7
7033.T,2021-09-01,2021-12-14,2765.7,2753.4,2765.7,-0.45,stop_breakeven,104
7034.T,2020-08-25,2020-09-14,5870.0,4505.0,4885.0,-23.25,stop_base,20
7038.T,2020-07-13,2020-11-16,1449.9,2479.6,1449.9,71.01,time,126
7038.T,2021-02-09,2021-02-17,2405.1,1853.1,1967.7,-22.95,stop_base,8
7038.T,2022-07-20,2022-08-18,1304.6,1297.9,1304.6,-0.51,stop_breakeven,29
7038.T,2022-11-09,2022-12-07,1232.2,1221.8,1232.2,-0.85,stop_breakeven,28
7059.T,2020-12-11,2021-02-12,333.6,318.8,333.6,-4.42,stop_breakeven,63
7059.T,2023-03-06,2023-07-10,264.6,455.2,264.6,72.01,time,126
7059.T,2023-08-14,2023-10-03,527.5,527.3,527.5,-0.04,stop_breakeven,50
7059.T,2023-10-13,2023-10-26,596.6,495.1,501.0,-17.02,stop_base,13
7059.T,2024-01-04,2024-04-16,734.9,720.7,734.9,-1.94,stop_breakeven,103
7071.T,2021-02-02,2021-02-24,1518.7,1471.8,1518.7,-3.09,stop_breakeven,22
7071.T,2021-04-07,2021-06-04,1565.6,1521.2,1565.6,-2.84,stop_breakeven,58
7071.T,2021-07-13,2021-07-28,1652.1,1508.9,1513.8,-8.67,stop_base,15
7071.T,2021-10-15,2022-01-19,2190.5,2128.7,2190.5,-2.82,stop_breakeven,96
7071.T,2023-01-27,2023-02-21,3371.7,3302.4,3371.7,-2.06,stop_breakeven,25
7085.T,2021-03-19,2021-04-27,930.6,798.2,825.8,-14.23,stop_base,39
7085.T,2021-07-06,2021-07-28,894.8,768.8,779.8,-14.08,stop_base,22
7085.T,2022-11-10,2022-12-15,846.3,845.4,846.3,-0.11,stop_breakeven,35
7085.T,2024-10-30,2025-01-09,780.3,715.7,723.4,-8.28,stop_base,71
7088.T,2022-07-25,2022-09-14,412.7,393.8,395.9,-4.59,stop_base,51
7088.T,2023-06-30,2023-10-04,560.9,552.7,560.9,-1.46,stop_breakeven,96
7088.T,2023-11-07,2024-03-12,618.3,892.1,618.3,44.29,time,126
7088.T,2024-07-01,2024-08-02,869.7,843.1,869.7,-3.05,stop_breakeven,32
7088.T,2024-11-11,2025-03-17,936.8,1021.2,936.8,9.01,time,126
7095.T,2023-03-08,2023-07-12,3066.2,5097.8,3066.2,66.26,time,126
7102.T,2020-01-07,2020-01-31,3082.2,2814.8,2824.2,-8.68,stop_base,24
7102.T,2024-06-25,2024-07-25,2401.5,2330.6,2401.5,-2.95,stop_breakeven,30
7128.T,2022-11-22,2022-12-02,3269.3,3182.8,3269.3,-2.65,stop_breakeven,10
7130.T,2023-04-12,2023-08-16,1748.9,3479.3,1748.9,98.94,time,126
7130.T,2023-12-04,2024-01-17,3525.6,3294.3,3525.6,-6.56,stop_breakeven,44
7148.T,2021-06-02,2021-08-20,610.3,491.9,507.5,-19.39,stop_base,79
7148.T,2021-09-14,2021-11-04,580.7,489.3,491.9,-15.74,stop_base,51
7148.T,2022-07-21,2022-11-24,768.1,903.9,768.1,17.67,time,126
7148.T,2023-04-20,2023-08-24,1017.0,1205.8,1017.0,18.56,time,126
7148.T,2023-08-28,2023-10-04,1223.2,1063.4,1068.6,-13.06,stop_base,37
7148.T,2023-11-01,2024-03-06,1285.6,1648.5,1285.6,28.23,time,126
7148.T,2024-03-18,2024-07-22,1700.1,2138.6,1700.1,25.79,time,126
7148.T,2024-07-30,2024-08-01,2217.9,2057.5,2217.9,-7.23,stop_breakeven,2
7148.T,2024-10-07,2025-02-10,2187.6,2314.9,2187.6,5.82,time,126
7157.T,2020-01-09,2020-03-09,733.0,642.0,678.0,-12.41,stop_base,60
7157.T,2020-07-20,2020-07-31,1316.0,1285.0,1316.0,-2.36,stop_breakeven,11
7157.T,2020-10-07,2020-10-23,1672.0,1645.0,1672.0,-1.61,stop_breakeven,16
7157.T,2021-01-05,2021-01-29,1731.0,1428.0,1460.0,-17.5,stop_base,24
7157.T,2022-12-06,2022-12-16,1132.0,1126.0,1132.0,-0.53,stop_breakeven,10
7157.T,2023-01-24,2023-02-06,1304.0,1291.0,1304.0,-1.0,stop_breakeven,13
7157.T,2023-04-12,2023-05-12,1218.0,1034.0,1066.0,-15.11,stop_base,30
7157.T,2024-05-28,2024-06-06,1442.0,1441.0,1442.0,-0.07,stop_breakeven,9
7157.T,2024-06-10,2024-08-02,1528.0,1512.0,1528.0,-1.05,stop_breakeven,53
7157.T,2024-10-15,2024-12-18,1802.0,1786.0,1802.0,-0.89,stop_breakeven,64
7164.T,2020-02-13,2020-02-25,1964.1,1797.5,1821.9,-8.48,stop_base,12
7164.T,2021-09-03,2021-09-29,2314.6,2306.1,2314.6,-0.37,stop_breakeven,26
7164.T,2023-02-20,2023-06-26,2317.8,2275.2,2081.2,-1.84,time,126
7164.T,2024-06-21,2024-08-02,2716.4,2667.1,2716.4,-1.82,stop_breakeven,42
7167.T,2022-09-16,2023-01-20,251.2,298.1,251.2,18.68,time,126
7167.T,2023-02-10,2023-03-13,325.5,324.5,325.5,-0.28,stop_breakeven,31
7167.T,2023-04-28,2023-09-01,321.8,379.7,321.8,17.98,time,126
7167.T,2023-09-04,2024-01-09,386.2,407.4,386.2,5.5,time,127
7167.T,2024-03-22,2024-07-26,481.9,565.0,481.9,17.26,time,126
7167.T,2024-07-31,2024-08-02,604.3,531.5,561.0,-12.05,stop_base,2
7167.T,2024-10-07,2025-02-10,566.5,617.8,566.5,9.07,time,126
7172.T,2021-05-07,2021-08-17,928.8,746.9,758.7,-19.58,stop_base,102
7172.T,2022-10-31,2022-11-02,777.8,699.7,717.0,-10.04,stop_base,2
7172.T,2024-06-14,2024-07-25,1397.1,1369.8,1397.1,-1.95,stop_breakeven,41
7173.T,2021-05-19,2021-09-22,1194.0,1294.8,1194.0,8.44,time,126
7173.T,2022-06-08,2022-10-12,1726.2,1892.4,1726.2,9.63,time,126
7173.T,2022-10-19,2022-12-05,2011.1,1998.5,2011.1,-0.63,stop_breakeven,47
7173.T,2023-02-14,2023-03-16,2742.0,2263.7,2273.6,-17.44,stop_base,30
7173.T,2023-05-09,2023-09-12,2678.6,4234.0,2678.6,58.07,time,126
7173.T,2024-01-24,2024-05-29,4045.5,4451.9,4045.5,10.05,time,126
7173.T,2024-05-31,2024-07-25,4661.0,4100.3,4109.8,-12.03,stop_base,55
7180.T,2020-11-09,2020-12-08,451.4,411.6,416.8,-8.83,stop_base,29
7180.T,2023-02-10,2023-03-14,453.1,437.5,453.1,-3.44,stop_breakeven,32
7180.T,2023-05-09,2023-09-12,462.6,740.2,462.6,60.0,time,126
7180.T,2024-01-22,2024-05-27,815.2,917.4,815.2,12.53,time,126
7180.T,2024-06-03,2024-06-13,1011.9,888.3,893.0,-12.21,stop_base,10
7181.T,2021-03-08,2021-04-02,616.8,613.1,616.8,-0.61,stop_breakeven,25
7181.T,2021-05-17,2021-06-21,636.9,557.9,578.1,-12.4,stop_base,35
7181.T,2022-06-08,2022-09-28,637.2,588.9,589.2,-7.57,stop_base,112
7181.T,2022-11-18,2023-03-14,649.8,649.5,649.8,-0.05,stop_breakeven,116
7181.T,2023-09-06,2024-01-10,743.1,809.3,743.1,8.9,time,126
7181.T,2024-04-09,2024-07-26,936.3,926.9,936.3,-1.0,stop_breakeven,108
7182.T,2022-07-20,2022-10-11,939.4,848.9,850.6,-9.63,stop_base,83
7182.T,2023-02-15,2023-03-16,1045.5,966.3,971.5,-7.57,stop_base,29
7182.T,2023-09-06,2024-01-10,1108.0,1316.2,1108.0,18.78,time,126
7182.T,2024-03-06,2024-04-01,1495.6,1489.0,1495.6,-0.44,stop_breakeven,26
7182.T,2024-05-15,2024-05-21,1531.2,1406.8,1422.8,-8.12,stop_base,6
7182.T,2024-07-02,2024-08-05,1493.2,1182.0,1363.6,-20.84,stop_base,34
7184.T,2022-09-20,2022-09-27,385.2,349.4,352.9,-9.28,stop_base,7
7184.T,2022-10-26,2023-03-01,386.6,574.1,386.6,48.51,time,126
7184.T,2023-03-03,2023-03-13,611.4,577.6,611.4,-5.52,stop_breakeven,10
7184.T,2023-05-01,2023-09-04,593.2,835.4,593.2,40.83,time,126
7184.T,2024-05-13,2024-08-05,990.0,876.5,990.0,-11.47,stop_breakeven,84
7186.T,2021-10-20,2021-11-29,406.2,359.1,368.9,-11.6,stop_base,40
7186.T,2023-03-08,2023-03-13,529.2,480.0,490.8,-9.29,stop_base,5
7186.T,2023-05-15,2023-09-19,477.8,662.3,477.8,38.61,time,127
7186.T,2023-11-01,2023-11-08,663.2,603.9,608.2,-8.94,stop_base,7
7186.T,2023-12-11,2023-12-19,663.8,600.1,603.9,-9.6,stop_base,8
7186.T,2024-03-21,2024-07-25,736.1,851.2,736.1,15.63,time,126
7187.T,2021-01-27,2021-06-02,288.8,486.2,288.8,68.33,time,126
7187.T,2022-11-09,2023-03-07,1357.0,1010.0,1010.9,-25.57,stop_base,118
7187.T,2024-05-08,2024-05-16,1220.3,1091.2,1097.7,-10.58,stop_base,8
7187.T,2024-06-25,2024-07-17,1221.3,1205.4,1221.3,-1.3,stop_breakeven,22
7187.T,2024-09-24,2024-11-01,1314.8,1291.8,1314.8,-1.75,stop_breakeven,38
7189.T,2023-02-15,2023-03-13,968.2,938.4,968.2,-3.07,stop_breakeven,26
7189.T,2023-04-04,2023-08-08,1039.2,1300.2,1039.2,25.11,time,126
7189.T,2023-09-01,2024-01-05,1381.2,1511.4,1381.2,9.43,time,126
7189.T,2024-01-24,2024-05-29,1557.0,1923.2,1557.0,23.52,time,126
7189.T,2024-05-30,2024-08-05,1977.9,1380.1,1678.5,-30.22,stop_base,67
7198.T,2022-11-09,2022-11-14,1204.6,1139.8,1159.5,-5.37,stop_base,5
7199.T,2021-02-02,2021-04-15,783.0,773.2,783.0,-1.25,stop_breakeven,72
7199.T,2021-05-24,2021-09-27,872.1,1095.4,872.1,25.61,time,126
7199.T,2021-11-08,2022-03-07,1147.8,1109.4,1147.8,-3.35,stop_breakeven,119
7199.T,2022-08-22,2022-10-05,1612.0,1576.8,1612.0,-2.19,stop_breakeven,44
7199.T,2022-11-10,2023-01-12,1738.3,1448.9,1461.9,-16.65,stop_base,63
7199.T,2024-04-30,2024-07-29,2121.4,1835.1,1838.0,-13.5,stop_base,90
7199.T,2024-10-28,2025-02-10,2345.3,2167.1,2345.3,-7.6,stop_breakeven,105
7201.T,2023-07-24,2023-07-28,603.8,598.6,603.8,-0.85,stop_breakeven,4
7201.T,2023-09-12,2023-10-03,626.0,614.4,626.0,-1.85,stop_breakeven,21
7202.T,2021-03-26,2021-05-13,951.6,854.2,866.1,-10.23,stop_base,48
7202.T,2021-05-14,2021-09-17,1039.4,1183.1,1039.4,13.82,time,126
7202.T,2021-09-28,2021-12-14,1205.5,1198.2,1205.5,-0.61,stop_breakeven,77
7202.T,2022-06-07,2022-07-01,1375.2,1197.8,1223.6,-12.9,stop_base,24
7202.T,2022-08-22,2022-12-26,1347.7,1342.3,1347.7,-0.4,stop_breakeven,126
7202.T,2023-08-31,2023-10-03,1634.7,1587.6,1634.7,-2.88,stop_breakeven,33
7202.T,2024-01-16,2024-03-08,1779.3,1761.5,1779.3,-1.0,stop_breakeven,52
7202.T,2024-05-28,2024-07-25,1898.0,1889.3,1898.0,-0.46,stop_breakeven,58
7203.T,2020-01-21,2020-02-19,1299.7,1248.2,1251.9,-3.96,stop_base,29
7203.T,2021-05-24,2021-09-27,1534.0,1793.5,1534.0,16.92,time,126
7203.T,2021-09-28,2022-02-01,1803.1,1955.9,1803.1,8.48,time,126
7203.T,2023-08-02,2023-12-06,2297.7,2624.3,2297.7,14.21,time,126
7203.T,2024-01-11,2024-05-16,2640.1,3148.4,2640.1,19.25,time,126
7211.T,2022-08-09,2022-10-11,451.0,443.7,451.0,-1.62,stop_breakeven,63
7220.T,2021-02-10,2021-04-21,1774.3,1765.6,1774.3,-0.49,stop_breakeven,70
7220.T,2021-05-18,2021-08-11,1992.2,1936.2,1992.2,-2.81,stop_breakeven,85
7220.T,2023-02-07,2023-04-06,1689.3,1625.2,1689.3,-3.8,stop_breakeven,58
7220.T,2024-07-29,2024-08-05,2036.2,1529.6,1799.3,-24.88,stop_base,7
7220.T,2024-11-08,2025-03-14,2148.3,2721.8,2148.3,26.7,time,126
7224.T,2022-11-01,2023-03-07,921.6,1019.4,921.6,10.61,time,126
7224.T,2023-03-08,2023-07-12,1044.2,1199.1,1044.2,14.83,time,126
7224.T,2023-07-24,2023-08-02,1255.3,1208.2,1255.3,-3.76,stop_breakeven,9
7226.T,2021-03-17,2021-04-23,1335.3,1324.8,1335.3,-0.79,stop_breakeven,37
7226.T,2021-05-28,2021-06-21,1414.6,1279.1,1304.0,-9.58,stop_base,24
7226.T,2023-03-07,2023-07-11,1299.5,1488.6,1299.5,14.56,time,126
7226.T,2023-07-19,2023-09-26,1536.0,1533.4,1536.0,-0.17,stop_breakeven,69
7226.T,2023-11-02,2024-03-07,1610.1,2208.1,1610.1,37.14,time,126
7226.T,2024-07-16,2024-08-05,2352.8,1941.1,2148.7,-17.5,stop_base,20
7226.T,2024-10-07,2024-10-08,2417.3,2268.9,2283.0,-6.14,stop_base,1
7231.T,2022-08-04,2022-09-21,1156.7,1153.3,1156.7,-0.29,stop_breakeven,48
7231.T,2023-01-27,2023-06-02,1424.4,1752.8,1424.4,23.05,time,126
7231.T,2023-06-06,2023-10-10,1836.4,2177.0,1836.4,18.55,time,126
7231.T,2023-11-07,2024-03-12,2417.4,2565.2,2417.4,6.11,time,126
7236.T,2021-05-18,2021-09-21,1753.3,2435.1,1753.3,38.89,time,126
7236.T,2021-11-17,2021-12-15,2454.8,2111.1,2143.7,-14.0,stop_base,28
7236.T,2022-11-01,2022-11-09,2251.8,2036.3,2047.8,-9.57,stop_base,8
7236.T,2024-01-09,2024-05-14,2804.1,3173.2,2804.1,13.16,time,126
7236.T,2024-07-16,2024-08-02,3313.1,2941.5,3028.9,-11.21,stop_base,17
7238.T,2021-09-29,2021-11-12,216.0,209.0,216.0,-3.24,stop_breakeven,44
7239.T,2021-10-18,2021-11-15,1089.9,929.4,967.6,-14.72,stop_base,28
7239.T,2023-02-17,2023-06-23,1018.0,1276.9,1018.0,25.43,time,126
7239.T,2023-06-28,2023-07-12,1300.0,1284.6,1300.0,-1.18,stop_breakeven,14
7239.T,2023-08-14,2023-10-04,1388.0,1359.7,1388.0,-2.04,stop_breakeven,51
7239.T,2023-11-17,2024-03-22,1480.9,1804.8,1480.9,21.87,time,126
7239.T,2024-05-20,2024-08-02,1823.7,1646.7,1675.5,-9.7,stop_base,74
7240.T,2022-11-16,2023-03-14,1115.7,1089.6,1115.7,-2.34,stop_breakeven,118
7240.T,2023-03-30,2023-08-03,1252.1,1619.8,1252.1,29.36,time,126
7240.T,2024-08-23,2024-09-17,2080.2,2059.3,2080.2,-1.01,stop_breakeven,25
7240.T,2024-12-09,2025-01-14,2166.3,2133.2,2166.3,-1.53,stop_breakeven,36
7241.T,2023-04-24,2023-08-28,388.5,554.6,388.5,42.76,time,126
7241.T,2023-08-29,2024-01-04,560.8,741.2,560.8,32.16,time,128
7241.T,2024-01-19,2024-05-24,779.7,813.0,779.7,4.27,time,126
7242.T,2021-05-10,2021-08-17,1301.3,1287.0,1301.3,-1.1,stop_breakeven,99
7242.T,2022-11-07,2023-03-13,1490.5,1682.2,1490.5,12.86,time,126
7242.T,2023-03-30,2023-08-03,1768.2,2213.6,1768.2,25.19,time,126
7242.T,2024-01-22,2024-05-14,2367.5,2367.3,2367.5,-0.01,stop_breakeven,113
7242.T,2024-06-14,2024-08-02,2529.5,2283.9,2353.4,-9.71,stop_base,49
7244.T,2021-06-08,2021-07-07,670.9,613.5,614.1,-8.55,stop_base,29
7244.T,2023-03-30,2023-08-03,422.5,483.4,422.5,14.41,time,126
7244.T,2023-09-04,2023-10-04,510.3,481.5,510.3,-5.65,stop_breakeven,30
7245.T,2022-01-04,2022-02-24,538.6,537.7,538.6,-0.16,stop_breakeven,51
7245.T,2023-09-21,2024-01-25,538.5,501.8,460.7,-6.82,time,126
7245.T,2024-06-19,2024-07-26,588.4,535.0,535.9,-9.08,stop_base,37
7246.T,2021-06-03,2021-06-11,273.0,271.4,273.0,-0.58,stop_breakeven,8
7246.T,2021-07-27,2021-08-20,293.5,261.2,262.0,-10.99,stop_base,24
7246.T,2021-11-04,2022-03-07,291.0,287.0,291.0,-1.39,stop_breakeven,123
7246.T,2022-08-10,2022-12-14,351.4,363.3,351.4,3.38,time,126
7246.T,2023-01-24,2023-05-30,370.9,503.7,370.9,35.79,time,126
7246.T,2023-06-09,2023-10-13,507.2,596.5,507.2,17.61,time,126
7246.T,2024-03-21,2024-05-14,623.1,612.0,623.1,-1.78,stop_breakeven,54
7250.T,2021-07-13,2021-08-20,1028.8,1022.0,1028.8,-0.66,stop_breakeven,38
7250.T,2023-03-09,2023-05-31,1080.3,1066.4,1080.3,-1.29,stop_breakeven,83
7250.T,2023-06-09,2023-10-13,1159.0,1300.0,1159.0,12.16,time,126
7250.T,2024-03-19,2024-04-26,1562.4,1517.1,1562.4,-2.9,stop_breakeven,38
7250.T,2024-07-04,2024-07-24,1514.2,1414.3,1427.7,-6.6,stop_base,20
7250.T,2024-07-31,2024-08-02,1518.1,1344.2,1373.0,-11.46,stop_base,2
7259.T,2021-03-31,2021-08-04,1171.8,1254.1,1171.8,7.02,time,126
7259.T,2023-08-30,2024-01-04,1440.2,1566.7,1440.2,8.78,time,127
7259.T,2024-01-22,2024-03-11,1698.9,1676.7,1698.9,-1.31,stop_breakeven,49
7259.T,2024-03-21,2024-04-26,1860.7,1762.2,1860.7,-5.29,stop_breakeven,36
7261.T,2021-05-26,2021-08-20,742.3,740.7,742.3,-0.22,stop_breakeven,86
7261.T,2021-09-29,2021-10-06,824.5,737.4,740.7,-10.56,stop_base,7
7261.T,2021-10-15,2021-12-14,856.5,732.5,737.4,-14.48,stop_base,60
7261.T,2022-08-08,2022-09-26,977.1,941.8,977.1,-3.61,stop_breakeven,49
7261.T,2022-11-11,2023-03-17,933.1,977.6,933.1,4.77,time,126
7261.T,2023-06-09,2023-07-13,1129.0,1123.3,1129.0,-0.5,stop_breakeven,34
7261.T,2023-07-25,2023-10-31,1267.0,1261.6,1267.0,-0.42,stop_breakeven,98
7261.T,2023-11-14,2024-02-14,1538.5,1518.1,1538.5,-1.32,stop_breakeven,92
7261.T,2024-04-08,2024-06-06,1623.6,1391.4,1399.0,-14.3,stop_base,59
7267.T,2021-06-02,2021-08-19,945.5,923.8,945.5,-2.3,stop_breakeven,78
7267.T,2021-09-29,2021-11-29,983.2,865.9,879.0,-11.93,stop_base,61
7267.T,2023-07-31,2023-12-04,1320.6,1329.1,1320.6,0.65,time,126
7267.T,2024-02-22,2024-04-19,1606.3,1592.2,1606.3,-0.88,stop_breakeven,57
7267.T,2024-07-04,2024-07-24,1632.3,1485.5,1496.9,-8.99,stop_base,20
7269.T,2021-04-02,2021-04-21,1168.2,984.7,1024.1,-15.7,stop_base,19
7269.T,2023-05-15,2023-05-25,1155.4,1068.0,1075.0,-7.57,stop_base,10
7269.T,2023-08-31,2023-10-04,1344.6,1291.0,1344.6,-3.99,stop_breakeven,34
7269.T,2023-11-06,2023-11-21,1444.3,1413.1,1444.3,-2.16,stop_breakeven,15
7269.T,2024-01-10,2024-03-11,1450.9,1449.7,1450.9,-0.08,stop_breakeven,61
7269.T,2024-03-27,2024-04-19,1672.6,1635.1,1672.6,-2.24,stop_breakeven,23
7269.T,2024-05-14,2024-07-18,1765.5,1751.2,1765.5,-0.81,stop_breakeven,65
7270.T,2022-08-31,2022-12-20,2179.4,1858.8,1890.6,-14.71,stop_base,111
7270.T,2023-08-28,2023-10-04,2455.4,2385.2,2455.4,-2.86,stop_breakeven,37
7270.T,2024-02-06,2024-06-11,2738.8,3128.2,2738.8,14.22,time,126
7270.T,2024-07-04,2024-07-18,3317.7,2953.5,3000.4,-10.98,stop_base,14
7272.T,2021-03-10,2021-07-14,711.7,798.9,711.7,12.25,time,126
7272.T,2021-09-08,2021-11-29,837.1,831.2,837.1,-0.71,stop_breakeven,82
7272.T,2022-10-25,2023-01-04,891.7,877.3,891.7,-1.61,stop_breakeven,71
7272.T,2023-02-01,2023-03-16,967.3,956.7,967.3,-1.09,stop_breakeven,43
7272.T,2023-04-28,2023-09-01,1053.0,1167.2,1053.0,10.85,time,126
7272.T,2023-09-19,2023-10-04,1263.7,1092.5,1136.3,-13.54,stop_base,15
7272.T,2024-02-13,2024-06-18,1375.7,1395.4,1178.7,1.43,time,126
7272.T,2024-07-04,2024-07-24,1530.3,1370.4,1375.7,-10.45,stop_base,20
7276.T,2021-01-07,2021-02-26,3227.9,3205.3,3227.9,-0.7,stop_breakeven,50
7276.T,2021-03-17,2021-04-21,3724.5,3100.3,3205.3,-16.76,stop_base,35
7276.T,2021-06-04,2021-06-21,3340.5,2955.3,3055.0,-11.53,stop_base,17
7276.T,2023-06-14,2023-06-27,2618.6,2393.4,2403.2,-8.6,stop_base,13
7278.T,2021-09-14,2022-01-18,1356.0,1351.4,1214.0,-0.34,time,126
7278.T,2023-03-09,2023-07-13,1555.5,2021.2,1555.5,29.94,time,126
7278.T,2023-07-24,2023-11-27,2104.8,2215.4,2104.8,5.26,time,126
7278.T,2023-12-29,2024-05-07,2260.7,2562.6,2260.7,13.35,time,130
7278.T,2024-06-19,2024-08-05,2643.4,2360.0,2643.4,-10.72,stop_breakeven,47
7278.T,2024-09-20,2025-01-24,2847.8,3983.3,2847.8,39.87,time,126
7280.T,2021-05-13,2021-08-05,705.3,622.5,705.3,-11.74,stop_breakeven,84
7280.T,2023-01-30,2023-03-14,486.3,456.6,486.3,-6.11,stop_breakeven,43
7280.T,2023-08-01,2023-08-10,843.5,743.1,744.1,-11.9,stop_base,9
7280.T,2023-09-25,2023-10-03,795.2,686.2,687.2,-13.71,stop_base,8
7280.T,2024-02-13,2024-05-13,1106.0,1046.2,1106.0,-5.41,stop_breakeven,90
7282.T,2020-12-14,2021-04-19,2548.8,2480.4,2145.6,-2.68,time,126
7282.T,2023-07-25,2023-11-28,2578.2,2773.7,2578.2,7.59,time,126
7283.T,2021-05-20,2021-08-20,660.7,653.2,660.7,-1.12,stop_breakeven,92
7283.T,2021-11-04,2021-11-29,718.3,640.6,648.9,-10.83,stop_base,25
7283.T,2023-02-03,2023-06-09,718.1,888.8,718.1,23.77,time,126
7283.T,2023-06-12,2023-10-16,911.1,1076.0,911.1,18.1,time,126
7283.T,2023-11-28,2024-04-02,1189.5,1457.6,1189.5,22.53,time,126
7294.T,2023-10-02,2023-12-21,911.3,774.4,783.1,-15.03,stop_base,80
7294.T,2024-05-24,2024-08-02,1003.0,1001.1,1003.0,-0.19,stop_breakeven,70
7294.T,2024-09-26,2025-01-10,1074.5,1064.0,1074.5,-0.98,stop_breakeven,106
7296.T,2023-03-08,2023-07-12,1308.4,1592.9,1308.4,21.74,time,126
7296.T,2023-08-15,2023-10-04,1662.8,1506.1,1535.1,-9.42,stop_base,50
7296.T,2024-03-19,2024-05-16,1916.8,1904.0,1916.8,-0.67,stop_breakeven,58
7296.T,2024-06-03,2024-07-26,2012.9,2012.0,2012.9,-0.04,stop_breakeven,53
7296.T,2024-09-03,2025-01-07,2114.7,2959.8,2114.7,39.96,time,126
7309.T,2020-07-02,2020-09-09,20061.9,19700.4,20061.9,-1.8,stop_breakeven,69
7309.T,2020-10-28,2021-01-06,22018.0,21863.2,22018.0,-0.7,stop_breakeven,70
7309.T,2021-01-12,2021-01-29,23396.3,23072.8,23396.3,-1.38,stop_breakeven,17
7309.T,2021-03-30,2021-05-13,24887.3,21994.4,22139.8,-11.62,stop_base,44
7309.T,2021-06-22,2021-10-26,24381.0,28390.2,24381.0,16.44,time,126
7309.T,2021-11-19,2022-01-14,31074.8,26368.5,27909.8,-15.14,stop_base,56
7309.T,2024-08-16,2024-10-23,27110.1,22836.3,22967.8,-15.76,stop_base,68
7313.T,2022-08-19,2022-12-02,1376.7,1370.1,1376.7,-0.47,stop_breakeven,105
7313.T,2023-01-30,2023-03-20,1371.0,1369.3,1371.0,-0.12,stop_breakeven,49
7313.T,2023-04-25,2023-08-14,1514.6,1499.8,1514.6,-0.98,stop_breakeven,111
7322.T,2021-12-16,2022-02-25,307.1,304.8,307.1,-0.74,stop_breakeven,71
7322.T,2023-02-15,2023-03-13,372.7,362.7,372.7,-2.69,stop_breakeven,26
7322.T,2023-08-30,2024-01-04,387.8,412.1,387.8,6.27,time,127
7322.T,2024-05-30,2024-06-05,489.3,486.2,489.3,-0.62,stop_breakeven,6
7327.T,2021-08-12,2021-11-18,342.4,341.7,342.4,-0.22,stop_breakeven,98
7327.T,2023-01-30,2023-03-13,446.5,441.4,446.5,-1.14,stop_breakeven,42
7327.T,2023-05-15,2023-09-19,454.4,596.7,454.4,31.32,time,127
7327.T,2023-09-22,2024-01-26,601.1,606.5,516.6,0.89,time,126
7327.T,2024-01-29,2024-06-03,625.4,786.8,625.4,25.81,time,126
7327.T,2024-07-01,2024-08-05,796.0,662.5,796.0,-16.76,stop_breakeven,35
7327.T,2024-11-06,2025-03-12,796.6,876.9,796.6,10.09,time,126
7337.T,2023-03-09,2023-03-14,635.4,554.0,576.8,-12.81,stop_base,5
7337.T,2023-05-15,2023-09-19,656.2,882.0,656.2,34.4,time,127
7337.T,2023-11-01,2023-12-21,898.3,799.0,800.7,-11.05,stop_base,50
7337.T,2024-01-24,2024-05-29,891.0,1143.6,891.0,28.35,time,126
7337.T,2024-05-30,2024-08-05,1152.4,817.5,979.6,-29.06,stop_base,67
7347.T,2023-06-15,2023-06-26,687.7,684.0,687.7,-0.54,stop_breakeven,11
7347.T,2023-08-31,2023-10-03,727.3,715.3,727.3,-1.65,stop_breakeven,33
7347.T,2023-11-27,2023-12-13,719.0,649.0,663.7,-9.73,stop_base,16
7347.T,2024-05-07,2024-05-15,1028.4,856.8,901.4,-16.68,stop_base,8
7347.T,2024-07-01,2024-08-02,893.8,728.9,768.7,-18.45,stop_base,32
7350.T,2024-05-31,2024-06-13,2548.4,2295.4,2320.5,-9.93,stop_base,13
7350.T,2024-07-19,2024-08-02,2479.6,2394.0,2479.6,-3.45,stop_breakeven,14
7380.T,2022-10-19,2023-02-22,409.6,534.8,409.6,30.57,time,126
7380.T,2023-02-27,2023-03-14,538.1,474.3,478.1,-11.85,stop_base,15
7380.T,2023-05-12,2023-09-15,513.7,677.1,513.7,31.8,time,126
7380.T,2023-10-27,2023-12-20,684.1,629.2,631.8,-8.02,stop_base,54
7380.T,2024-01-22,2024-05-27,684.9,816.6,684.9,19.22,time,126
7380.T,2024-05-31,2024-06-17,835.8,771.2,775.5,-7.73,stop_base,17
7380.T,2024-07-29,2024-08-05,847.1,651.5,771.2,-23.09,stop_base,7
7381.T,2023-09-11,2023-11-08,535.4,425.3,434.5,-20.57,stop_base,58
7384.T,2023-05-01,2023-08-15,2035.6,1819.4,1845.1,-10.62,stop_base,106
7388.T,2024-01-17,2024-04-16,5135.4,4751.1,5135.4,-7.48,stop_breakeven,90
7389.T,2024-04-08,2024-04-19,576.1,572.3,576.1,-0.65,stop_breakeven,11
7414.T,2021-11-04,2021-11-29,1380.7,1264.3,1269.9,-8.43,stop_base,25
7414.T,2021-12-28,2022-02-24,1347.8,1239.4,1261.9,-8.04,stop_base,58
7414.T,2023-07-10,2023-11-13,1434.0,1509.9,1434.0,5.29,time,126
7414.T,2023-12-29,2024-02-15,1549.3,1545.7,1549.3,-0.23,stop_breakeven,48
7419.T,2020-07-15,2020-11-18,408.1,438.8,408.1,7.54,time,126
7419.T,2021-01-14,2021-03-31,432.2,426.7,432.2,-1.28,stop_breakeven,76
7419.T,2022-07-20,2022-08-09,467.8,429.5,432.4,-8.2,stop_base,20
7419.T,2024-04-26,2024-06-13,603.0,520.1,530.7,-13.75,stop_base,48
7419.T,2024-10-31,2025-01-15,700.6,699.6,700.6,-0.14,stop_breakeven,76
7421.T,2023-09-05,2023-09-27,1637.8,1496.7,1507.6,-8.62,stop_base,22
7421.T,2024-07-26,2024-09-11,1851.1,1663.7,1664.7,-10.12,stop_base,47
7433.T,2021-05-06,2021-06-18,1133.2,1132.4,1133.2,-0.07,stop_breakeven,43
7433.T,2021-09-14,2022-01-18,1483.5,1968.0,1483.5,32.66,time,126
7433.T,2022-08-01,2022-12-05,2434.6,2971.6,2434.6,22.05,time,126
7433.T,2022-12-12,2023-04-17,3190.6,3829.1,3190.6,20.01,time,126
7433.T,2023-05-25,2023-08-03,4150.0,4085.8,4150.0,-1.55,stop_breakeven,70
7433.T,2023-09-19,2024-01-23,4680.5,5358.2,4680.5,14.48,time,126
7438.T,2020-02-06,2020-02-27,969.1,882.8,891.8,-8.91,stop_base,21
7438.T,2020-07-17,2020-10-02,965.1,954.3,965.1,-1.12,stop_breakeven,77
7438.T,2023-07-25,2023-11-28,1108.1,1066.1,1005.8,-3.79,time,126
7438.T,2023-11-30,2024-04-04,1076.2,1183.2,1076.2,9.94,time,126
7438.T,2024-05-15,2024-08-02,1229.0,1198.1,1229.0,-2.51,stop_breakeven,79
7447.T,2020-06-16,2020-07-31,2261.4,2230.3,2261.4,-1.38,stop_breakeven,45
7447.T,2020-09-14,2020-10-05,2389.8,2365.7,2389.8,-1.01,stop_breakeven,21
7447.T,2020-12-23,2021-02-18,2501.7,2445.7,2501.7,-2.24,stop_breakeven,57
7447.T,2023-05-16,2023-09-19,2011.8,2152.2,2011.8,6.98,time,126
7447.T,2023-12-25,2024-01-26,2208.2,2159.6,2208.2,-2.2,stop_breakeven,32
7447.T,2024-06-28,2024-11-01,2465.6,2161.7,2119.5,-12.33,time,126
7453.T,2021-03-03,2021-03-26,1186.3,1180.9,1186.3,-0.46,stop_breakeven,23
7453.T,2023-03-31,2023-08-04,721.9,914.2,721.9,26.63,time,126
7453.T,2023-09-26,2023-10-04,955.6,863.0,895.2,-9.7,stop_base,8
7453.T,2023-10-16,2024-02-19,957.8,1151.4,957.8,20.21,time,126
7453.T,2024-02-29,2024-04-16,1157.1,1130.4,1157.1,-2.31,stop_breakeven,47
7453.T,2024-05-31,2024-08-02,1264.0,1242.5,1264.0,-1.7,stop_breakeven,63
7453.T,2024-11-13,2025-03-19,1380.5,1988.8,1380.5,44.06,time,126
7456.T,2020-01-07,2020-02-17,1442.2,1341.2,1344.7,-7.0,stop_base,41
7456.T,2021-02-12,2021-06-18,1768.0,1905.3,1768.0,7.76,time,126
7456.T,2021-07-13,2021-11-16,2036.6,2804.6,2036.6,37.71,time,126
7456.T,2023-10-31,2024-02-13,2478.6,2305.1,2478.6,-7.0,stop_breakeven,105
7456.T,2024-05-28,2024-08-02,2730.0,2626.4,2730.0,-3.79,stop_breakeven,66
7456.T,2024-09-26,2025-01-30,3155.9,2952.3,2838.4,-6.45,time,126
7458.T,2021-04-12,2021-04-30,1955.5,1743.5,1754.2,-10.84,stop_base,18
7458.T,2022-10-19,2023-01-10,1904.5,1723.2,1723.4,-9.52,stop_base,83
7458.T,2023-01-31,2023-06-06,1801.5,2269.8,1801.5,25.99,time,126
7458.T,2023-06-14,2023-09-21,2333.7,2286.5,2333.7,-2.02,stop_breakeven,99
7459.T,2023-06-09,2023-10-13,2145.8,2345.2,2145.8,9.3,time,126
7466.T,2020-01-07,2020-01-16,613.4,581.7,588.6,-5.17,stop_base,9
7466.T,2023-02-16,2023-06-22,692.8,824.0,692.8,18.93,time,126
7466.T,2023-06-29,2023-10-30,825.8,820.6,825.8,-0.63,stop_breakeven,123
7466.T,2024-01-29,2024-06-03,941.2,1044.2,941.2,10.95,time,126
7466.T,2024-06-10,2024-08-01,1052.3,1038.6,1052.3,-1.3,stop_breakeven,52
7475.T,2020-09-25,2020-10-02,2398.5,2359.8,2398.5,-1.61,stop_breakeven,7
7475.T,2024-09-26,2024-11-05,2757.9,2496.9,2527.7,-9.46,stop_base,40
7476.T,2020-01-22,2020-02-03,2307.1,2094.6,2121.2,-9.21,stop_base,12
7476.T,2020-08-03,2020-08-06,2752.1,2455.2,2499.9,-10.79,stop_base,3
7476.T,2020-08-12,2020-12-16,2785.6,3379.1,2785.6,21.31,time,126
7476.T,2020-12-23,2021-01-15,3654.7,3645.7,3654.7,-0.25,stop_breakeven,23
7482.T,2020-09-16,2021-01-20,1109.2,1167.2,1109.2,5.23,time,126
7482.T,2023-08-14,2023-12-14,1070.5,1062.6,1070.5,-0.73,stop_breakeven,122
7482.T,2024-01-09,2024-04-17,1179.3,1162.4,1179.3,-1.43,stop_breakeven,99
7482.T,2024-06-21,2024-07-24,1220.5,1203.9,1220.5,-1.36,stop_breakeven,33
7483.T,2020-11-27,2021-02-01,1702.9,1502.8,1505.3,-11.75,stop_base,66
7483.T,2023-02-01,2023-06-07,1619.6,1940.2,1619.6,19.79,time,126
7483.T,2023-06-15,2023-09-21,2030.1,2022.9,2030.1,-0.35,stop_breakeven,98
7504.T,2020-09-03,2021-01-07,1253.3,1414.0,1253.3,12.82,time,126
7504.T,2021-03-19,2021-04-01,1395.9,1283.9,1292.7,-8.03,stop_base,13
7504.T,2022-11-17,2022-12-02,1582.8,1557.3,1582.8,-1.61,stop_breakeven,15
7504.T,2023-01-24,2023-05-30,1675.5,1793.6,1675.5,7.05,time,126
7504.T,2023-07-31,2023-11-15,1966.5,1825.9,1834.1,-7.15,stop_base,107
7504.T,2024-02-02,2024-06-07,2234.4,2142.0,1862.2,-4.13,time,126
7504.T,2024-06-25,2024-10-29,2288.0,2444.9,2288.0,6.86,time,126
7504.T,2024-12-27,2025-01-17,2416.4,2199.5,2208.0,-8.98,stop_base,21
7508.T,2020-01-10,2020-01-30,1018.0,1013.5,1018.0,-0.45,stop_breakeven,20
7508.T,2020-06-04,2020-10-08,1048.0,1100.9,1048.0,5.05,time,126
7508.T,2021-06-28,2021-08-02,1415.4,1366.0,1415.4,-3.48,stop_breakeven,35
7508.T,2024-06-25,2024-08-05,1508.6,1260.7,1349.5,-16.43,stop_base,41
7508.T,2024-09-26,2024-10-31,1601.1,1344.7,1358.8,-16.01,stop_base,35
7510.T,2020-06-19,2020-07-13,1251.8,1121.1,1146.9,-10.44,stop_base,24
7510.T,2020-12-22,2021-04-27,1343.5,1270.1,1218.8,-5.46,time,126
7510.T,2023-03-06,2023-05-30,1497.7,1487.8,1497.7,-0.67,stop_breakeven,85
7510.T,2023-07-31,2023-10-04,1635.4,1613.5,1635.4,-1.34,stop_breakeven,65
7510.T,2023-11-29,2024-04-03,1721.7,1957.5,1721.7,13.7,time,126
7510.T,2024-06-21,2024-08-05,2062.8,1881.4,2062.8,-8.79,stop_breakeven,45
7513.T,2020-11-26,2021-01-18,679.8,591.3,595.9,-13.02,stop_base,53
7513.T,2021-03-12,2021-07-16,615.0,628.7,615.0,2.23,time,126
7513.T,2023-11-27,2024-01-17,692.8,688.9,692.8,-0.56,stop_breakeven,51
7513.T,2024-03-13,2024-04-26,764.3,763.3,764.3,-0.13,stop_breakeven,44
7513.T,2024-06-07,2024-10-11,862.9,1002.6,862.9,16.2,time,126
7513.T,2024-10-15,2025-02-18,1039.9,997.7,889.7,-4.06,time,126
7516.T,2020-06-23,2020-10-27,2797.3,3065.8,2797.3,9.6,time,126
7516.T,2023-09-25,2024-01-29,3603.1,3631.1,3210.6,0.78,time,126
7516.T,2024-04-11,2024-07-16,4362.6,3716.5,3744.8,-14.81,stop_base,96
7520.T,2020-07-06,2020-11-09,1689.0,2040.5,1689.0,20.81,time,126
7520.T,2023-08-29,2024-01-04,1948.0,2269.2,1948.0,16.49,time,128
7520.T,2024-01-05,2024-05-10,2278.4,2255.1,1954.5,-1.02,time,126
7520.T,2024-07-02,2024-08-01,2226.7,2074.2,2090.3,-6.85,stop_base,30
7525.T,2022-07-20,2022-08-09,1720.2,1503.4,1508.4,-12.6,stop_base,20
7525.T,2022-09-13,2022-11-02,1740.9,1727.0,1740.9,-0.79,stop_breakeven,50
7525.T,2022-11-24,2023-03-30,1862.7,2187.9,1862.7,17.46,time,126
7525.T,2023-04-20,2023-08-24,2280.0,2641.6,2280.0,15.86,time,126
7525.T,2023-09-15,2023-10-04,2808.4,2610.5,2621.4,-7.05,stop_base,19
7525.T,2023-10-27,2023-11-20,2944.4,2899.5,2944.4,-1.52,stop_breakeven,24
7525.T,2023-12-28,2024-05-02,3065.6,3958.4,3065.6,29.12,time,126
7532.T,2020-02-06,2020-03-16,397.7,328.3,331.1,-17.47,stop_base,39
7532.T,2020-06-02,2020-10-06,425.6,461.5,425.6,8.43,time,126
7532.T,2020-11-11,2021-03-17,477.0,498.9,477.0,4.6,time,126
7532.T,2023-05-12,2023-05-25,509.2,477.8,480.3,-6.17,stop_base,13
7532.T,2023-07-19,2023-11-22,535.6,653.6,535.6,22.03,time,126
7532.T,2023-12-13,2024-04-17,675.0,739.7,675.0,9.59,time,126
7532.T,2024-05-27,2024-08-02,786.5,698.6,720.6,-11.18,stop_base,67
7532.T,2024-12-12,2025-04-17,829.8,862.3,718.2,3.92,time,126
7537.T,2021-07-14,2021-08-19,543.7,532.9,543.7,-2.0,stop_breakeven,36
7537.T,2021-09-02,2021-10-01,598.8,598.6,598.8,-0.04,stop_breakeven,29
7537.T,2021-11-01,2021-11-09,661.4,654.3,661.4,-1.07,stop_breakeven,8
7537.T,2022-10-25,2023-02-28,685.6,1208.1,685.6,76.21,time,126
7537.T,2023-06-13,2023-10-17,1114.9,1031.0,940.6,-7.52,time,126
7537.T,2024-01-10,2024-02-01,1445.2,1327.5,1445.2,-8.14,stop_breakeven,22
7545.T,2020-11-19,2020-11-25,1616.8,1539.6,1616.8,-4.78,stop_breakeven,6
7545.T,2022-08-16,2022-09-29,1607.2,1267.0,1340.5,-21.17,stop_base,44
7545.T,2023-03-09,2023-07-05,1553.6,1551.7,1553.6,-0.12,stop_breakeven,118
7545.T,2023-10-20,2024-02-26,1799.2,2204.9,1799.2,22.55,time,129
7545.T,2024-03-06,2024-04-04,2227.2,2219.5,2227.2,-0.35,stop_breakeven,29
7545.T,2024-05-21,2024-08-05,2244.8,1930.6,2010.4,-13.99,stop_base,76
7550.T,2020-11-10,2021-03-16,2474.3,2868.7,2474.3,15.94,time,126
7550.T,2021-03-17,2021-04-30,2965.6,2638.6,2669.1,-11.03,stop_base,44
7550.T,2022-07-28,2022-11-04,3431.4,3394.5,3431.4,-1.08,stop_breakeven,99
7550.T,2023-03-29,2023-08-02,4042.2,6363.3,4042.2,57.42,time,126
7550.T,2023-10-12,2023-12-13,7042.0,6964.6,7042.0,-1.1,stop_breakeven,62
7552.T,2020-11-09,2021-02-26,617.7,613.6,617.7,-0.67,stop_breakeven,109
7552.T,2023-02-01,2023-02-09,911.5,821.6,824.3,-9.86,stop_base,8
7552.T,2023-06-12,2023-10-16,936.1,1037.5,936.1,10.83,time,126
7552.T,2023-12-12,2024-04-16,1186.9,1357.0,1186.9,14.34,time,126
7552.T,2024-04-30,2024-08-02,1444.3,1411.8,1444.3,-2.25,stop_breakeven,94
7552.T,2024-09-26,2025-01-30,1968.3,2219.9,1968.3,12.79,time,126
7554.T,2024-06-10,2024-08-05,1319.0,1185.1,1205.0,-10.15,stop_base,56
7575.T,2023-08-03,2023-10-16,994.3,993.4,994.3,-0.09,stop_breakeven,74
7575.T,2023-11-29,2024-04-03,1044.6,1083.6,1044.6,3.73,time,126
7575.T,2024-05-02,2024-05-22,1163.6,1030.6,1061.3,-11.43,stop_base,20
7581.T,2020-01-20,2020-01-24,2653.4,2487.8,2495.5,-6.24,stop_base,4
7581.T,2021-07-02,2021-10-07,2680.4,2605.1,2680.4,-2.81,stop_breakeven,97
7581.T,2021-10-15,2021-11-19,2920.3,2903.7,2920.3,-0.57,stop_breakeven,35
7581.T,2022-12-08,2023-02-21,2977.4,2953.8,2977.4,-0.79,stop_breakeven,75
7581.T,2023-03-03,2023-07-07,3248.5,3504.9,3248.5,7.89,time,126
7581.T,2023-07-13,2023-11-16,4076.7,5632.5,4076.7,38.16,time,126
7593.T,2021-03-22,2021-06-25,369.4,368.8,369.4,-0.14,stop_breakeven,95
7593.T,2021-07-26,2021-11-17,390.3,388.2,390.3,-0.53,stop_breakeven,114
7593.T,2022-11-09,2023-01-10,427.6,399.6,400.5,-6.55,stop_base,62
7593.T,2023-03-07,2023-05-16,448.9,444.4,448.9,-0.99,stop_breakeven,70
7595.T,2020-01-09,2020-02-25,746.0,739.7,746.0,-0.85,stop_breakeven,47
7595.T,2020-05-29,2020-07-31,793.8,691.2,692.3,-12.92,stop_base,63
7595.T,2022-08-10,2022-12-14,793.6,825.3,793.6,4.0,time,126
7595.T,2023-01-30,2023-03-20,867.8,790.6,794.0,-8.89,stop_base,49
7595.T,2023-05-01,2023-06-26,883.0,875.1,883.0,-0.9,stop_breakeven,56
7595.T,2024-06-19,2024-08-02,1084.3,1043.8,1084.3,-3.74,stop_breakeven,44
7595.T,2024-09-26,2024-11-06,1226.6,1094.6,1105.1,-10.76,stop_base,41
7595.T,2024-12-03,2025-01-14,1268.7,1061.9,1094.6,-16.3,stop_base,42
7596.T,2020-08-28,2020-10-16,1488.9,1470.7,1488.9,-1.22,stop_breakeven,49
7596.T,2020-12-09,2021-04-14,1563.5,1696.7,1563.5,8.52,time,126
7596.T,2021-06-16,2021-10-14,1786.4,1778.5,1786.4,-0.44,stop_breakeven,120
7599.T,2021-03-22,2021-04-08,594.0,593.2,594.0,-0.14,stop_breakeven,17
7599.T,2021-06-15,2021-10-19,555.7,660.4,555.7,18.83,time,126
7599.T,2022-09-20,2022-10-17,796.5,650.7,660.2,-18.31,stop_base,27
7599.T,2023-03-08,2023-04-07,789.9,691.7,692.6,-12.43,stop_base,30
7599.T,2023-07-03,2023-07-18,804.3,738.5,804.3,-8.17,stop_breakeven,15
7599.T,2023-12-20,2024-01-15,860.4,795.3,860.4,-7.57,stop_breakeven,26
7599.T,2024-06-13,2024-07-16,1319.8,1152.0,1199.8,-12.71,stop_base,33
7600.T,2020-01-07,2020-01-30,2219.7,2121.4,2219.7,-4.43,stop_breakeven,23
7606.T,2023-05-11,2023-08-08,2092.7,2037.1,2092.7,-2.66,stop_breakeven,89
7606.T,2024-10-04,2024-11-21,2202.0,2156.6,2202.0,-2.06,stop_breakeven,48
7607.T,2021-08-12,2021-10-06,1955.1,1933.8,1955.1,-1.09,stop_breakeven,55
7607.T,2023-10-16,2024-02-19,2308.2,2200.5,2017.8,-4.66,time,126
7607.T,2024-04-30,2024-07-08,2593.3,2590.5,2593.3,-0.11,stop_breakeven,69
7607.T,2024-12-11,2025-01-09,2710.4,2704.8,2710.4,-0.21,stop_breakeven,29
7609.T,2020-02-12,2020-02-28,767.5,631.1,643.4,-17.78,stop_base,16
7609.T,2021-09-02,2021-10-01,920.5,914.9,920.5,-0.61,stop_breakeven,29
7609.T,2021-11-04,2021-11-29,996.3,804.0,838.3,-19.3,stop_base,25
7609.T,2021-12-28,2022-01-27,895.1,778.2,804.0,-13.06,stop_base,30
7609.T,2022-10-31,2023-03-06,896.5,1130.4,896.5,26.08,time,126
7609.T,2023-03-09,2023-07-13,1146.9,1278.3,1146.9,11.46,time,126
7609.T,2023-09-07,2024-01-11,1415.7,1285.0,1186.4,-9.23,time,126
7611.T,2022-06-07,2022-07-07,1973.6,1931.0,1973.6,-2.16,stop_breakeven,30
7611.T,2022-08-05,2022-09-01,2113.5,1913.6,1929.1,-9.46,stop_base,27
7611.T,2023-08-01,2023-08-18,2473.2,2438.8,2473.2,-1.39,stop_breakeven,17
7611.T,2023-08-23,2023-09-20,2714.4,2689.5,2714.4,-0.92,stop_breakeven,28
7611.T,2023-12-28,2024-02-14,2702.0,2665.4,2702.0,-1.35,stop_breakeven,48
7611.T,2024-06-05,2024-08-02,2951.0,2559.5,2594.4,-13.27,stop_base,58
7613.T,2021-02-09,2021-03-24,1435.4,1425.1,1435.4,-0.71,stop_breakeven,43
7613.T,2023-01-31,2023-03-13,1251.6,1237.2,1251.6,-1.15,stop_breakeven,41
7613.T,2023-05-12,2023-05-24,1298.2,1295.5,1298.2,-0.21,stop_breakeven,12
7613.T,2023-06-12,2023-10-16,1402.3,1289.0,1184.3,-8.08,time,126
7616.T,2021-07-02,2021-08-04,2072.4,1832.6,1841.4,-11.57,stop_base,33
7616.T,2022-07-28,2022-10-03,1936.9,1768.7,1771.6,-8.69,stop_base,67
7616.T,2023-08-10,2023-09-20,2360.7,2360.2,2360.7,-0.02,stop_breakeven,41
7616.T,2024-01-09,2024-04-02,2311.1,2046.4,2097.7,-11.45,stop_base,84
7628.T,2020-01-09,2020-02-14,606.4,604.8,606.4,-0.26,stop_breakeven,36
7628.T,2020-07-27,2020-07-31,669.9,592.4,603.7,-11.57,stop_base,4
7628.T,2022-11-24,2022-12-02,646.7,605.1,611.3,-6.43,stop_base,8
7628.T,2023-01-24,2023-03-14,677.3,666.2,677.3,-1.63,stop_breakeven,49
7628.T,2023-04-03,2023-08-07,720.0,720.4,666.2,0.06,time,126
7628.T,2023-08-30,2024-01-04,731.7,848.4,731.7,15.95,time,127
7628.T,2024-01-05,2024-03-11,856.2,779.6,793.3,-8.95,stop_base,66
7628.T,2024-07-16,2024-08-05,893.5,751.0,771.1,-15.94,stop_base,20
7628.T,2024-12-09,2024-12-20,947.7,934.9,947.7,-1.36,stop_breakeven,11
7630.T,2020-01-10,2020-02-27,1078.8,877.6,918.5,-18.65,stop_base,48
7630.T,2023-04-26,2023-07-11,1025.1,1019.3,1025.1,-0.56,stop_breakeven,76
7630.T,2023-08-08,2023-10-02,1088.1,1019.0,1019.3,-6.35,stop_base,55
7637.T,2021-03-25,2021-07-29,1345.8,1869.3,1345.8,38.9,time,126
7637.T,2021-08-12,2021-11-22,2039.9,2034.5,2039.9,-0.26,stop_breakeven,102
7637.T,2024-05-29,2024-07-22,2762.6,2439.6,2453.6,-11.69,stop_base,54
7649.T,2020-06-02,2020-10-06,2220.4,2375.6,2220.4,6.99,time,126
7649.T,2021-06-16,2021-06-30,2875.4,2545.4,2602.0,-11.48,stop_base,14
7649.T,2024-03-12,2024-06-26,2481.7,2147.4,2162.3,-13.47,stop_base,106
7649.T,2024-07-31,2024-11-07,2514.0,2501.9,2514.0,-0.48,stop_breakeven,99
7683.T,2023-01-24,2023-05-30,697.8,821.3,697.8,17.69,time,126
7683.T,2023-06-14,2023-10-18,889.0,1087.6,889.0,22.34,time,126
7683.T,2023-11-24,2023-12-18,1210.5,1137.4,1210.5,-6.04,stop_breakeven,24
7683.T,2024-10-15,2025-01-09,1542.7,1262.6,1277.3,-18.16,stop_base,86
7701.T,2020-12-25,2021-02-26,3628.4,3554.1,3628.4,-2.05,stop_breakeven,63
7701.T,2021-06-15,2021-10-19,3854.0,4477.0,3854.0,16.16,time,126
7701.T,2021-11-19,2022-01-07,4570.5,4051.7,4229.3,-11.35,stop_base,49
7701.T,2024-09-27,2024-11-13,4763.3,4297.5,4344.2,-9.78,stop_base,47
7715.T,2020-07-21,2020-08-12,911.9,802.0,821.2,-12.06,stop_base,22
7715.T,2023-04-03,2023-08-07,1251.4,1888.5,1251.4,50.9,time,126
7715.T,2023-08-28,2023-10-04,2244.7,2130.8,2244.7,-5.07,stop_breakeven,37
7715.T,2024-04-11,2024-08-02,2494.6,2449.6,2494.6,-1.8,stop_breakeven,113
7717.T,2021-04-02,2021-05-13,5347.9,4377.2,4440.7,-18.15,stop_base,41
7717.T,2024-07-11,2024-07-25,3131.5,2713.9,2820.2,-13.33,stop_base,14
7721.T,2021-04-30,2021-07-19,965.4,957.1,965.4,-0.86,stop_breakeven,80
7721.T,2022-08-01,2022-09-14,1315.5,1171.3,1176.1,-10.96,stop_base,44
7721.T,2022-10-19,2022-11-14,1221.6,1078.4,1129.6,-11.72,stop_base,26
7721.T,2023-09-01,2024-01-05,1480.9,1725.0,1480.9,16.48,time,126
7721.T,2024-01-09,2024-05-14,1759.0,3072.8,1759.0,74.69,time,126
7723.T,2020-06-25,2020-09-24,1218.0,1160.7,1171.6,-4.71,stop_base,91
7723.T,2020-09-29,2021-02-02,1265.3,1201.8,1160.7,-5.02,time,126
7723.T,2021-12-29,2022-01-27,1503.7,1435.5,1503.7,-4.54,stop_breakeven,29
7723.T,2023-08-28,2024-01-04,1437.5,2147.5,1437.5,49.39,time,129
7723.T,2024-01-11,2024-02-28,2247.2,2235.3,2247.2,-0.53,stop_breakeven,48
7725.T,2021-09-10,2021-10-13,2597.2,2084.2,2143.9,-19.75,stop_base,33
7725.T,2024-06-18,2024-07-16,1630.3,1302.7,1361.5,-20.09,stop_base,28
7729.T,2021-01-08,2021-01-21,4341.0,4298.8,4341.0,-0.97,stop_breakeven,13
7729.T,2021-03-16,2021-05-13,4374.7,4253.5,4374.7,-2.77,stop_breakeven,58
7729.T,2021-06-04,2021-07-02,4727.1,4198.0,4232.2,-11.19,stop_base,28
7729.T,2023-03-30,2023-08-03,4732.4,7797.3,4732.4,64.76,time,126
7729.T,2023-11-06,2023-12-05,7723.8,7637.0,7723.8,-1.12,stop_breakeven,29
7729.T,2024-01-10,2024-05-15,8530.8,10204.6,8530.8,19.62,time,126
7729.T,2024-06-11,2024-07-18,11041.5,10822.8,11041.5,-1.98,stop_breakeven,37
7731.T,2021-06-25,2021-07-15,1059.5,883.1,919.2,-16.65,stop_base,20
7731.T,2021-12-28,2022-02-21,1111.9,1092.7,1111.9,-1.73,stop_breakeven,55
7731.T,2022-06-07,2022-07-06,1492.4,1237.6,1250.0,-17.07,stop_base,29
7731.T,2022-08-17,2022-09-28,1422.3,1226.0,1231.4,-13.8,stop_base,42
7733.T,2020-01-07,2020-03-13,1639.0,1516.8,1639.0,-7.45,stop_breakeven,66
7733.T,2020-08-13,2020-11-17,2041.6,2032.1,2041.6,-0.46,stop_breakeven,96
7733.T,2020-12-02,2021-01-28,2175.8,1850.7,1857.7,-14.94,stop_base,57
7733.T,2021-02-15,2021-03-23,2187.1,2186.7,2187.1,-0.02,stop_breakeven,36
7733.T,2021-06-01,2021-10-05,2248.0,2219.0,2248.0,-1.29,stop_breakeven,126
7733.T,2021-11-01,2022-02-07,2428.0,2150.1,2182.4,-11.45,stop_base,98
7733.T,2022-08-24,2022-12-05,2951.7,2516.3,2555.5,-14.75,stop_base,103
7733.T,2024-09-27,2024-11-18,2744.1,2414.1,2416.5,-12.03,stop_base,52
7734.T,2020-07-21,2020-11-24,1146.4,1362.2,1146.4,18.82,time,126
7734.T,2020-12-29,2021-02-24,1423.9,1235.0,1284.3,-13.27,stop_base,57
7734.T,2023-03-03,2023-03-14,2525.9,2459.3,2525.9,-2.64,stop_breakeven,11
7734.T,2023-03-31,2023-05-12,2723.0,2236.4,2330.9,-17.87,stop_base,42
7734.T,2023-06-14,2023-07-26,2560.0,2555.2,2560.0,-0.19,stop_breakeven,42
7734.T,2023-09-05,2024-01-09,2636.7,3281.8,2636.7,24.46,time,126
7734.T,2024-01-19,2024-01-29,3479.6,3445.9,3479.6,-0.97,stop_breakeven,10
7734.T,2024-02-05,2024-02-21,3730.6,3720.9,3730.6,-0.26,stop_breakeven,16
7734.T,2024-04-26,2024-06-24,3755.4,3740.8,3755.4,-0.39,stop_breakeven,59
7734.T,2024-06-27,2024-08-02,4051.3,3949.4,4051.3,-2.51,stop_breakeven,36
7734.T,2024-09-20,2025-01-08,4080.4,3403.5,3512.8,-16.59,stop_base,110
7735.T,2020-01-14,2020-01-30,1778.8,1372.8,1573.6,-22.82,stop_base,16
7735.T,2021-02-16,2021-05-13,2058.0,2054.5,2058.0,-0.17,stop_breakeven,86
7735.T,2021-06-03,2021-08-19,2366.6,1970.4,2054.5,-16.74,stop_base,77
7735.T,2022-01-04,2022-01-25,2838.2,2484.0,2488.4,-12.48,stop_base,21
7735.T,2022-06-07,2022-06-16,2748.5,2340.3,2365.2,-14.85,stop_base,9
7735.T,2023-05-12,2023-09-15,2764.7,3413.2,2764.7,23.45,time,126
7735.T,2023-10-02,2024-02-05,3557.8,7409.7,3557.8,108.27,time,126
7735.T,2024-07-04,2024-07-12,7494.4,7463.4,7494.4,-0.41,stop_breakeven,8
7739.T,2020-01-23,2020-02-03,1838.4,1699.2,1721.1,-7.57,stop_base,11
7739.T,2023-02-27,2023-03-14,1645.8,1638.4,1645.8,-0.45,stop_breakeven,15
7739.T,2023-04-03,2023-07-27,1734.2,1702.8,1734.2,-1.81,stop_breakeven,115
7739.T,2023-09-19,2024-01-23,1778.2,1948.9,1778.2,9.6,time,126
7739.T,2024-01-29,2024-06-03,2031.3,2216.0,2031.3,9.1,time,126
7739.T,2024-06-14,2024-08-02,2220.8,2007.2,2126.0,-9.62,stop_base,49
7739.T,2024-10-29,2025-01-09,2336.7,2319.7,2336.7,-0.73,stop_breakeven,72
7740.T,2020-02-10,2020-03-06,271.0,228.9,237.6,-15.51,stop_base,25
7740.T,2021-07-05,2021-08-20,266.5,264.2,266.5,-0.88,stop_breakeven,46
7740.T,2021-09-14,2021-10-06,301.0,262.5,264.2,-12.8,stop_base,22
7740.T,2021-12-16,2022-01-27,301.1,259.8,266.3,-13.71,stop_base,42
7740.T,2022-10-19,2022-12-21,353.7,353.1,353.7,-0.15,stop_breakeven,63
7740.T,2023-02-07,2023-06-13,364.4,415.8,364.4,14.09,time,126
7740.T,2023-06-14,2023-10-18,419.7,492.8,419.7,17.42,time,126
7740.T,2023-12-01,2024-04-05,507.0,811.1,507.0,59.96,time,126
7740.T,2024-04-30,2024-08-02,858.9,856.6,858.9,-0.27,stop_breakeven,94
7740.T,2024-11-25,2025-02-17,1063.7,947.0,948.4,-10.97,stop_base,84
7741.T,2020-01-07,2020-02-28,10183.3,9102.4,9185.8,-10.61,stop_base,52
7741.T,2020-06-19,2020-10-23,9943.1,11380.6,9943.1,14.46,time,126
7741.T,2020-10-28,2020-12-07,12221.1,12163.8,12221.1,-0.47,stop_breakeven,40
7741.T,2020-12-28,2021-02-24,13625.2,11858.1,11862.9,-12.97,stop_base,58
7741.T,2021-05-21,2021-07-19,13926.3,13888.0,13926.3,-0.28,stop_breakeven,59
7741.T,2021-08-12,2021-10-01,16547.7,16237.7,16547.7,-1.87,stop_breakeven,50
7741.T,2021-11-17,2022-01-11,17731.8,15152.0,15353.8,-14.55,stop_base,55
7741.T,2024-01-11,2024-04-05,17309.9,17060.6,17309.9,-1.44,stop_breakeven,85
7741.T,2024-07-17,2024-08-02,20389.5,17217.3,17701.9,-15.56,stop_base,16
7741.T,2024-09-27,2025-01-31,20449.5,20581.9,18357.9,0.65,time,126
7744.T,2021-02-16,2021-05-11,641.2,637.6,641.2,-0.56,stop_breakeven,84
7744.T,2022-10-27,2022-12-27,747.3,739.4,747.3,-1.05,stop_breakeven,61
7744.T,2024-01-09,2024-02-14,961.5,902.2,961.5,-6.17,stop_breakeven,36
7744.T,2024-05-13,2024-08-02,1185.7,1104.9,1185.7,-6.82,stop_breakeven,81
7744.T,2024-09-27,2024-10-24,1436.4,1187.4,1192.0,-17.33,stop_base,27
7744.T,2024-11-25,2025-03-31,1371.0,1506.5,1371.0,9.88,time,126
7745.T,2021-04-05,2021-05-12,1218.0,917.0,1005.2,-24.71,stop_base,37
7745.T,2023-02-01,2023-06-07,1000.7,1548.8,1000.7,54.77,time,126
7745.T,2023-07-19,2023-08-09,1770.7,1498.7,1511.9,-15.36,stop_base,21
7745.T,2023-11-08,2023-12-21,1670.5,1666.7,1670.5,-0.23,stop_breakeven,43
7745.T,2024-01-19,2024-02-08,1857.3,1856.4,1857.3,-0.05,stop_breakeven,20
7745.T,2024-02-19,2024-06-24,2033.6,2631.6,2033.6,29.41,time,126
7745.T,2024-07-03,2024-07-17,3152.7,3095.2,3152.7,-1.83,stop_breakeven,14
7747.T,2020-01-14,2020-01-30,3180.1,2939.2,2968.1,-7.58,stop_base,16
7747.T,2020-11-26,2020-12-07,3498.4,3493.5,3498.4,-0.14,stop_breakeven,11
7747.T,2023-08-28,2023-09-21,2897.8,2640.5,2658.6,-8.88,stop_base,24
7747.T,2024-01-12,2024-03-26,3001.3,2622.8,2687.0,-12.61,stop_base,74
7751.T,2021-09-08,2021-10-27,2281.8,2177.5,2281.8,-4.57,stop_breakeven,49
7751.T,2021-12-16,2022-04-21,2412.0,2634.6,2412.0,9.23,time,126
7751.T,2022-06-07,2022-09-01,2912.3,2861.5,2912.3,-1.74,stop_breakeven,86
7751.T,2022-10-25,2022-10-27,2989.3,2763.7,2775.1,-7.55,stop_base,2
7751.T,2023-10-19,2024-02-22,3460.7,3997.7,3460.7,15.52,time,126
7751.T,2024-02-26,2024-04-25,4009.8,3796.9,4009.8,-5.31,stop_breakeven,59
7751.T,2024-05-28,2024-08-01,4215.3,4179.1,4215.3,-0.86,stop_breakeven,65
7751.T,2024-10-10,2025-02-13,4839.2,4986.9,4434.6,3.05,time,126
7752.T,2021-05-10,2021-06-29,1074.2,1069.9,1074.2,-0.41,stop_breakeven,50
7752.T,2022-09-13,2022-09-26,1005.3,940.1,942.8,-6.48,stop_base,13
7752.T,2022-10-25,2022-12-20,1030.1,915.7,933.9,-11.1,stop_base,56
7752.T,2023-08-01,2023-08-14,1173.9,1090.8,1108.8,-7.08,stop_base,13
7752.T,2023-09-13,2023-12-08,1180.4,1048.7,1075.6,-11.15,stop_base,86
7752.T,2024-04-04,2024-06-17,1302.3,1288.1,1302.3,-1.09,stop_breakeven,74
7752.T,2024-07-04,2024-08-02,1418.5,1210.3,1216.9,-14.68,stop_base,29
7752.T,2024-10-03,2025-02-06,1578.9,1655.2,1578.9,4.83,time,126
7762.T,2021-09-07,2021-10-05,411.7,411.5,411.7,-0.06,stop_breakeven,28
7762.T,2022-06-07,2022-10-11,481.8,524.1,481.8,8.78,time,126
7762.T,2023-01-25,2023-05-31,514.6,755.0,514.6,46.72,time,126
7762.T,2023-06-01,2023-08-16,773.5,756.8,773.5,-2.17,stop_breakeven,76
7762.T,2023-09-26,2023-12-08,852.9,739.5,746.2,-13.3,stop_base,73
7762.T,2024-02-14,2024-04-19,942.1,933.4,942.1,-0.93,stop_breakeven,65
7762.T,2024-06-03,2024-07-22,963.7,951.8,963.7,-1.24,stop_breakeven,49
7769.T,2021-07-13,2021-11-16,730.5,1166.1,730.5,59.64,time,126
7769.T,2022-01-04,2022-03-08,1171.4,1154.6,1171.4,-1.44,stop_breakeven,63
7769.T,2022-06-08,2022-08-03,1697.0,1279.8,1395.0,-24.59,stop_base,56
7769.T,2023-05-12,2023-05-25,1924.6,1583.1,1593.3,-17.75,stop_base,13
7769.T,2023-12-07,2024-04-11,2513.8,2964.7,2513.8,17.94,time,126
7769.T,2024-08-16,2024-11-21,3788.3,3360.0,3364.7,-11.3,stop_base,97
7780.T,2020-01-09,2020-02-26,2186.2,2153.9,2186.2,-1.48,stop_breakeven,48
7780.T,2020-05-29,2020-10-02,2542.9,3183.3,2542.9,25.18,time,126
7780.T,2020-10-12,2020-11-17,3410.7,3341.1,3410.7,-2.04,stop_breakeven,36
7780.T,2021-01-13,2021-02-24,3123.0,3053.4,3123.0,-2.23,stop_breakeven,42
7780.T,2021-08-12,2021-10-04,3919.1,3797.8,3919.1,-3.1,stop_breakeven,53
7818.T,2020-01-14,2020-01-20,486.5,480.0,486.5,-1.34,stop_breakeven,6
7818.T,2020-07-10,2020-07-14,500.4,438.8,444.0,-12.32,stop_base,4
7818.T,2020-08-07,2020-10-15,505.2,454.1,505.2,-10.12,stop_breakeven,69
7818.T,2021-03-12,2021-07-16,515.8,554.6,515.8,7.52,time,126
7818.T,2022-10-31,2023-03-06,519.4,683.2,519.4,31.54,time,126
7818.T,2023-03-29,2023-06-01,758.0,754.8,758.0,-0.42,stop_breakeven,64
7818.T,2023-06-28,2023-07-07,836.5,820.4,836.5,-1.92,stop_breakeven,9
7818.T,2023-08-08,2023-10-03,902.1,799.9,809.8,-11.33,stop_base,56
7818.T,2023-10-17,2024-02-20,934.4,1190.9,934.4,27.45,time,126
7820.T,2020-07-20,2020-08-11,1200.4,1195.6,1200.4,-0.4,stop_breakeven,22
7820.T,2023-04-28,2023-05-30,911.1,898.7,911.1,-1.36,stop_breakeven,32
7821.T,2020-05-29,2020-10-02,1097.0,1263.9,1097.0,15.22,time,126
7821.T,2020-11-06,2020-11-27,1350.7,1245.1,1253.6,-7.82,stop_base,21
7821.T,2021-01-08,2021-05-14,1308.3,1620.9,1308.3,23.89,time,126
7821.T,2021-05-17,2021-08-19,1637.4,1630.3,1637.4,-0.43,stop_breakeven,94
7821.T,2023-02-14,2023-05-17,1638.1,1450.5,1452.9,-11.45,stop_base,92
7826.T,2020-01-20,2020-02-28,1776.2,1513.8,1574.4,-14.77,stop_base,39
7826.T,2020-11-05,2020-11-09,1886.6,1699.4,1728.7,-9.92,stop_base,4
7826.T,2023-02-24,2023-03-28,3149.1,2736.3,2770.0,-13.11,stop_base,32
7826.T,2023-05-23,2023-08-14,2919.8,2886.3,2919.8,-1.15,stop_breakeven,83
7826.T,2023-09-28,2023-12-12,3189.6,2714.3,2776.8,-14.9,stop_base,75
7826.T,2024-05-20,2024-08-02,3871.3,3804.8,3871.3,-1.72,stop_breakeven,74
7832.T,2020-02-06,2020-02-10,1955.5,1757.1,1823.1,-10.14,stop_base,4
7832.T,2020-10-26,2021-03-01,2361.9,2483.4,2361.9,5.14,time,126
7832.T,2021-04-09,2021-05-13,2552.7,2280.7,2318.3,-10.66,stop_base,34
7832.T,2022-06-08,2022-08-05,3025.9,2973.7,3025.9,-1.72,stop_breakeven,58
7832.T,2022-08-16,2022-09-07,3319.9,2970.3,2973.7,-10.53,stop_base,22
7832.T,2024-12-13,2025-01-09,3477.7,3439.8,3477.7,-1.09,stop_breakeven,27
7839.T,2020-01-30,2020-02-28,1201.7,1040.4,1050.2,-13.42,stop_base,29
7839.T,2020-07-08,2020-07-31,1220.4,1210.0,1220.4,-0.85,stop_breakeven,23
7839.T,2020-11-13,2021-03-19,1540.1,2171.5,1540.1,41.0,time,126
7839.T,2021-09-02,2021-10-01,2162.7,2160.6,2162.7,-0.1,stop_breakeven,29
7839.T,2021-11-04,2021-12-27,2332.3,2004.6,2020.2,-14.05,stop_base,53
7839.T,2022-11-08,2023-01-04,2553.0,2243.0,2292.2,-12.14,stop_base,57
7840.T,2023-03-22,2023-06-01,953.2,937.8,953.2,-1.61,stop_breakeven,71
7840.T,2023-06-28,2023-11-01,1044.6,1113.5,1044.6,6.6,time,126
7840.T,2023-11-13,2024-03-18,1165.3,1210.7,1165.3,3.89,time,126
7844.T,2020-11-16,2020-12-07,700.1,661.7,700.1,-5.49,stop_breakeven,21
7844.T,2021-01-13,2021-02-01,763.3,708.9,763.3,-7.13,stop_breakeven,19
7844.T,2021-04-07,2021-05-12,746.7,662.8,663.3,-11.23,stop_base,35
7846.T,2021-08-11,2021-10-05,3698.8,3644.5,3698.8,-1.47,stop_breakeven,55
7846.T,2022-07-22,2022-11-08,4829.1,4663.8,4829.1,-3.42,stop_breakeven,109
7856.T,2023-03-31,2023-06-01,1093.6,1093.0,1093.6,-0.06,stop_breakeven,62
7856.T,2023-06-13,2023-10-17,1242.5,1498.0,1242.5,20.56,time,126
7860.T,2021-05-21,2021-06-10,1260.4,1259.6,1260.4,-0.07,stop_breakeven,20
7860.T,2021-06-23,2021-07-28,1362.5,1335.7,1362.5,-1.96,stop_breakeven,35
7860.T,2021-11-05,2021-11-29,1462.7,1443.9,1462.7,-1.28,stop_breakeven,24
7860.T,2022-10-25,2023-02-28,1502.8,1418.4,1314.5,-5.62,time,126
7864.T,2021-08-12,2021-10-01,2154.7,2088.3,2154.7,-3.08,stop_breakeven,50
7864.T,2024-04-01,2024-08-05,1996.6,1866.5,1996.6,-6.52,stop_breakeven,126
7864.T,2024-09-20,2025-01-24,2250.3,2286.8,2250.3,1.62,time,126
7867.T,2021-09-01,2021-10-05,990.6,975.7,990.6,-1.5,stop_breakeven,34
7867.T,2021-12-16,2022-04-21,1022.8,1135.8,1022.8,11.06,time,126
7867.T,2022-06-08,2022-08-15,1229.8,1212.3,1229.8,-1.42,stop_breakeven,68
7867.T,2023-06-13,2023-07-11,1646.0,1636.6,1646.0,-0.57,stop_breakeven,28
7867.T,2023-07-14,2023-11-17,1762.1,1970.0,1762.1,11.8,time,126
7867.T,2023-12-04,2024-04-08,2015.6,2608.3,2015.6,29.4,time,126
7867.T,2024-05-16,2024-09-19,2633.3,3702.2,2633.3,40.59,time,126
7867.T,2024-11-05,2024-11-14,3988.0,3927.0,3988.0,-1.53,stop_breakeven,9
7867.T,2024-12-04,2025-02-13,4267.1,4208.9,4267.1,-1.36,stop_breakeven,71
7868.T,2020-01-24,2020-02-13,172.5,171.6,172.5,-0.53,stop_breakeven,20
7868.T,2021-05-31,2021-06-11,205.4,153.4,177.6,-25.31,stop_base,11
7868.T,2023-09-27,2023-11-16,570.8,559.4,570.8,-1.99,stop_breakeven,50
7868.T,2023-11-20,2024-02-21,617.6,610.1,617.6,-1.22,stop_breakeven,93
7868.T,2024-04-18,2024-05-16,660.1,578.6,660.1,-12.36,stop_breakeven,28
7874.T,2020-08-11,2020-12-15,1536.6,1232.1,1237.5,-19.82,stop_base,126
7874.T,2023-02-01,2023-03-24,933.7,790.1,792.9,-15.38,stop_base,51
7874.T,2023-09-01,2023-11-13,909.2,886.4,909.2,-2.51,stop_breakeven,73
7874.T,2024-05-14,2024-05-29,1146.9,1140.2,1146.9,-0.59,stop_breakeven,15
7874.T,2024-06-04,2024-06-27,1223.9,1221.0,1223.9,-0.24,stop_breakeven,23
7874.T,2024-09-25,2024-10-04,1299.9,1289.2,1299.9,-0.82,stop_breakeven,9
7874.T,2024-12-05,2025-01-17,1305.7,1115.7,1119.6,-14.55,stop_base,43
7888.T,2021-04-02,2021-04-08,400.2,386.7,400.2,-3.38,stop_breakeven,6
7888.T,2021-06-09,2021-08-19,383.7,367.5,383.7,-4.22,stop_breakeven,71
7888.T,2023-03-31,2023-04-10,545.9,476.7,488.3,-12.69,stop_base,10
7888.T,2023-05-25,2023-09-28,494.6,665.7,494.6,34.57,time,126
7888.T,2024-06-19,2024-07-22,672.1,668.4,672.1,-0.56,stop_breakeven,33
7893.T,2023-09-15,2024-01-19,1031.0,1198.8,1031.0,16.27,time,126
7911.T,2020-01-23,2020-02-13,2032.0,1803.6,1919.1,-11.24,stop_base,21
7911.T,2021-09-14,2021-11-10,1916.6,1667.3,1681.1,-13.01,stop_base,57
7911.T,2021-11-11,2021-11-26,1802.6,1635.6,1667.3,-9.27,stop_base,15
7911.T,2023-04-12,2023-08-16,2655.0,3141.6,2655.0,18.33,time,126
7911.T,2023-08-28,2023-10-04,3243.5,3190.5,3243.5,-1.63,stop_breakeven,37
7911.T,2023-12-04,2024-02-16,3443.2,3433.5,3443.2,-0.28,stop_breakeven,74
7911.T,2024-04-04,2024-08-05,3783.4,3315.9,3783.4,-12.36,stop_breakeven,123
7911.T,2024-09-26,2024-11-14,4373.7,4176.9,4373.7,-4.5,stop_breakeven,49
7912.T,2020-01-23,2020-02-19,1349.3,1283.4,1285.1,-4.89,stop_base,27
7912.T,2021-09-15,2021-11-17,1286.7,1247.4,1286.7,-3.05,stop_breakeven,63
7912.T,2021-12-28,2022-03-31,1349.8,1347.5,1349.8,-0.17,stop_breakeven,93
7912.T,2023-04-28,2023-07-13,1862.7,1860.4,1862.7,-0.13,stop_breakeven,76
7912.T,2023-09-06,2023-10-04,1955.9,1786.8,1809.3,-8.65,stop_base,28
7912.T,2023-11-02,2024-03-07,1943.2,2052.1,1943.2,5.6,time,126
7912.T,2024-06-04,2024-07-25,2416.7,2392.4,2416.7,-1.0,stop_breakeven,51
7912.T,2024-09-27,2024-11-21,2585.3,2269.7,2336.2,-12.21,stop_base,55
7914.T,2023-02-14,2023-03-20,647.5,576.6,586.2,-10.95,stop_base,34
7914.T,2023-06-19,2023-10-04,691.1,675.9,691.1,-2.21,stop_breakeven,107
7914.T,2023-11-01,2023-12-08,766.2,762.8,766.2,-0.44,stop_breakeven,37
7914.T,2024-05-27,2024-06-13,805.9,802.4,805.9,-0.43,stop_breakeven,17
7914.T,2024-07-08,2024-08-02,923.0,794.4,802.4,-13.93,stop_base,25
7915.T,2020-11-17,2021-01-29,1157.3,1157.3,1157.3,-0.0,stop_breakeven,73
7915.T,2021-02-17,2021-02-26,1313.7,1135.8,1157.3,-13.54,stop_base,9
7915.T,2021-05-20,2021-07-19,1331.7,1316.1,1331.7,-1.17,stop_breakeven,60
7915.T,2021-11-01,2021-11-26,1663.7,1417.5,1423.6,-14.8,stop_base,25
7915.T,2022-11-24,2023-02-15,1587.5,1586.6,1587.5,-0.05,stop_breakeven,83
7915.T,2023-05-02,2023-05-12,1689.0,1479.7,1543.1,-12.39,stop_base,10
7915.T,2024-06-28,2024-08-01,1929.5,1661.4,1704.7,-13.89,stop_base,34
7917.T,2020-01-07,2020-01-27,770.7,725.7,738.6,-5.84,stop_base,20
7917.T,2020-11-11,2021-02-24,984.1,978.6,984.1,-0.56,stop_breakeven,105
7917.T,2023-09-11,2024-01-15,918.8,914.9,794.3,-0.42,time,126
7917.T,2024-01-26,2024-05-13,956.9,949.6,956.9,-0.76,stop_breakeven,108
7917.T,2024-07-16,2024-08-05,1063.8,902.5,954.3,-15.15,stop_base,20
7917.T,2024-10-04,2024-11-15,1070.5,986.9,988.4,-7.8,stop_base,42
7921.T,2020-07-08,2020-10-16,1756.2,1744.4,1756.2,-0.67,stop_breakeven,100
7921.T,2022-07-27,2022-10-03,1832.0,1766.0,1832.0,-3.6,stop_breakeven,68
7921.T,2022-12-08,2023-01-05,1941.2,1808.9,1826.1,-6.82,stop_base,28
7921.T,2023-02-06,2023-06-12,1946.6,2070.0,1946.6,6.34,time,126
7921.T,2023-09-01,2023-10-03,2207.9,2154.6,2207.9,-2.42,stop_breakeven,32
7921.T,2023-11-30,2024-04-04,2300.7,2456.9,2300.7,6.79,time,126
7921.T,2024-06-05,2024-08-05,2637.5,2490.3,2637.5,-5.58,stop_breakeven,61
7925.T,2021-09-06,2021-12-01,1070.4,1065.7,1070.4,-0.44,stop_breakeven,86
7925.T,2023-03-09,2023-07-13,1346.2,1369.0,1346.2,1.69,time,126
7925.T,2024-07-08,2024-08-02,1803.0,1617.3,1665.8,-10.3,stop_base,25
7925.T,2024-10-03,2025-01-10,1734.8,1594.4,1605.2,-8.1,stop_base,99
7931.T,2023-06-15,2023-10-19,2337.0,3433.9,2337.0,46.94,time,126
7931.T,2024-01-04,2024-05-09,3119.7,3513.8,3119.7,12.63,time,126
7931.T,2024-06-10,2024-07-18,3798.6,3472.5,3495.4,-8.59,stop_base,38
7936.T,2021-03-17,2021-04-19,471.8,408.3,413.7,-13.47,stop_base,33
7936.T,2021-05-14,2021-09-17,516.4,605.1,516.4,17.17,time,126
7936.T,2021-10-15,2022-01-14,700.3,548.0,559.6,-21.74,stop_base,91
7936.T,2023-01-31,2023-06-06,745.3,956.6,745.3,28.34,time,126
7936.T,2023-06-13,2023-07-12,1019.7,1001.3,1019.7,-1.8,stop_breakeven,29
7936.T,2023-08-09,2023-10-04,1184.7,1157.3,1184.7,-2.31,stop_breakeven,56
7936.T,2023-11-16,2023-12-14,1268.4,1091.4,1116.3,-13.96,stop_base,28
7936.T,2024-05-13,2024-08-02,2155.5,2144.9,2155.5,-0.49,stop_breakeven,81
7936.T,2024-11-25,2024-12-11,2988.9,2979.0,2988.9,-0.33,stop_breakeven,16
7936.T,2024-12-27,2025-03-10,3156.2,2984.5,3156.2,-5.44,stop_breakeven,73
7942.T,2023-05-22,2023-09-25,1512.6,1827.8,1512.6,20.84,time,126
7942.T,2023-09-27,2023-10-25,1852.0,1687.9,1692.6,-8.86,stop_base,28
7942.T,2024-02-21,2024-05-01,2026.0,2012.3,2026.0,-0.68,stop_breakeven,70
7942.T,2024-06-20,2024-08-02,2086.1,1861.9,1947.7,-10.75,stop_base,43
7943.T,2020-11-26,2021-02-26,2788.3,2471.1,2503.3,-11.38,stop_base,92
7943.T,2021-03-29,2021-06-02,2800.7,2400.0,2419.9,-14.31,stop_base,65
7943.T,2022-11-24,2022-12-05,2625.2,2367.7,2387.1,-9.81,stop_base,11
7943.T,2023-01-31,2023-02-03,2446.2,2240.6,2258.3,-8.4,stop_base,3
7943.T,2023-05-09,2023-09-12,2653.5,2829.6,2653.5,6.64,time,126
7943.T,2024-02-16,2024-06-06,3194.8,3192.3,3194.8,-0.08,stop_breakeven,111
7943.T,2024-07-31,2024-08-05,3499.4,2964.3,3089.9,-15.29,stop_base,5
7943.T,2024-09-27,2024-11-08,3376.7,2889.5,3113.2,-14.43,stop_base,42
7944.T,2020-06-29,2020-11-02,1510.8,1510.8,638.2,0.0,time,126
7944.T,2020-12-16,2021-04-21,2359.1,3861.6,2359.1,63.69,time,126
7944.T,2021-09-07,2021-10-29,4691.8,3856.1,4058.8,-17.81,stop_base,52
7944.T,2023-11-09,2024-03-14,4372.6,4342.2,3567.9,-0.7,time,126
7947.T,2020-06-26,2020-10-09,3761.3,3696.6,3761.3,-1.72,stop_breakeven,105
7947.T,2020-12-28,2021-03-24,3926.3,3917.3,3926.3,-0.23,stop_breakeven,86
7949.T,2023-04-28,2023-09-01,1030.2,1301.3,1030.2,26.31,time,126
7949.T,2023-09-04,2024-01-09,1314.9,1330.8,1193.0,1.21,time,127
7949.T,2024-01-23,2024-05-28,1346.4,1471.6,1346.4,9.3,time,126
7949.T,2024-06-25,2024-07-26,1503.5,1387.2,1437.4,-7.74,stop_base,31
7951.T,2021-05-25,2021-07-09,1978.7,1795.7,1801.8,-9.24,stop_base,45
7951.T,2021-08-11,2021-11-09,1966.5,1966.2,1966.5,-0.01,stop_breakeven,90
7952.T,2021-05-13,2021-08-20,3349.6,3241.3,3349.6,-3.23,stop_breakeven,99
7952.T,2023-06-23,2023-08-15,3020.5,2952.1,3020.5,-2.27,stop_breakeven,53
7952.T,2023-09-15,2023-11-10,3266.9,3130.1,3266.9,-4.19,stop_breakeven,56
7955.T,2022-07-26,2022-11-29,537.3,577.7,537.3,7.53,time,126
7955.T,2022-11-30,2023-03-14,582.9,581.2,582.9,-0.3,stop_breakeven,104
7955.T,2023-04-11,2023-05-10,636.9,634.2,636.9,-0.42,stop_breakeven,29
7955.T,2023-06-21,2023-10-25,637.8,613.0,568.6,-3.88,time,126
7956.T,2020-10-14,2020-11-06,4091.1,3642.4,3670.7,-10.97,stop_base,23
7965.T,2020-01-07,2020-01-10,2008.5,1977.8,2008.5,-1.53,stop_breakeven,3
7965.T,2022-11-18,2022-12-02,1439.9,1411.8,1439.9,-1.95,stop_breakeven,14
7965.T,2022-12-12,2023-01-06,1513.3,1300.4,1322.2,-14.06,stop_base,25
7965.T,2023-02-06,2023-06-01,1519.6,1516.7,1519.6,-0.19,stop_breakeven,115
7965.T,2023-06-20,2023-08-04,1664.8,1630.0,1664.8,-2.09,stop_breakeven,45
7965.T,2024-12-17,2025-02-21,1734.7,1439.7,1441.6,-17.0,stop_base,66
7966.T,2020-06-04,2020-10-08,2143.7,2059.9,1855.9,-3.91,time,126
7966.T,2021-12-16,2022-03-02,2367.9,2140.8,2147.7,-9.59,stop_base,76
7966.T,2023-11-02,2024-03-07,2374.3,2999.2,2374.3,26.32,time,126
7966.T,2024-03-12,2024-05-30,3003.9,2979.4,3003.9,-0.82,stop_breakeven,79
7966.T,2024-06-26,2024-07-25,3139.6,3106.6,3139.6,-1.05,stop_breakeven,29
7970.T,2021-07-26,2021-08-11,926.7,863.7,864.5,-6.8,stop_base,16
7970.T,2022-06-08,2022-10-12,1034.4,1112.6,1034.4,7.56,time,126
7970.T,2023-06-13,2023-07-12,1307.9,1293.4,1307.9,-1.11,stop_breakeven,29
7970.T,2023-12-28,2024-01-26,1531.8,1524.4,1531.8,-0.48,stop_breakeven,29
7970.T,2024-12-03,2025-04-04,1609.3,1346.2,1375.9,-16.35,stop_base,122
7972.T,2022-08-05,2022-09-26,354.0,346.3,354.0,-2.17,stop_breakeven,52
7972.T,2022-11-07,2023-03-13,367.7,689.6,367.7,87.57,time,126
7972.T,2023-04-14,2023-05-17,718.8,708.7,718.8,-1.39,stop_breakeven,33
7972.T,2023-06-02,2023-10-06,782.4,1385.7,782.4,77.09,time,126
7972.T,2023-10-10,2023-11-14,1413.9,1184.6,1203.7,-16.22,stop_base,35
7972.T,2023-12-27,2024-01-12,1241.9,1236.3,1241.9,-0.45,stop_breakeven,16
7972.T,2024-02-14,2024-02-26,1658.7,1570.4,1658.7,-5.32,stop_breakeven,12
7972.T,2024-04-10,2024-06-06,1746.0,1407.1,1431.5,-19.41,stop_base,57
7974.T,2020-06-11,2020-07-20,3998.0,3997.2,3998.0,-0.02,stop_breakeven,39
7974.T,2020-08-18,2020-11-11,4491.1,4453.3,4491.1,-0.84,stop_breakeven,85
7974.T,2020-11-30,2021-03-09,5106.5,5069.5,5106.5,-0.73,stop_breakeven,99
7974.T,2021-04-09,2021-06-16,5712.8,5571.9,5712.8,-2.47,stop_breakeven,68
7974.T,2022-11-08,2022-11-09,5727.9,5321.2,5355.2,-7.1,stop_base,1
7974.T,2023-11-09,2024-03-14,6827.7,7852.2,6827.7,15.0,time,126
7974.T,2024-05-14,2024-07-25,8181.1,8030.8,8181.1,-1.84,stop_breakeven,72
7976.T,2022-07-26,2022-08-03,1447.5,1248.5,1260.8,-13.75,stop_base,8
7976.T,2022-11-25,2022-12-06,1349.4,1255.9,1267.9,-6.93,stop_base,11
7976.T,2023-02-20,2023-06-26,1387.5,1596.5,1387.5,15.07,time,126
7976.T,2023-07-31,2023-10-13,1762.0,1741.1,1762.0,-1.18,stop_breakeven,74
7976.T,2023-11-22,2024-02-09,1867.1,1856.6,1867.1,-0.57,stop_breakeven,79
7976.T,2024-02-19,2024-06-24,2368.8,2354.5,1852.8,-0.61,time,126
7976.T,2024-07-01,2024-07-24,2451.4,2444.7,2451.4,-0.28,stop_breakeven,23
7976.T,2024-11-05,2024-12-04,2468.8,2307.6,2316.3,-6.53,stop_base,29
7979.T,2020-01-07,2020-02-27,785.5,763.5,785.5,-2.8,stop_breakeven,51
7979.T,2021-07-14,2021-10-04,919.7,904.2,919.7,-1.69,stop_breakeven,82
7979.T,2021-10-27,2022-01-11,1066.4,840.7,862.0,-21.17,stop_base,76
7979.T,2023-02-02,2023-02-15,1070.9,972.7,973.6,-9.17,stop_base,13
7979.T,2023-12-11,2024-02-06,1300.9,1289.2,1300.9,-0.9,stop_breakeven,57
7979.T,2024-03-15,2024-04-16,1373.5,1369.3,1373.5,-0.3,stop_breakeven,32
7979.T,2024-05-02,2024-09-05,1539.4,2320.9,1539.4,50.77,time,126
7981.T,2021-09-17,2021-09-28,1426.6,1329.9,1339.0,-6.78,stop_base,11
7981.T,2023-03-08,2023-07-12,1302.5,1666.2,1302.5,27.93,time,126
7981.T,2023-08-28,2023-12-18,1715.3,1538.3,1540.5,-10.32,stop_base,112
7984.T,2021-05-20,2021-09-24,385.4,431.5,385.4,11.95,time,127
7984.T,2022-09-13,2023-01-17,421.6,411.6,387.3,-2.36,time,126
7984.T,2023-02-20,2023-03-14,423.3,416.2,423.3,-1.68,stop_breakeven,22
7984.T,2023-04-28,2023-05-31,443.4,433.6,443.4,-2.22,stop_breakeven,33
7984.T,2023-07-31,2023-12-04,530.5,543.1,530.5,2.39,time,126
7984.T,2024-01-09,2024-05-14,558.6,633.4,558.6,13.4,time,126
7984.T,2024-06-25,2024-07-30,639.2,598.9,610.5,-6.31,stop_base,35
7984.T,2024-12-03,2025-04-03,685.0,675.8,685.0,-1.35,stop_breakeven,121
7988.T,2020-11-20,2021-03-26,3295.6,3567.2,3295.6,8.24,time,126
7988.T,2021-06-09,2021-07-06,3687.6,3614.7,3687.6,-1.98,stop_breakeven,27
7988.T,2023-02-21,2023-06-27,3310.3,3757.4,3310.3,13.51,time,126
7988.T,2023-06-28,2023-09-13,3962.1,3918.5,3962.1,-1.1,stop_breakeven,77
7989.T,2021-03-19,2021-05-14,1275.9,1075.7,1082.6,-15.69,stop_base,56
7989.T,2023-01-25,2023-05-17,1116.9,1110.6,1116.9,-0.57,stop_breakeven,112
7989.T,2023-08-07,2023-10-04,1232.7,1231.8,1232.7,-0.07,stop_breakeven,58
7989.T,2023-11-06,2024-03-11,1327.8,1387.8,1327.8,4.52,time,126
7990.T,2020-10-27,2021-03-02,1472.9,1709.6,1472.9,16.07,time,126
7990.T,2021-03-11,2021-03-23,1885.0,1849.1,1885.0,-1.91,stop_breakeven,12
7990.T,2021-04-12,2021-05-13,2002.6,1602.1,1688.5,-20.0,stop_base,31
7994.T,2021-04-30,2021-09-03,1112.8,1391.6,1112.8,25.06,time,126
7994.T,2021-09-13,2021-10-12,1446.7,1260.5,1271.5,-12.87,stop_base,29
7994.T,2022-11-07,2022-12-21,1252.4,1132.0,1137.6,-9.62,stop_base,44
7994.T,2023-01-24,2023-02-06,1225.8,1107.1,1132.0,-9.68,stop_base,13
7994.T,2023-05-11,2023-09-14,1546.9,2024.7,1546.9,30.88,time,126
7994.T,2023-09-19,2023-10-26,2044.1,1856.9,1868.6,-9.16,stop_base,37
7994.T,2023-11-17,2023-12-08,2015.0,1828.1,1856.9,-9.27,stop_base,21
7994.T,2024-01-22,2024-02-13,2014.1,1811.9,1823.6,-10.04,stop_base,22
7994.T,2024-03-19,2024-05-22,2027.5,2020.8,2027.5,-0.33,stop_breakeven,64
7995.T,2021-09-10,2022-01-14,1817.6,2260.7,1817.6,24.38,time,126
7995.T,2022-08-01,2022-12-05,2366.3,2321.5,2135.9,-1.89,time,126
7995.T,2023-01-31,2023-06-06,2782.1,3294.5,2782.1,18.42,time,126
7995.T,2023-06-12,2023-07-12,3361.5,3330.2,3361.5,-0.93,stop_breakeven,30
7995.T,2023-08-21,2023-10-26,3526.9,3490.1,3526.9,-1.04,stop_breakeven,66
7995.T,2023-12-20,2024-04-24,3599.3,4099.0,3599.3,13.88,time,126
8001.T,2020-01-09,2020-03-06,429.8,394.2,396.2,-8.28,stop_base,57
8001.T,2020-11-19,2021-03-25,473.4,603.0,473.4,27.38,time,126
8001.T,2021-03-29,2021-08-02,620.9,580.4,535.2,-6.52,time,126
8001.T,2021-08-11,2021-09-22,589.9,576.0,589.9,-2.36,stop_breakeven,42
8001.T,2021-11-08,2022-03-14,607.9,686.2,607.9,12.87,time,126
8001.T,2022-08-01,2022-09-26,706.8,643.6,647.4,-8.94,stop_base,56
8001.T,2022-11-01,2023-01-06,725.7,722.8,725.7,-0.4,stop_breakeven,66
8001.T,2023-03-06,2023-07-10,784.2,1024.6,784.2,30.66,time,126
8001.T,2023-09-07,2023-10-03,1070.5,998.1,1003.7,-6.76,stop_base,26
8001.T,2023-11-06,2023-12-08,1071.0,1068.1,1071.0,-0.26,stop_breakeven,32
8001.T,2024-01-10,2024-05-15,1146.0,1358.3,1146.0,18.52,time,126
8001.T,2024-05-31,2024-08-01,1411.3,1408.2,1411.3,-0.22,stop_breakeven,62
8001.T,2024-09-26,2025-01-30,1519.2,1385.0,1318.3,-8.84,time,126
8002.T,2021-05-07,2021-06-21,783.3,762.5,783.3,-2.65,stop_breakeven,45
8002.T,2021-11-04,2021-11-30,863.8,856.2,863.8,-0.88,stop_breakeven,26
8002.T,2021-12-28,2022-05-06,943.7,1227.0,943.7,30.01,time,129
8002.T,2022-06-09,2022-06-20,1267.1,1069.9,1107.0,-15.56,stop_base,11
8002.T,2022-08-05,2022-09-30,1131.6,1126.2,1131.6,-0.48,stop_breakeven,56
8002.T,2022-11-02,2023-03-08,1245.6,1698.1,1245.6,36.33,time,126
8002.T,2023-04-12,2023-08-16,1730.4,2136.6,1730.4,23.48,time,126
8002.T,2023-09-15,2023-10-04,2310.6,1992.2,2094.3,-13.78,stop_base,19
8002.T,2023-11-15,2024-02-05,2219.6,2197.9,2219.6,-0.98,stop_breakeven,82
8002.T,2024-02-26,2024-07-01,2355.9,2808.0,2355.9,19.19,time,126
8002.T,2024-07-04,2024-07-24,2939.1,2737.0,2750.6,-6.88,stop_base,20
8005.T,2020-10-12,2020-10-26,677.6,660.3,677.6,-2.56,stop_breakeven,14
8005.T,2021-01-05,2021-05-11,565.7,675.4,565.7,19.38,time,126
8005.T,2022-07-20,2022-08-01,765.4,666.7,701.0,-12.89,stop_base,12
8005.T,2023-08-15,2023-10-04,857.2,841.3,857.2,-1.86,stop_breakeven,50
8005.T,2023-10-11,2023-10-30,948.8,798.6,841.3,-15.82,stop_base,19
8005.T,2023-12-13,2024-02-06,859.9,859.0,859.9,-0.1,stop_breakeven,55
8005.T,2024-12-09,2025-02-07,986.1,963.9,986.1,-2.26,stop_breakeven,60
8007.T,2020-07-16,2020-07-31,166.2,147.6,153.7,-11.21,stop_base,15
8007.T,2021-11-10,2022-03-08,207.0,206.9,207.0,-0.05,stop_breakeven,118
8007.T,2022-07-28,2022-12-01,261.3,293.5,261.3,12.33,time,126
8007.T,2023-02-21,2023-06-27,303.4,370.7,303.4,22.19,time,126
8007.T,2023-08-10,2023-10-04,386.0,374.6,386.0,-2.95,stop_breakeven,55
8007.T,2023-11-10,2024-03-15,422.7,578.4,422.7,36.83,time,126
8011.T,2021-09-10,2021-10-07,780.7,767.9,780.7,-1.64,stop_breakeven,27
8011.T,2023-01-31,2023-06-06,1204.8,1410.6,1204.8,17.08,time,126
8011.T,2023-06-28,2023-08-16,1647.8,1627.3,1647.8,-1.24,stop_breakeven,49
8011.T,2023-09-08,2023-09-20,1854.7,1807.7,1854.7,-2.54,stop_breakeven,12
8011.T,2023-11-21,2024-03-26,2403.7,2455.2,2005.7,2.14,time,126
8011.T,2024-03-27,2024-04-26,2562.6,2547.9,2562.6,-0.57,stop_breakeven,30
8012.T,2021-03-09,2021-07-13,380.9,368.0,318.3,-3.39,time,126
8012.T,2021-08-12,2021-11-08,394.0,393.4,394.0,-0.14,stop_breakeven,88
8012.T,2022-01-05,2022-03-08,416.5,359.7,366.4,-13.64,stop_base,62
8012.T,2022-07-20,2022-11-10,441.6,440.8,441.6,-0.18,stop_breakeven,113
8012.T,2022-11-24,2023-01-06,470.0,437.5,438.4,-6.93,stop_base,43
8012.T,2023-01-31,2023-03-14,469.1,462.6,469.1,-1.39,stop_breakeven,42
8012.T,2023-04-28,2023-09-01,488.6,578.0,488.6,18.32,time,126
8012.T,2023-09-04,2023-10-03,582.5,531.6,543.1,-8.74,stop_base,29
8012.T,2024-04-26,2024-08-05,635.1,598.3,635.1,-5.79,stop_breakeven,101
8012.T,2024-09-20,2024-11-21,760.3,758.3,760.3,-0.27,stop_breakeven,62
8012.T,2024-12-27,2025-01-09,776.8,722.8,732.7,-6.95,stop_base,13
8014.T,2021-08-11,2021-12-15,1586.5,1461.2,1398.7,-7.9,time,126
8014.T,2022-08-15,2022-12-19,1737.3,1811.5,1638.6,4.27,time,126
8014.T,2023-01-24,2023-05-30,2015.6,2367.8,2015.6,17.47,time,126
8014.T,2023-06-13,2023-10-17,2450.8,2639.9,2450.8,7.72,time,126
8014.T,2023-11-06,2023-12-08,2764.5,2430.7,2492.6,-12.07,stop_base,32
8014.T,2024-03-29,2024-08-02,3156.0,3114.3,3156.0,-1.32,stop_breakeven,126
8014.T,2024-09-24,2025-01-10,3378.1,3348.6,3378.1,-0.87,stop_breakeven,108
8015.T,2021-02-08,2021-03-23,1317.1,1312.9,1317.1,-0.32,stop_breakeven,43
8015.T,2021-05-06,2021-08-20,1389.8,1343.0,1389.8,-3.36,stop_breakeven,106
8015.T,2022-01-05,2022-01-19,1603.5,1398.4,1401.3,-12.79,stop_base,14
8015.T,2022-12-01,2023-03-20,1574.6,1556.7,1574.6,-1.14,stop_breakeven,109
8015.T,2023-04-04,2023-08-08,1724.1,2569.8,1724.1,49.05,time,126
8015.T,2023-08-31,2023-10-03,2643.9,2557.2,2643.9,-3.28,stop_breakeven,33
8015.T,2023-11-06,2024-03-11,2762.8,2901.9,2762.8,5.03,time,126
8015.T,2024-03-21,2024-06-13,3231.5,2803.7,2828.8,-13.24,stop_base,84
8015.T,2024-07-02,2024-07-25,3033.7,2705.5,2758.0,-10.82,stop_base,23
8016.T,2021-11-08,2021-11-26,300.4,250.1,254.1,-16.76,stop_base,18
8016.T,2022-11-28,2023-04-03,276.2,344.3,276.2,24.64,time,126
8016.T,2023-05-08,2023-09-11,346.1,484.3,346.1,39.95,time,126
8016.T,2023-11-28,2024-04-02,444.7,524.4,444.7,17.93,time,126
8016.T,2024-04-03,2024-07-05,535.4,530.8,535.4,-0.85,stop_breakeven,93
8020.T,2021-03-17,2021-07-21,621.5,597.6,529.4,-3.84,time,126
8020.T,2021-07-27,2021-08-20,620.0,567.9,572.0,-8.4,stop_base,24
8020.T,2022-08-22,2022-12-26,648.9,658.2,648.9,1.43,time,126
8020.T,2023-01-27,2023-06-02,673.5,825.2,673.5,22.53,time,126
8020.T,2023-06-12,2023-10-16,871.3,908.9,871.3,4.32,time,126
8020.T,2023-11-28,2024-04-02,947.3,1163.2,947.3,22.8,time,126
8020.T,2024-04-12,2024-06-17,1210.2,1202.7,1210.2,-0.61,stop_breakeven,66
8022.T,2021-07-12,2021-08-19,781.3,775.3,781.3,-0.77,stop_breakeven,38
8022.T,2021-09-17,2021-11-11,841.1,721.1,749.5,-14.27,stop_base,55
8022.T,2022-09-13,2022-11-14,848.3,839.2,848.3,-1.08,stop_breakeven,62
8022.T,2022-11-24,2023-03-22,945.7,942.6,945.7,-0.33,stop_breakeven,118
8022.T,2023-04-25,2023-08-29,1036.6,1456.6,1036.6,40.52,time,126
8022.T,2024-05-27,2024-07-01,2543.9,2518.2,2543.9,-1.01,stop_breakeven,35
8022.T,2024-12-03,2025-01-17,2787.0,2780.5,2787.0,-0.23,stop_breakeven,45
8031.T,2020-02-06,2020-02-18,796.5,772.5,775.3,-3.02,stop_base,12
8031.T,2021-03-29,2021-08-02,1001.5,1093.8,1001.5,9.21,time,126
8031.T,2021-10-18,2022-02-21,1141.9,1334.6,1141.9,16.88,time,126
8031.T,2022-06-08,2022-06-20,1520.5,1339.3,1341.1,-11.92,stop_base,12
8031.T,2022-08-12,2022-12-16,1358.7,1796.1,1358.7,32.19,time,126
8031.T,2023-02-08,2023-03-14,1782.6,1773.1,1782.6,-0.53,stop_breakeven,34
8031.T,2023-04-14,2023-08-18,1972.9,2426.1,1972.9,22.97,time,126
8031.T,2023-09-15,2023-10-04,2620.3,2363.8,2415.1,-9.79,stop_base,19
8031.T,2023-11-06,2023-12-08,2688.0,2347.5,2363.8,-12.67,stop_base,32
8031.T,2024-01-10,2024-05-15,2567.5,3696.3,2567.5,43.97,time,126
8031.T,2024-05-17,2024-07-25,3767.2,3264.2,3271.3,-13.35,stop_base,69
8032.T,2022-08-17,2022-12-21,391.5,434.8,391.5,11.08,time,126
8032.T,2023-01-27,2023-02-07,465.2,464.3,465.2,-0.19,stop_breakeven,11
8032.T,2023-03-08,2023-05-31,496.4,429.0,439.3,-13.58,stop_base,84
8032.T,2024-06-06,2024-08-02,577.1,549.3,577.1,-4.82,stop_breakeven,57
8032.T,2024-09-26,2025-01-30,665.0,614.6,553.0,-7.58,time,126
8035.T,2020-01-14,2020-03-09,7174.4,6017.4,6309.5,-16.13,stop_base,55
8035.T,2020-06-19,2020-10-23,7164.4,8309.7,7164.4,15.99,time,126
8035.T,2020-11-09,2021-03-15,8743.5,12138.9,8743.5,38.83,time,126
8035.T,2021-03-30,2021-05-12,13722.7,13702.1,13722.7,-0.15,stop_breakeven,43
8035.T,2021-09-02,2021-10-04,14159.0,14067.6,14159.0,-0.65,stop_breakeven,32
8035.T,2021-12-16,2022-01-11,18880.1,18722.0,18880.1,-0.84,stop_breakeven,26
8035.T,2023-06-29,2023-08-08,19605.1,19529.6,19605.1,-0.39,stop_breakeven,40
8035.T,2023-09-06,2023-10-04,20869.7,18404.0,18557.6,-11.81,stop_base,28
8035.T,2023-11-06,2024-03-11,20447.8,35315.5,20447.8,72.71,time,126
8035.T,2024-03-29,2024-04-22,37860.2,31040.0,31874.2,-18.01,stop_base,24
8035.T,2024-07-05,2024-07-17,34789.7,31939.2,32082.7,-8.19,stop_base,12
8037.T,2021-03-25,2021-04-27,1143.4,976.1,978.5,-14.64,stop_base,33
8037.T,2022-11-22,2023-03-28,1091.8,1252.0,1091.8,14.67,time,126
8037.T,2023-04-28,2023-05-11,1413.3,1397.9,1413.3,-1.09,stop_breakeven,13
8037.T,2023-07-04,2023-11-07,1357.9,1434.3,1357.9,5.63,time,126
8037.T,2023-11-15,2024-03-21,1458.3,1943.4,1458.3,33.27,time,127
8037.T,2024-03-29,2024-05-14,1993.5,1988.8,1993.5,-0.23,stop_breakeven,46
8037.T,2024-06-19,2024-07-08,2135.5,2106.5,2135.5,-1.36,stop_breakeven,19
8043.T,2020-02-04,2020-02-28,608.2,568.4,578.5,-6.56,stop_base,24
8043.T,2023-04-20,2023-05-31,688.1,680.2,688.1,-1.14,stop_breakeven,41
8043.T,2023-08-10,2023-10-04,740.9,735.7,740.9,-0.69,stop_breakeven,55
8043.T,2023-12-22,2024-04-26,759.9,833.6,759.9,9.7,time,126
8043.T,2024-06-19,2024-08-02,893.8,892.5,893.8,-0.14,stop_breakeven,44
8043.T,2024-09-20,2025-01-24,938.1,879.2,797.3,-6.28,time,126
8050.T,2021-07-12,2021-08-20,1073.4,934.1,955.5,-12.98,stop_base,39
8050.T,2021-09-27,2021-11-10,1036.4,998.5,1036.4,-3.66,stop_breakeven,44
8050.T,2022-07-20,2022-11-24,1340.1,1473.0,1340.1,9.92,time,127
8050.T,2024-05-20,2024-07-26,2102.7,2078.7,2102.7,-1.14,stop_breakeven,67
8051.T,2023-05-01,2023-09-04,960.0,1035.9,960.0,7.91,time,126
8051.T,2023-09-15,2024-01-19,1078.8,1104.9,976.9,2.42,time,126
8051.T,2024-04-26,2024-08-05,1285.2,1270.4,1285.2,-1.16,stop_breakeven,101
8052.T,2021-12-28,2022-03-07,1229.4,1052.4,1075.0,-14.4,stop_base,69
8052.T,2023-01-25,2023-03-14,1240.4,1219.8,1240.4,-1.66,stop_breakeven,48
8052.T,2023-05-09,2023-05-30,1289.0,1190.4,1192.0,-7.65,stop_base,21
8052.T,2023-07-19,2023-11-22,1346.6,1813.1,1346.6,34.64,time,126
8052.T,2024-01-11,2024-03-28,2100.5,2089.9,2100.5,-0.5,stop_breakeven,77
8052.T,2024-06-27,2024-07-10,2129.2,1970.2,1980.5,-7.47,stop_base,13
8053.T,2021-08-11,2021-09-22,1258.3,1251.9,1258.3,-0.51,stop_breakeven,42
8053.T,2021-10-15,2022-02-18,1346.1,1573.8,1346.1,16.92,time,126
8053.T,2022-11-01,2023-03-07,1737.1,2161.4,1737.1,24.43,time,126
8053.T,2023-03-08,2023-03-16,2179.9,1959.8,1988.9,-10.1,stop_base,8
8053.T,2023-04-12,2023-08-16,2206.2,2639.5,2206.2,19.64,time,126
8053.T,2023-09-04,2023-10-04,2802.9,2542.4,2583.6,-9.3,stop_base,30
8053.T,2023-11-06,2024-03-11,2946.2,3188.4,2946.2,8.22,time,126
8053.T,2024-03-21,2024-07-25,3427.0,3544.4,3427.0,3.43,time,126
8056.T,2020-02-05,2020-02-28,3254.6,2780.5,2789.0,-14.57,stop_base,23
8056.T,2020-12-23,2021-02-04,3489.5,3060.9,3078.4,-12.28,stop_base,43
8056.T,2023-01-26,2023-02-02,3145.1,2818.7,2947.4,-10.38,stop_base,7
8056.T,2023-05-09,2023-09-12,3337.6,3636.5,3337.6,8.95,time,126
8056.T,2023-11-02,2024-03-07,3764.0,4331.2,3764.0,15.07,time,126
8056.T,2024-03-18,2024-05-01,4464.9,3716.2,4011.8,-16.77,stop_base,44
8056.T,2024-09-26,2024-11-06,4730.6,4174.9,4202.5,-11.75,stop_base,41
8057.T,2020-07-20,2020-09-01,1181.8,957.9,994.4,-18.95,stop_base,43
8057.T,2023-06-06,2023-10-10,1034.2,1339.4,1034.2,29.52,time,126
8057.T,2023-11-20,2024-03-05,1360.2,1322.5,1360.2,-2.77,stop_breakeven,106
8057.T,2024-06-27,2024-08-05,1569.6,1263.1,1299.8,-19.53,stop_base,39
8058.T,2021-06-25,2021-10-29,876.2,1045.2,876.2,19.29,time,126
8058.T,2021-12-28,2022-05-06,1057.9,1316.9,1057.9,24.49,time,129
8058.T,2022-06-07,2022-06-22,1362.0,1195.1,1210.7,-12.25,stop_base,15
8058.T,2022-08-08,2022-09-26,1228.7,1212.2,1228.7,-1.34,stop_breakeven,49
8058.T,2022-11-04,2022-12-21,1292.1,1286.1,1292.1,-0.46,stop_breakeven,47
8058.T,2023-02-14,2023-03-16,1393.2,1377.9,1393.2,-1.1,stop_breakeven,30
8058.T,2023-04-14,2023-08-18,1544.5,2122.3,1544.5,37.42,time,126
8058.T,2023-09-01,2023-10-04,2248.6,2078.7,2096.3,-7.56,stop_base,33
8058.T,2024-02-07,2024-06-12,2595.6,3034.3,2595.6,16.9,time,126
8058.T,2024-07-04,2024-08-02,3192.6,2675.2,2870.3,-16.2,stop_base,29
8059.T,2020-06-05,2020-10-09,1040.2,1032.1,917.0,-0.77,time,126
8059.T,2020-10-12,2021-02-15,1059.3,1121.8,1059.3,5.91,time,126
8059.T,2021-07-13,2021-11-16,1278.9,1456.3,1278.9,13.88,time,126
8059.T,2023-01-24,2023-05-30,1322.9,1701.4,1322.9,28.61,time,126
8059.T,2023-05-31,2023-07-06,1751.7,1627.4,1651.1,-7.09,stop_base,36
8059.T,2023-11-01,2024-03-06,1786.0,1963.3,1786.0,9.93,time,126
8059.T,2024-06-26,2024-07-10,2221.7,2202.3,2221.7,-0.87,stop_breakeven,14
8059.T,2024-10-04,2024-11-27,2270.4,2262.9,2270.4,-0.33,stop_breakeven,54
8059.T,2024-12-11,2025-03-11,2605.0,2163.3,2190.5,-16.96,stop_base,90
8060.T,2020-01-21,2020-02-27,1098.5,1094.7,1098.5,-0.35,stop_breakeven,37
8060.T,2021-09-09,2021-10-26,1130.9,1000.6,1052.5,-11.52,stop_base,47
8060.T,2022-07-26,2022-08-02,1394.7,1390.2,1394.7,-0.32,stop_breakeven,7
8060.T,2023-04-26,2023-08-30,1503.1,1747.3,1503.1,16.25,time,126
8060.T,2023-09-01,2023-10-30,1791.9,1645.5,1667.8,-8.17,stop_base,59
8060.T,2023-12-06,2024-04-10,1819.3,2141.3,1819.3,17.7,time,126
8060.T,2024-06-28,2024-08-05,2142.6,1916.6,2021.8,-10.55,stop_base,38
8060.T,2024-11-14,2025-03-21,2310.2,2503.0,2310.2,8.35,time,127
8061.T,2021-03-19,2021-07-26,402.6,443.2,402.6,10.1,time,129
8061.T,2023-03-08,2023-07-12,525.0,573.2,525.0,9.18,time,126
8061.T,2023-08-25,2023-12-29,595.6,881.5,595.6,48.0,time,126
8061.T,2024-01-16,2024-05-21,915.3,1192.6,915.3,30.29,time,126
8061.T,2024-06-10,2024-07-05,1290.4,1288.9,1290.4,-0.12,stop_breakeven,25
8061.T,2024-10-08,2025-02-12,1302.6,1480.9,1302.6,13.69,time,127
8065.T,2020-07-21,2020-10-30,729.9,719.8,729.9,-1.38,stop_breakeven,101
8065.T,2020-11-27,2020-12-18,822.0,704.2,715.9,-14.33,stop_base,21
8065.T,2021-06-28,2021-08-20,897.9,894.7,897.9,-0.35,stop_breakeven,53
8065.T,2021-09-06,2021-11-08,984.5,967.4,984.5,-1.74,stop_breakeven,63
8065.T,2022-01-04,2022-05-10,969.0,955.9,862.0,-1.36,time,126
8065.T,2023-01-25,2023-05-31,1129.9,1197.0,1129.9,5.93,time,126
8065.T,2023-06-28,2023-10-04,1288.4,1258.3,1288.4,-2.33,stop_breakeven,98
8065.T,2023-11-17,2024-03-22,1361.5,1647.6,1361.5,21.01,time,126
8065.T,2024-06-24,2024-08-01,1541.0,1450.2,1480.5,-5.89,stop_base,38
8070.T,2020-01-10,2020-02-03,468.3,459.2,468.3,-1.94,stop_breakeven,24
8070.T,2021-03-19,2021-04-06,558.8,502.3,504.2,-10.11,stop_base,18
8070.T,2021-08-11,2021-09-30,581.6,576.4,581.6,-0.9,stop_breakeven,50
8070.T,2021-11-04,2021-11-29,620.8,612.6,620.8,-1.33,stop_breakeven,25
8070.T,2022-10-31,2023-01-05,691.3,616.9,626.7,-10.75,stop_base,66
8070.T,2023-04-17,2023-05-31,723.2,713.6,723.2,-1.33,stop_breakeven,44
8074.T,2022-07-20,2022-11-24,3108.7,3281.5,3108.7,5.56,time,127
8074.T,2023-01-31,2023-03-14,3233.3,3202.6,3233.3,-0.95,stop_breakeven,42
8074.T,2023-04-03,2023-08-07,3535.7,3835.6,3535.7,8.48,time,126
8074.T,2024-01-04,2024-05-09,4384.0,5365.5,4384.0,22.39,time,126
8074.T,2024-05-10,2024-08-05,5495.7,4305.4,4795.0,-21.66,stop_base,87
8075.T,2021-05-10,2021-09-13,645.9,860.2,645.9,33.19,time,126
8075.T,2021-09-14,2021-11-10,885.6,867.1,885.6,-2.09,stop_breakeven,57
8075.T,2021-12-29,2022-04-12,895.6,894.2,895.6,-0.17,stop_breakeven,104
8075.T,2022-06-08,2022-09-28,1062.1,1060.8,1062.1,-0.13,stop_breakeven,112
8075.T,2022-10-31,2023-03-06,1125.6,1780.7,1125.6,58.2,time,126
8075.T,2023-03-09,2023-04-06,1786.3,1557.5,1569.4,-12.81,stop_base,28
8075.T,2023-05-09,2023-05-12,1722.9,1554.6,1557.5,-9.76,stop_base,3
8075.T,2023-06-22,2023-08-03,1728.7,1638.8,1728.7,-5.2,stop_breakeven,42
8075.T,2023-09-15,2023-10-04,1751.9,1569.4,1598.2,-10.42,stop_base,19
8075.T,2023-11-17,2024-03-22,1679.0,2152.7,1679.0,28.22,time,126
8075.T,2024-05-21,2024-08-05,2164.0,2027.2,2164.0,-6.32,stop_breakeven,76
8078.T,2021-03-05,2021-07-09,505.7,512.7,505.7,1.39,time,126
8078.T,2021-08-11,2021-09-21,606.4,600.6,606.4,-0.97,stop_breakeven,41
8078.T,2023-01-24,2023-05-30,696.5,763.2,696.5,9.58,time,126
8078.T,2023-06-13,2023-07-12,795.3,791.7,795.3,-0.45,stop_breakeven,29
8078.T,2023-07-21,2023-10-02,852.4,851.8,852.4,-0.07,stop_breakeven,73
8078.T,2023-11-28,2024-04-02,824.6,1064.0,824.6,29.04,time,126
8078.T,2024-04-30,2024-06-13,1126.9,1102.8,1126.9,-2.13,stop_breakeven,44
8079.T,2020-05-28,2020-07-30,4055.7,3459.2,3474.2,-14.71,stop_base,63
8079.T,2020-08-28,2020-10-22,3699.6,3653.4,3699.6,-1.25,stop_breakeven,55
8079.T,2022-09-13,2022-12-14,4201.6,3654.4,3751.6,-13.02,stop_base,92
8079.T,2023-09-12,2023-10-30,4849.7,4067.0,4145.3,-16.14,stop_base,48
8079.T,2023-12-22,2024-04-19,4664.5,4139.3,4182.7,-11.26,stop_base,119
8081.T,2020-01-09,2020-02-20,1131.8,1055.8,1058.3,-6.71,stop_base,42
8081.T,2022-11-22,2023-03-20,981.4,968.3,981.4,-1.33,stop_breakeven,118
8081.T,2023-05-01,2023-09-04,1096.4,1294.7,1096.4,18.09,time,126
8081.T,2023-10-19,2024-02-22,1312.6,1390.4,1312.6,5.93,time,126
8081.T,2024-04-16,2024-08-01,1440.0,1419.7,1440.0,-1.41,stop_breakeven,107
8084.T,2020-02-06,2020-02-28,1310.1,1164.9,1188.9,-11.08,stop_base,22
8084.T,2021-08-12,2021-09-30,1456.2,1455.4,1456.2,-0.06,stop_breakeven,49
8084.T,2023-02-24,2023-06-30,1642.8,1944.0,1642.8,18.34,time,126
8084.T,2023-07-03,2023-11-06,1977.6,2247.5,1977.6,13.65,time,126
8084.T,2023-11-07,2023-12-15,2279.0,2262.8,2279.0,-0.71,stop_breakeven,38
8084.T,2024-01-05,2024-04-17,2445.6,2428.0,2445.6,-0.72,stop_breakeven,103
8084.T,2024-06-18,2024-08-02,2449.2,2309.2,2449.2,-5.71,stop_breakeven,45
8086.T,2024-06-25,2024-08-02,1219.4,1216.5,1219.4,-0.24,stop_breakeven,38
8086.T,2024-09-30,2025-02-03,1385.2,1383.7,1385.2,-0.11,stop_breakeven,126
8088.T,2020-09-08,2021-01-12,904.1,1596.7,904.1,76.6,time,126
8088.T,2021-03-15,2021-05-12,1512.1,1492.8,1512.1,-1.27,stop_breakeven,58
8088.T,2021-06-30,2021-07-20,1499.6,1389.3,1391.5,-7.36,stop_base,20
8088.T,2023-04-05,2023-08-09,1425.6,1691.2,1425.6,18.63,time,126
8088.T,2023-08-30,2023-10-04,1773.5,1623.5,1679.3,-8.46,stop_base,35
8088.T,2024-05-21,2024-07-26,2201.1,2182.4,2201.1,-0.85,stop_breakeven,66
8091.T,2020-01-20,2020-01-30,768.6,737.2,739.9,-4.09,stop_base,10
8091.T,2020-02-05,2020-02-25,770.5,691.4,737.2,-10.27,stop_base,20
8091.T,2023-01-27,2023-03-14,1330.1,1315.2,1330.1,-1.12,stop_breakeven,46
8091.T,2023-05-09,2023-09-12,1403.0,1778.5,1403.0,26.76,time,126
8091.T,2023-09-15,2024-01-19,1833.4,1901.6,1833.4,3.72,time,126
8091.T,2024-01-25,2024-04-30,1951.8,1904.0,1951.8,-2.45,stop_breakeven,96
8091.T,2024-06-28,2024-08-02,2044.9,1847.3,1855.6,-9.66,stop_base,35
8093.T,2021-06-30,2021-08-04,998.5,994.9,998.5,-0.35,stop_breakeven,35
8093.T,2021-09-13,2022-01-17,1053.2,1064.9,896.6,1.11,time,126
8093.T,2022-08-08,2022-09-02,1119.9,1089.2,1092.1,-2.74,stop_base,25
8093.T,2022-11-09,2023-03-15,1129.3,1295.9,1129.3,14.75,time,126
8093.T,2023-04-28,2023-09-01,1332.3,1675.3,1332.3,25.74,time,126
8093.T,2023-09-04,2024-01-09,1713.1,1842.9,1713.1,7.58,time,127
8093.T,2024-01-10,2024-02-15,1848.3,1847.4,1848.3,-0.05,stop_breakeven,36
8093.T,2024-03-08,2024-04-02,2016.0,1836.1,1847.4,-8.92,stop_base,25
8095.T,2021-01-12,2021-05-18,448.4,580.2,448.4,29.39,time,126
8095.T,2023-09-27,2023-11-28,450.5,446.9,450.5,-0.81,stop_breakeven,62
8097.T,2020-01-07,2020-02-25,945.0,772.2,800.1,-18.29,stop_base,49
8097.T,2021-06-24,2021-07-19,1065.0,1057.8,1065.0,-0.68,stop_breakeven,25
8097.T,2021-09-06,2021-10-14,1148.5,1137.2,1148.5,-0.99,stop_breakeven,38
8097.T,2022-11-24,2023-03-30,1084.4,1195.8,1084.4,10.27,time,126
8097.T,2023-04-28,2023-05-31,1241.0,1211.4,1241.0,-2.38,stop_breakeven,33
8097.T,2023-07-03,2023-08-03,1350.7,1336.8,1350.7,-1.03,stop_breakeven,31
8097.T,2023-08-10,2023-09-29,1426.4,1405.8,1426.4,-1.44,stop_breakeven,50
8097.T,2023-12-06,2024-04-10,1469.6,1872.0,1469.6,27.38,time,126
8097.T,2024-04-26,2024-08-02,1906.5,1762.2,1804.5,-7.57,stop_base,98
8098.T,2021-03-15,2021-07-19,1362.4,1356.5,1162.3,-0.43,time,126
8098.T,2021-09-06,2021-09-22,1419.8,1416.6,1419.8,-0.23,stop_breakeven,16
8098.T,2022-06-07,2022-10-11,1993.4,2151.6,1993.4,7.94,time,126
8098.T,2023-01-24,2023-05-30,2173.5,2648.8,2173.5,21.87,time,126
8098.T,2023-06-06,2023-10-04,2744.8,2689.0,2744.8,-2.03,stop_breakeven,120
8098.T,2023-11-07,2024-03-12,2915.3,2856.0,2689.0,-2.03,time,126
8101.T,2020-08-04,2020-12-08,570.5,676.5,570.5,18.57,time,126
8101.T,2021-01-13,2021-05-19,717.1,807.6,717.1,12.62,time,126
8101.T,2022-06-07,2022-10-11,1108.1,1179.1,1108.1,6.41,time,126
8101.T,2022-11-22,2023-03-28,1267.1,1358.4,1267.1,7.21,time,126
8101.T,2023-04-06,2023-08-10,1556.8,1864.0,1556.8,19.74,time,126
8101.T,2023-08-14,2023-10-03,1903.9,1887.9,1903.9,-0.84,stop_breakeven,50
8101.T,2024-01-22,2024-05-22,2017.2,2001.4,2017.2,-0.79,stop_breakeven,121
8103.T,2021-09-02,2022-01-06,477.0,799.9,477.0,67.71,time,126
8111.T,2022-08-01,2022-12-05,2638.3,2890.0,2638.3,9.54,time,126
8111.T,2023-01-27,2023-06-02,3052.1,3804.5,3052.1,24.65,time,126
8111.T,2023-06-14,2023-07-12,4212.6,3666.4,3682.1,-12.97,stop_base,28
8113.T,2020-02-17,2020-02-28,1251.7,1099.8,1149.2,-12.13,stop_base,11
8113.T,2020-06-04,2020-10-08,1307.0,1479.0,1307.0,13.16,time,126
8113.T,2020-10-12,2020-10-30,1527.9,1527.3,1527.9,-0.04,stop_breakeven,18
8113.T,2020-11-05,2021-02-05,1628.3,1453.1,1454.1,-10.76,stop_base,92
8113.T,2022-11-24,2023-03-30,1656.0,1762.7,1656.0,6.45,time,126
8113.T,2023-05-01,2023-05-10,1795.5,1664.0,1672.7,-7.32,stop_base,9
8113.T,2023-06-06,2023-09-19,1804.5,1776.4,1804.5,-1.56,stop_breakeven,105
8125.T,2020-11-12,2021-01-04,956.9,806.8,812.2,-15.69,stop_base,53
8125.T,2022-11-22,2023-03-28,1016.5,1013.9,943.2,-0.26,time,126
8125.T,2023-03-30,2023-08-03,1047.5,1094.8,1047.5,4.52,time,126
8125.T,2023-08-10,2023-12-14,1166.3,1348.1,1166.3,15.58,time,126
8125.T,2023-12-20,2024-04-17,1372.2,1368.1,1372.2,-0.3,stop_breakeven,119
8125.T,2024-06-10,2024-08-05,1536.8,1281.1,1376.2,-16.64,stop_base,56
8125.T,2024-09-20,2025-01-24,1492.0,1597.8,1492.0,7.1,time,126
8129.T,2022-07-20,2022-08-04,1989.8,1715.9,1741.9,-13.77,stop_base,15
8129.T,2023-03-06,2023-07-10,2135.8,2489.2,2135.8,16.55,time,126
8129.T,2023-07-19,2023-11-22,2582.1,3097.3,2582.1,19.96,time,126
8129.T,2024-02-13,2024-06-18,3135.2,3602.8,3135.2,14.91,time,126
8129.T,2024-06-25,2024-08-02,3976.7,3907.1,3976.7,-1.75,stop_breakeven,38
8129.T,2024-08-16,2024-09-30,4387.9,4352.5,4387.9,-0.81,stop_breakeven,45
8129.T,2024-10-09,2024-10-30,4823.3,4343.9,4352.5,-9.94,stop_base,21
8130.T,2022-11-02,2023-03-08,1513.6,2036.6,1513.6,34.56,time,126
8130.T,2023-04-28,2023-09-01,1958.3,2617.7,1958.3,33.67,time,126
8130.T,2023-09-04,2024-01-09,2652.3,2816.4,2652.3,6.19,time,127
8130.T,2024-01-10,2024-05-10,2843.0,2725.1,2843.0,-4.15,stop_breakeven,121
8132.T,2020-05-28,2020-06-01,2669.7,2403.5,2420.6,-9.97,stop_base,4
8132.T,2020-07-20,2020-11-24,2577.4,2624.0,2577.4,1.81,time,127
8132.T,2021-01-06,2021-04-06,2742.3,2691.6,2742.3,-1.85,stop_breakeven,90
8132.T,2021-09-02,2021-10-01,3284.2,3229.2,3284.2,-1.68,stop_breakeven,29
8132.T,2021-12-29,2022-01-19,3375.9,2898.9,3013.6,-14.13,stop_base,21
8132.T,2022-10-19,2022-12-06,3837.0,3447.6,3466.4,-10.15,stop_base,48
8132.T,2023-01-24,2023-02-03,3682.2,3339.7,3386.7,-9.3,stop_base,10
8132.T,2024-03-14,2024-04-01,4620.2,4587.1,4620.2,-0.72,stop_breakeven,18
8132.T,2024-04-30,2024-05-23,4884.4,4426.2,4499.3,-9.38,stop_base,23
8132.T,2024-06-19,2024-08-02,4825.9,4504.2,4825.9,-6.67,stop_breakeven,44
8132.T,2024-10-07,2025-01-06,6259.1,6181.1,6259.1,-1.25,stop_breakeven,91
8133.T,2020-11-10,2021-03-16,793.1,898.1,793.1,13.23,time,126
8133.T,2021-03-22,2021-06-22,936.6,798.8,809.2,-14.71,stop_base,92
8133.T,2023-05-08,2023-09-11,1091.6,1348.1,1091.6,23.5,time,126
8133.T,2023-09-12,2024-01-16,1376.9,1483.6,1376.9,7.75,time,126
8133.T,2024-03-19,2024-04-17,1440.6,1409.6,1440.6,-2.15,stop_breakeven,29
8133.T,2024-07-26,2024-08-02,1713.3,1358.4,1397.5,-20.72,stop_base,7
8136.T,2021-08-11,2021-12-15,138.7,160.9,138.7,15.98,time,126
8136.T,2022-08-17,2022-12-21,222.8,283.4,222.8,27.23,time,126
8136.T,2023-01-31,2023-02-14,318.9,262.4,269.9,-17.71,stop_base,14
8136.T,2023-07-27,2023-11-29,407.6,394.8,407.6,-3.16,stop_breakeven,125
8136.T,2024-04-09,2024-04-16,605.2,528.1,535.1,-12.74,stop_base,7
8136.T,2024-09-24,2025-01-28,805.6,1103.9,805.6,37.02,time,126
8137.T,2021-03-19,2021-04-21,890.5,888.1,890.5,-0.27,stop_breakeven,33
8137.T,2021-05-07,2021-08-19,1028.2,1022.6,1028.2,-0.55,stop_breakeven,104
8137.T,2021-09-01,2021-10-04,1167.5,1139.3,1167.5,-2.42,stop_breakeven,33
8137.T,2021-10-26,2022-01-06,1242.7,1218.3,1242.7,-1.97,stop_breakeven,72
8137.T,2023-01-30,2023-02-13,1591.5,1586.5,1591.5,-0.32,stop_breakeven,14
8137.T,2023-05-08,2023-09-11,1710.8,1934.4,1710.8,13.07,time,126
8137.T,2023-09-15,2023-10-26,1974.4,1805.9,1820.4,-8.54,stop_base,41
8137.T,2023-11-02,2024-02-09,1995.9,1982.5,1995.9,-0.67,stop_breakeven,99
8141.T,2021-12-16,2022-01-19,788.3,721.3,722.1,-8.5,stop_base,34
8141.T,2022-08-01,2022-09-22,821.8,819.2,821.8,-0.32,stop_breakeven,52
8141.T,2022-10-31,2023-03-06,895.4,1209.5,895.4,35.08,time,126
8141.T,2023-03-08,2023-03-13,1210.4,1142.0,1146.5,-5.65,stop_base,5
8141.T,2023-05-09,2023-05-16,1143.7,1011.7,1070.3,-11.54,stop_base,7
8142.T,2020-11-24,2021-03-30,599.3,551.7,510.8,-7.93,time,126
8142.T,2022-11-24,2023-01-06,512.7,469.2,472.1,-8.49,stop_base,43
8142.T,2023-02-07,2023-03-10,517.4,510.3,517.4,-1.38,stop_breakeven,31
8142.T,2023-03-24,2023-07-28,615.9,783.7,615.9,27.25,time,126
8142.T,2023-08-10,2023-10-19,889.8,875.4,889.8,-1.62,stop_breakeven,70
8142.T,2024-04-24,2024-07-22,1014.8,1007.1,1014.8,-0.76,stop_breakeven,89
8150.T,2020-11-05,2021-01-19,1631.8,1387.8,1404.6,-14.95,stop_base,75
8150.T,2021-04-20,2021-08-10,1642.6,1467.2,1471.7,-10.68,stop_base,112
8150.T,2022-09-06,2023-01-10,1405.3,1875.0,1405.3,33.42,time,126
8150.T,2023-01-24,2023-03-14,2021.2,1970.0,2021.2,-2.53,stop_breakeven,49
8151.T,2022-10-31,2023-01-05,1125.3,1107.1,1125.3,-1.62,stop_breakeven,66
8151.T,2023-01-25,2023-05-30,1190.2,1187.9,1190.2,-0.2,stop_breakeven,125
8151.T,2023-06-19,2023-08-17,1262.7,1149.2,1154.4,-8.99,stop_base,59
8151.T,2024-06-10,2024-07-22,1477.7,1449.3,1477.7,-1.92,stop_breakeven,42
8151.T,2024-10-09,2024-11-14,1580.6,1405.7,1421.8,-11.06,stop_base,36
8153.T,2021-03-22,2021-04-21,3306.6,2900.4,2933.9,-12.28,stop_base,30
8154.T,2021-03-19,2021-07-26,1108.2,1203.2,1108.2,8.56,time,129
8154.T,2021-09-03,2021-10-01,1249.7,1228.3,1249.7,-1.71,stop_breakeven,28
8154.T,2021-11-02,2022-01-27,1367.8,1150.6,1178.2,-15.88,stop_base,86
8154.T,2022-07-27,2022-11-30,1397.7,1923.0,1397.7,37.58,time,126
8154.T,2023-01-31,2023-06-06,1885.8,2423.9,1885.8,28.53,time,126
8154.T,2023-06-09,2023-10-13,2464.3,2944.2,2464.3,19.47,time,126
8154.T,2023-11-29,2024-02-09,2957.9,2939.6,2957.9,-0.62,stop_breakeven,72
8157.T,2020-09-28,2020-11-02,1406.0,1191.5,1283.4,-15.26,stop_base,35
8157.T,2020-12-09,2021-04-14,1342.2,1473.0,1342.2,9.75,time,126
8157.T,2023-03-09,2023-07-13,1361.2,1652.8,1361.2,21.42,time,126
8157.T,2023-07-31,2023-11-14,1897.0,1896.8,1897.0,-0.01,stop_breakeven,106
8157.T,2023-12-15,2024-04-17,2043.6,2043.6,2043.6,-0.0,stop_breakeven,124
8157.T,2024-06-10,2024-07-31,2151.9,2126.9,2151.9,-1.16,stop_breakeven,51
8157.T,2024-12-06,2025-02-07,2525.9,2408.8,2525.9,-4.64,stop_breakeven,63
8158.T,2020-02-06,2020-02-18,537.5,459.6,469.1,-14.5,stop_base,12
8158.T,2021-11-16,2022-03-07,585.9,563.4,585.9,-3.84,stop_breakeven,111
8158.T,2023-04-28,2023-05-12,742.4,697.3,700.0,-6.08,stop_base,14
8158.T,2023-06-28,2023-11-01,742.4,938.8,742.4,26.46,time,126
8158.T,2023-12-20,2024-04-24,970.8,1045.1,970.8,7.66,time,126
8158.T,2024-09-03,2024-10-23,1107.5,1103.4,1107.5,-0.37,stop_breakeven,50
8159.T,2022-11-24,2023-03-30,1587.2,1776.2,1587.2,11.91,time,126
8159.T,2023-04-25,2023-08-29,1855.4,2347.8,1855.4,26.54,time,126
8159.T,2023-09-04,2023-10-03,2480.2,2436.6,2480.2,-1.76,stop_breakeven,29
8159.T,2023-11-21,2024-03-26,2547.4,3022.8,2547.4,18.66,time,126
8159.T,2024-06-10,2024-07-26,2832.1,2769.8,2832.1,-2.2,stop_breakeven,46
8160.T,2020-01-27,2020-02-03,2825.6,2742.2,2759.1,-2.95,stop_base,7
8160.T,2023-08-28,2024-01-04,2525.6,2492.1,2320.6,-1.33,time,129
8163.T,2023-04-07,2023-05-24,959.5,948.7,959.5,-1.12,stop_breakeven,47
8163.T,2023-08-08,2023-12-12,1030.1,1026.2,915.4,-0.38,time,126
8163.T,2023-12-25,2024-04-30,1047.7,1122.5,1047.7,7.14,time,127
8163.T,2024-06-07,2024-08-02,1198.4,1193.5,1198.4,-0.41,stop_breakeven,56
8163.T,2024-08-29,2024-11-07,1307.9,1121.5,1122.5,-14.25,stop_base,70
8167.T,2023-03-09,2023-03-14,1272.3,1171.1,1178.7,-7.95,stop_base,5
8167.T,2023-03-29,2023-04-10,1300.1,1161.8,1171.1,-10.64,stop_base,12
8167.T,2023-04-24,2023-08-03,1375.3,1373.4,1375.3,-0.13,stop_breakeven,101
8167.T,2023-08-31,2023-12-14,1508.3,1494.3,1508.3,-0.93,stop_breakeven,105
8167.T,2024-01-15,2024-05-20,1718.8,1588.1,1435.3,-7.61,time,126
8173.T,2020-10-26,2021-03-01,2177.6,2428.5,2177.6,11.52,time,126
8173.T,2023-08-28,2024-01-04,1979.6,2176.8,1979.6,9.96,time,129
8173.T,2024-01-05,2024-05-10,2181.2,2336.6,2181.2,7.12,time,126
8173.T,2024-05-31,2024-08-05,2437.2,2424.3,2437.2,-0.53,stop_breakeven,66
8173.T,2024-08-26,2024-10-22,2611.6,2370.7,2388.3,-9.22,stop_base,57
8174.T,2020-06-17,2020-08-18,1255.8,1224.1,1255.8,-2.52,stop_breakeven,62
8174.T,2020-09-25,2021-01-21,1425.4,1416.4,1425.4,-0.63,stop_breakeven,118
8174.T,2021-03-09,2021-05-21,1530.5,1527.9,1530.5,-0.17,stop_breakeven,73
8174.T,2022-07-27,2022-11-04,1736.0,1715.6,1736.0,-1.17,stop_breakeven,100
8174.T,2022-11-22,2023-02-06,1930.3,1703.3,1715.6,-11.76,stop_base,76
8174.T,2023-11-01,2024-03-06,2169.4,2251.2,1952.0,3.77,time,126
8179.T,2022-10-31,2023-03-06,1144.5,1305.9,1144.5,14.1,time,126
8179.T,2023-03-07,2023-05-30,1319.9,1310.2,1319.9,-0.73,stop_breakeven,84
8179.T,2023-08-14,2023-10-04,1355.2,1211.2,1232.4,-10.63,stop_base,51
8185.T,2023-03-02,2023-07-06,707.3,795.8,707.3,12.52,time,126
8185.T,2023-07-18,2023-08-18,868.2,863.8,868.2,-0.51,stop_breakeven,31
8185.T,2024-12-03,2025-01-08,1393.0,1210.7,1217.3,-13.09,stop_base,36
8194.T,2020-02-04,2020-02-28,1163.3,1021.9,1040.4,-12.16,stop_base,24
8194.T,2020-07-03,2020-11-06,1514.8,1640.7,1514.8,8.31,time,126
8194.T,2023-06-13,2023-10-17,1434.7,1632.6,1434.7,13.79,time,126
8194.T,2024-02-29,2024-06-19,1820.3,1806.1,1820.3,-0.78,stop_breakeven,111
8203.T,2020-09-18,2020-10-02,733.9,695.7,733.9,-5.22,stop_breakeven,14
8203.T,2020-11-25,2021-01-18,675.3,595.5,600.3,-11.82,stop_base,54
8203.T,2022-08-22,2022-09-05,562.8,531.4,534.9,-5.57,stop_base,14
8203.T,2022-10-19,2023-02-22,589.8,590.6,527.0,0.15,time,126
8203.T,2023-03-03,2023-04-17,605.0,566.0,569.7,-6.45,stop_base,45
8203.T,2024-07-29,2024-08-05,670.6,583.7,613.6,-12.95,stop_base,7
8203.T,2024-09-26,2024-11-05,688.3,616.4,625.7,-10.45,stop_base,40
8214.T,2022-09-09,2023-01-13,608.9,560.8,542.7,-7.9,time,126
8214.T,2023-04-18,2023-05-10,790.7,774.4,790.7,-2.07,stop_breakeven,22
8214.T,2023-06-28,2023-11-01,753.7,872.9,753.7,15.82,time,126
8214.T,2023-11-10,2024-03-04,962.7,958.3,962.7,-0.45,stop_breakeven,115
8214.T,2024-03-29,2024-08-02,1024.7,1099.3,1024.7,7.29,time,126
8217.T,2020-02-04,2020-02-27,1259.0,1173.6,1184.0,-6.78,stop_base,23
8217.T,2020-05-29,2020-07-08,1295.1,1284.9,1295.1,-0.79,stop_breakeven,40
8218.T,2020-06-19,2020-10-23,2436.2,2718.7,2436.2,11.6,time,126
8218.T,2023-04-26,2023-08-30,3003.2,2903.1,2510.4,-3.33,time,126
8218.T,2023-09-05,2024-01-09,3008.0,3094.9,2747.7,2.89,time,126
8218.T,2024-04-24,2024-08-05,3669.3,3006.1,3233.6,-18.07,stop_base,103
8219.T,2022-08-30,2022-11-15,247.9,245.0,247.9,-1.14,stop_breakeven,77
8219.T,2023-05-12,2023-09-15,255.3,449.2,255.3,75.93,time,126
8219.T,2023-11-30,2024-04-04,417.0,448.7,417.0,7.6,time,126
8227.T,2021-01-05,2021-02-24,5411.5,5163.2,5411.5,-4.59,stop_breakeven,50
8227.T,2021-03-22,2021-04-06,5753.4,5595.0,5753.4,-2.75,stop_breakeven,15
8227.T,2022-12-06,2023-04-05,6131.8,6120.4,6131.8,-0.18,stop_breakeven,120
8227.T,2023-06-13,2023-07-06,6422.3,6371.2,6422.3,-0.8,stop_breakeven,23
8227.T,2023-08-15,2023-09-11,7279.3,7254.1,7279.3,-0.35,stop_breakeven,27
8227.T,2023-11-21,2023-12-22,7688.7,7652.1,7688.7,-0.48,stop_breakeven,31
8233.T,2021-06-04,2021-08-17,616.8,500.4,507.2,-18.87,stop_base,74
8233.T,2022-08-01,2022-12-05,675.7,781.7,675.7,15.69,time,126
8233.T,2023-02-16,2023-03-20,861.8,856.4,861.8,-0.62,stop_breakeven,32
8233.T,2023-04-20,2023-08-24,975.3,1074.5,975.3,10.18,time,126
8233.T,2024-05-30,2024-06-19,1228.2,1225.3,1228.2,-0.23,stop_breakeven,20
8233.T,2024-07-01,2024-08-05,1441.8,984.2,1152.2,-31.74,stop_base,35
8237.T,2021-05-18,2021-07-19,950.9,948.9,950.9,-0.2,stop_breakeven,62
8237.T,2023-01-24,2023-05-24,1126.3,1100.7,1126.3,-2.27,stop_breakeven,120
8237.T,2023-07-11,2023-07-18,1184.2,1043.4,1053.1,-11.89,stop_base,7
8242.T,2022-09-02,2023-01-06,953.5,1192.5,953.5,25.06,time,126
8242.T,2023-02-16,2023-06-22,1226.4,1424.1,1226.4,16.13,time,126
8242.T,2023-07-12,2023-11-15,1432.7,1593.5,1432.7,11.23,time,126
8242.T,2024-05-21,2024-08-05,2063.9,1846.2,2063.9,-10.55,stop_breakeven,76
8242.T,2024-09-27,2024-10-25,2190.5,1989.2,2000.3,-9.19,stop_base,28
8252.T,2020-01-07,2020-01-23,2226.0,2112.4,2113.3,-5.1,stop_base,16
8252.T,2022-07-26,2022-09-28,2072.6,2027.0,2072.6,-2.2,stop_breakeven,64
8253.T,2020-01-07,2020-01-30,1523.3,1387.5,1399.2,-8.91,stop_base,23
8253.T,2022-07-21,2022-10-20,1425.5,1414.2,1425.5,-0.79,stop_breakeven,91
8253.T,2022-12-15,2023-03-14,1552.8,1471.7,1552.8,-5.22,stop_breakeven,89
8253.T,2023-04-19,2023-08-23,1685.9,1933.0,1685.9,14.66,time,126
8253.T,2023-09-01,2023-10-03,2104.2,2089.2,2104.2,-0.71,stop_breakeven,32
8253.T,2023-11-13,2023-12-14,2248.2,2243.6,2248.2,-0.2,stop_breakeven,31
8253.T,2024-01-10,2024-02-15,2450.7,2441.2,2450.7,-0.39,stop_breakeven,36
8253.T,2024-02-21,2024-06-26,2599.7,3049.2,2599.7,17.29,time,126
8253.T,2024-07-04,2024-08-02,3238.7,2889.6,3016.3,-10.78,stop_base,29
8253.T,2024-10-07,2025-02-10,3471.5,3357.0,2956.3,-3.3,time,126
8255.T,2020-09-25,2020-10-16,1109.6,992.0,1002.4,-10.6,stop_base,21
8255.T,2020-11-24,2021-02-24,1052.4,1039.3,1052.4,-1.25,stop_breakeven,92
8255.T,2021-03-17,2021-04-28,1114.0,990.1,999.7,-11.12,stop_base,42
8255.T,2023-06-15,2023-10-19,826.7,869.6,826.7,5.19,time,126
8255.T,2023-11-10,2024-02-15,918.8,916.4,918.8,-0.26,stop_breakeven,97
8267.T,2020-06-02,2020-07-10,742.7,738.1,742.7,-0.62,stop_breakeven,38
8267.T,2020-07-29,2020-12-02,795.9,955.6,795.9,20.07,time,126
8267.T,2020-12-24,2021-02-26,1004.2,1002.5,1004.2,-0.17,stop_breakeven,64
8267.T,2023-06-26,2023-10-02,946.2,944.3,946.2,-0.2,stop_breakeven,98
8267.T,2023-10-31,2024-03-05,1024.4,1150.2,1024.4,12.28,time,126
8267.T,2024-03-08,2024-04-11,1194.7,1088.4,1112.7,-8.9,stop_base,34
8267.T,2024-06-05,2024-08-05,1141.1,1045.5,1050.4,-8.38,stop_base,61
8273.T,2021-03-12,2021-05-27,1206.2,1197.5,1206.2,-0.72,stop_breakeven,76
8273.T,2023-05-17,2023-09-20,1025.1,1248.5,1025.1,21.8,time,126
8273.T,2023-09-25,2024-01-24,1253.2,1070.6,1085.7,-14.57,stop_base,121
8276.T,2023-07-28,2023-11-06,2233.8,2211.2,2233.8,-1.01,stop_breakeven,101
8278.T,2021-03-19,2021-03-31,2000.6,1999.7,2000.6,-0.05,stop_breakeven,12
8281.T,2021-07-26,2021-11-12,889.8,824.4,889.8,-7.35,stop_breakeven,109
8281.T,2023-03-31,2023-08-04,961.5,1000.9,961.5,4.1,time,126
8281.T,2024-08-22,2024-12-26,1195.4,1093.2,994.3,-8.55,time,126
8282.T,2021-03-22,2021-05-12,1306.1,1152.5,1188.1,-11.76,stop_base,51
8282.T,2022-07-21,2022-09-28,1250.5,1052.4,1056.8,-15.85,stop_base,69
8282.T,2023-09-12,2023-11-30,1282.1,1169.2,1170.2,-8.8,stop_base,79
8282.T,2024-06-25,2024-08-05,1409.7,1369.6,1409.7,-2.85,stop_breakeven,41
8283.T,2020-10-19,2021-01-27,5245.0,4734.8,4752.7,-9.73,stop_base,100
8283.T,2023-03-03,2023-05-12,4626.9,4590.8,4626.9,-0.78,stop_breakeven,70
8304.T,2021-07-02,2021-11-05,2071.8,2188.5,2071.8,5.63,time,126
8304.T,2022-01-05,2022-01-19,2189.6,2185.4,2189.6,-0.19,stop_breakeven,14
8304.T,2023-09-05,2023-10-03,2721.8,2688.2,2721.8,-1.23,stop_breakeven,28
8304.T,2023-12-22,2024-02-01,2907.5,2385.9,2907.5,-17.94,stop_breakeven,41
8306.T,2021-05-18,2021-07-20,526.4,477.5,479.2,-9.29,stop_base,63
8306.T,2021-08-11,2021-12-15,514.7,546.0,514.7,6.1,time,126
8306.T,2022-01-04,2022-05-10,554.2,654.8,554.2,18.16,time,126
8306.T,2023-02-15,2023-03-14,876.9,735.6,794.6,-16.11,stop_base,27
8306.T,2023-05-16,2023-09-19,828.6,1206.7,828.6,45.63,time,126
8306.T,2023-11-27,2023-12-15,1198.1,1114.8,1117.6,-6.95,stop_base,18
8306.T,2024-01-16,2024-05-21,1188.8,1455.4,1188.8,22.42,time,126
8306.T,2024-05-28,2024-08-02,1526.6,1421.6,1526.6,-6.88,stop_breakeven,66
8306.T,2024-12-12,2025-04-04,1766.0,1620.5,1766.0,-8.24,stop_breakeven,113
8308.T,2021-05-18,2021-06-18,417.6,380.2,380.6,-8.95,stop_base,31
8308.T,2022-10-19,2023-02-22,520.6,692.8,520.6,33.09,time,126
8308.T,2023-03-07,2023-03-14,702.9,587.0,639.2,-16.49,stop_base,7
8308.T,2023-08-30,2023-11-08,728.5,707.2,728.5,-2.92,stop_breakeven,70
8308.T,2024-03-27,2024-05-08,919.2,913.4,919.2,-0.64,stop_breakeven,42
8308.T,2024-05-15,2024-06-06,979.1,978.1,979.1,-0.1,stop_breakeven,22
8308.T,2024-07-31,2024-08-02,1050.2,991.1,1050.2,-5.63,stop_breakeven,2
8308.T,2024-11-06,2025-03-12,1068.7,1213.2,1068.7,13.52,time,126
8309.T,2021-08-11,2021-11-15,1533.9,1530.5,1533.9,-0.22,stop_breakeven,96
8309.T,2022-07-29,2022-12-02,1849.9,1848.2,1849.9,-0.09,stop_breakeven,126
8309.T,2023-02-20,2023-03-14,2155.8,2054.1,2155.8,-4.72,stop_breakeven,22
8309.T,2023-05-01,2023-05-30,2206.6,2195.1,2206.6,-0.52,stop_breakeven,29
8309.T,2023-07-04,2023-11-07,2359.3,2530.5,2359.3,7.26,time,126
8309.T,2024-01-05,2024-05-10,2583.6,3024.5,2583.6,17.07,time,126
8309.T,2024-05-15,2024-08-02,3305.8,3211.7,3305.8,-2.85,stop_breakeven,79
8316.T,2021-06-03,2021-07-09,1106.9,1009.3,1016.4,-8.81,stop_base,36
8316.T,2021-11-25,2021-11-30,1101.1,1031.7,1036.7,-6.3,stop_base,5
8316.T,2022-11-15,2023-03-22,1313.5,1550.8,1313.5,18.06,time,127
8316.T,2023-05-15,2023-09-19,1746.5,2288.2,1746.5,31.01,time,127
8316.T,2023-11-27,2023-12-15,2296.9,2072.0,2122.5,-9.79,stop_base,18
8316.T,2024-01-24,2024-05-29,2361.9,3123.8,2361.9,32.26,time,126
8316.T,2024-05-31,2024-08-02,3201.6,3006.2,3201.6,-6.1,stop_breakeven,63
8316.T,2024-11-25,2025-02-10,3530.4,3513.2,3530.4,-0.49,stop_breakeven,77
8331.T,2021-05-25,2021-06-21,632.7,566.6,577.8,-10.45,stop_base,27
8331.T,2022-10-19,2023-02-22,750.0,888.8,750.0,18.51,time,126
8331.T,2023-03-07,2023-03-13,912.2,825.7,849.1,-9.49,stop_base,6
8331.T,2023-05-15,2023-09-19,827.6,1059.3,827.6,27.99,time,127
8331.T,2023-11-01,2023-11-08,1068.6,967.7,982.1,-9.44,stop_base,7
8331.T,2024-04-12,2024-08-02,1234.9,1191.1,1234.9,-3.55,stop_breakeven,112
8334.T,2022-09-20,2023-01-24,354.8,440.8,354.8,24.22,time,126
8334.T,2023-03-09,2023-03-13,462.9,422.2,426.7,-8.78,stop_base,4
8334.T,2023-05-11,2023-09-14,435.6,664.6,435.6,52.59,time,126
8334.T,2023-11-01,2023-11-16,685.7,602.3,606.0,-12.16,stop_base,15
8334.T,2023-11-27,2024-04-01,692.4,787.1,692.4,13.68,time,126
8334.T,2024-04-12,2024-08-05,821.3,732.7,821.3,-10.79,stop_breakeven,115
8336.T,2021-05-26,2021-09-29,484.4,517.5,484.4,6.84,time,126
8336.T,2023-01-24,2023-03-14,641.2,636.1,641.2,-0.8,stop_breakeven,49
8336.T,2023-05-18,2023-06-06,673.9,627.0,628.2,-6.96,stop_base,19
8336.T,2023-07-04,2023-11-07,679.1,842.7,679.1,24.08,time,126
8336.T,2024-04-23,2024-08-02,910.1,908.5,910.1,-0.17,stop_breakeven,101
8337.T,2022-11-18,2023-03-24,322.8,466.3,322.8,44.44,time,126
8337.T,2023-06-16,2023-10-20,553.2,884.1,553.2,59.82,time,126
8337.T,2023-10-27,2023-11-16,929.2,821.5,824.4,-11.59,stop_base,20
8337.T,2024-01-16,2024-05-21,826.4,985.4,826.4,19.24,time,126
8337.T,2024-07-31,2024-08-02,1063.5,916.2,967.6,-13.85,stop_base,2
8337.T,2024-11-06,2025-03-12,1146.5,1366.9,1146.5,19.22,time,126
8338.T,2023-03-09,2023-03-13,231.9,207.6,215.0,-10.48,stop_base,4
8338.T,2023-11-01,2023-11-16,296.8,244.1,247.0,-17.74,stop_base,15
8338.T,2024-05-20,2024-06-05,303.7,299.8,303.7,-1.28,stop_breakeven,16
8341.T,2022-06-07,2022-06-27,523.0,520.2,523.0,-0.55,stop_breakeven,20
8341.T,2022-09-09,2022-10-28,522.2,521.1,522.2,-0.21,stop_breakeven,49
8341.T,2022-11-24,2023-03-30,568.3,641.9,568.3,12.94,time,126
8341.T,2023-05-15,2023-09-19,700.5,1015.8,700.5,45.0,time,127
8341.T,2023-11-01,2023-12-15,1072.4,1070.9,1072.4,-0.14,stop_breakeven,44
8341.T,2024-02-07,2024-06-12,1122.8,1327.9,1122.8,18.27,time,126
8341.T,2024-07-31,2024-08-05,1472.4,1141.6,1307.8,-22.47,stop_base,5
8341.T,2024-12-11,2025-04-03,1479.5,1371.3,1479.5,-7.31,stop_breakeven,113
8343.T,2021-12-28,2022-05-06,1342.2,1455.1,1342.2,8.41,time,129
8343.T,2023-02-21,2023-03-14,1702.8,1537.0,1546.6,-9.73,stop_base,21
8343.T,2023-09-06,2023-10-04,1714.0,1691.3,1714.0,-1.32,stop_breakeven,28
8343.T,2024-05-16,2024-08-05,2076.7,1773.2,2076.7,-14.61,stop_breakeven,81
8344.T,2022-09-20,2023-01-24,862.6,1145.0,862.6,32.74,time,126
8344.T,2023-02-21,2023-03-14,1155.6,973.5,1018.8,-15.76,stop_base,21
8345.T,2022-06-07,2022-09-05,432.1,368.5,371.2,-14.72,stop_base,90
8345.T,2023-08-31,2023-11-27,535.5,535.1,535.5,-0.07,stop_breakeven,88
8345.T,2024-01-11,2024-04-01,558.9,554.1,558.9,-0.86,stop_breakeven,81
8345.T,2024-05-28,2024-07-22,585.3,582.7,585.3,-0.45,stop_breakeven,55
8345.T,2024-12-30,2025-04-04,633.8,607.8,633.8,-4.11,stop_breakeven,95
8346.T,2023-01-26,2023-06-01,219.0,208.6,187.2,-4.72,time,126
8346.T,2023-07-31,2023-12-04,228.0,275.6,228.0,20.86,time,126
8346.T,2023-12-06,2024-04-10,280.3,319.8,280.3,14.09,time,126
8346.T,2024-05-16,2024-06-05,340.5,301.8,304.7,-11.36,stop_base,20
8354.T,2021-03-11,2021-03-24,1789.6,1779.8,1789.6,-0.55,stop_breakeven,13
8354.T,2022-08-12,2022-11-14,2146.2,2142.4,2146.2,-0.18,stop_breakeven,94
8354.T,2022-11-25,2023-03-13,2469.3,2444.4,2469.3,-1.01,stop_breakeven,108
8354.T,2023-07-27,2023-11-30,2869.1,3161.4,2869.1,10.19,time,126
8354.T,2024-04-12,2024-06-13,3945.4,3852.9,3945.4,-2.34,stop_breakeven,62
8358.T,2021-11-08,2021-12-15,418.6,415.1,418.6,-0.85,stop_breakeven,37
8358.T,2023-03-22,2023-07-26,416.4,528.7,416.4,26.97,time,126
8358.T,2023-08-22,2023-12-26,553.6,726.1,553.6,31.17,time,126
8358.T,2024-01-11,2024-02-01,786.7,784.8,786.7,-0.24,stop_breakeven,21
8358.T,2024-03-12,2024-07-16,823.9,1028.9,823.9,24.89,time,126
8358.T,2024-07-18,2024-08-02,1070.5,1028.9,1070.5,-3.89,stop_breakeven,15
8359.T,2022-06-07,2022-08-09,411.9,409.3,411.9,-0.63,stop_breakeven,63
8359.T,2022-09-16,2022-12-05,432.0,425.2,432.0,-1.57,stop_breakeven,80
8359.T,2023-02-14,2023-03-14,523.9,497.2,523.9,-5.09,stop_breakeven,28
8359.T,2023-04-28,2023-09-01,548.7,719.1,548.7,31.06,time,126
8359.T,2023-09-04,2023-10-04,732.5,730.2,732.5,-0.31,stop_breakeven,30
8359.T,2024-02-16,2024-06-21,753.2,939.6,753.2,24.75,time,126
8359.T,2024-07-17,2024-07-26,1002.3,919.6,923.8,-8.25,stop_base,9
8359.T,2024-07-31,2024-08-05,1003.2,781.2,919.6,-22.13,stop_base,5
8360.T,2023-02-07,2023-03-13,1124.2,1113.6,1124.2,-0.95,stop_breakeven,34
8360.T,2023-07-28,2023-12-01,1247.1,1675.3,1247.1,34.34,time,126
8360.T,2024-01-31,2024-04-16,1634.9,1619.5,1634.9,-0.94,stop_breakeven,76
8360.T,2024-05-15,2024-06-13,1784.0,1761.6,1784.0,-1.26,stop_breakeven,29
8361.T,2023-03-08,2023-03-14,1837.4,1614.9,1684.3,-12.11,stop_base,6
8361.T,2023-09-04,2023-10-04,1883.8,1799.9,1883.8,-4.45,stop_breakeven,30
8361.T,2024-05-31,2024-08-05,2168.9,1666.0,1966.7,-23.19,stop_base,66
8362.T,2020-10-28,2020-12-07,1585.3,1583.6,1585.3,-0.11,stop_breakeven,40
8362.T,2021-03-11,2021-03-31,1668.5,1666.6,1668.5,-0.12,stop_breakeven,20
8362.T,2023-01-27,2023-03-13,1471.2,1448.0,1471.2,-1.58,stop_breakeven,45
8362.T,2023-09-12,2024-01-16,1507.1,1552.4,1341.5,3.01,time,126
8362.T,2024-05-13,2024-07-26,1886.8,1883.1,1886.8,-0.2,stop_breakeven,74
8364.T,2023-11-01,2023-11-15,1572.9,1430.7,1437.2,-9.04,stop_base,14
8366.T,2022-07-26,2022-09-01,491.3,446.6,451.9,-9.1,stop_base,37
8366.T,2022-10-25,2022-11-02,476.5,438.1,438.8,-8.06,stop_base,8
8366.T,2023-02-21,2023-06-27,535.1,490.2,469.0,-8.39,time,126
8366.T,2023-08-22,2023-12-26,557.9,638.1,557.9,14.37,time,126
8366.T,2024-01-31,2024-06-05,683.5,815.4,683.5,19.3,time,126
8367.T,2022-10-19,2023-02-22,373.4,467.2,373.4,25.12,time,126
8367.T,2023-03-01,2023-03-13,469.6,435.2,439.0,-7.34,stop_base,12
8367.T,2023-08-28,2023-10-04,463.5,462.8,463.5,-0.16,stop_breakeven,37
8367.T,2024-05-13,2024-08-05,590.2,539.0,590.2,-8.67,stop_breakeven,84
8368.T,2023-02-27,2023-03-14,385.2,331.8,349.0,-13.88,stop_base,15
8368.T,2023-05-15,2023-09-19,368.6,534.9,368.6,45.11,time,127
8368.T,2023-11-01,2024-03-06,546.3,615.6,546.3,12.69,time,126
8368.T,2024-05-27,2024-06-17,624.9,621.2,624.9,-0.61,stop_breakeven,21
8370.T,2020-06-04,2020-08-05,1399.3,1204.8,1208.9,-13.9,stop_base,62
8370.T,2023-01-30,2023-06-05,1444.3,1375.0,1234.6,-4.8,time,126
8370.T,2024-07-02,2024-08-05,1791.9,1464.7,1649.7,-18.26,stop_base,34
8370.T,2024-12-03,2025-01-10,1998.6,1993.0,1998.6,-0.28,stop_breakeven,38
8377.T,2023-02-20,2023-03-14,948.3,847.7,853.1,-10.61,stop_base,22
8377.T,2023-05-11,2023-09-14,977.3,1458.1,977.3,49.19,time,126
8377.T,2023-10-31,2023-11-08,1633.7,1539.8,1633.7,-5.75,stop_breakeven,8
8377.T,2024-02-13,2024-06-18,1487.5,1940.2,1487.5,30.43,time,126
8381.T,2021-12-16,2022-01-19,531.6,527.5,531.6,-0.78,stop_breakeven,34
8381.T,2022-06-07,2022-10-11,581.9,611.1,581.9,5.03,time,126
8381.T,2022-10-19,2022-12-05,623.4,619.0,623.4,-0.7,stop_breakeven,47
8381.T,2023-01-30,2023-03-13,713.6,700.4,713.6,-1.84,stop_breakeven,42
8381.T,2023-05-15,2023-09-19,709.6,917.4,709.6,29.29,time,127
8381.T,2023-10-27,2024-03-01,929.4,1072.6,929.4,15.41,time,126
8381.T,2024-03-07,2024-04-01,1093.6,1087.4,1093.6,-0.57,stop_breakeven,25
8381.T,2024-05-10,2024-08-05,1166.3,1018.7,1166.3,-12.65,stop_breakeven,87
8386.T,2022-06-07,2022-10-11,375.8,360.6,344.0,-4.05,time,126
8386.T,2022-11-24,2023-03-30,383.5,412.7,383.5,7.62,time,126
8386.T,2023-08-07,2023-12-11,479.4,577.0,479.4,20.35,time,126
8386.T,2024-02-05,2024-06-10,611.2,755.1,611.2,23.55,time,126
8387.T,2022-06-09,2022-10-13,702.6,740.8,702.6,5.44,time,126
8387.T,2022-10-26,2022-12-05,768.9,767.1,768.9,-0.23,stop_breakeven,40
8387.T,2024-05-31,2024-08-05,1094.8,848.8,988.5,-22.47,stop_base,66
8388.T,2023-08-30,2024-01-04,2068.3,2207.0,2068.3,6.71,time,127
8388.T,2024-05-20,2024-08-05,2665.3,2094.3,2289.6,-21.42,stop_base,77
8392.T,2023-01-30,2023-03-13,393.3,387.0,393.3,-1.59,stop_breakeven,42
8392.T,2023-05-18,2023-09-21,390.6,509.8,390.6,30.5,time,126
8392.T,2023-11-01,2023-12-05,528.1,477.8,478.3,-9.53,stop_base,34
8392.T,2024-01-31,2024-06-05,505.1,631.4,505.1,25.02,time,126
8392.T,2024-06-26,2024-07-26,671.1,598.4,603.1,-10.83,stop_base,30
8393.T,2022-11-25,2023-03-20,417.8,415.9,417.8,-0.47,stop_breakeven,115
8393.T,2023-08-30,2023-12-05,475.3,467.0,475.3,-1.74,stop_breakeven,97
8393.T,2024-04-24,2024-05-16,583.6,582.7,583.6,-0.16,stop_breakeven,22
8393.T,2024-06-27,2024-08-02,661.2,579.9,582.7,-12.31,stop_base,36
8395.T,2023-01-30,2023-06-05,1650.4,1472.3,1351.0,-10.79,time,126
8395.T,2023-09-01,2023-12-20,1645.9,1636.3,1645.9,-0.59,stop_breakeven,110
8395.T,2024-04-24,2024-08-05,2039.0,1868.9,2039.0,-8.34,stop_breakeven,103
8399.T,2023-01-24,2023-03-14,835.1,832.5,835.1,-0.32,stop_breakeven,49
8399.T,2023-08-22,2023-12-26,921.9,982.8,921.9,6.6,time,126
8399.T,2024-05-13,2024-05-24,1151.2,1149.3,1151.2,-0.16,stop_breakeven,11
8410.T,2020-01-07,2020-01-24,279.0,255.1,255.9,-8.56,stop_base,17
8410.T,2023-05-11,2023-09-14,258.2,292.1,258.2,13.15,time,126
8410.T,2023-09-22,2024-01-26,293.0,276.8,263.5,-5.52,time,126
8411.T,2021-05-17,2021-09-21,1357.9,1310.5,1231.5,-3.49,time,127
8411.T,2022-11-24,2023-03-30,1505.6,1692.9,1505.6,12.44,time,126
8411.T,2023-05-16,2023-09-19,1855.7,2421.1,1855.7,30.46,time,126
8411.T,2023-09-22,2024-01-26,2445.9,2400.5,2038.5,-1.86,time,126
8411.T,2024-01-31,2024-06-05,2485.1,2926.5,2485.1,17.76,time,126
8411.T,2024-06-27,2024-07-25,3089.4,3042.6,3089.4,-1.52,stop_breakeven,28
8418.T,2022-06-07,2022-10-11,665.2,707.1,665.2,6.3,time,126
8418.T,2022-10-19,2023-02-22,716.9,821.2,716.9,14.55,time,126
8418.T,2023-03-07,2023-03-14,838.2,730.3,773.1,-12.87,stop_base,7
8418.T,2023-05-15,2023-09-19,825.7,1268.1,825.7,53.58,time,127
8418.T,2023-10-31,2023-12-21,1268.9,1125.8,1129.9,-11.28,stop_base,51
8418.T,2024-01-24,2024-05-29,1281.4,1714.6,1281.4,33.81,time,126
8418.T,2024-07-31,2024-08-02,1768.0,1602.7,1614.9,-9.35,stop_base,2
8424.T,2020-01-09,2020-01-15,1967.5,1885.7,1898.9,-4.16,stop_base,6
8424.T,2021-03-18,2021-06-21,2206.9,1894.9,1923.2,-14.14,stop_base,95
8424.T,2022-07-22,2022-11-25,2326.7,2593.5,2326.7,11.47,time,126
8424.T,2023-01-24,2023-03-20,2567.1,2505.6,2567.1,-2.4,stop_breakeven,55
8424.T,2023-04-18,2023-08-22,2847.8,3496.9,2847.8,22.79,time,126
8424.T,2023-09-01,2023-10-02,3655.5,3593.9,3655.5,-1.68,stop_breakeven,31
8424.T,2023-12-27,2024-05-01,3697.2,4242.9,3697.2,14.76,time,126
8425.T,2020-01-09,2020-02-25,547.9,490.4,495.9,-10.49,stop_base,47
8425.T,2021-03-19,2021-04-02,588.5,535.3,537.3,-9.03,stop_base,14
8425.T,2021-05-13,2021-08-19,564.2,558.4,564.2,-1.02,stop_breakeven,98
8425.T,2021-09-14,2021-11-10,632.5,536.7,558.4,-15.15,stop_base,57
8425.T,2023-01-27,2023-03-20,597.1,591.0,597.1,-1.02,stop_breakeven,52
8425.T,2023-04-13,2023-08-17,654.8,807.0,654.8,23.23,time,126
8425.T,2023-09-04,2023-11-15,872.8,870.0,872.8,-0.32,stop_breakeven,72
8425.T,2024-01-09,2024-05-14,913.4,1015.6,913.4,11.2,time,126
8425.T,2024-06-26,2024-07-22,1025.8,1019.3,1025.8,-0.63,stop_breakeven,26
8439.T,2023-08-30,2024-01-04,1248.3,1425.9,1248.3,14.22,time,127
8439.T,2024-01-05,2024-04-17,1444.1,1436.7,1444.1,-0.51,stop_breakeven,103
8473.T,2020-11-11,2020-12-24,1070.7,963.1,1070.7,-10.05,stop_breakeven,43
8473.T,2021-02-05,2021-05-17,1106.8,1100.4,1106.8,-0.58,stop_breakeven,101
8473.T,2023-09-04,2023-10-04,1373.0,1342.1,1373.0,-2.25,stop_breakeven,30
8473.T,2024-01-05,2024-05-10,1511.5,1844.5,1511.5,22.03,time,126
8473.T,2024-05-20,2024-07-22,1860.7,1855.6,1860.7,-0.27,stop_breakeven,63
8511.T,2021-02-08,2021-06-14,513.2,715.4,513.2,39.39,time,126
8511.T,2021-09-03,2021-10-01,720.4,714.0,720.4,-0.89,stop_breakeven,28
8511.T,2021-12-28,2022-05-06,822.3,823.2,687.8,0.11,time,129
8511.T,2023-01-31,2023-02-07,1029.9,910.7,943.1,-11.57,stop_base,7
8511.T,2023-04-28,2023-09-01,910.3,1177.5,910.3,29.35,time,126
8511.T,2023-11-01,2024-01-30,1410.3,1401.3,1410.3,-0.64,stop_breakeven,90
8511.T,2024-03-21,2024-07-25,1521.9,1475.4,1521.9,-3.06,stop_breakeven,126
8511.T,2024-10-07,2025-02-10,2014.4,1717.6,1706.4,-14.74,time,126
8522.T,2022-08-22,2022-12-05,901.9,896.7,901.9,-0.58,stop_breakeven,105
8522.T,2023-05-17,2023-09-20,1050.9,1544.0,1050.9,46.92,time,126
8522.T,2023-10-25,2023-11-09,1692.9,1689.8,1692.9,-0.18,stop_breakeven,15
8522.T,2024-01-31,2024-06-05,1708.2,2212.3,1708.2,29.51,time,126
8522.T,2024-07-16,2024-08-05,2473.3,1861.2,2203.0,-24.75,stop_base,20
8524.T,2023-02-10,2023-03-14,258.5,252.3,258.5,-2.41,stop_breakeven,32
8524.T,2023-06-28,2023-08-18,256.9,254.1,256.9,-1.06,stop_breakeven,51
8524.T,2023-09-01,2024-01-05,283.1,324.5,283.1,14.62,time,126
8524.T,2024-01-26,2024-02-09,344.6,309.8,317.1,-10.11,stop_base,14
8524.T,2024-04-23,2024-08-02,428.2,427.3,428.2,-0.22,stop_breakeven,101
8541.T,2020-07-06,2020-08-07,994.9,911.2,916.2,-8.41,stop_base,32
8541.T,2023-02-27,2023-03-14,886.1,773.2,785.7,-12.74,stop_base,15
8541.T,2024-04-30,2024-08-02,1105.6,1059.6,1105.6,-4.16,stop_breakeven,94
8544.T,2023-02-09,2023-03-13,560.0,549.2,560.0,-1.91,stop_breakeven,32
8544.T,2023-09-11,2023-10-04,612.0,604.2,612.0,-1.27,stop_breakeven,23
8544.T,2023-11-24,2024-03-29,655.1,715.5,655.1,9.23,time,126
8544.T,2024-05-09,2024-08-05,743.7,622.4,743.7,-16.31,stop_breakeven,88
8550.T,2022-06-07,2022-09-07,246.1,245.2,246.1,-0.37,stop_breakeven,92
8550.T,2022-10-19,2022-12-05,277.3,275.5,277.3,-0.66,stop_breakeven,47
8550.T,2023-02-14,2023-03-13,307.5,299.3,307.5,-2.68,stop_breakeven,27
8550.T,2024-05-14,2024-06-05,349.2,345.4,349.2,-1.08,stop_breakeven,22
8551.T,2022-09-12,2023-01-16,1516.6,1967.4,1516.6,29.72,time,126
8551.T,2023-08-30,2023-11-13,1993.2,1989.9,1993.2,-0.16,stop_breakeven,75
8551.T,2024-05-31,2024-08-02,2457.2,2363.3,2457.2,-3.82,stop_breakeven,63
8551.T,2024-12-03,2025-04-04,2748.9,2587.4,2748.9,-5.88,stop_breakeven,122
8558.T,2023-01-27,2023-06-02,520.4,457.3,431.8,-12.11,time,126
8558.T,2023-09-11,2023-10-03,544.8,536.0,544.8,-1.61,stop_breakeven,22
8558.T,2023-11-02,2023-12-18,614.7,522.0,522.9,-15.08,stop_base,46
8558.T,2024-05-31,2024-08-02,655.5,577.6,589.5,-11.89,stop_base,63
8566.T,2020-01-07,2020-01-29,3414.8,3394.6,3414.8,-0.59,stop_breakeven,22
8566.T,2021-09-03,2021-09-22,3134.4,3092.1,3134.4,-1.35,stop_breakeven,19
8566.T,2021-12-28,2022-03-02,3330.3,3047.1,3102.9,-8.51,stop_base,64
8566.T,2023-02-20,2023-06-26,3523.6,3729.3,3523.6,5.84,time,126
8566.T,2023-06-28,2023-11-01,3843.0,4294.9,3843.0,11.76,time,126
8566.T,2023-11-06,2024-03-11,4313.4,4817.4,4313.4,11.68,time,126
8566.T,2024-06-25,2024-08-05,4921.8,4143.7,4687.5,-15.81,stop_base,41
8570.T,2022-09-09,2022-12-05,1281.6,1193.8,1198.7,-6.85,stop_base,87
8584.T,2020-01-09,2020-01-27,2057.0,1921.6,1947.9,-6.59,stop_base,18
8584.T,2021-05-14,2021-09-17,1913.4,2490.7,1913.4,30.17,time,126
8584.T,2021-11-02,2021-11-18,2535.3,2365.8,2399.0,-6.69,stop_base,16
8584.T,2022-01-04,2022-03-08,2442.0,2367.4,2442.0,-3.06,stop_breakeven,63
8584.T,2022-07-20,2022-11-24,2919.3,3287.6,2919.3,12.62,time,127
8584.T,2022-11-25,2023-01-06,3338.9,3321.8,3338.9,-0.51,stop_breakeven,42
8584.T,2023-02-10,2023-03-20,3621.0,3608.2,3621.0,-0.35,stop_breakeven,38
8584.T,2023-04-28,2023-09-01,3971.4,4465.1,3971.4,12.43,time,126
8584.T,2023-09-06,2024-01-10,4639.9,4779.7,4159.3,3.01,time,126
8584.T,2024-01-11,2024-02-09,4850.9,4842.0,4850.9,-0.18,stop_breakeven,29
8584.T,2024-04-25,2024-05-16,5120.5,4447.4,4770.8,-13.14,stop_base,21
8585.T,2020-01-10,2020-02-03,1353.3,1281.7,1353.3,-5.29,stop_breakeven,24
8591.T,2020-01-10,2020-02-28,1456.0,1364.8,1400.8,-6.27,stop_base,49
8591.T,2021-05-18,2021-06-21,1587.0,1576.0,1587.0,-0.69,stop_breakeven,34
8591.T,2021-08-11,2021-12-15,1737.8,1984.8,1737.8,14.21,time,126
8591.T,2022-01-05,2022-03-07,2115.1,1843.3,1904.8,-12.85,stop_base,61
8591.T,2022-06-08,2022-07-06,2197.0,1933.6,1964.7,-11.99,stop_base,28
8591.T,2022-08-01,2022-09-26,2097.1,1862.6,1933.6,-11.18,stop_base,56
8591.T,2023-07-27,2023-10-04,2436.5,2401.1,2436.5,-1.45,stop_breakeven,69
8591.T,2024-01-05,2024-05-10,2555.8,3172.5,2555.8,24.13,time,126
8591.T,2024-06-03,2024-08-01,3279.8,3264.8,3279.8,-0.46,stop_breakeven,59
8591.T,2024-11-08,2025-02-10,3349.9,3028.6,3042.1,-9.59,stop_base,94
8593.T,2021-08-11,2021-08-17,507.9,471.2,479.4,-7.22,stop_base,6
8593.T,2022-07-25,2022-09-30,545.2,544.1,545.2,-0.2,stop_breakeven,67
8593.T,2022-11-10,2023-03-16,564.3,604.5,564.3,7.13,time,126
8593.T,2023-04-28,2023-09-01,632.3,863.0,632.3,36.48,time,126
8593.T,2023-09-04,2023-10-04,878.6,841.0,878.6,-4.28,stop_breakeven,30
8593.T,2024-01-11,2024-05-16,912.3,950.6,912.3,4.19,time,126
8593.T,2024-06-03,2024-08-02,973.8,931.0,935.7,-4.39,stop_base,60
8595.T,2020-01-27,2020-02-25,1128.6,1095.2,1128.6,-2.96,stop_breakeven,29
8595.T,2020-12-17,2021-04-22,1254.4,1937.6,1254.4,54.46,time,126
8595.T,2021-04-28,2021-07-07,2029.7,1658.5,1686.3,-18.29,stop_base,70
8595.T,2022-11-24,2022-12-02,1939.3,1930.4,1939.3,-0.46,stop_breakeven,8
8595.T,2023-01-26,2023-02-02,1965.2,1781.1,1799.0,-9.37,stop_base,7
8595.T,2024-09-26,2025-01-30,1866.3,2088.6,1866.3,11.91,time,126
8600.T,2023-03-01,2023-03-13,368.8,333.8,341.0,-9.49,stop_base,12
8600.T,2023-05-15,2023-05-26,339.5,333.1,339.5,-1.88,stop_breakeven,11
8600.T,2023-07-04,2023-11-07,349.5,476.9,349.5,36.44,time,126
8601.T,2021-05-06,2021-06-21,489.6,484.1,489.6,-1.12,stop_breakeven,46
8601.T,2021-09-01,2021-12-02,509.8,508.7,509.8,-0.21,stop_breakeven,92
8601.T,2022-01-04,2022-02-25,544.9,544.6,544.9,-0.06,stop_breakeven,52
8601.T,2023-06-15,2023-10-19,633.1,765.2,633.1,20.87,time,126
8601.T,2023-11-01,2024-03-06,840.1,986.7,840.1,17.44,time,126
8601.T,2024-03-18,2024-04-16,1003.1,995.5,1003.1,-0.75,stop_breakeven,29
8601.T,2024-05-28,2024-06-17,1074.8,1058.5,1074.8,-1.52,stop_breakeven,20
8601.T,2024-07-17,2024-08-02,1207.9,904.2,1047.2,-25.14,stop_base,16
8604.T,2020-01-10,2020-02-04,434.9,405.9,411.5,-6.67,stop_base,25
8604.T,2021-03-08,2021-03-29,524.5,476.8,524.5,-9.1,stop_breakeven,21
8604.T,2021-05-25,2021-06-21,496.9,452.8,457.6,-8.88,stop_base,27
8604.T,2023-02-21,2023-03-20,487.8,411.1,415.6,-15.72,stop_base,27
8604.T,2023-08-01,2023-08-16,517.4,464.7,467.2,-10.18,stop_base,15
8604.T,2023-09-06,2023-10-03,524.3,519.4,524.3,-0.94,stop_breakeven,27
8604.T,2023-11-20,2024-03-25,547.1,867.5,547.1,58.54,time,126
8604.T,2024-05-31,2024-08-02,853.9,724.8,780.6,-15.12,stop_base,63
8609.T,2021-05-10,2021-05-27,385.7,344.7,354.3,-10.65,stop_base,17
8609.T,2023-01-24,2023-03-14,352.4,344.9,352.4,-2.14,stop_breakeven,49
8609.T,2023-03-27,2023-07-31,402.6,494.4,402.6,22.79,time,126
8609.T,2023-08-28,2024-01-04,503.1,605.3,503.1,20.31,time,129
8609.T,2024-01-09,2024-02-09,646.4,589.6,593.1,-8.78,stop_base,31
8609.T,2024-02-27,2024-04-19,665.6,661.3,665.6,-0.65,stop_breakeven,52
8609.T,2024-05-20,2024-07-25,699.3,652.2,660.4,-6.74,stop_base,66
8613.T,2021-05-26,2021-06-21,521.2,464.1,476.4,-10.96,stop_base,26
8613.T,2021-08-12,2021-10-05,483.4,482.9,483.4,-0.09,stop_breakeven,54
8613.T,2023-08-30,2024-01-04,439.5,723.0,439.5,64.51,time,127
8613.T,2024-01-09,2024-05-14,741.7,900.2,741.7,21.36,time,126
8613.T,2024-06-25,2024-07-25,926.5,902.8,926.5,-2.55,stop_breakeven,30
8614.T,2022-09-13,2022-10-13,221.9,191.2,193.7,-13.86,stop_base,30
8614.T,2022-11-21,2022-12-05,224.4,223.6,224.4,-0.37,stop_breakeven,14
8614.T,2023-02-08,2023-05-22,255.2,250.7,255.2,-1.74,stop_breakeven,103
8614.T,2023-09-04,2023-09-21,290.0,285.8,290.0,-1.44,stop_breakeven,17
8614.T,2024-06-03,2024-07-01,337.5,301.5,304.9,-10.66,stop_base,28
8614.T,2024-07-08,2024-08-05,351.2,289.5,301.5,-17.56,stop_base,28
8614.T,2024-10-04,2025-02-07,380.3,496.8,380.3,30.63,time,126
8616.T,2021-05-07,2021-06-24,326.7,294.2,295.0,-9.95,stop_base,48
8616.T,2021-08-11,2021-10-01,310.1,307.4,310.1,-0.87,stop_breakeven,51
8616.T,2023-07-31,2023-12-04,366.5,469.5,366.5,28.13,time,126
8616.T,2024-01-11,2024-05-16,479.0,496.8,479.0,3.72,time,126
8616.T,2024-05-27,2024-08-02,515.2,449.3,488.0,-12.8,stop_base,67
8622.T,2021-01-13,2021-05-19,188.9,223.6,188.9,18.42,time,126
8622.T,2021-06-17,2021-06-21,234.1,212.5,218.4,-9.24,stop_base,4
8622.T,2023-06-15,2023-10-19,267.1,393.9,267.1,47.47,time,126
8622.T,2024-01-05,2024-05-10,381.0,472.9,381.0,24.1,time,126
8622.T,2024-06-03,2024-08-02,500.3,389.8,409.2,-22.08,stop_base,60
8624.T,2021-07-16,2021-11-19,470.4,494.8,470.4,5.2,time,126
8624.T,2021-12-16,2022-02-24,508.9,502.7,508.9,-1.23,stop_breakeven,70
8624.T,2023-09-04,2023-10-03,606.8,597.5,606.8,-1.53,stop_breakeven,29
8624.T,2023-11-30,2024-04-04,635.7,716.0,635.7,12.63,time,126
8624.T,2024-05-17,2024-07-22,732.8,721.3,732.8,-1.57,stop_breakeven,66
8630.T,2021-05-19,2021-09-22,1230.6,1386.2,1230.6,12.64,time,126
8630.T,2021-12-16,2022-02-25,1451.7,1379.7,1451.7,-4.96,stop_breakeven,71
8630.T,2022-09-08,2022-11-21,1734.2,1658.7,1734.2,-4.35,stop_breakeven,74
8630.T,2023-09-11,2024-01-15,2002.7,2277.1,2002.7,13.7,time,126
8630.T,2024-01-17,2024-05-22,2323.0,2834.9,2323.0,22.03,time,126
8630.T,2024-05-29,2024-07-25,3108.5,3010.7,3108.5,-3.15,stop_breakeven,57
8630.T,2024-11-06,2025-03-12,3246.3,4251.6,3246.3,30.97,time,126
8697.T,2020-05-29,2020-10-02,979.7,1228.9,979.7,25.44,time,126
8697.T,2023-06-05,2023-07-10,1084.2,1073.6,1084.2,-0.97,stop_breakeven,35
8697.T,2023-08-08,2023-12-12,1198.7,1348.7,1198.7,12.52,time,126
8697.T,2024-01-11,2024-05-16,1466.6,1712.8,1466.6,16.79,time,126
8697.T,2024-07-03,2024-07-30,1836.6,1676.1,1681.8,-8.74,stop_base,27
8698.T,2023-06-22,2023-10-26,502.4,587.7,502.4,16.98,time,126
8698.T,2023-12-04,2024-04-08,628.6,816.7,628.6,29.91,time,126
8706.T,2021-03-15,2021-04-01,623.4,620.3,623.4,-0.5,stop_breakeven,17
8706.T,2021-07-12,2021-07-20,609.4,572.9,575.1,-5.99,stop_base,8
8706.T,2023-08-24,2023-12-28,621.9,792.0,621.9,27.35,time,126
8706.T,2024-01-16,2024-05-21,881.6,1387.2,881.6,57.35,time,126
8706.T,2024-05-22,2024-06-13,1401.1,1228.1,1236.8,-12.34,stop_base,22
8706.T,2024-07-11,2024-07-26,1300.3,1286.4,1300.3,-1.07,stop_breakeven,15
8707.T,2021-01-13,2021-05-19,1000.8,1272.7,1000.8,27.16,time,126
8707.T,2021-07-13,2021-07-19,1263.0,1104.3,1190.4,-12.57,stop_base,6
8707.T,2023-04-20,2023-08-24,1151.4,1433.4,1151.4,24.49,time,126
8707.T,2023-08-25,2023-10-04,1440.1,1394.4,1440.1,-3.17,stop_breakeven,40
8707.T,2023-12-25,2024-04-30,1508.3,2048.4,1508.3,35.81,time,127
8707.T,2024-05-10,2024-08-02,2055.5,1754.2,1870.5,-14.66,stop_base,84
8708.T,2021-01-28,2021-06-03,636.5,893.7,636.5,40.42,time,126
8708.T,2021-08-11,2021-08-19,876.4,756.1,760.8,-13.73,stop_base,8
8708.T,2021-09-07,2021-09-28,887.4,862.3,887.4,-2.84,stop_breakeven,21
8708.T,2021-12-16,2022-01-19,875.8,777.1,778.7,-11.27,stop_base,34
8708.T,2023-05-09,2023-09-12,642.1,784.7,642.1,22.21,time,126
8708.T,2023-09-14,2024-01-18,785.5,1089.3,785.5,38.68,time,126
8708.T,2024-04-18,2024-08-22,1120.3,2078.3,1120.3,85.51,time,126
8713.T,2023-02-27,2023-03-14,1296.7,1167.0,1217.0,-10.01,stop_base,15
8713.T,2023-09-01,2023-11-15,1344.9,1332.4,1344.9,-0.93,stop_breakeven,75
8713.T,2024-05-29,2024-08-05,1469.6,1164.9,1366.5,-20.73,stop_base,68
8714.T,2022-06-07,2022-10-11,165.9,186.6,165.9,12.5,time,126
8714.T,2022-10-19,2023-02-22,191.9,231.5,191.9,20.64,time,126
8714.T,2023-02-27,2023-03-14,234.1,206.8,214.8,-11.65,stop_base,15
8714.T,2023-08-30,2024-01-04,236.5,297.9,236.5,25.92,time,127
8714.T,2024-01-29,2024-06-03,308.9,415.2,308.9,34.42,time,126
8714.T,2024-08-01,2024-08-05,377.9,283.9,342.6,-24.88,stop_base,4
8715.T,2020-10-13,2020-11-10,1127.8,1058.9,1127.8,-6.11,stop_breakeven,28
8725.T,2021-07-27,2021-11-29,916.5,910.1,916.5,-0.71,stop_breakeven,125
8725.T,2022-01-05,2022-03-02,1033.5,1030.0,1033.5,-0.34,stop_breakeven,56
8725.T,2022-07-20,2022-09-26,1219.1,1113.7,1114.5,-8.64,stop_base,68
8725.T,2022-11-11,2022-12-05,1170.6,1091.2,1094.4,-6.78,stop_base,24
8725.T,2023-02-10,2023-03-13,1248.5,1242.8,1248.5,-0.46,stop_breakeven,31
8725.T,2023-04-28,2023-09-01,1309.8,1570.6,1309.8,19.91,time,126
8725.T,2023-09-04,2023-12-18,1592.7,1589.0,1592.7,-0.23,stop_breakeven,105
8725.T,2024-01-11,2024-05-16,1746.0,2560.0,1746.0,46.62,time,126
8725.T,2024-05-21,2024-06-05,2895.6,2889.2,2895.6,-0.22,stop_breakeven,15
8725.T,2024-10-07,2024-11-20,3309.0,3305.3,3309.0,-0.11,stop_breakeven,44
8739.T,2020-01-09,2020-01-27,1010.4,984.3,1010.4,-2.58,stop_breakeven,18
8739.T,2021-01-18,2021-05-12,1119.7,1115.0,1119.7,-0.41,stop_breakeven,114
8739.T,2023-01-24,2023-02-24,1497.3,1372.8,1377.0,-8.32,stop_base,31
8750.T,2021-03-18,2021-04-21,407.7,404.9,407.7,-0.69,stop_breakeven,34
8750.T,2021-05-18,2021-06-18,456.5,446.7,456.5,-2.15,stop_breakeven,31
8750.T,2021-08-11,2021-12-15,463.5,521.3,463.5,12.48,time,126
8750.T,2022-01-05,2022-01-25,537.5,529.5,537.5,-1.49,stop_breakeven,20
8750.T,2022-06-07,2022-06-24,599.4,535.7,540.0,-10.62,stop_base,17
8750.T,2024-05-17,2024-08-05,882.9,793.4,882.9,-10.14,stop_breakeven,80
8766.T,2020-02-06,2020-02-27,1666.9,1578.2,1580.0,-5.32,stop_base,21
8766.T,2021-09-14,2022-01-18,1717.3,1987.5,1717.3,15.74,time,126
8766.T,2022-09-16,2023-01-20,2296.6,2440.7,2296.6,6.28,time,126
8766.T,2023-02-17,2023-03-14,2530.7,2339.1,2376.7,-7.57,stop_base,25
8766.T,2023-06-02,2023-07-14,2890.8,2854.3,2890.8,-1.26,stop_breakeven,42
8766.T,2023-09-01,2024-01-05,2978.5,3299.8,2978.5,10.79,time,126
8766.T,2024-01-17,2024-05-22,3512.3,4838.2,3512.3,37.75,time,126
8766.T,2024-05-23,2024-08-02,4893.7,4746.0,4893.7,-3.02,stop_breakeven,71
8766.T,2024-10-03,2024-11-27,5327.6,5320.0,5327.6,-0.14,stop_breakeven,55
8771.T,2020-02-05,2020-02-26,1238.2,1115.3,1126.9,-9.93,stop_base,21
8771.T,2020-09-18,2020-11-02,2165.3,1773.7,1901.5,-18.08,stop_base,45
8771.T,2022-11-28,2022-12-02,2370.6,2141.3,2191.3,-9.67,stop_base,4
8793.T,2020-01-10,2020-01-31,2029.8,1968.3,2029.8,-3.03,stop_breakeven,21
8793.T,2023-01-31,2023-06-06,2152.6,2676.7,2152.6,24.35,time,126
8793.T,2023-06-15,2023-10-19,2685.6,2825.0,2685.6,5.19,time,126
8793.T,2023-11-17,2024-03-22,2993.9,3651.1,2993.9,21.95,time,126
8793.T,2024-05-20,2024-08-02,3628.3,3526.2,3628.3,-2.81,stop_breakeven,74
8795.T,2021-03-19,2021-07-26,1268.8,1184.0,1075.9,-6.68,time,129
8795.T,2021-08-11,2021-08-20,1249.4,1115.3,1146.7,-10.73,stop_base,9
8795.T,2021-12-16,2022-03-07,1289.4,1281.6,1289.4,-0.6,stop_breakeven,81
8795.T,2023-02-15,2023-03-13,1947.5,1646.1,1686.5,-15.48,stop_base,26
8795.T,2023-05-11,2023-09-14,1598.5,2331.9,1598.5,45.88,time,126
8795.T,2023-09-15,2023-11-08,2342.0,2281.4,2342.0,-2.59,stop_breakeven,54
8795.T,2024-03-22,2024-07-26,2556.4,2566.2,2556.4,0.38,time,126
8798.T,2020-09-01,2020-09-30,966.8,957.6,966.8,-0.96,stop_breakeven,29
8798.T,2023-01-24,2023-03-24,1103.7,975.1,981.8,-11.65,stop_base,59
8798.T,2023-05-16,2023-08-14,1104.0,1086.5,1104.0,-1.58,stop_breakeven,90
8801.T,2020-01-27,2020-02-25,828.9,818.2,828.9,-1.29,stop_breakeven,29
8801.T,2021-06-02,2021-10-06,808.9,772.0,690.9,-4.56,time,126
8801.T,2022-09-15,2022-09-26,901.1,854.7,854.9,-5.15,stop_base,11
8801.T,2023-08-28,2024-01-04,979.7,1087.7,979.7,11.02,time,129
8801.T,2024-01-10,2024-01-26,1152.5,1151.9,1152.5,-0.05,stop_breakeven,16
8801.T,2024-02-05,2024-06-10,1235.7,1452.1,1235.7,17.51,time,126
8801.T,2024-07-12,2024-08-02,1473.1,1314.0,1350.0,-10.8,stop_base,21
8802.T,2020-01-27,2020-02-27,2019.8,1742.2,1796.7,-13.75,stop_base,31
8802.T,2022-09-16,2022-10-25,1842.5,1738.9,1740.3,-5.62,stop_base,39
8802.T,2022-11-11,2022-12-05,1863.3,1710.1,1723.3,-8.22,stop_base,24
8802.T,2024-02-28,2024-07-03,2238.2,2484.8,2238.2,11.01,time,126
8802.T,2024-07-17,2024-08-01,2621.7,2275.5,2359.0,-13.2,stop_base,15
8803.T,2020-01-06,2020-02-28,1249.9,1223.4,1249.9,-2.12,stop_breakeven,53
8803.T,2020-06-23,2020-07-28,1313.5,1158.3,1164.5,-11.82,stop_base,35
8803.T,2020-11-27,2021-03-05,1417.2,1394.3,1417.2,-1.62,stop_breakeven,98
8803.T,2021-05-14,2021-07-07,1698.7,1637.6,1698.7,-3.6,stop_breakeven,54
8803.T,2021-09-08,2021-10-01,1825.2,1595.2,1618.6,-12.6,stop_base,23
8803.T,2024-12-30,2025-05-07,2045.8,2248.1,2045.8,9.89,time,128
8804.T,2020-01-06,2020-02-28,1395.2,1192.1,1202.3,-14.56,stop_base,53
8804.T,2021-07-27,2021-09-21,1454.3,1443.3,1454.3,-0.76,stop_breakeven,56
8804.T,2022-08-12,2022-09-26,1799.5,1796.9,1799.5,-0.15,stop_breakeven,45
8804.T,2024-01-05,2024-03-11,1988.7,1934.8,1988.7,-2.71,stop_breakeven,66
8804.T,2024-03-19,2024-07-23,2212.0,2523.1,2212.0,14.06,time,126
8818.T,2020-01-22,2020-02-28,1296.1,1126.2,1166.3,-13.11,stop_base,37
8818.T,2020-10-26,2020-12-17,1664.1,1653.7,1664.1,-0.63,stop_breakeven,52
8818.T,2024-06-10,2024-08-01,1564.2,1493.7,1564.2,-4.51,stop_breakeven,52
8818.T,2024-10-04,2024-10-31,1622.2,1444.8,1472.7,-10.93,stop_base,27
8830.T,2021-06-09,2021-08-17,1932.8,1620.2,1635.2,-16.17,stop_base,69
8830.T,2021-10-15,2021-11-29,1968.5,1670.7,1694.6,-15.13,stop_base,45
8830.T,2023-09-04,2024-01-09,1903.6,2098.2,1903.6,10.22,time,127
8830.T,2024-01-10,2024-03-11,2144.8,2131.2,2144.8,-0.63,stop_breakeven,61
8830.T,2024-03-18,2024-05-28,2349.6,2346.3,2349.6,-0.14,stop_breakeven,71
8830.T,2024-07-05,2024-08-01,2456.1,2218.4,2248.7,-9.68,stop_base,27
8848.T,2022-08-09,2022-10-20,290.8,263.0,290.8,-9.57,stop_breakeven,72
8848.T,2023-03-07,2023-05-12,332.1,331.1,332.1,-0.29,stop_breakeven,66
8848.T,2023-11-07,2024-03-12,331.1,456.9,331.1,37.97,time,126
8848.T,2024-04-30,2024-05-28,508.0,505.1,508.0,-0.57,stop_breakeven,28
8848.T,2024-07-30,2024-08-02,527.4,465.3,477.9,-11.76,stop_base,3
8848.T,2024-12-03,2025-04-08,575.6,535.2,485.7,-7.02,time,126
8850.T,2021-03-11,2021-06-21,2593.6,2235.5,2277.9,-13.81,stop_base,102
8850.T,2021-09-06,2021-09-28,2544.2,2336.4,2362.9,-8.17,stop_base,22
8850.T,2022-11-08,2022-11-30,2485.1,2458.3,2485.1,-1.08,stop_breakeven,22
8850.T,2023-08-23,2023-12-08,2742.1,2531.4,2545.0,-7.68,stop_base,107
8850.T,2024-05-09,2024-08-05,3380.4,2674.1,2881.2,-20.89,stop_base,88
8850.T,2024-09-20,2025-01-24,3300.1,3539.2,3300.1,7.24,time,126
8860.T,2021-03-19,2021-05-12,624.6,507.4,517.1,-18.76,stop_base,54
8860.T,2021-11-04,2021-11-19,619.4,558.7,564.5,-9.8,stop_base,15
8860.T,2023-05-01,2023-09-04,643.2,667.9,566.7,3.85,time,126
8860.T,2023-09-06,2024-01-10,668.8,650.7,599.8,-2.7,time,126
8860.T,2024-06-28,2024-08-02,749.3,662.8,672.9,-11.55,stop_base,35
8860.T,2024-12-30,2025-01-10,749.8,699.1,702.9,-6.76,stop_base,11
8876.T,2022-11-17,2022-12-21,2116.7,1862.3,1866.9,-12.02,stop_base,34
8876.T,2024-09-26,2024-11-08,1833.7,1672.9,1674.8,-8.77,stop_base,43
8876.T,2024-12-04,2025-03-11,1791.2,1758.3,1791.2,-1.84,stop_breakeven,97
8877.T,2021-11-01,2021-11-26,1421.1,1350.3,1356.1,-4.98,stop_base,25
8877.T,2023-01-26,2023-06-01,1765.7,2169.8,1765.7,22.89,time,126
8877.T,2023-06-02,2023-10-06,2199.8,2687.6,2199.8,22.17,time,126
8877.T,2023-11-29,2024-04-03,2827.8,3162.8,2827.8,11.85,time,126
8877.T,2024-05-10,2024-08-05,3467.1,3324.2,3467.1,-4.12,stop_breakeven,87
8877.T,2024-09-26,2024-10-18,4499.9,4495.2,4499.9,-0.1,stop_breakeven,22
8877.T,2024-12-26,2025-03-13,4232.4,4016.6,4026.0,-5.1,stop_base,77
8881.T,2020-01-20,2020-02-27,413.2,358.8,364.7,-13.17,stop_base,38
8881.T,2021-07-13,2021-11-16,378.1,396.3,378.1,4.83,time,126
8881.T,2021-12-29,2022-03-08,403.5,364.6,365.4,-9.65,stop_base,69
8881.T,2023-06-12,2023-10-04,451.8,447.5,451.8,-0.97,stop_breakeven,114
8892.T,2023-03-06,2023-05-22,756.8,666.0,672.1,-12.01,stop_base,77
8892.T,2023-09-15,2024-01-19,829.4,842.5,684.3,1.58,time,126
8892.T,2024-05-09,2024-08-02,1005.9,875.9,895.2,-12.92,stop_base,85
8897.T,2020-02-14,2020-02-25,362.2,334.0,337.5,-7.8,stop_base,11
8897.T,2022-07-25,2022-11-28,297.0,318.1,297.0,7.08,time,126
8897.T,2023-01-27,2023-02-07,313.2,292.0,296.9,-6.75,stop_base,11
8897.T,2023-05-01,2023-09-04,330.2,415.5,330.2,25.84,time,126
8897.T,2023-09-05,2023-10-04,418.9,380.9,381.4,-9.07,stop_base,29
8897.T,2023-11-28,2024-04-02,412.0,447.5,412.0,8.62,time,126
8897.T,2024-05-14,2024-05-29,501.2,423.4,424.3,-15.54,stop_base,15
8897.T,2024-07-02,2024-08-05,482.4,380.4,420.7,-21.15,stop_base,34
8919.T,2020-10-02,2020-10-23,2689.5,2686.8,2689.5,-0.1,stop_breakeven,21
8919.T,2020-11-09,2021-03-15,3057.1,2646.5,2517.5,-13.43,time,126
8919.T,2021-04-05,2021-05-12,2863.2,2795.6,2863.2,-2.36,stop_breakeven,37
8919.T,2021-07-07,2021-11-10,2998.2,3751.1,2998.2,25.11,time,126
8919.T,2021-11-12,2021-11-29,3900.2,3823.4,3900.2,-1.97,stop_breakeven,17
8923.T,2022-07-26,2022-11-29,565.3,653.8,565.3,15.64,time,126
8923.T,2022-12-15,2022-12-21,657.9,604.8,609.3,-8.07,stop_base,6
8923.T,2023-01-24,2023-05-30,669.7,753.6,669.7,12.53,time,126
8923.T,2023-06-01,2023-10-05,765.4,861.6,765.4,12.57,time,126
8923.T,2023-12-21,2024-04-25,880.4,1136.5,880.4,29.08,time,126
8923.T,2024-06-26,2024-07-25,1154.3,1152.0,1154.3,-0.2,stop_breakeven,29
8923.T,2024-12-03,2025-04-04,1261.3,1067.1,1087.2,-15.4,stop_base,122
8934.T,2021-07-06,2021-10-06,917.3,910.6,917.3,-0.73,stop_breakeven,92
8934.T,2022-08-12,2022-09-07,1007.4,990.1,1007.4,-1.73,stop_breakeven,26
8934.T,2022-11-09,2022-11-14,1039.1,973.5,977.0,-6.32,stop_base,5
8934.T,2022-11-25,2022-12-21,1046.2,958.4,971.7,-8.4,stop_base,26
8934.T,2023-03-09,2023-07-13,1160.7,1290.1,1160.7,11.15,time,126
8934.T,2023-07-24,2023-08-14,1329.1,1310.9,1329.1,-1.36,stop_breakeven,21
8934.T,2023-09-15,2024-01-19,1388.8,1641.4,1388.8,18.19,time,126
8934.T,2024-01-22,2024-05-27,1669.9,1849.0,1669.9,10.73,time,126
8934.T,2024-07-03,2024-08-02,1945.6,1696.2,1779.6,-12.82,stop_base,30
8935.T,2020-01-07,2020-02-05,877.5,876.0,877.5,-0.17,stop_breakeven,29
8935.T,2021-03-19,2021-04-27,1021.0,820.1,828.0,-19.67,stop_base,39
8935.T,2023-11-07,2024-03-12,1021.0,1223.1,1021.0,19.79,time,126
8935.T,2024-03-15,2024-07-19,1241.1,1227.8,1047.2,-1.07,time,126
8999.T,2020-01-14,2020-02-17,341.6,317.0,320.4,-7.21,stop_base,34
8999.T,2021-03-22,2021-07-26,374.4,335.3,310.7,-10.45,time,126
8999.T,2021-09-10,2022-01-14,380.1,374.0,329.9,-1.6,time,126
8999.T,2022-06-09,2022-10-03,434.2,432.6,434.2,-0.37,stop_breakeven,116
8999.T,2022-12-13,2022-12-20,447.0,433.4,435.0,-3.05,stop_base,7
8999.T,2023-01-24,2023-03-22,459.1,458.2,459.1,-0.17,stop_breakeven,57
8999.T,2023-09-15,2024-01-19,543.7,543.7,485.0,0.0,time,126
9001.T,2022-08-01,2022-11-09,3008.6,2975.5,3008.6,-1.1,stop_breakeven,100
9001.T,2023-08-10,2023-10-16,3760.4,3325.4,3347.7,-11.57,stop_base,67
9001.T,2024-01-17,2024-04-03,3864.6,3434.8,3457.8,-11.12,stop_base,77
9003.T,2022-08-01,2022-10-27,2245.8,2058.2,2090.9,-8.35,stop_base,87
9003.T,2023-07-28,2023-10-04,2548.2,2547.0,2548.2,-0.04,stop_breakeven,68
9005.T,2021-11-11,2021-11-29,1626.9,1458.9,1492.1,-10.33,stop_base,18
9005.T,2023-04-17,2023-05-31,1753.7,1733.5,1753.7,-1.15,stop_breakeven,44
9006.T,2022-08-01,2022-09-05,1414.2,1282.4,1289.9,-9.32,stop_base,35
9006.T,2022-09-16,2022-10-27,1399.2,1398.5,1399.2,-0.05,stop_breakeven,41
9007.T,2020-11-11,2020-12-21,2791.0,2786.4,2791.0,-0.16,stop_breakeven,40
9007.T,2021-02-12,2021-03-24,3088.4,2749.8,2768.1,-10.96,stop_base,40
9007.T,2023-08-15,2023-10-03,2038.9,2021.0,2038.9,-0.88,stop_breakeven,49
9007.T,2024-01-09,2024-02-14,2100.8,1931.0,1945.5,-8.08,stop_base,36
9008.T,2021-01-14,2021-02-26,1520.0,1461.2,1520.0,-3.87,stop_breakeven,43
9009.T,2022-08-12,2022-12-16,1247.7,1236.0,1098.7,-0.94,time,126
9009.T,2023-03-30,2023-08-03,1310.3,1811.0,1310.3,38.21,time,126
9009.T,2023-09-15,2023-09-27,1879.2,1701.5,1740.1,-9.46,stop_base,12
9009.T,2023-11-01,2024-03-06,1920.3,2240.1,1920.3,16.66,time,126
9010.T,2020-11-05,2020-12-14,4497.5,4439.7,4497.5,-1.28,stop_breakeven,39
9010.T,2021-01-28,2021-05-12,4844.2,4786.3,4844.2,-1.2,stop_breakeven,104
9010.T,2021-06-08,2021-08-05,5340.6,4492.3,4540.5,-15.88,stop_base,58
9010.T,2022-11-04,2023-02-13,4721.0,4010.7,4044.5,-15.05,stop_base,101
9010.T,2023-07-03,2023-09-22,5449.7,4785.4,4887.2,-12.19,stop_base,81
9020.T,2022-10-19,2023-02-02,2567.3,2166.2,2176.8,-15.62,stop_base,106
9020.T,2023-05-15,2023-09-19,2554.5,2782.1,2554.5,8.91,time,127
9021.T,2022-09-15,2022-11-09,2590.1,2577.4,2590.1,-0.49,stop_breakeven,55
9021.T,2022-12-16,2023-01-11,2664.2,2474.1,2486.9,-7.14,stop_base,26
9021.T,2023-05-12,2023-09-15,2827.0,3045.6,2827.0,7.73,time,126
9022.T,2023-08-31,2023-10-03,3645.9,3353.0,3377.7,-8.03,stop_base,33
9024.T,2022-08-17,2022-10-05,1339.2,1336.1,1339.2,-0.23,stop_breakeven,49
9024.T,2022-12-07,2023-02-21,1324.7,1317.1,1324.7,-0.58,stop_breakeven,76
9024.T,2023-05-17,2023-09-20,1536.6,1471.3,1314.2,-4.25,time,126
9024.T,2024-01-05,2024-05-10,1942.8,2009.8,1942.8,3.45,time,126
9024.T,2024-07-18,2024-08-05,2364.2,2193.1,2364.2,-7.24,stop_breakeven,18
9024.T,2024-11-08,2024-12-02,3421.6,2996.1,3059.2,-12.44,stop_base,24
9025.T,2021-08-12,2021-09-22,1150.2,1147.6,1150.2,-0.22,stop_breakeven,41
9025.T,2022-08-25,2022-12-29,1167.3,1399.3,1167.3,19.88,time,126
9025.T,2023-05-15,2023-09-19,1519.8,1817.8,1519.8,19.61,time,127
9025.T,2023-11-01,2023-11-13,1845.3,1707.3,1709.1,-7.48,stop_base,12
9025.T,2024-01-29,2024-02-13,1800.5,1632.3,1668.0,-9.34,stop_base,15
9025.T,2024-04-30,2024-08-02,2128.3,2015.6,2128.3,-5.3,stop_breakeven,94
9025.T,2024-09-26,2025-01-30,2374.1,2974.8,2374.1,25.3,time,126
9031.T,2020-05-28,2020-10-02,2677.4,2752.8,2677.4,2.82,time,127
9031.T,2020-11-24,2021-03-30,2965.9,2811.1,2496.4,-5.22,time,126
9037.T,2022-11-11,2023-01-04,762.5,701.2,703.4,-8.05,stop_base,54
9037.T,2023-04-25,2023-08-29,788.3,973.0,788.3,23.43,time,126
9037.T,2023-09-04,2023-10-23,974.2,875.0,878.4,-10.18,stop_base,49
9037.T,2023-11-24,2024-02-08,933.5,927.6,933.5,-0.63,stop_breakeven,76
9037.T,2024-07-01,2024-08-02,1061.1,1039.7,1061.1,-2.02,stop_breakeven,32
9037.T,2024-08-26,2024-12-30,1139.6,1300.3,1139.6,14.1,time,126
9039.T,2022-08-15,2022-12-19,2463.8,2025.8,1992.9,-17.78,time,126
9039.T,2023-12-06,2024-02-07,2459.4,2421.8,2459.4,-1.53,stop_breakeven,63
9041.T,2022-07-25,2022-11-28,4034.4,4535.8,4034.4,12.43,time,126
9042.T,2022-08-05,2022-12-09,3818.4,3926.2,3818.4,2.82,time,126
9042.T,2023-08-10,2023-10-03,4733.7,4700.8,4733.7,-0.69,stop_breakeven,54
9044.T,2022-08-01,2022-12-05,2630.4,2752.9,2630.4,4.65,time,126
9044.T,2023-04-25,2023-07-05,2971.6,2959.2,2971.6,-0.42,stop_breakeven,71
9045.T,2022-08-01,2022-11-16,3235.8,3231.1,3235.8,-0.15,stop_breakeven,107
9045.T,2023-05-09,2023-09-12,3625.1,3888.4,3625.1,7.26,time,126
9048.T,2022-07-29,2022-11-14,1998.5,1983.5,1998.5,-0.75,stop_breakeven,108
9064.T,2020-07-03,2020-11-06,2254.3,2312.7,2254.3,2.59,time,126
9064.T,2021-03-15,2021-04-21,2647.9,2624.4,2647.9,-0.89,stop_breakeven,37
9064.T,2021-06-22,2021-08-13,2797.1,2666.7,2797.1,-4.66,stop_breakeven,52
9064.T,2023-06-06,2023-09-07,2445.1,2441.3,2445.1,-0.15,stop_breakeven,93
9064.T,2023-11-01,2024-01-18,2409.2,2400.7,2409.2,-0.35,stop_breakeven,78
9065.T,2021-07-27,2021-11-05,4291.0,4271.2,4291.0,-0.46,stop_breakeven,101
9065.T,2022-11-22,2023-03-28,4393.1,4313.2,3744.6,-1.82,time,126
9065.T,2023-05-10,2023-09-13,4596.8,4710.6,4167.8,2.48,time,126
9065.T,2023-09-15,2023-10-31,4790.0,4144.7,4407.1,-13.47,stop_base,46
9068.T,2020-12-25,2021-02-19,3098.5,2678.6,2725.7,-13.55,stop_base,56
9068.T,2023-05-16,2023-09-19,3492.5,3740.3,3492.5,7.1,time,126
9068.T,2023-11-14,2024-03-19,3621.1,4422.7,3621.1,22.14,time,126
9068.T,2024-03-27,2024-05-15,4455.3,4441.1,4455.3,-0.32,stop_breakeven,49
9068.T,2024-05-31,2024-08-01,4909.3,4871.5,4909.3,-0.77,stop_breakeven,62
9068.T,2024-09-24,2025-01-28,5013.4,5606.0,5013.4,11.82,time,126
9069.T,2020-11-12,2021-02-26,843.6,841.9,843.6,-0.2,stop_breakeven,106
9069.T,2021-03-10,2021-07-14,944.3,922.6,809.2,-2.3,time,126
9069.T,2021-07-26,2021-08-17,943.0,870.8,874.2,-7.66,stop_base,22
9069.T,2022-11-25,2022-12-20,916.3,864.4,869.8,-5.66,stop_base,25
9069.T,2024-09-26,2025-01-30,1182.0,1494.1,1182.0,26.4,time,126
9072.T,2022-11-18,2023-03-20,1101.4,1079.6,1101.4,-1.98,stop_breakeven,122
9072.T,2023-04-25,2023-08-29,1194.3,1531.9,1194.3,28.26,time,126
9072.T,2023-08-31,2024-01-04,1540.7,1476.6,1332.1,-4.16,time,126
9072.T,2024-01-31,2024-03-11,1496.9,1387.2,1393.1,-7.33,stop_base,40
9072.T,2024-08-27,2025-01-06,1823.8,1966.3,1823.8,7.81,time,132
9075.T,2023-06-20,2023-08-08,3615.9,3597.0,3615.9,-0.52,stop_breakeven,49
9075.T,2023-09-25,2023-11-09,3668.0,3428.4,3668.0,-6.53,stop_breakeven,45
9075.T,2023-12-22,2024-03-04,3786.5,3781.8,3786.5,-0.13,stop_breakeven,73
9076.T,2020-11-18,2020-12-08,1301.0,1086.5,1095.4,-16.49,stop_base,20
9076.T,2021-03-09,2021-07-13,1310.8,1165.6,1098.7,-11.07,time,126
9076.T,2023-01-30,2023-06-05,1051.2,1406.6,1051.2,33.81,time,126
9076.T,2023-06-12,2023-10-16,1441.2,1907.9,1441.2,32.38,time,126
9076.T,2023-10-31,2023-11-13,1956.6,1815.4,1816.3,-7.22,stop_base,13
9076.T,2023-12-22,2024-02-29,1894.0,1892.7,1894.0,-0.07,stop_breakeven,69
9076.T,2024-04-15,2024-05-21,1984.9,1869.7,1871.2,-5.8,stop_base,36
9076.T,2024-10-04,2025-02-07,2271.1,2218.8,2065.2,-2.3,time,126
9081.T,2024-11-15,2025-03-21,3477.9,3786.2,3477.9,8.86,time,126
9090.T,2020-07-09,2020-11-12,1492.5,1980.8,1492.5,32.72,time,126
9090.T,2022-11-02,2023-03-08,1441.3,1703.7,1441.3,18.21,time,126
9090.T,2023-03-09,2023-04-10,1757.2,1751.0,1757.2,-0.35,stop_breakeven,32
9090.T,2023-05-01,2023-06-14,1866.8,1857.5,1866.8,-0.5,stop_breakeven,44
9090.T,2023-08-03,2023-09-13,1969.6,1957.6,1969.6,-0.61,stop_breakeven,41
9101.T,2020-11-25,2020-12-22,467.3,461.7,467.3,-1.18,stop_breakeven,27
9101.T,2021-01-06,2021-01-26,516.9,506.0,516.9,-2.1,stop_breakeven,20
9101.T,2021-04-27,2021-08-31,881.6,1873.0,881.6,112.46,time,126
9101.T,2022-07-22,2022-08-16,2518.4,2508.6,2518.4,-0.39,stop_breakeven,25
9101.T,2023-02-13,2023-03-20,2702.4,2643.7,2702.4,-2.17,stop_breakeven,35
9101.T,2023-04-17,2023-05-17,3033.2,2606.7,2643.7,-14.06,stop_base,30
9101.T,2023-07-03,2023-11-06,2840.5,3181.2,2840.5,12.0,time,126
9101.T,2023-11-27,2024-04-01,3548.5,3651.2,3548.5,2.89,time,126
9101.T,2024-05-08,2024-07-22,4041.8,4024.7,4041.8,-0.42,stop_breakeven,75
9101.T,2024-09-26,2024-10-04,4826.8,4594.7,4826.8,-4.81,stop_breakeven,8
9101.T,2024-12-25,2025-01-16,4786.1,4430.1,4434.7,-7.44,stop_base,22
9104.T,2021-02-22,2021-06-28,725.3,1180.9,725.3,62.83,time,126
9104.T,2022-07-22,2022-09-06,2518.2,2507.4,2518.2,-0.43,stop_breakeven,46
9104.T,2022-10-25,2023-01-04,2474.6,2454.7,2474.6,-0.8,stop_breakeven,71
9104.T,2023-02-16,2023-03-20,2729.2,2705.4,2729.2,-0.87,stop_breakeven,32
9104.T,2023-03-30,2023-05-16,2971.3,2662.2,2685.5,-10.4,stop_base,47
9104.T,2023-06-26,2023-10-30,2924.1,3629.6,2924.1,24.13,time,126
9104.T,2023-11-27,2024-04-01,3661.3,4074.3,3661.3,11.28,time,126
9104.T,2024-04-30,2024-06-11,4497.9,4441.2,4497.9,-1.26,stop_breakeven,42
9104.T,2024-07-04,2024-07-19,4777.4,4227.5,4252.8,-11.51,stop_base,15
9104.T,2024-10-03,2024-11-29,4810.3,4791.6,4810.3,-0.39,stop_breakeven,57
9107.T,2021-03-04,2021-07-08,164.8,289.3,164.8,75.53,time,126
9107.T,2023-05-09,2023-06-29,1010.7,1004.3,1010.7,-0.63,stop_breakeven,51
9107.T,2023-07-05,2023-11-08,1132.4,1338.2,1132.4,18.17,time,126
9107.T,2023-12-04,2024-04-08,1618.5,1816.7,1618.5,12.25,time,126
9107.T,2024-04-30,2024-08-02,2010.8,1959.9,2010.8,-2.53,stop_breakeven,94
9110.T,2021-04-23,2021-08-27,1544.3,2548.0,1544.3,65.0,time,126
9110.T,2024-01-25,2024-04-02,4592.1,4025.8,4035.6,-12.33,stop_base,68
9110.T,2024-05-14,2024-06-12,4382.3,4377.8,4382.3,-0.1,stop_breakeven,29
9110.T,2024-07-02,2024-07-25,4675.7,4296.6,4314.6,-8.11,stop_base,23
9119.T,2020-11-09,2021-03-15,305.4,406.4,305.4,33.08,time,126
9119.T,2022-08-01,2022-09-07,618.4,615.1,618.4,-0.54,stop_breakeven,37
9119.T,2022-10-25,2023-02-28,659.9,933.8,659.9,41.51,time,126
9119.T,2023-09-19,2023-11-08,1013.6,1009.1,1013.6,-0.44,stop_breakeven,50
9119.T,2024-01-12,2024-05-17,1171.0,1154.5,1026.1,-1.41,time,126
9119.T,2024-05-27,2024-08-02,1234.2,1074.8,1102.3,-12.92,stop_base,67
9142.T,2022-08-12,2022-11-11,2545.3,2540.8,2545.3,-0.18,stop_breakeven,91
9142.T,2023-04-18,2023-05-25,2776.4,2762.5,2776.4,-0.5,stop_breakeven,37
9142.T,2024-07-22,2024-11-07,3714.2,3668.2,3714.2,-1.24,stop_breakeven,108
9142.T,2024-12-03,2024-12-25,3850.1,3653.8,3668.2,-5.1,stop_base,22
9143.T,2020-07-06,2020-11-09,1547.1,2378.6,1547.1,53.75,time,126
9143.T,2020-11-26,2021-02-26,2587.3,2119.7,2139.6,-18.07,stop_base,92
9201.T,2022-09-12,2022-11-16,2347.5,2340.3,2347.5,-0.31,stop_breakeven,65
9201.T,2023-01-30,2023-02-15,2494.7,2312.3,2316.8,-7.31,stop_base,16
9201.T,2023-06-13,2023-10-04,2528.5,2527.1,2528.5,-0.05,stop_breakeven,113
9202.T,2022-10-19,2023-02-22,2752.8,2599.1,2448.2,-5.58,time,126
9202.T,2023-05-15,2023-09-19,2876.4,3080.1,2876.4,7.08,time,127
9216.T,2023-06-14,2023-10-18,1919.4,1992.8,1919.4,3.83,time,126
9247.T,2024-10-16,2024-10-23,1715.6,1690.8,1715.6,-1.45,stop_breakeven,7
9267.T,2020-07-17,2020-07-31,1791.4,1781.7,1791.4,-0.54,stop_breakeven,14
9267.T,2020-09-23,2021-01-27,1808.4,1940.6,1808.4,7.31,time,126
9267.T,2021-10-26,2021-12-13,2673.0,2360.2,2423.7,-11.7,stop_base,48
9267.T,2023-05-01,2023-06-13,2031.2,2009.0,2031.2,-1.09,stop_breakeven,43
9267.T,2023-06-21,2023-10-25,2225.5,2584.5,2225.5,16.13,time,126
9267.T,2023-10-31,2023-11-14,2841.9,2505.3,2520.1,-11.85,stop_base,14
9267.T,2024-01-18,2024-05-01,2858.8,2794.3,2858.8,-2.26,stop_breakeven,104
9273.T,2021-03-23,2021-05-17,648.2,626.9,648.2,-3.28,stop_breakeven,55
9273.T,2023-10-25,2023-12-04,701.6,670.9,701.6,-4.37,stop_breakeven,40
9274.T,2021-11-15,2021-11-25,384.7,287.9,292.0,-25.16,stop_base,10
9274.T,2022-08-05,2022-12-09,445.8,756.6,445.8,69.71,time,126
9274.T,2023-01-30,2023-03-06,774.0,636.7,640.2,-17.73,stop_base,35
9274.T,2024-05-24,2024-08-02,769.5,611.8,646.4,-20.5,stop_base,70
9278.T,2022-11-07,2023-03-13,1279.3,1201.5,979.6,-6.08,time,126
9278.T,2023-04-13,2023-05-30,1240.4,1217.9,1240.4,-1.81,stop_breakeven,47
9278.T,2023-07-10,2023-07-11,1275.9,1154.1,1171.5,-9.55,stop_base,1
9279.T,2021-03-01,2021-05-13,1017.2,1014.8,1017.2,-0.24,stop_breakeven,73
9279.T,2021-06-15,2021-08-20,1257.0,978.7,1014.8,-22.14,stop_base,66
9279.T,2021-09-09,2022-01-11,1190.1,1186.5,1190.1,-0.3,stop_breakeven,124
9279.T,2023-03-08,2023-03-16,2172.7,1901.5,1935.7,-12.49,stop_base,8
9279.T,2023-04-03,2023-07-07,2338.9,2327.0,2338.9,-0.51,stop_breakeven,95
9279.T,2023-08-25,2023-09-19,2446.2,2347.1,2446.2,-4.05,stop_breakeven,25
9279.T,2024-03-14,2024-04-19,3028.8,2979.5,3028.8,-1.63,stop_breakeven,36
9301.T,2020-11-09,2021-03-15,534.5,617.3,534.5,15.48,time,126
9301.T,2021-03-17,2021-07-21,619.0,562.7,523.3,-9.1,time,126
9301.T,2022-08-05,2022-12-09,656.2,581.2,569.8,-11.44,time,126
9301.T,2023-11-01,2023-12-21,791.7,789.3,791.7,-0.3,stop_breakeven,50
9301.T,2024-01-12,2024-05-17,851.5,958.2,851.5,12.52,time,126
9301.T,2024-06-06,2024-08-01,1019.7,929.9,953.5,-8.81,stop_base,56
9301.T,2024-11-25,2025-02-03,1030.8,997.3,1030.8,-3.25,stop_breakeven,70
9302.T,2020-11-27,2021-02-05,632.6,622.6,632.6,-1.59,stop_breakeven,70
9302.T,2021-04-07,2021-08-11,638.9,759.3,638.9,18.85,time,126
9302.T,2021-09-08,2021-10-01,795.4,693.6,714.8,-12.81,stop_base,23
9302.T,2022-07-20,2022-11-24,907.4,1123.0,907.4,23.75,time,127
9302.T,2023-01-25,2023-05-15,1119.9,1113.3,1119.9,-0.59,stop_breakeven,110
9302.T,2023-09-07,2023-10-04,1326.0,1279.1,1326.0,-3.53,stop_breakeven,27
9302.T,2023-11-10,2024-02-21,1455.2,1448.9,1455.2,-0.44,stop_breakeven,103
9302.T,2024-08-16,2024-12-20,1674.7,2393.3,1674.7,42.91,time,126
9303.T,2021-07-27,2021-11-30,1336.8,1521.0,1336.8,13.78,time,126
9303.T,2022-01-05,2022-05-11,1656.7,1725.0,1656.7,4.13,time,126
9303.T,2023-07-25,2023-08-04,2193.4,2098.0,2104.3,-4.35,stop_base,10
9303.T,2023-08-23,2023-12-27,2229.4,2248.2,2098.0,0.84,time,126
9303.T,2024-01-09,2024-02-07,2339.2,2312.5,2339.2,-1.14,stop_breakeven,29
9304.T,2020-12-16,2021-04-21,497.7,438.2,413.5,-11.95,time,126
9304.T,2023-06-13,2023-10-17,581.7,655.2,581.7,12.63,time,126
9304.T,2024-03-29,2024-07-08,712.7,708.1,712.7,-0.64,stop_breakeven,101
9305.T,2021-06-17,2021-10-21,657.4,704.6,657.4,7.17,time,126
9305.T,2021-12-16,2022-04-07,720.3,720.2,720.3,-0.01,stop_breakeven,112
9305.T,2023-08-30,2024-01-04,920.5,1141.0,920.5,23.95,time,127
9305.T,2024-01-05,2024-05-10,1183.8,1277.1,1183.8,7.88,time,126
9305.T,2024-05-21,2024-08-02,1305.4,1299.7,1305.4,-0.43,stop_breakeven,73
9305.T,2024-11-05,2025-03-11,1595.9,1796.6,1595.9,12.57,time,126
9310.T,2023-04-13,2023-05-17,579.3,573.9,579.3,-0.94,stop_breakeven,34
9310.T,2023-07-19,2023-10-04,583.0,576.3,583.0,-1.14,stop_breakeven,77
9310.T,2024-05-13,2024-08-02,835.4,790.0,835.4,-5.44,stop_breakeven,81
9310.T,2024-10-01,2024-10-25,865.0,852.7,865.0,-1.42,stop_breakeven,24
9310.T,2024-11-07,2025-01-09,920.7,918.8,920.7,-0.21,stop_breakeven,63
9319.T,2023-08-31,2023-10-03,1050.3,988.3,995.5,-5.9,stop_base,33
9319.T,2023-11-28,2024-02-14,1057.0,1056.1,1057.0,-0.09,stop_breakeven,78
9319.T,2024-06-25,2024-08-05,1225.8,1053.2,1092.3,-14.09,stop_base,41
9319.T,2024-10-03,2025-01-09,1398.1,1386.5,1398.1,-0.83,stop_breakeven,98
9324.T,2020-01-21,2020-02-25,918.6,820.7,832.6,-10.66,stop_base,35
9324.T,2023-09-27,2023-12-21,1038.7,1038.2,1038.7,-0.05,stop_breakeven,85
9324.T,2023-12-27,2024-02-15,1105.0,1097.4,1105.0,-0.68,stop_breakeven,50
9324.T,2024-04-23,2024-08-05,1309.1,1257.7,1309.1,-3.92,stop_breakeven,104
9324.T,2024-10-03,2025-02-06,1631.3,1887.6,1631.3,15.72,time,126
9332.T,2021-03-31,2021-04-20,748.3,669.9,678.6,-10.48,stop_base,20
9332.T,2023-04-20,2023-08-24,697.3,734.7,697.3,5.37,time,126
9336.T,2024-01-26,2024-04-01,2470.6,2354.3,2470.6,-4.71,stop_breakeven,66
9336.T,2024-08-19,2024-12-20,2812.7,2783.5,2812.7,-1.04,stop_breakeven,123
9347.T,2020-11-06,2021-03-12,1893.8,1936.8,1757.8,2.27,time,126
9347.T,2021-06-23,2021-10-27,2166.3,2493.1,2166.3,15.09,time,126
9347.T,2021-11-01,2022-03-07,2592.8,2539.8,2331.4,-2.04,time,126
9364.T,2022-07-20,2022-11-14,2377.0,2361.1,2377.0,-0.67,stop_breakeven,117
9364.T,2023-04-14,2023-08-18,2536.7,2868.1,2536.7,13.06,time,126
9364.T,2023-09-04,2023-09-11,3044.6,2836.6,2868.1,-6.83,stop_base,7
9364.T,2024-01-05,2024-05-10,3173.5,3108.3,2891.2,-2.05,time,126
9381.T,2021-09-16,2022-01-20,1010.8,1179.6,1010.8,16.69,time,126
9381.T,2022-10-19,2022-11-14,1339.5,1197.7,1209.5,-10.59,stop_base,26
9381.T,2023-06-15,2023-09-08,1599.3,1597.4,1599.3,-0.12,stop_breakeven,85
9401.T,2021-02-05,2021-06-11,2082.9,1654.4,1606.1,-20.58,time,126
9401.T,2023-04-28,2023-09-01,1959.0,2553.3,1959.0,30.33,time,126
9401.T,2023-11-02,2024-03-07,2525.0,3855.2,2525.0,52.68,time,126
9401.T,2024-03-29,2024-04-19,4250.1,4163.7,4250.1,-2.03,stop_breakeven,21
9401.T,2024-07-17,2024-08-05,4333.7,3111.3,3702.1,-28.21,stop_base,19
9404.T,2023-08-10,2023-12-14,1322.6,1466.9,1322.6,10.91,time,126
9404.T,2024-01-09,2024-05-14,1551.6,2071.0,1551.6,33.48,time,126
9404.T,2024-06-18,2024-07-26,2241.1,2238.2,2241.1,-0.13,stop_breakeven,38
9404.T,2024-10-21,2025-02-25,2339.1,2786.0,2339.1,19.1,time,127
9409.T,2023-07-20,2023-11-24,1674.9,1549.1,1431.0,-7.51,time,127
9409.T,2023-12-01,2024-04-05,1604.5,2013.1,1604.5,25.47,time,126
9409.T,2024-04-09,2024-08-05,2071.4,1590.6,1778.1,-23.21,stop_base,118
9409.T,2024-12-20,2025-04-07,2267.3,2194.5,2267.3,-3.21,stop_breakeven,108
9412.T,2020-02-26,2020-03-03,404.2,366.2,368.6,-9.4,stop_base,6
9412.T,2020-11-16,2021-01-06,412.3,411.4,412.3,-0.2,stop_breakeven,51
9412.T,2022-06-07,2022-10-11,435.9,470.9,435.9,8.03,time,126
9412.T,2023-08-04,2023-12-08,605.3,627.0,605.3,3.59,time,126
9412.T,2023-12-28,2024-05-02,659.1,858.7,659.1,30.29,time,126
9413.T,2020-06-04,2020-07-31,2189.4,1881.3,1916.5,-14.07,stop_base,57
9413.T,2023-03-27,2023-07-31,2243.4,3219.6,2243.4,43.51,time,126
9413.T,2024-06-17,2024-08-05,3219.1,2627.7,3219.1,-18.37,stop_breakeven,49
9416.T,2021-08-11,2021-12-14,1163.9,1163.0,1163.9,-0.08,stop_breakeven,125
9416.T,2023-02-16,2023-03-14,1459.8,1458.9,1459.8,-0.06,stop_breakeven,26
9416.T,2023-04-25,2023-05-25,1549.1,1532.2,1549.1,-1.09,stop_breakeven,30
9416.T,2023-06-06,2023-06-23,1723.8,1678.7,1723.8,-2.62,stop_breakeven,17
9418.T,2021-03-17,2021-04-21,703.7,681.8,703.7,-3.11,stop_breakeven,35
9418.T,2021-06-08,2021-10-12,715.6,1103.8,715.6,54.26,time,126
9418.T,2023-04-11,2023-08-15,895.1,1144.1,895.1,27.82,time,126
9418.T,2023-09-01,2023-10-03,1177.3,1033.4,1054.5,-12.22,stop_base,32
9418.T,2023-11-24,2024-03-29,1182.2,1742.6,1182.2,47.4,time,126
9418.T,2024-06-04,2024-08-02,1583.4,1547.3,1583.4,-2.28,stop_breakeven,59
9418.T,2024-12-03,2025-03-07,1673.8,1673.5,1673.8,-0.02,stop_breakeven,94
9424.T,2022-11-11,2023-03-17,254.0,231.0,207.0,-9.06,time,126
9424.T,2023-04-03,2023-06-23,255.0,253.0,255.0,-0.78,stop_breakeven,81
9424.T,2023-08-08,2023-08-16,251.0,225.0,231.0,-10.36,stop_base,8
9432.T,2020-01-20,2020-02-25,91.6,88.0,88.4,-3.97,stop_base,36
9432.T,2021-09-06,2022-01-11,109.7,114.6,95.4,4.46,time,127
9432.T,2022-09-08,2022-11-14,138.4,135.3,138.4,-2.24,stop_breakeven,67
9432.T,2023-09-27,2024-01-31,166.4,171.5,166.4,3.1,time,126
9433.T,2020-01-09,2020-02-28,1331.7,1236.0,1268.7,-7.19,stop_base,50
9433.T,2020-07-08,2020-08-31,1341.3,1266.8,1273.8,-5.55,stop_base,54
9433.T,2021-09-14,2021-12-02,1644.8,1422.1,1426.6,-13.54,stop_base,79
9433.T,2022-09-12,2022-11-15,1955.1,1814.5,1824.4,-7.19,stop_base,64
9434.T,2020-01-30,2020-02-28,106.9,101.0,101.9,-5.46,stop_base,29
9434.T,2021-11-01,2021-12-15,127.6,120.2,120.3,-5.79,stop_base,44
9434.T,2023-09-14,2024-01-18,153.9,175.5,153.9,13.97,time,126
9434.T,2024-01-19,2024-04-09,175.8,175.1,175.8,-0.38,stop_breakeven,81
9434.T,2024-06-10,2024-07-25,180.7,179.5,180.7,-0.69,stop_breakeven,45
9434.T,2024-09-03,2025-01-07,190.6,185.8,164.7,-2.48,time,126
9435.T,2022-11-11,2022-12-05,17184.5,16824.0,17184.5,-2.1,stop_breakeven,24
9435.T,2023-01-24,2023-03-16,17426.7,16923.7,17426.7,-2.89,stop_breakeven,51
9435.T,2023-05-09,2023-09-12,17578.0,22556.4,17578.0,28.32,time,126
9435.T,2023-11-15,2024-03-21,22022.9,26424.1,22022.9,19.98,time,127
9435.T,2024-03-22,2024-04-19,26548.5,23412.7,23543.9,-11.81,stop_base,28
9435.T,2024-06-03,2024-08-02,25802.6,24630.0,25802.6,-4.54,stop_breakeven,60
9435.T,2024-12-03,2025-01-15,32892.7,32706.5,32892.7,-0.57,stop_breakeven,43
9438.T,2021-02-05,2021-03-08,758.3,695.5,697.3,-8.28,stop_base,31
9438.T,2023-02-24,2023-04-14,484.5,481.1,484.5,-0.72,stop_breakeven,49
9438.T,2023-05-15,2023-07-04,550.1,542.6,550.1,-1.36,stop_breakeven,50
9438.T,2023-09-01,2023-10-04,546.3,539.5,546.3,-1.25,stop_breakeven,33
9438.T,2023-11-06,2024-01-17,578.2,577.3,578.2,-0.16,stop_breakeven,72
9438.T,2024-02-09,2024-04-19,664.2,660.0,664.2,-0.63,stop_breakeven,70
9438.T,2024-05-07,2024-05-10,727.9,722.1,727.9,-0.79,stop_breakeven,3
9438.T,2024-05-27,2024-06-06,800.5,794.7,800.5,-0.72,stop_breakeven,10
9438.T,2024-09-26,2024-10-18,1131.9,1122.3,1131.9,-0.85,stop_breakeven,22
9449.T,2020-06-25,2020-10-29,2825.2,2604.1,2306.7,-7.83,time,126
9449.T,2021-04-07,2021-04-20,3197.0,3044.6,3197.0,-4.77,stop_breakeven,13
9468.T,2020-08-14,2020-09-07,1182.3,1167.2,1182.3,-1.28,stop_breakeven,24
9468.T,2020-10-05,2021-02-08,1370.0,1834.5,1370.0,33.91,time,126
9468.T,2021-02-15,2021-05-07,1843.9,1826.2,1843.9,-0.96,stop_breakeven,81
9468.T,2021-11-05,2021-12-02,3204.2,2698.8,2732.2,-15.77,stop_base,27
9470.T,2024-06-25,2024-08-05,978.3,901.4,915.6,-7.86,stop_base,41
9501.T,2023-08-15,2023-10-04,600.9,579.0,600.9,-3.64,stop_breakeven,50
9501.T,2023-12-06,2024-04-10,692.0,1077.0,692.0,55.64,time,126
9502.T,2022-07-28,2022-10-12,1245.3,1092.5,1102.9,-12.27,stop_base,76
9502.T,2023-02-16,2023-06-22,1262.6,1557.9,1262.6,23.38,time,126
9502.T,2023-06-28,2023-10-04,1619.9,1606.9,1619.9,-0.8,stop_breakeven,98
9502.T,2023-12-08,2023-12-14,1805.8,1788.7,1805.8,-0.95,stop_breakeven,6
9502.T,2024-02-05,2024-04-17,1817.8,1810.5,1817.8,-0.4,stop_breakeven,72
9502.T,2024-05-28,2024-06-17,2017.6,1789.9,1805.3,-11.29,stop_base,20
9503.T,2023-06-14,2023-10-18,1634.3,1839.6,1634.3,12.56,time,126
9503.T,2023-12-06,2023-12-20,1890.4,1691.4,1721.7,-10.53,stop_base,14
9503.T,2024-01-31,2024-06-05,1882.9,2652.7,1882.9,40.88,time,126
9503.T,2024-10-08,2024-11-14,2524.8,1865.0,2210.4,-26.13,stop_base,37
9504.T,2023-09-14,2023-10-03,923.2,801.0,817.3,-13.24,stop_base,19
9504.T,2024-03-07,2024-05-01,968.1,943.8,968.1,-2.51,stop_breakeven,55
9505.T,2023-04-21,2023-08-25,603.1,774.8,603.1,28.46,time,126
9505.T,2023-09-15,2023-10-03,868.1,704.3,739.5,-18.87,stop_base,18
9505.T,2024-08-22,2024-11-13,958.7,945.1,958.7,-1.41,stop_breakeven,83
9506.T,2023-07-27,2023-10-03,861.6,845.4,861.6,-1.88,stop_breakeven,68
9506.T,2023-12-07,2024-04-11,932.0,1190.2,932.0,27.71,time,126
9506.T,2024-05-01,2024-07-23,1229.2,1226.8,1229.2,-0.19,stop_breakeven,83
9506.T,2024-09-24,2024-10-24,1356.9,1345.2,1356.9,-0.86,stop_breakeven,30
9506.T,2024-10-30,2024-11-01,1449.0,1252.2,1264.9,-13.58,stop_base,2
9507.T,2023-07-27,2023-10-02,945.8,942.0,945.8,-0.4,stop_breakeven,67
9507.T,2023-11-02,2024-03-07,1042.5,1069.8,871.1,2.62,time,126
9507.T,2024-03-14,2024-07-18,1093.9,1279.1,1093.9,16.93,time,126
9508.T,2021-01-26,2021-04-08,912.8,912.2,912.8,-0.06,stop_breakeven,72
9508.T,2023-09-08,2023-09-29,912.9,898.7,912.9,-1.55,stop_breakeven,21
9508.T,2023-11-06,2024-03-11,1004.3,1166.9,1004.3,16.19,time,126
9508.T,2024-03-15,2024-07-19,1208.4,1522.8,1208.4,26.02,time,126
9508.T,2024-09-26,2024-10-21,1574.9,1563.5,1574.9,-0.73,stop_breakeven,25
9509.T,2021-07-14,2021-07-30,475.4,439.8,446.9,-7.5,stop_base,16
9509.T,2023-06-08,2023-06-21,552.9,549.2,552.9,-0.67,stop_breakeven,13
9509.T,2023-07-31,2023-09-29,615.1,608.8,615.1,-1.03,stop_breakeven,60
9509.T,2023-11-06,2024-03-11,646.9,674.9,646.9,4.33,time,126
9509.T,2024-03-13,2024-07-17,688.7,1035.7,688.7,50.38,time,126
9513.T,2022-11-01,2023-03-07,1908.6,1913.0,1728.2,0.23,time,126
9513.T,2023-04-21,2023-08-18,1968.7,1960.6,1968.7,-0.41,stop_breakeven,119
9513.T,2023-09-13,2023-10-02,2198.2,2193.5,2198.2,-0.21,stop_breakeven,19
9513.T,2023-12-11,2024-03-15,2187.1,2153.3,2187.1,-1.54,stop_breakeven,95
9517.T,2021-03-05,2021-04-20,1740.5,1731.1,1740.5,-0.54,stop_breakeven,46
9517.T,2021-06-03,2021-10-07,1884.2,2335.0,1884.2,23.93,time,126
9519.T,2020-01-28,2020-02-06,1255.0,1203.0,1255.0,-4.14,stop_breakeven,9
9519.T,2021-03-31,2021-08-04,3725.0,4940.0,3725.0,32.62,time,126
9531.T,2022-06-07,2022-07-01,2448.1,2329.4,2448.1,-4.85,stop_breakeven,24
9531.T,2022-08-19,2022-12-23,2480.3,2437.5,2205.1,-1.72,time,126
9531.T,2023-05-02,2023-09-05,2652.7,3281.8,2652.7,23.72,time,126
9531.T,2023-09-15,2023-11-08,3338.5,2994.0,3044.7,-10.32,stop_base,54
9531.T,2023-12-11,2024-02-14,3404.1,2989.2,2994.0,-12.19,stop_base,65
9531.T,2024-04-10,2024-04-25,3604.7,3524.7,3604.7,-2.22,stop_breakeven,15
9532.T,2020-05-28,2020-07-30,1842.4,1650.8,1709.8,-10.4,stop_base,63
9532.T,2020-09-28,2020-10-02,1844.9,1722.9,1734.6,-6.61,stop_base,4
9532.T,2022-06-07,2022-10-11,2274.4,2009.5,1912.2,-11.65,time,126
9532.T,2023-09-21,2024-01-25,2406.9,2845.0,2406.9,18.2,time,126
9532.T,2024-03-07,2024-07-11,2992.9,3237.8,2992.9,8.18,time,126
9532.T,2024-08-27,2025-01-06,3367.0,3333.8,2926.1,-0.98,time,132
9533.T,2021-03-22,2021-04-01,1520.3,1508.1,1520.3,-0.8,stop_breakeven,10
9533.T,2024-04-10,2024-08-14,851.1,1050.0,851.1,23.37,time,126
9534.T,2023-01-31,2023-06-06,316.4,390.2,316.4,23.32,time,126
9534.T,2023-06-09,2023-10-13,398.9,430.1,398.9,7.83,time,126
9534.T,2024-04-03,2024-08-07,487.1,559.0,487.1,14.74,time,126
9535.T,2020-10-05,2021-02-08,330.0,327.4,297.6,-0.77,time,126
9535.T,2023-05-01,2023-09-04,342.9,355.6,305.8,3.72,time,126
9535.T,2023-09-05,2024-01-09,361.1,366.6,340.1,1.51,time,126
9536.T,2020-06-16,2020-07-10,2265.8,2039.9,2066.9,-9.97,stop_base,24
9536.T,2020-09-10,2020-10-14,2134.9,2134.1,2134.9,-0.04,stop_breakeven,34
9536.T,2020-11-11,2021-01-22,2485.5,2473.1,2485.5,-0.5,stop_breakeven,72
9536.T,2021-03-09,2021-04-08,2610.6,2328.5,2352.9,-10.81,stop_base,30
9536.T,2023-06-08,2023-10-12,1921.4,1786.6,1617.4,-7.02,time,126
9543.T,2020-12-10,2021-01-21,883.3,873.9,883.3,-1.07,stop_breakeven,42
9543.T,2021-09-03,2021-11-16,1161.4,938.0,947.7,-19.23,stop_base,74
9543.T,2022-11-28,2023-04-03,989.6,1048.8,989.6,5.99,time,126
9543.T,2023-05-16,2023-06-26,1070.5,1069.6,1070.5,-0.08,stop_breakeven,41
9551.T,2020-05-29,2020-06-09,2107.6,2101.0,2107.6,-0.31,stop_breakeven,11
9551.T,2020-09-29,2020-12-03,2052.2,2042.5,2052.2,-0.47,stop_breakeven,65
9551.T,2023-12-25,2024-04-25,1973.4,1921.0,1973.4,-2.66,stop_breakeven,122
9552.T,2024-01-22,2024-05-02,4611.7,4586.8,4611.7,-0.54,stop_breakeven,101
9601.T,2024-12-10,2025-04-15,11053.6,13822.3,11053.6,25.05,time,126
9602.T,2021-09-02,2021-12-13,934.9,924.5,934.9,-1.11,stop_breakeven,102
9602.T,2022-11-01,2023-01-06,1010.3,919.2,927.7,-9.02,stop_base,66
9602.T,2024-12-03,2025-04-08,1297.9,1462.5,1297.9,12.69,time,126
9603.T,2021-05-18,2021-07-20,2341.1,2317.4,2341.1,-1.01,stop_breakeven,63
9603.T,2021-09-01,2021-10-06,2609.4,2553.2,2609.4,-2.16,stop_breakeven,35
9605.T,2020-11-12,2021-03-18,3530.4,4640.5,3530.4,31.44,time,126
9605.T,2021-03-29,2021-06-07,4665.7,4029.2,4102.0,-13.64,stop_base,70
9605.T,2021-11-04,2021-11-17,4477.1,4075.6,4138.0,-8.97,stop_base,13
9605.T,2024-11-05,2025-02-27,4997.7,4987.8,4997.7,-0.2,stop_breakeven,114
9612.T,2021-03-19,2021-07-26,2444.6,2626.0,2444.6,7.42,time,129
9612.T,2021-09-03,2022-01-07,2762.7,2845.0,2762.7,2.98,time,126
9616.T,2022-06-07,2022-07-07,2438.1,2171.8,2176.6,-10.93,stop_base,30
9616.T,2022-08-01,2022-12-05,2562.9,2735.6,2562.9,6.74,time,126
9619.T,2020-01-07,2020-02-13,1301.4,1107.9,1111.0,-14.87,stop_base,37
9619.T,2023-09-27,2024-01-31,1319.2,1440.3,1319.2,9.18,time,126
9619.T,2024-05-01,2024-05-23,1653.6,1490.7,1503.6,-9.85,stop_base,22
9619.T,2024-06-25,2024-08-02,1574.0,1408.3,1486.0,-10.53,stop_base,38
9619.T,2024-11-05,2025-02-06,1814.3,1647.6,1657.0,-9.19,stop_base,93
9621.T,2020-01-08,2020-02-18,971.5,963.8,971.5,-0.79,stop_breakeven,41
9621.T,2021-03-19,2021-06-29,1121.7,987.7,1009.9,-11.95,stop_base,102
9621.T,2021-10-19,2021-11-26,1218.3,1085.6,1094.3,-10.89,stop_base,38
9621.T,2022-09-08,2023-01-12,1307.4,1439.1,1307.4,10.08,time,126
9621.T,2023-01-24,2023-03-14,1551.8,1521.9,1551.8,-1.93,stop_breakeven,49
9621.T,2023-04-28,2023-09-01,1517.3,2073.6,1517.3,36.67,time,126
9621.T,2023-11-06,2024-03-11,2184.0,2536.4,2184.0,16.14,time,126
9622.T,2021-09-16,2021-12-02,797.6,724.2,727.5,-9.2,stop_base,77
9622.T,2023-05-11,2023-08-08,912.2,830.4,912.2,-8.96,stop_breakeven,89
9622.T,2024-09-24,2025-01-28,1101.0,1035.4,910.2,-5.96,time,126
9627.T,2020-10-07,2020-11-18,7019.9,6889.6,7019.9,-1.86,stop_breakeven,42
9627.T,2022-08-17,2022-09-01,7425.3,7415.9,7425.3,-0.13,stop_breakeven,15
9627.T,2024-06-25,2024-07-05,5941.6,5223.4,5324.5,-12.09,stop_base,10
9628.T,2020-02-07,2020-02-26,725.1,573.3,592.5,-20.94,stop_base,19
9628.T,2021-09-07,2022-01-11,664.6,677.4,664.6,1.93,time,126
9628.T,2022-10-19,2022-10-28,854.0,743.5,765.3,-12.94,stop_base,9
9628.T,2023-02-01,2023-06-07,870.1,1018.9,870.1,17.11,time,126
9628.T,2023-07-28,2023-08-17,1064.5,970.6,971.9,-8.83,stop_base,20
9628.T,2024-07-17,2024-08-05,1293.8,1008.4,1072.2,-22.06,stop_base,19
9629.T,2024-04-26,2024-08-05,1693.7,1672.0,1693.7,-1.28,stop_breakeven,101
9629.T,2024-09-26,2024-11-01,1956.2,1725.2,1743.3,-11.81,stop_base,36
9644.T,2020-08-31,2020-11-24,272.1,267.7,272.1,-1.61,stop_breakeven,85
9644.T,2023-05-11,2023-05-31,414.8,379.1,381.4,-8.6,stop_base,20
9644.T,2023-06-21,2023-10-25,418.8,496.6,418.8,18.58,time,126
9644.T,2024-12-04,2025-01-16,578.2,523.0,529.6,-9.55,stop_base,43
9658.T,2020-01-08,2020-01-30,336.0,328.4,336.0,-2.27,stop_breakeven,22
9658.T,2020-09-18,2021-01-22,388.0,445.8,388.0,14.9,time,126
9658.T,2021-02-01,2021-05-06,499.3,491.7,499.3,-1.51,stop_breakeven,94
9658.T,2021-11-16,2022-01-18,569.5,475.5,476.9,-16.52,stop_base,63
9658.T,2023-01-25,2023-03-14,590.8,590.2,590.8,-0.1,stop_breakeven,48
9658.T,2023-04-03,2023-04-26,647.3,576.0,587.5,-11.02,stop_base,23
9658.T,2023-05-30,2023-07-28,647.9,647.3,647.9,-0.09,stop_breakeven,59
9663.T,2020-05-28,2020-08-26,7622.6,6334.8,6382.1,-16.89,stop_base,90
9663.T,2020-12-28,2021-02-24,9270.2,9241.8,9270.2,-0.31,stop_breakeven,58
9663.T,2021-12-16,2021-12-27,11381.7,10218.7,10256.8,-10.22,stop_base,11
9663.T,2024-05-31,2024-07-02,7605.6,7547.0,7605.6,-0.77,stop_breakeven,32
9672.T,2020-07-02,2020-11-05,3408.5,4577.5,3408.5,34.3,time,126
9672.T,2021-04-09,2021-06-07,5422.0,4305.1,4485.3,-20.6,stop_base,59
9678.T,2022-12-12,2023-03-20,2111.6,1872.9,1881.0,-11.31,stop_base,98
9678.T,2023-04-28,2023-09-01,2084.3,2318.5,2084.3,11.24,time,126
9678.T,2023-09-04,2023-10-04,2360.8,2299.2,2360.8,-2.61,stop_breakeven,30
9678.T,2023-11-24,2024-03-11,2451.9,2441.6,2451.9,-0.42,stop_breakeven,108
9678.T,2024-06-26,2024-08-05,2872.2,2242.9,2427.4,-21.91,stop_base,40
9678.T,2024-12-03,2025-04-07,2857.2,2736.0,2857.2,-4.24,stop_breakeven,125
9682.T,2020-01-20,2020-02-04,528.7,468.4,484.2,-11.41,stop_base,15
9682.T,2021-03-22,2021-07-26,568.4,587.5,490.9,3.35,time,126
9682.T,2022-07-20,2022-11-24,738.3,795.1,738.3,7.7,time,127
9682.T,2024-04-30,2024-08-05,1017.0,826.5,925.3,-18.73,stop_base,97
9682.T,2024-12-23,2025-04-03,1022.4,937.1,949.8,-8.34,stop_base,101
9684.T,2020-01-10,2020-02-06,1701.4,1560.4,1581.4,-8.29,stop_base,27
9684.T,2020-07-09,2020-11-09,1760.2,1686.9,1760.2,-4.16,stop_breakeven,123
9684.T,2022-11-01,2022-12-07,2107.5,1912.8,1925.4,-9.24,stop_base,36
9684.T,2023-04-26,2023-05-24,2100.8,2084.8,2100.8,-0.76,stop_breakeven,28
9684.T,2023-06-19,2023-08-07,2385.0,1778.1,1998.5,-25.45,stop_base,49
9692.T,2022-09-13,2022-12-28,1345.2,1332.6,1345.2,-0.94,stop_breakeven,106
9692.T,2023-02-02,2023-03-13,1428.9,1277.5,1297.5,-10.59,stop_base,39
9692.T,2023-09-01,2023-10-03,1616.5,1445.3,1469.4,-10.59,stop_base,32
9692.T,2023-11-22,2023-12-25,1602.6,1394.4,1403.7,-12.99,stop_base,33
9692.T,2024-06-10,2024-07-11,1935.8,1932.0,1935.8,-0.19,stop_breakeven,31
9692.T,2024-11-07,2024-12-13,1849.1,1831.9,1849.1,-0.93,stop_breakeven,36
9697.T,2020-01-10,2020-02-28,715.5,678.1,715.5,-5.23,stop_breakeven,49
9697.T,2020-05-29,2020-10-02,884.8,1375.4,884.8,55.45,time,126
9697.T,2020-10-08,2020-11-11,1419.7,1155.9,1171.9,-18.59,stop_base,34
9697.T,2021-01-22,2021-04-20,1667.2,1661.1,1667.2,-0.37,stop_breakeven,88
9697.T,2022-07-22,2022-11-25,1804.7,2086.1,1804.7,15.59,time,126
9697.T,2023-02-10,2023-02-27,2052.6,2040.7,2052.6,-0.58,stop_breakeven,17
9697.T,2023-03-22,2023-07-26,2241.6,2733.0,2241.6,21.92,time,126
9697.T,2023-07-27,2023-09-20,3146.0,2595.0,2623.0,-17.52,stop_base,55
9697.T,2024-09-26,2024-11-19,3342.1,3272.3,3342.1,-2.09,stop_breakeven,54
9699.T,2021-05-24,2021-07-20,2764.9,2545.4,2567.7,-7.94,stop_base,57
9699.T,2022-10-19,2022-12-23,2789.7,2776.0,2789.7,-0.49,stop_breakeven,65
9699.T,2023-02-27,2023-03-20,2894.7,2676.4,2711.1,-7.54,stop_base,21
9699.T,2023-04-28,2023-09-01,2940.3,3314.7,2940.3,12.73,time,126
9699.T,2023-09-05,2023-10-04,3351.3,3122.1,3182.3,-6.84,stop_base,29
9699.T,2023-11-10,2024-03-15,3362.3,3616.6,3362.3,7.56,time,126
9699.T,2024-06-11,2024-08-02,3950.9,3489.4,3597.7,-11.68,stop_base,52
9702.T,2020-02-17,2020-03-06,921.8,730.0,771.6,-20.81,stop_base,18
9702.T,2020-07-20,2020-09-07,984.2,978.0,984.2,-0.63,stop_breakeven,49
9702.T,2020-12-18,2021-02-19,1277.6,1048.7,1054.1,-17.92,stop_base,63
9702.T,2021-06-29,2021-08-02,1303.5,1051.3,1101.2,-19.35,stop_base,34
9702.T,2022-10-27,2022-12-06,1119.6,1118.7,1119.6,-0.08,stop_breakeven,40
9702.T,2023-05-01,2023-08-01,1306.5,1213.4,1306.5,-7.13,stop_breakeven,92
9702.T,2023-09-15,2023-10-16,1307.4,1189.8,1196.2,-8.99,stop_base,31
9702.T,2024-01-17,2024-02-15,1412.1,1242.7,1412.1,-12.0,stop_breakeven,29
9706.T,2022-10-19,2023-02-15,6054.4,5864.3,6054.4,-3.14,stop_breakeven,119
9706.T,2023-04-25,2023-05-24,6431.4,6231.3,6431.4,-3.11,stop_breakeven,29
9715.T,2021-03-30,2021-05-13,2515.0,2450.7,2515.0,-2.56,stop_breakeven,44
9715.T,2021-06-25,2021-10-29,2594.4,2861.7,2594.4,10.31,time,126
9715.T,2022-08-01,2022-11-01,3399.4,2702.0,3004.7,-20.52,stop_base,92
9716.T,2021-09-01,2022-01-05,782.7,815.2,782.7,4.15,time,126
9722.T,2021-09-24,2021-10-06,486.9,486.1,486.9,-0.16,stop_breakeven,12
9722.T,2022-09-13,2022-11-16,557.6,554.2,557.6,-0.6,stop_breakeven,64
9722.T,2023-04-24,2023-06-22,687.8,680.9,687.8,-1.01,stop_breakeven,59
9722.T,2023-07-19,2023-11-22,731.4,797.7,731.4,9.07,time,126
9722.T,2023-12-06,2024-04-10,834.3,1486.5,834.3,78.17,time,126
9722.T,2024-11-25,2024-12-13,1870.5,1636.9,1642.9,-12.49,stop_base,18
9729.T,2023-03-07,2023-03-20,1791.9,1700.7,1711.5,-5.09,stop_base,13
9729.T,2023-04-04,2023-06-01,1846.1,1690.5,1700.7,-8.43,stop_base,58
9729.T,2024-06-20,2024-08-05,2117.0,1775.3,1925.8,-16.14,stop_base,46
9729.T,2024-12-12,2025-01-14,2219.6,2004.8,2043.1,-9.68,stop_base,33
9735.T,2023-08-10,2023-12-14,4901.2,4908.6,4901.2,0.15,time,126
9735.T,2024-01-10,2024-05-08,5138.3,5104.9,5138.3,-0.65,stop_breakeven,119
9739.T,2021-07-26,2021-09-22,2105.1,2104.3,2105.1,-0.04,stop_breakeven,58
9739.T,2021-11-04,2021-11-25,2313.7,2007.9,2021.0,-13.22,stop_base,21
9739.T,2023-08-22,2023-12-26,2405.4,2620.5,2405.4,8.94,time,126
9739.T,2024-01-09,2024-04-19,2731.4,2727.3,2731.4,-0.15,stop_breakeven,101
9739.T,2024-05-08,2024-08-02,3060.1,2701.9,2720.7,-11.71,stop_base,86
9740.T,2023-03-09,2023-05-30,2574.4,2570.7,2574.4,-0.15,stop_breakeven,82
9740.T,2023-06-13,2023-10-13,2726.1,2555.5,2726.1,-6.26,stop_breakeven,122
9740.T,2024-12-30,2025-01-15,2891.8,2513.4,2584.0,-13.09,stop_base,16
9742.T,2020-09-11,2020-10-29,1275.1,1273.8,1275.1,-0.1,stop_breakeven,48
9742.T,2022-07-21,2022-09-22,1518.3,1325.0,1325.9,-12.73,stop_base,63
9742.T,2023-12-01,2024-02-14,1578.2,1368.9,1375.4,-13.26,stop_base,75
9742.T,2024-06-26,2024-08-01,1736.2,1493.3,1548.1,-13.99,stop_base,36
9742.T,2024-12-25,2025-04-01,1822.2,1575.5,1581.4,-13.54,stop_base,97
9743.T,2020-01-08,2020-02-18,1005.3,884.3,893.2,-12.04,stop_base,41
9743.T,2021-09-01,2021-11-22,724.7,720.6,724.7,-0.57,stop_breakeven,82
9743.T,2023-09-14,2024-01-18,836.9,777.3,678.6,-7.12,time,126
9743.T,2024-06-14,2024-07-24,865.2,860.7,865.2,-0.52,stop_breakeven,40
9743.T,2024-09-03,2024-11-01,881.8,733.8,736.5,-16.79,stop_base,59
9744.T,2020-01-09,2020-02-18,1574.9,1420.1,1422.6,-9.83,stop_base,40
9744.T,2021-07-26,2021-09-29,1684.7,1665.5,1684.7,-1.14,stop_breakeven,65
9744.T,2021-11-01,2022-03-07,1881.7,1740.2,1609.5,-7.52,time,126
9744.T,2022-07-28,2022-08-26,2034.3,2029.4,2034.3,-0.24,stop_breakeven,29
9744.T,2022-11-01,2023-03-07,2152.7,2068.7,1870.8,-3.9,time,126
9744.T,2023-09-29,2024-02-02,2347.4,2645.1,2347.4,12.68,time,126
9744.T,2024-05-09,2024-08-02,2891.2,2855.6,2891.2,-1.23,stop_breakeven,85
9744.T,2024-08-29,2024-11-15,3058.1,2621.3,2641.6,-14.28,stop_base,78
9746.T,2020-01-22,2020-02-25,2349.1,2164.8,2186.2,-7.85,stop_base,34
9746.T,2020-07-03,2020-11-06,2521.6,2999.4,2521.6,18.95,time,126
9746.T,2020-12-02,2021-01-27,3095.5,3091.1,3095.5,-0.14,stop_breakeven,56
9746.T,2021-03-29,2021-08-02,3156.6,2938.5,2733.1,-6.91,time,126
9746.T,2022-10-19,2023-02-22,3418.3,3290.7,3047.7,-3.73,time,126
9746.T,2023-03-09,2023-03-20,3468.4,3204.1,3267.9,-7.62,stop_base,11
9746.T,2023-06-22,2023-08-04,3616.1,3312.1,3316.7,-8.41,stop_base,43
9755.T,2020-07-09,2020-08-12,1229.2,1103.7,1104.4,-10.21,stop_base,34
9755.T,2021-10-26,2022-03-01,1501.8,1848.9,1501.8,23.11,time,126
9755.T,2023-03-08,2023-05-25,1976.0,1726.4,1758.1,-12.63,stop_base,78
9757.T,2021-10-15,2021-11-05,1364.9,1167.2,1196.7,-14.48,stop_base,21
9757.T,2022-11-21,2023-03-14,1248.1,1229.7,1248.1,-1.47,stop_breakeven,113
9759.T,2020-01-24,2020-01-30,1531.3,1466.0,1471.9,-4.26,stop_base,6
9759.T,2020-02-06,2020-02-28,1535.5,1444.2,1466.0,-5.94,stop_base,22
9759.T,2020-07-06,2020-08-28,1622.7,1597.0,1622.7,-1.58,stop_breakeven,53
9759.T,2020-11-27,2021-01-20,1750.9,1726.1,1750.9,-1.42,stop_breakeven,54
9759.T,2022-06-07,2022-08-02,2180.8,2173.6,2180.8,-0.33,stop_breakeven,56
9759.T,2022-09-08,2022-09-27,2306.0,2147.7,2159.3,-6.87,stop_base,19
9759.T,2022-11-11,2022-12-16,2373.1,2133.3,2138.7,-10.11,stop_base,35
9759.T,2023-09-28,2024-02-01,2600.0,2579.7,2267.0,-0.78,time,126
9759.T,2024-11-07,2025-03-11,3193.2,3171.6,3193.2,-0.68,stop_breakeven,124
9765.T,2021-03-29,2021-04-21,706.8,698.3,706.8,-1.19,stop_breakeven,23
9765.T,2021-07-12,2021-10-01,704.0,695.4,704.0,-1.21,stop_breakeven,81
9765.T,2023-07-31,2023-10-04,822.5,820.7,822.5,-0.22,stop_breakeven,65
9765.T,2023-11-21,2024-03-26,855.2,932.5,855.2,9.03,time,126
9765.T,2024-03-29,2024-06-05,958.4,944.4,958.4,-1.46,stop_breakeven,68
9765.T,2024-07-12,2024-08-05,1044.3,835.1,944.4,-20.04,stop_base,24
9766.T,2021-01-12,2021-05-18,5685.8,6013.2,5685.8,5.76,time,126
9766.T,2021-05-26,2021-06-17,6536.1,6368.0,6536.1,-2.57,stop_breakeven,22
9766.T,2022-06-07,2022-07-06,8521.0,6983.8,7097.7,-18.04,stop_base,29
9766.T,2023-08-24,2023-11-21,8170.8,7110.4,7143.0,-12.98,stop_base,89
9766.T,2024-02-22,2024-04-10,9642.3,9557.3,9642.3,-0.88,stop_breakeven,48
9766.T,2024-05-14,2024-05-24,10584.4,10535.3,10584.4,-0.46,stop_breakeven,10
9766.T,2024-06-26,2024-07-25,11310.3,11246.5,11310.3,-0.56,stop_breakeven,29
9766.T,2024-12-03,2025-04-08,15010.4,17336.2,15010.4,15.49,time,126
9769.T,2021-06-24,2021-10-28,1093.1,1145.1,1093.1,4.76,time,126
9769.T,2021-11-01,2022-03-07,1153.3,1285.2,1153.3,11.43,time,126
9769.T,2022-08-30,2023-01-04,1362.6,1565.1,1362.6,14.86,time,127
9769.T,2023-01-24,2023-05-30,1677.0,1919.2,1677.0,14.44,time,126
9788.T,2020-02-03,2020-02-18,441.9,379.9,383.7,-14.04,stop_base,15
9788.T,2024-06-19,2024-08-05,533.6,479.0,486.4,-10.24,stop_base,47
9788.T,2024-10-21,2025-02-25,542.1,622.5,542.1,14.83,time,127
9790.T,2021-09-24,2021-11-18,4098.5,3434.1,3479.0,-16.21,stop_base,55
9790.T,2024-12-03,2024-12-24,2906.7,2902.0,2906.7,-0.16,stop_breakeven,21
9793.T,2021-03-10,2021-07-14,2696.0,3677.8,2696.0,36.42,time,126
9793.T,2021-07-26,2021-11-29,3934.7,4672.9,3934.7,18.76,time,126
9795.T,2020-01-09,2020-02-25,1311.4,1280.5,1311.4,-2.36,stop_breakeven,47
9795.T,2020-07-20,2020-10-20,1281.0,1279.7,1281.0,-0.1,stop_breakeven,92
9795.T,2021-09-30,2022-02-03,1646.5,1521.0,1439.2,-7.62,time,126
9795.T,2024-10-07,2025-02-10,1954.8,2097.2,1954.8,7.28,time,126
9824.T,2021-03-02,2021-07-06,1590.2,1686.7,1590.2,6.07,time,126
9824.T,2021-07-13,2021-11-16,1717.1,2088.7,1717.1,21.64,time,126
9824.T,2023-01-27,2023-03-14,3053.8,2950.4,3053.8,-3.39,stop_breakeven,46
9824.T,2023-05-17,2023-09-20,2987.8,2901.0,2987.8,-2.91,stop_breakeven,126
9824.T,2024-05-21,2024-08-02,5624.9,4442.5,4683.5,-21.02,stop_base,73
9830.T,2021-03-19,2021-07-26,2768.6,2643.5,2289.7,-4.52,time,129
9830.T,2023-04-28,2023-09-01,2194.5,2476.4,2194.5,12.85,time,126
9831.T,2020-02-10,2020-02-27,480.7,441.9,442.8,-8.07,stop_base,17
9831.T,2022-09-12,2022-11-16,431.1,408.8,410.6,-5.17,stop_base,65
9837.T,2021-12-28,2022-01-17,602.3,570.5,602.3,-5.28,stop_breakeven,20
9837.T,2022-06-08,2022-09-05,662.2,600.0,603.9,-9.4,stop_base,89
9837.T,2023-03-06,2023-05-31,894.9,894.8,894.9,-0.01,stop_breakeven,86
9837.T,2023-07-04,2023-11-07,953.9,1191.3,953.9,24.88,time,126
9837.T,2023-11-20,2024-03-25,1219.1,1369.1,1219.1,12.31,time,126
9837.T,2024-03-26,2024-07-30,1377.4,1360.5,1269.4,-1.23,time,126
9842.T,2020-07-28,2020-11-10,1706.8,1644.9,1706.8,-3.63,stop_breakeven,105
9842.T,2024-06-11,2024-07-08,1881.9,1747.0,1764.2,-7.17,stop_base,27
9843.T,2020-02-06,2020-02-20,3323.1,3151.1,3187.5,-5.18,stop_base,14
9843.T,2020-06-24,2020-10-28,3876.1,4135.8,3876.1,6.7,time,126
9843.T,2021-01-07,2021-01-29,4332.3,3966.0,3970.8,-8.45,stop_base,22
9843.T,2023-04-12,2023-06-20,3232.5,3229.6,3232.5,-0.09,stop_breakeven,69
9843.T,2023-07-28,2023-10-04,3411.5,3038.7,3079.8,-10.93,stop_base,68
9861.T,2020-01-06,2020-01-15,2837.7,2534.6,2623.7,-10.68,stop_base,9
9861.T,2021-12-29,2022-05-06,2286.6,2324.6,2128.7,1.67,time,128
9861.T,2022-06-07,2022-10-11,2467.2,2218.8,2225.0,-10.07,stop_base,126
9861.T,2023-09-11,2024-01-15,2850.1,3217.5,2850.1,12.89,time,126
9861.T,2024-01-17,2024-04-11,3354.2,2843.8,3032.5,-15.22,stop_base,85
9869.T,2020-05-29,2020-07-02,3266.2,2958.6,2976.0,-9.42,stop_base,34
9869.T,2023-02-16,2023-04-10,3396.2,3075.3,3121.9,-9.45,stop_base,53
9869.T,2023-05-01,2023-09-04,3418.0,3983.0,3418.0,16.53,time,126
9869.T,2023-10-31,2024-03-05,3956.3,4359.4,3956.3,10.19,time,126
9880.T,2021-03-19,2021-07-26,1095.5,1047.9,929.3,-4.34,time,129
9880.T,2021-09-06,2021-10-06,1156.2,1040.4,1040.9,-10.01,stop_base,30
9880.T,2021-11-01,2022-01-19,1175.8,1161.4,1175.8,-1.23,stop_breakeven,79
9880.T,2023-05-19,2023-08-16,1309.2,1288.5,1309.2,-1.59,stop_breakeven,89
9880.T,2023-09-19,2023-12-14,1427.8,1398.5,1427.8,-2.05,stop_breakeven,86
9880.T,2024-01-05,2024-02-09,1584.2,1549.7,1584.2,-2.18,stop_breakeven,35
9880.T,2024-02-20,2024-04-15,1689.4,1677.4,1689.4,-0.71,stop_breakeven,55
9882.T,2021-03-19,2021-07-26,821.0,888.3,821.0,8.2,time,129
9882.T,2023-04-24,2023-08-28,839.5,841.7,777.3,0.27,time,126
9882.T,2024-06-12,2024-10-16,1003.8,1225.9,1003.8,22.12,time,126
9882.T,2024-12-09,2025-04-07,1215.5,1197.1,1215.5,-1.51,stop_breakeven,119
9887.T,2020-01-07,2020-02-17,4426.8,4373.7,4426.8,-1.2,stop_breakeven,41
9887.T,2023-11-10,2024-03-15,4766.5,6028.6,4766.5,26.48,time,126
9887.T,2024-09-26,2025-01-14,6100.6,6013.1,6100.6,-1.43,stop_breakeven,110
9889.T,2020-01-16,2020-01-31,402.8,383.3,402.8,-4.82,stop_breakeven,15
9889.T,2021-11-19,2022-02-01,397.1,322.0,327.6,-18.91,stop_base,74
9889.T,2022-10-19,2023-02-22,438.1,433.9,386.3,-0.97,time,126
9889.T,2023-02-28,2023-03-14,454.7,452.2,454.7,-0.54,stop_breakeven,14
9889.T,2023-03-27,2023-07-31,487.1,590.3,487.1,21.19,time,126
9889.T,2023-08-17,2023-12-21,593.5,825.0,593.5,39.01,time,126
9889.T,2023-12-22,2024-02-21,848.1,835.4,848.1,-1.5,stop_breakeven,61
9889.T,2024-08-20,2024-10-02,979.6,968.7,979.6,-1.11,stop_breakeven,43
9889.T,2024-11-06,2024-12-18,1080.5,1073.3,1080.5,-0.66,stop_breakeven,42
9900.T,2022-08-12,2022-12-16,1184.0,1161.6,1069.7,-1.9,time,126
9900.T,2024-06-07,2024-08-05,1544.3,1485.9,1544.3,-3.78,stop_breakeven,59
9900.T,2024-09-03,2025-01-07,1681.7,1732.1,1681.7,3.0,time,126
9902.T,2020-05-28,2020-07-01,1973.4,1948.5,1973.4,-1.26,stop_breakeven,34
9902.T,2020-09-14,2020-12-02,2018.8,2006.8,2018.8,-0.59,stop_breakeven,79
9902.T,2023-06-19,2023-10-23,2163.7,2359.7,2163.7,9.06,time,126
9902.T,2023-11-06,2024-02-05,2538.1,2532.5,2538.1,-0.22,stop_breakeven,91
9928.T,2023-01-24,2023-05-16,1377.2,1346.6,1377.2,-2.23,stop_breakeven,112
9928.T,2024-06-14,2024-08-01,1741.0,1644.3,1741.0,-5.56,stop_breakeven,48
9928.T,2024-09-26,2025-01-30,1800.2,1809.6,1603.0,0.52,time,126
9932.T,2020-11-11,2021-01-26,927.0,924.5,927.0,-0.27,stop_breakeven,76
9932.T,2021-03-29,2021-04-28,1038.4,964.0,964.6,-7.16,stop_base,30
9932.T,2023-08-28,2023-09-21,1012.0,1008.4,1012.0,-0.36,stop_breakeven,24
9932.T,2024-05-10,2024-08-05,1202.7,1066.4,1202.7,-11.33,stop_breakeven,87
9932.T,2024-12-12,2025-01-08,1328.0,1242.0,1246.8,-6.47,stop_base,27
9934.T,2023-03-07,2023-07-11,1291.6,1407.8,1291.6,8.99,time,126
9934.T,2023-09-01,2023-10-23,1446.1,1443.0,1446.1,-0.22,stop_breakeven,52
9934.T,2023-11-28,2024-04-02,1514.2,1606.9,1514.2,6.12,time,126
9934.T,2024-05-13,2024-08-01,1815.4,1803.7,1815.4,-0.65,stop_breakeven,80
9934.T,2024-09-26,2025-01-29,1841.1,1739.8,1740.4,-5.5,stop_base,125
9936.T,2023-11-01,2024-02-06,2515.9,2490.4,2515.9,-1.02,stop_breakeven,97
9936.T,2024-05-17,2024-08-01,2626.9,2588.3,2626.9,-1.47,stop_breakeven,76
9936.T,2024-09-27,2025-01-31,2785.6,2823.7,2785.6,1.37,time,126
9948.T,2020-09-18,2020-10-20,2397.9,2083.4,2086.4,-13.12,stop_base,32
9948.T,2023-04-17,2023-05-31,2200.8,2181.3,2200.8,-0.89,stop_breakeven,44
9948.T,2023-07-05,2023-11-08,2328.8,2611.3,2328.8,12.13,time,126
9948.T,2024-01-09,2024-05-14,2705.2,2803.8,2705.2,3.64,time,126
9956.T,2020-07-29,2020-12-02,2044.1,2198.0,2044.1,7.53,time,126
9956.T,2021-01-07,2021-01-19,2323.7,2158.1,2191.1,-7.12,stop_base,12
9956.T,2023-08-08,2023-12-12,2010.3,2258.1,2010.3,12.33,time,126
9956.T,2023-12-27,2024-02-15,2283.4,2274.0,2283.4,-0.41,stop_breakeven,50
9960.T,2020-01-20,2020-02-25,715.3,589.4,619.2,-17.59,stop_base,36
9960.T,2020-12-24,2021-04-30,759.5,797.3,759.5,4.98,time,127
9960.T,2021-05-10,2021-05-17,812.6,739.9,764.4,-8.94,stop_base,7
9960.T,2021-07-07,2021-08-04,788.6,702.6,711.0,-10.91,stop_base,28
9960.T,2022-07-20,2022-10-03,964.4,961.0,964.4,-0.35,stop_breakeven,75
9960.T,2022-10-31,2022-12-01,1023.9,944.9,956.6,-7.71,stop_base,31
9960.T,2023-01-24,2023-05-30,1076.5,1262.5,1076.5,17.28,time,126
9960.T,2023-06-21,2023-10-25,1319.7,1451.8,1319.7,10.01,time,126
9962.T,2020-10-30,2021-01-19,2886.1,2872.1,2886.1,-0.49,stop_breakeven,81
9962.T,2021-01-28,2021-06-03,3376.4,3383.7,2848.7,0.22,time,126
9962.T,2021-07-02,2021-11-05,3627.1,4655.9,3627.1,28.36,time,126
9962.T,2021-11-12,2022-01-11,4839.1,3932.4,4078.0,-18.74,stop_base,60
9974.T,2020-01-24,2020-03-06,5408.2,4597.6,4598.3,-14.99,stop_base,42
9974.T,2020-05-29,2020-10-02,6021.3,6929.3,6021.3,15.08,time,126
9974.T,2023-04-24,2023-08-28,5763.9,6352.6,5763.9,10.21,time,126
9974.T,2023-08-31,2023-11-07,6496.1,6457.8,6496.1,-0.59,stop_breakeven,68
9974.T,2024-04-12,2024-07-19,7694.6,5918.1,5937.5,-23.09,stop_base,98
9983.T,2020-10-28,2021-03-03,23569.8,33408.1,23569.8,41.74,time,126
9983.T,2022-10-19,2023-01-13,27743.1,23677.2,24589.0,-14.66,stop_base,86
9983.T,2023-04-03,2023-08-07,28807.3,32813.1,28807.3,13.91,time,126
9983.T,2023-09-14,2023-10-03,34284.6,31210.4,31628.4,-8.97,stop_base,19
9983.T,2023-10-13,2023-12-08,34831.1,34304.1,34831.1,-1.51,stop_breakeven,56
9983.T,2024-01-12,2024-05-17,38002.9,40184.7,38002.9,5.74,time,126
9983.T,2024-09-27,2024-11-01,48357.2,47402.1,48357.2,-1.98,stop_breakeven,35
9983.T,2024-12-04,2025-01-14,52118.6,46988.5,47402.1,-9.84,stop_base,41
9984.T,2020-10-05,2020-11-02,1634.3,1621.2,1634.3,-0.8,stop_breakeven,28
9984.T,2020-11-27,2021-04-02,1755.3,2375.3,1755.3,35.32,time,126
9984.T,2021-05-10,2021-05-13,2468.3,2055.0,2197.2,-16.75,stop_base,3
9984.T,2023-02-01,2023-02-22,1535.8,1369.3,1379.6,-10.84,stop_base,21
9984.T,2024-05-23,2024-08-01,2165.6,2122.2,2165.6,-2.0,stop_breakeven,70
9987.T,2023-08-15,2023-12-19,3969.0,4602.9,3969.0,15.97,time,126
9987.T,2024-02-16,2024-02-29,4691.8,4260.7,4342.0,-9.19,stop_base,13
9987.T,2024-07-09,2024-08-05,4853.7,4594.4,4853.7,-5.34,stop_breakeven,27
9989.T,2020-11-06,2020-12-21,3591.6,3565.6,3591.6,-0.72,stop_breakeven,45
9989.T,2022-09-16,2023-01-20,3170.2,3235.4,3170.2,2.06,time,126
9989.T,2023-04-25,2023-08-29,3403.3,3913.5,3403.3,14.99,time,126
9989.T,2023-09-07,2023-09-29,4030.8,3765.7,3767.9,-6.58,stop_base,22
9989.T,2023-11-15,2024-03-21,3942.2,4487.3,3942.2,13.83,time,127
9990.T,2022-09-08,2023-01-12,578.4,644.6,578.4,11.45,time,126
9990.T,2023-02-02,2023-03-15,683.0,680.4,683.0,-0.38,stop_breakeven,41
9990.T,2023-04-04,2023-08-08,766.7,831.3,766.7,8.42,time,126
9991.T,2023-04-24,2023-05-31,818.3,727.9,734.5,-11.05,stop_base,37
9991.T,2023-08-07,2023-10-04,835.0,814.6,835.0,-2.43,stop_breakeven,58
9991.T,2023-11-16,2024-03-21,869.1,1054.0,869.1,21.27,time,126
9997.T,2020-10-21,2020-10-30,903.6,725.8,767.3,-19.68,stop_base,9
9997.T,2020-12-17,2021-02-04,878.8,876.2,878.8,-0.29,stop_breakeven,49
9997.T,2021-03-11,2021-04-06,1068.5,1067.4,1068.5,-0.11,stop_breakeven,26
9997.T,2024-12-03,2025-04-08,726.8,846.6,726.8,16.48,time,126
