ticker,entry_date,exit_date,entry_px,exit_px,stop_px,ret_pct,reason,hold_days
1333.T,2025-09-08,2026-01-13,1146.0,1300.4,1146.0,13.47,time,127
1375.T,2025-01-27,2025-02-03,1113.6,1125.3,985.8,1.05,ma200_breach,7
1375.T,2025-02-05,2025-02-25,1157.4,1174.0,985.8,1.43,ma200_breach,20
1301.T,2025-07-25,2025-10-29,4646.2,4631.6,4646.2,-0.31,stop_breakeven,96
1332.T,2025-11-17,2026-02-04,1188.3,1334.9,1188.3,12.33,earnings_close,79
1515.T,2025-07-09,2025-11-12,1487.0,1619.4,1487.0,8.91,time,126
1417.T,2025-02-12,2025-02-25,2235.7,2147.6,2090.1,-3.94,ma200_breach,13
1417.T,2025-05-29,2025-06-02,2463.4,2484.8,2041.4,0.87,ma200_breach,4
1417.T,2025-07-10,2025-11-13,2507.7,3201.4,2507.7,27.66,time,126
1417.T,2025-11-26,2026-04-01,3253.8,3716.0,3253.8,14.21,time,126
1433.T,2025-05-30,2025-06-02,1093.6,1084.9,1000.7,-0.8,ma200_breach,3
1433.T,2025-06-10,2025-06-13,1121.7,1093.6,1007.5,-2.5,ma200_breach,3
1433.T,2025-08-04,2025-09-10,1137.1,1077.3,1137.1,-5.26,stop_breakeven,37
1662.T,2025-09-18,2025-10-10,1256.3,1252.5,1256.3,-0.3,stop_breakeven,22
1662.T,2025-11-26,2026-02-10,1419.3,2122.9,1419.3,49.58,earnings_close,76
1518.T,2025-07-22,2025-11-25,1038.3,1309.6,1038.3,26.13,time,126
1518.T,2025-11-26,2026-03-09,1329.0,1327.1,1329.0,-0.15,stop_breakeven,103
1429.T,2025-08-26,2025-10-01,861.0,858.1,861.0,-0.33,stop_breakeven,36
1605.T,2025-08-21,2025-12-25,2353.0,3107.8,2353.0,32.08,time,126
1720.T,2025-05-14,2025-05-15,822.1,833.7,700.9,1.42,ma200_breach,1
1720.T,2025-05-30,2025-06-02,884.1,899.6,750.4,1.75,ma200_breach,3
1720.T,2025-06-11,2025-06-13,960.7,982.1,793.0,2.22,ma200_breach,2
1720.T,2025-08-01,2025-10-14,1029.6,1028.1,1029.6,-0.14,stop_breakeven,74
1720.T,2025-11-18,2026-03-24,1096.1,1428.3,1096.1,30.31,time,126
1719.T,2025-02-18,2025-02-25,1244.0,1240.3,1040.6,-0.3,ma200_breach,7
1719.T,2025-07-02,2025-11-05,1412.7,1713.1,1412.7,21.26,time,126
1719.T,2025-11-13,2026-03-19,1762.5,1865.8,1762.5,5.86,time,126
1721.T,2025-05-29,2025-06-02,3243.7,3219.3,2960.6,-0.75,ma200_breach,4
1721.T,2025-06-30,2025-11-04,3246.6,3917.6,3246.6,20.67,time,127
1721.T,2025-11-05,2026-03-11,4003.6,5369.4,4003.6,34.12,time,126
1762.T,2025-08-01,2025-12-05,3081.5,3866.5,3081.5,25.47,time,126
1766.T,2025-02-13,2025-02-25,12058.9,11907.0,11118.9,-1.26,ma200_breach,12
1766.T,2025-06-19,2025-10-23,13665.6,14239.9,13665.6,4.2,time,126
1766.T,2025-11-25,2025-12-05,14278.8,13616.9,13665.6,-4.64,stop_base,10
1780.T,2025-07-14,2025-11-17,1277.1,1438.0,1277.1,12.6,time,126
1786.T,2025-02-13,2025-02-25,376.3,357.4,355.5,-5.03,ma200_breach,12
1786.T,2025-09-09,2026-01-13,413.8,411.7,364.6,-0.5,time,126
1801.T,2025-02-13,2025-02-25,6510.6,6505.9,6020.8,-0.07,ma200_breach,12
1801.T,2025-06-18,2025-08-06,8227.2,9465.0,8227.2,15.05,earnings_close,49
1801.T,2025-08-12,2025-12-16,9756.1,13893.9,9756.1,42.41,time,126
1803.T,2025-01-21,2025-01-29,1235.7,1310.0,1134.2,6.01,earnings_close,8
1803.T,2025-02-13,2025-02-25,1395.3,1302.3,1181.6,-6.66,ma200_breach,12
1803.T,2025-05-29,2025-06-02,1556.1,1555.6,1296.4,-0.03,ma200_breach,4
1803.T,2025-07-17,2025-07-28,1617.8,1604.2,1527.4,-0.84,earnings_close,11
1803.T,2025-08-01,2025-11-05,1692.2,2148.8,1692.2,26.98,earnings_close,96
1803.T,2025-11-10,2026-02-03,2231.9,2855.4,2231.9,27.94,earnings_close,85
1802.T,2025-02-10,2025-02-25,2032.9,1918.6,1888.1,-5.62,ma200_breach,15
1802.T,2025-08-01,2025-08-06,2241.6,2336.3,2085.1,4.23,earnings_close,5
1802.T,2025-08-20,2025-12-24,2361.6,3245.3,2361.6,37.42,time,126
1808.T,2025-02-17,2025-02-21,1942.2,1859.8,1865.5,-4.24,stop_base,4
1808.T,2025-06-19,2025-10-23,2102.4,2522.0,2102.4,19.96,time,126
1808.T,2025-10-27,2026-03-02,2535.8,3308.5,2535.8,30.47,time,126
1812.T,2025-06-18,2025-08-04,3691.6,3757.9,3398.1,1.8,earnings_close,47
1812.T,2025-08-06,2025-12-10,4043.6,5688.0,4043.6,40.67,time,126
1813.T,2025-08-05,2025-11-18,2331.9,2318.4,2331.9,-0.58,stop_breakeven,105
1814.T,2025-07-08,2025-11-11,2124.7,3587.2,2124.7,68.83,time,126
1815.T,2025-06-23,2025-10-27,2761.6,3576.1,2761.6,29.49,time,126
1815.T,2025-11-04,2026-03-10,3609.8,4356.9,3609.8,20.69,time,126
1833.T,2025-11-17,2026-03-23,5370.7,6132.3,5370.7,14.18,time,126
1835.T,2025-07-04,2025-11-07,3835.8,4301.7,3835.8,12.15,time,126
1835.T,2025-11-10,2025-11-14,4420.0,4065.2,4119.4,-8.03,stop_base,4
1852.T,2025-06-30,2025-11-04,716.4,872.6,716.4,21.81,time,127
1852.T,2025-11-12,2026-03-18,926.1,1003.8,926.1,8.39,time,126
1860.T,2025-11-21,2026-03-27,1132.7,1468.0,1132.7,29.6,time,126
1861.T,2025-07-10,2025-11-13,1066.8,1528.5,1066.8,43.29,time,126
1870.T,2025-07-08,2025-11-11,1733.1,2053.9,1733.1,18.51,time,126
1871.T,2025-02-04,2025-02-25,1106.0,1399.6,1106.0,26.54,ma200_breach,21
1871.T,2025-07-11,2025-08-12,1746.4,1718.7,1746.4,-1.59,stop_breakeven,32
1871.T,2025-09-30,2025-10-14,1809.2,1683.3,1708.2,-6.96,stop_base,14
1871.T,2025-10-27,2026-03-02,1851.1,3449.5,1851.1,86.35,time,126
1879.T,2025-07-10,2025-11-13,1624.2,1857.6,1624.2,14.37,time,126
1879.T,2025-11-25,2026-03-31,1876.3,1935.0,1876.3,3.13,time,126
1882.T,2025-07-09,2025-10-01,1489.5,1473.1,1489.5,-1.1,stop_breakeven,84
1882.T,2025-11-21,2026-03-27,1572.6,1750.0,1572.6,11.28,time,126
1885.T,2025-05-29,2025-06-02,1443.2,1460.6,1213.3,1.2,ma200_breach,4
1885.T,2025-06-23,2025-10-27,1471.3,2502.2,1471.3,70.07,time,126
1888.T,2025-06-27,2025-10-31,4013.2,4657.8,4013.2,16.06,time,126
1893.T,2025-06-23,2025-10-27,887.7,1447.5,887.7,63.06,time,126
1899.T,2025-09-02,2026-01-06,5889.8,7680.0,5889.8,30.39,time,126
1925.T,2025-01-31,2025-02-03,4662.0,4644.8,4401.2,-0.37,ma200_breach,3
1925.T,2025-02-05,2025-02-25,4668.6,4685.8,4401.2,0.37,ma200_breach,20
1925.T,2025-07-17,2025-08-04,4794.5,4895.0,4668.8,2.1,earnings_close,18
1925.T,2025-08-06,2025-11-12,4968.5,5387.0,4968.5,8.42,earnings_close,98
1926.T,2025-02-07,2025-02-25,2437.9,2398.4,2026.4,-1.62,ma200_breach,18
1926.T,2025-05-29,2025-06-02,2766.1,2838.7,2401.9,2.63,ma200_breach,4
1926.T,2025-07-02,2025-11-05,2852.3,3185.8,2852.3,11.69,time,126
1929.T,2025-07-14,2025-11-17,1112.9,1184.1,1112.9,6.4,time,126
1930.T,2025-07-10,2025-11-13,1179.1,1395.5,1179.1,18.35,time,126
1934.T,2025-05-29,2025-06-02,1916.6,1893.2,1611.8,-1.22,ma200_breach,4
1934.T,2025-06-17,2025-10-21,1920.5,2581.6,1920.5,34.42,time,126
1934.T,2025-10-27,2025-10-29,2789.7,2526.3,2551.5,-9.44,stop_base,2
1938.T,2025-06-19,2025-10-23,1702.7,1976.9,1702.7,16.11,time,126
1938.T,2025-10-27,2026-03-02,2021.5,3052.6,2021.5,51.01,time,126
1941.T,2025-08-01,2025-12-05,3630.2,4260.2,3630.2,17.36,time,126
1942.T,2025-01-31,2025-02-03,2383.6,2473.1,2117.7,3.75,ma200_breach,3
1942.T,2025-02-05,2025-02-25,2534.3,2417.1,2117.7,-4.62,ma200_breach,20
1942.T,2025-05-29,2025-06-02,2918.2,2903.6,2583.7,-0.5,ma200_breach,4
1942.T,2025-06-10,2025-06-13,2952.4,3009.0,2670.1,1.92,ma200_breach,3
1942.T,2025-06-16,2025-10-20,3110.6,4293.7,3110.6,38.04,time,126
1942.T,2025-10-23,2026-02-26,4398.4,6577.3,4398.4,49.54,time,126
1944.T,2025-05-29,2025-06-02,3830.1,3846.7,3219.1,0.43,ma200_breach,4
1944.T,2025-06-10,2025-06-13,3863.4,3886.9,3349.4,0.61,ma200_breach,3
1944.T,2025-06-16,2025-10-20,3962.2,5085.6,3962.2,28.35,time,126
1944.T,2025-10-24,2026-02-27,5236.1,8406.3,5236.1,60.54,time,126
1945.T,2025-07-01,2025-11-04,1312.3,1780.0,1312.3,35.64,time,126
1945.T,2025-11-05,2026-01-28,1821.2,1781.0,1821.2,-2.21,stop_breakeven,84
1946.T,2025-06-17,2025-10-21,1144.3,1383.9,1144.3,20.94,time,126
1946.T,2025-10-22,2026-02-25,1427.9,2232.7,1427.9,56.36,time,126
1950.T,2025-06-19,2025-10-23,2490.2,2758.4,2490.2,10.77,time,126
1950.T,2025-11-07,2026-03-13,2894.0,4789.2,2894.0,65.49,time,126
1951.T,2025-02-10,2025-02-25,1709.6,1665.6,1576.7,-2.57,ma200_breach,15
1951.T,2025-07-04,2025-11-07,1812.7,2256.5,1812.7,24.48,time,126
1951.T,2025-11-12,2026-03-18,2285.2,2746.6,2285.2,20.19,time,126
1952.T,2025-06-16,2025-10-20,2250.7,2893.7,2250.7,28.57,time,126
1952.T,2025-11-13,2025-11-18,3091.6,2787.9,2812.4,-9.83,stop_base,5
1959.T,2025-09-10,2025-10-29,7132.8,7813.0,7132.8,9.54,earnings_close,49
1959.T,2025-10-31,2026-01-29,8048.8,8218.5,6812.6,2.11,earnings_close,90
1961.T,2025-02-13,2025-02-25,998.5,1020.4,998.5,2.19,ma200_breach,12
1961.T,2025-06-09,2025-06-13,1284.1,1258.3,1082.4,-2.01,ma200_breach,4
1961.T,2025-06-17,2025-10-21,1306.7,1628.3,1306.7,24.61,time,126
1961.T,2025-10-27,2026-03-02,1754.5,2564.6,1754.5,46.17,time,126
1963.T,2025-10-22,2026-02-25,1589.5,2262.0,1589.5,42.31,time,126
1964.T,2025-09-10,2026-01-14,3918.0,4404.1,3918.0,12.41,time,126
1968.T,2025-10-20,2025-12-19,2118.1,2114.2,2118.1,-0.18,stop_breakeven,60
1969.T,2025-06-16,2025-10-20,3354.5,4144.6,3354.5,23.55,time,126
1969.T,2025-10-27,2025-11-18,4387.9,4181.1,4387.9,-4.71,stop_breakeven,22
1975.T,2025-06-30,2025-11-04,2390.7,3135.8,2390.7,31.16,time,127
1975.T,2025-11-06,2025-11-18,3204.1,2815.3,2900.3,-12.13,stop_base,12
1976.T,2025-05-29,2025-06-02,1410.6,1429.0,1236.2,1.3,ma200_breach,4
1976.T,2025-06-23,2025-10-27,1463.6,1648.3,1463.6,12.62,time,126
1979.T,2025-07-31,2025-08-06,2639.3,2722.8,2410.2,3.16,earnings_close,6
1979.T,2025-08-08,2025-12-12,2843.1,3232.8,2843.1,13.71,time,126
1980.T,2025-02-10,2025-02-25,1234.8,1140.8,1095.3,-7.61,ma200_breach,15
1980.T,2025-06-09,2025-06-13,1423.0,1345.5,1243.9,-5.44,ma200_breach,4
1980.T,2025-06-30,2025-11-04,1434.3,2256.2,1434.3,57.3,time,127
1980.T,2025-11-07,2025-12-02,2262.7,2256.2,2262.7,-0.29,stop_breakeven,25
1982.T,2025-02-05,2025-02-14,1907.0,1659.6,1707.7,-12.97,stop_base,9
1982.T,2025-11-26,2026-04-01,2322.7,2868.0,2322.7,23.48,time,126
2053.T,2025-07-14,2025-10-14,1598.6,1592.3,1598.6,-0.4,stop_breakeven,92
2053.T,2025-11-20,2026-03-23,1708.0,1682.5,1708.0,-1.49,stop_breakeven,123
2060.T,2025-07-09,2025-11-04,991.1,984.9,991.1,-0.63,stop_breakeven,118
2108.T,2025-09-03,2026-01-07,2739.9,3755.9,2739.9,37.08,time,126
2117.T,2025-08-06,2025-12-10,2277.6,2736.6,2277.6,20.15,time,126
2120.T,2025-07-29,2025-11-13,185.4,176.0,185.4,-5.06,stop_breakeven,107
2121.T,2025-02-05,2025-02-25,3071.3,3395.8,3071.3,10.57,ma200_breach,20
2121.T,2025-06-11,2025-06-13,3274.1,3216.6,2957.7,-1.76,ma200_breach,2
2121.T,2025-06-30,2025-08-01,3336.4,3063.2,3149.4,-8.19,stop_base,32
2121.T,2025-09-16,2025-10-14,3211.8,3004.2,3029.6,-6.46,stop_base,28
2124.T,2025-06-26,2025-10-29,967.2,962.4,967.2,-0.5,stop_breakeven,125
2124.T,2025-11-20,2026-02-16,1042.7,902.0,962.4,-13.49,stop_base,88
2127.T,2025-06-17,2025-10-14,684.4,679.5,684.4,-0.72,stop_breakeven,119
2127.T,2025-10-24,2026-02-27,775.5,706.0,668.3,-8.96,time,126
2130.T,2025-02-04,2025-02-25,1084.5,1162.8,1084.5,7.22,ma200_breach,21
2130.T,2025-06-12,2025-06-13,1229.6,1215.1,1056.9,-1.18,ma200_breach,1
2130.T,2025-06-17,2025-10-21,1233.5,1230.6,1056.9,-0.24,time,126
2163.T,2025-06-23,2025-10-27,1876.0,1959.4,1876.0,4.44,time,126
2157.T,2025-09-16,2025-10-02,1467.7,1294.6,1322.9,-11.79,stop_base,16
2181.T,2025-07-17,2025-08-12,277.9,259.5,277.9,-6.61,stop_breakeven,26
2206.T,2025-09-04,2026-01-08,5053.0,5410.0,5053.0,7.07,time,126
2207.T,2025-08-07,2025-10-03,2120.3,2115.4,2120.3,-0.23,stop_breakeven,57
2212.T,2025-08-20,2025-10-28,3477.6,3132.8,3003.1,-9.92,earnings_close,69
2217.T,2025-01-31,2025-02-03,1628.4,1591.8,1480.3,-2.25,ma200_breach,3
2217.T,2025-02-07,2025-02-25,1640.3,1650.2,1506.4,0.6,ma200_breach,18
2222.T,2025-01-30,2025-02-03,2222.5,2215.2,1968.9,-0.33,ma200_breach,4
2222.T,2025-02-04,2025-02-25,2412.6,2321.9,1968.9,-3.76,ma200_breach,21
2264.T,2025-11-21,2026-02-10,3759.3,4130.6,3759.3,9.88,earnings_close,81
2270.T,2025-09-05,2025-11-12,2929.2,2836.1,2655.7,-3.18,earnings_close,68
2270.T,2025-11-21,2026-03-27,2943.7,3225.0,2943.7,9.56,time,126
2281.T,2025-07-28,2025-10-31,2474.8,2438.8,2474.8,-1.45,stop_breakeven,95
2282.T,2025-09-03,2026-01-07,5604.2,6502.4,5604.2,16.03,time,126
2288.T,2025-07-25,2025-10-09,1821.5,1794.3,1821.5,-1.49,stop_breakeven,76
2288.T,2025-11-12,2026-03-18,2068.8,2269.6,2068.8,9.7,time,126
2296.T,2025-05-30,2025-06-02,4736.9,4755.8,4005.6,0.4,ma200_breach,3
2296.T,2025-07-02,2025-11-05,4777.3,5277.7,4777.3,10.47,time,126
2317.T,2025-08-01,2025-12-05,462.7,494.6,462.7,6.88,time,126
2325.T,2025-08-27,2025-09-08,6291.8,6272.0,6291.8,-0.31,stop_breakeven,12
2326.T,2025-02-04,2025-02-25,6406.6,6034.9,5516.5,-5.8,ma200_breach,21
2326.T,2025-06-24,2025-10-28,7728.8,7537.2,6419.3,-2.48,time,126
2327.T,2025-02-05,2025-02-25,4141.2,3880.9,3653.5,-6.29,ma200_breach,20
2335.T,2025-06-24,2025-10-01,1099.7,1094.5,1099.7,-0.47,stop_breakeven,99
2337.T,2025-08-26,2025-10-15,418.5,359.1,363.0,-14.19,stop_base,50
2353.T,2025-06-09,2025-06-13,240.5,243.4,226.9,1.21,ma200_breach,4
2353.T,2025-06-16,2025-10-20,246.3,275.0,246.3,11.64,time,126
2353.T,2025-11-26,2025-12-08,283.0,260.0,264.0,-8.13,stop_base,12
2359.T,2025-08-29,2025-11-17,1979.6,1976.6,1979.6,-0.15,stop_breakeven,80
2371.T,2025-02-06,2025-02-25,2383.3,2172.6,2175.5,-8.84,ma200_breach,19
2371.T,2025-08-06,2025-09-29,2848.5,2495.5,2512.5,-12.39,stop_base,54
2378.T,2025-08-05,2025-09-30,1167.8,1161.5,1167.8,-0.54,stop_breakeven,56
2384.T,2025-06-27,2025-10-31,2828.2,3310.7,2828.2,17.06,time,126
2384.T,2025-11-13,2026-03-19,3657.3,4045.0,3657.3,10.6,time,126
2410.T,2025-06-25,2025-10-29,1801.1,2175.0,1801.1,20.76,time,126
2410.T,2025-11-10,2026-03-16,2251.0,2443.0,2251.0,8.53,time,126
2413.T,2025-08-07,2025-08-28,2210.0,2199.5,2210.0,-0.48,stop_breakeven,21
2413.T,2025-11-13,2025-12-11,2629.5,2079.0,2085.5,-20.94,stop_base,28
2429.T,2025-06-18,2025-10-22,2116.2,2439.7,2116.2,15.29,time,126
2429.T,2025-11-14,2026-02-02,2501.5,2485.0,2501.5,-0.66,stop_breakeven,80
2461.T,2025-07-08,2025-11-11,448.4,508.1,448.4,13.33,time,126
2461.T,2025-11-12,2026-03-03,513.0,460.0,465.7,-10.33,stop_base,111
2492.T,2025-08-01,2025-08-20,436.7,397.0,399.8,-9.09,stop_base,19
2501.T,2025-02-19,2025-02-25,1562.6,1506.8,1335.3,-3.57,ma200_breach,6
2502.T,2025-07-01,2025-07-15,1919.6,1809.8,1815.0,-5.72,stop_base,14
2531.T,2025-01-20,2025-02-03,1310.6,1295.8,1217.5,-1.13,ma200_breach,14
2531.T,2025-07-23,2025-11-26,1228.0,1455.6,1228.0,18.53,time,126
2533.T,2025-05-29,2025-06-02,489.3,529.5,415.0,8.2,ma200_breach,4
2533.T,2025-07-04,2025-08-27,581.3,578.4,581.3,-0.51,stop_breakeven,54
2540.T,2025-01-22,2025-02-03,2512.7,2549.1,2437.9,1.45,ma200_breach,12
2540.T,2025-02-04,2025-02-25,2561.9,2530.4,2437.9,-1.23,ma200_breach,21
2540.T,2025-06-18,2025-10-22,3185.0,4480.0,3185.0,40.66,time,126
2540.T,2025-10-23,2026-01-06,4545.0,4465.0,4545.0,-1.76,stop_breakeven,75
2579.T,2025-11-13,2026-03-19,2652.3,3751.0,2652.3,41.43,time,126
2659.T,2025-01-30,2025-02-03,2767.2,2732.6,2595.2,-1.25,ma200_breach,4
2659.T,2025-02-06,2025-02-25,2793.3,2768.1,2595.2,-0.9,ma200_breach,19
2659.T,2025-06-23,2025-07-04,2885.9,2756.3,2777.4,-4.49,stop_base,11
2659.T,2025-07-17,2025-08-29,2905.2,2738.0,2756.3,-5.75,stop_base,43
2664.T,2025-11-21,2025-12-11,2966.4,2803.8,2805.8,-5.48,stop_base,20
2676.T,2025-06-11,2025-06-13,2056.7,2057.7,1925.2,0.05,ma200_breach,2
2676.T,2025-06-16,2025-07-03,2106.8,1913.1,1942.0,-9.19,stop_base,17
2692.T,2025-07-25,2025-08-29,10023.3,9973.7,10023.3,-0.5,stop_breakeven,35
2692.T,2025-11-14,2026-03-23,10800.0,12990.0,10800.0,20.28,time,129
2726.T,2025-01-23,2025-02-03,1636.0,1621.7,1398.3,-0.88,ma200_breach,11
2726.T,2025-07-09,2025-10-06,1990.5,2281.2,1990.5,14.61,earnings_close,89
2730.T,2025-01-30,2025-02-03,1782.4,1757.3,1703.2,-1.41,ma200_breach,4
2730.T,2025-06-11,2025-06-13,1951.6,1942.8,1796.0,-0.45,ma200_breach,2
2730.T,2025-06-17,2025-07-22,1975.1,1961.4,1975.1,-0.69,stop_breakeven,35
2730.T,2025-09-10,2025-11-06,2105.3,1918.6,1927.1,-8.87,stop_base,57
2734.T,2025-05-29,2025-06-02,894.3,924.9,827.3,3.42,ma200_breach,4
2734.T,2025-06-27,2025-10-31,939.7,1036.3,939.7,10.28,time,126
2734.T,2025-11-21,2026-03-11,1097.4,1087.0,1097.4,-0.95,stop_breakeven,110
2737.T,2025-10-27,2026-03-02,7759.9,13175.6,7759.9,69.79,time,126
2742.T,2025-07-16,2025-10-02,4866.5,4814.2,4866.5,-1.07,stop_breakeven,78
2768.T,2025-07-23,2025-11-26,3587.8,4460.2,3587.8,24.32,time,126
2802.T,2025-02-04,2025-02-19,3194.2,2991.8,3006.0,-6.34,stop_base,15
2802.T,2025-06-25,2025-10-29,3715.2,4175.8,3715.2,12.4,time,126
2802.T,2025-10-31,2025-11-04,4349.8,4414.5,4143.9,1.49,earnings_close,4
2815.T,2025-02-10,2025-02-25,5643.2,5595.5,4751.9,-0.84,ma200_breach,15
2815.T,2025-05-29,2025-06-02,6275.2,6255.8,5567.1,-0.31,ma200_breach,4
2815.T,2025-06-09,2025-06-13,6410.9,6294.6,5567.1,-1.82,ma200_breach,4
2815.T,2025-06-23,2025-08-06,6420.6,6507.9,5809.6,1.36,earnings_close,44
2874.T,2025-08-22,2025-12-26,1132.5,1313.4,1132.5,15.97,time,126
2914.T,2025-07-17,2025-07-30,4240.1,4194.1,4061.2,-1.08,earnings_close,13
2914.T,2025-08-01,2025-10-29,4481.5,4797.2,4481.5,7.04,earnings_close,89
2914.T,2025-10-31,2026-03-06,5243.9,5714.0,5243.9,8.96,time,126
2918.T,2025-07-04,2025-11-07,2347.5,3046.6,2347.5,29.78,time,126
2975.T,2025-01-20,2025-02-03,763.9,823.9,763.9,7.85,ma200_breach,14
2975.T,2025-02-10,2025-02-25,830.6,836.4,724.3,0.7,ma200_breach,15
2975.T,2025-05-29,2025-06-02,994.3,1038.5,881.9,4.44,ma200_breach,4
2975.T,2025-08-01,2025-12-05,1009.0,1214.0,1009.0,20.32,time,126
2982.T,2025-07-07,2025-11-10,304.6,462.7,304.6,51.92,time,126
2982.T,2025-11-14,2025-11-18,476.4,431.5,440.3,-9.43,stop_base,4
3002.T,2025-07-02,2025-11-05,3448.7,3572.1,3448.7,3.58,time,126
3002.T,2025-11-12,2026-03-18,3733.3,4155.5,3733.3,11.31,time,126
3003.T,2025-08-05,2025-12-09,1496.7,1652.6,1496.7,10.42,time,126
3028.T,2025-06-26,2025-07-01,2397.7,2259.2,2260.6,-5.78,stop_base,5
3028.T,2025-08-01,2025-10-10,2419.5,2246.3,2247.3,-7.16,stop_base,70
3034.T,2025-07-16,2025-11-19,1887.5,2187.4,1887.5,15.89,time,126
3034.T,2025-11-20,2025-12-17,2207.2,2167.7,2207.2,-1.79,stop_breakeven,27
3036.T,2025-06-18,2025-10-22,1756.4,2169.2,1756.4,23.5,time,126
3036.T,2025-10-23,2026-02-26,2172.2,3083.4,2172.2,41.95,time,126
3040.T,2025-06-11,2025-06-13,1313.1,1274.4,1172.8,-2.95,ma200_breach,2
3040.T,2025-06-24,2025-10-28,1320.9,1832.1,1320.9,38.71,time,126
3046.T,2025-01-29,2025-02-03,6758.2,6816.8,6006.2,0.87,ma200_breach,5
3046.T,2025-02-06,2025-02-25,7061.0,6748.4,6201.5,-4.43,ma200_breach,19
3046.T,2025-07-09,2025-07-14,8716.3,7801.4,8027.6,-10.5,stop_base,5
3046.T,2025-09-04,2025-10-02,8700.8,8433.2,8700.8,-3.08,stop_breakeven,28
3064.T,2025-02-04,2025-02-06,2799.5,2778.3,2799.5,-0.76,stop_breakeven,2
3076.T,2025-09-12,2026-01-16,2719.0,2843.0,2719.0,4.56,time,126
3086.T,2025-01-30,2025-02-03,2101.1,2072.7,1827.0,-1.35,ma200_breach,4
3086.T,2025-02-04,2025-02-25,2109.3,1879.5,1838.6,-10.9,ma200_breach,21
3086.T,2025-07-23,2025-11-26,2017.9,2217.4,2017.9,9.89,time,126
3087.T,2025-06-11,2025-06-13,2660.0,2640.4,2566.9,-0.74,ma200_breach,2
3087.T,2025-08-20,2025-10-28,2572.8,2408.7,2424.8,-6.38,stop_base,69
3088.T,2025-07-08,2025-08-29,3011.8,2995.1,3011.8,-0.55,stop_breakeven,52
3092.T,2025-01-28,2025-01-30,1606.1,1621.7,1511.9,0.97,earnings_close,2
3097.T,2025-08-08,2025-10-09,4096.9,4086.9,4096.9,-0.24,stop_breakeven,62
3097.T,2025-11-21,2025-12-11,4291.0,4241.3,4291.0,-1.16,stop_breakeven,20
3101.T,2025-08-26,2025-12-30,1050.9,1223.8,1050.9,16.45,time,126
3104.T,2025-07-30,2025-12-03,1921.9,2510.1,1921.9,30.6,time,126
3105.T,2025-08-25,2025-12-29,1081.4,1330.0,1081.4,22.99,time,126
3106.T,2025-01-30,2025-02-03,5445.0,5369.4,5057.4,-1.39,ma200_breach,4
3106.T,2025-02-07,2025-02-25,5501.7,5492.3,5104.7,-0.17,ma200_breach,18
3106.T,2025-05-29,2025-06-02,6599.3,6830.8,5480.1,3.51,ma200_breach,4
3106.T,2025-07-25,2025-08-26,7496.5,7419.4,7496.5,-1.03,stop_breakeven,32
3106.T,2025-10-23,2026-02-26,7254.3,9685.5,7254.3,33.51,time,126
3116.T,2025-07-11,2025-07-30,2002.7,2170.5,2002.7,8.38,earnings_close,19
3116.T,2025-08-05,2025-10-29,2184.0,2378.3,2184.0,8.9,earnings_close,85
3132.T,2025-08-05,2025-08-26,1968.7,1961.4,1968.7,-0.37,stop_breakeven,21
3132.T,2025-11-11,2026-03-09,2316.8,2300.5,2316.8,-0.7,stop_breakeven,118
3139.T,2025-06-12,2025-06-13,3582.4,3577.5,3226.9,-0.14,ma200_breach,1
3139.T,2025-06-16,2025-10-15,3646.0,3343.0,3646.0,-8.31,stop_breakeven,121
3148.T,2025-08-08,2025-12-12,3527.0,3310.0,3102.8,-6.15,time,126
3153.T,2025-08-04,2025-12-08,1822.6,2760.5,1822.6,51.46,time,126
3154.T,2025-05-29,2025-06-02,960.9,961.9,903.2,0.1,ma200_breach,4
3167.T,2025-08-01,2025-12-05,1053.6,1028.1,954.8,-2.42,time,126
3179.T,2025-10-23,2025-11-12,1313.3,1157.6,1162.4,-11.85,stop_base,20
3180.T,2025-07-25,2025-09-11,1716.7,1511.0,1516.0,-11.98,stop_base,48
3182.T,2025-01-29,2025-02-03,1477.0,1452.3,1237.4,-1.68,ma200_breach,5
3182.T,2025-06-11,2025-06-13,1709.6,1627.5,1447.3,-4.81,ma200_breach,2
3182.T,2025-06-30,2025-08-27,1716.6,1678.0,1716.6,-2.25,stop_breakeven,58
3182.T,2025-10-22,2025-11-18,1808.7,1511.4,1571.0,-16.44,stop_base,27
3183.T,2025-06-23,2025-10-27,1304.4,1278.4,1207.2,-1.99,time,126
3186.T,2025-08-06,2025-12-10,2003.0,2644.0,2003.0,32.0,time,126
3197.T,2025-02-14,2025-02-25,2588.9,2450.3,2272.0,-5.35,ma200_breach,11
3197.T,2025-08-19,2025-10-24,3051.8,2860.6,2862.1,-6.27,stop_base,66
3201.T,2025-05-29,2025-06-02,1456.9,1475.6,1338.8,1.28,ma200_breach,4
3201.T,2025-08-20,2025-12-24,1478.5,1775.0,1478.5,20.05,time,126
3231.T,2025-07-11,2025-07-18,831.8,797.7,800.8,-4.1,stop_base,7
3231.T,2025-08-06,2025-11-04,859.2,849.1,859.2,-1.17,stop_breakeven,90
3245.T,2025-02-12,2025-02-25,991.3,1000.9,924.8,0.96,ma200_breach,13
3245.T,2025-06-11,2025-06-13,1109.3,1113.1,1036.1,0.34,ma200_breach,2
3245.T,2025-06-19,2025-10-09,1149.3,1142.0,1149.3,-0.63,stop_breakeven,112
3245.T,2025-11-21,2025-12-02,1178.0,1090.0,1095.0,-7.47,stop_base,11
3252.T,2025-07-25,2025-11-28,2262.1,2951.5,2262.1,30.47,time,126
3276.T,2025-08-27,2026-01-05,1286.6,1263.0,1135.3,-1.84,time,131
3284.T,2025-07-01,2025-11-04,1183.0,1228.1,1183.0,3.81,time,126
3288.T,2025-06-18,2025-10-22,6235.7,7481.7,6235.7,19.98,time,126
3288.T,2025-11-10,2026-03-16,7689.6,10101.0,7689.6,31.36,time,126
3289.T,2025-08-01,2025-12-05,1071.3,1380.8,1071.3,28.89,time,126
3302.T,2025-08-01,2025-12-05,3018.9,3417.2,3018.9,13.19,time,126
3349.T,2025-06-30,2025-07-14,9099.6,8809.1,9099.6,-3.19,stop_breakeven,14
3349.T,2025-07-17,2025-09-02,9580.2,8720.5,8746.4,-8.97,stop_base,47
3387.T,2025-01-28,2025-02-03,657.7,658.2,573.4,0.08,ma200_breach,6
3387.T,2025-06-19,2025-10-23,712.9,762.8,712.9,6.99,time,126
3387.T,2025-11-21,2026-01-28,782.7,724.9,728.9,-7.39,stop_base,68
3388.T,2025-07-23,2025-11-26,1844.0,2300.5,1844.0,24.75,time,126
3391.T,2025-07-16,2025-07-29,2293.1,2164.7,2180.4,-5.6,stop_base,13
3391.T,2025-09-02,2025-10-01,2319.8,2312.3,2319.8,-0.32,stop_breakeven,29
3391.T,2025-10-21,2026-01-13,2551.3,2497.2,2551.3,-2.12,stop_breakeven,84
3393.T,2025-02-12,2025-02-25,2161.7,2170.9,2000.0,0.43,ma200_breach,13
3393.T,2025-09-16,2025-11-10,2598.9,2524.5,2598.9,-2.86,stop_breakeven,55
3397.T,2025-07-07,2025-11-10,4271.2,4472.7,4271.2,4.72,time,126
3402.T,2025-01-21,2025-02-03,1008.0,1019.6,930.7,1.16,ma200_breach,13
3402.T,2025-02-04,2025-02-12,1057.1,915.8,960.6,-13.37,stop_base,8
3402.T,2025-05-29,2025-06-02,986.7,975.9,866.0,-1.09,ma200_breach,4
3402.T,2025-08-07,2025-08-08,1033.7,933.8,954.9,-9.67,stop_base,1
3405.T,2025-01-22,2025-02-03,2239.3,2107.6,2029.9,-5.88,ma200_breach,12
3415.T,2025-07-16,2025-09-19,461.4,458.4,461.4,-0.64,stop_breakeven,65
3433.T,2025-08-25,2025-11-07,2024.2,1995.3,2024.2,-1.42,stop_breakeven,74
3443.T,2025-06-17,2025-10-21,1197.6,1291.3,1197.6,7.82,time,126
3443.T,2025-10-23,2025-11-17,1360.1,1263.4,1265.1,-7.11,stop_base,25
3465.T,2025-01-28,2025-02-03,2057.9,2013.0,1906.7,-2.18,ma200_breach,6
3465.T,2025-02-12,2025-02-25,2209.1,2095.7,1906.7,-5.13,ma200_breach,13
3465.T,2025-07-31,2025-12-04,2334.9,3008.9,2334.9,28.86,time,126
3475.T,2025-01-27,2025-02-03,902.6,887.0,782.2,-1.72,ma200_breach,7
3475.T,2025-07-10,2025-11-13,1132.6,1308.0,1132.6,15.49,time,126
3480.T,2025-06-09,2025-06-13,3721.2,3692.0,3312.6,-0.78,ma200_breach,4
3480.T,2025-06-16,2025-09-01,3755.3,3696.9,3755.3,-1.55,stop_breakeven,77
3480.T,2025-09-25,2025-10-30,3959.6,3620.0,3682.3,-8.58,stop_base,35
3482.T,2025-07-04,2025-08-12,2708.3,2646.2,2708.3,-2.3,stop_breakeven,39
3482.T,2025-08-19,2025-10-02,2938.6,2914.3,2938.6,-0.83,stop_breakeven,44
3482.T,2025-10-24,2025-11-04,3196.0,2812.3,2900.7,-12.01,stop_base,11
3486.T,2025-02-12,2025-02-25,1516.8,1716.7,1516.8,13.17,ma200_breach,13
3486.T,2025-06-09,2025-06-13,2050.4,1932.9,1767.2,-5.73,ma200_breach,4
3486.T,2025-07-22,2025-11-18,2142.8,2099.5,2142.8,-2.02,stop_breakeven,119
3496.T,2025-02-07,2025-02-25,3692.9,3244.0,3166.7,-12.16,ma200_breach,18
3496.T,2025-06-09,2025-06-13,4238.4,4180.5,3702.6,-1.37,ma200_breach,4
3496.T,2025-06-16,2025-10-20,4257.7,4846.1,4257.7,13.82,time,126
3496.T,2025-11-13,2026-01-27,5156.7,4634.1,4653.8,-10.13,stop_base,75
3498.T,2025-09-29,2025-10-27,9880.0,8390.0,8620.0,-15.08,stop_base,28
3501.T,2025-09-26,2026-01-30,1205.8,1270.0,1205.8,5.33,time,126
3543.T,2025-07-08,2025-10-09,2980.2,2974.3,2980.2,-0.2,stop_breakeven,93
3548.T,2025-06-17,2025-10-21,755.0,724.5,677.8,-4.04,time,126
3549.T,2025-06-30,2025-10-03,3623.5,3559.6,3623.5,-1.76,stop_breakeven,95
3549.T,2025-11-21,2025-12-17,4019.0,3652.0,3686.4,-9.13,stop_base,26
3561.T,2025-06-25,2025-09-30,1439.1,1435.5,1439.1,-0.25,stop_breakeven,97
3563.T,2025-02-05,2025-02-25,3507.1,4144.3,3507.1,18.17,ma200_breach,20
3563.T,2025-06-27,2025-10-09,6925.5,6870.0,6925.5,-0.8,stop_breakeven,104
3591.T,2025-01-21,2025-02-03,5312.9,5156.8,4917.2,-2.94,ma200_breach,13
3593.T,2025-01-28,2025-02-03,4849.7,4731.4,4672.2,-2.44,ma200_breach,6
3593.T,2025-02-14,2025-02-25,4874.3,4731.4,4672.2,-2.93,ma200_breach,11
3593.T,2025-11-26,2026-04-01,5910.0,6640.0,5910.0,12.35,time,126
3608.T,2025-07-09,2025-07-18,1105.4,1095.7,1105.4,-0.87,stop_breakeven,9
3612.T,2025-06-19,2025-10-23,1247.0,1371.6,1247.0,10.0,time,126
3612.T,2025-11-14,2026-03-23,1400.1,1421.0,1400.1,1.49,time,129
3626.T,2025-02-12,2025-02-25,3694.6,3777.3,3263.6,2.24,ma200_breach,13
3626.T,2025-05-29,2025-06-02,4625.5,4653.9,3908.2,0.62,ma200_breach,4
3626.T,2025-06-11,2025-06-13,4671.6,4701.0,3987.7,0.63,ma200_breach,2
3626.T,2025-06-18,2025-09-29,4790.3,4780.7,4790.3,-0.2,stop_breakeven,103
3626.T,2025-10-30,2026-01-26,5173.3,4649.2,4658.1,-10.13,stop_base,88
3635.T,2025-01-28,2025-02-03,1858.5,1820.7,1622.7,-2.04,ma200_breach,6
3635.T,2025-02-05,2025-02-25,1905.7,1902.4,1622.7,-0.17,ma200_breach,20
3636.T,2025-08-18,2025-10-02,4806.7,4796.6,4806.7,-0.21,stop_breakeven,45
3659.T,2025-11-12,2026-02-02,3678.1,3612.0,3678.1,-1.8,stop_breakeven,82
3660.T,2025-07-09,2025-09-05,574.0,573.0,574.0,-0.17,stop_breakeven,58
3661.T,2025-02-17,2025-02-25,825.3,722.8,716.0,-12.42,ma200_breach,8
3661.T,2025-08-01,2025-09-22,1063.4,1053.1,1063.4,-0.97,stop_breakeven,52
3662.T,2025-06-09,2025-06-13,1179.7,1150.5,983.4,-2.47,ma200_breach,4
3662.T,2025-07-04,2025-07-30,1229.2,1214.9,1229.2,-1.17,stop_breakeven,26
3663.T,2025-01-29,2025-02-03,1422.8,1326.0,1200.0,-6.8,ma200_breach,5
3663.T,2025-06-24,2025-10-28,1517.6,1695.8,1517.6,11.74,time,126
3673.T,2025-06-12,2025-06-13,722.1,712.1,663.5,-1.37,ma200_breach,1
3673.T,2025-06-24,2025-08-13,724.0,720.6,724.0,-0.48,stop_breakeven,50
3673.T,2025-11-21,2026-01-28,750.4,678.0,689.7,-9.65,stop_base,68
3676.T,2025-09-29,2025-10-02,1006.1,914.4,926.5,-9.11,stop_base,3
3678.T,2025-06-11,2025-06-13,1789.0,1710.0,1603.6,-4.42,ma200_breach,2
3678.T,2025-08-13,2025-11-04,1742.2,1741.2,1742.2,-0.06,stop_breakeven,83
3687.T,2025-10-07,2025-11-17,2213.0,1681.0,1722.3,-24.04,stop_base,41
3708.T,2025-08-01,2025-12-05,1288.0,1464.3,1288.0,13.68,time,126
3762.T,2025-01-29,2025-02-03,2396.4,2318.3,2081.2,-3.26,ma200_breach,5
3763.T,2025-01-28,2025-02-03,766.9,716.7,719.1,-6.55,ma200_breach,6
3763.T,2025-06-25,2025-10-29,1334.4,1452.1,1334.4,8.83,time,126
3763.T,2025-11-17,2025-12-01,1599.1,1533.9,1599.1,-4.08,stop_breakeven,14
3765.T,2025-02-06,2025-02-17,3278.9,2924.0,3027.2,-10.82,stop_base,11
3771.T,2025-06-12,2025-06-13,1807.2,1759.2,1671.8,-2.66,ma200_breach,1
3771.T,2025-06-16,2025-10-20,1808.1,2015.4,1808.1,11.46,time,126
3771.T,2025-10-27,2025-11-04,2125.8,1929.0,1948.2,-9.26,stop_base,8
3817.T,2025-02-05,2025-02-25,4106.8,4097.4,3815.1,-0.23,ma200_breach,20
3817.T,2025-05-29,2025-06-02,4433.6,4424.0,4053.7,-0.22,ma200_breach,4
3817.T,2025-07-17,2025-11-20,4510.5,4982.6,4510.5,10.47,time,126
3817.T,2025-11-25,2026-02-13,5119.7,4889.6,5119.7,-4.49,stop_breakeven,80
3837.T,2025-02-07,2025-02-25,979.5,1027.6,881.8,4.91,ma200_breach,18
3837.T,2025-06-27,2025-10-31,1126.7,1442.6,1126.7,28.04,time,126
3843.T,2025-05-29,2025-06-02,1511.5,1496.9,1361.9,-0.97,ma200_breach,4
3843.T,2025-06-09,2025-06-13,1527.1,1538.7,1420.1,0.76,ma200_breach,4
3843.T,2025-07-29,2025-12-02,1408.4,1546.5,1408.4,9.81,time,126
3853.T,2025-08-18,2025-12-22,740.7,965.4,740.7,30.34,time,126
3861.T,2025-05-30,2025-06-02,656.2,658.1,580.5,0.29,ma200_breach,3
3861.T,2025-06-11,2025-06-13,670.6,660.4,616.0,-1.51,ma200_breach,2
3861.T,2025-06-18,2025-10-22,685.0,784.7,685.0,14.57,time,126
3861.T,2025-10-27,2025-11-07,803.4,755.1,758.3,-6.02,stop_base,11
3861.T,2025-11-26,2026-04-01,804.9,853.8,804.9,6.07,time,126
3863.T,2025-07-11,2025-11-06,1113.7,1056.6,1113.7,-5.13,stop_breakeven,118
3877.T,2025-05-29,2025-06-02,1553.6,1591.7,1320.4,2.45,ma200_breach,4
3877.T,2025-07-24,2025-11-27,1623.1,1758.0,1623.1,8.31,time,126
3902.T,2025-09-29,2025-10-15,610.0,447.0,529.0,-26.72,stop_base,16
3903.T,2025-08-21,2025-09-29,683.0,589.0,590.0,-13.76,stop_base,39
3916.T,2025-02-17,2025-02-25,1155.5,1200.6,1155.5,3.9,ma200_breach,8
3916.T,2025-07-17,2025-08-12,1222.8,1141.0,1222.8,-6.69,stop_breakeven,26
3916.T,2025-09-22,2026-01-26,1294.8,1327.0,1294.8,2.49,time,126
3922.T,2025-07-07,2025-11-10,2334.2,2891.9,2334.2,23.89,time,126
3923.T,2025-07-31,2025-12-04,1159.1,1140.8,1159.1,-1.58,stop_breakeven,126
3932.T,2025-01-30,2025-02-03,2872.5,2843.6,2553.6,-1.01,ma200_breach,4
3932.T,2025-02-05,2025-02-25,2938.0,2848.4,2659.6,-3.05,ma200_breach,20
3941.T,2025-11-25,2026-03-31,1064.2,1257.5,1064.2,18.16,time,126
3946.T,2025-06-18,2025-10-22,2776.6,3306.7,2776.6,19.09,time,126
3946.T,2025-11-26,2026-01-29,3395.0,3365.6,3395.0,-0.87,stop_breakeven,64
3963.T,2025-07-28,2025-09-08,604.4,532.9,533.8,-11.84,stop_base,42
3963.T,2025-09-12,2025-11-04,600.6,599.6,600.6,-0.16,stop_breakeven,53
3963.T,2025-11-11,2025-11-20,641.2,560.0,560.9,-12.67,stop_base,9
3964.T,2025-06-25,2025-10-29,783.7,974.8,783.7,24.38,time,126
3968.T,2025-02-13,2025-02-14,654.6,556.7,594.9,-14.95,stop_base,1
3968.T,2025-11-18,2025-12-10,732.6,731.6,732.6,-0.14,stop_breakeven,22
3983.T,2025-06-25,2025-08-15,2801.8,2797.9,2801.8,-0.14,stop_breakeven,51
3992.T,2025-07-28,2025-08-06,527.2,512.5,527.2,-2.79,stop_breakeven,9
3992.T,2025-09-09,2025-09-29,572.3,569.0,572.3,-0.58,stop_breakeven,20
4004.T,2025-11-17,2025-12-16,6070.8,5965.8,6070.8,-1.73,stop_breakeven,29
4022.T,2025-08-05,2025-12-09,837.9,1178.3,837.9,40.62,time,126
4023.T,2025-07-22,2025-11-25,3155.3,3780.3,3155.3,19.81,time,126
4023.T,2025-11-26,2026-04-01,3804.7,4115.0,3804.7,8.16,time,126
4028.T,2025-05-29,2025-06-02,1756.5,1797.7,1530.6,2.34,ma200_breach,4
4028.T,2025-06-19,2025-10-23,1829.2,2306.4,1829.2,26.09,time,126
4028.T,2025-10-27,2026-03-02,2403.4,3722.8,2403.4,54.9,time,126
4041.T,2025-05-30,2025-06-02,2845.5,2880.1,2478.3,1.22,ma200_breach,3
4041.T,2025-06-27,2025-10-31,2922.4,3354.2,2922.4,14.78,time,126
4041.T,2025-11-10,2026-03-16,3447.4,3623.9,3447.4,5.12,time,126
4042.T,2025-05-29,2025-06-02,2043.0,2019.6,1840.5,-1.15,ma200_breach,4
4042.T,2025-07-03,2025-11-06,2072.3,2191.7,2072.3,5.76,time,126
4043.T,2025-07-03,2025-11-06,2979.7,3724.7,2979.7,25.0,time,126
4043.T,2025-11-13,2026-02-02,3825.1,3698.1,3825.1,-3.32,stop_breakeven,81
4061.T,2025-11-21,2026-03-27,2450.4,3544.0,2450.4,44.63,time,126
4062.T,2025-08-05,2025-12-09,3425.3,6457.2,3425.3,88.51,time,126
4064.T,2025-07-08,2025-11-11,1845.7,2265.4,1845.7,22.74,time,126
4064.T,2025-11-12,2026-03-18,2294.8,2828.5,2294.8,23.26,time,126
4072.T,2025-08-18,2025-12-22,3156.0,3511.0,3156.0,11.25,time,126
4078.T,2025-07-28,2025-12-01,2699.9,2998.0,2699.9,11.04,time,126
4088.T,2025-07-08,2025-10-10,2122.8,2040.7,2122.8,-3.87,stop_breakeven,94
4095.T,2025-08-21,2025-12-25,1375.3,1408.8,1256.5,2.44,time,126
4097.T,2025-06-10,2025-06-13,1017.0,998.7,891.7,-1.8,ma200_breach,3
4097.T,2025-06-19,2025-08-14,1031.5,1023.8,1031.5,-0.75,stop_breakeven,56
4099.T,2025-09-26,2025-10-14,2279.6,2208.3,2279.6,-3.12,stop_breakeven,18
4099.T,2025-10-29,2026-03-04,2743.6,4635.0,2743.6,68.94,time,126
4116.T,2025-05-30,2025-06-02,683.5,674.7,604.9,-1.28,ma200_breach,3
4116.T,2025-07-15,2025-11-18,710.8,845.9,710.8,19.02,time,126
4118.T,2025-07-14,2025-11-17,3914.9,4098.6,3914.9,4.69,time,126
4186.T,2025-08-06,2025-12-10,4183.2,6067.2,4183.2,45.04,time,126
4189.T,2025-06-09,2025-06-13,2461.0,2421.6,2242.3,-1.6,ma200_breach,4
4189.T,2025-06-27,2025-10-31,2484.3,2701.6,2484.3,8.75,time,126
4194.T,2025-07-25,2025-09-02,11265.0,11140.0,11265.0,-1.11,stop_breakeven,39
4203.T,2025-08-25,2025-11-18,4867.7,4734.5,4867.7,-2.74,stop_breakeven,85
4204.T,2025-06-27,2025-10-31,2464.1,2634.8,2464.1,6.93,time,126
4205.T,2025-05-30,2025-06-02,1395.6,1385.5,1283.8,-0.72,ma200_breach,3
4205.T,2025-07-03,2025-11-06,1445.5,1575.9,1445.5,9.02,time,126
4220.T,2025-08-08,2025-12-12,1143.5,1475.4,1143.5,29.02,time,126
4221.T,2025-05-29,2025-06-02,4059.1,4111.9,3584.7,1.3,ma200_breach,4
4221.T,2025-06-10,2025-06-13,4121.4,4140.6,3757.2,0.47,ma200_breach,3
4221.T,2025-06-27,2025-10-31,4208.7,4870.1,4208.7,15.72,time,126
4229.T,2025-08-22,2025-12-26,3104.1,3922.6,3104.1,26.37,time,126
4246.T,2025-07-23,2025-11-26,683.8,739.3,683.8,8.12,time,126
4249.T,2025-09-26,2025-10-29,2584.6,2309.7,2324.6,-10.64,stop_base,33
4272.T,2025-09-01,2026-01-05,1385.4,1651.7,1385.4,19.22,time,126
4275.T,2025-10-23,2025-11-19,1539.8,1529.9,1539.8,-0.64,stop_breakeven,27
4301.T,2025-07-31,2025-12-04,1601.4,1780.4,1601.4,11.17,time,126
4307.T,2025-07-30,2025-12-03,5876.5,6205.2,5876.5,5.59,time,126
4310.T,2025-01-24,2025-02-03,3136.7,3163.2,2827.0,0.85,ma200_breach,10
4310.T,2025-02-04,2025-02-25,3220.7,3446.3,3220.7,7.01,ma200_breach,21
4318.T,2025-06-24,2025-10-28,735.1,791.1,735.1,7.61,time,126
4326.T,2025-07-07,2025-08-29,1774.4,1753.6,1774.4,-1.17,stop_breakeven,53
4343.T,2025-02-06,2025-02-25,3093.1,2894.2,2537.2,-6.43,ma200_breach,19
4368.T,2025-07-31,2025-12-04,1419.7,2179.7,1419.7,53.53,time,126
4373.T,2025-07-07,2025-10-17,971.8,960.8,971.8,-1.13,stop_breakeven,102
4373.T,2025-11-11,2026-01-21,1079.3,923.1,942.4,-14.47,stop_base,71
4385.T,2025-09-01,2025-10-14,2535.0,2084.5,2134.0,-17.77,stop_base,43
4390.T,2025-01-27,2025-02-03,2514.2,2463.3,2312.5,-2.02,ma200_breach,7
4390.T,2025-11-14,2025-11-18,3377.9,3338.1,3377.9,-1.18,stop_breakeven,4
4396.T,2025-06-18,2025-07-15,1256.0,1254.8,1256.0,-0.1,stop_breakeven,27
4396.T,2025-08-01,2025-08-15,1367.5,1343.8,1367.5,-1.74,stop_breakeven,14
4396.T,2025-09-16,2025-10-29,1501.1,1457.5,1501.1,-2.9,stop_breakeven,43
4401.T,2025-08-21,2025-10-14,3246.8,3244.2,3246.8,-0.08,stop_breakeven,54
4401.T,2025-10-23,2026-02-26,3436.6,4617.3,3436.6,34.36,time,126
4403.T,2025-11-21,2026-01-28,2949.8,2909.2,2949.8,-1.37,stop_breakeven,68
4413.T,2025-02-05,2025-02-25,2494.5,2459.6,2494.5,-1.4,ma200_breach,20
4413.T,2025-08-07,2025-10-01,3375.7,2614.0,2711.5,-22.57,stop_base,55
4432.T,2025-06-11,2025-06-13,3865.7,3860.9,3508.6,-0.12,ma200_breach,2
4432.T,2025-06-19,2025-07-11,4015.4,3465.2,3508.6,-13.7,stop_base,22
4433.T,2025-06-26,2025-10-30,935.2,987.0,935.2,5.54,time,126
4443.T,2025-01-29,2025-02-03,2524.0,2420.0,2123.0,-4.12,ma200_breach,5
4461.T,2025-10-03,2026-02-06,6307.1,10824.9,6307.1,71.63,time,126
4481.T,2025-06-25,2025-10-02,3404.1,3352.7,3404.1,-1.51,stop_breakeven,99
4506.T,2025-01-31,2025-02-03,610.0,710.0,533.0,16.39,ma200_breach,3
4506.T,2025-11-04,2025-11-10,2084.5,1991.0,2084.5,-4.49,stop_breakeven,6
4507.T,2025-06-09,2025-06-13,2429.4,2428.4,2137.8,-0.04,ma200_breach,4
4507.T,2025-06-23,2025-10-02,2464.5,2463.1,2464.5,-0.06,stop_breakeven,101
4507.T,2025-11-26,2026-04-01,2730.2,3627.0,2730.2,32.85,time,126
4519.T,2025-02-13,2025-02-25,7010.7,7601.1,7010.7,8.42,ma200_breach,12
4521.T,2025-01-06,2025-01-14,4293.3,3993.2,3913.4,-6.99,ma200_breach,8
4526.T,2025-08-22,2025-12-26,2836.8,2925.9,2615.3,3.14,time,126
4544.T,2025-05-13,2025-05-15,2805.8,2887.2,2384.7,2.9,ma200_breach,2
4544.T,2025-05-29,2025-06-02,2963.8,2937.8,2505.1,-0.88,ma200_breach,4
4544.T,2025-06-10,2025-06-13,3002.3,3001.4,2615.5,-0.03,ma200_breach,3
4544.T,2025-06-17,2025-10-21,3036.0,3849.8,3036.0,26.8,time,126
4544.T,2025-10-22,2025-12-11,3888.0,3236.8,3263.4,-16.75,stop_base,50
4547.T,2025-05-30,2025-06-02,4143.3,4080.5,3457.6,-1.52,ma200_breach,3
4547.T,2025-07-17,2025-10-14,4109.5,4018.9,4109.5,-2.21,stop_breakeven,89
4547.T,2025-11-21,2026-01-28,4454.5,4434.9,4454.5,-0.44,stop_breakeven,68
4549.T,2025-09-04,2026-01-08,2432.7,2500.2,2106.7,2.77,time,126
4553.T,2025-08-05,2025-08-29,3293.5,2834.1,2850.8,-13.95,stop_base,24
4554.T,2025-10-27,2026-03-02,1656.8,2339.5,1656.8,41.21,time,126
4611.T,2025-07-24,2025-11-07,1190.4,1177.0,1190.4,-1.12,stop_breakeven,106
4612.T,2025-06-09,2025-06-13,1125.0,1087.0,1024.0,-3.37,ma200_breach,4
4612.T,2025-06-26,2025-08-14,1135.8,1108.0,1135.8,-2.45,stop_breakeven,49
4617.T,2025-02-04,2025-02-21,2285.2,1987.6,2051.8,-13.02,stop_base,17
4617.T,2025-09-08,2026-01-13,3455.8,4479.0,3455.8,29.61,time,127
4626.T,2025-01-21,2025-02-03,2049.6,1935.6,1871.5,-5.56,ma200_breach,13
4626.T,2025-08-08,2025-12-12,3512.0,5001.0,3512.0,42.4,time,126
4633.T,2025-05-29,2025-06-02,1828.1,1845.3,1624.2,0.94,ma200_breach,4
4633.T,2025-06-10,2025-06-13,1893.1,1833.8,1722.8,-3.13,ma200_breach,3
4633.T,2025-06-27,2025-10-31,1914.9,2232.2,1914.9,16.57,time,126
4641.T,2025-08-13,2025-10-10,2992.6,2590.6,2601.4,-13.43,stop_base,58
4658.T,2025-01-24,2025-02-03,1004.0,955.1,941.0,-4.87,ma200_breach,10
4658.T,2025-05-29,2025-06-02,1050.9,1046.1,927.5,-0.46,ma200_breach,4
4658.T,2025-07-24,2025-11-27,1087.5,1232.3,1087.5,13.32,time,126
4662.T,2025-06-27,2025-10-31,1434.4,1568.0,1434.4,9.31,time,126
4662.T,2025-11-17,2026-02-13,1691.0,1683.2,1691.0,-0.46,stop_breakeven,88
4668.T,2025-08-14,2025-10-01,741.5,696.2,709.7,-6.11,stop_base,48
4674.T,2025-08-19,2025-11-06,1685.2,1500.8,1510.8,-10.95,stop_base,79
4676.T,2025-06-30,2025-08-08,3226.3,3209.8,3226.3,-0.51,stop_breakeven,39
4676.T,2025-09-10,2025-10-15,3583.0,3112.5,3127.5,-13.13,stop_base,35
4676.T,2025-11-10,2026-02-06,3478.5,3382.9,3478.5,-2.75,stop_breakeven,88
4680.T,2025-01-29,2025-02-03,1328.1,1286.9,1134.8,-3.1,ma200_breach,5
4680.T,2025-02-05,2025-02-25,1338.9,1130.9,1134.8,-15.53,ma200_breach,20
4680.T,2025-07-31,2025-08-29,1538.6,1494.2,1538.6,-2.89,stop_breakeven,29
4681.T,2025-01-28,2025-02-03,1553.5,1569.0,1451.5,1.0,ma200_breach,6
4681.T,2025-02-06,2025-02-25,1587.5,1478.2,1451.5,-6.88,ma200_breach,19
4681.T,2025-06-09,2025-06-13,1620.2,1614.3,1422.8,-0.36,ma200_breach,4
4681.T,2025-06-23,2025-10-27,1642.3,1848.3,1642.3,12.54,time,126
4681.T,2025-11-21,2026-02-03,1944.9,1747.7,1759.6,-10.14,stop_base,74
4686.T,2025-02-19,2025-02-25,3546.7,3774.5,3546.7,6.42,ma200_breach,6
4686.T,2025-07-17,2025-11-20,3722.7,4967.9,3722.7,33.45,time,126
4687.T,2025-08-08,2025-12-12,1381.7,1318.9,1183.8,-4.54,time,126
4689.T,2025-06-18,2025-08-05,537.3,476.4,503.0,-11.34,stop_base,48
4694.T,2025-07-14,2025-11-17,3278.0,3602.3,3278.0,9.89,time,126
4694.T,2025-11-21,2026-03-27,3740.3,4100.0,3740.3,9.62,time,126
4704.T,2025-01-28,2025-02-03,8757.8,8930.0,7928.1,1.97,ma200_breach,6
4704.T,2025-02-12,2025-02-25,9102.1,10820.8,9102.1,18.88,ma200_breach,13
4704.T,2025-05-13,2025-05-15,10407.4,10261.5,8851.2,-1.4,ma200_breach,2
4709.T,2025-02-06,2025-02-25,860.0,860.0,721.4,0.0,ma200_breach,19
4709.T,2025-05-30,2025-06-02,1067.5,1052.1,914.0,-1.44,ma200_breach,3
4709.T,2025-06-09,2025-06-13,1071.8,1065.6,914.0,-0.58,ma200_breach,4
4709.T,2025-06-17,2025-09-01,1106.0,1087.2,1106.0,-1.7,stop_breakeven,76
4718.T,2025-01-31,2025-02-03,1887.1,1918.7,1733.9,1.68,ma200_breach,3
4718.T,2025-02-05,2025-02-25,1983.9,1929.3,1739.6,-2.75,ma200_breach,20
4718.T,2025-05-29,2025-06-02,2291.6,2226.2,2061.2,-2.85,ma200_breach,4
4718.T,2025-06-18,2025-10-22,2358.0,2521.5,2358.0,6.93,time,126
4719.T,2025-06-25,2025-08-26,3612.6,3603.0,3612.6,-0.27,stop_breakeven,62
4719.T,2025-09-19,2025-10-10,3839.6,3546.3,3549.8,-7.64,stop_base,21
4719.T,2025-11-10,2026-03-04,4017.2,3507.1,3512.0,-12.7,stop_base,114
4722.T,2025-02-05,2025-02-25,1911.4,1733.4,1667.8,-9.31,ma200_breach,20
4722.T,2025-07-02,2025-08-27,2283.4,2257.7,2283.4,-1.13,stop_breakeven,56
4725.T,2025-07-24,2025-11-27,1983.3,2044.8,1983.3,3.1,time,126
4732.T,2025-05-14,2025-05-15,1441.6,1461.0,1277.2,1.35,ma200_breach,1
4732.T,2025-05-29,2025-06-02,1510.0,1536.7,1314.5,1.77,ma200_breach,4
4732.T,2025-07-01,2025-11-04,1568.7,1669.1,1568.7,6.4,time,126
4732.T,2025-11-25,2026-03-12,1705.0,1701.6,1705.0,-0.2,stop_breakeven,107
4733.T,2025-01-29,2025-02-03,7962.9,7569.6,6561.9,-4.94,ma200_breach,5
4733.T,2025-05-29,2025-06-02,7973.4,7991.2,6507.6,0.22,ma200_breach,4
4733.T,2025-06-26,2025-08-28,8388.2,8244.3,8388.2,-1.71,stop_breakeven,63
4733.T,2025-09-16,2026-01-07,8911.2,8237.0,8244.3,-7.57,stop_base,113
4743.T,2025-07-24,2025-11-27,1475.5,1606.9,1475.5,8.91,time,126
4751.T,2025-01-30,2025-02-03,1178.5,1121.5,1023.5,-4.83,ma200_breach,4
4751.T,2025-02-13,2025-02-25,1184.4,1142.8,1023.5,-3.51,ma200_breach,12
4751.T,2025-06-30,2025-10-16,1634.0,1631.0,1634.0,-0.19,stop_breakeven,108
4755.T,2025-02-13,2025-02-25,1012.0,961.3,851.3,-5.01,ma200_breach,12
4768.T,2025-02-06,2025-02-25,3529.9,3434.8,3241.5,-2.7,ma200_breach,19
4776.T,2025-02-14,2025-02-25,3136.3,3062.3,2518.9,-2.36,ma200_breach,11
4776.T,2025-06-12,2025-06-13,3540.6,3491.3,2853.2,-1.39,ma200_breach,1
4776.T,2025-06-26,2025-09-02,3688.6,3589.9,3688.6,-2.67,stop_breakeven,68
4809.T,2025-08-28,2026-01-05,1980.4,2008.0,1788.9,1.39,time,130
4812.T,2025-02-05,2025-02-20,2020.5,2017.2,2020.5,-0.16,stop_breakeven,15
4812.T,2025-05-13,2025-05-15,2292.7,2246.8,1882.7,-2.0,ma200_breach,2
4812.T,2025-08-04,2025-12-08,2266.1,2553.9,2266.1,12.7,time,126
4819.T,2025-01-28,2025-02-03,3815.8,3859.3,3472.9,1.14,ma200_breach,6
4819.T,2025-02-06,2025-02-25,3965.6,4424.5,3965.6,11.57,ma200_breach,19
4819.T,2025-05-29,2025-06-02,4669.7,4933.5,4078.7,5.65,ma200_breach,4
4820.T,2025-01-28,2025-02-03,770.7,750.8,707.2,-2.59,ma200_breach,6
4825.T,2025-05-29,2025-06-02,1992.6,1955.5,1720.0,-1.86,ma200_breach,4
4825.T,2025-07-08,2025-10-14,2091.5,2076.7,2091.5,-0.71,stop_breakeven,98
4826.T,2025-05-30,2025-06-02,479.5,476.6,400.4,-0.6,ma200_breach,3
4826.T,2025-06-16,2025-10-20,485.3,466.1,448.6,-3.95,time,126
4826.T,2025-11-04,2026-03-10,548.6,521.0,452.4,-5.02,time,126
4828.T,2025-08-08,2025-09-04,1149.0,1131.5,1149.0,-1.52,stop_breakeven,27
4828.T,2025-09-24,2025-10-28,1222.5,1214.2,1222.5,-0.67,stop_breakeven,34
4828.T,2025-11-10,2026-02-04,1294.5,1280.8,1294.5,-1.06,stop_breakeven,86
4839.T,2025-11-04,2025-12-04,1538.4,1309.7,1334.1,-14.87,stop_base,30
4847.T,2025-06-25,2025-10-01,1098.2,1012.8,1018.1,-7.78,stop_base,98
4848.T,2025-05-29,2025-06-02,1729.2,1734.0,1453.7,0.28,ma200_breach,4
4848.T,2025-08-18,2025-12-22,1728.9,1643.6,1580.8,-4.94,time,126
4886.T,2025-07-01,2025-08-14,2416.9,2237.1,2245.0,-7.44,stop_base,44
4886.T,2025-08-20,2025-10-01,2509.7,2139.4,2237.1,-14.75,stop_base,42
4912.T,2025-02-14,2025-02-25,1830.9,1820.1,1554.2,-0.59,ma200_breach,11
4914.T,2025-02-14,2025-02-25,1155.9,1214.2,1155.9,5.04,ma200_breach,11
4914.T,2025-06-09,2025-06-13,1351.7,1365.2,1213.1,1.0,ma200_breach,4
4914.T,2025-06-16,2025-07-22,1382.5,1374.8,1382.5,-0.56,stop_breakeven,36
4914.T,2025-08-08,2025-09-03,1573.2,1561.6,1573.2,-0.73,stop_breakeven,26
4917.T,2025-06-26,2025-10-30,1393.0,2434.0,1393.0,74.73,time,126
4917.T,2025-11-05,2026-03-11,2453.0,3080.0,2453.0,25.56,time,126
4931.T,2025-02-10,2025-02-25,1986.4,2137.0,1986.4,7.58,ma200_breach,15
4931.T,2025-06-27,2025-10-17,2245.6,2232.0,2245.6,-0.61,stop_breakeven,112
4996.T,2025-05-29,2025-06-02,772.6,790.0,729.1,2.25,ma200_breach,4
4996.T,2025-08-08,2025-10-10,818.0,731.0,766.8,-10.64,stop_base,63
4997.T,2025-07-24,2025-10-30,868.6,865.1,868.6,-0.4,stop_breakeven,98
5020.T,2025-02-17,2025-02-25,805.1,777.7,732.3,-3.41,ma200_breach,8
5020.T,2025-11-10,2026-03-16,995.6,1312.8,995.6,31.86,time,126
5032.T,2025-05-29,2025-06-02,3871.6,3832.4,3303.3,-1.01,ma200_breach,4
5032.T,2025-06-09,2025-06-13,3954.9,4856.6,3954.9,22.8,ma200_breach,4
5032.T,2025-08-18,2025-09-03,4910.5,4440.1,4508.7,-9.58,stop_base,16
5032.T,2025-09-11,2025-09-16,5537.8,5469.2,5537.8,-1.24,stop_breakeven,5
5032.T,2025-11-10,2025-12-11,6358.9,4702.6,5292.8,-26.05,stop_base,31
5036.T,2025-08-07,2025-10-01,1455.0,1420.7,1455.0,-2.36,stop_breakeven,55
5036.T,2025-11-11,2025-11-13,1547.9,1391.1,1414.8,-10.13,stop_base,2
5074.T,2025-09-24,2025-11-04,449.0,347.0,348.0,-22.72,stop_base,41
5076.T,2025-08-08,2025-12-12,1292.7,1990.9,1292.7,54.01,time,126
5101.T,2025-06-26,2025-10-30,3563.4,5439.7,3563.4,52.66,time,126
5101.T,2025-11-13,2025-11-18,5655.6,5615.2,5655.6,-0.71,stop_breakeven,5
5101.T,2025-11-26,2025-12-26,6082.6,6053.0,6082.6,-0.49,stop_breakeven,30
5105.T,2025-05-30,2025-06-02,2891.0,2925.8,2362.4,1.2,ma200_breach,3
5105.T,2025-06-27,2025-10-31,2988.0,4158.2,2988.0,39.16,time,126
5105.T,2025-11-06,2026-01-26,4232.0,4215.0,4232.0,-0.4,stop_breakeven,81
5108.T,2025-07-23,2025-11-26,2999.8,3586.8,2999.8,19.57,time,126
5110.T,2025-09-09,2026-01-13,1798.3,2607.0,1798.3,44.97,time,126
5121.T,2025-07-17,2025-11-20,1455.8,1749.8,1455.8,20.2,time,126
5186.T,2025-07-23,2025-11-19,3872.0,3870.8,3872.0,-0.03,stop_breakeven,119
5202.T,2025-06-27,2025-10-31,450.0,578.0,450.0,28.44,time,126
5208.T,2025-08-01,2025-12-05,1477.6,1610.5,1477.6,9.0,time,126
5214.T,2025-07-14,2025-11-17,3542.2,5559.6,3542.2,56.95,time,126
5214.T,2025-11-26,2026-04-01,5638.6,6280.0,5638.6,11.38,time,126
5233.T,2025-09-09,2025-11-04,4111.1,4097.5,4111.1,-0.33,stop_breakeven,56
5261.T,2025-11-25,2026-03-31,6097.4,7100.0,6097.4,16.44,time,126
5262.T,2025-01-29,2025-02-03,702.4,741.3,702.4,5.55,ma200_breach,5
5262.T,2025-02-07,2025-02-25,781.3,869.4,781.3,11.28,ma200_breach,18
5262.T,2025-07-11,2025-11-14,1195.3,1530.3,1195.3,28.03,time,126
5288.T,2025-07-10,2025-11-13,941.9,1345.1,941.9,42.8,time,126
5288.T,2025-11-20,2025-12-10,1408.9,1404.0,1408.9,-0.35,stop_breakeven,20
5301.T,2025-05-30,2025-06-02,1006.2,983.9,824.7,-2.22,ma200_breach,3
5301.T,2025-06-27,2025-10-29,1024.7,1010.4,1024.7,-1.39,stop_breakeven,124
5331.T,2025-09-02,2026-01-06,2234.0,2849.5,2234.0,27.55,time,126
5333.T,2025-09-25,2026-01-29,2451.8,3712.0,2451.8,51.4,time,126
5334.T,2025-07-09,2025-11-12,4738.7,6516.2,4738.7,37.51,time,126
5334.T,2025-11-13,2026-02-02,6640.4,6363.5,6640.4,-4.17,stop_breakeven,81
5344.T,2025-01-22,2025-01-28,49967.7,41658.0,43820.1,-16.63,stop_base,6
5351.T,2025-08-05,2025-12-09,1769.0,1872.0,1769.0,5.82,time,126
5406.T,2025-09-02,2026-01-06,1770.6,2086.6,1770.6,17.85,time,126
5440.T,2025-07-02,2025-11-05,1991.0,2150.2,1991.0,7.99,time,126
5440.T,2025-11-21,2026-03-23,2265.3,2246.7,2265.3,-0.82,stop_breakeven,122
5444.T,2025-05-30,2025-06-02,8240.2,8421.3,7551.3,2.2,ma200_breach,3
5444.T,2025-07-15,2025-07-31,8791.3,8186.2,8331.7,-6.88,stop_base,16
5444.T,2025-08-25,2025-09-24,9195.9,9181.4,9195.9,-0.16,stop_breakeven,30
5444.T,2025-10-31,2026-03-06,9575.1,11919.7,9575.1,24.49,time,126
5451.T,2025-02-18,2025-02-25,1077.3,1055.6,960.2,-2.01,ma200_breach,7
5451.T,2025-06-27,2025-10-31,1061.2,1241.3,1061.2,16.96,time,126
5463.T,2025-07-23,2025-11-26,1189.6,1380.5,1189.6,16.05,time,126
5471.T,2025-11-26,2026-04-01,1502.6,1890.5,1502.6,25.82,time,126
5482.T,2025-01-22,2025-02-03,1239.8,1547.4,1239.8,24.81,ma200_breach,12
5482.T,2025-06-27,2025-10-31,2013.5,2590.9,2013.5,28.68,time,126
5482.T,2025-11-07,2026-03-13,2723.5,2982.7,2723.5,9.52,time,126
5541.T,2025-01-28,2025-02-03,1350.8,1405.1,1229.9,4.02,ma200_breach,6
5541.T,2025-02-05,2025-02-25,1449.8,1358.7,1240.4,-6.28,ma200_breach,20
5541.T,2025-07-22,2025-11-25,1754.5,2195.5,1754.5,25.14,time,126
5602.T,2025-07-03,2025-11-06,1160.3,1705.2,1160.3,46.96,time,126
5631.T,2025-07-22,2025-09-01,8811.6,8810.6,8811.6,-0.01,stop_breakeven,41
5631.T,2025-10-06,2025-10-28,9801.9,9788.0,9801.9,-0.14,stop_breakeven,22
5632.T,2025-07-23,2025-11-26,1598.0,1732.4,1598.0,8.41,time,126
5659.T,2025-01-30,2025-02-03,1301.5,1259.0,1197.5,-3.27,ma200_breach,4
5703.T,2025-07-23,2025-11-26,1626.1,2372.3,1626.1,45.88,time,126
5711.T,2025-11-26,2026-04-01,3129.2,5186.0,3129.2,65.73,time,126
5714.T,2025-09-03,2026-01-07,5132.1,7807.3,5132.1,52.13,time,126
5715.T,2025-05-30,2025-06-02,2205.5,2165.4,1954.9,-1.82,ma200_breach,3
5715.T,2025-07-03,2025-11-06,2419.9,3095.4,2419.9,27.92,time,126
5715.T,2025-11-12,2026-03-18,3283.3,4885.4,3283.3,48.8,time,126
5727.T,2025-08-01,2025-11-10,1372.8,1343.3,1372.8,-2.15,stop_breakeven,101
5741.T,2025-09-11,2026-01-15,1570.1,2226.0,1570.1,41.77,time,126
5757.T,2025-09-16,2025-11-14,4145.7,3788.8,3842.3,-8.61,stop_base,59
5801.T,2025-01-06,2025-01-14,6853.0,6711.0,5687.8,-2.07,ma200_breach,8
5801.T,2025-01-22,2025-02-03,7698.2,6681.8,6239.3,-13.2,ma200_breach,12
5801.T,2025-07-08,2025-11-11,7381.6,9497.5,7381.6,28.67,time,126
5802.T,2025-01-23,2025-02-03,2931.6,2670.8,2568.1,-8.9,ma200_breach,11
5802.T,2025-07-01,2025-11-04,3062.2,6018.5,3062.2,96.54,time,126
5803.T,2025-01-22,2025-01-27,1131.3,1062.7,1131.3,-6.06,stop_breakeven,5
5803.T,2025-07-16,2025-11-19,1311.2,2960.4,1311.2,125.78,time,126
5805.T,2025-07-02,2025-08-12,7757.6,7610.5,7757.6,-1.9,stop_breakeven,41
5805.T,2025-11-10,2026-03-16,7945.3,14005.9,7945.3,76.28,time,126
5821.T,2025-01-22,2025-02-03,1506.1,1489.6,1412.2,-1.09,ma200_breach,12
5821.T,2025-02-04,2025-02-14,1524.4,1402.5,1412.2,-8.0,stop_base,10
5821.T,2025-09-19,2026-01-23,2009.3,2813.4,2009.3,40.02,time,126
5830.T,2025-01-20,2025-02-03,1552.0,1530.8,1438.8,-1.37,ma200_breach,14
5830.T,2025-02-18,2025-02-25,1608.4,1585.3,1473.5,-1.44,ma200_breach,7
5830.T,2025-07-18,2025-11-21,1671.6,2353.6,1671.6,40.8,time,126
5831.T,2025-05-29,2025-06-02,1611.2,1650.8,1382.0,2.46,ma200_breach,4
5831.T,2025-07-17,2025-11-20,1665.3,2147.9,1665.3,28.98,time,126
5831.T,2025-11-21,2026-03-27,2187.3,2783.0,2187.3,27.24,time,126
5832.T,2025-01-30,2025-02-03,1614.6,1562.8,1490.6,-3.21,ma200_breach,4
5832.T,2025-07-09,2025-11-12,1739.1,2209.8,1739.1,27.06,time,126
5832.T,2025-11-13,2026-03-19,2217.7,2787.8,2217.7,25.71,time,126
5838.T,2025-01-08,2025-01-14,4631.0,4572.0,3822.0,-1.27,ma200_breach,6
5838.T,2025-01-28,2025-02-03,4698.0,4637.0,4195.0,-1.3,ma200_breach,6
5838.T,2025-02-06,2025-02-25,4973.0,5825.0,4973.0,17.13,ma200_breach,19
5838.T,2025-08-08,2025-11-17,7475.0,7452.0,7475.0,-0.31,stop_breakeven,101
5844.T,2025-07-03,2025-11-06,2512.4,3173.6,2512.4,26.31,time,126
5844.T,2025-11-13,2026-03-19,3221.0,4258.5,3221.0,32.21,time,126
5851.T,2025-08-01,2025-12-05,2282.6,2688.1,2282.6,17.76,time,126
5852.T,2025-06-09,2025-06-13,693.7,675.6,587.1,-2.61,ma200_breach,4
5852.T,2025-06-18,2025-10-22,708.0,865.4,708.0,22.23,time,126
5852.T,2025-10-24,2025-10-29,889.6,764.6,803.3,-14.05,stop_base,5
5857.T,2025-07-15,2025-11-18,1886.1,2721.5,1886.1,44.3,time,126
5901.T,2025-05-30,2025-06-02,2744.6,2692.3,2300.7,-1.91,ma200_breach,3
5901.T,2025-06-09,2025-06-13,2772.7,2732.5,2360.7,-1.45,ma200_breach,4
5901.T,2025-07-02,2025-11-05,2862.8,3388.6,2862.8,18.37,time,126
5901.T,2025-11-10,2026-03-04,3751.8,3705.6,3751.8,-1.23,stop_breakeven,114
5902.T,2025-07-03,2025-11-06,1854.5,2101.0,1854.5,13.29,time,126
5902.T,2025-11-14,2026-03-23,2202.2,2218.7,2202.2,0.75,time,129
5929.T,2025-01-23,2025-02-03,4474.6,4616.3,4107.7,3.17,ma200_breach,11
5929.T,2025-02-10,2025-02-25,4683.3,4709.2,4107.7,0.55,ma200_breach,15
5929.T,2025-05-14,2025-05-15,4817.3,4813.5,4069.0,-0.08,ma200_breach,1
5930.T,2025-06-10,2025-06-13,2119.7,2183.4,1931.4,3.01,ma200_breach,3
5930.T,2025-06-16,2025-10-02,2199.9,2152.6,2199.9,-2.15,stop_breakeven,108
5938.T,2025-08-08,2025-09-30,1774.3,1771.7,1774.3,-0.15,stop_breakeven,53
5943.T,2025-07-09,2025-11-12,1915.9,1882.6,1915.9,-1.74,stop_breakeven,126
5947.T,2025-07-09,2025-08-26,3611.7,3601.9,3611.7,-0.27,stop_breakeven,48
5957.T,2025-07-31,2025-12-04,616.5,681.3,616.5,10.51,time,126
5959.T,2025-07-03,2025-11-06,819.1,887.6,819.1,8.36,time,126
5970.T,2025-07-15,2025-11-18,1723.4,1811.4,1723.4,5.11,time,126
5975.T,2025-07-23,2025-11-26,1988.4,2196.9,1988.4,10.49,time,126
5976.T,2025-06-10,2025-06-13,1052.8,1039.6,875.5,-1.26,ma200_breach,3
5976.T,2025-07-09,2025-11-12,1066.1,1159.6,1066.1,8.76,time,126
5976.T,2025-11-26,2026-04-01,1190.7,1300.0,1190.7,9.18,time,126
5981.T,2025-07-10,2025-11-13,1260.7,1450.3,1260.7,15.04,time,126
5989.T,2025-02-13,2025-02-25,1047.0,965.6,908.3,-7.77,ma200_breach,12
5989.T,2025-06-27,2025-10-31,1224.4,1306.2,1224.4,6.69,time,126
6013.T,2025-07-01,2025-11-04,2014.5,2358.8,2014.5,17.09,time,126
6013.T,2025-11-05,2026-03-11,2401.0,2914.1,2401.0,21.37,time,126
6050.T,2025-02-04,2025-02-25,1987.7,2123.5,1987.7,6.83,ma200_breach,21
6050.T,2025-06-24,2025-08-04,2086.1,2080.2,2086.1,-0.28,stop_breakeven,41
6058.T,2025-07-28,2025-09-30,1090.1,1089.1,1090.1,-0.09,stop_breakeven,64
6058.T,2025-10-16,2026-02-19,1181.8,1341.9,1181.8,13.54,time,126
6071.T,2025-06-27,2025-08-12,844.4,801.9,844.4,-5.03,stop_breakeven,46
6080.T,2025-01-31,2025-02-03,3034.5,2836.7,2404.9,-6.52,ma200_breach,3
6080.T,2025-06-11,2025-06-13,2950.8,2941.0,2603.6,-0.33,ma200_breach,2
6080.T,2025-06-16,2025-10-20,2960.7,3295.0,2960.7,11.29,time,126
6080.T,2025-11-21,2026-01-21,3300.0,3280.0,3300.0,-0.61,stop_breakeven,61
6088.T,2025-01-29,2025-02-03,882.4,871.1,793.2,-1.28,ma200_breach,5
6088.T,2025-02-07,2025-02-25,916.2,890.8,793.2,-2.77,ma200_breach,18
6088.T,2025-05-29,2025-06-02,1134.9,1157.9,929.4,2.03,ma200_breach,4
6101.T,2025-01-30,2025-02-03,1587.7,1577.2,1315.6,-0.66,ma200_breach,4
6101.T,2025-02-21,2025-02-25,1646.9,1645.9,1422.5,-0.06,ma200_breach,4
6101.T,2025-07-17,2025-11-20,1861.1,2635.5,1861.1,41.6,time,126
6103.T,2025-07-23,2025-08-06,3796.7,3577.9,3796.7,-5.76,stop_breakeven,14
6104.T,2025-09-16,2026-01-20,4259.9,4271.8,3714.1,0.28,time,126
6113.T,2025-08-25,2025-10-29,1818.5,1812.0,1818.5,-0.36,stop_breakeven,65
6118.T,2025-08-06,2025-12-10,922.2,1132.0,922.2,22.75,time,126
6134.T,2025-07-17,2025-11-20,2633.7,3257.8,2633.7,23.69,time,126
6135.T,2025-08-29,2025-10-02,11270.2,11143.3,11162.8,-1.13,stop_base,34
6136.T,2025-10-27,2026-03-02,2240.9,2925.0,2240.9,30.53,time,126
6143.T,2025-02-13,2025-02-25,826.0,900.6,826.0,9.04,ma200_breach,12
6143.T,2025-06-27,2025-07-22,928.2,866.2,928.2,-6.68,stop_breakeven,25
6143.T,2025-09-30,2025-11-10,895.7,894.7,895.7,-0.11,stop_breakeven,41
6178.T,2025-01-24,2025-02-03,1498.5,1539.6,1423.1,2.74,ma200_breach,10
6184.T,2025-07-02,2025-10-17,550.6,544.8,550.6,-1.05,stop_breakeven,107
6201.T,2025-08-15,2025-12-19,16345.0,17800.0,16345.0,8.9,time,126
6209.T,2025-08-22,2025-12-26,2783.1,3434.4,2783.1,23.4,time,126
6240.T,2025-07-16,2025-11-07,630.0,616.4,630.0,-2.16,stop_breakeven,114
6247.T,2025-07-17,2025-11-20,1381.3,1397.5,1279.1,1.17,time,126
6247.T,2025-11-21,2026-03-27,1464.3,1598.0,1464.3,9.13,time,126
6250.T,2025-01-20,2025-02-03,2553.8,2479.6,2553.8,-2.91,ma200_breach,14
6254.T,2025-10-06,2025-11-17,3425.8,3386.4,3425.8,-1.15,stop_breakeven,42
6258.T,2025-08-06,2025-08-28,2093.7,1780.0,1790.7,-14.98,stop_base,22
6258.T,2025-10-06,2025-11-05,1948.5,1919.3,1948.5,-1.5,stop_breakeven,30
6258.T,2025-11-12,2026-03-18,2120.0,2579.8,2120.0,21.69,time,126
6268.T,2025-07-23,2025-11-26,2737.3,3279.4,2737.3,19.8,time,126
6269.T,2025-01-06,2025-01-14,3415.1,3307.0,3005.0,-3.17,ma200_breach,8
6269.T,2025-02-13,2025-02-25,3921.2,4044.1,3921.2,3.13,ma200_breach,12
6269.T,2025-08-08,2025-12-12,6773.6,12752.7,6773.6,88.27,time,126
6277.T,2025-07-31,2025-11-10,5296.3,5113.6,5296.3,-3.45,stop_breakeven,102
6284.T,2025-07-14,2025-11-17,6138.1,6550.0,6138.1,6.71,time,126
6301.T,2025-06-25,2025-10-29,4369.1,5468.4,4369.1,25.16,time,126
6305.T,2025-07-23,2025-11-05,4493.8,4302.9,4493.8,-4.25,stop_breakeven,105
6306.T,2025-07-25,2025-11-18,730.9,727.2,730.9,-0.5,stop_breakeven,116
6309.T,2025-07-23,2025-11-26,1454.9,1626.1,1454.9,11.76,time,126
6310.T,2025-05-29,2025-06-02,1123.8,1213.8,1123.8,8.01,ma200_breach,4
6310.T,2025-10-22,2025-10-27,2394.3,2182.9,2183.9,-8.83,stop_base,5
6315.T,2025-11-10,2025-12-15,2577.3,1973.4,1982.3,-23.43,stop_base,35
6330.T,2025-10-15,2026-02-18,1779.0,3765.0,1779.0,111.64,time,126
6331.T,2025-07-01,2025-11-04,1975.0,3407.5,1975.0,72.53,time,126
6332.T,2025-02-07,2025-02-25,1486.9,1472.8,1334.4,-0.95,ma200_breach,18
6332.T,2025-06-16,2025-10-20,2057.6,2546.1,2057.6,23.74,time,126
6333.T,2025-05-13,2025-05-15,3001.8,3045.2,2426.5,1.45,ma200_breach,2
6333.T,2025-06-20,2025-10-24,3214.1,3086.5,2802.9,-3.97,time,126
6345.T,2025-02-05,2025-02-25,1380.4,1362.7,1276.2,-1.28,ma200_breach,20
6345.T,2025-05-13,2025-05-15,1327.1,1303.2,1143.4,-1.8,ma200_breach,2
6345.T,2025-07-24,2025-07-31,1317.5,1237.1,1266.8,-6.1,stop_base,7
6349.T,2025-06-17,2025-07-30,1425.6,1348.1,1425.6,-5.43,stop_breakeven,43
6349.T,2025-10-07,2025-10-29,1497.6,1399.8,1419.8,-6.53,stop_base,22
6361.T,2025-08-15,2025-12-19,3210.6,3562.6,3210.6,10.96,time,126
6368.T,2025-06-30,2025-11-04,8868.0,13706.8,8868.0,54.56,time,127
6369.T,2025-09-25,2026-01-29,2269.7,2559.6,2269.7,12.77,time,126
6376.T,2025-06-27,2025-10-31,1223.9,1490.1,1223.9,21.76,time,126
6379.T,2025-06-30,2025-11-04,1707.9,1888.7,1707.9,10.59,time,127
6379.T,2025-11-13,2026-03-13,2321.4,2319.5,2321.4,-0.08,stop_breakeven,120
6381.T,2025-09-26,2025-10-29,1550.7,1462.0,1463.3,-5.72,stop_base,33
6383.T,2025-07-23,2025-11-26,3865.2,4854.2,3865.2,25.59,time,126
6390.T,2025-07-23,2025-10-14,1302.6,1297.8,1302.6,-0.38,stop_breakeven,83
6417.T,2025-02-04,2025-02-25,2139.3,1988.3,1877.9,-7.06,ma200_breach,21
6417.T,2025-05-13,2025-05-15,2306.3,2307.7,1839.9,0.06,ma200_breach,2
6417.T,2025-06-24,2025-09-24,2540.2,2535.4,2540.2,-0.19,stop_breakeven,92
6420.T,2025-06-23,2025-10-27,3019.5,3615.6,3019.5,19.74,time,126
6440.T,2025-09-05,2025-11-19,445.8,434.1,445.8,-2.64,stop_breakeven,75
6445.T,2025-02-06,2025-02-25,945.0,961.9,883.4,1.78,ma200_breach,19
6445.T,2025-07-31,2025-10-01,1101.0,1080.3,1101.0,-1.87,stop_breakeven,62
6445.T,2025-11-17,2026-03-23,1135.8,1249.7,1135.8,10.03,time,126
6454.T,2025-05-13,2025-05-15,1110.1,1099.1,916.9,-0.99,ma200_breach,2
6454.T,2025-05-29,2025-06-02,1166.4,1146.8,991.5,-1.68,ma200_breach,4
6454.T,2025-07-11,2025-11-14,1173.7,1577.1,1173.7,34.38,time,126
6455.T,2025-01-30,2025-02-03,2122.5,1997.6,1973.6,-5.89,ma200_breach,4
6455.T,2025-06-27,2025-10-31,2088.4,2304.6,2088.4,10.35,time,126
6455.T,2025-11-21,2026-03-27,2520.8,2741.0,2520.8,8.73,time,126
6457.T,2025-06-26,2025-10-30,3210.9,3646.7,3210.9,13.57,time,126
6457.T,2025-11-10,2026-03-03,3924.8,3845.9,3924.8,-2.01,stop_breakeven,113
6459.T,2025-06-17,2025-07-04,1624.1,1610.8,1624.1,-0.82,stop_breakeven,17
6459.T,2025-08-08,2025-08-15,1728.9,1594.0,1603.9,-7.8,stop_base,7
6459.T,2025-09-26,2025-10-01,1714.1,1583.2,1594.0,-7.64,stop_base,5
6460.T,2025-06-18,2025-07-10,3116.2,3041.7,3116.2,-2.39,stop_breakeven,22
6460.T,2025-08-18,2025-10-14,3373.1,2854.4,2970.1,-15.38,stop_base,57
6471.T,2025-11-05,2026-03-11,884.7,1203.5,884.7,36.04,time,126
6472.T,2025-09-26,2026-01-30,337.1,363.4,337.1,7.79,time,126
6473.T,2025-06-27,2025-10-31,1116.5,1521.9,1116.5,36.31,time,126
6473.T,2025-11-04,2026-03-10,1586.7,1789.5,1586.7,12.78,time,126
6474.T,2025-09-02,2026-01-06,3393.9,4645.0,3393.9,36.86,time,126
6480.T,2025-08-01,2025-12-05,591.3,748.2,591.3,26.53,time,126
6481.T,2025-05-29,2025-06-02,3730.4,3671.2,3094.2,-1.59,ma200_breach,4
6481.T,2025-07-04,2025-11-07,3812.6,3980.5,3812.6,4.4,time,126
6486.T,2025-01-21,2025-02-03,1952.3,1896.3,1788.0,-2.87,ma200_breach,13
6486.T,2025-09-26,2025-11-18,2565.6,2515.7,2565.6,-1.95,stop_breakeven,53
6498.T,2025-05-29,2025-06-02,1117.6,1126.3,993.2,0.78,ma200_breach,4
6498.T,2025-06-27,2025-10-31,1163.3,1699.3,1163.3,46.08,time,126
6501.T,2025-02-05,2025-02-25,3989.6,3770.4,3989.6,-5.49,ma200_breach,20
6501.T,2025-06-27,2025-08-04,4230.6,4097.2,4230.6,-3.15,stop_breakeven,38
6503.T,2025-06-25,2025-10-29,3030.8,4130.6,3030.8,36.29,time,126
6503.T,2025-10-30,2026-03-05,4182.3,5586.4,4182.3,33.57,time,126
6504.T,2025-10-20,2025-11-05,10657.3,10152.2,10657.3,-4.74,stop_breakeven,16
6507.T,2025-01-29,2025-02-03,6686.3,6657.2,5588.1,-0.44,ma200_breach,5
6507.T,2025-08-06,2025-08-19,9944.9,8430.9,8589.3,-15.22,stop_base,13
6508.T,2025-02-04,2025-02-20,4460.0,4416.7,4460.0,-0.97,stop_breakeven,16
6508.T,2025-07-18,2025-11-21,5357.6,5460.2,5357.6,1.91,time,126
6516.T,2025-01-30,2025-02-03,3022.9,3016.5,2649.5,-0.21,ma200_breach,4
6516.T,2025-02-06,2025-02-25,3051.9,2907.0,2649.5,-4.75,ma200_breach,19
6516.T,2025-08-20,2025-12-24,3331.0,4026.4,3331.0,20.88,time,126
6517.T,2025-06-27,2025-08-29,2776.4,2759.9,2776.4,-0.59,stop_breakeven,63
6517.T,2025-09-29,2026-02-02,2963.9,3608.9,2963.9,21.76,time,126
6532.T,2025-01-21,2025-02-03,5822.3,6384.6,5822.3,9.66,ma200_breach,13
6532.T,2025-07-10,2025-10-16,7813.8,7553.8,7813.8,-3.33,stop_breakeven,98
6535.T,2025-05-29,2025-06-02,543.1,547.0,499.0,0.71,ma200_breach,4
6535.T,2025-06-09,2025-06-13,566.2,583.5,505.7,3.05,ma200_breach,4
6535.T,2025-06-16,2025-10-20,599.8,597.0,599.8,-0.46,stop_breakeven,126
6544.T,2025-01-21,2025-02-03,1445.0,1453.8,1445.0,0.61,ma200_breach,13
6544.T,2025-05-13,2025-05-15,1608.8,1779.3,1608.8,10.6,ma200_breach,2
6544.T,2025-06-25,2025-10-28,2036.4,1735.8,1757.1,-14.76,stop_base,125
6564.T,2025-07-22,2025-08-12,2093.6,2031.1,2093.6,-2.98,stop_breakeven,21
6571.T,2025-07-03,2025-11-06,1175.0,1360.0,1175.0,15.74,time,126
6572.T,2025-06-11,2025-06-13,314.4,320.3,271.3,1.87,ma200_breach,2
6572.T,2025-06-16,2025-10-17,327.2,323.2,327.2,-1.2,stop_breakeven,123
6584.T,2025-10-27,2025-11-17,946.6,803.5,848.6,-15.11,stop_base,21
6586.T,2025-01-29,2025-02-03,4818.8,4234.7,4237.5,-12.12,ma200_breach,5
6590.T,2025-08-29,2026-01-05,2193.7,3824.7,2193.7,74.35,time,129
6592.T,2025-08-21,2025-12-25,1224.9,1421.8,1224.9,16.07,time,126
6616.T,2025-09-25,2025-10-17,1733.0,1487.3,1518.1,-14.18,stop_base,22
6617.T,2025-06-26,2025-10-30,2235.0,3324.2,2235.0,48.73,time,126
6617.T,2025-10-31,2025-11-19,3383.2,3309.5,3383.2,-2.18,stop_breakeven,19
6632.T,2025-01-23,2025-02-03,1743.7,1707.6,1529.3,-2.07,ma200_breach,11
6638.T,2025-07-11,2025-08-07,1898.2,1869.1,1898.2,-1.53,stop_breakeven,27
6644.T,2025-02-07,2025-02-25,823.3,732.3,711.2,-11.06,ma200_breach,18
6644.T,2025-06-11,2025-06-13,911.9,910.0,814.7,-0.21,ma200_breach,2
6644.T,2025-06-16,2025-10-20,926.5,1246.0,926.5,34.48,time,126
6644.T,2025-10-27,2025-11-05,1295.2,1156.3,1186.9,-10.72,stop_base,9
6651.T,2025-08-04,2025-12-08,3281.3,3893.2,3281.3,18.65,time,126
6653.T,2025-08-19,2025-09-01,1570.4,1544.7,1570.4,-1.64,stop_breakeven,13
6653.T,2025-09-11,2025-10-10,1693.2,1673.4,1693.2,-1.17,stop_breakeven,29
6653.T,2025-10-23,2026-02-26,1808.9,2651.0,1808.9,46.55,time,126
6674.T,2025-09-26,2026-01-30,3455.3,3547.2,3455.3,2.66,time,126
6701.T,2025-06-16,2025-10-20,4000.1,4937.6,4000.1,23.44,time,126
6701.T,2025-10-27,2026-02-04,5132.5,4696.0,5132.5,-8.51,stop_breakeven,100
6702.T,2025-01-07,2025-01-14,2833.3,2613.6,2655.8,-7.75,ma200_breach,7
6702.T,2025-01-29,2025-02-03,2848.5,2991.2,2613.6,5.01,ma200_breach,5
6702.T,2025-02-13,2025-02-25,3049.0,2885.2,2613.6,-5.37,ma200_breach,12
6702.T,2025-06-09,2025-06-13,3420.5,3416.5,2895.4,-0.12,ma200_breach,4
6702.T,2025-06-17,2025-09-29,3454.9,3451.6,3454.9,-0.1,stop_breakeven,104
6702.T,2025-10-06,2026-02-09,3798.8,3973.0,3798.8,4.58,time,126
6703.T,2025-08-05,2025-09-01,1579.7,1491.9,1492.9,-5.56,stop_base,27
6703.T,2025-09-08,2026-01-13,1645.1,2126.1,1645.1,29.24,time,127
6706.T,2025-08-07,2025-10-01,2126.9,1919.1,1940.3,-9.77,stop_base,55
6707.T,2025-07-03,2025-07-17,8413.0,8308.0,8413.0,-1.25,stop_breakeven,14
6727.T,2025-10-27,2026-03-02,840.0,835.1,731.2,-0.58,time,126
6741.T,2025-07-17,2025-11-20,1058.7,1193.2,1058.7,12.71,time,126
6744.T,2025-06-19,2025-09-25,3741.2,3736.3,3741.2,-0.13,stop_breakeven,98
6744.T,2025-11-04,2025-11-14,3835.0,3484.1,3489.0,-9.15,stop_base,10
6745.T,2025-02-13,2025-02-25,845.1,778.6,756.2,-7.87,ma200_breach,12
6745.T,2025-06-26,2025-10-30,1012.3,1267.8,1012.3,25.24,time,126
6745.T,2025-11-06,2026-03-12,1335.3,2051.5,1335.3,53.64,time,126
6750.T,2025-05-13,2025-05-15,1709.3,1696.7,1455.7,-0.74,ma200_breach,2
6750.T,2025-06-09,2025-06-13,1785.8,1728.7,1590.3,-3.2,ma200_breach,4
6750.T,2025-06-19,2025-08-15,1795.4,1744.1,1795.4,-2.86,stop_breakeven,57
6750.T,2025-10-27,2025-11-25,1867.3,1727.0,1738.8,-7.51,stop_base,29
6752.T,2025-02-05,2025-02-25,1678.8,1791.8,1678.8,6.73,ma200_breach,20
6754.T,2025-02-12,2025-02-25,1402.7,1365.5,1228.5,-2.65,ma200_breach,13
6754.T,2025-09-12,2026-01-16,1953.2,2384.3,1953.2,22.07,time,126
6758.T,2025-01-29,2025-02-03,3451.2,3348.2,3125.3,-2.99,ma200_breach,5
6758.T,2025-02-05,2025-02-25,3479.9,3761.3,3479.9,8.08,ma200_breach,20
6758.T,2025-05-29,2025-06-02,3942.9,3776.0,3271.5,-4.23,ma200_breach,4
6758.T,2025-08-07,2025-12-11,3833.6,4084.0,3833.6,6.53,time,126
6770.T,2025-02-04,2025-02-17,1612.1,1458.3,1460.2,-9.54,stop_base,13
6770.T,2025-10-07,2025-11-19,1898.3,1894.4,1898.3,-0.21,stop_breakeven,43
6785.T,2025-02-12,2025-02-19,1772.9,1618.9,1627.5,-8.69,stop_base,7
6785.T,2025-09-18,2026-01-22,2176.1,2471.0,2176.1,13.55,time,126
6787.T,2025-11-13,2025-12-16,10743.6,10633.9,10743.6,-1.02,stop_breakeven,33
6788.T,2025-06-25,2025-10-29,4148.1,4653.3,4148.1,12.18,time,126
6788.T,2025-11-10,2026-03-16,4774.7,4565.9,4429.9,-4.37,time,126
6794.T,2025-09-25,2026-01-29,2283.7,2527.0,2283.7,10.65,time,126
6809.T,2025-07-23,2025-11-26,974.6,1658.0,974.6,70.12,time,126
6810.T,2025-01-21,2025-02-03,1888.6,1867.4,1626.4,-1.12,ma200_breach,13
6810.T,2025-07-28,2025-12-01,1918.3,2178.8,1918.3,13.58,time,126
6814.T,2025-01-20,2025-02-03,2775.0,2417.9,2309.5,-12.87,ma200_breach,14
6814.T,2025-10-06,2026-02-09,6529.8,6866.2,6529.8,5.15,time,126
6817.T,2025-08-18,2025-10-01,1018.2,1016.2,1018.2,-0.19,stop_breakeven,44
6817.T,2025-10-07,2026-02-10,1078.8,1228.0,1078.8,13.83,time,126
6823.T,2025-08-13,2025-10-31,2618.3,2458.0,2459.3,-6.12,stop_base,79
6841.T,2025-08-29,2026-01-05,4275.6,5113.2,4275.6,19.59,time,129
6844.T,2025-10-09,2025-11-05,3230.8,3211.4,3230.8,-0.6,stop_breakeven,27
6845.T,2025-06-19,2025-10-23,1267.0,1393.6,1267.0,9.99,time,126
6850.T,2025-08-21,2025-10-01,1250.1,1232.6,1250.1,-1.4,stop_breakeven,41
6850.T,2025-10-27,2026-03-02,1419.9,1766.1,1419.9,24.38,time,126
6856.T,2025-08-22,2025-12-26,11029.1,15945.0,11029.1,44.57,time,126
6857.T,2025-01-07,2025-01-14,9681.3,9366.2,9681.3,-3.25,ma200_breach,7
6859.T,2025-06-25,2025-10-29,2914.8,3333.5,2914.8,14.36,time,126
6875.T,2025-11-12,2026-03-06,8548.1,8538.4,8548.1,-0.11,stop_breakeven,114
6908.T,2025-09-03,2026-01-07,2864.2,3110.1,2864.2,8.59,time,126
6914.T,2025-09-25,2026-01-29,2112.5,2355.0,2112.5,11.48,time,126
6923.T,2025-08-06,2025-12-10,2813.0,3057.2,2813.0,8.68,time,126
6929.T,2025-07-09,2025-11-12,2816.9,3560.6,2816.9,26.4,time,126
6929.T,2025-11-13,2026-03-04,3618.0,3610.0,3618.0,-0.22,stop_breakeven,111
6941.T,2025-08-28,2026-01-05,3161.0,5810.4,3161.0,83.82,time,130
6947.T,2025-06-17,2025-08-22,5325.6,4885.0,4923.3,-8.27,stop_base,66
6963.T,2025-08-19,2025-11-07,2116.9,2035.2,2116.9,-3.86,stop_breakeven,80
6971.T,2025-09-12,2025-11-04,2012.2,1998.6,2012.2,-0.67,stop_breakeven,53
6976.T,2025-10-03,2025-10-14,3405.4,3311.5,3405.4,-2.76,stop_breakeven,11
6986.T,2025-08-13,2025-10-14,645.2,622.5,645.2,-3.51,stop_breakeven,62
6986.T,2025-10-23,2025-11-17,685.5,602.8,622.5,-12.07,stop_base,25
6988.T,2025-02-20,2025-02-25,2890.2,2892.1,2553.1,0.07,ma200_breach,5
6988.T,2025-09-05,2026-01-09,3396.8,3595.4,3396.8,5.85,time,126
6995.T,2025-05-29,2025-06-02,2105.1,2093.6,1935.5,-0.55,ma200_breach,4
6995.T,2025-07-09,2025-11-12,2216.0,2865.8,2216.0,29.33,time,126
6995.T,2025-11-13,2026-03-19,2879.6,2889.4,2879.6,0.34,time,126
6996.T,2025-07-03,2025-11-06,1187.7,1237.9,1187.7,4.23,time,126
6997.T,2025-09-16,2025-11-07,1602.6,1174.6,1199.3,-26.71,stop_base,52
6999.T,2025-10-24,2026-02-27,1487.5,1966.2,1487.5,32.18,time,126
7003.T,2025-10-07,2026-02-10,4737.9,7069.6,4737.9,49.21,time,126
7004.T,2025-09-09,2025-11-07,1049.0,904.6,1049.0,-13.77,stop_breakeven,59
7011.T,2025-08-05,2025-09-01,3727.5,3718.6,3727.5,-0.24,stop_breakeven,27
7011.T,2025-10-06,2025-11-18,4091.2,4011.5,4091.2,-1.95,stop_breakeven,43
7012.T,2025-02-10,2025-02-25,1475.0,1501.4,1475.0,1.79,ma200_breach,15
7012.T,2025-10-06,2025-11-21,2000.9,1987.2,2000.9,-0.69,stop_breakeven,46
7013.T,2025-01-31,2025-02-03,1321.6,1339.2,1139.3,1.33,ma200_breach,3
7013.T,2025-02-04,2025-02-25,1361.8,1256.1,1139.3,-7.76,ma200_breach,21
7013.T,2025-07-22,2025-08-20,2289.2,2241.7,2289.2,-2.08,stop_breakeven,29
7013.T,2025-09-24,2026-01-28,2512.7,3482.0,2512.7,38.58,time,126
7059.T,2025-02-19,2025-02-25,809.6,770.7,752.9,-4.8,ma200_breach,6
7059.T,2025-08-07,2025-09-17,1104.7,995.8,1006.3,-9.86,stop_base,41
7059.T,2025-09-25,2025-09-30,1099.4,1095.2,1099.4,-0.38,stop_breakeven,5
7088.T,2025-01-28,2025-02-03,1034.8,996.9,913.5,-3.66,ma200_breach,6
7088.T,2025-02-14,2025-02-25,1041.5,1032.8,960.1,-0.84,ma200_breach,11
7088.T,2025-06-09,2025-06-13,1116.0,1127.0,1015.0,0.99,ma200_breach,4
7088.T,2025-06-17,2025-10-21,1151.0,1244.0,1151.0,8.08,time,126
7088.T,2025-11-11,2026-03-17,1590.0,1698.0,1590.0,6.79,time,126
7092.T,2025-02-17,2025-02-25,1415.1,1443.3,1415.1,1.99,ma200_breach,8
7092.T,2025-05-29,2025-06-02,1525.0,1457.7,1317.3,-4.41,ma200_breach,4
7092.T,2025-08-01,2025-12-05,1515.1,2307.0,1515.1,52.27,time,126
7102.T,2025-09-16,2026-01-20,2865.3,3853.2,2865.3,34.48,time,126
7130.T,2025-07-03,2025-10-14,2476.7,2473.8,2476.7,-0.12,stop_breakeven,103
7157.T,2025-01-29,2025-02-03,1953.0,1918.0,1778.0,-1.79,ma200_breach,5
7157.T,2025-08-01,2025-08-21,2387.0,2376.0,2387.0,-0.46,stop_breakeven,20
7164.T,2025-06-09,2025-06-13,3128.3,3042.5,2939.4,-2.74,ma200_breach,4
7164.T,2025-07-01,2025-10-01,3200.6,3188.7,3200.6,-0.37,stop_breakeven,92
7167.T,2025-01-30,2025-02-03,660.0,636.3,606.3,-3.59,ma200_breach,4
7167.T,2025-06-16,2025-10-20,721.0,911.3,721.0,26.4,time,126
7167.T,2025-10-31,2026-03-06,949.7,1239.6,949.7,30.52,time,126
7172.T,2025-06-11,2025-06-13,1705.8,1642.8,1520.6,-3.69,ma200_breach,2
7172.T,2025-07-11,2025-11-14,1723.7,2171.0,1723.7,25.95,time,126
7173.T,2025-06-09,2025-06-13,5709.6,5680.2,5071.9,-0.52,ma200_breach,4
7173.T,2025-06-17,2025-10-21,5719.4,7225.0,5719.4,26.32,time,126
7173.T,2025-10-27,2026-03-02,7443.3,11194.8,7443.3,50.4,time,126
7180.T,2025-08-22,2025-12-26,863.0,993.7,863.0,15.15,time,126
7181.T,2025-07-09,2025-11-12,1110.9,1332.3,1110.9,19.94,time,126
7181.T,2025-11-26,2026-04-01,1406.7,1642.5,1406.7,16.76,time,126
7182.T,2025-05-29,2025-06-02,1503.0,1508.4,1324.9,0.36,ma200_breach,4
7182.T,2025-07-01,2025-11-04,1523.5,1693.4,1523.5,11.15,time,126
7182.T,2025-11-25,2026-03-31,1739.6,2517.5,1739.6,44.72,time,126
7184.T,2025-09-26,2026-01-30,1290.2,2179.4,1290.2,68.92,time,126
7186.T,2025-07-15,2025-11-18,921.3,1159.9,921.3,25.9,time,126
7186.T,2025-11-26,2026-04-01,1217.0,1494.5,1217.0,22.8,time,126
7187.T,2025-08-08,2025-10-01,1574.1,1539.3,1574.1,-2.21,stop_breakeven,54
7189.T,2025-07-09,2025-11-12,2145.7,2763.8,2145.7,28.81,time,126
7199.T,2025-01-24,2025-02-03,2504.2,2492.6,2399.2,-0.46,ma200_breach,10
7202.T,2025-01-08,2025-01-14,2049.9,1939.5,1854.8,-5.39,ma200_breach,6
7224.T,2025-06-17,2025-10-21,1458.7,1866.5,1458.7,27.96,time,126
7224.T,2025-10-22,2025-11-04,1897.2,1835.8,1897.2,-3.23,stop_breakeven,13
7226.T,2025-08-05,2025-10-01,2569.0,2540.2,2569.0,-1.12,stop_breakeven,57
7226.T,2025-11-26,2026-04-01,2704.4,2978.0,2704.4,10.12,time,126
7231.T,2025-07-10,2025-11-13,2295.4,2829.7,2295.4,23.28,time,126
7231.T,2025-11-26,2026-04-01,2875.3,2997.0,2875.3,4.23,time,126
7236.T,2025-07-23,2025-11-26,4480.6,8596.4,4480.6,91.86,time,126
7239.T,2025-09-03,2026-01-07,1921.3,2041.7,1921.3,6.27,time,126
7241.T,2025-07-23,2025-11-26,798.2,977.0,798.2,22.39,time,126
7242.T,2025-05-13,2025-05-15,2971.5,2868.2,2492.0,-3.47,ma200_breach,2
7242.T,2025-07-11,2025-11-14,3039.0,4580.9,3039.0,50.74,time,126
7245.T,2025-06-27,2025-10-31,654.9,1028.7,654.9,57.08,time,126
7246.T,2025-08-18,2025-12-22,618.2,789.9,618.2,27.77,time,126
7250.T,2025-07-25,2025-11-28,1761.0,3185.0,1761.0,80.86,time,126
7259.T,2025-06-27,2025-10-31,1791.4,2725.8,1791.4,52.16,time,126
7259.T,2025-11-10,2026-01-26,2753.4,2702.3,2753.4,-1.86,stop_breakeven,77
7267.T,2025-07-24,2025-11-27,1573.3,1516.8,1315.4,-3.59,time,126
7269.T,2025-10-22,2025-12-05,2276.9,2264.5,2276.9,-0.54,stop_breakeven,44
7270.T,2025-09-05,2026-01-09,2955.4,3320.3,2955.4,12.35,time,126
7278.T,2025-01-31,2025-02-03,4414.2,4340.9,3923.7,-1.66,ma200_breach,3
7278.T,2025-02-17,2025-02-25,4478.4,4331.7,3974.2,-3.28,ma200_breach,8
7278.T,2025-09-16,2026-01-20,5258.4,5660.5,5258.4,7.65,time,126
7282.T,2025-06-27,2025-10-31,2742.6,3501.7,2742.6,27.68,time,126
7282.T,2025-11-05,2025-11-21,3774.8,3373.4,3495.8,-10.63,stop_base,16
7283.T,2025-01-29,2025-02-03,1752.8,1789.6,1461.5,2.1,ma200_breach,5
7283.T,2025-02-18,2025-02-25,1838.6,1755.6,1566.1,-4.51,ma200_breach,7
7283.T,2025-10-06,2026-02-09,1938.3,2136.8,1938.3,10.24,time,126
7296.T,2025-02-13,2025-02-25,3038.9,2880.7,2810.9,-5.21,ma200_breach,12
7322.T,2025-06-23,2025-10-27,711.2,932.9,711.2,31.16,time,126
7322.T,2025-11-06,2026-03-12,955.1,1455.0,955.1,52.33,time,126
7327.T,2025-01-30,2025-02-03,938.5,882.9,881.0,-5.92,ma200_breach,4
7327.T,2025-07-04,2025-11-07,1111.2,1457.5,1111.2,31.16,time,126
7327.T,2025-11-21,2026-03-27,1502.7,1979.0,1502.7,31.7,time,126
7337.T,2025-01-27,2025-02-03,1120.3,1128.8,1060.7,0.76,ma200_breach,7
7337.T,2025-07-23,2025-11-26,1238.4,1498.1,1238.4,20.97,time,126
7350.T,2025-06-24,2025-10-28,2862.6,3811.7,2862.6,33.15,time,126
7350.T,2025-11-06,2026-03-12,3920.3,5322.5,3920.3,35.77,time,126
7380.T,2025-05-29,2025-06-02,889.7,900.6,742.5,1.23,ma200_breach,4
7380.T,2025-07-04,2025-11-07,912.4,1064.0,912.4,16.61,time,126
7380.T,2025-11-13,2026-03-19,1114.0,1635.8,1114.0,46.84,time,126
7381.T,2025-09-08,2025-11-18,613.1,610.5,613.1,-0.43,stop_breakeven,71
7383.T,2025-02-17,2025-02-21,529.0,446.0,475.0,-15.69,stop_base,4
7383.T,2025-09-22,2025-11-05,940.0,788.0,796.0,-16.17,stop_base,44
7389.T,2025-08-12,2025-12-16,559.3,919.8,559.3,64.45,time,126
7419.T,2025-01-30,2025-02-03,790.6,758.6,694.1,-4.04,ma200_breach,4
7419.T,2025-06-23,2025-10-27,997.0,1343.2,997.0,34.73,time,126
7438.T,2025-06-09,2025-06-13,1425.4,1409.9,1343.1,-1.09,ma200_breach,4
7438.T,2025-06-17,2025-10-21,1471.9,1651.8,1471.9,12.22,time,126
7438.T,2025-10-27,2025-11-11,1713.7,1544.6,1612.3,-9.87,stop_base,15
7453.T,2025-01-22,2025-02-03,1853.8,2010.6,1853.8,8.46,ma200_breach,12
7453.T,2025-02-21,2025-02-25,2040.2,2022.9,1742.9,-0.85,ma200_breach,4
7453.T,2025-05-30,2025-06-02,2746.2,2746.2,2243.1,0.0,ma200_breach,3
7453.T,2025-07-29,2025-08-29,3635.5,3173.8,3176.0,-12.7,stop_base,31
7453.T,2025-10-31,2025-11-17,3154.9,2929.9,3154.9,-7.13,stop_breakeven,17
7456.T,2025-02-13,2025-02-25,3136.5,2995.9,2905.7,-4.48,ma200_breach,12
7456.T,2025-07-09,2025-11-12,3441.7,4366.2,3441.7,26.86,time,126
7456.T,2025-11-20,2026-03-26,4455.5,6460.0,4455.5,44.99,time,126
7466.T,2025-07-24,2025-08-20,1130.4,1128.9,1130.4,-0.13,stop_breakeven,27
7475.T,2025-07-31,2025-09-29,3241.6,2847.0,2849.7,-12.17,stop_base,60
7483.T,2025-06-30,2025-11-04,2399.7,2851.1,2399.7,18.81,time,127
7483.T,2025-11-06,2026-03-12,2899.4,3429.6,2899.4,18.29,time,126
7504.T,2025-09-03,2026-01-07,2848.7,2945.5,2645.5,3.4,time,126
7513.T,2025-06-19,2025-09-01,1122.4,1099.0,1122.4,-2.09,stop_breakeven,74
7520.T,2025-06-17,2025-10-21,2403.5,2786.1,2403.5,15.92,time,126
7520.T,2025-10-22,2026-02-25,2864.4,3205.0,2864.4,11.89,time,126
7522.T,2025-08-06,2025-08-29,1040.2,966.9,982.8,-7.04,stop_base,23
7525.T,2025-07-02,2025-11-05,2951.4,3561.7,2951.4,20.68,time,126
7532.T,2025-01-30,2025-02-03,868.4,846.0,795.3,-2.58,ma200_breach,4
7532.T,2025-02-06,2025-02-25,870.6,815.7,795.3,-6.31,ma200_breach,19
7532.T,2025-05-30,2025-06-02,939.8,938.4,847.6,-0.15,ma200_breach,3
7532.T,2025-06-11,2025-06-13,940.2,932.1,847.6,-0.86,ma200_breach,2
7532.T,2025-06-18,2025-10-02,947.1,930.5,947.1,-1.75,stop_breakeven,106
7537.T,2025-09-29,2025-10-14,1213.3,1054.8,1065.5,-13.06,stop_base,15
7550.T,2025-10-15,2025-11-14,10247.5,8937.3,9106.9,-12.79,stop_base,30
7552.T,2025-02-12,2025-02-25,2440.7,2246.1,1996.8,-7.98,ma200_breach,13
7552.T,2025-06-18,2025-10-22,2662.9,3197.0,2662.9,20.06,time,126
7575.T,2025-01-28,2025-02-03,1323.6,1448.2,1228.7,9.42,ma200_breach,6
7575.T,2025-02-04,2025-02-25,1451.9,1458.5,1237.1,0.45,ma200_breach,21
7595.T,2025-11-18,2026-01-28,1426.4,1411.0,1426.4,-1.08,stop_breakeven,71
7607.T,2025-06-27,2025-10-17,2980.6,2978.6,2980.6,-0.07,stop_breakeven,112
7609.T,2025-06-27,2025-10-31,1846.1,2260.6,1846.1,22.46,time,126
7609.T,2025-11-04,2026-03-10,2372.8,2866.0,2372.8,20.79,time,126
7611.T,2025-06-26,2025-10-29,3250.7,3225.8,3250.7,-0.77,stop_breakeven,125
7611.T,2025-11-21,2026-01-16,3468.6,3215.9,3225.8,-7.29,stop_base,56
7613.T,2025-07-14,2025-11-10,1213.0,1196.3,1213.0,-1.38,stop_breakeven,119
7628.T,2025-06-16,2025-10-20,1001.5,1078.8,1001.5,7.71,time,126
7628.T,2025-11-13,2026-03-19,1117.6,1101.9,1117.6,-1.41,stop_breakeven,126
7649.T,2025-02-21,2025-02-25,2685.8,2725.1,2434.6,1.46,ma200_breach,4
7649.T,2025-06-19,2025-10-23,3168.7,3518.2,3168.7,11.03,time,126
7649.T,2025-11-13,2026-01-08,3548.0,3508.3,3548.0,-1.12,stop_breakeven,56
7717.T,2025-09-16,2025-11-13,3173.9,3042.9,3173.9,-4.13,stop_breakeven,58
7721.T,2025-08-05,2025-08-15,4494.1,4484.2,4494.1,-0.22,stop_breakeven,10
7723.T,2025-07-08,2025-11-11,2204.0,2552.1,2204.0,15.79,time,126
7725.T,2025-08-14,2025-10-01,1449.4,1410.7,1449.4,-2.67,stop_breakeven,48
7729.T,2025-09-18,2026-01-22,9369.1,13429.1,9369.1,43.33,time,126
7735.T,2025-09-11,2025-11-10,6115.1,6084.5,6115.1,-0.5,stop_breakeven,60
7739.T,2025-01-27,2025-02-03,2584.0,2473.5,2319.7,-4.27,ma200_breach,7
7739.T,2025-08-05,2025-12-09,2602.0,3640.0,2602.0,39.89,time,126
7740.T,2025-01-30,2025-02-03,1110.8,1055.4,975.5,-4.99,ma200_breach,4
7741.T,2025-01-20,2025-02-03,20621.2,19257.2,19159.1,-6.61,ma200_breach,14
7744.T,2025-08-12,2025-10-14,1621.6,1602.0,1621.6,-1.21,stop_breakeven,63
7744.T,2025-11-26,2026-04-01,1765.7,2110.0,1765.7,19.5,time,126
7751.T,2025-02-19,2025-02-25,5001.4,4959.0,4591.4,-0.85,ma200_breach,6
7762.T,2025-11-13,2026-03-19,1167.4,1680.5,1167.4,43.96,time,126
7818.T,2025-09-17,2025-10-01,1248.0,1148.0,1153.4,-8.01,stop_base,14
7821.T,2025-01-27,2025-02-03,1934.9,1874.7,1740.6,-3.11,ma200_breach,7
7821.T,2025-05-29,2025-06-02,2102.4,2054.1,1877.7,-2.3,ma200_breach,4
7821.T,2025-08-06,2025-08-14,1928.3,1770.4,1816.1,-8.19,stop_base,8
7832.T,2025-01-29,2025-02-03,3717.7,3692.5,3186.2,-0.68,ma200_breach,5
7832.T,2025-02-05,2025-02-25,4264.8,4953.7,4264.8,16.15,ma200_breach,20
7832.T,2025-06-23,2025-07-14,4914.8,4419.4,4447.9,-10.08,stop_base,21
7832.T,2025-08-07,2025-08-27,5118.3,5067.2,5118.3,-1.0,stop_breakeven,20
7856.T,2025-07-14,2025-11-17,1489.2,1531.5,1489.2,2.84,time,126
7864.T,2025-02-12,2025-02-25,2566.5,2538.6,2566.5,-1.09,ma200_breach,13
7864.T,2025-06-18,2025-10-22,2603.4,2705.3,2603.4,3.91,time,126
7867.T,2025-01-30,2025-02-03,4593.6,4577.1,4039.4,-0.36,ma200_breach,4
7867.T,2025-02-05,2025-02-14,4708.9,3945.4,4039.4,-16.21,stop_base,9
7888.T,2025-07-11,2025-11-14,763.1,822.1,763.1,7.73,time,126
7914.T,2025-01-24,2025-02-03,964.5,963.3,914.4,-0.12,ma200_breach,10
7914.T,2025-02-12,2025-02-25,1007.7,996.0,921.4,-1.16,ma200_breach,13
7914.T,2025-07-16,2025-11-19,1272.4,1396.0,1272.4,9.71,time,126
7921.T,2025-01-20,2025-02-03,3131.8,2962.9,2620.3,-5.39,ma200_breach,14
7921.T,2025-06-24,2025-10-28,3322.0,3968.6,3322.0,19.47,time,126
7921.T,2025-11-11,2026-01-27,4269.7,4255.0,4269.7,-0.34,stop_breakeven,77
7925.T,2025-05-30,2025-06-02,1848.8,1826.5,1658.9,-1.21,ma200_breach,3
7925.T,2025-07-28,2025-12-01,1889.5,2107.8,1889.5,11.55,time,126
7936.T,2025-01-21,2025-02-03,3404.4,3345.8,3404.4,-1.72,ma200_breach,13
7936.T,2025-06-27,2025-10-14,3664.8,3660.8,3664.8,-0.11,stop_breakeven,109
7947.T,2025-01-31,2025-02-03,2901.7,2836.6,2576.1,-2.24,ma200_breach,3
7949.T,2025-06-26,2025-10-30,2181.9,2465.8,2181.9,13.01,time,126
7949.T,2025-11-17,2026-03-23,2551.7,2586.8,2551.7,1.38,time,126
7956.T,2025-05-29,2025-06-02,1772.3,1789.5,1614.5,0.97,ma200_breach,4
7956.T,2025-08-19,2025-11-07,1738.2,1563.3,1612.7,-10.06,stop_base,80
7970.T,2025-07-24,2025-11-27,1882.1,1919.2,1573.9,1.97,time,126
7972.T,2025-06-26,2025-10-30,2057.4,2364.1,2057.4,14.91,time,126
7974.T,2025-01-24,2025-02-03,9634.5,9912.2,9634.5,2.88,ma200_breach,10
7974.T,2025-02-05,2025-02-25,10423.6,11017.8,10423.6,5.7,ma200_breach,20
7974.T,2025-06-17,2025-10-10,12212.8,12198.2,12212.8,-0.12,stop_breakeven,115
7974.T,2025-11-05,2025-12-09,13542.6,11720.5,11966.7,-13.45,stop_base,34
7981.T,2025-06-30,2025-11-04,2329.7,2433.4,2329.7,4.45,time,127
7981.T,2025-11-20,2026-03-26,2550.6,2791.9,2550.6,9.46,time,126
7984.T,2025-02-14,2025-02-25,693.3,705.9,628.4,1.82,ma200_breach,11
7984.T,2025-05-29,2025-06-02,742.0,769.4,650.5,3.7,ma200_breach,4
7984.T,2025-06-09,2025-06-13,788.4,765.8,695.6,-2.87,ma200_breach,4
7984.T,2025-06-26,2025-10-30,793.0,852.5,793.0,7.51,time,126
7984.T,2025-11-12,2026-02-25,892.1,891.5,892.1,-0.06,stop_breakeven,105
7988.T,2025-09-25,2026-01-29,4442.7,4731.0,4442.7,6.49,time,126
7989.T,2025-06-09,2025-06-13,1548.6,1502.4,1398.4,-2.98,ma200_breach,4
7989.T,2025-06-24,2025-10-28,1562.0,1883.7,1562.0,20.59,time,126
7990.T,2025-06-09,2025-06-13,2023.8,1979.6,1785.4,-2.19,ma200_breach,4
7990.T,2025-07-03,2025-11-06,2066.1,2281.7,2066.1,10.43,time,126
7994.T,2025-07-02,2025-11-05,2162.5,2223.0,2162.5,2.8,time,126
8002.T,2025-06-18,2025-10-22,2876.9,3697.7,2876.9,28.53,time,126
8002.T,2025-11-05,2026-03-11,3835.3,5414.3,3835.3,41.17,time,126
8005.T,2025-02-04,2025-02-25,1042.7,959.2,955.5,-8.01,ma200_breach,21
8005.T,2025-06-19,2025-10-23,1020.7,1090.4,1020.7,6.83,time,126
8005.T,2025-11-07,2026-03-13,1181.3,1281.1,1181.3,8.44,time,126
8007.T,2025-06-09,2025-06-13,668.0,660.4,614.4,-1.14,ma200_breach,4
8007.T,2025-06-18,2025-10-22,678.4,809.0,678.4,19.25,time,126
8007.T,2025-11-04,2026-03-10,834.3,852.8,834.3,2.22,time,126
8011.T,2025-06-11,2025-06-13,2800.9,2762.4,2605.4,-1.38,ma200_breach,2
8011.T,2025-06-23,2025-06-30,2812.5,2510.0,2618.9,-10.75,stop_base,7
8011.T,2025-07-23,2025-11-26,2869.3,3382.6,2869.3,17.89,time,126
8014.T,2025-09-26,2025-10-14,3835.4,3670.3,3690.7,-4.3,stop_base,18
8015.T,2025-06-18,2025-10-22,3034.3,4347.0,3034.3,43.26,time,126
8015.T,2025-10-24,2026-02-27,4447.0,6918.0,4447.0,55.57,time,126
8016.T,2025-06-23,2025-10-27,567.1,669.0,567.1,17.97,time,126
8016.T,2025-11-26,2026-04-01,679.8,727.0,679.8,6.95,time,126
8020.T,2025-06-30,2025-11-04,1329.2,1534.1,1329.2,15.41,time,127
8020.T,2025-11-25,2026-03-31,1625.4,2205.5,1625.4,35.69,time,126
8031.T,2025-11-06,2026-03-12,4019.8,5738.9,4019.8,42.77,time,126
8037.T,2025-06-27,2025-10-31,2342.9,2870.0,2342.9,22.5,time,126
8037.T,2025-11-12,2025-11-18,3029.4,2676.3,2768.7,-11.66,stop_base,6
8043.T,2025-07-14,2025-11-17,1083.3,1136.5,1083.3,4.91,time,126
8043.T,2025-11-21,2026-03-27,1172.3,1270.0,1172.3,8.33,time,126
8050.T,2025-01-06,2025-01-14,2390.6,2286.2,1982.8,-4.37,ma200_breach,8
8050.T,2025-01-21,2025-02-03,2405.1,2567.7,2405.1,6.76,ma200_breach,13
8050.T,2025-10-21,2025-11-18,3409.0,3344.5,3409.0,-1.89,stop_breakeven,28
8052.T,2025-06-11,2025-06-13,2265.0,2240.7,2102.6,-1.07,ma200_breach,2
8052.T,2025-06-18,2025-10-22,2274.7,2656.8,2274.7,16.8,time,126
8053.T,2025-07-23,2025-11-26,3747.2,4703.4,3747.2,25.52,time,126
8056.T,2025-06-19,2025-10-01,5915.9,5888.0,5915.9,-0.47,stop_breakeven,104
8057.T,2025-07-17,2025-11-20,1998.0,2080.0,1998.0,4.1,time,126
8058.T,2025-08-25,2025-12-29,3209.0,3534.9,3209.0,10.16,time,126
8060.T,2025-01-30,2025-02-03,2542.0,2500.1,2328.9,-1.65,ma200_breach,4
8060.T,2025-05-13,2025-05-15,2663.1,2590.6,2217.5,-2.72,ma200_breach,2
8060.T,2025-06-17,2025-10-21,2702.5,2961.8,2702.5,9.6,time,126
8060.T,2025-10-22,2026-02-25,3029.9,3421.5,3029.9,12.93,time,126
8061.T,2025-05-29,2025-06-02,1513.7,1531.4,1320.6,1.17,ma200_breach,4
8061.T,2025-07-04,2025-11-07,1534.6,2150.3,1534.6,40.12,time,126
8065.T,2025-07-22,2025-11-25,1503.7,2135.1,1503.7,41.99,time,126
8065.T,2025-11-26,2026-04-01,2159.7,2450.0,2159.7,13.44,time,126
8070.T,2025-06-19,2025-10-23,759.2,943.5,759.2,24.28,time,126
8070.T,2025-10-27,2026-01-26,952.3,941.5,952.3,-1.13,stop_breakeven,91
8078.T,2025-07-14,2025-11-17,1155.9,1308.8,1155.9,13.23,time,126
8078.T,2025-11-26,2026-04-01,1356.0,1615.0,1356.0,19.1,time,126
8081.T,2025-07-14,2025-10-02,1971.2,1926.4,1971.2,-2.27,stop_breakeven,80
8081.T,2025-10-22,2026-02-25,2083.8,2271.6,2083.8,9.01,time,126
8084.T,2025-06-19,2025-10-23,2686.1,3043.6,2686.1,13.31,time,126
8084.T,2025-10-27,2026-03-02,3102.4,3602.4,3102.4,16.11,time,126
8091.T,2025-06-19,2025-10-23,2145.4,2488.6,2145.4,16.0,time,126
8091.T,2025-11-06,2025-11-10,2495.5,2378.8,2383.7,-4.68,stop_base,4
8093.T,2025-09-01,2026-01-05,1648.1,1801.8,1648.1,9.33,time,126
8101.T,2025-08-05,2025-12-09,2080.6,2231.3,2080.6,7.25,time,126
8103.T,2025-06-10,2025-06-13,677.7,652.1,624.5,-3.78,ma200_breach,3
8103.T,2025-07-25,2025-11-28,675.8,804.9,675.8,19.1,time,126
8125.T,2025-01-29,2025-02-03,1640.9,1624.7,1423.8,-0.98,ma200_breach,5
8125.T,2025-05-14,2025-05-15,1726.3,1733.9,1471.0,0.44,ma200_breach,1
8125.T,2025-07-17,2025-11-20,1649.1,1719.6,1649.1,4.27,time,126
8125.T,2025-11-21,2026-03-27,1769.2,1931.0,1769.2,9.15,time,126
8129.T,2025-07-30,2025-10-29,4840.2,4779.7,4840.2,-1.25,stop_breakeven,91
8130.T,2025-08-07,2025-12-11,2916.8,3004.3,2916.8,3.0,time,126
8132.T,2025-07-09,2025-10-02,6476.3,6268.7,6476.3,-3.21,stop_breakeven,85
8133.T,2025-05-30,2025-06-02,1632.6,1623.9,1431.3,-0.53,ma200_breach,3
8133.T,2025-06-09,2025-06-13,1646.1,1676.1,1485.5,1.82,ma200_breach,4
8133.T,2025-06-17,2025-10-21,1687.7,1872.8,1687.7,10.97,time,126
8136.T,2025-02-06,2025-02-25,1174.5,1376.3,1174.5,17.18,ma200_breach,19
8136.T,2025-06-27,2025-07-24,1423.9,1200.8,1203.4,-15.67,stop_base,27
8137.T,2025-05-30,2025-06-02,2216.6,2214.7,1930.5,-0.09,ma200_breach,3
8137.T,2025-06-11,2025-06-13,2236.7,2199.3,2001.5,-1.67,ma200_breach,2
8137.T,2025-06-19,2025-10-23,2240.6,2654.2,2240.6,18.46,time,126
8137.T,2025-10-27,2026-03-02,2719.0,3376.7,2719.0,24.19,time,126
8142.T,2025-07-31,2025-10-14,1073.8,1070.5,1073.8,-0.3,stop_breakeven,75
8142.T,2025-11-21,2026-03-27,1132.6,1350.0,1132.6,19.19,time,126
8150.T,2025-06-11,2025-06-13,2192.3,2144.8,1877.2,-2.16,ma200_breach,2
8150.T,2025-06-26,2025-10-30,2198.0,2747.1,2198.0,24.98,time,126
8150.T,2025-10-31,2026-03-06,2814.5,2940.6,2814.5,4.48,time,126
8153.T,2025-08-12,2025-12-16,4036.1,4314.9,4036.1,6.91,time,126
8154.T,2025-08-26,2025-12-30,3235.2,3805.4,3235.2,17.62,time,126
8157.T,2025-01-22,2025-02-03,2856.3,2537.2,2432.4,-11.17,ma200_breach,12
8157.T,2025-07-08,2025-11-11,2776.6,3127.7,2776.6,12.64,time,126
8159.T,2025-08-21,2025-12-25,2899.7,2988.7,2899.7,3.07,time,126
8174.T,2025-06-17,2025-10-21,2554.4,2737.0,2554.4,7.15,time,126
8174.T,2025-10-30,2026-02-04,2811.7,2746.8,2811.7,-2.31,stop_breakeven,97
8179.T,2025-08-01,2025-10-29,1351.4,1258.1,1266.5,-6.91,stop_base,89
8194.T,2025-06-09,2025-06-13,2091.7,2075.1,1977.6,-0.79,ma200_breach,4
8194.T,2025-06-16,2025-10-20,2094.6,2416.6,2094.6,15.37,time,126
8194.T,2025-11-21,2026-01-28,2511.4,2491.6,2511.4,-0.79,stop_breakeven,68
8214.T,2025-06-19,2025-10-23,1547.9,1659.6,1547.9,7.21,time,126
8219.T,2025-05-14,2025-05-15,640.7,632.5,540.0,-1.29,ma200_breach,1
8219.T,2025-07-01,2025-11-04,652.8,690.4,652.8,5.76,time,126
8219.T,2025-11-21,2026-03-27,722.0,756.3,722.0,4.75,time,126
8227.T,2025-02-14,2025-02-25,8912.8,8837.7,8323.5,-0.84,ma200_breach,11
8227.T,2025-07-01,2025-08-21,10586.7,10559.5,10586.7,-0.26,stop_breakeven,51
8227.T,2025-11-13,2026-02-18,10653.6,3678.3,9187.6,-65.47,stop_base,97
8237.T,2025-07-16,2025-11-19,1111.2,1787.3,1111.2,60.84,time,126
8252.T,2025-02-17,2025-02-25,2467.9,2440.6,2331.4,-1.11,ma200_breach,8
8252.T,2025-05-14,2025-05-15,2954.4,2928.5,2450.7,-0.88,ma200_breach,1
8252.T,2025-06-19,2025-10-09,2956.3,2950.5,2956.3,-0.2,stop_breakeven,112
8252.T,2025-11-19,2026-03-25,3067.0,3040.6,2838.9,-0.86,time,126
8253.T,2025-02-17,2025-02-25,3546.6,3340.1,3319.4,-5.82,ma200_breach,8
8253.T,2025-08-01,2025-08-04,3988.0,3725.3,3732.1,-6.59,stop_base,3
8253.T,2025-08-08,2025-08-15,3994.7,3615.8,3725.3,-9.49,stop_base,7
8255.T,2025-05-30,2025-06-02,1116.3,1095.8,1035.2,-1.84,ma200_breach,3
8255.T,2025-07-18,2025-07-23,1106.5,1074.3,1078.2,-2.91,stop_base,5
8255.T,2025-07-31,2025-10-02,1118.3,1111.6,1118.3,-0.59,stop_breakeven,63
8267.T,2025-05-30,2025-06-02,1457.4,1449.8,1282.9,-0.52,ma200_breach,3
8267.T,2025-06-16,2025-10-20,1473.1,2240.1,1473.1,52.06,time,126
8276.T,2025-05-30,2025-06-02,2692.7,2674.1,2575.2,-0.69,ma200_breach,3
8276.T,2025-06-19,2025-08-29,2835.7,2811.7,2835.7,-0.84,stop_breakeven,71
8276.T,2025-11-13,2026-03-03,2927.5,2889.0,2927.5,-1.32,stop_breakeven,110
8281.T,2025-02-13,2025-02-25,1214.6,1157.3,1065.5,-4.72,ma200_breach,12
8306.T,2025-01-27,2025-02-03,1832.3,1837.1,1691.2,0.26,ma200_breach,7
8306.T,2025-02-17,2025-02-25,1891.0,1870.0,1747.9,-1.11,ma200_breach,8
8306.T,2025-07-23,2025-11-26,2037.2,2411.8,2037.2,18.39,time,126
8308.T,2025-02-17,2025-02-25,1159.7,1177.2,1077.5,1.51,ma200_breach,8
8308.T,2025-06-24,2025-10-28,1308.7,1458.8,1308.7,11.47,time,126
8308.T,2025-11-12,2026-03-18,1537.7,1791.1,1537.7,16.48,time,126
8309.T,2025-01-28,2025-02-03,3610.6,3640.8,3391.1,0.83,ma200_breach,6
8309.T,2025-02-04,2025-02-25,3692.6,3655.8,3391.1,-0.99,ma200_breach,21
8309.T,2025-07-04,2025-11-07,3795.3,4142.2,3795.3,9.14,time,126
8309.T,2025-11-10,2026-03-16,4222.5,4813.1,4222.5,13.99,time,126
8316.T,2025-01-08,2025-01-14,3700.8,3534.2,3408.5,-4.5,ma200_breach,6
8316.T,2025-01-28,2025-02-03,3704.6,3575.1,3476.1,-3.5,ma200_breach,6
8316.T,2025-02-18,2025-02-25,3721.8,3683.7,3513.2,-1.02,ma200_breach,7
8316.T,2025-08-13,2025-09-03,3871.2,3821.9,3871.2,-1.27,stop_breakeven,21
8316.T,2025-11-12,2026-03-18,4215.5,5176.8,4215.5,22.8,time,126
8331.T,2025-07-23,2025-11-26,1373.2,1616.0,1373.2,17.68,time,126
8334.T,2025-07-10,2025-11-13,1216.5,1585.9,1216.5,30.37,time,126
8334.T,2025-11-17,2026-03-23,1630.8,2007.4,1630.8,23.1,time,126
8336.T,2025-07-02,2025-11-05,1036.3,1316.9,1036.3,27.07,time,126
8336.T,2025-11-06,2026-03-12,1342.5,1870.2,1342.5,39.31,time,126
8337.T,2025-01-31,2025-02-03,1560.6,1497.3,1361.9,-4.05,ma200_breach,3
8337.T,2025-08-15,2025-10-02,1556.3,1546.3,1556.3,-0.64,stop_breakeven,48
8338.T,2025-09-30,2025-10-14,309.4,280.7,283.7,-9.29,stop_base,14
8338.T,2025-10-30,2026-03-05,320.3,636.7,320.3,98.76,time,126
8341.T,2025-07-11,2025-11-14,1637.2,2267.7,1637.2,38.51,time,126
8343.T,2025-06-25,2025-10-29,2885.2,3510.5,2885.2,21.67,time,126
8343.T,2025-10-30,2026-03-05,3603.6,5079.4,3603.6,40.95,time,126
8344.T,2025-07-09,2025-11-12,1473.7,1708.1,1473.7,15.91,time,126
8344.T,2025-11-13,2026-03-19,1715.0,2338.2,1715.0,36.34,time,126
8345.T,2025-01-20,2025-02-03,648.5,686.6,648.5,5.88,ma200_breach,14
8345.T,2025-02-04,2025-02-25,695.6,683.2,598.9,-1.78,ma200_breach,21
8345.T,2025-06-10,2025-06-13,697.1,691.3,631.7,-0.83,ma200_breach,3
8345.T,2025-06-17,2025-10-21,701.7,935.4,701.7,33.32,time,126
8345.T,2025-10-22,2026-02-25,939.0,1571.3,939.0,67.34,time,126
8346.T,2025-07-11,2025-11-14,338.1,468.7,338.1,38.62,time,126
8346.T,2025-11-17,2026-03-23,469.7,619.7,469.7,31.93,time,126
8354.T,2025-07-23,2025-11-26,4018.5,4726.6,4018.5,17.62,time,126
8358.T,2025-01-30,2025-02-03,1163.9,1138.0,1033.6,-2.22,ma200_breach,4
8358.T,2025-02-06,2025-02-25,1207.0,1260.6,1207.0,4.44,ma200_breach,19
8358.T,2025-05-29,2025-06-02,1276.7,1296.1,1121.8,1.52,ma200_breach,4
8358.T,2025-06-25,2025-10-29,1304.8,1474.4,1304.8,13.0,time,126
8358.T,2025-11-13,2026-03-19,1595.1,1874.9,1595.1,17.54,time,126
8359.T,2025-07-09,2025-11-12,1170.4,1525.8,1170.4,30.36,time,126
8359.T,2025-11-26,2026-04-01,1583.1,2069.0,1583.1,30.69,time,126
8360.T,2025-07-04,2025-11-07,2534.3,3327.8,2534.3,31.31,time,126
8360.T,2025-11-14,2026-03-23,3426.6,4613.4,3426.6,34.63,time,129
8361.T,2025-07-04,2025-11-07,2480.0,3692.5,2480.0,48.89,time,126
8361.T,2025-11-13,2026-03-19,3747.0,6046.7,3747.0,61.38,time,126
8362.T,2025-11-13,2026-03-19,2243.2,3273.0,2243.2,45.91,time,126
8364.T,2025-10-15,2026-02-18,2043.1,2695.4,2043.1,31.93,time,126
8366.T,2025-07-24,2025-10-10,1207.7,1198.2,1207.7,-0.79,stop_breakeven,78
8366.T,2025-11-26,2026-04-01,1256.2,1970.0,1256.2,56.83,time,126
8367.T,2025-01-29,2025-02-03,643.2,653.6,589.5,1.61,ma200_breach,5
8367.T,2025-05-29,2025-06-02,779.3,796.8,667.2,2.23,ma200_breach,4
8367.T,2025-07-01,2025-11-04,802.6,1022.7,802.6,27.42,time,126
8367.T,2025-11-06,2026-03-12,1052.2,1373.4,1052.2,30.52,time,126
8368.T,2025-05-29,2025-06-02,690.3,712.7,608.1,3.26,ma200_breach,4
8368.T,2025-07-11,2025-11-14,731.3,961.0,731.3,31.4,time,126
8368.T,2025-11-20,2026-03-26,973.9,1530.2,973.9,57.13,time,126
8370.T,2025-01-30,2025-02-03,2116.5,2078.1,1962.1,-1.81,ma200_breach,4
8370.T,2025-07-11,2025-11-14,2511.5,2921.0,2511.5,16.31,time,126
8377.T,2025-07-10,2025-11-13,2830.6,4156.7,2830.6,46.85,time,126
8377.T,2025-11-14,2026-03-23,4165.6,5534.7,4165.6,32.87,time,129
8386.T,2025-06-24,2025-10-28,1007.4,1323.1,1007.4,31.34,time,126
8386.T,2025-10-30,2026-03-05,1347.7,2244.6,1347.7,66.54,time,126
8387.T,2025-07-31,2025-12-04,1215.6,1644.7,1215.6,35.29,time,126
8388.T,2025-05-29,2025-06-02,2715.1,2806.4,2405.0,3.37,ma200_breach,4
8388.T,2025-07-04,2025-11-07,2881.3,3651.6,2881.3,26.73,time,126
8388.T,2025-11-13,2026-03-19,3755.4,5662.7,3755.4,50.79,time,126
8392.T,2025-05-30,2025-06-02,703.0,708.8,595.7,0.83,ma200_breach,3
8392.T,2025-06-12,2025-06-13,732.2,734.2,636.7,0.27,ma200_breach,1
8392.T,2025-06-16,2025-10-20,744.9,999.4,744.9,34.16,time,126
8392.T,2025-10-27,2026-03-02,1043.0,1955.2,1043.0,87.45,time,126
8393.T,2025-05-29,2025-06-02,655.3,669.8,551.6,2.22,ma200_breach,4
8393.T,2025-06-09,2025-06-13,704.7,702.8,585.5,-0.28,ma200_breach,4
8393.T,2025-06-30,2025-11-04,713.4,934.2,713.4,30.94,time,127
8393.T,2025-11-06,2026-03-12,990.6,1700.4,990.6,71.66,time,126
8395.T,2025-07-17,2025-11-20,2485.0,3299.4,2485.0,32.77,time,126
8395.T,2025-11-21,2026-03-27,3353.7,4875.0,3353.7,45.36,time,126
8399.T,2025-07-24,2025-11-27,1202.0,1765.8,1202.0,46.91,time,126
8411.T,2025-01-07,2025-01-14,3803.2,3681.5,3544.5,-3.2,ma200_breach,7
8411.T,2025-01-27,2025-02-03,3878.9,4082.0,3878.9,5.24,ma200_breach,7
8411.T,2025-02-14,2025-02-25,4142.3,4095.4,3681.5,-1.13,ma200_breach,11
8411.T,2025-07-11,2025-11-14,3979.0,5239.8,3979.0,31.68,time,126
8411.T,2025-11-26,2026-04-01,5413.8,6609.0,5413.8,22.08,time,126
8418.T,2025-09-26,2025-10-10,1805.7,1684.8,1692.7,-6.7,stop_base,14
8424.T,2025-07-17,2025-11-20,3866.6,3935.1,3866.6,1.77,time,126
8425.T,2025-07-09,2025-11-12,1048.0,1252.7,1048.0,19.53,time,126
8425.T,2025-11-21,2026-03-27,1289.0,1403.0,1289.0,8.84,time,126
8439.T,2025-08-07,2025-10-17,1769.7,1753.4,1769.7,-0.92,stop_breakeven,71
8439.T,2025-11-25,2026-03-31,1914.1,2015.0,1914.1,5.27,time,126
8473.T,2025-05-29,2025-06-02,2141.6,2130.4,1668.8,-0.52,ma200_breach,4
8473.T,2025-07-10,2025-11-13,2580.9,3482.7,2580.9,34.94,time,126
8522.T,2025-07-09,2025-11-12,2749.5,3983.2,2749.5,44.87,time,126
8524.T,2025-07-04,2025-11-07,569.4,721.0,569.4,26.62,time,126
8524.T,2025-11-17,2026-03-23,739.7,894.1,739.7,20.88,time,126
8541.T,2025-09-02,2026-01-06,1197.4,1515.7,1197.4,26.58,time,126
8544.T,2025-06-24,2025-10-28,987.0,1259.2,987.0,27.58,time,126
8544.T,2025-10-29,2026-03-04,1305.7,1921.5,1305.7,47.16,time,126
8550.T,2025-06-26,2025-10-30,387.3,567.4,387.3,46.5,time,126
8551.T,2025-01-31,2025-02-03,2962.5,2882.2,2583.6,-2.71,ma200_breach,3
8551.T,2025-02-04,2025-02-25,2995.6,3203.5,2995.6,6.94,ma200_breach,21
8551.T,2025-08-08,2025-12-12,3331.5,4213.8,3331.5,26.48,time,126
8558.T,2025-07-04,2025-11-07,744.8,883.1,744.8,18.57,time,126
8558.T,2025-11-26,2026-04-01,938.2,1079.0,938.2,15.01,time,126
8566.T,2025-07-10,2025-11-13,5227.1,5512.5,5227.1,5.46,time,126
8570.T,2025-07-02,2025-11-05,1338.0,1471.1,1338.0,9.95,time,126
8570.T,2025-11-21,2026-03-27,1530.6,1576.0,1530.6,2.97,time,126
8584.T,2025-09-02,2026-01-06,4144.6,4265.1,3877.5,2.91,time,126
8585.T,2025-09-04,2025-10-14,991.9,941.0,943.9,-5.14,stop_base,40
8591.T,2025-11-21,2026-03-27,4077.0,4781.0,4077.0,17.27,time,126
8593.T,2025-07-01,2025-11-04,1035.5,1189.3,1035.5,14.86,time,126
8595.T,2025-01-29,2025-02-03,2092.8,2050.8,1938.7,-2.01,ma200_breach,5
8595.T,2025-02-19,2025-02-25,2114.5,2141.2,1938.7,1.27,ma200_breach,6
8595.T,2025-06-09,2025-06-13,2341.0,2305.0,2244.4,-1.54,ma200_breach,4
8595.T,2025-06-18,2025-10-22,2346.7,2446.0,2346.7,4.23,time,126
8600.T,2025-02-10,2025-02-25,468.3,464.5,468.3,-0.81,ma200_breach,15
8600.T,2025-07-02,2025-11-05,534.2,681.4,534.2,27.55,time,126
8600.T,2025-11-06,2026-03-12,705.1,833.1,705.1,18.16,time,126
8601.T,2025-08-25,2025-10-14,1110.8,1094.7,1110.8,-1.46,stop_breakeven,50
8601.T,2025-11-12,2026-03-18,1249.1,1476.0,1249.1,18.16,time,126
8604.T,2025-07-23,2025-11-26,941.4,1151.1,941.4,22.28,time,126
8614.T,2025-02-06,2025-02-25,501.0,491.6,447.9,-1.88,ma200_breach,19
8616.T,2025-08-22,2025-12-26,548.8,659.7,548.8,20.21,time,126
8630.T,2025-01-23,2025-02-03,4060.3,4090.9,3830.7,0.75,ma200_breach,11
8630.T,2025-02-13,2025-02-25,4171.2,4073.7,3830.7,-2.34,ma200_breach,12
8630.T,2025-08-18,2025-12-22,4698.6,5207.6,4698.6,10.83,time,126
8706.T,2025-08-28,2026-01-05,1490.7,1667.5,1490.7,11.86,time,130
8707.T,2025-08-05,2025-12-09,2308.3,2973.3,2308.3,28.81,time,126
8713.T,2025-07-23,2025-11-26,1459.2,1717.4,1459.2,17.7,time,126
8714.T,2025-07-04,2025-11-07,587.3,662.0,587.3,12.71,time,126
8714.T,2025-11-10,2026-03-16,677.8,773.3,677.8,14.1,time,126
8715.T,2025-11-17,2026-03-23,848.5,1264.8,848.5,49.06,time,126
8739.T,2025-08-18,2025-12-22,1518.1,1503.8,1358.9,-0.94,time,126
8750.T,2025-02-14,2025-02-25,1029.3,1067.1,1029.3,3.68,ma200_breach,11
8750.T,2025-07-23,2025-10-01,1131.1,1100.8,1131.1,-2.68,stop_breakeven,70
8750.T,2025-11-17,2026-03-23,1218.0,1331.2,1218.0,9.3,time,126
8766.T,2025-08-12,2025-11-20,6189.5,5274.9,5522.6,-14.78,stop_base,100
8795.T,2025-01-30,2025-02-03,2830.7,2787.3,2625.9,-1.53,ma200_breach,4
8795.T,2025-02-06,2025-02-25,2848.4,3072.2,2848.4,7.86,ma200_breach,19
8795.T,2025-07-18,2025-10-29,3290.2,3245.1,3290.2,-1.37,stop_breakeven,103
8801.T,2025-11-12,2026-03-18,1698.9,1861.7,1698.9,9.59,time,126
8802.T,2025-06-19,2025-10-23,2739.5,3353.4,2739.5,22.41,time,126
8802.T,2025-11-21,2026-03-27,3470.8,4390.0,3470.8,26.48,time,126
8803.T,2025-01-27,2025-02-03,2132.6,2203.0,1956.6,3.3,ma200_breach,7
8803.T,2025-02-04,2025-02-25,2280.4,2191.2,1956.6,-3.91,ma200_breach,21
8804.T,2025-06-17,2025-07-18,2565.7,2408.3,2418.4,-6.13,stop_base,31
8804.T,2025-08-05,2025-12-09,2571.2,3332.4,2571.2,29.61,time,126
8818.T,2025-11-25,2026-03-23,1831.0,1829.0,1831.0,-0.11,stop_breakeven,118
8830.T,2025-05-30,2025-06-02,2746.3,2805.2,2597.0,2.14,ma200_breach,3
8830.T,2025-06-11,2025-06-13,2818.5,2871.9,2597.0,1.89,ma200_breach,2
8830.T,2025-06-18,2025-10-22,2935.2,3362.9,2935.2,14.57,time,126
8830.T,2025-11-12,2026-03-18,3622.6,4838.1,3622.6,33.55,time,126
8848.T,2025-02-17,2025-02-25,580.5,562.9,524.8,-3.03,ma200_breach,8
8848.T,2025-07-09,2025-10-10,666.3,664.0,666.3,-0.34,stop_breakeven,93
8850.T,2025-01-29,2025-02-03,3659.1,3697.4,3409.7,1.05,ma200_breach,5
8850.T,2025-02-10,2025-02-25,3731.0,3812.5,3731.0,2.19,ma200_breach,15
8850.T,2025-05-13,2025-05-15,4151.4,3995.4,3527.7,-3.76,ma200_breach,2
8850.T,2025-06-09,2025-06-13,4180.6,4083.1,3771.3,-2.33,ma200_breach,4
8850.T,2025-06-18,2025-10-22,4185.5,4701.9,4185.5,12.34,time,126
8850.T,2025-11-26,2026-03-23,4800.6,4716.7,4800.6,-1.75,stop_breakeven,117
8860.T,2025-10-23,2025-11-04,842.4,771.8,773.1,-8.38,stop_base,12
8876.T,2025-02-10,2025-02-25,1863.3,1777.9,1725.9,-4.58,ma200_breach,15
8877.T,2025-08-06,2025-12-10,4821.5,6205.4,4821.5,28.7,time,126
8881.T,2025-08-28,2026-01-05,549.0,702.5,549.0,27.95,time,130
8892.T,2025-07-14,2025-11-17,993.3,977.9,923.3,-1.54,time,126
8919.T,2025-06-12,2025-06-13,2316.2,2249.9,1996.5,-2.86,ma200_breach,1
8919.T,2025-06-18,2025-10-22,2322.1,2550.7,2322.1,9.85,time,126
8919.T,2025-11-11,2026-03-17,2865.0,3276.1,2865.0,14.35,time,126
8923.T,2025-07-09,2025-11-12,1335.2,1610.1,1335.2,20.59,time,126
8923.T,2025-11-21,2026-01-23,1653.8,1632.0,1653.8,-1.32,stop_breakeven,63
8934.T,2025-07-14,2025-11-17,2047.8,2308.1,2047.8,12.71,time,126
8934.T,2025-11-21,2026-02-06,2348.5,2344.5,2348.5,-0.17,stop_breakeven,77
8935.T,2025-08-05,2025-12-09,1265.1,1361.6,1265.1,7.63,time,126
9006.T,2025-02-18,2025-02-21,1396.2,1380.8,1396.2,-1.1,stop_breakeven,3
9006.T,2025-07-14,2025-10-02,1509.5,1433.6,1451.3,-5.03,stop_base,80
9007.T,2025-08-07,2025-12-05,1664.7,1634.1,1664.7,-1.84,stop_breakeven,120
9020.T,2025-07-01,2025-11-04,3067.7,3634.0,3067.7,18.46,time,126
9020.T,2025-11-07,2026-01-28,3817.0,3765.6,3817.0,-1.35,stop_breakeven,82
9021.T,2025-06-16,2025-10-02,3116.3,3063.2,3116.3,-1.7,stop_breakeven,108
9022.T,2025-09-03,2025-10-30,3975.9,3778.6,3975.9,-4.96,stop_breakeven,57
9024.T,2025-05-30,2025-06-02,3783.7,3802.5,3168.8,0.5,ma200_breach,3
9024.T,2025-10-06,2025-11-13,5744.6,5081.7,5100.8,-11.54,stop_base,38
9025.T,2025-01-30,2025-02-03,2974.8,2880.3,2753.8,-3.17,ma200_breach,4
9025.T,2025-07-09,2025-11-12,2954.3,3209.8,2954.3,8.65,time,126
9037.T,2025-01-31,2025-02-03,1312.8,1255.9,1245.3,-4.33,ma200_breach,3
9037.T,2025-06-18,2025-10-22,1334.1,1586.3,1334.1,18.9,time,126
9037.T,2025-10-23,2026-02-26,1617.9,1886.9,1617.9,16.63,time,126
9039.T,2025-08-06,2025-12-10,2678.4,2739.8,2678.4,2.29,time,126
9064.T,2025-07-31,2025-12-04,2145.9,2175.4,2145.9,1.38,time,126
9065.T,2025-05-13,2025-05-15,6775.4,6594.5,5490.6,-2.67,ma200_breach,2
9065.T,2025-06-09,2025-06-13,6989.4,7285.1,5983.7,4.23,ma200_breach,4
9065.T,2025-06-16,2025-10-20,7359.0,7835.0,7359.0,6.47,time,126
9065.T,2025-11-04,2026-03-10,8141.8,9418.5,8141.8,15.68,time,126
9068.T,2025-02-05,2025-02-25,5913.2,5510.0,5394.8,-6.82,ma200_breach,20
9068.T,2025-05-13,2025-05-15,6145.5,6048.1,5298.2,-1.58,ma200_breach,2
9068.T,2025-05-29,2025-06-02,6223.5,6272.1,5502.7,0.78,ma200_breach,4
9068.T,2025-06-16,2025-10-20,6535.1,6853.6,6535.1,4.87,time,126
9068.T,2025-10-27,2025-11-11,7149.4,6597.2,6616.9,-7.72,stop_base,15
9069.T,2025-01-29,2025-02-03,1484.5,1444.1,1362.5,-2.72,ma200_breach,5
9069.T,2025-06-30,2025-11-04,1913.9,1971.4,1913.9,3.0,time,127
9072.T,2025-01-24,2025-02-03,2122.4,2169.6,2122.4,2.22,ma200_breach,10
9072.T,2025-07-15,2025-08-22,3236.9,3231.0,3236.9,-0.18,stop_breakeven,38
9072.T,2025-09-25,2025-12-16,3397.0,3375.2,3397.0,-0.64,stop_breakeven,82
9081.T,2025-01-28,2025-02-03,3738.0,3632.1,3502.0,-2.84,ma200_breach,6
9081.T,2025-02-18,2025-02-25,3757.3,3747.7,3502.0,-0.26,ma200_breach,7
9101.T,2025-07-23,2025-09-29,5089.0,5051.0,5089.0,-0.75,stop_breakeven,68
9104.T,2025-01-06,2025-01-14,5271.8,4916.8,4750.5,-6.73,ma200_breach,8
9107.T,2025-09-02,2026-01-06,2221.4,2178.3,1950.0,-1.94,time,126
9110.T,2025-11-26,2026-04-01,5636.6,7540.0,5636.6,33.77,time,126
9119.T,2025-11-21,2026-03-27,1321.7,1836.0,1321.7,38.91,time,126
9143.T,2025-08-07,2025-09-30,1695.3,1501.9,1506.4,-11.41,stop_base,54
9147.T,2025-06-12,2025-06-13,2672.5,2684.6,2465.4,0.45,ma200_breach,1
9147.T,2025-06-16,2025-10-20,2696.2,3319.6,2696.2,23.12,time,126
9201.T,2025-05-29,2025-06-02,2807.1,2827.9,2341.6,0.74,ma200_breach,4
9201.T,2025-07-17,2025-10-02,2879.2,2848.0,2879.2,-1.08,stop_breakeven,77
9267.T,2025-07-22,2025-11-25,4174.5,5073.4,4174.5,21.53,time,126
9273.T,2025-07-03,2025-11-06,703.0,802.0,703.0,14.08,time,126
9274.T,2025-07-11,2025-10-01,750.1,747.4,750.1,-0.36,stop_breakeven,82
9278.T,2025-07-11,2025-10-02,1482.0,1468.0,1482.0,-0.94,stop_breakeven,83
9279.T,2025-02-14,2025-02-25,3789.5,3536.9,3086.1,-6.67,ma200_breach,11
9301.T,2025-06-19,2025-08-04,1171.7,1159.5,1171.7,-1.04,stop_breakeven,46
9302.T,2025-01-28,2025-02-03,2468.4,2432.5,2347.6,-1.46,ma200_breach,6
9302.T,2025-02-07,2025-02-25,2530.5,2448.8,2347.6,-3.23,ma200_breach,18
9302.T,2025-08-07,2025-12-11,4106.5,3808.2,3701.3,-7.26,time,126
9303.T,2025-07-09,2025-11-12,2949.2,3259.0,2949.2,10.51,time,126
9303.T,2025-11-21,2026-03-27,3303.5,4098.5,3303.5,24.07,time,126
9304.T,2025-02-10,2025-02-25,752.6,735.0,702.3,-2.33,ma200_breach,15
9304.T,2025-06-23,2025-10-27,988.3,1123.5,988.3,13.68,time,126
9304.T,2025-11-21,2026-03-27,1136.2,1321.0,1136.2,16.27,time,126
9305.T,2025-02-07,2025-02-17,1839.6,1799.0,1839.6,-2.21,stop_breakeven,10
9305.T,2025-07-22,2025-11-25,2300.9,2471.1,2300.9,7.4,time,126
9310.T,2025-07-30,2025-12-03,1115.8,1074.6,1018.9,-3.69,time,126
9324.T,2025-02-05,2025-02-25,1841.5,1663.0,1655.3,-9.7,ma200_breach,20
9324.T,2025-07-25,2025-11-28,1845.7,2202.3,1845.7,19.32,time,126
9336.T,2025-09-02,2025-11-05,3393.8,3349.2,3393.8,-1.32,stop_breakeven,64
9364.T,2025-05-13,2025-05-15,3750.8,3743.1,3159.1,-0.21,ma200_breach,2
9364.T,2025-05-29,2025-06-02,3845.3,3935.9,3200.6,2.36,ma200_breach,4
9364.T,2025-07-09,2025-11-12,3940.7,4617.6,3940.7,17.18,time,126
9364.T,2025-11-14,2026-03-23,4883.9,5233.9,4883.9,7.16,time,129
9381.T,2025-08-08,2025-12-12,1902.4,2016.8,1902.4,6.01,time,126
9401.T,2025-06-26,2025-10-30,4792.5,5252.6,4792.5,9.6,time,126
9401.T,2025-11-21,2026-02-06,5647.0,5523.8,5647.0,-2.18,stop_breakeven,77
9404.T,2025-01-29,2025-02-03,2840.8,2794.8,2462.4,-1.62,ma200_breach,5
9404.T,2025-02-14,2025-02-25,2887.8,2786.0,2462.4,-3.53,ma200_breach,11
9404.T,2025-06-26,2025-07-03,3272.2,3023.2,3045.9,-7.61,stop_base,7
9404.T,2025-08-01,2025-12-05,3443.2,3756.1,3443.2,9.09,time,126
9405.T,2025-09-02,2026-01-06,740.0,849.9,740.0,14.86,time,126
9409.T,2025-01-27,2025-02-03,2286.6,2381.2,2286.6,4.14,ma200_breach,7
9409.T,2025-02-06,2025-02-25,2421.7,2450.7,2421.7,1.2,ma200_breach,19
9409.T,2025-06-23,2025-10-27,2642.4,3174.7,2642.4,20.14,time,126
9409.T,2025-11-25,2026-02-20,3288.5,3174.7,3288.5,-3.46,stop_breakeven,87
9412.T,2025-06-16,2025-07-03,1323.7,1295.3,1323.7,-2.14,stop_breakeven,17
9412.T,2025-08-01,2025-10-02,1442.1,1293.2,1295.3,-10.33,stop_base,62
9412.T,2025-10-06,2026-02-09,1495.6,2731.2,1495.6,82.61,time,126
9413.T,2025-09-26,2026-01-30,4885.9,4484.0,4182.3,-8.22,time,126
9418.T,2025-01-29,2025-02-03,1789.4,1838.7,1608.6,2.76,ma200_breach,5
9418.T,2025-06-24,2025-07-14,2253.4,2003.6,2017.5,-11.09,stop_base,20
9433.T,2025-02-05,2025-02-25,2520.2,2335.6,2263.5,-7.33,ma200_breach,20
9433.T,2025-08-13,2025-09-30,2556.7,2325.8,2342.5,-9.03,stop_base,48
9434.T,2025-07-01,2025-07-29,216.0,206.4,206.9,-4.41,stop_base,28
9434.T,2025-08-05,2025-09-08,218.8,218.7,218.8,-0.04,stop_breakeven,34
9434.T,2025-11-21,2025-12-22,229.0,209.1,210.7,-8.69,stop_base,31
9435.T,2025-01-27,2025-02-03,34594.2,34711.6,32706.5,0.34,ma200_breach,7
9435.T,2025-02-10,2025-02-25,35709.2,35992.8,32706.5,0.79,ma200_breach,15
9435.T,2025-06-09,2025-06-13,40868.6,40033.6,37646.3,-2.04,ma200_breach,4
9435.T,2025-06-19,2025-10-23,41585.8,42913.8,37646.3,3.19,time,126
9435.T,2025-10-27,2026-03-02,43845.4,43786.1,38890.0,-0.14,time,126
9449.T,2025-02-13,2025-02-25,2936.1,2827.7,2502.1,-3.69,ma200_breach,12
9449.T,2025-07-14,2025-10-01,3604.4,3511.9,3604.4,-2.57,stop_breakeven,79
9449.T,2025-11-14,2026-02-06,3594.7,3550.0,3594.7,-1.24,stop_breakeven,84
9468.T,2025-02-13,2025-02-25,3579.9,3570.0,3072.1,-0.27,ma200_breach,12
9468.T,2025-06-19,2025-08-08,4033.1,3379.3,3475.5,-16.21,stop_base,50
9474.T,2025-07-30,2025-12-03,1047.2,999.8,970.4,-4.53,time,126
9502.T,2025-08-05,2025-12-09,1835.5,2265.5,1835.5,23.43,time,126
9509.T,2025-11-26,2026-02-02,1238.7,985.6,994.5,-20.43,stop_base,68
9513.T,2025-10-16,2026-02-19,2891.2,3622.4,2891.2,25.29,time,126
9531.T,2025-02-14,2025-02-25,4374.0,4561.9,4374.0,4.3,ma200_breach,11
9531.T,2025-05-30,2025-06-02,4762.9,4779.6,4524.0,0.35,ma200_breach,3
9531.T,2025-06-09,2025-06-12,4840.6,4519.1,4524.0,-6.64,stop_base,3
9531.T,2025-07-02,2025-11-05,4856.3,5609.3,4856.3,15.5,time,126
9531.T,2025-11-06,2026-03-12,5698.6,7595.8,5698.6,33.29,time,126
9532.T,2025-06-18,2025-10-22,3641.4,4165.0,3641.4,14.38,time,126
9532.T,2025-10-30,2026-03-05,4416.6,6619.0,4416.6,49.87,time,126
9533.T,2025-09-02,2025-12-03,1148.5,1147.8,1148.5,-0.06,stop_breakeven,92
9534.T,2025-11-12,2026-03-18,716.3,915.3,716.3,27.79,time,126
9543.T,2025-07-03,2025-11-06,1065.2,1122.1,1065.2,5.35,time,126
9543.T,2025-11-21,2026-03-27,1179.0,1525.0,1179.0,29.34,time,126
9551.T,2025-05-29,2025-06-02,2068.4,2093.9,1800.2,1.23,ma200_breach,4
9551.T,2025-06-09,2025-06-13,2105.6,2140.9,1870.7,1.67,ma200_breach,4
9551.T,2025-06-16,2025-10-20,2160.4,2947.5,2160.4,36.43,time,126
9551.T,2025-10-27,2026-03-02,3104.0,4104.0,3104.0,32.22,time,126
9601.T,2025-01-24,2025-02-03,11630.1,12017.8,10805.1,3.33,ma200_breach,10
9601.T,2025-02-05,2025-02-25,12355.8,11709.6,10805.1,-5.23,ma200_breach,20
9601.T,2025-06-12,2025-06-13,13682.8,13583.1,12626.4,-0.73,ma200_breach,1
9601.T,2025-06-17,2025-09-02,13752.5,13373.8,13752.5,-2.75,stop_breakeven,77
9602.T,2025-01-28,2025-02-03,1358.0,1381.2,1185.9,1.7,ma200_breach,6
9602.T,2025-02-05,2025-02-25,1395.7,1408.8,1185.9,0.94,ma200_breach,20
9602.T,2025-06-16,2025-10-20,1572.1,1781.0,1572.1,13.29,time,126
9616.T,2025-07-08,2025-07-29,3536.7,3530.8,3536.7,-0.17,stop_breakeven,21
9621.T,2025-05-30,2025-06-02,2510.8,2550.8,2291.4,1.59,ma200_breach,3
9621.T,2025-06-09,2025-06-13,2611.3,2663.9,2323.6,2.02,ma200_breach,4
9621.T,2025-06-16,2025-10-02,2722.4,2716.6,2722.4,-0.21,stop_breakeven,108
9621.T,2025-11-17,2026-03-23,2939.9,2976.0,2939.9,1.23,time,126
9622.T,2025-08-01,2025-12-05,1267.5,1383.6,1267.5,9.17,time,126
9627.T,2025-07-24,2025-11-27,5780.5,6933.7,5780.5,19.95,time,126
9628.T,2025-06-23,2025-08-19,1514.7,1513.7,1514.7,-0.06,stop_breakeven,57
9628.T,2025-10-24,2025-11-14,1558.8,1377.4,1400.0,-11.64,stop_base,21
9644.T,2025-06-19,2025-10-01,744.7,654.2,672.5,-12.16,stop_base,104
9658.T,2025-07-23,2025-11-26,846.9,1141.8,846.9,34.82,time,126
9672.T,2025-06-24,2025-10-28,4460.7,5551.6,4460.7,24.46,time,126
9678.T,2025-05-29,2025-06-02,3200.3,3234.5,2982.3,1.07,ma200_breach,4
9678.T,2025-07-15,2025-11-18,3351.6,3432.8,3351.6,2.42,time,126
9682.T,2025-06-17,2025-10-21,1236.5,1270.3,1236.5,2.73,time,126
9682.T,2025-10-27,2025-10-29,1332.1,1226.1,1239.9,-7.95,stop_base,2
9684.T,2025-01-28,2025-02-03,2080.2,2040.4,1982.8,-1.91,ma200_breach,6
9684.T,2025-02-05,2025-02-25,2165.9,2289.8,2165.9,5.72,ma200_breach,20
9684.T,2025-06-16,2025-09-25,3147.1,3135.6,3147.1,-0.36,stop_breakeven,101
9692.T,2025-07-29,2025-10-29,2187.0,2130.0,2187.0,-2.61,stop_breakeven,92
9697.T,2025-01-30,2025-02-03,3525.7,3505.1,3221.3,-0.58,ma200_breach,4
9697.T,2025-02-04,2025-02-25,3565.0,3897.0,3565.0,9.31,ma200_breach,21
9697.T,2025-05-29,2025-06-02,4323.2,4290.6,3766.1,-0.75,ma200_breach,4
9697.T,2025-06-09,2025-06-13,4373.6,4545.4,3766.1,3.93,ma200_breach,4
9697.T,2025-06-27,2025-07-31,4821.0,3828.3,4035.8,-20.59,stop_base,34
9702.T,2025-08-20,2025-12-24,1526.1,1737.3,1526.1,13.84,time,126
9716.T,2025-06-16,2025-10-20,894.2,1016.5,894.2,13.68,time,126
9716.T,2025-10-27,2026-03-02,1048.5,1458.0,1048.5,39.05,time,126
9722.T,2025-06-26,2025-07-23,2206.3,2182.4,2206.3,-1.08,stop_breakeven,27
9722.T,2025-08-18,2025-09-11,2357.5,2077.0,2079.0,-11.9,stop_base,24
9722.T,2025-10-17,2025-11-18,2244.1,2013.3,2035.2,-10.28,stop_base,32
9735.T,2025-08-08,2025-12-12,5691.8,5480.6,5063.9,-3.71,time,126
9742.T,2025-01-29,2025-02-03,1830.9,1669.6,1697.5,-8.81,ma200_breach,5
9743.T,2025-05-29,2025-06-02,1028.7,1040.1,965.0,1.11,ma200_breach,4
9743.T,2025-06-10,2025-06-13,1048.7,1043.9,975.5,-0.45,ma200_breach,3
9743.T,2025-06-16,2025-10-20,1216.9,1337.8,1216.9,9.93,time,126
9744.T,2025-11-21,2026-02-13,3348.1,3329.6,3348.1,-0.55,stop_breakeven,84
9746.T,2025-05-14,2025-05-15,4017.8,3872.0,3473.6,-3.63,ma200_breach,1
9746.T,2025-05-29,2025-06-02,4119.8,4095.5,3702.0,-0.59,ma200_breach,4
9746.T,2025-07-08,2025-09-05,4212.1,4202.4,4212.1,-0.23,stop_breakeven,59
9755.T,2025-06-11,2025-06-13,2816.4,2749.0,2496.9,-2.39,ma200_breach,2
9755.T,2025-06-20,2025-09-02,2840.4,2826.7,2840.4,-0.48,stop_breakeven,74
9757.T,2025-08-19,2025-12-03,1263.9,1114.2,1136.8,-11.84,stop_base,106
9759.T,2025-02-05,2025-02-25,3285.6,3214.9,2967.1,-2.15,ma200_breach,20
9759.T,2025-05-29,2025-06-02,3467.2,3394.7,3197.4,-2.09,ma200_breach,4
9759.T,2025-06-18,2025-08-22,3486.5,3238.1,3249.7,-7.13,stop_base,65
9765.T,2025-07-10,2025-11-13,1052.2,1101.2,1052.2,4.66,time,126
9766.T,2025-02-04,2025-02-25,17286.4,18316.0,17286.4,5.96,ma200_breach,21
9766.T,2025-06-17,2025-07-02,21080.8,20917.3,21080.8,-0.78,stop_breakeven,15
9766.T,2025-08-05,2025-08-26,22844.1,22829.3,22844.1,-0.07,stop_breakeven,21
9766.T,2025-10-21,2025-12-03,22754.7,22575.7,22754.7,-0.79,stop_breakeven,43
9769.T,2025-06-12,2025-06-13,2171.0,2169.1,2065.7,-0.09,ma200_breach,1
9769.T,2025-06-16,2025-07-18,2178.7,2176.8,2178.7,-0.09,stop_breakeven,32
9769.T,2025-08-07,2025-12-11,2345.3,2267.8,2096.4,-3.3,time,126
9788.T,2025-02-12,2025-02-25,605.7,622.5,605.7,2.78,ma200_breach,13
9790.T,2025-02-13,2025-02-25,2978.6,2916.3,2682.6,-2.09,ma200_breach,12
9790.T,2025-09-26,2025-10-14,3332.0,3033.9,3126.8,-8.94,stop_base,18
9795.T,2025-07-01,2025-11-04,2211.6,2391.4,2211.6,8.13,time,126
9795.T,2025-11-21,2026-03-27,2426.8,2470.0,2300.0,1.78,time,126
9837.T,2025-08-20,2025-12-24,1534.6,1663.0,1534.6,8.37,time,126
9869.T,2025-07-09,2025-11-12,5400.5,5800.2,5400.5,7.4,time,126
9869.T,2025-11-21,2026-03-27,6017.6,6650.0,6017.6,10.51,time,126
9880.T,2025-10-24,2026-02-27,1692.5,2814.7,1692.5,66.31,time,126
9882.T,2025-01-30,2025-02-03,1281.5,1386.7,1213.6,8.2,ma200_breach,4
9882.T,2025-07-14,2025-11-04,1498.3,1428.5,1498.3,-4.66,stop_breakeven,113
9889.T,2025-01-31,2025-02-03,1147.0,1167.2,984.2,1.76,ma200_breach,3
9889.T,2025-02-04,2025-02-25,1176.7,1105.4,984.2,-6.06,ma200_breach,21
9889.T,2025-08-13,2025-10-02,1337.4,1208.4,1212.6,-9.65,stop_base,50
9900.T,2025-02-14,2025-02-25,1794.4,1719.3,1681.7,-4.19,ma200_breach,11
9932.T,2025-07-04,2025-09-01,1734.2,1709.2,1734.2,-1.45,stop_breakeven,59
9932.T,2025-09-18,2025-09-24,1893.3,1699.5,1709.2,-10.23,stop_base,6
9932.T,2025-10-22,2025-11-05,1893.7,1631.3,1632.3,-13.86,stop_base,14
9934.T,2025-07-11,2025-11-14,1963.0,2305.6,1963.0,17.45,time,126
9934.T,2025-11-21,2026-03-27,2333.2,2650.5,2333.2,13.6,time,126
9936.T,2025-02-17,2025-02-25,2995.4,2956.4,2823.7,-1.3,ma200_breach,8
9936.T,2025-06-18,2025-10-02,3591.7,3543.2,3591.7,-1.35,stop_breakeven,106
9946.T,2025-07-11,2025-11-14,1921.0,2028.9,1921.0,5.62,time,126
9948.T,2025-06-27,2025-10-31,2940.8,3099.8,2940.8,5.41,time,126
9948.T,2025-11-14,2026-03-23,3272.8,3645.0,3272.8,11.37,time,129
9956.T,2025-07-08,2025-11-11,2478.1,2901.3,2478.1,17.08,time,126
9956.T,2025-11-12,2026-03-18,2923.1,3640.3,2923.1,24.53,time,126
9960.T,2025-05-30,2025-06-02,2842.2,2822.9,2343.5,-0.68,ma200_breach,3
9960.T,2025-07-31,2025-12-04,2777.4,3470.3,2777.4,24.95,time,126
9974.T,2025-06-16,2025-10-16,7241.5,7203.4,7241.5,-0.53,stop_breakeven,122
9984.T,2025-01-23,2025-02-03,2674.5,2351.2,2178.4,-12.09,ma200_breach,11
9987.T,2025-07-29,2025-08-14,5547.9,5456.5,5547.9,-1.65,stop_breakeven,16
9987.T,2025-09-04,2026-01-08,5917.6,6234.6,5917.6,5.36,time,126
9989.T,2025-07-07,2025-09-12,4447.1,4429.6,4447.1,-0.39,stop_breakeven,67
9991.T,2025-06-11,2025-06-13,1207.5,1191.1,1088.3,-1.35,ma200_breach,2
9991.T,2025-07-25,2025-11-28,1212.3,1408.0,1212.3,16.14,time,126
9997.T,2025-01-20,2025-02-03,761.2,835.7,761.2,9.79,ma200_breach,14
9997.T,2025-02-13,2025-02-25,850.0,852.0,730.7,0.22,ma200_breach,12
9997.T,2025-07-08,2025-11-11,886.4,1021.9,886.4,15.29,time,126
9997.T,2025-11-12,2025-11-17,1036.7,918.6,960.9,-11.39,stop_base,5
