signal_bar,entry_bar,entry_price,exit_price,pnl_yen,r_mult,hold_bars,direction,session,jst_hour,month,strategy
2022-01-04 16:00:00,2022-01-04 16:05:00,115.988,116.05907142857143,-5000.000000000071,-1.0000000000000142,1,short,NY   21-03JST,1,2022-01,戦略A 順張りショート
2022-01-06 02:00:00,2022-01-06 02:05:00,115.8875,115.84078571428572,-4999.999999999565,-0.9999999999999131,2,long,東京 09-15JST,11,2022-01,戦略B 逆張りロング
2022-01-06 02:05:00,2022-01-06 02:10:00,115.84100000000001,115.91857142857141,8444.790046652768,1.6889580093305536,19,long,東京 09-15JST,11,2022-01,戦略B 逆張りロング
2022-01-06 02:15:00,2022-01-06 02:20:00,115.88,115.91735714285713,3962.1212121197,0.79242424242394,17,long,東京 09-15JST,11,2022-01,戦略B 逆張りロング
2022-01-10 15:55:00,2022-01-10 18:00:00,115.092,115.14371428571428,-5000.000000000098,-1.0000000000000195,1,short,NY   21-03JST,0,2022-01,戦略A 順張りショート
2022-01-12 14:30:00,2022-01-12 14:35:00,115.1195,115.16978571428572,-2965.4591406911795,-0.5930918281382359,3,short,NY   21-03JST,23,2022-01,戦略A 順張りショート
2022-01-12 14:50:00,2022-01-12 14:55:00,115.0865,114.91282142857143,12527.047913446002,2.5054095826892,6,short,NY   21-03JST,23,2022-01,戦略A 順張りショート
2022-01-12 17:10:00,2022-01-12 17:15:00,114.59649999999999,114.59096428571428,537.8209576682327,0.10756419153364655,2,short,NY   21-03JST,2,2022-01,戦略A 順張りショート
2022-01-12 17:15:00,2022-01-12 17:20:00,114.574,114.56889285714286,533.1841909022388,0.10663683818044777,8,short,NY   21-03JST,2,2022-01,戦略A 順張りショート
2022-01-12 17:20:00,2022-01-12 17:25:00,114.55350000000001,114.56532142857142,-1333.6019339220802,-0.26672038678441606,7,short,NY   21-03JST,2,2022-01,戦略A 順張りショート
2022-01-12 17:30:00,2022-01-12 17:35:00,114.55950000000001,114.56471428571429,-596.4052287568708,-0.11928104575137416,5,short,NY   21-03JST,2,2022-01,戦略A 順張りショート
2022-01-12 17:35:00,2022-01-12 17:40:00,114.5615,114.56557142857143,-456.7307692316183,-0.09134615384632366,4,short,NY   21-03JST,2,2022-01,戦略A 順張りショート
2022-01-12 17:45:00,2022-01-12 17:50:00,114.5385,114.56589285714286,-3050.9148766907115,-0.6101829753381423,2,short,NY   21-03JST,2,2022-01,戦略A 順張りショート
2022-01-12 17:50:00,2022-01-12 17:55:00,114.53450000000001,114.57628571428572,-4999.999999999756,-0.9999999999999513,1,short,NY   21-03JST,2,2022-01,戦略A 順張りショート
2022-01-12 17:55:00,2022-01-12 18:00:00,114.5235,114.56428571428572,-5000.00000000087,-1.000000000000174,1,short,NY   21-03JST,2,2022-01,戦略A 順張りショート
2022-01-13 17:00:00,2022-01-13 17:05:00,114.05000000000001,114.04082142857143,1124.2344706919027,0.22484689413838055,6,short,NY   21-03JST,2,2022-01,戦略A 順張りショート
2022-01-13 17:25:00,2022-01-13 17:30:00,114.0155,114.04889285714286,-5000.000000000305,-1.0000000000000608,1,short,NY   21-03JST,2,2022-01,戦略A 順張りショート
2022-01-14 02:35:00,2022-01-14 02:40:00,113.77850000000001,113.78121428571428,264.62395543085046,0.05292479108617009,6,long,東京 09-15JST,11,2022-01,戦略B 逆張りロング
2022-01-14 02:50:00,2022-01-14 02:55:00,113.789,113.78607142857143,-315.38461538438327,-0.06307692307687665,2,long,東京 09-15JST,11,2022-01,戦略B 逆張りロング
2022-01-14 03:15:00,2022-01-14 03:20:00,113.7675,113.72282142857144,-4999.999999999546,-0.9999999999999092,1,long,東京 09-15JST,12,2022-01,戦略B 逆張りロング
2022-01-19 04:55:00,2022-01-19 05:00:00,114.37950000000001,114.34489285714287,-4261.213720316878,-0.8522427440633755,2,long,東京 09-15JST,13,2022-01,戦略B 逆張りロング
2022-01-19 05:00:00,2022-01-19 05:05:00,114.358,114.31753571428573,-4999.999999999748,-0.9999999999999496,1,long,東京 09-15JST,14,2022-01,戦略B 逆張りロング
2022-01-19 05:05:00,2022-01-19 05:10:00,114.3485,114.307,-5000.000000000245,-1.0000000000000488,1,long,東京 09-15JST,14,2022-01,戦略B 逆張りロング
2022-01-19 05:10:00,2022-01-19 05:15:00,114.334,114.29157142857143,-5000.000000000358,-1.0000000000000717,1,long,東京 09-15JST,14,2022-01,戦略B 逆張りロング
2022-01-19 05:15:00,2022-01-19 05:20:00,114.311,114.295,-1860.4651162798111,-0.3720930232559622,2,long,東京 09-15JST,14,2022-01,戦略B 逆張りロング
2022-01-19 05:20:00,2022-01-19 05:25:00,114.299,114.28771428571429,-1288.743882545512,-0.2577487765091024,2,long,東京 09-15JST,14,2022-01,戦略B 逆張りロング
2022-01-19 05:30:00,2022-01-19 05:35:00,114.285,114.25217857142857,-3832.3603002498958,-0.7664720600499791,2,long,東京 09-15JST,14,2022-01,戦略B 逆張りロング
2022-01-19 05:35:00,2022-01-19 05:40:00,114.292,114.24967857142857,-5000.0,-1.0,1,long,東京 09-15JST,14,2022-01,戦略B 逆張りロング
2022-01-19 05:40:00,2022-01-19 05:45:00,114.29400000000001,114.25217857142859,-4999.999999999636,-0.9999999999999273,1,long,東京 09-15JST,14,2022-01,戦略B 逆張りロング
2022-01-19 05:45:00,2022-01-19 05:50:00,114.219,114.23064285714285,1342.6688632623009,0.2685337726524602,2,long,東京 09-15JST,14,2022-01,戦略B 逆張りロング
2022-01-19 05:50:00,2022-01-19 05:55:00,114.249,114.2554642857143,725.7417802744021,0.1451483560548804,7,long,東京 09-15JST,14,2022-01,戦略B 逆張りロング
2022-01-19 16:10:00,2022-01-19 16:15:00,114.2705,114.26567857142858,453.32437877674295,0.0906648757553486,7,short,NY   21-03JST,1,2022-01,戦略A 順張りショート
2022-01-20 01:10:00,2022-01-20 01:15:00,114.1745,114.13110714285713,-5000.000000000702,-1.0000000000001403,1,long,東京 09-15JST,10,2022-01,戦略B 逆張りロング
2022-01-20 01:15:00,2022-01-20 01:20:00,114.0445,114.26417857142857,20794.45571332025,4.15889114266405,14,long,東京 09-15JST,10,2022-01,戦略B 逆張りロング
2022-01-20 13:45:00,2022-01-20 13:50:00,114.09049999999999,114.04092857142858,6366.972477062008,1.2733944954124015,3,short,NY   21-03JST,22,2022-01,戦略A 順張りショート
2022-01-20 13:50:00,2022-01-20 13:55:00,114.068,114.04167857142858,3316.8316831675124,0.6633663366335025,2,short,NY   21-03JST,22,2022-01,戦略A 順張りショート
2022-01-20 13:55:00,2022-01-20 14:00:00,114.054,114.06292857142857,-1064.7359454852972,-0.21294718909705943,2,short,NY   21-03JST,22,2022-01,戦略A 順張りショート
2022-01-20 14:00:00,2022-01-20 14:05:00,114.037,114.08189285714286,-5000.0,-1.0,1,short,NY   21-03JST,23,2022-01,戦略A 順張りショート
2022-01-21 00:10:00,2022-01-21 00:15:00,113.87299999999999,113.8695,-309.7345132732957,-0.06194690265465914,2,long,東京 09-15JST,9,2022-01,戦略B 逆張りロング
2022-01-21 00:50:00,2022-01-21 00:55:00,113.814,113.75328571428571,-4999.999999999749,-0.9999999999999498,3,long,東京 09-15JST,9,2022-01,戦略B 逆張りロング
2022-01-21 00:55:00,2022-01-21 01:00:00,113.8015,113.73875000000001,-4999.999999999514,-0.9999999999999029,2,long,東京 09-15JST,9,2022-01,戦略B 逆張りロング
2022-01-21 17:55:00,2022-01-21 18:00:00,113.644,113.68446428571428,-4999.999999999247,-0.9999999999998493,2,short,NY   21-03JST,2,2022-01,戦略A 順張りショート
2022-01-25 02:15:00,2022-01-25 02:20:00,113.7775,113.759,-2010.869565217708,-0.4021739130435416,4,long,東京 09-15JST,11,2022-01,戦略B 逆張りロング
2022-01-28 13:35:00,2022-01-28 13:40:00,115.32900000000001,115.3162142857143,1098.1595092022567,0.21963190184045134,2,short,NY   21-03JST,22,2022-01,戦略A 順張りショート
2022-01-28 13:40:00,2022-01-28 13:45:00,115.31549999999999,115.37882142857141,-4999.99999999984,-0.999999999999968,1,short,NY   21-03JST,22,2022-01,戦略A 順張りショート
2022-01-28 13:55:00,2022-01-28 14:00:00,115.32749999999999,115.39842857142855,-4999.999999999713,-0.9999999999999425,3,short,NY   21-03JST,22,2022-01,戦略A 順張りショート
2022-01-28 14:00:00,2022-01-28 14:05:00,115.348,115.40614285714287,-4086.3453815269445,-0.8172690763053889,2,short,NY   21-03JST,23,2022-01,戦略A 順張りショート
2022-01-28 14:25:00,2022-01-28 14:30:00,115.41550000000001,115.22335714285714,13369.78131212826,2.673956262425652,5,short,NY   21-03JST,23,2022-01,戦略A 順張りショート
2022-01-28 14:40:00,2022-01-28 14:45:00,115.30850000000001,115.22489285714285,5695.863746960119,1.1391727493920238,2,short,NY   21-03JST,23,2022-01,戦略A 順張りショート
2022-01-28 14:45:00,2022-01-28 14:50:00,115.2405,115.21871428571428,1645.0916936353556,0.3290183387270711,2,short,NY   21-03JST,23,2022-01,戦略A 順張りショート
2022-01-28 14:50:00,2022-01-28 14:55:00,115.16300000000001,115.23003571428572,-4999.9999999997735,-0.9999999999999547,1,short,NY   21-03JST,23,2022-01,戦略A 順張りショート
2022-01-28 15:20:00,2022-01-28 15:25:00,115.354,115.1907857142857,12038.988408853316,2.4077976817706634,6,short,NY   21-03JST,0,2022-01,戦略A 順張りショート
2022-01-28 15:50:00,2022-01-28 15:55:00,115.1525,115.19510714285715,-3017.197774406323,-0.6034395548812646,2,short,NY   21-03JST,0,2022-01,戦略A 順張りショート
2022-02-10 15:30:00,2022-02-10 15:35:00,115.8725,115.9235,-3148.1481481481483,-0.6296296296296297,3,short,NY   21-03JST,0,2022-02,戦略A 順張りショート
2022-02-10 15:45:00,2022-02-10 15:50:00,115.874,115.94889285714285,-4999.999999999797,-0.9999999999999595,1,short,NY   21-03JST,0,2022-02,戦略A 順張りショート
2022-02-16 14:30:00,2022-02-16 14:35:00,115.4665,115.45167857142857,1063.5571501789987,0.21271143003579973,5,short,NY   21-03JST,23,2022-02,戦略A 順張りショート
2022-02-16 14:35:00,2022-02-16 14:40:00,115.41499999999999,115.47399999999999,-4041.0958904107656,-0.8082191780821532,4,short,NY   21-03JST,23,2022-02,戦略A 順張りショート
2022-02-16 15:05:00,2022-02-16 15:10:00,115.434,115.46442857142857,-2795.2755905513372,-0.5590551181102674,2,short,NY   21-03JST,0,2022-02,戦略A 順張りショート
2022-02-28 16:00:00,2022-02-28 16:05:00,115.154,115.22714285714285,-4999.999999999583,-0.9999999999999167,3,short,NY   21-03JST,1,2022-03,戦略A 順張りショート
2022-02-28 17:00:00,2022-02-28 17:05:00,115.0265,115.06260714285713,-2521.197007480761,-0.5042394014961522,3,short,NY   21-03JST,2,2022-03,戦略A 順張りショート
2022-02-28 17:05:00,2022-02-28 17:10:00,115.00450000000001,115.05242857142856,-3901.162790696605,-0.780232558139321,2,short,NY   21-03JST,2,2022-03,戦略A 順張りショート
2022-02-28 17:30:00,2022-02-28 17:35:00,115.074,115.12225000000001,-4177.4891774899315,-0.8354978354979863,4,short,NY   21-03JST,2,2022-03,戦略A 順張りショート
2022-02-28 17:45:00,2022-02-28 17:50:00,115.0745,115.12489285714285,-4999.999999999597,-0.9999999999999194,1,short,NY   21-03JST,2,2022-03,戦略A 順張りショート
2022-03-15 12:30:00,2022-03-15 12:35:00,117.862,117.83807142857142,2488.8558692419356,0.4977711738483871,2,short,NY   21-03JST,21,2022-03,戦略A 順張りショート
2022-03-15 12:40:00,2022-03-15 12:45:00,117.8435,117.89582142857144,-5000.000000000096,-1.0000000000000193,1,short,NY   21-03JST,21,2022-03,戦略A 順張りショート
2022-03-23 02:50:00,2022-03-23 02:55:00,120.9325,120.98314285714285,4302.184466018436,0.8604368932036872,3,long,東京 09-15JST,11,2022-03,戦略B 逆張りロング
2022-03-25 00:50:00,2022-03-25 00:55:00,122.0535,122.0082857142857,-2622.203811102338,-0.5244407622204676,3,long,東京 09-15JST,9,2022-03,戦略B 逆張りロング
2022-03-25 00:55:00,2022-03-25 01:00:00,122.0565,122.00367857142857,-2907.9826976014597,-0.5815965395202919,2,long,東京 09-15JST,9,2022-03,戦略B 逆張りロング
2022-03-25 01:20:00,2022-03-25 01:25:00,121.785,121.88010714285714,4736.7484880824495,0.9473496976164899,7,long,東京 09-15JST,10,2022-03,戦略B 逆張りロング
2022-03-25 01:35:00,2022-03-25 01:40:00,121.7915,121.87596428571429,4039.9726682611204,0.8079945336522241,4,long,東京 09-15JST,10,2022-03,戦略B 逆張りロング
2022-03-25 01:40:00,2022-03-25 01:45:00,121.862,121.87142857142858,432.22003929339036,0.08644400785867808,3,long,東京 09-15JST,10,2022-03,戦略B 逆張りロング
2022-03-25 01:50:00,2022-03-25 01:55:00,121.957,121.83635714285714,-4999.999999999874,-0.9999999999999747,2,long,東京 09-15JST,10,2022-03,戦略B 逆張りロング
2022-03-25 02:00:00,2022-03-25 02:05:00,121.8595,121.74732142857142,-5000.0,-1.0,1,long,東京 09-15JST,11,2022-03,戦略B 逆張りロング
2022-03-25 02:05:00,2022-03-25 02:10:00,121.898,121.78914285714285,-5000.000000000186,-1.0000000000000373,12,long,東京 09-15JST,11,2022-03,戦略B 逆張りロング
2022-03-25 02:25:00,2022-03-25 02:30:00,121.806,121.75235714285715,-2600.415512464945,-0.5200831024929891,8,long,東京 09-15JST,11,2022-03,戦略B 逆張りロング
2022-03-25 02:30:00,2022-03-25 02:35:00,121.8265,121.76778571428572,-3346.905537458693,-0.6693811074917385,7,long,東京 09-15JST,11,2022-03,戦略B 逆張りロング
2022-03-25 02:55:00,2022-03-25 03:00:00,121.8075,121.76103571428571,-3576.1407366691137,-0.7152281473338228,2,long,東京 09-15JST,11,2022-03,戦略B 逆張りロング
2022-03-25 03:05:00,2022-03-25 03:10:00,121.80199999999999,121.75032142857143,-4999.999999999804,-0.9999999999999607,1,long,東京 09-15JST,12,2022-03,戦略B 逆張りロング
2022-03-25 03:45:00,2022-03-25 03:50:00,121.587,121.56742857142858,-1670.7317073167458,-0.33414634146334915,2,long,東京 09-15JST,12,2022-03,戦略B 逆張りロング
2022-03-25 03:55:00,2022-03-25 04:00:00,121.6005,121.53842857142857,-5000.0,-1.0,1,long,東京 09-15JST,12,2022-03,戦略B 逆張りロング
2022-03-25 04:00:00,2022-03-25 04:05:00,121.54050000000001,121.47160714285715,-5000.0,-1.0,1,long,東京 09-15JST,13,2022-03,戦略B 逆張りロング
2022-03-25 04:05:00,2022-03-25 04:10:00,121.537,121.46475000000001,-4999.99999999979,-0.999999999999958,1,long,東京 09-15JST,13,2022-03,戦略B 逆張りロング
2022-03-25 04:10:00,2022-03-25 04:15:00,121.4635,121.386,-5000.0,-1.0,1,long,東京 09-15JST,13,2022-03,戦略B 逆張りロング
2022-03-25 15:25:00,2022-03-25 15:30:00,121.821,121.89392857142856,-4123.586429724945,-0.824717285944989,4,short,NY   21-03JST,0,2022-03,戦略A 順張りショート
2022-03-25 15:45:00,2022-03-25 15:50:00,121.8105,121.88300000000001,-5000.00000000028,-1.000000000000056,1,short,NY   21-03JST,0,2022-03,戦略A 順張りショート
2022-03-28 14:00:00,2022-03-28 14:05:00,123.64750000000001,123.76892857142857,-4999.999999999957,-0.9999999999999915,1,short,NY   21-03JST,23,2022-03,戦略A 順張りショート
2022-03-29 00:10:00,2022-03-29 00:15:00,123.49549999999999,123.37039285714285,-5000.0,-1.0,1,long,東京 09-15JST,9,2022-03,戦略B 逆張りロング
2022-03-29 02:50:00,2022-03-29 02:55:00,123.33699999999999,123.38507142857144,2237.3670212774446,0.4474734042554889,7,long,東京 09-15JST,11,2022-03,戦略B 逆張りロング
2022-03-29 02:55:00,2022-03-29 03:00:00,123.35849999999999,123.38317857142857,1128.716105848192,0.2257432211696384,6,long,東京 09-15JST,11,2022-03,戦略B 逆張りロング
2022-03-29 03:10:00,2022-03-29 03:15:00,123.3805,123.38060714285714,4.787743377114003,0.0009575486754228006,3,long,東京 09-15JST,12,2022-03,戦略B 逆張りロング
2022-03-29 03:30:00,2022-03-29 03:35:00,123.2765,123.30796428571429,1248.2289600456322,0.24964579200912645,3,long,東京 09-15JST,12,2022-03,戦略B 逆張りロング
2022-03-29 03:50:00,2022-03-29 03:55:00,123.324,123.20671428571428,-5000.0,-1.0,1,long,東京 09-15JST,12,2022-03,戦略B 逆張りロング
2022-03-29 03:55:00,2022-03-29 04:00:00,123.179,123.23017857142857,1978.7351560340253,0.39574703120680504,5,long,東京 09-15JST,12,2022-03,戦略B 逆張りロング
2022-03-29 04:15:00,2022-03-29 04:20:00,123.303,123.18953571428571,-5000.0000000000455,-1.000000000000009,1,long,東京 09-15JST,13,2022-03,戦略B 逆張りロング
2022-03-29 04:25:00,2022-03-29 04:30:00,123.2385,123.38732142857143,6404.857055025942,1.2809714110051884,7,long,東京 09-15JST,13,2022-03,戦略B 逆張りロング
2022-03-29 12:20:00,2022-03-29 12:25:00,123.178,123.27792857142857,-5000.000000000305,-1.0000000000000608,1,short,NY   21-03JST,21,2022-03,戦略A 順張りショート
2022-03-29 12:35:00,2022-03-29 12:40:00,122.8245,122.62782142857142,7431.848852901753,1.4863697705803507,2,short,NY   21-03JST,21,2022-03,戦略A 順張りショート
2022-03-29 12:40:00,2022-03-29 12:45:00,122.66900000000001,122.81957142857144,-4999.999999999899,-0.9999999999999798,1,short,NY   21-03JST,21,2022-03,戦略A 順張りショート
2022-03-29 12:55:00,2022-03-29 13:00:00,122.8555,122.70442857142856,4318.089015925263,0.8636178031850527,9,short,NY   21-03JST,21,2022-03,戦略A 順張りショート
2022-03-29 13:10:00,2022-03-29 13:15:00,122.8305,122.72146428571429,2839.9999999998763,0.5679999999999753,6,short,NY   21-03JST,22,2022-03,戦略A 順張りショート
2022-03-29 13:15:00,2022-03-29 13:20:00,122.755,122.71939285714285,937.5587737446583,0.18751175474893167,5,short,NY   21-03JST,22,2022-03,戦略A 順張りショート
2022-03-29 13:20:00,2022-03-29 13:25:00,122.7295,122.71785714285714,309.0633295412181,0.061812665908243615,4,short,NY   21-03JST,22,2022-03,戦略A 順張りショート
2022-03-29 13:30:00,2022-03-29 13:35:00,122.698,122.18314285714285,13646.346081029775,2.729269216205955,6,short,NY   21-03JST,22,2022-03,戦略A 順張りショート
2022-03-29 13:35:00,2022-03-29 13:40:00,122.652,122.19025,11794.380587483918,2.358876117496784,5,short,NY   21-03JST,22,2022-03,戦略A 順張りショート
2022-03-29 13:45:00,2022-03-29 13:50:00,122.55950000000001,122.1672142857143,11356.49296939639,2.271298593879278,3,short,NY   21-03JST,22,2022-03,戦略A 順張りショート
2022-03-29 13:50:00,2022-03-29 13:55:00,122.3175,122.16475,4486.049926578492,0.8972099853156984,2,short,NY   21-03JST,22,2022-03,戦略A 順張りショート
2022-03-29 14:35:00,2022-03-29 14:40:00,122.4245,122.60492857142856,-4999.999999999804,-0.9999999999999607,2,short,NY   21-03JST,23,2022-03,戦略A 順張りショート
2022-03-29 14:40:00,2022-03-29 14:45:00,122.5085,122.67075000000001,-4402.985074627264,-0.8805970149254528,2,short,NY   21-03JST,23,2022-03,戦略A 順張りショート
2022-03-30 02:10:00,2022-03-30 02:15:00,122.17500000000001,122.03253571428573,-4999.999999999858,-0.9999999999999716,1,long,東京 09-15JST,11,2022-03,戦略B 逆張りロング
2022-03-30 02:40:00,2022-03-30 02:45:00,121.8175,121.83135714285713,520.3862660940794,0.10407725321881588,4,long,東京 09-15JST,11,2022-03,戦略B 逆張りロング
2022-03-30 02:45:00,2022-03-30 02:50:00,121.8415,121.83332142857141,-311.7342771582328,-0.062346855431646565,3,long,東京 09-15JST,11,2022-03,戦略B 逆張りロング
2022-03-30 03:00:00,2022-03-30 03:05:00,121.84899999999999,121.71789285714284,-5000.000000000116,-1.0000000000000233,1,long,東京 09-15JST,12,2022-03,戦略B 逆張りロング
2022-03-30 03:05:00,2022-03-30 03:10:00,121.696,121.55660714285715,-4999.999999999783,-0.9999999999999565,1,long,東京 09-15JST,12,2022-03,戦略B 逆張りロング
2022-03-30 03:20:00,2022-03-30 03:25:00,121.52199999999999,121.47732142857143,-1289.9566921012006,-0.25799133842024013,3,long,東京 09-15JST,12,2022-03,戦略B 逆張りロング
2022-03-30 04:15:00,2022-03-30 04:20:00,121.72149999999999,121.79678571428572,2342.222222222576,0.4684444444445152,13,long,東京 09-15JST,13,2022-03,戦略B 逆張りロング
2022-03-30 04:20:00,2022-03-30 04:25:00,121.63499999999999,121.8072142857143,5729.562737643159,1.1459125475286318,12,long,東京 09-15JST,13,2022-03,戦略B 逆張りロング
2022-03-31 02:50:00,2022-03-31 02:55:00,122.078,122.16900000000001,6893.939393940495,1.3787878787880992,6,long,東京 09-15JST,11,2022-03,戦略B 逆張りロング
2022-03-31 05:50:00,2022-03-31 05:55:00,122.072,122.01371428571429,-5000.000000000086,-1.0000000000000173,1,long,東京 09-15JST,14,2022-03,戦略B 逆張りロング
2022-03-31 05:55:00,2022-03-31 06:00:00,122.058,121.99882142857143,-5000.000000000173,-1.0000000000000346,1,long,東京 09-15JST,14,2022-03,戦略B 逆張りロング
2022-04-04 00:15:00,2022-04-04 00:20:00,122.327,122.3412142857143,1123.0248307011143,0.22460496614022285,3,long,東京 09-15JST,9,2022-04,戦略B 逆張りロング
2022-04-04 00:20:00,2022-04-04 00:25:00,122.3205,122.33657142857145,1182.9652996861469,0.23659305993722937,2,long,東京 09-15JST,9,2022-04,戦略B 逆張りロング
2022-04-04 00:35:00,2022-04-04 00:40:00,122.351,122.30457142857142,-3017.641597029092,-0.6035283194058184,2,long,東京 09-15JST,9,2022-04,戦略B 逆張りロング
2022-04-04 00:50:00,2022-04-04 00:55:00,122.4185,122.43046428571428,703.4859302813094,0.14069718605626189,5,long,東京 09-15JST,9,2022-04,戦略B 逆張りロング
2022-04-07 00:35:00,2022-04-07 00:40:00,123.513,123.58978571428572,6271.878646441198,1.2543757292882396,3,long,東京 09-15JST,9,2022-04,戦略B 逆張りロング
2022-04-08 00:55:00,2022-04-08 01:00:00,123.7995,123.72960714285713,-3702.232311767094,-0.7404464623534188,2,long,東京 09-15JST,9,2022-04,戦略B 逆張りロング
2022-04-08 01:10:00,2022-04-08 01:15:00,123.725,123.9795,13526.955201215194,2.705391040243039,48,long,東京 09-15JST,10,2022-04,戦略B 逆張りロング
2022-04-08 01:30:00,2022-04-08 01:35:00,123.737,123.99600000000001,13766.135155657792,2.7532270311315585,48,long,東京 09-15JST,10,2022-04,戦略B 逆張りロング
2022-04-13 15:00:00,2022-04-13 15:05:00,125.71199999999999,125.74167857142857,-1960.8305804627919,-0.39216611609255836,3,short,NY   21-03JST,0,2022-04,戦略A 順張りショート
2022-04-13 15:15:00,2022-04-13 15:20:00,125.726,125.71067857142859,1166.394779770272,0.2332789559540544,3,short,NY   21-03JST,0,2022-04,戦略A 順張りショート
2022-04-13 16:00:00,2022-04-13 16:05:00,125.4525,125.4535,-72.4637681162853,-0.01449275362325706,2,short,NY   21-03JST,1,2022-04,戦略A 順張りショート
2022-04-13 16:05:00,2022-04-13 16:10:00,125.4255,125.43882142857143,-1004.3080236942428,-0.20086160473884856,2,short,NY   21-03JST,1,2022-04,戦略A 順張りショート
2022-04-13 16:45:00,2022-04-13 16:50:00,125.5375,125.60135714285714,-5000.000000000237,-1.0000000000000475,1,short,NY   21-03JST,1,2022-04,戦略A 順張りショート
2022-04-14 00:00:00,2022-04-14 00:05:00,125.3335,125.27332142857142,-5000.000000000507,-1.0000000000001013,1,long,東京 09-15JST,9,2022-04,戦略B 逆張りロング
2022-04-14 00:10:00,2022-04-14 00:15:00,125.2735,125.52503571428572,18105.398457583946,3.621079691516789,8,long,東京 09-15JST,9,2022-04,戦略B 逆張りロング
2022-04-14 00:15:00,2022-04-14 00:20:00,125.30250000000001,125.52317857142859,15470.706059089247,3.0941412118178495,7,long,東京 09-15JST,9,2022-04,戦略B 逆張りロング
2022-04-14 02:45:00,2022-04-14 02:50:00,125.2775,125.30075,2183.098591548316,0.43661971830966323,3,long,東京 09-15JST,11,2022-04,戦略B 逆張りロング
2022-04-18 01:25:00,2022-04-18 01:30:00,126.29650000000001,126.51789285714287,10841.20321790888,2.168240643581776,13,long,東京 09-15JST,10,2022-04,戦略B 逆張りロング
2022-04-20 03:25:00,2022-04-20 03:30:00,128.156,128.49460714285712,9849.36629960443,1.969873259920886,11,long,東京 09-15JST,12,2022-04,戦略B 逆張りロング
2022-04-20 03:35:00,2022-04-20 03:40:00,128.26,128.51117857142856,8085.766842952309,1.6171533685904618,9,long,東京 09-15JST,12,2022-04,戦略B 逆張りロング
2022-04-20 03:40:00,2022-04-20 03:45:00,128.191,128.5093214285714,10126.107702794161,2.025221540558832,8,long,東京 09-15JST,12,2022-04,戦略B 逆張りロング
2022-04-21 17:55:00,2022-04-21 18:00:00,128.148,128.20353571428575,-2876.4335923070053,-0.575286718461401,2,short,NY   21-03JST,2,2022-04,戦略A 順張りショート
2022-04-22 04:45:00,2022-04-22 04:50:00,128.232,128.14128571428571,-4999.999999999888,-0.9999999999999776,2,long,東京 09-15JST,13,2022-04,戦略B 逆張りロング
2022-04-22 04:50:00,2022-04-22 04:55:00,128.19400000000002,128.09982142857143,-5000.000000000647,-1.0000000000001292,1,long,東京 09-15JST,13,2022-04,戦略B 逆張りロング
2022-04-22 05:00:00,2022-04-22 05:05:00,128.015,128.10403571428571,4161.936560935581,0.8323873121871161,8,long,東京 09-15JST,14,2022-04,戦略B 逆張りロング
2022-04-22 05:05:00,2022-04-22 05:10:00,128.02499999999998,128.0974642857143,3191.255111671816,0.6382510223343631,7,long,東京 09-15JST,14,2022-04,戦略B 逆張りロング
2022-04-22 05:20:00,2022-04-22 05:25:00,128.13299999999998,128.09217857142858,-1717.763751126117,-0.3435527502252234,4,long,東京 09-15JST,14,2022-04,戦略B 逆張りロング
2022-04-22 05:45:00,2022-04-22 05:50:00,128.128,128.03942857142854,-5000.000000000516,-1.000000000000103,1,long,東京 09-15JST,14,2022-04,戦略B 逆張りロング
2022-04-22 05:50:00,2022-04-22 05:55:00,128.02499999999998,127.93089285714284,-4999.99999999973,-0.9999999999999459,1,long,東京 09-15JST,14,2022-04,戦略B 逆張りロング
2022-04-25 02:40:00,2022-04-25 02:45:00,128.2785,128.37225,4870.129870129883,0.9740259740259766,11,long,東京 09-15JST,11,2022-04,戦略B 逆張りロング
2022-04-25 02:55:00,2022-04-25 03:00:00,128.321,128.37310714285715,2731.1868214158044,0.5462373642831608,8,long,東京 09-15JST,11,2022-04,戦略B 逆張りロング
2022-04-25 03:15:00,2022-04-25 03:20:00,128.4445,128.38082142857144,-3631.3645621180335,-0.7262729124236067,4,long,東京 09-15JST,12,2022-04,戦略B 逆張りロング
2022-04-25 03:30:00,2022-04-25 03:35:00,128.406,128.33307142857143,-5000.000000000279,-1.0000000000000557,4,long,東京 09-15JST,12,2022-04,戦略B 逆張りロング
2022-04-25 13:20:00,2022-04-25 13:25:00,128.0705,127.96017857142857,6116.831683168932,1.2233663366337864,3,short,NY   21-03JST,22,2022-04,戦略A 順張りショート
2022-04-25 14:45:00,2022-04-25 14:50:00,127.8695,127.64342857142859,9347.312463082768,1.8694624926165535,13,short,NY   21-03JST,23,2022-04,戦略A 順張りショート
2022-04-26 00:10:00,2022-04-26 00:15:00,127.607,127.61792857142856,758.1764122889523,0.15163528245779045,2,long,東京 09-15JST,9,2022-04,戦略B 逆張りロング
2022-04-26 00:25:00,2022-04-26 00:30:00,127.42,127.387,-1650.000000000039,-0.33000000000000784,2,long,東京 09-15JST,9,2022-04,戦略B 逆張りロング
2022-04-26 00:35:00,2022-04-26 00:40:00,127.47550000000001,127.52153571428572,2019.743027263856,0.4039486054527712,4,long,東京 09-15JST,9,2022-04,戦略B 逆張りロング
2022-04-26 01:00:00,2022-04-26 01:05:00,127.53049999999999,127.45192857142858,-2897.787144361686,-0.5795574288723372,2,long,東京 09-15JST,10,2022-04,戦略B 逆張りロング
2022-04-26 01:05:00,2022-04-26 01:10:00,127.518,127.54532142857144,1025.7441673375074,0.20514883346750148,6,long,東京 09-15JST,10,2022-04,戦略B 逆張りロング
2022-04-26 01:10:00,2022-04-26 01:15:00,127.4805,127.54010714285714,2348.7193920625664,0.46974387841251325,4,long,東京 09-15JST,10,2022-04,戦略B 逆張りロング
2022-04-26 01:15:00,2022-04-26 01:20:00,127.458,127.5534642857143,3817.480719794786,0.7634961439589573,4,long,東京 09-15JST,10,2022-04,戦略B 逆張りロング
2022-04-26 01:30:00,2022-04-26 01:35:00,127.6195,127.48760714285714,-4999.999999999924,-0.9999999999999847,1,long,東京 09-15JST,10,2022-04,戦略B 逆張りロング
2022-04-26 01:35:00,2022-04-26 01:40:00,127.54050000000001,127.41871428571429,-5000.000000000084,-1.0000000000000167,1,long,東京 09-15JST,10,2022-04,戦略B 逆張りロング
2022-04-26 01:45:00,2022-04-26 01:50:00,127.4765,127.46974999999999,-289.07922912251,-0.057815845824502006,5,long,東京 09-15JST,10,2022-04,戦略B 逆張りロング
2022-04-29 00:50:00,2022-04-29 00:55:00,130.622,130.54853571428572,-5000.0000000008295,-1.0000000000001659,1,long,東京 09-15JST,9,2022-04,戦略B 逆張りロング
2022-04-29 01:05:00,2022-04-29 01:10:00,130.563,130.48089285714286,-4999.999999999258,-0.9999999999998516,1,long,東京 09-15JST,10,2022-04,戦略B 逆張りロング
2022-04-29 01:25:00,2022-04-29 01:30:00,130.3985,130.72560714285714,21985.11761881849,4.397023523763698,12,long,東京 09-15JST,10,2022-04,戦略B 逆張りロング
2022-04-29 04:45:00,2022-04-29 04:50:00,130.53199999999998,130.51239285714286,-1811.8811881171875,-0.3623762376234375,2,long,東京 09-15JST,13,2022-04,戦略B 逆張りロング
2022-04-29 04:50:00,2022-04-29 04:55:00,130.4965,130.51414285714287,1622.8646517755772,0.3245729303551154,2,long,東京 09-15JST,13,2022-04,戦略B 逆張りロング
2022-04-29 05:10:00,2022-04-29 05:15:00,130.4255,130.3984642857143,-2349.472377403075,-0.46989447548061497,2,long,東京 09-15JST,14,2022-04,戦略B 逆張りロング
2022-04-29 05:15:00,2022-04-29 05:20:00,130.41,130.4922142857143,6875.746714458687,1.3751493428917374,3,long,東京 09-15JST,14,2022-04,戦略B 逆張りロング
2022-04-29 14:55:00,2022-04-29 15:00:00,129.651,129.72289285714282,-2855.319148934462,-0.5710638297868924,2,short,NY   21-03JST,23,2022-04,戦略A 順張りショート
2022-04-29 15:45:00,2022-04-29 15:50:00,129.7595,129.54603571428572,8022.818791945953,1.6045637583891907,21,short,NY   21-03JST,0,2022-04,戦略A 順張りショート
2022-05-10 00:10:00,2022-05-10 00:15:00,130.2005,130.12253571428573,-4999.99999999935,-0.99999999999987,1,long,東京 09-15JST,9,2022-05,戦略B 逆張りロング
2022-05-10 00:15:00,2022-05-10 00:20:00,130.1005,130.01367857142858,-5000.0,-1.0,1,long,東京 09-15JST,9,2022-05,戦略B 逆張りロング
2022-05-10 01:10:00,2022-05-10 01:15:00,129.84300000000002,130.35960714285716,22384.710615908694,4.476942123181739,12,long,東京 09-15JST,10,2022-05,戦略B 逆張りロング
2022-05-10 01:15:00,2022-05-10 01:20:00,129.84300000000002,130.35928571428573,22308.641975309383,4.4617283950618765,11,long,東京 09-15JST,10,2022-05,戦略B 逆張りロング
2022-05-12 00:00:00,2022-05-12 00:05:00,129.6435,129.6295714285714,-1064.410480349932,-0.2128820960699864,2,long,東京 09-15JST,9,2022-05,戦略B 逆張りロング
2022-05-12 00:05:00,2022-05-12 00:10:00,129.64350000000002,129.57185714285717,-4999.999999999292,-0.9999999999998584,1,long,東京 09-15JST,9,2022-05,戦略B 逆張りロング
2022-05-12 00:15:00,2022-05-12 00:20:00,129.54500000000002,129.54450000000003,-29.585798815868618,-0.005917159763173724,3,long,東京 09-15JST,9,2022-05,戦略B 逆張りロング
2022-05-12 00:20:00,2022-05-12 00:25:00,129.554,129.54310714285717,-634.0956340943405,-0.12681912681886812,2,long,東京 09-15JST,9,2022-05,戦略B 逆張りロング
2022-05-12 00:25:00,2022-05-12 00:30:00,129.608,129.55667857142856,-2856.8588469191413,-0.5713717693838283,2,long,東京 09-15JST,9,2022-05,戦略B 逆張りロング
2022-05-12 00:35:00,2022-05-12 00:40:00,129.554,129.74857142857144,10468.870099923402,2.0937740199846804,7,long,東京 09-15JST,9,2022-05,戦略B 逆張りロング
2022-05-12 12:35:00,2022-05-12 12:40:00,128.2045,128.1084642857143,3443.021766964966,0.6886043533929932,4,short,NY   21-03JST,21,2022-05,戦略A 順張りショート
2022-05-12 12:45:00,2022-05-12 12:50:00,128.1245,128.1125714285714,415.42288557304664,0.08308457711460933,2,short,NY   21-03JST,21,2022-05,戦略A 順張りショート
2022-05-12 12:50:00,2022-05-12 12:55:00,128.02100000000002,128.16682142857144,-4999.999999999652,-0.9999999999999303,1,short,NY   21-03JST,21,2022-05,戦略A 順張りショート
2022-05-12 12:55:00,2022-05-12 13:00:00,128.1175,128.19885714285715,-2652.538425710222,-0.5305076851420444,3,short,NY   21-03JST,21,2022-05,戦略A 順張りショート
2022-05-12 13:10:00,2022-05-12 13:15:00,128.0855,127.67564285714285,13124.428179322947,2.6248856358645893,5,short,NY   21-03JST,22,2022-05,戦略A 順張りショート
2022-05-12 14:20:00,2022-05-12 14:25:00,128.151,128.24399999999997,-2354.4303797458565,-0.4708860759491713,4,short,NY   21-03JST,23,2022-05,戦略A 順張りショート
2022-05-13 03:20:00,2022-05-13 03:25:00,128.889,129.07135714285712,11306.465899022867,2.2612931798045732,5,long,東京 09-15JST,12,2022-05,戦略B 逆張りロング
2022-05-13 03:25:00,2022-05-13 03:30:00,128.9635,129.06617857142857,5982.105701205545,1.1964211402411091,4,long,東京 09-15JST,12,2022-05,戦略B 逆張りロング
2022-05-16 01:45:00,2022-05-16 01:50:00,129.1165,129.02285714285716,-4999.999999999459,-0.9999999999998918,1,long,東京 09-15JST,10,2022-05,戦略B 逆張りロング
2022-05-16 01:50:00,2022-05-16 01:55:00,129.05,128.95085714285716,-5000.0,-1.0,1,long,東京 09-15JST,10,2022-05,戦略B 逆張りロング
2022-05-16 01:55:00,2022-05-16 02:00:00,129.10250000000002,128.9974642857143,-5000.00000000058,-1.0000000000001161,1,long,東京 09-15JST,10,2022-05,戦略B 逆張りロング
2022-05-16 02:00:00,2022-05-16 02:05:00,128.933,128.82607142857142,-4953.673064195957,-0.9907346128391913,2,long,東京 09-15JST,11,2022-05,戦略B 逆張りロング
2022-05-16 02:05:00,2022-05-16 02:10:00,128.8875,128.82321428571427,-3038.4875084405444,-0.6076975016881089,2,long,東京 09-15JST,11,2022-05,戦略B 逆張りロング
2022-05-16 02:10:00,2022-05-16 02:15:00,128.841,128.73214285714286,-5000.000000000467,-1.0000000000000933,1,long,東京 09-15JST,11,2022-05,戦略B 逆張りロング
2022-05-16 02:15:00,2022-05-16 02:20:00,128.803,128.9259642857143,5344.613474076897,1.0689226948153794,9,long,東京 09-15JST,11,2022-05,戦略B 逆張りロング
2022-05-16 02:20:00,2022-05-16 02:25:00,128.73250000000002,128.9219642857143,7958.295829583327,1.5916591659166655,8,long,東京 09-15JST,11,2022-05,戦略B 逆張りロング
2022-05-16 02:45:00,2022-05-16 02:50:00,128.89600000000002,128.92557142857143,1280.9405940588504,0.25618811881177006,3,long,東京 09-15JST,11,2022-05,戦略B 逆張りロング
2022-05-16 03:05:00,2022-05-16 03:10:00,128.881,128.77428571428572,-4999.999999999525,-0.9999999999999051,1,long,東京 09-15JST,12,2022-05,戦略B 逆張りロング
2022-05-16 03:10:00,2022-05-16 03:15:00,128.8845,128.788,-4999.999999999579,-0.9999999999999157,1,long,東京 09-15JST,12,2022-05,戦略B 逆張りロング
2022-05-16 03:15:00,2022-05-16 03:20:00,128.8095,128.85110714285716,2082.5884876654754,0.4165176975330951,6,long,東京 09-15JST,12,2022-05,戦略B 逆張りロング
2022-05-16 13:15:00,2022-05-16 13:20:00,129.0765,129.1607857142857,-4021.8132242661127,-0.8043626448532225,2,short,NY   21-03JST,22,2022-05,戦略A 順張りショート
2022-05-16 13:20:00,2022-05-16 13:25:00,129.08100000000002,129.18564285714288,-4999.999999999903,-0.9999999999999806,1,short,NY   21-03JST,22,2022-05,戦略A 順張りショート
2022-05-16 13:35:00,2022-05-16 13:40:00,129.1905,129.0889285714286,4794.335805796936,0.9588671611593873,4,short,NY   21-03JST,22,2022-05,戦略A 順張りショート
2022-05-16 13:45:00,2022-05-16 13:50:00,129.0675,129.08164285714287,-716.871832006496,-0.1433743664012992,2,short,NY   21-03JST,22,2022-05,戦略A 順張りショート
2022-05-16 13:50:00,2022-05-16 13:55:00,129.0475,129.13053571428574,-4256.6825338707395,-0.8513365067741478,4,short,NY   21-03JST,22,2022-05,戦略A 順張りショート
2022-05-16 13:55:00,2022-05-16 14:00:00,129.091,129.1324285714286,-2083.3333333337673,-0.41666666666675345,3,short,NY   21-03JST,22,2022-05,戦略A 順張りショート
2022-05-16 14:10:00,2022-05-16 14:15:00,129.09050000000002,129.1387142857143,-2672.2090261271746,-0.5344418052254349,3,short,NY   21-03JST,23,2022-05,戦略A 順張りショート
2022-05-16 14:20:00,2022-05-16 14:25:00,129.0755,129.16439285714287,-5000.000000000228,-1.0000000000000457,3,short,NY   21-03JST,23,2022-05,戦略A 順張りショート
2022-05-18 13:40:00,2022-05-18 13:45:00,128.52249999999998,128.61646428571427,-5000.000000000325,-1.0000000000000648,2,short,NY   21-03JST,22,2022-05,戦略A 順張りショート
2022-05-19 12:35:00,2022-05-19 12:40:00,127.26050000000001,127.18207142857143,4190.83969465664,0.838167938931328,3,short,NY   21-03JST,21,2022-05,戦略A 順張りショート
2022-05-19 12:40:00,2022-05-19 12:45:00,127.2805,127.18767857142858,4679.510262873458,0.9359020525746915,2,short,NY   21-03JST,21,2022-05,戦略A 順張りショート
2022-05-19 13:10:00,2022-05-19 13:15:00,127.215,127.15721428571429,2210.38251366118,0.442076502732236,2,short,NY   21-03JST,22,2022-05,戦略A 順張りショート
2022-05-19 13:15:00,2022-05-19 13:20:00,127.063,127.19675000000001,-5000.00000000019,-1.000000000000038,2,short,NY   21-03JST,22,2022-05,戦略A 順張りショート
2022-05-19 14:25:00,2022-05-19 14:30:00,127.2475,127.38685714285714,-4999.999999999783,-0.9999999999999565,1,short,NY   21-03JST,23,2022-05,戦略A 順張りショート
2022-05-20 03:45:00,2022-05-20 03:50:00,127.7415,127.67460714285714,-5000.0,-1.0,1,long,東京 09-15JST,12,2022-05,戦略B 逆張りロング
2022-05-20 04:45:00,2022-05-20 04:50:00,127.711,127.68210714285713,-1538.6078356793612,-0.30772156713587223,5,long,東京 09-15JST,13,2022-05,戦略B 逆張りロング
2022-05-20 05:00:00,2022-05-20 05:05:00,127.752,127.68367857142859,-4446.768944675694,-0.8893537889351388,2,long,東京 09-15JST,14,2022-05,戦略B 逆張りロング
2022-05-20 12:25:00,2022-05-20 12:30:00,127.8205,127.8862857142857,-4999.999999999537,-0.9999999999999074,1,short,NY   21-03JST,21,2022-05,戦略A 順張りショート
2022-05-23 00:00:00,2022-05-23 00:05:00,127.741,127.77703571428572,3401.888064733879,0.6803776129467758,2,long,東京 09-15JST,9,2022-05,戦略B 逆張りロング
2022-05-23 00:50:00,2022-05-23 00:55:00,127.7475,127.70575,-2378.9173789178676,-0.4757834757835735,4,long,東京 09-15JST,9,2022-05,戦略B 逆張りロング
2022-05-23 00:55:00,2022-05-23 01:00:00,127.7125,127.70142857142856,-601.2412723047901,-0.12024825446095802,3,long,東京 09-15JST,9,2022-05,戦略B 逆張りロング
2022-05-23 01:15:00,2022-05-23 01:20:00,127.638,127.6182857142857,-1024.4988864150573,-0.20489977728301145,2,long,東京 09-15JST,10,2022-05,戦略B 逆張りロング
2022-05-23 01:20:00,2022-05-23 01:25:00,127.69749999999999,127.60164285714285,-5000.0,-1.0,1,long,東京 09-15JST,10,2022-05,戦略B 逆張りロング
2022-05-23 01:30:00,2022-05-23 01:35:00,127.528,127.47925,-2315.9144893117777,-0.46318289786235556,2,long,東京 09-15JST,10,2022-05,戦略B 逆張りロング
2022-05-23 01:35:00,2022-05-23 01:40:00,127.58449999999999,127.47567857142856,-5000.000000000186,-1.0000000000000373,1,long,東京 09-15JST,10,2022-05,戦略B 逆張りロング
2022-05-23 01:45:00,2022-05-23 01:50:00,127.47,127.36278571428572,-4999.999999999715,-0.999999999999943,1,long,東京 09-15JST,10,2022-05,戦略B 逆張りロング
2022-05-23 01:50:00,2022-05-23 01:55:00,127.445,127.33507142857142,-4999.999999999954,-0.9999999999999907,1,long,東京 09-15JST,10,2022-05,戦略B 逆張りロング
2022-05-23 01:55:00,2022-05-23 02:00:00,127.3695,127.25478571428572,-5000.0,-1.0,2,long,東京 09-15JST,10,2022-05,戦略B 逆張りロング
2022-05-23 02:00:00,2022-05-23 02:05:00,127.3045,127.236,-3261.9047619047756,-0.6523809523809551,2,long,東京 09-15JST,11,2022-05,戦略B 逆張りロング
2022-05-23 02:05:00,2022-05-23 02:10:00,127.2885,127.18492857142857,-5000.0,-1.0,1,long,東京 09-15JST,11,2022-05,戦略B 逆張りロング
2022-05-23 02:10:00,2022-05-23 02:15:00,127.2305,127.26585714285714,1713.9889196673241,0.34279778393346483,5,long,東京 09-15JST,11,2022-05,戦略B 逆張りロング
2022-05-23 02:15:00,2022-05-23 02:20:00,127.17250000000001,127.26539285714286,4482.93691830333,0.8965873836606659,4,long,東京 09-15JST,11,2022-05,戦略B 逆張りロング
2022-05-23 02:20:00,2022-05-23 02:25:00,127.2765,127.26285714285714,-642.6648721398901,-0.12853297442797804,3,long,東京 09-15JST,11,2022-05,戦略B 逆張りロング
2022-05-23 03:05:00,2022-05-23 03:10:00,127.33500000000001,127.26285714285714,-4418.197725284794,-0.8836395450569587,3,long,東京 09-15JST,12,2022-05,戦略B 逆張りロング
2022-05-23 03:15:00,2022-05-23 03:20:00,127.304,127.23028571428571,-5000.000000000345,-1.0000000000000688,1,long,東京 09-15JST,12,2022-05,戦略B 逆張りロング
2022-05-23 03:20:00,2022-05-23 03:25:00,127.2855,127.21546428571429,-4999.999999999855,-0.999999999999971,1,long,東京 09-15JST,12,2022-05,戦略B 逆張りロング
2022-05-23 03:25:00,2022-05-23 03:30:00,127.2105,127.33289285714285,8728.986245542852,1.7457972491085705,7,long,東京 09-15JST,12,2022-05,戦略B 逆張りロング
2022-05-24 03:40:00,2022-05-24 03:45:00,127.7435,127.75210714285714,898.5831469054658,0.17971662938109317,3,long,東京 09-15JST,12,2022-05,戦略B 逆張りロング
2022-05-27 01:50:00,2022-05-27 01:55:00,126.7985,126.75089285714286,-2502.8163725122977,-0.5005632745024595,7,long,東京 09-15JST,10,2022-05,戦略B 逆張りロング
2022-05-27 01:55:00,2022-05-27 02:00:00,126.792,126.75067857142858,-2167.4784563502853,-0.43349569127005705,6,long,東京 09-15JST,10,2022-05,戦略B 逆張りロング
2022-05-27 02:05:00,2022-05-27 02:10:00,126.797,126.74699999999999,-2747.2527472532784,-0.5494505494506556,4,long,東京 09-15JST,11,2022-05,戦略B 逆張りロング
2022-05-27 02:25:00,2022-05-27 02:30:00,126.775,126.70239285714285,-5000.000000000419,-1.000000000000084,2,long,東京 09-15JST,11,2022-05,戦略B 逆張りロング
2022-05-27 02:30:00,2022-05-27 02:35:00,126.71549999999999,126.6865,-2196.9696969693046,-0.4393939393938609,2,long,東京 09-15JST,11,2022-05,戦略B 逆張りロング
2022-05-27 02:40:00,2022-05-27 02:45:00,126.705,126.68532142857143,-1498.0967917345365,-0.2996193583469073,3,long,東京 09-15JST,11,2022-05,戦略B 逆張りロング
2022-05-27 02:45:00,2022-05-27 02:50:00,126.709,126.75410714285714,3703.8123167147196,0.7407624633429439,5,long,東京 09-15JST,11,2022-05,戦略B 逆張りロング
2022-05-27 02:55:00,2022-05-27 03:00:00,126.69149999999999,126.75646428571429,5549.11531421687,1.1098230628433738,3,long,東京 09-15JST,11,2022-05,戦略B 逆張りロング
2022-05-27 03:00:00,2022-05-27 03:05:00,126.739,126.76285714285714,2287.671232876288,0.45753424657525754,2,long,東京 09-15JST,12,2022-05,戦略B 逆張りロング
2022-05-27 03:15:00,2022-05-27 03:20:00,126.745,126.77903571428571,3274.9140893463136,0.6549828178692627,3,long,東京 09-15JST,12,2022-05,戦略B 逆張りロング
2022-05-30 01:35:00,2022-05-30 01:40:00,127.009,126.94153571428572,-4999.9999999996235,-0.9999999999999247,1,long,東京 09-15JST,10,2022-05,戦略B 逆張りロング
2022-05-30 15:20:00,2022-05-30 15:25:00,127.47200000000001,127.519,-4999.999999999461,-0.9999999999998921,1,short,NY   21-03JST,0,2022-05,戦略A 順張りショート
2022-05-31 05:40:00,2022-05-31 05:45:00,127.8185,127.87514285714286,6176.012461059722,1.2352024922119444,3,long,東京 09-15JST,14,2022-05,戦略B 逆張りロング
2022-06-07 14:45:00,2022-06-07 14:50:00,132.35399999999998,132.4627857142857,-5000.000000000093,-1.0000000000000187,1,short,NY   21-03JST,23,2022-06,戦略A 順張りショート
2022-06-09 15:30:00,2022-06-09 15:35:00,134.027,134.04403571428574,-810.948656921282,-0.1621897313842564,2,short,NY   21-03JST,0,2022-06,戦略A 順張りショート
2022-06-09 15:35:00,2022-06-09 15:40:00,134.01600000000002,134.04885714285712,-1713.8599105787998,-0.34277198211576,2,short,NY   21-03JST,0,2022-06,戦略A 順張りショート
2022-06-09 15:40:00,2022-06-09 15:45:00,133.95299999999997,134.04282142857141,-5000.0000000006785,-1.0000000000001357,1,short,NY   21-03JST,0,2022-06,戦略A 順張りショート
2022-06-10 00:55:00,2022-06-10 01:00:00,134.0095,133.97642857142856,-1566.305818674749,-0.3132611637349498,3,long,東京 09-15JST,9,2022-06,戦略B 逆張りロング
2022-06-10 01:00:00,2022-06-10 01:05:00,134.02800000000002,134.172,6428.57142857047,1.285714285714094,10,long,東京 09-15JST,10,2022-06,戦略B 逆張りロング
2022-06-10 01:10:00,2022-06-10 01:15:00,134.0335,134.17210714285713,6193.744015320157,1.2387488030640315,8,long,東京 09-15JST,10,2022-06,戦略B 逆張りロング
2022-06-10 01:15:00,2022-06-10 01:20:00,134.0205,134.17624999999998,7227.37819025446,1.445475638050892,7,long,東京 09-15JST,10,2022-06,戦略B 逆張りロング
2022-06-13 12:20:00,2022-06-13 12:25:00,134.0595,133.9871785714286,3195.014200062864,0.6390028400125728,2,short,NY   21-03JST,21,2022-06,戦略A 順張りショート
2022-06-13 12:25:00,2022-06-13 12:30:00,133.9875,134.0459642857143,-2446.935724962273,-0.4893871449924546,2,short,NY   21-03JST,21,2022-06,戦略A 順張りショート
2022-06-13 12:30:00,2022-06-13 12:35:00,133.9725,134.0964642857143,-5000.000000000164,-1.0000000000000326,1,short,NY   21-03JST,21,2022-06,戦略A 順張りショート
2022-06-13 12:45:00,2022-06-13 12:50:00,134.13299999999998,133.95685714285716,6730.349344976712,1.3460698689953423,5,short,NY   21-03JST,21,2022-06,戦略A 順張りショート
2022-06-13 12:50:00,2022-06-13 12:55:00,134.035,133.9539642857143,3166.341054980891,0.6332682109961781,4,short,NY   21-03JST,21,2022-06,戦略A 順張りショート
2022-06-13 13:30:00,2022-06-13 13:35:00,133.8505,133.82807142857143,868.8433868293024,0.1737686773658605,2,short,NY   21-03JST,22,2022-06,戦略A 順張りショート
2022-06-13 14:45:00,2022-06-13 14:50:00,133.77949999999998,133.91246428571426,-4999.999999999542,-0.9999999999999083,2,short,NY   21-03JST,23,2022-06,戦略A 順張りショート
2022-06-14 00:05:00,2022-06-14 00:10:00,134.16199999999998,134.07592857142856,-4999.999999999174,-0.9999999999998348,1,long,東京 09-15JST,9,2022-06,戦略B 逆張りロング
2022-06-14 00:10:00,2022-06-14 00:15:00,134.1345,134.05157142857144,-4999.999999999633,-0.9999999999999265,1,long,東京 09-15JST,9,2022-06,戦略B 逆張りロング
2022-06-14 00:15:00,2022-06-14 00:20:00,134.131,134.04942857142856,-5000.00000000025,-1.00000000000005,1,long,東京 09-15JST,9,2022-06,戦略B 逆張りロング
2022-06-14 00:20:00,2022-06-14 00:25:00,134.04500000000002,133.95892857142857,-5000.0000000007085,-1.0000000000001417,1,long,東京 09-15JST,9,2022-06,戦略B 逆張りロング
2022-06-14 00:25:00,2022-06-14 00:30:00,133.9345,133.97117857142857,1944.3392654287118,0.38886785308574234,2,long,東京 09-15JST,9,2022-06,戦略B 逆張りロング
2022-06-14 00:30:00,2022-06-14 00:35:00,133.945,133.98182142857144,1934.3339587249038,0.3868667917449808,2,long,東京 09-15JST,9,2022-06,戦略B 逆張りロング
2022-06-14 00:45:00,2022-06-14 00:50:00,134.04950000000002,134.17164285714287,5181.818181817757,1.0363636363635516,5,long,東京 09-15JST,9,2022-06,戦略B 逆張りロング
2022-06-15 14:15:00,2022-06-15 14:20:00,134.50549999999998,134.50985714285713,-255.23012552316243,-0.051046025104632485,3,short,NY   21-03JST,23,2022-06,戦略A 順張りショート
2022-06-16 03:40:00,2022-06-16 03:45:00,134.31400000000002,134.2572142857143,-5000.000000000537,-1.0000000000001072,1,long,東京 09-15JST,12,2022-06,戦略B 逆張りロング
2022-06-16 03:50:00,2022-06-16 03:55:00,134.2835,134.2486071428571,-3039.8257622929286,-0.6079651524585857,2,long,東京 09-15JST,12,2022-06,戦略B 逆張りロング
2022-06-16 04:00:00,2022-06-16 04:05:00,134.2375,134.35771428571428,10678.934010150262,2.1357868020300526,12,long,東京 09-15JST,13,2022-06,戦略B 逆張りロング
2022-06-16 04:05:00,2022-06-16 04:10:00,134.2605,134.35671428571428,8397.755610970808,1.6795511221941615,11,long,東京 09-15JST,13,2022-06,戦略B 逆張りロング
2022-06-16 15:15:00,2022-06-16 15:20:00,132.185,131.75307142857142,16290.409482758445,3.258081896551689,7,short,NY   21-03JST,0,2022-06,戦略A 順張りショート
2022-06-16 16:25:00,2022-06-16 16:30:00,131.93200000000002,131.72103571428573,5975.116326117343,1.1950232652234687,5,short,NY   21-03JST,1,2022-06,戦略A 順張りショート
2022-06-16 16:30:00,2022-06-16 16:35:00,131.9085,131.71625,5596.797671033225,1.119359534206645,4,short,NY   21-03JST,1,2022-06,戦略A 順張りショート
2022-06-16 16:50:00,2022-06-16 16:55:00,131.5575,131.72442857142858,-4999.999999999696,-0.9999999999999393,1,short,NY   21-03JST,1,2022-06,戦略A 順張りショート
2022-06-20 02:45:00,2022-06-20 02:50:00,134.75900000000001,134.86525,5047.505938241444,1.0095011876482887,9,long,東京 09-15JST,11,2022-06,戦略B 逆張りロング
2022-06-20 02:50:00,2022-06-20 02:55:00,134.739,134.8634642857143,5814.147480813622,1.1628294961627244,8,long,東京 09-15JST,11,2022-06,戦略B 逆張りロング
2022-06-20 02:55:00,2022-06-20 04:00:00,134.8485,134.863,674.4186046510293,0.13488372093020587,7,long,東京 09-15JST,11,2022-06,戦略B 逆張りロング
2022-06-20 04:30:00,2022-06-20 04:35:00,134.8755,134.91153571428572,2296.3131543021473,0.45926263086042945,6,long,東京 09-15JST,13,2022-06,戦略B 逆張りロング
2022-06-20 04:35:00,2022-06-20 04:40:00,134.9085,134.9120357142857,226.75217590402048,0.045350435180804095,5,long,東京 09-15JST,13,2022-06,戦略B 逆張りロング
2022-06-20 04:50:00,2022-06-20 04:55:00,134.925,134.9194642857143,-392.4050632910544,-0.07848101265821088,2,long,東京 09-15JST,13,2022-06,戦略B 逆張りロング
2022-06-22 00:00:00,2022-06-22 00:05:00,136.39,136.34964285714287,-2420.7369323038174,-0.4841473864607635,2,long,東京 09-15JST,9,2022-06,戦略B 逆張りロング
2022-06-22 01:30:00,2022-06-22 01:35:00,136.1445,136.15825,696.2025316463504,0.13924050632927007,10,long,東京 09-15JST,10,2022-06,戦略B 逆張りロング
2022-06-24 02:35:00,2022-06-24 02:40:00,134.82150000000001,134.81060714285715,-832.8782086295892,-0.16657564172591782,6,long,東京 09-15JST,11,2022-06,戦略B 逆張りロング
2022-06-24 02:45:00,2022-06-24 02:50:00,134.808,134.8172857142857,790.7542579070845,0.1581508515814169,4,long,東京 09-15JST,11,2022-06,戦略B 逆張りロング
2022-06-24 02:50:00,2022-06-24 02:55:00,134.8225,134.8205357142857,-177.0766258848434,-0.03541532517696868,3,long,東京 09-15JST,11,2022-06,戦略B 逆張りロング
2022-06-27 00:50:00,2022-06-27 00:55:00,134.6145,134.54592857142856,-3326.40332640349,-0.6652806652806981,2,long,東京 09-15JST,9,2022-06,戦略B 逆張りロング
2022-06-27 01:00:00,2022-06-27 01:05:00,134.5425,134.61621428571428,3357.189329863546,0.6714378659727092,6,long,東京 09-15JST,10,2022-06,戦略B 逆張りロング
2022-06-27 01:25:00,2022-06-27 01:30:00,134.6445,134.60375,-1973.365617433494,-0.3946731234866988,3,long,東京 09-15JST,10,2022-06,戦略B 逆張りロング
2022-06-27 01:35:00,2022-06-27 01:40:00,134.684,134.60560714285714,-3846.8279004556607,-0.7693655800911321,7,long,東京 09-15JST,10,2022-06,戦略B 逆張りロング
2022-06-27 01:45:00,2022-06-27 01:50:00,134.65800000000002,134.60939285714286,-2477.247906807707,-0.4954495813615414,5,long,東京 09-15JST,10,2022-06,戦略B 逆張りロング
2022-06-27 01:55:00,2022-06-27 02:00:00,134.65,134.61110714285715,-2104.7545419402295,-0.4209509083880459,3,long,東京 09-15JST,10,2022-06,戦略B 逆張りロング
2022-06-27 02:05:00,2022-06-27 02:10:00,134.6775,134.79025,7068.965517239026,1.413793103447805,5,long,東京 09-15JST,11,2022-06,戦略B 逆張りロング
2022-06-27 02:10:00,2022-06-27 02:15:00,134.675,134.79489285714286,7981.455064192016,1.5962910128384031,4,long,東京 09-15JST,11,2022-06,戦略B 逆張りロング
2022-06-27 02:15:00,2022-06-27 02:20:00,134.619,134.7932857142857,11359.404096832426,2.2718808193664852,3,long,東京 09-15JST,11,2022-06,戦略B 逆張りロング
2022-06-27 14:15:00,2022-06-27 14:20:00,135.1675,135.24510714285717,-4123.339658445321,-0.8246679316890643,2,short,NY   21-03JST,23,2022-06,戦略A 順張りショート
2022-06-27 14:45:00,2022-06-27 14:50:00,135.115,135.20375,-5000.000000000114,-1.0000000000000226,1,short,NY   21-03JST,23,2022-06,戦略A 順張りショート
2022-06-28 01:55:00,2022-06-28 02:00:00,135.159,135.21135714285714,3004.0983606561304,0.6008196721312261,6,long,東京 09-15JST,10,2022-06,戦略B 逆張りロング
2022-06-29 17:00:00,2022-06-29 17:05:00,136.567,136.56392857142856,240.22346368846914,0.04804469273769383,6,short,NY   21-03JST,2,2022-06,戦略A 順張りショート
2022-06-30 13:55:00,2022-06-30 14:00:00,135.90499999999997,135.91275,-346.756152125948,-0.0693512304251896,3,short,NY   21-03JST,22,2022-06,戦略A 順張りショート
2022-07-01 03:20:00,2022-07-01 03:25:00,135.185,135.10128571428572,-3997.2714870392397,-0.7994542974078479,4,long,東京 09-15JST,12,2022-07,戦略B 逆張りロング
2022-07-01 03:25:00,2022-07-01 03:30:00,135.124,135.09778571428572,-1211.2211221116754,-0.2422442244223351,3,long,東京 09-15JST,12,2022-07,戦略B 逆張りロング
2022-07-01 03:40:00,2022-07-01 03:45:00,135.1245,135.05485714285714,-3820.5329153607495,-0.7641065830721498,2,long,東京 09-15JST,12,2022-07,戦略B 逆張りロング
2022-07-01 03:45:00,2022-07-01 03:50:00,135.07,135.12475,2920.000000000426,0.5840000000000852,4,long,東京 09-15JST,12,2022-07,戦略B 逆張りロング
2022-07-01 04:10:00,2022-07-01 04:15:00,135.106,135.00864285714286,-4949.164851124982,-0.9898329702249965,2,long,東京 09-15JST,13,2022-07,戦略B 逆張りロング
2022-07-01 04:15:00,2022-07-01 04:20:00,135.041,135.0785,1874.999999999594,0.3749999999999188,6,long,東京 09-15JST,13,2022-07,戦略B 逆張りロング
2022-07-01 12:00:00,2022-07-01 12:05:00,135.2905,135.29367857142856,-166.10675625115095,-0.033221351250230194,2,short,NY   21-03JST,21,2022-07,戦略A 順張りショート
2022-07-01 12:05:00,2022-07-01 12:10:00,135.20850000000002,135.16857142857145,2056.6593083142634,0.4113318616628527,3,short,NY   21-03JST,21,2022-07,戦略A 順張りショート
2022-07-01 14:10:00,2022-07-01 14:15:00,134.9475,134.92492857142855,845.8244111353316,0.16916488222706633,4,short,NY   21-03JST,23,2022-07,戦略A 順張りショート
2022-07-01 15:50:00,2022-07-01 15:55:00,135.0225,135.12207142857145,-5000.000000000612,-1.0000000000001223,1,short,NY   21-03JST,0,2022-07,戦略A 順張りショート
2022-07-04 00:10:00,2022-07-04 00:15:00,134.945,135.04285714285714,7510.964912281065,1.502192982456213,6,long,東京 09-15JST,9,2022-07,戦略B 逆張りロング
2022-07-05 13:10:00,2022-07-05 13:15:00,135.79149999999998,135.82907142857144,-1625.4635352297687,-0.3250927070459537,2,short,NY   21-03JST,22,2022-07,戦略A 順張りショート
2022-07-06 00:00:00,2022-07-06 00:05:00,135.5285,135.6394285714286,7590.420332357575,1.518084066471515,3,long,東京 09-15JST,9,2022-07,戦略B 逆張りロング
2022-07-06 02:50:00,2022-07-06 02:55:00,135.2,135.1325357142857,-5000.000000000451,-1.0000000000000902,1,long,東京 09-15JST,11,2022-07,戦略B 逆張りロング
2022-07-06 02:55:00,2022-07-06 03:00:00,135.1745,135.30664285714286,10109.289617486545,2.021857923497309,8,long,東京 09-15JST,11,2022-07,戦略B 逆張りロング
2022-07-06 03:00:00,2022-07-06 03:05:00,135.1625,135.30825000000002,11431.372549020722,2.2862745098041444,7,long,東京 09-15JST,12,2022-07,戦略B 逆張りロング
2022-07-08 02:40:00,2022-07-08 02:45:00,135.6595,135.8425357142857,13270.32625582425,2.65406525116485,2,long,東京 09-15JST,11,2022-07,戦略B 逆張りロング
2022-07-08 02:45:00,2022-07-08 02:50:00,135.753,135.66782142857141,-5000.0,-1.0,1,long,東京 09-15JST,11,2022-07,戦略B 逆張りロング
2022-07-08 02:55:00,2022-07-08 03:00:00,135.597,135.47578571428573,-4999.999999999497,-0.9999999999998994,1,long,東京 09-15JST,11,2022-07,戦略B 逆張りロング
2022-07-08 03:00:00,2022-07-08 03:05:00,135.34449999999998,135.5307857142857,6788.131181676841,1.3576262363353682,3,long,東京 09-15JST,12,2022-07,戦略B 逆張りロング
2022-07-08 03:20:00,2022-07-08 03:25:00,135.53050000000002,135.62374999999997,2738.619676944381,0.5477239353888762,3,long,東京 09-15JST,12,2022-07,戦略B 逆張りロング
2022-07-08 03:55:00,2022-07-08 04:00:00,135.59199999999998,135.5802142857143,-353.319057814793,-0.0706638115629586,6,long,東京 09-15JST,12,2022-07,戦略B 逆張りロング
2022-07-08 04:20:00,2022-07-08 04:25:00,135.671,135.56210714285714,-4999.999999999627,-0.9999999999999254,4,long,東京 09-15JST,13,2022-07,戦略B 逆張りロング
2022-07-08 04:30:00,2022-07-08 04:35:00,135.5805,135.55132142857144,-1420.869565216839,-0.2841739130433678,2,long,東京 09-15JST,13,2022-07,戦略B 逆張りロング
2022-07-12 01:40:00,2022-07-12 01:45:00,137.0705,137.0429642857143,-1709.5343680703597,-0.34190687361407196,2,long,東京 09-15JST,10,2022-07,戦略B 逆張りロング
2022-07-12 01:45:00,2022-07-12 01:50:00,137.08300000000003,137.123,2515.7232704379644,0.5031446540875929,8,long,東京 09-15JST,10,2022-07,戦略B 逆張りロング
2022-07-12 01:55:00,2022-07-12 02:00:00,137.07299999999998,137.1260714285714,3471.9626168223363,0.6943925233644672,6,long,東京 09-15JST,10,2022-07,戦略B 逆張りロング
2022-07-13 14:40:00,2022-07-13 14:45:00,137.1865,137.22992857142856,-1658.4833606106715,-0.33169667212213433,3,short,NY   21-03JST,23,2022-07,戦略A 順張りショート
2022-07-13 14:45:00,2022-07-13 14:50:00,137.1745,137.23607142857142,-2245.961438248987,-0.44919228764979746,2,short,NY   21-03JST,23,2022-07,戦略A 順張りショート
2022-07-13 14:55:00,2022-07-13 15:00:00,137.1535,137.29021428571428,-4999.999999999554,-0.9999999999999108,2,short,NY   21-03JST,23,2022-07,戦略A 順張りショート
2022-07-13 15:15:00,2022-07-13 15:20:00,137.3005,137.28121428571427,773.1958762892674,0.15463917525785348,17,short,NY   21-03JST,0,2022-07,戦略A 順張りショート
2022-07-15 15:25:00,2022-07-15 15:30:00,138.49,138.57175,-4999.999999999503,-0.9999999999999006,2,short,NY   21-03JST,0,2022-07,戦略A 順張りショート
2022-07-18 00:00:00,2022-07-18 00:05:00,138.298,138.28489285714286,-1334.5454545447922,-0.2669090909089584,2,long,東京 09-15JST,9,2022-07,戦略B 逆張りロング
2022-07-18 00:55:00,2022-07-18 01:00:00,138.18,138.16389285714288,-1488.448844882642,-0.29768976897652843,4,long,東京 09-15JST,9,2022-07,戦略B 逆張りロング
2022-07-18 01:00:00,2022-07-18 01:05:00,138.1745,138.16964285714286,-502.215657310672,-0.10044313146213439,3,long,東京 09-15JST,10,2022-07,戦略B 逆張りロング
2022-07-18 01:20:00,2022-07-18 01:25:00,138.13400000000001,138.08375,-5000.000000000606,-1.0000000000001212,1,long,東京 09-15JST,10,2022-07,戦略B 逆張りロング
2022-07-18 01:25:00,2022-07-18 01:30:00,138.118,138.0677142857143,-4999.999999999394,-0.9999999999998789,1,long,東京 09-15JST,10,2022-07,戦略B 逆張りロング
2022-07-18 01:30:00,2022-07-18 01:35:00,138.0745,138.05260714285714,-2129.951355107878,-0.4259902710215756,2,long,東京 09-15JST,10,2022-07,戦略B 逆張りロング
2022-07-18 01:35:00,2022-07-18 01:40:00,138.06,138.04689285714284,-1294.989414257662,-0.2589978828515324,2,long,東京 09-15JST,10,2022-07,戦略B 逆張りロング
2022-07-18 01:45:00,2022-07-18 01:50:00,138.03050000000002,138.10135714285713,6604.527296934093,1.3209054593868186,9,long,東京 09-15JST,10,2022-07,戦略B 逆張りロング
2022-07-20 02:15:00,2022-07-20 02:20:00,138.0935,138.15732142857144,4579.702716555649,0.9159405433111298,4,long,東京 09-15JST,11,2022-07,戦略B 逆張りロング
2022-07-21 15:00:00,2022-07-21 15:05:00,137.75900000000001,137.87285714285716,-4999.999999999822,-0.9999999999999644,1,short,NY   21-03JST,0,2022-07,戦略A 順張りショート
2022-07-21 15:30:00,2022-07-21 15:35:00,138.0335,137.5962857142857,18638.85505481206,3.7277710109624116,47,short,NY   21-03JST,0,2022-07,戦略A 順張りショート
2022-07-21 15:35:00,2022-07-21 15:40:00,138.005,137.59364285714284,17940.80996884772,3.588161993769544,46,short,NY   21-03JST,0,2022-07,戦略A 順張りショート
2022-07-21 15:40:00,2022-07-21 15:45:00,137.96800000000002,138.01500000000001,-2196.261682242825,-0.439252336448565,3,short,NY   21-03JST,0,2022-07,戦略A 順張りショート
2022-07-21 15:45:00,2022-07-21 15:50:00,137.9255,137.94589285714284,-981.4369199027989,-0.19628738398055978,13,short,NY   21-03JST,0,2022-07,戦略A 順張りショート
2022-07-21 15:50:00,2022-07-21 15:55:00,137.9565,137.94532142857142,540.9609402012546,0.10819218804025092,12,short,NY   21-03JST,0,2022-07,戦略A 順張りショート
2022-07-22 00:20:00,2022-07-22 00:25:00,137.147,137.25785714285715,5676.664228237993,1.1353328456475986,5,long,東京 09-15JST,9,2022-07,戦略B 逆張りロング
2022-07-22 12:30:00,2022-07-22 12:35:00,136.6315,136.7425714285714,-4999.999999999909,-0.9999999999999818,2,short,NY   21-03JST,21,2022-07,戦略A 順張りショート
2022-07-22 12:35:00,2022-07-22 12:40:00,136.6885,136.77953571428571,-4099.388871019503,-0.8198777742039006,2,short,NY   21-03JST,21,2022-07,戦略A 順張りショート
2022-07-25 02:05:00,2022-07-25 02:10:00,136.05,135.95246428571429,-5000.000000000519,-1.000000000000104,1,long,東京 09-15JST,11,2022-07,戦略B 逆張りロング
2022-07-25 02:10:00,2022-07-25 02:15:00,136.02949999999998,136.20657142857144,9425.855513309241,1.8851711026618483,10,long,東京 09-15JST,11,2022-07,戦略B 逆張りロング
2022-07-25 02:15:00,2022-07-25 02:20:00,135.95499999999998,136.20242857142858,12614.71230881435,2.52294246176287,9,long,東京 09-15JST,11,2022-07,戦略B 逆張りロング
2022-07-25 03:20:00,2022-07-25 03:25:00,136.21,136.17503571428568,-2107.1889797698536,-0.42143779595397074,2,long,東京 09-15JST,12,2022-07,戦略B 逆張りロング
2022-07-25 03:25:00,2022-07-25 03:30:00,136.226,136.15007142857144,-4999.999999999332,-0.9999999999998664,1,long,東京 09-15JST,12,2022-07,戦略B 逆張りロング
2022-07-26 00:30:00,2022-07-26 00:35:00,136.35500000000002,136.40132142857144,3499.7301672953013,0.6999460334590603,5,long,東京 09-15JST,9,2022-07,戦略B 逆張りロング
2022-07-26 13:30:00,2022-07-26 13:35:00,136.35750000000002,136.38189285714287,-1372.0369626355953,-0.27440739252711904,2,short,NY   21-03JST,22,2022-07,戦略A 順張りショート
2022-07-26 13:35:00,2022-07-26 13:40:00,136.3395,136.42910714285713,-5000.00000000034,-1.000000000000068,1,short,NY   21-03JST,22,2022-07,戦略A 順張りショート
2022-07-28 13:35:00,2022-07-28 13:40:00,134.565,134.73492857142858,-3934.8329474034867,-0.7869665894806973,2,short,NY   21-03JST,22,2022-07,戦略A 順張りショート
2022-07-28 14:05:00,2022-07-28 14:10:00,134.6085,134.68553571428575,-2271.961238678237,-0.4543922477356474,6,short,NY   21-03JST,23,2022-07,戦略A 順張りショート
2022-07-29 04:00:00,2022-07-29 04:05:00,133.21699999999998,133.28532142857142,1906.51783934644,0.381303567869288,11,long,東京 09-15JST,13,2022-07,戦略B 逆張りロング
2022-07-29 04:10:00,2022-07-29 04:15:00,133.1655,133.28714285714284,3429.3193717269264,0.6858638743453853,9,long,東京 09-15JST,13,2022-07,戦略B 逆張りロング
2022-07-29 04:15:00,2022-07-29 04:20:00,133.188,133.28421428571426,2668.383518224489,0.5336767036448977,8,long,東京 09-15JST,13,2022-07,戦略B 逆張りロング
2022-07-29 04:55:00,2022-07-29 05:00:00,133.3845,133.19221428571427,-5000.000000000369,-1.000000000000074,1,long,東京 09-15JST,13,2022-07,戦略B 逆張りロング
2022-07-29 05:35:00,2022-07-29 05:40:00,132.9545,132.92235714285715,-1259.0934527135125,-0.2518186905427025,3,long,東京 09-15JST,14,2022-07,戦略B 逆張りロング
2022-07-29 05:40:00,2022-07-29 05:45:00,132.9345,132.91953571428573,-573.5012318641944,-0.11470024637283889,2,long,東京 09-15JST,14,2022-07,戦略B 逆張りロング
2022-07-29 05:55:00,2022-07-29 06:00:00,133.03300000000002,132.9192857142857,-4012.0967741942936,-0.8024193548388587,3,long,東京 09-15JST,14,2022-07,戦略B 逆張りロング
2022-07-29 16:55:00,2022-07-29 17:00:00,133.3135,133.38671428571428,-4999.999999999168,-0.9999999999998336,1,short,NY   21-03JST,1,2022-07,戦略A 順張りショート
2022-08-01 01:00:00,2022-08-01 01:05:00,132.81650000000002,132.73121428571432,-4999.999999999643,-0.9999999999999285,1,long,東京 09-15JST,10,2022-08,戦略B 逆張りロング
2022-08-01 02:05:00,2022-08-01 02:10:00,132.25799999999998,132.54975000000002,6808.634772462889,1.3617269544925776,18,long,東京 09-15JST,11,2022-08,戦略B 逆張りロング
2022-08-01 02:30:00,2022-08-01 02:35:00,132.441,132.64675,8773.987206822309,1.7547974413644618,9,long,東京 09-15JST,11,2022-08,戦略B 逆張りロング
2022-08-01 02:35:00,2022-08-01 02:40:00,132.42399999999998,132.65285714285716,10295.62982005263,2.059125964010526,8,long,東京 09-15JST,11,2022-08,戦略B 逆張りロング
2022-08-01 02:40:00,2022-08-01 02:45:00,132.449,132.65714285714287,9739.304812833756,1.9478609625667511,7,long,東京 09-15JST,11,2022-08,戦略B 逆張りロング
2022-08-01 02:55:00,2022-08-01 03:00:00,132.40699999999998,132.6767142857143,15450.081833061044,3.090016366612209,4,long,東京 09-15JST,11,2022-08,戦略B 逆張りロング
2022-08-01 03:00:00,2022-08-01 03:05:00,132.40800000000002,132.68160714285716,16603.814477675416,3.320762895535083,3,long,東京 09-15JST,12,2022-08,戦略B 逆張りロング
2022-08-02 00:10:00,2022-08-02 00:15:00,131.3005,131.196,-5000.000000000292,-1.0000000000000584,1,long,東京 09-15JST,9,2022-08,戦略B 逆張りロング
2022-08-02 00:25:00,2022-08-02 00:30:00,131.0315,130.89542857142857,-5000.000000000149,-1.0000000000000298,1,long,東京 09-15JST,9,2022-08,戦略B 逆張りロング
2022-08-02 00:35:00,2022-08-02 00:40:00,130.699,130.70567857142856,196.6351209247637,0.03932702418495274,2,long,東京 09-15JST,9,2022-08,戦略B 逆張りロング
2022-08-02 00:50:00,2022-08-02 00:55:00,130.8495,130.78725,-1680.1619433200487,-0.33603238866400975,3,long,東京 09-15JST,9,2022-08,戦略B 逆張りロング
2022-08-02 01:05:00,2022-08-02 01:10:00,130.84199999999998,130.75689285714287,-2330.3344416186274,-0.46606688832372545,3,long,東京 09-15JST,10,2022-08,戦略B 逆張りロング
2022-08-02 01:10:00,2022-08-02 01:15:00,130.7985,130.7344285714286,-1799.037304451582,-0.3598074608903164,2,long,東京 09-15JST,10,2022-08,戦略B 逆張りロング
2022-08-02 01:20:00,2022-08-02 01:25:00,130.7615,130.5794642857143,-5000.000000000111,-1.0000000000000222,1,long,東京 09-15JST,10,2022-08,戦略B 逆張りロング
2022-08-02 01:25:00,2022-08-02 01:30:00,130.74650000000003,130.58264285714287,-5000.000000000372,-1.0000000000000744,1,long,東京 09-15JST,10,2022-08,戦略B 逆張りロング
2022-08-02 01:30:00,2022-08-02 01:35:00,130.4835,130.61603571428572,3661.9301361755242,0.7323860272351048,13,long,東京 09-15JST,10,2022-08,戦略B 逆張りロング
2022-08-02 02:00:00,2022-08-02 02:05:00,130.67450000000002,130.6610357142857,-495.14053060278826,-0.09902810612055765,3,long,東京 09-15JST,11,2022-08,戦略B 逆張りロング
2022-08-02 02:20:00,2022-08-02 02:25:00,130.7105,130.63560714285714,-2916.5507649512715,-0.5833101529902543,3,long,東京 09-15JST,11,2022-08,戦略B 逆張りロング
2022-08-02 05:25:00,2022-08-02 05:30:00,130.4795,131.01353571428572,34920.59785146958,6.984119570293917,11,long,東京 09-15JST,14,2022-08,戦略B 逆張りロング
2022-08-03 03:15:00,2022-08-03 03:20:00,133.01749999999998,132.98357142857142,-1438.5221078130144,-0.2877044215626029,2,long,東京 09-15JST,12,2022-08,戦略B 逆張りロング
2022-08-03 03:40:00,2022-08-03 03:45:00,132.9685,132.84378571428573,-4999.999999999675,-0.999999999999935,1,long,東京 09-15JST,12,2022-08,戦略B 逆張りロング
2022-08-03 03:45:00,2022-08-03 03:50:00,132.93099999999998,132.80417857142857,-4999.999999999679,-0.9999999999999358,1,long,東京 09-15JST,12,2022-08,戦略B 逆張りロング
2022-08-03 03:50:00,2022-08-03 03:55:00,132.7765,132.64142857142858,-4999.999999999775,-0.999999999999955,1,long,東京 09-15JST,12,2022-08,戦略B 逆張りロング
2022-08-03 04:20:00,2022-08-03 04:25:00,132.4555,133.26003571428572,25875.258442452938,5.175051688490588,21,long,東京 09-15JST,13,2022-08,戦略B 逆張りロング
2022-08-03 04:25:00,2022-08-03 04:30:00,132.4755,132.67367857142855,6526.6996000929075,1.3053399200185816,5,long,東京 09-15JST,13,2022-08,戦略B 逆張りロング
2022-08-03 04:30:00,2022-08-03 04:35:00,132.514,133.25303571428572,22744.559243789117,4.5489118487578235,19,long,東京 09-15JST,13,2022-08,戦略B 逆張りロング
2022-08-03 04:55:00,2022-08-03 05:00:00,132.7185,133.24942857142858,15984.946236558937,3.1969892473117874,14,long,東京 09-15JST,13,2022-08,戦略B 逆張りロング
2022-08-03 16:05:00,2022-08-03 16:10:00,133.9435,133.85782142857144,4357.06501997761,0.871413003995522,3,short,NY   21-03JST,1,2022-08,戦略A 順張りショート
2022-08-03 16:10:00,2022-08-03 16:15:00,133.858,133.86035714285714,-116.85552407897177,-0.023371104815794352,2,short,NY   21-03JST,1,2022-08,戦略A 順張りショート
2022-08-03 16:20:00,2022-08-03 16:25:00,133.8155,133.91475,-5000.000000000614,-1.0000000000001228,1,short,NY   21-03JST,1,2022-08,戦略A 順張りショート
2022-08-04 00:05:00,2022-08-04 00:10:00,133.73950000000002,133.88075,8284.457478004799,1.6568914956009597,4,long,東京 09-15JST,9,2022-08,戦略B 逆張りロング
2022-08-04 00:50:00,2022-08-04 00:55:00,133.59550000000002,133.756,6419.999999999182,1.2839999999998364,2,long,東京 09-15JST,9,2022-08,戦略B 逆張りロング
2022-08-04 02:05:00,2022-08-04 02:10:00,133.80900000000003,134.13232142857143,12048.176736756577,2.4096353473513155,12,long,東京 09-15JST,11,2022-08,戦略B 逆張りロング
2022-08-04 02:15:00,2022-08-04 02:20:00,133.734,134.14971428571428,17798.165137613923,3.5596330275227848,10,long,東京 09-15JST,11,2022-08,戦略B 逆張りロング
2022-08-04 02:25:00,2022-08-04 02:30:00,133.763,134.15914285714285,18449.76713240128,3.689953426480256,8,long,東京 09-15JST,11,2022-08,戦略B 逆張りロング
2022-08-04 02:30:00,2022-08-04 02:35:00,133.751,134.16125,19489.31116389465,3.89786223277893,7,long,東京 09-15JST,11,2022-08,戦略B 逆張りロング
2022-08-04 02:40:00,2022-08-04 02:45:00,133.7375,134.16739285714286,21688.288288287466,4.337657657657493,5,long,東京 09-15JST,11,2022-08,戦略B 逆張りロング
2022-08-04 13:15:00,2022-08-04 13:20:00,133.643,133.3378214285714,9458.711534204725,1.8917423068409451,19,short,NY   21-03JST,22,2022-08,戦略A 順張りショート
2022-08-04 13:45:00,2022-08-04 13:50:00,133.4865,133.30503571428568,7058.90525146014,1.411781050292028,13,short,NY   21-03JST,22,2022-08,戦略A 順張りショート
2022-08-08 13:50:00,2022-08-08 13:55:00,134.5265,134.51207142857143,787.8315132603126,0.1575663026520625,2,short,NY   21-03JST,22,2022-08,戦略A 順張りショート
2022-08-08 13:55:00,2022-08-08 14:00:00,134.45299999999997,134.5492857142857,-5000.000000000633,-1.0000000000001266,1,short,NY   21-03JST,22,2022-08,戦略A 順張りショート
2022-08-08 14:15:00,2022-08-08 14:20:00,134.4605,134.46485714285714,-199.21619856313836,-0.039843239712627675,2,short,NY   21-03JST,23,2022-08,戦略A 順張りショート
2022-08-08 14:20:00,2022-08-08 14:25:00,134.417,134.52528571428573,-5000.0000000004675,-1.0000000000000935,1,short,NY   21-03JST,23,2022-08,戦略A 順張りショート
2022-08-08 14:25:00,2022-08-08 14:30:00,134.5245,134.61510714285714,-3852.110537504053,-0.7704221075008105,2,short,NY   21-03JST,23,2022-08,戦略A 順張りショート
2022-08-10 13:30:00,2022-08-10 13:35:00,132.949,132.43714285714285,6278.254774838127,1.2556509549676254,20,short,NY   21-03JST,22,2022-08,戦略A 順張りショート
2022-08-10 14:00:00,2022-08-10 14:05:00,132.34550000000002,132.38628571428572,-958.3752937224702,-0.19167505874449406,2,short,NY   21-03JST,23,2022-08,戦略A 順張りショート
2022-08-10 14:25:00,2022-08-10 14:30:00,132.187,132.25410714285715,-1627.967423323444,-0.32559348466468885,3,short,NY   21-03JST,23,2022-08,戦略A 順張りショート
2022-08-10 14:30:00,2022-08-10 14:35:00,132.0765,132.28053571428572,-4999.999999999851,-0.9999999999999701,2,short,NY   21-03JST,23,2022-08,戦略A 順張りショート
2022-08-10 14:55:00,2022-08-10 15:00:00,132.0965,132.2584642857143,-4132.494988154247,-0.8264989976308494,2,short,NY   21-03JST,23,2022-08,戦略A 順張りショート
2022-08-11 12:05:00,2022-08-11 12:10:00,132.215,132.09939285714285,6502.611490559366,1.3005222981118731,4,short,NY   21-03JST,21,2022-08,戦略A 順張りショート
2022-08-11 12:10:00,2022-08-11 12:15:00,132.10500000000002,132.10535714285712,-18.825301202447907,-0.0037650602404895816,3,short,NY   21-03JST,21,2022-08,戦略A 順張りショート
2022-08-12 04:35:00,2022-08-12 04:40:00,133.167,133.23078571428573,5673.443456164687,1.1346886912329373,7,long,東京 09-15JST,13,2022-08,戦略B 逆張りロング
2022-08-15 00:20:00,2022-08-15 00:25:00,133.21800000000002,133.14507142857144,-5000.000000000139,-1.0000000000000278,1,long,東京 09-15JST,9,2022-08,戦略B 逆張りロング
2022-08-15 00:25:00,2022-08-15 00:30:00,133.19400000000002,133.11932142857145,-4999.999999999184,-0.9999999999998368,1,long,東京 09-15JST,9,2022-08,戦略B 逆張りロング
2022-08-15 00:30:00,2022-08-15 00:35:00,133.13400000000001,133.1355,93.74999999955432,0.018749999999910862,2,long,東京 09-15JST,9,2022-08,戦略B 逆張りロング
2022-08-15 00:40:00,2022-08-15 00:45:00,133.2055,133.1254642857143,-4999.999999999746,-0.9999999999999493,1,long,東京 09-15JST,9,2022-08,戦略B 逆張りロング
2022-08-15 01:10:00,2022-08-15 01:15:00,133.0855,133.24685714285715,8137.608069164569,1.6275216138329138,14,long,東京 09-15JST,10,2022-08,戦略B 逆張りロング
2022-08-15 12:15:00,2022-08-15 12:20:00,132.8795,132.63117857142856,16298.640412565612,3.2597280825131225,3,short,NY   21-03JST,21,2022-08,戦略A 順張りショート
2022-08-15 12:20:00,2022-08-15 12:25:00,132.80349999999999,132.63589285714286,10359.82339955701,2.0719646799114018,2,short,NY   21-03JST,21,2022-08,戦略A 順張りショート
2022-08-15 12:25:00,2022-08-15 12:30:00,132.7825,132.71814285714285,3779.362416107642,0.7558724832215283,2,short,NY   21-03JST,21,2022-08,戦略A 順張りショート
2022-08-15 12:55:00,2022-08-15 13:00:00,132.6885,132.75671428571428,-2790.765634131641,-0.5581531268263282,4,short,NY   21-03JST,21,2022-08,戦略A 順張りショート
2022-08-18 00:30:00,2022-08-18 00:35:00,134.7585,134.83825,6254.901960784437,1.2509803921568874,5,long,東京 09-15JST,9,2022-08,戦略B 逆張りロング
2022-08-18 00:40:00,2022-08-18 00:45:00,134.8055,134.83189285714286,1882.3229750391206,0.37646459500782414,3,long,東京 09-15JST,9,2022-08,戦略B 逆張りロング
2022-08-18 01:10:00,2022-08-18 01:15:00,134.8425,134.83435714285716,-517.7111716612686,-0.10354223433225372,4,long,東京 09-15JST,10,2022-08,戦略B 逆張りロング
2022-08-18 01:15:00,2022-08-18 01:20:00,134.8165,134.8332142857143,1047.4485228299723,0.20948970456599444,3,long,東京 09-15JST,10,2022-08,戦略B 逆張りロング
2022-08-18 01:25:00,2022-08-18 01:30:00,134.7885,134.86414285714284,4796.195652172933,0.9592391304345865,3,long,東京 09-15JST,10,2022-08,戦略B 逆張りロング
2022-08-19 13:45:00,2022-08-19 13:50:00,136.825,136.91892857142858,-5000.00000000054,-1.0000000000001081,1,short,NY   21-03JST,22,2022-08,戦略A 順張りショート
2022-08-23 00:50:00,2022-08-23 00:55:00,137.293,137.2055,-5000.0000000001155,-1.000000000000023,1,long,東京 09-15JST,9,2022-08,戦略B 逆張りロング
2022-08-23 00:55:00,2022-08-23 14:00:00,136.80599999999998,136.7145,-4999.999999999667,-0.9999999999999334,1,long,東京 09-15JST,9,2022-08,戦略B 逆張りロング
2022-08-23 15:40:00,2022-08-23 15:45:00,136.304,136.42625,-4766.081871345186,-0.9532163742690373,3,short,NY   21-03JST,0,2022-08,戦略A 順張りショート
2022-08-24 04:25:00,2022-08-24 04:30:00,136.551,136.49392857142857,-4999.999999999289,-0.9999999999998578,1,long,東京 09-15JST,13,2022-08,戦略B 逆張りロング
2022-08-24 04:35:00,2022-08-24 04:40:00,136.52100000000002,136.4579285714286,-4999.999999999356,-0.9999999999998712,1,long,東京 09-15JST,13,2022-08,戦略B 逆張りロング
2022-08-24 04:40:00,2022-08-24 04:45:00,136.4475,136.37789285714285,-4999.9999999998545,-0.9999999999999709,1,long,東京 09-15JST,13,2022-08,戦略B 逆張りロング
2022-08-24 04:45:00,2022-08-24 04:50:00,136.416,136.42282142857144,466.08101513024405,0.09321620302604881,5,long,東京 09-15JST,13,2022-08,戦略B 逆張りロング
2022-08-24 04:50:00,2022-08-24 04:55:00,136.446,136.41942857142857,-1735.074626865733,-0.3470149253731466,4,long,東京 09-15JST,13,2022-08,戦略B 逆張りロング
2022-08-24 05:05:00,2022-08-24 05:10:00,136.44299999999998,136.38503571428572,-3601.864181090309,-0.7203728362180618,2,long,東京 09-15JST,14,2022-08,戦略B 逆張りロング
2022-08-24 05:15:00,2022-08-24 05:20:00,136.436,136.65471428571428,13880.326382591486,2.776065276518297,10,long,東京 09-15JST,14,2022-08,戦略B 逆張りロング
2022-08-24 05:20:00,2022-08-24 05:25:00,136.4315,136.65392857142857,13976.660682225081,2.7953321364450163,9,long,東京 09-15JST,14,2022-08,戦略B 逆張りロング
2022-08-24 15:10:00,2022-08-24 15:15:00,136.7835,136.90567857142858,-5000.000000000083,-1.0000000000000167,5,short,NY   21-03JST,0,2022-08,戦略A 順張りショート
2022-08-25 01:15:00,2022-08-25 01:20:00,136.8345,136.74382142857144,-4999.999999999216,-0.9999999999998432,2,long,東京 09-15JST,10,2022-08,戦略B 逆張りロング
2022-08-25 01:25:00,2022-08-25 01:30:00,136.803,136.71871428571427,-5000.000000000843,-1.0000000000001685,1,long,東京 09-15JST,10,2022-08,戦略B 逆張りロング
2022-08-25 01:30:00,2022-08-25 01:35:00,136.77749999999997,136.69139285714283,-5000.0000000002365,-1.0000000000000473,1,long,東京 09-15JST,10,2022-08,戦略B 逆張りロング
2022-08-25 01:35:00,2022-08-25 01:40:00,136.7,136.74921428571432,3008.733624456772,0.6017467248913544,8,long,東京 09-15JST,10,2022-08,戦略B 逆張りロング
2022-08-25 02:20:00,2022-08-25 02:25:00,136.72250000000003,136.78042857142856,3686.363636361138,0.7372727272722276,8,long,東京 09-15JST,11,2022-08,戦略B 逆張りロング
2022-08-25 05:00:00,2022-08-25 05:05:00,136.54649999999998,136.67996428571428,11023.598820059211,2.204719764011842,11,long,東京 09-15JST,14,2022-08,戦略B 逆張りロング
2022-08-30 00:15:00,2022-08-30 00:20:00,138.4695,138.4772857142857,657.4185765962428,0.13148371531924857,2,long,東京 09-15JST,9,2022-08,戦略B 逆張りロング
2022-08-30 01:05:00,2022-08-30 01:10:00,138.472,138.39514285714287,-4999.999999999869,-0.9999999999999738,1,long,東京 09-15JST,10,2022-08,戦略B 逆張りロング
2022-08-30 01:15:00,2022-08-30 01:20:00,138.432,138.47935714285714,3109.7560975618017,0.6219512195123603,2,long,東京 09-15JST,10,2022-08,戦略B 逆張りロング
2022-08-31 00:30:00,2022-08-31 00:35:00,138.4765,138.4724642857143,-322.672758421986,-0.0645345516843972,2,long,東京 09-15JST,9,2022-08,戦略B 逆張りロング
2022-09-02 00:25:00,2022-09-02 00:30:00,139.9015,139.93514285714286,2613.7624861271474,0.5227524972254295,4,long,東京 09-15JST,9,2022-09,戦略B 逆張りロング
2022-09-05 01:50:00,2022-09-05 01:55:00,140.1725,140.3007142857143,10292.431192660157,2.0584862385320313,12,long,東京 09-15JST,10,2022-09,戦略B 逆張りロング
2022-09-05 01:55:00,2022-09-05 02:00:00,140.16649999999998,140.29996428571428,10586.402266289562,2.1172804532579126,11,long,東京 09-15JST,10,2022-09,戦略B 逆張りロング
2022-09-07 17:00:00,2022-09-07 17:05:00,144.216,144.0334642857143,6995.62003832452,1.3991240076649039,5,short,NY   21-03JST,2,2022-09,戦略A 順張りショート
2022-09-08 15:15:00,2022-09-08 15:20:00,143.90699999999998,143.93710714285714,-1496.272630458809,-0.29925452609176184,3,short,NY   21-03JST,0,2022-09,戦略A 順張りショート
2022-09-08 15:20:00,2022-09-08 15:25:00,143.90800000000002,143.93303571428572,-1296.7073621897366,-0.2593414724379473,2,short,NY   21-03JST,0,2022-09,戦略A 順張りショート
2022-09-09 02:00:00,2022-09-09 02:05:00,143.57150000000001,143.63089285714287,3684.093929995519,0.7368187859991038,2,long,東京 09-15JST,11,2022-09,戦略B 逆張りロング
2022-09-09 03:50:00,2022-09-09 03:55:00,143.103,143.08407142857143,-691.1841418885202,-0.13823682837770404,2,long,東京 09-15JST,12,2022-09,戦略B 逆張りロング
2022-09-09 03:55:00,2022-09-09 04:00:00,143.155,143.01682142857143,-5000.000000000073,-1.0000000000000147,1,long,東京 09-15JST,12,2022-09,戦略B 逆張りロング
2022-09-09 04:05:00,2022-09-09 04:10:00,142.84750000000003,142.68410714285716,-5000.000000000435,-1.000000000000087,1,long,東京 09-15JST,13,2022-09,戦略B 逆張りロング
2022-09-09 04:25:00,2022-09-09 04:30:00,142.6885,142.78475,2576.9745649264028,0.5153949129852805,9,long,東京 09-15JST,13,2022-09,戦略B 逆張りロング
2022-09-09 04:35:00,2022-09-09 04:40:00,142.664,142.7987857142857,3901.9851116630116,0.7803970223326023,7,long,東京 09-15JST,13,2022-09,戦略B 逆張りロング
2022-09-09 04:50:00,2022-09-09 04:55:00,142.72449999999998,142.81260714285713,2772.533153518145,0.5545066307036289,4,long,東京 09-15JST,13,2022-09,戦略B 逆張りロング
2022-09-09 05:15:00,2022-09-09 05:20:00,142.75900000000001,143.0152142857143,9504.504504505203,1.9009009009010407,10,long,東京 09-15JST,14,2022-09,戦略B 逆張りロング
2022-09-09 05:20:00,2022-09-09 05:25:00,142.766,143.03875000000002,12258.42696629414,2.451685393258828,9,long,東京 09-15JST,14,2022-09,戦略B 逆張りロング
2022-09-09 05:30:00,2022-09-09 05:35:00,142.778,142.78221428571428,219.9850857567905,0.0439970171513581,2,long,東京 09-15JST,14,2022-09,戦略B 逆張りロング
2022-09-13 01:00:00,2022-09-13 01:05:00,142.4275,142.6204642857143,9693.21851453107,1.938643702906214,5,long,東京 09-15JST,10,2022-09,戦略B 逆張りロング
2022-09-14 00:05:00,2022-09-14 00:10:00,144.4225,144.5371071428571,4263.885197978241,0.8527770395956482,3,long,東京 09-15JST,9,2022-09,戦略B 逆張りロング
2022-09-14 00:10:00,2022-09-14 00:15:00,144.5195,144.51132142857142,-290.6829144453254,-0.058136582889065085,3,long,東京 09-15JST,9,2022-09,戦略B 逆張りロング
2022-09-14 00:40:00,2022-09-14 00:45:00,144.1975,144.68657142857143,14693.133047210244,2.9386266094420486,11,long,東京 09-15JST,9,2022-09,戦略B 逆張りロング
2022-09-14 04:30:00,2022-09-14 04:35:00,143.997,143.87182142857145,-4999.999999999675,-0.999999999999935,1,long,東京 09-15JST,13,2022-09,戦略B 逆張りロング
2022-09-14 05:50:00,2022-09-14 05:55:00,143.827,143.6877142857143,-4999.999999999635,-0.9999999999999271,1,long,東京 09-15JST,14,2022-09,戦略B 逆張りロング
2022-11-03 00:50:00,2022-11-03 00:55:00,147.5105,147.436,-5000.000000000274,-1.0000000000000548,1,long,東京 09-15JST,9,2022-11,戦略B 逆張りロング
2022-11-03 01:10:00,2022-11-03 01:15:00,147.387,147.28510714285716,-4999.999999999402,-0.9999999999998803,1,long,東京 09-15JST,10,2022-11,戦略B 逆張りロング
2022-11-03 01:15:00,2022-11-03 01:20:00,147.423,147.3164285714286,-4999.999999999524,-0.9999999999999049,1,long,東京 09-15JST,10,2022-11,戦略B 逆張りロング
2022-11-03 01:20:00,2022-11-03 01:25:00,147.18849999999998,147.13325000000003,-2336.1522198708803,-0.46723044397417607,3,long,東京 09-15JST,10,2022-11,戦略B 逆張りロング
2022-11-03 01:30:00,2022-11-03 01:35:00,147.224,147.2820357142857,2276.5480526762,0.45530961053524,6,long,東京 09-15JST,10,2022-11,戦略B 逆張りロング
2022-11-03 01:40:00,2022-11-03 01:45:00,147.1885,147.28067857142858,3577.7654560578762,0.7155530912115753,4,long,東京 09-15JST,10,2022-11,戦略B 逆張りロング
2022-11-03 02:05:00,2022-11-03 02:10:00,147.278,147.17842857142858,-4198.7951807221325,-0.8397590361444265,2,long,東京 09-15JST,11,2022-11,戦略B 逆張りロング
2022-11-03 02:15:00,2022-11-03 02:20:00,147.249,147.28717857142857,1684.5256854713084,0.3369051370942617,8,long,東京 09-15JST,11,2022-11,戦略B 逆張りロング
2022-11-04 01:45:00,2022-11-04 01:50:00,148.014,148.102,5269.461077844278,1.0538922155688557,7,long,東京 09-15JST,10,2022-11,戦略B 逆張りロング
2022-11-04 12:50:00,2022-11-04 12:55:00,147.30200000000002,147.19650000000001,3370.607028754062,0.6741214057508124,3,short,NY   21-03JST,21,2022-11,戦略A 順張りショート
2022-11-04 12:55:00,2022-11-04 13:00:00,147.1955,147.21253571428574,-493.6866073279779,-0.09873732146559558,2,short,NY   21-03JST,21,2022-11,戦略A 順張りショート
2022-11-04 13:00:00,2022-11-04 13:05:00,147.10399999999998,147.10535714285712,-37.41630563181207,-0.007483261126362414,3,short,NY   21-03JST,22,2022-11,戦略A 順張りショート
2022-11-04 13:05:00,2022-11-04 13:10:00,147.1335,147.1110357142857,600.534657247067,0.1201069314494134,2,short,NY   21-03JST,22,2022-11,戦略A 順張りショート
2022-11-04 13:10:00,2022-11-04 13:15:00,147.0665,147.21242857142857,-3733.5526315792063,-0.7467105263158412,3,short,NY   21-03JST,22,2022-11,戦略A 順張りショート
2022-11-04 13:15:00,2022-11-04 13:20:00,147.089,147.27432142857143,-4501.99548846077,-0.9003990976921539,3,short,NY   21-03JST,22,2022-11,戦略A 順張りショート
2022-11-04 13:50:00,2022-11-04 13:55:00,147.23899999999998,146.74692857142858,13304.364619543267,2.6608729239086535,9,short,NY   21-03JST,22,2022-11,戦略A 順張りショート
2022-11-04 13:55:00,2022-11-04 14:00:00,147.15949999999998,147.0029642857143,4687.700534757929,0.9375401069515857,2,short,NY   21-03JST,22,2022-11,戦略A 順張りショート
2022-11-04 14:00:00,2022-11-04 14:05:00,147.02800000000002,146.7257142857143,9232.111692844503,1.8464223385689005,7,short,NY   21-03JST,23,2022-11,戦略A 順張りショート
2022-11-04 14:05:00,2022-11-04 14:10:00,146.923,146.7227142857143,6231.111111110973,1.2462222222221946,6,short,NY   21-03JST,23,2022-11,戦略A 順張りショート
2022-11-04 14:15:00,2022-11-04 14:20:00,146.837,146.7189642857143,3759.954493742233,0.7519908987484466,4,short,NY   21-03JST,23,2022-11,戦略A 順張りショート
2022-11-04 14:20:00,2022-11-04 14:25:00,146.7595,146.7139285714286,1499.7649271266603,0.29995298542533205,3,short,NY   21-03JST,23,2022-11,戦略A 順張りショート
2022-11-04 14:25:00,2022-11-04 14:30:00,146.6815,146.7499642857143,-2329.283110571495,-0.465856622114299,2,short,NY   21-03JST,23,2022-11,戦略A 順張りショート
2022-11-04 14:30:00,2022-11-04 14:35:00,146.60399999999998,146.74892857142856,-5000.00000000021,-1.000000000000042,1,short,NY   21-03JST,23,2022-11,戦略A 順張りショート
2022-11-04 14:40:00,2022-11-04 14:45:00,146.773,146.82814285714286,-1836.3463368224807,-0.3672692673644961,4,short,NY   21-03JST,23,2022-11,戦略A 順張りショート
2022-11-08 00:35:00,2022-11-08 00:40:00,146.344,146.6272857142857,22230.941704032874,4.446188340806574,7,long,東京 09-15JST,9,2022-11,戦略B 逆張りロング
2022-11-09 03:00:00,2022-11-09 03:05:00,145.2425,145.4430357142857,12461.162893918812,2.4922325787837623,7,long,東京 09-15JST,12,2022-11,戦略B 逆張りロング
2022-11-10 14:25:00,2022-11-10 14:30:00,143.26749999999998,142.42914285714284,10024.769388452629,2.0049538776905256,2,short,NY   21-03JST,23,2022-11,戦略A 順張りショート
2022-11-11 03:35:00,2022-11-11 03:40:00,142.06650000000002,141.95925,-4820.224719102178,-0.9640449438204356,2,long,東京 09-15JST,12,2022-11,戦略B 逆張りロング
2022-11-11 03:40:00,2022-11-11 03:45:00,142.018,141.91503571428572,-4999.999999999802,-0.9999999999999604,1,long,東京 09-15JST,12,2022-11,戦略B 逆張りロング
2022-11-11 03:50:00,2022-11-11 03:55:00,141.89,142.04392857142855,7121.612690019659,1.4243225380039317,7,long,東京 09-15JST,12,2022-11,戦略B 逆張りロング
2022-11-11 05:25:00,2022-11-11 05:30:00,141.464,141.56678571428571,4257.39644970414,0.851479289940828,3,long,東京 09-15JST,14,2022-11,戦略B 逆張りロング
2022-11-11 05:30:00,2022-11-11 05:35:00,141.462,141.55578571428572,3560.195227766212,0.7120390455532424,2,long,東京 09-15JST,14,2022-11,戦略B 逆張りロング
2022-11-14 04:30:00,2022-11-14 04:35:00,139.46800000000002,139.3707142857143,-4999.999999999373,-0.9999999999998747,1,long,東京 09-15JST,13,2022-11,戦略B 逆張りロング
2022-11-16 00:35:00,2022-11-16 00:40:00,139.1345,139.3749642857143,8318.507536447521,1.6637015072895043,3,long,東京 09-15JST,9,2022-11,戦略B 逆張りロング
2022-11-16 12:00:00,2022-11-16 12:05:00,139.40800000000002,139.33057142857143,2845.144356955793,0.5690288713911585,7,short,NY   21-03JST,21,2022-11,戦略A 順張りショート
2022-11-17 17:00:00,2022-11-17 17:05:00,140.32150000000001,140.3783214285714,-3369.3350275286502,-0.6738670055057301,2,short,NY   21-03JST,2,2022-11,戦略A 順張りショート
2022-11-17 17:35:00,2022-11-17 17:40:00,140.35649999999998,140.26239285714286,5926.67566351669,1.1853351327033381,3,short,NY   21-03JST,2,2022-11,戦略A 順張りショート
2022-11-17 17:45:00,2022-11-17 17:50:00,140.27300000000002,140.14471428571426,7662.1160409584,1.53242320819168,10,short,NY   21-03JST,2,2022-11,戦略A 順張りショート
2022-11-17 17:50:00,2022-11-17 17:55:00,140.2655,140.14799999999997,6752.873563220161,1.3505747126440322,9,short,NY   21-03JST,2,2022-11,戦略A 順張りショート
2022-11-18 04:00:00,2022-11-18 04:05:00,139.7765,140.12639285714286,14327.288680900647,2.8654577361801294,18,long,東京 09-15JST,13,2022-11,戦略B 逆張りロング
2022-11-18 04:15:00,2022-11-18 04:20:00,139.82999999999998,140.13192857142857,12950.367647059127,2.5900735294118253,15,long,東京 09-15JST,13,2022-11,戦略B 逆張りロング
2022-11-18 04:30:00,2022-11-18 04:35:00,139.87099999999998,140.13992857142858,12384.868421053536,2.4769736842107073,11,long,東京 09-15JST,13,2022-11,戦略B 逆張りロング
2022-11-18 04:40:00,2022-11-18 04:45:00,139.914,140.14242857142858,10767.676767677334,2.153535353535467,9,long,東京 09-15JST,13,2022-11,戦略B 逆張りロング
2022-11-18 04:50:00,2022-11-18 04:55:00,139.88299999999998,140.14764285714287,13119.688385270618,2.6239376770541236,7,long,東京 09-15JST,13,2022-11,戦略B 逆張りロング
2022-11-18 04:55:00,2022-11-18 17:00:00,140.03300000000002,140.1535357142857,6346.370816095091,1.269274163219018,6,long,東京 09-15JST,13,2022-11,戦略B 逆張りロング
2022-11-21 14:20:00,2022-11-21 14:25:00,141.417,141.42614285714288,-424.68480424769473,-0.08493696084953894,2,short,NY   21-03JST,23,2022-11,戦略A 順張りショート
2022-11-21 14:50:00,2022-11-21 14:55:00,141.524,141.52124999999998,117.77301927281097,0.023554603854562196,2,short,NY   21-03JST,23,2022-11,戦略A 順張りショート
2022-11-22 01:10:00,2022-11-22 01:15:00,141.792,141.85417857142858,2994.496044031661,0.5988992088063322,8,long,東京 09-15JST,10,2022-11,戦略B 逆張りロング
2022-11-22 01:55:00,2022-11-22 02:00:00,141.827,141.74496428571427,-5000.000000000371,-1.0000000000000742,1,long,東京 09-15JST,10,2022-11,戦略B 逆張りロング
2022-11-22 02:00:00,2022-11-22 02:05:00,141.8345,141.7575357142857,-5000.0000000006585,-1.0000000000001317,1,long,東京 09-15JST,11,2022-11,戦略B 逆張りロング
2022-11-22 02:05:00,2022-11-22 02:10:00,141.755,141.75975,292.30769230777184,0.05846153846155437,6,long,東京 09-15JST,11,2022-11,戦略B 逆張りロング
2022-11-22 02:50:00,2022-11-22 02:55:00,141.7215,141.74614285714284,1714.7117296218366,0.34294234592436734,9,long,東京 09-15JST,11,2022-11,戦略B 逆張りロング
2022-11-22 02:55:00,2022-11-22 03:00:00,141.69650000000001,141.74360714285712,3166.106577049462,0.6332213154098923,8,long,東京 09-15JST,11,2022-11,戦略B 逆張りロング
2022-11-23 14:50:00,2022-11-23 14:55:00,140.034,140.20507142857142,-4999.999999999882,-0.9999999999999764,1,short,NY   21-03JST,23,2022-11,戦略A 順張りショート
2022-11-23 15:15:00,2022-11-23 15:20:00,140.23399999999998,139.86757142857144,8956.005586591818,1.7912011173183637,8,short,NY   21-03JST,0,2022-11,戦略A 順張りショート
2022-11-23 15:25:00,2022-11-23 15:30:00,140.2215,139.8692142857143,8541.7388292343,1.70834776584686,6,short,NY   21-03JST,0,2022-11,戦略A 順張りショート
2022-11-23 15:30:00,2022-11-23 15:35:00,140.0755,139.87764285714286,4608.985024958562,0.9217970049917124,5,short,NY   21-03JST,0,2022-11,戦略A 順張りショート
2022-11-23 15:35:00,2022-11-23 15:40:00,140.026,139.88228571428573,3276.8729641694176,0.6553745928338836,4,short,NY   21-03JST,0,2022-11,戦略A 順張りショート
2022-11-23 15:40:00,2022-11-23 15:45:00,139.89100000000002,139.8819642857143,206.3284945360044,0.04126569890720088,3,short,NY   21-03JST,0,2022-11,戦略A 順張りショート
2022-11-23 15:45:00,2022-11-23 15:50:00,139.755,139.78828571428573,-735.4797979803609,-0.1470959595960722,12,short,NY   21-03JST,0,2022-11,戦略A 順張りショート
2022-11-23 15:50:00,2022-11-23 15:55:00,139.84699999999998,139.79728571428572,1056.4663023673925,0.2112932604734785,11,short,NY   21-03JST,0,2022-11,戦略A 順張りショート
2022-11-24 00:50:00,2022-11-24 00:55:00,139.2185,139.11560714285713,-5000.000000000691,-1.0000000000001383,1,long,東京 09-15JST,9,2022-11,戦略B 逆張りロング
2022-11-24 00:55:00,2022-11-24 01:00:00,139.2045,139.09217857142858,-4999.999999999458,-0.9999999999998916,1,long,東京 09-15JST,9,2022-11,戦略B 逆張りロング
2022-11-24 01:00:00,2022-11-24 01:05:00,139.0035,138.9243214285714,-3064.6944982038967,-0.6129388996407793,2,long,東京 09-15JST,10,2022-11,戦略B 逆張りロング
2022-11-24 01:05:00,2022-11-24 01:10:00,138.9435,138.88396428571428,-2220.889954702852,-0.44417799094057037,2,long,東京 09-15JST,10,2022-11,戦略B 逆張りロング
2022-11-24 01:15:00,2022-11-24 01:20:00,138.939,138.95999999999998,826.7716535427431,0.16535433070854863,3,long,東京 09-15JST,10,2022-11,戦略B 逆張りロング
2022-11-24 01:20:00,2022-11-24 01:25:00,138.9225,138.95321428571427,1147.8910838215193,0.22957821676430384,2,long,東京 09-15JST,10,2022-11,戦略B 逆張りロング
2022-11-24 01:35:00,2022-11-24 01:40:00,138.9655,138.81442857142855,-5000.00000000047,-1.0000000000000941,2,long,東京 09-15JST,10,2022-11,戦略B 逆張りロング
2022-11-24 01:40:00,2022-11-24 01:45:00,138.925,138.77375,-5000.000000000201,-1.0000000000000402,1,long,東京 09-15JST,10,2022-11,戦略B 逆張りロング
2022-11-24 01:45:00,2022-11-24 01:50:00,138.8725,138.72842857142857,-4615.560640732571,-0.9231121281465142,2,long,東京 09-15JST,10,2022-11,戦略B 逆張りロング
2022-11-24 03:00:00,2022-11-24 03:05:00,138.7175,138.72810714285714,596.6251506627453,0.11932503013254907,9,long,東京 09-15JST,12,2022-11,戦略B 逆張りロング
2022-11-24 03:10:00,2022-11-24 03:15:00,138.69150000000002,138.73803571428573,2946.630483943712,0.5893260967887424,6,long,東京 09-15JST,12,2022-11,戦略B 逆張りロング
2022-11-25 04:10:00,2022-11-25 04:15:00,138.454,138.38632142857142,-5000.00000000045,-1.0000000000000902,1,long,東京 09-15JST,13,2022-11,戦略B 逆張りロング
2022-11-25 04:15:00,2022-11-25 04:20:00,138.438,138.46107142857142,1661.522633744588,0.3323045267489176,4,long,東京 09-15JST,13,2022-11,戦略B 逆張りロング
2022-11-25 04:20:00,2022-11-25 04:25:00,138.3905,138.46089285714282,5056.439199586296,1.0112878399172591,3,long,東京 09-15JST,13,2022-11,戦略B 逆張りロング
2022-11-28 00:35:00,2022-11-28 00:40:00,138.97449999999998,138.8975714285714,-5000.000000000396,-1.000000000000079,1,long,東京 09-15JST,9,2022-11,戦略B 逆張りロング
2022-11-28 00:40:00,2022-11-28 00:45:00,138.945,139.05610714285714,6953.509164060482,1.3907018328120966,3,long,東京 09-15JST,9,2022-11,戦略B 逆張りロング
2022-11-28 00:45:00,2022-11-28 00:50:00,138.92950000000002,139.05285714285714,7418.384879724322,1.4836769759448643,2,long,東京 09-15JST,9,2022-11,戦略B 逆張りロング
2022-11-28 01:00:00,2022-11-28 01:05:00,138.9765,138.8967142857143,-4058.866279068833,-0.8117732558137666,2,long,東京 09-15JST,10,2022-11,戦略B 逆張りロング
2022-11-28 01:15:00,2022-11-28 01:20:00,138.934,138.82882142857144,-4999.99999999942,-0.999999999999884,1,long,東京 09-15JST,10,2022-11,戦略B 逆張りロング
2022-11-28 01:20:00,2022-11-28 01:25:00,138.84550000000002,138.82075000000003,-1137.9310344820217,-0.22758620689640432,2,long,東京 09-15JST,10,2022-11,戦略B 逆張りロング
2022-11-28 01:35:00,2022-11-28 01:40:00,138.7955,138.689,-4493.670886076365,-0.8987341772152729,2,long,東京 09-15JST,10,2022-11,戦略B 逆張りロング
2022-11-28 01:45:00,2022-11-28 01:50:00,138.699,138.6557857142857,-1767.971946230784,-0.35359438924615677,5,long,東京 09-15JST,10,2022-11,戦略B 逆張りロング
2022-11-28 01:50:00,2022-11-28 01:55:00,138.703,138.65846428571427,-1862.8622647152017,-0.37257245294304037,4,long,東京 09-15JST,10,2022-11,戦略B 逆張りロング
2022-11-28 02:05:00,2022-11-28 02:10:00,138.7225,138.61642857142857,-4999.999999999617,-0.9999999999999234,1,long,東京 09-15JST,11,2022-11,戦略B 逆張りロング
2022-11-28 02:10:00,2022-11-28 02:15:00,138.689,138.5865357142857,-5000.000000000099,-1.0000000000000198,1,long,東京 09-15JST,11,2022-11,戦略B 逆張りロング
2022-11-28 02:15:00,2022-11-28 02:20:00,138.588,138.4855,-4999.999999999505,-0.9999999999999011,1,long,東京 09-15JST,11,2022-11,戦略B 逆張りロング
2022-11-28 02:20:00,2022-11-28 02:25:00,138.5315,138.43035714285713,-5000.000000000201,-1.0000000000000402,1,long,東京 09-15JST,11,2022-11,戦略B 逆張りロング
2022-11-28 02:25:00,2022-11-28 02:30:00,138.4155,138.64535714285714,11142.659279777976,2.228531855955595,18,long,東京 09-15JST,11,2022-11,戦略B 逆張りロング
2022-11-28 02:30:00,2022-11-28 02:35:00,138.4425,138.64546428571427,9849.220103985952,1.9698440207971903,17,long,東京 09-15JST,11,2022-11,戦略B 逆張りロング
2022-11-28 05:55:00,2022-11-28 06:00:00,138.36950000000002,138.28764285714286,-5000.000000000619,-1.000000000000124,1,long,東京 09-15JST,14,2022-11,戦略B 逆張りロング
2022-11-29 00:15:00,2022-11-29 00:20:00,138.554,138.80135714285714,17507.583417591766,3.501516683518353,7,long,東京 09-15JST,9,2022-11,戦略B 逆張りロング
2022-11-29 00:20:00,2022-11-29 00:25:00,138.603,138.80010714285714,13708.395429704964,2.741679085940993,6,long,東京 09-15JST,9,2022-11,戦略B 逆張りロング
2022-11-30 01:40:00,2022-11-30 01:45:00,138.48399999999998,138.50675,1146.0957178857143,0.22921914357714285,4,long,東京 09-15JST,10,2022-11,戦略B 逆張りロング
2022-11-30 05:20:00,2022-11-30 05:25:00,138.5145,138.49375000000003,-1378.7375415259085,-0.2757475083051817,4,long,東京 09-15JST,14,2022-11,戦略B 逆張りロング
2022-11-30 05:25:00,2022-11-30 05:30:00,138.4835,138.48978571428574,396.75383228375875,0.07935076645675175,3,long,東京 09-15JST,14,2022-11,戦略B 逆張りロング
2022-11-30 12:05:00,2022-11-30 12:10:00,138.5355,138.62389285714286,-4999.999999999655,-0.999999999999931,1,short,NY   21-03JST,21,2022-11,戦略A 順張りショート
2022-12-01 00:00:00,2022-12-01 00:05:00,137.413,137.3473214285714,-2246.5184461287035,-0.4493036892257407,2,long,東京 09-15JST,9,2022-12,戦略B 逆張りロング
2022-12-01 00:10:00,2022-12-01 00:15:00,137.37900000000002,137.32089285714284,-2016.109045850189,-0.4032218091700378,2,long,東京 09-15JST,9,2022-12,戦略B 逆張りロング
2022-12-01 00:15:00,2022-12-01 00:20:00,137.4105,137.26350000000002,-4999.9999999997235,-0.9999999999999447,1,long,東京 09-15JST,9,2022-12,戦略B 逆張りロング
2022-12-01 00:25:00,2022-12-01 00:30:00,137.292,137.13714285714286,-5000.0,-1.0,3,long,東京 09-15JST,9,2022-12,戦略B 逆張りロング
2022-12-01 00:30:00,2022-12-01 00:35:00,137.2345,137.0835,-4589.66565349582,-0.917933130699164,3,long,東京 09-15JST,9,2022-12,戦略B 逆張りロング
2022-12-01 00:35:00,2022-12-01 00:40:00,137.172,137.0802857142857,-2734.241908006936,-0.5468483816013872,2,long,東京 09-15JST,9,2022-12,戦略B 逆張りロング
2022-12-01 00:45:00,2022-12-01 00:50:00,137.228,137.06132142857143,-5000.000000000182,-1.0000000000000364,1,long,東京 09-15JST,9,2022-12,戦略B 逆張りロング
2022-12-01 00:50:00,2022-12-01 00:55:00,137.02749999999997,136.87217857142855,-5000.0,-1.0,1,long,東京 09-15JST,9,2022-12,戦略B 逆張りロング
2022-12-02 16:45:00,2022-12-02 16:50:00,134.947,134.56142857142854,16629.6980899592,3.3259396179918403,11,short,NY   21-03JST,1,2022-12,戦略A 順張りショート
2022-12-05 01:35:00,2022-12-05 01:40:00,134.162,134.21178571428572,2423.5048678722237,0.48470097357444475,4,long,東京 09-15JST,10,2022-12,戦略B 逆張りロング
2022-12-05 01:40:00,2022-12-05 01:45:00,134.17000000000002,134.21592857142858,2329.7101449270317,0.4659420289854063,3,long,東京 09-15JST,10,2022-12,戦略B 逆張りロング
2022-12-05 02:30:00,2022-12-05 02:35:00,134.305,134.37260714285713,3719.056974458699,0.7438113948917399,6,long,東京 09-15JST,11,2022-12,戦略B 逆張りロング
2022-12-05 02:35:00,2022-12-05 02:40:00,134.36700000000002,134.37489285714287,445.38492543281245,0.08907698508656249,5,long,東京 09-15JST,11,2022-12,戦略B 逆張りロング
2022-12-05 02:45:00,2022-12-05 02:50:00,134.3885,134.38285714285715,-349.86713906037147,-0.06997342781207429,3,long,東京 09-15JST,11,2022-12,戦略B 逆張りロング
2022-12-05 12:55:00,2022-12-05 13:00:00,135.053,135.14407142857144,-5000.000000000224,-1.0000000000000449,1,short,NY   21-03JST,21,2022-12,戦略A 順張りショート
2022-12-06 01:15:00,2022-12-06 01:20:00,136.418,136.30942857142858,-4999.99999999972,-0.9999999999999439,1,long,東京 09-15JST,10,2022-12,戦略B 逆張りロング
2022-12-09 14:05:00,2022-12-09 14:10:00,136.1035,136.35232142857143,-5000.000000000081,-1.0000000000000162,8,short,NY   21-03JST,23,2022-12,戦略A 順張りショート
2022-12-09 17:05:00,2022-12-09 17:10:00,136.3845,136.47253571428573,-5000.000000000232,-1.0000000000000464,1,short,NY   21-03JST,2,2022-12,戦略A 順張りショート
2022-12-09 17:10:00,2022-12-09 17:15:00,136.38,136.46789285714286,-5000.0000000001155,-1.000000000000023,1,short,NY   21-03JST,2,2022-12,戦略A 順張りショート
2022-12-13 14:25:00,2022-12-13 14:30:00,134.8425,135.2344642857143,-4768.836360476339,-0.9537672720952678,10,short,NY   21-03JST,23,2022-12,戦略A 順張りショート
2022-12-16 01:00:00,2022-12-16 01:05:00,137.4765,137.44739285714286,-1588.6939571143719,-0.31773879142287437,2,long,東京 09-15JST,10,2022-12,戦略B 逆張りロング
2022-12-16 01:15:00,2022-12-16 01:20:00,137.43200000000002,137.36957142857142,-3139.3678160933373,-0.6278735632186675,2,long,東京 09-15JST,10,2022-12,戦略B 逆張りロング
2022-12-16 01:20:00,2022-12-16 01:25:00,137.4545,137.35567857142857,-5000.0,-1.0,2,long,東京 09-15JST,10,2022-12,戦略B 逆張りロング
2022-12-16 01:25:00,2022-12-16 01:30:00,137.399,137.32864285714288,-3576.6158315167995,-0.7153231663033599,5,long,東京 09-15JST,10,2022-12,戦略B 逆張りロング
2022-12-16 01:30:00,2022-12-16 01:35:00,137.4025,137.32989285714288,-3738.506803971196,-0.7477013607942392,4,long,東京 09-15JST,10,2022-12,戦略B 逆張りロング
2022-12-16 01:35:00,2022-12-16 01:40:00,137.414,137.32817857142857,-4750.8896797150055,-0.9501779359430012,3,long,東京 09-15JST,10,2022-12,戦略B 逆張りロング
2022-12-16 01:45:00,2022-12-16 01:50:00,137.35899999999998,137.3175,-2371.4285714276702,-0.47428571428553407,2,long,東京 09-15JST,10,2022-12,戦略B 逆張りロング
2022-12-16 01:50:00,2022-12-16 01:55:00,137.37349999999998,137.30367857142858,-4115.789473682621,-0.8231578947365242,2,long,東京 09-15JST,10,2022-12,戦略B 逆張りロング
2022-12-16 01:55:00,2022-12-16 06:00:00,137.3515,137.26292857142855,-5000.000000000688,-1.0000000000001374,1,long,東京 09-15JST,10,2022-12,戦略B 逆張りロング
2022-12-16 14:55:00,2022-12-16 15:00:00,136.765,136.92514285714284,-5000.00000000038,-1.000000000000076,1,short,NY   21-03JST,23,2022-12,戦略A 順張りショート
2022-12-16 15:40:00,2022-12-16 15:45:00,136.6025,136.57660714285714,743.5897435895424,0.14871794871790847,15,short,NY   21-03JST,0,2022-12,戦略A 順張りショート
2022-12-16 15:55:00,2022-12-16 16:00:00,136.6285,136.5339642857143,3595.4903558814813,0.7190980711762962,11,short,NY   21-03JST,0,2022-12,戦略A 順張りショート
2022-12-19 01:05:00,2022-12-19 01:10:00,135.984,135.9437857142857,-1403.9900249386017,-0.28079800498772034,2,long,東京 09-15JST,10,2022-12,戦略B 逆張りロング
2022-12-19 01:10:00,2022-12-19 01:15:00,135.9925,135.93596428571425,-2062.809486579591,-0.4125618973159182,2,long,東京 09-15JST,10,2022-12,戦略B 逆張りロング
2022-12-19 01:20:00,2022-12-19 01:25:00,135.93900000000002,135.8665357142857,-2745.6021650891453,-0.5491204330178291,7,long,東京 09-15JST,10,2022-12,戦略B 逆張りロング
2022-12-19 01:25:00,2022-12-19 01:30:00,135.97050000000002,135.86571428571426,-3945.669714901953,-0.7891339429803905,6,long,東京 09-15JST,10,2022-12,戦略B 逆張りロング
2022-12-19 01:30:00,2022-12-19 01:35:00,135.92149999999998,135.86496428571428,-2116.876170098474,-0.42337523401969485,5,long,東京 09-15JST,10,2022-12,戦略B 逆張りロング
2022-12-19 01:40:00,2022-12-19 01:45:00,135.9495,135.84085714285715,-4289.340101522735,-0.8578680203045469,3,long,東京 09-15JST,10,2022-12,戦略B 逆張りロング
2022-12-19 01:50:00,2022-12-19 01:55:00,135.928,135.80771428571427,-5000.000000000591,-1.0000000000001181,1,long,東京 09-15JST,10,2022-12,戦略B 逆張りロング
2022-12-19 01:55:00,2022-12-19 02:00:00,135.8745,136.08375,9279.379157428037,1.8558758314856074,2,long,東京 09-15JST,10,2022-12,戦略B 逆張りロング
2022-12-19 02:00:00,2022-12-19 02:05:00,135.813,136.18442857142855,17759.56284152984,3.5519125683059682,2,long,東京 09-15JST,11,2022-12,戦略B 逆張りロング
2022-12-20 03:45:00,2022-12-20 03:50:00,133.2165,132.93553571428572,-2146.521145975385,-0.429304229195077,25,long,東京 09-15JST,12,2022-12,戦略B 逆張りロング
2022-12-20 04:00:00,2022-12-20 04:05:00,133.345,132.87550000000002,-3285.5143456961905,-0.6571028691392381,23,long,東京 09-15JST,13,2022-12,戦略B 逆張りロング
2022-12-20 04:15:00,2022-12-20 04:20:00,133.11849999999998,133.08992857142857,-285.6734752176484,-0.05713469504352968,19,long,東京 09-15JST,13,2022-12,戦略B 逆張りロング
2022-12-20 04:35:00,2022-12-20 04:40:00,133.23149999999998,133.1505,-1231.0030395135022,-0.24620060790270046,6,long,東京 09-15JST,13,2022-12,戦略B 逆張りロング
2022-12-20 04:40:00,2022-12-20 04:45:00,133.29149999999998,133.16753571428572,-1986.8345735543387,-0.3973669147108677,5,long,東京 09-15JST,13,2022-12,戦略B 逆張りロング
2022-12-20 04:45:00,2022-12-20 04:50:00,133.308,133.18082142857142,-2129.020686356592,-0.4258041372713184,4,long,東京 09-15JST,13,2022-12,戦略B 逆張りロング
2022-12-20 04:55:00,2022-12-20 05:00:00,133.3345,133.16321428571428,-3277.7474029524274,-0.6555494805904855,7,long,東京 09-15JST,13,2022-12,戦略B 逆張りロング
2022-12-20 05:00:00,2022-12-20 05:05:00,133.2475,133.1800714285714,-1379.3103448280158,-0.27586206896560317,6,long,東京 09-15JST,14,2022-12,戦略B 逆張りロング
2022-12-20 05:30:00,2022-12-20 05:35:00,133.217,133.06846428571427,-4125.173576672032,-0.8250347153344064,4,long,東京 09-15JST,14,2022-12,戦略B 逆張りロング
2022-12-20 14:05:00,2022-12-20 14:10:00,132.298,132.4442857142857,-4999.999999999793,-0.9999999999999585,1,short,NY   21-03JST,23,2022-12,戦略A 順張りショート
2022-12-20 14:20:00,2022-12-20 14:25:00,132.354,132.36046428571427,-230.10424612159565,-0.04602084922431913,2,short,NY   21-03JST,23,2022-12,戦略A 順張りショート
2022-12-20 14:30:00,2022-12-20 14:35:00,132.28300000000002,132.4254285714286,-5000.000000000428,-1.0000000000000857,1,short,NY   21-03JST,23,2022-12,戦略A 順張りショート
2022-12-20 14:50:00,2022-12-20 14:55:00,132.309,131.97542857142855,11834.769386721096,2.366953877344219,4,short,NY   21-03JST,23,2022-12,戦略A 順張りショート
2022-12-20 14:55:00,2022-12-20 15:00:00,132.29700000000003,131.97117857142857,11919.257904364486,2.3838515808728973,3,short,NY   21-03JST,23,2022-12,戦略A 順張りショート
2022-12-20 15:00:00,2022-12-20 15:05:00,132.187,131.97307142857142,7719.072164949126,1.5438144329898251,2,short,NY   21-03JST,0,2022-12,戦略A 順張りショート
2022-12-20 15:05:00,2022-12-20 15:10:00,132.0325,131.99664285714283,1279.3068297663904,0.2558613659532781,2,short,NY   21-03JST,0,2022-12,戦略A 順張りショート
2022-12-20 15:10:00,2022-12-20 15:15:00,131.905,131.5082857142857,13467.507274490503,2.6935014548981004,9,short,NY   21-03JST,0,2022-12,戦略A 順張りショート
2022-12-21 01:15:00,2022-12-21 01:20:00,131.7365,132.06046428571426,11016.516881222615,2.203303376244523,3,long,東京 09-15JST,10,2022-12,戦略B 逆張りロング
2022-12-22 00:55:00,2022-12-22 01:00:00,132.06150000000002,131.96275000000003,-4999.999999999281,-0.9999999999998561,1,long,東京 09-15JST,9,2022-12,戦略B 逆張りロング
2022-12-22 01:05:00,2022-12-22 01:10:00,131.904,131.86739285714285,-1511.3535830140775,-0.3022707166028155,2,long,東京 09-15JST,10,2022-12,戦略B 逆張りロング
2022-12-22 01:10:00,2022-12-22 01:15:00,131.902,131.84192857142855,-2533.1325301205097,-0.506626506024102,2,long,東京 09-15JST,10,2022-12,戦略B 逆張りロング
2022-12-22 01:20:00,2022-12-22 01:25:00,131.8135,131.8603214285714,1923.9800410908347,0.38479600821816695,8,long,東京 09-15JST,10,2022-12,戦略B 逆張りロング
2022-12-22 01:35:00,2022-12-22 01:40:00,131.89,131.856,-1349.2063492059733,-0.26984126984119466,5,long,東京 09-15JST,10,2022-12,戦略B 逆張りロング
2022-12-22 01:45:00,2022-12-22 01:50:00,131.89,131.86585714285712,-1039.360393604122,-0.2078720787208244,3,long,東京 09-15JST,10,2022-12,戦略B 逆張りロング
2022-12-22 02:00:00,2022-12-22 02:05:00,131.9495,131.84260714285713,-5000.000000000285,-1.0000000000000568,1,long,東京 09-15JST,11,2022-12,戦略B 逆張りロング
2022-12-22 02:05:00,2022-12-22 02:10:00,131.881,131.77682142857142,-5000.000000000097,-1.0000000000000195,1,long,東京 09-15JST,11,2022-12,戦略B 逆張りロング
2022-12-22 02:10:00,2022-12-22 02:15:00,131.80599999999998,131.77260714285714,-1663.109213802159,-0.33262184276043183,2,long,東京 09-15JST,11,2022-12,戦略B 逆張りロング
2022-12-22 02:15:00,2022-12-22 02:20:00,131.852,131.76332142857143,-5000.0,-1.0,1,long,東京 09-15JST,11,2022-12,戦略B 逆張りロング
2022-12-22 02:30:00,2022-12-22 02:35:00,131.703,131.75364285714284,3001.693480100149,0.6003386960200298,4,long,東京 09-15JST,11,2022-12,戦略B 逆張りロング
2022-12-22 02:55:00,2022-12-22 03:00:00,131.778,131.69782142857144,-4848.8120950309385,-0.9697624190061876,3,long,東京 09-15JST,11,2022-12,戦略B 逆張りロング
2022-12-22 03:15:00,2022-12-22 03:20:00,131.70049999999998,131.7316785714286,1953.0201342314886,0.3906040268462977,2,long,東京 09-15JST,12,2022-12,戦略B 逆張りロング
2022-12-26 01:00:00,2022-12-26 01:15:00,132.518,132.5459285714286,1788.655077768666,0.3577310155537332,3,long,東京 09-15JST,10,2022-12,戦略B 逆張りロング
2022-12-26 01:15:00,2022-12-26 01:20:00,132.478,132.54275,3984.615384615449,0.7969230769230897,2,long,東京 09-15JST,10,2022-12,戦略B 逆張りロング
2022-12-26 01:30:00,2022-12-26 01:35:00,132.48399999999998,132.43132142857144,-2710.4005880175728,-0.5420801176035146,6,long,東京 09-15JST,10,2022-12,戦略B 逆張りロング
2022-12-26 01:35:00,2022-12-26 01:40:00,132.506,132.4325357142857,-3827.688872348619,-0.7655377744697238,5,long,東京 09-15JST,10,2022-12,戦略B 逆張りロング
2022-12-26 01:40:00,2022-12-26 01:45:00,132.505,132.43,-3807.1065989840636,-0.7614213197968127,4,long,東京 09-15JST,10,2022-12,戦略B 逆張りロング
2022-12-26 01:55:00,2022-12-26 02:00:00,132.4745,132.43235714285714,-2404.2379788103485,-0.4808475957620697,2,long,東京 09-15JST,10,2022-12,戦略B 逆張りロング
2022-12-26 02:05:00,2022-12-26 02:10:00,132.471,132.43339285714288,-2146.351406440083,-0.4292702812880166,4,long,東京 09-15JST,11,2022-12,戦略B 逆張りロング
2022-12-26 02:15:00,2022-12-26 02:20:00,132.4785,132.4305,-2651.933701657389,-0.5303867403314778,2,long,東京 09-15JST,11,2022-12,戦略B 逆張りロング
2022-12-26 02:45:00,2022-12-26 02:50:00,132.44299999999998,132.5272857142857,6178.010471204669,1.2356020942409338,20,long,東京 09-15JST,11,2022-12,戦略B 逆張りロング
2022-12-26 02:55:00,2022-12-26 03:00:00,132.4475,132.53753571428572,7766.481823784243,1.5532963647568485,18,long,東京 09-15JST,11,2022-12,戦略B 逆張りロング
2022-12-26 03:00:00,2022-12-26 03:05:00,132.4545,132.53825,7314.410480349582,1.4628820960699165,17,long,東京 09-15JST,12,2022-12,戦略B 逆張りロング
2022-12-26 03:15:00,2022-12-26 03:20:00,132.427,132.54182142857144,10695.276114437891,2.139055222887578,15,long,東京 09-15JST,12,2022-12,戦略B 逆張りロング
2022-12-26 03:20:00,2022-12-26 03:25:00,132.429,132.54264285714288,10750.000000001019,2.1500000000002037,14,long,東京 09-15JST,12,2022-12,戦略B 逆張りロング
2022-12-26 03:25:00,2022-12-26 03:30:00,132.421,132.54314285714287,11664.392905867133,2.3328785811734267,13,long,東京 09-15JST,12,2022-12,戦略B 逆張りロング
2022-12-27 00:10:00,2022-12-27 00:15:00,132.666,133.12425,40021.834061131674,8.004366812226335,8,long,東京 09-15JST,9,2022-12,戦略B 逆張りロング
2022-12-27 00:15:00,2022-12-27 00:20:00,132.6755,133.1237857142857,38836.63366336296,7.7673267326725925,7,long,東京 09-15JST,9,2022-12,戦略B 逆張りロング
2022-12-28 12:05:00,2022-12-28 12:10:00,133.7005,133.57239285714286,8440.000000000015,1.6880000000000028,6,short,NY   21-03JST,21,2022-12,戦略A 順張りショート
2022-12-28 12:25:00,2022-12-28 12:30:00,133.6465,133.5689285714286,5355.029585797686,1.0710059171595372,2,short,NY   21-03JST,21,2022-12,戦略A 順張りショート
2022-12-28 12:30:00,2022-12-28 12:35:00,133.541,133.53485714285716,402.245088866527,0.0804490177733054,3,short,NY   21-03JST,21,2022-12,戦略A 順張りショート
2022-12-29 00:00:00,2022-12-29 00:05:00,133.95749999999998,134.043,5896.551724139704,1.1793103448279407,2,long,東京 09-15JST,9,2022-12,戦略B 逆張りロング
2022-12-29 00:15:00,2022-12-29 00:20:00,134.0515,134.1285,5500.000000000086,1.1000000000000172,5,long,東京 09-15JST,9,2022-12,戦略B 逆張りロング
2022-12-29 00:50:00,2022-12-29 00:55:00,134.0105,133.92242857142858,-4999.999999999769,-0.9999999999999538,1,long,東京 09-15JST,9,2022-12,戦略B 逆張りロング
2022-12-29 00:55:00,2022-12-29 01:00:00,133.988,133.89603571428572,-4999.999999999779,-0.9999999999999558,1,long,東京 09-15JST,9,2022-12,戦略B 逆張りロング
2022-12-29 01:00:00,2022-12-29 01:05:00,133.91750000000002,133.8209642857143,-5000.000000000316,-1.000000000000063,1,long,東京 09-15JST,10,2022-12,戦略B 逆張りロング
2022-12-29 01:05:00,2022-12-29 01:10:00,133.78949999999998,133.80957142857145,947.4039109931315,0.1894807821986263,4,long,東京 09-15JST,10,2022-12,戦略B 逆張りロング
2022-12-29 01:25:00,2022-12-29 01:30:00,133.8635,133.75725,-4999.9999999993315,-0.9999999999998663,2,long,東京 09-15JST,10,2022-12,戦略B 逆張りロング
2022-12-29 01:30:00,2022-12-29 01:35:00,133.80349999999999,133.69375,-4999.999999999445,-0.9999999999998891,1,long,東京 09-15JST,10,2022-12,戦略B 逆張りロング
2022-12-29 01:35:00,2022-12-29 01:40:00,133.80599999999998,133.69532142857142,-4999.9999999995425,-0.9999999999999085,1,long,東京 09-15JST,10,2022-12,戦略B 逆張りロング
2022-12-29 01:40:00,2022-12-29 01:45:00,133.6945,133.6479642857143,-1962.9406447723027,-0.39258812895446055,4,long,東京 09-15JST,10,2022-12,戦略B 逆張りロング
2022-12-29 01:45:00,2022-12-29 01:50:00,133.7345,133.63600000000002,-4173.728813558066,-0.8347457627116132,3,long,東京 09-15JST,10,2022-12,戦略B 逆張りロング
2022-12-29 01:55:00,2022-12-29 02:00:00,133.735,133.6229285714286,-4999.999999999818,-0.9999999999999636,1,long,東京 09-15JST,10,2022-12,戦略B 逆張りロング
2022-12-29 02:00:00,2022-12-29 02:05:00,133.66,133.56692857142855,-4366.621983915098,-0.8733243967830197,4,long,東京 09-15JST,11,2022-12,戦略B 逆張りロング
2022-12-29 02:05:00,2022-12-29 02:10:00,133.64049999999997,133.56989285714286,-3407.445708374996,-0.6814891416749992,3,long,東京 09-15JST,11,2022-12,戦略B 逆張りロング
2022-12-29 02:20:00,2022-12-29 02:25:00,133.6175,133.53789285714285,-5000.000000000765,-1.000000000000153,1,long,東京 09-15JST,11,2022-12,戦略B 逆張りロング
2022-12-29 02:25:00,2022-12-29 02:30:00,133.5655,133.77621428571427,13632.162661737098,2.72643253234742,14,long,東京 09-15JST,11,2022-12,戦略B 逆張りロング
2022-12-29 02:30:00,2022-12-29 02:35:00,133.53050000000002,133.7732142857143,15115.658362987724,3.023131672597545,13,long,東京 09-15JST,11,2022-12,戦略B 逆張りロング
2022-12-30 03:10:00,2022-12-30 03:15:00,132.57,132.6522857142857,3352.735739231702,0.6705471478463404,22,long,東京 09-15JST,12,2022-12,戦略B 逆張りロング
2022-12-30 03:20:00,2022-12-30 03:25:00,132.5465,132.65614285714287,4612.3798076923385,0.9224759615384677,15,long,東京 09-15JST,12,2022-12,戦略B 逆張りロング
2022-12-30 03:40:00,2022-12-30 03:45:00,132.606,132.65800000000002,2222.2222222231476,0.4444444444446295,11,long,東京 09-15JST,12,2022-12,戦略B 逆張りロング
2022-12-30 04:55:00,2022-12-30 05:00:00,132.6655,132.62164285714286,-5000.000000001157,-1.0000000000002314,1,long,東京 09-15JST,13,2022-12,戦略B 逆張りロング
2023-01-03 01:20:00,2023-01-03 01:25:00,130.12650000000002,129.8449642857143,-5000.000000000036,-1.0000000000000073,1,long,東京 09-15JST,10,2023-01,戦略B 逆張りロング
2023-01-03 01:25:00,2023-01-03 01:30:00,129.919,130.03989285714283,2017.5229467152787,0.4035045893430558,5,long,東京 09-15JST,10,2023-01,戦略B 逆張りロング
2023-01-03 01:30:00,2023-01-03 01:35:00,130.06349999999998,130.02964285714285,-546.3347164589757,-0.10926694329179513,5,long,東京 09-15JST,10,2023-01,戦略B 逆張りロング
2023-01-03 01:55:00,2023-01-03 04:00:00,129.7845,129.65782142857142,-2120.6504842761533,-0.4241300968552307,26,long,東京 09-15JST,10,2023-01,戦略B 逆張りロング
2023-01-03 04:00:00,2023-01-03 04:05:00,129.79250000000002,129.64810714285716,-2341.0538506080165,-0.46821077012160334,25,long,東京 09-15JST,13,2023-01,戦略B 逆張りロング
2023-01-03 04:05:00,2023-01-03 04:10:00,129.72250000000003,129.66089285714287,-1042.0442189200985,-0.2084088437840197,24,long,東京 09-15JST,13,2023-01,戦略B 逆張りロング
2023-01-03 04:10:00,2023-01-03 04:15:00,129.551,129.73896428571427,4320.308652109571,0.8640617304219143,21,long,東京 09-15JST,13,2023-01,戦略B 逆張りロング
2023-01-03 04:25:00,2023-01-03 04:30:00,129.63299999999998,129.77475,3899.5873452551723,0.7799174690510344,18,long,東京 09-15JST,13,2023-01,戦略B 逆張りロング
2023-01-03 04:35:00,2023-01-03 04:40:00,129.55900000000003,129.80057142857143,7746.220797067208,1.5492441594134416,16,long,東京 09-15JST,13,2023-01,戦略B 逆張りロング
2023-01-03 04:45:00,2023-01-03 04:50:00,129.577,129.82339285714286,9255.433324389674,1.851086664877935,13,long,東京 09-15JST,13,2023-01,戦略B 逆張りロング
2023-01-03 04:50:00,2023-01-03 04:55:00,129.5695,129.83021428571428,10322.398190044369,2.0644796380088737,12,long,東京 09-15JST,13,2023-01,戦略B 逆張りロング
2023-01-03 05:05:00,2023-01-03 05:10:00,129.6375,129.72025000000002,3653.4216335555384,0.7306843267111077,3,long,東京 09-15JST,14,2023-01,戦略B 逆張りロング
2023-01-03 05:10:00,2023-01-03 05:15:00,129.6245,129.7429642857143,6542.406311637099,1.3084812623274198,2,long,東京 09-15JST,14,2023-01,戦略B 逆張りロング
2023-01-03 05:40:00,2023-01-03 05:45:00,129.8015,129.84553571428575,2433.872878012044,0.48677457560240883,2,long,東京 09-15JST,14,2023-01,戦略B 逆張りロング
2023-01-03 05:55:00,2023-01-03 06:00:00,129.81650000000002,129.71953571428574,-5000.000000000315,-1.0000000000000628,2,long,東京 09-15JST,14,2023-01,戦略B 逆張りロング
2023-01-03 14:10:00,2023-01-03 14:15:00,130.57299999999998,130.30439285714283,14536.142249710829,2.9072284499421657,6,short,NY   21-03JST,23,2023-01,戦略A 順張りショート
2023-01-03 14:15:00,2023-01-03 14:20:00,130.531,130.30167857142857,12785.742731979719,2.557148546395944,5,short,NY   21-03JST,23,2023-01,戦略A 順張りショート
2023-01-03 14:20:00,2023-01-03 14:25:00,130.54700000000003,130.30264285714284,13479.117415290384,2.695823483058077,4,short,NY   21-03JST,23,2023-01,戦略A 順張りショート
2023-01-03 14:30:00,2023-01-03 14:35:00,130.4195,130.30535714285713,6113.236419281604,1.2226472838563207,2,short,NY   21-03JST,23,2023-01,戦略A 順張りショート
2023-01-03 14:35:00,2023-01-03 14:40:00,130.363,130.15485714285714,10689.655172414181,2.137931034482836,4,short,NY   21-03JST,23,2023-01,戦略A 順張りショート
2023-01-03 14:40:00,2023-01-03 14:45:00,130.285,130.15882142857143,6226.647867465483,1.2453295734930965,3,short,NY   21-03JST,23,2023-01,戦略A 順張りショート
2023-01-03 14:45:00,2023-01-03 14:50:00,130.255,130.1622142857143,4430.422919508078,0.8860845839016156,2,short,NY   21-03JST,23,2023-01,戦略A 順張りショート
2023-01-03 14:50:00,2023-01-03 14:55:00,130.149,130.25714285714287,-5000.000000000468,-1.0000000000000937,1,short,NY   21-03JST,23,2023-01,戦略A 順張りショート
2023-01-04 01:30:00,2023-01-04 01:35:00,130.958,130.83953571428572,-4999.9999999999145,-0.9999999999999829,2,long,東京 09-15JST,10,2023-01,戦略B 逆張りロング
2023-01-04 01:35:00,2023-01-04 01:40:00,130.885,130.7645,-4999.999999999746,-0.9999999999999493,1,long,東京 09-15JST,10,2023-01,戦略B 逆張りロング
2023-01-04 01:45:00,2023-01-04 01:50:00,130.7355,130.60960714285713,-5000.000000000484,-1.0000000000000968,1,long,東京 09-15JST,10,2023-01,戦略B 逆張りロング
2023-01-04 01:50:00,2023-01-04 01:55:00,130.696,130.69053571428572,-211.85267238978057,-0.042370534477956114,7,long,東京 09-15JST,10,2023-01,戦略B 逆張りロング
2023-01-04 01:55:00,2023-01-04 02:00:00,130.6495,130.6907857142857,1603.7735849058358,0.32075471698116714,6,long,東京 09-15JST,10,2023-01,戦略B 逆張りロング
2023-01-04 02:15:00,2023-01-04 02:20:00,130.756,130.7007857142857,-2325.511432010046,-0.46510228640200924,2,long,東京 09-15JST,11,2023-01,戦略B 逆張りロング
2023-01-04 02:25:00,2023-01-04 02:30:00,130.7465,130.83175,3955.916473317667,0.7911832946635334,5,long,東京 09-15JST,11,2023-01,戦略B 逆張りロング
2023-01-04 02:30:00,2023-01-04 02:35:00,130.6875,130.83032142857144,6540.72620215899,1.3081452404317981,4,long,東京 09-15JST,11,2023-01,戦略B 逆張りロング
2023-01-04 03:10:00,2023-01-04 03:15:00,130.78199999999998,130.69924999999998,-5000.000000000246,-1.000000000000049,4,long,東京 09-15JST,12,2023-01,戦略B 逆張りロング
2023-01-04 03:15:00,2023-01-04 03:20:00,130.7515,130.67325,-4756.838905774902,-0.9513677811549803,3,long,東京 09-15JST,12,2023-01,戦略B 逆張りロング
2023-01-04 03:25:00,2023-01-04 03:30:00,130.732,130.6555,-5000.000000000663,-1.0000000000001326,1,long,東京 09-15JST,12,2023-01,戦略B 逆張りロング
2023-01-05 00:50:00,2023-01-05 00:55:00,132.0495,132.37685714285715,12873.595505617335,2.574719101123467,2,long,東京 09-15JST,9,2023-01,戦略B 逆張りロング
2023-01-05 00:55:00,2023-01-05 11:00:00,132.48200000000003,132.34607142857146,-4999.999999999477,-0.9999999999998954,1,long,東京 09-15JST,9,2023-01,戦略B 逆張りロング
2023-01-05 17:05:00,2023-01-05 17:10:00,133.4155,133.18585714285715,10695.276114438795,2.139055222887759,3,short,NY   21-03JST,2,2023-01,戦略A 順張りショート
2023-01-05 17:20:00,2023-01-05 17:25:00,133.11700000000002,133.23132142857145,-5000.000000000355,-1.0000000000000708,1,short,NY   21-03JST,2,2023-01,戦略A 順張りショート
2023-01-06 13:30:00,2023-01-06 13:35:00,134.0235,133.47407142857142,15918.87417218643,3.183774834437286,3,short,NY   21-03JST,22,2023-01,戦略A 順張りショート
2023-01-06 17:30:00,2023-01-06 17:35:00,132.1765,132.19774999999998,-986.0788863100465,-0.1972157772620093,5,short,NY   21-03JST,2,2023-01,戦略A 順張りショート
2023-01-06 17:35:00,2023-01-06 17:40:00,132.239,132.1923571428571,2278.436845780198,0.4556873691560396,4,short,NY   21-03JST,2,2023-01,戦略A 順張りショート
2023-01-09 00:00:00,2023-01-09 00:05:00,131.725,131.83496428571428,4505.414105940848,0.9010828211881695,3,long,東京 09-15JST,9,2023-01,戦略B 逆張りロング
2023-01-09 02:15:00,2023-01-09 02:20:00,131.576,131.55507142857144,-992.5474254735067,-0.19850948509470134,3,long,東京 09-15JST,11,2023-01,戦略B 逆張りロング
2023-01-09 02:35:00,2023-01-09 02:40:00,131.51850000000002,131.41539285714288,-4999.999999999607,-0.9999999999999214,1,long,東京 09-15JST,11,2023-01,戦略B 逆張りロング
2023-01-09 02:50:00,2023-01-09 02:55:00,131.42649999999998,131.3263214285714,-5000.000000000203,-1.0000000000000406,1,long,東京 09-15JST,11,2023-01,戦略B 逆張りロング
2023-01-09 03:00:00,2023-01-09 03:05:00,131.3655,131.45075,4088.7290167861356,0.8177458033572271,5,long,東京 09-15JST,12,2023-01,戦略B 逆張りロング
2023-01-09 03:25:00,2023-01-09 03:30:00,131.4725,131.54871428571425,3857.556037597586,0.7715112075195172,7,long,東京 09-15JST,12,2023-01,戦略B 逆張りロング
2023-01-09 03:30:00,2023-01-09 03:35:00,131.5165,131.55074999999997,1770.0258397908965,0.3540051679581793,6,long,東京 09-15JST,12,2023-01,戦略B 逆張りロング
2023-01-09 17:45:00,2023-01-09 17:50:00,131.791,131.8113928571429,-1115.670183667509,-0.2231340367335018,3,short,NY   21-03JST,2,2023-01,戦略A 順張りショート
2023-01-09 17:50:00,2023-01-09 17:55:00,131.76999999999998,131.8089285714286,-2188.75502008261,-0.437751004016522,2,short,NY   21-03JST,2,2023-01,戦略A 順張りショート
2023-01-09 17:55:00,2023-01-09 18:00:00,131.764,131.77017857142857,-362.68343815466477,-0.07253668763093295,7,short,NY   21-03JST,2,2023-01,戦略A 順張りショート
2023-01-10 14:05:00,2023-01-10 14:10:00,131.8585,131.96775,-5000.0,-1.0,1,short,NY   21-03JST,23,2023-01,戦略A 順張りショート
2023-01-10 14:30:00,2023-01-10 14:35:00,131.8185,131.95275,-5000.000000000151,-1.0000000000000302,1,short,NY   21-03JST,23,2023-01,戦略A 順張りショート
2023-01-10 14:55:00,2023-01-10 15:00:00,132.0145,132.08049999999997,-2115.384615383952,-0.42307692307679046,6,short,NY   21-03JST,23,2023-01,戦略A 順張りショート
2023-01-11 04:55:00,2023-01-11 05:00:00,132.275,132.28810714285714,1443.7450826113081,0.28874901652226165,5,long,東京 09-15JST,13,2023-01,戦略B 逆張りロング
2023-01-11 16:10:00,2023-01-11 16:15:00,132.423,132.50689285714284,-4999.999999999273,-0.9999999999998547,3,short,NY   21-03JST,1,2023-01,戦略A 順張りショート
2023-01-12 00:05:00,2023-01-12 00:10:00,131.75799999999998,131.68525,-2201.2102874427283,-0.44024205748854567,2,long,東京 09-15JST,9,2023-01,戦略B 逆張りロング
2023-01-12 00:10:00,2023-01-12 00:15:00,131.786,131.70117857142856,-2565.3488874491422,-0.5130697774898284,2,long,東京 09-15JST,9,2023-01,戦略B 逆張りロング
2023-01-12 00:20:00,2023-01-12 00:25:00,131.65550000000002,131.53971428571427,-3567.3415492967383,-0.7134683098593476,2,long,東京 09-15JST,9,2023-01,戦略B 逆張りロング
2023-01-12 00:25:00,2023-01-12 00:30:00,131.6695,131.84489285714287,5599.771949829009,1.1199543899658018,5,long,東京 09-15JST,9,2023-01,戦略B 逆張りロング
2023-01-12 00:30:00,2023-01-12 00:35:00,131.586,131.85228571428573,8922.929631402125,1.784585926280425,4,long,東京 09-15JST,9,2023-01,戦略B 逆張りロング
2023-01-12 00:35:00,2023-01-12 00:40:00,131.6225,131.85082142857144,7576.439914671598,1.5152879829343195,3,long,東京 09-15JST,9,2023-01,戦略B 逆張りロング
2023-01-12 00:55:00,2023-01-12 01:00:00,131.9075,131.86267857142857,-1438.2305752920574,-0.2876461150584115,3,long,東京 09-15JST,9,2023-01,戦略B 逆張りロング
2023-01-12 01:45:00,2023-01-12 01:50:00,131.6105,131.68060714285716,2667.844522968468,0.5335689045936937,8,long,東京 09-15JST,10,2023-01,戦略B 逆張りロング
2023-01-12 01:50:00,2023-01-12 01:55:00,131.63549999999998,131.68110714285714,1742.1555252394621,0.34843110504789243,7,long,東京 09-15JST,10,2023-01,戦略B 逆張りロング
2023-01-12 13:30:00,2023-01-12 13:35:00,129.752,129.94707142857146,-5000.000000000364,-1.0000000000000728,1,short,NY   21-03JST,22,2023-01,戦略A 順張りショート
2023-01-12 14:30:00,2023-01-12 14:35:00,130.3175,130.64160714285714,-3990.414211590936,-0.7980828423181872,3,short,NY   21-03JST,23,2023-01,戦略A 順張りショート
2023-01-12 16:40:00,2023-01-12 16:45:00,129.786,129.32242857142856,16331.152491193481,3.2662304982386963,12,short,NY   21-03JST,1,2023-01,戦略A 順張りショート
2023-01-12 17:55:00,2023-01-12 18:00:00,129.196,128.98567857142856,8936.267071320171,1.7872534142640344,2,short,NY   21-03JST,2,2023-01,戦略A 順張りショート
2023-01-13 02:00:00,2023-01-13 02:05:00,128.9795,129.22357142857143,18795.37953795354,3.759075907590708,3,long,東京 09-15JST,11,2023-01,戦略B 逆張りロング
2023-01-13 15:55:00,2023-01-13 16:00:00,127.51050000000001,127.66989285714287,-5000.000000000032,-1.0000000000000064,1,short,NY   21-03JST,0,2023-01,戦略A 順張りショート
2023-01-13 16:20:00,2023-01-13 16:25:00,127.65700000000001,127.72717857142857,-2919.7622585431973,-0.5839524517086394,2,short,NY   21-03JST,1,2023-01,戦略A 順張りショート
2023-01-13 16:25:00,2023-01-13 16:30:00,127.618,127.7342857142857,-4999.999999999738,-0.9999999999999476,1,short,NY   21-03JST,1,2023-01,戦略A 順張りショート
2023-01-13 17:15:00,2023-01-13 17:20:00,127.664,127.69917857142858,-1961.3699721227817,-0.39227399442455635,2,short,NY   21-03JST,2,2023-01,戦略A 順張りショート
2023-01-16 02:15:00,2023-01-16 02:20:00,127.6045,127.47957142857143,-5000.0,-1.0,1,long,東京 09-15JST,11,2023-01,戦略B 逆張りロング
2023-01-16 02:20:00,2023-01-16 02:25:00,127.5655,127.44382142857143,-5000.000000000167,-1.0000000000000335,1,long,東京 09-15JST,11,2023-01,戦略B 逆張りロング
2023-01-16 02:25:00,2023-01-16 02:30:00,127.35149999999999,127.31835714285714,-1293.1995540688008,-0.25863991081376014,3,long,東京 09-15JST,11,2023-01,戦略B 逆張りロング
2023-01-16 02:30:00,2023-01-16 02:35:00,127.382,127.29567857142858,-3403.266685440562,-0.6806533370881124,2,long,東京 09-15JST,11,2023-01,戦略B 逆張りロング
2023-01-16 02:45:00,2023-01-16 02:50:00,127.26050000000001,127.33842857142857,3102.957906711638,0.6205915813423276,7,long,東京 09-15JST,11,2023-01,戦略B 逆張りロング
2023-01-16 02:50:00,2023-01-16 02:55:00,127.31649999999999,127.34267857142856,1078.893141006863,0.2157786282013726,6,long,東京 09-15JST,11,2023-01,戦略B 逆張りロング
2023-01-16 03:35:00,2023-01-16 03:40:00,127.35849999999999,127.33614285714286,-1172.2846441942104,-0.2344569288388421,6,long,東京 09-15JST,12,2023-01,戦略B 逆張りロング
2023-01-16 03:40:00,2023-01-16 03:45:00,127.2815,127.34039285714286,3232.0658565273516,0.6464131713054703,5,long,東京 09-15JST,12,2023-01,戦略B 逆張りロング
2023-01-16 04:05:00,2023-01-16 04:10:00,127.3555,127.41332142857142,3674.5347253735977,0.7349069450747195,4,long,東京 09-15JST,13,2023-01,戦略B 逆張りロング
2023-01-17 05:20:00,2023-01-17 05:25:00,128.584,128.65739285714284,5348.776678810738,1.0697553357621477,5,long,東京 09-15JST,14,2023-01,戦略B 逆張りロング
2023-01-17 12:55:00,2023-01-17 13:00:00,128.5575,128.66842857142856,-4805.074257425165,-0.9610148514850331,2,short,NY   21-03JST,21,2023-01,戦略A 順張りショート
2023-01-17 13:00:00,2023-01-17 13:05:00,128.578,128.68582142857144,-5000.000000000566,-1.0000000000001132,2,short,NY   21-03JST,22,2023-01,戦略A 順張りショート
2023-01-17 15:55:00,2023-01-17 16:00:00,128.14600000000002,128.1379642857143,276.209182420706,0.055241836484141195,2,short,NY   21-03JST,0,2023-01,戦略A 順張りショート
2023-01-17 16:20:00,2023-01-17 16:25:00,128.14600000000002,128.25978571428573,-4434.8552338528825,-0.8869710467705765,2,short,NY   21-03JST,1,2023-01,戦略A 順張りショート
2023-01-17 16:25:00,2023-01-17 16:30:00,128.161,128.28582142857144,-5000.000000000203,-1.0000000000000406,1,short,NY   21-03JST,1,2023-01,戦略A 順張りショート
2023-01-17 16:40:00,2023-01-17 16:45:00,128.154,128.16353571428573,-379.80085348579047,-0.07596017069715809,2,short,NY   21-03JST,1,2023-01,戦略A 順張りショート
2023-01-17 16:45:00,2023-01-17 16:50:00,128.086,128.18835714285714,-4148.812970468599,-0.8297625940937198,2,short,NY   21-03JST,1,2023-01,戦略A 順張りショート
2023-01-17 16:50:00,2023-01-17 16:55:00,128.06650000000002,128.18514285714286,-4999.999999999615,-0.9999999999999231,1,short,NY   21-03JST,1,2023-01,戦略A 順張りショート
2023-01-18 05:50:00,2023-01-18 05:55:00,130.818,130.67782142857143,-5000.0000000002165,-1.0000000000000433,1,long,東京 09-15JST,14,2023-01,戦略B 逆張りロング
2023-01-18 14:50:00,2023-01-18 14:55:00,128.10950000000003,128.3356428571429,-5000.000000000113,-1.0000000000000226,1,short,NY   21-03JST,23,2023-01,戦略A 順張りショート
2023-01-18 15:00:00,2023-01-18 15:05:00,128.35,128.2334642857143,2631.027253668494,0.5262054507336987,6,short,NY   21-03JST,0,2023-01,戦略A 順張りショート
2023-01-19 00:10:00,2023-01-19 00:15:00,128.376,128.4897857142857,5852.314474648941,1.1704628949297882,2,long,東京 09-15JST,9,2023-01,戦略B 逆張りロング
2023-01-19 00:30:00,2023-01-19 00:35:00,128.372,128.37692857142855,218.90862944003982,0.043781725888007966,2,long,東京 09-15JST,9,2023-01,戦略B 逆張りロング
2023-01-19 00:35:00,2023-01-19 00:40:00,128.44,128.32225,-4999.999999999742,-0.9999999999999484,1,long,東京 09-15JST,9,2023-01,戦略B 逆張りロング
2023-01-19 00:45:00,2023-01-19 00:50:00,128.406,128.40675,29.94011975976907,0.005988023951953814,3,long,東京 09-15JST,9,2023-01,戦略B 逆張りロング
2023-01-19 00:50:00,2023-01-19 00:55:00,128.394,128.39524999999998,45.70383912140274,0.009140767824280548,2,long,東京 09-15JST,9,2023-01,戦略B 逆張りロング
2023-01-19 01:05:00,2023-01-19 01:10:00,128.374,128.54139285714285,5448.73285282481,1.089746570564962,10,long,東京 09-15JST,10,2023-01,戦略B 逆張りロング
2023-01-19 04:45:00,2023-01-19 04:50:00,128.09449999999998,127.97921428571429,-4475.873544092286,-0.8951747088184571,2,long,東京 09-15JST,13,2023-01,戦略B 逆張りロング
2023-01-19 04:50:00,2023-01-19 04:55:00,128.0995,127.97614285714286,-5000.000000000206,-1.000000000000041,1,long,東京 09-15JST,13,2023-01,戦略B 逆張りロング
2023-01-19 04:55:00,2023-01-19 05:00:00,128.0305,127.91167857142857,-4999.999999999872,-0.9999999999999744,1,long,東京 09-15JST,13,2023-01,戦略B 逆張りロング
2023-01-19 05:15:00,2023-01-19 05:20:00,127.9845,127.88114285714286,-4999.999999999853,-0.9999999999999706,1,long,東京 09-15JST,14,2023-01,戦略B 逆張りロング
2023-01-19 05:20:00,2023-01-19 05:25:00,127.8455,127.78767857142857,-2681.3514408746046,-0.536270288174921,2,long,東京 09-15JST,14,2023-01,戦略B 逆張りロング
2023-01-19 05:30:00,2023-01-19 05:35:00,127.84299999999999,127.92564285714286,4017.3611111119644,0.8034722222223929,6,long,東京 09-15JST,14,2023-01,戦略B 逆張りロング
2023-01-19 05:35:00,2023-01-19 05:40:00,127.8045,127.92878571428572,6232.091690544646,1.246418338108929,5,long,東京 09-15JST,14,2023-01,戦略B 逆張りロング
2023-01-19 05:50:00,2023-01-19 05:55:00,127.916,127.92985714285714,702.389572773612,0.14047791455472242,2,long,東京 09-15JST,14,2023-01,戦略B 逆張りロング
2023-01-20 15:50:00,2023-01-20 15:55:00,129.99099999999999,129.84239285714284,6523.988711194896,1.3047977422389792,3,short,NY   21-03JST,0,2023-01,戦略A 順張りショート
2023-01-20 16:00:00,2023-01-20 16:05:00,129.8715,129.83710714285715,1507.0422535206933,0.3014084507041387,2,short,NY   21-03JST,1,2023-01,戦略A 順張りショート
2023-01-20 16:05:00,2023-01-20 16:10:00,129.74450000000002,129.8632142857143,-4999.999999999659,-0.9999999999999318,1,short,NY   21-03JST,1,2023-01,戦略A 順張りショート
2023-01-20 16:10:00,2023-01-20 16:15:00,129.8555,129.9112142857143,-2317.290552584768,-0.4634581105169536,5,short,NY   21-03JST,1,2023-01,戦略A 順張りショート
2023-01-20 16:30:00,2023-01-20 16:35:00,129.82150000000001,129.93935714285715,-4999.999999999655,-0.999999999999931,1,short,NY   21-03JST,1,2023-01,戦略A 順張りショート
2023-01-23 00:05:00,2023-01-23 00:10:00,129.2785,129.3777142857143,6545.711592835981,1.3091423185671962,5,long,東京 09-15JST,9,2023-01,戦略B 逆張りロング
2023-01-23 00:10:00,2023-01-23 00:15:00,129.308,129.37957142857144,4840.57971014569,0.968115942029138,3,long,東京 09-15JST,9,2023-01,戦略B 逆張りロング
2023-01-23 00:50:00,2023-01-23 00:55:00,129.2775,129.19060714285715,-4999.999999999533,-0.9999999999999067,1,long,東京 09-15JST,9,2023-01,戦略B 逆張りロング
2023-01-23 00:55:00,2023-01-23 01:00:00,129.2815,129.19185714285712,-5000.000000000679,-1.000000000000136,1,long,東京 09-15JST,9,2023-01,戦略B 逆張りロング
2023-01-23 01:00:00,2023-01-23 01:05:00,129.1955,129.11728571428569,-4128.9592760197975,-0.8257918552039595,2,long,東京 09-15JST,10,2023-01,戦略B 逆張りロング
2023-01-23 01:05:00,2023-01-23 01:10:00,129.186,129.1050357142857,-4285.44423440571,-0.857088846881142,2,long,東京 09-15JST,10,2023-01,戦略B 逆張りロング
2023-01-23 01:10:00,2023-01-23 01:15:00,129.15800000000002,129.18782142857145,1653.4653465350045,0.33069306930700093,5,long,東京 09-15JST,10,2023-01,戦略B 逆張りロング
2023-01-23 01:15:00,2023-01-23 01:20:00,129.12900000000002,129.18639285714286,3132.55360623682,0.6265107212473641,4,long,東京 09-15JST,10,2023-01,戦略B 逆張りロング
2023-01-23 01:20:00,2023-01-23 01:25:00,129.1295,129.1852142857143,3002.3094688220067,0.6004618937644013,3,long,東京 09-15JST,10,2023-01,戦略B 逆張りロング
2023-01-23 01:40:00,2023-01-23 01:45:00,129.14749999999998,129.1573571428571,502.1834061128131,0.10043668122256262,6,long,東京 09-15JST,10,2023-01,戦略B 逆張りロング
2023-01-23 01:45:00,2023-01-23 01:50:00,129.1055,129.1597857142857,2835.820895521498,0.5671641791042996,5,long,東京 09-15JST,10,2023-01,戦略B 逆張りロング
2023-01-23 02:25:00,2023-01-23 02:30:00,129.132,129.14317857142856,762.299074524248,0.1524598149048496,6,long,東京 09-15JST,11,2023-01,戦略B 逆張りロング
2023-01-24 01:10:00,2023-01-24 01:15:00,130.31400000000002,130.35339285714286,2287.4326005797557,0.45748652011595115,5,long,東京 09-15JST,10,2023-01,戦略B 逆張りロング
2023-01-24 05:40:00,2023-01-24 05:45:00,130.09199999999998,130.13932142857146,4174.543163205329,0.8349086326410657,3,long,東京 09-15JST,14,2023-01,戦略B 逆張りロング
2023-01-24 05:45:00,2023-01-24 05:50:00,130.12849999999997,130.13746428571432,765.7107992725983,0.15314215985451965,2,long,東京 09-15JST,14,2023-01,戦略B 逆張りロング
2023-01-24 17:10:00,2023-01-24 17:15:00,130.0485,130.0067857142857,2143.9060205574715,0.4287812041114943,5,short,NY   21-03JST,2,2023-01,戦略A 順張りショート
2023-01-24 17:20:00,2023-01-24 17:25:00,130.05599999999998,129.99389285714284,3679.6445196782684,0.7359289039356537,3,short,NY   21-03JST,2,2023-01,戦略A 順張りショート
2023-01-24 17:25:00,2023-01-24 17:30:00,130.02999999999997,129.9937857142857,2148.3050847444633,0.4296610169488927,2,short,NY   21-03JST,2,2023-01,戦略A 順張りショート
2023-01-24 17:35:00,2023-01-24 17:40:00,129.947,130.02214285714285,-4999.999999999054,-0.9999999999998108,3,short,NY   21-03JST,2,2023-01,戦略A 順張りショート
2023-01-25 02:30:00,2023-01-25 02:35:00,130.1825,130.26217857142856,5962.0523784060415,1.1924104756812084,2,long,東京 09-15JST,11,2023-01,戦略B 逆張りロング
2023-01-26 00:00:00,2023-01-26 00:05:00,129.2995,129.23639285714285,-5000.000000000483,-1.0000000000000966,1,long,東京 09-15JST,9,2023-01,戦略B 逆張りロング
2023-01-26 00:10:00,2023-01-26 00:15:00,129.20350000000002,129.18935714285715,-1001.0111223468432,-0.20020222446936864,2,long,東京 09-15JST,9,2023-01,戦略B 逆張りロング
2023-01-26 00:15:00,2023-01-26 00:20:00,129.2425,129.16957142857143,-5000.000000000139,-1.0000000000000278,1,long,東京 09-15JST,9,2023-01,戦略B 逆張りロング
2023-01-26 00:25:00,2023-01-26 00:30:00,129.2045,129.22074999999998,1079.7342192680776,0.2159468438536155,4,long,東京 09-15JST,9,2023-01,戦略B 逆張りロング
2023-01-26 00:50:00,2023-01-26 00:55:00,129.1825,129.25325000000004,3855.58583106449,0.7711171662128979,4,long,東京 09-15JST,9,2023-01,戦略B 逆張りロング
2023-01-27 00:05:00,2023-01-27 00:10:00,129.8155,129.80596428571428,-711.2413425671991,-0.14224826851343983,2,long,東京 09-15JST,9,2023-01,戦略B 逆張りロング
2023-01-27 00:10:00,2023-01-27 00:15:00,129.8345,129.76235714285713,-5000.000000000703,-1.0000000000001406,1,long,東京 09-15JST,9,2023-01,戦略B 逆張りロング
2023-01-27 00:20:00,2023-01-27 00:25:00,129.76850000000002,129.80949999999999,2546.583850929821,0.5093167701859642,2,long,東京 09-15JST,9,2023-01,戦略B 逆張りロング
2023-01-27 00:25:00,2023-01-27 00:30:00,129.85750000000002,129.76885714285717,-4999.999999999428,-0.9999999999998855,1,long,東京 09-15JST,9,2023-01,戦略B 逆張りロング
2023-01-27 00:35:00,2023-01-27 00:40:00,129.753,129.7567142857143,192.87833828091317,0.03857566765618264,2,long,東京 09-15JST,9,2023-01,戦略B 逆張りロング
2023-01-27 00:50:00,2023-01-27 00:55:00,129.5425,129.81410714285715,11519.236594971955,2.303847318994391,2,long,東京 09-15JST,9,2023-01,戦略B 逆張りロング
2023-01-30 05:05:00,2023-01-30 05:10:00,129.52949999999998,129.54967857142856,496.22343228530696,0.09924468645706139,12,long,東京 09-15JST,14,2023-01,戦略B 逆張りロング
2023-01-30 05:10:00,2023-01-30 05:15:00,129.418,129.58539285714284,4993.607500531769,0.9987215001063537,9,long,東京 09-15JST,14,2023-01,戦略B 逆張りロング
2023-01-30 05:15:00,2023-01-30 05:20:00,129.469,129.6010357142857,4344.300822561317,0.8688601645122633,8,long,東京 09-15JST,14,2023-01,戦略B 逆張りロング
2023-01-30 05:50:00,2023-01-30 05:55:00,129.624,129.55803571428572,-3491.4933837420276,-0.6982986767484055,3,long,東京 09-15JST,14,2023-01,戦略B 逆張りロング
2023-01-30 05:55:00,2023-01-30 06:00:00,129.641,129.55917857142856,-4383.849980864724,-0.8767699961729448,2,long,東京 09-15JST,14,2023-01,戦略B 逆張りロング
2023-01-31 01:15:00,2023-01-31 01:20:00,130.129,130.1882142857143,3554.8885077212094,0.7109777015442419,3,long,東京 09-15JST,10,2023-01,戦略B 逆張りロング
2023-01-31 01:35:00,2023-01-31 01:40:00,130.19299999999998,130.10989285714285,-4999.999999999755,-0.999999999999951,4,long,東京 09-15JST,10,2023-01,戦略B 逆張りロング
2023-01-31 01:40:00,2023-01-31 01:45:00,130.14499999999998,130.11125,-2089.783281731981,-0.41795665634639617,3,long,東京 09-15JST,10,2023-01,戦略B 逆張りロング
2023-01-31 01:55:00,2023-01-31 02:00:00,130.1335,130.12699999999998,-427.6315789484782,-0.08552631578969563,3,long,東京 09-15JST,10,2023-01,戦略B 逆張りロング
2023-01-31 02:00:00,2023-01-31 02:05:00,130.11,130.13049999999998,1413.7931034461456,0.28275862068922913,2,long,東京 09-15JST,11,2023-01,戦略B 逆張りロング
2023-01-31 14:40:00,2023-01-31 14:45:00,129.875,129.86203571428572,563.4895995028273,0.11269791990056546,4,short,NY   21-03JST,23,2023-01,戦略A 順張りショート
2023-02-02 00:00:00,2023-02-02 00:05:00,128.5115,128.40528571428572,-4999.9999999999045,-0.9999999999999809,1,long,東京 09-15JST,9,2023-02,戦略B 逆張りロング
2023-02-02 00:05:00,2023-02-02 00:10:00,128.4525,128.33942857142856,-4999.99999999991,-0.999999999999982,1,long,東京 09-15JST,9,2023-02,戦略B 逆張りロング
2023-02-02 00:45:00,2023-02-02 00:50:00,128.3175,128.54460714285713,11540.83484573375,2.3081669691467503,6,long,東京 09-15JST,9,2023-02,戦略B 逆張りロング
2023-02-02 12:25:00,2023-02-02 12:30:00,128.4395,128.39496428571428,2461.5080931710627,0.4923016186342125,3,short,NY   21-03JST,21,2023-02,戦略A 順張りショート
2023-02-02 12:30:00,2023-02-02 12:35:00,128.387,128.40067857142856,-711.1028592640064,-0.14222057185280126,2,short,NY   21-03JST,21,2023-02,戦略A 順張りショート
2023-02-02 12:35:00,2023-02-02 12:40:00,128.372,128.4695357142857,-4999.9999999992715,-0.9999999999998543,2,short,NY   21-03JST,21,2023-02,戦略A 順張りショート
2023-02-02 12:40:00,2023-02-02 12:45:00,128.4145,128.47171428571428,-2771.6262975776835,-0.5543252595155367,5,short,NY   21-03JST,21,2023-02,戦略A 順張りショート
2023-02-02 12:55:00,2023-02-02 13:00:00,128.41000000000003,128.31442857142855,4366.840731072742,0.8733681462145483,5,short,NY   21-03JST,21,2023-02,戦略A 順張りショート
2023-02-02 13:00:00,2023-02-02 13:05:00,128.4025,128.3117857142857,4247.491638797485,0.8494983277594971,4,short,NY   21-03JST,22,2023-02,戦略A 順張りショート
2023-02-02 13:15:00,2023-02-02 13:20:00,128.3265,128.19592857142857,5832.801531589536,1.1665603063179073,3,short,NY   21-03JST,22,2023-02,戦略A 順張りショート
2023-02-02 13:20:00,2023-02-02 13:25:00,128.23250000000002,128.20003571428572,1398.891966759456,0.2797783933518912,2,short,NY   21-03JST,22,2023-02,戦略A 順張りショート
2023-02-02 13:25:00,2023-02-02 13:30:00,128.2285,128.2002142857143,1211.7503059962853,0.24235006119925706,2,short,NY   21-03JST,22,2023-02,戦略A 順張りショート
2023-02-02 13:30:00,2023-02-02 13:35:00,128.11200000000002,128.22639285714288,-4999.9999999997335,-0.9999999999999467,1,short,NY   21-03JST,22,2023-02,戦略A 順張りショート
2023-02-02 14:30:00,2023-02-02 14:35:00,128.228,128.35960714285716,-5000.000000000309,-1.000000000000062,1,short,NY   21-03JST,23,2023-02,戦略A 順張りショート
2023-02-06 03:00:00,2023-02-06 03:05:00,131.9075,131.86307142857143,-1821.9097832453417,-0.36438195664906836,3,long,東京 09-15JST,12,2023-02,戦略B 逆張りロング
2023-02-06 03:05:00,2023-02-06 03:10:00,131.8775,131.86332142857145,-582.624009391343,-0.1165248018782686,2,long,東京 09-15JST,12,2023-02,戦略B 逆張りロング
2023-02-06 03:15:00,2023-02-06 03:20:00,131.86149999999998,131.81582142857144,-1824.5363766035798,-0.364907275320716,8,long,東京 09-15JST,12,2023-02,戦略B 逆張りロング
2023-02-06 03:20:00,2023-02-06 03:25:00,131.89600000000002,131.81292857142859,-3243.1678750697856,-0.6486335750139571,7,long,東京 09-15JST,12,2023-02,戦略B 逆張りロング
2023-02-06 03:25:00,2023-02-06 03:30:00,131.82999999999998,131.8164285714286,-544.7247706409095,-0.10894495412818189,6,long,東京 09-15JST,12,2023-02,戦略B 逆張りロング
2023-02-06 03:30:00,2023-02-06 03:35:00,131.83100000000002,131.81557142857145,-615.0341685649732,-0.12300683371299465,5,long,東京 09-15JST,12,2023-02,戦略B 逆張りロング
2023-02-06 03:45:00,2023-02-06 03:50:00,131.85950000000003,131.8354285714286,-1259.34230194351,-0.251868460388702,2,long,東京 09-15JST,12,2023-02,戦略B 逆張りロング
2023-02-07 01:50:00,2023-02-07 01:55:00,132.252,132.30442857142856,3357.73101555234,0.671546203110468,4,long,東京 09-15JST,10,2023-02,戦略B 逆張りロング
2023-02-07 03:45:00,2023-02-07 03:50:00,132.1805,132.29149999999998,10571.428571427015,2.114285714285403,5,long,東京 09-15JST,12,2023-02,戦略B 逆張りロング
2023-02-07 13:45:00,2023-02-07 13:50:00,131.8295,131.9217857142857,-4999.99999999956,-0.999999999999912,1,short,NY   21-03JST,22,2023-02,戦略A 順張りショート
2023-02-07 15:45:00,2023-02-07 15:50:00,131.53199999999998,131.317,11315.78947368303,2.263157894736606,2,short,NY   21-03JST,0,2023-02,戦略A 順張りショート
2023-02-07 15:50:00,2023-02-07 15:55:00,131.3825,131.29503571428572,4307.069996482171,0.8614139992964341,2,short,NY   21-03JST,0,2023-02,戦略A 順張りショート
2023-02-07 15:55:00,2023-02-07 16:00:00,131.245,131.25767857142856,-588.7230514087087,-0.11774461028174174,2,short,NY   21-03JST,0,2023-02,戦略A 順張りショート
2023-02-07 16:00:00,2023-02-07 16:05:00,131.312,131.2460357142857,2892.264328218724,0.5784528656437449,2,short,NY   21-03JST,1,2023-02,戦略A 順張りショート
2023-02-07 17:40:00,2023-02-07 17:45:00,131.11599999999999,130.75546428571428,19083.1758034026,3.81663516068052,2,short,NY   21-03JST,2,2023-02,戦略A 順張りショート
2023-02-07 17:45:00,2023-02-07 17:50:00,130.8955,130.59192857142855,13149.752475248346,2.6299504950496693,2,short,NY   21-03JST,2,2023-02,戦略A 順張りショート
2023-02-07 17:50:00,2023-02-07 17:55:00,130.76749999999998,130.62610714285714,5392.26368836792,1.078452737673584,2,short,NY   21-03JST,2,2023-02,戦略A 順張りショート
2023-02-07 17:55:00,2023-02-07 18:00:00,130.572,130.7202142857143,-5000.000000000068,-1.0000000000000135,1,short,NY   21-03JST,2,2023-02,戦略A 順張りショート
2023-02-08 00:35:00,2023-02-08 00:40:00,130.8265,130.76442857142857,-5000.000000000653,-1.0000000000001306,1,long,東京 09-15JST,9,2023-02,戦略B 逆張りロング
2023-02-08 00:40:00,2023-02-08 00:45:00,130.781,130.83685714285716,4222.4622030240735,0.8444924406048147,3,long,東京 09-15JST,9,2023-02,戦略B 逆張りロング
2023-02-08 00:45:00,2023-02-08 00:50:00,130.826,130.81692857142858,-638.1909547730576,-0.1276381909546115,2,long,東京 09-15JST,9,2023-02,戦略B 逆張りロング
2023-02-08 04:00:00,2023-02-08 04:05:00,131.05450000000002,131.1694285714286,9487.028301887516,1.8974056603775031,14,long,東京 09-15JST,13,2023-02,戦略B 逆張りロング
2023-02-09 03:05:00,2023-02-09 03:10:00,131.4065,131.41307142857144,658.0829756815066,0.1316165951363013,2,long,東京 09-15JST,12,2023-02,戦略B 逆張りロング
2023-02-09 03:20:00,2023-02-09 03:25:00,131.41899999999998,131.36789285714283,-5000.0000000003965,-1.0000000000000793,1,long,東京 09-15JST,12,2023-02,戦略B 逆張りロング
2023-02-09 03:25:00,2023-02-09 03:30:00,131.399,131.34796428571428,-5000.0,-1.0,1,long,東京 09-15JST,12,2023-02,戦略B 逆張りロング
2023-02-09 14:25:00,2023-02-09 14:30:00,130.437,130.5429285714286,-4862.295081968412,-0.9724590163936824,2,short,NY   21-03JST,23,2023-02,戦略A 順張りショート
2023-02-09 14:30:00,2023-02-09 14:35:00,130.45299999999997,130.5635714285714,-5000.0000000003665,-1.0000000000000733,1,short,NY   21-03JST,23,2023-02,戦略A 順張りショート
2023-02-14 05:00:00,2023-02-14 05:05:00,131.8275,131.91517857142856,9672.970843181547,1.9345941686363095,8,long,東京 09-15JST,14,2023-02,戦略B 逆張りロング
2023-02-14 05:05:00,2023-02-14 05:10:00,131.82600000000002,131.91371428571426,9374.045801520368,1.8748091603040735,7,long,東京 09-15JST,14,2023-02,戦略B 逆張りロング
2023-02-14 05:10:00,2023-02-14 05:15:00,131.8365,131.91275,7984.293193714336,1.5968586387428672,6,long,東京 09-15JST,14,2023-02,戦略B 逆張りロング
2023-02-17 16:35:00,2023-02-17 16:40:00,134.22050000000002,134.18864285714287,1551.8441196941446,0.3103688239388289,8,short,NY   21-03JST,1,2023-02,戦略A 順張りショート
2023-02-20 04:15:00,2023-02-20 04:20:00,134.2015,134.1647857142857,-5000.000000001382,-1.0000000000002764,1,long,東京 09-15JST,13,2023-02,戦略B 逆張りロング
2023-02-20 04:20:00,2023-02-20 04:25:00,134.138,134.11289285714287,-2946.3537300908197,-0.589270746018164,2,long,東京 09-15JST,13,2023-02,戦略B 逆張りロング
2023-02-20 04:35:00,2023-02-20 04:40:00,133.98950000000002,134.0080357142857,1749.8314227890169,0.3499662845578034,2,long,東京 09-15JST,13,2023-02,戦略B 逆張りロング
2023-02-20 05:20:00,2023-02-20 05:25:00,134.1015,134.06417857142856,-2835.051546391835,-0.567010309278367,3,long,東京 09-15JST,14,2023-02,戦略B 逆張りロング
2023-02-20 05:25:00,2023-02-20 05:30:00,134.0695,134.06,-678.5714285716109,-0.13571428571432217,2,long,東京 09-15JST,14,2023-02,戦略B 逆張りロング
2023-02-22 01:05:00,2023-02-22 01:10:00,134.70999999999998,134.67992857142858,-1950.8804448545127,-0.39017608897090256,3,long,東京 09-15JST,10,2023-02,戦略B 逆張りロング
2023-02-22 01:25:00,2023-02-22 01:30:00,134.62099999999998,134.68839285714284,4370.078740157318,0.8740157480314635,6,long,東京 09-15JST,10,2023-02,戦略B 逆張りロング
2023-02-22 01:30:00,2023-02-22 01:35:00,134.617,134.68689285714285,4445.706497046652,0.8891412994093304,5,long,東京 09-15JST,10,2023-02,戦略B 逆張りロング
2023-02-23 15:55:00,2023-02-23 16:00:00,134.8535,134.90364285714287,-2663.125948407393,-0.5326251896814787,2,short,NY   21-03JST,0,2023-02,戦略A 順張りショート
2023-02-23 16:00:00,2023-02-23 16:05:00,134.81099999999998,134.90442857142855,-4999.999999999892,-0.9999999999999784,1,short,NY   21-03JST,1,2023-02,戦略A 順張りショート
2023-02-23 16:20:00,2023-02-23 16:25:00,134.76299999999998,134.71378571428573,2835.390946499299,0.5670781892998598,2,short,NY   21-03JST,1,2023-02,戦略A 順張りショート
2023-02-27 02:00:00,2023-02-27 02:05:00,136.107,136.1668214285714,4172.894867961231,0.8345789735922463,2,long,東京 09-15JST,11,2023-02,戦略B 逆張りロング
2023-02-27 13:45:00,2023-02-27 13:50:00,135.9685,136.04757142857144,-5000.000000000386,-1.000000000000077,1,short,NY   21-03JST,22,2023-02,戦略A 順張りショート
2023-02-27 14:55:00,2023-02-27 15:00:00,135.978,136.0592142857143,-5000.000000000375,-1.000000000000075,1,short,NY   21-03JST,23,2023-02,戦略A 順張りショート
2023-02-28 15:10:00,2023-02-28 15:15:00,136.3785,136.34342857142857,1876.9113149846644,0.3753822629969329,3,short,NY   21-03JST,0,2023-03,戦略A 順張りショート
2023-03-06 03:50:00,2023-03-06 03:55:00,135.439,135.72796428571428,20928.608380756632,4.185721676151326,26,long,東京 09-15JST,12,2023-03,戦略B 逆張りロング
2023-03-06 04:05:00,2023-03-06 04:10:00,135.45850000000002,135.57314285714284,9266.74364895807,1.853348729791614,7,long,東京 09-15JST,13,2023-03,戦略B 逆張りロング
2023-03-08 12:35:00,2023-03-08 12:40:00,137.214,137.27657142857143,-5000.000000000162,-1.0000000000000324,1,short,NY   21-03JST,21,2023-03,戦略A 順張りショート
2023-03-09 00:35:00,2023-03-09 00:40:00,136.8995,137.07846428571426,11393.815370622684,2.278763074124537,11,long,東京 09-15JST,9,2023-03,戦略B 逆張りロング
2023-03-09 04:55:00,2023-03-09 05:00:00,136.7955,136.7611785714286,-4999.999999998521,-0.9999999999997042,1,long,東京 09-15JST,13,2023-03,戦略B 逆張りロング
2023-03-09 05:10:00,2023-03-09 05:15:00,136.7495,136.7632142857143,1791.0447761196565,0.3582089552239313,3,long,東京 09-15JST,14,2023-03,戦略B 逆張りロング
2023-03-10 01:45:00,2023-03-10 01:50:00,135.9735,135.89175,-5000.000000000124,-1.0000000000000246,1,long,東京 09-15JST,10,2023-03,戦略B 逆張りロング
2023-03-10 02:00:00,2023-03-10 02:05:00,135.89049999999997,135.92257142857144,1957.2798605082132,0.3914559721016426,3,long,東京 09-15JST,11,2023-03,戦略B 逆張りロング
2023-03-10 14:30:00,2023-03-10 14:35:00,135.2485,135.02932142857145,4122.665591830961,0.8245331183661921,2,short,NY   21-03JST,23,2023-03,戦略A 順張りショート
2023-03-10 14:35:00,2023-03-10 14:40:00,134.969,134.62860714285713,6033.0421572351315,1.2066084314470262,6,short,NY   21-03JST,23,2023-03,戦略A 順張りショート
2023-03-10 14:40:00,2023-03-10 14:45:00,134.803,134.58357142857142,4627.899969870634,0.9255799939741268,5,short,NY   21-03JST,23,2023-03,戦略A 順張りショート
2023-03-10 14:50:00,2023-03-10 14:55:00,134.817,134.58057142857143,5050.350930729436,1.0100701861458872,3,short,NY   21-03JST,23,2023-03,戦略A 順張りショート
2023-03-10 14:55:00,2023-03-10 15:00:00,134.834,134.57689285714287,5579.75507673205,1.11595101534641,2,short,NY   21-03JST,23,2023-03,戦略A 順張りショート
2023-03-13 02:35:00,2023-03-13 02:40:00,134.03449999999998,133.90057142857142,-4999.999999999545,-0.9999999999999091,1,long,東京 09-15JST,11,2023-03,戦略B 逆張りロング
2023-03-13 02:40:00,2023-03-13 02:45:00,133.7945,133.8063214285714,404.3488883452928,0.08086977766905856,2,long,東京 09-15JST,11,2023-03,戦略B 逆張りロング
2023-03-13 02:50:00,2023-03-13 02:55:00,133.8545,133.79607142857142,-1873.5684837382285,-0.3747136967476457,2,long,東京 09-15JST,11,2023-03,戦略B 逆張りロング
2023-03-13 02:55:00,2023-03-13 03:00:00,133.849,133.7824285714286,-2041.1738939981014,-0.4082347787996203,2,long,東京 09-15JST,11,2023-03,戦略B 逆張りロング
2023-03-13 03:05:00,2023-03-13 03:10:00,133.76999999999998,133.87671428571429,3237.971391418115,0.647594278283623,5,long,東京 09-15JST,12,2023-03,戦略B 逆張りロング
2023-03-13 03:10:00,2023-03-13 03:15:00,133.836,133.87071428571429,1016.3111668754589,0.20326223337509178,4,long,東京 09-15JST,12,2023-03,戦略B 逆張りロング
2023-03-13 03:35:00,2023-03-13 03:40:00,133.929,134.0295,3092.307692308136,0.6184615384616272,6,long,東京 09-15JST,12,2023-03,戦略B 逆張りロング
2023-03-13 03:45:00,2023-03-13 03:50:00,134.0135,134.0514642857143,1350.6988564176822,0.27013977128353645,4,long,東京 09-15JST,12,2023-03,戦略B 逆張りロング
2023-03-13 04:00:00,2023-03-13 04:05:00,134.0245,133.99685714285715,-1131.5789473676236,-0.22631578947352474,4,long,東京 09-15JST,13,2023-03,戦略B 逆張りロング
2023-03-13 04:25:00,2023-03-13 04:30:00,133.934,134.08125,6501.103752759894,1.3002207505519787,7,long,東京 09-15JST,13,2023-03,戦略B 逆張りロング
2023-03-13 12:00:00,2023-03-13 12:05:00,133.192,132.67653571428573,13113.756133017801,2.6227512266035604,6,short,NY   21-03JST,21,2023-03,戦略A 順張りショート
2023-03-13 12:05:00,2023-03-13 12:10:00,133.1165,132.69132142857146,10059.99661990799,2.011999323981598,5,short,NY   21-03JST,21,2023-03,戦略A 順張りショート
2023-03-13 12:15:00,2023-03-13 12:20:00,133.173,132.69210714285717,11336.083515742695,2.2672167031485393,3,short,NY   21-03JST,21,2023-03,戦略A 順張りショート
2023-03-15 02:00:00,2023-03-15 02:05:00,134.19400000000002,134.09728571428573,-4999.999999999789,-0.9999999999999578,1,long,東京 09-15JST,11,2023-03,戦略B 逆張りロング
2023-03-15 02:05:00,2023-03-15 02:10:00,134.0815,134.11289285714287,1650.394292151916,0.3300788584303832,8,long,東京 09-15JST,11,2023-03,戦略B 逆張りロング
2023-03-15 02:10:00,2023-03-15 02:15:00,134.039,134.11360714285715,4015.7631680131976,0.8031526336026396,6,long,東京 09-15JST,11,2023-03,戦略B 逆張りロング
2023-03-15 02:15:00,2023-03-15 02:20:00,134.07150000000001,134.11432142857143,2322.7431228197984,0.4645486245639597,5,long,東京 09-15JST,11,2023-03,戦略B 逆張りロング
2023-03-15 03:05:00,2023-03-15 03:10:00,134.0945,134.53278571428572,26655.082536922055,5.331016507384411,24,long,東京 09-15JST,12,2023-03,戦略B 逆張りロング
2023-03-15 03:10:00,2023-03-15 03:15:00,134.113,134.53892857142858,27995.305164317975,5.599061032863595,23,long,東京 09-15JST,12,2023-03,戦略B 逆張りロング
2023-03-16 00:00:00,2023-03-16 00:05:00,132.8665,132.76132142857142,-5000.000000000193,-1.0000000000000386,1,long,東京 09-15JST,9,2023-03,戦略B 逆張りロング
2023-03-16 00:05:00,2023-03-16 00:10:00,132.7595,132.64807142857143,-4999.999999999909,-0.9999999999999818,1,long,東京 09-15JST,9,2023-03,戦略B 逆張りロング
2023-03-16 00:10:00,2023-03-16 00:15:00,132.721,132.609,-4999.999999999456,-0.9999999999998912,1,long,東京 09-15JST,9,2023-03,戦略B 逆張りロング
2023-03-16 00:15:00,2023-03-16 00:20:00,132.617,132.5385714285714,-3382.62476894692,-0.676524953789384,2,long,東京 09-15JST,9,2023-03,戦略B 逆張りロング
2023-03-16 00:20:00,2023-03-16 00:25:00,132.58350000000002,133.00675,17746.3312368959,3.54926624737918,5,long,東京 09-15JST,9,2023-03,戦略B 逆張りロング
2023-03-16 00:25:00,2023-03-16 00:30:00,132.55,133.00446428571428,18696.73817219884,3.739347634439768,4,long,東京 09-15JST,9,2023-03,戦略B 逆張りロング
2023-03-16 00:30:00,2023-03-16 00:35:00,132.5755,133.00582142857144,17903.41753343127,3.5806835066862543,3,long,東京 09-15JST,9,2023-03,戦略B 逆張りロング
2023-03-16 02:50:00,2023-03-16 02:55:00,132.9025,132.85217857142857,-2210.542830248218,-0.44210856604964355,3,long,東京 09-15JST,11,2023-03,戦略B 逆張りロング
2023-03-16 02:55:00,2023-03-16 03:00:00,132.8345,132.85867857142858,1126.4559068229455,0.2252911813645891,2,long,東京 09-15JST,11,2023-03,戦略B 逆張りロング
2023-03-16 03:10:00,2023-03-16 03:15:00,132.8795,132.81335714285714,-3030.104712042177,-0.6060209424084354,2,long,東京 09-15JST,12,2023-03,戦略B 逆張りロング
2023-03-16 03:25:00,2023-03-16 03:30:00,132.7785,132.72853571428573,-2672.9079098201123,-0.5345815819640225,3,long,東京 09-15JST,12,2023-03,戦略B 逆張りロング
2023-03-16 03:30:00,2023-03-16 03:35:00,132.7855,132.738,-2714.2857142863804,-0.542857142857276,5,long,東京 09-15JST,12,2023-03,戦略B 逆張りロング
2023-03-16 03:40:00,2023-03-16 03:45:00,132.7835,132.744,-2423.3128834356576,-0.48466257668713153,3,long,東京 09-15JST,12,2023-03,戦略B 逆張りロング
2023-03-16 03:45:00,2023-03-16 03:50:00,132.7695,132.74225,-1636.6366366353577,-0.32732732732707154,2,long,東京 09-15JST,12,2023-03,戦略B 逆張りロング
2023-03-16 03:55:00,2023-03-16 04:00:00,132.733,132.65510714285713,-5000.000000000261,-1.0000000000000522,1,long,東京 09-15JST,12,2023-03,戦略B 逆張りロング
2023-03-16 04:00:00,2023-03-16 04:05:00,132.69650000000001,132.61928571428572,-4999.999999999736,-0.9999999999999473,1,long,東京 09-15JST,13,2023-03,戦略B 逆張りロング
2023-03-16 04:40:00,2023-03-16 04:45:00,132.60500000000002,132.93939285714285,20363.201391907103,4.072640278381421,9,long,東京 09-15JST,13,2023-03,戦略B 逆張りロング
2023-03-17 02:25:00,2023-03-17 02:30:00,133.1625,133.17292857142857,655.2962298027833,0.13105924596055665,5,long,東京 09-15JST,11,2023-03,戦略B 逆張りロング
2023-03-17 02:40:00,2023-03-17 02:45:00,133.20749999999998,133.18110714285714,-1822.8909718783152,-0.364578194375663,6,long,東京 09-15JST,11,2023-03,戦略B 逆張りロング
2023-03-17 02:50:00,2023-03-17 02:55:00,133.196,133.18232142857144,-960.8630205709869,-0.19217260411419737,4,long,東京 09-15JST,11,2023-03,戦略B 逆張りロング
2023-03-17 03:20:00,2023-03-17 03:25:00,133.0945,133.19892857142858,7727.272727272919,1.5454545454545838,9,long,東京 09-15JST,12,2023-03,戦略B 逆張りロング
2023-03-17 14:30:00,2023-03-17 14:35:00,131.89600000000002,131.9888571428571,-2922.661870502305,-0.584532374100461,2,short,NY   21-03JST,23,2023-03,戦略A 順張りショート
2023-03-20 03:55:00,2023-03-20 04:00:00,132.029,131.9965357142857,-1845.3105968338318,-0.36906211936676636,2,long,東京 09-15JST,12,2023-03,戦略B 逆張りロング
2023-03-20 04:05:00,2023-03-20 04:10:00,132.022,131.98189285714287,-2237.943403745562,-0.4475886807491124,3,long,東京 09-15JST,13,2023-03,戦略B 逆張りロング
2023-03-20 04:10:00,2023-03-20 04:15:00,131.9625,131.96335714285715,46.76539360873282,0.009353078721746564,3,long,東京 09-15JST,13,2023-03,戦略B 逆張りロング
2023-03-20 04:50:00,2023-03-20 04:55:00,131.8195,131.75939285714287,-3682.713347920855,-0.736542669584171,2,long,東京 09-15JST,13,2023-03,戦略B 逆張りロング
2023-03-20 04:55:00,2023-03-20 05:00:00,131.816,131.7324642857143,-5000.000000000365,-1.0000000000000728,1,long,東京 09-15JST,13,2023-03,戦略B 逆張りロング
2023-03-20 05:00:00,2023-03-20 05:05:00,131.753,131.89928571428572,8386.568386569961,1.6773136773139923,9,long,東京 09-15JST,14,2023-03,戦略B 逆張りロング
2023-03-20 05:05:00,2023-03-20 05:10:00,131.8315,131.89760714285714,3718.3607874644226,0.7436721574928845,8,long,東京 09-15JST,14,2023-03,戦略B 逆張りロング
2023-03-20 16:10:00,2023-03-20 16:15:00,131.406,131.51935714285716,-5000.000000000179,-1.0000000000000357,1,short,NY   21-03JST,1,2023-03,戦略A 順張りショート
2023-03-21 00:50:00,2023-03-21 00:55:00,131.1215,131.09714285714287,-1113.6512083598698,-0.22273024167197394,2,long,東京 09-15JST,9,2023-03,戦略B 逆張りロング
2023-03-21 01:05:00,2023-03-21 01:10:00,131.07,131.07885714285715,374.8488512700782,0.07496977025401565,4,long,東京 09-15JST,10,2023-03,戦略B 逆張りロング
2023-03-21 14:20:00,2023-03-21 14:25:00,132.005,131.95803571428573,2268.0234563632876,0.4536046912726575,3,short,NY   21-03JST,23,2023-03,戦略A 順張りショート
2023-03-21 14:25:00,2023-03-21 14:30:00,131.9615,131.96653571428573,-224.737009882533,-0.044947401976506596,2,short,NY   21-03JST,23,2023-03,戦略A 順張りショート
2023-03-22 02:35:00,2023-03-22 02:40:00,132.38,132.29032142857142,-5000.000000000227,-1.0000000000000455,1,long,東京 09-15JST,11,2023-03,戦略B 逆張りロング
2023-03-22 02:40:00,2023-03-22 02:45:00,132.2925,132.31721428571427,1303.6925395626974,0.2607385079125395,5,long,東京 09-15JST,11,2023-03,戦略B 逆張りロング
2023-03-22 03:30:00,2023-03-22 03:35:00,132.305,132.37921428571428,4621.886120996015,0.924377224199203,8,long,東京 09-15JST,12,2023-03,戦略B 逆張りロング
2023-03-22 13:30:00,2023-03-22 13:35:00,132.559,132.63275,-4999.99999999945,-0.99999999999989,1,short,NY   21-03JST,22,2023-03,戦略A 順張りショート
2023-03-22 14:15:00,2023-03-22 14:20:00,132.7115,132.49982142857144,13777.312877730741,2.755462575546148,7,short,NY   21-03JST,23,2023-03,戦略A 順張りショート
2023-03-22 14:20:00,2023-03-22 14:25:00,132.6825,132.50153571428572,11521.145975443078,2.304229195088616,6,short,NY   21-03JST,23,2023-03,戦略A 順張りショート
2023-03-22 14:30:00,2023-03-22 14:35:00,132.59199999999998,132.50735714285713,5016.934801015928,1.0033869602031857,4,short,NY   21-03JST,23,2023-03,戦略A 順張りショート
2023-03-22 14:35:00,2023-03-22 14:40:00,132.5595,132.50671428571428,3152.730375427815,0.630546075085563,3,short,NY   21-03JST,23,2023-03,戦略A 順張りショート
2023-03-23 00:25:00,2023-03-23 00:30:00,131.0815,130.99367857142857,-5000.000000000232,-1.0000000000000464,2,long,東京 09-15JST,9,2023-03,戦略B 逆張りロング
2023-03-23 00:30:00,2023-03-23 00:35:00,131.0705,130.98214285714286,-5000.00000000023,-1.000000000000046,1,long,東京 09-15JST,9,2023-03,戦略B 逆張りロング
2023-03-23 00:35:00,2023-03-23 00:40:00,130.99900000000002,131.1128214285714,6454.029971645948,1.2908059943291896,2,long,東京 09-15JST,9,2023-03,戦略B 逆張りロング
2023-03-23 00:40:00,2023-03-23 00:45:00,131.099,131.00314285714285,-5000.0,-1.0,1,long,東京 09-15JST,9,2023-03,戦略B 逆張りロング
2023-03-23 00:50:00,2023-03-23 00:55:00,130.8585,130.8202142857143,-1720.154043645347,-0.3440308087290694,2,long,東京 09-15JST,9,2023-03,戦略B 逆張りロング
2023-03-23 01:00:00,2023-03-23 01:05:00,130.8375,130.85917857142857,919.9757502271472,0.18399515004542943,9,long,東京 09-15JST,10,2023-03,戦略B 逆張りロング
2023-03-23 01:05:00,2023-03-23 01:10:00,130.8715,130.8555,-658.4362139914181,-0.13168724279828362,8,long,東京 09-15JST,10,2023-03,戦略B 逆張りロング
2023-03-23 01:10:00,2023-03-23 01:15:00,130.80599999999998,130.85542857142858,2032.9024676859349,0.40658049353718695,7,long,東京 09-15JST,10,2023-03,戦略B 逆張りロング
2023-03-23 01:40:00,2023-03-23 01:45:00,130.90699999999998,130.8119642857143,-4042.8441203264997,-0.8085688240653,5,long,東京 09-15JST,10,2023-03,戦略B 逆張りロング
2023-03-23 01:45:00,2023-03-23 01:50:00,130.8965,130.81350000000003,-3577.586206895394,-0.7155172413790788,4,long,東京 09-15JST,10,2023-03,戦略B 逆張りロング
2023-03-23 01:50:00,2023-03-23 01:55:00,130.91,130.81685714285717,-4134.43246670757,-0.826886493341514,3,long,東京 09-15JST,10,2023-03,戦略B 逆張りロング
2023-03-23 02:10:00,2023-03-23 02:15:00,130.7975,130.70982142857144,-4999.9999999998845,-0.9999999999999769,1,long,東京 09-15JST,11,2023-03,戦略B 逆張りロング
2023-03-23 02:20:00,2023-03-23 02:25:00,130.7375,130.64953571428572,-5000.000000000693,-1.0000000000001386,1,long,東京 09-15JST,11,2023-03,戦略B 逆張りロング
2023-03-23 02:30:00,2023-03-23 02:35:00,130.6745,130.67678571428573,134.11567477060737,0.026823134954121475,2,long,東京 09-15JST,11,2023-03,戦略B 逆張りロング
2023-03-23 02:40:00,2023-03-23 02:45:00,130.745,130.65910714285715,-4999.999999999882,-0.9999999999999764,1,long,東京 09-15JST,11,2023-03,戦略B 逆張りロング
2023-03-23 02:45:00,2023-03-23 02:50:00,130.6875,130.6417142857143,-2549.7215592673197,-0.5099443118534639,3,long,東京 09-15JST,11,2023-03,戦略B 逆張りロング
2023-03-23 02:50:00,2023-03-23 02:55:00,130.64,130.64042857142857,23.52941176548687,0.004705882353097374,2,long,東京 09-15JST,11,2023-03,戦略B 逆張りロング
2023-03-23 03:05:00,2023-03-23 03:10:00,130.6365,130.54460714285716,-4999.999999999448,-0.9999999999998895,1,long,東京 09-15JST,12,2023-03,戦略B 逆張りロング
2023-03-23 03:15:00,2023-03-23 03:20:00,130.482,130.75339285714287,13421.05263157982,2.684210526315964,19,long,東京 09-15JST,12,2023-03,戦略B 逆張りロング
2023-03-23 03:20:00,2023-03-23 03:25:00,130.51850000000002,130.75321428571428,11586.741889984647,2.3173483779969293,18,long,東京 09-15JST,12,2023-03,戦略B 逆張りロング
2023-03-23 03:40:00,2023-03-23 03:45:00,130.587,130.6453214285714,3288.3608538050385,0.6576721707610077,6,long,東京 09-15JST,12,2023-03,戦略B 逆張りロング
2023-03-23 03:50:00,2023-03-23 03:55:00,130.5505,130.64835714285712,5713.094245202978,1.1426188490405955,4,long,東京 09-15JST,12,2023-03,戦略B 逆張りロング
2023-03-23 15:30:00,2023-03-23 15:35:00,131.059,131.05767857142857,72.4637681160098,0.014492753623201961,2,short,NY   21-03JST,0,2023-03,戦略A 順張りショート
2023-03-28 13:15:00,2023-03-28 13:20:00,130.7465,130.81282142857143,-5000.0,-1.0,1,short,NY   21-03JST,22,2023-03,戦略A 順張りショート
2023-03-31 02:00:00,2023-03-31 02:05:00,133.06799999999998,133.0382857142857,-1602.465331278473,-0.3204930662556946,3,long,東京 09-15JST,11,2023-03,戦略B 逆張りロング
2023-03-31 02:20:00,2023-03-31 02:25:00,132.947,132.86875,-4643.9169139462265,-0.9287833827892453,2,long,東京 09-15JST,11,2023-03,戦略B 逆張りロング
2023-03-31 02:25:00,2023-03-31 02:30:00,132.90800000000002,132.89207142857143,-926.8495428106182,-0.18536990856212365,5,long,東京 09-15JST,11,2023-03,戦略B 逆張りロング
2023-03-31 02:35:00,2023-03-31 02:40:00,132.887,132.88285714285715,-244.7257383963476,-0.04894514767926952,3,long,東京 09-15JST,11,2023-03,戦略B 逆張りロング
2023-03-31 02:50:00,2023-03-31 02:55:00,132.95100000000002,132.8719642857143,-4999.999999999487,-0.9999999999998974,1,long,東京 09-15JST,11,2023-03,戦略B 逆張りロング
2023-03-31 02:55:00,2023-03-31 03:00:00,132.8865,132.88039285714285,-406.5620542094482,-0.08131241084188964,3,long,東京 09-15JST,11,2023-03,戦略B 逆張りロング
2023-03-31 03:00:00,2023-03-31 03:05:00,132.91000000000003,132.88067857142858,-1959.4272076385723,-0.3918854415277145,2,long,東京 09-15JST,12,2023-03,戦略B 逆張りロング
2023-03-31 03:10:00,2023-03-31 03:15:00,132.937,132.87610714285714,-4065.331425847447,-0.8130662851694894,7,long,東京 09-15JST,12,2023-03,戦略B 逆張りロング
2023-03-31 03:15:00,2023-03-31 03:20:00,132.8815,132.87657142857142,-331.0940499035563,-0.06621880998071127,6,long,東京 09-15JST,12,2023-03,戦略B 逆張りロング
2023-03-31 03:50:00,2023-03-31 03:55:00,132.8465,132.79096428571427,-5000.000000000731,-1.0000000000001463,1,long,東京 09-15JST,12,2023-03,戦略B 逆張りロング
2023-03-31 12:30:00,2023-03-31 12:35:00,132.7865,132.8897142857143,-5000.000000000491,-1.0000000000000981,1,short,NY   21-03JST,21,2023-03,戦略A 順張りショート
2023-04-03 00:25:00,2023-04-03 00:30:00,132.987,132.96807142857142,-1029.526029526147,-0.20590520590522943,2,long,東京 09-15JST,9,2023-04,戦略B 逆張りロング
2023-04-03 00:45:00,2023-04-03 00:50:00,132.963,132.9812142857143,844.930417495431,0.1689860834990862,3,long,東京 09-15JST,9,2023-04,戦略B 逆張りロング
2023-04-03 01:15:00,2023-04-03 01:20:00,132.8625,133.0594642857143,9558.058925477962,1.9116117850955925,8,long,東京 09-15JST,10,2023-04,戦略B 逆張りロング
2023-04-03 01:20:00,2023-04-03 01:25:00,132.85399999999998,133.06007142857146,10059.274755930837,2.0118549511861676,7,long,東京 09-15JST,10,2023-04,戦略B 逆張りロング
2023-04-03 01:25:00,2023-04-03 01:30:00,132.9075,133.0621785714286,7709.149163405861,1.5418298326811721,6,long,東京 09-15JST,10,2023-04,戦略B 逆張りロング
2023-04-03 12:20:00,2023-04-03 12:25:00,132.959,133.04017857142856,-4999.999999999375,-0.999999999999875,1,short,NY   21-03JST,21,2023-04,戦略A 順張りショート
2023-04-04 13:20:00,2023-04-04 13:25:00,132.80700000000002,132.5985,12713.414634146984,2.542682926829397,5,short,NY   21-03JST,22,2023-04,戦略A 順張りショート
2023-04-04 13:30:00,2023-04-04 13:35:00,132.72500000000002,132.5965,8031.250000002104,1.6062500000004207,3,short,NY   21-03JST,22,2023-04,戦略A 順張りショート
2023-04-04 13:35:00,2023-04-04 13:40:00,132.66,132.59803571428571,3799.824791940279,0.7599649583880558,2,short,NY   21-03JST,22,2023-04,戦略A 順張りショート
2023-04-04 13:40:00,2023-04-04 13:45:00,132.6025,132.57535714285714,1599.326599326079,0.3198653198652158,2,short,NY   21-03JST,22,2023-04,戦略A 順張りショート
2023-04-04 13:45:00,2023-04-04 13:50:00,132.56099999999998,132.64610714285712,-4999.999999999761,-0.9999999999999521,1,short,NY   21-03JST,22,2023-04,戦略A 順張りショート
2023-04-04 13:50:00,2023-04-04 13:55:00,132.5945,132.68078571428572,-4999.99999999953,-0.999999999999906,1,short,NY   21-03JST,22,2023-04,戦略A 順張りショート
2023-04-04 15:10:00,2023-04-04 15:15:00,131.774,131.68567857142855,3405.3979619945835,0.6810795923989167,6,short,NY   21-03JST,0,2023-04,戦略A 順張りショート
2023-04-04 15:35:00,2023-04-04 15:40:00,131.6485,131.62125,1401.0282776353754,0.2802056555270751,8,short,NY   21-03JST,0,2023-04,戦略A 順張りショート
2023-04-04 15:40:00,2023-04-04 15:45:00,131.61399999999998,131.62035714285716,-329.87398072854063,-0.06597479614570813,7,short,NY   21-03JST,0,2023-04,戦略A 順張りショート
2023-04-05 13:30:00,2023-04-05 13:35:00,131.1005,131.03535714285712,2924.9518922400057,0.5849903784480012,3,short,NY   21-03JST,22,2023-04,戦略A 順張りショート
2023-04-05 13:35:00,2023-04-05 13:40:00,131.05599999999998,131.02921428571426,1272.9124236256537,0.25458248472513073,2,short,NY   21-03JST,22,2023-04,戦略A 順張りショート
2023-04-05 13:45:00,2023-04-05 13:50:00,131.0985,130.72589285714284,19031.375410434877,3.8062750820869753,3,short,NY   21-03JST,22,2023-04,戦略A 順張りショート
2023-04-05 14:00:00,2023-04-05 14:05:00,130.74650000000003,130.86885714285717,-4999.999999999834,-0.9999999999999667,1,short,NY   21-03JST,23,2023-04,戦略A 順張りショート
2023-04-11 03:20:00,2023-04-11 03:25:00,133.3395,133.37596428571428,3835.462058602939,0.7670924117205878,8,long,東京 09-15JST,12,2023-04,戦略B 逆張りロング
2023-04-12 12:30:00,2023-04-12 12:35:00,132.84,132.89425000000003,-2157.057654076549,-0.4314115308153098,2,short,NY   21-03JST,21,2023-04,戦略A 順張りショート
2023-04-12 13:30:00,2023-04-12 13:35:00,133.042,133.2754285714286,-5000.000000000261,-1.0000000000000522,1,short,NY   21-03JST,22,2023-04,戦略A 順張りショート
2023-04-13 12:30:00,2023-04-13 12:35:00,132.93400000000003,132.5082857142857,24526.74897119422,4.905349794238845,6,short,NY   21-03JST,21,2023-04,戦略A 順張りショート
2023-04-18 12:00:00,2023-04-18 12:05:00,133.91000000000003,133.94239285714283,-2079.321412193489,-0.4158642824386978,2,short,NY   21-03JST,21,2023-04,戦略A 順張りショート
2023-04-18 13:05:00,2023-04-18 13:10:00,134.1795,134.28282142857142,-5000.000000000393,-1.0000000000000786,1,short,NY   21-03JST,22,2023-04,戦略A 順張りショート
2023-04-20 12:30:00,2023-04-20 12:35:00,134.25099999999998,134.3378214285714,-4999.999999999765,-0.999999999999953,1,short,NY   21-03JST,21,2023-04,戦略A 順張りショート
2023-04-27 12:05:00,2023-04-27 12:10:00,133.29700000000003,133.36485714285718,-5000.000000000598,-1.0000000000001197,1,short,NY   21-03JST,21,2023-04,戦略A 順張りショート
2023-04-28 03:50:00,2023-04-28 03:55:00,133.7935,133.6205,-5000.000000000058,-1.0000000000000115,1,long,東京 09-15JST,12,2023-04,戦略B 逆張りロング
2023-05-03 00:00:00,2023-05-03 00:05:00,136.5015,136.4638214285714,-1694.50690652166,-0.338901381304332,6,long,東京 09-15JST,9,2023-05,戦略B 逆張りロング
2023-05-03 00:25:00,2023-05-03 00:30:00,136.5185,136.47592857142857,-4999.999999999047,-0.9999999999998094,1,long,東京 09-15JST,9,2023-05,戦略B 逆張りロング
2023-05-03 00:30:00,2023-05-03 00:35:00,136.4955,136.45317857142857,-4999.99999999976,-0.9999999999999519,1,long,東京 09-15JST,9,2023-05,戦略B 逆張りロング
2023-05-03 00:35:00,2023-05-03 00:40:00,136.45499999999998,136.41157142857142,-4999.999999999299,-0.9999999999998598,2,long,東京 09-15JST,9,2023-05,戦略B 逆張りロング
2023-05-03 01:45:00,2023-05-03 01:50:00,136.0745,136.01285714285714,-5000.0,-1.0,1,long,東京 09-15JST,10,2023-05,戦略B 逆張りロング
2023-05-03 01:55:00,2023-05-03 02:00:00,136.015,135.94678571428568,-5000.000000001042,-1.0000000000002085,1,long,東京 09-15JST,10,2023-05,戦略B 逆張りロング
2023-05-03 02:05:00,2023-05-03 02:10:00,135.933,136.0022857142857,4797.230464885856,0.9594460929771712,5,long,東京 09-15JST,11,2023-05,戦略B 逆張りロング
2023-05-03 02:30:00,2023-05-03 02:35:00,136.029,136.03696428571428,537.8678244086802,0.10757356488173604,16,long,東京 09-15JST,11,2023-05,戦略B 逆張りロング
2023-05-03 02:35:00,2023-05-03 02:40:00,135.99099999999999,136.03942857142857,3383.233532935317,0.6766467065870634,15,long,東京 09-15JST,11,2023-05,戦略B 逆張りロング
2023-05-03 02:50:00,2023-05-03 02:55:00,136.043,136.04717857142856,327.36429770427674,0.06547285954085534,12,long,東京 09-15JST,11,2023-05,戦略B 逆張りロング
2023-05-03 03:00:00,2023-05-03 03:05:00,136.0125,136.05025,3106.995884775111,0.6213991769550222,10,long,東京 09-15JST,12,2023-05,戦略B 逆張りロング
2023-05-03 03:05:00,2023-05-03 03:10:00,136.036,136.03067857142855,-489.8093359650856,-0.09796186719301712,3,long,東京 09-15JST,12,2023-05,戦略B 逆張りロング
2023-05-04 14:00:00,2023-05-04 14:05:00,134.1925,134.32614285714286,-5000.0000000000755,-1.000000000000015,1,short,NY   21-03JST,23,2023-05,戦略A 順張りショート
2023-05-04 14:20:00,2023-05-04 14:25:00,134.0235,133.97267857142856,1703.3756284422752,0.34067512568845504,2,short,NY   21-03JST,23,2023-05,戦略A 順張りショート
2023-05-04 14:25:00,2023-05-04 14:30:00,133.8935,134.00360714285713,-3493.088601858277,-0.6986177203716554,3,short,NY   21-03JST,23,2023-05,戦略A 順張りショート
2023-05-04 14:30:00,2023-05-04 14:35:00,133.9305,134.0027142857143,-2304.0109389246654,-0.4608021877849331,2,short,NY   21-03JST,23,2023-05,戦略A 順張りショート
2023-05-04 14:55:00,2023-05-04 15:00:00,133.8915,134.06228571428574,-5000.0000000003565,-1.0000000000000713,1,short,NY   21-03JST,23,2023-05,戦略A 順張りショート
2023-05-04 15:15:00,2023-05-04 15:20:00,134.0325,133.66482142857143,11187.785264072987,2.2375570528145974,11,short,NY   21-03JST,0,2023-05,戦略A 順張りショート
2023-05-04 15:45:00,2023-05-04 15:50:00,133.772,133.63964285714283,4756.160164271703,0.9512320328543407,5,short,NY   21-03JST,0,2023-05,戦略A 順張りショート
2023-05-04 15:50:00,2023-05-04 15:55:00,133.7495,133.63832142857143,4033.428349313682,0.8066856698627364,4,short,NY   21-03JST,0,2023-05,戦略A 順張りショート
2023-05-04 16:30:00,2023-05-04 16:35:00,133.62599999999998,133.68078571428572,-2335.566382461659,-0.4671132764923318,2,short,NY   21-03JST,1,2023-05,戦略A 順張りショート
2023-05-05 01:25:00,2023-05-05 01:30:00,134.0075,134.0936428571429,7923.784494092474,1.5847568988184948,16,long,東京 09-15JST,10,2023-05,戦略B 逆張りロング
2023-05-08 01:50:00,2023-05-08 01:55:00,134.8715,134.81917857142858,-3773.8279237500083,-0.7547655847500017,2,long,東京 09-15JST,10,2023-05,戦略B 逆張りロング
2023-05-08 01:55:00,2023-05-08 02:00:00,134.8835,134.81314285714285,-5000.0000000005775,-1.0000000000001155,1,long,東京 09-15JST,10,2023-05,戦略B 逆張りロング
2023-05-08 02:05:00,2023-05-08 02:10:00,134.7995,134.82892857142858,2533.825338254242,0.5067650676508484,13,long,東京 09-15JST,11,2023-05,戦略B 逆張りロング
2023-05-08 02:25:00,2023-05-08 02:30:00,134.7715,134.83407142857143,5910.931174088729,1.1821862348177457,9,long,東京 09-15JST,11,2023-05,戦略B 逆張りロング
2023-05-08 02:45:00,2023-05-08 02:50:00,134.8015,134.83789285714286,3705.4545454542595,0.7410909090908518,5,long,東京 09-15JST,11,2023-05,戦略B 逆張りロング
2023-05-10 12:30:00,2023-05-10 12:35:00,134.7695,134.62964285714284,7053.314121037799,1.4106628242075598,2,short,NY   21-03JST,21,2023-05,戦略A 順張りショート
2023-05-10 12:40:00,2023-05-10 12:45:00,134.5775,134.40503571428573,7496.11921763269,1.4992238435265381,4,short,NY   21-03JST,21,2023-05,戦略A 順張りショート
2023-05-10 14:05:00,2023-05-10 14:10:00,134.4845,134.45125,1343.434343434827,0.2686868686869654,6,short,NY   21-03JST,23,2023-05,戦略A 順張りショート
2023-05-10 14:15:00,2023-05-10 14:20:00,134.4555,134.44535714285712,430.30303030407214,0.08606060606081442,4,short,NY   21-03JST,23,2023-05,戦略A 順張りショート
2023-05-10 14:20:00,2023-05-10 14:25:00,134.4425,134.444,-64.37768240313207,-0.012875536480626414,3,short,NY   21-03JST,23,2023-05,戦略A 順張りショート
2023-05-10 14:25:00,2023-05-10 14:30:00,134.368,134.44010714285713,-3201.7126546143963,-0.6403425309228793,2,short,NY   21-03JST,23,2023-05,戦略A 順張りショート
2023-05-10 14:30:00,2023-05-10 14:35:00,134.372,134.48496428571428,-4999.999999999461,-0.9999999999998921,1,short,NY   21-03JST,23,2023-05,戦略A 順張りショート
2023-05-10 17:40:00,2023-05-10 17:45:00,134.127,134.17550000000003,-5000.000000001255,-1.000000000000251,1,short,NY   21-03JST,2,2023-05,戦略A 順張りショート
2023-05-11 00:00:00,2023-05-11 00:05:00,134.031,134.0250357142857,-501.50150150266103,-0.1003003003005322,2,long,東京 09-15JST,9,2023-05,戦略B 逆張りロング
2023-05-11 00:05:00,2023-05-11 00:10:00,134.0505,133.99042857142857,-5000.000000001013,-1.0000000000002027,1,long,東京 09-15JST,9,2023-05,戦略B 逆張りロング
2023-05-11 00:15:00,2023-05-11 00:20:00,133.95,134.09489285714287,11759.420289858163,2.3518840579716325,7,long,東京 09-15JST,9,2023-05,戦略B 逆張りロング
2023-05-11 00:20:00,2023-05-11 00:25:00,133.9145,134.0935357142857,14217.24333522566,2.843448667045132,6,long,東京 09-15JST,9,2023-05,戦略B 逆張りロング
2023-05-11 00:25:00,2023-05-11 00:30:00,133.9515,134.09460714285714,11560.877091749857,2.3121754183499714,5,long,東京 09-15JST,9,2023-05,戦略B 逆張りロング
2023-05-11 12:00:00,2023-05-11 12:05:00,134.1005,134.10660714285714,-378.8214443945768,-0.07576428887891536,2,short,NY   21-03JST,21,2023-05,戦略A 順張りショート
2023-05-11 13:30:00,2023-05-11 13:35:00,133.87599999999998,134.01224999999997,-4999.9999999995525,-0.9999999999999105,1,short,NY   21-03JST,22,2023-05,戦略A 順張りショート
2023-05-16 17:30:00,2023-05-16 17:35:00,136.34550000000002,136.37725,-3256.4102564090213,-0.6512820512818043,4,short,NY   21-03JST,2,2023-05,戦略A 順張りショート
2023-05-16 17:45:00,2023-05-16 17:50:00,136.35399999999998,136.33789285714286,1717.4409748645774,0.3434881949729155,5,short,NY   21-03JST,2,2023-05,戦略A 順張りショート
2023-05-19 00:10:00,2023-05-19 00:15:00,138.372,138.30617857142857,-5000.000000000617,-1.0000000000001232,1,long,東京 09-15JST,9,2023-05,戦略B 逆張りロング
2023-05-19 00:15:00,2023-05-19 00:20:00,138.35199999999998,138.37671428571426,1922.2222222218538,0.38444444444437076,4,long,東京 09-15JST,9,2023-05,戦略B 逆張りロング
2023-05-19 00:20:00,2023-05-19 00:25:00,138.30349999999999,138.37453571428568,5343.901128424309,1.0687802256848618,3,long,東京 09-15JST,9,2023-05,戦略B 逆張りロング
2023-05-19 00:25:00,2023-05-19 00:30:00,138.3515,138.37249999999997,1532.8467153274376,0.3065693430654875,2,long,東京 09-15JST,9,2023-05,戦略B 逆張りロング
2023-05-19 00:40:00,2023-05-19 00:45:00,138.382,138.31092857142858,-5000.000000000143,-1.0000000000000286,1,long,東京 09-15JST,9,2023-05,戦略B 逆張りロング
2023-05-19 00:50:00,2023-05-19 00:55:00,138.341,138.3709642857143,1751.5657620050997,0.35031315240101996,2,long,東京 09-15JST,9,2023-05,戦略B 逆張りロング
2023-05-19 15:10:00,2023-05-19 15:15:00,137.99450000000002,137.6239642857143,15573.401380966407,3.1146802761932815,2,short,NY   21-03JST,0,2023-05,戦略A 順張りショート
2023-05-19 15:15:00,2023-05-19 15:20:00,137.599,137.74832142857142,-4999.999999999728,-0.9999999999999456,1,short,NY   21-03JST,0,2023-05,戦略A 順張りショート
2023-05-19 15:20:00,2023-05-19 15:25:00,137.648,137.58953571428572,1792.99014238748,0.358598028477496,3,short,NY   21-03JST,0,2023-05,戦略A 順張りショート
2023-05-19 15:30:00,2023-05-19 15:35:00,137.54250000000002,137.65385714285716,-2963.8783269962205,-0.5927756653992441,2,short,NY   21-03JST,0,2023-05,戦略A 順張りショート
2023-05-19 15:35:00,2023-05-19 15:40:00,137.524,137.71625,-5000.000000000053,-1.0000000000000107,1,short,NY   21-03JST,0,2023-05,戦略A 順張りショート
2023-05-19 16:00:00,2023-05-19 16:05:00,137.668,137.88035714285715,-5000.0000000000955,-1.000000000000019,2,short,NY   21-03JST,1,2023-05,戦略A 順張りショート
2023-05-26 02:15:00,2023-05-26 02:20:00,139.8175,139.83360714285715,1415.5681104841817,0.2831136220968363,5,long,東京 09-15JST,11,2023-05,戦略B 逆張りロング
2023-05-29 01:35:00,2023-05-29 01:40:00,140.5245,140.52489285714285,35.32434168261767,0.007064868336523534,2,long,東京 09-15JST,10,2023-05,戦略B 逆張りロング
2023-05-29 01:40:00,2023-05-29 01:45:00,140.526,140.51707142857143,-777.363184080633,-0.1554726368161266,4,long,東京 09-15JST,10,2023-05,戦略B 逆張りロング
2023-05-29 01:50:00,2023-05-29 01:55:00,140.5565,140.51482142857142,-3491.9210053862053,-0.6983842010772411,2,long,東京 09-15JST,10,2023-05,戦略B 逆張りロング
2023-05-29 02:00:00,2023-05-29 02:05:00,140.5285,140.47546428571428,-5000.000000000957,-1.0000000000001914,1,long,東京 09-15JST,11,2023-05,戦略B 逆張りロング
2023-05-29 02:05:00,2023-05-29 02:10:00,140.4555,140.46085714285712,468.7499999981293,0.09374999999962585,3,long,東京 09-15JST,11,2023-05,戦略B 逆張りロング
2023-05-29 02:25:00,2023-05-29 02:30:00,140.462,140.41121428571427,-5000.000000001399,-1.0000000000002798,1,long,東京 09-15JST,11,2023-05,戦略B 逆張りロング
2023-05-29 02:30:00,2023-05-29 02:35:00,140.437,140.38932142857144,-5000.000000000851,-1.0000000000001703,1,long,東京 09-15JST,11,2023-05,戦略B 逆張りロング
2023-05-29 02:35:00,2023-05-29 02:40:00,140.387,140.57421428571428,19796.072507554232,3.9592145015108464,10,long,東京 09-15JST,11,2023-05,戦略B 逆張りロング
2023-05-29 05:25:00,2023-05-29 05:30:00,140.36,140.36546428571427,657.7815993081007,0.13155631986162014,4,long,東京 09-15JST,14,2023-05,戦略B 逆張りロング
2023-05-29 05:40:00,2023-05-29 05:45:00,140.38600000000002,140.34614285714287,-5000.000000000765,-1.000000000000153,1,long,東京 09-15JST,14,2023-05,戦略B 逆張りロング
2023-05-29 05:50:00,2023-05-29 05:55:00,140.336,140.29675,-5000.0000000005175,-1.0000000000001035,1,long,東京 09-15JST,14,2023-05,戦略B 逆張りロング
2023-05-30 00:55:00,2023-05-30 01:00:00,140.22050000000002,140.1504642857143,-5000.000000000435,-1.000000000000087,1,long,東京 09-15JST,9,2023-05,戦略B 逆張りロング
2023-05-30 01:00:00,2023-05-30 01:05:00,140.0595,140.08739285714285,1740.9719126153564,0.3481943825230713,4,long,東京 09-15JST,10,2023-05,戦略B 逆張りロング
2023-05-30 01:20:00,2023-05-30 01:25:00,140.1255,140.05357142857142,-4999.99999999986,-0.999999999999972,2,long,東京 09-15JST,10,2023-05,戦略B 逆張りロング
2023-05-30 01:25:00,2023-05-30 01:30:00,140.0975,140.02967857142858,-4999.999999999402,-0.9999999999998803,1,long,東京 09-15JST,10,2023-05,戦略B 逆張りロング
2023-05-30 01:30:00,2023-05-30 01:35:00,140.07799999999997,140.0135357142857,-4999.999999999684,-0.9999999999999368,1,long,東京 09-15JST,10,2023-05,戦略B 逆張りロング
2023-05-30 01:35:00,2023-05-30 01:40:00,140.065,140.028,-2681.1594202905135,-0.5362318840581027,4,long,東京 09-15JST,10,2023-05,戦略B 逆張りロング
2023-05-30 01:55:00,2023-05-30 02:00:00,140.0655,140.03821428571433,-1983.3852544090205,-0.3966770508818041,9,long,東京 09-15JST,10,2023-05,戦略B 逆張りロング
2023-05-30 02:30:00,2023-05-30 02:35:00,140.06400000000002,140.0399642857143,-2163.9871382651245,-0.4327974276530249,2,long,東京 09-15JST,11,2023-05,戦略B 逆張りロング
2023-05-30 12:30:00,2023-05-30 12:35:00,139.7295,139.81789285714285,-4999.999999999541,-0.9999999999999082,1,short,NY   21-03JST,21,2023-05,戦略A 順張りショート
2023-05-31 05:25:00,2023-05-31 05:30:00,139.543,139.48978571428572,-4999.999999999428,-0.9999999999998855,1,long,東京 09-15JST,14,2023-05,戦略B 逆張りロング
2023-05-31 05:40:00,2023-05-31 05:45:00,139.35500000000002,139.4025,3368.794326239716,0.6737588652479433,3,long,東京 09-15JST,14,2023-05,戦略B 逆張りロング
2023-05-31 05:45:00,2023-05-31 05:50:00,139.41899999999998,139.39903571428573,-1349.5895702535533,-0.2699179140507107,2,long,東京 09-15JST,14,2023-05,戦略B 逆張りロング
2023-05-31 16:25:00,2023-05-31 16:30:00,139.8075,139.76764285714285,2455.9859154942433,0.49119718309884863,10,short,NY   21-03JST,1,2023-06,戦略A 順張りショート
2023-06-01 12:30:00,2023-06-01 12:35:00,139.34500000000003,139.14678571428573,7325.765575501993,1.4651531151003987,9,short,NY   21-03JST,21,2023-06,戦略A 順張りショート
2023-06-01 12:35:00,2023-06-01 12:40:00,139.2165,139.1537142857143,2207.4334505266606,0.44148669010533215,8,short,NY   21-03JST,21,2023-06,戦略A 順張りショート
2023-06-01 12:40:00,2023-06-01 12:45:00,139.3125,139.1619642857143,5002.373605506101,1.0004747211012202,7,short,NY   21-03JST,21,2023-06,戦略A 順張りショート
2023-06-01 12:50:00,2023-06-01 12:55:00,139.1325,139.1684285714286,-1144.7428311342208,-0.22894856622684415,5,short,NY   21-03JST,21,2023-06,戦略A 順張りショート
2023-06-01 12:55:00,2023-06-01 13:00:00,139.112,139.16785714285714,-1786.2037460029658,-0.3572407492005932,4,short,NY   21-03JST,21,2023-06,戦略A 順張りショート
2023-06-01 13:00:00,2023-06-01 13:05:00,139.08800000000002,139.02239285714285,2032.5293206471779,0.40650586412943557,8,short,NY   21-03JST,22,2023-06,戦略A 順張りショート
2023-06-01 13:05:00,2023-06-01 13:10:00,139.0595,139.01746428571428,1343.300616298218,0.2686601232596436,7,short,NY   21-03JST,22,2023-06,戦略A 順張りショート
2023-06-01 13:25:00,2023-06-01 13:30:00,139.12099999999998,139.01757142857144,4022.2222222211294,0.8044444444442259,3,short,NY   21-03JST,22,2023-06,戦略A 順張りショート
2023-06-02 02:55:00,2023-06-02 03:00:00,138.74200000000002,138.70475000000002,-5000.0,-1.0,1,long,東京 09-15JST,11,2023-06,戦略B 逆張りロング
2023-06-02 03:00:00,2023-06-02 03:05:00,138.66649999999998,138.65942857142858,-830.5369127492007,-0.16610738254984014,2,long,東京 09-15JST,12,2023-06,戦略B 逆張りロング
2023-06-02 03:15:00,2023-06-02 03:20:00,138.65699999999998,138.71832142857144,7184.100418414165,1.4368200836828329,5,long,東京 09-15JST,12,2023-06,戦略B 逆張りロング
2023-06-02 03:20:00,2023-06-02 03:25:00,138.642,138.71757142857146,8700.657894741338,1.7401315789482676,4,long,東京 09-15JST,12,2023-06,戦略B 逆張りロング
2023-06-05 15:00:00,2023-06-05 15:05:00,139.65449999999998,139.68160714285713,-1592.530423835821,-0.3185060847671642,5,short,NY   21-03JST,0,2023-06,戦略A 順張りショート
2023-06-05 16:50:00,2023-06-05 16:55:00,139.69,139.74664285714286,-4999.99999999982,-0.999999999999964,2,short,NY   21-03JST,1,2023-06,戦略A 順張りショート
2023-06-08 12:55:00,2023-06-08 13:00:00,139.4185,139.41664285714288,88.737201364054,0.0177474402728108,2,short,NY   21-03JST,21,2023-06,戦略A 順張りショート
2023-06-08 13:00:00,2023-06-08 13:05:00,139.4095,139.4325,-1069.7674418602278,-0.21395348837204556,2,short,NY   21-03JST,22,2023-06,戦略A 順張りショート
2023-06-08 13:05:00,2023-06-08 13:10:00,139.3765,139.12053571428572,11526.214216788723,2.3052428433577448,8,short,NY   21-03JST,22,2023-06,戦略A 順張りショート
2023-06-09 12:30:00,2023-06-09 12:35:00,139.10899999999998,139.1782857142857,-4999.999999999854,-0.9999999999999707,1,short,NY   21-03JST,21,2023-06,戦略A 順張りショート
2023-06-09 13:00:00,2023-06-09 13:05:00,139.2435,139.25157142857142,-471.61936560836153,-0.09432387312167231,2,short,NY   21-03JST,22,2023-06,戦略A 順張りショート
2023-06-09 13:05:00,2023-06-09 13:10:00,139.2,139.28625,-5000.0,-1.0,1,short,NY   21-03JST,22,2023-06,戦略A 順張りショート
2023-06-09 13:10:00,2023-06-09 13:15:00,139.2115,139.29678571428573,-5000.000000000594,-1.0000000000001188,1,short,NY   21-03JST,22,2023-06,戦略A 順張りショート
2023-06-15 14:35:00,2023-06-15 14:40:00,140.2305,140.29782142857138,-2832.88247670375,-0.5665764953407499,2,short,NY   21-03JST,23,2023-06,戦略A 順張りショート
2023-06-15 17:10:00,2023-06-15 17:15:00,140.257,140.30467857142855,-4798.70596692827,-0.959741193385654,2,short,NY   21-03JST,2,2023-06,戦略A 順張りショート
2023-06-16 01:45:00,2023-06-16 01:50:00,139.88400000000001,140.0382142857143,10041.860465116079,2.008372093023216,8,long,東京 09-15JST,10,2023-06,戦略B 逆張りロング
2023-06-20 02:20:00,2023-06-20 02:25:00,141.7385,141.6442857142857,-5000.000000000216,-1.000000000000043,1,long,東京 09-15JST,11,2023-06,戦略B 逆張りロング
2023-06-20 02:25:00,2023-06-20 02:30:00,141.6155,141.74607142857144,6566.091954023734,1.3132183908047468,11,long,東京 09-15JST,11,2023-06,戦略B 逆張りロング
2023-06-20 02:30:00,2023-06-20 02:35:00,141.63299999999998,141.74464285714288,5534.702549577129,1.1069405099154257,10,long,東京 09-15JST,11,2023-06,戦略B 逆張りロング
2023-06-20 02:50:00,2023-06-20 02:55:00,141.6625,141.73889285714287,3582.914572865411,0.7165829145730822,6,long,東京 09-15JST,11,2023-06,戦略B 逆張りロング
2023-06-20 03:20:00,2023-06-20 03:25:00,141.7805,141.7185357142857,-3689.919183325855,-0.737983836665171,4,long,東京 09-15JST,12,2023-06,戦略B 逆張りロング
2023-06-20 03:25:00,2023-06-20 03:30:00,141.7195,141.71817857142858,-78.35662854729361,-0.01567132570945872,3,long,東京 09-15JST,12,2023-06,戦略B 逆張りロング
2023-06-20 04:00:00,2023-06-20 04:05:00,141.6935,142.0459642857143,30898.55979962623,6.179711959925246,13,long,東京 09-15JST,13,2023-06,戦略B 逆張りロング
2023-06-20 16:15:00,2023-06-20 16:20:00,141.3745,141.2775714285714,7745.433789957553,1.5490867579915106,10,short,NY   21-03JST,1,2023-06,戦略A 順張りショート
2023-06-20 16:20:00,2023-06-20 16:25:00,141.3495,141.2708214285714,7047.344849652234,1.4094689699304468,9,short,NY   21-03JST,1,2023-06,戦略A 順張りショート
2023-06-20 16:30:00,2023-06-20 16:35:00,141.3375,141.26589285714283,7035.087719301926,1.4070175438603851,7,short,NY   21-03JST,1,2023-06,戦略A 順張りショート
2023-06-20 16:35:00,2023-06-20 16:40:00,141.3145,141.29657142857144,1924.8466257668126,0.3849693251533625,2,short,NY   21-03JST,1,2023-06,戦略A 順張りショート
2023-06-20 16:40:00,2023-06-20 16:45:00,141.2545,141.26321428571427,-903.7037037013047,-0.18074074074026095,5,short,NY   21-03JST,1,2023-06,戦略A 順張りショート
2023-06-20 16:45:00,2023-06-20 16:50:00,141.288,141.26399999999998,2448.9795918399054,0.4897959183679811,4,short,NY   21-03JST,1,2023-06,戦略A 順張りショート
2023-06-30 17:20:00,2023-06-30 17:25:00,144.292,144.31032142857143,-1734.279918863911,-0.3468559837727822,2,short,NY   21-03JST,2,2023-07,戦略A 順張りショート
2023-06-30 17:25:00,2023-06-30 17:30:00,144.276,144.30428571428573,-2812.500000000189,-0.5625000000000379,2,short,NY   21-03JST,2,2023-07,戦略A 順張りショート
2023-06-30 17:30:00,2023-06-30 17:35:00,144.2595,144.3045,-4999.999999998647,-0.9999999999997293,1,short,NY   21-03JST,2,2023-07,戦略A 順張りショート
2023-07-03 04:50:00,2023-07-03 04:55:00,144.44299999999998,144.4310714285714,-1457.2425828967077,-0.29144851657934157,4,long,東京 09-15JST,13,2023-07,戦略B 逆張りロング
2023-07-03 05:15:00,2023-07-03 05:20:00,144.3975,144.42828571428572,3690.068493150341,0.7380136986300682,2,long,東京 09-15JST,14,2023-07,戦略B 逆張りロング
2023-07-03 13:30:00,2023-07-03 13:35:00,144.4805,144.05657142857143,30249.745158002504,6.049949031600501,6,short,NY   21-03JST,22,2023-07,戦略A 順張りショート
2023-07-03 13:45:00,2023-07-03 13:50:00,144.40800000000002,144.05910714285716,24026.069847514478,4.805213969502896,3,short,NY   21-03JST,22,2023-07,戦略A 順張りショート
2023-07-03 13:50:00,2023-07-03 13:55:00,144.38299999999998,144.05867857142857,22466.600692722946,4.493320138544589,2,short,NY   21-03JST,22,2023-07,戦略A 順張りショート
2023-07-06 04:35:00,2023-07-06 04:40:00,144.007,144.04632142857142,3531.1096856941813,0.7062219371388363,2,long,東京 09-15JST,13,2023-07,戦略B 逆張りロング
2023-07-06 05:40:00,2023-07-06 05:45:00,143.756,143.70496428571428,-3334.1110592631394,-0.6668222118526279,2,long,東京 09-15JST,14,2023-07,戦略B 逆張りロング
2023-07-06 05:50:00,2023-07-06 05:55:00,143.7295,143.77228571428572,3004.012036108316,0.6008024072216632,2,long,東京 09-15JST,14,2023-07,戦略B 逆張りロング
2023-07-06 05:55:00,2023-07-06 06:00:00,143.72,143.75510714285716,2375.543740938668,0.47510874818773363,2,long,東京 09-15JST,14,2023-07,戦略B 逆張りロング
2023-07-06 16:40:00,2023-07-06 16:45:00,144.106,144.1367857142857,-2086.1568247821897,-0.4172313649564379,2,short,NY   21-03JST,1,2023-07,戦略A 順張りショート
2023-07-07 05:35:00,2023-07-07 05:40:00,143.6615,143.61064285714284,-5000.000000000798,-1.0000000000001594,1,long,東京 09-15JST,14,2023-07,戦略B 逆張りロング
2023-07-07 05:40:00,2023-07-07 05:45:00,143.6285,143.6002857142857,-2809.388335706473,-0.5618776671412946,2,long,東京 09-15JST,14,2023-07,戦略B 逆張りロング
2023-07-07 05:45:00,2023-07-07 05:50:00,143.64800000000002,143.5967142857143,-4999.999999999406,-0.9999999999998812,1,long,東京 09-15JST,14,2023-07,戦略B 逆張りロング
2023-07-07 05:55:00,2023-07-07 06:00:00,143.5735,143.59535714285713,1929.3820933153227,0.38587641866306455,2,long,東京 09-15JST,14,2023-07,戦略B 逆張りロング
2023-07-07 12:30:00,2023-07-07 12:35:00,142.724,142.86089285714286,-5000.000000000147,-1.0000000000000295,1,short,NY   21-03JST,21,2023-07,戦略A 順張りショート
2023-07-07 13:25:00,2023-07-07 13:30:00,142.8065,142.56046428571426,5505.034361515653,1.1010068723031305,5,short,NY   21-03JST,22,2023-07,戦略A 順張りショート
2023-07-07 13:30:00,2023-07-07 13:35:00,142.699,142.56799999999998,2835.4978354984482,0.5670995670996897,4,short,NY   21-03JST,22,2023-07,戦略A 順張りショート
2023-07-07 13:35:00,2023-07-07 13:40:00,142.6165,142.54967857142856,1570.9487825360543,0.31418975650721087,2,short,NY   21-03JST,22,2023-07,戦略A 順張りショート
2023-07-07 13:40:00,2023-07-07 13:45:00,142.5545,142.57139285714285,-465.6428430795317,-0.09312856861590633,2,short,NY   21-03JST,22,2023-07,戦略A 順張りショート
2023-07-07 13:45:00,2023-07-07 13:50:00,142.39,142.56432142857142,-5000.000000000175,-1.0000000000000349,1,short,NY   21-03JST,22,2023-07,戦略A 順張りショート
2023-07-07 14:05:00,2023-07-07 14:10:00,142.437,142.43125000000003,173.97881996906824,0.03479576399381365,3,short,NY   21-03JST,23,2023-07,戦略A 順張りショート
2023-07-07 14:45:00,2023-07-07 14:50:00,142.183,142.25235714285716,-2345.4106280201727,-0.46908212560403456,2,short,NY   21-03JST,23,2023-07,戦略A 順張りショート
2023-07-11 02:00:00,2023-07-11 02:05:00,141.0435,141.05939285714288,1175.382989965308,0.2350765979930616,5,long,東京 09-15JST,11,2023-07,戦略B 逆張りロング
2023-07-11 02:05:00,2023-07-11 02:10:00,141.0545,141.06092857142858,486.4864864876191,0.09729729729752383,4,long,東京 09-15JST,11,2023-07,戦略B 逆張りロング
2023-07-11 03:50:00,2023-07-11 03:55:00,140.8315,140.76410714285714,-5000.000000000452,-1.0000000000000904,2,long,東京 09-15JST,12,2023-07,戦略B 逆張りロング
2023-07-11 04:30:00,2023-07-11 04:35:00,140.6935,140.638,-4999.999999999269,-0.9999999999998538,1,long,東京 09-15JST,13,2023-07,戦略B 逆張りロング
2023-07-12 00:00:00,2023-07-12 00:05:00,140.04149999999998,139.99075,-4999.999999999,-0.9999999999997999,1,long,東京 09-15JST,9,2023-07,戦略B 逆張りロング
2023-07-12 00:10:00,2023-07-12 00:15:00,139.96499999999997,139.9055714285714,-5000.000000000682,-1.0000000000001363,1,long,東京 09-15JST,9,2023-07,戦略B 逆張りロング
2023-07-12 00:15:00,2023-07-12 00:20:00,139.88400000000001,139.81853571428573,-4999.999999999534,-0.9999999999999069,1,long,東京 09-15JST,9,2023-07,戦略B 逆張りロング
2023-07-12 00:30:00,2023-07-12 00:35:00,139.7375,139.6554285714286,-4999.999999999382,-0.9999999999998765,1,long,東京 09-15JST,9,2023-07,戦略B 逆張りロング
2023-07-12 00:35:00,2023-07-12 00:40:00,139.719,139.63239285714286,-4999.99999999918,-0.9999999999998359,1,long,東京 09-15JST,9,2023-07,戦略B 逆張りロング
2023-07-12 00:40:00,2023-07-12 00:45:00,139.6565,139.74425,4808.219178081953,0.9616438356163906,2,long,東京 09-15JST,9,2023-07,戦略B 逆張りロング
2023-07-12 00:45:00,2023-07-12 00:50:00,139.70600000000002,139.74285714285713,1916.7904903402618,0.3833580980680524,2,long,東京 09-15JST,9,2023-07,戦略B 逆張りロング
2023-07-12 01:10:00,2023-07-12 01:15:00,139.438,139.39114285714285,-1938.5342789594843,-0.38770685579189684,2,long,東京 09-15JST,10,2023-07,戦略B 逆張りロング
2023-07-12 01:15:00,2023-07-12 01:20:00,139.512,139.38878571428572,-4999.999999999918,-0.9999999999999837,1,long,東京 09-15JST,10,2023-07,戦略B 逆張りロング
2023-07-12 01:20:00,2023-07-12 01:25:00,139.40449999999998,139.4240357142857,784.7919655670997,0.15695839311341994,2,long,東京 09-15JST,10,2023-07,戦略B 逆張りロング
2023-07-12 01:35:00,2023-07-12 01:40:00,139.51850000000002,139.62414285714286,4370.567375886084,0.8741134751772168,8,long,東京 09-15JST,10,2023-07,戦略B 逆張りロング
2023-07-12 01:45:00,2023-07-12 01:50:00,139.49200000000002,139.625,5541.666666666148,1.1083333333332295,6,long,東京 09-15JST,10,2023-07,戦略B 逆張りロング
2023-07-12 01:55:00,2023-07-12 02:00:00,139.466,139.63082142857144,7217.704097591756,1.4435408195183512,4,long,東京 09-15JST,10,2023-07,戦略B 逆張りロング
2023-07-12 13:55:00,2023-07-12 14:00:00,138.82299999999998,138.66917857142855,4908.821518121934,0.9817643036243868,5,short,NY   21-03JST,22,2023-07,戦略A 順張りショート
2023-07-12 15:15:00,2023-07-12 15:20:00,138.4435,138.26503571428572,8297.907671869047,1.6595815343738094,8,short,NY   21-03JST,0,2023-07,戦略A 順張りショート
2023-07-13 00:20:00,2023-07-13 00:25:00,138.10399999999998,138.26942857142856,11889.117043121036,2.377823408624207,3,long,東京 09-15JST,9,2023-07,戦略B 逆張りロング
2023-07-13 16:25:00,2023-07-13 16:30:00,138.07100000000003,138.1005357142857,-2288.323187601247,-0.4576646375202494,6,short,NY   21-03JST,1,2023-07,戦略A 順張りショート
2023-07-14 01:45:00,2023-07-14 01:50:00,137.41649999999998,137.43328571428572,664.9688737980374,0.13299377475960747,4,long,東京 09-15JST,10,2023-07,戦略B 逆張りロング
2023-07-14 02:35:00,2023-07-14 02:40:00,137.578,137.56392857142856,-666.4411366717594,-0.1332882273343519,6,long,東京 09-15JST,11,2023-07,戦略B 逆張りロング
2023-07-14 02:50:00,2023-07-14 02:55:00,137.5865,137.58485714285712,-100.61242344867344,-0.02012248468973469,2,long,東京 09-15JST,11,2023-07,戦略B 逆張りロング
2023-07-14 15:00:00,2023-07-14 15:05:00,138.49099999999999,138.62528571428572,-4037.8006872857927,-0.8075601374571585,3,short,NY   21-03JST,0,2023-07,戦略A 順張りショート
2023-07-14 15:10:00,2023-07-14 15:15:00,138.54399999999998,138.68239285714284,-5000.000000000074,-1.0000000000000147,3,short,NY   21-03JST,0,2023-07,戦略A 順張りショート
2023-07-17 00:50:00,2023-07-17 00:55:00,138.4335,138.38889285714288,-4999.9999999984075,-0.9999999999996815,1,long,東京 09-15JST,9,2023-07,戦略B 逆張りロング
2023-07-19 12:55:00,2023-07-19 13:00:00,139.64600000000002,139.61975,1114.64968152877,0.22292993630575403,2,short,NY   21-03JST,21,2023-07,戦略A 順張りショート
2023-07-19 13:35:00,2023-07-19 13:40:00,139.527,139.6615,-5000.0,-1.0,1,short,NY   21-03JST,22,2023-07,戦略A 順張りショート
2023-07-19 16:45:00,2023-07-19 16:50:00,139.53500000000003,139.5967142857143,-4999.999999999672,-0.9999999999999344,1,short,NY   21-03JST,1,2023-07,戦略A 順張りショート
2023-07-20 01:00:00,2023-07-20 01:05:00,139.3905,139.37321428571428,-946.7918622851637,-0.18935837245703274,2,long,東京 09-15JST,10,2023-07,戦略B 逆張りロング
2023-07-20 01:15:00,2023-07-20 01:20:00,139.33350000000002,139.2466785714286,-5000.0,-1.0,1,long,東京 09-15JST,10,2023-07,戦略B 逆張りロング
2023-07-20 01:20:00,2023-07-20 01:25:00,139.256,139.22585714285714,-1709.8865478123935,-0.3419773095624787,2,long,東京 09-15JST,10,2023-07,戦略B 逆張りロング
2023-07-20 01:45:00,2023-07-20 01:50:00,139.1695,139.1758214285714,344.76042072284184,0.06895208414456837,6,long,東京 09-15JST,10,2023-07,戦略B 逆張りロング
2023-07-20 02:20:00,2023-07-20 02:25:00,139.166,139.20828571428572,2738.2053654032225,0.5476410730806445,6,long,東京 09-15JST,11,2023-07,戦略B 逆張りロング
2023-07-20 02:25:00,2023-07-20 02:30:00,139.1515,139.21157142857146,4062.8019323696226,0.8125603864739245,5,long,東京 09-15JST,11,2023-07,戦略B 逆張りロング
2023-07-21 13:00:00,2023-07-21 13:05:00,141.423,141.38678571428574,1570.6319702592712,0.3141263940518542,2,short,NY   21-03JST,22,2023-07,戦略A 順張りショート
2023-07-24 02:25:00,2023-07-24 02:30:00,141.3595,141.39210714285713,2120.297259636928,0.42405945192738564,2,long,東京 09-15JST,11,2023-07,戦略B 逆張りロング
2023-07-24 02:40:00,2023-07-24 02:45:00,141.3685,141.40635714285713,2587.8906249984047,0.5175781249996809,4,long,東京 09-15JST,11,2023-07,戦略B 逆張りロング
2023-07-24 03:25:00,2023-07-24 03:30:00,141.382,141.38889285714282,636.963696365741,0.1273927392731482,7,long,東京 09-15JST,12,2023-07,戦略B 逆張りロング
2023-07-24 03:30:00,2023-07-24 03:35:00,141.3785,141.3885357142857,921.311475407716,0.1842622950815432,6,long,東京 09-15JST,12,2023-07,戦略B 逆張りロング
2023-07-24 03:35:00,2023-07-24 03:40:00,141.37,141.38796428571428,1632.0571057740167,0.3264114211548033,5,long,東京 09-15JST,12,2023-07,戦略B 逆張りロング
2023-07-25 02:50:00,2023-07-25 02:55:00,141.264,141.20889285714287,-5000.000000000368,-1.0000000000000737,1,long,東京 09-15JST,11,2023-07,戦略B 逆張りロング
2023-07-25 03:00:00,2023-07-25 03:05:00,141.23950000000002,141.30996428571427,6287.4442319927075,1.2574888463985414,7,long,東京 09-15JST,12,2023-07,戦略B 逆張りロング
2023-07-25 13:40:00,2023-07-25 13:45:00,141.2385,141.3405,-5000.0000000005975,-1.0000000000001195,1,short,NY   21-03JST,22,2023-07,戦略A 順張りショート
2023-07-28 05:05:00,2023-07-28 05:10:00,138.5625,139.39842857142858,10939.427930454562,2.1878855860909123,19,long,東京 09-15JST,14,2023-07,戦略B 逆張りロング
2023-07-28 05:40:00,2023-07-28 05:45:00,139.066,139.04539285714287,-465.9990308509564,-0.09319980617019127,3,long,東京 09-15JST,14,2023-07,戦略B 逆張りロング
2023-07-31 00:00:00,2023-07-31 00:05:00,140.69650000000001,140.80557142857143,8028.391167191219,1.6056782334382438,2,long,東京 09-15JST,9,2023-07,戦略B 逆張りロング
2023-08-02 04:50:00,2023-08-02 04:55:00,142.9965,142.94692857142857,-4999.99999999959,-0.999999999999918,1,long,東京 09-15JST,13,2023-08,戦略B 逆張りロング
2023-08-02 05:00:00,2023-08-02 05:05:00,142.755,142.68707142857141,-5000.000000000897,-1.0000000000001794,1,long,東京 09-15JST,14,2023-08,戦略B 逆張りロング
2023-08-02 05:10:00,2023-08-02 05:15:00,142.692,142.87435714285718,12726.819541378021,2.545363908275604,7,long,東京 09-15JST,14,2023-08,戦略B 逆張りロング
2023-08-02 05:15:00,2023-08-02 05:20:00,142.6825,142.86985714285717,12303.001876174461,2.4606003752348924,6,long,東京 09-15JST,14,2023-08,戦略B 逆張りロング
2023-08-03 12:40:00,2023-08-03 12:45:00,142.623,142.7385,-4999.999999999824,-0.9999999999999647,1,short,NY   21-03JST,21,2023-08,戦略A 順張りショート
2023-08-03 14:05:00,2023-08-03 14:10:00,142.4985,142.61807142857143,-4999.999999999915,-0.9999999999999831,1,short,NY   21-03JST,23,2023-08,戦略A 順張りショート
2023-08-03 14:55:00,2023-08-03 15:00:00,142.296,142.1961785714286,3848.8019829238483,0.7697603965847697,4,short,NY   21-03JST,23,2023-08,戦略A 順張りショート
2023-08-04 02:45:00,2023-08-04 02:50:00,142.41649999999998,142.5288928571429,6761.925225615582,1.3523850451231165,9,long,東京 09-15JST,11,2023-08,戦略B 逆張りロング
2023-08-04 12:40:00,2023-08-04 12:45:00,142.353,142.29257142857142,2236.911686938783,0.4473823373877566,2,short,NY   21-03JST,21,2023-08,戦略A 順張りショート
2023-08-04 12:50:00,2023-08-04 12:55:00,142.1905,142.10150000000002,3016.9491525414496,0.6033898305082899,3,short,NY   21-03JST,21,2023-08,戦略A 順張りショート
2023-08-04 12:55:00,2023-08-04 13:00:00,142.249,142.1080357142857,4575.701367957667,0.9151402735915334,2,short,NY   21-03JST,21,2023-08,戦略A 順張りショート
2023-08-04 14:10:00,2023-08-04 14:15:00,141.75400000000002,141.68178571428572,2771.3815789477703,0.554276315789554,6,short,NY   21-03JST,23,2023-08,戦略A 順張りショート
2023-08-04 14:15:00,2023-08-04 14:20:00,141.6655,141.68157142857143,-617.7924217460635,-0.1235584843492127,5,short,NY   21-03JST,23,2023-08,戦略A 順張りショート
2023-08-04 14:20:00,2023-08-04 14:25:00,141.61950000000002,141.66625,-2037.0370370360217,-0.4074074074072043,4,short,NY   21-03JST,23,2023-08,戦略A 順張りショート
2023-08-15 14:30:00,2023-08-15 14:35:00,145.28199999999998,145.2004642857143,4292.967280930616,0.8585934561861231,5,short,NY   21-03JST,23,2023-08,戦略A 順張りショート
2023-08-17 12:05:00,2023-08-17 12:10:00,145.764,145.77935714285712,-1099.1820040879352,-0.21983640081758704,2,short,NY   21-03JST,21,2023-08,戦略A 順張りショート
2023-08-18 01:30:00,2023-08-18 01:35:00,145.437,145.36889285714287,-4999.9999999995525,-0.9999999999999105,1,long,東京 09-15JST,10,2023-08,戦略B 逆張りロング
2023-08-18 01:35:00,2023-08-18 01:40:00,145.3765,145.481,7157.534246574518,1.4315068493149037,7,long,東京 09-15JST,10,2023-08,戦略B 逆張りロング
2023-08-18 01:40:00,2023-08-18 01:45:00,145.361,145.47914285714285,7891.2213740447,1.5782442748089398,6,long,東京 09-15JST,10,2023-08,戦略B 逆張りロング
2023-08-18 14:50:00,2023-08-18 14:55:00,145.2145,145.29221428571427,-4999.999999999348,-0.9999999999998695,1,short,NY   21-03JST,23,2023-08,戦略A 順張りショート
2023-08-18 14:55:00,2023-08-18 15:00:00,145.1835,145.2617142857143,-5000.00000000026,-1.000000000000052,1,short,NY   21-03JST,23,2023-08,戦略A 順張りショート
2023-08-18 15:35:00,2023-08-18 15:40:00,145.202,145.16796428571428,2381.3093453278016,0.47626186906556034,8,short,NY   21-03JST,0,2023-08,戦略A 順張りショート
2023-08-18 17:05:00,2023-08-18 17:10:00,145.0275,145.0099285714286,1629.1390728461909,0.32582781456923815,2,short,NY   21-03JST,2,2023-08,戦略A 順張りショート
2023-08-18 17:10:00,2023-08-18 17:15:00,144.9565,145.0146785714286,-5000.000000000348,-1.0000000000000697,1,short,NY   21-03JST,2,2023-08,戦略A 順張りショート
2023-08-23 02:00:00,2023-08-23 02:05:00,145.6225,145.67149999999998,3550.7246376793387,0.7101449275358678,21,long,東京 09-15JST,11,2023-08,戦略B 逆張りロング
2023-08-23 02:05:00,2023-08-23 02:10:00,145.603,145.67007142857142,4761.663286002498,0.9523326572004996,20,long,東京 09-15JST,11,2023-08,戦略B 逆張りロング
2023-08-23 04:30:00,2023-08-23 04:35:00,145.712,145.68992857142857,-4002.590673573153,-0.8005181347146305,2,long,東京 09-15JST,13,2023-08,戦略B 逆張りロング
2023-08-24 14:35:00,2023-08-24 14:40:00,145.5365,145.5320714285714,235.38344722881422,0.04707668944576284,2,short,NY   21-03JST,23,2023-08,戦略A 順張りショート
2023-08-24 14:40:00,2023-08-24 14:45:00,145.46800000000002,145.56485714285716,-5000.000000000315,-1.0000000000000628,1,short,NY   21-03JST,23,2023-08,戦略A 順張りショート
2023-08-24 14:45:00,2023-08-24 14:50:00,145.47050000000002,145.56375000000003,-5000.000000000544,-1.0000000000001088,1,short,NY   21-03JST,23,2023-08,戦略A 順張りショート
2023-08-29 15:25:00,2023-08-29 15:30:00,146.05,146.00503571428573,1503.4631000716633,0.30069262001433267,3,short,NY   21-03JST,0,2023-08,戦略A 順張りショート
2023-08-29 15:30:00,2023-08-29 15:35:00,145.9315,145.99789285714286,-2331.3268121394526,-0.4662653624278905,2,short,NY   21-03JST,0,2023-08,戦略A 順張りショート
2023-08-29 16:00:00,2023-08-29 16:05:00,145.98250000000002,146.0374642857143,-2618.237495746476,-0.5236474991492952,2,short,NY   21-03JST,1,2023-08,戦略A 順張りショート
2023-08-29 16:05:00,2023-08-29 16:10:00,145.9355,146.03782142857142,-5000.0,-1.0,1,short,NY   21-03JST,1,2023-08,戦略A 順張りショート
2023-08-31 14:55:00,2023-08-31 15:00:00,145.601,145.64371428571428,-1837.7381684079683,-0.36754763368159366,3,short,NY   21-03JST,23,2023-08,戦略A 順張りショート
2023-09-01 12:00:00,2023-09-01 12:05:00,145.245,145.24085714285715,364.3216080397628,0.07286432160795256,2,short,NY   21-03JST,21,2023-09,戦略A 順張りショート
2023-09-06 05:35:00,2023-09-06 05:40:00,147.228,147.17782142857143,-5000.000000000405,-1.000000000000081,1,long,東京 09-15JST,14,2023-09,戦略B 逆張りロング
2023-09-06 05:40:00,2023-09-06 05:45:00,147.20499999999998,147.1550357142857,-4999.999999999796,-0.9999999999999593,1,long,東京 09-15JST,14,2023-09,戦略B 逆張りロング
2023-09-06 05:45:00,2023-09-06 05:50:00,147.1715,147.11732142857144,-4999.999999999437,-0.9999999999998874,1,long,東京 09-15JST,14,2023-09,戦略B 逆張りロング
2023-09-07 14:30:00,2023-09-07 14:35:00,147.1835,147.12857142857143,3366.9001751318847,0.6733800350263769,3,short,NY   21-03JST,23,2023-09,戦略A 順張りショート
2023-09-07 14:35:00,2023-09-07 14:40:00,147.20100000000002,147.12753571428573,4560.975609757106,0.9121951219514213,2,short,NY   21-03JST,23,2023-09,戦略A 順張りショート
2023-09-07 14:40:00,2023-09-07 14:45:00,147.065,147.13264285714286,-3995.7805907177826,-0.7991561181435565,3,short,NY   21-03JST,23,2023-09,戦略A 順張りショート
2023-09-11 00:20:00,2023-09-11 00:25:00,146.95,146.8877857142857,-3693.8083121285313,-0.7387616624257063,2,long,東京 09-15JST,9,2023-09,戦略B 逆張りロング
2023-09-11 00:35:00,2023-09-11 00:40:00,146.85700000000003,146.83946428571429,-917.7570093472507,-0.18355140186945013,2,long,東京 09-15JST,9,2023-09,戦略B 逆張りロング
2023-09-11 01:20:00,2023-09-11 01:25:00,146.902,146.80596428571428,-4999.9999999996835,-0.9999999999999367,1,long,東京 09-15JST,10,2023-09,戦略B 逆張りロング
2023-09-11 01:30:00,2023-09-11 01:35:00,146.808,146.83685714285716,1433.6408800578397,0.2867281760115679,5,long,東京 09-15JST,10,2023-09,戦略B 逆張りロング
2023-09-11 01:35:00,2023-09-11 01:40:00,146.8305,146.83625,283.95061728426725,0.05679012345685345,4,long,東京 09-15JST,10,2023-09,戦略B 逆張りロング
2023-09-11 02:35:00,2023-09-11 02:40:00,146.60500000000002,146.59957142857144,-315.87697423166634,-0.06317539484633326,5,long,東京 09-15JST,11,2023-09,戦略B 逆張りロング
2023-09-11 03:05:00,2023-09-11 03:10:00,146.5875,146.50875000000002,-4999.999999999484,-0.9999999999998969,1,long,東京 09-15JST,12,2023-09,戦略B 逆張りロング
2023-09-11 03:10:00,2023-09-11 03:15:00,146.5515,146.47225,-5000.000000000512,-1.0000000000001024,1,long,東京 09-15JST,12,2023-09,戦略B 逆張りロング
2023-09-11 03:15:00,2023-09-11 03:20:00,146.4875,146.4095,-5000.000000000649,-1.00000000000013,1,long,東京 09-15JST,12,2023-09,戦略B 逆張りロング
2023-09-11 03:25:00,2023-09-11 03:30:00,146.45800000000003,146.38664285714287,-4332.176929749643,-0.8664353859499286,3,long,東京 09-15JST,12,2023-09,戦略B 逆張りロング
2023-09-11 03:40:00,2023-09-11 03:45:00,146.4015,146.4147142857143,833.3333333342507,0.16666666666685015,3,long,東京 09-15JST,12,2023-09,戦略B 逆張りロング
2023-09-11 03:45:00,2023-09-11 03:50:00,146.46699999999998,146.4135,-3322.981366459282,-0.6645962732918564,2,long,東京 09-15JST,12,2023-09,戦略B 逆張りロング
2023-09-11 04:10:00,2023-09-11 04:15:00,146.4315,146.32328571428573,-4999.999999999719,-0.9999999999999438,1,long,東京 09-15JST,13,2023-09,戦略B 逆張りロング
2023-09-11 04:55:00,2023-09-11 05:00:00,146.202,146.0900357142857,-5000.000000000452,-1.0000000000000904,1,long,東京 09-15JST,13,2023-09,戦略B 逆張りロング
2023-09-11 05:25:00,2023-09-11 05:30:00,146.042,146.15978571428573,6638.486312400631,1.3276972624801262,3,long,東京 09-15JST,14,2023-09,戦略B 逆張りロング
2023-09-11 05:30:00,2023-09-11 05:35:00,146.1135,146.15428571428572,2164.518574678814,0.43290371493576274,2,long,東京 09-15JST,14,2023-09,戦略B 逆張りロング
2023-09-11 13:00:00,2023-09-11 13:05:00,146.4845,146.53982142857143,-2495.9716403481916,-0.4991943280696383,3,short,NY   21-03JST,22,2023-09,戦略A 順張りショート
2023-09-14 14:40:00,2023-09-14 14:45:00,147.101,147.14828571428572,-2507.5757575759003,-0.5015151515151801,2,short,NY   21-03JST,23,2023-09,戦略A 順張りショート
2023-09-14 14:45:00,2023-09-14 14:50:00,147.0795,147.1137857142857,-1818.1818181817791,-0.3636363636363558,5,short,NY   21-03JST,23,2023-09,戦略A 順張りショート
2023-09-14 15:05:00,2023-09-14 15:10:00,147.05700000000002,147.10575,-2826.086956520593,-0.5652173913041186,2,short,NY   21-03JST,0,2023-09,戦略A 順張りショート
2023-09-14 15:10:00,2023-09-14 15:15:00,147.038,147.12060714285715,-4999.999999999631,-0.9999999999999262,1,short,NY   21-03JST,0,2023-09,戦略A 順張りショート
2023-09-21 14:05:00,2023-09-21 14:10:00,147.6755,147.45496428571425,13132.70948532692,2.6265418970653838,6,short,NY   21-03JST,23,2023-09,戦略A 順張りショート
2023-09-21 14:10:00,2023-09-21 14:15:00,147.66199999999998,147.45060714285714,13277.254374157508,2.6554508748315016,5,short,NY   21-03JST,23,2023-09,戦略A 順張りショート
2023-10-03 15:25:00,2023-10-03 15:30:00,149.1845,149.16032142857145,612.6696832577217,0.12253393665154433,16,short,NY   21-03JST,0,2023-10,戦略A 順張りショート
2023-10-03 15:30:00,2023-10-03 15:35:00,149.1825,149.1406785714286,1176.8844221100119,0.23537688442200239,15,short,NY   21-03JST,0,2023-10,戦略A 順張りショート
2023-10-03 16:05:00,2023-10-03 16:10:00,149.0795,149.06546428571428,709.1302778778805,0.1418260555755761,4,short,NY   21-03JST,1,2023-10,戦略A 順張りショート
2023-10-05 01:10:00,2023-10-05 01:15:00,148.36849999999998,148.38567857142857,860.4651162798687,0.17209302325597373,2,long,東京 09-15JST,10,2023-10,戦略B 逆張りロング
2023-10-05 01:25:00,2023-10-05 01:30:00,148.42700000000002,148.33567857142856,-4083.359948899705,-0.816671989779941,3,long,東京 09-15JST,10,2023-10,戦略B 逆張りロング
2023-10-05 01:35:00,2023-10-05 01:40:00,148.41649999999998,148.30467857142855,-4890.659169009959,-0.9781318338019919,4,long,東京 09-15JST,10,2023-10,戦略B 逆張りロング
2023-10-05 01:40:00,2023-10-05 01:45:00,148.37650000000002,148.3005357142857,-3206.2104311141347,-0.641242086222827,3,long,東京 09-15JST,10,2023-10,戦略B 逆張りロング
2023-10-05 01:45:00,2023-10-05 01:50:00,148.39499999999998,148.4754285714286,3420.4131227243593,0.6840826245448719,24,long,東京 09-15JST,10,2023-10,戦略B 逆張りロング
2023-10-05 01:55:00,2023-10-05 02:00:00,148.308,148.47457142857147,7032.569360677917,1.4065138721355834,22,long,東京 09-15JST,10,2023-10,戦略B 逆張りロング
2023-10-05 02:00:00,2023-10-05 02:05:00,148.37099999999998,148.4748928571429,4398.24614454446,0.879649228908892,21,long,東京 09-15JST,11,2023-10,戦略B 逆張りロング
2023-10-05 02:45:00,2023-10-05 02:50:00,148.4755,148.4219642857143,-4084.4686648499937,-0.8168937329699988,3,long,東京 09-15JST,11,2023-10,戦略B 逆張りロング
2023-10-05 02:50:00,2023-10-05 02:55:00,148.483,148.42175,-4999.999999999669,-0.9999999999999338,2,long,東京 09-15JST,11,2023-10,戦略B 逆張りロング
2023-10-09 15:35:00,2023-10-09 15:40:00,148.6255,148.68246428571427,-4999.999999999644,-0.9999999999999288,3,short,NY   21-03JST,0,2023-10,戦略A 順張りショート
2023-11-01 00:00:00,2023-11-01 00:05:00,151.28,151.25857142857146,-1171.8749999984109,-0.23437499999968217,2,long,東京 09-15JST,9,2023-11,戦略B 逆張りロング
2023-11-01 00:10:00,2023-11-01 00:15:00,151.25099999999998,151.35817857142857,6137.014314929128,1.2274028629858256,8,long,東京 09-15JST,9,2023-11,戦略B 逆張りロング
2023-11-02 00:00:00,2023-11-02 00:05:00,150.5455,150.50160714285715,-4999.999999999076,-0.9999999999998151,1,long,東京 09-15JST,9,2023-11,戦略B 逆張りロング
2023-11-02 00:10:00,2023-11-02 00:15:00,150.5265,150.48289285714284,-5000.00000000093,-1.000000000000186,1,long,東京 09-15JST,9,2023-11,戦略B 逆張りロング
2023-11-02 00:15:00,2023-11-02 00:20:00,150.4355,150.43703571428568,163.4980988571646,0.03269961977143292,2,long,東京 09-15JST,9,2023-11,戦略B 逆張りロング
2023-11-02 00:20:00,2023-11-02 00:25:00,150.42899999999997,150.38089285714284,-4999.999999998523,-0.9999999999997046,1,long,東京 09-15JST,9,2023-11,戦略B 逆張りロング
2023-11-02 00:30:00,2023-11-02 00:35:00,150.401,150.4433571428571,4023.06648574865,0.80461329714973,3,long,東京 09-15JST,9,2023-11,戦略B 逆張りロング
2023-11-02 00:35:00,2023-11-02 00:40:00,150.4395,150.44135714285713,169.9346405206991,0.03398692810413982,2,long,東京 09-15JST,9,2023-11,戦略B 逆張りロング
2023-11-02 00:55:00,2023-11-02 01:00:00,150.3485,150.3189285714286,-2188.1606765316087,-0.4376321353063217,2,long,東京 09-15JST,9,2023-11,戦略B 逆張りロング
2023-11-02 01:05:00,2023-11-02 01:10:00,150.34550000000002,150.30442857142856,-2810.361681331167,-0.5620723362662334,2,long,東京 09-15JST,10,2023-11,戦略B 逆張りロング
2023-11-02 01:20:00,2023-11-02 01:25:00,150.3765,150.3009642857143,-4999.999999999463,-0.9999999999998926,5,long,東京 09-15JST,10,2023-11,戦略B 逆張りロング
2023-11-02 01:30:00,2023-11-02 01:35:00,150.363,150.29103571428573,-4999.999999999295,-0.999999999999859,3,long,東京 09-15JST,10,2023-11,戦略B 逆張りロング
2023-11-02 01:40:00,2023-11-02 01:45:00,150.322,150.282,-3053.4351145032983,-0.6106870229006597,4,long,東京 09-15JST,10,2023-11,戦略B 逆張りロング
2023-11-02 01:45:00,2023-11-02 01:50:00,150.315,150.2814642857143,-2660.0566572232433,-0.5320113314446486,3,long,東京 09-15JST,10,2023-11,戦略B 逆張りロング
2023-11-02 02:05:00,2023-11-02 02:10:00,150.27999999999997,150.2246071428571,-5000.000000000733,-1.0000000000001465,1,long,東京 09-15JST,11,2023-11,戦略B 逆張りロング
2023-11-02 02:10:00,2023-11-02 02:15:00,150.215,150.15925000000001,-4999.999999999089,-0.9999999999998177,1,long,東京 09-15JST,11,2023-11,戦略B 逆張りロング
2023-11-13 15:05:00,2023-11-13 15:10:00,151.341,151.42775,-5000.0,-1.0,1,short,NY   21-03JST,0,2023-11,戦略A 順張りショート
2023-11-14 13:35:00,2023-11-14 13:40:00,151.019,150.8785357142857,9058.037770613922,1.8116075541227845,2,short,NY   21-03JST,22,2023-11,戦略A 順張りショート
2023-11-14 13:40:00,2023-11-14 13:45:00,150.92899999999997,151.01610714285712,-5000.000000000466,-1.000000000000093,1,short,NY   21-03JST,22,2023-11,戦略A 順張りショート
2023-11-14 13:45:00,2023-11-14 13:50:00,150.9325,150.86792857142854,3296.8636032115105,0.6593727206423021,5,short,NY   21-03JST,22,2023-11,戦略A 順張りショート
2023-11-14 14:00:00,2023-11-14 14:05:00,150.8775,150.9010714285714,-931.1512415344673,-0.18623024830689347,3,short,NY   21-03JST,23,2023-11,戦略A 順張りショート
2023-11-14 14:05:00,2023-11-14 14:10:00,150.803,150.90907142857142,-3941.082802547625,-0.7882165605095249,2,short,NY   21-03JST,23,2023-11,戦略A 順張りショート
2023-11-14 14:15:00,2023-11-14 14:20:00,150.8915,150.96739285714287,-2609.923851633555,-0.521984770326711,2,short,NY   21-03JST,23,2023-11,戦略A 順張りショート
2023-11-14 14:25:00,2023-11-14 14:30:00,150.971,150.9087142857143,1962.196219621731,0.3924392439243462,2,short,NY   21-03JST,23,2023-11,戦略A 順張りショート
2023-11-16 13:35:00,2023-11-16 13:40:00,150.8,150.76046428571425,3164.6655231603777,0.6329331046320755,2,short,NY   21-03JST,22,2023-11,戦略A 順張りショート
2023-11-16 14:55:00,2023-11-16 15:00:00,150.6165,150.5540357142857,3672.826543469765,0.734565308693953,2,short,NY   21-03JST,23,2023-11,戦略A 順張りショート
2023-11-16 15:00:00,2023-11-16 15:05:00,150.5265,150.37357142857144,8883.817427385173,1.7767634854770347,6,short,NY   21-03JST,0,2023-11,戦略A 順張りショート
2023-11-16 15:05:00,2023-11-16 15:10:00,150.527,150.3715,9255.952380951843,1.8511904761903686,5,short,NY   21-03JST,0,2023-11,戦略A 順張りショート
2023-11-20 03:00:00,2023-11-20 03:05:00,149.0705,149.03792857142858,-1472.8682170542636,-0.29457364341085274,4,long,東京 09-15JST,12,2023-11,戦略B 逆張りロング
2023-11-20 03:10:00,2023-11-20 03:15:00,149.1115,149.0364642857143,-3348.740835192978,-0.6697481670385956,2,long,東京 09-15JST,12,2023-11,戦略B 逆張りロング
2023-11-20 03:25:00,2023-11-20 03:30:00,149.042,148.92910714285713,-5000.000000000269,-1.0000000000000537,1,long,東京 09-15JST,12,2023-11,戦略B 逆張りロング
2023-11-20 03:30:00,2023-11-20 03:35:00,149.00900000000001,148.88982142857145,-4999.999999999489,-0.9999999999998977,1,long,東京 09-15JST,12,2023-11,戦略B 逆張りロング
2023-11-20 03:35:00,2023-11-20 03:40:00,148.9635,148.85503571428572,-4339.811374678591,-0.8679622749357182,2,long,東京 09-15JST,12,2023-11,戦略B 逆張りロング
2023-11-20 03:40:00,2023-11-20 03:45:00,148.9385,148.80960714285715,-4942.481511914503,-0.9884963023829006,5,long,東京 09-15JST,12,2023-11,戦略B 逆張りロング
2023-11-20 03:45:00,2023-11-20 03:50:00,148.8855,148.80214285714285,-3023.3160621765273,-0.6046632124353055,5,long,東京 09-15JST,12,2023-11,戦略B 逆張りロング
2023-11-20 03:50:00,2023-11-20 03:55:00,148.8845,148.77825,-3801.4311270121048,-0.760286225402421,4,long,東京 09-15JST,12,2023-11,戦略B 逆張りロング
2023-11-20 04:10:00,2023-11-20 04:15:00,148.8175,148.73514285714285,-5000.000000000616,-1.0000000000001232,1,long,東京 09-15JST,13,2023-11,戦略B 逆張りロング
2023-11-20 04:20:00,2023-11-20 04:25:00,148.761,148.9599285714286,11423.297785072251,2.28465955701445,9,long,東京 09-15JST,13,2023-11,戦略B 逆張りロング
2023-11-20 17:00:00,2023-11-20 17:05:00,148.215,148.26617857142858,-5000.000000000596,-1.0000000000001192,1,short,NY   21-03JST,2,2023-11,戦略A 順張りショート
2023-11-21 01:45:00,2023-11-21 01:50:00,148.04500000000002,147.97357142857143,-2858.776443682646,-0.5717552887365293,4,long,東京 09-15JST,10,2023-11,戦略B 逆張りロング
2023-11-21 01:55:00,2023-11-21 02:00:00,148.022,147.95960714285715,-2528.219971055732,-0.5056439942111464,2,long,東京 09-15JST,10,2023-11,戦略B 逆張りロング
2023-11-21 02:00:00,2023-11-21 02:05:00,148.06599999999997,147.95974999999999,-4473.684210525853,-0.8947368421051706,2,long,東京 09-15JST,11,2023-11,戦略B 逆張りロング
2023-11-21 02:10:00,2023-11-21 02:15:00,147.95600000000002,147.83696428571432,-4999.999999999403,-0.9999999999998807,1,long,東京 09-15JST,11,2023-11,戦略B 逆張りロング
2023-11-21 02:15:00,2023-11-21 02:20:00,147.8655,147.75167857142858,-4729.890175125453,-0.9459780350250907,4,long,東京 09-15JST,11,2023-11,戦略B 逆張りロング
2023-11-21 02:20:00,2023-11-21 02:25:00,147.76999999999998,147.74853571428574,-869.2507954857585,-0.1738501590971517,3,long,東京 09-15JST,11,2023-11,戦略B 逆張りロング
2023-11-21 02:35:00,2023-11-21 02:40:00,147.796,147.68564285714285,-4999.999999999541,-0.9999999999999082,1,long,東京 09-15JST,11,2023-11,戦略B 逆張りロング
2023-11-21 02:45:00,2023-11-21 02:50:00,147.67849999999999,147.6987142857143,950.9408602157793,0.19018817204315586,3,long,東京 09-15JST,11,2023-11,戦略B 逆張りロング
2023-11-21 03:15:00,2023-11-21 03:20:00,147.6625,147.57310714285714,-4542.649727767386,-0.9085299455534772,2,long,東京 09-15JST,12,2023-11,戦略B 逆張りロング
2023-11-21 03:35:00,2023-11-21 03:40:00,147.507,147.44060714285715,-3776.9199512393902,-0.7553839902478781,2,long,東京 09-15JST,12,2023-11,戦略B 逆張りロング
2023-11-21 03:50:00,2023-11-21 03:55:00,147.3675,147.38625000000002,1080.6916426519638,0.21613832853039275,4,long,東京 09-15JST,12,2023-11,戦略B 逆張りロング
2023-11-21 03:55:00,2023-11-21 04:00:00,147.3815,147.38553571428574,230.7064107818917,0.04614128215637834,3,long,東京 09-15JST,12,2023-11,戦略B 逆張りロング
2023-11-21 04:00:00,2023-11-21 04:05:00,147.413,147.36414285714284,-2733.8129496420956,-0.5467625899284191,2,long,東京 09-15JST,13,2023-11,戦略B 逆張りロング
2023-11-21 04:10:00,2023-11-21 04:15:00,147.445,147.35617857142856,-5000.000000000686,-1.0000000000001372,3,long,東京 09-15JST,13,2023-11,戦略B 逆張りロング
2023-11-21 04:15:00,2023-11-21 04:20:00,147.3775,147.3547142857143,-1283.18584070741,-0.256637168141482,2,long,東京 09-15JST,13,2023-11,戦略B 逆張りロング
2023-11-21 04:30:00,2023-11-21 04:35:00,147.30700000000002,147.5010357142857,10607.184693478088,2.121436938695618,7,long,東京 09-15JST,13,2023-11,戦略B 逆張りロング
2023-11-24 05:05:00,2023-11-24 05:10:00,149.26,149.23117857142856,-3760.484622554267,-0.7520969245108534,2,long,東京 09-15JST,14,2023-11,戦略B 逆張りロング
2023-11-24 05:10:00,2023-11-24 05:15:00,149.2365,149.29835714285716,8216.318785579893,1.6432637571159787,3,long,東京 09-15JST,14,2023-11,戦略B 逆張りロング
2023-11-24 05:20:00,2023-11-24 05:25:00,149.25400000000002,149.28682142857144,4084.4444444440687,0.8168888888888137,2,long,東京 09-15JST,14,2023-11,戦略B 逆張りロング
2023-11-24 05:40:00,2023-11-24 05:45:00,149.24,149.24107142857144,114.15525114231697,0.022831050228463393,2,long,東京 09-15JST,14,2023-11,戦略B 逆張りロング
2023-11-27 01:25:00,2023-11-27 01:30:00,149.21300000000002,149.13435714285717,-5000.000000000128,-1.0000000000000258,1,long,東京 09-15JST,10,2023-11,戦略B 逆張りロング
2023-11-27 01:30:00,2023-11-27 01:35:00,149.0725,149.0747142857143,126.84124386348591,0.025368248772697184,2,long,東京 09-15JST,10,2023-11,戦略B 逆張りロング
2023-11-27 01:35:00,2023-11-27 01:40:00,149.1385,149.19653571428574,3172.5888324895445,0.6345177664979089,14,long,東京 09-15JST,10,2023-11,戦略B 逆張りロング
2023-11-27 01:45:00,2023-11-27 01:50:00,149.124,149.19232142857143,3570.362075401901,0.7140724150803802,12,long,東京 09-15JST,10,2023-11,戦略B 逆張りロング
2023-11-27 02:25:00,2023-11-27 02:30:00,149.2485,149.20678571428573,-2649.7277676945896,-0.5299455535389179,4,long,東京 09-15JST,11,2023-11,戦略B 逆張りロング
2023-11-27 13:05:00,2023-11-27 13:10:00,148.74,148.79546428571427,-3626.8099019137217,-0.7253619803827444,2,short,NY   21-03JST,22,2023-11,戦略A 順張りショート
2023-11-27 13:10:00,2023-11-27 13:15:00,148.7195,148.79989285714288,-5000.000000000884,-1.0000000000001767,1,short,NY   21-03JST,22,2023-11,戦略A 順張りショート
2023-11-27 13:30:00,2023-11-27 13:35:00,148.69299999999998,148.7730357142857,-5000.000000000126,-1.0000000000000253,1,short,NY   21-03JST,22,2023-11,戦略A 順張りショート
2023-11-28 00:00:00,2023-11-28 00:05:00,148.339,148.28482142857143,-4999.999999999625,-0.9999999999999251,1,long,東京 09-15JST,9,2023-11,戦略B 逆張りロング
2023-11-28 00:10:00,2023-11-28 00:15:00,148.298,148.23985714285715,-5000.000000000349,-1.00000000000007,1,long,東京 09-15JST,9,2023-11,戦略B 逆張りロング
2023-11-28 00:15:00,2023-11-28 00:20:00,148.236,148.17364285714285,-5000.0,-1.0,2,long,東京 09-15JST,9,2023-11,戦略B 逆張りロング
2023-11-28 00:20:00,2023-11-28 00:25:00,148.192,148.13078571428574,-4999.9999999991705,-0.9999999999998341,1,long,東京 09-15JST,9,2023-11,戦略B 逆張りロング
2023-11-28 00:40:00,2023-11-28 00:45:00,148.13400000000001,148.11007142857142,-1947.6744186068788,-0.3895348837213758,2,long,東京 09-15JST,9,2023-11,戦略B 逆張りロング
2023-11-28 00:50:00,2023-11-28 00:55:00,148.1105,148.12400000000002,1030.5343511467026,0.20610687022934052,2,long,東京 09-15JST,9,2023-11,戦略B 逆張りロング
2023-11-28 01:05:00,2023-11-28 01:10:00,148.094,148.27467857142858,11608.536025701278,2.3217072051402554,4,long,東京 09-15JST,10,2023-11,戦略B 逆張りロング
2023-11-28 01:15:00,2023-11-28 01:20:00,148.135,148.2787142857143,9738.625363022373,1.9477250726044746,2,long,東京 09-15JST,10,2023-11,戦略B 逆張りロング
2023-11-28 16:00:00,2023-11-28 16:05:00,147.84550000000002,147.4697142857143,12894.607843136686,2.578921568627337,18,short,NY   21-03JST,1,2023-11,戦略A 順張りショート
2023-11-30 00:10:00,2023-11-30 00:15:00,147.1065,147.03153571428572,-5000.0000000001355,-1.000000000000027,1,long,東京 09-15JST,9,2023-11,戦略B 逆張りロング
2023-11-30 00:15:00,2023-11-30 00:20:00,147.0745,146.9992142857143,-5000.0,-1.0,1,long,東京 09-15JST,9,2023-11,戦略B 逆張りロング
2023-11-30 00:30:00,2023-11-30 00:35:00,146.937,146.97307142857142,2174.8492678710863,0.43496985357421725,2,long,東京 09-15JST,9,2023-11,戦略B 逆張りロング
2023-11-30 00:35:00,2023-11-30 00:40:00,146.97050000000002,146.96132142857144,-538.784067086324,-0.10775681341726479,2,long,東京 09-15JST,9,2023-11,戦略B 逆張りロング
2023-11-30 00:45:00,2023-11-30 00:50:00,146.9845,146.90042857142856,-5000.000000000363,-1.0000000000000726,1,long,東京 09-15JST,9,2023-11,戦略B 逆張りロング
2023-11-30 00:50:00,2023-11-30 00:55:00,146.976,146.99500000000003,1079.54545454738,0.215909090909476,2,long,東京 09-15JST,9,2023-11,戦略B 逆張りロング
2023-11-30 00:55:00,2023-11-30 01:00:00,146.97750000000002,147.0809642857143,5745.735819118201,1.1491471638236401,6,long,東京 09-15JST,9,2023-11,戦略B 逆張りロング
2023-12-01 00:10:00,2023-12-01 00:15:00,147.83800000000002,147.83385714285714,-359.3556381681078,-0.07187112763362156,3,long,東京 09-15JST,9,2023-12,戦略B 逆張りロング
2023-12-01 00:15:00,2023-12-01 00:20:00,147.865,147.83350000000002,-2715.5172413786663,-0.5431034482757333,2,long,東京 09-15JST,9,2023-12,戦略B 逆張りロング
2023-12-01 00:20:00,2023-12-01 00:25:00,147.86399999999998,147.80478571428569,-5000.0,-1.0,1,long,東京 09-15JST,9,2023-12,戦略B 逆張りロング
2023-12-01 00:30:00,2023-12-01 00:35:00,147.8005,147.8822857142857,6270.53669222194,1.254107338444388,2,long,東京 09-15JST,9,2023-12,戦略B 逆張りロング
2023-12-01 00:45:00,2023-12-01 00:50:00,147.86200000000002,147.79353571428572,-5000.00000000074,-1.000000000000148,1,long,東京 09-15JST,9,2023-12,戦略B 逆張りロング
2023-12-01 00:50:00,2023-12-01 00:55:00,147.791,147.71789285714286,-4999.999999999583,-0.9999999999999167,1,long,東京 09-15JST,9,2023-12,戦略B 逆張りロング
2023-12-01 00:55:00,2023-12-01 01:00:00,147.76799999999997,147.69353571428567,-5000.000000000681,-1.0000000000001363,1,long,東京 09-15JST,9,2023-12,戦略B 逆張りロング
2023-12-01 01:00:00,2023-12-01 01:05:00,147.6935,147.61185714285713,-5000.000000000373,-1.0000000000000746,1,long,東京 09-15JST,10,2023-12,戦略B 逆張りロング
2023-12-01 01:05:00,2023-12-01 01:10:00,147.63049999999998,147.68621428571427,3305.0847457625796,0.661016949152516,4,long,東京 09-15JST,10,2023-12,戦略B 逆張りロング
2023-12-01 01:10:00,2023-12-01 01:15:00,147.6745,147.68821428571428,833.3333333332921,0.16666666666665841,3,long,東京 09-15JST,10,2023-12,戦略B 逆張りロング
2023-12-01 01:50:00,2023-12-01 01:55:00,147.6765,147.80339285714285,8447.456015214633,1.6894912030429265,5,long,東京 09-15JST,10,2023-12,戦略B 逆張りロング
2023-12-01 01:55:00,2023-12-01 02:00:00,147.714,147.802,5751.633986926951,1.1503267973853903,4,long,東京 09-15JST,10,2023-12,戦略B 逆張りロング
2023-12-04 01:45:00,2023-12-04 01:50:00,146.6275,146.54914285714284,-4003.6496350373222,-0.8007299270074645,3,long,東京 09-15JST,10,2023-12,戦略B 逆張りロング
2023-12-07 01:30:00,2023-12-07 01:35:00,146.96300000000002,146.8896428571429,-4999.99999999917,-0.9999999999998339,1,long,東京 09-15JST,10,2023-12,戦略B 逆張りロング
2023-12-07 01:40:00,2023-12-07 01:45:00,146.86950000000002,146.86264285714284,-429.33810375849527,-0.08586762075169906,2,long,東京 09-15JST,10,2023-12,戦略B 逆張りロング
2023-12-07 01:55:00,2023-12-07 02:00:00,146.89,146.82685714285714,-3665.008291873414,-0.7330016583746828,2,long,東京 09-15JST,10,2023-12,戦略B 逆張りロング
2023-12-07 02:10:00,2023-12-07 02:15:00,146.8165,146.73435714285714,-4999.999999999753,-0.9999999999999505,2,long,東京 09-15JST,11,2023-12,戦略B 逆張りロング
2023-12-07 02:15:00,2023-12-07 02:20:00,146.75549999999998,146.69410714285715,-3659.00383141612,-0.731800766283224,3,long,東京 09-15JST,11,2023-12,戦略B 逆張りロング
2023-12-07 02:20:00,2023-12-07 02:25:00,146.768,146.89939285714286,7719.261435165394,1.5438522870330789,11,long,東京 09-15JST,11,2023-12,戦略B 逆張りロング
2023-12-07 02:25:00,2023-12-07 02:30:00,146.7535,146.90078571428572,8796.928327644484,1.7593856655288969,10,long,東京 09-15JST,11,2023-12,戦略B 逆張りロング
2023-12-07 02:30:00,2023-12-07 02:35:00,146.719,146.89960714285712,10637.358014302017,2.1274716028604033,9,long,東京 09-15JST,11,2023-12,戦略B 逆張りロング
2023-12-07 14:30:00,2023-12-07 14:35:00,144.65699999999998,144.5159642857143,4847.77805057631,0.969555610115262,4,short,NY   21-03JST,23,2023-12,戦略A 順張りショート
2023-12-07 14:50:00,2023-12-07 14:55:00,144.466,144.60567857142857,-4999.999999999563,-0.9999999999999127,1,short,NY   21-03JST,23,2023-12,戦略A 順張りショート
2023-12-07 17:20:00,2023-12-07 17:25:00,144.12599999999998,141.7385,105641.5929203558,21.12831858407116,5,short,NY   21-03JST,2,2023-12,戦略A 順張りショート
2023-12-07 17:40:00,2023-12-07 17:45:00,143.536,142.7835714285714,29375.348577803386,5.875069715560677,2,short,NY   21-03JST,2,2023-12,戦略A 順張りショート
2023-12-07 17:45:00,2023-12-07 17:50:00,142.998,143.2612142857143,-5000.000000000193,-1.0000000000000386,1,short,NY   21-03JST,2,2023-12,戦略A 順張りショート
2023-12-08 00:15:00,2023-12-08 00:20:00,143.613,143.43464285714285,-5000.0,-1.0,1,long,東京 09-15JST,9,2023-12,戦略B 逆張りロング
2023-12-08 00:35:00,2023-12-08 00:40:00,143.46699999999998,143.33121428571428,-3124.5890861271664,-0.6249178172254333,2,long,東京 09-15JST,9,2023-12,戦略B 逆張りロング
2023-12-08 00:45:00,2023-12-08 00:50:00,143.3965,143.17067857142857,-5000.0,-1.0,1,long,東京 09-15JST,9,2023-12,戦略B 逆張りロング
2023-12-08 00:55:00,2023-12-08 07:00:00,144.1765,144.14117857142855,-690.3532039652214,-0.13807064079304426,7,long,東京 09-15JST,9,2023-12,戦略B 逆張りロング
2023-12-08 15:10:00,2023-12-08 15:15:00,143.94400000000002,144.0774642857143,-5000.000000000151,-1.0000000000000302,1,short,NY   21-03JST,0,2023-12,戦略A 順張りショート
2023-12-12 00:20:00,2023-12-12 00:25:00,145.8175,145.75378571428573,-4999.999999999363,-0.9999999999998727,1,long,東京 09-15JST,9,2023-12,戦略B 逆張りロング
2023-12-12 00:30:00,2023-12-12 00:35:00,145.7575,145.77267857142857,874.125874126336,0.17482517482526722,4,long,東京 09-15JST,9,2023-12,戦略B 逆張りロング
2023-12-12 00:35:00,2023-12-12 00:40:00,145.79000000000002,145.76657142857144,-1260.5687932366243,-0.2521137586473249,3,long,東京 09-15JST,9,2023-12,戦略B 逆張りロング
2023-12-12 00:55:00,2023-12-12 01:00:00,145.7955,145.68525,-5000.00000000046,-1.0000000000000921,1,long,東京 09-15JST,9,2023-12,戦略B 逆張りロング
2023-12-12 01:00:00,2023-12-12 01:05:00,145.726,145.60503571428572,-4999.999999999916,-0.9999999999999832,2,long,東京 09-15JST,10,2023-12,戦略B 逆張りロング
2023-12-12 01:05:00,2023-12-12 01:10:00,145.6495,145.57674999999998,-3000.00000000057,-0.600000000000114,2,long,東京 09-15JST,10,2023-12,戦略B 逆張りロング
2023-12-12 01:10:00,2023-12-12 01:15:00,145.68,145.56,-5000.000000000169,-1.0000000000000338,1,long,東京 09-15JST,10,2023-12,戦略B 逆張りロング
2023-12-12 01:15:00,2023-12-12 01:20:00,145.583,145.6912142857143,4284.502262443881,0.8569004524887761,9,long,東京 09-15JST,10,2023-12,戦略B 逆張りロング
2023-12-12 01:30:00,2023-12-12 01:35:00,145.5895,145.70292857142857,4950.124688279861,0.9900249376559723,5,long,東京 09-15JST,10,2023-12,戦略B 逆張りロング
2023-12-12 02:00:00,2023-12-12 02:05:00,145.7595,145.66589285714286,-4999.999999999674,-0.9999999999999348,1,long,東京 09-15JST,11,2023-12,戦略B 逆張りロング
2023-12-12 02:05:00,2023-12-12 02:10:00,145.672,145.73971428571429,3610.0533130237013,0.7220106626047402,11,long,東京 09-15JST,11,2023-12,戦略B 逆張りロング
2023-12-13 16:00:00,2023-12-13 16:05:00,145.168,145.19042857142858,-1187.5945537068242,-0.23751891074136483,4,short,NY   21-03JST,1,2023-12,戦略A 順張りショート
2023-12-14 16:45:00,2023-12-14 16:50:00,141.5465,141.61496428571428,-2428.426653153789,-0.48568533063075786,2,short,NY   21-03JST,1,2023-12,戦略A 順張りショート
2023-12-14 16:50:00,2023-12-14 16:55:00,141.4915,141.62471428571428,-4999.999999999618,-0.9999999999999236,1,short,NY   21-03JST,1,2023-12,戦略A 順張りショート
2023-12-19 00:35:00,2023-12-19 00:40:00,142.376,142.54121428571426,8155.8533145255315,1.6311706629051064,3,long,東京 09-15JST,9,2023-12,戦略B 逆張りロング
2023-12-19 02:00:00,2023-12-19 02:05:00,142.518,142.5745,2306.1224489796164,0.4612244897959233,4,long,東京 09-15JST,11,2023-12,戦略B 逆張りロング
2023-12-19 12:50:00,2023-12-19 12:55:00,144.356,144.2406428571429,7152.347209917216,1.4304694419834432,2,short,NY   21-03JST,21,2023-12,戦略A 順張りショート
2023-12-19 12:55:00,2023-12-19 13:00:00,144.31599999999997,144.2604642857143,3121.236451221531,0.6242472902443061,2,short,NY   21-03JST,21,2023-12,戦略A 順張りショート
2023-12-19 13:00:00,2023-12-19 13:05:00,144.1755,144.2735,-5000.000000000414,-1.0000000000000828,1,short,NY   21-03JST,22,2023-12,戦略A 順張りショート
2023-12-20 04:00:00,2023-12-20 04:05:00,143.66899999999998,143.59175,-4999.999999999474,-0.9999999999998949,1,long,東京 09-15JST,13,2023-12,戦略B 逆張りロング
2023-12-20 04:10:00,2023-12-20 04:15:00,143.5795,143.56460714285714,-949.8861047834362,-0.18997722095668723,2,long,東京 09-15JST,13,2023-12,戦略B 逆張りロング
2023-12-20 04:25:00,2023-12-20 04:30:00,143.51600000000002,143.47585714285717,-2277.147487844419,-0.45542949756888385,2,long,東京 09-15JST,13,2023-12,戦略B 逆張りロング
2023-12-20 04:40:00,2023-12-20 04:45:00,143.466,143.37550000000002,-4999.999999999774,-0.9999999999999549,1,long,東京 09-15JST,13,2023-12,戦略B 逆張りロング
2023-12-20 04:45:00,2023-12-20 04:50:00,143.4665,143.37775,-5000.0000000004575,-1.0000000000000915,1,long,東京 09-15JST,13,2023-12,戦略B 逆張りロング
2023-12-20 04:50:00,2023-12-20 04:55:00,143.417,143.6174642857143,11132.48710829181,2.226497421658362,12,long,東京 09-15JST,13,2023-12,戦略B 逆張りロング
2023-12-21 01:25:00,2023-12-21 01:30:00,143.2035,143.13117857142856,-4999.999999999299,-0.9999999999998598,1,long,東京 09-15JST,10,2023-12,戦略B 逆張りロング
2023-12-21 01:30:00,2023-12-21 01:35:00,143.13600000000002,143.0614642857143,-5000.000000000544,-1.0000000000001088,1,long,東京 09-15JST,10,2023-12,戦略B 逆張りロング
2023-12-21 01:35:00,2023-12-21 01:40:00,143.01600000000002,142.9354285714286,-5000.0,-1.0,1,long,東京 09-15JST,10,2023-12,戦略B 逆張りロング
2023-12-21 01:45:00,2023-12-21 01:50:00,142.9755,143.0114642857143,2139.821504463185,0.42796430089263704,2,long,東京 09-15JST,10,2023-12,戦略B 逆張りロング
2023-12-21 02:00:00,2023-12-21 02:05:00,142.813,143.02075000000002,10259.259259260332,2.0518518518520663,8,long,東京 09-15JST,11,2023-12,戦略B 逆張りロング
2023-12-21 02:15:00,2023-12-21 02:20:00,142.873,143.01578571428573,6721.587088097512,1.3443174176195023,5,long,東京 09-15JST,11,2023-12,戦略B 逆張りロング
2023-12-21 02:20:00,2023-12-21 02:25:00,142.8755,143.0179642857143,6846.893237213296,1.3693786474426592,4,long,東京 09-15JST,11,2023-12,戦略B 逆張りロング
2023-12-21 02:40:00,2023-12-21 02:45:00,143.02800000000002,142.9224642857143,-4999.999999999711,-0.9999999999999422,2,long,東京 09-15JST,11,2023-12,戦略B 逆張りロング
2023-12-21 02:45:00,2023-12-21 02:50:00,142.97050000000002,142.88703571428573,-4092.819614710988,-0.8185639229421976,3,long,東京 09-15JST,11,2023-12,戦略B 逆張りロング
2023-12-21 02:50:00,2023-12-21 02:55:00,142.935,142.88585714285713,-2382.271468144566,-0.4764542936289132,2,long,東京 09-15JST,11,2023-12,戦略B 逆張りロング
2023-12-21 02:55:00,2023-12-21 03:00:00,142.92399999999998,142.9520357142857,1423.6488937253862,0.2847297787450772,10,long,東京 09-15JST,11,2023-12,戦略B 逆張りロング
2023-12-21 13:30:00,2023-12-21 13:35:00,142.358,142.1852142857143,7946.780551905042,1.5893561103810083,2,short,NY   21-03JST,22,2023-12,戦略A 順張りショート
2023-12-21 13:35:00,2023-12-21 13:40:00,142.26799999999997,142.29667857142854,-1213.3575098217266,-0.2426715019643453,2,short,NY   21-03JST,22,2023-12,戦略A 順張りショート
2023-12-21 13:40:00,2023-12-21 13:45:00,142.17849999999999,142.30899999999997,-4999.999999999455,-0.9999999999998911,1,short,NY   21-03JST,22,2023-12,戦略A 順張りショート
2023-12-21 14:15:00,2023-12-21 14:20:00,142.3515,142.32853571428572,724.2622212203847,0.14485244424407695,4,short,NY   21-03JST,23,2023-12,戦略A 順張りショート
2023-12-21 14:20:00,2023-12-21 14:25:00,142.332,142.3306428571429,42.2409959969683,0.00844819919939366,3,short,NY   21-03JST,23,2023-12,戦略A 順張りショート
2023-12-21 15:20:00,2023-12-21 15:25:00,142.3615,142.36646428571427,-227.79416584634473,-0.045558833169268946,3,short,NY   21-03JST,0,2023-12,戦略A 順張りショート
2023-12-28 00:00:00,2023-12-28 00:05:00,141.39100000000002,141.32742857142858,-5000.000000000798,-1.0000000000001594,1,long,東京 09-15JST,9,2023-12,戦略B 逆張りロング
2023-12-28 00:20:00,2023-12-28 00:25:00,141.3515,141.314,-2329.1925465835957,-0.46583850931671916,4,long,東京 09-15JST,9,2023-12,戦略B 逆張りロング
2023-12-28 00:45:00,2023-12-28 00:50:00,141.31400000000002,141.5800357142857,14868.263473052695,2.973652694610539,2,long,東京 09-15JST,9,2023-12,戦略B 逆張りロング
2023-12-28 15:15:00,2023-12-28 15:20:00,140.69,140.3357857142857,21655.021834062194,4.331004366812439,5,short,NY   21-03JST,0,2023-12,戦略A 順張りショート
2023-12-28 15:25:00,2023-12-28 15:30:00,140.421,140.34696428571428,3981.943910872105,0.796388782174421,3,short,NY   21-03JST,0,2023-12,戦略A 順張りショート
2023-12-28 15:30:00,2023-12-28 15:35:00,140.415,140.35167857142855,3241.316270567447,0.6482632541134894,2,short,NY   21-03JST,0,2023-12,戦略A 順張りショート
2023-12-28 15:35:00,2023-12-28 15:40:00,140.3595,140.38864285714283,-1499.9999999986414,-0.29999999999972826,2,short,NY   21-03JST,0,2023-12,戦略A 順張りショート
2023-12-28 15:40:00,2023-12-28 15:45:00,140.2935,140.39246428571428,-5000.000000000103,-1.0000000000000207,1,short,NY   21-03JST,0,2023-12,戦略A 順張りショート
