signal_bar,entry_bar,entry_price,exit_price,pnl_yen,r_mult,hold_bars,direction,session,jst_hour,month,strategy
2024-01-04 00:00:00,2024-01-04 00:05:00,142.93099999999998,142.88832142857143,-3902.67798824185,-0.78053559764837,2,long,東京 09-15JST,9,2024-01,戦略B 逆張りロング
2024-01-04 00:05:00,2024-01-04 00:10:00,142.933,142.87557142857142,-5000.000000000707,-1.0000000000001414,1,long,東京 09-15JST,9,2024-01,戦略B 逆張りロング
2024-01-04 00:10:00,2024-01-04 00:15:00,142.9135,143.16835714285713,21545.89371980812,4.309178743961624,6,long,東京 09-15JST,9,2024-01,戦略B 逆張りロング
2024-01-04 00:15:00,2024-01-04 00:20:00,142.93,143.16610714285713,19229.203025014835,3.8458406050029668,5,long,東京 09-15JST,9,2024-01,戦略B 逆張りロング
2024-01-05 05:40:00,2024-01-05 05:45:00,144.6695,145.17378571428569,52296.29629629028,10.459259259258056,9,long,東京 09-15JST,14,2024-01,戦略B 逆張りロング
2024-01-08 01:10:00,2024-01-08 01:15:00,144.5375,144.47364285714286,-4999.999999999206,-0.9999999999998412,1,long,東京 09-15JST,10,2024-01,戦略B 逆張りロング
2024-01-08 01:15:00,2024-01-08 01:20:00,144.4525,144.4340357142857,-1300.956215400218,-0.2601912430800436,2,long,東京 09-15JST,10,2024-01,戦略B 逆張りロング
2024-01-08 01:20:00,2024-01-08 01:25:00,144.4785,144.40835714285714,-4999.999999999855,-0.999999999999971,1,long,東京 09-15JST,10,2024-01,戦略B 逆張りロング
2024-01-08 01:30:00,2024-01-08 01:35:00,144.4205,144.35978571428572,-4323.49949135281,-0.8646998982705619,2,long,東京 09-15JST,10,2024-01,戦略B 逆張りロング
2024-01-08 01:40:00,2024-01-08 01:45:00,144.3755,144.48810714285716,7886.443221612529,1.5772886443225058,11,long,東京 09-15JST,10,2024-01,戦略B 逆張りロング
2024-01-08 01:45:00,2024-01-08 01:50:00,144.3775,144.48707142857143,7564.102564101812,1.5128205128203625,10,long,東京 09-15JST,10,2024-01,戦略B 逆張りロング
2024-01-08 01:55:00,2024-01-08 02:00:00,144.3775,144.4912142857143,8326.35983263704,1.6652719665274078,8,long,東京 09-15JST,10,2024-01,戦略B 逆張りロング
2024-01-08 14:35:00,2024-01-08 14:40:00,144.27300000000002,144.16885714285712,5860.128617366501,1.1720257234733003,3,short,NY   21-03JST,23,2024-01,戦略A 順張りショート
2024-01-08 14:40:00,2024-01-08 14:45:00,144.212,144.16974999999996,2353.760445684029,0.47075208913680583,2,short,NY   21-03JST,23,2024-01,戦略A 順張りショート
2024-01-08 14:50:00,2024-01-08 14:55:00,144.1175,144.12935714285715,-648.9444878809531,-0.12978889757619064,4,short,NY   21-03JST,23,2024-01,戦略A 順張りショート
2024-01-08 15:00:00,2024-01-08 15:05:00,144.0765,144.16414285714285,-4730.146491903849,-0.9460292983807698,2,short,NY   21-03JST,0,2024-01,戦略A 順張りショート
2024-01-08 16:40:00,2024-01-08 16:45:00,143.80700000000002,143.907,-4999.999999999796,-0.9999999999999593,1,short,NY   21-03JST,1,2024-01,戦略A 順張りショート
2024-01-08 17:00:00,2024-01-08 17:05:00,143.83499999999998,143.92260714285712,-4397.6335604159585,-0.8795267120831917,3,short,NY   21-03JST,2,2024-01,戦略A 順張りショート
2024-01-09 00:50:00,2024-01-09 00:55:00,143.9145,143.8884642857143,-1462.0938628158767,-0.29241877256317533,2,long,東京 09-15JST,9,2024-01,戦略B 逆張りロング
2024-01-09 00:55:00,2024-01-09 01:00:00,143.9305,143.8439285714286,-4999.99999999918,-0.9999999999998359,1,long,東京 09-15JST,9,2024-01,戦略B 逆張りロング
2024-01-09 01:05:00,2024-01-09 01:10:00,143.77100000000002,143.79589285714286,1295.0575994049736,0.25901151988099474,3,long,東京 09-15JST,10,2024-01,戦略B 逆張りロング
2024-01-09 01:10:00,2024-01-09 01:15:00,143.7825,143.79775,809.0185676398642,0.16180371352797282,2,long,東京 09-15JST,10,2024-01,戦略B 逆張りロング
2024-01-09 01:25:00,2024-01-09 01:30:00,143.7315,143.67078571428573,-3346.456692913599,-0.6692913385827198,2,long,東京 09-15JST,10,2024-01,戦略B 逆張りロング
2024-01-09 01:30:00,2024-01-09 01:35:00,143.755,143.66339285714287,-4999.999999999667,-0.9999999999999334,1,long,東京 09-15JST,10,2024-01,戦略B 逆張りロング
2024-01-09 01:35:00,2024-01-09 01:40:00,143.7585,143.66342857142857,-5000.0000000004275,-1.0000000000000855,1,long,東京 09-15JST,10,2024-01,戦略B 逆張りロング
2024-01-09 01:40:00,2024-01-09 01:45:00,143.67899999999997,143.57921428571427,-4999.999999999694,-0.9999999999999388,1,long,東京 09-15JST,10,2024-01,戦略B 逆張りロング
2024-01-09 01:45:00,2024-01-09 01:50:00,143.636,143.53617857142856,-5000.000000000306,-1.000000000000061,1,long,東京 09-15JST,10,2024-01,戦略B 逆張りロング
2024-01-09 02:00:00,2024-01-09 02:05:00,143.45499999999998,143.59875,6796.690307329243,1.3593380614658486,12,long,東京 09-15JST,11,2024-01,戦略B 逆張りロング
2024-01-09 02:05:00,2024-01-09 02:10:00,143.526,143.59642857142856,3258.4269662911515,0.6516853932582303,11,long,東京 09-15JST,11,2024-01,戦略B 逆張りロング
2024-01-09 02:20:00,2024-01-09 02:25:00,143.50799999999998,143.60171428571428,4558.721334260379,0.9117442668520758,8,long,東京 09-15JST,11,2024-01,戦略B 逆張りロング
2024-01-09 02:40:00,2024-01-09 02:45:00,143.5605,143.60860714285715,2508.3798882692286,0.5016759776538458,4,long,東京 09-15JST,11,2024-01,戦略B 逆張りロング
2024-01-09 02:45:00,2024-01-09 02:50:00,143.66,143.60910714285714,-2667.5402470983877,-0.5335080494196776,3,long,東京 09-15JST,11,2024-01,戦略B 逆張りロング
2024-01-11 01:35:00,2024-01-11 01:40:00,145.482,145.40928571428572,-5000.0,-1.0,1,long,東京 09-15JST,10,2024-01,戦略B 逆張りロング
2024-01-11 01:45:00,2024-01-11 01:50:00,145.418,145.3505,-4999.999999999699,-0.9999999999999398,1,long,東京 09-15JST,10,2024-01,戦略B 逆張りロング
2024-01-11 01:50:00,2024-01-11 01:55:00,145.34500000000003,145.40171428571432,4152.7196652726425,0.8305439330545284,4,long,東京 09-15JST,10,2024-01,戦略B 逆張りロング
2024-01-11 01:55:00,2024-01-11 02:00:00,145.36700000000002,145.40282142857146,2666.135034556845,0.5332270069113689,3,long,東京 09-15JST,10,2024-01,戦略B 逆張りロング
2024-01-12 00:00:00,2024-01-12 00:05:00,145.17000000000002,145.2437142857143,5823.927765237082,1.1647855530474165,5,long,東京 09-15JST,9,2024-01,戦略B 逆張りロング
2024-01-12 03:30:00,2024-01-12 03:35:00,144.91199999999998,144.8622142857143,-3645.39748953813,-0.7290794979076259,2,long,東京 09-15JST,12,2024-01,戦略B 逆張りロング
2024-01-12 13:35:00,2024-01-12 13:40:00,144.8385,144.95142857142858,-4999.999999999641,-0.9999999999999282,1,short,NY   21-03JST,22,2024-01,戦略A 順張りショート
2024-01-12 13:50:00,2024-01-12 13:55:00,144.86950000000002,144.7899642857143,2660.692951015872,0.5321385902031744,2,short,NY   21-03JST,22,2024-01,戦略A 順張りショート
2024-01-12 13:55:00,2024-01-12 14:00:00,144.791,144.83185714285713,-1298.2296867904865,-0.2596459373580973,2,short,NY   21-03JST,22,2024-01,戦略A 順張りショート
2024-01-12 14:00:00,2024-01-12 14:05:00,144.688,144.8508214285714,-4999.99999999975,-0.9999999999999499,1,short,NY   21-03JST,23,2024-01,戦略A 順張りショート
2024-01-12 14:25:00,2024-01-12 14:30:00,144.5635,144.56407142857142,-15.313935681216856,-0.003062787136243371,4,short,NY   21-03JST,23,2024-01,戦略A 順張りショート
2024-01-12 15:00:00,2024-01-12 15:05:00,144.471,144.49550000000002,-871.8861209970836,-0.17437722419941673,4,short,NY   21-03JST,0,2024-01,戦略A 順張りショート
2024-01-12 15:05:00,2024-01-12 15:10:00,144.4565,144.4939642857143,-1347.9825237730863,-0.26959650475461727,3,short,NY   21-03JST,0,2024-01,戦略A 順張りショート
2024-01-12 15:15:00,2024-01-12 15:20:00,144.45800000000003,144.5888928571429,-5000.000000000466,-1.000000000000093,1,short,NY   21-03JST,0,2024-01,戦略A 順張りショート
2024-01-17 02:15:00,2024-01-17 02:20:00,147.144,147.33289285714287,12659.167065581523,2.5318334131163045,14,long,東京 09-15JST,11,2024-01,戦略B 逆張りロング
2024-01-19 17:20:00,2024-01-19 17:25:00,148.1265,148.0867857142857,3188.0733944964504,0.6376146788992901,2,short,NY   21-03JST,2,2024-01,戦略A 順張りショート
2024-01-19 17:25:00,2024-01-19 17:30:00,148.058,148.12360714285714,-5000.0000000006185,-1.0000000000001237,1,short,NY   21-03JST,2,2024-01,戦略A 順張りショート
2024-01-19 17:30:00,2024-01-19 17:35:00,148.05399999999997,148.11824999999996,-4999.999999999369,-0.9999999999998738,1,short,NY   21-03JST,2,2024-01,戦略A 順張りショート
2024-01-24 04:35:00,2024-01-24 04:40:00,147.8495,147.95164285714287,7935.6270810206615,1.5871254162041324,7,long,東京 09-15JST,13,2024-01,戦略B 逆張りロング
2024-01-24 04:40:00,2024-01-24 04:45:00,147.78699999999998,147.94810714285717,11864.807995793706,2.3729615991587414,6,long,東京 09-15JST,13,2024-01,戦略B 逆張りロング
2024-01-24 14:15:00,2024-01-24 14:20:00,146.69799999999998,146.76307142857144,-2903.123008286721,-0.5806246016573442,3,short,NY   21-03JST,23,2024-01,戦略A 順張りショート
2024-01-30 00:40:00,2024-01-30 00:45:00,147.2165,147.27714285714285,5195.838433292437,1.0391676866584874,2,long,東京 09-15JST,9,2024-01,戦略B 逆張りロング
2024-01-30 00:45:00,2024-01-30 00:50:00,147.22199999999998,147.37453571428574,12934.58509994469,2.586917019988938,4,long,東京 09-15JST,9,2024-01,戦略B 逆張りロング
2024-01-31 14:30:00,2024-01-31 14:35:00,147.173,146.62653571428572,25527.193860526284,5.1054387721052565,4,short,NY   21-03JST,23,2024-01,戦略A 順張りショート
2024-01-31 14:35:00,2024-01-31 14:40:00,147.05700000000002,146.6357857142857,18111.179361180082,3.6222358722360166,3,short,NY   21-03JST,23,2024-01,戦略A 順張りショート
2024-01-31 14:40:00,2024-01-31 14:45:00,146.9135,146.6343214285714,12157.076205288098,2.4314152410576195,2,short,NY   21-03JST,23,2024-01,戦略A 順張りショート
2024-01-31 14:45:00,2024-01-31 14:50:00,146.709,146.59257142857143,4808.259587020413,0.9616519174040826,2,short,NY   21-03JST,23,2024-01,戦略A 順張りショート
2024-01-31 14:50:00,2024-01-31 14:55:00,146.572,146.7034285714286,-5000.0000000003865,-1.0000000000000773,1,short,NY   21-03JST,23,2024-01,戦略A 順張りショート
2024-01-31 14:55:00,2024-01-31 15:00:00,146.64249999999998,146.61392857142857,1013.6847440439469,0.2027369488087894,4,short,NY   21-03JST,23,2024-01,戦略A 順張りショート
2024-01-31 15:10:00,2024-01-31 15:15:00,146.652,146.73871428571425,-2616.37931034422,-0.523275862068844,3,short,NY   21-03JST,0,2024-02,戦略A 順張りショート
2024-01-31 15:15:00,2024-01-31 15:20:00,146.6045,146.24153571428573,10610.774692002198,2.1221549384004397,9,short,NY   21-03JST,0,2024-02,戦略A 順張りショート
2024-01-31 15:35:00,2024-01-31 15:40:00,146.5625,146.25882142857145,8062.772615208914,1.6125545230417828,5,short,NY   21-03JST,0,2024-02,戦略A 順張りショート
2024-01-31 16:15:00,2024-01-31 16:20:00,146.2775,146.2759642857143,53.152039554311195,0.01063040791086224,7,short,NY   21-03JST,1,2024-02,戦略A 順張りショート
2024-02-01 02:00:00,2024-02-01 02:05:00,146.7055,146.61707142857142,-5000.000000000573,-1.0000000000001146,1,long,東京 09-15JST,11,2024-02,戦略B 逆張りロング
2024-02-01 02:05:00,2024-02-01 02:10:00,146.575,146.5737857142857,-65.48536209617406,-0.013097072419234811,6,long,東京 09-15JST,11,2024-02,戦略B 逆張りロング
2024-02-01 02:10:00,2024-02-01 02:15:00,146.52100000000002,146.57446428571427,2904.540162978713,0.5809080325957426,5,long,東京 09-15JST,11,2024-02,戦略B 逆張りロング
2024-02-01 03:05:00,2024-02-01 03:10:00,146.57600000000002,146.6655,6438.848920862274,1.287769784172455,10,long,東京 09-15JST,12,2024-02,戦略B 逆張りロング
2024-02-02 12:15:00,2024-02-02 12:20:00,146.5385,146.55335714285712,-1796.2003454211613,-0.3592400690842322,2,short,NY   21-03JST,21,2024-02,戦略A 順張りショート
2024-02-07 14:40:00,2024-02-07 14:45:00,147.829,147.71567857142858,5921.985815602811,1.1843971631205623,2,short,NY   21-03JST,23,2024-02,戦略A 順張りショート
2024-02-07 14:45:00,2024-02-07 14:50:00,147.7375,147.83989285714287,-5000.000000000297,-1.0000000000000595,2,short,NY   21-03JST,23,2024-02,戦略A 順張りショート
2024-02-07 14:50:00,2024-02-07 14:55:00,147.79899999999998,147.91114285714283,-5000.0,-1.0,1,short,NY   21-03JST,23,2024-02,戦略A 順張りショート
2024-04-29 04:05:00,2024-04-29 04:10:00,157.781,157.58507142857144,-4999.9999999998445,-0.9999999999999689,1,long,東京 09-15JST,13,2024-04,戦略B 逆張りロング
2024-04-29 04:10:00,2024-04-29 04:15:00,158.0845,157.86017857142855,-5000.0000000002265,-1.0000000000000453,1,long,東京 09-15JST,13,2024-04,戦略B 逆張りロング
2024-04-29 04:15:00,2024-04-29 04:20:00,156.8065,157.35353571428573,8190.033151534732,1.6380066303069463,2,long,東京 09-15JST,13,2024-04,戦略B 逆張りロング
2024-04-29 04:30:00,2024-04-29 04:35:00,156.243,155.74017857142857,-4999.99999999992,-0.999999999999984,1,long,東京 09-15JST,13,2024-04,戦略B 逆張りロング
2024-04-29 04:35:00,2024-04-29 04:40:00,156.103,155.5682857142857,-5000.000000000133,-1.0000000000000266,1,long,東京 09-15JST,13,2024-04,戦略B 逆張りロング
2024-04-29 04:40:00,2024-04-29 04:45:00,155.7295,155.4341785714286,-2600.4780174852262,-0.5200956034970452,2,long,東京 09-15JST,13,2024-04,戦略B 逆張りロング
2024-04-29 04:45:00,2024-04-29 04:50:00,155.744,155.84796428571428,861.2935676667064,0.17225871353334127,2,long,東京 09-15JST,13,2024-04,戦略B 逆張りロング
2024-04-29 04:50:00,2024-04-29 04:55:00,155.446,156.13167857142855,5211.7378793635535,1.0423475758727108,2,long,東京 09-15JST,13,2024-04,戦略B 逆張りロング
2024-04-29 05:00:00,2024-04-29 05:05:00,155.251,155.58232142857145,1949.6868563743406,0.3899373712748681,5,long,東京 09-15JST,14,2024-04,戦略B 逆張りロング
2024-04-29 05:05:00,2024-04-29 05:10:00,155.582,155.5376785714286,-247.79361846559928,-0.04955872369311986,4,long,東京 09-15JST,14,2024-04,戦略B 逆張りロング
2024-04-29 05:30:00,2024-04-29 05:35:00,156.231,156.47539285714285,1603.4022212849447,0.32068044425698894,18,long,東京 09-15JST,14,2024-04,戦略B 逆張りロング
2024-04-29 05:55:00,2024-04-29 06:00:00,156.7975,156.62857142857143,-1387.0967741936101,-0.27741935483872204,13,long,東京 09-15JST,14,2024-04,戦略B 逆張りロング
2024-05-02 05:20:00,2024-05-02 05:25:00,155.675,155.70871428571428,1750.7418397616393,0.35014836795232784,5,long,東京 09-15JST,14,2024-05,戦略B 逆張りロング
2024-05-02 05:30:00,2024-05-02 05:35:00,155.716,155.7054642857143,-529.2429135268061,-0.10584858270536122,3,long,東京 09-15JST,14,2024-05,戦略B 逆張りロング
2024-05-02 13:50:00,2024-05-02 13:55:00,154.44,154.36089285714286,3068.717096148469,0.6137434192296938,2,short,NY   21-03JST,22,2024-05,戦略A 順張りショート
2024-05-02 13:55:00,2024-05-02 14:00:00,154.406,154.35510714285715,1970.9543568464364,0.39419087136928727,2,short,NY   21-03JST,22,2024-05,戦略A 順張りショート
2024-05-02 14:00:00,2024-05-02 14:05:00,154.2385,154.368,-5000.000000000314,-1.0000000000000628,1,short,NY   21-03JST,23,2024-05,戦略A 順張りショート
2024-05-02 15:55:00,2024-05-02 16:00:00,153.78300000000002,153.64903571428573,4524.728588660967,0.9049457177321935,7,short,NY   21-03JST,0,2024-05,戦略A 順張りショート
2024-05-02 16:10:00,2024-05-02 16:15:00,153.80700000000002,153.64557142857143,5583.003952569471,1.1166007905138942,4,short,NY   21-03JST,1,2024-05,戦略A 順張りショート
2024-05-02 16:15:00,2024-05-02 16:20:00,153.7785,153.64232142857145,4818.043972705951,0.9636087945411902,3,short,NY   21-03JST,1,2024-05,戦略A 順張りショート
2024-05-02 16:20:00,2024-05-02 16:25:00,153.5915,153.64467857142856,-1924.2698371667009,-0.38485396743334016,2,short,NY   21-03JST,1,2024-05,戦略A 順張りショート
2024-05-02 16:25:00,2024-05-02 16:30:00,153.5205,153.66107142857143,-4999.9999999997835,-0.9999999999999567,1,short,NY   21-03JST,1,2024-05,戦略A 順張りショート
2024-05-02 16:45:00,2024-05-02 16:50:00,153.639,153.76528571428574,-5000.0,-1.0,1,short,NY   21-03JST,1,2024-05,戦略A 順張りショート
2024-05-02 17:00:00,2024-05-02 17:05:00,153.6935,153.80035714285714,-4572.127139363687,-0.9144254278727374,2,short,NY   21-03JST,2,2024-05,戦略A 順張りショート
2024-05-02 17:05:00,2024-05-02 17:10:00,153.6835,153.7994285714286,-5000.0000000001755,-1.000000000000035,1,short,NY   21-03JST,2,2024-05,戦略A 順張りショート
2024-05-02 17:45:00,2024-05-02 17:50:00,153.256,153.36532142857143,-5000.000000000371,-1.0000000000000742,1,short,NY   21-03JST,2,2024-05,戦略A 順張りショート
2024-05-03 00:00:00,2024-05-03 00:05:00,152.978,153.31071428571428,12073.613271124166,2.4147226542248332,8,long,東京 09-15JST,9,2024-05,戦略B 逆張りロング
2024-05-03 00:05:00,2024-05-03 00:10:00,153.0775,153.30578571428572,7997.997997998444,1.5995995995996888,7,long,東京 09-15JST,9,2024-05,戦略B 逆張りロング
2024-05-03 01:55:00,2024-05-03 02:00:00,152.8425,152.82714285714283,-549.0296220642587,-0.10980592441285174,3,long,東京 09-15JST,10,2024-05,戦略B 逆張りロング
2024-05-03 02:15:00,2024-05-03 02:20:00,152.8375,152.91989285714286,3266.7799490225825,0.6533559898045165,4,long,東京 09-15JST,11,2024-05,戦略B 逆張りロング
2024-05-03 02:35:00,2024-05-03 02:40:00,152.929,153.0292142857143,4346.344485749741,0.8692688971499481,9,long,東京 09-15JST,11,2024-05,戦略B 逆張りロング
2024-05-03 02:40:00,2024-05-03 02:45:00,152.9615,152.97342857142857,634.0167046316197,0.12680334092632395,3,long,東京 09-15JST,11,2024-05,戦略B 逆張りロング
2024-05-03 13:25:00,2024-05-03 13:30:00,152.447,152.42514285714284,419.2929569747954,0.08385859139495908,7,short,NY   21-03JST,22,2024-05,戦略A 順張りショート
2024-05-15 16:00:00,2024-05-15 16:05:00,155.05,154.94207142857144,5111.637347767207,1.0223274695534414,7,short,NY   21-03JST,1,2024-05,戦略A 順張りショート
2024-05-15 16:05:00,2024-05-15 16:10:00,155.10250000000002,154.94460714285714,7302.609844731723,1.4605219689463445,6,short,NY   21-03JST,1,2024-05,戦略A 順張りショート
2024-05-15 16:10:00,2024-05-15 16:15:00,154.9785,154.951,1200.8733624455147,0.24017467248910293,5,short,NY   21-03JST,1,2024-05,戦略A 順張りショート
2024-05-15 17:10:00,2024-05-15 17:15:00,154.7715,154.86110714285715,-5000.000000000679,-1.000000000000136,1,short,NY   21-03JST,2,2024-05,戦略A 順張りショート
2024-05-16 00:15:00,2024-05-16 00:20:00,154.338,154.21485714285714,-4999.999999999671,-0.9999999999999342,1,long,東京 09-15JST,9,2024-05,戦略B 逆張りロング
2024-05-16 00:20:00,2024-05-16 00:25:00,154.185,154.05353571428572,-4999.999999999923,-0.9999999999999846,1,long,東京 09-15JST,9,2024-05,戦略B 逆張りロング
2024-05-16 00:25:00,2024-05-16 00:30:00,154.051,153.9120357142857,-4999.999999999707,-0.9999999999999414,1,long,東京 09-15JST,9,2024-05,戦略B 逆張りロング
2024-05-16 01:20:00,2024-05-16 01:25:00,153.767,153.64825000000002,-3899.835796386899,-0.7799671592773798,2,long,東京 09-15JST,10,2024-05,戦略B 逆張りロング
2024-05-16 01:30:00,2024-05-16 01:35:00,153.7365,154.17164285714287,15176.88091679208,3.0353761833584163,10,long,東京 09-15JST,10,2024-05,戦略B 逆張りロング
2024-05-16 01:35:00,2024-05-16 01:40:00,153.727,154.17585714285715,16129.363449692904,3.225872689938581,9,long,東京 09-15JST,10,2024-05,戦略B 逆張りロング
2024-05-17 14:40:00,2024-05-17 14:45:00,155.4385,155.40942857142858,2256.097560975687,0.4512195121951374,3,short,NY   21-03JST,23,2024-05,戦略A 順張りショート
2024-05-21 14:50:00,2024-05-21 14:55:00,155.92849999999999,156.0145,-5000.000000000589,-1.000000000000118,2,short,NY   21-03JST,23,2024-05,戦略A 順張りショート
2024-05-30 05:40:00,2024-05-30 05:45:00,157.011,156.94807142857144,-4999.999999999355,-0.999999999999871,1,long,東京 09-15JST,14,2024-05,戦略B 逆張りロング
2024-05-30 05:50:00,2024-05-30 05:55:00,156.9305,156.86085714285716,-4999.999999999272,-0.9999999999998544,1,long,東京 09-15JST,14,2024-05,戦略B 逆張りロング
2024-05-30 05:55:00,2024-05-30 06:00:00,156.96300000000002,156.89239285714288,-5000.000000000432,-1.0000000000000864,1,long,東京 09-15JST,14,2024-05,戦略B 逆張りロング
2024-05-30 12:00:00,2024-05-30 12:05:00,156.69400000000002,156.74889285714286,-4999.999999999075,-0.999999999999815,1,short,NY   21-03JST,21,2024-05,戦略A 順張りショート
2024-05-31 02:00:00,2024-05-31 02:05:00,156.68099999999998,156.75175000000002,4125.36443148894,0.825072886297788,14,long,東京 09-15JST,11,2024-05,戦略B 逆張りロング
2024-05-31 02:05:00,2024-05-31 02:10:00,156.6225,156.7524285714286,7636.439966416756,1.5272879932833512,13,long,東京 09-15JST,11,2024-05,戦略B 逆張りロング
2024-05-31 02:15:00,2024-05-31 02:20:00,156.6015,156.7582142857143,9882.88288288564,1.9765765765771282,10,long,東京 09-15JST,11,2024-05,戦略B 逆張りロング
2024-06-03 14:05:00,2024-06-03 14:10:00,156.24900000000002,156.24610714285714,161.41889199022935,0.03228377839804587,2,short,NY   21-03JST,23,2024-06,戦略A 順張りショート
2024-06-03 14:15:00,2024-06-03 14:20:00,156.25799999999998,156.35857142857142,-5000.000000000504,-1.0000000000001008,1,short,NY   21-03JST,23,2024-06,戦略A 順張りショート
2024-06-03 15:35:00,2024-06-03 15:40:00,156.036,156.04103571428573,-278.1065088763423,-0.05562130177526845,4,short,NY   21-03JST,0,2024-06,戦略A 順張りショート
2024-06-04 12:00:00,2024-06-04 12:05:00,154.79899999999998,154.90446428571425,-4999.999999999422,-0.9999999999998843,1,short,NY   21-03JST,21,2024-06,戦略A 順張りショート
2024-06-06 00:10:00,2024-06-06 00:15:00,155.7765,155.79367857142856,1275.8620689645657,0.2551724137929131,5,long,東京 09-15JST,9,2024-06,戦略B 逆張りロング
2024-06-06 00:15:00,2024-06-06 00:20:00,155.7465,155.79739285714285,4000.5614823130386,0.8001122964626077,4,long,東京 09-15JST,9,2024-06,戦略B 逆張りロング
2024-06-06 00:40:00,2024-06-06 00:45:00,155.7255,155.66125,-5000.000000001106,-1.0000000000002212,1,long,東京 09-15JST,9,2024-06,戦略B 逆張りロング
2024-06-06 00:45:00,2024-06-06 00:50:00,155.6635,155.62560714285715,-2853.6847767612135,-0.5707369553522427,2,long,東京 09-15JST,9,2024-06,戦略B 逆張りロング
2024-06-06 01:00:00,2024-06-06 01:05:00,155.5625,155.48917857142857,-5000.000000000277,-1.0000000000000555,1,long,東京 09-15JST,10,2024-06,戦略B 逆張りロング
2024-06-06 01:10:00,2024-06-06 01:15:00,155.49099999999999,155.45610714285712,-2225.512528474331,-0.44510250569486615,3,long,東京 09-15JST,10,2024-06,戦略B 逆張りロング
2024-06-06 01:15:00,2024-06-06 01:20:00,155.514,155.44171428571428,-4501.779359431498,-0.9003558718862996,2,long,東京 09-15JST,10,2024-06,戦略B 逆張りロング
2024-06-06 01:25:00,2024-06-06 01:30:00,155.4885,155.6450714285714,9614.035087719676,1.9228070175439351,5,long,東京 09-15JST,10,2024-06,戦略B 逆張りロング
2024-06-06 01:30:00,2024-06-06 01:35:00,155.438,155.63649999999998,11027.777777777867,2.2055555555555735,4,long,東京 09-15JST,10,2024-06,戦略B 逆張りロング
2024-06-12 12:30:00,2024-06-12 12:35:00,156.523,156.3595,8014.705882353232,1.6029411764706463,3,short,NY   21-03JST,21,2024-06,戦略A 順張りショート
2024-06-13 12:30:00,2024-06-13 12:35:00,156.60750000000002,156.6901785714286,-4999.9999999997535,-0.9999999999999507,1,short,NY   21-03JST,21,2024-06,戦略A 順張りショート
2024-06-13 15:45:00,2024-06-13 15:50:00,156.80349999999999,156.792,787.6712328755696,0.15753424657511392,3,short,NY   21-03JST,0,2024-06,戦略A 順張りショート
2024-06-13 15:50:00,2024-06-13 15:55:00,156.777,156.7874642857143,-764.2149191459611,-0.1528429838291922,2,short,NY   21-03JST,0,2024-06,戦略A 順張りショート
2024-06-13 15:55:00,2024-06-13 16:00:00,156.7755,156.75875,1334.6613545818143,0.26693227091636285,2,short,NY   21-03JST,0,2024-06,戦略A 順張りショート
2024-06-13 16:20:00,2024-06-13 16:25:00,156.7975,156.7885,762.7118644080452,0.15254237288160905,2,short,NY   21-03JST,1,2024-06,戦略A 順張りショート
2024-06-13 16:25:00,2024-06-13 16:30:00,156.7295,156.7924642857143,-5000.000000000161,-1.0000000000000322,1,short,NY   21-03JST,1,2024-06,戦略A 順張りショート
2024-06-18 13:00:00,2024-06-18 13:05:00,157.7775,157.7512857142857,1510.2880658447002,0.30205761316894003,2,short,NY   21-03JST,22,2024-06,戦略A 順張りショート
2024-06-18 13:05:00,2024-06-18 13:10:00,157.7005,157.79139285714285,-4999.9999999994425,-0.9999999999998885,1,short,NY   21-03JST,22,2024-06,戦略A 順張りショート
2024-07-02 13:35:00,2024-07-02 13:40:00,161.34,161.3266785714286,1368.3052090949477,0.27366104181898954,2,short,NY   21-03JST,22,2024-07,戦略A 順張りショート
2024-07-02 13:40:00,2024-07-02 13:45:00,161.2875,161.33839285714285,-5000.000000000398,-1.0000000000000797,1,short,NY   21-03JST,22,2024-07,戦略A 順張りショート
2024-07-03 13:20:00,2024-07-03 13:25:00,161.615,161.64839285714285,-3248.783877691163,-0.6497567755382326,3,short,NY   21-03JST,22,2024-07,戦略A 順張りショート
2024-07-03 14:05:00,2024-07-03 14:10:00,161.2105,160.96967857142857,12922.575699501767,2.5845151399003536,2,short,NY   21-03JST,23,2024-07,戦略A 順張りショート
2024-07-03 14:10:00,2024-07-03 14:15:00,160.964,161.08492857142858,-5000.000000000419,-1.000000000000084,1,short,NY   21-03JST,23,2024-07,戦略A 順張りショート
2024-07-03 14:25:00,2024-07-03 14:30:00,161.235,161.21932142857142,537.5949057073691,0.10751898114147382,2,short,NY   21-03JST,23,2024-07,戦略A 順張りショート
2024-07-04 01:00:00,2024-07-04 01:05:00,161.2745,161.3945,8219.17808219239,1.643835616438478,4,long,東京 09-15JST,10,2024-07,戦略B 逆張りロング
2024-07-04 01:05:00,2024-07-04 01:10:00,161.2695,161.38739285714286,7358.448506464925,1.471689701292985,3,long,東京 09-15JST,10,2024-07,戦略B 逆張りロング
2024-07-04 01:40:00,2024-07-04 01:45:00,161.3635,161.4900357142857,7490.486257928585,1.498097251585717,38,long,東京 09-15JST,10,2024-07,戦略B 逆張りロング
2024-07-05 01:10:00,2024-07-05 01:15:00,160.9595,161.00842857142857,2339.4808743171893,0.4678961748634379,5,long,東京 09-15JST,10,2024-07,戦略B 逆張りロング
2024-07-05 01:15:00,2024-07-05 01:20:00,160.94,161.00392857142856,2930.5828421737365,0.5861165684347472,4,long,東京 09-15JST,10,2024-07,戦略B 逆張りロング
2024-07-05 04:25:00,2024-07-05 04:30:00,160.618,160.70414285714284,5261.780104711043,1.0523560209422087,15,long,東京 09-15JST,13,2024-07,戦略B 逆張りロング
2024-07-05 04:30:00,2024-07-05 04:35:00,160.6315,160.71539285714286,5940.819423369452,1.1881638846738904,12,long,東京 09-15JST,13,2024-07,戦略B 逆張りロング
2024-07-05 04:35:00,2024-07-05 04:40:00,160.6065,160.71875,8345.724907061694,1.669144981412339,11,long,東京 09-15JST,13,2024-07,戦略B 逆張りロング
2024-07-05 04:40:00,2024-07-05 04:45:00,160.6335,160.72221428571427,6954.087346023116,1.3908174692046231,10,long,東京 09-15JST,13,2024-07,戦略B 逆張りロング
2024-07-05 16:20:00,2024-07-05 16:25:00,160.8045,160.86739285714285,-4999.999999999676,-0.9999999999999353,3,short,NY   21-03JST,1,2024-07,戦略A 順張りショート
2024-07-08 02:35:00,2024-07-08 02:40:00,160.3185,160.31460714285714,-217.73871354381825,-0.04354774270876365,3,long,東京 09-15JST,11,2024-07,戦略B 逆張りロング
2024-07-08 02:40:00,2024-07-08 02:45:00,160.3155,160.3205357142857,301.66880616238984,0.06033376123247797,2,long,東京 09-15JST,11,2024-07,戦略B 逆張りロング
2024-07-11 17:00:00,2024-07-11 17:05:00,158.708,158.81557142857145,-2245.0805008948646,-0.4490161001789729,8,short,NY   21-03JST,2,2024-07,戦略A 順張りショート
2024-07-12 12:45:00,2024-07-12 12:50:00,158.76299999999998,158.76585714285716,-82.88437629617049,-0.016576875259234097,2,short,NY   21-03JST,21,2024-07,戦略A 順張りショート
2024-07-12 12:50:00,2024-07-12 12:55:00,158.613,158.79675,-5000.0000000001655,-1.000000000000033,1,short,NY   21-03JST,21,2024-07,戦略A 順張りショート
2024-07-12 13:10:00,2024-07-12 13:15:00,157.401,157.72214285714287,-5000.000000000126,-1.0000000000000253,1,short,NY   21-03JST,22,2024-07,戦略A 順張りショート
2024-07-12 13:50:00,2024-07-12 13:55:00,158.44,157.7329642857143,10277.748935728185,2.0555497871456367,4,short,NY   21-03JST,22,2024-07,戦略A 順張りショート
2024-07-12 14:00:00,2024-07-12 14:05:00,158.19650000000001,157.7327142857143,6746.674979218479,1.3493349958436958,2,short,NY   21-03JST,23,2024-07,戦略A 順張りショート
2024-07-12 14:10:00,2024-07-12 14:15:00,157.7385,157.90910714285712,-2153.5479217382513,-0.4307095843476503,14,short,NY   21-03JST,23,2024-07,戦略A 順張りショート
2024-07-18 00:45:00,2024-07-18 00:50:00,155.623,156.3029285714286,24445.30046225112,4.889060092450224,17,long,東京 09-15JST,9,2024-07,戦略B 逆張りロング
2024-07-18 05:55:00,2024-07-18 06:00:00,156.031,156.3069642857143,13199.521694568,2.6399043389136,8,long,東京 09-15JST,14,2024-07,戦略B 逆張りロング
2024-07-22 05:20:00,2024-07-22 05:25:00,157.171,157.10564285714284,-5000.000000000467,-1.0000000000000933,1,long,東京 09-15JST,14,2024-07,戦略B 逆張りロング
2024-07-23 00:45:00,2024-07-23 00:50:00,156.67399999999998,156.68257142857144,446.7609828756453,0.08935219657512906,2,long,東京 09-15JST,9,2024-07,戦略B 逆張りロング
2024-07-23 01:00:00,2024-07-23 01:05:00,156.7045,156.7479285714286,2076.502732241343,0.4153005464482686,6,long,東京 09-15JST,10,2024-07,戦略B 逆張りロング
2024-07-23 03:25:00,2024-07-23 03:30:00,156.43,156.351,-5000.000000000514,-1.0000000000001028,1,long,東京 09-15JST,12,2024-07,戦略B 逆張りロング
2024-07-23 03:30:00,2024-07-23 03:35:00,156.391,156.35475,-2331.1897106106176,-0.4662379421221235,3,long,東京 09-15JST,12,2024-07,戦略B 逆張りロング
2024-07-23 03:35:00,2024-07-23 03:40:00,156.375,156.35,-1552.7950310562794,-0.3105590062112559,2,long,東京 09-15JST,12,2024-07,戦略B 逆張りロング
2024-07-23 03:50:00,2024-07-23 03:55:00,156.24,156.2677857142857,1659.556313992291,0.33191126279845823,2,long,東京 09-15JST,12,2024-07,戦略B 逆張りロング
2024-07-23 03:55:00,2024-07-23 04:00:00,156.2815,156.30039285714284,1078.2715042798313,0.21565430085596626,5,long,東京 09-15JST,12,2024-07,戦略B 逆張りロング
2024-07-23 04:05:00,2024-07-23 04:10:00,156.27949999999998,156.29560714285714,871.6660224203342,0.17433320448406683,3,long,東京 09-15JST,13,2024-07,戦略B 逆張りロング
2024-07-23 04:25:00,2024-07-23 04:30:00,156.29149999999998,156.2682142857143,-1228.334589298049,-0.24566691785960978,2,long,東京 09-15JST,13,2024-07,戦略B 逆張りロング
2024-07-23 04:40:00,2024-07-23 04:45:00,156.212,156.36607142857144,8965.087281797492,1.7930174563594985,7,long,東京 09-15JST,13,2024-07,戦略B 逆張りロング
2024-07-24 01:20:00,2024-07-24 01:25:00,155.346,155.39153571428568,1989.079563180976,0.3978159126361952,2,long,東京 09-15JST,10,2024-07,戦略B 逆張りロング
2024-07-24 01:40:00,2024-07-24 01:45:00,155.2825,155.3947142857143,4257.452574525884,0.8514905149051769,13,long,東京 09-15JST,10,2024-07,戦略B 逆張りロング
2024-07-24 01:45:00,2024-07-24 01:50:00,155.25900000000001,155.38925,4744.990892531474,0.9489981785062948,12,long,東京 09-15JST,10,2024-07,戦略B 逆張りロング
2024-07-24 01:50:00,2024-07-24 01:55:00,155.1825,155.38392857142856,7064.128256512265,1.4128256513024529,11,long,東京 09-15JST,10,2024-07,戦略B 逆張りロング
2024-07-24 02:15:00,2024-07-24 02:20:00,155.33800000000002,155.38392857142858,1610.7214428854327,0.32214428857708655,6,long,東京 09-15JST,11,2024-07,戦略B 逆張りロング
2024-07-24 02:50:00,2024-07-24 02:55:00,155.356,155.2628214285714,-5000.000000000654,-1.0000000000001308,1,long,東京 09-15JST,11,2024-07,戦略B 逆張りロング
2024-07-24 04:00:00,2024-07-24 04:05:00,154.9075,154.80057142857143,-4999.999999999905,-0.9999999999999811,1,long,東京 09-15JST,13,2024-07,戦略B 逆張りロング
2024-07-24 04:10:00,2024-07-24 04:15:00,154.7785,154.84832142857144,3450.4059301095335,0.6900811860219067,2,long,東京 09-15JST,13,2024-07,戦略B 逆張りロング
2024-07-24 04:15:00,2024-07-24 04:20:00,154.79000000000002,154.84278571428572,2673.661360346925,0.534732272069385,2,long,東京 09-15JST,13,2024-07,戦略B 逆張りロング
2024-07-24 04:30:00,2024-07-24 04:35:00,154.7835,154.68367857142857,-5000.000000000306,-1.000000000000061,1,long,東京 09-15JST,13,2024-07,戦略B 逆張りロング
2024-07-24 04:35:00,2024-07-24 04:40:00,154.73399999999998,154.62935714285712,-5000.000000000485,-1.000000000000097,1,long,東京 09-15JST,13,2024-07,戦略B 逆張りロング
2024-07-24 04:40:00,2024-07-24 04:45:00,154.6435,154.55864285714284,-3952.0958083834953,-0.790419161676699,2,long,東京 09-15JST,13,2024-07,戦略B 逆張りロング
2024-07-24 04:45:00,2024-07-24 04:50:00,154.6355,154.55682142857142,-3619.7831087748145,-0.7239566217549629,3,long,東京 09-15JST,13,2024-07,戦略B 逆張りロング
2024-07-24 04:50:00,2024-07-24 04:55:00,154.631,154.5560357142857,-3424.1435562807924,-0.6848287112561585,2,long,東京 09-15JST,13,2024-07,戦略B 逆張りロング
2024-07-24 04:55:00,2024-07-24 05:00:00,154.611,154.49685714285712,-5000.000000000534,-1.0000000000001068,1,long,東京 09-15JST,13,2024-07,戦略B 逆張りロング
2024-07-24 05:05:00,2024-07-24 05:10:00,154.4235,154.65067857142856,9173.637150273724,1.8347274300547447,3,long,東京 09-15JST,14,2024-07,戦略B 逆張りロング
2024-07-24 12:10:00,2024-07-24 12:15:00,154.10199999999998,154.01114285714286,4200.79260237694,0.840158520475388,2,short,NY   21-03JST,21,2024-07,戦略A 順張りショート
2024-07-24 12:15:00,2024-07-24 12:20:00,153.9495,154.03875000000002,-3757.8947368431363,-0.7515789473686273,2,short,NY   21-03JST,21,2024-07,戦略A 順張りショート
2024-07-24 12:45:00,2024-07-24 12:50:00,153.9625,153.8858214285714,3047.1189327291127,0.6094237865458225,2,short,NY   21-03JST,21,2024-07,戦略A 順張りショート
2024-07-24 13:30:00,2024-07-24 13:35:00,153.691,153.6929642857143,-82.55779045426429,-0.01651155809085286,2,short,NY   21-03JST,22,2024-07,戦略A 順張りショート
2024-07-24 13:35:00,2024-07-24 13:40:00,153.636,153.76132142857142,-4999.999999999758,-0.9999999999999516,1,short,NY   21-03JST,22,2024-07,戦略A 順張りショート
2024-07-24 13:45:00,2024-07-24 13:50:00,153.39600000000002,153.54125000000002,-5000.000000000209,-1.0000000000000417,1,short,NY   21-03JST,22,2024-07,戦略A 順張りショート
2024-07-25 01:45:00,2024-07-25 01:50:00,152.82150000000001,152.7508214285714,-1774.2513896367564,-0.3548502779273513,2,long,東京 09-15JST,10,2024-07,戦略B 逆張りロング
2024-07-25 02:00:00,2024-07-25 02:05:00,152.8015,152.69225,-3125.8941344778914,-0.6251788268955782,2,long,東京 09-15JST,11,2024-07,戦略B 逆張りロング
2024-07-25 02:10:00,2024-07-25 02:15:00,152.6805,152.7825357142857,2958.1693932488497,0.5916338786497699,4,long,東京 09-15JST,11,2024-07,戦略B 逆張りロング
2024-07-25 02:15:00,2024-07-25 02:20:00,152.7635,152.78517857142856,638.2754994740882,0.12765509989481763,3,long,東京 09-15JST,11,2024-07,戦略B 逆張りロング
2024-07-25 02:30:00,2024-07-25 02:35:00,152.8245,152.6589642857143,-4999.999999999816,-0.9999999999999633,2,long,東京 09-15JST,11,2024-07,戦略B 逆張りロング
2024-07-25 02:45:00,2024-07-25 02:50:00,152.57,152.6012857142857,1119.6319018400147,0.22392638036800294,3,long,東京 09-15JST,11,2024-07,戦略B 逆張りロング
2024-07-25 02:50:00,2024-07-25 02:55:00,152.5725,152.60560714285714,1222.632550778319,0.2445265101556638,2,long,東京 09-15JST,11,2024-07,戦略B 逆張りロング
2024-07-25 02:55:00,2024-07-25 06:00:00,152.74099999999999,152.60889285714285,-4999.999999999615,-0.9999999999999231,1,long,東京 09-15JST,11,2024-07,戦略B 逆張りロング
2024-07-26 02:00:00,2024-07-26 02:05:00,153.663,153.70139285714285,2457.704618197364,0.4915409236394728,3,long,東京 09-15JST,11,2024-07,戦略B 逆張りロング
2024-07-26 04:35:00,2024-07-26 04:40:00,153.60750000000002,153.63057142857141,1614.9999999979061,0.32299999999958123,3,long,東京 09-15JST,13,2024-07,戦略B 逆張りロング
2024-07-26 04:40:00,2024-07-26 04:45:00,153.668,153.62803571428572,-2701.593433124551,-0.5403186866249102,2,long,東京 09-15JST,13,2024-07,戦略B 逆張りロング
2024-07-26 13:00:00,2024-07-26 13:05:00,154.04500000000002,154.01292857142857,1002.6797677538805,0.20053595355077608,2,short,NY   21-03JST,22,2024-07,戦略A 順張りショート
2024-07-26 13:05:00,2024-07-26 13:10:00,153.853,153.9761428571429,-3437.0015948970167,-0.6874003189794033,3,short,NY   21-03JST,22,2024-07,戦略A 順張りショート
2024-07-29 01:55:00,2024-07-29 02:00:00,153.4405,153.3750357142857,-2027.206370271973,-0.40544127405439456,2,long,東京 09-15JST,10,2024-07,戦略B 逆張りロング
2024-07-29 02:00:00,2024-07-29 02:05:00,153.5115,153.36425,-5000.0000000002065,-1.0000000000000413,1,long,東京 09-15JST,11,2024-07,戦略B 逆張りロング
2024-07-29 02:10:00,2024-07-29 02:15:00,153.33800000000002,153.20164285714287,-5000.0,-1.0,1,long,東京 09-15JST,11,2024-07,戦略B 逆張りロング
2024-07-29 02:25:00,2024-07-29 02:30:00,153.119,153.5533214285714,15273.800552623341,3.054760110524668,17,long,東京 09-15JST,11,2024-07,戦略B 逆張りロング
2024-07-31 00:00:00,2024-07-31 00:05:00,152.70999999999998,152.55146428571427,-4085.219952144024,-0.8170439904288048,2,long,東京 09-15JST,9,2024-07,戦略B 逆張りロング
2024-07-31 00:50:00,2024-07-31 00:55:00,152.3965,152.24475,-4967.2667757771915,-0.9934533551554383,2,long,東京 09-15JST,9,2024-07,戦略B 逆張りロング
2024-07-31 01:00:00,2024-07-31 01:05:00,152.303,152.22175,-2625.201938611013,-0.5250403877222025,5,long,東京 09-15JST,10,2024-07,戦略B 逆張りロング
2024-07-31 01:05:00,2024-07-31 01:10:00,152.25400000000002,152.22449999999998,-970.39473684346,-0.194078947368692,4,long,東京 09-15JST,10,2024-07,戦略B 逆張りロング
2024-07-31 01:10:00,2024-07-31 01:15:00,152.172,152.2285,1908.7837837837737,0.38175675675675474,3,long,東京 09-15JST,10,2024-07,戦略B 逆張りロング
2024-07-31 01:30:00,2024-07-31 01:35:00,152.26749999999998,152.38732142857143,4198.99874843593,0.839799749687186,5,long,東京 09-15JST,10,2024-07,戦略B 逆張りロング
2024-07-31 04:55:00,2024-07-31 05:00:00,152.553,152.72839285714284,1997.1533143552094,0.3994306628710419,15,long,東京 09-15JST,13,2024-07,戦略B 逆張りロング
2024-07-31 13:05:00,2024-07-31 13:10:00,150.26999999999998,150.18614285714287,2137.6547705745,0.42753095411490005,6,short,NY   21-03JST,22,2024-07,戦略A 順張りショート
2024-08-01 00:00:00,2024-08-01 00:05:00,149.61,149.7744285714286,6680.208937898914,1.3360417875797828,2,long,東京 09-15JST,9,2024-08,戦略B 逆張りロング
2024-08-01 00:15:00,2024-08-01 00:20:00,149.541,149.6885,4836.065573770645,0.967213114754129,3,long,東京 09-15JST,9,2024-08,戦略B 逆張りロング
2024-08-01 00:35:00,2024-08-01 00:40:00,149.684,149.57814285714286,-3018.329938899862,-0.6036659877799724,2,long,東京 09-15JST,9,2024-08,戦略B 逆張りロング
2024-08-01 00:45:00,2024-08-01 00:50:00,149.627,149.44046428571428,-5000.000000000163,-1.0000000000000326,1,long,東京 09-15JST,9,2024-08,戦略B 逆張りロング
2024-08-01 00:50:00,2024-08-01 00:55:00,149.551,149.3508214285714,-5000.000000000151,-1.0000000000000302,1,long,東京 09-15JST,9,2024-08,戦略B 逆張りロング
2024-08-01 00:55:00,2024-08-01 01:00:00,149.4405,149.23360714285712,-5000.00000000005,-1.00000000000001,1,long,東京 09-15JST,9,2024-08,戦略B 逆張りロング
2024-08-01 01:00:00,2024-08-01 01:05:00,149.3865,149.1822857142857,-5000.000000000298,-1.0000000000000597,1,long,東京 09-15JST,10,2024-08,戦略B 逆張りロング
2024-08-01 01:05:00,2024-08-01 01:10:00,149.25650000000002,149.04375000000002,-4999.9999999999045,-0.9999999999999809,1,long,東京 09-15JST,10,2024-08,戦略B 逆張りロング
2024-08-01 01:10:00,2024-08-01 01:15:00,149.13299999999998,148.92710714285712,-4999.999999999902,-0.9999999999999803,1,long,東京 09-15JST,10,2024-08,戦略B 逆張りロング
2024-08-01 01:20:00,2024-08-01 01:25:00,149.0805,148.87832142857144,-4999.999999999748,-0.9999999999999496,1,long,東京 09-15JST,10,2024-08,戦略B 逆張りロング
2024-08-01 01:25:00,2024-08-01 01:30:00,148.8485,148.64992857142857,-4999.999999999949,-0.9999999999999898,1,long,東京 09-15JST,10,2024-08,戦略B 逆張りロング
2024-08-01 01:30:00,2024-08-01 01:35:00,148.74900000000002,148.55685714285715,-5000.00000000037,-1.000000000000074,1,long,東京 09-15JST,10,2024-08,戦略B 逆張りロング
2024-08-01 01:35:00,2024-08-01 01:40:00,148.563,149.25642857142856,17728.268809350022,3.5456537618700046,8,long,東京 09-15JST,10,2024-08,戦略B 逆張りロング
2024-08-01 01:40:00,2024-08-01 01:45:00,148.7825,149.24575000000002,11230.303030303692,2.2460606060607384,7,long,東京 09-15JST,10,2024-08,戦略B 逆張りロング
2024-08-01 17:35:00,2024-08-01 17:40:00,149.6875,149.74221428571428,-2999.216914643581,-0.5998433829287162,2,short,NY   21-03JST,2,2024-08,戦略A 順張りショート
2024-08-02 04:55:00,2024-08-02 05:00:00,149.2595,149.1677857142857,-5000.000000000553,-1.0000000000001106,1,long,東京 09-15JST,13,2024-08,戦略B 逆張りロング
2024-08-02 05:05:00,2024-08-02 05:10:00,149.2225,149.27803571428572,2878.563495002548,0.5757126990005096,5,long,東京 09-15JST,14,2024-08,戦略B 逆張りロング
2024-08-02 12:30:00,2024-08-02 12:35:00,147.14499999999998,147.37721428571427,-5000.0,-1.0,1,short,NY   21-03JST,21,2024-08,戦略A 順張りショート
2024-08-02 13:30:00,2024-08-02 13:35:00,147.3275,146.85378571428572,5453.947368420761,1.0907894736841524,26,short,NY   21-03JST,22,2024-08,戦略A 順張りショート
2024-08-02 13:45:00,2024-08-02 13:50:00,147.3415,147.38328571428573,-655.3887519609164,-0.13107775039218328,2,short,NY   21-03JST,22,2024-08,戦略A 順張りショート
2024-08-05 00:10:00,2024-08-05 00:15:00,145.376,145.32207142857143,-1123.8463828520394,-0.22476927657040788,2,long,東京 09-15JST,9,2024-08,戦略B 逆張りロング
2024-08-05 00:15:00,2024-08-05 00:20:00,145.284,145.34285714285713,1169.4578484244862,0.23389156968489724,2,long,東京 09-15JST,9,2024-08,戦略B 逆張りロング
2024-08-05 00:25:00,2024-08-05 00:30:00,145.589,145.41507142857142,-3174.706649282991,-0.6349413298565981,3,long,東京 09-15JST,9,2024-08,戦略B 逆張りロング
2024-08-05 00:45:00,2024-08-05 00:50:00,145.378,145.38649999999998,140.0329489291244,0.028006589785824876,2,long,東京 09-15JST,9,2024-08,戦略B 逆張りロング
2024-08-05 00:50:00,2024-08-05 00:55:00,145.2885,145.27889285714286,-151.48102263755624,-0.030296204527511247,2,long,東京 09-15JST,9,2024-08,戦略B 逆張りロング
2024-08-05 01:00:00,2024-08-05 01:05:00,145.2665,144.94953571428573,-4999.999999999776,-0.9999999999999553,1,long,東京 09-15JST,10,2024-08,戦略B 逆張りロング
2024-08-05 01:05:00,2024-08-05 01:10:00,144.9855,145.02917857142856,653.2421749810887,0.13064843499621775,6,long,東京 09-15JST,10,2024-08,戦略B 逆張りロング
2024-08-05 01:10:00,2024-08-05 01:15:00,144.824,145.02692857142856,3014.643463496974,0.6029286926993949,5,long,東京 09-15JST,10,2024-08,戦略B 逆張りロング
2024-08-05 01:15:00,2024-08-05 01:20:00,145.022,145.01992857142855,-30.145530145702907,-0.006029106029140582,4,long,東京 09-15JST,10,2024-08,戦略B 逆張りロング
2024-08-06 01:35:00,2024-08-06 01:40:00,144.8125,144.52775,-5000.000000000036,-1.0000000000000073,1,long,東京 09-15JST,10,2024-08,戦略B 逆張りロング
2024-08-06 14:50:00,2024-08-06 14:55:00,144.394,144.62221428571428,-4999.999999999777,-0.9999999999999555,1,short,NY   21-03JST,23,2024-08,戦略A 順張りショート
2024-08-07 12:00:00,2024-08-07 12:05:00,147.025,147.09225,-2314.9741824441044,-0.4629948364888209,2,short,NY   21-03JST,21,2024-08,戦略A 順張りショート
2024-08-08 00:40:00,2024-08-08 00:45:00,145.7615,146.33710714285715,10119.929674745505,2.023985934949101,7,long,東京 09-15JST,9,2024-08,戦略B 逆張りロング
2024-08-08 00:45:00,2024-08-08 00:50:00,145.645,146.33103571428572,11809.295462928652,2.3618590925857306,6,long,東京 09-15JST,9,2024-08,戦略B 逆張りロング
2024-08-09 01:55:00,2024-08-09 02:00:00,147.0865,147.29621428571426,7143.552311434578,1.4287104622869156,7,long,東京 09-15JST,10,2024-08,戦略B 逆張りロング
2024-08-09 02:00:00,2024-08-09 02:05:00,147.086,147.30539285714283,7971.710355565901,1.5943420711131804,6,long,東京 09-15JST,11,2024-08,戦略B 逆張りロング
2024-08-09 04:50:00,2024-08-09 04:55:00,146.9895,146.89,-5000.000000000612,-1.0000000000001223,1,long,東京 09-15JST,13,2024-08,戦略B 逆張りロング
2024-08-09 04:55:00,2024-08-09 05:00:00,146.8855,146.77617857142857,-5000.000000000371,-1.0000000000000742,1,long,東京 09-15JST,13,2024-08,戦略B 逆張りロング
2024-08-09 13:15:00,2024-08-09 13:20:00,146.6155,146.63964285714286,-968.4813753583746,-0.19369627507167492,2,short,NY   21-03JST,22,2024-08,戦略A 順張りショート
2024-08-12 01:05:00,2024-08-12 01:10:00,146.7385,146.90732142857144,9360.396039605543,1.8720792079211086,12,long,東京 09-15JST,10,2024-08,戦略B 逆張りロング
2024-08-12 01:10:00,2024-08-12 01:15:00,146.78300000000002,146.91432142857144,7893.94589952824,1.5787891799056482,11,long,東京 09-15JST,10,2024-08,戦略B 逆張りロング
2024-08-12 01:25:00,2024-08-12 01:30:00,146.79500000000002,146.91810714285714,7753.036437246438,1.5506072874492876,8,long,東京 09-15JST,10,2024-08,戦略B 逆張りロング
2024-08-12 15:15:00,2024-08-12 15:20:00,147.631,147.34739285714286,14054.867256636031,2.810973451327206,2,short,NY   21-03JST,0,2024-08,戦略A 順張りショート
2024-08-12 15:20:00,2024-08-12 15:25:00,147.36950000000002,147.42117857142856,-2205.1203901235,-0.44102407802469995,2,short,NY   21-03JST,0,2024-08,戦略A 順張りショート
2024-08-12 15:25:00,2024-08-12 15:30:00,147.37599999999998,147.46671428571432,-3726.525821598385,-0.745305164319677,4,short,NY   21-03JST,0,2024-08,戦略A 順張りショート
2024-08-12 15:40:00,2024-08-12 15:45:00,147.4185,147.53710714285714,-4836.877366734523,-0.9673754733469047,2,short,NY   21-03JST,0,2024-08,戦略A 順張りショート
2024-08-12 15:45:00,2024-08-12 15:50:00,147.4235,147.5470357142857,-4999.9999999997535,-0.9999999999999507,1,short,NY   21-03JST,0,2024-08,戦略A 順張りショート
2024-08-12 16:05:00,2024-08-12 16:10:00,147.417,147.4022857142857,606.5959952887904,0.12131919905775808,2,short,NY   21-03JST,1,2024-08,戦略A 順張りショート
2024-08-12 16:10:00,2024-08-12 16:15:00,147.374,147.45117857142856,-3184.4974948419313,-0.6368994989683863,5,short,NY   21-03JST,1,2024-08,戦略A 順張りショート
2024-08-12 16:15:00,2024-08-12 16:20:00,147.3485,147.4535357142857,-4251.228678808099,-0.8502457357616199,4,short,NY   21-03JST,1,2024-08,戦略A 順張りショート
2024-08-13 12:30:00,2024-08-13 12:35:00,147.3155,147.34924999999998,-1790.450928381797,-0.3580901856763594,2,short,NY   21-03JST,21,2024-08,戦略A 順張りショート
2024-08-13 14:15:00,2024-08-13 14:20:00,146.9515,147.1229642857143,-4999.999999999823,-0.9999999999999646,3,short,NY   21-03JST,23,2024-08,戦略A 順張りショート
2024-08-13 14:45:00,2024-08-13 14:50:00,147.013,147.07264285714285,-2534.911961141119,-0.5069823922282237,8,short,NY   21-03JST,23,2024-08,戦略A 順張りショート
2024-08-13 16:35:00,2024-08-13 16:40:00,146.80599999999998,146.83310714285713,-1853.9325842700046,-0.37078651685400094,2,short,NY   21-03JST,1,2024-08,戦略A 順張りショート
2024-08-14 02:05:00,2024-08-14 02:10:00,146.69650000000001,146.59110714285717,-4999.999999999519,-0.9999999999999037,1,long,東京 09-15JST,11,2024-08,戦略B 逆張りロング
2024-08-14 14:50:00,2024-08-14 14:55:00,146.6525,146.77475,-5000.000000000083,-1.0000000000000167,1,short,NY   21-03JST,23,2024-08,戦略A 順張りショート
2024-08-14 15:05:00,2024-08-14 15:10:00,146.71300000000002,146.75942857142857,-1935.6759976166147,-0.3871351995233229,4,short,NY   21-03JST,0,2024-08,戦略A 順張りショート
2024-08-14 15:10:00,2024-08-14 15:15:00,146.726,146.75892857142858,-1378.5885167468916,-0.27571770334937834,3,short,NY   21-03JST,0,2024-08,戦略A 順張りショート
2024-08-14 15:20:00,2024-08-14 15:25:00,146.6625,146.77392857142857,-4999.999999999999,-0.9999999999999998,1,short,NY   21-03JST,0,2024-08,戦略A 順張りショート
2024-08-15 04:25:00,2024-08-15 04:30:00,147.28050000000002,147.2669642857143,-1366.2581110318342,-0.27325162220636684,2,long,東京 09-15JST,13,2024-08,戦略B 逆張りロング
2024-08-15 04:30:00,2024-08-15 04:35:00,147.262,147.2547142857143,-731.7073170717387,-0.14634146341434773,2,long,東京 09-15JST,13,2024-08,戦略B 逆張りロング
2024-08-15 05:50:00,2024-08-15 05:55:00,147.07850000000002,147.1297857142857,4561.626429476882,0.9123252858953763,2,long,東京 09-15JST,14,2024-08,戦略B 逆張りロング
2024-08-16 03:00:00,2024-08-16 03:05:00,148.8395,148.93192857142856,5919.487648673202,1.1838975297346404,14,long,東京 09-15JST,12,2024-08,戦略B 逆張りロング
2024-08-16 03:10:00,2024-08-16 03:15:00,148.8235,148.93514285714284,7457.061068700731,1.4914122137401462,12,long,東京 09-15JST,12,2024-08,戦略B 逆張りロング
2024-08-19 01:25:00,2024-08-19 01:30:00,147.6225,147.51610714285715,-4999.999999999618,-0.9999999999999236,1,long,東京 09-15JST,10,2024-08,戦略B 逆張りロング
2024-08-19 02:35:00,2024-08-19 02:40:00,147.5235,147.4324642857143,-4999.999999999554,-0.9999999999999108,1,long,東京 09-15JST,11,2024-08,戦略B 逆張りロング
2024-08-19 02:45:00,2024-08-19 02:50:00,147.372,147.28557142857144,-4859.437751003805,-0.971887550200761,3,long,東京 09-15JST,11,2024-08,戦略B 逆張りロング
2024-08-19 03:05:00,2024-08-19 03:10:00,147.118,147.02646428571427,-5000.000000000444,-1.0000000000000888,1,long,東京 09-15JST,12,2024-08,戦略B 逆張りロング
2024-08-19 03:55:00,2024-08-19 04:00:00,146.4615,146.46103571428569,-14.072310024712296,-0.0028144620049424594,4,long,東京 09-15JST,12,2024-08,戦略B 逆張りロング
2024-08-19 05:50:00,2024-08-19 05:55:00,145.634,145.45978571428572,-4999.999999999708,-0.9999999999999416,1,long,東京 09-15JST,14,2024-08,戦略B 逆張りロング
2024-08-19 05:55:00,2024-08-19 06:00:00,145.42700000000002,145.24785714285716,-5000.00000000034,-1.000000000000068,1,long,東京 09-15JST,14,2024-08,戦略B 逆張りロング
2024-08-20 01:00:00,2024-08-20 01:05:00,146.0225,146.36157142857144,9719.492219492447,1.9438984438984894,8,long,東京 09-15JST,10,2024-08,戦略B 逆張りロング
2024-08-20 12:55:00,2024-08-20 13:00:00,146.1725,146.13342857142857,2234.4771241841104,0.4468954248368221,5,short,NY   21-03JST,21,2024-08,戦略A 順張りショート
2024-08-20 13:10:00,2024-08-20 13:15:00,146.1015,146.13360714285713,-1832.4500611496335,-0.3664900122299267,2,short,NY   21-03JST,22,2024-08,戦略A 順張りショート
2024-08-20 13:15:00,2024-08-20 13:20:00,146.0855,146.15067857142856,-3803.6681950807565,-0.7607336390161513,2,short,NY   21-03JST,22,2024-08,戦略A 順張りショート
2024-08-20 13:20:00,2024-08-20 13:25:00,146.103,146.19010714285716,-5000.000000000466,-1.000000000000093,1,short,NY   21-03JST,22,2024-08,戦略A 順張りショート
2024-08-20 13:40:00,2024-08-20 13:45:00,146.15300000000002,146.14714285714285,292.43937232644015,0.05848787446528803,3,short,NY   21-03JST,22,2024-08,戦略A 順張りショート
2024-08-20 13:45:00,2024-08-20 13:50:00,146.0685,146.15275,-4079.903147699598,-0.8159806295399196,2,short,NY   21-03JST,22,2024-08,戦略A 順張りショート
2024-08-20 14:15:00,2024-08-20 14:20:00,145.925,145.63753571428572,12333.741955255873,2.4667483910511745,8,short,NY   21-03JST,23,2024-08,戦略A 順張りショート
2024-08-20 14:20:00,2024-08-20 14:25:00,145.8355,145.63935714285716,8286.059143028431,1.6572118286056863,7,short,NY   21-03JST,23,2024-08,戦略A 順張りショート
2024-08-20 14:25:00,2024-08-20 14:30:00,145.7485,145.64403571428574,4245.283018867302,0.8490566037734605,6,short,NY   21-03JST,23,2024-08,戦略A 順張りショート
2024-08-20 14:30:00,2024-08-20 14:35:00,145.7645,145.6477142857143,4608.2299887253,0.9216459977450601,5,short,NY   21-03JST,23,2024-08,戦略A 順張りショート
2024-08-20 14:35:00,2024-08-20 14:40:00,145.6575,145.6514285714286,232.7491785313184,0.04654983570626368,4,short,NY   21-03JST,23,2024-08,戦略A 順張りショート
2024-08-20 14:40:00,2024-08-20 14:45:00,145.5885,145.64803571428573,-2343.2667978633995,-0.4686533595726799,3,short,NY   21-03JST,23,2024-08,戦略A 順張りショート
2024-08-20 14:50:00,2024-08-20 14:55:00,145.53699999999998,145.66428571428568,-4999.999999999601,-0.9999999999999202,1,short,NY   21-03JST,23,2024-08,戦略A 順張りショート
2024-08-20 15:40:00,2024-08-20 15:45:00,145.6535,145.6823214285714,-1527.8303672838147,-0.30556607345676295,2,short,NY   21-03JST,0,2024-08,戦略A 順張りショート
2024-08-20 15:50:00,2024-08-20 15:55:00,145.70499999999998,145.4317142857143,16035.20536462511,3.207041072925022,14,short,NY   21-03JST,0,2024-08,戦略A 順張りショート
2024-08-20 16:00:00,2024-08-20 16:05:00,145.6975,145.4253214285714,17265.518803806408,3.4531037607612816,12,short,NY   21-03JST,1,2024-08,戦略A 順張りショート
2024-08-20 16:05:00,2024-08-20 16:10:00,145.6525,145.42421428571427,14687.500000000866,2.937500000000173,11,short,NY   21-03JST,1,2024-08,戦略A 順張りショート
2024-08-20 16:10:00,2024-08-20 16:15:00,145.622,145.42196428571427,13253.6677709443,2.65073355418886,10,short,NY   21-03JST,1,2024-08,戦略A 順張りショート
2024-08-22 15:45:00,2024-08-22 15:50:00,145.90550000000002,145.99453571428575,-5000.000000000685,-1.000000000000137,1,short,NY   21-03JST,0,2024-08,戦略A 順張りショート
2024-08-22 15:55:00,2024-08-22 16:00:00,145.97899999999998,146.06760714285713,-5000.000000000114,-1.0000000000000226,2,short,NY   21-03JST,0,2024-08,戦略A 順張りショート
2024-08-23 01:40:00,2024-08-23 01:45:00,145.661,145.5120357142857,-5000.000000000409,-1.000000000000082,2,long,東京 09-15JST,10,2024-08,戦略B 逆張りロング
2024-08-23 01:45:00,2024-08-23 01:50:00,145.5685,145.50235714285714,-2286.419753086696,-0.4572839506173392,2,long,東京 09-15JST,10,2024-08,戦略B 逆張りロング
2024-08-23 01:50:00,2024-08-23 01:55:00,145.641,145.49596428571428,-5000.0,-1.0,1,long,東京 09-15JST,10,2024-08,戦略B 逆張りロング
2024-08-23 01:55:00,2024-08-23 02:00:00,145.48649999999998,145.5174642857143,1005.1008578731045,0.2010201715746209,8,long,東京 09-15JST,10,2024-08,戦略B 逆張りロング
2024-08-23 02:00:00,2024-08-23 02:05:00,145.3545,145.52710714285715,5976.99727924826,1.1953994558496521,6,long,東京 09-15JST,11,2024-08,戦略B 逆張りロング
2024-08-23 02:45:00,2024-08-23 02:50:00,145.622,145.5674642857143,-2073.038284007852,-0.41460765680157036,2,long,東京 09-15JST,11,2024-08,戦略B 逆張りロング
2024-08-23 03:05:00,2024-08-23 03:10:00,145.555,145.60325,2048.832271762089,0.4097664543524178,11,long,東京 09-15JST,12,2024-08,戦略B 逆張りロング
2024-08-23 03:10:00,2024-08-23 03:15:00,145.5325,145.61392857142857,3802.535023349128,0.7605070046698256,9,long,東京 09-15JST,12,2024-08,戦略B 逆張りロング
2024-08-23 03:15:00,2024-08-23 03:20:00,145.4995,145.62289285714286,6288.678558426927,1.2577357116853856,8,long,東京 09-15JST,12,2024-08,戦略B 逆張りロング
2024-08-23 14:00:00,2024-08-23 14:05:00,145.4925,145.29289285714287,6361.256544501922,1.2722513089003844,2,short,NY   21-03JST,23,2024-08,戦略A 順張りショート
2024-08-23 14:05:00,2024-08-23 14:10:00,145.333,145.33835714285715,-155.40820555345718,-0.031081641110691435,2,short,NY   21-03JST,23,2024-08,戦略A 順張りショート
2024-08-23 14:10:00,2024-08-23 14:15:00,145.2165,145.39689285714286,-4999.999999999944,-0.9999999999999887,1,short,NY   21-03JST,23,2024-08,戦略A 順張りショート
2024-08-23 14:25:00,2024-08-23 14:30:00,145.353,145.16232142857143,4543.8297872340545,0.9087659574468109,4,short,NY   21-03JST,23,2024-08,戦略A 順張りショート
2024-08-23 14:30:00,2024-08-23 14:35:00,145.24,145.17207142857143,1546.8445022773346,0.30936890045546694,3,short,NY   21-03JST,23,2024-08,戦略A 順張りショート
2024-08-23 14:35:00,2024-08-23 14:40:00,145.276,145.183,2017.353579176016,0.40347071583520316,2,short,NY   21-03JST,23,2024-08,戦略A 順張りショート
2024-08-23 14:40:00,2024-08-23 14:45:00,145.2255,144.83367857142858,8437.932625749563,1.6875865251499127,9,short,NY   21-03JST,23,2024-08,戦略A 順張りショート
2024-08-23 14:45:00,2024-08-23 14:50:00,145.0635,144.84803571428571,4369.8392003475765,0.8739678400695153,8,short,NY   21-03JST,23,2024-08,戦略A 順張りショート
2024-08-23 15:10:00,2024-08-23 15:15:00,144.82,144.81592857142857,94.93670886059532,0.018987341772119064,3,short,NY   21-03JST,0,2024-08,戦略A 順張りショート
2024-08-23 15:40:00,2024-08-23 15:45:00,144.76600000000002,144.93410714285716,-4999.999999999758,-0.9999999999999516,1,short,NY   21-03JST,0,2024-08,戦略A 順張りショート
2024-08-23 15:55:00,2024-08-23 16:00:00,144.8665,144.90925,-1413.2231404953293,-0.2826446280990659,8,short,NY   21-03JST,0,2024-08,戦略A 順張りショート
2024-08-23 16:00:00,2024-08-23 16:05:00,144.862,144.9015714285714,-1378.1094527355324,-0.27562189054710645,3,short,NY   21-03JST,1,2024-08,戦略A 順張りショート
2024-08-23 17:40:00,2024-08-23 17:45:00,144.498,144.42625,4470.404984422641,0.8940809968845282,3,short,NY   21-03JST,2,2024-08,戦略A 順張りショート
2024-08-26 00:05:00,2024-08-26 00:10:00,143.8065,143.71571428571428,-3113.669769720593,-0.6227339539441187,2,long,東京 09-15JST,9,2024-08,戦略B 逆張りロング
2024-08-26 00:10:00,2024-08-26 00:15:00,143.859,143.71946428571428,-5000.000000000217,-1.0000000000000435,1,long,東京 09-15JST,9,2024-08,戦略B 逆張りロング
2024-08-26 00:15:00,2024-08-26 00:20:00,143.71800000000002,143.57507142857145,-4999.999999999715,-0.999999999999943,1,long,東京 09-15JST,9,2024-08,戦略B 逆張りロング
2024-08-26 00:20:00,2024-08-26 00:25:00,143.623,143.59292857142856,-985.4868913858454,-0.19709737827716908,4,long,東京 09-15JST,9,2024-08,戦略B 逆張りロング
2024-08-26 00:25:00,2024-08-26 00:30:00,143.577,143.5955357142857,618.0042867341126,0.12360085734682252,3,long,東京 09-15JST,9,2024-08,戦略B 逆張りロング
2024-08-26 00:30:00,2024-08-26 00:35:00,143.574,143.59264285714283,609.8130841109902,0.12196261682219804,2,long,東京 09-15JST,9,2024-08,戦略B 逆張りロング
2024-08-26 00:35:00,2024-08-26 00:40:00,143.6615,143.59035714285713,-2228.187919463073,-0.44563758389261454,2,long,東京 09-15JST,9,2024-08,戦略B 逆張りロング
2024-08-26 00:45:00,2024-08-26 00:50:00,143.5965,143.88760714285715,9018.588183226591,1.8037176366453183,4,long,東京 09-15JST,9,2024-08,戦略B 逆張りロング
2024-08-26 00:50:00,2024-08-26 00:55:00,143.50549999999998,143.89360714285715,12487.933808320344,2.497586761664069,3,long,東京 09-15JST,9,2024-08,戦略B 逆張りロング
2024-08-26 00:55:00,2024-08-26 13:00:00,143.938,143.88396428571428,-1637.0915386276565,-0.3274183077255313,2,long,東京 09-15JST,9,2024-08,戦略B 逆張りロング
2024-08-27 12:35:00,2024-08-27 12:40:00,144.377,144.35485714285716,1289.5174708816385,0.2579034941763277,5,short,NY   21-03JST,21,2024-08,戦略A 順張りショート
2024-09-02 01:20:00,2024-09-02 01:25:00,146.10700000000003,146.14885714285714,2165.5580192148177,0.43311160384296354,7,long,東京 09-15JST,10,2024-09,戦略B 逆張りロング
2024-09-02 01:30:00,2024-09-02 01:35:00,146.1165,146.1502857142857,1774.193548386182,0.3548387096772364,5,long,東京 09-15JST,10,2024-09,戦略B 逆張りロング
2024-09-02 04:25:00,2024-09-02 04:30:00,145.872,146.14703571428572,22015.437392795713,4.403087478559143,13,long,東京 09-15JST,13,2024-09,戦略B 逆張りロング
2024-09-03 03:05:00,2024-09-03 03:10:00,146.65550000000002,146.57817857142857,-4754.062362759579,-0.9508124725519157,3,long,東京 09-15JST,12,2024-09,戦略B 逆張りロング
2024-09-03 03:25:00,2024-09-03 03:30:00,146.5855,146.57003571428572,-960.9409675980388,-0.19218819351960775,3,long,東京 09-15JST,12,2024-09,戦略B 逆張りロング
2024-09-03 13:10:00,2024-09-03 13:15:00,145.5875,145.70067857142857,-4999.999999999731,-0.9999999999999462,1,short,NY   21-03JST,22,2024-09,戦略A 順張りショート
2024-09-05 05:05:00,2024-09-05 05:10:00,143.39749999999998,143.4385,2662.337662339294,0.5324675324678588,3,long,東京 09-15JST,14,2024-09,戦略B 逆張りロング
2024-09-05 05:30:00,2024-09-05 05:35:00,143.4305,143.42717857142858,-188.0307319035655,-0.0376061463807131,2,long,東京 09-15JST,14,2024-09,戦略B 逆張りロング
2024-09-05 05:55:00,2024-09-05 06:00:00,143.4035,143.30642857142857,-5000.000000000314,-1.0000000000000628,1,long,東京 09-15JST,14,2024-09,戦略B 逆張りロング
2024-09-05 13:00:00,2024-09-05 13:05:00,143.14499999999998,143.17149999999998,-1720.7792207792181,-0.3441558441558436,2,short,NY   21-03JST,22,2024-09,戦略A 順張りショート
2024-09-05 13:05:00,2024-09-05 13:10:00,143.11,143.19296428571428,-4999.999999999266,-0.9999999999998532,1,short,NY   21-03JST,22,2024-09,戦略A 順張りショート
2024-09-05 13:30:00,2024-09-05 13:35:00,143.185,143.2310357142857,-2335.99130119502,-0.46719826023900396,2,short,NY   21-03JST,22,2024-09,戦略A 順張りショート
2024-09-05 13:35:00,2024-09-05 13:40:00,143.1685,143.27085714285715,-5000.000000000596,-1.0000000000001192,1,short,NY   21-03JST,22,2024-09,戦略A 順張りショート
2024-09-05 13:45:00,2024-09-05 13:50:00,143.1655,143.21239285714285,-2031.8786753317486,-0.4063757350663497,2,short,NY   21-03JST,22,2024-09,戦略A 順張りショート
2024-09-05 13:50:00,2024-09-05 13:55:00,143.14100000000002,143.25725000000003,-5000.000000000263,-1.0000000000000526,1,short,NY   21-03JST,22,2024-09,戦略A 順張りショート
2024-09-05 13:55:00,2024-09-05 14:00:00,143.179,143.29810714285713,-4999.999999999403,-0.9999999999998807,1,short,NY   21-03JST,22,2024-09,戦略A 順張りショート
2024-09-09 12:30:00,2024-09-09 12:35:00,143.2045,143.19232142857143,645.5887921237756,0.12911775842475512,2,short,NY   21-03JST,21,2024-09,戦略A 順張りショート
2024-09-09 12:40:00,2024-09-09 12:45:00,143.20999999999998,143.26364285714283,-2833.9622641505107,-0.5667924528301022,2,short,NY   21-03JST,21,2024-09,戦略A 順張りショート
2024-09-09 12:50:00,2024-09-09 12:55:00,143.23200000000003,143.02060714285713,11475.378053511753,2.2950756107023507,5,short,NY   21-03JST,21,2024-09,戦略A 順張りショート
2024-09-09 13:00:00,2024-09-09 13:05:00,143.1625,143.02560714285713,7048.547260022949,1.4097094520045896,3,short,NY   21-03JST,22,2024-09,戦略A 順張りショート
2024-09-09 13:05:00,2024-09-09 13:10:00,143.0315,142.9704642857143,2949.6030376234758,0.5899206075246951,4,short,NY   21-03JST,22,2024-09,戦略A 順張りショート
2024-09-09 13:10:00,2024-09-09 13:15:00,142.98399999999998,142.97103571428573,623.0690010280214,0.12461380020560428,3,short,NY   21-03JST,22,2024-09,戦略A 順張りショート
2024-09-09 13:15:00,2024-09-09 13:20:00,143.02499999999998,142.96835714285717,2794.2212825907723,0.5588442565181545,2,short,NY   21-03JST,22,2024-09,戦略A 順張りショート
2024-09-09 13:20:00,2024-09-09 13:25:00,142.925,143.02742857142857,-4999.999999999505,-0.9999999999999011,1,short,NY   21-03JST,22,2024-09,戦略A 順張りショート
2024-09-10 03:50:00,2024-09-10 03:55:00,143.182,143.21839285714285,2860.75238630002,0.572150477260004,6,long,東京 09-15JST,12,2024-09,戦略B 逆張りロング
2024-09-10 04:55:00,2024-09-10 05:00:00,143.084,143.1377857142857,5355.618776671964,1.0711237553343929,2,long,東京 09-15JST,13,2024-09,戦略B 逆張りロング
2024-09-10 14:10:00,2024-09-10 14:15:00,142.6295,142.64285714285714,-613.5170603668987,-0.12270341207337974,2,short,NY   21-03JST,23,2024-09,戦略A 順張りショート
2024-09-10 14:15:00,2024-09-10 14:20:00,142.5775,142.68767857142856,-5000.000000000091,-1.0000000000000182,1,short,NY   21-03JST,23,2024-09,戦略A 順張りショート
2024-09-10 14:20:00,2024-09-10 14:25:00,142.55599999999998,142.66610714285713,-4999.999999999908,-0.9999999999999817,1,short,NY   21-03JST,23,2024-09,戦略A 順張りショート
2024-09-10 16:10:00,2024-09-10 16:15:00,142.334,142.40839285714287,-4256.232120964682,-0.8512464241929363,4,short,NY   21-03JST,1,2024-09,戦略A 順張りショート
2024-09-10 16:25:00,2024-09-10 16:30:00,142.3235,142.40260714285714,-4999.999999999615,-0.9999999999999231,1,short,NY   21-03JST,1,2024-09,戦略A 順張りショート
2024-09-11 00:15:00,2024-09-11 00:20:00,142.08249999999998,142.13739285714286,3536.585365854782,0.7073170731709564,4,long,東京 09-15JST,9,2024-09,戦略B 逆張りロング
2024-09-11 00:25:00,2024-09-11 00:30:00,142.0705,142.1374642857143,4318.286503914625,0.8636573007829251,2,long,東京 09-15JST,9,2024-09,戦略B 逆張りロング
2024-09-11 00:40:00,2024-09-11 00:45:00,142.0815,142.1670357142857,5093.577201189979,1.0187154402379959,2,long,東京 09-15JST,9,2024-09,戦略B 逆張りロング
2024-09-11 00:50:00,2024-09-11 00:55:00,142.09949999999998,142.32992857142858,11808.199121524725,2.361639824304945,6,long,東京 09-15JST,9,2024-09,戦略B 逆張りロング
2024-09-11 01:55:00,2024-09-11 02:00:00,141.8315,141.62539285714286,-5000.000000000148,-1.0000000000000298,1,long,東京 09-15JST,10,2024-09,戦略B 逆張りロング
2024-09-11 02:00:00,2024-09-11 02:05:00,141.68200000000002,141.62235714285717,-1429.3050325228548,-0.28586100650457097,5,long,東京 09-15JST,11,2024-09,戦略B 逆張りロング
2024-09-11 02:05:00,2024-09-11 02:10:00,141.7245,141.58985714285717,-3322.1713077188842,-0.6644342615437768,4,long,東京 09-15JST,11,2024-09,戦略B 逆張りロング
2024-09-11 02:15:00,2024-09-11 02:20:00,141.716,141.5662857142857,-3519.1403626600713,-0.7038280725320143,2,long,東京 09-15JST,11,2024-09,戦略B 逆張りロング
2024-09-11 02:25:00,2024-09-11 02:30:00,141.6605,141.74889285714286,2054.623941557185,0.410924788311437,8,long,東京 09-15JST,11,2024-09,戦略B 逆張りロング
2024-09-11 02:30:00,2024-09-11 02:35:00,141.631,141.74767857142857,2696.879643387664,0.5393759286775328,7,long,東京 09-15JST,11,2024-09,戦略B 逆張りロング
2024-09-11 03:05:00,2024-09-11 03:10:00,141.79149999999998,141.6572857142857,-4999.999999999622,-0.9999999999999243,1,long,東京 09-15JST,12,2024-09,戦略B 逆張りロング
2024-09-11 03:40:00,2024-09-11 03:45:00,141.317,141.32028571428572,119.7293076520933,0.02394586153041866,3,long,東京 09-15JST,12,2024-09,戦略B 逆張りロング
2024-09-11 04:00:00,2024-09-11 04:05:00,141.34500000000003,141.22100000000003,-4999.999999999754,-0.9999999999999509,1,long,東京 09-15JST,13,2024-09,戦略B 逆張りロング
2024-09-11 04:05:00,2024-09-11 04:10:00,141.1825,141.04835714285716,-4999.999999999546,-0.9999999999999092,2,long,東京 09-15JST,13,2024-09,戦略B 逆張りロング
2024-09-11 04:10:00,2024-09-11 04:15:00,141.0895,140.9535,-4999.999999999777,-0.9999999999999555,1,long,東京 09-15JST,13,2024-09,戦略B 逆張りロング
2024-09-11 04:20:00,2024-09-11 04:25:00,141.12,141.06303571428572,-1985.31242220569,-0.397062484441138,2,long,東京 09-15JST,13,2024-09,戦略B 逆張りロング
2024-09-11 04:30:00,2024-09-11 04:35:00,140.9765,140.93342857142855,-1402.3255813956482,-0.2804651162791296,2,long,東京 09-15JST,13,2024-09,戦略B 逆張りロング
2024-09-11 04:35:00,2024-09-11 04:40:00,141.05599999999998,140.9653214285714,-2912.3652213814785,-0.5824730442762956,4,long,東京 09-15JST,13,2024-09,戦略B 逆張りロング
2024-09-11 04:45:00,2024-09-11 04:50:00,141.0285,140.9770357142857,-1787.397668073089,-0.3574795336146178,2,long,東京 09-15JST,13,2024-09,戦略B 逆張りロング
2024-09-11 05:00:00,2024-09-11 05:05:00,140.969,140.90389285714284,-2243.4161949304576,-0.4486832389860915,2,long,東京 09-15JST,14,2024-09,戦略B 逆張りロング
2024-09-11 05:05:00,2024-09-11 05:10:00,141.01749999999998,140.86724999999998,-5000.000000000135,-1.0000000000000269,1,long,東京 09-15JST,14,2024-09,戦略B 逆張りロング
2024-09-11 05:15:00,2024-09-11 05:20:00,140.88549999999998,140.7403214285714,-5000.00000000028,-1.000000000000056,1,long,東京 09-15JST,14,2024-09,戦略B 逆張りロング
2024-09-11 05:20:00,2024-09-11 05:25:00,140.7355,141.30689285714288,19420.975965041587,3.8841951930083174,19,long,東京 09-15JST,14,2024-09,戦略B 逆張りロング
2024-09-11 14:40:00,2024-09-11 14:45:00,141.45600000000002,141.41767857142858,1132.573358666021,0.2265146717332042,2,short,NY   21-03JST,23,2024-09,戦略A 順張りショート
2024-09-12 02:25:00,2024-09-12 02:30:00,142.55599999999998,142.46092857142855,-5000.0,-1.0,1,long,東京 09-15JST,11,2024-09,戦略B 逆張りロング
2024-09-12 02:30:00,2024-09-12 02:35:00,142.495,142.41639285714285,-4221.327196011173,-0.8442654392022346,2,long,東京 09-15JST,11,2024-09,戦略B 逆張りロング
2024-09-12 02:35:00,2024-09-12 02:40:00,142.47050000000002,142.38089285714287,-5000.0000000002265,-1.0000000000000453,1,long,東京 09-15JST,11,2024-09,戦略B 逆張りロング
2024-09-12 02:40:00,2024-09-12 02:45:00,142.4275,142.46710714285715,2240.404040403636,0.4480808080807272,3,long,東京 09-15JST,11,2024-09,戦略B 逆張りロング
2024-09-12 02:45:00,2024-09-12 02:50:00,142.447,142.46382142857144,917.4133229452979,0.18348266458905957,2,long,東京 09-15JST,11,2024-09,戦略B 逆張りロング
2024-09-12 12:15:00,2024-09-12 12:20:00,142.308,142.362,-3439.490445860213,-0.6878980891720426,2,short,NY   21-03JST,21,2024-09,戦略A 順張りショート
2024-09-13 00:05:00,2024-09-13 00:10:00,141.353,141.26357142857142,-5000.000000000454,-1.0000000000000908,1,long,東京 09-15JST,9,2024-09,戦略B 逆張りロング
2024-09-13 00:10:00,2024-09-13 00:15:00,141.2935,141.20764285714284,-5000.0000000002365,-1.0000000000000473,1,long,東京 09-15JST,9,2024-09,戦略B 逆張りロング
2024-09-13 00:20:00,2024-09-13 00:25:00,141.276,141.33478571428572,3153.256704980242,0.6306513409960484,3,long,東京 09-15JST,9,2024-09,戦略B 逆張りロング
2024-09-13 00:55:00,2024-09-13 01:00:00,141.1955,141.06067857142858,-4999.9999999999245,-0.9999999999999849,1,long,東京 09-15JST,9,2024-09,戦略B 逆張りロング
2024-09-13 01:05:00,2024-09-13 01:10:00,141.10399999999998,141.0810714285714,-799.3027888453797,-0.15986055776907596,2,long,東京 09-15JST,10,2024-09,戦略B 逆張りロング
2024-09-13 01:30:00,2024-09-13 01:35:00,141.1095,141.14128571428571,1027.2391505079654,0.2054478301015931,6,long,東京 09-15JST,10,2024-09,戦略B 逆張りロング
2024-09-13 01:35:00,2024-09-13 01:40:00,141.1935,141.14235714285712,-1664.3421664348884,-0.3328684332869777,5,long,東京 09-15JST,10,2024-09,戦略B 逆張りロング
2024-09-13 13:20:00,2024-09-13 13:25:00,140.374,140.49453571428572,-5000.0000000003365,-1.0000000000000673,1,short,NY   21-03JST,22,2024-09,戦略A 順張りショート
2024-09-13 13:40:00,2024-09-13 13:45:00,140.655,140.41839285714286,8935.797140545052,1.7871594281090104,2,short,NY   21-03JST,22,2024-09,戦略A 順張りショート
2024-09-16 01:25:00,2024-09-16 01:30:00,140.5145,140.497,-1005.7471264358759,-0.20114942528717517,6,long,東京 09-15JST,10,2024-09,戦略B 逆張りロング
2024-09-16 04:30:00,2024-09-16 04:35:00,140.1685,140.19407142857142,1173.7704918031889,0.23475409836063776,2,long,東京 09-15JST,13,2024-09,戦略B 逆張りロング
2024-09-16 04:45:00,2024-09-16 04:50:00,140.171,140.1739285714286,162.56938937577326,0.032513877875154654,2,long,東京 09-15JST,13,2024-09,戦略B 逆張りロング
2024-09-16 04:50:00,2024-09-16 04:55:00,140.2385,140.14717857142858,-4999.999999999332,-0.9999999999998664,1,long,東京 09-15JST,13,2024-09,戦略B 逆張りロング
2024-09-16 05:00:00,2024-09-16 05:05:00,140.113,140.19835714285716,4631.782945737844,0.9263565891475688,3,long,東京 09-15JST,14,2024-09,戦略B 逆張りロング
2024-09-16 05:05:00,2024-09-16 05:10:00,140.257,140.1875357142857,-3509.5633345373762,-0.7019126669074752,2,long,東京 09-15JST,14,2024-09,戦略B 逆張りロング
2024-09-16 05:15:00,2024-09-16 05:20:00,140.2145,140.13375000000002,-4523.809523807801,-0.9047619047615603,5,long,東京 09-15JST,14,2024-09,戦略B 逆張りロング
2024-09-18 00:00:00,2024-09-18 00:05:00,141.902,141.82921428571427,-5000.000000000418,-1.0000000000000837,1,long,東京 09-15JST,9,2024-09,戦略B 逆張りロング
2024-09-18 00:50:00,2024-09-18 00:55:00,141.57299999999998,141.63467857142857,3043.7081424046564,0.6087416284809313,5,long,東京 09-15JST,9,2024-09,戦略B 逆張りロング
2024-09-18 01:20:00,2024-09-18 01:25:00,141.7275,141.66175,-3215.158924204465,-0.6430317848408931,3,long,東京 09-15JST,10,2024-09,戦略B 逆張りロング
2024-09-18 01:40:00,2024-09-18 01:45:00,141.60399999999998,141.53942857142857,-3043.7710437700634,-0.6087542087540126,2,long,東京 09-15JST,10,2024-09,戦略B 逆張りロング
2024-09-18 01:45:00,2024-09-18 01:50:00,141.627,141.51760714285714,-5000.0,-1.0,1,long,東京 09-15JST,10,2024-09,戦略B 逆張りロング
2024-09-18 01:55:00,2024-09-18 02:00:00,141.5205,141.51646428571428,-180.91578610336896,-0.03618315722067379,4,long,東京 09-15JST,10,2024-09,戦略B 逆張りロング
2024-09-18 02:15:00,2024-09-18 02:20:00,141.5345,141.49503571428573,-2295.3884503523745,-0.4590776900704749,2,long,東京 09-15JST,11,2024-09,戦略B 逆張りロング
2024-09-18 02:20:00,2024-09-18 02:25:00,141.5145,141.47846428571427,-2131.38994507903,-0.426277989015806,2,long,東京 09-15JST,11,2024-09,戦略B 逆張りロング
2024-09-18 02:30:00,2024-09-18 02:35:00,141.4805,141.39521428571427,-5000.000000000594,-1.0000000000001188,1,long,東京 09-15JST,11,2024-09,戦略B 逆張りロング
2024-09-18 02:35:00,2024-09-18 02:40:00,141.4355,141.40475,-1752.1367521356892,-0.35042735042713785,4,long,東京 09-15JST,11,2024-09,戦略B 逆張りロング
2024-09-18 02:40:00,2024-09-18 02:45:00,141.4375,141.40800000000002,-1745.5621301765266,-0.3491124260353053,3,long,東京 09-15JST,11,2024-09,戦略B 逆張りロング
2024-09-18 03:05:00,2024-09-18 03:10:00,141.382,141.37789285714285,-284.794452699949,-0.056958890539989794,3,long,東京 09-15JST,12,2024-09,戦略B 逆張りロング
2024-09-18 03:30:00,2024-09-18 03:35:00,141.3825,141.36746428571425,-1096.9254820240328,-0.21938509640480655,4,long,東京 09-15JST,12,2024-09,戦略B 逆張りロング
2024-09-19 03:15:00,2024-09-19 03:20:00,143.1865,143.04853571428572,-4999.999999999704,-0.9999999999999409,3,long,東京 09-15JST,12,2024-09,戦略B 逆張りロング
2024-09-19 03:25:00,2024-09-19 03:30:00,143.0935,142.98157142857144,-4147.697194282574,-0.8295394388565148,3,long,東京 09-15JST,12,2024-09,戦略B 逆張りロング
2024-09-19 03:35:00,2024-09-19 03:40:00,143.04000000000002,143.1574642857143,4697.229363038897,0.9394458726077793,7,long,東京 09-15JST,12,2024-09,戦略B 逆張りロング
2024-09-19 03:45:00,2024-09-19 03:50:00,142.996,143.16939285714287,7664.982633407105,1.532996526681421,5,long,東京 09-15JST,12,2024-09,戦略B 逆張りロング
2024-09-19 03:50:00,2024-09-19 03:55:00,142.976,143.17121428571429,8770.860077021876,1.7541720154043752,4,long,東京 09-15JST,12,2024-09,戦略B 逆張りロング
2024-09-19 04:05:00,2024-09-19 04:10:00,143.14350000000002,143.18467857142855,1841.2647716366873,0.36825295432733746,4,long,東京 09-15JST,13,2024-09,戦略B 逆張りロング
2024-09-19 04:15:00,2024-09-19 04:20:00,143.183,143.18867857142857,263.3322292151511,0.052666445843030214,2,long,東京 09-15JST,13,2024-09,戦略B 逆張りロング
2024-09-19 05:20:00,2024-09-19 05:25:00,142.7875,142.74285714285716,-2083.3333333321175,-0.4166666666664235,3,long,東京 09-15JST,14,2024-09,戦略B 逆張りロング
2024-09-19 05:40:00,2024-09-19 05:45:00,142.73700000000002,142.7236428571429,-610.7119529713705,-0.12214239059427409,2,long,東京 09-15JST,14,2024-09,戦略B 逆張りロング
2024-09-19 05:55:00,2024-09-19 06:00:00,142.572,142.5124285714286,-2501.4997000594412,-0.5002999400118883,2,long,東京 09-15JST,14,2024-09,戦略B 逆張りロング
2024-09-20 13:40:00,2024-09-20 13:45:00,143.8415,143.9890357142857,-4999.999999999794,-0.9999999999999589,1,short,NY   21-03JST,22,2024-09,戦略A 順張りショート
2024-09-20 13:45:00,2024-09-20 13:50:00,143.872,144.01967857142859,-4999.999999999932,-0.9999999999999863,1,short,NY   21-03JST,22,2024-09,戦略A 順張りショート
2024-09-20 16:00:00,2024-09-20 16:05:00,143.853,143.80335714285712,1623.8317757018585,0.3247663551403717,3,short,NY   21-03JST,1,2024-09,戦略A 順張りショート
2024-09-20 17:25:00,2024-09-20 17:30:00,144.0325,143.93328571428574,4623.834886815892,0.9247669773631784,9,short,NY   21-03JST,2,2024-09,戦略A 順張りショート
2024-09-24 12:00:00,2024-09-24 12:05:00,143.9145,143.87907142857142,1873.1117824780567,0.3746223564956114,2,short,NY   21-03JST,21,2024-09,戦略A 順張りショート
2024-09-24 12:05:00,2024-09-24 12:10:00,143.8385,143.93446428571428,-4999.999999999787,-0.9999999999999575,1,short,NY   21-03JST,21,2024-09,戦略A 順張りショート
2024-09-24 12:10:00,2024-09-24 12:15:00,143.8755,143.97196428571428,-5000.000000000526,-1.000000000000105,1,short,NY   21-03JST,21,2024-09,戦略A 順張りショート
2024-09-24 14:05:00,2024-09-24 14:10:00,143.5695,143.57889285714285,-323.0164578722393,-0.06460329157444786,4,short,NY   21-03JST,23,2024-09,戦略A 順張りショート
2024-09-24 14:15:00,2024-09-24 14:20:00,143.519,143.5956785714286,-2604.950254793562,-0.5209900509587124,2,short,NY   21-03JST,23,2024-09,戦略A 順張りショート
2024-09-24 14:20:00,2024-09-24 14:25:00,143.49450000000002,143.64425000000003,-5000.000000000407,-1.0000000000000815,2,short,NY   21-03JST,23,2024-09,戦略A 順張りショート
2024-09-24 14:40:00,2024-09-24 14:45:00,143.522,143.66546428571428,-5000.000000000071,-1.0000000000000142,1,short,NY   21-03JST,23,2024-09,戦略A 順張りショート
2024-09-24 14:45:00,2024-09-24 14:50:00,143.57299999999998,143.71635714285713,-4847.826086956961,-0.9695652173913922,2,short,NY   21-03JST,23,2024-09,戦略A 順張りショート
2024-09-24 14:55:00,2024-09-24 15:00:00,143.6735,143.7525,-2607.260726072851,-0.5214521452145702,8,short,NY   21-03JST,23,2024-09,戦略A 順張りショート
2024-09-24 15:10:00,2024-09-24 15:15:00,143.6405,143.72835714285713,-3449.2428491301116,-0.6898485698260223,4,short,NY   21-03JST,0,2024-09,戦略A 順張りショート
2024-09-25 13:05:00,2024-09-25 13:10:00,144.017,143.98035714285714,2251.9754170321135,0.4503950834064227,4,short,NY   21-03JST,22,2024-09,戦略A 順張りショート
2024-09-27 02:50:00,2024-09-27 02:55:00,144.997,145.0302142857143,1881.0679611647329,0.3762135922329466,2,long,東京 09-15JST,11,2024-09,戦略B 逆張りロング
2024-09-27 02:55:00,2024-09-27 03:00:00,145.09300000000002,145.00214285714287,-5000.000000000224,-1.0000000000000449,2,long,東京 09-15JST,11,2024-09,戦略B 逆張りロング
2024-09-27 03:05:00,2024-09-27 03:10:00,145.04399999999998,145.8412857142857,45971.9934102146,9.19439868204292,23,long,東京 09-15JST,12,2024-09,戦略B 逆張りロング
2024-09-27 03:10:00,2024-09-27 03:15:00,145.011,145.13832142857143,7653.499355946907,1.5306998711893813,7,long,東京 09-15JST,12,2024-09,戦略B 逆張りロング
2024-09-27 16:40:00,2024-09-27 16:45:00,142.47199999999998,142.57060714285714,-4417.600000000856,-0.8835200000001713,3,short,NY   21-03JST,1,2024-09,戦略A 順張りショート
2024-09-27 16:55:00,2024-09-27 17:00:00,142.5085,142.38907142857144,5879.04360056189,1.1758087201123781,5,short,NY   21-03JST,1,2024-09,戦略A 順張りショート
2024-09-30 01:20:00,2024-09-30 01:25:00,142.579,142.50835714285714,-2467.564870259964,-0.49351297405199285,2,long,東京 09-15JST,10,2024-09,戦略B 逆張りロング
2024-09-30 01:30:00,2024-09-30 01:35:00,142.5155,142.50153571428572,-539.3103448273695,-0.1078620689654739,3,long,東京 09-15JST,10,2024-09,戦略B 逆張りロング
2024-09-30 01:35:00,2024-09-30 01:40:00,142.503,142.5025,-19.4552529178272,-0.00389105058356544,2,long,東京 09-15JST,10,2024-09,戦略B 逆張りロング
2024-09-30 01:50:00,2024-09-30 01:55:00,142.4895,142.36175,-4999.999999999603,-0.9999999999999205,1,long,東京 09-15JST,10,2024-09,戦略B 逆張りロング
2024-09-30 01:55:00,2024-09-30 02:00:00,142.4675,142.3455,-5000.000000000499,-1.0000000000001,2,long,東京 09-15JST,10,2024-09,戦略B 逆張りロング
2024-09-30 02:10:00,2024-09-30 02:15:00,142.39,142.3205714285714,-3007.4257425743986,-0.6014851485148797,3,long,東京 09-15JST,11,2024-09,戦略B 逆張りロング
2024-09-30 02:20:00,2024-09-30 02:25:00,142.4055,142.30332142857142,-5000.0,-1.0,1,long,東京 09-15JST,11,2024-09,戦略B 逆張りロング
2024-09-30 02:30:00,2024-09-30 02:35:00,142.29899999999998,142.44839285714286,7244.544509873346,1.4489089019746693,7,long,東京 09-15JST,11,2024-09,戦略B 逆張りロング
2024-09-30 02:35:00,2024-09-30 02:40:00,142.372,142.4432857142857,3293.7293729364155,0.6587458745872831,6,long,東京 09-15JST,11,2024-09,戦略B 逆張りロング
2024-09-30 03:05:00,2024-09-30 03:10:00,142.482,142.39525,-4999.999999999765,-0.999999999999953,1,long,東京 09-15JST,12,2024-09,戦略B 逆張りロング
2024-09-30 03:10:00,2024-09-30 03:15:00,142.4315,142.34832142857144,-4999.999999999634,-0.9999999999999268,1,long,東京 09-15JST,12,2024-09,戦略B 逆張りロング
2024-09-30 04:55:00,2024-09-30 05:00:00,142.128,142.06821428571428,-3310.91772151847,-0.662183544303694,2,long,東京 09-15JST,13,2024-09,戦略B 逆張りロング
2024-09-30 05:00:00,2024-09-30 05:05:00,142.07049999999998,141.98117857142853,-5000.000000000796,-1.0000000000001592,1,long,東京 09-15JST,14,2024-09,戦略B 逆張りロング
2024-09-30 05:05:00,2024-09-30 05:10:00,142.14,142.04799999999997,-5000.000000000222,-1.0000000000000444,1,long,東京 09-15JST,14,2024-09,戦略B 逆張りロング
2024-09-30 05:10:00,2024-09-30 05:15:00,141.9965,141.89742857142855,-5000.000000000616,-1.0000000000001232,1,long,東京 09-15JST,14,2024-09,戦略B 逆張りロング
2024-09-30 05:15:00,2024-09-30 05:20:00,141.925,142.0095357142857,4292.709466810378,0.8585418933620756,3,long,東京 09-15JST,14,2024-09,戦略B 逆張りロング
2024-09-30 05:20:00,2024-09-30 05:25:00,141.9835,142.0087142857143,1269.7841726624495,0.2539568345324899,2,long,東京 09-15JST,14,2024-09,戦略B 逆張りロング
2024-09-30 05:35:00,2024-09-30 05:40:00,141.82150000000001,141.71110714285714,-5000.000000000459,-1.000000000000092,1,long,東京 09-15JST,14,2024-09,戦略B 逆張りロング
2024-09-30 05:40:00,2024-09-30 05:45:00,141.75900000000001,141.706,-2355.5555555566293,-0.47111111111132586,2,long,東京 09-15JST,14,2024-09,戦略B 逆張りロング
2024-09-30 05:45:00,2024-09-30 05:50:00,141.73399999999998,141.6565357142857,-3215.23865994651,-0.643047731989302,2,long,東京 09-15JST,14,2024-09,戦略B 逆張りロング
2024-09-30 05:55:00,2024-09-30 06:00:00,141.703,141.79189285714284,3566.9246202341656,0.7133849240468331,4,long,東京 09-15JST,14,2024-09,戦略B 逆張りロング
2024-10-02 05:35:00,2024-10-02 05:40:00,143.66,143.54982142857142,-5000.000000000368,-1.0000000000000737,1,long,東京 09-15JST,14,2024-10,戦略B 逆張りロング
2024-10-02 05:45:00,2024-10-02 05:50:00,143.6315,143.91796428571428,13196.775255018516,2.639355051003703,11,long,東京 09-15JST,14,2024-10,戦略B 逆張りロング
2024-10-03 03:15:00,2024-10-03 03:20:00,146.8355,146.88171428571428,2989.833641404941,0.5979667282809882,2,long,東京 09-15JST,12,2024-10,戦略B 逆張りロング
2024-10-04 01:55:00,2024-10-04 02:00:00,146.5525,146.466,-4971.2643678164195,-0.994252873563284,3,long,東京 09-15JST,10,2024-10,戦略B 逆張りロング
2024-10-04 02:10:00,2024-10-04 02:15:00,146.5025,146.47864285714286,-1707.5664621675485,-0.3415132924335097,5,long,東京 09-15JST,11,2024-10,戦略B 逆張りロング
2024-10-04 02:15:00,2024-10-04 02:20:00,146.49200000000002,146.47289285714288,-1413.100898045152,-0.2826201796090304,4,long,東京 09-15JST,11,2024-10,戦略B 逆張りロング
2024-10-04 05:30:00,2024-10-04 05:35:00,146.1125,146.05139285714287,-4999.999999999668,-0.9999999999999336,1,long,東京 09-15JST,14,2024-10,戦略B 逆張りロング
2024-10-07 00:05:00,2024-10-07 00:10:00,148.6865,148.60785714285714,-5000.000000000128,-1.0000000000000258,1,long,東京 09-15JST,9,2024-10,戦略B 逆張りロング
2024-10-07 00:15:00,2024-10-07 00:20:00,148.59699999999998,148.51382142857142,-4999.999999999634,-0.9999999999999268,1,long,東京 09-15JST,9,2024-10,戦略B 逆張りロング
2024-10-07 00:25:00,2024-10-07 00:30:00,148.5115,148.56528571428572,3119.304059651826,0.6238608119303651,3,long,東京 09-15JST,9,2024-10,戦略B 逆張りロング
2024-10-07 01:30:00,2024-10-07 01:35:00,148.457,148.41017857142856,-2003.9743197802422,-0.40079486395604846,2,long,東京 09-15JST,10,2024-10,戦略B 逆張りロング
2024-10-07 01:35:00,2024-10-07 01:40:00,148.43599999999998,148.38953571428573,-2038.5459103714797,-0.40770918207429596,2,long,東京 09-15JST,10,2024-10,戦略B 逆張りロング
2024-10-07 01:45:00,2024-10-07 01:50:00,148.406,148.33,-3318.77729257629,-0.6637554585152581,5,long,東京 09-15JST,10,2024-10,戦略B 逆張りロング
2024-10-07 01:50:00,2024-10-07 01:55:00,148.38400000000001,148.32892857142858,-2382.571075402303,-0.4765142150804606,4,long,東京 09-15JST,10,2024-10,戦略B 逆張りロング
2024-10-07 02:05:00,2024-10-07 02:10:00,148.4035,148.3091428571429,-4999.999999999247,-0.9999999999998493,1,long,東京 09-15JST,11,2024-10,戦略B 逆張りロング
2024-10-07 02:15:00,2024-10-07 02:20:00,148.25400000000002,148.55242857142858,15531.59851301085,3.10631970260217,13,long,東京 09-15JST,11,2024-10,戦略B 逆張りロング
2024-10-08 01:55:00,2024-10-08 02:00:00,147.84500000000003,147.75078571428574,-5000.0,-1.0,1,long,東京 09-15JST,10,2024-10,戦略B 逆張りロング
2024-10-08 02:00:00,2024-10-08 02:05:00,147.7575,147.6643214285714,-5000.000000000436,-1.000000000000087,1,long,東京 09-15JST,11,2024-10,戦略B 逆張りロング
2024-10-08 02:05:00,2024-10-08 02:10:00,147.661,147.64842857142858,-628.1227694499256,-0.1256245538899851,3,long,東京 09-15JST,11,2024-10,戦略B 逆張りロング
2024-10-10 13:35:00,2024-10-10 13:40:00,148.6865,148.65346428571428,547.0136014193308,0.10940272028386616,9,short,NY   21-03JST,22,2024-10,戦略A 順張りショート
2024-10-17 02:00:00,2024-10-17 02:05:00,149.368,149.3572142857143,-801.4861995745156,-0.1602972399149031,4,long,東京 09-15JST,11,2024-10,戦略B 逆張りロング
2024-10-17 02:20:00,2024-10-17 02:25:00,149.3745,149.31571428571428,-4434.267241380606,-0.8868534482761211,3,long,東京 09-15JST,11,2024-10,戦略B 逆張りロング
2024-10-17 02:25:00,2024-10-17 02:30:00,149.35899999999998,149.3182857142857,-3195.0672645729096,-0.6390134529145819,2,long,東京 09-15JST,11,2024-10,戦略B 逆張りロング
2024-10-17 02:30:00,2024-10-17 02:35:00,149.37,149.3067142857143,-4999.99999999984,-0.999999999999968,1,long,東京 09-15JST,11,2024-10,戦略B 逆張りロング
2024-10-17 02:35:00,2024-10-17 02:40:00,149.324,149.4979285714286,13262.527233116112,2.6525054466232225,6,long,東京 09-15JST,11,2024-10,戦略B 逆張りロング
2024-10-17 02:40:00,2024-10-17 02:45:00,149.2965,149.4972857142857,15161.81229773325,3.03236245954665,5,long,東京 09-15JST,11,2024-10,戦略B 逆張りロング
2024-10-21 01:20:00,2024-10-21 01:25:00,149.23000000000002,149.15367857142857,-5000.000000000399,-1.00000000000008,1,long,東京 09-15JST,10,2024-10,戦略B 逆張りロング
2024-10-21 01:30:00,2024-10-21 01:35:00,149.128,149.20260714285712,4555.16790231007,0.9110335804620139,9,long,東京 09-15JST,10,2024-10,戦略B 逆張りロング
2024-10-21 01:45:00,2024-10-21 01:50:00,149.203,149.20249999999996,-30.487804880790232,-0.006097560976158047,6,long,東京 09-15JST,10,2024-10,戦略B 逆張りロング
2024-10-24 03:20:00,2024-10-24 03:25:00,152.416,152.45182142857144,2666.135034556765,0.5332270069113529,2,long,東京 09-15JST,12,2024-10,戦略B 逆張りロング
2024-10-24 04:00:00,2024-10-24 04:05:00,152.3175,152.25917857142858,-4999.999999998956,-0.9999999999997912,1,long,東京 09-15JST,13,2024-10,戦略B 逆張りロング
2024-10-24 04:30:00,2024-10-24 04:35:00,152.20299999999997,152.1476071428571,-5000.0000000003665,-1.0000000000000733,2,long,東京 09-15JST,13,2024-10,戦略B 逆張りロング
2024-10-24 04:35:00,2024-10-24 04:40:00,152.17700000000002,152.12157142857146,-4999.999999999268,-0.9999999999998536,1,long,東京 09-15JST,13,2024-10,戦略B 逆張りロング
2024-10-25 02:50:00,2024-10-25 02:55:00,151.769,151.8474642857143,6702.257474069404,1.3404514948138808,9,long,東京 09-15JST,11,2024-10,戦略B 逆張りロング
2024-10-29 01:00:00,2024-10-29 01:05:00,152.8895,153.042,8243.243243242603,1.6486486486485206,6,long,東京 09-15JST,10,2024-10,戦略B 逆張りロング
2024-10-29 01:40:00,2024-10-29 01:45:00,152.9265,152.91232142857143,-722.0807566388593,-0.14441615132777186,3,long,東京 09-15JST,10,2024-10,戦略B 逆張りロング
2024-10-29 14:55:00,2024-10-29 15:00:00,153.3845,153.53810714285714,-4999.999999999868,-0.9999999999999736,1,short,NY   21-03JST,23,2024-10,戦略A 順張りショート
2024-10-31 03:15:00,2024-10-31 03:20:00,153.11,152.9996785714286,-4999.999999999447,-0.9999999999998894,2,long,東京 09-15JST,12,2024-10,戦略B 逆張りロング
2024-10-31 03:25:00,2024-10-31 03:30:00,153.00900000000001,152.99435714285718,-622.3436551294814,-0.12446873102589627,3,long,東京 09-15JST,12,2024-10,戦略B 逆張りロング
2024-10-31 03:30:00,2024-10-31 03:35:00,153.05,152.98882142857147,-2483.328501013697,-0.49666570020273937,4,long,東京 09-15JST,12,2024-10,戦略B 逆張りロング
2024-10-31 04:30:00,2024-10-31 04:35:00,152.897,152.8412857142857,-3288.364249578362,-0.6576728499156724,3,long,東京 09-15JST,13,2024-10,戦略B 逆張りロング
2024-10-31 04:50:00,2024-10-31 04:55:00,152.921,153.00585714285714,5228.873239436707,1.0457746478873413,7,long,東京 09-15JST,13,2024-10,戦略B 逆張りロング
2024-10-31 05:10:00,2024-10-31 05:15:00,152.9435,153.0226071428571,6142.540210756839,1.2285080421513677,3,long,東京 09-15JST,14,2024-10,戦略B 逆張りロング
2024-10-31 15:20:00,2024-10-31 15:25:00,152.37599999999998,152.36989285714287,263.48228042975194,0.05269645608595039,3,short,NY   21-03JST,0,2024-11,戦略A 順張りショート
2024-11-01 12:30:00,2024-11-01 12:35:00,152.1595,151.95625,8934.06593406548,1.786813186813096,2,short,NY   21-03JST,21,2024-11,戦略A 順張りショート
2024-11-01 12:35:00,2024-11-01 12:40:00,151.87400000000002,151.92567857142856,-1940.1984446219562,-0.3880396889243912,3,short,NY   21-03JST,21,2024-11,戦略A 順張りショート
2024-11-01 12:50:00,2024-11-01 12:55:00,151.9065,152.06775,-4999.999999999747,-0.9999999999999495,1,short,NY   21-03JST,21,2024-11,戦略A 順張りショート
2024-11-04 00:15:00,2024-11-04 00:20:00,152.1535,152.07517857142858,-5000.0,-1.0,1,long,東京 09-15JST,9,2024-11,戦略B 逆張りロング
2024-11-04 00:20:00,2024-11-04 00:25:00,152.09199999999998,152.1049642857143,804.8780487816024,0.16097560975632047,4,long,東京 09-15JST,9,2024-11,戦略B 逆張りロング
2024-11-04 00:25:00,2024-11-04 00:30:00,152.07799999999997,152.10471428571427,1653.404067197526,0.33068081343950523,3,long,東京 09-15JST,9,2024-11,戦略B 逆張りロング
2024-11-04 00:45:00,2024-11-04 00:50:00,152.06400000000002,152.025,-2500.0000000010414,-0.5000000000002083,2,long,東京 09-15JST,9,2024-11,戦略B 逆張りロング
2024-11-04 01:00:00,2024-11-04 01:05:00,152.01850000000002,151.99571428571429,-1410.256410257525,-0.282051282051505,2,long,東京 09-15JST,10,2024-11,戦略B 逆張りロング
2024-11-04 01:15:00,2024-11-04 01:20:00,152.00799999999998,151.9270357142857,-5000.000000000125,-1.0000000000000249,1,long,東京 09-15JST,10,2024-11,戦略B 逆張りロング
2024-11-04 01:30:00,2024-11-04 01:35:00,151.882,151.86760714285714,-842.7436219160669,-0.1685487243832134,2,long,東京 09-15JST,10,2024-11,戦略B 逆張りロング
2024-11-04 01:45:00,2024-11-04 01:50:00,151.7745,151.78260714285713,450.93365117197203,0.0901867302343944,3,long,東京 09-15JST,10,2024-11,戦略B 逆張りロング
2024-11-04 01:50:00,2024-11-04 01:55:00,151.728,151.77875,2706.6666666662686,0.5413333333332537,3,long,東京 09-15JST,10,2024-11,戦略B 逆張りロング
2024-11-04 02:10:00,2024-11-04 02:15:00,151.82799999999997,151.87496428571427,2667.3427991890558,0.5334685598378112,2,long,東京 09-15JST,11,2024-11,戦略B 逆張りロング
2024-11-04 03:10:00,2024-11-04 03:15:00,151.6405,151.65075000000002,685.6187290978629,0.1371237458195726,3,long,東京 09-15JST,12,2024-11,戦略B 逆張りロング
2024-11-04 03:15:00,2024-11-04 03:20:00,151.6325,151.65225,1348.1228668952706,0.2696245733790541,2,long,東京 09-15JST,12,2024-11,戦略B 逆張りロング
2024-11-04 03:35:00,2024-11-04 03:40:00,151.606,151.7360357142857,9709.333333330844,1.9418666666661688,11,long,東京 09-15JST,12,2024-11,戦略B 逆張りロング
2024-11-08 04:10:00,2024-11-08 04:15:00,152.7025,152.61821428571426,-5000.000000000602,-1.0000000000001203,1,long,東京 09-15JST,13,2024-11,戦略B 逆張りロング
2024-11-08 04:30:00,2024-11-08 04:35:00,152.6695,152.83614285714285,10117.085862965378,2.0234171725930756,16,long,東京 09-15JST,13,2024-11,戦略B 逆張りロング
2024-11-08 04:35:00,2024-11-08 04:40:00,152.607,152.83371428571428,13369.839932602737,2.6739679865205477,15,long,東京 09-15JST,13,2024-11,戦略B 逆張りロング
2024-11-08 04:40:00,2024-11-08 04:45:00,152.667,152.83353571428572,9800.336275746056,1.9600672551492113,14,long,東京 09-15JST,13,2024-11,戦略B 逆張りロング
2024-11-08 05:00:00,2024-11-08 05:05:00,152.7565,152.83460714285712,4655.172413792553,0.9310344827585106,10,long,東京 09-15JST,14,2024-11,戦略B 逆張りロング
2024-11-08 15:45:00,2024-11-08 15:50:00,152.4025,152.4944642857143,-4444.252675181292,-0.8888505350362584,2,short,NY   21-03JST,0,2024-11,戦略A 順張りショート
2024-11-12 04:00:00,2024-11-12 04:05:00,153.59550000000002,153.53250000000003,-4999.999999998872,-0.9999999999997744,1,long,東京 09-15JST,13,2024-11,戦略B 逆張りロング
2024-11-12 04:05:00,2024-11-12 04:10:00,153.598,153.53075,-5000.0,-1.0,1,long,東京 09-15JST,13,2024-11,戦略B 逆張りロング
2024-11-12 04:10:00,2024-11-12 04:15:00,153.53699999999998,153.52464285714285,-960.0443951152745,-0.19200887902305488,4,long,東京 09-15JST,13,2024-11,戦略B 逆張りロング
2024-11-12 04:15:00,2024-11-12 04:20:00,153.5205,153.5252142857143,369.540873461374,0.0739081746922748,3,long,東京 09-15JST,13,2024-11,戦略B 逆張りロング
2024-11-12 04:20:00,2024-11-12 04:25:00,153.53699999999998,153.52657142857143,-835.2402745976815,-0.1670480549195363,2,long,東京 09-15JST,13,2024-11,戦略B 逆張りロング
2024-11-13 13:30:00,2024-11-13 13:35:00,154.60500000000002,154.49975,6246.290801187422,1.2492581602374844,2,short,NY   21-03JST,22,2024-11,戦略A 順張りショート
2024-11-13 13:35:00,2024-11-13 13:40:00,154.5435,154.64107142857142,-4999.999999999896,-0.9999999999999792,1,short,NY   21-03JST,22,2024-11,戦略A 順張りショート
2024-11-13 13:40:00,2024-11-13 13:45:00,154.574,154.56142857142856,607.7348066307701,0.12154696132615402,3,short,NY   21-03JST,22,2024-11,戦略A 順張りショート
2024-11-13 13:50:00,2024-11-13 13:55:00,154.49599999999998,154.4625357142857,1393.9303778632454,0.27878607557264906,4,short,NY   21-03JST,22,2024-11,戦略A 順張りショート
2024-11-13 14:25:00,2024-11-13 14:30:00,154.551,154.70896428571427,-5000.000000000192,-1.0000000000000384,1,short,NY   21-03JST,23,2024-11,戦略A 順張りショート
2024-11-15 02:35:00,2024-11-15 02:40:00,156.341,156.34775000000002,442.6229508203897,0.08852459016407793,5,long,東京 09-15JST,11,2024-11,戦略B 逆張りロング
2024-11-15 02:45:00,2024-11-15 02:50:00,156.3755,156.33614285714287,-2738.5685884671457,-0.5477137176934291,3,long,東京 09-15JST,11,2024-11,戦略B 逆張りロング
2024-11-15 02:50:00,2024-11-15 02:55:00,156.40550000000002,156.334,-5000.000000000994,-1.0000000000001987,2,long,東京 09-15JST,11,2024-11,戦略B 逆張りロング
2024-11-15 16:45:00,2024-11-15 16:50:00,154.59449999999998,154.00735714285716,20266.272189347714,4.053254437869542,26,short,NY   21-03JST,1,2024-11,戦略A 順張りショート
2024-11-15 16:55:00,2024-11-15 17:00:00,154.599,154.60199999999998,-117.18749999944923,-0.023437499999889845,3,short,NY   21-03JST,1,2024-11,戦略A 順張りショート
2024-11-18 00:45:00,2024-11-18 00:50:00,153.9675,154.19860714285716,8379.953379953848,1.6759906759907695,2,long,東京 09-15JST,9,2024-11,戦略B 逆張りロング
2024-11-18 04:40:00,2024-11-18 04:45:00,154.57600000000002,154.65578571428574,4373.531714957466,0.8747063429914932,4,long,東京 09-15JST,13,2024-11,戦略B 逆張りロング
2024-11-18 04:50:00,2024-11-18 04:55:00,154.5215,154.65475,7222.222222222199,1.4444444444444398,2,long,東京 09-15JST,13,2024-11,戦略B 逆張りロング
2024-11-18 05:40:00,2024-11-18 05:45:00,154.441,154.5217857142857,3802.958977806602,0.7605917955613204,4,long,東京 09-15JST,14,2024-11,戦略B 逆張りロング
2024-11-18 05:45:00,2024-11-18 05:50:00,154.46800000000002,154.52121428571428,2491.638795985394,0.49832775919707883,3,long,東京 09-15JST,14,2024-11,戦略B 逆張りロング
2024-11-19 01:15:00,2024-11-19 01:20:00,154.1935,154.10764285714285,-4214.586255259896,-0.8429172510519791,2,long,東京 09-15JST,10,2024-11,戦略B 逆張りロング
2024-11-19 01:25:00,2024-11-19 01:30:00,154.132,154.09078571428572,-1986.914600551195,-0.397382920110239,5,long,東京 09-15JST,10,2024-11,戦略B 逆張りロング
2024-11-19 01:30:00,2024-11-19 01:35:00,154.055,154.08817857142859,1560.2955995972602,0.31205911991945207,4,long,東京 09-15JST,10,2024-11,戦略B 逆張りロング
2024-11-19 01:35:00,2024-11-19 01:40:00,154.13,154.0885,-1976.1904761897633,-0.39523809523795267,3,long,東京 09-15JST,10,2024-11,戦略B 逆張りロング
2024-11-19 01:50:00,2024-11-19 01:55:00,154.168,155.78324999999998,77470.0239808161,15.49400479616322,6,long,東京 09-15JST,10,2024-11,戦略B 逆張りロング
2024-11-19 01:55:00,2024-11-20 12:00:00,155.836,155.76817857142856,-3235.0936967641705,-0.6470187393528342,5,long,東京 09-15JST,10,2024-11,戦略B 逆張りロング
2024-11-20 15:35:00,2024-11-20 15:40:00,155.2775,155.43210714285715,-5000.0,-1.0,2,short,NY   21-03JST,0,2024-11,戦略A 順張りショート
2024-11-20 16:25:00,2024-11-20 16:30:00,155.336,155.39425,-2169.459962755586,-0.43389199255111716,4,short,NY   21-03JST,1,2024-11,戦略A 順張りショート
2024-11-20 16:30:00,2024-11-20 16:35:00,155.32,155.43550000000002,-4583.3333333344,-0.91666666666688,3,short,NY   21-03JST,1,2024-11,戦略A 順張りショート
2024-11-21 00:15:00,2024-11-21 00:20:00,155.058,154.9952857142857,-5000.000000000647,-1.0000000000001292,1,long,東京 09-15JST,9,2024-11,戦略B 逆張りロング
2024-11-21 00:20:00,2024-11-21 00:25:00,155.02499999999998,155.0107142857143,-1119.8208286645197,-0.22396416573290395,2,long,東京 09-15JST,9,2024-11,戦略B 逆張りロング
2024-11-21 00:25:00,2024-11-21 00:30:00,155.0445,154.97775000000001,-4999.999999998936,-0.9999999999997872,1,long,東京 09-15JST,9,2024-11,戦略B 逆張りロング
2024-11-21 00:35:00,2024-11-21 00:40:00,154.983,154.97689285714287,-393.46525540657836,-0.07869305108131568,2,long,東京 09-15JST,9,2024-11,戦略B 逆張りロング
2024-11-21 01:00:00,2024-11-21 01:05:00,154.9835,154.94617857142856,-1957.6620457099857,-0.39153240914199716,2,long,東京 09-15JST,10,2024-11,戦略B 逆張りロング
2024-11-21 01:05:00,2024-11-21 01:10:00,155.04149999999998,154.94342857142854,-5000.000000000517,-1.0000000000001033,1,long,東京 09-15JST,10,2024-11,戦略B 逆張りロング
2024-11-21 01:10:00,2024-11-21 01:15:00,154.89999999999998,154.98607142857145,4533.483822424947,0.9066967644849894,5,long,東京 09-15JST,10,2024-11,戦略B 逆張りロング
2024-11-21 01:15:00,2024-11-21 01:20:00,154.95100000000002,154.98639285714287,1870.5171762926582,0.3741034352585316,4,long,東京 09-15JST,10,2024-11,戦略B 逆張りロング
2024-11-21 01:20:00,2024-11-21 01:25:00,154.9685,154.98539285714287,883.4516249536423,0.17669032499072845,3,long,東京 09-15JST,10,2024-11,戦略B 逆張りロング
2024-11-21 13:40:00,2024-11-21 13:45:00,154.19400000000002,154.24157142857143,-1780.7486631011893,-0.35614973262023786,2,short,NY   21-03JST,22,2024-11,戦略A 順張りショート
2024-11-21 13:50:00,2024-11-21 13:55:00,154.245,154.38360714285713,-4999.999999999561,-0.9999999999999122,2,short,NY   21-03JST,22,2024-11,戦略A 順張りショート
2024-11-21 14:35:00,2024-11-21 14:40:00,154.0445,154.19410714285715,-5000.00000000034,-1.000000000000068,1,short,NY   21-03JST,23,2024-11,戦略A 順張りショート
2024-11-21 14:40:00,2024-11-21 14:45:00,154.0825,154.21503571428573,-5000.000000000459,-1.000000000000092,1,short,NY   21-03JST,23,2024-11,戦略A 順張りショート
2024-11-21 14:55:00,2024-11-21 15:00:00,154.106,154.0505,1975.0889679713675,0.3950177935942735,2,short,NY   21-03JST,23,2024-11,戦略A 順張りショート
2024-11-21 15:00:00,2024-11-21 15:05:00,153.9725,154.11432142857143,-5000.000000000143,-1.0000000000000286,1,short,NY   21-03JST,0,2024-11,戦略A 順張りショート
2024-11-21 15:20:00,2024-11-21 15:25:00,154.0185,154.12139285714287,-3321.4203366388606,-0.6642840673277721,2,short,NY   21-03JST,0,2024-11,戦略A 順張りショート
2024-11-21 15:25:00,2024-11-21 15:30:00,154.012,154.1684642857143,-5000.000000000194,-1.0000000000000386,2,short,NY   21-03JST,0,2024-11,戦略A 順張りショート
2024-11-22 00:00:00,2024-11-22 00:05:00,154.2105,154.11414285714287,-4999.999999999368,-0.9999999999998735,1,long,東京 09-15JST,9,2024-11,戦略B 逆張りロング
2024-11-22 00:05:00,2024-11-22 00:10:00,154.1015,153.99807142857142,-4999.999999999903,-0.9999999999999806,1,long,東京 09-15JST,9,2024-11,戦略B 逆張りロング
2024-11-22 00:10:00,2024-11-22 00:15:00,154.049,154.16446428571427,5685.895181146089,1.1371790362292178,4,long,東京 09-15JST,9,2024-11,戦略B 逆張りロング
2024-11-22 00:35:00,2024-11-22 00:40:00,154.185,154.30242857142858,5169.811320755087,1.0339622641510173,4,long,東京 09-15JST,9,2024-11,戦略B 逆張りロング
2024-11-25 01:45:00,2024-11-25 01:50:00,153.667,153.69378571428572,1260.9280430400156,0.2521856086080031,3,long,東京 09-15JST,10,2024-11,戦略B 逆張りロング
2024-11-25 01:50:00,2024-11-25 01:55:00,153.6605,153.6889642857143,1368.0054926188877,0.27360109852377756,2,long,東京 09-15JST,10,2024-11,戦略B 逆張りロング
2024-11-25 02:05:00,2024-11-25 02:10:00,153.6735,153.65514285714286,-901.1220196345357,-0.18022440392690714,4,long,東京 09-15JST,11,2024-11,戦略B 逆張りロング
2024-11-25 02:30:00,2024-11-25 02:35:00,153.56400000000002,153.63910714285714,4109.026963656341,0.8218053927312682,3,long,東京 09-15JST,11,2024-11,戦略B 逆張りロング
2024-11-25 02:35:00,2024-11-25 02:40:00,153.5805,153.64207142857143,3481.4216478188487,0.6962843295637697,2,long,東京 09-15JST,11,2024-11,戦略B 逆張りロング
2024-11-25 02:50:00,2024-11-25 02:55:00,153.781,153.69071428571428,-5000.000000000562,-1.0000000000001124,1,long,東京 09-15JST,11,2024-11,戦略B 逆張りロング
2024-11-25 03:00:00,2024-11-25 03:05:00,153.696,153.67310714285713,-1266.297905966337,-0.2532595811932674,2,long,東京 09-15JST,12,2024-11,戦略B 逆張りロング
2024-11-25 03:05:00,2024-11-25 03:10:00,153.685,153.68403571428573,-58.46686877371653,-0.011693373754743306,2,long,東京 09-15JST,12,2024-11,戦略B 逆張りロング
2024-11-26 02:50:00,2024-11-26 02:55:00,153.9345,154.002,5152.671755724994,1.0305343511449987,2,long,東京 09-15JST,11,2024-11,戦略B 逆張りロング
2024-11-26 03:05:00,2024-11-26 03:10:00,153.92000000000002,153.84307142857145,-4999.999999999868,-0.9999999999999736,1,long,東京 09-15JST,12,2024-11,戦略B 逆張りロング
2024-11-26 03:55:00,2024-11-26 04:00:00,153.7435,153.81300000000002,4455.128205128125,0.891025641025625,7,long,東京 09-15JST,12,2024-11,戦略B 逆張りロング
2024-11-26 12:05:00,2024-11-26 12:10:00,153.5785,153.17385714285714,32445.589919816222,6.4891179839632445,2,short,NY   21-03JST,21,2024-11,戦略A 順張りショート
2024-11-26 12:10:00,2024-11-26 12:15:00,153.311,153.18403571428573,8187.471211422745,1.637494242284549,3,short,NY   21-03JST,21,2024-11,戦略A 順張りショート
2024-11-26 12:15:00,2024-11-26 12:20:00,153.20049999999998,153.17207142857143,1586.9218500784227,0.31738437001568454,3,short,NY   21-03JST,21,2024-11,戦略A 順張りショート
2024-11-26 12:25:00,2024-11-26 12:30:00,153.1515,153.16928571428573,-886.7521367531996,-0.1773504273506399,2,short,NY   21-03JST,21,2024-11,戦略A 順張りショート
2024-11-26 12:30:00,2024-11-26 12:35:00,153.171,153.1869642857143,-767.7773960853714,-0.15355547921707427,2,short,NY   21-03JST,21,2024-11,戦略A 順張りショート
2024-11-26 12:35:00,2024-11-26 12:40:00,153.0845,153.19314285714285,-4999.999999999813,-0.9999999999999625,1,short,NY   21-03JST,21,2024-11,戦略A 順張りショート
2024-11-26 13:00:00,2024-11-26 13:05:00,153.072,153.21264285714287,-5000.000000000433,-1.0000000000000866,2,short,NY   21-03JST,22,2024-11,戦略A 順張りショート
2024-11-26 13:40:00,2024-11-26 13:45:00,153.26350000000002,153.31989285714286,-2213.3445472378653,-0.44266890944757303,2,short,NY   21-03JST,22,2024-11,戦略A 順張りショート
2024-11-26 17:35:00,2024-11-26 17:40:00,153.3195,153.33885714285717,-1140.5723905733946,-0.22811447811467891,3,short,NY   21-03JST,2,2024-11,戦略A 順張りショート
2024-11-27 01:15:00,2024-11-27 01:20:00,152.7475,152.67564285714286,-3010.173548773017,-0.6020347097546034,3,long,東京 09-15JST,10,2024-11,戦略B 逆張りロング
2024-11-27 01:20:00,2024-11-27 01:25:00,152.733,152.67414285714287,-2486.421243210257,-0.49728424864205145,2,long,東京 09-15JST,10,2024-11,戦略B 逆張りロング
2024-11-27 01:30:00,2024-11-27 01:35:00,152.689,152.56907142857142,-4999.999999999915,-0.9999999999999831,3,long,東京 09-15JST,10,2024-11,戦略B 逆張りロング
2024-11-27 01:35:00,2024-11-27 01:40:00,152.639,152.54757142857142,-3764.7058823537004,-0.7529411764707401,2,long,東京 09-15JST,10,2024-11,戦略B 逆張りロング
2024-11-27 01:40:00,2024-11-27 01:45:00,152.64600000000002,152.52717857142858,-5000.0000000002565,-1.0000000000000513,1,long,東京 09-15JST,10,2024-11,戦略B 逆張りロング
2024-11-27 01:45:00,2024-11-27 01:50:00,152.6245,152.63732142857143,559.0158829018703,0.11180317658037407,8,long,東京 09-15JST,10,2024-11,戦略B 逆張りロング
2024-11-27 01:50:00,2024-11-27 01:55:00,152.5165,152.63332142857143,4921.75744808896,0.984351489617792,7,long,東京 09-15JST,10,2024-11,戦略B 逆張りロング
2024-11-27 01:55:00,2024-11-27 02:00:00,152.5525,152.63703571428573,3676.6076421251837,0.7353215284250367,6,long,東京 09-15JST,10,2024-11,戦略B 逆張りロング
2024-11-27 02:55:00,2024-11-27 03:00:00,152.6405,152.55835714285715,-4999.999999999629,-0.9999999999999258,1,long,東京 09-15JST,11,2024-11,戦略B 逆張りロング
2024-11-27 04:40:00,2024-11-27 04:45:00,152.3045,152.2742142857143,-2267.3796791427026,-0.4534759358285405,3,long,東京 09-15JST,13,2024-11,戦略B 逆張りロング
2024-11-27 04:50:00,2024-11-27 04:55:00,152.3005,152.25485714285713,-3585.858585858744,-0.7171717171717488,2,long,東京 09-15JST,13,2024-11,戦略B 逆張りロング
2024-11-27 05:00:00,2024-11-27 05:05:00,152.274,152.27332142857142,-54.56634118388469,-0.010913268236776937,4,long,東京 09-15JST,14,2024-11,戦略B 逆張りロング
2024-11-27 05:05:00,2024-11-27 05:10:00,152.274,152.2732857142857,-57.40528128777022,-0.011481056257554044,3,long,東京 09-15JST,14,2024-11,戦略B 逆張りロング
2024-11-27 12:00:00,2024-11-27 12:05:00,151.3975,151.42842857142858,-1876.0831889083663,-0.37521663778167325,2,short,NY   21-03JST,21,2024-11,戦略A 順張りショート
2024-11-27 12:05:00,2024-11-27 12:10:00,151.363,151.44432142857144,-5000.000000000749,-1.0000000000001499,1,short,NY   21-03JST,21,2024-11,戦略A 順張りショート
2024-11-27 16:30:00,2024-11-27 16:35:00,150.987,150.64303571428573,10713.014460511682,2.1426028921023366,3,short,NY   21-03JST,1,2024-11,戦略A 順張りショート
2024-11-27 16:35:00,2024-11-27 16:40:00,150.8055,150.64453571428572,4966.938505620294,0.9933877011240587,2,short,NY   21-03JST,1,2024-11,戦略A 順張りショート
2024-11-27 16:40:00,2024-11-27 16:45:00,150.66899999999998,150.62489285714284,1317.4738638789208,0.26349477277578415,2,short,NY   21-03JST,1,2024-11,戦略A 順張りショート
2024-11-27 16:45:00,2024-11-27 16:50:00,150.526,150.69446428571428,-4999.999999999698,-0.9999999999999396,1,short,NY   21-03JST,1,2024-11,戦略A 順張りショート
2024-11-27 16:50:00,2024-11-27 16:55:00,150.739,150.71835714285712,559.8605191794962,0.11197210383589924,6,short,NY   21-03JST,1,2024-11,戦略A 順張りショート
2024-11-28 14:05:00,2024-11-28 14:10:00,151.5375,151.54889285714287,-1001.2554927828851,-0.20025109855657702,2,short,NY   21-03JST,23,2024-11,戦略A 順張りショート
2024-11-29 00:00:00,2024-11-29 00:05:00,151.0655,150.96585714285715,-4999.999999999388,-0.9999999999998775,1,long,東京 09-15JST,9,2024-11,戦略B 逆張りロング
2024-11-29 00:05:00,2024-11-29 00:10:00,150.9025,150.93467857142858,1419.7919949576608,0.28395839899153213,3,long,東京 09-15JST,9,2024-11,戦略B 逆張りロング
2024-11-29 00:10:00,2024-11-29 00:15:00,150.9695,150.93032142857143,-1664.643399089951,-0.3329286798179902,2,long,東京 09-15JST,9,2024-11,戦略B 逆張りロング
2024-11-29 00:20:00,2024-11-29 00:25:00,150.98250000000002,150.86060714285716,-5000.000000000083,-1.0000000000000167,1,long,東京 09-15JST,9,2024-11,戦略B 逆張りロング
2024-11-29 00:25:00,2024-11-29 00:30:00,150.965,150.84110714285714,-5000.000000000492,-1.0000000000000984,1,long,東京 09-15JST,9,2024-11,戦略B 逆張りロング
2024-11-29 00:55:00,2024-11-29 01:00:00,150.582,150.44382142857143,-4999.999999999854,-0.9999999999999707,1,long,東京 09-15JST,9,2024-11,戦略B 逆張りロング
2024-11-29 01:00:00,2024-11-29 01:05:00,150.446,150.30514285714287,-4999.999999999496,-0.9999999999998992,1,long,東京 09-15JST,10,2024-11,戦略B 逆張りロング
2024-11-29 02:15:00,2024-11-29 02:20:00,150.183,150.2119285714286,779.4457274832874,0.1558891454966575,3,long,東京 09-15JST,11,2024-11,戦略B 逆張りロング
2024-11-29 02:25:00,2024-11-29 02:30:00,150.224,150.154,-2102.1021021019073,-0.42042042042038147,2,long,東京 09-15JST,11,2024-11,戦略B 逆張りロング
2024-11-29 02:35:00,2024-11-29 02:40:00,150.17649999999998,150.20310714285714,771.7008493893304,0.15434016987786608,11,long,東京 09-15JST,11,2024-11,戦略B 逆張りロング
2024-11-29 02:40:00,2024-11-29 02:45:00,150.096,150.20521428571428,3206.7953020130763,0.6413590604026153,10,long,東京 09-15JST,11,2024-11,戦略B 逆張りロング
2024-11-29 02:45:00,2024-11-29 02:50:00,150.14249999999998,150.21164285714283,2109.851787270949,0.4219703574541898,9,long,東京 09-15JST,11,2024-11,戦略B 逆張りロング
2024-11-29 04:20:00,2024-11-29 04:25:00,149.81900000000002,149.96442857142856,7158.931082980279,1.4317862165960558,5,long,東京 09-15JST,13,2024-11,戦略B 逆張りロング
2024-11-29 05:10:00,2024-11-29 05:15:00,149.9755,150.1620357142857,8293.108923467124,1.6586217846934248,5,long,東京 09-15JST,14,2024-11,戦略B 逆張りロング
2024-12-02 16:15:00,2024-12-02 16:20:00,149.499,149.22210714285714,9776.796973518398,1.9553593947036796,2,short,NY   21-03JST,1,2024-12,戦略A 順張りショート
2024-12-02 16:20:00,2024-12-02 16:25:00,149.18599999999998,149.27307142857146,-2789.473684212144,-0.5578947368424287,2,short,NY   21-03JST,1,2024-12,戦略A 順張りショート
2024-12-02 16:25:00,2024-12-02 16:30:00,149.161,149.31789285714285,-4968.332956344567,-0.9936665912689133,2,short,NY   21-03JST,1,2024-12,戦略A 順張りショート
2024-12-02 16:50:00,2024-12-02 16:55:00,149.23000000000002,149.37782142857142,-4581.580695151025,-0.9163161390302049,2,short,NY   21-03JST,1,2024-12,戦略A 順張りショート
2024-12-02 16:55:00,2024-12-02 17:00:00,149.2665,149.41417857142858,-5000.000000000136,-1.0000000000000273,4,short,NY   21-03JST,1,2024-12,戦略A 順張りショート
2024-12-02 17:15:00,2024-12-02 17:20:00,149.329,149.47228571428573,-5000.000000000355,-1.0000000000000708,2,short,NY   21-03JST,2,2024-12,戦略A 順張りショート
2024-12-03 12:45:00,2024-12-03 12:50:00,149.6565,149.6394285714286,1211.9675456367127,0.24239350912734253,4,short,NY   21-03JST,21,2024-12,戦略A 順張りショート
2024-12-03 12:50:00,2024-12-03 12:55:00,149.63299999999998,149.63975000000002,-477.0318021228952,-0.09540636042457905,3,short,NY   21-03JST,21,2024-12,戦略A 順張りショート
2024-12-05 00:55:00,2024-12-05 01:00:00,150.2245,150.2773571428571,2625.9758694090024,0.5251951738818005,3,long,東京 09-15JST,9,2024-12,戦略B 逆張りロング
2024-12-05 01:15:00,2024-12-05 01:20:00,150.25400000000002,150.2090357142857,-2172.93752157549,-0.43458750431509796,2,long,東京 09-15JST,10,2024-12,戦略B 逆張りロング
2024-12-05 01:20:00,2024-12-05 01:25:00,150.2455,150.54739285714285,14855.887521968676,2.971177504393735,2,long,東京 09-15JST,10,2024-12,戦略B 逆張りロング
2024-12-05 01:25:00,2024-12-05 01:30:00,150.27949999999998,150.57932142857143,14389.78402468397,2.877956804936794,2,long,東京 09-15JST,10,2024-12,戦略B 逆張りロング
2024-12-05 05:40:00,2024-12-05 05:45:00,149.902,149.87664285714285,-1410.9697933221182,-0.28219395866442365,2,long,東京 09-15JST,14,2024-12,戦略B 逆張りロング
2024-12-05 05:45:00,2024-12-05 05:50:00,149.962,149.8632857142857,-5000.000000000411,-1.0000000000000822,1,long,東京 09-15JST,14,2024-12,戦略B 逆張りロング
2024-12-05 05:55:00,2024-12-05 06:00:00,149.93099999999998,149.82385714285712,-5000.00000000019,-1.000000000000038,1,long,東京 09-15JST,14,2024-12,戦略B 逆張りロング
2024-12-06 03:10:00,2024-12-06 03:15:00,149.7755,149.85257142857145,5715.042372883746,1.1430084745767493,7,long,東京 09-15JST,12,2024-12,戦略B 逆張りロング
2024-12-06 13:30:00,2024-12-06 13:35:00,150.22899999999998,150.07471428571432,7366.984993176098,1.4733969986352196,2,short,NY   21-03JST,22,2024-12,戦略A 順張りショート
2024-12-06 13:40:00,2024-12-06 13:45:00,150.027,150.15660714285713,-4999.999999999922,-0.9999999999999843,1,short,NY   21-03JST,22,2024-12,戦略A 順張りショート
2024-12-06 13:55:00,2024-12-06 14:00:00,149.66500000000002,149.73242857142856,-1905.530884133097,-0.3811061768266194,2,short,NY   21-03JST,22,2024-12,戦略A 順張りショート
2024-12-11 02:50:00,2024-12-11 02:55:00,151.45749999999998,151.5795357142857,9927.367809412872,1.9854735618825743,11,long,東京 09-15JST,11,2024-12,戦略B 逆張りロング
2024-12-11 02:55:00,2024-12-11 03:00:00,151.44650000000001,151.5800357142857,10951.962507321228,2.190392501464246,10,long,東京 09-15JST,11,2024-12,戦略B 逆張りロング
2024-12-11 03:00:00,2024-12-11 03:05:00,151.4545,151.58082142857143,10495.54896142336,2.099109792284672,9,long,東京 09-15JST,12,2024-12,戦略B 逆張りロング
2024-12-11 13:40:00,2024-12-11 13:45:00,152.08499999999998,152.21624999999997,-4999.999999999769,-0.9999999999999538,1,short,NY   21-03JST,22,2024-12,戦略A 順張りショート
2024-12-11 14:15:00,2024-12-11 14:20:00,152.1815,152.09592857142857,2438.9250814330803,0.4877850162866161,5,short,NY   21-03JST,23,2024-12,戦略A 順張りショート
2024-12-11 14:25:00,2024-12-11 14:30:00,152.0915,152.09953571428574,-224.41651705635175,-0.04488330341127035,3,short,NY   21-03JST,23,2024-12,戦略A 順張りショート
2024-12-11 14:30:00,2024-12-11 14:35:00,152.0135,152.10732142857142,-2510.992162110507,-0.5021984324221014,2,short,NY   21-03JST,23,2024-12,戦略A 順張りショート
2024-12-11 14:40:00,2024-12-11 14:45:00,152.048,152.20492857142858,-5000.000000000129,-1.0000000000000258,2,short,NY   21-03JST,23,2024-12,戦略A 順張りショート
2024-12-12 00:05:00,2024-12-12 00:10:00,152.1335,152.28274999999996,13034.93449781453,2.606986899562906,7,long,東京 09-15JST,9,2024-12,戦略B 逆張りロング
2024-12-12 13:35:00,2024-12-12 13:40:00,151.86700000000002,151.98328571428573,-5000.0,-1.0,1,short,NY   21-03JST,22,2024-12,戦略A 順張りショート
2024-12-12 14:00:00,2024-12-12 14:05:00,151.92899999999997,152.0171785714286,-3190.746963041104,-0.6381493926082208,2,short,NY   21-03JST,23,2024-12,戦略A 順張りショート
2024-12-12 14:10:00,2024-12-12 14:15:00,151.9915,152.13925,-5000.000000000069,-1.0000000000000138,1,short,NY   21-03JST,23,2024-12,戦略A 順張りショート
2024-12-19 02:25:00,2024-12-19 02:30:00,154.47449999999998,154.58824999999996,7711.8644067778005,1.5423728813555602,3,long,東京 09-15JST,11,2024-12,戦略B 逆張りロング
2024-12-20 01:50:00,2024-12-20 01:55:00,157.29149999999998,157.23414285714287,-1979.783037474449,-0.3959566074948898,4,long,東京 09-15JST,10,2024-12,戦略B 逆張りロング
2024-12-20 01:55:00,2024-12-20 02:00:00,157.279,157.18564285714285,-3290.533736153224,-0.6581067472306448,2,long,東京 09-15JST,10,2024-12,戦略B 逆張りロング
2024-12-20 02:00:00,2024-12-20 02:05:00,157.27949999999998,157.2343928571429,-1559.6443566295138,-0.31192887132590275,2,long,東京 09-15JST,11,2024-12,戦略B 逆張りロング
2024-12-20 02:10:00,2024-12-20 02:15:00,157.188,157.04732142857142,-4999.999999999856,-0.9999999999999712,1,long,東京 09-15JST,11,2024-12,戦略B 逆張りロング
2024-12-20 02:15:00,2024-12-20 02:20:00,157.1045,156.97535714285715,-4999.999999999922,-0.9999999999999843,1,long,東京 09-15JST,11,2024-12,戦略B 逆張りロング
2024-12-20 02:20:00,2024-12-20 02:25:00,157.01049999999998,157.02214285714285,450.0276090564405,0.0900055218112881,3,long,東京 09-15JST,11,2024-12,戦略B 逆張りロング
2024-12-20 02:25:00,2024-12-20 02:30:00,156.986,157.02364285714285,1472.0670391061383,0.29441340782122766,2,long,東京 09-15JST,11,2024-12,戦略B 逆張りロング
2024-12-20 02:40:00,2024-12-20 02:45:00,157.0915,156.97814285714284,-5000.000000000357,-1.0000000000000715,1,long,東京 09-15JST,11,2024-12,戦略B 逆張りロング
2024-12-20 02:45:00,2024-12-20 02:50:00,157.031,156.92514285714284,-5000.000000000576,-1.0000000000001152,1,long,東京 09-15JST,11,2024-12,戦略B 逆張りロング
2024-12-20 03:30:00,2024-12-20 03:35:00,157.048,157.1000357142857,2334.187760332065,0.466837552066413,9,long,東京 09-15JST,12,2024-12,戦略B 逆張りロング
2024-12-20 03:40:00,2024-12-20 03:45:00,157.011,157.10267857142856,4212.340006563014,0.8424680013126028,7,long,東京 09-15JST,12,2024-12,戦略B 逆張りロング
2024-12-20 13:30:00,2024-12-20 13:35:00,156.4965,156.58385714285714,-5000.0000000001155,-1.000000000000023,1,short,NY   21-03JST,22,2024-12,戦略A 順張りショート
2024-12-27 05:00:00,2024-12-27 05:05:00,157.574,157.68714285714285,6589.018302827379,1.3178036605654757,12,long,東京 09-15JST,14,2024-12,戦略B 逆張りロング
2024-12-27 05:10:00,2024-12-27 05:15:00,157.575,157.70189285714284,8922.651933700636,1.7845303867401272,10,long,東京 09-15JST,14,2024-12,戦略B 逆張りロング
