Date,化学,ゴム製品,ガラス･土石製品,鉄鋼,海運業,卸売業,小売業,保険業,不動産業,サービス業
2021-01-05,99.83247311774055,100.10363574434824,99.80521829619921,101.59403679075147,100.67406301985832,99.77288402937785,98.97594690332461,100.41408107187443,99.60851363411848,99.66341795939367
2021-01-06,100.02277084643256,101.11669802493863,100.35104325243547,103.72823668950734,104.21930552433459,100.28263314895622,99.31207906870291,102.63642398816346,100.15518227676839,99.70789085033643
2021-01-07,102.28477251626344,102.75219412915663,102.5628536338739,106.42672571579025,105.77659179776452,101.38299997316152,100.0983648023524,105.75893211936973,100.98953904374987,100.1999158291116
2021-01-08,103.63598831937104,104.68570508653971,103.71391212491258,108.42404467032279,105.22825524990928,102.47827909768883,101.19419582351397,107.1950133382972,102.22920776604498,101.20778463231316
2021-01-12,105.22122838049532,104.82455828829048,103.84863228921822,107.86246268416465,105.27073592700651,103.57556381986093,100.67779696705503,106.69109747207703,101.39816595949121,99.7446706777508
2021-01-13,106.52181993704613,105.27118126838926,105.71590608361683,107.94745218301946,107.35692208160812,104.92150466416486,100.82487155555233,107.44280937172068,102.45890363287093,99.52375381837308
2021-01-14,105.75297694629656,106.73170028338501,105.62961328006404,106.78864267960154,105.8844990667162,105.60532068190149,101.49117739120244,106.94364049240927,101.18910901260259,98.35853856194645
2021-01-15,104.03557970067432,105.55348908809039,104.57287987438062,104.72714459591825,103.90418021147076,104.00791285587572,100.99100568506611,105.24668303939475,100.10994289961054,97.01826060425638
2021-01-18,102.99225026682927,104.64205767779946,103.54131252623955,103.44671890689021,102.0829110891476,104.13170813055676,100.70367515479826,104.60269338623127,99.90393425313678,97.75564368957093
2021-01-19,102.8909254607935,104.9727946411372,103.69647192449733,103.18828172765069,102.23788953448798,103.26085182530743,100.19100631459624,104.81977690812745,100.70172600034853,97.3136801989146
2021-01-20,104.82367172993794,106.78657605180027,104.7144793313032,103.52311535198031,100.96538951926341,103.1599020941318,100.52765030201746,103.98823315020967,100.7505506930535,97.63744579881254
2021-01-21,105.35836532462575,107.14592966128616,105.02004571604886,103.53011694482113,100.99479504490078,103.03860517981973,100.65247398796444,103.66625454722218,101.62735183301206,99.43568470141811
2021-01-22,104.86343497247617,106.62725641171875,104.67303672192622,102.67070043056181,102.27802971887701,102.55186124527842,100.79379362666363,102.03291176435437,101.66596496996902,99.74167455272753
2021-01-25,106.66670308902025,106.29876120410877,105.30220274685517,102.29914076755213,100.58942024197069,103.99468086085133,100.8716222143521,101.99095286249631,102.41060141576664,100.34172624523654
2021-01-26,106.09140317462146,105.51256564228473,104.99363719238306,101.38921838231876,97.0349504618923,103.96879725601933,100.88578386312479,101.26762154525217,101.53117219937995,99.4013294595099
2021-01-27,106.36765777867166,105.93739129553492,105.725740657174,101.5561573781746,95.36290224167857,104.7486079592819,101.00825724190861,101.71479489391493,102.72031882752688,101.34934367987776
2021-01-28,106.55209434128994,106.12775112258863,105.24187585446106,100.98642087600803,95.67147166530341,104.48781493775756,100.65207907017977,100.43198945736629,102.6402378096567,100.77166795624639
2021-01-29,104.87572050961846,104.04101742465912,104.16072521810409,99.38404097379315,94.88922393482042,102.32735219604696,100.25310334961092,98.38572534174787,102.70322669143559,99.91827662256068
2021-02-01,106.31450145334492,105.8538816188918,106.00764148360915,101.2384746961011,96.89688047366904,103.07016683835994,100.80324308073547,99.10192309563408,102.89296684329669,99.86548810088152
2021-02-02,106.90272711419428,107.46161189257715,107.69955339206709,102.82245030238559,98.2135308744034,104.25889567950779,101.80618113216171,99.54954546264115,104.27362188739086,101.85385078557157
2021-02-03,108.30647912909872,108.99869129509325,108.47165247015593,103.18984496208063,99.7838768797497,104.70951062212019,103.5007744216261,102.12085994914672,105.96626421323825,103.57255911983758
2021-02-04,107.96814906660734,110.44038989214317,109.26144835352241,104.12353981196813,102.4144972619347,104.5952643856069,104.21002161285233,102.54209040225439,106.70480945862751,103.80111953458415
2021-02-05,107.89160561840126,111.27267883061471,110.33443625055197,105.60397288282653,101.45783921235684,105.32492374678806,105.12550803817682,103.91559344642542,107.49162199773374,105.24415805211544
2021-02-08,110.70292835392999,113.9098039683786,111.40022763926981,109.55058896853116,105.7412975835768,106.99527922588605,106.22241599108959,105.19003589513223,108.67176656682975,106.08432741027494
2021-02-09,110.77395404205663,112.8127540597375,110.60331675098607,109.37363971344254,104.92439079979864,107.49825217950324,105.7877485547611,105.51248073862214,109.3999842571304,105.50495885184097
2021-02-10,110.28609711018224,116.3342238633132,110.38652651994896,109.76044415514843,105.9865980620426,106.75228338700835,105.69169882198611,106.76728240101411,110.85086554642368,105.91025333973427
2021-02-12,109.90462995962159,116.14157186783112,109.48860973942267,110.20567724176415,102.13867964993817,106.20192032290257,105.3575125105384,107.21345625590398,111.34666081525508,105.70286013592407
2021-02-15,110.63278171701896,116.05515931546242,110.71029176130362,109.87183096137991,102.0821338836823,106.52662290451983,106.40831496379828,106.74198141039956,110.52285105309576,104.49762697074998
2021-02-16,109.80326369417193,116.28155445691557,110.03655565625392,110.00456749392488,103.8527344542965,105.7168439866596,105.69176761139782,106.50583686666425,110.76387120343765,103.62800733109457
2021-02-17,111.12688115285647,116.54796983375975,110.87619918563382,112.513290875896,106.86708235048457,106.28922259669426,106.14758156722392,105.65036253428595,110.43994372854726,104.08948537212206
2021-02-18,109.32934801822974,115.20111364099887,109.41555108089874,110.4371952956051,105.26841807270955,104.76943199125324,106.15245416722885,104.01453341326028,109.18033390535655,102.5778555765021
2021-02-19,109.32595709984676,114.80342071235754,109.84955641382786,108.91970461472957,106.27639113003282,103.86090295376258,104.88227376599181,102.78487585949824,108.689772786701,100.87140228683012
2021-02-22,110.37380457584838,116.82204095573991,111.00964371779271,111.10284480749738,110.9173874382614,105.30540958022658,105.85049478540888,103.68671213122013,110.08529085304039,102.46176614661746
2021-02-24,109.01924817312165,115.57471247394422,109.84433181780446,109.98651420123147,110.21729991555125,103.38190417021434,104.75634819861995,102.2680936066362,110.17765957635271,101.69708517496163
2021-02-25,110.85531273510267,116.75881831876984,111.54267992757518,111.43729253006217,112.11970731096892,104.31579216931412,105.88071841272621,103.5560065998139,111.63734776614156,101.94195756467192
2021-02-26,107.42944565392176,113.51081358033402,108.12438140265637,108.02674116689049,109.62557552696335,101.92652011370961,104.18682659990249,101.63971086777211,108.95155696363501,99.56241305438542
2021-03-01,110.0082046321534,116.84943643979655,110.80739135860833,110.06754324263486,111.64895362792744,104.58524730355934,106.16595251443796,102.78950347875903,110.6506144158725,101.78486985238683
2021-03-02,109.28719031513863,115.51102215548504,109.69760836482143,109.20712404758362,108.33299054913701,104.53395222053297,105.43501388010428,102.02878324168374,110.23295674443585,101.26725374171006
2021-03-03,111.21213953178597,117.8148538585489,111.228527023785,112.48958241174662,111.42284352515578,105.02510994715304,106.20048540473508,102.5960972272171,110.50424246584247,101.25997133794232
2021-03-04,111.14999309285139,117.5567351769538,110.7271936019666,111.23790588860886,115.44370910422106,104.61626733736303,105.61481292178496,102.31028918475207,110.73854194491194,100.64519451767768
2021-03-05,111.95458730023138,119.1460966851667,111.55588817938116,111.04396690380717,114.28234835749326,105.02619503457528,106.24051003222196,101.86860220152336,110.94992081936721,100.01868724000371
2021-03-08,113.16637097819489,119.46988389648148,111.57852296890593,112.7383232415728,113.24981953102937,105.06414247139872,106.11113362127871,103.25415007131518,110.65278912367332,100.38039531324358
2021-03-09,114.95967217141141,121.97707970720815,113.00790053204055,116.09844936970997,113.32989541689129,106.82927285898027,108.24762022497261,104.29216601438608,113.50183173167652,101.19589569131759
2021-03-10,114.50725991287645,121.29099591160303,113.0551972836278,114.71392602096138,112.66935347001836,106.6851172705926,106.95124289301737,103.41534251554512,112.92523240592035,100.8906594144645
2021-03-11,115.83950940184616,120.77665433411747,114.24541218224292,115.98945167470313,120.99979918764747,107.43115315923937,107.12113154600624,103.63287807109161,113.28632313804002,102.46389917521483
2021-03-12,116.64766045864394,121.15525256359072,114.94672130983075,118.05754402612774,123.17607035575173,107.70861636919871,107.19564392465671,104.30816882030969,113.15459039121475,104.34849112137599
2021-03-15,118.22220644275004,122.53721271083926,116.38465026703604,121.65628583096846,130.2993807480638,109.36748910062835,109.33915706481972,105.12777055672214,114.03612054723342,105.06531431656182
2021-03-16,118.55760032307047,123.51144913360585,116.60386432922671,121.18335087319021,136.16304003142886,110.03121600100614,110.7862214298465,106.04773922949052,116.57391601566043,106.8089876825302
2021-03-17,118.95964300951118,123.40148423109811,116.40440389919931,120.58413007310926,136.34643488268415,110.03306833913895,112.19681700946373,106.77986190211242,116.8721946600611,107.27289109299831
2021-03-18,120.13866531349228,124.83608297712927,117.98320426184455,121.10325669334425,137.2065332624575,111.1348537577266,112.01426040194269,108.65601265771399,117.07226871715253,108.53765609934057
2021-03-19,121.10358299448723,125.06791554994541,118.85958943653081,122.52672905108248,141.3824668616492,111.09029748352222,113.11630407816251,110.19823733389609,118.32536823186462,108.55962161071164
2021-03-22,119.98418730694684,125.49284218286134,118.26184403349704,122.99952143986137,146.40286117590665,110.96028729692007,113.61188095597672,108.27076631492547,117.18959251082455,107.38432329896179
2021-03-23,118.4936239493836,125.21384211794859,116.43742771610522,121.0115833153302,137.75955417571285,109.67415611868083,112.44835143854337,107.47195189083756,115.82847701033091,105.52448157610661
2021-03-24,114.93121651985032,122.90210890770396,113.73167388922273,116.38760525768379,131.1736081332804,107.59867943949388,110.2538433648683,104.70037986153228,112.72073438383718,102.10899093971797
2021-03-25,117.27662654083358,125.18881996479871,115.82458558099025,119.46913012202299,135.83747799528078,109.42559149288482,112.18313591869556,106.70132262544232,114.25736670580879,103.49554002846916
2021-03-26,117.79975297062748,127.08971413251437,116.4830660376475,120.79270017510046,138.4987271512457,110.16723025154256,113.06318045426151,107.46846207612231,115.71394832942951,105.83468727513032
2021-03-29,118.30438945420553,129.35709593900947,117.28468589668542,121.50964144478722,133.14986719645174,111.14878948543083,113.10074146718574,106.80824139399323,115.72356384492815,107.35559574111278
2021-03-30,118.30717962386474,130.1606368788802,118.2911082088483,122.38256032026578,138.79921395440726,110.69972291286814,112.02758920442997,107.01451214221882,116.40421384222519,107.12816535680602
2021-03-31,115.98490060608874,128.35446228227448,116.9384992916366,121.86986263060781,135.37415404776198,108.80048463601145,111.29243643147284,105.87982246767538,116.13768538974139,106.47735866275745
2021-04-01,116.12307800562685,125.61435211236184,116.11241128002321,119.43507984301,133.37793570201853,109.06957093154284,110.2772245224783,107.0622848666567,116.82549727202307,107.03088766195692
2021-04-02,117.66064973216575,125.09102968772432,117.39053633501426,119.82907017121103,133.74331777085047,109.69044612605441,110.56849929735462,106.42185683325047,116.97117894779706,108.0642090386452
2021-04-05,118.52115362932088,126.12031802997402,118.49458082212578,121.88472724107109,140.19293622781188,110.73569332460829,112.0559521141907,107.61623617933328,117.94441478234224,107.61184826707533
2021-04-06,117.0370658660209,124.95468482615435,117.1302227897866,121.44799205725167,137.89591273027068,108.65492479838348,111.25442144100319,105.76660576343977,116.82476810339939,106.43246382613927
2021-04-07,118.87604613596521,127.54177099234836,119.52503110217658,124.52431774975155,141.0918112594845,110.42930681995928,112.61593723042209,105.77944115101981,117.9765264888208,107.27008744515582
2021-04-08,117.06738887394137,125.80298429415421,117.42526359293608,123.2975452149431,142.03327859793856,108.20029962081495,111.10718386216676,105.06212000913331,115.89789606847529,106.20272580290371
2021-04-09,117.0233515820701,125.97631767757893,117.61012977134371,122.88453469261225,144.13139142295876,108.52416908579607,111.54462932041429,104.80743288441568,115.9849316360847,107.24873098091862
2021-04-12,116.97343456049494,127.16109996362574,117.46097840694907,123.67601288868057,137.91831057964075,108.92725185430443,112.19786108415354,104.88934728849432,117.11792037633886,106.70504171132276
2021-04-13,117.64754526436772,128.55382292841543,118.65138308048199,124.18394573162743,137.01990465076616,108.76365881928565,113.09689694446455,105.83420004089008,116.77208129709626,106.9972959038468
2021-04-14,117.00005182286162,127.93062097186849,117.87355487263864,123.54268574498657,133.62538619488836,108.19541219840893,111.93259771930965,104.88584209297261,116.644333800642,108.26091266142083
2021-04-15,117.03189570183284,128.6022521390394,118.57194699800529,124.50934138977317,137.7688625245234,108.72512166216157,111.76186405642648,105.00938203589362,117.4306955860513,108.15010393010994
2021-04-16,116.84986904590897,128.29500257792955,118.95084612407231,124.41382237934835,136.5562257517603,108.87451162963617,112.19976459454494,106.0809408690302,117.89130683858424,108.71710751830588
2021-04-19,117.75578685506841,129.14736078724232,119.86057031430141,124.88587834593076,138.04313229145947,109.69419633929851,111.77429017762952,105.62624006740143,116.55349912966577,108.1122888968203
2021-04-20,115.86924192047266,126.89553027681859,118.34717219400204,122.89056323866467,139.47738560361555,108.4008270431637,110.25326154580956,103.70259132891246,114.71393810517638,106.09867087256733
2021-04-21,112.59878454518397,124.09916618982153,115.62549709791409,118.58302293084218,137.57940428829428,106.54588188239215,107.96059290627049,101.93770535908841,113.2381268247718,103.3849100076734
2021-04-22,113.87984711799777,125.62491225940909,117.02972678144951,121.33963699465727,143.34023016632108,108.24886974411739,108.70642312634162,103.98736318112023,114.32595679629891,104.83508878738014
2021-04-23,112.64718776662193,125.73743511806366,116.89975661131693,119.88330906815526,145.29275134871202,107.87139458976003,108.65904632350029,103.76043292694708,113.85014244859708,103.99677530560358
2021-04-26,112.53102814852312,125.17433420298592,116.67389257101144,121.92363378777782,146.91033827776602,107.343900517789,108.38199457738065,103.45540992884021,113.81927402939425,104.44871123400516
2021-04-27,111.74470936476786,124.54008961290681,116.65718183933265,122.50579938953025,151.23741044638223,106.48542967775785,108.07637672296977,103.6808635966677,112.83596019511388,103.56878050982532
2021-04-28,110.25245234598297,124.62645889177458,117.12273989963143,121.13829222013501,147.86475466097852,106.40278665285376,107.3112208072961,104.19965213707046,113.28126868862196,102.77644663011323
2021-04-30,109.88677699113734,123.90715384847073,116.84209008107686,122.67613799996204,154.69892711902668,106.85056615113714,107.14584700337223,103.86758758669086,113.06193661250248,102.21162041557119
2021-05-06,111.9790518800215,126.33956937933183,118.81771699429986,126.67823060263075,162.6774577266007,109.17844346037656,108.7909945725875,105.31969305094403,114.51833545289259,102.8674560891476
2021-05-07,113.38278527389537,127.08063357551143,120.55948112014974,130.9357466985323,166.51630176182584,110.8434278672857,109.73186703793303,106.86008387576538,115.8320182749697,103.72650743389458
2021-05-10,114.58374252777766,128.40500887970217,121.78759818491673,136.08290612867455,161.10539599890393,112.03167136538276,109.88873800281098,107.21489253850356,115.66681764392071,105.38039310460564
2021-05-11,111.78060450590739,126.52549494592311,119.40806455714679,133.76405769787837,157.91130162429775,110.52829092227844,108.47650189383087,104.89863425215194,113.36837851560865,101.65294093917585
2021-05-12,110.42334020132817,125.5616350504631,117.8450813999142,127.19726796344702,149.71565744154736,107.47233444608284,106.99789989069288,105.3405921563469,110.6170956031314,100.78276697081432
2021-05-13,108.63191174819053,126.5767376363063,115.1504304298084,124.62755026769716,146.47308107371921,106.26351226573907,105.02278955216514,103.54885093104225,108.98806982522143,98.12162034785679
2021-05-14,109.56383698852798,128.67375834609442,116.45486374232318,124.7044655770827,147.0949306250782,107.34964031769823,107.32211258170416,105.16878572866642,111.55366225897743,99.73415103107351
2021-05-17,109.04595978773153,131.9899384818126,115.9324730369975,123.42447799456421,144.83573460668856,106.90932393002292,107.87957214347401,104.18293503649639,113.7565453052364,98.32348195823198
2021-05-18,110.90392784051042,133.88510403975675,117.15900063821793,126.45005743191533,147.53045142932487,107.69959346201968,108.86365104431472,106.97374321088482,116.31703489221339,100.3853773274683
2021-05-19,108.89365478705395,133.03206177645689,115.87710415874639,125.22855304716391,146.68538355827224,106.8186438855242,108.274943645721,106.49090402856454,116.44168922064473,100.50608766985982
2021-05-20,109.43705141273732,134.94035900084262,116.16132845912507,122.47370735094071,146.02649012752772,107.47570301086218,107.85230680481723,105.63922426416627,117.48837931278825,101.65219470230942
2021-05-21,109.17772894099936,134.13259740711018,116.57558899418459,122.31085187959086,146.92714785388355,107.8456357411751,107.7812151353118,105.2212208262725,118.34678973216792,103.20145046366996
2021-05-24,110.04448269339022,135.62940462753608,116.93197372354747,122.97345490507581,154.26412392737333,108.75076277333558,107.86183258061466,106.37378554505797,118.89149199260889,103.06255294438711
2021-05-25,109.14270426678196,134.26238381893089,116.25840135352072,123.84953537812156,151.06832176541386,107.88500671457228,106.8159995848366,105.51462658437949,119.00824058858348,102.74165847656029
2021-05-26,108.71727281055298,133.95445233212538,115.46055147106567,121.92502180876284,148.76575439399681,107.11881603765896,106.68385280205963,104.30903056333842,118.66711189344801,102.89688844256236
2021-05-27,106.7335018909043,133.33395666808173,114.78599461549355,119.27036255503418,144.33471000316104,106.0265021037647,105.63369872912074,104.13916008693766,118.09955947790863,102.19950760377006
2021-05-28,109.39685293201056,135.82870313107588,116.78290353545715,123.63937601498354,147.7481955267881,107.9208542883557,107.39527282795093,106.57882343178919,120.06478395444269,103.4278485002576
2021-05-31,107.35487385785154,133.39463618053577,115.34372036115106,121.73906059100541,146.4211117466514,107.40103770855238,106.70753089013519,105.21070013798872,117.62593858166551,102.31490509989327
2021-06-01,108.08700410288444,135.54463245619445,116.07073727744468,122.70819388942296,149.14048322424367,107.39251246228348,107.23179141816964,105.87687497265182,118.32873757182101,102.18908699644346
2021-06-02,108.75825138826912,137.00179711275672,117.21943601057131,123.7935287084211,152.88191430470627,106.65109009314608,107.67911200725939,106.3942205495189,120.66388130746142,102.8489690314335
2021-06-03,109.28133362002916,138.0669211490206,117.56273178572465,123.87289708875007,151.0469592148931,107.41757938518626,108.60648124544916,107.84234778613664,121.32171891831074,104.05979080589216
2021-06-04,109.79493523648986,139.0183733234718,117.98116712088186,124.76458273962598,153.13430771922881,107.32730286700429,108.6362337375838,108.05337062933586,121.23421731062159,103.48184488147612
2021-06-07,109.73197006774333,139.8222604091574,117.89025927115225,122.2047073850246,156.05841569712794,107.65753975206682,108.8472249352418,107.60693592104138,121.624401324411,104.91707169932887
2021-06-08,109.84719649716858,140.04536954265106,117.49932707369808,122.24081058432404,160.6866347965689,107.86852196226187,109.72711604077921,107.16281765819306,122.69506257817342,106.38329403548565
2021-06-09,109.2156635705351,139.72427767292547,116.85451341089417,122.3687690439265,156.3246525661375,107.88956607084789,110.4961838207513,105.82868368177358,123.58394009113024,106.24248538495162
2021-06-10,109.74968722183623,139.54764810022053,117.17467217275454,122.59747228689395,160.43009936757338,107.7406563361361,110.35696876397405,105.4707160429056,123.84432565233405,106.44058101433427
2021-06-11,108.92927513288593,138.90822586396658,117.04083394758807,122.67795736765528,163.2452597123144,107.45546353494717,110.14932147566057,104.82381310845948,124.18213622550043,106.38155754790219
2021-06-14,109.01700124837492,139.3418750978749,117.4209044096337,122.13598202958951,165.4222966477824,108.87657308093583,109.87971119761187,104.75380010602507,123.71582190283155,107.6432228130818
2021-06-15,109.70552970986296,139.40363097946724,117.93966887336256,122.45653059964516,166.79294160648666,109.18596232104576,110.31519833768186,105.13603775795657,124.08916683189568,108.68350208915389
2021-06-16,110.68117423222925,142.47561347480558,119.06055667349298,122.3517353259369,171.0120944970927,109.89686879419438,110.6114951116873,105.50779067901767,124.6268744046755,108.9842618899973
2021-06-17,110.42222382693438,142.44386031902724,118.43087493509088,121.17999066169038,169.79997857780612,108.97675064442357,110.20880763371596,105.83061785389023,124.17335573899308,107.5616384010345
2021-06-18,108.80744672757902,140.2998030653542,116.79546481939033,117.82305670388247,160.47199352092122,108.80252292907096,109.60491017907854,102.32166353715937,123.19216522536445,106.71404888237699
2021-06-21,105.5231357580676,136.25945369181449,114.10507601895263,114.8780460996912,159.1538251897523,107.04775833378028,108.23424542178594,99.10851820718797,120.88632904557022,104.993955709119
2021-06-22,108.83389507658761,141.32752817026915,117.43240598680069,118.53030720357043,173.75269643341085,109.57746393791167,110.18763225498648,102.72037289902136,123.91273331464593,107.91639595598221
2021-06-23,108.27233478934988,140.23930591934035,117.42752800597877,116.99289086093567,172.62657436893238,108.387392752663,110.38236978841202,101.99117541248562,123.36710181883763,107.51442218701406
2021-06-24,108.19471178764249,139.85126794295164,117.60602596779732,117.8822836078539,173.60199164963345,108.3899598476125,110.66885453521043,101.73431482860218,123.0651774064011,106.74733588802461
2021-06-25,109.4427710676026,140.8965207016207,118.983208984148,120.42794039663045,172.04840603270998,109.40293181085714,111.26405573363441,102.47017080350467,122.88369072692198,107.69900160278203
2021-06-28,109.72289101141459,142.3094349874351,119.0501557221926,121.7868248146907,175.01845103083627,110.35832720509316,112.41487330288453,103.50981805570929,123.09992606049127,108.35838621470013
2021-06-29,108.01208352113203,139.8977775134968,117.09860117099393,120.04849068453403,174.83012198702937,109.47459760237241,111.577122865346,102.1757018554362,121.88958371437131,107.40271860500981
2021-06-30,107.78931883359448,139.22536155925138,116.12905267205736,119.15777146470985,174.18049762236276,109.84319863023113,110.72079637274584,102.30100229736261,122.52432150787438,108.6635483439591
2021-07-01,107.51481677750483,138.96906560893984,115.6781386401816,119.01565755428022,167.8394621296968,109.58182400957041,111.18973094335267,102.154722163457,122.00472655225931,108.53114411859308
2021-07-02,108.83081748372705,141.12668517692998,116.62232956762047,120.33983340175428,168.7069198542568,111.15803775316873,111.34575156836215,103.93332513622018,123.45993960124923,110.4548271466619
2021-07-05,108.17972604153792,140.5629496575066,116.16048808871228,118.8044776864831,168.94434867141464,111.1119189313559,111.80621007194145,103.57773168104355,123.8634262143109,111.05901144289561
2021-07-06,108.16685615397378,140.6159393236524,116.50152795281473,119.49658800487941,168.3898134986032,111.06496509897772,111.32378212064127,103.74980689285196,124.21931719353441,111.33077363371142
2021-07-07,106.26640088811932,138.64666356925167,115.0103314383058,117.67870183663611,166.39040039814802,110.53470079918506,110.83785308947398,101.67868871053305,123.24588155573994,111.16827366529746
2021-07-08,105.26368514003343,137.3554868394682,113.31222142977069,116.65048898331764,164.9036772945183,109.73726481431618,108.93028626795409,100.53087697811074,121.39651183268623,109.39516223011356
2021-07-09,104.94265442155996,136.62367783039707,112.9990198251443,116.69041572642142,163.81306353294863,109.09267672390601,108.20152598580022,100.43186121612446,121.3076952629411,109.10354139531573
2021-07-12,107.71029816265,138.881107019391,115.18929963159732,119.71418546411152,162.86235113265712,112.10183450819446,109.79056223883235,102.14256190959811,123.4901973357994,111.07308151996665
2021-07-13,109.92569218438362,139.69896579596036,117.21928242610733,120.74093173545322,166.66416673743038,113.18398452840566,110.65328542593149,103.80821229592459,124.95930704278801,110.39696414267237
2021-07-14,110.08688768352437,137.59029645079897,116.77888048612786,119.23825023474,161.3390464956817,113.50986748195157,111.05862588137705,103.77843285734205,124.55480136532509,112.27233186564318
2021-07-15,108.80473928258556,135.5029794622429,115.69274186155627,118.76157966401577,159.99610843115622,112.30199332725985,109.47896380140372,102.19920116905679,122.77213296144475,110.41636773907261
2021-07-16,109.48396002988336,136.48291362169286,115.92216551595116,119.44482562859811,163.4768129523479,112.14401166658196,109.40094331672236,102.96326157344826,122.86083085396353,110.53621186848656
2021-07-19,107.43393006138642,134.36849216680426,113.52011835068411,117.26723786924617,162.88662506026316,110.28360193498159,108.05985090187788,101.85974826921236,121.6800100379129,109.29348032458633
2021-07-20,106.18480421379344,132.97545949688362,112.03074631545185,115.53628865219183,160.75643515728518,109.73620528366399,107.33805025647479,100.8750237391018,119.87304138074244,107.36030546718662
2021-07-21,107.32355532124791,134.91454643915938,113.64540986691296,116.6356579867542,162.45820307760917,110.21683045503295,108.25907442685596,102.0047824081114,120.83103963885635,108.72056622545077
2021-07-26,109.27429553691799,137.90248849256074,115.99946166783481,120.97521044048514,166.73346094153544,112.00021220260285,109.03885866795677,102.63438799292193,122.15732687568999,109.49418571615841
2021-07-27,110.23661446975153,139.64380802664795,116.86379680288572,123.23705704595551,165.6417577969717,112.9593009681319,109.80979079202342,103.6803613499834,123.24100984605425,110.38725490441537
2021-07-28,110.0087650754501,138.33469351987068,116.0594333705627,123.65631236959706,164.77824196933346,112.07858084567295,108.7839080291272,102.97755632923524,121.65580815690743,108.20160173456831
2021-07-29,110.22874952782942,138.6621614064642,117.10650582211413,123.58559171938342,172.20689916606779,112.41682834137745,108.80148646575971,103.27719490228189,122.78175634251822,109.40101402093339
2021-07-30,109.40685230173113,137.28336895417544,115.10609508901418,120.79116282981101,181.3532535964394,111.8863347623146,108.12557525655751,102.53225350523776,120.79372960904054,107.81865595187523
2021-08-02,111.95151007025524,141.07413910259453,118.70408318301521,124.44773979038355,197.94181340492761,113.581325895948,109.28254507833115,104.80227773253947,122.13395401865871,108.35727045172308
2021-08-03,111.8648611429818,140.84225755111413,118.2363259708584,123.01283921080406,201.44926243400198,113.08543744758263,108.11575753032547,103.58156199434465,120.79266885277093,107.39883883454682
2021-08-04,110.33279530270208,139.30554450813483,117.74914713936435,122.3703830613633,198.99920030449096,112.0638958551486,107.69752563001309,102.75233813121692,120.65576818257556,105.95494200994615
2021-08-05,110.60222863151627,138.97661861686396,118.07646325503562,122.8123181319153,209.5858525719416,111.60886254833243,107.37269895999117,103.88246517687382,120.60521382492215,105.2642226508924
2021-08-06,110.98527582955502,136.4980586957895,117.42957010705324,122.40802009206331,208.12973519895874,111.5710931571411,108.04680810897713,104.22127589683336,120.84089253031121,105.8058968284443
2021-08-10,110.70937189780521,140.68055060582347,116.76490256855772,123.29849314350554,206.72218033183597,111.88833718337352,109.49322905088464,105.38403649977938,120.94029763755346,107.7850438647173
2021-08-11,111.8924724689141,141.70894095792178,118.57918309625282,126.2313859316748,216.73027105571424,112.42035061870335,109.6038082874929,106.05593465585001,122.61098032937502,108.1701748478445
2021-08-12,113.48010713847565,143.34764324909827,119.12688169241052,127.48426361579055,227.6412983940158,112.41362838015543,109.380616092648,105.03970854989515,122.69209872060304,108.01922611767961
2021-08-13,114.21306304817587,143.62742990583828,118.49312928001672,129.940882377077,230.62661981391196,112.8891839109927,109.28241434652024,105.30763942184163,123.95995191118436,109.7958380663929
2021-08-16,111.15989437492789,141.1934583794975,116.12308948396937,129.03133478608916,232.17117353415264,111.25724902615292,107.4574778249524,103.99804429071115,121.79812972957991,107.68117356123315
2021-08-17,110.65863062336221,141.08022338378183,115.7570351140841,127.73797569581153,243.08709967521486,110.4532502368323,106.57865353206708,103.72411463972693,120.21602007623171,106.69588452647325
2021-08-18,111.17962261012802,140.7247540651147,115.69687440451145,126.00753618966093,235.13796804685768,111.28564137238573,107.01559948702229,105.49137692001432,120.13559651396125,108.05418933485669
2021-08-19,109.30738229010564,138.00283636568952,113.63943935010275,121.57031432594985,226.04709378025416,109.79819300777854,106.47470621636157,104.1534177858377,118.18880659338768,107.66454750356924
2021-08-20,107.47042598179173,134.73939164393062,111.71352357548925,118.03980549793715,209.44357149219627,108.70840338417042,106.4052483349433,103.54756534135872,117.66037128051114,107.11823776067271
2021-08-23,108.97436158348887,137.28255007083405,113.009022228833,118.6162545034672,220.03102871165717,110.47771558032021,107.61858626907508,104.86440950139533,119.73652902642323,109.25848875663469
2021-08-24,109.82348839745538,138.3324951456075,114.65007849933106,121.15810843175198,227.61806759754757,112.10799212966262,108.54398057851644,106.1206027520218,119.78701418420343,111.85363164240762
2021-08-25,109.7849120300112,138.7681644922091,114.40119715514983,122.63994833893415,228.43096499415032,112.4389260906841,108.41440558703476,105.83038322357694,121.10238339473105,111.84578161657181
2021-08-26,109.4808360437796,140.07923549614293,114.72284346786212,123.2026366810885,225.9499570663494,112.5194937089469,108.74465054757442,106.22835386370768,122.02900492207749,111.72542607175009
2021-08-27,108.92723771827903,138.93872517632445,114.85747515929322,122.85799750339265,239.91834947411266,111.83773608907859,108.89460484884104,106.32520896742466,122.89490747737746,111.1378642230662
2021-08-30,110.85742216712408,141.82079834956042,116.598578302684,127.61633476333014,247.97644842784445,113.6736160460261,110.44511330432158,107.20665747770512,125.24935954383855,113.13236542541647
2021-08-31,111.23956648674817,142.13190499221622,117.28407762306139,129.4788472510785,253.58809730304307,114.08611460723483,110.35607545466746,106.74508370801148,124.22827560676302,113.5865753551536
2021-09-01,112.11709840678326,142.432874149334,118.87772523886875,129.85958508471114,249.06277134548637,114.67337446702936,111.23421939193506,107.48780040702925,125.66769253791925,114.47897684263697
2021-09-02,112.05498261665574,141.74758106271165,118.95845466826611,128.74656737947242,250.03928253570527,114.95619142432865,110.9603863139173,107.64903682258516,126.01431513111481,115.0700348867499
2021-09-03,113.4807433997514,144.4617997922293,120.84124147626014,131.0627459597859,250.51837215984625,116.49027581228123,111.68490884754887,109.34954901964278,126.94446612610437,116.34997111765219
2021-09-06,114.21678798363195,146.26610355840555,122.23902886533398,132.361531804885,269.8536185053855,117.00483917736237,111.65052213423135,110.56604567148591,128.30431715367155,118.28089313816533
2021-09-07,115.27325455969705,146.74683532549986,122.58540621072986,133.24812932877805,268.29619717153054,118.2018509392537,112.17086140151795,111.54767034269244,128.3904033611558,119.47403780420436
2021-09-08,116.76377215597127,147.40327585444982,123.58479590471825,134.45541993377182,267.2162398116459,119.00418845721441,112.44940181383407,112.02483046521887,129.9320658247291,120.3421930778555
2021-09-09,116.5087540585107,146.170110999678,123.1000427091798,134.21172418337363,267.02118136916204,119.38154393340976,112.60699510106984,110.71366118291496,129.7332461635236,120.17863852227688
2021-09-10,118.46441411406565,148.70857628465316,124.80529976514336,135.89648526345508,271.30681091743287,121.91362183554986,113.44926916480848,111.82148346551257,131.56686675576773,123.07626558533914
2021-09-13,119.5905471311449,149.90751389204726,126.16746823477538,137.45550020127138,273.9720114492055,123.12907390398105,114.19485860590987,112.72170532241441,131.9564429118224,123.79378720207322
2021-09-14,121.74375946320326,151.8830576715831,127.61272125743002,138.3013893631322,284.9616232748026,124.17873609714111,114.82241185285014,115.76975544887038,133.10359200037254,125.41190309582487
2021-09-15,119.74285997195655,150.29715364203278,125.81693939658021,135.51444131322066,301.80516881699293,122.79061810643881,113.55514639537856,114.36703198708473,131.0170570589959,123.53427917221673
2021-09-16,119.60926645959023,151.65785521795277,125.33883316210708,135.09140538239808,304.7501569210969,122.32303218298904,113.38098663042075,114.91974924638382,130.63829638783926,122.81822782545922
2021-09-17,119.75963187463248,152.75159990945374,125.29130945609617,132.97213552002174,315.384675220134,122.74304746598463,113.60448571136612,116.40911521673556,130.9757437032538,123.84491461312712
2021-09-21,117.01714111202533,149.3335870606761,122.4041662596989,128.6208614413598,303.88247860007544,120.85801905015197,112.33595993238356,114.34193257867157,129.22391119044337,122.41467247541198
2021-09-22,114.91146214285153,147.54654590736695,120.63002297387482,126.32220058899917,305.5335187332915,119.156227960448,110.8182887555825,113.30922245063431,128.91090863647685,120.89193760739055
2021-09-24,117.54565410742718,151.69973666976654,123.29238226793662,129.36970075192735,328.8223375893833,122.28226542599916,113.92989640879732,116.56980442340537,132.08774064845258,125.00722336228627
2021-09-27,116.55013543883388,151.2757335766386,123.34595945508514,129.2054911624749,310.36404145171184,120.65830450781343,113.5778953084885,116.79026715882084,132.55589788336812,125.12393649104791
2021-09-28,117.11184940734758,152.11893474701884,124.06003205795007,129.58558760099166,284.16758734750994,120.26890706267355,113.36807250927154,116.62038808015764,132.39025928595254,123.58816458903716
2021-09-29,115.7916790038999,151.41000861556395,122.18930926182196,128.99562286140235,290.3107935890568,118.69472582099598,112.60049625851887,115.00719811512137,131.50005155825545,122.68769433420049
2021-09-30,115.11477960134073,149.05230897573944,122.06798806025154,126.64152575893289,262.13645371049466,117.5822272601649,111.95671798233687,115.73516775956452,131.23551604483615,123.3911180732955
2021-10-01,111.87842538146117,145.95374189171375,119.12630053710436,123.69620332067883,256.07068396051363,115.4713252947529,110.25551303946708,114.49699942515916,129.15260279823656,121.3804761217471
2021-10-04,110.51239816599283,144.984207938973,117.61194516258415,122.53794360444914,239.79292024014777,114.42195281859418,110.76229660814299,114.6208871093213,128.82542879790714,121.83766676226604
2021-10-05,108.99726517121029,143.40243855387217,116.00293530923564,121.63674292441877,240.475619008675,113.20477854757651,109.2218297859436,114.46842067769167,128.09267514225726,120.05244536868067
2021-10-06,109.4348576883573,143.5758212934651,117.89524770749551,122.81601426450013,236.48415313440276,113.6994601713483,108.28330099184546,116.00059088058971,126.59628096257056,119.05252873345866
2021-10-07,108.70946732343279,143.11540353477653,118.04127010721668,122.09109659695609,246.9006494990751,113.36587020917418,106.98140530977483,115.45510054089394,125.90740962412437,119.39777335721328
2021-10-08,109.66478910847822,144.2119843086215,119.08682754921414,123.83389592019398,236.29500597024068,114.87564285423863,108.42267457835122,115.98322989129053,127.66892579381923,121.42553920525067
2021-10-11,111.25329415605351,147.0231875174712,121.21102447615719,124.85377676606863,245.53285711782326,115.97860016126606,109.73340760447803,117.74651271689345,129.67201255329363,123.91713443197483
2021-10-12,110.95273873152578,146.26902383696404,120.77391462206373,125.5420831264343,244.95662224910893,114.67999577985479,107.36672298209726,116.49033665697782,129.07443830653148,122.80263205205108
2021-10-13,109.69664286264621,144.561094446479,120.28774618931051,124.14929378925757,235.23415803404575,113.65249972440313,106.7225799684169,115.16208237248054,129.11686258300728,122.05979982997557
2021-10-14,109.87290967549484,144.50173400892442,121.18668747082783,124.8021407655243,227.7206248082267,113.5778788999751,106.31182852592494,113.21362748600099,128.99813026106193,124.11111325026005
2021-10-15,112.49331648345351,147.10113875918142,123.56810387706811,127.56620145955846,234.49886704857033,116.62571283522969,107.8430327784216,115.60748904901139,130.26695900408424,125.47249835851409
2021-10-18,113.61321911190846,147.76132339629112,124.78837659971794,129.47864466716834,235.88523725295465,117.51523297232671,107.85064997375413,115.21319701177283,130.24073180703655,124.13460255994376
2021-10-19,113.40767915244281,147.12075699909235,125.55586519699904,128.75614433394838,249.94837417917955,118.03839755781249,108.70839355720041,114.78339798832484,130.69438721509786,124.93284852799798
2021-10-20,113.08683216597983,145.09413024901008,125.04121432807354,126.93181412368382,243.04186802592608,116.8678500303728,108.44449625560546,115.26452888943153,130.50475479144586,124.61320029016665
2021-10-21,112.26970918166501,144.45516260720743,124.34881057659332,126.28233759803716,238.71670637959528,115.73118877691928,107.72934893105086,113.568517153312,129.09619495579466,123.46178771950966
2021-10-22,111.97066274488974,143.95392836307127,124.57021921163903,125.4285906833756,237.05110324442234,115.92753581781616,107.44057124792863,112.60463130800575,128.60688244562667,123.41667745989717
2021-10-25,111.11649506750354,142.68866198657975,124.27285243194336,128.8876154463409,241.3921828139997,115.35075216939734,106.48651562543377,111.15873305577016,128.45644866243325,124.34563820779474
2021-10-26,112.07720680779639,144.74699340609075,125.68223465817927,132.83980922973316,250.0677570267017,116.49328865186004,107.56982899133216,111.76547537961063,129.6983589215687,126.06521684320664
2021-10-27,111.86104321472212,144.17796120054288,126.06639339672272,132.26793365011235,242.12011241963557,116.10865999212878,107.70336224726064,112.4024428962436,129.208245483758,125.50118996617196
2021-10-28,110.98114516624882,143.73103798107235,125.90017199879352,128.181628635792,237.85235186099837,117.41372852052388,108.27074684104467,111.20646363134237,129.76781435394918,126.2886820580624
2021-10-29,111.3709584012905,143.26313252668172,125.56995623417002,128.0884327640594,248.1180820484131,116.43278533588428,108.23166114628616,111.2356555354527,129.83691096157986,126.14700387055208
2021-11-01,114.5223237283705,146.34005278219468,128.1309934968093,129.06785002142612,255.13870515858764,118.98229427319562,110.19061640311646,112.89438353054398,131.73923145761427,126.54146142690917
2021-11-02,112.56608284595133,144.9997148088168,126.30690679400156,125.95269960207962,259.01368308038764,118.20919371507274,109.51834192930501,111.05470852239058,130.9580047973578,124.87645774726133
2021-11-04,114.03531742406547,148.33597393932072,128.4953142190185,126.37115299614936,243.9132926370918,119.75657027486784,111.14328555328048,112.80252857964557,131.16110232196473,125.4005646555402
2021-11-05,111.88610209825455,145.52369518189073,125.92441074033786,123.25372314061225,229.2678384138405,119.5271897457983,110.22660515048686,110.88015939293312,130.35565511212178,126.4828990034637
2021-11-08,111.88222840868522,146.48766128449435,125.61699550249676,122.8739082808338,236.11650225407885,117.76291306048248,109.23284460812603,111.50034281014021,129.90723010926507,127.69382374901801
2021-11-09,109.90276522762909,144.27833950218124,123.82374430905054,122.22775823452139,231.1445074344889,116.96643747717349,108.64764532739454,111.29413280794283,127.83387979944845,126.80786759303808
2021-11-10,110.61665726762256,140.06481899359687,122.59435970217734,119.87648996840738,232.65066417597265,116.60226859567852,108.26711427553602,109.79783682075725,128.29746482812874,125.81773049801302
2021-11-11,110.77021670667389,139.79445399704164,123.3057667178832,121.19024970169079,233.24130241767614,116.85611035414594,107.55506171446262,110.64164044508189,129.0490658388609,126.31440195636283
2021-11-12,112.60972224276102,144.68803051740923,124.91773236431195,123.3922995067965,235.77901268800576,118.586262647491,108.36276930087007,111.62136068442696,131.8561308291226,127.85028524678425
2021-11-15,112.64981812930672,145.91869982550932,124.60383172623821,122.57698557302331,231.57840714446323,118.60919748659806,108.43044087821217,110.20980901369681,132.91424890152516,127.99959794767295
2021-11-16,111.54642591136412,146.37457304509957,123.65999598251673,120.89851817994956,225.42275006353577,118.38066938417158,108.59453710927048,110.88060530916843,133.59262683910237,127.95311162100047
2021-11-17,110.43122357605264,144.54111570974317,122.02263336512415,119.79357345235499,225.64487919094347,117.58937748538318,107.54794730703333,109.46130460963153,132.0160646477592,126.55353575619203
2021-11-18,109.65555083716421,142.60891709726607,122.418454618831,119.73951818821111,217.2771910360835,117.18997684324741,107.16946289730711,109.1009113838822,131.8283237050081,126.67699355727231
2021-11-19,110.47608233974778,143.76569782027673,123.16554321601633,119.953591039277,219.8599875796326,118.64745742875931,106.4297833337184,107.79527843368622,131.9141478299946,126.06333865463255
2021-11-22,110.05442993553325,143.24666917244556,123.6462126596012,120.88555441181606,228.04406567711308,118.8062150933908,106.66163165362128,108.3984493266283,131.1054695846942,124.85888452970597
2021-11-24,109.17534182586364,142.32599240193755,122.10377723616492,121.06717453999866,226.43011554246763,117.6472070789494,106.18940174609439,108.66021672858379,128.92758875359024,122.88496747256035
2021-11-25,109.53260960932884,142.65818018458845,122.4012409862693,122.06660814428776,230.01681076139482,116.78042330798912,105.95955312552702,109.29975073873885,128.63641117349584,122.70324253767657
2021-11-26,106.95452678186771,141.14011153966243,121.19323906108352,118.91484144982651,226.67567510131786,114.71554490334317,104.35933495234163,107.06443529423993,125.97822143939197,120.75834426073864
2021-11-29,103.67531974765537,135.9072259682081,117.98756874392846,115.29658041392301,230.38513297290416,112.66510457437238,101.74225809013409,104.85660560815502,122.53382187266328,116.81627542705651
2021-11-30,102.28473702018329,134.33298553443075,116.7632999847205,112.79341764789149,226.17523959211206,111.45163398752938,100.97917542737068,104.30130584027462,121.94623074038249,115.16040668648775
2021-12-01,103.12892588804911,135.37942617788315,118.00498136560277,115.04989201588316,230.70434764557479,111.81341744142274,101.16498615444043,104.6703648608647,122.32332934992615,114.73208949217543
2021-12-02,102.43661068335628,136.12140882359114,117.672280288175,114.4456957318685,243.1721983078587,110.54201479572959,99.97376348574538,104.76593197369534,121.33244712344032,112.46830871399314
2021-12-03,104.71265909062741,138.84353841365632,120.20041250421252,117.8657640784146,258.33116349221893,112.18630365239608,101.74207981757723,107.01063804842484,125.37219072937724,115.64852757086868
2021-12-06,104.92467520568671,139.4288738019261,120.16354008507433,117.79840723843498,259.9708168683174,112.10437000941795,102.22894480917742,105.62521215324693,124.21856855461311,113.8410733329716
2021-12-07,108.26116289279206,143.34867236591106,123.95115990398251,121.75973538181101,269.83390698786064,115.31211935265529,104.80330594517619,107.8002291055318,127.73681004958628,117.83052258804834
2021-12-08,108.60972661140819,144.06527156378291,123.85282400477845,121.31929133169992,266.43200686621105,115.64861087281541,104.69985309189747,108.43771348397648,127.706480023186,118.83333722549293
2021-12-09,107.6431271437847,143.60846836368478,123.21307314918909,120.86744613708103,263.93264501742374,115.32806555892164,104.34962955876756,107.86107431406012,127.34941225456022,119.4618018258553
2021-12-10,106.9846758721473,142.31476088827642,122.91157355741964,120.12726372196431,262.59892851160066,114.7154209848315,103.5914870948965,106.99312406684926,125.35718336377282,117.49787114830428
2021-12-13,106.86320945227774,142.9848051706221,123.1518863172914,119.68726965011291,267.9308573902417,115.31032509783535,103.46273963945525,107.71149468751793,124.09752776635546,117.0706903217271
2021-12-14,106.6041402888031,142.74972978074325,122.91031940586885,119.62413023989737,265.4189745975129,115.18061768327081,102.83240119902042,108.53718077507122,122.71808002408362,115.10548234428232
2021-12-15,106.62881557289828,143.44726618338177,122.93182100514386,120.6397394158919,257.4238200275256,115.22336778425426,102.89593573301667,108.88485951562836,123.69837076938248,115.02881997199937
2021-12-16,107.87933145640511,145.07964144319922,124.44366709456709,121.52624925897851,267.5989254418605,116.64401042468894,103.45452735968053,109.66373258172288,124.42247824728089,114.92159306839488
2021-12-17,106.6236607654834,144.3336272682304,123.20655533461003,120.54743180980314,266.1380784750724,115.97894621920375,102.96693391021412,108.2902517252994,122.55557627102046,112.0530848519114
2021-12-20,102.88247637353811,138.50385775940683,119.83511734354045,117.98402762126756,260.2875132480333,112.96721157517115,100.9276488815293,106.52014062745221,119.82397774142986,109.70980059037849
2021-12-21,104.5878625957778,140.73060294106398,121.61855216467788,118.76230425223162,268.7064398804274,114.37610513264865,101.07346660806897,107.14225042959755,121.15397939308778,110.99298628379701
2021-12-22,104.64212151548435,141.39715479793057,121.42589412350316,119.00181462568311,268.97483850765286,114.52998455373182,101.46236432058906,108.23380425332488,121.87664366448776,111.99470705506471
2021-12-23,105.5275980286197,142.5531789170358,122.37868403866618,119.89217219962984,272.7735537102428,115.93437799819083,101.41076853802016,109.17094197686362,123.04381372382052,112.80149879940464
2021-12-24,105.93907908178926,143.11632517715768,122.76016831518123,119.87290665887123,270.0152212351411,116.6368716667186,100.98027555576172,107.98030936981964,122.81917838852378,113.00150213403823
2021-12-27,104.69101284941938,143.82373908287425,122.82209618581726,118.72609686461925,270.789012204011,116.6714045714652,100.22353116125777,107.57027705229028,121.92260165624835,112.05178415710976
2021-12-28,106.39338231206065,146.70797243034508,124.43939289406143,120.04699326551045,269.53416147519556,118.1727155019838,101.69578461670241,108.89253692841245,123.67539545935355,113.31461978807494
2021-12-29,107.00166900032329,147.00109162152674,124.81586988918265,122.04484549092547,273.26165927114414,118.83514273916667,102.82731590664096,108.53974976431911,124.81186120471237,114.61159304937947
2021-12-30,107.06967845781053,147.4150999922212,124.6569187557109,121.90098423430304,272.9533128663165,118.52048308714247,102.64720232637417,108.4942358023683,124.63232942558871,113.87113044196016
2022-01-04,107.9419923577779,148.83561860970903,125.71553529243215,123.39447101232592,285.9964304225242,119.07671994218202,103.78454264326955,110.88127611296525,124.99042590457698,114.88307848991938
2022-01-05,109.39438651625244,150.3497554052605,126.75917901305316,126.31365501093406,289.12973983382346,119.12554408807847,103.32147653987865,112.63401100529676,125.00369855459401,112.03408881993957
2022-01-06,107.48494988193451,148.04122112251858,124.84527947652796,125.18246598555942,286.43595770462497,117.16889417870881,102.46117827572591,111.80257039387386,121.46058663320669,107.85923357927616
2022-01-07,107.96882020634165,148.22490533472333,124.74716991989902,126.39094897386427,289.42638283992113,116.93968993089534,102.2960071909407,112.69770423725727,121.4137315734097,107.63320642433047
2022-01-11,108.0033905386987,147.71184602513722,124.54441487645542,127.22262542514575,283.97920007371846,116.5922590627381,101.76710122845078,114.83368401975274,120.89096075506538,107.41561720776511
2022-01-12,110.38259122997552,150.45996786148868,126.79423191056986,129.33826435435404,296.02279226384536,118.01639855537407,102.84612486809091,114.46865101930877,124.13679422247088,109.53843112495798
2022-01-13,110.07591404652572,150.0783484555297,126.06175003745372,132.4960758444855,292.28110197981164,117.20361766617657,101.31883432553377,114.96341639363527,122.75687210827877,106.92002644619632
2022-01-14,108.18812645323092,148.06499253330512,124.43060218237542,131.89088761544014,295.27735186205655,115.99167632192547,100.6946584161867,113.4989773752468,121.05665227960375,104.50800160063254
2022-01-17,108.02383617926645,149.07273589363496,124.8946382235748,129.7496785333655,291.5749360196479,114.93599442527716,100.99190186034139,112.49539003245357,120.78793270497503,103.87107003905247
2022-01-18,106.53952801321572,147.28167920439805,123.47558471938814,125.67782708423361,290.17719440289636,114.0786438437335,100.738963665716,111.64540354545515,120.28599284335426,104.18507314755594
2022-01-19,103.82778206816398,142.64292455813126,120.3913835201188,121.00542451271339,266.6614708370553,110.5114694134748,98.45567360898791,110.30751568268882,116.68931737667056,100.17001851679535
2022-01-20,104.77245019098325,142.87662436953838,121.10215988392584,121.8800487261018,258.61810145179857,111.0023766973119,98.79618029690955,108.50495879478252,117.34600685640561,102.17214860926194
2022-01-21,104.29847091237238,142.4188354431734,120.05355768045978,121.840076001127,255.34420825150863,110.60304635843892,99.18736703187818,108.4389898194356,117.55676702906965,102.11747861236402
2022-01-24,105.25218900551796,143.98543266048867,121.55316235718938,121.2540631534694,265.2314204323932,111.75844035686855,100.09639599901976,109.2363829873744,118.15231844243684,101.70379710379969
2022-01-25,103.89537358786465,141.64424421646547,119.22922032460063,118.68437217876621,250.2000999311821,109.74023327591706,99.53791126725984,107.48453275173104,116.35850071821659,98.32055414599543
2022-01-26,103.41144236970739,140.65616407985172,118.33384589416991,119.05990331911734,252.49268051604713,109.44603200990299,99.6143212754528,108.58067173222372,116.89234810676203,98.77039385542611
2022-01-27,100.49106100874587,137.93979641047497,116.26756313083817,116.29828919034217,244.58022662028904,106.65910203295385,97.24677070402275,107.68493111628703,113.44726088143042,94.0178634153027
2022-01-28,103.39598031803668,140.3825821476482,118.66254383550358,117.95683858459182,251.54933098019927,109.26612342464404,99.21585932857897,109.9277166442591,115.52987645522843,95.04970304919502
2022-01-31,103.96891179102295,140.83373212099605,119.52882893424189,120.34272665178634,268.2295846137733,111.10572250703544,100.36124432255417,109.15174443573015,117.23035596205835,98.50588651263793
2022-02-01,103.32554857048237,140.57911124629788,118.43886446541893,120.06023451595141,280.05037214171324,110.53674053063833,100.83647304086728,108.9812445925747,116.9754098131006,98.61693312499598
2022-02-02,105.71414827287433,143.54888854342985,120.78673032087204,124.1510227619119,282.5834313507214,113.50046449071291,102.60942465162273,110.94548956624062,119.01275472035664,102.73038223650354
2022-02-03,105.51580223695309,144.12821980775007,120.0926819881977,124.78421655357292,273.1700240901588,112.94457512616898,102.25314862958787,110.93847835040414,117.8381217583348,101.41316003260619
2022-02-04,106.40251569948273,144.4544349723329,119.42029702307538,127.0945928760674,284.741389837146,113.1686037333267,103.38634372496604,111.87923610493948,117.77828499695082,103.13587577793044
2022-02-07,106.80328819686311,142.31229498405716,119.57817535978481,128.71695059692962,278.5820134352573,112.44659722415842,103.4001107157574,114.17327941548466,117.27442446745819,102.58020344585088
2022-02-08,106.02202357664805,141.95979906240706,119.8755666249121,130.74314517916807,292.0100600855759,112.58045492937421,103.56398628307532,112.53462786027302,117.23570557554798,102.4365184462644
2022-02-09,107.7918649114519,144.02154008684042,121.93818790100468,134.3122989014194,301.6053032420707,114.06789857379547,103.79103517447233,113.90376882965452,118.07726117745139,104.75124018476241
2022-02-10,108.24678058149529,142.16264843861177,122.87072848575427,134.16586695370216,306.177963618836,115.0995694739564,104.5409262415869,114.35750895220593,118.81500658697522,105.8790389309732
2022-02-14,106.40882419598871,137.40566993536197,121.33137441315051,132.9698239195125,315.3536016752317,113.95073387959667,104.9935428496146,113.17693136782007,117.4222059703524,103.56266655113151
2022-02-15,105.9958047108521,138.16694945879325,121.69161284162107,130.66543620484921,311.8957457184796,114.08564625071871,105.34504231279607,110.03134990432596,115.65222943847608,101.23747860148701
2022-02-16,108.47094436469843,140.97479302009936,124.32423982143237,132.7858268638552,327.2413446782739,116.0533757158562,105.99351700809918,113.33037152974362,116.28731186228794,101.33746605779672
2022-02-17,106.68099952808319,140.38790311959258,123.24307243812926,133.3042894253763,326.8618824574242,115.62240003411293,105.72649429453564,112.08819721292251,114.9187743965892,100.29291054975053
2022-02-18,106.16311932587881,139.3749225065044,123.3222918435552,133.13720318641688,336.2322015560875,115.54123978951867,105.91893146790292,111.64299378722251,115.0117561176209,100.87599952582596
2022-02-21,104.15050569116882,138.63437400293873,122.08695482157223,133.47193477150654,332.6809889073087,115.15963944677023,105.41022405705903,110.20389255676966,114.34221825919275,100.51309964947302
2022-02-22,102.5382978138728,135.66757393365054,119.8713700153329,131.08357192350195,317.4905371642492,113.85963540856805,104.94478847741844,107.65736098816348,112.27820334080543,99.78696966454139
2022-02-24,101.90395255442981,133.23088107771798,117.82250608031615,129.27259704655683,320.3330927505185,113.58988506228047,104.44463975293922,106.20133144138633,110.22448580664297,98.68862308850974
2022-02-25,102.74652922956346,133.59972016166117,118.82990413913299,128.8217477417455,332.09237543189494,115.33745776586117,104.80828187833812,103.6289724496505,112.36896198444444,101.43366236705455
2022-02-28,104.27544569446387,135.65700555544998,120.0891210668165,131.937358966957,342.98712110484126,116.96954425108463,106.15417916687456,105.53420522588202,114.23527423415425,101.04053967852423
2022-03-01,104.5849997782585,134.96541939296813,120.3207155874887,132.01978995849203,349.34060399580073,117.26085814379539,106.1488011024046,105.49261915579918,115.17415324050899,102.8448178045794
2022-03-02,101.94008070678618,130.31403271784046,116.73545277904105,132.8193216250589,351.05835933201917,115.45983967165819,104.38022508208249,102.3156584894263,112.30229405140754,101.02854282125233
2022-03-03,103.0171159042172,132.73109439912366,118.0764507563616,136.74616491180797,369.61896396854314,116.08392322999673,104.54982600946568,104.35873200141957,112.10858634570602,100.75629730894424
2022-03-04,100.74487076744667,131.35662238753525,114.4471889894324,133.74147000570025,371.819820525125,114.39674948375378,103.13652061770726,102.36075176936662,110.43773842928995,98.57671981884512
2022-03-07,97.34433511582506,126.35677549282104,110.94123808323238,130.207274321375,378.1786415820338,112.3884702194115,101.68413142452384,99.1033556858083,108.74144650859787,95.12086239467307
2022-03-08,93.92184236973979,122.72076470073341,108.01371666497914,121.43555739434852,351.85592819989574,109.75146341825604,99.52121866777533,97.04356254036055,106.90391836299573,92.84857807746866
2022-03-09,93.72741864431194,123.4637373234818,107.47366183065586,121.76361696271813,346.4648459719466,109.74777029646852,99.45116844369176,97.16763423674183,106.72776873279655,92.22424969516217
2022-03-10,98.8698422021613,128.33437662086305,113.5134070830942,126.11774345128796,366.6212290152037,114.63673633236094,102.47958594566052,101.01085979667708,111.07687976003304,96.7625646160469
2022-03-11,97.99073362833522,127.2763128261831,112.02012184493813,126.78112805701069,368.0222141392862,112.56545222816456,101.23645347289576,99.49158521403044,109.22701569797557,94.15056201579898
2022-03-14,99.05031295575272,129.23655897449908,113.15027872429457,128.78066171309942,375.32904779054144,112.29833514008504,101.01632855011633,101.11967008104314,110.22767568410998,94.53330338726272
2022-03-15,100.91992494831518,131.39839474987184,115.08365440371928,126.22164760893054,363.16317980408127,113.41350672653043,102.51953153540722,103.33622260833731,111.10564358401582,96.18707008482049
2022-03-16,100.67340361021999,131.53259047833012,115.39643930603609,127.78037039603876,365.57027371658495,113.90052466700882,102.70822547330786,104.36000801503612,110.92788182443414,98.17616654867679
2022-03-17,103.43008125994476,134.62163353112587,117.9416088465979,128.8840127414144,369.87209365980505,115.3467327214277,103.66796510093295,105.68915102934695,113.4744170286711,100.76900446353345
2022-03-18,104.06677635812956,135.2398566987124,118.32626910266897,130.58794018729876,374.14228278385184,116.48185500710204,103.46141518234803,107.49185358810224,115.06770238878754,102.34132825338776
2022-03-22,104.42799205360545,135.69876457631526,118.62830601534611,132.92966050147817,373.8760530873992,116.46169135683566,103.01126551485468,110.93092982302721,115.49922954059808,101.71225657090564
2022-03-23,106.23790266231306,136.97521907869515,120.05117362467792,134.06580382497935,363.34961131347757,118.96630613061208,104.11023455454138,112.52363199939677,117.41459490190076,103.62472155030005
2022-03-24,106.60795387906018,137.1937770599436,120.48705576686596,135.43712322705096,341.04153059342093,119.29512636449952,104.03122180649227,112.61131341543052,117.5387504693502,104.48679803315208
2022-03-25,107.30404389681266,137.46093591554427,120.38891069461909,136.42239493447838,348.3400403281771,119.63825362742779,103.5677935602015,110.54072293936888,118.3046402943254,104.95464788137974
2022-03-28,106.63781952532247,137.92911861772325,119.8409946565338,134.29348489325065,340.2962573920979,119.13668107807338,103.36536907684133,110.71228604948924,117.81724748260206,103.80835136155414
2022-03-29,107.42188318376029,138.51412213718373,120.50865681315659,134.3784214719621,346.2270913046555,119.45033578473235,103.9758693344001,110.84742079998107,118.19512083804926,105.82335760459303
2022-03-30,107.7322281575032,139.49559833696432,121.39976824118177,133.45840974583356,352.3459276292772,119.62036549824742,104.42229815853699,111.12611721107011,119.40764847837693,107.1067802718469
2022-03-31,106.47807767029256,138.38176136611082,119.906742687585,133.38842420439244,368.7787507470595,117.72429067660666,103.53255301263182,108.59439211739037,118.85169019365544,106.66234663520868
2022-04-01,106.4797504414168,138.9774714604719,119.50693576955582,132.84382734627837,350.98763522702876,117.79893069188955,103.60515722993885,109.09929116451326,120.96472044040124,106.38279076874335
2022-04-04,107.45301901287618,139.23338423831,119.42064655806124,134.03661409028732,357.34340158446884,118.22217444367232,104.52430426530984,108.51630525292137,122.91347820389609,108.41059094668068
2022-04-05,107.12969954098482,138.7015569286261,118.60380344268712,132.006175680902,343.67574192072567,118.57427131261453,105.53594093115666,106.76459663949123,123.82040867581262,109.26967784456723
2022-04-06,104.73061656901575,135.89433760523534,116.04866384474894,129.25979376714088,325.7578678046116,117.42572794457074,104.6743704109195,105.68178266360182,122.76370641414726,108.08988081286863
2022-04-07,103.06942187898349,133.79512350785413,113.57837057293429,127.70300149923327,322.18955949847197,115.19486274324764,103.35454606409937,104.1489098234115,120.17768890517893,105.3444571101368
2022-04-08,103.9695941635166,133.0110686010341,113.5851921961229,128.53959710148746,323.4852109885666,115.74709294216805,102.8647452496606,105.02587710394002,120.4847708331866,105.58854583268271
2022-04-11,103.59648965404915,133.84177879548287,112.85360062526593,127.6513310456276,325.2252659698045,114.85744761902615,103.04590865486354,105.42245254547228,119.8822043572076,103.90312732414071
2022-04-12,101.72408975485592,132.51261084563893,111.72577162525432,127.304337158918,311.2439929875143,113.3714408922111,101.88850509537733,104.91628977491614,118.21479608764727,101.58872453009033
2022-04-13,103.32297207736516,134.5074491379034,113.67419012662559,128.58403905670684,324.0723171094594,115.08443429775843,101.67468879270561,105.32993337673746,120.20176000147495,103.97239333811746
2022-04-14,104.6061660812668,135.95593637836123,115.05819293075012,130.7090909396689,332.7884739103817,115.70452147295971,102.48859619188731,105.86158467389532,121.17482387389575,104.20369876814016
2022-04-15,103.25891789495793,135.39173046687978,113.77255073638884,130.4093450456949,334.07203641020214,114.13618714337557,101.68007633354694,105.72455565592205,120.82005920569432,103.37600128193252
2022-04-18,102.13923576786644,133.95267786670544,113.00492039922074,128.5557773850606,339.14737697492967,114.13033993059531,101.49067857623157,105.56956987068482,120.14157986734632,102.24280970023578
2022-04-19,103.41226000764465,135.60957992918478,114.43213085418495,131.11154786081906,351.1421555578902,115.69944637402952,101.29662566327615,106.2657040880169,120.72289134053378,102.84503459110044
2022-04-20,104.18737995996199,137.31168669748877,116.1193071384295,131.81949087844728,346.63306139238415,116.10378918579285,101.95274067552384,106.84480843135209,119.76000096506898,103.24268367057464
2022-04-21,105.00812163263006,138.1819916156201,117.82922407507759,131.6182652554745,349.9770073705434,116.87710146722365,102.03343884059358,106.72467883835249,120.17016449650879,102.8912333989444
2022-04-22,103.92789038902137,135.91095899502216,116.44970075233914,129.46184466013491,339.20551720368286,115.43940050383196,101.22330874965635,107.9383832131077,118.21034295877024,100.92932487303734
2022-04-25,101.99807937429111,134.49395292687558,114.57250426432218,126.8594050439923,327.9328119033621,114.27819787679312,100.24957989017015,105.58704898385172,115.87705844497724,99.80567551940986
2022-04-26,101.95929900539471,135.32496634793998,114.42119634986537,126.67016417291342,322.9882238942213,114.89084628358248,100.2745736088974,104.44597573089938,116.71328177039888,100.47395517799653
2022-04-27,100.23370704745349,131.47545978320326,112.64546441151113,124.78469061651714,331.50168938406426,115.81638153295548,100.46253524773343,104.18517359607236,116.13137541663585,100.32209204945357
2022-04-28,103.98793477242955,136.76873350928278,116.47183872646885,130.10966286520528,323.56588310072584,118.069939093522,101.6044428942193,106.77225103817405,117.59048652467531,100.77275230763196
2022-05-02,105.06672993476506,138.21560486094964,117.58697530453637,129.66352885539453,340.62107982621325,118.30168720672063,101.82384234366641,107.20501761502732,117.05849285510585,100.15222247814926
2022-05-06,106.42014105044444,140.12689100489433,118.76918549893314,130.4618651373476,339.61795890273123,119.39603867174375,101.69033953102387,109.04653729117089,117.25199627143806,99.69947668183138
2022-05-09,105.44899913182934,137.929532088702,116.98905908252041,127.3427084300367,344.24356521260466,117.68496233244079,101.46005462785237,108.67627415777332,115.7668927419365,97.24614839539
2022-05-10,105.68947471055345,137.75953435167784,117.06312411409758,124.70282700208114,335.88753555893743,116.86526353004916,102.05806999779514,108.07773431664087,115.0206289914097,95.43512011234392
2022-05-11,104.84271444198305,135.80414045889074,115.96248630175236,121.70548619003974,342.43238018203823,117.51743844540046,101.78623940332119,105.03328805611953,114.01168767199027,96.90162094345878
2022-05-12,104.22436700542272,135.0851428584997,114.81983434973344,122.25841770242971,335.1677411251216,116.3976180235955,99.86876583640304,106.47144651990475,112.30798930144232,92.82951363271359
2022-05-13,104.97047773975848,142.41965049963216,116.02111163854644,124.78598314253611,346.4222920412251,118.86911050610236,102.14995765168105,106.47748488690276,115.7157355544594,95.8797677061624
2022-05-16,104.97020203838292,144.73165096373904,115.53187677347991,122.18843415594658,343.29856069311904,118.21773953770372,101.60061479904165,106.77786885713508,114.90300934521984,96.48791070952974
2022-05-17,105.59601914886592,146.60356038737572,115.38040398723604,122.99362983364219,353.87322566963786,119.28364552740256,102.06692646635678,105.90052460944428,115.04489824701545,96.77109875983888
2022-05-18,105.7859849158919,146.8487490467376,115.47631833467847,124.48534948401459,355.865482441539,119.67409130843056,101.77775825493045,107.5739416365736,115.77499233312784,97.42185709818406
2022-05-19,104.80847925486438,146.58239724218902,114.84445354096124,124.03322618171957,343.36579862720015,118.85080663485792,100.89717843017397,105.93085938181876,115.66169248867509,96.32424953669766
2022-05-20,105.58097414210978,147.17782479669793,115.58956287499977,126.92194748178309,358.7390245687463,119.18091813435107,101.19518065156127,106.50255829672926,117.04289572472561,97.65725550305223
2022-05-23,105.8541874101553,148.27413737092783,116.2824855132408,127.29721335387492,373.7019214084338,120.52346550457513,102.09186770472681,111.24625806604895,117.87343192858262,99.047456573784
2022-05-24,104.00619999576544,146.47304545917189,114.81208221299339,127.03029084464525,373.76738102157753,119.48192308721576,100.93337996770913,108.54854424309441,116.42694296089351,96.28755096645794
2022-05-25,103.23871929035498,145.6572799591283,115.01475958189826,126.21971288541639,376.20615446658576,118.82902947691211,99.80501425541144,108.32047924980208,115.9855425992055,94.9455054913538
2022-05-26,102.95066694265913,146.76685744927153,115.57289331490206,126.55840711858686,375.3529099634335,119.2449542136849,100.34069253647185,109.12493218976289,116.21763858815146,95.80631631950081
2022-05-27,103.98113437294604,147.50671953370718,116.74411322801204,128.22986642933404,392.2351673640824,119.85849936066137,101.16945226499301,111.81093892454751,117.17042717867159,95.66675449861883
2022-05-30,106.85566961047448,151.20219776680224,119.17669487685008,129.754263270934,382.3417650068637,121.79193396420737,102.79088972279877,111.9323355101359,119.717216823314,98.95937338928292
2022-05-31,106.30259400283879,150.7280766400251,118.92077924619333,129.18643924851895,372.42685621427677,121.3426695594032,102.55325429945046,111.9464859500475,118.50397643210813,98.16519601560462
2022-06-01,109.17846111384273,154.05261964464222,121.20693437686667,130.97880932310485,391.15643656565067,123.3097856105331,104.29071560654795,113.97309932942954,120.29953499486716,98.12112809176277
2022-06-02,108.99833892355116,155.0605626554635,120.95459671887248,131.1014580316063,399.9434966448571,121.91213953714053,104.13185439178282,114.14670906499384,119.99234979292946,96.1979353920334
2022-06-03,109.98573462828907,154.65362739407396,121.75824126215153,132.12868462875608,397.68488307690063,122.45827893869642,105.2927078614116,113.0437539103486,120.75775636502988,97.56072343208649
2022-06-06,110.85857485873942,154.68501877729537,121.85728906421312,134.19327574254012,389.821367942384,122.60591636877444,106.16886392241092,113.79393925709671,121.89044717506266,97.25060439558531
2022-06-07,112.32259719437351,155.94497220337303,123.16249887245252,136.03254880352418,392.0387265432042,123.5721070457261,106.29936675790672,114.2004557211296,122.1561971455335,96.48930878411066
2022-06-08,113.65694713851518,157.05294045175094,124.01734001951567,136.1825008406509,386.2257605642989,124.82383092998472,106.50486227472307,114.75933330315141,122.87353788674724,97.18194664328244
2022-06-09,113.26896433875888,156.82792844631933,123.50260864847273,135.1735635598981,360.25552125978345,124.50630299863114,106.11539535366505,115.58122546634834,123.1809275608687,97.47726132951655
2022-06-10,112.87530952002516,155.6511453753948,122.24009446062108,132.64135923150207,358.7571252388721,122.26683085657541,105.2052566866609,115.07951737094592,121.51929111167705,95.82002652628155
2022-06-13,110.51820420994973,153.80956213155815,119.57528695365107,130.09703324244708,349.8748887413085,120.69440938586801,104.61271319142685,114.40414326878465,119.15414768624505,93.6700044573076
2022-06-14,109.89792295884722,151.70632282984425,119.20342179297796,129.18284193886953,355.79502460581665,119.28760689627673,103.08664410404546,115.14987015436166,117.86319466163779,92.82741675069038
2022-06-15,109.14507190547178,150.16019485112577,118.27134356908861,127.01847682330107,357.74564178783646,117.92997380199026,101.50936904114545,114.17024388955576,116.78482372669303,90.8575083862505
2022-06-16,109.1421171500641,152.67308955800812,118.82019710344063,128.61487488404802,349.9158824917101,118.07315103385416,102.04139395732359,113.77730934236203,117.80614687615034,90.15288596706641
2022-06-17,106.30568855159774,149.31638424131236,116.1124635075367,126.31934837427801,342.3747932461135,117.21121399127988,101.88499598589907,112.74214395928945,116.52699274396092,88.00051026540827
2022-06-20,103.96205297157096,147.480915262036,113.95523206196184,123.53316593849264,334.6454372322512,115.6664549234182,101.41119396127571,112.03452700236033,115.10635182163769,87.72098283089528
2022-06-21,106.10188749885192,151.41673163787905,116.55726417778172,125.82013212837214,341.90504446485124,118.09201377013927,102.24796918838601,114.68945345490499,118.69191706947828,89.5902819292519
2022-06-22,105.41412408724547,152.6427356307799,115.71494885026902,124.9624812724786,331.9182861121899,116.89067493856894,102.55846072348145,114.86754246446391,118.51398992784483,88.75858046514182
2022-06-23,104.62672575382948,152.93266808866198,115.77044910048554,124.50129384418696,321.7523028020594,117.30189598976659,104.16164913291483,115.91731080186929,120.25910833267162,90.0480130777222
2022-06-24,105.56092669597474,152.77293280332108,116.84574761399008,124.65686294602108,327.6285069142466,118.46666368260973,105.14853954644512,114.80367998482058,121.21993479083879,93.09010142799701
2022-06-27,107.07589378339347,153.30119676514852,118.51415234027772,126.61477059237652,344.3322934067647,119.23802763296598,105.36303015610994,115.70657395440645,121.88023592982849,94.30802271371701
2022-06-28,108.16495039422772,154.9035756603403,119.43734934532175,128.03584293584484,348.45870659971354,120.60851072628098,106.40128785020096,118.34681092338701,123.62971134590641,94.4351323164498
2022-06-29,107.2294553427626,153.1085638132211,117.94365854736543,127.55222373690825,340.60520863821273,120.61514062247312,107.55997523944376,118.2026854277396,124.23033823116745,95.30846045662308
2022-06-30,105.9624628204349,152.7278287487364,116.37541571071353,126.15544764671706,333.8844415920616,119.1652141019969,107.15667376983875,117.2888031304755,122.86592491510208,94.83178409652025
2022-07-01,105.07286362227536,150.01624990752796,114.61864102766842,125.58427465319251,326.8139135092414,118.08197684651685,105.22959082148463,116.75065421240359,121.13667912917954,93.46166308746349
2022-07-04,105.98564005491393,151.66967823506883,115.51767136949573,126.94085819033009,330.1907389689735,118.94938343623424,106.38917822491109,116.61419143103946,121.3409643123251,95.06558106657883
2022-07-05,106.40862462040079,152.12618806875486,115.94055894873108,127.456243463284,324.53986877095844,118.96151976723542,106.73874368285334,119.0063265903024,122.20446654021973,96.0934131211412
2022-07-06,104.53751565507213,150.24171641726915,114.66228408220856,124.54498914778569,324.27705519461813,118.92848500237446,106.60074772144893,115.26626672421759,121.9885763092881,96.83727818856718
2022-07-07,106.07710850637946,153.94680587807184,116.25910880625905,125.46017034990717,322.46967416856194,119.81457563733132,106.5499179970838,116.48510899956894,122.89839178328647,98.27079453482006
2022-07-08,106.66197036391371,153.91061621215195,116.75898829659437,126.88567608729717,332.05339636666235,120.46096641957934,107.38579451702326,116.02877002564544,122.37577108346073,98.1168614872234
2022-07-11,108.19796901320511,155.53513697983797,118.4798798973532,128.65796061160165,331.95804183297355,122.80120331876934,109.99860403110718,117.41712055385112,124.30685679955411,99.08352698326581
2022-07-12,105.39478367635596,152.93431823391344,115.63228548902671,125.80441692416096,326.91876407909604,120.36892240315376,109.62749500530529,117.11352616132574,122.14634351083224,97.03624319593516
2022-07-13,105.7234111320102,153.8743197616253,115.99352356357568,126.46645565500145,329.5908346526183,120.9808376860048,111.7573465942588,116.52656609082274,122.34885033806695,98.59871485915554
2022-07-14,106.17248068128531,155.2689797016213,116.24591274303026,127.25755861688408,337.57802676062306,121.44601645279263,111.54907141459631,115.60215755941448,122.82686973123884,98.49606231445729
2022-07-15,105.41238881741563,155.04008855146387,116.08663866436362,126.55984274703005,336.64578517527667,121.55754220057003,110.94301625580903,113.42583392383617,121.12091626086145,98.78064401732051
2022-07-19,107.51793129181473,157.24863024836762,117.45384782390221,128.59564107454278,350.4675697718129,121.84017673760177,110.69042746101849,114.28402222892298,122.01210246811675,98.46183447378743
2022-07-20,110.30051500210828,160.080880567265,120.27126823127703,130.37897103774063,354.67957329847417,124.22439750613307,112.52380052184061,116.66785220131351,123.76072601788266,101.36809428858444
2022-07-21,110.30466922130617,160.58600744729438,120.67097369062742,130.53166353389582,358.0800743092086,125.02411087300447,112.75937829536429,116.95950197957605,123.80086654314735,102.7893810371084
2022-07-22,110.42858788601492,160.91395980072042,120.99273050257328,130.7667227956542,373.70747342914956,125.35802188866107,113.26041397491629,116.35425091046694,123.8389140488811,103.70315669067386
2022-07-25,109.51999950219444,159.87205768122115,120.19650557038406,129.43686444926024,370.4366601920189,125.6188880098968,113.55307324018796,116.42281610227674,123.92282186067744,102.52519986320188
2022-07-26,109.98623111788164,161.90042432475948,120.59494224730838,130.55007582437446,365.3744565275092,126.31508801730871,112.8351969939629,118.46367429352247,124.8176462385162,102.43270951879894
2022-07-27,110.29668642359817,161.04554471163618,121.18692159535965,130.52315321818756,369.25720702790295,126.31236848954283,111.53773116860677,118.57457797620864,124.72534204257175,102.05834135840514
2022-07-28,109.83621931173504,161.1313748725054,121.63816936196663,131.02693293678564,371.86257065789977,126.52371292452696,112.60184863987814,118.3247599077212,125.74877534869728,103.60139910543838
2022-07-29,108.82245613905648,159.44887338850685,120.90060879773287,130.86205789797265,373.2465388619099,124.97707322413703,112.49198599450419,116.69496286506558,126.36315888651002,103.55819661724814
2022-08-01,110.5246758656942,162.06625229507736,122.24768559921044,132.55270901716577,398.3279574561443,126.48565013770371,113.47428329414467,117.93971894904274,127.45817507525705,105.26691693725145
2022-08-02,109.69213112785647,160.3598700530862,120.49346351521568,130.71038632799971,406.83928522441744,125.04971117409333,112.55441279427134,116.11633212267162,125.60248078723582,103.89389777770226
2022-08-03,109.70212668566188,159.91002925792014,120.45406300695292,129.8527000100823,413.6120003475439,124.70014460183097,111.1217282372239,117.83670691896839,124.89454635907332,105.00613929555868
2022-08-04,109.44434035716897,160.3268189597838,121.81128649343418,130.34575195115335,428.23004040971415,124.62399433449247,112.42718737133455,115.7615820886296,125.87033940231409,105.78636867763164
2022-08-05,110.0466972913823,161.4012734566355,121.76378222787187,133.67910076069117,431.86363705368456,126.57496998710019,113.15547544334537,116.22825994119582,126.61153110232262,106.60984712093983
2022-08-08,111.09421194134683,164.4346272885471,123.45609569618195,135.97710245800727,420.1611427023386,127.45183581968107,112.25679538250499,113.52258959956161,126.71821404507533,105.1928638427724
2022-08-09,111.32413857691404,161.28062976613023,122.63112247009533,134.98741648521943,420.18296618636776,127.15059429605404,112.00376058639696,113.69827809701769,126.88132418179994,106.47228255390321
2022-08-10,111.6284132626768,160.44503080068907,122.46086334179589,134.24937540788886,419.10210426729924,126.68310986324698,111.8102224760332,113.15707667287009,126.59244698626057,105.26931275066838
2022-08-12,114.21043744370971,162.63960134247498,125.13273698351739,136.110640738392,423.95580101107726,128.51370980216612,114.08054503718816,115.70496680658466,128.85343731969908,108.52592702344327
2022-08-15,114.65419692072516,163.85296212567363,126.34206306689208,137.05758453068503,412.9199117509051,128.86970544194924,113.39581055105697,116.3272394472191,128.3668664826072,108.22729540100005
2022-08-16,114.30940154034116,164.10878084075568,125.57028476695733,136.59392859648406,395.11383707239645,128.79493095625597,113.90893990279622,115.31405006803669,127.98715876447164,109.39040698627245
2022-08-17,115.60365037948137,166.10458463938878,127.48562056402164,137.66258369442997,402.55218040067246,129.89548146430266,115.14912454251574,117.6838720986265,129.19708275260786,109.31645210280017
2022-08-18,114.54117721678693,166.20364184157265,127.6127823386637,137.7740668126036,404.00643778743716,129.72559933964988,114.86381655448017,117.8081878044872,128.57978182460187,108.55723735044963
2022-08-19,115.07385636013842,166.3963984402185,127.57814327996498,138.95355319111857,405.87509654777244,130.3836649430239,114.60505404938077,119.09972488492878,129.40973314003665,108.2413762989966
2022-08-22,114.76798867247359,167.4683764220287,126.76760487613609,138.98441233233476,406.2530681808645,131.2652621108059,115.21849044790038,118.71787387128607,129.16059212167033,107.34704792838478
2022-08-23,114.08574013435928,167.02688060371327,125.49568420820678,138.76863194647612,412.8231841074899,130.0856969248169,115.87889140483041,118.09609294110996,127.53216163240626,107.12736336537925
2022-08-24,115.04981424477494,168.09082635892918,126.18848940957008,139.58599818827992,407.40637105801517,130.55557316568823,115.64628698064152,117.96703465386562,127.8336433035791,106.55403479346444
2022-08-25,115.4075162554147,168.09824631883004,127.33248283640938,139.80681110881073,410.1052219609528,130.63603007581176,115.65568607229555,118.8121589419624,129.09649183214086,107.6741725862401
2022-08-26,115.58227982365565,168.0195090516179,127.19833612018104,141.15893546128663,413.0697408671547,131.36210329607232,115.97565090985722,118.24930106673861,129.24107169551667,107.4794154393476
2022-08-29,113.86206565605615,165.63748996190552,124.9137639638826,139.50459884162285,403.84316620187957,129.7194413244654,115.44677845859191,116.7105776865117,127.13699034444028,105.15191047296415
2022-08-30,115.46168927077782,166.60215867742738,126.3789816979443,141.858759153562,404.0821374892022,132.147822758635,117.30903887125773,118.19300305525455,128.8010341810511,106.65153133253563
2022-08-31,115.0854475172427,166.24362212635538,126.5780346352456,140.5128710992942,396.7267250370196,131.05696792411447,116.19858890904568,118.73269097517063,128.08353116426062,107.81944652426863
2022-09-01,113.57869308834239,164.41540955860114,125.35521717012399,138.7740943307999,382.9203126973919,130.30159011274392,114.86659943700637,116.43463146792263,127.2421027681887,105.860215588871
2022-09-02,113.2353340895557,164.30702662819584,124.89045141594883,136.76840510249838,380.117533826375,129.23707195385924,114.66244722819445,117.32381229120092,127.04531327745589,104.7087725337693
2022-09-05,113.42383141921373,163.44176863184992,124.4346976395297,137.35954864890724,380.14520508555273,129.18813346207497,114.82043129230118,117.29744227447132,126.8765379596614,105.73266126972779
2022-09-06,113.90581260128168,164.58472986446276,125.145327368806,138.62892986116137,378.4586904107169,129.5460145681492,115.04033691702121,116.689080843364,127.16636749182231,105.46777621054535
2022-09-07,113.17003114581982,164.1049790230663,124.54632350242838,136.68348490759954,356.2906275344116,128.39319749613847,114.35671178470382,117.2480617208849,126.73503343392633,103.87763786285066
2022-09-08,115.98633254794998,166.84772380363856,127.37948296863864,138.8134184231695,362.35079805399215,130.6536519223454,116.53507780908181,118.96015117344838,128.5570967367751,105.83486060372125
2022-09-09,116.87573142985444,166.51937117024465,127.84552205827944,139.599653458928,369.3906516717967,130.96069014500108,117.14312663043846,119.53368259447208,129.9411252907391,106.82143208748951
2022-09-12,117.4139481862309,166.74815315856083,128.32821427290958,140.27093116822525,366.06843694754303,131.52433611073477,118.35176556022866,120.03739181269641,131.62992269584305,108.15467198254818
2022-09-13,117.26879093574829,167.03576257214777,128.18713063343392,141.0436913650896,371.7882467296807,131.76253707127927,117.93172778146837,119.83597720165236,132.22315666138022,110.21272558617036
2022-09-14,115.00928303864045,164.53811162656925,126.44372582656263,139.5541587174662,369.15454700836324,129.84931585569907,116.36599876163119,119.21714645325929,131.25802076378793,107.67060726034516
2022-09-15,114.78621820499266,164.21264829120565,126.25303238651932,138.35870556022354,368.15351752517256,129.50408956142044,117.3688101427762,120.37041940521671,131.869677942095,108.87309024853971
2022-09-16,113.38459893061442,162.714359515199,125.79133104460591,136.7563648512659,354.9772184364033,128.29309663124414,116.31792112870123,120.90564013409366,131.89085675588302,107.9250901502498
2022-09-20,114.82928857899597,164.8723524585374,127.19043137052826,139.55392855890955,350.42522119444186,129.48884406679767,117.15690723388488,121.1975729276386,131.74938861759603,108.29359051883856
2022-09-21,113.36367634682951,162.5751495271467,124.96140235953214,139.36619047241464,356.4098085023603,128.47076385419055,116.4470781565364,120.97210709708813,131.42557245834178,106.70313651876108
2022-09-22,113.46859305004769,162.89319898484345,125.13308359143561,139.2591637681983,351.4290605609037,127.90516052283851,116.23005630782437,120.2508006437558,130.8214342263018,106.27615698647045
2022-09-26,109.5643082120853,158.03824464104136,120.81184464490873,134.28190510312928,340.9286071718965,125.29466940660564,115.5030294618825,115.11359141363226,127.82658915750828,104.93299553549267
2022-09-27,109.51750405411968,159.31841805410494,121.40507348291023,134.48179459931495,338.6418251561068,125.940684938837,116.2860892220033,114.00017825097464,127.78583245612157,106.40737030876278
2022-09-28,109.38674405087474,158.22484603078968,120.80791111177729,132.90415944541692,326.9721339630279,125.84373507934012,114.28633394018412,112.26074681465334,125.44669172803826,105.79267981554416
2022-09-29,111.5636891208358,160.50140061177075,122.66101466562871,134.88036604981113,317.5207173629055,127.74004702814123,116.168714180658,114.11246806003466,128.6533746068099,108.1253284913045
2022-09-30,110.61678814624783,157.62264821895187,120.44052704486103,132.83942483772358,311.9305783548983,126.06627328268286,115.06951628291336,113.08091122088378,128.76812612708463,107.48548343585693
2022-10-03,110.9099715912455,159.12489688144305,121.86654749930614,134.12325489849056,322.1282022533067,126.63396517899305,114.1813681713937,112.18083951758612,128.21195311246993,108.08587342628384
2022-10-04,113.76341666905181,162.9987496582321,125.35953433805851,138.82154790584062,324.77881998178475,130.7733376128697,116.9792258415275,115.95634977714514,132.0180128257024,111.53121195896547
2022-10-05,114.58095247323845,163.16345861292731,125.5620267763232,139.53528597636932,325.2551752539955,130.99465501356224,118.30396500716127,117.1159884739809,131.2224239722448,112.04437858025176
2022-10-06,114.95131731998778,164.53914655355175,126.65997646084719,140.0568082057284,329.5658013406763,131.927089388664,118.64905364693739,119.31765438847923,132.63372582922605,112.31787343180481
2022-10-07,114.0002044281075,164.81673997218022,125.77330573128454,138.966311644503,323.4976145146379,131.40831536491822,118.24815069012126,118.0346866690109,132.48895641062003,111.48073615310643
2022-10-11,112.06450585722476,161.1698431551407,122.7801774703827,136.73549658095655,324.66219743197433,128.05737024171296,116.88199693846444,117.04764939511986,130.6595768314157,110.21823189396211
2022-10-12,111.19445728748798,160.29066872369302,121.39985472279903,136.07472940173386,324.86151496794673,127.93620734496633,116.76584536722055,116.14742065715717,132.0971080600963,110.61415582245131
2022-10-13,110.32232009535339,159.4858460546902,120.74766650787406,134.8227507500509,325.5007778342874,126.4922245431874,116.04385936074688,115.7696884905826,130.14386477955517,109.57512506369886
2022-10-14,112.61304369714023,163.12844034029197,123.0968582260822,137.9790504464188,334.14302463862424,128.52879056960472,117.19376540884696,118.41254190640483,133.90341341683396,112.22704757119853
2022-10-17,112.66399919742467,162.0502135502718,121.86801944741654,136.70545559213855,343.05069837642895,127.99747405690105,116.02055778386142,116.8849684374811,134.20610595433965,110.84557595542395
2022-10-18,113.7259759161631,163.56434611970045,123.14747684980757,137.24433397102658,346.64958278842795,129.4152086959253,116.52862117544036,118.83679638065226,136.10672701864763,112.88759891415386
2022-10-19,113.90840195591055,164.36113640329194,123.4805793292546,137.76026920429916,348.0221885517465,129.37336667633522,116.2548936688603,119.1965450332475,136.9472524367731,112.85408099126013
2022-10-20,112.63147836458498,162.93144751038307,122.15358346022758,137.01802812415588,343.03036990333646,128.69353367708817,115.7248832122884,118.86245082794906,136.78266242957062,111.86327659178828
2022-10-21,111.73928301962502,162.11401759993828,120.98610124419189,135.13839720382018,341.66610356225544,128.3601811500422,115.28374632391179,117.4895994729012,135.37227586138104,112.16885067027013
2022-10-24,112.62484827280022,162.94632243303084,121.58955029056962,135.1565988996817,352.0063517580946,128.1190223259283,113.4746015182292,117.2755184671133,134.50221846887644,111.8865933436236
2022-10-25,113.40235722288583,165.66760449971562,123.05863431652276,135.865945023643,361.78608676407265,130.38001956687356,113.3202877589478,118.64234809849181,134.84547383940193,112.79015308011193
2022-10-26,113.90694881279946,165.08540871792133,123.46064240786292,135.51448657529855,353.51402796390676,130.85904966153436,114.34125270946012,119.63519860393772,135.97494593313752,114.05662531855427
2022-10-27,113.08192687489502,163.4120662625004,122.78429531513717,135.6520283215998,343.73724447517594,130.54587430700747,114.84184420675889,119.6324585821626,135.40517883305571,113.76942592128452
2022-10-28,111.88870222018394,162.92172387180167,121.31889417399957,134.7576283896256,333.75259562481807,130.20712561920604,115.38453570570006,120.81715875493668,135.31623419556996,114.6972222095068
2022-10-31,113.63116963744187,166.4453276017203,122.91702939365882,134.22100431674903,340.5541353824058,134.3572894377607,116.30442130265884,122.1885178721621,136.48170264700298,115.32435278185618
2022-11-01,113.51372713478445,165.75502550888882,123.02928169757277,137.56023637623932,332.66281236650116,136.0006243354817,116.62199411339525,123.2388222396957,136.77598418974694,115.49794532255515
2022-11-02,112.77002823464667,166.77390367958878,123.29851410795432,139.85359505472297,339.71475933213145,135.47283228244632,116.9496664335294,122.28094519646837,136.55536944827068,114.12011901756188
2022-11-04,112.34528532595722,163.99725292160645,120.98449325752955,139.92449930664844,331.6890728537126,134.53662386434436,116.55589199951208,121.44378887017757,135.03975366555056,111.38304465928353
2022-11-07,112.95093770792116,165.1216829954137,122.07087421931233,143.27160403249934,347.5057688833517,135.0634236631925,117.1037169132926,123.73535072604068,135.80850654786454,113.30480200967239
2022-11-08,115.30678001511951,166.33436166996546,123.9046050068431,143.75603079731945,356.7711353551056,135.86671284739117,116.63097316037414,125.13592296172027,136.59293877187332,114.43275644036758
2022-11-09,117.27852244599006,167.51460692059192,123.93126537645492,146.90887548338736,365.03398065413666,136.4309401416401,116.22946224882902,126.01441768171453,136.3091921804852,113.84495224546889
2022-11-10,115.7625866822717,161.54235766298456,122.755232947508,144.0712546742946,363.07799241569296,136.20317764349784,115.84014116247532,126.02970044509634,135.80106147237208,114.44936710955412
2022-11-11,117.00318652469149,164.498197845927,124.47578733410676,145.53456927970464,366.54009061341617,136.94094187693554,115.54562369174563,126.62484855111656,137.01553268175795,117.75429223207836
2022-11-14,116.31302734414494,162.80987306463842,123.13741351799321,143.09586826370014,363.495517995762,135.55698817102206,114.19359813755791,126.64262295562143,135.79209386559512,115.67135176430415
2022-11-15,117.36476223219512,161.4837137968455,124.08706241991321,146.367695724266,369.06937506605504,136.82068641813362,114.35986658703838,127.50438436952733,136.6138462277567,116.08416266904204
2022-11-16,117.27282155563492,160.85921988711226,124.26157905957356,146.25399103072533,366.7517666661937,137.48791814624482,114.99200241228968,125.93786925480302,136.94906353846,115.60259828294195
2022-11-17,117.73188542522854,161.54368857841322,124.95357061872232,146.32491615551447,364.08049807414403,137.9680768588043,115.83047458446445,126.83573109559083,138.67885098844317,118.17352816900433
2022-11-18,118.1521993427729,162.64221101869154,125.23210802473481,147.0929486162557,354.9902911805208,138.59534392137283,116.87994325063518,127.84582685354782,138.58753174453113,117.87351870128518
2022-11-21,118.85537556929961,164.35055496531874,125.46200251404329,149.1204060396885,361.38678330466223,139.53144360218383,117.77673717803829,126.556939091038,139.21751356446018,118.05857558984184
2022-11-22,119.33528217082794,166.0281193668116,127.13617036818341,150.57946325078862,364.8901482625266,141.8386672338164,118.58432473939655,128.0673480355938,139.92219505905788,118.82613837016827
2022-11-24,121.0196441060959,167.00651577304103,128.47443504007273,151.55169046515425,384.4515689782007,143.68761981413255,119.51491132611064,129.61435723192295,141.5279813106516,121.15722018806643
2022-11-25,121.36202120767665,166.90733376895983,129.05180682144743,152.04816814871484,382.09357946681115,144.97720683032531,119.82305960788757,131.41118824675573,142.13888628269743,121.71133061577383
2022-11-28,120.27108414956216,166.8938983513158,128.35615907513815,149.08898325761385,380.2233933671331,142.90149704304054,119.56443297984353,132.23676549024253,141.25138352724568,121.54962370305032
2022-11-29,119.3671324330607,166.0452246150231,128.0013437489198,149.06181818508648,377.90670810864435,142.07858958720055,119.9747158482813,133.54850459646062,140.64295634830896,120.73575371015606
2022-11-30,119.30459146099572,165.7824619875185,127.43448356740544,149.27369548711064,387.90335311205865,141.3693165391658,119.22379902051064,133.73106899197506,139.52796510026823,119.57257701231107
2022-12-01,119.07556053518083,165.16674949469333,127.76586660926088,150.08158656851037,390.60178983736876,140.27555109070008,118.23891552734385,131.4671420355765,138.65035207908562,119.52180693606999
2022-12-02,117.06021104055463,162.68721425188124,125.65966153164251,147.9102639895664,386.82525381797547,137.76276865062448,117.76530446804279,128.77038687824003,135.77556282391302,117.46115171912872
2022-12-05,116.28012732575925,161.93483754971382,125.48638402321177,147.60502466640034,380.9146638937305,137.82786242053697,117.8423446523818,126.9612586044914,134.7045197030051,116.49074515132563
2022-12-06,116.62707811017532,162.82135900968944,125.39033903821857,149.24507952110812,383.59708934982274,138.09152909189024,117.81337238929335,128.15712366326235,134.48378895398966,115.23635979911151
2022-12-07,117.2271336151741,162.8898504210394,125.2783942543524,148.59470416093743,381.8473297590848,138.58692889922781,118.24542001246017,129.38841736250487,135.23214196387124,114.30592188485377
2022-12-08,116.18023124191386,162.27831697525977,124.86596226956681,147.146309762011,384.8366549706187,138.80031252178645,118.46853133346302,128.6313780802794,135.17764071643157,113.67760978456258
2022-12-09,116.43138284995702,162.44008461795607,126.26269372044574,147.87843633162646,383.674627474396,140.49278512636906,119.68749622587555,130.08479474142177,135.82004719009055,114.52595842659284
2022-12-12,115.97557632003324,163.08554238704698,126.28380796124566,146.46118837797232,389.4900749797184,140.38990946580785,119.51566243815049,129.1395623353808,136.5705157292479,114.87510528485285
2022-12-13,115.7664790512867,162.9499695192232,126.79417919276325,146.978133715744,394.2144732638767,141.2810044529958,119.74737101147505,129.46149953607983,138.09104049872715,114.804017586134
2022-12-14,116.76576054928984,163.95260199940975,127.6092008798233,148.75095958449177,395.1053788563053,142.47635438749214,119.38166440401051,129.86928594321515,139.71151151378888,115.09387600028968
2022-12-15,117.13841048971673,164.35777523561597,127.83723425259276,149.32676130985365,398.9473687603478,142.57574457448496,119.28350684763898,129.60074390389167,140.0928077142612,113.81173605377337
2022-12-16,115.17115190476194,163.43422224093464,126.06210541291689,147.38310088861283,401.258116893986,141.52127312976015,119.00794539536663,128.55816923391785,138.5948094473191,112.99205267168293
2022-12-19,114.24046452056477,163.3224060450154,125.37092963038452,146.28144503692667,392.71419156451356,140.84384542073937,118.74733662033887,128.40328690653007,138.07598861624763,112.53948453816547
2022-12-20,111.77492806570078,161.23228728122066,122.64791790578752,144.21982046190558,392.7024333074542,139.64926506555878,117.34806072183017,131.10689303830048,132.7526095360145,109.0249890043476
2022-12-21,110.15594500018706,159.21092807335387,120.67348159047772,143.2844994212666,396.7867868182968,138.121993781252,117.8376158039176,130.8239163103935,130.00312139761775,108.1796761427206
2022-12-22,110.53763611797449,160.22327763578704,120.93478915025759,144.903162466952,408.54834855916226,139.39365867217043,119.81649579632032,131.3580384732856,131.58452803083705,109.34619858682862
2022-12-23,110.05021068354984,159.6155391449807,120.28072013895945,144.19750891550882,400.97191634258166,138.67455676070804,119.51479635385628,133.52362144330766,129.44068297493234,107.97939850474843
2022-12-26,110.55379717828447,160.73909147612585,121.07645769193296,145.7022504189897,401.0167021317729,139.80782933743805,120.1479414289659,131.89475540368386,129.90259564490864,108.54520172396155
2022-12-27,110.74186355576789,160.7081577744601,121.65646461126478,146.72178615393813,403.2844449396322,140.59976963835183,122.37115707962343,135.17271599021365,131.00253081567533,110.12864371570859
2022-12-28,110.55820668414822,160.79217287396773,121.416729297385,146.80168980406074,400.7023379980598,140.3415713205801,122.22230491740885,136.24193219112493,130.33351667616077,109.421899430593
2022-12-29,110.32331768437362,159.7876672216041,121.16215231075384,145.68307554478008,390.4429802538994,141.52366004630713,121.05557930144374,133.59339584096256,130.9584422727072,110.69466008693121
2022-12-30,110.2098583822522,159.43299077968277,121.79926223717456,145.5676579108231,395.4571897081872,141.7467069570741,122.23422999913763,135.04589389054217,130.87322710909996,110.84631657904688
2023-01-04,108.26010157075427,156.89820698851705,120.6041189457779,142.91177108906675,369.52073642218767,139.23703694328768,120.80433218565827,135.74477880610175,129.4356905899852,108.2466303532944
2023-01-05,108.4641940730275,155.59596234631337,121.67122901841252,143.3047308425724,362.9552246112584,137.80450637844206,120.75333546731024,133.43003467139758,129.00699849357946,108.67439094443496
2023-01-06,108.89769504334117,157.04761110707116,122.51945247498722,144.49130924533728,372.215757923913,138.71130893460804,119.63847028344875,132.31332924203306,128.541828896291,108.8096206039078
2023-01-10,109.8580304388161,157.29577625031934,123.95754545540704,147.1506235936201,381.76968232226915,138.71742381611466,119.87681107620611,132.01337118158546,129.22734010922073,108.23669277604478
2023-01-11,110.83360877709498,158.73017289902313,125.07389915200233,149.77019574029848,387.12059551912984,139.95523151377841,119.9616670388175,132.610223065995,131.3093326891861,109.97238646408253
2023-01-12,110.69346620924088,158.7551462336159,125.1911499112269,152.10673791062308,385.57155966229055,139.47387435997817,118.84945345415517,134.251802604207,129.97486691401173,108.89358086714063
2023-01-13,110.05347915523845,158.27762453891054,124.8033580105134,152.62514173670553,384.935806577332,139.1907097716992,118.80667615918689,136.51367198823772,129.51165852761216,107.99918488366322
2023-01-16,107.44692844689558,157.18079544253746,123.61355879193061,150.96817041396852,374.9726775323446,138.02536696484512,116.84051598213694,135.36521623446623,127.84419207642246,107.2037889568669
2023-01-17,109.55821293089998,158.68729275699235,124.93590174488698,151.85944673620563,383.8015848771176,138.77644406643228,117.44928544444136,137.08612130998316,129.09946647739073,108.12916998547854
2023-01-18,111.14621993464888,160.65494099386993,126.36715430856277,153.44403919153814,390.3766415971801,139.71800309045278,118.12517356674297,137.48773897321672,130.86706128559942,109.67439713764655
2023-01-19,110.09222445971733,160.37271027960423,124.92474062756027,152.23588832514798,388.9027861570178,139.43264953962156,118.09941120798646,136.64527658055147,130.02924389432113,110.05844051642045
2023-01-20,111.2133569851535,161.21443551258582,126.40191814124174,156.82734519109673,395.05534966368543,140.81030658355266,118.61719569191666,139.5077314968276,130.47858341763663,110.38599277957472
2023-01-23,112.69514426250285,162.55638690272326,127.4401160415487,159.57804755398624,399.81036513323977,142.45779546034385,119.82303788765492,139.90903070538306,132.2368959369525,111.43481856013793
2023-01-24,113.62404528933216,164.24976277213517,128.69622587353672,158.93433771963262,396.32938582072234,143.64912065362964,119.67114501342442,142.63612617726176,133.13804952742615,112.3035546178355
2023-01-25,114.12586878349806,165.10788974294312,129.6326669821427,162.27259731851478,403.5545169159029,144.4005604818591,119.98950088176927,142.75331245418639,133.73291004025575,112.83275763031824
2023-01-26,114.60992411816673,164.86841234093222,129.57744989804036,162.51026624202046,394.2529587723736,143.93610709807828,119.77088126085229,143.8783022905606,134.32117754680547,112.86002912720198
2023-01-27,115.20452599497355,165.04485927332138,129.78853849346044,163.88557053696684,383.0730084712816,143.88610988991152,120.31871962359727,143.7713717152616,134.38898791030724,112.79531850263591
2023-01-30,115.18461551399372,165.40756982769318,129.94128305022727,162.55664376988003,383.9584020433098,144.57946823865325,121.07797585701105,144.2098566657439,134.42303879993344,111.46011195161924
2023-01-31,116.01688415276628,165.82296393670362,130.37129904044028,162.49740102477858,389.0472855995028,145.32255230571985,121.65583810059788,142.66136276257032,133.74957687294636,111.42425673138392
2023-02-01,116.02042175766722,165.71493837985247,129.74544332696536,164.77389502161506,403.30289328500595,145.69887684357238,121.55331290109932,143.94457787816174,132.1024239867532,112.39313152851732
2023-02-02,114.13534829240035,164.59535634287897,129.3706614968171,166.49280926520143,395.9847502682473,145.09395668130816,121.06413274101506,141.53356104338013,132.00449114165434,111.62740006047412
2023-02-03,113.67970048601784,163.78180191341704,128.63799026552837,163.56879283114307,397.86083945396877,143.74306251205624,120.49405611314216,140.2566204739778,130.69939172311703,110.75911882855745
2023-02-06,115.24033088224459,165.30523082028515,129.88261512110753,165.29108598192846,404.7518196465804,144.1287969570596,121.31582648863709,139.984602140907,131.8606868071288,110.47466345724584
2023-02-07,115.50780894725834,164.8230883973405,129.92635863831953,163.91076017706388,407.10585442337754,145.00652698496822,121.06334658056046,141.62155140183012,131.53748252363263,109.7792176135508
2023-02-08,115.2126957910788,164.31806878492907,129.72349889726678,162.72493855151046,406.5571893410137,145.42085260520068,120.19363827292861,140.86648721910916,132.3228173392871,109.87120724023592
2023-02-09,115.80228317910147,163.9297814336332,130.4717928262854,163.66328276445202,407.9689737457212,145.9279070966502,119.81934963223819,141.9928359137223,132.1896720314099,109.48245616324594
2023-02-10,116.0628087834022,166.38397513134424,132.5244399577933,165.00061072682044,408.7439775845918,145.9394175756972,119.66532622072083,144.01337182307074,131.43693601318998,108.24726396496462
2023-02-13,115.38088640049573,165.93424847706387,130.5144630306588,165.91342257125777,415.00259042440126,145.26878884516162,119.74831539665367,142.79192873151354,130.6891641900995,107.68836355430676
2023-02-14,115.81524427449949,167.77467262508628,132.11952721529914,168.90892452433764,418.32027058835763,147.9838612449203,120.69609425369362,143.78926180922252,131.94617956104088,107.04915345525552
2023-02-15,115.24308461507262,167.54114234727885,132.5569681231769,169.74312750713673,419.84464961730896,148.58550686860178,119.68404576763061,145.4029804373129,131.81587851488862,105.99766613432394
2023-02-16,116.07419764218598,169.47181384609902,133.8744880315507,169.7326003367706,427.2041906862883,150.31173693318613,120.54995759136489,144.1099497659805,132.97826344331006,107.66406425897381
2023-02-17,116.5129911222343,171.07997381131693,134.1176283755224,173.31088040089784,429.0181631259955,149.57733356481214,120.48329101292666,143.12457425803643,132.52979203140498,106.14525424805234
2023-02-20,118.12426468517859,174.29801294630124,135.12701923930334,175.27193960783694,429.6920627781192,150.3454194145484,120.84668847362519,144.6734561498877,133.32468684207134,106.35187849411223
2023-02-21,119.8539783508261,176.67050127940166,136.88971728926433,177.98740109280232,435.42712927409485,151.17729566070614,121.02410675521702,143.80143991072296,133.67787835420665,105.88748755186337
2023-02-22,118.35301903241455,175.569155745673,134.86732448607623,177.25039823891953,439.77520396528115,150.8261776438528,119.75065991337533,140.6217080221721,132.44668363348492,105.02044651523785
2023-02-24,119.32193607267895,177.73191094429538,135.93864535694323,176.52381093085518,456.60921811237597,152.6738053677604,120.07809110670979,140.94471895489272,133.91055835589572,105.3761812853013
2023-02-27,120.98155635698595,178.89628561463132,138.0205682462964,181.94737700494647,459.8442460544481,154.09024899036115,121.21305968986353,141.9587528532365,135.2246253855025,105.59874474705535
2023-02-28,120.88289348245512,178.34956715015423,138.11463648446642,178.87967859123916,451.13033405493275,153.79914138260847,121.15400579662032,141.4803373585269,135.81205169527652,106.91382346929407
2023-03-01,121.65207696035864,178.1948953002284,139.36694919154655,182.40638148585344,448.0501742223705,155.09434475869423,121.08850618559875,142.04976604665117,136.4608647049728,106.84519465398243
2023-03-02,121.61969184649128,177.27459706029148,138.60702755272297,183.3646068367035,451.59768795265165,154.38035177207848,121.60384033134342,141.24117277479786,136.82660633469953,106.67271057182128
2023-03-03,122.89969412467923,178.6018722185748,139.28172770153847,186.1008335895044,453.4678994653885,155.85295129234274,122.83614244045415,140.39670310887163,137.27141556680783,107.57665064629603
2023-03-06,123.5641423326991,179.8417426539791,140.35792173303923,186.7851245949097,463.24117328058804,156.77879989533994,123.7237342157063,140.87682696588394,137.69851729234043,108.14185225242198
2023-03-07,124.72988043337452,180.90749580408576,141.20087815698034,189.39687998075502,461.1402170273312,157.5730129274659,124.36648718383535,141.58246044284525,137.38929959453375,108.7235291855179
2023-03-08,124.39878061047,182.64676968611414,141.68625424334144,188.99148624923333,463.55028566910084,158.46674284062448,125.17897383730356,141.35545497308019,138.57968188519064,108.8342821432792
2023-03-09,124.9874789260556,182.87429607805558,141.8877216571836,191.74893713840655,471.73420549288306,160.53030096735753,127.09253397220037,143.4271842122847,140.09645387815462,110.05047966687751
2023-03-10,123.24264084492596,180.68766006158268,140.35807693819837,187.16022766578004,457.158516565437,158.62892974851118,125.39807037575108,139.00846169425753,138.28820268510256,107.65721808283072
2023-03-13,120.5668817762758,177.26762442624465,137.27688182199446,184.14434417076896,459.59642418425506,155.6221308757015,123.89822965751816,135.20211495134143,136.35128223597627,105.99575022606884
2023-03-14,116.6643404313111,171.4805620897741,133.2312392116326,176.29342473024397,449.07353228683036,150.77662277490796,120.46358072991792,128.28156573382356,132.7251560093764,102.90961950005537
2023-03-15,118.83063917809542,173.3901060021199,135.1710845719239,181.43203583044522,460.5643325641026,153.7352504412291,121.79174555458556,131.2635375257943,134.98866883536627,104.63607647113005
2023-03-16,116.75595808913926,169.34519392603735,132.60443173172465,173.5558951861257,447.06924013136063,150.99929958857211,120.36337825727468,126.74479620956008,133.50697596182636,104.19281880179958
2023-03-17,116.7984578250443,169.75076705097808,133.0936650143536,172.0745349326515,446.2596215442916,151.3620820553496,121.60913889953306,127.60439139306014,134.12598844074842,106.4471173394322
2023-03-20,115.3229554362114,167.0942924204062,130.87371694712493,168.24463141177662,425.38525648995966,148.19143657105127,119.51785644723631,125.1405807292783,130.6212068606868,103.38536288501491
2023-03-22,116.95922857984012,170.75087158338488,133.20580053023033,168.7681710046363,432.16522561120564,151.00088416764626,120.99992555406985,127.87301154592244,131.80920545129808,105.28707109900728
2023-03-23,117.38293044097745,171.8082845761115,133.49368146972228,170.5748996271967,433.9193375240745,151.7901302273502,121.78118137973834,127.15863097321201,132.25846231875474,105.81323676662615
2023-03-24,116.80836945512412,171.98566051212333,133.5101867858047,169.45261784579674,435.93938394053237,153.07042526751837,122.13190307456205,126.38115973001207,132.33051297827964,106.07551851674735
2023-03-27,117.40986103421356,173.47195346951344,134.22861674441782,170.21738797944636,439.05519518747127,153.26652731120103,122.18359780421784,126.73093472812494,132.9316742927044,106.9178561245965
2023-03-28,117.3602307767395,173.43001122571783,134.4077739597225,171.2475174086236,442.17784441761125,153.1955128025285,121.71660542608448,126.88896562425663,132.4419700537015,106.10768934618608
2023-03-29,119.14648435487629,177.0450629126504,136.75836521937018,172.26226351345827,439.1822797601277,155.95548980172381,123.87984088174005,128.2367673246428,134.65447803713744,108.23803028766133
2023-03-30,120.12681200884818,180.23444659254778,138.08054174286622,175.34892608441257,460.38259918788344,156.98453230860153,123.2900796700398,129.41450588076327,136.1503494599367,108.53679208201035
2023-03-31,121.1442935622171,181.81257941183884,139.67407002053,180.65357417200215,440.5857981778305,158.21096884274493,124.51327492853399,130.22213810720393,136.74229040216693,108.89325218219746
2023-04-03,122.90557838899478,182.12577199210546,141.1083282384596,182.87018954012646,438.3196783128584,159.0270085012051,125.46147286181247,133.0898733230894,138.38199910684702,109.75891614836637
2023-04-04,122.44851916830987,182.40084985353303,140.88291638774868,182.34555172549994,453.33262235633373,158.71656645996762,125.43015245488753,133.109604516258,138.84728945663772,108.89891612642617
2023-04-05,119.30525043828546,178.27439154590596,137.1148614925562,176.34967159780416,454.42345674187584,155.74638080194833,123.02488292138767,131.04285811185272,135.37968368304297,106.40251544353518
2023-04-06,117.93441053595468,174.3063602359421,134.81459268075974,172.87441333746605,442.26765578268174,154.72797945583318,122.26189351913061,130.54650627662636,133.98309301647868,105.19030051197717
2023-04-07,118.77061905672466,175.27676841216197,135.37653653952904,173.687346914798,450.25861700425696,155.50699850482832,122.38909541747083,131.72268232009293,134.1264469708757,105.34814592753503
2023-04-10,119.1483155387312,176.91447619132356,135.42326785609467,174.07508917455746,458.6207438466741,156.17975787770067,123.75999755173012,133.57601248598291,135.49989149063572,106.02678444338815
2023-04-11,120.16219475096574,178.31018139311306,136.815723741263,175.73344003705006,465.1741902595843,157.72495974853055,124.45348283368264,134.612896339884,136.62129972558884,106.34102140960935
2023-04-12,120.96875231413343,179.52603737243365,137.69966540909843,178.3272250910008,479.0325692182863,159.2475696510951,125.29173224728589,135.3959597784871,136.7093776255037,108.74810465435156
2023-04-13,121.12539584822292,178.86288435131502,137.69287380735372,177.36333003652456,480.6875008345631,159.1388966319285,127.24140517666926,135.09245086829935,136.85637244438735,109.74983519839321
2023-04-14,121.65363904363954,178.66680080621322,138.8355791876554,178.09604560903463,473.1654353541032,159.59865633321343,129.7303367771659,134.88467037909493,137.86241662092155,110.3776081538358
2023-04-17,121.70591891415489,181.07874198790032,138.8257212527988,177.8880709744118,483.18947692327595,159.93561745659747,128.2644654345591,138.289979706606,138.61142525159963,110.32444573906737
2023-04-18,122.44984577423376,181.79251562693776,138.77028261327843,178.08597203138058,480.3141978857798,160.94714233664027,128.96933096327825,139.67603873340843,138.43895211603558,110.88803478980105
2023-04-19,122.68964563876933,181.34301584554265,138.68832358251052,178.82053943357232,477.29466688437145,160.63811757017578,128.58403555610312,140.9377866597799,137.66658251838564,110.31383419486814
2023-04-20,122.53434262477465,181.805242066436,138.98326092713563,180.03872795074318,475.3447622341164,161.05412887601668,128.8863010564762,141.79256828328857,136.81453460718458,110.52200736423778
2023-04-21,122.02505385214535,180.91423949370034,139.1053655171308,179.84945130317178,476.6221393645542,161.41245444911087,128.88786670157205,140.01555333404713,136.41449163142917,109.96190237704172
2023-04-24,122.19100463013808,182.41809203295998,139.43101520346494,177.16137745639944,463.06660409703585,161.75693097245102,129.29704024539274,140.01721895552382,137.63876570325695,110.78871094481315
2023-04-25,121.63984154813011,183.41223829354135,139.48962403927655,173.75861287022707,458.64712034378886,162.39609570452706,129.79254113789082,140.04008437087205,138.17022203274797,111.09153607904089
2023-04-26,119.92454453341877,181.06543533480374,137.73474739691346,172.94568286043722,454.1726494713281,160.4704869380727,128.4542699999966,138.21361893002094,137.44184685854324,109.3879926448019
2023-04-27,120.5882120950468,182.20244270236518,138.15153232926176,175.27013263074136,452.58352833620694,159.60999448513,128.23040797342003,138.40337810522456,137.89807440819496,108.7374942170253
2023-04-28,122.03187698937879,185.42014592446603,139.5057163102424,178.41220339092706,449.2083824127909,161.37829175558042,129.05600620349858,140.05680723879325,140.07367132892622,110.9429165701659
2023-05-01,123.05292783100568,187.43107134131063,140.30591063725873,179.22285303475743,432.8260191273459,162.1734253460409,129.01513589088327,140.51130573794342,141.2587693118837,110.37055403884719
2023-05-02,122.81950142341786,186.9266682859106,140.47710689710237,179.38877300506056,427.98927435177944,162.07020089812852,128.3824277184016,140.30259159786357,140.00521744107516,109.44565876350008
2023-05-08,122.48858827248574,187.17644249960372,140.76835759894055,182.33958618285976,432.45507284511444,162.85781458918476,128.8754741742364,140.097333102275,142.14540922345893,109.6251105396506
2023-05-09,122.71729941598284,188.9452459271975,141.737053818173,187.90667546634685,432.15091867582925,165.56121210122538,129.74476525705924,143.07661760273987,143.535490071028,111.04220391353279
2023-05-10,122.72367742671535,188.7434256967088,141.55280794388406,185.43468582767446,427.9287018493828,164.03787281802718,128.6723358895938,142.15022446152793,143.0664484010221,110.10585184126647
2023-05-11,121.44808618889982,184.13169646420397,138.73639611019055,182.48826040628717,419.8616337209388,163.37642837627283,129.579739295746,141.88847735071332,143.84165937244342,111.93625231746762
2023-05-12,121.1651118368886,185.97127023849927,139.9256945816238,180.7248792791883,416.60776106942296,164.219356537775,130.9014921261294,139.73761541201495,145.37167779738132,113.04639800884368
2023-05-15,121.37583662199873,188.43084226319297,141.99502207402261,183.17969783611892,414.70012207962634,165.23871970576155,131.29663273494634,142.36611139412568,147.33862774177905,112.56146953964969
2023-05-16,119.6033406082166,190.20619989758572,141.98262976708574,183.37444378221758,405.96367975382384,168.52032676562158,132.46759529187736,141.96092521234317,147.36906238781162,112.29813475739859
2023-05-17,118.69257964887655,189.6742031610164,141.59267401433726,182.47629438350262,399.8907754468714,169.52776203033932,133.44559368130683,143.51231354192876,148.11385716690722,112.08314396975861
2023-05-18,120.06464179854903,190.980957052344,141.95109901772838,183.23273955629946,409.31045291024867,171.53873031837873,134.57061458341823,144.96865944612352,148.7243726877431,112.24178279638346
2023-05-19,120.37497235676511,191.63528661370384,142.30930141573788,182.19946134155117,407.7605937519013,171.14643490637272,133.71165511271624,143.4846747937189,148.55383163462022,113.71380013995407
2023-05-22,121.16278374468293,192.8588258637966,142.98711405971275,182.9860251456148,412.9281103212165,172.79957688521884,133.7545019717628,146.2871264329047,150.2830482692232,113.95699933047302
2023-05-23,120.05859377123109,191.63075104402273,142.56494851547694,180.2270491498342,415.91686912811167,170.84459156575497,132.6260617190038,145.4709990773943,148.18671274455752,112.64097102538943
2023-05-24,120.18021628895721,191.5512914594861,142.07678647898575,181.52684115851295,414.12581943427733,169.62451625060194,131.3741124305984,146.3353759948146,147.68636592301786,111.58314552463993
2023-05-25,120.82640523824948,193.8909515014233,142.7298632654857,180.18419867528667,405.19635774402707,170.4470076694177,131.24275645387326,144.50205926784167,146.89076531644744,110.6998234230154
2023-05-26,119.42618940102452,192.81316435217047,142.41275527927513,177.67271585011622,400.4229100751085,170.9747329541647,130.34477530439003,144.30736119376388,145.48891497673026,109.36407453030093
2023-05-29,120.37536400797238,193.65025934210976,143.465171049088,179.57066548474435,411.98744220217367,171.63655340825187,130.79545372430306,145.41993159072763,146.56265861132383,110.73167831390384
2023-05-30,120.19199013908725,192.58279585167628,143.61042395917292,180.57422379105498,409.77288747779994,171.8868810616689,130.28117707790437,144.40401594621844,146.502685471681,110.62637320407337
2023-05-31,117.47351875350222,188.05647504090987,141.1888583456062,176.38039299291296,401.3105511164274,167.89211271212972,129.11058865400628,143.80050993230168,145.30090767895584,110.33048485600861
2023-06-01,117.22996031468737,186.73677846388813,141.5565992222486,176.60674134784256,399.9922523589265,170.04037828834683,128.82925938792786,145.83716241927343,145.30688900202165,110.05690148454374
2023-06-02,119.04907248531286,190.16996915627146,143.93098405006407,180.0793147636332,400.8914539765131,172.56024680735408,130.9217580092303,148.17877363330214,148.38384208508253,112.90256995081165
2023-06-05,121.50082621609295,193.40140451855734,146.34338513460094,183.83980335887844,411.9977176418696,174.54728319596978,132.5071685909986,150.28909572839916,150.22680904060982,114.54984457656377
2023-06-06,121.58075606779033,194.12199453254792,145.57401999915288,186.9419830226988,409.06504739828523,175.31797699283774,132.52152834985577,153.72707479542674,150.91542817624227,114.17026423660705
2023-06-07,121.48625928568863,194.53957813107604,144.72712700678315,184.70591121756812,406.25837102544233,174.45152304473103,132.74194270093383,152.44499544997302,149.72958942208493,114.23682755407964
2023-06-08,121.11021864624698,192.98399239180694,143.42312836873566,184.53636397483731,414.5958808546629,173.60332794831064,131.9968899958152,151.78998066405472,148.2631155075068,112.56063496242798
2023-06-09,122.72946532761328,196.0973087732503,145.5347033231126,186.9702712917152,417.8576228900602,178.2218857842287,134.160650440624,153.3176103386822,149.82787621502897,113.84753726833861
2023-06-12,123.69157123866086,199.43720661783635,147.37129439515078,188.2310703010941,409.16761615982216,179.98293801616023,134.88368303087498,155.00045432265404,151.86349238035552,116.8298347015933
2023-06-13,123.82863139576672,200.2601386558017,148.04015779672292,187.7415744003887,406.34724795921136,182.8268576813498,134.4927325352035,154.68155449211895,151.082584900598,117.2505891281456
2023-06-14,125.96711711784762,202.59333172466282,149.81158922195667,194.02211338637306,409.60618674228544,183.02930975065206,134.8076337974498,155.47144195445824,152.21733411526307,118.02196951620854
2023-06-15,126.38046150231676,203.10529920284904,151.60479316678143,192.79732454093946,414.96795855531303,184.95005324542672,134.22582212996684,156.4212337152592,153.45560880611274,117.70251993967315
2023-06-16,126.93994600895276,202.60130796096533,151.59500828430015,193.73223666747023,411.2890347804517,183.95020953712168,134.96489025229582,157.6371232827553,154.07720073885577,120.71226593570432
2023-06-19,126.73658626742537,202.4701893975262,151.93440002219316,192.55555136503685,408.2207283333295,184.19359924054945,135.4503605411983,159.71510501988436,154.82218018148487,121.16519669773294
2023-06-20,126.73863149240137,201.1587971295302,151.80470324604127,191.12977799253434,409.5432910122975,184.01763088602158,135.417395314691,155.72085119323754,155.22237532565225,121.17072501698773
2023-06-21,126.76691277563916,203.04454125815096,152.30616128694575,193.63203991180353,411.76426762433243,184.7960918628792,136.1300657428078,160.13075149104742,156.25598637030603,121.85018679043624
2023-06-22,126.10460693262846,203.41735859148383,151.81114712659976,193.76101441466332,414.6786347041715,184.3407472251558,136.01803839739665,161.22228444843907,155.9845749974344,122.01432411899064
2023-06-23,124.78998635100764,201.62496401713517,150.04572374274576,191.53058543971207,412.83665217155914,181.92727782602893,135.53449263705454,159.67419148972638,154.36547573516862,119.50511976836657
2023-06-26,125.60485336576043,202.6197833954438,150.86023880664098,192.86092667564353,421.44361377201693,181.04938306000238,135.7266432280098,158.37716813086843,152.67643632696917,118.22683865295065
2023-06-27,125.46181969937219,203.16256354025649,149.89232971643457,193.2925818297531,440.50013832498706,179.74494335564077,135.43287690981572,157.64944642708804,151.677747360187,116.83255446852556
2023-06-28,127.7852611899579,208.19711885667877,153.9479599448864,196.9129798625096,434.4627272318738,182.86626159393415,138.09449187510637,160.40113170246028,153.9317188800788,118.2936411334552
2023-06-29,127.16849982145911,208.27618392146618,153.77089609986163,196.1992847808366,426.65797728438724,183.38584600362594,138.55224561828547,159.4490250372329,153.3744233852345,119.21688300228377
2023-06-30,126.846666997662,206.92593961203798,153.44060491921306,197.8066716811273,432.05035209491587,183.09450022696544,138.6124660803624,158.6501898424213,152.92427589686693,119.44716815557568
2023-07-03,129.27144775174474,210.4167544024673,155.85675293940272,200.97374845030558,441.7661132193321,185.23990191776753,139.35545854800148,160.65878017247283,153.60728823450006,119.05647119474436
2023-07-04,128.47631459739827,209.7807456189536,154.9736126721407,200.88459070164132,450.3937646589239,184.5096741661713,139.47614495903616,161.7771983321014,152.65385585736328,119.42987416119337
2023-07-05,128.4006066277682,209.5783097878197,154.2728451604511,202.25181376729088,460.58866299815173,184.2595375273242,139.49267564965473,163.08743413524104,152.60436041665352,118.37500239126292
2023-07-06,127.10872003387108,207.97499763101652,152.2287275356532,199.427400455218,456.4676890543364,181.93555568979693,138.35691293337092,159.94592942819332,151.4835208146177,117.37623483279378
2023-07-07,126.17894378215846,207.17592407594464,151.1082192535019,197.82111179728946,458.19103339432087,179.9425065693373,139.59911812886654,159.14207790820478,150.19843901477628,116.96102592828939
2023-07-10,126.78227001518874,206.6276372675889,151.58080476092127,197.8466849009764,448.75330272326676,180.28223467847081,140.08774369360015,159.1935441991187,150.4507476280871,117.29174699186493
2023-07-11,125.67193972866157,205.16044335003104,150.7755036028101,197.30570002177473,446.7338612585596,179.95248217114096,139.47252604670214,158.27787409984572,150.0919151565138,117.79624504949473
2023-07-12,123.96362009413886,204.05998213533087,149.72850660730998,196.0153897022304,448.564579941658,177.94740924510117,139.89457203410603,156.9229534459392,148.4670694943935,116.51529718351263
2023-07-13,124.35650002022294,203.88759047169174,149.7243344949863,197.25513965417565,449.57383724518706,179.29629666938342,139.35447633399224,156.4349251245494,148.62007966701043,118.12287881160226
2023-07-14,123.85822206684452,203.62476047183037,150.02747972099894,197.26925127250766,456.5917322738448,178.37121244576394,137.56491616206802,154.15137071671944,147.9890143291393,117.87157340388883
2023-07-18,124.00195080556793,206.3984831632079,151.08551584380007,198.91552360055007,457.4415250837505,180.21129950941994,138.4567689653541,157.41854242179147,147.90908695804973,118.1849204665743
2023-07-19,125.99629580802305,209.80574837814729,152.93949888642646,201.10199387656104,470.3881255879831,182.36540942006135,139.70211063578213,157.3278147861795,149.89512062788793,119.25231357398711
2023-07-20,125.34987874553356,209.2501468289945,152.46246828580541,201.55508715915582,472.6082098730453,180.9318591597658,139.2201358153793,155.94094920556387,150.01763299411635,118.93998354028487
2023-07-21,125.11947659262839,208.98669931291226,152.28388987297933,201.67443164541484,469.16182223537123,180.1922372019019,139.3109149829824,155.39162915356619,149.99175142163864,117.60150173838495
2023-07-24,126.39967252968651,211.9086049362557,153.86534216556979,210.92798070254557,470.00715468106205,182.42271057221822,139.58204400157481,155.69661748539926,151.57802554161006,118.68459424553475
2023-07-25,127.63071315256009,212.76996493087438,155.65132830151313,212.19134111282466,474.13689726282627,182.47901148596856,139.10510247718076,155.94770493786731,152.1510729101273,118.5118980333343
2023-07-26,127.06482257161709,210.52373957803835,156.359023487394,213.72327527898483,470.6689629306622,182.371951610958,138.67959406784618,156.1133564274085,152.54101554589113,119.14350694923719
2023-07-27,126.99539055573032,209.76286410329857,156.4748604131036,216.35712110499804,475.4328536800832,182.6118126891151,139.1537126283293,157.7817019091387,153.2502390612963,120.06094701829207
2023-07-28,127.39226657270571,209.92350080000807,156.73582935374455,212.1834540375251,477.3263892242683,182.21271034106454,139.35940388514442,161.8383148130501,151.50589100146874,120.16426554057395
2023-07-31,129.08915730091303,213.78379424730994,159.14604789320248,216.6872122615339,480.71645555297124,184.89394002568568,140.09669732353598,161.5963536734762,153.63487135150453,121.5630352982452
2023-08-01,129.68510706833052,214.45660652611514,160.82089309916586,218.66373872687714,495.51008278588273,185.22948757913338,140.70237990792594,161.20447071833857,154.04422276780684,120.10988008053552
2023-08-02,128.79820756757053,212.9321998865374,159.4214219921777,216.59378868190524,492.7713837114335,183.56913017128082,139.34007533536604,156.27313549503776,152.31764994536877,118.13913297825947
2023-08-03,124.5301817865832,206.54855188786186,156.68053857191128,211.98151324185068,503.96988350367576,180.9791368519761,137.80915010679246,153.23585417734955,150.44507345040574,114.36587352964717
2023-08-04,124.177140835091,205.50856446657738,159.56544675241696,213.85169249164537,516.9590170810309,181.27918958305364,138.51227748948187,155.48247095738634,150.33952374995684,114.18630739887223
2023-08-07,124.04872031411016,209.49184289560608,160.86228830696066,217.72194634270062,514.9523293434183,182.1390267663275,140.3914805284626,156.48368231792097,152.2116014891283,115.18527837126673
2023-08-08,123.85839971792439,212.1030369842459,161.9825942569378,217.86540928284026,527.7654153366715,183.5691481891972,140.64183658024524,156.07484457606185,152.4321347043295,113.78106894990894
2023-08-09,125.29164918831883,209.36967531891497,161.7743101633774,215.05830509076915,522.8071897816318,184.00842369434255,140.4319104790834,155.3948718765613,152.44395122307398,113.86026920396965
2023-08-10,126.94400525475453,211.11693319504198,165.29583811390262,216.11396224515164,527.2590949167219,183.10049874404658,142.21040024032482,157.77613936570052,154.40096372976114,113.765164590879
2023-08-14,126.65334717899374,212.81493685788405,165.87285986176147,213.66401975541928,522.406535383736,181.068559395664,144.12181964522986,153.48955963623345,151.78921903195592,112.54681333819889
2023-08-15,126.04178621704627,215.2249009323217,165.69088897450342,215.9540287543797,528.1019038974196,182.44414361257975,144.79321748411567,155.03463273650507,150.5558732448205,113.91815039280682
2023-08-16,124.18641600564555,212.90974363074207,163.579617886413,211.97800495219298,516.4634248114343,180.95376719738857,143.23842601267498,152.101000813431,148.51985992082444,112.34359114123178
2023-08-17,123.55579165632452,213.98436682027184,162.4211458480548,210.9785944218518,518.9999697999833,180.4138127869559,142.72916219001414,154.53576406927175,148.7548393596012,111.61612701071675
2023-08-18,123.04226768424694,212.86116490841943,161.460316614213,208.55070722702393,517.9129549591865,180.7327575546137,140.9871101792807,152.7029990965413,148.26131230394125,110.0471765200436
2023-08-21,123.7175081547274,212.16072969350853,161.48256293685904,210.34064438344137,522.4124433925708,181.62682728057402,142.73454667149613,152.9283616632419,149.66529636838175,110.88885447330061
2023-08-22,125.02571227079544,213.7282670154187,162.1948135670442,211.28848312987665,520.6923713165519,182.37359789486075,143.56523288484712,154.53780249087112,150.25434852471855,110.91111982992466
2023-08-23,126.26901372804149,217.04205405157336,162.75950871457897,214.38042626834027,526.9101373096362,182.5660025963361,144.33912994867572,156.76017239480285,151.7915735103052,112.03218512811341
2023-08-24,126.261070884258,217.44499017745903,164.06113266918285,214.73077187151654,527.147341032315,183.57718342981804,144.05680110972366,156.78215374116772,152.04571065836163,112.13513028855874
2023-08-25,126.1028449615569,216.93874015712535,164.08967188961705,213.75518164280095,527.9256733471276,182.26587425827347,143.49653325038565,156.09125276937183,152.37889855175618,112.42230477112152
2023-08-28,127.8648923088104,221.23375875713523,166.8852994097491,217.84997912760434,533.640038240259,184.42635183934476,143.3755690240577,157.24062315120037,153.9003833563985,112.74147283996298
2023-08-29,127.79319874979362,221.42276865032096,167.1197213387286,219.38305249267117,539.0034469134514,184.4611508566382,145.22593990147422,157.91213029921047,156.19297468301397,114.02682678536691
2023-08-30,128.02362035435067,221.82783958451972,167.64214320341682,218.35687407855343,533.4238364899303,185.57568401416847,145.3181098091817,157.2319977819101,156.49899287517087,114.43681884306518
2023-08-31,128.45267687443325,223.43397716703865,168.42829728495195,219.4712714512736,535.8086595946712,187.83818224124389,146.18267957681033,158.11925353814027,157.16585755881945,115.04174687835267
2023-09-01,129.6566967917918,224.9215859489384,169.84434809740304,224.25213396228,548.8589973633091,188.4333956328378,147.30867955997513,159.2707953730737,158.4663653335903,116.43126035862198
2023-09-04,131.80161536416298,228.14896924505837,172.13034842989302,233.27247990957036,564.4826173970354,189.81922534178707,148.35065944303884,160.5959072862142,160.42949447805407,117.05071173816431
2023-09-05,131.83107005155154,227.62253078127097,171.692208419192,234.38722626506882,570.7740513473327,190.81585901458686,148.67646974041767,160.5222516624035,161.58065407767086,117.45065670133165
2023-09-06,131.97882649517604,228.8823575422869,171.54470344595794,234.42477184057745,562.8281973251667,190.8634456728249,148.20783909234999,162.17279411307308,161.99680973786985,117.22767206125089
2023-09-07,131.41407057203006,228.19788619798845,171.6235456911931,231.0160235397694,556.0486925174021,189.13963107222702,148.50547268569878,163.52733840160244,162.2229304582648,115.51228717822231
2023-09-08,129.89648099056168,226.96378495467852,169.6417399855429,228.57164380309095,553.4790738196932,187.07372643756466,147.04041265713522,161.58298347757162,161.35087338421917,114.6216456798956
2023-09-11,130.16221724882536,226.8663107755772,169.06452552397545,228.75010738185227,547.9495541419361,186.85103575188427,147.64176096897768,162.78335595526733,158.74753815817385,114.19006922870767
2023-09-12,131.44864810312185,229.56079980115325,169.97120971155988,228.52245827667653,552.0174609827253,187.7831503177006,149.1734097403982,162.33178044069166,159.27310849472278,114.8536911216637
2023-09-13,131.0429609415237,232.12464428243118,168.60676993498552,228.76985958120207,563.8981261195988,186.66077561577885,148.6399410640629,164.46096394671733,159.69908428093623,114.80934447492785
2023-09-14,132.65174515623917,233.8696320873712,170.21896164620821,232.24347627942623,566.4410144381661,188.2194433717043,148.90022365571667,166.10976193181034,161.40980951483553,114.57925939395875
2023-09-15,133.61129191248494,236.79602272507987,171.70996190290873,233.2614888079863,572.2817338787213,190.07383012313,148.46063550058284,165.36015827467986,163.61399550047912,114.55291004500916
2023-09-19,134.59994569147383,242.0916303327726,172.4758306160361,239.76044176502995,594.2672011176892,190.39958217389508,147.38715794620128,166.70260887222156,163.9604472245479,113.55887579677974
2023-09-20,132.94096699706728,237.71231910242662,170.43463259893613,236.55132486202803,595.095818931681,187.90225229536145,144.5556382427289,163.87136044732176,161.8822416989025,112.95222225485605
2023-09-21,132.1909518317654,237.69212885775693,169.18422583164633,237.8366122248552,596.4600261569808,187.34418325178888,143.6049141828217,164.1665724826783,160.90449564010393,111.89615104802664
2023-09-22,131.76701699243375,237.69083632128206,168.145897965616,236.3434378149879,580.1493357814851,188.33308587394382,143.84261958206187,165.0282443324376,161.5377020985447,112.31404547035267
2023-09-25,132.38685109183723,239.36871892238892,169.24572924089253,236.29112273397038,571.8715956278221,190.14239647097241,146.56252686938888,164.5096617387198,162.7760740625685,113.68046091495145
2023-09-26,131.77775358198457,238.00026060174173,168.51874157845683,234.9547392792836,581.6009022748078,188.8657918652389,146.71728710197297,165.6227334487217,160.66003666452934,112.300969567895
2023-09-27,132.5759177545351,237.9912574175432,169.09132571461092,234.28540093256115,574.3742089366896,189.2426020953608,147.08015435905634,166.05094686487988,162.28554753255992,113.11098149288874
2023-09-28,132.39095404051758,238.3921139139237,168.67272668150724,234.76632192637888,576.6508533304067,188.2835628083522,145.8809453395853,165.03067079974437,161.68149347435045,112.23912737960295
2023-09-29,130.86489730943563,233.95117992269667,167.75031562376296,226.66309369516426,548.2188662579734,186.69668577296522,145.70972867953907,162.9677637484805,160.28664676134866,111.73493988893146
2023-10-02,129.82596453740825,234.54346057338657,167.82160998879988,225.5980473393866,554.7454190472688,186.03804410309988,145.5018094735035,161.27414336362247,160.5251692410476,109.52048609001577
2023-10-03,126.6931745225188,228.97708325405057,162.954577318135,218.17206775808833,550.4102720892444,182.53297501550625,144.0605254273361,158.8444849204453,156.9519904403403,107.33381648650425
2023-10-04,124.12679066512598,222.58226931664552,158.8780600730035,209.3157375050181,530.0557291886518,177.92873009015588,141.40343944252507,156.1221570878638,150.96126908660324,105.21889896095608
2023-10-05,126.20225607759765,227.34096081027394,162.0510227490943,213.11888655211106,542.3268171866613,181.6776409505409,143.6861543272993,159.42028653047052,156.10073218894175,107.14529438974445
2023-10-06,126.12508356880963,229.50925530593747,162.71537040651083,215.13903505637296,554.5367961819363,183.1582288847784,146.5977278997849,159.80353147141915,156.3678147384682,107.79766408283977
2023-10-10,129.44098782663184,235.26979954425582,166.10554049760563,222.0239819729086,587.2414869050639,188.05151847198425,148.2748217441319,163.9986875507229,159.65876566846967,108.78982294708119
2023-10-11,129.0336322249466,233.27996696232026,164.99582283189395,220.1116080867087,566.1892937741638,186.1235652083764,147.2550743942585,163.3337542954459,158.3982305085015,107.60917144053059
2023-10-12,131.27885893159748,237.24008594477067,168.57923149987775,222.7311832432075,566.6137245141412,188.5807288878362,146.71380608064933,167.30732675951924,159.35386996560413,108.25199213280088
2023-10-13,130.57600904089776,231.58659140937124,165.11525977506284,218.54554771515598,565.0512149866953,185.12163596679153,143.03273117988994,163.7469320671221,156.40537211455546,105.7269198018187
2023-10-16,128.423883441594,226.491865702487,162.9343655356673,217.67353899676084,557.6313850084005,182.85346619660322,141.45548751064612,162.92599521143848,152.95968980464144,102.63814358847883
2023-10-17,129.19219963059197,227.40274583618168,163.71985741392325,217.71150752177064,561.5921103813325,184.8457602205956,142.20973749764516,164.66515947157095,154.41886695842152,104.87109108740088
2023-10-18,129.5000878260363,227.8015991302294,163.180367034374,219.0486811787006,561.8009217643822,185.90954591468207,142.95582053194673,165.5017711338611,154.83930291770545,104.44346851148329
2023-10-19,129.45530214201918,225.42550282842822,160.99896933887203,214.47872226862668,554.6184625724037,183.35488504103736,142.5908359989241,164.85072651746543,153.01463600578836,102.82495525954268
2023-10-20,129.43708385300897,226.4330636486849,160.35446001757086,215.58636351736374,556.8258057515626,183.35472108828196,142.06918604997767,163.21845942200227,153.17197872293428,102.18129625517744
2023-10-23,128.03183705773168,224.39794831877728,157.95862721287804,211.1441977012199,549.818991387587,181.26590391113544,141.67736484940048,160.7302259792297,151.71998878835012,100.55968792910423
2023-10-24,128.65769369540396,225.22120265472805,159.0354382975852,212.96510513708807,540.9460551771748,182.65418943057094,143.620627791258,161.90313631071248,152.17632038165536,102.25058488657422
2023-10-25,128.652243991368,226.23781986402687,159.94481648198476,213.53804468866556,547.7726211457058,184.11758305842366,144.9976683137899,162.41711692084684,152.27047573468627,101.8764648194725
2023-10-26,126.3688614222498,224.02071957823853,158.08560503089487,210.86275942333165,544.2401828953367,182.2015580347699,144.6916432151438,160.7757145447974,150.35352613945835,101.0893464924613
2023-10-27,129.24281855081,228.6105005712427,162.35706260022144,216.03854564004328,563.4186856449679,185.85750438929927,147.22710437555048,163.34524502903741,151.80096391669005,102.90170106747556
2023-10-30,127.91707071845373,223.66179425747936,160.5686660360539,214.54612706687405,564.0455081117021,183.96420302318995,144.81446204145962,161.1734949125579,150.25530171919635,101.36932837572476
2023-10-31,129.14775881897367,225.78251878148018,163.52220581482914,218.3875853735825,548.4849606700348,184.37988650791516,147.0838895454852,165.5410854808617,153.5362238611952,103.10302738399145
2023-11-01,130.59097183094914,228.17599847002126,166.53650453789473,223.1142457206221,589.1348061390138,186.6122266254474,147.02786816774696,167.1387518515904,154.7769510065234,104.02388938042664
2023-11-02,129.15355204638402,226.64463948148236,167.44224885165994,220.23346543243107,575.0023096816869,187.6179479322401,146.057890097636,167.30893878525754,154.67166537388994,104.96498604494897
2023-11-06,131.8743075526382,231.274644151046,172.248569310634,226.58753868259208,551.6419874242674,190.25794452210957,147.18768981703835,169.3792352290125,158.29669371904558,106.7456841123235
2023-11-07,130.7176674013975,229.95411618232654,171.06943960618727,224.84526178738778,546.5402012885937,188.71763635710025,146.744520289392,166.73111487491596,156.78854583260178,106.15432485177018
2023-11-08,128.2331279390569,225.45614006571176,166.39352577661217,216.004829885977,534.2082430697671,186.23899562671377,146.402730265318,161.83328680460153,154.71283686113648,106.40242972534143
2023-11-09,128.23311294904482,231.2241456753885,168.88638905555814,220.61307749227024,543.9095682099195,187.32597556994526,147.800890860167,163.7617321893027,156.9825235772443,106.91477662052722
2023-11-10,129.34625501794284,234.13794855522232,169.3408188814846,222.00254465745442,554.5281629847362,189.07113468672839,148.72695207165424,165.3892051129794,156.14564626420457,106.29042531002983
2023-11-13,128.0166219836406,241.17596688137,168.26958027177182,222.72255567876599,549.1564013950078,187.66400235191782,147.4776634576878,165.6184791244123,155.20088975739444,105.63566234884752
2023-11-14,127.33478312771125,242.69416108229711,168.31648951705452,221.93049368749382,549.9281732041967,187.1610943552126,148.78646757203327,166.74249057271692,154.81287752488524,105.61124313549195
2023-11-15,128.7997156797203,245.04564134960708,169.7465815365153,223.3491611842974,548.7418295559695,188.2413314545685,149.9022647531093,165.9267812079704,156.65427660641217,108.38822394018864
2023-11-16,127.9886702980649,242.1622251817352,169.23860783210068,223.62374992969234,550.6220484929099,185.8111502156379,149.26735847507362,165.2693960690657,155.9121524080066,107.98241985816728
2023-11-17,129.63316809250688,243.17320264583796,170.7676290573177,226.39497994931102,560.0597291810478,188.50104422218251,150.19285532641797,166.71224245741604,156.54781261786533,109.62711180897062
2023-11-20,128.183358241403,238.00599464238533,168.4234349753797,224.02821831471144,559.9899791994194,185.43463393019474,149.5673331193184,167.3600434732644,155.53815210452632,111.60172107784656
2023-11-21,128.24858625457568,238.6538556416132,168.47550872984763,225.20485390159354,569.8074583754214,185.4414192773908,150.5155099567065,168.8282550573359,155.75343270712884,112.93876845068243
2023-11-22,129.1196489845381,240.33972611046312,169.94271987101334,226.44277814261332,581.9851229274328,186.8787296593616,151.61653985005947,169.47070151147523,157.20926729010176,112.19929857396845
2023-11-24,130.35293825379014,243.9881271608761,171.7759197554801,228.57179612188915,588.5191877494198,188.1857863575166,151.3778412262868,171.40577631627337,158.81880480808363,113.14194987710336
2023-11-27,129.67565220103876,245.19571606674444,171.09017676300263,229.52695430080644,596.2827366767807,188.59671508739555,152.68877794956663,172.19230915202695,158.14802807108174,112.826602127592
2023-11-28,129.81466631826865,247.09968734590348,171.27324466769758,230.71278067906437,589.3628494007163,189.87846493221875,153.5593210551132,171.33938332118797,158.59817831864655,113.98526361241427
2023-11-29,129.53455124962406,244.87702400293978,170.81028206463193,227.5013315774213,575.7100253393618,189.0949081177082,153.3079956411169,170.81256399800637,157.8865599344511,114.56278659628892
2023-11-30,130.49988409417605,246.6007906834335,172.11429002949637,228.16785835340414,595.5013132979894,190.53294479097838,153.48273222856432,171.80187837589617,157.89748188267,114.45555115708214
2023-12-01,129.4595201342254,247.05513484161497,171.67519545200537,229.91781087854005,598.5759318162335,191.52663398943952,153.79161970964765,171.43024228780376,157.9388873845372,113.98998337081558
2023-12-04,129.22323804489022,245.86731179975257,169.60117042677996,229.0362820610122,618.5620231596964,191.417213383193,155.61046497595262,171.09371253959858,158.9031582220612,114.88038492337822
2023-12-05,127.88484300086446,246.06303623150362,166.51246922742558,224.52032263451446,619.1903825814811,187.77057024033698,153.68418915548366,169.54939816804483,154.97399128356446,113.06825112427192
2023-12-06,129.82997603591403,251.28275069723597,170.08955940387156,229.12082260722153,614.8183258678697,192.1177631662889,155.3100445498407,173.28648164485242,157.30327206033837,114.32014432980392
2023-12-07,129.05810821661998,247.28926641231843,167.74563667404868,225.13579040865443,594.9852296565903,189.82638076303974,154.02906221369653,174.41675037869194,154.68269990155545,111.79857278835712
2023-12-08,126.73962772360103,239.1180198304447,165.006392436104,219.39095432298018,576.0528557637116,188.33829538172796,153.06103736128804,171.7505311290533,150.63148980333966,111.4693285731927
2023-12-11,127.62606849009144,241.76006233590158,166.10974463561115,221.72301019123867,584.7700877523598,191.8983659994701,154.8092949120089,173.07295171043518,151.6391834560107,114.17944987278197
2023-12-12,126.54789392111434,241.76243948378104,165.73384032674417,220.7277244654353,584.915917318184,190.45229691002865,155.00827603578088,172.95592015840404,151.18070007180916,111.4909866687561
2023-12-13,126.60103434753766,240.71320638823613,165.79593684137592,219.59340492019598,579.1235380102398,191.51676011725388,154.57195910816358,172.83308336551534,151.33187004714563,111.76952809888725
2023-12-14,125.36091294312112,235.96613208975637,163.9462785710034,215.948282299607,561.0161092805756,188.8576525741008,154.5461668196933,167.6026392368582,150.6377105118427,111.48316091806088
2023-12-15,126.38544334209938,236.59146426247602,165.40050220505216,220.4372026668798,590.3316428551259,189.52069724463,153.1394110747207,166.14937720860252,152.37446650321914,112.13352252900289
2023-12-18,126.18662671048504,234.39054187533793,164.7334141805018,218.4741096000109,617.2564050218763,188.8739781865638,153.14082570502748,164.06442035110288,150.4294140055187,111.59775155264384
2023-12-19,126.88781608384832,235.98272191178734,166.23861350410775,220.10432428022875,628.3571554251286,190.75993579837686,154.57913485860024,166.0988402754134,151.4322233130843,113.3775284934028
2023-12-20,128.4933673590916,237.2959795648569,167.86531250710354,220.66098755795713,642.9949091586436,191.00575617737024,154.28650116469305,167.6671758518788,152.07738451148458,112.86087278042093
2023-12-21,127.72873548413332,233.9513175398243,166.63695953748604,218.85787953048953,651.7723135730561,189.79470984266572,153.09985829988432,166.16837601569435,151.2407261703533,112.09874557834677
2023-12-22,128.6363944140976,235.64809251436753,168.03089521118858,220.79243105531933,670.3884754300749,191.24199847667217,153.80265464940956,168.0972205772083,151.9544017517335,113.78359515391972
2023-12-25,127.85738945730176,235.3078798885735,167.38950260032922,219.79980889711155,632.7439275929726,190.39722709888514,153.2623570643717,167.35618000597967,151.9740682231907,112.78467103945167
2023-12-26,128.28230733079883,235.21345915045995,167.92166350998264,220.74963779314962,637.9486702540099,191.10933419661035,153.7675076360576,166.72459011162596,151.5541738842777,113.32492068941364
2023-12-27,129.96493119149838,236.34273751969363,169.4178182925839,224.84528275262744,659.2709694508766,192.6150213838755,155.56339628012276,167.8511067564181,153.37058328903973,116.2180483331884
2023-12-28,130.41944480329707,238.24526878011682,169.72448951535497,227.1364648110123,638.6803445508194,193.544719822082,156.3554893629152,169.38532793155062,153.91939813148952,116.65324670944209
2023-12-29,130.47426018663876,239.24776210464594,171.01134769485776,226.9716764130771,635.0133671006041,193.86684605926663,156.0370197695432,170.43837213120386,155.09182303278345,116.65521496326143
2024-01-04,132.3071159733334,243.39646952600867,175.3059379172738,232.88361228625104,675.853268213308,196.4236420927557,156.2702341827041,172.5488657564715,156.88073702223565,117.42541691443435
2024-01-05,132.50801629260337,244.38370838575065,174.96162230102072,235.17813244218658,679.7170542294217,195.4580226373938,155.39202896918692,173.2176314757807,158.03699119411675,116.21581907198306
2024-01-09,134.41377486451807,246.0564490604518,177.8584722386223,235.6392856411238,669.5407699442125,199.39385923701803,158.5244341635699,174.14057849457916,160.59498352842337,118.58050576377894
2024-01-10,134.07256948942893,248.90152299148696,177.43347333118047,235.00411308361487,667.0198860573445,201.1755887100273,158.32248791106304,173.80851922713484,161.1620735121522,118.47891708795181
2024-01-11,134.86612420626764,252.4613921030097,177.86460216227587,235.79815947225407,669.5836473345827,203.2783816797578,157.5367499633634,175.89153109072356,161.91518402664144,118.28814634803051
2024-01-12,134.13846242021393,251.515141319693,178.38004922720407,235.84985622230136,680.5211998024514,202.69331182935764,158.15555569856775,175.37806663202332,159.94252069922268,117.33066887783161
2024-01-15,135.01086603192883,252.73644059361874,178.56890448216208,238.50012746230283,709.2531690168846,205.95769007474064,159.50257203459174,177.0146902003073,160.11310714726613,116.43147627440156
2024-01-16,134.08543355642544,251.78380524139396,177.80860078558774,238.0192690103351,721.2828782493227,205.97328128666797,158.79762072745584,176.4040853462416,160.53225696611125,114.77838591665193
2024-01-17,133.4404832796405,251.52741883016608,176.42206912204702,236.08599624186576,716.5353399943446,203.7898397696185,159.1917749624617,178.92030125622648,159.3341421927138,114.09531043247738
2024-01-18,132.79893009907042,254.04006194248058,178.052405771433,237.01844195073738,712.7574801041181,203.87944670498234,160.38182796722725,177.31838261837004,158.8165386607002,114.04863470571773
2024-01-19,134.18640016300037,250.57731944857102,179.86616915355015,239.00282278722304,711.6946142027463,205.1481582929945,159.78843598623865,178.8947494060739,159.70453204356954,115.63698695254539
2024-01-22,136.2798952443281,255.5825471665181,181.91270129144183,241.55472790944953,718.678045617394,208.25107193264216,161.2949474787956,182.95048286750054,163.10003970153107,116.91753480418603
2024-01-23,135.94058858982848,255.220152632588,180.5091413692263,240.1753791454881,712.8836091534668,208.2226150755779,161.20202174895607,183.23665750966697,162.54589194120575,117.19204477472486
2024-01-24,135.32294063348394,253.93196702570404,180.0914362500837,238.33942781658726,709.30600086037,208.39752572541715,159.80551147388994,184.16790823047603,161.19806946815496,117.253685572371
2024-01-25,137.47782466732815,256.1051918241591,182.1407647878868,241.41219002220495,724.8490893377503,209.98686180717797,160.8588479128021,184.52775302842633,162.71600819875655,117.66522399725076
2024-01-26,136.46560628845802,254.65808374612683,180.81955472978075,241.87533392867806,705.5492878247635,206.45885829093325,160.2925086342428,182.1724526103457,161.96719596350104,117.4715373273244
2024-01-29,137.78791763854434,257.7253412020036,182.96847963921257,246.1576842110124,717.6544345486385,209.54535997350777,162.61964817288575,185.57402729057216,163.95846070743187,117.82517739600354
2024-01-30,136.8843428595185,257.3627695096475,183.6099927690342,245.10734360876344,729.1952169371508,208.4189540942388,161.10690291793273,185.7785305288555,164.9821155321817,117.84539737957664
2024-01-31,137.61063600503024,259.1160587477935,185.6806167609743,250.5645200717714,725.527340523974,209.61135676593884,162.5916863196398,188.23285636861127,167.44561543347595,118.51723036038844
2024-02-01,136.10882099137038,256.4974979931973,184.81929205812037,251.53555346602823,725.6767684416567,207.92461449649835,162.54606929473613,185.19182238124662,164.38533901245208,119.69263991590704
2024-02-02,136.74303499344288,255.86480464889618,185.89222460341784,251.88958289597184,716.6007090964837,208.39597553638703,162.9946915755575,184.45633908010578,165.67005522788264,121.84580275107851
2024-02-05,137.87404485451208,257.4412123407277,187.86366467321682,253.68443685596384,706.9856941686387,209.75050679123353,162.2816284331387,187.7440732891828,167.52608751071625,124.50715144983668
2024-02-06,136.51275378863127,255.8383262781531,187.60259635035854,248.16400642693642,699.0723223660286,209.7443389524126,161.75261526074217,186.0874064204632,163.3625626804744,123.02602893890634
2024-02-07,137.10933006703303,257.8741557242371,187.9421826854032,252.05516367053443,717.9238198727575,208.68268400395732,161.4593112158172,186.22293178316872,163.039965768388,122.6006768770944
2024-02-08,136.01712715988427,257.6102493952345,187.42055159053703,250.72940483371377,708.1658403890212,207.9621637627763,160.6635080046464,186.5745495291871,161.99221198122166,121.70881697215212
2024-02-09,135.8050271802751,256.49855650759343,187.01731978737365,248.92379738540762,677.3709666154799,204.4521710406781,160.53200401432116,185.07713641038484,161.12170234624617,123.46360695923013
2024-02-13,138.53724006255345,259.7569310694168,189.6399048252535,250.95651219716086,692.7928037771591,207.8078982618027,160.62845915375766,194.4711321869027,161.43142483284893,125.06059206616509
2024-02-14,136.71314220832838,256.8502568655097,187.64392258261176,245.09294194942152,712.4621648860257,204.53661864345202,159.14255109691015,191.4688311735642,158.67435862193662,124.83464006850046
2024-02-15,136.18650208577648,257.7599012202508,188.3583267968256,245.39202401464922,706.7923032204843,202.08787196945656,155.8027270035214,195.31881549921155,158.4255709526297,122.95177189209639
2024-02-16,138.94432756639392,262.23879966250985,191.55817687004713,250.7279421788771,715.7868359943403,205.42281446022207,157.0825335781683,200.35864345477594,161.5639565127069,123.15735829789362
2024-02-19,139.78353883685855,266.0635834326419,191.92549883703077,255.65084978449624,715.7432104069087,207.14749800939103,158.98235027612165,203.69488868533497,162.29980754955167,125.28561175668304
2024-02-20,139.42545874248685,266.88198784395513,192.47810967275277,255.81977163775372,724.1244432888615,206.7371494909026,157.64040442107662,202.13719411679327,162.3486522775156,126.39595980907141
2024-02-21,139.47672989296504,268.110146320278,191.9229034558616,254.3796319191506,723.6318471585445,206.61866933400353,157.7617798175101,198.72907558736014,161.37332468954176,125.72755618157036
2024-02-22,140.65591995612104,269.7572422197707,194.5668568322708,256.7562891915638,725.8407692533181,210.81274707429372,157.87662160836936,200.10928632030254,162.987345978098,125.62793180041052
2024-02-26,140.77423319649148,267.9518446262219,194.72354989476852,257.57235590184195,712.99365821205,210.73654554565985,159.21288970759488,199.83125218634385,162.11405822777692,126.02584166768716
2024-02-27,140.80452361793664,267.66731480716595,195.35443308945992,260.7057165248417,704.7885514758752,211.45687689582937,158.825141370088,200.33073377615645,163.43748117961115,126.31738730203006
2024-02-28,141.91666780723818,264.76662230715647,195.76708715779162,261.13241015984624,702.0345922058102,210.48446055917447,160.61595801274413,200.464394320089,163.68311078914198,127.28716589843292
2024-02-29,140.83629372793604,266.2865996461896,195.03603389131,258.55629585313096,711.7472598765452,211.61885545213508,161.50756421156066,202.82733352795813,163.1683380883664,127.56392376674741
2024-03-01,141.71379803974995,265.61576346662713,196.2060560738833,261.51998333316027,726.3415578935286,212.6709622378877,159.82297894711456,206.19185910046545,163.52797708777555,126.70554438114591
2024-03-04,141.22892138191432,262.04741601723134,196.11332847312474,261.12281664100243,708.1095566905059,209.35214021443778,158.54213081579783,204.53965735777663,162.43959288064727,125.15745259201114
2024-03-05,141.07772124086824,263.80731272998054,197.38506289213973,262.57987002683547,702.7550480856711,209.57738208264365,159.50812524783825,205.2402303728444,162.63099825936098,124.92440779976268
2024-03-06,142.36977118859807,267.3654391088633,198.10549063283628,264.9584624652912,699.5266979539318,210.78211022734865,161.22273291703115,207.3754479568902,165.54158173672425,125.64274922992018
2024-03-07,141.37506367028618,265.6879725424915,195.70141395103852,263.12995572947136,689.1081175011329,209.54983297528668,162.67397531232425,209.88280800154172,164.5320023283098,125.32020144521452
2024-03-08,143.05397597799777,267.35572574212404,198.37639305628733,270.32597132818245,686.5117201154831,211.08425306298048,163.82842499369883,210.8543983558696,164.81526419100265,126.91634219920904
2024-03-11,139.6006971403902,262.5615559088277,193.58942805343196,259.6359427877283,674.0902007487857,207.05574370016978,163.37888112130722,206.69376770345283,162.58382896556864,125.59780059483705
2024-03-12,140.79628424667493,263.75205894469957,195.67229552129885,259.4409454683403,670.5320711168793,207.77215938716716,165.4595226365068,205.63902218818365,163.6201171959209,127.5586882844824
2024-03-13,140.37865588569298,263.71371385120267,193.95428589426848,257.6742331541362,654.1824955985489,205.99102250137636,164.64812565414942,206.25806520082946,163.9244906588178,125.59101176300629
2024-03-14,142.76446750596605,266.4104878492677,195.30088549543797,259.5154919695193,665.5764238050247,207.47065761537277,166.5439820997029,206.540717514706,165.0828653059031,125.70418765005182
2024-03-15,142.8084424296046,269.6837868005154,195.7799812676053,261.6712710608748,663.2358037043851,207.81505431226478,167.27984274105634,207.24801505137793,166.4352222390049,125.68565325797283
2024-03-18,144.10662798191208,273.29651532272135,198.53993953796117,263.2915909370962,676.2677223454499,209.54973732208816,168.57978639556015,207.09641850418006,168.10937230380677,127.38543980301309
2024-03-19,145.61891772267143,277.7453551837786,198.71722388817818,267.283474565761,675.3755219643351,210.70171034281108,168.95136728579118,210.6993728701303,171.88872043776726,128.09437316836187
2024-03-21,147.17888199265295,279.1008692486422,201.10431097020984,270.9585349388995,663.5447702762942,211.960291148229,168.7964754541858,214.3721845698339,174.16364155681094,129.0299601810183
2024-03-22,147.65764154259787,281.70072060506726,202.77893286149822,272.45998245022895,665.6439882321747,214.36799981927166,170.18964912444915,214.91183921041267,175.10985480206577,128.965208870916
2024-03-25,145.60143879415287,279.0505785225135,201.0306477277123,270.4208203734702,659.2856670212569,213.40075252690497,168.85334291673132,212.10382385644184,173.83924309968845,127.25239063076673
2024-03-26,145.61430117047732,279.3515631682171,201.5846133586054,270.81653052632817,662.737454229441,215.47993865987527,169.1162980110018,213.09745821011091,174.78592017085035,127.49080533493921
2024-03-27,147.07677657019,282.26569028210366,203.06205310369836,271.96501590655294,667.9053551528729,216.07940395864523,170.09829983582108,215.96228823750258,178.01229404175652,128.3633861631425
2024-03-28,145.65768838405026,279.4001322045194,200.9792148825489,269.33785300414326,654.7430127736917,214.33532443960144,169.0642126327824,213.784987404062,178.34764435054183,127.71452855457017
2024-03-29,147.97157306287903,280.9847885624676,204.02898925969706,273.8280392223894,647.3850003922595,215.74736458771912,171.55594354232184,214.33195300222434,183.89134359602997,129.68263237401578
2024-04-01,145.30218255790444,275.45232457092214,199.80371123269697,266.5110842290049,632.14251059861,211.7265163729537,170.53493850503824,210.28059477378366,180.621006161353,128.46334476804284
2024-04-02,145.1193219540982,271.8001899062867,199.8974167542917,265.1933752787531,623.542988329128,207.68479183185323,168.57665452490104,211.0959068250426,176.81347278089302,125.90783508545147
2024-04-03,144.97731091255278,273.33722856067334,199.7917608304701,264.507312477901,633.0643608320318,207.3476502894835,168.69743479442124,209.7963009691202,175.6935031369129,125.00513030488567
2024-04-04,146.01354552129672,276.94006013075847,202.19721339252868,264.85289472743375,640.1516272148473,206.98562034792687,169.24372996636097,211.6938699013751,175.85695940304294,124.9374117608963
2024-04-05,145.97442902335155,276.0701661135011,200.65439481991496,263.80625382632996,638.9510671514747,206.12669740428032,169.8047896478448,210.68304332405896,175.22269129303578,124.87974689740456
2024-04-08,146.96324018477938,279.3867150338131,202.54903747044472,263.7723019007571,638.0176784289941,206.61601593800208,170.63320923473935,213.8812071554592,176.40542166446374,125.76641078082291
2024-04-09,148.06539604149583,280.78332520016056,204.39308787092975,265.92581359918887,638.1572340232195,208.65242438188304,170.3729100041495,215.81164178298434,177.99969837465696,126.88671476442515
2024-04-10,148.33134124034686,281.2830520059665,205.24457904267095,266.40540950619834,641.5053587267256,209.3353256313419,170.60246837025625,214.60321132225224,178.02383714250004,126.5903439075546
2024-04-11,148.31944013645054,281.61868222054756,205.11303124205043,266.6917830846969,642.7921556475563,209.6148216882813,170.44974352125385,213.54449176038918,175.90690413440524,126.47260040384074
2024-04-12,148.97616644313186,283.57689908999726,206.6222647888415,266.07688679435853,645.5273493615349,208.8107042421508,172.33563178557736,212.93690889367522,177.23073567201723,126.48954622590362
2024-04-15,148.85945594948623,285.13648868466595,206.21167763731557,267.44120453492496,656.0442348244909,209.54854822907265,170.27464775266716,213.67677950336903,176.40008867793549,124.11033478422904
2024-04-16,144.74697036075725,281.1550142527059,201.44724809257823,260.17448558175846,630.2273505226085,206.0840178910133,166.58306716487232,204.9065148489947,172.59302139928673,122.99880762623006
2024-04-17,144.94029575572512,276.97370360417295,199.75623964454775,256.96864548638746,640.2145716696797,203.38456021022745,164.89396101137402,202.4521659174641,170.61378384978457,121.00634624332586
2024-04-18,146.3449086970975,279.92464914341855,201.94162478693886,259.70160066915673,645.13377427252,206.09518834823527,167.58963953603038,204.62725870888653,172.08711711809016,122.67301821046863
2024-04-19,143.72167941907833,276.31590542239854,197.09766450504665,255.81786185765267,647.2117334589649,200.95094528253856,164.55262788983305,202.6834930869138,169.13771675882842,119.79035095177815
2024-04-22,145.28101623885735,281.9545267746061,198.92741934823928,261.59819564108227,663.52373757377,204.65436742696875,167.0520897840801,206.3525717091198,172.6507081046487,122.18299483906318
2024-04-23,145.6060100646093,280.7422338112881,198.49336763928832,262.27078235888166,655.2062116135411,205.8128491511039,168.5065094651006,207.46583890493358,174.03650701154174,122.49298630564998
2024-04-24,145.5192807769636,283.0632686231121,202.18356766687847,263.2247333259986,654.6727708588871,207.90290607232015,168.97025752453715,209.0531325791471,174.49199895110596,123.95083727335401
2024-04-25,144.3891595370867,277.90165809593356,199.59702376835676,258.2818605346488,640.9120709893588,206.0902744741798,167.10069123038153,205.04256661525696,172.92570987634645,122.72254358974585
2024-04-26,145.89404757426652,279.22161825476724,202.6989480459433,259.3097474386681,654.1694761129794,207.7584496869518,167.13491006878618,207.3839786557108,174.5282630474626,123.25967194150597
2024-04-30,148.57691245822699,286.4861095803664,205.80637039409223,262.39384125370543,689.3456797455702,211.2243716158403,169.00091416172748,210.00380718751953,176.20562836152646,123.41196848723412
2024-05-01,147.88919911094297,282.38255210497346,202.92605739583897,257.8998415014857,662.1146244605425,208.79796190297446,167.79232038647572,207.94205366367433,175.2860085041739,121.41536770213426
2024-05-02,147.69742094820265,281.73085866675336,202.36322505486842,258.5766336246758,655.6611887483896,208.18430974155285,167.74138917900413,208.65711003995466,175.89615415253581,120.73768129443127
2024-05-07,148.5094449933722,279.5777407675084,205.31311779720792,259.2500270604826,668.5677311612492,208.9069307618376,168.86885473962073,209.58680417856436,177.59860381621252,123.19977994814417
2024-05-08,147.7840404599776,277.3096870073354,202.88292288185752,257.95062348136815,678.6048853304726,208.75922355887866,167.65124400107956,205.15809416271438,176.0106771039554,122.75045560497806
2024-05-09,149.29813571319067,280.02970305611456,204.4888555116481,261.14707243358595,677.5891610383336,208.23830885626512,168.37663423158577,208.25343422229398,176.6571399141571,122.93941314430788
2024-05-10,148.88900634371916,280.9008556779781,206.29287899427388,265.43750152015997,702.5205863593746,208.0108404087066,168.6597132921688,210.14889022514743,178.0184687983342,122.70239623889681
2024-05-13,149.630926337951,279.09175304538365,209.43508368336174,263.1282916442078,700.296020470114,208.89142724430334,167.03963478665628,208.81745756892184,175.57049125363952,122.62494588195511
2024-05-14,149.19074177229135,272.60842062208957,205.77764743421878,263.815606443421,712.972455763726,208.87354448539463,167.45325551377087,209.1369169004627,172.6310205543439,123.51841035162631
2024-05-15,146.88956414545007,274.27116321072026,205.3116162522433,265.0002451633507,716.4365178903292,206.5970739599823,165.39390623894025,208.09093389772553,170.23995534067038,122.64554892113821
2024-05-16,144.8684099288387,274.7116639743064,205.45299250402257,261.9747487032883,708.1948027163677,205.99152163101326,165.45152140882288,205.79410333038203,169.84357062502815,121.46825309645806
2024-05-17,145.51479420074284,275.15265866560424,205.67921467928562,265.0214350000012,715.1014658796291,207.2362482270575,167.1048356385196,206.2733041893107,170.20288611051717,121.64835209238561
2024-05-20,147.4958655883455,276.75371284593905,207.61554125522727,271.52449152956257,719.90134347422,208.1502419142632,167.05046835247256,208.12153513923084,171.55573582818894,122.47148194325031
2024-05-21,146.67383341809764,277.3084038187586,206.67123162416874,269.16807461149244,720.8081490292976,208.0895647743793,167.3633876999478,208.7958866954863,169.75120659174317,121.6846817970487
2024-05-22,144.86282718950574,274.41405806103927,204.62175095140637,266.06496875266237,712.1922485131374,207.80240913433715,166.08394034805187,209.02201807083281,167.7321050505018,120.1699648014215
2024-05-23,145.13752027317534,274.6192871115117,205.86286088554422,265.318042079574,719.8593797935379,208.11049485087594,165.5126611718455,211.13920763690754,167.19160004540964,120.35808475709662
2024-05-24,144.4353172955765,273.61691167285676,206.1203260695351,265.15865830572056,724.2236629800132,207.30861276920047,165.58808351192354,210.00442039905542,164.82880329186176,119.82478634296758
2024-05-27,144.30733716734343,277.92924246949264,207.52095831819415,267.0304726502907,743.2236882291368,209.62711146721495,166.85324274510182,214.17035064988102,163.8503163831034,119.09337829066125
2024-05-28,145.25809681713488,277.45128500887495,208.27224988645895,266.7073810684415,759.7367648464555,209.46258910535568,165.19229318578635,215.4245797504043,163.99921530197844,118.5228920855693
2024-05-29,143.90668861361877,273.9879030025504,205.3945485856211,263.98727176209616,742.6506358464397,206.28458182602952,162.8013877779828,215.49188580534354,161.26095458387897,116.54014526621972
2024-05-30,143.0058357164763,274.65558659005865,204.00566380431454,262.90410183014683,724.0453120197428,206.95804682946516,165.39204583497985,216.01368721916919,161.59569484343308,118.0924878559203
2024-05-31,145.85943525822074,278.3682966284639,207.19510656131268,268.68638445437347,728.8080375390006,210.08203850816108,168.21036285012713,219.90462291997605,166.48651506662054,120.20360521558591
2024-06-03,146.54401231196732,279.0188705926087,207.7639940438552,269.9743004454881,744.6600072534266,210.74131465912623,167.0335946311634,223.01557184579463,167.90381748954727,120.98417997086494
2024-06-04,145.9623733902922,278.3665286963045,206.3245780490468,270.1253353260584,738.1958529910065,211.7577464045529,167.78902514999146,221.9969573137704,170.34946580379403,121.61913618810279
2024-06-05,144.24713874775063,275.58123386659315,203.52185164689706,263.64661095301926,716.4812614713264,209.33105943373977,167.41828508044776,216.49381626901496,168.98874284114575,120.5992730805584
2024-06-06,144.68326843874937,274.7203435801437,203.41894241336846,262.8701544547601,733.5843882132815,208.85559463372863,166.1066799571116,218.94721546587394,167.0456694057849,119.83216760171717
2024-06-07,145.5037824018483,276.38405016565,203.76549360078027,262.9339432268587,737.4882447382888,209.1394225261004,166.35335862394683,221.8190125307665,167.77979109277516,120.9311878008575
2024-06-10,146.99354237862005,281.14069198159825,206.50522750680236,266.2068058265287,730.4857940224748,211.44713802542944,166.95327552616862,225.42040848309233,169.9225140855023,121.46555243159558
2024-06-11,146.52014065218896,279.901996317673,207.25495383686737,263.9165662864582,711.8933620060144,211.59674984377395,165.99747250615624,225.28779082008853,169.67989949555155,120.48038456465969
2024-06-12,145.67702878249514,278.88213322394733,206.9216745344809,263.837835609159,695.2787844019566,211.52118117707312,164.19595130154497,220.96727138023647,168.31059602752535,120.38057257432042
2024-06-13,144.36406867555547,273.40343953371104,203.4340588595998,258.0444976172436,684.8346544249725,209.36338604592032,162.24149872512768,212.07153323592954,167.8934503239832,120.58205088056837
2024-06-14,147.62642152069577,278.07844784985144,207.38435470712218,262.5582757034405,711.6515314202433,214.17607525234294,164.96678210756266,215.25782339391978,171.02429742232303,122.33304881938405
2024-06-17,145.50145639882436,272.7170707461563,204.71087559489308,260.5357534205614,697.5307126986631,213.24830079995988,164.2904445014794,210.43270412818558,168.95608965175828,121.74957901876033
2024-06-18,147.41508390936963,274.96710170608935,205.97825145938083,261.40875825434375,704.8648296433737,213.88722907197644,165.2841539310359,213.62265376066705,169.81896933587817,122.22058289044173
2024-06-19,147.90315144216254,277.2269915124947,206.2565759426658,263.0019447658389,697.2487498061503,214.78794711605983,165.91979458566504,211.0647154923653,172.1067128068531,122.81632483628628
2024-06-20,147.5906911795936,277.83623650966376,206.8802481370795,261.8022142275414,692.3756587322235,215.44263304701374,166.5345903661137,210.76031201054212,171.6075187697419,123.54186076079992
2024-06-21,146.96397190155145,276.6663466582475,204.9708195012847,261.05970678986074,697.6591150883588,215.2289366496087,166.38916453482267,211.26620170144727,171.3065820894723,122.67013937534603
2024-06-24,147.97164230763886,276.51167904383095,205.52600902662715,261.6372370575478,698.6010762472275,215.5968764006348,166.73973746157515,214.6071858148587,172.04865237033874,123.41004212547611
2024-06-25,149.7341223636844,279.36054097133234,206.27544306136062,264.98426907162127,704.8630056381616,218.98597464773485,168.69858836273505,220.81713663578287,174.26831972731227,124.89088410177591
2024-06-26,150.58821566842073,278.44658310861354,206.6253599823948,264.4638804348014,699.9820072175938,220.89409268781378,169.2701618041155,223.37293447265964,174.86802080888563,124.78557358392133
2024-06-27,151.11608831978552,277.56757430575294,206.92560158025896,265.2624397393132,697.4576616898141,220.60850562495276,169.81247689983988,224.4071797236323,175.4474814068163,125.61494980390651
2024-06-28,150.79947134361333,278.6529141139057,206.5968178828515,264.56469938117675,710.4938558228373,218.38042170488325,167.08123946900596,228.2224936859715,175.5220449302175,125.09490333830394
2024-07-01,150.68270877712922,280.3679865786272,207.3302252328867,265.65784292185566,735.4169259069922,217.98739679044675,165.11963660520266,230.89043663720025,175.95646424606227,125.1681046283584
2024-07-02,150.82386871084174,280.73068851084867,207.89793822709046,265.833549853212,761.3727878829275,219.01068871171967,164.78117909916102,234.5219721791436,176.9385836424367,125.86239223976756
2024-07-03,151.7525441869821,277.95067783180707,209.75884104589525,267.66246724536603,771.4400065216159,218.74294374470423,165.45495144404512,234.44208730611246,177.84577123876048,127.30974636880393
2024-07-04,152.85188084148618,279.9117932313961,210.14206911761732,269.2361778820026,781.5903021287671,219.92463100130647,164.33530955427892,234.90229063491591,178.99808570404568,127.24812721168419
2024-07-05,151.56924495402117,274.6007681355436,208.71167449724436,265.59339184082455,758.7016387735358,217.7190867604893,163.42935134570016,233.16385197341728,177.6301874281937,126.50428365708723
2024-07-08,151.98201480181373,274.5419829325034,208.6848560819453,263.3170440564488,740.5426076508816,215.7918635050286,163.1240211756036,231.19937928269735,177.347392837617,126.57868357457104
2024-07-09,154.05805417712736,274.79538484253123,211.2314346792824,263.6857667585048,733.5152821476837,217.34685257481536,163.81887017291118,232.73895683868986,176.94255885467194,127.7481266693539
2024-07-10,152.9302421318433,273.68371268184023,210.9675662649156,262.67124736734036,733.9997480413748,216.74550169632388,163.32776100064547,239.48401896303068,176.5823378512863,127.13951194400785
2024-07-11,154.39987497812916,276.47133464071993,214.57737519783873,265.48747738220595,734.7314454486577,219.21839071923193,165.35172004925144,238.85768507314262,178.7243270860309,128.3164257471842
2024-07-12,154.3794823942684,275.5678637371374,211.8160439660024,267.28349610673666,721.3573492894545,219.93212669966903,166.88256112952712,235.73816153030327,181.00749352867356,130.2966470305084
2024-07-16,154.16240344221112,273.44197470926815,212.773854967639,267.5013657340231,719.5143441276532,222.61284321571705,165.18802604844956,237.36542878617485,180.4972071626224,130.7033194246064
2024-07-17,155.86746980918028,275.112451609372,213.46009842997867,268.78726458249304,719.8227345418708,222.75724469326823,166.55678959149202,236.4391067697455,183.25868705836263,131.3622833606164
2024-07-18,153.80814082395602,273.62910454693707,209.8581299627468,265.9783081150776,714.9304637137958,220.05193821928407,167.56036232983902,234.29139361898677,182.25204608320598,130.69385860466784
2024-07-19,152.91001233520942,272.1182320222134,208.55796091816342,263.47875777219997,701.8416861606931,218.935257713682,167.01423366643996,234.88442469639486,180.82626077055016,129.444683199475
2024-07-22,150.4645159340474,266.45585914933645,205.88382389105462,257.37661461826474,680.8590594370057,215.259817311121,165.99434380144504,233.39794137684282,179.1183439781295,128.55298792933243
2024-07-23,151.09900651356142,270.30368358971947,207.88570943105947,257.6165695983495,716.5004392776289,216.21026413655088,167.88412322812084,233.06921214464603,181.313571789485,129.55761275377526
2024-07-24,148.38123419462053,266.24654184843075,204.61507253945723,252.8805880161654,693.228176756826,214.06884155567587,166.8593073513782,227.48911713227443,177.84426835285473,127.15479437636105
2024-07-25,146.58285396486025,262.5937280382038,198.75089988419882,249.11564641298253,681.8257200085291,211.94432680365313,167.1658489225978,221.34120240900518,175.60129099054495,125.11700246119875
2024-07-26,147.576413137779,263.0941218546606,198.68405704068093,249.47366805613024,678.00082022263,211.6054411619953,166.39530651435692,219.22064251437558,175.84098840575143,125.0591127753759
2024-07-29,150.94819628692724,266.7019506852056,205.753506877773,257.01271470217307,682.8716106544595,214.10247218231424,169.34116334454055,228.26086561837653,179.1642558969501,127.94558785594373
2024-07-30,150.07218519726538,267.19603150953265,204.49463254531094,257.14778946037825,691.8706357544721,212.30136269772007,168.39680655142516,227.49946948179337,177.4587953858457,128.66329656369976
2024-07-31,153.1885978028861,271.78098386903787,207.96307281004803,263.03197582070993,713.4187139046079,216.15817299641628,171.48693068418737,232.33606461748377,180.24599519306022,128.20784697081018
2024-08-01,148.42938895063392,263.0297465924539,202.74109251505686,253.74543362950556,710.685954700354,209.33981834034384,168.55179400326418,224.39097647245663,170.4195487152436,124.24973425761226
2024-08-02,139.87841982642203,248.24031864835717,190.22571588234928,241.29800810611886,668.771065391808,197.2730078259513,162.87561924204803,206.0263900093813,161.83057866299677,116.90719762478071
2024-08-05,122.56249640351984,214.99130437182353,165.11376956601407,209.81985367097292,565.4854207136291,176.25245523554355,150.79598533451127,173.5425364199387,142.23133616863586,102.90484461153471
2024-08-06,135.99139334395142,237.45361841138237,180.40083459452725,230.5451828637248,648.265012757719,189.62688403124238,162.12696821847516,192.37739426974935,158.1852938187574,113.36324039963664
2024-08-07,137.70499532274144,236.31376721301635,182.3816698638395,232.90753260474207,644.5697118181193,192.75235313284483,161.37134197523753,197.47207984871233,159.41780516833816,113.7981458472058
2024-08-08,136.6831514113481,233.2812703487015,180.12635303271728,229.18750779085454,637.0916342086277,191.75842357324373,162.996860241669,196.79475514645299,159.0197521963367,114.17487904627535
2024-08-09,139.60250798107523,236.57003605037198,184.26449974731528,234.17600696710298,638.7105311680814,194.5381830438844,164.36436256089985,198.00703293472347,161.0692669463513,116.5837198792074
2024-08-13,142.73273544298874,240.5685935399727,186.73985382570103,238.9291344804962,667.8545659499828,201.50386476912615,164.52467710167502,204.30141606690034,163.9758274530311,119.15581234969417
2024-08-14,143.5368017584132,242.94131073415298,189.6203650997126,241.2846069958324,674.8672620163793,202.16154321017123,165.15752589230303,208.32593162032182,166.50740677255794,121.23551712915032
2024-08-15,143.62368318903003,245.6247567316224,190.57055963856152,242.57114425799324,694.2432674373483,203.6694254307361,165.49815452949878,208.94074389981344,167.26683992210994,120.98660065684912
2024-08-16,146.77592807577693,251.59435190053648,195.8210634023051,248.3210921030723,704.025046659941,208.5743745965962,168.03542754146943,212.9895302188389,170.90978159972045,122.99105200145767
2024-08-19,145.08301667250493,248.33270832031826,193.62666967209995,245.78007782831318,702.0285953839223,206.0229079996998,167.1412526004775,210.40995330342463,169.45066141270922,121.13266010750057
2024-08-20,146.9549850946998,251.42794208675318,196.1238476649884,247.4744692666881,703.5238351587836,210.27251922206435,170.4160302438649,214.0371144364695,172.0057469816415,124.8018016385321
2024-08-21,145.73322309630953,250.75267804709483,194.4057637848203,247.12122910010405,703.7558599880331,209.40738895058587,170.3455804379645,212.35277463597538,171.12932146581903,124.91917255041591
2024-08-22,146.34272444976062,250.7845512157359,194.3948464183898,247.31969950703058,707.6116698080004,210.06743798243411,172.72317045028655,212.1725937241586,172.67855327022627,125.53342094152349
2024-08-23,146.63275947147633,251.4565049183458,194.76386792480378,247.71789550481594,706.749566583951,210.18650415797322,171.8860457111131,213.71528105839676,173.01827754169207,124.8374800103323
2024-08-26,145.78240293272776,248.7290878954405,191.62411909534143,247.26044514587957,697.8588208027153,209.7092807290232,174.2160000448191,213.02768061935956,174.65577015587374,126.55472764669724
2024-08-27,147.94872443970536,251.95607078806836,193.4947923083491,251.96894033631284,707.6216541898805,211.5936595937993,175.85881775692286,216.58571889863666,177.30243282449533,128.33924744291969
2024-08-28,147.47042800359677,251.4892487243607,193.18830871647444,250.26835825835838,702.8696258579139,212.80126059374433,175.48292726606851,216.65855451649074,175.81627868208122,127.8176151246908
2024-08-29,147.96744046324383,251.82421415493934,192.3456174958221,251.06765308822722,711.975146556024,213.63831206116356,175.11924374988965,217.13701097918312,175.72414861866602,127.61439276610867
2024-08-30,148.8738193568378,254.66838525358474,194.88664309127492,253.49199708217762,723.7520508159604,214.56470468818497,174.2660060705492,217.64042568324328,176.18308110838666,129.13494474051816
2024-09-02,148.4273545419518,255.47332399650946,195.0512623374008,253.154651936247,717.0186267893384,213.4156010137743,172.81097827296793,218.69832555076113,175.14084889033595,128.16129037125094
2024-09-03,148.95718602822524,255.19946859152896,195.9593423525766,253.2440698405463,707.0617877492874,215.08399293157967,174.8432650131988,222.46171584898784,176.11859376415183,130.43421675669617
2024-09-04,144.151232161488,247.45600416002733,187.38352914712854,244.74220509596395,688.5066442136332,209.28146384524854,172.977068479715,214.85431132367796,171.0931550248819,127.059623018654
2024-09-05,144.2920371800159,248.28792682366995,186.3930364529024,245.0029158403103,678.4015178760704,208.88716016645463,173.063720662322,211.36904262456616,171.85385074809477,127.76264475635561
2024-09-06,143.5307010838609,246.4689389876381,184.89389686110337,241.13694711842902,673.843281334502,207.0636658095753,172.58463511884264,210.264945246931,171.38600007183845,126.68658895385533
2024-09-09,142.20760724942645,245.51673173891447,183.8981003305578,239.95955829755752,655.6096287887098,206.61673453870807,171.98823746737563,206.59971478007512,170.65858486728376,126.63322117610872
2024-09-10,142.29724876345904,244.69806912701816,183.92952600621985,239.15343675766988,646.5145875681171,206.9886068275472,173.07689917729584,207.01806184724657,170.74217841552016,127.43016696942115
2024-09-11,139.51001875898515,239.93479641896346,180.6008632293395,234.42356642794215,629.6077454839847,202.35595893388455,168.68256388601532,202.90439685938964,166.21019793452137,125.16442723147374
2024-09-12,143.93721586065737,243.58255434196172,185.54674196708817,239.12583910760316,650.1696021174871,205.76947316943682,171.71360731781698,207.69545128798802,169.34051126206873,128.41871839748868
2024-09-13,143.05656368658288,241.73407890952538,185.19455586748387,239.3088352602913,653.9246050644524,205.3813654128266,170.59283727370612,206.0080898972941,167.14989252111238,126.58936698180312
2024-09-17,143.73072898959848,241.72672339152697,183.9539552913271,240.0206447741148,661.5846530394564,206.36311119917866,172.37623945763886,203.43432384875885,168.03099266014715,126.87624731779317
2024-09-18,144.45823736745976,243.76178357374263,185.64467405642048,242.62394110625772,668.638262511831,208.52042598421542,173.08865929459353,204.4051223907558,168.99325299156658,128.38891878647928
2024-09-19,146.94297339926968,247.05747811414636,188.66486123297145,246.46447760540866,694.8740550646231,211.197324145211,173.3113329663866,209.01562532111004,171.30351769559394,131.4032627455499
2024-09-20,148.54998145320243,249.39046118896505,192.32596069137836,248.3733297232231,697.1736861044163,212.6035666689754,173.31937927177373,209.43692828765754,172.93948434025756,132.35183035697227
2024-09-24,148.9754330132018,250.68961944163703,192.77357174856692,250.48016398078437,710.7430856540216,212.98884616701787,172.1378208755388,210.70910056285138,173.5608622007257,131.4833996517522
2024-09-25,149.36031149592444,251.7130296337399,193.95280530701825,251.37551241664312,717.4784848603261,212.8141122248918,172.62263077121625,208.19012121668413,172.9925710626565,131.58734873299812
2024-09-26,152.53379047175818,255.34700434002232,199.58270786346105,255.1590552586352,723.3231264201528,217.64233278536628,176.45732703467047,213.45496808479916,176.6386243663165,134.5469008454493
2024-09-27,154.6551093478738,257.5390826209182,202.91540643089627,258.71730364663665,738.905517423481,219.05138675553096,176.7234102714166,213.76539813738054,178.8391815745843,133.92811370270732
2024-09-30,150.62977646562197,251.1109778645951,197.48087065368208,254.31621069122383,723.0264763112535,214.08150982626384,174.80794617734995,210.0129669839983,172.9573944618411,130.41853477356534
2024-10-01,152.0047237897417,254.4968952275345,200.67376120640978,257.3052139577112,732.2279105738072,217.37693534003904,174.67026452073227,212.25346826059547,175.25763353260137,131.33520182990864
2024-10-02,150.08505153216288,252.8852899965069,197.77895466629403,257.1447231320949,728.4775853715389,214.9344258132104,171.99015975103552,207.448936638015,174.3413324077191,129.4109271988949
2024-10-03,151.60637568723251,254.6923948114429,199.604738631915,257.735856512874,749.9991934879409,217.16475938934664,173.08312094090178,210.95171688771063,176.5106113193409,131.0683891412598
2024-10-04,152.26043524707018,255.36171642843567,201.06778141150562,260.1844567032255,708.2398918498319,218.6631996933348,175.74825487210072,213.7332043181362,177.32061487653752,131.41516756289852
2024-10-07,153.6515392380239,257.7278623859136,201.9565252639345,260.67440829704753,709.1023743791794,219.7625641937889,177.17866797336418,218.52077680812818,177.64199577185138,132.44894206757544
2024-10-08,152.22950276962507,254.94756358355897,200.22177988743977,257.42966400196616,700.9051321527361,216.80828300059906,176.1894172028136,214.3751066467864,176.00149728679037,131.23298089379617
2024-10-09,151.67406584891344,253.14860632042326,200.02485136750136,256.5207754444343,701.918472134936,217.72576158890317,177.9172194459162,212.95757408483138,175.5961420406967,132.21416351548817
2024-10-10,151.5025704545227,254.67833869330207,199.83280410275273,256.29771010269275,697.8659292974752,216.1192410880764,176.57738941620565,214.48144301606135,174.39529281056738,131.0758732806274
2024-10-11,151.06980206163513,253.19798669555112,199.49012360304727,255.2925793253173,703.457744573141,215.8466527195376,176.47653868706843,214.9703581834626,174.4805125003006,131.14176814843185
2024-10-15,151.67760159699287,254.09518757011588,201.07045926455592,255.21763502078892,707.8742211237962,218.73625303815612,180.53720310002643,216.57145960623194,174.72728966666142,132.39126089099523
2024-10-16,149.84065090581265,252.26552126399974,198.15720444025362,253.59264280522956,703.6928821568066,216.84150627171132,180.4931296597055,218.42704683311763,174.61958283448672,131.21614756739683
2024-10-17,149.33957806106434,252.6016937290457,198.15342632817635,253.4345003069954,714.6178396993696,214.97281652857686,180.6885879450446,218.07542806398575,174.95560012163824,130.06924041871667
2024-10-18,149.49539084016212,251.74259855850943,198.28368662206915,252.90493247241977,719.1270178248031,215.1845058430393,179.86604781851608,216.06303240694794,174.02206815289117,130.2233132012445
2024-10-21,149.08064409306883,252.10909007662673,198.00377237929897,251.92576236093794,730.802625059365,214.83852617154642,180.64662773578416,216.19708738637362,174.5261250195704,130.70084006325692
2024-10-22,147.36444669640147,251.0198665198503,195.24077356720352,248.97469988766088,734.7065492864709,211.28049494646856,177.46751739205135,213.66740711365134,171.45433216695943,128.26705629495328
2024-10-23,146.43945559086853,249.45762520828208,193.3761540390194,246.4523563862394,720.0556058229047,208.72901724399168,175.1398488425003,211.46796265168973,171.04258556253598,127.23007664277742
2024-10-24,146.05624360135943,248.18954365309085,192.4258905865212,245.32528952565934,714.6247364541931,208.02056555016324,174.9815439050887,209.28906697163038,171.47333538549256,127.09354350050089
2024-10-25,144.98247012795917,246.20919370974147,190.19826445337907,242.28863799869248,691.4120935650772,204.9869280436304,173.43189736088667,206.4053456596265,170.06132050535857,125.97586000998274
2024-10-28,146.7490296113106,250.5168986584005,193.68486836167799,244.1682248214351,709.4249926645537,207.91664876245162,175.64727320400067,210.0393823424118,172.69386571412963,128.2460402746384
2024-10-29,147.34000675726736,252.46100820514212,194.0913328320233,244.90289199344014,710.7154134119958,207.77033105233204,175.9871502510961,214.01163878289742,174.11414882360293,129.35258705162704
2024-10-30,147.72816976192783,253.18783528360532,196.15561682147882,243.5345315541643,707.1655361686303,207.42319010887064,176.1904345980889,214.2112642276293,173.12506887006356,127.74592524855841
2024-10-31,148.84044163244164,253.9045523051378,197.2078181334938,246.16715931971655,704.2143643464411,208.28242894110636,177.21860910414918,215.5144598189001,173.99446556988062,129.07903609437324
2024-11-01,146.41256467682012,250.3279562140564,195.29823032133427,244.94312176274104,683.3096426904991,204.0207654286897,176.2764356051846,212.02187885285295,172.22837603053108,127.90796252842837
2024-11-05,148.04124257711783,252.3740678717485,195.32543715293616,247.2923872832946,688.9561995569073,204.25037311573905,175.97048506483068,212.81402759887683,172.62901924156034,128.4061044760625
2024-11-06,149.4006220733225,253.4609743312632,198.89393439971207,251.10405702963007,680.4070779555037,204.92065014734595,176.24892970697948,217.1815255921911,174.066036151626,130.05734249527572
2024-11-07,151.36513565388518,258.09031572356093,202.05742820826055,256.56265191684264,693.7189820918968,208.20884092644033,176.03783443724822,224.23494134159907,175.72634981515176,131.11122448770354
2024-11-08,149.43863040739558,256.6923911611351,197.45289159339237,253.15433999867935,692.9112476771172,206.56719604259334,176.1208148564971,223.59902264968673,175.53075158787507,131.09626671068924
2024-11-11,147.93802894741793,260.68351371239356,196.02592427530917,249.0136616794814,690.8964046037881,204.63853460298463,176.1468043909965,222.249145463196,175.07797586461123,130.765855350688
2024-11-12,147.92120467010886,265.21142961166953,194.79188147336822,249.25108824604808,689.1515425266706,204.97570858181214,176.44258823773217,223.28411203302556,177.22935832407038,130.5750262604602
2024-11-13,147.3883512894061,263.2879282375763,192.68922451000952,246.9816404233663,691.278699260146,202.28057844559157,177.4052249494581,221.85970558681908,176.54152130285544,131.12688100489513
2024-11-14,146.09646925556234,262.6163962736167,190.61441159857196,245.14726167997205,682.4057640816153,201.4112220029427,176.3922458321969,217.74433667989334,175.72429785236497,128.63549697765453
2024-11-15,145.65811414033237,264.1543426006528,191.18666213922623,245.9453155511937,691.3216555318472,201.76321708094056,176.35970355636636,220.74160370877723,175.2989364216043,127.60032440708345
2024-11-18,145.20770996161713,264.7968204874957,192.25496499955034,247.6460821503448,707.5614882484149,201.27399263773665,175.51040137309198,220.74587623303265,174.31961630177898,126.62411256934185
2024-11-19,145.67985924357788,266.8302841929743,193.68358815614707,248.93970544585318,710.680671468407,201.95706690388272,176.53775545121266,223.61542720912504,175.90545844509114,126.90375423456082
2024-11-20,145.99067929613318,266.38427576638264,192.26127385058481,247.97710723437203,705.1107468643204,200.93030117553394,175.2843098235674,222.17961476656996,176.05768018049034,126.80659179365543
2024-11-21,145.7545611712735,265.9453313760405,192.45549086148074,247.89236193421607,710.7711313701716,201.3242904515705,174.33529832612572,220.69297943197853,175.3639819267734,128.11008645552062
2024-11-22,147.820636410009,266.4833426030048,195.03642603772664,248.98148497580564,712.1646157233916,201.6324394606165,176.1140852535222,220.5198174040265,175.86458614575693,128.7854977475956
2024-11-25,148.70445534669466,264.72811071275635,194.64949527148673,247.79488748919692,711.3824207369918,201.4189689576654,175.54101790055017,222.87608076411664,175.80698837837176,128.2767229355585
2024-11-26,148.6564132364611,264.6233952339291,193.55176366151693,246.27510873653566,690.7283303873764,200.66203226499218,176.76576535636138,220.00032192909765,176.9834432516825,128.5957831894648
2024-11-27,146.50393628108495,258.8550319987488,191.70258004398855,242.56319256578786,673.2905167079103,198.4800053944759,175.44078098774574,217.57114084315984,174.98755794268834,128.14715269242512
2024-11-28,146.70782108347555,261.28213726221117,192.87677053294155,244.4836592457025,677.5827901712698,200.62370311857737,175.38021723149004,221.14418560942215,175.56875552333895,128.32081767200222
2024-11-29,146.27169736972036,259.52358221983263,192.52131947445565,244.7644612673031,671.3700983562354,199.99627571418057,176.35105044245196,223.33599776877716,175.95032877916802,128.83493436134037
2024-12-02,146.44721186408046,260.6844935890365,193.24370519842532,245.9458135690482,675.7488183519495,201.96304063231602,176.50617173714664,223.19923898992946,177.092688346422,128.33119682047675
2024-12-03,148.03252265781342,264.29088121362645,194.544325901136,247.65957395546718,693.4168536386532,203.62298685007923,177.31347146664785,224.405894425756,178.5314716888116,129.67758910728057
2024-12-04,146.5454506465653,261.67488058334624,191.9803175572345,245.10006063958554,685.244489139749,200.60655145205692,176.7170625270875,220.55071529120062,177.15978199217804,129.0036250208063
2024-12-05,148.21815541854437,263.3429966698149,192.45341633066096,244.22739978263542,677.8518625482877,200.86382233414386,177.73147037696432,219.8249284490204,178.35917544776774,129.93321137315746
2024-12-06,147.74613637684476,264.3439888824539,191.55863015462967,243.31858705678297,673.0926952142627,200.00371801358773,178.70899012655767,215.34935202865825,177.68057526106398,130.0221662644533
2024-12-09,148.54606130314698,266.16222831499965,193.59676239395068,245.96910989510334,679.5458647587809,200.09636490722983,179.44217192403318,215.0107983285288,177.66458305805202,131.5856214192476
2024-12-10,148.44585359510714,266.4682203697228,194.47936223372307,248.01207523689075,686.0903679980311,201.16595555679768,178.77193960752342,215.40411889883174,176.99298661609163,131.60076245748402
2024-12-11,148.64308851832106,265.931473947604,193.5073106126817,248.08581657102567,686.4718229558421,200.056857576,179.6258217752861,216.03715135692627,177.15630225331225,131.84248795391008
2024-12-12,149.68115001956755,267.4655972597181,195.26755677109847,248.59125163833914,689.2821139793901,200.3457493222043,179.65765885377235,215.20540890333783,177.41786010840693,131.7570133717494
2024-12-13,148.69674020033824,267.00275931416195,194.9526289134897,247.59110606627087,696.6439761818933,198.49036505407523,178.29989619060592,216.17232787799563,175.35182607391638,132.49028777586497
2024-12-16,149.18736349729906,269.37565168987805,194.3490423832381,246.89953865738258,696.8623830637798,198.25864003281936,176.1520404908823,211.42618405882808,175.23398846827484,133.27308801953146
2024-12-17,148.29133937617993,265.9695394926481,192.20328149854845,244.56053686410058,690.5575387429225,196.84770459663264,175.91279861220295,209.82594162938045,173.79420402923597,133.18183418034744
2024-12-18,147.43977391048386,266.4029707093218,192.2334994088992,243.52617272203184,683.773974514512,196.95815401734956,175.2765663338862,207.04786543413073,173.48861044965665,132.54413888970055
2024-12-19,147.20080077105703,266.39661645441765,192.36226925845855,245.28102866896955,692.4658979445593,198.19378565732106,174.9096807644612,207.15375150338514,174.81524434211465,132.6243027113494
2024-12-20,147.01329952772488,265.24149021353065,192.0791247889812,244.7710229353849,684.0667123172781,197.84957332808415,173.96827632638173,206.50134360430116,176.05440341315733,132.86346991781159
2024-12-23,148.06645376182686,268.16061415997876,192.93621017910212,246.92238383824235,684.1908500616457,199.50085573991427,175.292094291724,208.16025322837484,177.4633610922554,133.49928131096658
2024-12-24,148.05182221802403,267.7952362939251,193.14426746491998,248.99896728170208,696.2469335926685,200.09351899306603,174.31291892242388,209.1783302736809,177.43338774087755,132.3044762484946
2024-12-25,148.46283915219033,269.1641865227889,193.9056301909561,250.81290385895664,701.0821238801739,200.83552721437795,174.63554291185105,208.84343308840968,178.19985226968075,131.89048144579576
2024-12-26,149.1244668105305,272.1623139406831,195.93228410620262,253.14970161089744,707.7003463283161,203.50902111417727,175.97866827143642,209.38689150589673,179.50642255966164,131.9994307578311
2024-12-27,150.99020845029497,274.9003401344811,198.14794790907195,256.2122136822407,710.7015167996985,205.70041273989452,178.18898848159637,212.20517723109876,181.04996518048466,133.97059404575796
2024-12-30,150.56560218272716,275.7788933880655,198.48304372853792,257.40816190178697,721.3837025035855,206.16812587912258,177.1008565578447,208.98237251818972,181.163427156672,133.7963714193989
2025-01-06,149.15388490068082,272.29093162560616,197.65418625198583,258.3996196797639,731.8280590856223,205.1357764168983,176.47898127210863,208.57346169280376,179.65294696214607,131.5533854773839
2025-01-07,149.50166288388806,270.78589242472043,198.0995178453022,257.263349506814,718.4508747431063,206.00231972007415,175.45756169835283,211.16945480514576,179.64066219770874,132.37866471382657
2025-01-08,148.90745706869882,270.6020065935111,196.4869050879836,256.87000270711724,727.2104363156731,204.63123237668285,172.83984124663863,209.57445476269606,177.6594554437727,130.75587585358593
2025-01-09,147.4307900541325,266.90926908668973,194.06612665065614,253.77417395090075,699.242692500123,202.12046951144114,172.18842752732195,207.20091001047015,176.95186540025978,130.0247620276249
2025-01-10,146.52605199198757,264.73254981778325,192.66462178472182,253.2414507479649,688.7881556754294,201.33855874200952,172.1188229731893,205.3086464108642,176.3417590132586,129.81706252397538
2025-01-14,144.84504163515598,264.2664970464067,189.2850733715032,251.6780152143934,681.9686845317489,198.67872668389242,169.88244486639636,206.88061618473847,175.26157670231964,127.52600808057943
2025-01-15,145.55357515673828,264.21971822981783,189.22178821614148,252.410560956427,683.8474483481359,200.02537274574922,170.26539712539676,211.22035044642803,174.79413284638593,127.58876808219716
2025-01-16,145.07318643973557,262.88669004881973,189.51978049575672,250.8031702417981,668.0571300866782,199.71215892244442,171.91355302742213,213.2583758191089,175.12675043432716,126.73915741833008
2025-01-17,144.53381858721517,262.0483677892781,190.84136552056873,252.47333225128767,665.3517881140523,199.4602716431581,171.05581707339184,211.42947850547688,174.7197258889004,126.45018150348011
2025-01-20,146.25524381983195,266.494612365118,195.0591587360973,254.72111069230223,664.7411025067506,200.8729839486107,171.36814272451426,213.0564744272919,176.88880320484435,127.45819810510936
2025-01-21,146.09503464154986,266.4503605275539,195.3229587175187,254.8145755720286,668.1953677050597,201.59671748872307,172.51609762307572,211.758565224,177.51851873903607,127.24138854534526
2025-01-22,146.68378729356112,268.857735548919,196.6670585928924,255.47682612236423,661.5726409542904,202.4414195953518,172.10953895855488,209.23441507061736,177.1219100086351,128.2127710036955
2025-01-23,146.6813258990923,268.69415264676104,197.07021008156607,254.82043246220235,663.1944773035478,202.88749709164279,171.40253916630678,209.92404300116795,177.6654870529278,127.82689442707249
2025-01-24,147.5887324200626,268.8984258080145,196.61826306345617,255.90759895999136,669.5601694196253,204.0249715440371,172.03518519748584,212.20555954753056,178.3956707875904,129.45551064270657
2025-01-27,147.94945431951953,271.0718784265404,196.84286505474137,259.5225683064425,671.770772193047,205.2938266733447,172.87693942629778,212.9545805351245,179.7565285755917,130.23378031917125
2025-01-28,146.55818604535915,270.70446036396834,194.3131351560157,258.7556914523262,671.5095830076222,205.95362651637754,174.70850155350325,214.46218013867085,181.8572750894233,131.79088544574674
2025-01-29,147.0945713291336,272.1912650342324,194.67946553064948,260.72338485676215,669.9303163320686,206.85717879562816,174.6559835842828,214.59479434367984,182.54004971283135,132.18025696271124
2025-01-30,147.13835750315314,276.1282407657027,195.29282436166991,264.29764358606894,676.3123102314239,206.7825997808667,176.33072095928216,215.88121172903385,183.26613661958598,132.88993482795033
2025-01-31,146.61432502012204,275.7133480038001,195.88755186332094,264.3209426482324,676.3342493296451,205.8799365660172,175.9100156143653,215.12446107019548,181.4528954205924,131.38013316246307
2025-02-03,143.4315596543225,268.2746769075222,190.95308329260112,260.11303690169314,668.0278795991159,201.5901611587092,173.27591363815452,211.7133302633485,179.2053498734584,127.72285423471035
2025-02-04,143.67128290328785,270.0356510489169,191.63691357266725,261.092566470162,668.1084874097518,201.46272070135578,172.37780670321797,213.06589396633396,178.8705950352941,128.1562998749926
2025-02-05,143.66894085643608,270.1915237896867,191.02690317502436,264.0541653419405,682.1262539342218,202.45223432897293,172.63391155220125,214.3324781170699,179.37213988967403,129.52199603880118
2025-02-06,145.36561369937283,272.1728132374002,193.9781057055405,266.18474440070526,684.1373855454856,204.2602416948272,175.05190265034315,214.34359541242296,180.3824496790521,129.83895162847503
2025-02-07,145.85877052322886,273.28070466182606,192.29746930128033,267.26906887324526,691.0770952527037,204.7662392547756,172.60476640097534,214.55802829874898,181.26993079020687,130.25256633184077
2025-02-10,146.9242460218072,268.2864523849258,192.35579612077856,267.36960519225613,696.0935422476526,203.03537485420384,172.73449304809208,214.82776274960383,180.4479863128034,131.28862108233022
2025-02-12,145.46654138933866,268.19159420066126,195.89374723024963,267.5587449838532,704.2714509163357,204.6911442977309,173.31846025285995,214.1504507081064,181.6501348558511,132.5392263071203
2025-02-13,147.87191683219814,271.0269494645939,198.24136112568365,268.7900780929688,709.268104884896,205.30786503153462,174.40095537004896,216.14947743119814,183.88352308080948,134.79486683743124
2025-02-14,146.43262558302717,268.2923270764401,196.26243858303297,268.20562103716304,706.4763339667323,203.0500115420562,172.98506488461035,214.38279400015182,184.05863201636282,134.28854097527747
2025-02-17,145.82920510411017,271.0475047122594,194.58440496087385,269.04510887962925,699.3005262481921,202.58912922327102,171.61936112520596,214.92504667391339,183.8208684334782,133.39691543570572
2025-02-18,146.80410522400382,271.60968178641895,195.25520015653925,270.0018260075322,699.504613219858,203.60097007421638,171.51998072763814,215.4327499160089,182.63000748376498,133.1699358031546
2025-02-19,145.8899514847894,268.50927006798116,196.39983869147846,269.62730993352403,700.13049645695,202.1268082599011,170.18506402666802,213.45468001964355,182.21825577991467,133.97027784438504
2025-02-20,144.0192244143959,262.9133265262881,195.91536693648465,267.9380964826112,696.5941374517643,200.1816184058454,170.21797915829166,211.18298896952678,179.87156456400834,132.36936741040878
2025-02-21,143.93109247413622,263.78895801835756,195.16303713039395,265.727330419159,688.8922777167247,199.62394184620246,169.82711893218183,211.53841606543043,179.3782923400446,131.98512333932226
2025-02-25,143.60941021995092,265.505715594855,193.3792468160888,266.2963968749812,693.6035866741802,200.20426595822767,169.25989615074204,211.42024033789374,179.45841255664646,132.0018282124607
2025-02-26,143.2155741034168,263.5848133808792,193.46419758959644,266.9374204100473,697.3863709607873,199.5358629946632,169.13775961609542,210.83987892515145,180.55178410816072,131.49414494581447
2025-02-27,144.87888616933546,266.0698312649124,195.00715857228562,268.58115476541485,705.2061186809634,201.56504557362297,169.9870905339074,214.50465173275077,181.6818780637976,131.83700264582413
2025-02-28,143.2299974101441,263.9466327078644,191.5228275250945,271.43176186078574,698.0173674015323,198.78288004671924,168.567938351715,212.79066460066903,181.51816675876512,130.24733427110826
2025-03-03,144.68789984198523,267.826547617929,193.74454167488952,275.38886413645713,704.0578491175447,201.43053614679425,170.6509102245699,212.5150335395053,185.22087231009698,132.33462977776028
2025-03-04,143.74408343267942,266.0958293435296,193.04359254182936,274.28525465906944,704.8768116089899,201.26578487319603,170.22899731695787,209.0274355890584,184.33900525493613,132.0908792318154
2025-03-05,144.65577978138668,268.4774233026049,193.6408597121874,275.1962472544953,708.6184471610737,203.1669413731344,172.16954825527725,203.73959212814853,183.67463597844198,131.78435324325133
2025-03-06,147.32236684140602,270.99242594121296,197.70730442771455,279.9319506238377,711.3365537115286,204.94244846178793,174.15327864359844,204.2282780722085,183.97148070649934,133.20657483224352
2025-03-07,147.76937554837644,272.8653785499653,197.6596736403676,280.72951746122857,707.9994744564497,204.39153892768266,172.41891564874635,201.22737249573984,182.3469002154024,131.68995703566162
2025-03-10,146.99683805485282,274.68601015266785,197.32127229606894,277.8839141619946,705.0184941691349,205.49852568259328,172.38688491523908,199.46999590998482,183.67731064819705,131.57197373426953
2025-03-11,145.60473623144782,273.85482984862244,196.391226285579,275.68950273490714,704.2349393345609,203.2278326223167,170.6515800310091,197.02036243841664,181.32981353344547,129.96105958127475
2025-03-12,147.1511969202271,276.19480975193045,198.4339171765707,277.9473738456598,698.7433754114312,204.4766956464344,173.73821139326188,200.42285450870475,181.92308286540734,130.47079444904796
2025-03-13,147.1677397587777,275.7683760197016,198.49131733863692,278.1322230277446,707.2178062829977,204.92903220108693,174.058546226137,202.56235592007494,181.78041318519556,130.08449643158016
2025-03-14,147.53885929500328,274.9232671338281,198.8415919544823,278.25786114240776,704.4114090791045,205.48983163409508,174.77228953075215,205.21859322139804,181.9401242228303,130.67249169775937
2025-03-17,149.19316037602343,277.2913995309768,200.36883665272703,280.63381039033766,704.097043451877,206.57680467002825,174.75790350699438,206.71097951684675,184.9698826659455,131.24298893084932
2025-03-18,150.2358552133192,279.5192829023367,201.95700050282906,282.6673216180587,708.5728469239018,208.74114612816066,175.77952928209214,211.35786052403924,186.39957045729125,132.11859080100274
2025-03-19,151.43717377120788,281.56684017594455,202.10027221962807,286.23089780288285,709.5381395370404,209.37780599094134,175.2663513005759,211.52189160655857,187.5463205151885,132.90653654900026
2025-03-21,150.90334974523222,281.63326468211915,202.43294982022624,284.6651605007378,704.1919111761991,209.332021154121,175.82419800141014,210.57843563161623,187.78905450435408,132.14538486099846
2025-03-24,149.96235376850012,280.21501508607867,200.7797434357823,282.0742087969849,704.1214834355684,208.37356998594657,175.89976675829243,209.84139450217089,188.43097038528364,132.16643202595398
2025-03-25,150.75443049219362,280.3399163040238,202.03487058286015,282.04796359622264,706.2662469792662,209.10569482314517,177.14999125911228,210.52289371648794,190.6809611290542,132.10125520658914
2025-03-26,151.48345152262982,282.99418645522553,202.44839584346357,282.8963402686342,710.2912595401733,210.5930742411179,177.58958591138773,213.53993034417806,191.91682493219605,133.31244167621134
2025-03-27,152.44562940788268,283.56273106406326,201.8940183880411,282.2732059137138,707.8629580413493,211.95560067783697,178.3961414688194,216.74024603818455,192.83349721760302,133.73307781286763
2025-03-28,150.84657687433153,280.7550714090609,200.08990301445002,280.3176127360062,701.9430627129057,210.9230074387449,178.3523362295305,215.97268040555014,192.87729344946234,133.01493347945376
2025-03-31,146.2684033009244,272.9610363876942,193.86081915205338,271.7991072691803,686.3520546648168,206.15907952750874,174.78629925639072,208.2367165909299,188.3387592646892,129.96907645219574
2025-04-01,146.37962966246263,272.16605459331697,192.70212914682747,272.40293027762164,686.8430902040632,206.03243220008812,173.0509097564254,206.58750776662168,190.1832224651609,129.17565319135548
2025-04-02,145.20867529651696,270.0643583017928,192.12383761994238,270.0763750495445,684.0225716508693,204.4790390356149,172.9521306425665,206.48035651115165,188.125678053473,128.47100676994378
2025-04-03,140.94043081471108,256.2324877681143,187.10177107566665,263.63439496118525,641.5031514219191,201.33112827896832,173.48498223118906,199.35975110517597,185.21267817914855,125.86997598558372
2025-04-04,133.86093952620004,241.05399067261865,178.99346865196614,251.85471939533736,624.3844967662002,193.57319592375524,170.03126277634803,188.68176134420528,182.62886475205215,121.63911259879889
2025-04-07,122.91336456487159,225.72356218296744,163.9353984073151,232.97426244149912,585.6263445611715,180.21035837947542,161.16903185927475,168.8780194881039,171.31528411512625,112.57574598382602
2025-04-08,131.02911710227787,237.96142852641452,174.22724743375875,249.07020956625013,622.3553189209208,191.23828395772838,168.82931843945693,189.1738856454884,182.96500662519855,120.1657680017945
2025-04-09,125.72718678510115,230.47538839559198,167.7477918656066,243.15583692593088,604.4049677539086,186.85293332923166,167.35317746675426,179.8573160768572,180.3749907676591,117.33204451429573
2025-04-10,134.6368022795311,247.23290092667202,180.48784083174553,257.0400500641579,644.0098697542621,198.31728408703358,174.69418547098292,193.3096376276081,189.92165122735705,122.94678392745155
2025-04-11,132.18875104827083,242.71561521228756,178.50778187621148,256.13390013339955,641.8311853819257,197.82382259079364,174.65950983399796,188.01970543832195,190.39828635397598,123.99177580302813
2025-04-14,133.97665364090236,244.72702437342332,181.33217190158712,259.31333803941664,639.7320706906764,201.73445297595984,179.078352538557,189.90600801333142,192.51451656868474,124.65718375056855
2025-04-15,133.19510363454071,247.9821624975056,181.9080231530593,259.38691910983243,639.067755549117,203.98825952587615,178.93419210151217,189.429635786499,192.46714167838905,125.32517264704775
2025-04-16,131.42321393900255,248.19936937144033,180.00799576162382,258.3979326058689,621.7978134107988,204.1762297277939,179.9286865659962,189.3159677926173,192.91433621917363,124.9124856262195
2025-04-17,133.13242891821525,249.84143077946942,181.7263060799655,260.8387553541483,627.8042722798783,205.26146530237259,178.67272585752025,193.008541456897,194.3721907719541,126.22169667966511
2025-04-18,135.28775182299339,254.91977597861495,183.26511734815952,265.558831377094,648.8727106446197,209.19688623194182,182.37790696366437,196.4256699742814,197.76979301425567,129.0016509811881
2025-04-21,133.29249386850785,253.19068092560002,182.0906568982602,262.5350538289988,643.0920855787184,208.4030413734271,183.96387065998633,196.24378808928614,197.54057467539462,128.96107127197618
2025-04-22,134.05390730016393,256.1100433885338,183.03674860700008,264.0390560424774,649.9552783256956,209.96966271602986,185.1114555462255,196.7318215193055,198.54116598488943,129.23514695589077
2025-04-23,135.3650787528708,260.9430863386201,186.1109933483155,265.6584045159329,660.2005224358751,212.70369662173925,185.65447474219152,200.86019859833848,199.77687777589048,130.01093431629883
2025-04-24,136.174141256154,259.45943553555185,187.29224267443482,266.3057844482954,669.7794867014816,210.22057271785388,182.1939792140123,203.89704469165846,196.85994335338611,129.71909553790627
2025-04-25,137.21455241132142,261.09991368665845,190.1930516460133,268.52730346067955,683.0655617283528,211.79060745567338,181.45633460183726,205.40914951232074,197.20283308964093,130.37119877055173
2025-04-28,137.50921135356845,261.69867504365317,191.2352697032969,269.63805193712807,691.4050812831368,213.0965068758736,183.33931655829088,207.76353713044796,198.3385437859238,130.90392606127065
2025-04-30,138.7299673409007,262.23375037168984,192.06183160323846,269.2867976697732,659.8756792210228,212.917380636497,183.352493029778,209.40007582985794,198.86104546647135,132.915809413395
2025-05-01,138.24020970493862,262.2023364401009,194.51284367216408,266.85665466706195,651.305957632448,211.9412165123752,182.4593355963702,209.7912495460271,197.71985600383505,132.95137229672926
2025-05-02,139.2164831136105,263.23032993291025,194.35877399570757,266.9477374681042,655.2862658494288,211.1580546732975,181.93924560725685,207.610398302021,197.27310798954738,133.73439878673258
2025-05-07,139.13956037655078,263.4940845850486,194.11333519491572,268.5673883046407,651.0408685431289,211.99076098670463,184.41928790140213,211.3737854576075,199.44074311021063,133.68234412575438
2025-05-08,139.42424167052275,263.9565597491635,194.8862046299475,264.3951055714178,660.330159577232,211.9978268740231,185.25576081960116,209.33349275053922,199.16996203987605,133.518711975336
2025-05-09,140.89677096041217,267.3191932116336,196.4150655337732,263.20010915066376,652.9928969122358,213.8047856967793,188.48255327164352,213.25209639727976,201.42561022812066,135.10701919137395
2025-05-12,142.31811502772038,270.0957608649573,197.3008263089185,267.3063039651363,662.5417575483083,215.95074424341826,184.51700518795363,216.39811417476844,203.03538391134234,135.25011186683312
2025-05-13,143.52380327000677,272.5323531302092,198.12193385403464,267.25079525541645,686.4449643808838,215.67026466485197,182.85146047814246,216.2510869383781,202.0975264214437,135.0734535626404
2025-05-14,141.3620838114048,269.22866711905215,197.06581088891215,267.1504088557466,686.9010528309348,215.17951061239296,182.68914540106078,217.05173407262822,198.72425930303248,134.2753718261365
2025-05-15,141.76073233679847,271.8977058254648,194.984321115222,264.1636005563978,694.767918087511,213.32705339309595,182.792249613852,214.62102171395068,197.2314973944255,136.35168649282247
2025-05-16,141.00740814999392,272.6447034408518,194.2142489671756,263.41764306835,707.224725235708,214.21343017035977,184.0699802003246,218.28206613409517,196.70589689444768,137.41533759263723
2025-05-19,141.6888778128647,272.79278009116956,194.2998925065839,262.2760479388868,690.7454589472637,214.13892604524185,184.69630544031284,217.21136082852516,199.28802055141273,137.32627670883178
2025-05-20,141.7142943469609,270.8191981163899,192.82018858058382,260.2057168223294,684.5164696366733,210.6778842820943,181.9646289580346,216.3202013697862,196.69217670671608,136.8231171747543
2025-05-21,141.83869233425375,271.876188491416,191.68725906513174,261.5869212318579,684.7636479976239,210.43126096574332,181.36068097953233,212.6442337741393,195.94471558085834,136.437275222997
2025-05-22,141.0258823208715,269.76379731161813,190.02103847038177,258.6048605335367,689.6764595128535,210.11403359200193,180.46811561522188,211.8841655959489,194.53295549631545,136.44919129183884
2025-05-23,142.4046017618369,271.15148626029185,190.81136415000256,259.46406033295057,689.7935690971378,211.32175969224818,181.06351149979275,213.02474349281852,196.23516298149218,135.94549635595408
2025-05-26,142.56767031143224,270.9057160886546,193.17134803208288,262.1647605364952,688.7336176443608,213.06903886169604,181.9801844453401,215.25602495812578,197.18745715995752,137.55824107544046
2025-05-27,143.9684468637,272.9795878378316,194.52644617242467,262.4690496265106,692.3327432081544,214.35054596321402,182.87240774958912,217.32706296421895,198.4095460573052,138.85053722072297
2025-05-28,144.4733333436892,273.4064854413034,195.18655466886221,261.83526228296626,694.8049036957,214.77343734434547,182.90153694947767,218.8308938657304,199.23806307811734,138.73254719624143
2025-05-29,146.31640603098535,276.9695438767365,199.94567362435527,264.2898296298001,693.6186333234025,216.0248616573453,183.16506086610528,221.2898126037375,199.51479692070131,140.27420963440832
2025-05-30,147.145660794049,277.66932116113014,201.5487734708675,264.8243747226806,699.0005159007233,218.07506029188087,182.49775042130375,222.37743628037734,200.93979285645932,141.14922773997975
2025-06-02,146.29090098283098,273.8477674632553,200.30602661347118,264.03764176302514,687.2861533241515,217.02637962001492,181.1394998995838,224.61997757735966,202.16670165366054,142.42389434099167
2025-06-03,145.753078596118,273.84484968274916,198.9777487932367,264.46352701554787,693.0109051936995,215.7950325355908,180.89512656106547,223.94150589244734,200.22433705152918,143.1356046425933
2025-06-04,145.62156979663158,272.7445007897737,199.5770899031793,266.2708846138964,694.0669402338376,217.42835239931097,181.90623565272273,226.25921270166918,198.9485213031196,143.3658248714695
2025-06-05,144.7981780864025,271.1057009841053,198.20032509441052,264.79626510596654,673.8186757713352,217.6846653416911,182.45278061863135,223.8284943234271,197.97436835055478,143.3204329618851
2025-06-06,145.5273808921488,271.8727899276467,197.42183024553094,269.1405192005511,677.1716906255882,218.40911486776628,182.16280565569352,225.43248094588253,198.82109165491696,142.7029856539447
2025-06-09,145.14848233646293,271.1216726806839,198.3362913380735,267.6540528744307,671.1761077410629,218.89189070784818,181.44882826093064,227.37262977361823,199.23936516335468,142.94338775118786
2025-06-10,145.16105328523508,270.5460715043428,199.90989285244805,267.3718706648707,678.2458831961301,218.4079674470181,180.75804940331955,226.0821201217201,199.9656713890659,143.00578409953823
2025-06-11,146.81601851069024,271.71485799612805,201.508962771681,269.4274521222095,684.9426848161037,220.1456710133194,181.9305780683598,224.97980625472778,201.07034554597107,144.44619252350458
2025-06-12,146.4908100140353,271.3399930561999,200.1183829024046,267.86073995952944,685.3019817367133,220.4637115113362,181.069514132217,225.37572264810672,200.2013771288088,144.49629260821376
2025-06-13,144.9541149078778,267.68817531445256,197.808121707348,264.48699214555717,693.1663368680961,218.80298813703808,179.23711891069667,222.20017856360408,198.8668928365151,142.32031002574516
2025-06-16,145.1151717008963,268.1586064052281,198.84682684301043,265.92052294506743,702.0670481827308,220.55592315028966,179.21236039581476,224.63209059482548,198.68791869801422,144.6355896911146
2025-06-17,146.22546046150765,270.09012039808374,201.24707851226486,264.9059137633246,691.3994254073648,220.8796837338628,179.4168455676348,224.63576193627546,199.37557921552107,145.48081372962258
2025-06-18,146.97634008690886,271.1273671710575,202.09271120545077,265.7004071486046,688.3797948786189,221.411743284264,180.37457304730665,228.23212362432906,200.73055449319628,146.18683239324957
2025-06-19,146.50926921437525,270.7012675147712,200.98625219630972,265.18397559993304,680.8611792455033,220.72096935477538,181.36594211418054,226.90364384406067,202.2131001102411,146.138629807327
2025-06-20,146.84069314356344,269.41334838084157,199.7603213914764,262.84154387600444,680.751399866319,219.56027401191713,180.4917722273542,223.74806509260821,200.04565059959765,144.81353984360712
2025-06-23,145.63000223821606,268.6865145389093,198.84223684785275,260.025844318347,690.4303997966828,218.58024757557493,181.8752806035574,222.08778262377234,199.44550801052426,145.22157351022884
2025-06-24,146.2821312941306,270.4894608338864,200.30826177895946,260.6004930034758,680.3709685133131,219.15172082135953,181.7223359885167,221.45801250509072,199.68490061154574,146.40937927721097
2025-06-25,147.34203829974618,271.0624172642338,201.3045205853655,260.4706446801068,678.0919290082721,218.88369220111503,181.3379765358682,224.29429218502023,199.4140084018766,145.76572698546286
2025-06-26,149.01993480778683,273.3843228715072,204.79254151837458,263.79090728560385,684.7209277000458,220.13370977591964,182.6332815765771,226.0080638768752,199.46205873574633,145.61287462766572
2025-06-27,150.20081766205388,279.40152375727183,207.82270894812817,266.98735027743936,688.9747291566953,220.18520889910894,182.703467272076,229.59926012642217,199.70440236690337,146.3079702802873
2025-06-30,150.26459082860612,278.99830266850904,207.42671041955307,267.32884115008363,686.426573240696,220.87921150334176,182.7331145572703,229.01753343654426,200.88570704416946,147.0612182906189
2025-07-01,149.71449149403,278.2962943041839,205.7594773861014,265.0714640940782,680.1709304426017,219.36937035958093,181.45952188445443,226.94425447389546,199.42800597969443,144.93240785920813
2025-07-02,150.1860451336177,279.93956050690883,205.32986430293425,266.5739716325966,684.6452913001734,219.60545062940975,182.1124735291451,225.14316068468906,201.46390397161036,143.72241394215777
2025-07-03,151.77906994404302,281.58303438886645,207.3227505535177,273.1918601502147,691.6870645034398,219.71603573122712,180.0250445008004,219.81268936791042,201.39830988996601,143.62075847977698
2025-07-04,151.84243911850302,281.6733424373647,207.43162873018562,272.36422712751033,681.7841113998934,219.22744260253802,179.90517360468223,218.93515521690955,200.6361215504977,144.01377299182008
2025-07-07,150.40160790455283,277.5466487399686,206.7193402232623,268.06683429925965,671.157485321527,219.76698039425048,181.222638033593,216.38348252239646,200.2829874541193,145.07320913296618
2025-07-08,151.6555581553299,279.0847085403979,209.43229761566027,271.08162548234566,680.2908853578596,220.511097055165,181.91109837590258,215.71340764618162,200.52740257173144,146.17154611250015
2025-07-09,153.57575912397704,282.0856775261756,211.72979631251664,274.7663161144763,688.9084662444291,222.56547832376694,184.28692589638854,217.1855101217887,203.11853573753726,147.25281345530053
2025-07-10,153.66804268690277,279.9896000458926,211.6345979345657,274.23558675279423,679.0489825383635,224.0551326531463,184.34518366109234,216.6155688100201,203.3340209498156,148.14225948236177
2025-07-11,154.7600444737216,282.69120954916883,213.1591942139448,278.51456175647553,691.0820656179076,225.973465422743,185.99877047775934,217.87852211889648,204.0331017557468,148.59927656846784
2025-07-14,155.4707448066549,283.7687087408459,213.79168073970737,279.6973411600878,695.8667344492976,226.71782723005367,184.76285538351266,218.25038417880825,205.310376140367,149.32303020614046
2025-07-15,154.96340641627347,283.15069175862357,213.7873577737202,278.02290239606526,689.7071697115371,226.8882166891588,183.83644794082375,219.915204081724,203.6770816786319,148.90820054509862
2025-07-16,154.0039081509909,282.9320436788888,212.23400306016828,276.24929414228234,685.2041035253692,226.06252746941706,183.8573844440699,216.72366537445328,200.2828188874359,148.11833581167676
2025-07-17,154.67840072636915,284.4284596401441,213.11197257647353,274.47974246373485,687.8415062038404,227.52574312941624,184.59242311233461,217.28330991948704,202.37911328176676,148.99158155231063
2025-07-18,154.4289006851493,284.5038142874201,213.74678122686163,272.14933848757346,688.8234790025786,225.8715696880889,184.07431200250048,224.5594462592777,199.96048409434584,147.56189042085953
2025-07-22,155.46599641610624,285.17712619921383,214.52932628150805,276.86886297108015,689.0090256690399,225.17814026175128,185.22494256222987,222.4473432715306,199.7025916647713,147.74957293353924
2025-07-23,158.11096700057922,292.814917088619,218.84163420670853,282.5385084485385,706.0321458749078,227.49865063412625,186.28512905926112,227.5168327091889,202.31261676778126,149.20006052273294
2025-07-24,159.83439103888756,297.42682244665104,220.118859019798,287.17360630253756,713.6543172646006,229.7988211386249,187.47151382314024,230.6207832975177,204.4579691593134,150.7987710135278
2025-07-25,159.6180270363105,295.77156846412385,218.3664267857639,283.88119407753186,718.4390570487885,229.862887892624,187.6270329385278,229.76053474996593,205.58300729329005,151.11317237869633
2025-07-28,159.78725033527053,295.73726611919386,219.72637564003824,283.6585370143704,712.9561008913298,229.14849614245347,186.91292279183824,228.09078491237184,204.99212301029849,151.1136752898386
2025-07-29,158.43178561575192,293.96133453833,218.07179050005848,285.2464497114442,707.819414047258,228.06118368034564,187.2635561616294,228.56254005629023,205.03100579579834,151.0067166316078
2025-07-30,158.61371337804925,294.50277261842143,218.98972080241913,286.9492847976562,714.9585593310529,229.31422956506728,188.18497029187017,230.2949361683831,207.3125505720533,151.2487501312193
2025-07-31,159.46862581771592,296.17156305233493,223.16853250113334,285.5060768281034,717.9022257390654,231.6581572937745,189.9980203884076,234.45470098869166,208.83963956670527,153.0084666160441
2025-08-01,159.91462396261764,300.12715211755005,223.2424887472487,287.0514397810793,718.138744490833,234.07781240579487,193.2430152802727,237.82087456342808,212.51403984457093,154.932179930854
2025-08-04,159.45827724588213,296.8853499880152,221.14447201461647,285.3228580795149,709.2499859607537,233.3179926798713,193.86606167945172,234.442335510859,213.60771780492453,154.20420943614374
2025-08-05,160.62278283468018,298.5292451555068,223.70720204770484,287.8316328172692,705.3838741066426,234.84324764124418,193.16816264544846,239.03007434500944,215.16391544023267,154.4832495588136
2025-08-06,162.03920930836694,302.1218133656407,226.54107632055025,290.99876464919225,715.4149062702606,237.51181353499535,195.10804942957228,242.22223483215552,217.95969117515068,156.1606997604438
2025-08-07,163.43262067835576,299.78537493520633,227.24951860114427,293.12101336089876,716.067670855076,238.4875409407524,196.41080444773564,243.57460077057988,219.235371610633,157.43001568088596
2025-08-08,163.67513246803247,305.48374801115153,227.09643482979263,295.32625446438226,725.0506568442931,240.59965995689873,197.70332292162144,242.4955150478957,222.1163026167022,158.0219972314677
2025-08-12,163.14124233631097,313.3509149830144,227.84928916748734,297.05291308203516,726.1932601910711,240.22346937303868,198.15193429336819,242.9602709602773,221.09161620090055,157.59405138675538
2025-08-13,163.8101278224317,316.2619656918952,230.9990403411314,297.6560568330487,728.1761689945236,240.75775104263383,197.90934601367243,246.08443648035973,220.41308061120728,158.4622758294243
2025-08-14,163.01556071015727,313.524542377514,227.8710352792516,295.3299939010965,724.6292420499818,238.48692205577592,196.47277481746164,250.7020732634592,219.59208798974709,159.05778624221594
2025-08-15,163.88993830105179,314.75850076989605,229.54306409355604,296.8349128603317,730.0036647199097,237.97336650190942,195.66286316330974,253.5287353090026,222.823181842761,158.511964932847
2025-08-18,165.77823376632062,316.2354807956855,229.74380122406384,298.06245422761043,725.4666574708887,239.29770398422247,197.12832972976793,256.6800674678284,225.51750854948384,161.2308571125888
2025-08-19,167.16045198985444,318.83562284344123,229.87131465291307,299.95349549676934,748.1226688903184,240.91054122283805,198.0029501827405,257.25784248059875,228.8874416821079,162.25824830245386
2025-08-20,167.0183587638192,319.83121028962756,227.0419186730814,300.8360314511004,752.6104716326419,240.080635277414,198.39649725183418,256.4250689790245,228.78308853942752,162.15290917147382
2025-08-21,169.6762514465297,319.98172626294456,226.89055534072233,303.4764687761261,753.3811611458189,239.58683052436967,198.5202089225704,254.91936393917598,227.2822945734545,162.02097089443143
2025-08-22,169.67438765471778,321.4907638367553,227.49459776615862,302.9299927677098,751.5908708642315,240.66666644865134,197.92521903188842,258.96989902933444,227.29668547469305,161.20233375873204
2025-08-25,170.19359461667943,322.0458972614782,229.645294181415,307.7434740674996,762.4943693160741,241.1401443136958,197.56247939961875,256.7238877615437,228.92155785191107,161.0870837393572
2025-08-26,169.47599093681657,320.30687749134603,228.87353614465553,306.04416041179496,760.4577184300547,238.76010085997885,196.7675185173639,253.6769532947569,228.1693961357836,160.07828375213552
2025-08-27,169.7743014639614,320.5852983066845,228.08324785640716,306.8946616398564,765.3549716222184,238.37017178351184,196.3615918455043,251.2633103470189,228.48926811890053,161.17943826990864
2025-08-28,170.21387036359806,323.0068245445656,229.81551300491557,308.67274528869996,761.6001064328218,239.00956545227672,195.75629931064535,255.96119105193185,229.0306085829332,161.00800720755097
2025-08-29,169.7651142767947,322.79831830098937,228.9376873274922,309.66774306036456,765.413184703889,238.51673519992954,194.2018155051168,252.49083393471034,228.27670259677907,160.0383294993139
2025-09-01,170.34509818756763,323.1854114859338,230.09970356964234,309.868365218167,767.5707131614081,239.40001198984254,194.79391869262216,252.70587084175244,227.86860088761824,160.55580672306795
2025-09-02,170.92405914343806,325.8516579731661,233.85964345724983,313.54589765337386,782.6389133967781,239.81059644389643,194.78599032638388,255.9024777157659,229.0883515447348,161.03756041103205
2025-09-03,170.2780667532842,328.20469516609455,234.62656818293075,313.338999996378,767.4646554252041,239.8750051015552,198.02277653003588,249.56056385370528,229.4265363293291,160.9127545630801
2025-09-04,170.2432677822953,327.6106544609337,239.7595079343865,316.2353541238885,780.335870139525,241.84708767528232,200.57696002685924,250.62130915921568,230.64111585137687,161.80595384882957
2025-09-05,172.37275937500368,330.38139804179286,242.5468715754381,319.80849805177724,790.7436095775455,243.71757355369965,201.17915513133707,250.64367792402953,232.13082101071797,161.62854152028615
2025-09-08,173.7586959869866,334.4918672332607,243.28410532080525,321.8943825036615,796.3229152702568,244.972857267905,203.3634714313418,252.0911024827825,236.42998821644366,162.9154953602367
2025-09-09,173.8727175136014,334.5670720000398,242.23377678326017,317.08879860856956,798.558054225901,244.91019548491084,202.75138028579124,252.03572331617886,237.83958434268348,161.37474258338293
2025-09-10,173.39621765547955,334.2549346421967,241.90283003381364,315.22900651221903,800.6241533213218,245.48282530372535,203.2831824818834,252.97585401241034,237.51333673446058,160.71723333175748
2025-09-11,173.6733487287133,333.73362809866126,242.30703303475596,314.9138399195058,796.6728585677685,246.31555019570456,203.61804358000168,251.60249461731064,235.25160533375313,159.70145148904044
2025-09-12,174.67589474839,335.4075596371141,242.6813146411436,315.0120005937737,796.5281245918969,246.9954374720711,203.95213458673845,251.8068148418392,237.34974299620916,159.58860985062023
2025-09-16,175.8483557895262,337.8477697766217,244.66214723533488,316.2095703359038,803.3250727256432,248.29306353845632,202.65470067973473,252.97025940570674,235.84022091715084,162.14364884500588
2025-09-17,173.91957903250332,333.89164635156857,242.45201480863443,311.1154930508451,792.2322142769926,245.82688608951207,201.69539860826058,246.49910197063204,233.60090491086245,160.7568883238429
2025-09-18,175.4208050211623,333.46492336575466,243.76026727887984,310.51404727945726,789.2607154684557,246.68270445549445,201.6802589833254,245.35794925515853,234.69751696281838,161.16706060959675
2025-09-19,174.69011252548648,332.68975502004014,242.5558506174049,310.1633604863872,787.2127207394595,246.3146677839885,200.14623481206306,243.24420610347534,235.18955103972937,160.1017387721217
2025-09-22,176.39434988424225,331.8544477380161,243.39700803637157,309.9191258890055,777.1495173674845,246.17259474827443,199.85384126502515,242.25440791091836,234.54389396412796,160.33287076794375
2025-09-24,175.1061108681977,331.7428257690022,241.50362483802746,310.0778451516795,769.9762037319069,244.99065067377646,200.55344696226643,239.71000225800486,232.59126527937332,159.52296741976704
2025-09-25,175.96434460676514,331.74568459160974,243.18232381020945,310.93187256415666,773.3395300613064,246.34534523584094,200.66220890037494,238.669623112621,232.3227787644773,159.29007635141474
2025-09-26,176.34055195418512,334.6222953327735,243.56228608708537,312.1965383209887,774.5673467083559,248.20240182864652,201.94008565868802,242.36402745586395,236.8730691252895,160.30226035322548
2025-09-29,175.7946204547125,332.1314922337465,243.07536204248711,313.69167541449053,768.0225001426958,246.29156740025468,198.7982655786754,239.27320755698233,236.0871051507434,159.52166384279644
2025-09-30,174.48231478596784,329.4935239394532,241.77955544224227,309.69496135211745,754.8927449412196,245.4852172933297,197.42448632200941,241.17244330148506,234.0277352455974,159.0779115550746
2025-10-01,171.58189883996252,325.0277668952453,235.6653536072571,302.52162329182966,743.1349668551775,239.8385949935599,193.04790002839826,235.19279630006852,226.3996518554981,155.62650713567285
2025-10-02,172.44793557122782,325.09627101422564,236.88931676201338,304.12332426214834,750.6505490217754,239.2624071182666,190.2754040671849,231.6960533374727,223.54112206753422,152.32705109421752
2025-10-03,174.54434292354026,329.12522451214915,239.70095154292625,305.59633072813494,749.2175764330864,241.28064172345822,190.9987460066927,231.41237940345997,225.02606474528278,153.08158178337382
2025-10-06,177.3221677055754,334.4246413432528,244.88753360977657,309.28649243613546,754.0654455584347,244.07873811908374,192.65235203249173,238.19975597813152,230.46886345425102,156.32840801859294
2025-10-07,178.64971398294307,337.81696329292555,246.58184878847442,313.27611234272365,766.5743125238866,244.8027753346904,192.25424386935367,235.80687809445018,230.00691178973273,156.7001707207569
2025-10-08,178.02366317855746,334.57036157646496,246.18824226230015,314.6569984837036,755.7839438055739,243.2849609657456,190.10281374911574,239.09023007266427,228.31917985584974,156.30327866465282
2025-10-09,179.5815031026878,335.01651088399694,250.25449622997846,316.1217543527748,747.5189738926086,244.09442415697583,188.72410328554298,240.5064796496679,227.47313086443773,156.24943776057847
2025-10-10,174.3854526672613,326.57989337591414,246.0440604451418,305.45015680501825,739.0063110525637,239.75803587227657,187.5206792510592,238.31920374386092,223.899429988621,154.2663792563956
2025-10-14,171.97947950749827,320.47890806845345,239.54446969105652,305.3277374616488,749.3614804181675,237.85452065390947,185.33919632446649,234.21524010537058,221.65960823230702,151.02965396205448
2025-10-15,174.9274035285713,324.9655401588473,244.31144104757587,311.4794315990737,750.3910577206286,240.06584902207666,184.66374375722194,237.22529888078662,224.42342915490326,152.3253140874448
2025-10-16,175.7274778437242,325.92762308052227,246.18444409964448,312.3842056433463,747.6107785648929,240.5915375702816,184.16692608367927,235.7360660991932,224.9861857262304,151.40244126543755
2025-10-17,175.32024218199268,323.92713534410245,243.59434850110463,307.9986908447222,751.5488300876709,240.27314055938618,184.31849372471376,230.01352688925803,223.41480464087357,150.25402693657074
2025-10-20,176.82244849432553,330.4963630407274,248.42111691176888,309.93923079908444,758.8209176712297,244.329110348797,185.03282117679714,235.0351903142194,225.582351645089,152.1846794902566
2025-10-21,176.33173068152018,331.32324989890014,247.21596250010802,308.5968086985993,756.0509807536397,243.40295208952898,187.34021146973637,233.2250396768171,225.81564271375868,152.97002361747204
2025-10-22,177.58524382533398,336.31051680644066,249.79221345050922,312.9660171789077,762.3331650786373,245.21033175739805,189.09571055637585,233.42628331681667,228.5904773613903,153.86789110468575
2025-10-23,178.16490097052704,337.45986331016826,249.8603393217776,313.492854542003,765.0991351042545,247.46530287270528,190.1676764780971,232.41588980532657,230.05515620435207,154.03962973991727
2025-10-24,179.97585347177628,337.597031883322,253.9208281004316,313.46203446743306,770.8486164851598,246.62445466930896,187.55295800636767,231.12782641651805,229.17779374936157,154.3268253457756
2025-10-27,182.03472870129954,342.0794071285251,256.7766401264597,317.05348391711436,789.2179734762389,249.75858728756083,188.3411281387985,235.16992592272513,230.11026946179157,155.54218451662697
2025-10-28,176.68244088394098,333.3247223980784,249.30778493907977,309.7966548027008,780.4549209372992,244.7789620268055,185.0190446384841,230.3404652377254,226.19327116479195,152.72348937200604
2025-10-29,175.12963637541083,328.29862182647594,247.8498051155793,307.2174625978894,773.7609184157051,241.0003537360313,180.64636701216028,226.26990088979758,221.60889848899296,148.96274891224184
2025-10-30,176.252902871686,330.04708312194765,250.0245304352608,311.10328245841254,785.7360331863157,244.73393244706622,180.50255188391031,227.25462385653904,222.11802161869355,149.83222709263072
2025-10-31,176.38786673080594,330.91558256079406,251.85962037002528,310.566956622725,796.9580944591302,247.0895755349891,181.4109980156193,229.23780532087844,221.59518170895467,149.69825064950348
2025-11-04,175.87000998072793,333.7335421687432,254.73742160950837,307.6883551882852,783.5918595308184,247.76317081856237,181.42465700874774,228.57252507627197,219.56367558028137,149.0465058958777
2025-11-05,174.59612463522066,332.8271064867841,252.81948031156335,304.1892152724002,780.3999865269817,245.29613599299603,181.62847109767424,226.1659100331198,219.1221174311771,147.58374245665607
2025-11-06,176.5015175746112,333.6884240007193,252.1904104563881,304.00334825828025,775.4325857446927,247.67265482502822,180.7855155142686,228.99621498904716,219.78739211099142,147.48742141847367
2025-11-07,176.8434155053834,333.4041140593036,252.63513943647186,305.4149070725519,783.7786386290048,247.76226177605034,183.42054319952695,229.2014213348029,221.59512741530128,148.3520334508319
2025-11-10,180.86990261982774,335.3670652839816,256.7181051207277,307.26063598867916,778.720858145509,251.4697490240286,183.84125258584027,231.16913371431593,225.3407526479227,149.0474306300006
2025-11-11,179.09575495033266,331.68018416167746,255.6162929371133,306.1047875353125,768.1760336464567,251.54054021888612,183.56768169307855,231.22543297174397,225.12266582699039,149.28568835475224
2025-11-12,181.57850133618322,334.6909044224342,262.4098481915154,310.8212378919552,780.0802273803608,254.0217326379008,184.72401815394903,236.38130705606812,229.416757204208,151.6178596063107
2025-11-13,182.1074474173825,343.01471005382655,264.20550303647417,312.063578565064,776.234681889401,254.482201071621,185.55400439056896,236.7025336841142,229.3922889944003,149.78639057732929
2025-11-14,181.88392603542042,344.7522978051654,260.6965911181982,312.0206420620939,784.5324912028009,253.4284349758139,185.3564092923801,238.29795312538988,231.60905849745026,149.2150115281123
2025-11-17,181.57700332854748,342.59483207588835,261.7525575265872,311.69280504696377,786.4083682378332,253.69827700082288,183.6987122575596,234.5564649051697,230.53936016992037,148.44511305783885
2025-11-18,177.93187151940484,335.3157245541776,256.8678983250793,305.45203398459995,775.3564486830046,250.41847022551855,183.32522683027133,228.2390255653673,226.40577342858106,146.7796059291438
2025-11-19,177.49317210324477,334.4269212106281,254.61972033520587,307.57967341252873,773.7982267737875,249.4307024651614,182.8252144973384,229.33788126592,227.18757107633624,146.12317974061077
2025-11-20,179.82021778274847,337.4990325661215,260.97794941291494,313.84324213112603,781.5793525884064,252.69144985396048,182.84948840251732,230.8234299640315,227.07714822333304,146.5398843733857
2025-11-21,180.45639027967928,341.0022100238842,260.8605079143415,314.98750346859384,786.4282249931402,254.5921668819985,187.25114081981454,233.4230915732046,231.5920066134284,148.76930238663078
2025-11-25,180.311622327552,342.02156605449466,262.67004344003635,314.93881035730163,788.9201258768895,255.56685002027027,186.1876137785218,228.24998142031868,232.83993866727042,148.0861192728983
2025-11-26,183.92277322891576,347.84187430982354,264.80901854317386,318.73769975166294,788.5995058386765,259.054656554423,187.67238338007118,233.80373507801716,235.51325574159256,149.49074083610677
2025-11-27,186.49851596743258,347.68509331730934,267.6605250062037,320.8426258764331,793.8772015119315,259.93861090003765,188.2590863053941,237.06854447044032,235.40502572346944,149.65608740380662
2025-11-28,188.3493454430421,352.49937673291515,270.8001821706502,326.69097740341186,803.1769616049631,262.5239493430625,187.9152945004164,237.4184842737808,238.23844747355324,150.48330053418195
2025-12-01,185.87378116794085,352.6391242505709,267.9842184352098,322.946859342395,799.7397564314971,260.5234730638304,186.58402456516373,235.80147594516725,234.86987063102177,148.2616548892258
2025-12-02,185.26798718794169,352.3381586462783,267.0572470450126,320.00825614641866,798.0443155983482,258.10790326681047,185.7408806103913,234.34511594495194,232.9692003512609,147.8956724714262
2025-12-03,184.11192665708745,350.56532255807525,264.81862585175253,317.62673640223073,792.329146021724,257.7367152354314,183.73412868580644,233.71331576188484,231.47269380295174,147.3641020730997
2025-12-04,186.17653319871454,352.57667699629485,265.83336093959036,321.5023430479113,806.8698358883969,260.9061976098318,184.9269112654292,235.3170436190195,233.62023981226966,149.0710033101828
2025-12-05,184.77501980689726,346.87677256783644,265.0446628587765,318.79359631768216,801.6632650659412,259.87690731291735,183.51085681060712,232.86012997650545,231.1575240416387,147.43111234103418
2025-12-08,186.41116855891195,351.01073367147507,267.2450621421013,322.3205999342586,805.3425071350796,263.39731824052177,185.3613615989697,233.8055392733632,234.67104134201375,148.44642991825998
2025-12-09,186.45520655013718,353.21963718801,266.6780190450855,320.14543690848257,815.2083925719119,264.1377959512887,184.18664866136044,233.31936178621226,230.61341596622657,149.17007644034572
2025-12-10,187.70056391879967,357.4607563401549,267.5043669911287,322.1121707426045,813.7639894201225,265.20527816780225,184.63104890612192,232.48918000386803,232.1120419071963,149.64639784555277
2025-12-11,185.53636309441092,352.46703260702816,264.8302648877921,318.37295437188953,811.911459615997,261.8740524063826,182.15097967527336,232.17111714833462,230.40849727461642,147.83079025935115
2025-12-12,189.04419289124493,357.59205815517754,268.8729345325802,325.5490358249893,821.3973222659966,266.0955478713688,182.95351482806686,237.32622998086592,233.65318201922514,149.64924209739766
2025-12-15,190.14576229605547,361.3269226258372,268.5447549400551,324.5512651453469,826.790450583124,269.18924088149265,185.59527231805117,241.7164279333718,236.93442682989559,152.8928995279185
2025-12-16,186.6019487051507,355.6788659931362,262.69565838138965,318.40322635584744,806.9611068512133,263.8160924988205,183.95243223040202,237.13223621981223,235.39159723988138,151.55636784072485
2025-12-17,186.90417967854248,353.73235886097996,261.39597976476114,318.672668427122,807.317339576181,265.03956442587423,183.57145732179507,238.1511861611548,234.11692984396305,150.95223364296072
2025-12-18,186.41120463021247,355.02173290684783,260.7100254516308,319.98680317860993,807.8308372315961,264.9652193670841,185.472018856563,236.77542980520298,235.0688883775853,152.4798898065008
2025-12-19,187.835390003954,357.2886400349419,262.48903838201335,322.0735152912243,805.4807934199295,265.71042178860546,185.8441002507454,239.06032619510503,236.04766173452637,154.0515619373025
2025-12-22,190.78408087730867,358.0177722661943,265.98612231349665,324.7895115690976,806.3264868740104,266.7781021933429,184.56727354373714,238.53681148861483,233.6733209557663,153.10906827233958
2025-12-23,191.89813416763687,358.0334489468508,266.6667873632844,327.11298198429813,815.7107857348432,268.44680047163985,185.88762382881902,241.79875865395286,236.2265365322838,154.7841910913837
2025-12-24,191.00327355603508,357.01167010350383,267.596358430746,327.75431844306075,817.9084078527763,267.7418651235145,185.62015389312057,238.72145405475794,237.49329076414668,154.26321516734725
2025-12-25,191.84806820162146,359.2198385885626,269.6229146014673,329.3416096018888,816.2100295895964,269.5318279590509,186.22884079507352,240.46163809238462,240.7839045870946,155.28716519279106
2025-12-26,192.23745657196525,361.12984741619135,268.328493909411,330.52289208763176,821.0304799190563,268.9264606487824,186.86375537837435,240.5199348096101,240.88351944658007,155.86889877622377
2025-12-29,194.34525982491417,362.59036707006686,273.31491713087024,334.30710737477835,827.6555036562936,270.6117214597627,186.3603692218278,250.06268110714464,242.28987621330685,157.29436176914396
2025-12-30,192.17157349189185,361.3302905837911,271.2614189767106,333.95392039533607,828.7915221464187,268.76567781174157,185.53065941529263,256.85460756652213,240.90515905498373,156.0227013072899
2026-01-05,193.9881225940419,360.9548081385141,273.85895223735787,336.20544933152036,833.8067303250078,269.8911655747352,184.0975217470725,257.6790769455403,238.9588548074646,155.26082584604723
2026-01-06,196.64308129654307,364.44512794259987,275.9145875957905,341.10431510606116,844.7221101561912,272.4281617433737,184.31065186278056,261.5492603408529,244.35642945408853,157.07668753958183
2026-01-07,199.240011306651,365.53950668528415,278.02550436027855,345.4632865581961,855.6378507789209,272.50356903864076,184.7190714015141,260.785931653795,245.0157060650999,157.95717355784967
2026-01-08,196.4444050071583,362.66979831580517,279.0019623264096,345.6923794023221,861.1367835224564,271.1607393937235,183.1850568057135,260.38080496526396,245.6727399557848,158.358431668313
2026-01-09,197.35930993614292,367.37134196233274,281.5183143410284,350.7677993465404,872.1808393027927,271.0145953388685,184.1539207167267,260.818778778733,247.19746679099455,159.33773237571688
2026-01-13,199.289032970445,370.5629079416396,285.65619332603177,360.1769029122728,881.881113541824,274.44545912404453,181.4492152654343,263.2269137581278,248.8640319644885,159.11953584951812
2026-01-14,202.40704727274678,375.54934426105825,290.2835195175072,365.63696204454794,888.9282973314433,277.32144104455705,181.54034518121483,262.5878263117547,250.2106882520307,159.1678437025666
2026-01-15,204.81010527424027,377.983012695488,296.6057515100693,371.5512982091786,888.1819144466726,278.96443732818136,181.74958621614002,267.9795449749296,251.84365276184644,160.71333654681987
2026-01-16,206.51007755320418,382.35122510760544,299.464429648889,369.4956519022121,860.2490896774541,278.83363515547484,181.22271343370863,269.75697796439,252.76186205815225,159.98396102132418
2026-01-19,206.90041908311798,377.51192559415483,300.01478580245157,367.72702437765025,865.3804796193489,279.0182787156731,182.44797417159214,267.77571393361137,252.6383628719667,159.49602092836105
2026-01-20,203.4191052903394,373.3265659038009,296.93621305321096,364.90068641580956,866.1817542093546,277.4777881938674,183.3232938651174,268.25945301944375,250.80830937159533,158.2001509137061
2026-01-21,204.02029832797587,371.4735922892157,296.61733889567404,362.8078797861133,863.2157843227942,276.472923192321,180.79024350099243,261.29731435539645,246.14340344449462,156.25171551713618
2026-01-22,208.33986613232204,376.8446272987772,304.77147738686864,367.9127227515778,873.8703119180609,280.974576901064,181.06694528325392,258.7211290282447,249.27766867872583,159.32661872596162
2026-01-23,209.4987058542187,378.87721316140653,304.80544073234796,364.98551341987803,864.8187298226806,281.920022901598,181.55492863628328,258.94476041111653,248.3176213290319,161.24912637323825
2026-01-26,205.784498060716,368.66999840728397,297.9784256907971,359.6007139133222,852.5750461835264,278.0503577024658,180.79162733706892,252.72705372615997,245.65433193214733,158.63433205648522
2026-01-27,208.3185383306891,371.0100178125695,300.5440522973006,357.82547691228444,859.5663743905291,278.9256924522356,179.07313083641037,252.22232645208783,244.38535649289085,158.132157908685
2026-01-28,205.59158160113066,363.400586258137,298.34306009056155,351.60635746454756,862.2041798309277,275.4731320752255,177.21065785528705,248.95381805916452,241.8084680682083,156.82823375083868
2026-01-29,206.3245430865192,364.3959908425483,296.64924146306873,353.6590979926513,874.7142672613984,272.4385818579761,177.48686704238196,251.8855134627188,241.8321979897664,155.52265813548735
2026-01-30,206.26782373668559,365.62889514015467,297.07660216750594,352.43511304086053,875.2613024907002,274.64785654963555,178.92064395517218,253.61926777973886,245.64701020209324,155.74378779367265
2026-02-02,204.35402737263405,363.75599568122163,293.05659545112184,348.68892468975025,876.0118717860461,270.2662722166601,179.0660777148425,252.2477437647916,243.23328398365197,155.54885488668629
2026-02-03,210.55858433437632,371.8369454425145,302.6529435850717,359.5260107522465,896.4277127192553,275.89764452399896,179.4192561176075,259.4083879544901,246.21463224907538,158.00812949788522
2026-02-04,215.18440997560623,377.4000954154432,308.3721376224061,365.34473514695327,902.6713593390234,277.3881753862892,179.97417237656367,259.5332580042539,248.02470245359714,156.1520950537598
2026-02-05,214.60406896004892,381.2178914037415,308.54163176621626,362.50890873838654,891.7873609645751,279.66024090394563,181.97074187128698,261.62995762187563,251.9296978868545,156.74592968097406
2026-02-06,216.29058976366045,383.8566881480959,308.47539971468854,364.1831318025331,907.5166505368356,281.21764755315286,180.71897377424128,263.5642945399151,251.51009885092782,155.37386884759192
2026-02-09,221.98299636453268,389.32732384148665,312.9017844112295,365.43027309139165,906.7349042048454,283.7356892294471,180.9052622373957,265.81631358465387,254.33053684421455,156.21179892877447
2026-02-10,226.78265009075912,396.98813175558445,315.7340097402055,370.8159208296427,915.0757429010408,287.6643556120323,183.55606602828456,275.7376256526164,257.86485396377225,157.5167141041556
2026-02-12,231.49524083540692,396.21853904171365,322.6228741724119,377.22527258232213,928.5735856106477,290.6841453406644,183.8621668249062,275.3291338866557,263.62416564830295,156.91775869806747
2026-02-13,229.02142214975197,392.1891337854249,315.3406472953032,360.60311233435476,911.1272603239316,286.6669344685506,183.26986790480484,272.06841878397097,259.3606108825889,155.73170079508867
2026-02-16,233.37218534460885,387.1553602554674,318.1012871496551,367.1068720387504,915.7438666733627,286.04762298916904,183.1783456713143,269.83652264350064,257.109681048884,154.79704836154892
2026-02-17,235.4082891137029,389.9604553423536,318.6296723657802,366.3751154946956,907.740433560007,286.3721372353311,182.9955672244141,270.79816255730753,256.98381815842896,154.04585171152326
2026-02-18,238.41534723631236,394.6976963615931,325.11289413611263,371.06662271114334,920.5165151684408,288.74106237915623,184.27640543032803,275.4597086159441,261.0503909282888,154.50331928162936
2026-02-19,241.02169866322672,405.66039035696804,327.3910786375742,374.6716120390062,940.6806504870726,290.0713228118634,184.903138882085,276.9882260662173,263.35746212197324,155.03082801966397
2026-02-20,238.23930319213434,402.53150192720886,325.5473189217988,371.8270149089756,938.9064915225911,285.5150089714614,183.05262601854818,274.26042435150816,260.4854278931896,153.35018997669758
2026-02-24,244.10217799449842,406.2898107197239,335.6969388303805,373.87089177109897,952.1089457134578,288.27677839821627,184.16943567515577,273.3757270908783,259.35027266092214,152.74494134193716
2026-02-25,243.81963206055036,411.03531862454605,336.4401042872656,372.057521443012,946.9535060827379,290.3667256816453,184.75809882978854,273.5540432693938,263.1242059131535,154.4976839495107
2026-02-26,243.3420288468815,408.62917090176944,334.6978972752001,372.9476564803937,960.6996936446029,290.32884002415454,184.2560848842613,278.2149172570028,265.5078600919955,156.5641234675725
2026-02-27,248.6013116260859,416.3789131000579,340.7448870117476,384.53804699532157,972.4989434302437,296.01034000885176,187.5901161598602,283.8141766554578,270.83697381670817,159.0120101602942
2026-03-02,247.93589029607853,406.496655234046,339.1278931787127,382.9862312836369,1009.1791347459343,293.88870546612884,183.54290252952234,276.9571851858389,267.3230675037327,157.55973032854612
2026-03-03,239.73658683819008,388.4455771976674,325.31442325769774,370.66300595441567,986.9855672365602,284.8007628768856,177.9307034579959,270.4187808328564,259.3574364534184,153.09749684652715
2026-03-04,224.40052879187945,372.9937928074983,304.8389826138568,350.25795785001134,962.3534868570393,273.58606965082583,176.5584508574994,261.49474761594547,253.11459110235924,149.80244199360115
2026-03-05,231.6037714607355,381.13040197459406,315.2389917223153,359.62101966573283,990.3571845534138,280.561573301705,179.24361736759528,272.20667094068324,258.54537215869203,152.91353536162782
2026-03-06,231.81427892945132,379.5344224737886,314.0709553186682,356.1552555427744,976.6064467376154,280.19823157361793,181.11941064227375,273.1579442817567,260.61430497654646,154.58522832317075
2026-03-09,219.3461624086381,363.36803795782635,296.7319275464884,343.55156787629795,967.3464249202889,272.94266566695495,180.11285512059132,266.17332828890653,254.27826691255677,151.69245270081194
2026-03-10,225.56004738592083,372.17743476681517,305.74854049158927,354.9500557771926,980.6159781039437,279.05739810457845,181.0896913303352,272.02643066087376,258.80882322783816,153.6665508737376
2026-03-11,228.28946999302838,377.15739940282987,311.74505115024266,359.04764473265766,1007.8218440988735,280.8886046809031,180.36376642591335,272.6129487784388,259.7892054075961,154.0060137545077
2026-03-12,221.7978515462447,368.99528549433865,304.7334415149168,352.74978531614306,1000.372722044274,274.77575570476625,177.918859288931,264.76983287428817,252.71229574001813,151.38924965497557
2026-03-13,221.0655497988561,363.1912955035185,302.3125386855495,348.7335256464595,989.4771602379911,273.10913900534564,177.85572719142183,264.44750453710117,251.29809597994242,150.95694399105346
2026-03-16,220.83841148248155,360.5409270997312,299.8501427537715,348.1796683767887,995.0742631318826,273.6606743213192,176.2956567972275,263.759996372096,251.4232656175194,150.07030146689235
2026-03-17,218.97227490880476,362.00785858914037,298.19736316780705,350.75894871529067,1039.4761252178293,273.81445095207476,177.82367033428497,267.15774602924387,252.25215529689575,150.9036579461311
2026-03-18,225.22094667725315,371.1554892770479,307.5954932312544,361.31394478596263,1098.5487540832855,280.57722224989635,179.72168256630727,272.2436116432105,257.28982573441505,152.99780432711913
2026-03-19,214.56946820704778,359.54791513568324,295.37496782375314,349.0751061524162,1077.7111849201212,273.3588131672495,175.72364631891583,265.2436634547581,251.44181380030966,149.55524636725988
2026-03-23,206.79039636203598,348.64096102461554,282.83415225057723,338.8982358099603,1006.0391402391228,266.4006436094738,172.0546726832934,257.0005385693015,242.0275509444561,146.77863877480928
2026-03-24,211.23867207820103,359.315845060687,293.14983096899783,347.07274540018955,1020.2275220926651,273.1520321478128,175.16235703967936,265.85367372507676,249.04714406351306,149.91584843289004
2026-03-25,217.0615361775502,366.3495915975899,303.2854578986651,352.46001623313754,1040.1896606683447,277.6566265802097,177.1651290023346,279.8200841118526,253.77269284175296,150.36976120298337
2026-03-26,218.16571936660156,365.6371729791332,300.47086520569,351.0588922592548,1061.0514024974252,276.32189947653274,176.62906055055203,276.76487728346575,254.10775375628015,149.68097274408274
2026-03-27,218.73000153004162,365.12203821339597,299.2689540107247,353.8227341213019,1078.9589542402857,277.9392858594949,177.98011853398535,279.2255275994122,255.22474152100173,151.19274954075038
2026-03-30,216.17496238440634,357.92229412979833,291.46125335698883,350.56089355882125,1059.4521579922384,273.7748644647656,176.0748089116458,273.78615813290514,251.3617307527898,148.03301344786232
2026-03-31,211.91626667857696,356.8314133764238,287.46387146429475,346.59558645036054,1042.6986207542514,272.5357561351549,175.85092814333632,274.7705544411362,250.55111611900375,148.67707749558969
2026-04-01,221.11884375403594,370.35707554645376,299.9929347600906,358.0114399476525,1071.9432575472938,281.25717084943454,179.48393088059612,284.70836064668765,258.59340056716064,152.53511002707464
2026-04-02,216.91860857539558,366.2432432145606,294.58375163072725,352.1182796776398,1087.751780629774,277.5922255400865,179.02382397252404,278.92063111389774,259.6050977015771,151.27737372629744
2026-04-03,219.29254882512868,369.0839522569308,296.828370516033,358.4195913568109,1089.1004240870068,276.5986268341368,180.6951669547379,281.6014071022048,261.3190681113489,152.69691255906693
2026-04-06,220.5095880179735,370.3185428527816,297.6472479260507,357.52468061252347,1102.586671266437,276.8181752312255,182.10554300120154,280.85163017525446,263.1694596961955,153.80473437694903
2026-04-07,221.67198600813722,371.3881872775069,300.2101725601495,356.04224065809143,1114.552391922498,277.3467482945939,185.36621887393676,283.88807392942357,264.6750691590288,154.72711117784718
2026-04-08,230.940851906682,382.8754486450741,315.84103088700414,364.98751257249916,1071.1461118759828,283.46555428931407,186.8955711130502,288.53644910672955,269.5375412329854,157.1753375334008
2026-04-09,228.38471491009344,379.257180588591,314.13213115738654,360.362433954636,1082.0828240409444,280.3958066703968,184.95267445039804,284.61508900513127,265.96297571765655,154.38034488208922
2026-04-10,228.83850889130838,378.9750097722626,317.12739748027525,358.26018713515543,1072.9063031138887,277.6073460508712,183.7217059864745,281.59108044249376,264.2121044338548,151.9908380055073
2026-04-13,229.57452193447895,373.4148024515233,315.45653523880236,354.27126552993656,1065.4158377509211,276.4244866109882,183.1421204132256,280.5782390293632,260.47326741560533,150.55508209556723
2026-04-14,230.72718616844497,373.7627542901902,317.57054816906526,356.33729898220696,1074.547379919396,276.0259824871998,182.42763367430123,283.29369280916137,259.61906640817523,151.17280902801537
2026-04-15,229.38520300103198,376.6208614659716,314.9772652748044,355.17361326006505,1068.59656013472,277.3099465561457,184.93332521515262,282.88148749156795,260.25781067192287,152.1586216647833
2026-04-16,231.91501290646116,377.070528902309,318.1687384184818,357.58580833486053,1066.8467503506245,278.79011574075196,186.4352676766838,284.58491863350514,260.6808868047403,152.37771092009257
2026-04-17,229.72476058783408,374.20689800299516,316.84556017406373,353.438451599205,1057.180903154241,277.00989817205806,186.87809231381854,280.2534806426548,260.58475560244585,152.60054867667105
2026-04-20,229.67079790497618,375.0446963668754,317.77693709853764,353.87404909744856,1020.6089498328791,276.38713889171294,186.48239641781038,278.2404243420425,262.2222721250729,152.77979414639555
2026-04-21,229.81591904436507,375.73340313951655,320.3176641233849,352.9910261149492,1012.033820557298,274.651741921946,184.76519313155399,276.2114109266649,259.77403635472706,152.29179867665465
2026-04-22,227.3508052171894,367.6640888178975,317.2735206665784,348.3642528888606,998.203878263082,270.1916790633977,183.07123418897697,273.93492855714845,255.04369658098747,151.54042664338044
2026-04-23,226.37668970166348,363.7707784533397,313.6305066927042,345.9946726809157,1001.5069670266241,269.1365051955006,180.8404872202581,269.2506973558452,253.56442569537765,152.4155235375888
2026-04-24,228.45907079750188,361.0965259365366,315.7161099229667,343.49490587521655,1012.5879445137501,273.2445780640142,180.1371430665514,269.1922742370985,251.57248731590772,151.41874946107106
2026-04-27,228.71400989547962,361.0970240121364,318.6508189336664,339.3788856331451,976.5985873885124,273.00956107762147,180.71862966341422,267.5562874566372,251.5489930746341,150.78445791794482
2026-04-28,232.06024715833652,366.2545914871393,322.2804261795463,345.9005252367874,989.9918939986387,275.55468645233924,181.90271864910977,272.69046216153583,253.31955329704306,152.91568964161576
2026-04-30,231.7924410143615,362.63953560796466,321.6797111079827,338.0635325200108,1012.5570224211297,274.08668168523485,180.75710401894952,270.0179737702749,250.189044094516,151.00094533385084
2026-05-01,232.19690010745947,361.4255256790522,321.69642489808507,339.12123891697706,1009.6864762857011,274.6387916046895,180.41332876975935,267.55500206879907,249.50153089196178,150.00678779860777
2026-05-07,240.12112359070787,370.3284151745719,333.0706658028393,344.850304969164,1028.9753166854334,280.9206769423986,179.09867947441575,271.60692763548565,249.79271710395258,150.08813546727623
2026-05-08,241.2677715683104,368.30847157014256,332.045204220984,340.4578691775465,992.3874292230053,280.1312056759368,179.05451133689448,268.74102954419897,249.60394594653698,151.19255396450455
2026-05-11,243.80568469629625,370.47883364795774,334.08084355327446,339.75045277916286,994.5757831884201,283.45311550283503,182.12490495730847,265.5378860651271,251.04888991092298,150.4733270693304
2026-05-12,245.25724880724061,370.7643311157195,337.3326769045779,336.4752554903886,987.3155191761529,283.2906171437678,182.0156863061839,266.58813699050614,250.2571717508224,148.89160356453414
2026-05-13,252.57712296620087,372.53104676447856,342.79665914025725,338.62289625021356,993.7098520942097,284.55920761465075,181.5894672507951,269.96773771581985,251.72081427179555,151.0159723137533
2026-05-14,254.58620329345027,376.2199759251255,353.4238601337562,345.8605046593726,997.1170130627705,284.2049122409931,181.39377243817225,271.6306815827385,249.90178481081068,149.72375901976375
2026-05-15,247.6165491083901,379.0235181917134,346.7368951210974,348.2192616360051,995.9699494458094,287.017458963738,183.44888597741274,274.22696805967234,248.1798874224011,151.96093748386815
2026-05-18,247.32213436105576,371.87442063217713,341.2720283288275,338.7369947314727,989.0405716547004,287.5016917095023,182.34901559445396,271.2270949152891,244.2844642548645,151.31052935813344
2026-05-19,247.30412557573098,370.2866954852378,339.62346281581375,340.70222246911356,1000.6635810589833,290.5299314445889,184.93075647907312,279.5076375199685,247.17922488104355,153.93800948934722
2026-05-20,240.49579177737016,364.48068362249325,333.7208052793789,333.3922286086779,996.5963313087227,287.4586057189602,184.0376187804406,275.6059071309542,242.26721777783808,151.55878072001622
2026-05-21,246.30070876024362,368.5849803043832,342.10656096834697,338.6780115116631,986.5976419568717,290.0134036174508,183.94403979089077,273.5184064460457,242.88047591432988,151.63150843563528
2026-05-22,248.7093661374546,370.4723865323598,352.1313875795221,340.6832536691333,970.4552215501328,289.49328175357965,184.81818680624042,271.0709097934223,240.03766559398153,152.56679257788187
2026-05-25,254.70504062241216,378.67370665366604,360.5127636963442,341.6248181324092,965.9134349388687,289.0021182628697,182.2874143104501,267.3043167183272,238.63720473151992,151.7546765078961
2026-05-26,256.615771606035,381.4352953998134,361.15520934157684,342.9050179028602,979.287076516519,288.9163738492726,181.80543157652832,266.99409774304826,239.94006457989573,151.43348707053127
2026-05-27,256.6288274946868,378.51833010174266,359.46515184873033,344.038997618361,971.9526842978645,287.3394672283666,182.5436262464473,269.08107847867996,238.61666721392356,152.1147237061373
2026-05-28,258.7426163155041,379.5472791801886,357.53831054837207,344.5676135296512,976.9863098239559,288.1975581294998,183.86335171193693,263.2886301922896,238.84790142532654,151.21715888136572
2026-05-29,265.623613225875,384.6230092455862,364.0463884325926,350.0928385140889,978.8867967507599,290.6889388534141,184.78337364623167,262.54824761134154,239.69743225038664,151.4541466350586
2026-06-01,262.45374734162465,379.76956920841184,368.04363014376463,341.26529617231125,968.4361954577765,288.7211234404979,182.30435968618187,260.2515259876904,235.1342920247556,150.30503123312414
2026-06-02,262.5795433931534,379.2314966435294,358.35099997832526,338.7134755932101,970.5456946964647,286.4926634273564,181.7917378175801,258.858996784274,234.92938410167991,149.45307080107037
2026-06-03,270.89226617826586,384.999456646666,368.67878195898044,344.11035211111994,965.4120948740774,289.39191009359973,183.48035271619077,261.1610567440894,235.59439701785135,148.1191236383936
2026-06-04,271.1533954650716,381.4161982484707,366.17601354882885,339.57260450410564,962.6239714008404,286.6456655815722,184.02434490693807,258.6145760539386,232.77496817393185,146.22893879292343
2026-06-05,268.0887094096778,382.93274279686625,368.73264692794703,341.7901665545687,995.8155082084957,288.16479192273397,185.5908287714809,262.65188596520335,237.31045290382565,149.43175536765088
2026-06-08,259.00449749489263,378.7042913222574,353.30203066802403,334.3732122923056,988.3452360615241,284.2303115612467,187.8700044590051,264.28815684095355,236.90747022814912,148.54070830180868
2026-06-09,259.5175313609751,380.86236529700017,356.5785992082225,333.8015115368621,994.4536343876738,284.2797913534527,188.778879136917,268.6547807211894,238.6611195769227,148.94367601799195
2026-06-10,254.04628563213006,380.39294707245665,348.60956288735656,334.19803330108005,962.7025796696342,284.7638060322215,191.6330420098837,269.8726211025784,243.85697814537818,150.22111946711186
2026-06-11,255.2513406680638,379.13851687087356,348.21860035222545,333.85073846412513,976.804707542773,283.27551258062283,191.07337828351126,268.3127361861282,241.18436008552519,150.26660581772666
2026-06-12,259.3816652150653,385.93847896370204,355.9527560097533,342.4937785798219,972.6512680363619,283.70277275183355,192.4288175681388,267.1328735661858,242.50792363470467,148.86746800436984
2026-06-15,268.93548770061744,399.0762277406696,368.24432034329476,351.8147538595488,972.5949198285358,286.4903735322073,191.0675480500932,270.98779907126607,244.6407190119588,150.272054345477
2026-06-16,267.5293455120074,397.0450019580014,370.09629611618055,348.65874860163825,958.977557426631,284.2175719136721,189.14315621581193,270.03149941923795,241.6847960421059,149.55863448583744
2026-06-17,269.22411977792365,399.65376336506864,377.17747706310377,346.9687778421751,940.4510610073847,284.13353469980217,189.76828198994156,269.8541437098536,242.48782961814408,150.12442535307747
2026-06-18,270.3429901114796,399.1706322329987,376.691120669227,350.6216787977819,932.0231874699712,286.8020681153905,188.3565049619899,273.36897603647134,242.42257786627985,149.78783539848877
2026-06-19,268.52310940405613,400.1222225618819,377.2819615236571,351.209789326056,917.5748095417445,286.7578430693528,187.8481223568586,270.703009991094,242.62747194711415,149.17414973446503
2026-06-22,270.8293278115229,395.81385345001274,382.77193284327933,356.2245114061461,919.939885190152,290.02721516539907,186.38621860654203,271.86301179986333,242.6589165644352,148.86737698199173
2026-06-23,263.9606540169648,387.4168576633721,371.7141815734033,346.54948638810595,924.0049397931655,288.646746773809,186.75593872620348,267.5095048431902,240.8142549115413,147.72034493441745
2026-06-24,262.5152881381788,384.49076630363675,369.9420997616486,344.36916867685676,926.3190709150244,286.7468181173437,185.87098683771623,261.8541863079715,239.27496578271587,147.8692551719393
2026-06-25,267.43054754415823,391.25113132772907,376.08957604405543,344.8979275804198,914.5222154795628,289.52873732913355,187.1334460546753,258.14494983623945,242.16669608113156,147.69523484487712
2026-06-26,262.8922111549066,388.4305850219984,355.00329343639277,345.1098954535737,912.4644857969492,287.9407653791841,187.95183942700302,260.1320127740618,241.47064236514865,147.35562493274398
2026-06-29,262.6568915677927,387.77091065586313,357.8096251607301,347.1397220196497,905.7172682641033,290.02346068755367,191.44258178226357,265.4363875470266,245.00682076551948,150.91592755062948
2026-06-30,260.88649936812703,383.76679787318386,356.8443149195006,343.99956478869234,905.3798024914047,288.0426365149518,189.23415837837481,267.4930159947364,243.43725823181427,151.33778211546732
2026-07-01,263.29445432016286,384.2643031995734,355.14842005993216,344.23484821164504,889.8370025033373,286.41046530721763,185.79757673816454,266.68380606845756,239.5697775165669,149.87244142253448
