pair,source_pair,case_type,direction,entry_time,exit_time,exit_reason,propagation,pnl_pct,entry_spread
GBPUSD,GBPUSD,B,LONG,2022-01-04 15:20:00,2022-01-04 17:40:00,spread_reduced,Pseudo,-0.029503656532464673,-0.0030739822982968137
CHFJPY,CHFJPY,B,SHORT,2022-01-06 02:15:00,2022-01-06 10:05:00,spread_reduced,Pseudo,0.06757180582301348,0.003117860735533875
CHFJPY,CHFJPY,B,LONG,2022-01-06 10:45:00,2022-01-06 12:15:00,spread_reduced,Real,-0.024077428685076452,-0.0036632616723247242
CHFJPY,CHFJPY,B,SHORT,2022-01-10 11:40:00,2022-01-10 18:45:00,spread_reduced,Both,0.3890879141524084,0.0031826109834385136
CHFJPY,CHFJPY,B,LONG,2022-01-11 09:10:00,2022-01-11 11:00:00,spread_reduced,Both,-0.08018436504198534,-0.0030768735117480185
GBPUSD,GBPUSD,B,LONG,2022-01-12 15:05:00,2022-01-12 17:10:00,spread_reduced,Real,0.031935620374123896,-0.003246312261792828
CHFJPY,CHFJPY,B,SHORT,2022-01-13 16:45:00,2022-01-13 18:10:00,spread_reduced,Neither,-0.035198114135681635,0.0030008138453833664
CHFJPY,CHFJPY,B,SHORT,2022-01-14 02:10:00,2022-01-14 04:10:00,spread_reduced,Pseudo,-0.010661490344610058,0.0032241044012121627
CHFJPY,CHFJPY,B,SHORT,2022-01-18 09:15:00,2022-01-18 10:45:00,spread_reduced,Both,-0.059366365573287894,0.0031688792473306675
CHFJPY,CHFJPY,B,SHORT,2022-01-21 00:35:00,2022-01-21 02:35:00,spread_reduced,Pseudo,-0.04170752546186485,0.0035723626783397055
CHFJPY,CHFJPY,B,SHORT,2022-01-24 10:10:00,2022-01-24 10:55:00,spread_reduced,Pseudo,-0.06828378094155818,0.003016622881018947
CHFJPY,CHFJPY,B,LONG,2022-01-24 21:15:00,2022-01-25 00:00:00,spread_reduced,Pseudo,-0.03232257580179643,-0.003226636492568709
CHFJPY,CHFJPY,B,SHORT,2022-01-25 02:35:00,2022-01-25 05:10:00,spread_reduced,Pseudo,-0.003852714889118758,0.0033006828153563433
GBPUSD,GBPUSD,B,SHORT,2022-01-26 20:00:00,2022-01-26 21:45:00,spread_reduced,Pseudo,-0.03189962667723423,0.003336341505446934
EURGBP,EURGBP,B,LONG,2022-01-26 20:00:00,2022-01-26 21:45:00,spread_reduced,Pseudo,-0.07611827611681554,-0.0030180219619745886
GBPJPY,GBPJPY,B,SHORT,2022-01-26 20:05:00,2022-01-26 21:45:00,spread_reduced,Pseudo,-0.1320393361223582,0.0031305404626106622
CHFJPY,CHFJPY,B,SHORT,2022-01-26 20:05:00,2022-01-26 21:45:00,spread_reduced,Real,-0.07731514605835432,0.0035982247660080995
CHFJPY,CHFJPY,B,SHORT,2022-01-27 02:00:00,2022-01-27 04:05:00,spread_reduced,Real,-0.0006237679638698701,0.003518588985903661
CHFJPY,CHFJPY,B,LONG,2022-01-27 10:00:00,2022-01-27 11:35:00,spread_reduced,Pseudo,-0.06209003397424917,-0.003901973038823879
CHFJPY,CHFJPY,B,SHORT,2022-01-27 18:25:00,2022-01-27 20:00:00,spread_reduced,Pseudo,-0.04608046461802573,0.003396800971366102
CHFJPY,CHFJPY,B,LONG,2022-02-03 13:55:00,2022-02-03 17:00:00,spread_reduced,Pseudo,-0.09733728297584565,-0.003226935467195072
CHFJPY,CHFJPY,B,SHORT,2022-02-07 09:30:00,2022-02-07 11:30:00,spread_reduced,Real,-0.09199024083723639,0.0030690901835880254
GBPUSD,GBPUSD,B,LONG,2022-02-10 15:30:00,2022-02-10 17:35:00,spread_reduced,Real,0.05639737663292177,-0.003797470361967493
GBPJPY,GBPJPY,B,LONG,2022-02-10 15:30:00,2022-02-10 17:40:00,spread_reduced,Real,0.09607894514066517,-0.003081617740645343
EURGBP,EURGBP,B,SHORT,2022-02-10 15:40:00,2022-02-10 17:40:00,spread_reduced,Pseudo,0.0027425598699448717,0.0032355463256669276
NZDUSD,NZDUSD,B,LONG,2022-02-10 15:45:00,2022-02-10 17:45:00,spread_reduced,Pseudo,-0.18608073458878382,-0.003007198483114755
CHFJPY,CHFJPY,B,LONG,2022-02-10 15:30:00,2022-02-10 17:55:00,spread_reduced,Both,0.027223824214350767,-0.0037450603168370047
CHFJPY,CHFJPY,B,SHORT,2022-02-10 18:50:00,2022-02-10 21:15:00,spread_reduced,Pseudo,0.007707724489125489,0.0030727060766952983
GBPUSD,GBPUSD,B,SHORT,2022-02-10 18:45:00,2022-02-10 21:50:00,spread_reduced,Pseudo,0.16539769076178712,0.0030231118609795014
GBPJPY,GBPJPY,B,SHORT,2022-02-10 19:10:00,2022-02-10 21:50:00,spread_reduced,Pseudo,0.04956642339999373,0.0030379374655603434
EURGBP,EURGBP,B,LONG,2022-02-10 19:15:00,2022-02-10 21:55:00,spread_reduced,Pseudo,-0.044996670945324224,-0.003504848221831244
CHFJPY,CHFJPY,B,SHORT,2022-02-11 18:35:00,2022-02-11 21:00:00,spread_reduced,Pseudo,0.007769810660573917,0.004832988591127166
NZDJPY,NZDJPY,B,SHORT,2022-02-11 19:00:00,2022-02-11 21:00:00,spread_reduced,Pseudo,0.03125987443443057,0.003188110034251304
GBPJPY,GBPJPY,B,SHORT,2022-02-11 19:00:00,2022-02-11 21:05:00,spread_reduced,Real,-0.030034562329039893,0.0030789112870632895
GBPUSD,GBPUSD,B,SHORT,2022-02-11 19:55:00,2022-02-11 21:35:00,spread_reduced,Pseudo,-0.05219399212410547,0.003195010093875259
CHFJPY,CHFJPY,B,LONG,2022-02-13 23:00:00,2022-02-14 00:30:00,spread_reduced,Pseudo,-0.07070685105853292,-0.003001496559754256
CHFJPY,CHFJPY,B,SHORT,2022-02-14 01:45:00,2022-02-14 03:35:00,spread_reduced,Pseudo,-0.058385388065074206,0.0032684094666793574
CHFJPY,CHFJPY,B,SHORT,2022-02-14 08:25:00,2022-02-14 10:35:00,spread_reduced,Pseudo,-0.01991948428090584,0.003707513530579085
CHFJPY,CHFJPY,B,LONG,2022-02-14 12:45:00,2022-02-14 14:40:00,spread_reduced,Pseudo,-0.034294066270146306,-0.00305856151263698
CHFJPY,CHFJPY,B,SHORT,2022-02-14 19:15:00,2022-02-14 20:50:00,spread_reduced,Real,-0.04073372406586673,0.0031025670644705774
CHFJPY,CHFJPY,B,LONG,2022-02-15 08:05:00,2022-02-15 10:20:00,spread_reduced,Pseudo,-0.07841033544421783,-0.0043647682263361146
CHFJPY,CHFJPY,B,SHORT,2022-02-16 14:00:00,2022-02-16 15:45:00,spread_reduced,Real,-0.043471944715800515,0.00302986984499293
CHFJPY,CHFJPY,B,SHORT,2022-02-17 03:50:00,2022-02-17 05:55:00,spread_reduced,Pseudo,-0.03606367257324994,0.0036232948920236424
CHFJPY,CHFJPY,B,SHORT,2022-02-17 09:10:00,2022-02-17 10:25:00,spread_reduced,Real,-0.1093189936171024,0.003195209020101409
CHFJPY,CHFJPY,B,LONG,2022-02-18 02:00:00,2022-02-18 04:15:00,spread_reduced,Pseudo,-0.025045196981582363,-0.0035132512465723526
CHFJPY,CHFJPY,B,LONG,2022-02-21 01:45:00,2022-02-21 03:40:00,spread_reduced,Pseudo,-0.0214572105643851,-0.003116111599542353
CHFJPY,CHFJPY,B,SHORT,2022-02-21 23:10:00,2022-02-22 00:35:00,spread_reduced,Pseudo,-0.05582525619735046,0.0030347873652748604
NZDJPY,NZDJPY,B,SHORT,2022-02-22 12:05:00,2022-02-22 14:05:00,spread_reduced,Pseudo,-0.05010893033101649,0.0066923074257052555
CHFJPY,CHFJPY,B,LONG,2022-02-23 09:00:00,2022-02-23 11:00:00,spread_reduced,Neither,0.0681486883279292,-0.003031924399479348
GBPUSD,GBPUSD,B,SHORT,2022-02-25 08:00:00,2022-02-25 10:05:00,spread_reduced,Both,0.13928249107432733,0.004005162888064684
EURGBP,EURGBP,B,LONG,2022-02-25 08:00:00,2022-02-25 10:05:00,spread_reduced,Pseudo,0.009415068137208493,-0.003924843447528374
CHFJPY,CHFJPY,B,SHORT,2022-02-25 08:10:00,2022-02-25 10:15:00,spread_reduced,Pseudo,0.0659238571154408,0.003042753985789991
NZDJPY,NZDJPY,B,SHORT,2022-02-25 08:25:00,2022-02-25 10:35:00,spread_reduced,Pseudo,-0.11535165006393289,0.003084628631723193
CHFJPY,CHFJPY,B,LONG,2022-02-25 12:50:00,2022-02-25 15:00:00,spread_reduced,Pseudo,-0.03733203830592058,-0.003452978546159614
EURAUD,EURAUD,B,SHORT,2022-02-27 22:05:00,2022-02-28 00:05:00,spread_reduced,Real,-0.19299078395587088,0.0030037287288901047
NZDUSD,NZDUSD,B,SHORT,2022-02-27 22:20:00,2022-02-28 00:10:00,spread_reduced,Real,0.03302700795516089,0.0031364213624555256
CHFJPY,CHFJPY,B,LONG,2022-02-28 10:55:00,2022-02-28 12:50:00,spread_reduced,Real,-0.09828941980252748,-0.0032627444387270596
CHFJPY,CHFJPY,B,SHORT,2022-03-01 09:50:00,2022-03-01 12:25:00,spread_reduced,Pseudo,0.07951186528007415,0.003190197072436659
CHFJPY,CHFJPY,B,SHORT,2022-03-01 16:35:00,2022-03-01 19:35:00,spread_reduced,Both,-0.04250054174363971,0.0030010627020034594
CHFJPY,CHFJPY,B,LONG,2022-03-02 17:30:00,2022-03-02 20:40:00,spread_reduced,Pseudo,0.03561342023958858,-0.003168823448163386
CHFJPY,CHFJPY,B,SHORT,2022-03-03 16:10:00,2022-03-03 17:30:00,spread_reduced,Pseudo,-0.06600453438209142,0.003096990281070724
CHFJPY,CHFJPY,B,SHORT,2022-03-04 00:35:00,2022-03-04 02:05:00,spread_reduced,Both,-0.04052492076913605,0.0033977216540054048
CHFJPY,CHFJPY,B,SHORT,2022-03-04 13:45:00,2022-03-04 17:25:00,spread_reduced,Pseudo,0.11598294730704173,0.0030638958456014028
GBPUSD,GBPUSD,B,LONG,2022-03-06 23:30:00,2022-03-07 03:15:00,spread_reduced,Both,-0.10419774930776615,-0.0030365833719619637
CHFJPY,CHFJPY,B,LONG,2022-03-07 12:25:00,2022-03-07 14:15:00,spread_reduced,Pseudo,0.007978142630438168,-0.0031933535993255483
NZDJPY,NZDJPY,B,LONG,2022-03-07 12:35:00,2022-03-07 14:35:00,spread_reduced,Real,-0.1066570820073387,-0.0032199054222807424
GBPUSD,GBPUSD,B,SHORT,2022-03-07 13:20:00,2022-03-07 19:20:00,spread_reduced,Real,0.25893854412653017,0.003149599361104033
EURGBP,EURGBP,B,LONG,2022-03-07 14:15:00,2022-03-07 19:20:00,spread_reduced,Pseudo,0.07146226489845864,-0.003603931616217747
CHFJPY,CHFJPY,B,LONG,2022-03-13 23:25:00,2022-03-14 00:25:00,spread_reduced,Pseudo,-0.07324281636055807,-0.0033743546404149216
GBPUSD,GBPUSD,B,SHORT,2022-03-14 16:50:00,2022-03-14 20:00:00,spread_reduced,Pseudo,0.1103164289814329,0.0030498499304721237
CHFJPY,CHFJPY,B,SHORT,2022-03-15 07:10:00,2022-03-15 09:10:00,spread_reduced,Pseudo,-0.059407182564352734,0.004198020842927431
NZDUSD,NZDUSD,B,LONG,2022-03-16 20:30:00,2022-03-16 21:45:00,spread_reduced,Pseudo,-0.08405561782799942,-0.0030266702769954383
GBPUSD,GBPUSD,B,LONG,2022-03-17 07:00:00,2022-03-17 09:55:00,spread_reduced,Pseudo,0.006418676811015267,-0.004340722985261854
EURGBP,EURGBP,B,SHORT,2022-03-17 07:00:00,2022-03-17 09:55:00,spread_reduced,Pseudo,-0.06552225675336976,0.004367726731005359
GBPUSD,GBPUSD,B,LONG,2022-03-21 13:20:00,2022-03-21 15:05:00,spread_reduced,Pseudo,0.025753528347405297,-0.003048553122240346
CHFJPY,CHFJPY,B,LONG,2022-03-22 04:20:00,2022-03-22 06:35:00,spread_reduced,Pseudo,0.005253756840895019,-0.0033017957800526116
CHFJPY,CHFJPY,B,LONG,2022-03-22 08:40:00,2022-03-22 12:40:00,spread_reduced,Pseudo,0.21548282247386696,-0.003313159650352265
GBPJPY,GBPJPY,B,LONG,2022-03-22 09:55:00,2022-03-22 13:15:00,spread_reduced,Pseudo,0.11293412232861177,-0.003014656614778072
GBPUSD,GBPUSD,B,LONG,2022-03-22 09:55:00,2022-03-22 14:25:00,spread_reduced,Real,0.2530593847657525,-0.0030748491231831604
CHFJPY,CHFJPY,B,LONG,2022-03-22 22:55:00,2022-03-23 00:55:00,spread_reduced,Pseudo,-0.0720537699898216,-0.0035070949813136854
CHFJPY,CHFJPY,B,SHORT,2022-03-23 08:55:00,2022-03-23 10:00:00,spread_reduced,Pseudo,-0.018396144224108735,0.003153305399951249
CHFJPY,CHFJPY,B,SHORT,2022-03-23 12:10:00,2022-03-23 14:10:00,spread_reduced,Pseudo,-0.042223575692634796,0.0033376307724606066
CHFJPY,CHFJPY,B,LONG,2022-03-23 14:50:00,2022-03-23 17:20:00,spread_reduced,Pseudo,0.15330408839242526,-0.003198723356797966
GBPJPY,GBPJPY,B,LONG,2022-03-23 15:20:00,2022-03-23 17:25:00,spread_reduced,Pseudo,-0.045223804045269045,-0.0031336756265755088
CHFJPY,CHFJPY,B,LONG,2022-03-24 06:45:00,2022-03-24 08:25:00,spread_reduced,Pseudo,-0.1230106297304634,-0.0031209194515766604
CHFJPY,CHFJPY,B,LONG,2022-03-24 14:35:00,2022-03-24 18:50:00,spread_reduced,Pseudo,0.16413753232115136,-0.003584430948105968
CHFJPY,CHFJPY,B,SHORT,2022-03-25 01:20:00,2022-03-25 02:10:00,spread_reduced,Real,-0.06465888629094696,0.003952701538001717
CHFJPY,CHFJPY,B,SHORT,2022-03-25 03:55:00,2022-03-25 05:40:00,spread_reduced,Real,0.0019955395538673315,0.0031086912180738895
CHFJPY,CHFJPY,B,LONG,2022-03-25 06:15:00,2022-03-25 07:45:00,spread_reduced,Pseudo,-0.030369075900815723,-0.0045516521687394805
CHFJPY,CHFJPY,B,SHORT,2022-03-25 08:10:00,2022-03-25 10:20:00,spread_reduced,Pseudo,0.016089754483522567,0.0031969673835518186
CHFJPY,CHFJPY,B,LONG,2022-03-25 13:30:00,2022-03-25 15:20:00,spread_reduced,Pseudo,-0.12515020793085196,-0.0033748293176828377
CHFJPY,CHFJPY,B,LONG,2022-03-28 01:20:00,2022-03-28 06:00:00,spread_reduced,Pseudo,0.07184126323120932,-0.003595133461470037
GBPJPY,GBPJPY,B,LONG,2022-03-28 08:15:00,2022-03-28 10:15:00,spread_reduced,Pseudo,0.09047651793293587,-0.0030805972646322636
CHFJPY,CHFJPY,B,LONG,2022-03-28 07:00:00,2022-03-28 10:25:00,spread_reduced,Pseudo,0.22923064718981534,-0.003236117839344309
EURJPY,EURJPY,B,LONG,2022-03-28 08:45:00,2022-03-28 10:35:00,spread_reduced,Real,-0.3706486244145546,-0.003795961273580257
NZDJPY,NZDJPY,B,LONG,2022-03-28 08:45:00,2022-03-28 10:35:00,spread_reduced,Neither,-0.4629467344630378,-0.004058223358625238
NZDJPY,NZDJPY,B,SHORT,2022-03-28 12:45:00,2022-03-28 14:40:00,spread_reduced,Real,0.18592398097416196,0.0032286867982886593
EURGBP,EURGBP,B,LONG,2022-03-28 14:10:00,2022-03-28 15:45:00,spread_reduced,Pseudo,-0.0484648466570925,-0.0031188227899228895
GBPUSD,GBPUSD,B,SHORT,2022-03-28 13:45:00,2022-03-28 16:00:00,spread_reduced,Both,-0.03650681719700177,0.0030010668573791735
GBPJPY,GBPJPY,B,SHORT,2022-03-28 13:05:00,2022-03-28 16:35:00,spread_reduced,Pseudo,0.10974739971046366,0.0030594298626628685
CHFJPY,CHFJPY,B,SHORT,2022-03-28 11:00:00,2022-03-28 16:40:00,spread_reduced,Pseudo,0.2806628485078233,0.0030365619112320604
CHFJPY,CHFJPY,B,LONG,2022-03-28 18:15:00,2022-03-28 22:00:00,spread_reduced,Pseudo,0.10366703909713282,-0.003047463324684396
CHFJPY,CHFJPY,B,SHORT,2022-03-29 00:15:00,2022-03-29 01:50:00,spread_reduced,Both,-0.12102826365215646,0.004435796040022989
CHFJPY,CHFJPY,B,LONG,2022-03-29 02:15:00,2022-03-29 02:35:00,spread_reduced,Pseudo,-0.06712176550540128,-0.00324464266134229
CHFJPY,CHFJPY,B,SHORT,2022-03-29 02:50:00,2022-03-29 05:30:00,spread_reduced,Pseudo,-0.029080349979071496,0.005221978098054705
CHFJPY,CHFJPY,B,LONG,2022-03-29 07:00:00,2022-03-29 07:50:00,spread_reduced,Pseudo,-0.10105099094509518,-0.003091038660608711
GBPUSD,GBPUSD,B,SHORT,2022-03-29 12:30:00,2022-03-29 14:20:00,spread_reduced,Real,-0.003448933099681195,0.0031091525090793403
GBPJPY,GBPJPY,B,SHORT,2022-03-29 13:45:00,2022-03-29 14:30:00,spread_reduced,Pseudo,-0.046679263902660306,0.0038338087866251463
CHFJPY,CHFJPY,B,SHORT,2022-03-29 12:30:00,2022-03-29 14:40:00,spread_reduced,Both,0.08397279412198921,0.003718519024943922
CHFJPY,CHFJPY,B,LONG,2022-03-29 16:00:00,2022-03-29 16:30:00,spread_reduced,Pseudo,-0.07351651814243576,-0.00426791063750077
CHFJPY,CHFJPY,B,LONG,2022-03-29 18:40:00,2022-03-29 20:40:00,spread_reduced,Pseudo,0.004599822747552995,-0.0031908117300764294
CHFJPY,CHFJPY,B,SHORT,2022-03-30 00:50:00,2022-03-30 04:40:00,spread_reduced,Pseudo,0.17518675207448542,0.004351851175675367
CHFJPY,CHFJPY,B,LONG,2022-03-30 05:15:00,2022-03-30 07:05:00,spread_reduced,Real,0.021596407905766224,-0.004857847907001487
CHFJPY,CHFJPY,B,LONG,2022-03-30 14:55:00,2022-03-30 15:20:00,spread_reduced,Pseudo,-0.09897420187944816,-0.0032260218715129954
CHFJPY,CHFJPY,B,LONG,2022-03-31 00:30:00,2022-03-31 02:10:00,spread_reduced,Pseudo,-0.08299812833676423,-0.0033047674047622217
CHFJPY,CHFJPY,B,SHORT,2022-03-31 02:50:00,2022-03-31 03:40:00,spread_reduced,Pseudo,-0.06427063406762024,0.003025344858112934
CHFJPY,CHFJPY,B,SHORT,2022-03-31 06:00:00,2022-03-31 08:45:00,spread_reduced,Pseudo,0.032662298788149746,0.0034320937780678903
CHFJPY,CHFJPY,B,LONG,2022-03-31 08:55:00,2022-03-31 10:15:00,spread_reduced,Pseudo,-0.07051808972423634,-0.003723711439978309
CHFJPY,CHFJPY,B,SHORT,2022-03-31 10:55:00,2022-03-31 12:55:00,spread_reduced,Real,-0.004109465644908106,0.00445012477532352
CHFJPY,CHFJPY,B,LONG,2022-04-01 01:50:00,2022-04-01 04:40:00,spread_reduced,Pseudo,0.0646635480902158,-0.00346911208902823
CHFJPY,CHFJPY,B,LONG,2022-04-01 08:00:00,2022-04-01 09:10:00,spread_reduced,Real,-0.08717458861811633,-0.0030074853608600535
CHFJPY,CHFJPY,B,SHORT,2022-04-01 17:00:00,2022-04-01 18:15:00,spread_reduced,Pseudo,-0.047944767387442244,0.003276331291885653
CHFJPY,CHFJPY,B,LONG,2022-04-04 02:15:00,2022-04-04 04:40:00,spread_reduced,Pseudo,-0.02016545484923582,-0.0030037707968632323
GBPUSD,GBPUSD,B,SHORT,2022-04-05 15:55:00,2022-04-05 18:00:00,spread_reduced,Pseudo,0.03854390372942662,0.003460239591818269
EURGBP,EURGBP,B,LONG,2022-04-05 16:00:00,2022-04-05 18:00:00,spread_reduced,Pseudo,0.003747062737113893,-0.003182808692037546
CHFJPY,CHFJPY,B,SHORT,2022-04-08 00:50:00,2022-04-08 02:50:00,spread_reduced,Pseudo,-0.007135088078302765,0.003150905753269872
CHFJPY,CHFJPY,B,LONG,2022-04-11 01:40:00,2022-04-11 03:30:00,spread_reduced,Pseudo,-0.052059529935660764,-0.0031929823738794153
CHFJPY,CHFJPY,B,LONG,2022-04-11 06:40:00,2022-04-11 13:10:00,spread_reduced,Pseudo,0.2393116712050225,-0.00301181998241962
CHFJPY,CHFJPY,B,LONG,2022-04-12 06:25:00,2022-04-12 11:10:00,spread_reduced,Real,-0.0593925905649384,-0.0030501990607157783
CHFJPY,CHFJPY,B,LONG,2022-04-13 06:25:00,2022-04-13 08:25:00,spread_reduced,Real,0.06320256465519591,-0.0030569896901503175
CHFJPY,CHFJPY,B,LONG,2022-04-19 02:05:00,2022-04-19 07:10:00,spread_reduced,Pseudo,0.15925044768364538,-0.0035407114350426874
CHFJPY,CHFJPY,B,LONG,2022-04-19 08:35:00,2022-04-19 10:10:00,spread_reduced,Pseudo,-0.11863839553688527,-0.0030752262153025413
CHFJPY,CHFJPY,B,LONG,2022-04-19 13:30:00,2022-04-19 15:25:00,spread_reduced,Pseudo,-0.16591860693352944,-0.0031925420790936522
CHFJPY,CHFJPY,B,LONG,2022-04-19 22:15:00,2022-04-20 00:15:00,spread_reduced,Pseudo,-0.07465740157998058,-0.003547342519113015
CHFJPY,CHFJPY,B,SHORT,2022-04-20 02:40:00,2022-04-20 04:40:00,spread_reduced,Pseudo,-0.03169662600460699,0.003514858297145284
CHFJPY,CHFJPY,B,LONG,2022-04-20 05:25:00,2022-04-20 06:35:00,spread_reduced,Pseudo,-0.01208086773425432,-0.003744133478171552
CHFJPY,CHFJPY,B,SHORT,2022-04-20 09:35:00,2022-04-20 12:10:00,spread_reduced,Pseudo,-0.01875937384631099,0.0034667916456169573
CHFJPY,CHFJPY,B,SHORT,2022-04-21 17:50:00,2022-04-21 19:55:00,spread_reduced,Pseudo,-0.04073044037405937,0.0033295705681324734
CHFJPY,CHFJPY,B,SHORT,2022-04-22 04:20:00,2022-04-22 08:55:00,spread_reduced,Real,0.08456021880275943,0.0033961656232084567
EURGBP,EURGBP,B,LONG,2022-04-22 07:25:00,2022-04-22 10:50:00,spread_reduced,Pseudo,0.01652886900963546,-0.003276288859842744
EURAUD,EURAUD,B,LONG,2022-04-22 07:25:00,2022-04-22 10:50:00,spread_reduced,Real,-0.005043477254462747,-0.0030423396728554036
GBPUSD,GBPUSD,B,SHORT,2022-04-22 14:35:00,2022-04-22 16:35:00,spread_reduced,Pseudo,0.06345858319057318,0.003103157146182381
NZDJPY,NZDJPY,B,LONG,2022-04-24 22:00:00,2022-04-25 00:00:00,spread_reduced,Pseudo,-0.18188937878409472,-0.0033498848725345637
CHFJPY,CHFJPY,B,SHORT,2022-04-25 01:40:00,2022-04-25 04:35:00,spread_reduced,Pseudo,0.08480696838540913,0.0031285386502881937
CHFJPY,CHFJPY,B,SHORT,2022-04-25 06:30:00,2022-04-25 08:15:00,spread_reduced,Pseudo,-0.07946219222730866,0.0035062723954583158
CHFJPY,CHFJPY,B,SHORT,2022-04-25 10:05:00,2022-04-25 11:15:00,spread_reduced,Pseudo,-0.027499809407027787,0.003651285698612983
GBPUSD,GBPUSD,B,SHORT,2022-04-25 10:15:00,2022-04-25 11:20:00,spread_reduced,Pseudo,-0.09402235551205784,0.003057072965028816
CHFJPY,CHFJPY,B,LONG,2022-04-25 11:20:00,2022-04-25 13:20:00,spread_reduced,Pseudo,-0.022775534462793345,-0.0035425398595278937
CHFJPY,CHFJPY,B,SHORT,2022-04-25 13:20:00,2022-04-25 17:05:00,spread_reduced,Pseudo,0.2905023046714028,0.0033793148474976255
CHFJPY,CHFJPY,B,SHORT,2022-04-25 23:55:00,2022-04-26 02:05:00,spread_reduced,Real,0.05720985008079715,0.003298492410441948
CHFJPY,CHFJPY,B,LONG,2022-04-26 03:00:00,2022-04-26 05:30:00,spread_reduced,Pseudo,0.016859270806235394,-0.0032212270194484378
CHFJPY,CHFJPY,B,SHORT,2022-04-26 06:25:00,2022-04-26 08:25:00,spread_reduced,Pseudo,-0.09328437380188292,0.00300634026537635
CHFJPY,CHFJPY,B,SHORT,2022-04-26 11:55:00,2022-04-26 16:15:00,spread_reduced,Pseudo,0.14149102561405447,0.0031616540486842284
GBPUSD,GBPUSD,B,SHORT,2022-04-26 14:30:00,2022-04-26 16:55:00,spread_reduced,Pseudo,0.1298500694630722,0.0030100986131675923
CHFJPY,CHFJPY,B,SHORT,2022-04-26 20:20:00,2022-04-26 23:00:00,spread_reduced,Pseudo,0.01308141303421606,0.003479980682841996
CHFJPY,CHFJPY,B,LONG,2022-04-27 00:05:00,2022-04-27 05:25:00,spread_reduced,Pseudo,0.03988608156574314,-0.003228590952319128
CHFJPY,CHFJPY,B,SHORT,2022-04-27 12:40:00,2022-04-27 14:40:00,spread_reduced,Pseudo,-0.022275575295505057,0.0033295574083534365
CHFJPY,CHFJPY,B,LONG,2022-04-27 16:05:00,2022-04-27 17:40:00,spread_reduced,Real,0.013424749999835228,-0.003746418776793896
CHFJPY,CHFJPY,B,LONG,2022-04-28 03:10:00,2022-04-28 05:15:00,spread_reduced,Pseudo,0.04455239567315861,-0.0045633863801804965
EURGBP,EURGBP,B,SHORT,2022-04-28 07:20:00,2022-04-28 09:10:00,spread_reduced,Real,-0.06159740973459282,0.003463570839911572
CHFJPY,CHFJPY,B,LONG,2022-04-28 06:10:00,2022-04-28 09:25:00,spread_reduced,Pseudo,0.02084778264892506,-0.003941419405468678
GBPJPY,GBPJPY,B,LONG,2022-04-28 07:10:00,2022-04-28 09:25:00,spread_reduced,Pseudo,-0.10884551810797505,-0.0034934178346714244
CHFJPY,CHFJPY,B,SHORT,2022-04-28 09:50:00,2022-04-28 12:15:00,spread_reduced,Real,0.10149961743962654,0.004019120829111687
GBPJPY,GBPJPY,B,SHORT,2022-04-28 10:15:00,2022-04-28 12:30:00,spread_reduced,Both,0.14709812397969424,0.0031568272144972776
NZDJPY,NZDJPY,B,SHORT,2022-04-28 10:25:00,2022-04-28 12:30:00,spread_reduced,Real,-0.04926555661585175,0.0030729888668909757
EURGBP,EURGBP,B,LONG,2022-04-28 10:25:00,2022-04-28 15:25:00,spread_reduced,Pseudo,0.16783219461296017,-0.00332097176921774
CHFJPY,CHFJPY,B,LONG,2022-04-28 14:15:00,2022-04-28 16:15:00,spread_reduced,Real,-0.0004244438424283459,-0.0035572795420244297
CHFJPY,CHFJPY,B,LONG,2022-04-28 17:35:00,2022-04-28 18:20:00,spread_reduced,Pseudo,-0.07803606521630257,-0.0033354575849458903
CHFJPY,CHFJPY,B,LONG,2022-04-29 10:05:00,2022-04-29 11:00:00,spread_reduced,Pseudo,-0.15555161126707406,-0.0036434297244691822
CHFJPY,CHFJPY,B,SHORT,2022-04-29 11:30:00,2022-04-29 13:05:00,spread_reduced,Pseudo,-0.0843223461585274,0.003329130517164143
GBPUSD,GBPUSD,B,SHORT,2022-04-29 14:50:00,2022-04-29 18:10:00,spread_reduced,Both,-0.16524566240804228,0.0032963755736104307
CHFJPY,CHFJPY,B,SHORT,2022-04-29 14:50:00,2022-04-29 19:25:00,spread_reduced,Pseudo,0.12783085836480246,0.004339636908455791
GBPJPY,GBPJPY,B,SHORT,2022-04-29 14:55:00,2022-05-01 22:00:00,spread_reduced,Pseudo,-0.22177777421610312,0.0030999917236233265
CHFJPY,CHFJPY,B,LONG,2022-05-01 22:05:00,2022-05-02 00:05:00,spread_reduced,Pseudo,-0.11386408470797083,-0.0031803133753434765
CHFJPY,CHFJPY,B,SHORT,2022-05-02 00:15:00,2022-05-02 01:40:00,spread_reduced,Pseudo,-0.09827770324787322,0.0037406288028778104
CHFJPY,CHFJPY,B,SHORT,2022-05-02 09:35:00,2022-05-02 10:35:00,spread_reduced,Pseudo,-0.022100796040158688,0.003003005355995758
CHFJPY,CHFJPY,B,SHORT,2022-05-02 12:20:00,2022-05-02 13:45:00,spread_reduced,Pseudo,-0.036964901353642166,0.003114587777702758
GBPUSD,GBPUSD,B,LONG,2022-05-04 18:40:00,2022-05-04 21:45:00,spread_reduced,Both,0.34790088460244784,-0.003667161408416652
NZDUSD,NZDUSD,B,LONG,2022-05-04 18:50:00,2022-05-04 21:45:00,spread_reduced,Pseudo,0.09076721538280319,-0.003206642616538392
EURGBP,EURGBP,B,SHORT,2022-05-04 18:40:00,2022-05-04 21:55:00,spread_reduced,Neither,0.15623681495060548,0.0032123851560747234
NZDUSD,NZDUSD,B,SHORT,2022-05-05 11:25:00,2022-05-05 17:05:00,spread_reduced,Real,0.5404087994424545,0.0031075799469669468
CHFJPY,CHFJPY,B,SHORT,2022-05-05 15:20:00,2022-05-05 17:05:00,spread_reduced,Pseudo,-0.0491717814165793,0.003142622331179984
EURGBP,EURGBP,B,LONG,2022-05-05 11:20:00,2022-05-05 18:15:00,spread_reduced,Pseudo,0.102046082606988,-0.0031223651739392807
GBPUSD,GBPUSD,B,SHORT,2022-05-05 11:25:00,2022-05-05 18:15:00,spread_reduced,Pseudo,0.3357602329676246,0.003080697817319596
GBPJPY,GBPJPY,B,SHORT,2022-05-05 15:20:00,2022-05-05 18:15:00,spread_reduced,Pseudo,-0.043429723621568606,0.0033104977424958165
AUDJPY,AUDJPY,B,SHORT,2022-05-05 12:10:00,2022-05-05 18:40:00,spread_reduced,Pseudo,0.5407170252331062,0.0032240983518710795
CHFJPY,CHFJPY,B,SHORT,2022-05-06 06:55:00,2022-05-06 08:20:00,spread_reduced,Pseudo,-0.08276388985724026,0.003514821402873412
GBPUSD,GBPUSD,B,SHORT,2022-05-06 06:55:00,2022-05-06 08:55:00,spread_reduced,Pseudo,-0.2564911385238178,0.003035744945501558
EURGBP,EURGBP,B,LONG,2022-05-06 06:55:00,2022-05-06 08:55:00,spread_reduced,Real,0.07986554045827932,-0.0030175021202494693
CHFJPY,CHFJPY,B,LONG,2022-05-06 09:30:00,2022-05-06 10:25:00,spread_reduced,Real,-0.035221196448109726,-0.0036787621292196523
CHFJPY,CHFJPY,B,SHORT,2022-05-09 14:00:00,2022-05-09 16:20:00,spread_reduced,Pseudo,0.028001406912514515,0.0032959723701584394
CHFJPY,CHFJPY,B,SHORT,2022-05-09 18:20:00,2022-05-09 19:10:00,spread_reduced,Pseudo,-0.03477913277341038,0.003381314249991828
CHFJPY,CHFJPY,B,SHORT,2022-05-10 00:10:00,2022-05-10 02:00:00,spread_reduced,Pseudo,-0.08843252529020518,0.0030678140576680018
GBPJPY,GBPJPY,B,SHORT,2022-05-10 01:00:00,2022-05-10 02:05:00,spread_reduced,Pseudo,-0.327802732587712,0.0032399783064206043
GBPUSD,GBPUSD,B,SHORT,2022-05-10 01:00:00,2022-05-10 02:10:00,spread_reduced,Pseudo,-0.1287146755631685,0.003283384984257882
CHFJPY,CHFJPY,B,LONG,2022-05-10 02:25:00,2022-05-10 04:25:00,spread_reduced,Real,-0.02007953677455876,-0.0053902318004326565
GBPUSD,GBPUSD,B,LONG,2022-05-10 02:45:00,2022-05-10 04:35:00,spread_reduced,Pseudo,-0.025215976857445588,-0.003005087396394912
GBPJPY,GBPJPY,B,LONG,2022-05-10 02:55:00,2022-05-10 04:35:00,spread_reduced,Pseudo,-0.03946565448406103,-0.003501662068391931
CHFJPY,CHFJPY,B,LONG,2022-05-10 05:15:00,2022-05-10 06:30:00,spread_reduced,Real,-0.05691696615013342,-0.003044789247286713
GBPUSD,GBPUSD,B,SHORT,2022-05-10 07:50:00,2022-05-10 09:10:00,spread_reduced,Pseudo,-0.09146186758556274,0.0031281683349755765
CHFJPY,CHFJPY,B,SHORT,2022-05-10 07:15:00,2022-05-10 11:55:00,spread_reduced,Pseudo,0.10754220848006035,0.0038270402972115695
EURGBP,EURGBP,B,SHORT,2022-05-11 09:15:00,2022-05-11 10:55:00,spread_reduced,Pseudo,-0.10643665899668919,0.0030499404242449587
GBPUSD,GBPUSD,B,LONG,2022-05-11 09:10:00,2022-05-11 11:05:00,spread_reduced,Real,-0.14989180264142754,-0.0030087105694873916
AUDUSD,AUDUSD,B,SHORT,2022-05-11 12:50:00,2022-05-11 13:20:00,stop,Pseudo,-0.5194924100320408,0.0033524016057446377
GBPUSD,GBPUSD,B,SHORT,2022-05-11 12:35:00,2022-05-11 13:25:00,spread_reduced,Pseudo,-0.3345684745104105,0.0037653749772594497
EURGBP,EURGBP,B,LONG,2022-05-11 12:35:00,2022-05-11 13:35:00,spread_reduced,Pseudo,-0.18245081116007866,-0.0037828420869840786
EURAUD,EURAUD,B,LONG,2022-05-11 12:50:00,2022-05-11 13:40:00,stop,Pseudo,-0.5242099111976095,-0.0031576101546142866
CHFJPY,CHFJPY,B,LONG,2022-05-11 13:15:00,2022-05-11 15:15:00,spread_reduced,Pseudo,-0.019516894291932152,-0.003972042012262256
GBPUSD,GBPUSD,B,LONG,2022-05-11 14:35:00,2022-05-11 15:15:00,spread_reduced,Pseudo,-0.13910150686313738,-0.005137367620920552
AUDUSD,AUDUSD,B,LONG,2022-05-11 14:35:00,2022-05-11 15:15:00,spread_reduced,Pseudo,-0.22545651210438278,-0.0033881986216204043
EURGBP,EURGBP,B,SHORT,2022-05-11 14:40:00,2022-05-11 15:15:00,spread_reduced,Pseudo,-0.04246357888396668,0.004034110935312301
GBPJPY,GBPJPY,B,LONG,2022-05-11 14:45:00,2022-05-11 15:15:00,spread_reduced,Pseudo,-0.12157072553311554,-0.0033375222836364822
CHFJPY,CHFJPY,B,SHORT,2022-05-11 15:50:00,2022-05-11 19:10:00,spread_reduced,Real,0.3027197190146713,0.0035599560526416003
GBPJPY,GBPJPY,B,SHORT,2022-05-11 15:55:00,2022-05-11 19:25:00,spread_reduced,Pseudo,0.34501061987030623,0.0030432154518327055
AUDJPY,AUDJPY,B,SHORT,2022-05-11 17:35:00,2022-05-11 19:25:00,spread_reduced,Pseudo,-0.21890190690461164,0.003307592660207234
NZDJPY,NZDJPY,B,SHORT,2022-05-11 17:35:00,2022-05-11 19:25:00,spread_reduced,Pseudo,-0.15373604420354514,0.0030216124757079022
AUDUSD,AUDUSD,B,SHORT,2022-05-11 17:35:00,2022-05-11 21:15:00,spread_reduced,Both,-0.010459714644195373,0.003104206962018883
GBPUSD,GBPUSD,B,SHORT,2022-05-11 15:45:00,2022-05-11 21:20:00,spread_reduced,Real,0.30136567371771283,0.003916291783582928
EURGBP,EURGBP,B,LONG,2022-05-11 15:45:00,2022-05-11 21:35:00,spread_reduced,Real,0.17378609730812622,-0.003580916275550572
CHFJPY,CHFJPY,B,SHORT,2022-05-12 00:00:00,2022-05-12 01:40:00,spread_reduced,Both,-0.08640170969219652,0.003677447178322263
CHFJPY,CHFJPY,B,LONG,2022-05-12 02:15:00,2022-05-12 02:40:00,spread_reduced,Pseudo,-0.0959555455271821,-0.004121129535985551
GBPUSD,GBPUSD,B,SHORT,2022-05-12 04:20:00,2022-05-12 06:40:00,spread_reduced,Real,0.025469580874531994,0.0030976050857552846
EURJPY,EURJPY,B,SHORT,2022-05-12 07:35:00,2022-05-12 09:35:00,spread_reduced,Pseudo,0.1150961377541615,0.0033804744112861246
CHFJPY,CHFJPY,B,SHORT,2022-05-12 04:20:00,2022-05-12 10:10:00,spread_reduced,Pseudo,0.4040962724026542,0.0031035734152260654
NZDJPY,NZDJPY,B,SHORT,2022-05-12 07:35:00,2022-05-12 10:10:00,spread_reduced,Both,-0.06886655351164839,0.003649620593349472
CHFJPY,CHFJPY,B,SHORT,2022-05-12 12:35:00,2022-05-12 14:50:00,spread_reduced,Pseudo,0.19915408792951506,0.003463228357629324
CHFJPY,CHFJPY,B,LONG,2022-05-12 15:35:00,2022-05-12 16:10:00,spread_reduced,Real,-0.056867361207468825,-0.005379782318711718
CHFJPY,CHFJPY,B,SHORT,2022-05-12 17:10:00,2022-05-12 17:55:00,spread_reduced,Pseudo,-0.011516952915813228,0.003208634236661302
CHFJPY,CHFJPY,B,SHORT,2022-05-12 18:30:00,2022-05-12 19:25:00,spread_reduced,Both,-0.04403334138750603,0.003242078090570104
GBPJPY,GBPJPY,B,SHORT,2022-05-12 18:40:00,2022-05-12 19:30:00,spread_reduced,Pseudo,-0.12393532156282916,0.0031521053562250357
GBPUSD,GBPUSD,B,SHORT,2022-05-12 18:40:00,2022-05-12 19:30:00,spread_reduced,Pseudo,-0.056758330176620575,0.0033814849491529335
CHFJPY,CHFJPY,B,LONG,2022-05-12 20:40:00,2022-05-13 00:05:00,spread_reduced,Both,0.07293487542893162,-0.003068250231047199
CHFJPY,CHFJPY,B,LONG,2022-05-13 00:50:00,2022-05-13 03:15:00,spread_reduced,Real,0.06925443812404453,-0.003895494391673803
CHFJPY,CHFJPY,B,SHORT,2022-05-13 07:00:00,2022-05-13 07:30:00,spread_reduced,Pseudo,-0.17856269237982447,0.0036724963391758588
CHFJPY,CHFJPY,B,LONG,2022-05-13 11:50:00,2022-05-13 12:25:00,spread_reduced,Pseudo,-0.1276650628307341,-0.00310885901522238
CHFJPY,CHFJPY,B,LONG,2022-05-13 14:15:00,2022-05-13 16:50:00,spread_reduced,Pseudo,0.01121324458077666,-0.0033210170458433837
CHFJPY,CHFJPY,B,SHORT,2022-05-16 01:45:00,2022-05-16 04:10:00,spread_reduced,Pseudo,0.06484192742317041,0.00405161875459987
GBPJPY,GBPJPY,B,SHORT,2022-05-16 02:10:00,2022-05-16 04:20:00,spread_reduced,Pseudo,-0.01344892822975341,0.0036769210176858464
GBPUSD,GBPUSD,B,SHORT,2022-05-16 02:10:00,2022-05-16 05:10:00,spread_reduced,Pseudo,0.019884992734553464,0.0036971250799349956
EURGBP,EURGBP,B,LONG,2022-05-16 03:10:00,2022-05-16 05:20:00,spread_reduced,Pseudo,0.027679875205743887,-0.003368042832657543
CHFJPY,CHFJPY,B,LONG,2022-05-16 07:25:00,2022-05-16 09:45:00,spread_reduced,Real,-0.053368484243182523,-0.0036984906221391232
CHFJPY,CHFJPY,B,LONG,2022-05-16 12:00:00,2022-05-16 12:35:00,spread_reduced,Pseudo,-0.1824169540922571,-0.003401098010592787
CHFJPY,CHFJPY,B,SHORT,2022-05-16 13:45:00,2022-05-16 15:15:00,spread_reduced,Pseudo,-0.07050111238094958,0.0032258831719274308
CHFJPY,CHFJPY,B,LONG,2022-05-16 17:25:00,2022-05-16 19:45:00,spread_reduced,Pseudo,-0.02155136456996054,-0.0030035036698617657
GBPUSD,GBPUSD,B,LONG,2022-05-16 18:55:00,2022-05-16 20:35:00,spread_reduced,Real,0.016298696303984617,-0.003027518240019491
CHFJPY,CHFJPY,B,LONG,2022-05-17 01:35:00,2022-05-17 02:50:00,spread_reduced,Pseudo,-0.07128093109797229,-0.004782868959667691
CHFJPY,CHFJPY,B,LONG,2022-05-17 08:05:00,2022-05-17 10:05:00,spread_reduced,Pseudo,-0.05144252019541051,-0.004360039580680286
GBPJPY,GBPJPY,B,LONG,2022-05-17 08:10:00,2022-05-17 10:10:00,spread_reduced,Pseudo,-0.08516356180654494,-0.0035151689278394376
NZDJPY,NZDJPY,B,LONG,2022-05-17 08:10:00,2022-05-17 10:10:00,spread_reduced,Pseudo,-0.053666746844927005,-0.0032955161156230884
GBPUSD,GBPUSD,B,LONG,2022-05-17 08:10:00,2022-05-17 10:15:00,spread_reduced,Real,0.05699528963291067,-0.003086073028059852
EURGBP,EURGBP,B,SHORT,2022-05-17 08:20:00,2022-05-17 10:15:00,spread_reduced,Pseudo,-0.13199690167364775,0.0030109199600474434
NZDUSD,NZDUSD,B,LONG,2022-05-17 08:20:00,2022-05-17 10:40:00,spread_reduced,Pseudo,0.03958883975195837,-0.0030682231663889093
CHFJPY,CHFJPY,B,LONG,2022-05-17 12:55:00,2022-05-17 14:10:00,spread_reduced,Pseudo,-0.1264190852737601,-0.0030873697560820862
CHFJPY,CHFJPY,B,SHORT,2022-05-17 14:40:00,2022-05-17 16:35:00,spread_reduced,Both,-0.040225352816281035,0.004087628519421676
CHFJPY,CHFJPY,B,SHORT,2022-05-18 01:30:00,2022-05-18 05:10:00,spread_reduced,Pseudo,-0.024500285840578506,0.0037727352484545314
EURGBP,EURGBP,B,LONG,2022-05-18 07:55:00,2022-05-18 09:35:00,spread_reduced,Pseudo,-0.026502282836982083,-0.003056610694402907
CHFJPY,CHFJPY,B,SHORT,2022-05-18 13:10:00,2022-05-18 19:55:00,spread_reduced,Pseudo,-0.244917870454342,0.00301072074268655
CHFJPY,CHFJPY,B,LONG,2022-05-19 01:45:00,2022-05-19 05:35:00,spread_reduced,Pseudo,0.1413282491895762,-0.003454993891676105
GBPJPY,GBPJPY,B,LONG,2022-05-19 03:05:00,2022-05-19 05:45:00,spread_reduced,Pseudo,-0.06793528607201282,-0.00301062236766722
GBPUSD,GBPUSD,B,LONG,2022-05-19 03:05:00,2022-05-19 05:45:00,spread_reduced,Pseudo,-0.022170474972710297,-0.0034118832795621925
GBPUSD,GBPUSD,B,SHORT,2022-05-19 07:20:00,2022-05-19 08:20:00,spread_reduced,Pseudo,-0.20696862330299437,0.003236683579729471
CHFJPY,CHFJPY,B,SHORT,2022-05-19 08:00:00,2022-05-19 10:15:00,spread_reduced,Pseudo,-0.09243177266302638,0.00373758236510917
CHFJPY,CHFJPY,B,LONG,2022-05-19 11:40:00,2022-05-19 12:35:00,spread_reduced,Pseudo,-0.12369009631151284,-0.003044702927782203
CHFJPY,CHFJPY,B,SHORT,2022-05-19 12:50:00,2022-05-19 13:35:00,spread_reduced,Pseudo,-0.13727807198937736,0.003326743998113687
GBPUSD,GBPUSD,B,LONG,2022-05-19 13:30:00,2022-05-19 16:00:00,spread_reduced,Real,0.143745194123035,-0.003163831616001236
EURGBP,EURGBP,B,SHORT,2022-05-19 14:00:00,2022-05-19 16:00:00,spread_reduced,Real,-0.07687693800122464,0.003686982083876686
NZDUSD,NZDUSD,B,LONG,2022-05-19 14:20:00,2022-05-19 16:00:00,spread_reduced,Real,-0.1245133214150651,-0.0031530460520073646
CHFJPY,CHFJPY,B,LONG,2022-05-19 14:30:00,2022-05-19 17:40:00,spread_reduced,Real,0.1949931691899054,-0.0033498895851854903
CHFJPY,CHFJPY,B,SHORT,2022-05-20 03:35:00,2022-05-20 05:30:00,spread_reduced,Pseudo,-0.023104809131846427,0.00331528152142509
CHFJPY,CHFJPY,B,LONG,2022-05-20 05:50:00,2022-05-20 08:05:00,spread_reduced,Pseudo,-0.09658357296020159,-0.003854155734552552
CHFJPY,CHFJPY,B,LONG,2022-05-20 08:50:00,2022-05-20 10:55:00,spread_reduced,Pseudo,0.115607957954178,-0.0031998987574216988
CHFJPY,CHFJPY,B,SHORT,2022-05-20 12:50:00,2022-05-20 13:20:00,spread_reduced,Pseudo,-0.08029845898097632,0.0037219442269843302
CHFJPY,CHFJPY,B,SHORT,2022-05-20 15:20:00,2022-05-20 18:40:00,spread_reduced,Pseudo,0.03860729683004549,0.0038120352415518307
CHFJPY,CHFJPY,B,LONG,2022-05-20 20:20:00,2022-05-23 00:00:00,spread_reduced,Pseudo,-0.04488040491452683,-0.0032834597750265944
GBPUSD,GBPUSD,B,LONG,2022-05-20 20:35:00,2022-05-23 02:30:00,spread_reduced,Pseudo,0.16286184019430605,-0.003020468150440396
CHFJPY,CHFJPY,B,SHORT,2022-05-23 02:15:00,2022-05-23 03:55:00,spread_reduced,Pseudo,-0.06216119365847206,0.003282347489199049
CHFJPY,CHFJPY,B,LONG,2022-05-23 09:35:00,2022-05-23 11:35:00,spread_reduced,Pseudo,0.011057686510029807,-0.003248622590271505
EURGBP,EURGBP,B,LONG,2022-05-24 08:40:00,2022-05-24 10:35:00,spread_reduced,Pseudo,-0.07381920163548328,-0.0037808996631588185
EURAUD,EURAUD,B,LONG,2022-05-24 08:40:00,2022-05-24 10:35:00,spread_reduced,Real,-0.002558901008958836,-0.003421959617845549
CHFJPY,CHFJPY,B,SHORT,2022-05-24 08:50:00,2022-05-24 10:35:00,spread_reduced,Pseudo,0.08625850581012728,0.003700121114867678
AUDUSD,AUDUSD,B,SHORT,2022-05-24 08:50:00,2022-05-24 10:35:00,spread_reduced,Pseudo,-0.08188044685185636,0.003150011454658153
GBPUSD,GBPUSD,B,SHORT,2022-05-24 08:40:00,2022-05-24 10:40:00,spread_reduced,Pseudo,-0.14639223865038353,0.0031960039579669586
CHFJPY,CHFJPY,B,SHORT,2022-05-24 13:30:00,2022-05-24 15:45:00,spread_reduced,Both,0.02090561352850462,0.004510617090180296
CHFJPY,CHFJPY,B,LONG,2022-05-24 16:10:00,2022-05-24 17:00:00,spread_reduced,Pseudo,-0.08274163174445404,-0.0030960078459375522
CHFJPY,CHFJPY,B,LONG,2022-05-25 03:00:00,2022-05-25 05:00:00,spread_reduced,Real,-0.05597780222683091,-0.003170364946783956
GBPUSD,GBPUSD,B,LONG,2022-05-25 03:20:00,2022-05-25 05:35:00,spread_reduced,Pseudo,0.025935601159954302,-0.003514610930570347
GBPJPY,GBPJPY,B,LONG,2022-05-25 03:30:00,2022-05-25 05:35:00,spread_reduced,Pseudo,-0.014467595197054095,-0.0030906067075774793
CHFJPY,CHFJPY,B,SHORT,2022-05-25 09:00:00,2022-05-25 10:25:00,spread_reduced,Neither,0.005365980315125141,0.0031434478318508896
CHFJPY,CHFJPY,B,SHORT,2022-05-25 11:50:00,2022-05-25 13:15:00,spread_reduced,Pseudo,-0.1891532359741266,0.003070733953797915
GBPUSD,GBPUSD,B,SHORT,2022-05-25 09:10:00,2022-05-25 13:25:00,spread_reduced,Pseudo,-0.04958076562092684,0.0033127523579779814
CHFJPY,CHFJPY,B,LONG,2022-05-25 13:35:00,2022-05-25 16:20:00,spread_reduced,Neither,-0.0016564699087506796,-0.003220246569918618
CHFJPY,CHFJPY,B,LONG,2022-05-26 00:50:00,2022-05-26 02:05:00,spread_reduced,Real,-0.061982945260868894,-0.003135261069614134
CHFJPY,CHFJPY,B,SHORT,2022-05-26 05:55:00,2022-05-26 09:45:00,spread_reduced,Neither,0.0469487057726925,0.0031397125385220106
CHFJPY,CHFJPY,B,LONG,2022-05-26 11:10:00,2022-05-26 13:10:00,spread_reduced,Real,-0.0014699166464127167,-0.0037187275291029713
CHFJPY,CHFJPY,B,LONG,2022-05-26 15:10:00,2022-05-26 17:00:00,spread_reduced,Pseudo,-0.017690544505954975,-0.0031451857615909934
CHFJPY,CHFJPY,B,LONG,2022-05-31 00:10:00,2022-05-31 02:00:00,spread_reduced,Real,-0.03519133616950998,-0.0035555885588655117
CHFJPY,CHFJPY,B,LONG,2022-05-31 13:10:00,2022-05-31 16:10:00,spread_reduced,Pseudo,0.07103326166804091,-0.0037229960219963307
CHFJPY,CHFJPY,B,LONG,2022-06-01 01:30:00,2022-06-01 03:00:00,spread_reduced,Pseudo,-0.05490027236533246,-0.003042681420395794
CHFJPY,CHFJPY,B,LONG,2022-06-01 07:15:00,2022-06-01 09:00:00,spread_reduced,Pseudo,-0.12123336284808328,-0.0031662250357020545
NZDJPY,NZDJPY,B,SHORT,2022-06-01 14:10:00,2022-06-01 16:20:00,spread_reduced,Pseudo,0.0028681721168322127,0.003102980060215433
GBPUSD,GBPUSD,B,SHORT,2022-06-01 14:30:00,2022-06-01 16:20:00,spread_reduced,Real,0.08024745598157468,0.0033487057127060834
CHFJPY,CHFJPY,B,LONG,2022-06-01 17:35:00,2022-06-01 19:40:00,spread_reduced,Pseudo,-0.018002375497055967,-0.003112029107943807
CHFJPY,CHFJPY,B,LONG,2022-06-02 14:10:00,2022-06-02 19:00:00,spread_reduced,Pseudo,0.05200533942250063,-0.0030512130170004996
CHFJPY,CHFJPY,B,LONG,2022-06-03 13:55:00,2022-06-03 14:30:00,spread_reduced,Real,-0.08583115934500674,-0.0030970179934602985
CHFJPY,CHFJPY,B,SHORT,2022-06-06 01:30:00,2022-06-06 03:25:00,spread_reduced,Pseudo,-0.04339293834954017,0.0032112744802005114
CHFJPY,CHFJPY,B,LONG,2022-06-06 07:55:00,2022-06-06 10:00:00,spread_reduced,Real,0.002290146761274592,-0.0030938322917405904
GBPUSD,GBPUSD,B,LONG,2022-06-06 08:10:00,2022-06-06 10:10:00,spread_reduced,Pseudo,-0.0930771853025647,-0.003069695255733853
CHFJPY,CHFJPY,B,LONG,2022-06-06 15:10:00,2022-06-06 19:55:00,spread_reduced,Pseudo,-0.06589163093103645,-0.003121174222571644
CHFJPY,CHFJPY,B,LONG,2022-06-07 01:15:00,2022-06-07 03:15:00,spread_reduced,Real,0.019124521511171277,-0.0033430315650481227
EURGBP,EURGBP,B,SHORT,2022-06-07 04:30:00,2022-06-07 05:05:00,spread_reduced,Pseudo,-0.07964385017248388,0.0030927436649067093
CHFJPY,CHFJPY,B,LONG,2022-06-07 04:35:00,2022-06-07 06:20:00,spread_reduced,Real,-0.048586747456624835,-0.0030759327826972477
EURGBP,EURGBP,B,LONG,2022-06-07 06:30:00,2022-06-07 07:05:00,spread_reduced,Pseudo,-0.0979772005379076,-0.003641378550781396
NZDUSD,NZDUSD,B,LONG,2022-06-07 15:10:00,2022-06-07 17:35:00,spread_reduced,Pseudo,-0.04234964118464135,-0.0031293944191939367
CHFJPY,CHFJPY,B,LONG,2022-06-07 15:10:00,2022-06-07 17:40:00,spread_reduced,Pseudo,-0.03277526133780295,-0.0030238771402873693
GBPUSD,GBPUSD,B,LONG,2022-06-07 14:45:00,2022-06-07 17:55:00,spread_reduced,Pseudo,0.00912131189221288,-0.0032850363810450747
EURGBP,EURGBP,B,SHORT,2022-06-07 14:50:00,2022-06-07 17:55:00,spread_reduced,Pseudo,0.028488645953456126,0.0034818480325876774
GBPJPY,GBPJPY,B,LONG,2022-06-07 15:10:00,2022-06-07 17:55:00,spread_reduced,Pseudo,0.005914489760261432,-0.0031083599747606014
CHFJPY,CHFJPY,B,LONG,2022-06-08 08:10:00,2022-06-08 14:20:00,spread_reduced,Neither,0.21024896028650764,-0.0030587353410032134
CHFJPY,CHFJPY,B,SHORT,2022-06-09 05:35:00,2022-06-09 09:20:00,spread_reduced,Pseudo,0.14505716869339103,0.0032349375145717596
CHFJPY,CHFJPY,B,LONG,2022-06-09 12:00:00,2022-06-09 13:40:00,spread_reduced,Pseudo,0.11428405357117866,-0.003109682424596331
NZDJPY,NZDJPY,B,LONG,2022-06-09 12:10:00,2022-06-09 14:00:00,spread_reduced,Pseudo,-0.2689682638687574,-0.0030926939919125066
CHFJPY,CHFJPY,B,SHORT,2022-06-09 14:10:00,2022-06-09 14:55:00,spread_reduced,Pseudo,0.08919689951411014,0.003789782905926154
CHFJPY,CHFJPY,B,SHORT,2022-06-10 12:50:00,2022-06-10 14:55:00,spread_reduced,Pseudo,0.01922733663662357,0.003344817691132162
GBPUSD,GBPUSD,B,SHORT,2022-06-10 13:30:00,2022-06-10 16:20:00,spread_reduced,Real,0.27146099532834866,0.0032965451823923214
EURGBP,EURGBP,B,LONG,2022-06-10 14:00:00,2022-06-10 16:55:00,spread_reduced,Neither,0.18033578635154868,-0.0033886462271511065
GBPJPY,GBPJPY,B,SHORT,2022-06-10 14:00:00,2022-06-10 17:05:00,spread_reduced,Real,0.1498278681435039,0.0032326742614158955
AUDUSD,AUDUSD,B,SHORT,2022-06-10 14:05:00,2022-06-10 17:35:00,spread_reduced,Pseudo,-0.041636834087033225,0.003029837012680454
NZDUSD,NZDUSD,B,SHORT,2022-06-10 14:15:00,2022-06-10 17:35:00,spread_reduced,Pseudo,-0.006022633640179187,0.0031685436861618606
CHFJPY,CHFJPY,B,SHORT,2022-06-13 06:05:00,2022-06-13 10:40:00,spread_reduced,Pseudo,0.19569649236399478,0.003966597309908649
EURGBP,EURGBP,B,LONG,2022-06-13 09:00:00,2022-06-13 12:20:00,spread_reduced,Pseudo,0.014205975275694005,-0.003102609652906357
GBPUSD,GBPUSD,B,SHORT,2022-06-13 08:55:00,2022-06-13 12:35:00,spread_reduced,Both,0.08071602906661313,0.003117394832745338
CHFJPY,CHFJPY,B,SHORT,2022-06-13 12:20:00,2022-06-13 15:35:00,spread_reduced,Pseudo,0.23760862767245317,0.0032516044856564673
GBPJPY,GBPJPY,B,SHORT,2022-06-13 09:10:00,2022-06-13 16:10:00,spread_reduced,Pseudo,0.24871973951639537,0.0033863590574251907
GBPUSD,GBPUSD,B,SHORT,2022-06-13 14:40:00,2022-06-13 16:15:00,spread_reduced,Pseudo,-0.24611576047477435,0.0033712653409844577
EURGBP,EURGBP,B,LONG,2022-06-13 14:50:00,2022-06-13 16:15:00,spread_reduced,Pseudo,-0.1365195134518271,-0.0032735925225955745
CHFJPY,CHFJPY,B,LONG,2022-06-13 16:20:00,2022-06-13 18:10:00,spread_reduced,Pseudo,-0.03994847323656736,-0.00355192900951808
CHFJPY,CHFJPY,B,LONG,2022-06-14 03:25:00,2022-06-14 06:00:00,spread_reduced,Pseudo,0.008626103595776868,-0.003795152898555626
CHFJPY,CHFJPY,B,SHORT,2022-06-14 08:15:00,2022-06-14 11:55:00,spread_reduced,Neither,0.0731606199045276,0.0032769114516125737
GBPUSD,GBPUSD,B,SHORT,2022-06-14 08:10:00,2022-06-14 12:40:00,spread_reduced,Both,0.3408712774648326,0.003095196877190235
EURGBP,EURGBP,B,LONG,2022-06-14 08:25:00,2022-06-14 13:05:00,spread_reduced,Neither,0.24817828612648807,-0.00315562234249834
AUDUSD,AUDUSD,B,SHORT,2022-06-14 11:20:00,2022-06-14 13:05:00,spread_reduced,Real,-0.12049736382321319,0.0031425592333502146
EURAUD,EURAUD,B,LONG,2022-06-14 11:20:00,2022-06-14 13:20:00,spread_reduced,Pseudo,-0.016416058664897593,-0.0033536814257896217
CHFJPY,CHFJPY,B,SHORT,2022-06-14 14:25:00,2022-06-14 15:40:00,spread_reduced,Real,-0.014160321432210576,0.0031986128637002463
CHFJPY,CHFJPY,B,LONG,2022-06-14 20:35:00,2022-06-14 23:00:00,spread_reduced,Pseudo,0.018060642474360122,-0.003098891437800829
CHFJPY,CHFJPY,B,LONG,2022-06-15 02:05:00,2022-06-15 03:15:00,spread_reduced,Pseudo,-0.08630008036566439,-0.0031283626737053
CHFJPY,CHFJPY,B,SHORT,2022-06-15 05:05:00,2022-06-15 07:10:00,spread_reduced,Real,0.013850706194834528,0.0033829045696878142
GBPUSD,GBPUSD,B,LONG,2022-06-15 19:00:00,2022-06-15 21:15:00,spread_reduced,Real,0.132097905477091,-0.003001772035371426
NZDUSD,NZDUSD,B,LONG,2022-06-15 19:15:00,2022-06-15 21:15:00,spread_reduced,Pseudo,-0.05483694651299276,-0.0030137923691335015
GBPJPY,GBPJPY,B,LONG,2022-06-15 19:20:00,2022-06-15 21:20:00,spread_reduced,Real,-0.07155766481654613,-0.003581143967706399
AUDUSD,AUDUSD,B,LONG,2022-06-15 19:20:00,2022-06-15 21:20:00,spread_reduced,Pseudo,-0.11792957918813074,-0.0033947235583472045
EURAUD,EURAUD,B,SHORT,2022-06-15 19:30:00,2022-06-15 21:20:00,spread_reduced,Pseudo,-0.07441498722311479,0.0030913802756626346
EURGBP,EURGBP,B,SHORT,2022-06-15 19:05:00,2022-06-15 21:25:00,spread_reduced,Pseudo,0.038935331754824665,0.003231447331762254
CHFJPY,CHFJPY,B,LONG,2022-06-15 22:15:00,2022-06-16 03:05:00,spread_reduced,Pseudo,0.07616530757377227,-0.0034676388941443995
GBPUSD,GBPUSD,B,SHORT,2022-06-16 07:20:00,2022-06-16 09:10:00,spread_reduced,Pseudo,-0.14917068145917645,0.0032983727196143225
USDJPY,USDJPY,B,LONG,2022-06-16 07:30:00,2022-06-16 09:10:00,stop,Pseudo,-0.5208655389193684,-0.003133666972798091
USDJPY,USDJPY,B,SHORT,2022-06-16 09:55:00,2022-06-16 11:00:00,spread_reduced,Pseudo,-0.11582910974756722,0.0030527292552548655
EURJPY,EURJPY,B,SHORT,2022-06-16 09:55:00,2022-06-16 11:00:00,spread_reduced,Both,-0.055032595089854475,0.0034936660958151274
CHFJPY,CHFJPY,B,SHORT,2022-06-16 09:15:00,2022-06-16 11:25:00,spread_reduced,Pseudo,-0.013354890564731825,0.008641288838663507
GBPUSD,GBPUSD,B,LONG,2022-06-16 13:00:00,2022-06-16 14:30:00,spread_reduced,Pseudo,0.14397883063267392,-0.003742449898191151
AUDUSD,AUDUSD,B,LONG,2022-06-16 13:00:00,2022-06-16 14:30:00,spread_reduced,Pseudo,-0.12746944814263084,-0.0030869652619550333
EURGBP,EURGBP,B,SHORT,2022-06-16 13:10:00,2022-06-16 14:30:00,spread_reduced,Pseudo,-0.03078518473773606,0.00474889157621063
EURAUD,EURAUD,B,SHORT,2022-06-16 13:10:00,2022-06-16 14:30:00,spread_reduced,Pseudo,-0.20718888459990703,0.004148082584719347
GBPJPY,GBPJPY,B,LONG,2022-06-16 13:10:00,2022-06-16 14:40:00,spread_reduced,Pseudo,0.07465892420983611,-0.0034088376028948205
CHFJPY,CHFJPY,B,LONG,2022-06-16 13:10:00,2022-06-16 15:15:00,spread_reduced,Pseudo,0.10640841798951195,-0.0034575797819404223
CHFJPY,CHFJPY,B,SHORT,2022-06-16 15:50:00,2022-06-16 16:00:00,spread_reduced,Pseudo,-0.0825435858847201,0.003575065733045663
EURAUD,EURAUD,B,SHORT,2022-06-16 16:45:00,2022-06-16 18:20:00,spread_reduced,Pseudo,0.01463358006400517,0.0031988929993619656
NZDJPY,NZDJPY,B,LONG,2022-06-16 13:00:00,2022-06-16 18:25:00,spread_reduced,Neither,0.42377921148574194,-0.0033330614107937645
CHFJPY,CHFJPY,B,LONG,2022-06-16 17:40:00,2022-06-16 18:25:00,spread_reduced,Real,0.02780212929197612,-0.0041834892932077605
NZDUSD,NZDUSD,B,LONG,2022-06-16 13:00:00,2022-06-16 18:40:00,spread_reduced,Real,0.7778509205003226,-0.004173970674690862
GBPUSD,GBPUSD,B,LONG,2022-06-16 16:20:00,2022-06-16 18:40:00,spread_reduced,Real,0.011569958449564322,-0.0031473284305481414
GBPJPY,GBPJPY,B,LONG,2022-06-16 16:40:00,2022-06-16 18:40:00,spread_reduced,Real,-0.019885089158372393,-0.0031271762678852576
AUDUSD,AUDUSD,B,LONG,2022-06-16 16:40:00,2022-06-16 18:40:00,spread_reduced,Real,0.1780804647274814,-0.0035717515236685297
EURGBP,EURGBP,B,SHORT,2022-06-16 16:30:00,2022-06-16 18:45:00,spread_reduced,Pseudo,-0.22800662908203373,0.003563574620782324
CHFJPY,CHFJPY,B,LONG,2022-06-17 03:00:00,2022-06-17 05:00:00,spread_reduced,Real,0.004714554269003024,-0.0030084318347957505
GBPUSD,GBPUSD,B,SHORT,2022-06-17 03:45:00,2022-06-17 05:00:00,spread_reduced,Pseudo,-0.08559178193081607,0.003208733378818761
NZDUSD,NZDUSD,B,SHORT,2022-06-17 03:45:00,2022-06-17 05:00:00,spread_reduced,Pseudo,-0.12650651176516758,0.003141830332127888
AUDUSD,AUDUSD,B,SHORT,2022-06-17 03:45:00,2022-06-17 05:05:00,spread_reduced,Real,-0.02218594849708877,0.0031245024054891556
GBPJPY,GBPJPY,B,LONG,2022-06-17 08:40:00,2022-06-17 10:40:00,spread_reduced,Pseudo,-0.10229396393292012,-0.0031425150497277907
CHFJPY,CHFJPY,B,LONG,2022-06-17 07:20:00,2022-06-17 11:05:00,spread_reduced,Pseudo,0.01467151172800385,-0.004024304087544297
CHFJPY,CHFJPY,B,SHORT,2022-06-17 12:10:00,2022-06-17 15:00:00,spread_reduced,Pseudo,0.14308626082501497,0.0036498435147563728
GBPUSD,GBPUSD,B,SHORT,2022-06-17 14:15:00,2022-06-17 16:25:00,spread_reduced,Pseudo,0.015271404002970002,0.0032213304387532383
GBPJPY,GBPJPY,B,SHORT,2022-06-17 14:35:00,2022-06-17 16:30:00,spread_reduced,Pseudo,-0.03905742817703617,0.003187587690190181
EURGBP,EURGBP,B,LONG,2022-06-17 14:15:00,2022-06-17 16:35:00,spread_reduced,Pseudo,0.07048866963027534,-0.0032333834375654763
AUDUSD,AUDUSD,B,SHORT,2022-06-17 14:40:00,2022-06-17 16:35:00,spread_reduced,Pseudo,-0.07517928232193549,0.003378484197883262
EURAUD,EURAUD,B,LONG,2022-06-17 14:40:00,2022-06-17 16:50:00,spread_reduced,Pseudo,-0.009665728890456693,-0.0032655591419653842
CHFJPY,CHFJPY,B,LONG,2022-06-19 23:25:00,2022-06-20 01:40:00,spread_reduced,Real,-0.03427361471946555,-0.0031400886090271222
AUDJPY,AUDJPY,B,LONG,2022-06-20 02:05:00,2022-06-20 05:00:00,spread_reduced,Pseudo,0.17863387951285725,-0.0045150159660706565
CHFJPY,CHFJPY,B,LONG,2022-06-21 08:15:00,2022-06-21 10:15:00,spread_reduced,Pseudo,0.0006491115937756753,-0.0034215469689461795
CHFJPY,CHFJPY,B,LONG,2022-06-21 11:50:00,2022-06-21 15:35:00,spread_reduced,Pseudo,0.13935842026671086,-0.0031615742102235004
CHFJPY,CHFJPY,B,SHORT,2022-06-21 23:40:00,2022-06-22 04:45:00,spread_reduced,Real,0.08901848181158689,0.003387173882279361
CHFJPY,CHFJPY,B,SHORT,2022-06-22 08:20:00,2022-06-22 09:05:00,spread_reduced,Neither,0.020320931211614823,0.0031380246157707028
GBPUSD,GBPUSD,B,SHORT,2022-06-22 08:05:00,2022-06-22 09:50:00,spread_reduced,Pseudo,-0.18920900666791196,0.0030505562648075564
NZDJPY,NZDJPY,B,LONG,2022-06-22 14:35:00,2022-06-22 16:35:00,spread_reduced,Pseudo,0.006209258006717455,-0.0030121206516453775
CHFJPY,CHFJPY,B,LONG,2022-06-22 14:25:00,2022-06-22 19:05:00,spread_reduced,Pseudo,0.12718811643417371,-0.0032163875950179917
CHFJPY,CHFJPY,B,SHORT,2022-06-23 02:10:00,2022-06-23 04:40:00,spread_reduced,Both,0.07994144368136391,0.0032715856642471387
CHFJPY,CHFJPY,B,LONG,2022-06-23 06:15:00,2022-06-23 07:25:00,spread_reduced,Pseudo,-0.1705455157980984,-0.0030809619390875093
CHFJPY,CHFJPY,B,SHORT,2022-06-23 07:35:00,2022-06-23 09:40:00,spread_reduced,Real,0.10007359194051935,0.003659357107010425
NZDJPY,NZDJPY,B,SHORT,2022-06-23 07:55:00,2022-06-23 09:55:00,spread_reduced,Pseudo,-0.03380423087459006,0.003524152586506857
CHFJPY,CHFJPY,B,LONG,2022-06-23 11:45:00,2022-06-23 12:30:00,spread_reduced,Pseudo,-0.15729350229857775,-0.003022722754794639
CHFJPY,CHFJPY,B,SHORT,2022-06-23 13:45:00,2022-06-23 15:45:00,spread_reduced,Pseudo,-0.08964216201268194,0.00537371083351516
CHFJPY,CHFJPY,B,LONG,2022-06-23 19:00:00,2022-06-23 21:05:00,spread_reduced,Neither,-0.05149819336954242,-0.0030145953782285944
CHFJPY,CHFJPY,B,LONG,2022-06-24 10:10:00,2022-06-24 11:35:00,spread_reduced,Both,-0.01391619688366763,-0.003322870114768802
CHFJPY,CHFJPY,B,SHORT,2022-06-27 00:40:00,2022-06-27 02:35:00,spread_reduced,Both,-0.027968933946143082,0.003797404003920096
CHFJPY,CHFJPY,B,LONG,2022-06-27 06:30:00,2022-06-27 08:50:00,spread_reduced,Pseudo,-0.07982573785154656,-0.0030754110343227097
CHFJPY,CHFJPY,B,LONG,2022-06-27 15:45:00,2022-06-27 17:30:00,spread_reduced,Pseudo,0.020008421335815374,-0.0030215645714351713
CHFJPY,CHFJPY,B,LONG,2022-06-28 06:35:00,2022-06-28 09:15:00,spread_reduced,Pseudo,0.10115530282147622,-0.0031086355257516243
CHFJPY,CHFJPY,B,SHORT,2022-06-29 06:05:00,2022-06-29 07:40:00,spread_reduced,Pseudo,-0.06772466235799302,0.003752643123698274
CHFJPY,CHFJPY,B,LONG,2022-06-29 10:40:00,2022-06-29 12:25:00,spread_reduced,Pseudo,-0.0770341688547338,-0.00314108253227151
CHFJPY,CHFJPY,B,SHORT,2022-06-29 16:20:00,2022-06-29 18:05:00,spread_reduced,Real,-0.019395977783265295,0.0033946454686352326
CHFJPY,CHFJPY,B,SHORT,2022-06-30 07:10:00,2022-06-30 08:05:00,spread_reduced,Pseudo,-0.09863659459194984,0.0031932335546532727
GBPUSD,GBPUSD,B,LONG,2022-06-30 13:30:00,2022-06-30 14:30:00,spread_reduced,Pseudo,-0.004810925625331475,-0.0031434321323197388
GBPJPY,GBPJPY,B,SHORT,2022-07-01 03:15:00,2022-07-01 06:10:00,spread_reduced,Pseudo,0.08399045614832512,0.0033452065190702636
GBPUSD,GBPUSD,B,SHORT,2022-07-01 03:25:00,2022-07-01 06:10:00,spread_reduced,Real,-0.01367359788724265,0.003124242931098859
EURGBP,EURGBP,B,LONG,2022-07-01 03:45:00,2022-07-01 06:10:00,spread_reduced,Pseudo,-0.00996529983012806,-0.0030787674619573865
CHFJPY,CHFJPY,B,SHORT,2022-07-01 02:20:00,2022-07-01 06:20:00,spread_reduced,Pseudo,0.25554186979291904,0.0031783220540916104
CHFJPY,CHFJPY,B,LONG,2022-07-01 09:00:00,2022-07-01 10:20:00,spread_reduced,Pseudo,-0.09704500706748109,-0.003918389094735535
CHFJPY,CHFJPY,B,SHORT,2022-07-01 10:50:00,2022-07-01 13:20:00,spread_reduced,Pseudo,0.050103549322377816,0.0033074023958278957
CHFJPY,CHFJPY,B,SHORT,2022-07-01 14:10:00,2022-07-01 15:05:00,spread_reduced,Pseudo,-0.05125520183252297,0.003920984812305854
GBPUSD,GBPUSD,B,LONG,2022-07-01 14:20:00,2022-07-01 20:15:00,spread_reduced,Pseudo,0.388369452658055,-0.0030149169170925307
CHFJPY,CHFJPY,B,LONG,2022-07-01 16:10:00,2022-07-01 20:20:00,spread_reduced,Pseudo,0.15721242268630364,-0.00422408403318531
CHFJPY,CHFJPY,B,SHORT,2022-07-04 01:30:00,2022-07-04 01:55:00,spread_reduced,Pseudo,-0.07419518394528035,0.0031956927755372034
CHFJPY,CHFJPY,B,LONG,2022-07-04 06:00:00,2022-07-04 08:10:00,spread_reduced,Pseudo,-0.0558860766263658,-0.003487442601739431
CHFJPY,CHFJPY,B,LONG,2022-07-04 10:35:00,2022-07-04 11:30:00,spread_reduced,Both,-0.03534052948184763,-0.0031524688936888593
CHFJPY,CHFJPY,B,LONG,2022-07-04 23:40:00,2022-07-05 02:50:00,spread_reduced,Pseudo,0.0535930053975231,-0.0032153819821113022
GBPUSD,GBPUSD,B,SHORT,2022-07-05 07:40:00,2022-07-05 09:10:00,spread_reduced,Pseudo,0.07635283480459942,0.003043603090549517
GBPJPY,GBPJPY,B,SHORT,2022-07-05 08:25:00,2022-07-05 10:25:00,spread_reduced,Real,0.054243092209776966,0.003373489596240044
CHFJPY,CHFJPY,B,SHORT,2022-07-05 07:05:00,2022-07-05 10:40:00,spread_reduced,Real,0.33151294254286645,0.0031575350877128118
NZDJPY,NZDJPY,B,SHORT,2022-07-05 08:20:00,2022-07-05 11:45:00,spread_reduced,Real,0.11156323121082057,0.0031125031092393697
CHFJPY,CHFJPY,B,SHORT,2022-07-05 12:20:00,2022-07-05 17:20:00,spread_reduced,Pseudo,0.1707769737937126,0.0031945342283472805
CHFJPY,CHFJPY,B,SHORT,2022-07-05 23:30:00,2022-07-06 00:40:00,spread_reduced,Pseudo,-0.08313419875838335,0.0030483469561309404
CHFJPY,CHFJPY,B,SHORT,2022-07-06 02:45:00,2022-07-06 03:25:00,spread_reduced,Pseudo,-0.014360952724823406,0.003486689515801513
CHFJPY,CHFJPY,B,SHORT,2022-07-06 05:50:00,2022-07-06 06:40:00,spread_reduced,Pseudo,-0.11250987004428614,0.0031644459789174815
CHFJPY,CHFJPY,B,LONG,2022-07-06 07:20:00,2022-07-06 08:35:00,spread_reduced,Pseudo,-0.12687515962342966,-0.0044391959168751365
GBPJPY,GBPJPY,B,LONG,2022-07-06 08:05:00,2022-07-06 08:40:00,spread_reduced,Pseudo,-0.18206895366863485,-0.0032508315034954836
GBPUSD,GBPUSD,B,LONG,2022-07-06 07:25:00,2022-07-06 09:15:00,spread_reduced,Real,-0.1921116022659597,-0.003018688947276833
CHFJPY,CHFJPY,B,SHORT,2022-07-06 08:40:00,2022-07-06 10:40:00,spread_reduced,Real,-0.0025490539654726696,0.0031689855110447846
CHFJPY,CHFJPY,B,SHORT,2022-07-06 12:25:00,2022-07-06 13:45:00,spread_reduced,Neither,-0.1273348649799666,0.0032542108456550863
NZDJPY,NZDJPY,B,SHORT,2022-07-06 12:30:00,2022-07-06 16:00:00,spread_reduced,Real,0.00808227713604004,0.0030762484930008643
GBPUSD,GBPUSD,B,SHORT,2022-07-06 15:00:00,2022-07-06 16:50:00,spread_reduced,Pseudo,-0.04303836555530349,0.003337498468571113
CHFJPY,CHFJPY,B,LONG,2022-07-06 18:25:00,2022-07-06 20:25:00,spread_reduced,Real,0.02747383025039074,-0.0031103647267262027
CHFJPY,CHFJPY,B,SHORT,2022-07-07 01:20:00,2022-07-07 02:00:00,spread_reduced,Pseudo,-0.04868140004474775,0.003002818546227411
CHFJPY,CHFJPY,B,LONG,2022-07-07 03:05:00,2022-07-07 04:55:00,spread_reduced,Real,-0.012911077481864153,-0.0030033181646205768
CHFJPY,CHFJPY,B,LONG,2022-07-07 09:15:00,2022-07-07 10:05:00,spread_reduced,Neither,-0.062363913990104436,-0.0031230720572780106
CHFJPY,CHFJPY,B,SHORT,2022-07-07 11:45:00,2022-07-07 13:45:00,spread_reduced,Pseudo,-0.009358452341012846,0.0030163923208848652
CHFJPY,CHFJPY,B,SHORT,2022-07-08 02:40:00,2022-07-08 05:00:00,spread_reduced,Real,0.12347996189210342,0.003578481192445332
NZDJPY,NZDJPY,B,SHORT,2022-07-08 08:20:00,2022-07-08 09:25:00,spread_reduced,Real,-0.11415158537568804,0.0030588343461096217
CHFJPY,CHFJPY,B,SHORT,2022-07-08 08:20:00,2022-07-08 09:25:00,spread_reduced,Pseudo,-0.07947676517002789,0.0032096987039003833
CHFJPY,CHFJPY,B,LONG,2022-07-08 10:15:00,2022-07-08 12:20:00,spread_reduced,Neither,0.022063904001601298,-0.0031748933666998057
GBPUSD,GBPUSD,B,LONG,2022-07-08 14:35:00,2022-07-08 16:25:00,spread_reduced,Pseudo,-0.04241902832357036,-0.003667874485713002
EURGBP,EURGBP,B,SHORT,2022-07-08 14:50:00,2022-07-08 16:25:00,spread_reduced,Pseudo,0.044662313914545226,0.0030472094090565924
CHFJPY,CHFJPY,B,SHORT,2022-07-11 07:25:00,2022-07-11 08:50:00,spread_reduced,Pseudo,-0.06915450599120909,0.00339071334074815
CHFJPY,CHFJPY,B,SHORT,2022-07-11 14:10:00,2022-07-11 15:25:00,spread_reduced,Pseudo,-0.07826879867205427,0.00331524004028337
GBPUSD,GBPUSD,B,SHORT,2022-07-11 13:10:00,2022-07-11 15:30:00,spread_reduced,Neither,0.00862541799989125,0.0033153963010555546
EURGBP,EURGBP,B,LONG,2022-07-11 13:15:00,2022-07-11 18:30:00,spread_reduced,Real,-0.0002569644723060538,-0.0030782956425765033
CHFJPY,CHFJPY,B,SHORT,2022-07-12 01:20:00,2022-07-12 03:10:00,spread_reduced,Real,-0.05097363261644672,0.003173036712564793
CHFJPY,CHFJPY,B,SHORT,2022-07-12 08:35:00,2022-07-12 11:50:00,spread_reduced,Real,0.16944870625200115,0.0030614881565116624
CHFJPY,CHFJPY,B,LONG,2022-07-13 01:15:00,2022-07-13 03:10:00,spread_reduced,Pseudo,-0.05141122799487974,-0.003391219328667338
GBPUSD,GBPUSD,B,SHORT,2022-07-13 12:35:00,2022-07-13 14:30:00,spread_reduced,Pseudo,-0.18543787600000528,0.003418603006218184
EURGBP,EURGBP,B,LONG,2022-07-13 14:00:00,2022-07-13 14:30:00,spread_reduced,Pseudo,-0.02035724686897389,-0.003001077276597836
AUDUSD,AUDUSD,B,SHORT,2022-07-13 14:05:00,2022-07-13 14:30:00,spread_reduced,Pseudo,-0.1487380632767099,0.003065150024786615
NZDUSD,NZDUSD,B,SHORT,2022-07-13 14:05:00,2022-07-13 14:30:00,spread_reduced,Pseudo,-0.1704268980478818,0.0031075317606066638
NZDUSD,NZDUSD,B,LONG,2022-07-13 14:55:00,2022-07-13 16:45:00,spread_reduced,Real,-0.021753400770674336,-0.0033559902423870892
NZDJPY,NZDJPY,B,LONG,2022-07-13 15:05:00,2022-07-13 16:45:00,spread_reduced,Real,-0.140406347035682,-0.003357928686290761
CHFJPY,CHFJPY,B,LONG,2022-07-13 15:05:00,2022-07-13 16:45:00,spread_reduced,Real,-0.04865352645718746,-0.004136951304975764
EURGBP,EURGBP,B,SHORT,2022-07-13 16:05:00,2022-07-13 16:50:00,spread_reduced,Real,-0.0026227170461079474,0.0031612816182344642
GBPUSD,GBPUSD,B,LONG,2022-07-13 16:05:00,2022-07-13 17:00:00,spread_reduced,Neither,-0.029342079445443536,-0.003760590005854208
CHFJPY,CHFJPY,B,LONG,2022-07-14 02:30:00,2022-07-14 09:15:00,spread_reduced,Pseudo,0.19523369986692574,-0.0030803382415410174
CHFJPY,CHFJPY,B,SHORT,2022-07-14 10:00:00,2022-07-14 12:20:00,spread_reduced,Real,-0.0566098798728043,0.0033846041165402066
CHFJPY,CHFJPY,B,LONG,2022-07-14 15:40:00,2022-07-14 16:45:00,spread_reduced,Pseudo,-0.07656113108484575,-0.003531652284498499
GBPUSD,GBPUSD,B,LONG,2022-07-14 15:40:00,2022-07-14 17:35:00,spread_reduced,Both,-0.19152496755088788,-0.0031178735531012893
CHFJPY,CHFJPY,B,SHORT,2022-07-15 06:35:00,2022-07-15 07:35:00,spread_reduced,Pseudo,-0.157743876113825,0.003070262972537834
CHFJPY,CHFJPY,B,LONG,2022-07-15 09:05:00,2022-07-15 09:40:00,spread_reduced,Both,-0.04438107518298651,-0.0035360973421488763
CHFJPY,CHFJPY,B,LONG,2022-07-18 10:15:00,2022-07-18 11:10:00,spread_reduced,Both,-0.1763482351419543,-0.0033161166650618086
CHFJPY,CHFJPY,B,LONG,2022-07-19 07:35:00,2022-07-19 10:05:00,spread_reduced,Real,0.03667772270308234,-0.0030679097029624957
CHFJPY,CHFJPY,B,SHORT,2022-07-20 12:20:00,2022-07-20 13:15:00,spread_reduced,Pseudo,-0.06444459161877303,0.0035688981589911918
NZDJPY,NZDJPY,B,SHORT,2022-07-21 14:30:00,2022-07-21 15:25:00,spread_reduced,Pseudo,-0.06935611916998319,0.0031370016296459495
CHFJPY,CHFJPY,B,SHORT,2022-07-21 14:20:00,2022-07-21 15:30:00,spread_reduced,Pseudo,-0.030008682472060233,0.004634707997498467
CHFJPY,CHFJPY,B,SHORT,2022-07-22 00:15:00,2022-07-22 01:10:00,spread_reduced,Real,-0.023731204810928386,0.00307988712109372
CHFJPY,CHFJPY,B,SHORT,2022-07-22 07:35:00,2022-07-22 09:35:00,spread_reduced,Pseudo,-0.08081074416962375,0.0035108594696102837
CHFJPY,CHFJPY,B,SHORT,2022-07-22 12:30:00,2022-07-22 16:00:00,spread_reduced,Neither,-0.022366126139050646,0.0036950426049077753
CHFJPY,CHFJPY,B,SHORT,2022-07-25 02:15:00,2022-07-25 03:05:00,spread_reduced,Pseudo,-0.09531025705273866,0.003821094705491364
CHFJPY,CHFJPY,B,LONG,2022-07-25 09:35:00,2022-07-25 13:35:00,spread_reduced,Pseudo,-0.01794679241116648,-0.003518829011357215
CHFJPY,CHFJPY,B,SHORT,2022-07-26 09:25:00,2022-07-26 12:30:00,spread_reduced,Pseudo,-0.1081769897771423,0.003110626914811505
GBPUSD,GBPUSD,B,LONG,2022-07-27 18:50:00,2022-07-27 20:50:00,spread_reduced,Real,-0.05061662446149695,-0.004472794202502779
NZDUSD,NZDUSD,B,LONG,2022-07-27 18:50:00,2022-07-27 20:50:00,spread_reduced,Neither,-0.016743741623809205,-0.003805851488797907
GBPJPY,GBPJPY,B,LONG,2022-07-27 19:20:00,2022-07-27 21:10:00,spread_reduced,Real,-0.044604164515615885,-0.003043625528051991
CHFJPY,CHFJPY,B,SHORT,2022-07-27 23:55:00,2022-07-28 03:25:00,spread_reduced,Real,0.2664158422734597,0.0031312786389226565
CHFJPY,CHFJPY,B,SHORT,2022-07-28 09:50:00,2022-07-28 11:50:00,spread_reduced,Pseudo,0.07446641742897553,0.003347280377400339
CHFJPY,CHFJPY,B,SHORT,2022-07-28 12:40:00,2022-07-28 17:45:00,spread_reduced,Real,0.07682590587923532,0.0037077065871534663
CHFJPY,CHFJPY,B,SHORT,2022-07-29 05:20:00,2022-07-29 07:20:00,spread_reduced,Real,0.006040463867135193,0.003126337819754025
GBPUSD,GBPUSD,B,SHORT,2022-07-29 13:15:00,2022-07-29 14:35:00,spread_reduced,Pseudo,-0.17963192590940702,0.003325110128895965
EURGBP,EURGBP,B,LONG,2022-07-29 13:15:00,2022-07-29 14:35:00,spread_reduced,Pseudo,-0.06679578306535428,-0.0031703371860785784
NZDUSD,NZDUSD,B,SHORT,2022-07-29 13:35:00,2022-07-29 14:45:00,spread_reduced,Pseudo,-0.27477014504924124,0.003016856137851719
GBPUSD,GBPUSD,B,LONG,2022-07-29 15:15:00,2022-07-29 16:55:00,spread_reduced,Real,-0.025755180267589273,-0.0031599050057012938
EURGBP,EURGBP,B,SHORT,2022-07-29 15:15:00,2022-07-29 17:00:00,spread_reduced,Pseudo,0.010242248457859038,0.003552051281378013
EURAUD,EURAUD,B,SHORT,2022-07-29 15:15:00,2022-07-29 17:00:00,spread_reduced,Pseudo,0.022641457843686208,0.0030475838524851966
AUDUSD,AUDUSD,B,LONG,2022-07-29 15:45:00,2022-07-29 17:00:00,spread_reduced,Pseudo,-0.0544852644067062,-0.003106478834288791
CHFJPY,CHFJPY,B,SHORT,2022-08-01 01:10:00,2022-08-01 03:10:00,spread_reduced,Pseudo,-0.1382117160321661,0.004503608542437262
CHFJPY,CHFJPY,B,LONG,2022-08-01 03:15:00,2022-08-01 04:20:00,spread_reduced,Pseudo,-0.1034214668032385,-0.0036148340697475067
CHFJPY,CHFJPY,B,LONG,2022-08-01 09:05:00,2022-08-01 09:35:00,spread_reduced,Pseudo,-0.0823449232667417,-0.0034989209906056058
CHFJPY,CHFJPY,B,SHORT,2022-08-01 13:00:00,2022-08-01 14:55:00,spread_reduced,Both,0.04801961916210962,0.0031511044111994816
CHFJPY,CHFJPY,B,SHORT,2022-08-02 00:10:00,2022-08-02 03:20:00,spread_reduced,Real,0.17003086943273016,0.003428812853586987
CHFJPY,CHFJPY,B,SHORT,2022-08-02 05:15:00,2022-08-02 08:30:00,spread_reduced,Real,-0.0917861883148019,0.0035530591609602225
EURGBP,EURGBP,B,LONG,2022-08-02 05:45:00,2022-08-02 09:25:00,spread_reduced,Real,-0.03059013978130576,-0.003011441911504777
GBPUSD,GBPUSD,B,SHORT,2022-08-02 05:40:00,2022-08-02 12:05:00,spread_reduced,Real,0.12724395585806958,0.0030217109387543424
NZDUSD,NZDUSD,B,LONG,2022-08-02 19:00:00,2022-08-02 21:00:00,spread_reduced,Neither,-0.09338019639728579,-0.004442682749566537
AUDNZD,AUDNZD,B,SHORT,2022-08-02 19:00:00,2022-08-02 21:15:00,spread_reduced,Pseudo,-0.0220639579430415,0.004237970883815144
CHFJPY,CHFJPY,B,LONG,2022-08-02 20:55:00,2022-08-02 22:05:00,spread_reduced,Pseudo,-0.03884605504665961,-0.003038889876069639
CHFJPY,CHFJPY,B,LONG,2022-08-03 00:15:00,2022-08-03 01:25:00,spread_reduced,Pseudo,-0.0326623263547543,-0.0034208453783094728
CHFJPY,CHFJPY,B,LONG,2022-08-03 01:50:00,2022-08-03 02:20:00,spread_reduced,Both,-0.02457826320848011,-0.0037848983627777914
CHFJPY,CHFJPY,B,SHORT,2022-08-03 03:40:00,2022-08-03 05:25:00,spread_reduced,Pseudo,-0.03723635280824533,0.0032547783003343783
CHFJPY,CHFJPY,B,LONG,2022-08-03 05:55:00,2022-08-03 07:00:00,spread_reduced,Pseudo,-0.20778229635215473,-0.00398689504375221
CHFJPY,CHFJPY,B,LONG,2022-08-03 07:15:00,2022-08-03 07:55:00,spread_reduced,Pseudo,-0.02968160431184308,-0.003073537358869828
CHFJPY,CHFJPY,B,LONG,2022-08-03 11:55:00,2022-08-03 13:50:00,spread_reduced,Pseudo,-0.08407639569069092,-0.00320302303082794
CHFJPY,CHFJPY,B,LONG,2022-08-03 15:50:00,2022-08-03 16:05:00,spread_reduced,Pseudo,-0.06103848085982633,-0.003077863304928468
USDJPY,USDJPY,B,SHORT,2022-08-04 07:05:00,2022-08-04 09:00:00,spread_reduced,Pseudo,-0.06665845456045316,0.003394152046665567
NZDJPY,NZDJPY,B,SHORT,2022-08-04 11:50:00,2022-08-04 13:40:00,spread_reduced,Pseudo,0.06025989663923648,0.0031022120651170958
NZDUSD,NZDUSD,B,SHORT,2022-08-04 12:15:00,2022-08-04 13:45:00,spread_reduced,Real,0.043283444726582854,0.003035197259940892
CHFJPY,CHFJPY,B,SHORT,2022-08-04 11:40:00,2022-08-04 14:10:00,spread_reduced,Real,0.07995189686719195,0.004061743920946961
EURGBP,EURGBP,B,LONG,2022-08-04 12:00:00,2022-08-04 14:20:00,spread_reduced,Neither,-0.05127088934464563,-0.003043349064063434
GBPUSD,GBPUSD,B,SHORT,2022-08-04 11:50:00,2022-08-04 15:30:00,spread_reduced,Real,-0.2798666792262372,0.0030576576114924783
GBPJPY,GBPJPY,B,SHORT,2022-08-04 11:50:00,2022-08-05 06:00:00,spread_reduced,Pseudo,-0.148116176329538,0.00318688075556483
GBPUSD,GBPUSD,B,SHORT,2022-08-05 12:55:00,2022-08-05 14:35:00,spread_reduced,Pseudo,-0.1794349114674132,0.003404603663204682
NZDUSD,NZDUSD,B,SHORT,2022-08-05 12:55:00,2022-08-05 14:35:00,spread_reduced,Pseudo,-0.2417574594446137,0.003256432593118708
EURGBP,EURGBP,B,LONG,2022-08-05 12:55:00,2022-08-05 14:40:00,spread_reduced,Pseudo,-0.10354178179019513,-0.0033529354617274545
AUDUSD,AUDUSD,B,SHORT,2022-08-05 13:15:00,2022-08-05 14:40:00,spread_reduced,Pseudo,-0.30583176186134153,0.0031518908175477587
EURAUD,EURAUD,B,LONG,2022-08-05 13:15:00,2022-08-05 14:45:00,spread_reduced,Pseudo,-0.22290364512848604,-0.0030549896767674924
USDJPY,USDJPY,B,LONG,2022-08-05 13:10:00,2022-08-05 15:10:00,spread_reduced,Pseudo,0.1236725356523749,-0.0031875201849176187
EURJPY,EURJPY,B,LONG,2022-08-05 13:10:00,2022-08-05 16:05:00,spread_reduced,Pseudo,0.2048691861772145,-0.003148909138486901
GBPJPY,GBPJPY,B,LONG,2022-08-05 14:55:00,2022-08-05 16:15:00,spread_reduced,Real,-0.012394518170177893,-0.0031203607680897515
CHFJPY,CHFJPY,B,LONG,2022-08-05 12:30:00,2022-08-05 16:20:00,spread_reduced,Pseudo,0.25751389001245073,-0.004083262521705662
NZDUSD,NZDUSD,B,LONG,2022-08-10 12:35:00,2022-08-10 14:40:00,spread_reduced,Pseudo,0.21096014416125408,-0.003523883815743323
CHFJPY,CHFJPY,B,SHORT,2022-08-10 12:30:00,2022-08-10 15:35:00,spread_reduced,Pseudo,0.16245677887247734,0.0053621190280855975
EURJPY,EURJPY,B,SHORT,2022-08-10 12:30:00,2022-08-10 15:55:00,spread_reduced,Pseudo,0.1429357248100671,0.003198623151228184
USDJPY,USDJPY,B,SHORT,2022-08-10 12:30:00,2022-08-10 16:55:00,spread_reduced,Pseudo,0.2815821825266185,0.0031071982255363637
CHFJPY,CHFJPY,B,LONG,2022-08-10 16:00:00,2022-08-10 17:25:00,spread_reduced,Pseudo,-0.046926039026540245,-0.0033513090564797022
GBPUSD,GBPUSD,B,LONG,2022-08-10 12:30:00,2022-08-10 18:10:00,spread_reduced,Pseudo,0.15455642884447673,-0.0034762587503477578
EURGBP,EURGBP,B,SHORT,2022-08-10 12:30:00,2022-08-10 18:10:00,spread_reduced,Pseudo,0.13059293286682427,0.00360616592172821
AUDUSD,AUDUSD,B,LONG,2022-08-10 12:35:00,2022-08-10 18:10:00,spread_reduced,Pseudo,0.282683064490985,-0.003507373941097565
EURAUD,EURAUD,B,SHORT,2022-08-10 12:35:00,2022-08-10 18:10:00,spread_reduced,Pseudo,0.38929900871871315,0.003921339143214176
CHFJPY,CHFJPY,B,LONG,2022-08-11 14:10:00,2022-08-11 16:30:00,spread_reduced,Neither,0.05342049338593613,-0.0032471112362776867
EURGBP,EURGBP,B,LONG,2022-08-12 10:45:00,2022-08-12 12:10:00,spread_reduced,Both,-0.12010505198603583,-0.003042238125522568
CHFJPY,CHFJPY,B,SHORT,2022-08-15 00:50:00,2022-08-15 01:55:00,spread_reduced,Pseudo,-0.0737182869216646,0.0034572120407992298
CHFJPY,CHFJPY,B,SHORT,2022-08-15 09:05:00,2022-08-15 11:05:00,spread_reduced,Real,-0.060792273809773256,0.0033710394578587042
CHFJPY,CHFJPY,B,SHORT,2022-08-15 12:10:00,2022-08-15 14:25:00,spread_reduced,Pseudo,8.909520753386246e-05,0.003138026301668804
CHFJPY,CHFJPY,B,LONG,2022-08-15 15:35:00,2022-08-15 16:40:00,spread_reduced,Real,-0.051162586982045344,-0.003369699374648283
CHFJPY,CHFJPY,B,LONG,2022-08-16 02:15:00,2022-08-16 03:30:00,spread_reduced,Pseudo,-0.042445482354125375,-0.003986397715316901
CHFJPY,CHFJPY,B,LONG,2022-08-16 08:55:00,2022-08-16 15:20:00,spread_reduced,Both,0.031589766710227174,-0.003423707548777518
GBPUSD,GBPUSD,B,SHORT,2022-08-17 08:00:00,2022-08-17 16:40:00,spread_reduced,Pseudo,0.15159386730538849,0.0031521799298455866
GBPUSD,GBPUSD,B,LONG,2022-08-18 09:55:00,2022-08-18 12:05:00,spread_reduced,Pseudo,-0.022417942139135727,-0.0030827957654858415
CHFJPY,CHFJPY,B,LONG,2022-08-18 18:50:00,2022-08-18 22:00:00,spread_reduced,Pseudo,-0.02810987109609364,-0.0031981757029674145
CHFJPY,CHFJPY,B,LONG,2022-08-19 07:45:00,2022-08-19 08:50:00,spread_reduced,Real,-0.025742898215547205,-0.0031886687258856528
GBPUSD,GBPUSD,B,SHORT,2022-08-19 17:10:00,2022-08-19 20:15:00,spread_reduced,Pseudo,-0.003766220301881784,0.003050345926455483
CHFJPY,CHFJPY,B,LONG,2022-08-22 02:00:00,2022-08-22 04:00:00,spread_reduced,Pseudo,-0.01990028095375518,-0.003253422280537412
CHFJPY,CHFJPY,B,SHORT,2022-08-22 07:00:00,2022-08-22 09:00:00,spread_reduced,Pseudo,-0.04449262710368718,0.003072637924472717
CHFJPY,CHFJPY,B,SHORT,2022-08-22 14:55:00,2022-08-22 16:20:00,spread_reduced,Pseudo,-0.06089382470895188,0.0033831207644464388
CHFJPY,CHFJPY,B,SHORT,2022-08-23 14:10:00,2022-08-23 16:05:00,spread_reduced,Real,-0.02909647602611365,0.004001531143234135
GBPUSD,GBPUSD,B,LONG,2022-08-23 14:05:00,2022-08-23 16:10:00,spread_reduced,Pseudo,-0.12383759623794122,-0.003163619298540682
EURGBP,EURGBP,B,SHORT,2022-08-23 14:05:00,2022-08-23 16:10:00,spread_reduced,Pseudo,0.08067397120751219,0.003059102401655563
EURAUD,EURAUD,B,LONG,2022-08-26 15:10:00,2022-08-26 17:15:00,spread_reduced,Pseudo,0.04016839676933559,-0.003079763818772334
CHFJPY,CHFJPY,B,SHORT,2022-08-26 15:35:00,2022-08-26 18:25:00,spread_reduced,Pseudo,0.041672307780177276,0.0033189133961137674
GBPJPY,GBPJPY,B,SHORT,2022-08-26 15:10:00,2022-08-26 20:20:00,spread_reduced,Pseudo,0.04401635966500561,0.0030646020690907054
NZDUSD,NZDUSD,B,SHORT,2022-08-26 15:10:00,2022-08-26 20:30:00,spread_reduced,Pseudo,0.22794996094768205,0.0030798534813228375
GBPUSD,GBPUSD,B,SHORT,2022-08-26 14:30:00,2022-08-26 20:40:00,spread_reduced,Pseudo,0.3573621088981127,0.0030298723676564676
EURGBP,EURGBP,B,LONG,2022-08-26 14:35:00,2022-08-26 20:55:00,spread_reduced,Both,-0.05647265200378615,-0.0034957259446420468
AUDUSD,AUDUSD,B,SHORT,2022-08-26 15:00:00,2022-08-29 02:40:00,spread_reduced,Pseudo,0.4591339106543635,0.0030528152926212033
GBPUSD,GBPUSD,B,LONG,2022-08-29 14:15:00,2022-08-29 14:50:00,spread_reduced,Pseudo,-0.2277065024976821,-0.003142588327921538
CHFJPY,CHFJPY,B,LONG,2022-08-29 12:45:00,2022-08-29 15:05:00,spread_reduced,Pseudo,-0.06424767811363252,-0.003123440438129997
GBPUSD,GBPUSD,B,LONG,2022-08-30 08:25:00,2022-08-30 10:10:00,spread_reduced,Both,-0.06801926339906061,-0.0034255757408247333
EURGBP,EURGBP,B,LONG,2022-08-30 14:05:00,2022-08-30 18:45:00,spread_reduced,Pseudo,0.07536656187137059,-0.0031357764361900115
GBPUSD,GBPUSD,B,SHORT,2022-08-30 14:05:00,2022-08-30 18:55:00,spread_reduced,Pseudo,0.025605616334145598,0.0033860562382254304
CHFJPY,CHFJPY,B,SHORT,2022-09-02 16:50:00,2022-09-02 19:00:00,spread_reduced,Pseudo,-0.058283049015595,0.0031152475286209905
CHFJPY,CHFJPY,B,SHORT,2022-09-04 22:05:00,2022-09-05 00:00:00,spread_reduced,Real,-0.08112123490990886,0.0031546270029239837
CHFJPY,CHFJPY,B,LONG,2022-09-06 05:50:00,2022-09-06 09:10:00,spread_reduced,Pseudo,0.1650672671900888,-0.003454130239891603
CHFJPY,CHFJPY,B,LONG,2022-09-06 15:30:00,2022-09-06 17:05:00,spread_reduced,Pseudo,-0.08762602384059237,-0.0030140297103375554
CHFJPY,CHFJPY,B,LONG,2022-09-06 22:50:00,2022-09-07 00:40:00,spread_reduced,Pseudo,-0.11480412447758548,-0.003230690618494041
CHFJPY,CHFJPY,B,SHORT,2022-09-07 00:50:00,2022-09-07 02:10:00,spread_reduced,Pseudo,-0.14417137370952293,0.0032959200690741686
CHFJPY,CHFJPY,B,LONG,2022-09-07 02:55:00,2022-09-07 12:25:00,spread_reduced,Pseudo,0.3704765162993562,-0.003413243949241227
NZDUSD,NZDUSD,B,SHORT,2022-09-08 13:10:00,2022-09-08 15:05:00,spread_reduced,Pseudo,-0.11607201044763205,0.0031183875908782142
CHFJPY,CHFJPY,B,SHORT,2022-09-09 04:05:00,2022-09-09 06:05:00,spread_reduced,Pseudo,-0.06213772665960571,0.003201949784519029
NZDJPY,NZDJPY,B,LONG,2022-09-09 12:20:00,2022-09-09 14:10:00,spread_reduced,Neither,-0.008082686177018905,-0.0030441733516031245
CHFJPY,CHFJPY,B,LONG,2022-09-12 00:20:00,2022-09-12 01:10:00,spread_reduced,Pseudo,-0.0677064875826916,-0.003359450434599879
CHFJPY,CHFJPY,B,LONG,2022-09-12 06:00:00,2022-09-12 08:45:00,spread_reduced,Pseudo,0.039786883511028215,-0.00373238953223697
NZDJPY,NZDJPY,B,LONG,2022-09-12 07:30:00,2022-09-12 09:20:00,spread_reduced,Pseudo,-0.061296281249584306,-0.003010873025317378
CHFJPY,CHFJPY,B,LONG,2022-09-13 12:55:00,2022-09-13 14:30:00,spread_reduced,Pseudo,-0.1337428152216269,-0.0032838275077859075
EURJPY,EURJPY,B,LONG,2022-09-13 12:55:00,2022-09-13 14:40:00,spread_reduced,Real,-0.18200418071120938,-0.0032387126293255755
USDJPY,USDJPY,B,LONG,2022-09-13 12:45:00,2022-09-13 14:50:00,spread_reduced,Real,0.06656941365337232,-0.003136786692860224
EURAUD,EURAUD,B,LONG,2022-09-13 12:50:00,2022-09-13 14:50:00,spread_reduced,Real,0.031003440274290917,-0.0038466579108104547
GBPUSD,GBPUSD,B,SHORT,2022-09-13 12:30:00,2022-09-13 17:20:00,spread_reduced,Pseudo,0.39385438680418217,0.0034000060413556074
NZDUSD,NZDUSD,B,SHORT,2022-09-13 12:35:00,2022-09-13 17:20:00,spread_reduced,Pseudo,0.43620585550506186,0.003906560001816871
EURGBP,EURGBP,B,LONG,2022-09-13 12:35:00,2022-09-13 17:20:00,spread_reduced,Pseudo,0.019751562116976373,-0.0037220694350291045
AUDUSD,AUDUSD,B,SHORT,2022-09-13 12:40:00,2022-09-13 17:20:00,spread_reduced,Pseudo,0.3851674972278951,0.0030413442618426375
CHFJPY,CHFJPY,B,SHORT,2022-09-14 00:40:00,2022-09-14 01:30:00,spread_reduced,Both,-0.16596303974718563,0.003209812869648098
CHFJPY,CHFJPY,B,SHORT,2022-09-14 04:35:00,2022-09-14 08:45:00,spread_reduced,Pseudo,0.13141303818262617,0.003377123924448279
GBPUSD,GBPUSD,B,SHORT,2022-09-15 15:55:00,2022-09-15 17:10:00,spread_reduced,Real,-0.08940656329022856,0.0033775462371201295
EURGBP,EURGBP,B,LONG,2022-09-15 16:10:00,2022-09-15 17:10:00,spread_reduced,Pseudo,-0.04148221571560473,-0.0030380307780955846
GBPUSD,GBPUSD,B,SHORT,2022-09-16 07:45:00,2022-09-16 09:45:00,spread_reduced,Real,-0.14867657254354905,0.003280046221546709
EURGBP,EURGBP,B,LONG,2022-09-16 07:45:00,2022-09-16 09:45:00,spread_reduced,Pseudo,-0.011069074082215025,-0.003424353835733054
EURGBP,EURGBP,B,LONG,2022-09-21 20:40:00,2022-09-21 21:45:00,spread_reduced,Real,-0.018524856560442338,-0.0031866603743429516
GBPUSD,GBPUSD,B,SHORT,2022-09-21 20:50:00,2022-09-21 22:25:00,spread_reduced,Pseudo,-0.038558565352431184,0.003921957261667511
GBPUSD,GBPUSD,B,LONG,2022-09-22 08:30:00,2022-09-22 10:05:00,spread_reduced,Real,-0.12923267792259718,-0.00333724230273638
EURGBP,EURGBP,B,SHORT,2022-09-22 08:15:00,2022-09-22 10:15:00,spread_reduced,Neither,0.004387114673104486,0.003500602520397909
NZDUSD,NZDUSD,B,SHORT,2022-09-23 10:50:00,2022-09-23 12:25:00,spread_reduced,Pseudo,-0.18146700105037272,0.0033700273315855084
EURGBP,EURGBP,B,SHORT,2022-09-22 16:50:00,2022-09-23 13:15:00,stop,Pseudo,-0.5163991725567474,0.003306044788488294
GBPUSD,GBPUSD,B,SHORT,2022-09-23 13:35:00,2022-09-23 15:45:00,spread_reduced,Neither,0.5060727647666408,0.0031618560459658373
NZDUSD,NZDUSD,B,SHORT,2022-09-23 14:40:00,2022-09-23 19:40:00,spread_reduced,Pseudo,0.1718803716238726,0.0033758357615133903
GBPUSD,GBPUSD,B,SHORT,2022-09-23 18:10:00,2022-09-23 20:15:00,spread_reduced,Pseudo,0.010088614506847948,0.003174062314197605
GBPUSD,GBPUSD,B,SHORT,2022-09-26 00:45:00,2022-09-26 02:55:00,spread_reduced,Pseudo,0.7613055979599381,0.0036048867028486285
NZDUSD,NZDUSD,B,SHORT,2022-09-26 00:45:00,2022-09-26 02:55:00,spread_reduced,Pseudo,-0.12365234025576433,0.0036684739746006695
EURGBP,EURGBP,B,LONG,2022-09-26 00:45:00,2022-09-26 02:55:00,spread_reduced,Pseudo,0.7644546180553324,-0.003954774812913139
GBPUSD,GBPUSD,B,LONG,2022-09-26 02:55:00,2022-09-26 03:00:00,spread_reduced,Both,0.003424838669718877,-0.0031751917362231588
NZDUSD,NZDUSD,B,LONG,2022-09-26 02:55:00,2022-09-26 03:35:00,spread_reduced,Pseudo,-0.16039001801245178,-0.004802790217102823
EURGBP,EURGBP,B,LONG,2022-09-26 03:35:00,2022-09-26 04:50:00,spread_reduced,Pseudo,-0.2620713534486341,-0.0031875423287619662
GBPUSD,GBPUSD,B,SHORT,2022-09-26 03:40:00,2022-09-26 04:50:00,spread_reduced,Pseudo,-0.4334799974010539,0.003692135489469813
EURGBP,EURGBP,B,SHORT,2022-09-26 06:00:00,2022-09-26 06:40:00,spread_reduced,Pseudo,-0.09158102180015781,0.0033773530836991835
GBPUSD,GBPUSD,B,LONG,2022-09-26 07:00:00,2022-09-26 09:00:00,spread_reduced,Real,0.44630624444730316,-0.003020357699823225
NZDUSD,NZDUSD,B,LONG,2022-09-26 06:00:00,2022-09-26 09:25:00,spread_reduced,Pseudo,0.037108621994697,-0.003056935878662685
EURGBP,EURGBP,B,SHORT,2022-09-26 06:55:00,2022-09-26 09:25:00,spread_reduced,Pseudo,0.25978895986987216,0.003002984684647455
GBPUSD,GBPUSD,B,SHORT,2022-09-26 09:20:00,2022-09-26 11:20:00,spread_reduced,Pseudo,0.06224438672425281,0.003102965974360272
GBPUSD,GBPUSD,B,LONG,2022-09-26 12:45:00,2022-09-26 13:25:00,spread_reduced,Pseudo,-0.3384577982868897,-0.003707508788790545
NZDUSD,NZDUSD,B,LONG,2022-09-26 12:45:00,2022-09-26 14:35:00,spread_reduced,Real,-0.12081248494885122,-0.0038530849648639853
EURGBP,EURGBP,B,SHORT,2022-09-26 11:30:00,2022-09-26 14:40:00,spread_reduced,Real,-0.10055297644394612,0.003524474174059958
EURGBP,EURGBP,B,LONG,2022-09-26 14:45:00,2022-09-26 18:00:00,spread_reduced,Pseudo,0.31256836959372425,-0.003337697216731784
GBPUSD,GBPUSD,B,SHORT,2022-09-26 14:45:00,2022-09-26 18:20:00,spread_reduced,Real,0.5771163319082229,0.003042706427450027
NZDUSD,NZDUSD,B,SHORT,2022-09-26 14:45:00,2022-09-26 18:20:00,spread_reduced,Real,0.6503119636812604,0.003140860180553361
EURGBP,EURGBP,B,SHORT,2022-09-26 23:55:00,2022-09-27 01:55:00,spread_reduced,Real,-0.08740443641442885,0.003109024907234171
GBPUSD,GBPUSD,B,LONG,2022-09-26 23:55:00,2022-09-27 02:05:00,spread_reduced,Pseudo,-0.10446660762591375,-0.003501318769731951
NZDUSD,NZDUSD,B,LONG,2022-09-27 00:10:00,2022-09-27 02:05:00,spread_reduced,Pseudo,-0.08358277812741677,-0.0031522780950244056
GBPUSD,GBPUSD,B,SHORT,2022-09-27 13:20:00,2022-09-27 18:35:00,spread_reduced,Pseudo,0.2370422600793176,0.003292015422798409
EURGBP,EURGBP,B,LONG,2022-09-27 16:20:00,2022-09-27 18:35:00,spread_reduced,Pseudo,-0.031069185539950306,-0.0031695841219366123
NZDUSD,NZDUSD,B,SHORT,2022-09-27 16:55:00,2022-09-27 18:35:00,spread_reduced,Pseudo,-0.07311368872532364,0.00316838385644815
NZDUSD,NZDUSD,B,SHORT,2022-09-28 02:20:00,2022-09-28 04:15:00,spread_reduced,Neither,-0.054408029465802255,0.003389713415033339
GBPUSD,GBPUSD,B,SHORT,2022-09-28 02:10:00,2022-09-28 04:30:00,spread_reduced,Pseudo,0.012951203307864922,0.003431925669876503
EURGBP,EURGBP,B,LONG,2022-09-28 02:10:00,2022-09-28 05:40:00,spread_reduced,Pseudo,-0.049494395692706306,-0.0030060798084244377
GBPUSD,GBPUSD,B,LONG,2022-09-28 10:10:00,2022-09-28 11:00:00,stop,Pseudo,-0.5975591632444266,-0.0030615465482930738
EURGBP,EURGBP,B,LONG,2022-09-28 11:40:00,2022-09-28 12:55:00,spread_reduced,Pseudo,-0.37235226751970996,-0.003236363203307732
GBPUSD,GBPUSD,B,LONG,2022-09-28 13:20:00,2022-09-28 18:00:00,spread_reduced,Neither,1.086913914610066,-0.0038872568209283053
EURGBP,EURGBP,B,SHORT,2022-09-28 13:20:00,2022-09-28 18:00:00,spread_reduced,Real,0.34687453661285117,0.003394550425123045
NZDUSD,NZDUSD,B,LONG,2022-09-28 13:20:00,2022-09-28 19:15:00,spread_reduced,Pseudo,0.6317653741185203,-0.0030568460099075173
NZDUSD,NZDUSD,B,LONG,2022-09-29 09:40:00,2022-09-29 12:10:00,spread_reduced,Pseudo,0.01673995470550249,-0.003516439201883193
GBPUSD,GBPUSD,B,LONG,2022-09-29 13:15:00,2022-09-29 15:15:00,spread_reduced,Neither,0.4284814105695034,-0.003691283878324834
EURGBP,EURGBP,B,SHORT,2022-09-29 12:50:00,2022-09-29 15:25:00,spread_reduced,Neither,0.257213042271881,0.0030554926701821666
NZDUSD,NZDUSD,B,LONG,2022-09-29 14:45:00,2022-09-29 17:45:00,spread_reduced,Pseudo,0.15029495269850424,-0.0032139078964572966
NZDUSD,NZDUSD,B,LONG,2022-09-29 22:05:00,2022-09-30 00:00:00,spread_reduced,Pseudo,-0.09529953596078,-0.0030332319440710617
GBPUSD,GBPUSD,B,LONG,2022-09-29 22:10:00,2022-09-30 00:00:00,spread_reduced,Pseudo,-0.0857708009833813,-0.0031968770548055692
EURGBP,EURGBP,B,SHORT,2022-09-29 22:15:00,2022-09-30 00:00:00,spread_reduced,Pseudo,-0.082473840273245,0.003451484238467107
GBPUSD,GBPUSD,B,LONG,2022-09-30 08:35:00,2022-09-30 09:40:00,spread_reduced,Pseudo,-0.33007567554858563,-0.0036938311611759626
EURGBP,EURGBP,B,SHORT,2022-09-30 08:30:00,2022-09-30 10:10:00,spread_reduced,Pseudo,-0.11196644825773872,0.0036525335708360125
GBPUSD,GBPUSD,B,SHORT,2022-09-30 10:30:00,2022-09-30 12:40:00,spread_reduced,Pseudo,0.03211836760669273,0.0035098962078251284
NZDUSD,NZDUSD,B,SHORT,2022-09-30 10:25:00,2022-09-30 12:45:00,spread_reduced,Real,0.028166480117958193,0.003006067981290759
EURGBP,EURGBP,B,LONG,2022-09-30 10:30:00,2022-09-30 12:55:00,spread_reduced,Pseudo,0.025844140647746094,-0.0031341096398767713
EURGBP,EURGBP,B,LONG,2022-09-30 16:05:00,2022-09-30 18:15:00,spread_reduced,Real,-0.04940644652581261,-0.003072815909582338
GBPUSD,GBPUSD,B,SHORT,2022-09-30 15:40:00,2022-10-02 22:05:00,spread_reduced,Real,-0.04140718468850224,0.003000784250494899
GBPUSD,GBPUSD,B,LONG,2022-10-03 05:45:00,2022-10-03 07:40:00,spread_reduced,Real,-0.03141567769881504,-0.003032182774439123
EURGBP,EURGBP,B,SHORT,2022-10-03 05:50:00,2022-10-03 07:40:00,spread_reduced,Pseudo,-0.1644654788798161,0.004627449893956556
NZDUSD,NZDUSD,B,LONG,2022-10-03 05:50:00,2022-10-03 07:50:00,spread_reduced,Pseudo,-0.08200749146126673,-0.003877861751705201
EURGBP,EURGBP,B,SHORT,2022-10-04 06:35:00,2022-10-04 08:20:00,spread_reduced,Pseudo,-0.0015965694659891838,0.00307859893489656
EURGBP,EURGBP,B,LONG,2022-10-04 09:15:00,2022-10-04 12:50:00,spread_reduced,Pseudo,0.22086325453344324,-0.003571829565527505
EURGBP,EURGBP,B,SHORT,2022-10-04 14:20:00,2022-10-04 16:45:00,spread_reduced,Pseudo,0.07407849970834657,0.0030844190872216276
GBPUSD,GBPUSD,B,LONG,2022-10-05 01:25:00,2022-10-05 02:05:00,spread_reduced,Pseudo,-0.13924343857311117,-0.003503225051278939
GBPUSD,GBPUSD,B,SHORT,2022-10-05 03:25:00,2022-10-05 04:05:00,spread_reduced,Real,-0.012492280911324816,0.003462149910252891
GBPUSD,GBPUSD,B,LONG,2022-10-05 06:40:00,2022-10-05 07:40:00,spread_reduced,Pseudo,-0.28046934789931477,-0.0034996209601682784
GBPUSD,GBPUSD,B,SHORT,2022-10-05 08:20:00,2022-10-05 13:35:00,spread_reduced,Real,0.3443118701822845,0.0030115998765982074
NZDUSD,NZDUSD,B,SHORT,2022-10-05 14:15:00,2022-10-05 15:45:00,spread_reduced,Real,-0.3665055869845779,0.003345774006880656
EURGBP,EURGBP,B,SHORT,2022-10-05 17:05:00,2022-10-05 20:25:00,spread_reduced,Pseudo,-0.02627215732449173,0.003223357596946631
GBPUSD,GBPUSD,B,LONG,2022-10-05 16:25:00,2022-10-05 20:35:00,spread_reduced,Both,0.1412671090657569,-0.003256109026998315
GBPUSD,GBPUSD,B,LONG,2022-10-06 03:25:00,2022-10-06 05:00:00,spread_reduced,Pseudo,-0.08701201601490904,-0.0033740387274546414
GBPUSD,GBPUSD,B,SHORT,2022-10-06 08:20:00,2022-10-06 11:55:00,spread_reduced,Pseudo,0.1885012014938403,0.0030544798785742786
EURGBP,EURGBP,B,LONG,2022-10-06 10:10:00,2022-10-06 11:55:00,spread_reduced,Pseudo,-0.10839080976360882,-0.003020720619970169
EURGBP,EURGBP,B,LONG,2022-10-06 14:30:00,2022-10-06 17:10:00,spread_reduced,Pseudo,0.09950994347502906,-0.003318463455428874
GBPUSD,GBPUSD,B,SHORT,2022-10-06 14:30:00,2022-10-06 17:55:00,spread_reduced,Pseudo,0.06277393862604286,0.004669776167911652
NZDUSD,NZDUSD,B,SHORT,2022-10-06 14:30:00,2022-10-06 17:55:00,spread_reduced,Pseudo,-0.031691756108953584,0.0034723222815743466
EURGBP,EURGBP,B,SHORT,2022-10-07 08:35:00,2022-10-07 10:35:00,spread_reduced,Pseudo,-0.035651511321010965,0.003046600282436254
GBPUSD,GBPUSD,B,SHORT,2022-10-07 12:45:00,2022-10-07 14:45:00,spread_reduced,Pseudo,-0.08249734253612528,0.0035672222337659125
NZDUSD,NZDUSD,B,SHORT,2022-10-07 12:45:00,2022-10-07 14:45:00,spread_reduced,Pseudo,-0.2586679471201059,0.0031822493153602213
EURGBP,EURGBP,B,LONG,2022-10-07 14:00:00,2022-10-07 14:45:00,spread_reduced,Pseudo,0.11111464036365204,-0.003165068993552684
GBPUSD,GBPUSD,B,SHORT,2022-10-10 15:00:00,2022-10-10 17:10:00,spread_reduced,Pseudo,0.037953871453466625,0.003898192173598526
GBPUSD,GBPUSD,B,SHORT,2022-10-11 03:05:00,2022-10-11 04:10:00,spread_reduced,Real,0.021642733274490622,0.0030938697565749463
GBPUSD,GBPUSD,B,LONG,2022-10-12 10:05:00,2022-10-12 10:45:00,spread_reduced,Pseudo,-0.1308390526618297,-0.0032339619242769155
EURGBP,EURGBP,B,SHORT,2022-10-12 10:00:00,2022-10-12 12:00:00,spread_reduced,Both,-0.08637042436102638,0.003112958875166453
GBPUSD,GBPUSD,B,LONG,2022-10-12 15:05:00,2022-10-12 16:50:00,spread_reduced,Real,-0.07254650997897683,-0.003845825501071004
EURGBP,EURGBP,B,SHORT,2022-10-12 15:05:00,2022-10-12 16:50:00,spread_reduced,Real,-0.003077098964276992,0.0033307123034585673
EURGBP,EURGBP,B,SHORT,2022-10-13 11:40:00,2022-10-13 12:30:00,spread_reduced,Both,0.10448986271162641,0.0032064699359835385
GBPUSD,GBPUSD,B,SHORT,2022-10-13 12:30:00,2022-10-13 14:30:00,spread_reduced,Pseudo,-0.1127395674308529,0.004372208000186119
EURGBP,EURGBP,B,LONG,2022-10-13 13:30:00,2022-10-13 14:30:00,spread_reduced,Pseudo,0.06609987609430545,-0.003298606429615061
NZDUSD,NZDUSD,B,SHORT,2022-10-13 13:35:00,2022-10-13 14:30:00,spread_reduced,Pseudo,-0.14556186626195622,0.004156061904615743
EURGBP,EURGBP,B,SHORT,2022-10-13 15:15:00,2022-10-13 18:05:00,spread_reduced,Pseudo,-0.07573160312418503,0.004574288070551701
NZDUSD,NZDUSD,B,LONG,2022-10-13 15:05:00,2022-10-13 18:40:00,spread_reduced,Pseudo,0.5004337871268416,-0.003587514074615009
GBPUSD,GBPUSD,B,LONG,2022-10-13 15:10:00,2022-10-13 19:20:00,spread_reduced,Pseudo,0.0814969083338335,-0.003627480741607725
GBPUSD,GBPUSD,B,LONG,2022-10-14 01:45:00,2022-10-14 03:45:00,spread_reduced,Pseudo,-0.09943040512639945,-0.003248582916313994
GBPUSD,GBPUSD,B,SHORT,2022-10-14 08:45:00,2022-10-14 10:25:00,spread_reduced,Pseudo,-0.044298470624348774,0.0031297079164095327
GBPUSD,GBPUSD,B,SHORT,2022-10-14 14:20:00,2022-10-14 19:40:00,spread_reduced,Pseudo,0.0016384109528311264,0.0036036500575450763
EURGBP,EURGBP,B,LONG,2022-10-14 14:35:00,2022-10-14 19:40:00,spread_reduced,Real,-0.0108056322496497,-0.0030885257920346383
GBPUSD,GBPUSD,B,LONG,2022-10-17 12:40:00,2022-10-17 15:15:00,spread_reduced,Pseudo,0.22038577894035738,-0.003489822139912619
EURGBP,EURGBP,B,SHORT,2022-10-17 12:40:00,2022-10-17 16:30:00,spread_reduced,Pseudo,-0.1019608560186791,0.0033077028492154055
NZDUSD,NZDUSD,B,LONG,2022-10-17 14:10:00,2022-10-17 16:40:00,spread_reduced,Pseudo,-0.05525955406339156,-0.003018000395331934
GBPUSD,GBPUSD,B,LONG,2022-10-18 04:00:00,2022-10-18 05:55:00,spread_reduced,Pseudo,-0.18099052798448145,-0.0031292452059223266
EURGBP,EURGBP,B,SHORT,2022-10-18 04:25:00,2022-10-18 05:55:00,spread_reduced,Pseudo,-0.15966524550794503,0.0030505181103764115
GBPUSD,GBPUSD,B,SHORT,2022-10-18 07:15:00,2022-10-18 07:55:00,spread_reduced,Pseudo,-0.1882635499168006,0.003053541812306192
EURGBP,EURGBP,B,LONG,2022-10-18 07:15:00,2022-10-18 09:15:00,spread_reduced,Pseudo,-0.012529465130695083,-0.003232491546037086
GBPUSD,GBPUSD,B,SHORT,2022-10-18 09:55:00,2022-10-18 11:00:00,spread_reduced,Pseudo,-0.02480390438782676,0.003242490117940031
EURGBP,EURGBP,B,SHORT,2022-10-18 12:30:00,2022-10-18 13:40:00,spread_reduced,Pseudo,-0.11838225271787461,0.003075506114799951
GBPUSD,GBPUSD,B,LONG,2022-10-18 11:45:00,2022-10-18 13:45:00,spread_reduced,Pseudo,0.019902164175766845,-0.0035054217003794162
NZDUSD,NZDUSD,B,LONG,2022-10-18 12:55:00,2022-10-18 13:55:00,spread_reduced,Real,-0.18503392592137957,-0.0030032683779040014
GBPUSD,GBPUSD,B,SHORT,2022-10-18 14:25:00,2022-10-18 16:35:00,spread_reduced,Pseudo,-0.1238856377728692,0.0033828147954130896
GBPUSD,GBPUSD,B,SHORT,2022-10-19 16:45:00,2022-10-19 18:05:00,spread_reduced,Pseudo,-0.08547328691622669,0.0035462179169951655
EURGBP,EURGBP,B,LONG,2022-10-19 16:45:00,2022-10-19 18:15:00,spread_reduced,Pseudo,-0.08040698365894272,-0.0033023529231558757
GBPUSD,GBPUSD,B,LONG,2022-10-20 10:50:00,2022-10-20 12:55:00,spread_reduced,Pseudo,0.10288029073372007,-0.003040591525111884
NZDUSD,NZDUSD,B,LONG,2022-10-20 12:20:00,2022-10-20 13:55:00,spread_reduced,Real,-0.18525874594230163,-0.0031070153476374326
GBPUSD,GBPUSD,B,LONG,2022-10-20 14:45:00,2022-10-20 16:05:00,spread_reduced,Pseudo,-0.2086059170202048,-0.0036551046157898503
GBPUSD,GBPUSD,B,SHORT,2022-10-20 16:20:00,2022-10-20 20:10:00,spread_reduced,Pseudo,0.1220187695904762,0.00337968694400842
EURGBP,EURGBP,B,LONG,2022-10-20 17:05:00,2022-10-20 20:10:00,spread_reduced,Real,0.0044009304906889035,-0.003156190162153637
NZDUSD,NZDUSD,B,LONG,2022-10-21 13:55:00,2022-10-21 16:05:00,spread_reduced,Pseudo,0.39333230679680087,-0.003550266114947775
EURGBP,EURGBP,B,SHORT,2022-10-21 13:50:00,2022-10-21 17:55:00,spread_reduced,Real,0.18688225526856672,0.003853488978595661
GBPUSD,GBPUSD,B,LONG,2022-10-21 13:40:00,2022-10-21 18:00:00,spread_reduced,Pseudo,0.48287328348314285,-0.003461704806084092
EURGBP,EURGBP,B,SHORT,2022-10-23 22:00:00,2022-10-23 23:00:00,spread_reduced,Pseudo,-0.11626119083028019,0.0035268505341955335
GBPUSD,GBPUSD,B,LONG,2022-10-23 22:00:00,2022-10-24 00:00:00,spread_reduced,Pseudo,-0.2869264189382714,-0.004895349695650543
NZDUSD,NZDUSD,B,LONG,2022-10-23 22:00:00,2022-10-24 00:00:00,spread_reduced,Pseudo,-0.2822780069680564,-0.0046436415625430464
GBPUSD,GBPUSD,B,SHORT,2022-10-24 00:00:00,2022-10-24 01:35:00,spread_reduced,Pseudo,-0.010578158856244801,0.0034620164287532036
GBPUSD,GBPUSD,B,SHORT,2022-10-24 03:45:00,2022-10-24 04:40:00,spread_reduced,Pseudo,-0.16562418313769145,0.00302054787656007
GBPUSD,GBPUSD,B,SHORT,2022-10-24 08:20:00,2022-10-24 10:20:00,spread_reduced,Real,-0.07151198489390165,0.00334083781991523
GBPUSD,GBPUSD,B,SHORT,2022-10-24 12:20:00,2022-10-24 14:30:00,spread_reduced,Pseudo,-0.0017452042143761837,0.0030054479468211
EURGBP,EURGBP,B,SHORT,2022-10-25 13:15:00,2022-10-25 15:45:00,spread_reduced,Neither,0.0024259622993239027,0.00343607668751075
GBPUSD,GBPUSD,B,LONG,2022-10-25 13:10:00,2022-10-25 15:50:00,spread_reduced,Real,0.39139302463182535,-0.0030477069738876457
NZDUSD,NZDUSD,B,LONG,2022-10-25 13:15:00,2022-10-25 15:55:00,spread_reduced,Pseudo,0.27709242210411933,-0.0035690683252268167
GBPUSD,GBPUSD,B,LONG,2022-10-26 07:15:00,2022-10-26 09:40:00,spread_reduced,Neither,0.2639898974992949,-0.0032500366808862428
NZDUSD,NZDUSD,B,LONG,2022-10-26 07:40:00,2022-10-26 09:40:00,spread_reduced,Neither,-0.021225855663215,-0.003361273375271115
EURGBP,EURGBP,B,SHORT,2022-10-26 07:25:00,2022-10-26 10:00:00,spread_reduced,Real,-0.006204313148727714,0.003715139860135478
EURGBP,EURGBP,B,SHORT,2022-10-27 10:20:00,2022-10-27 12:00:00,spread_reduced,Both,0.014535626444078797,0.0030587099238849687
GBPUSD,GBPUSD,B,LONG,2022-10-27 12:55:00,2022-10-27 16:05:00,spread_reduced,Real,0.03446334223391467,-0.0031551364934466032
EURGBP,EURGBP,B,SHORT,2022-10-27 13:40:00,2022-10-27 16:05:00,spread_reduced,Real,0.08212103117321568,0.0030694041150538757
GBPUSD,GBPUSD,B,LONG,2022-10-28 02:40:00,2022-10-28 04:20:00,spread_reduced,Pseudo,-0.047346259108754785,-0.0030917141935019833
GBPUSD,GBPUSD,B,SHORT,2022-10-28 07:00:00,2022-10-28 10:00:00,spread_reduced,Real,-0.011775785861045662,0.003059807801073257
GBPUSD,GBPUSD,B,SHORT,2022-11-01 14:05:00,2022-11-01 16:05:00,spread_reduced,Pseudo,0.136061516925845,0.0032010593106996383
EURGBP,EURGBP,B,LONG,2022-11-01 14:15:00,2022-11-01 16:40:00,spread_reduced,Pseudo,0.00019154489410144748,-0.0038797698785415806
NZDUSD,NZDUSD,B,SHORT,2022-11-01 15:05:00,2022-11-01 17:20:00,spread_reduced,Pseudo,-0.13525872092197133,0.0031125228296489758
USDJPY,USDJPY,B,SHORT,2022-11-02 02:00:00,2022-11-02 04:00:00,spread_reduced,Pseudo,-0.09314515674261337,0.003557874382141108
EURJPY,EURJPY,B,SHORT,2022-11-02 02:00:00,2022-11-02 04:00:00,spread_reduced,Pseudo,-0.12522542961874716,0.003624632224771423
GBPJPY,GBPJPY,B,SHORT,2022-11-02 02:00:00,2022-11-02 04:00:00,spread_reduced,Pseudo,-0.1419349218243937,0.0037065862756707106
NZDJPY,NZDJPY,B,SHORT,2022-11-02 02:00:00,2022-11-02 04:00:00,spread_reduced,Pseudo,-0.18316191224251321,0.003618925019216623
CHFJPY,CHFJPY,B,SHORT,2022-11-02 02:00:00,2022-11-02 04:00:00,spread_reduced,Pseudo,-0.1125047427151804,0.003906251870201399
CHFJPY,CHFJPY,B,SHORT,2022-11-02 14:35:00,2022-11-02 16:40:00,spread_reduced,Pseudo,0.008349771007570839,0.0030979868505901613
GBPUSD,GBPUSD,B,LONG,2022-11-02 18:15:00,2022-11-02 18:50:00,spread_reduced,Pseudo,-0.3284079753828495,-0.00312994961253939
NZDUSD,NZDUSD,B,LONG,2022-11-02 18:30:00,2022-11-02 18:50:00,stop,Pseudo,-0.5781825884126512,-0.003266160824474701
GBPUSD,GBPUSD,B,SHORT,2022-11-02 19:50:00,2022-11-02 22:10:00,spread_reduced,Pseudo,0.015559365831868677,0.003305555172231899
EURGBP,EURGBP,B,LONG,2022-11-02 19:50:00,2022-11-02 22:10:00,spread_reduced,Both,-0.02271929157104391,-0.00324859237391328
AUDUSD,AUDUSD,B,SHORT,2022-11-02 20:00:00,2022-11-02 22:10:00,spread_reduced,Pseudo,0.012480584439400477,0.004217219417574924
NZDUSD,NZDUSD,B,SHORT,2022-11-02 20:00:00,2022-11-02 22:10:00,spread_reduced,Pseudo,-0.02075839458859363,0.004745536799972638
GBPJPY,GBPJPY,B,SHORT,2022-11-02 20:05:00,2022-11-02 22:10:00,spread_reduced,Pseudo,-0.0167639495370131,0.0037696086360732195
EURAUD,EURAUD,B,LONG,2022-11-02 20:00:00,2022-11-02 22:25:00,spread_reduced,Real,-0.013437816045519524,-0.0037988733568609548
CHFJPY,CHFJPY,B,SHORT,2022-11-03 00:50:00,2022-11-03 02:30:00,spread_reduced,Real,-0.0016608350544067285,0.003299320310505497
EURGBP,EURGBP,B,LONG,2022-11-03 07:30:00,2022-11-03 11:45:00,spread_reduced,Pseudo,0.16855051313512392,-0.0032288853258424103
GBPUSD,GBPUSD,B,SHORT,2022-11-03 07:30:00,2022-11-03 11:50:00,spread_reduced,Neither,0.3666264911253103,0.0035810571317490118
GBPUSD,GBPUSD,B,SHORT,2022-11-03 12:55:00,2022-11-03 14:20:00,spread_reduced,Pseudo,-0.13855580667619938,0.0033086516826804214
NZDUSD,NZDUSD,B,SHORT,2022-11-03 08:30:00,2022-11-03 14:25:00,spread_reduced,Pseudo,-0.08185186002999112,0.003260675847805222
EURGBP,EURGBP,B,LONG,2022-11-03 12:50:00,2022-11-03 14:25:00,spread_reduced,Pseudo,-0.004492989448318108,-0.003038069194842765
CHFJPY,CHFJPY,B,SHORT,2022-11-03 14:00:00,2022-11-03 14:45:00,spread_reduced,Pseudo,-0.1821159982056786,0.003287781540806645
GBPUSD,GBPUSD,B,LONG,2022-11-03 14:55:00,2022-11-03 16:20:00,spread_reduced,Pseudo,-0.14027064381060272,-0.0032213278439083546
CHFJPY,CHFJPY,B,LONG,2022-11-03 16:00:00,2022-11-03 16:55:00,spread_reduced,Pseudo,-0.0055715383275367625,-0.003774531673334156
CHFJPY,CHFJPY,B,SHORT,2022-11-04 08:30:00,2022-11-04 09:25:00,spread_reduced,Pseudo,-0.09426996824078993,0.003021160632615269
EURGBP,EURGBP,B,SHORT,2022-11-04 12:55:00,2022-11-04 14:55:00,spread_reduced,Real,-0.22336949005529183,0.003026313993956093
AUDUSD,AUDUSD,B,LONG,2022-11-04 14:05:00,2022-11-04 14:55:00,spread_reduced,Real,0.052040763974214865,-0.0032091245324842445
GBPUSD,GBPUSD,B,LONG,2022-11-04 12:55:00,2022-11-04 15:10:00,spread_reduced,Real,0.1970433669306937,-0.003553168191698884
CHFJPY,CHFJPY,B,LONG,2022-11-04 13:30:00,2022-11-04 15:25:00,spread_reduced,Pseudo,0.07271541725435426,-0.0030999297951368413
GBPJPY,GBPJPY,B,LONG,2022-11-04 14:05:00,2022-11-04 15:25:00,spread_reduced,Pseudo,-0.08188967752473242,-0.0037043330795891827
NZDUSD,NZDUSD,B,LONG,2022-11-04 14:05:00,2022-11-04 16:00:00,spread_reduced,Pseudo,-0.14772050300284056,-0.0036146014882559724
NZDJPY,NZDJPY,B,LONG,2022-11-04 14:10:00,2022-11-04 16:40:00,spread_reduced,Pseudo,0.053639855719800345,-0.0030677116121229165
GBPUSD,GBPUSD,B,LONG,2022-11-04 18:55:00,2022-11-04 20:50:00,spread_reduced,Real,0.02352906455297399,-0.0030097884192694588
CHFJPY,CHFJPY,B,SHORT,2022-11-06 22:10:00,2022-11-07 00:10:00,spread_reduced,Real,-0.11398896198905328,0.0036168906273822956
NZDUSD,NZDUSD,B,LONG,2022-11-07 09:00:00,2022-11-07 10:50:00,spread_reduced,Pseudo,-0.15839810837268709,-0.003672043529105112
GBPJPY,GBPJPY,B,LONG,2022-11-07 09:15:00,2022-11-07 10:50:00,spread_reduced,Real,-0.07877579779794197,-0.0030042532112880427
GBPUSD,GBPUSD,B,LONG,2022-11-07 09:00:00,2022-11-07 11:05:00,spread_reduced,Pseudo,0.06986879942650903,-0.004332900221598307
AUDUSD,AUDUSD,B,LONG,2022-11-07 09:00:00,2022-11-07 11:10:00,spread_reduced,Pseudo,-0.09337232079961733,-0.003356220065377833
EURGBP,EURGBP,B,SHORT,2022-11-07 09:00:00,2022-11-07 11:10:00,spread_reduced,Pseudo,0.11831165341412153,0.004465035370914646
EURAUD,EURAUD,B,SHORT,2022-11-07 09:00:00,2022-11-07 12:00:00,spread_reduced,Pseudo,0.008883339690080039,0.0034938829830150862
AUDUSD,AUDUSD,B,LONG,2022-11-08 15:45:00,2022-11-08 17:45:00,spread_reduced,Real,-0.04390999394991435,-0.003159041707158348
NZDUSD,NZDUSD,B,LONG,2022-11-08 15:15:00,2022-11-08 18:15:00,spread_reduced,Pseudo,0.0012868537633048405,-0.00324843019616428
GBPJPY,GBPJPY,B,SHORT,2022-11-08 18:10:00,2022-11-08 21:05:00,spread_reduced,Neither,0.11966008769417891,0.0033275281180471616
GBPJPY,GBPJPY,B,SHORT,2022-11-09 10:05:00,2022-11-09 11:55:00,spread_reduced,Pseudo,-0.12884747125223583,0.00305629439283979
NZDUSD,NZDUSD,B,SHORT,2022-11-09 10:05:00,2022-11-09 11:55:00,spread_reduced,Pseudo,0.0069227130478521914,0.0041864302967559415
AUDUSD,AUDUSD,B,SHORT,2022-11-09 10:00:00,2022-11-09 12:00:00,spread_reduced,Pseudo,0.05262657004581617,0.003081097148905088
EURGBP,EURGBP,B,LONG,2022-11-09 10:00:00,2022-11-09 12:00:00,spread_reduced,Pseudo,-0.10723998018981051,-0.004080547376610898
EURAUD,EURAUD,B,LONG,2022-11-09 10:05:00,2022-11-09 12:00:00,spread_reduced,Pseudo,0.07151292985033697,-0.0033395819984769273
GBPUSD,GBPUSD,B,SHORT,2022-11-09 10:00:00,2022-11-09 12:05:00,spread_reduced,Real,-0.07606705734423125,0.004464205706947977
CHFJPY,CHFJPY,B,LONG,2022-11-09 13:10:00,2022-11-09 15:25:00,spread_reduced,Pseudo,0.023035852208408425,-0.0030613496991850637
CHFJPY,CHFJPY,B,SHORT,2022-11-10 13:40:00,2022-11-10 16:45:00,spread_reduced,Pseudo,0.25536984162936593,0.003165140689071744
USDJPY,USDJPY,B,SHORT,2022-11-10 13:30:00,2022-11-10 17:05:00,spread_reduced,Pseudo,0.8166969222736908,0.0036391584607073065
EURJPY,EURJPY,B,SHORT,2022-11-10 13:30:00,2022-11-10 17:05:00,spread_reduced,Real,0.42756834613256745,0.0032800600771267707
NZDUSD,NZDUSD,B,LONG,2022-11-10 13:30:00,2022-11-10 17:20:00,spread_reduced,Pseudo,0.32187189909004266,-0.005247623740398838
EURAUD,EURAUD,B,SHORT,2022-11-10 13:30:00,2022-11-10 17:20:00,spread_reduced,Real,0.028460807823588175,0.004628639529421521
GBPUSD,GBPUSD,B,LONG,2022-11-10 13:30:00,2022-11-10 17:25:00,spread_reduced,Pseudo,0.43472363882018916,-0.0071995563382614425
AUDUSD,AUDUSD,B,LONG,2022-11-10 13:30:00,2022-11-10 17:25:00,spread_reduced,Pseudo,0.37434780505953835,-0.005093852683274263
EURGBP,EURGBP,B,SHORT,2022-11-10 13:30:00,2022-11-10 17:25:00,spread_reduced,Pseudo,0.06713538534386942,0.006791972004267959
EURJPY,EURJPY,B,SHORT,2022-11-10 21:05:00,2022-11-10 22:30:00,spread_reduced,Pseudo,-0.34277159621201037,0.003450358933536143
CHFJPY,CHFJPY,B,SHORT,2022-11-10 21:00:00,2022-11-10 22:35:00,spread_reduced,Pseudo,-0.23986565815539151,0.003869578635565453
USDJPY,USDJPY,B,SHORT,2022-11-10 21:05:00,2022-11-10 22:35:00,spread_reduced,Pseudo,-0.40450739236651545,0.0030704616714662364
CHFJPY,CHFJPY,B,LONG,2022-11-10 22:45:00,2022-11-11 00:50:00,spread_reduced,Pseudo,-0.016463942030348067,-0.003075149173491441
CHFJPY,CHFJPY,B,LONG,2022-11-11 01:15:00,2022-11-11 03:15:00,spread_reduced,Real,-0.06553366402494709,-0.0032716458207434885
CHFJPY,CHFJPY,B,SHORT,2022-11-11 09:10:00,2022-11-14 03:00:00,spread_reduced,Real,-0.291807328559357,0.00344136048390223
GBPJPY,GBPJPY,B,LONG,2022-11-14 08:45:00,2022-11-14 10:40:00,spread_reduced,Pseudo,0.027493231655695283,-0.0030944803789263254
CHFJPY,CHFJPY,B,LONG,2022-11-14 08:00:00,2022-11-14 11:05:00,spread_reduced,Pseudo,0.25738283621548064,-0.003379393016533265
CHFJPY,CHFJPY,B,SHORT,2022-11-14 20:50:00,2022-11-14 22:50:00,spread_reduced,Pseudo,-0.03995916417383061,0.003053163420802923
CHFJPY,CHFJPY,B,LONG,2022-11-15 00:40:00,2022-11-15 02:25:00,spread_reduced,Pseudo,-0.08790900542905988,-0.0030694469063666505
CHFJPY,CHFJPY,B,SHORT,2022-11-15 07:30:00,2022-11-15 09:30:00,spread_reduced,Pseudo,-0.07950360692047242,0.00318789628259891
CHFJPY,CHFJPY,B,SHORT,2022-11-15 13:30:00,2022-11-15 15:30:00,spread_reduced,Pseudo,-0.11381569953918813,0.004010604759818178
CHFJPY,CHFJPY,B,LONG,2022-11-15 17:00:00,2022-11-15 18:50:00,spread_reduced,Real,-0.07433563899949536,-0.0038769690515756327
GBPUSD,GBPUSD,B,LONG,2022-11-15 23:45:00,2022-11-16 00:10:00,spread_reduced,Pseudo,-0.057229388448448715,-0.003062691670471893
CHFJPY,CHFJPY,B,LONG,2022-11-16 01:20:00,2022-11-16 04:30:00,spread_reduced,Pseudo,0.17033141776527927,-0.003345060096693101
CHFJPY,CHFJPY,B,SHORT,2022-11-16 15:15:00,2022-11-16 16:25:00,spread_reduced,Pseudo,-0.00878066834849589,0.003050693414044718
NZDUSD,NZDUSD,B,SHORT,2022-11-17 10:45:00,2022-11-17 14:30:00,spread_reduced,Pseudo,0.08928746793407383,0.0030770329221397456
GBPUSD,GBPUSD,B,SHORT,2022-11-17 09:35:00,2022-11-17 14:40:00,spread_reduced,Real,0.32232542024184796,0.0033108511093903076
EURGBP,EURGBP,B,LONG,2022-11-17 09:35:00,2022-11-17 15:05:00,spread_reduced,Pseudo,0.18680743964468727,-0.003099680721524246
GBPUSD,GBPUSD,B,LONG,2022-11-17 17:50:00,2022-11-17 20:00:00,spread_reduced,Pseudo,0.028112252712875208,-0.0031358002355766834
EURGBP,EURGBP,B,SHORT,2022-11-17 18:35:00,2022-11-17 20:10:00,spread_reduced,Pseudo,-0.03940329716429769,0.0030516038488781166
GBPUSD,GBPUSD,B,SHORT,2022-11-18 15:05:00,2022-11-18 15:50:00,spread_reduced,Pseudo,-0.2181185713748479,0.00325451292012038
CHFJPY,CHFJPY,B,LONG,2022-11-21 09:05:00,2022-11-21 13:35:00,spread_reduced,Pseudo,0.10261451709965286,-0.0030082750266730283
CHFJPY,CHFJPY,B,SHORT,2022-11-21 14:20:00,2022-11-21 15:55:00,spread_reduced,Pseudo,-0.098974870015478,0.0031632797596441212
GBPUSD,GBPUSD,B,LONG,2022-11-23 14:45:00,2022-11-23 17:35:00,spread_reduced,Real,0.08487851084864051,-0.003180526726171671
EURGBP,EURGBP,B,SHORT,2022-11-23 14:50:00,2022-11-23 17:35:00,spread_reduced,Pseudo,0.018449734896214265,0.003206496889863235
AUDUSD,AUDUSD,B,LONG,2022-11-23 15:40:00,2022-11-23 17:35:00,spread_reduced,Real,0.000989919876348555,-0.003171055386209355
EURAUD,EURAUD,B,SHORT,2022-11-23 15:40:00,2022-11-23 17:40:00,spread_reduced,Pseudo,0.02295036114663973,0.003211307167897354
CHFJPY,CHFJPY,B,SHORT,2022-11-23 14:50:00,2022-11-23 18:10:00,spread_reduced,Pseudo,0.04014560070692008,0.0030682003891853308
CHFJPY,CHFJPY,B,SHORT,2022-11-24 10:00:00,2022-11-24 12:05:00,spread_reduced,Real,0.08039699481812157,0.0033263228646238075
CHFJPY,CHFJPY,B,LONG,2022-11-25 09:30:00,2022-11-25 12:05:00,spread_reduced,Pseudo,-0.019648320017984222,-0.003215882263997136
CHFJPY,CHFJPY,B,SHORT,2022-11-28 01:05:00,2022-11-28 03:40:00,spread_reduced,Pseudo,0.1235219454956582,0.0034249720692901813
GBPJPY,GBPJPY,B,SHORT,2022-11-28 01:45:00,2022-11-28 03:40:00,spread_reduced,Pseudo,-0.03678901362589304,0.0032745896313045816
CHFJPY,CHFJPY,B,SHORT,2022-11-28 06:00:00,2022-11-28 07:55:00,spread_reduced,Both,-0.05334404002786952,0.004244770674632912
CHFJPY,CHFJPY,B,LONG,2022-11-28 11:45:00,2022-11-28 14:30:00,spread_reduced,Pseudo,0.0263268316746057,-0.00355998936596921
CHFJPY,CHFJPY,B,SHORT,2022-11-28 20:10:00,2022-11-28 23:00:00,spread_reduced,Pseudo,-0.024197076334275813,0.003054541631513418
CHFJPY,CHFJPY,B,LONG,2022-11-29 01:15:00,2022-11-29 03:05:00,spread_reduced,Pseudo,-0.13953889813190234,-0.0032667040451974123
GBPUSD,GBPUSD,B,LONG,2022-11-29 03:15:00,2022-11-29 05:20:00,spread_reduced,Pseudo,0.01205154582603063,-0.0033044019163145986
GBPUSD,GBPUSD,B,LONG,2022-11-29 08:15:00,2022-11-29 09:45:00,spread_reduced,Pseudo,-0.1661002468763828,-0.0030818478517506877
EURGBP,EURGBP,B,SHORT,2022-11-29 08:20:00,2022-11-29 09:45:00,spread_reduced,Pseudo,-0.18307457417368056,0.003071716824427511
CHFJPY,CHFJPY,B,SHORT,2022-11-29 16:25:00,2022-11-29 18:10:00,spread_reduced,Real,0.018675112520855075,0.0030128669510058933
CHFJPY,CHFJPY,B,LONG,2022-11-30 09:00:00,2022-11-30 12:00:00,spread_reduced,Pseudo,0.03916157789266572,-0.0035314565830283744
CHFJPY,CHFJPY,B,LONG,2022-11-30 14:00:00,2022-11-30 15:45:00,spread_reduced,Both,0.03538211777553979,-0.003938552554617967
CHFJPY,CHFJPY,B,SHORT,2022-11-30 19:05:00,2022-11-30 20:55:00,spread_reduced,Both,0.030555004634880145,0.003138824096772082
EURJPY,EURJPY,B,SHORT,2022-11-30 20:25:00,2022-11-30 21:10:00,spread_reduced,Pseudo,-0.04199909822550918,0.003291124497594101
AUDUSD,AUDUSD,B,LONG,2022-11-30 19:15:00,2022-11-30 21:15:00,spread_reduced,Both,-0.0005761546411020557,-0.003060057789160225
EURGBP,EURGBP,B,SHORT,2022-11-30 19:15:00,2022-11-30 21:15:00,spread_reduced,Pseudo,-0.03256347390637737,0.004067520094103221
EURAUD,EURAUD,B,SHORT,2022-11-30 20:10:00,2022-11-30 21:15:00,spread_reduced,Pseudo,-0.011718971247087762,0.0031562228853309155
USDJPY,USDJPY,B,SHORT,2022-11-30 20:25:00,2022-11-30 21:50:00,spread_reduced,Pseudo,-0.134328017667118,0.0032099266756736547
NZDUSD,NZDUSD,B,LONG,2022-11-30 19:55:00,2022-11-30 21:55:00,spread_reduced,Pseudo,-0.048837246716249005,-0.00305831910247647
GBPUSD,GBPUSD,B,LONG,2022-11-30 19:15:00,2022-11-30 22:00:00,spread_reduced,Real,0.08883885013571957,-0.004236742850568662
CHFJPY,CHFJPY,B,SHORT,2022-11-30 23:40:00,2022-12-01 03:10:00,spread_reduced,Pseudo,0.15354229386585483,0.003385163007683111
CHFJPY,CHFJPY,B,SHORT,2022-12-01 07:00:00,2022-12-01 08:55:00,spread_reduced,Pseudo,-0.04938695812992666,0.0037242159994355043
NZDUSD,NZDUSD,B,LONG,2022-12-01 19:00:00,2022-12-01 21:10:00,spread_reduced,Real,0.09224461267457462,-0.0033013305632301378
EURJPY,EURJPY,B,SHORT,2022-12-02 08:45:00,2022-12-02 10:35:00,spread_reduced,Pseudo,-0.02283495280490655,0.0031252393124191428
CHFJPY,CHFJPY,B,SHORT,2022-12-02 08:05:00,2022-12-02 10:45:00,spread_reduced,Real,0.13427301514671308,0.0032569155452744905
EURJPY,EURJPY,B,LONG,2022-12-02 13:30:00,2022-12-02 15:30:00,spread_reduced,Pseudo,-0.06556456590829929,-0.003258391262327565
CHFJPY,CHFJPY,B,LONG,2022-12-02 13:30:00,2022-12-02 15:30:00,spread_reduced,Pseudo,-0.2059527102456049,-0.005526783018137339
EURGBP,EURGBP,B,LONG,2022-12-02 13:30:00,2022-12-02 15:30:00,spread_reduced,Pseudo,-0.13510575538704384,-0.0034905460300194853
EURAUD,EURAUD,B,LONG,2022-12-02 13:30:00,2022-12-02 15:30:00,spread_reduced,Both,-0.07884539903533216,-0.0031339960022267327
GBPUSD,GBPUSD,B,SHORT,2022-12-02 13:40:00,2022-12-02 15:30:00,spread_reduced,Pseudo,-0.2543194356376288,0.003228482484959428
CHFJPY,CHFJPY,B,LONG,2022-12-05 00:15:00,2022-12-05 02:20:00,spread_reduced,Pseudo,0.005732332268915119,-0.003237086878424732
CHFJPY,CHFJPY,B,LONG,2022-12-05 07:10:00,2022-12-05 08:10:00,spread_reduced,Real,-0.006791800973499074,-0.003280132580654476
NZDUSD,NZDUSD,B,SHORT,2022-12-05 15:00:00,2022-12-05 18:15:00,spread_reduced,Real,0.18158645539598783,0.003551281216849695
GBPUSD,GBPUSD,B,SHORT,2022-12-05 14:50:00,2022-12-05 18:30:00,spread_reduced,Pseudo,0.21807372307990347,0.003157446584069286
EURGBP,EURGBP,B,LONG,2022-12-05 15:00:00,2022-12-05 18:45:00,spread_reduced,Pseudo,-0.036351990790783884,-0.0035913993824888387
AUDUSD,AUDUSD,B,SHORT,2022-12-05 15:20:00,2022-12-05 18:45:00,spread_reduced,Real,0.27485788721932636,0.003089515952618209
CHFJPY,CHFJPY,B,LONG,2022-12-06 02:25:00,2022-12-06 04:25:00,spread_reduced,Real,-0.06284144341349163,-0.004343430192259758
CHFJPY,CHFJPY,B,SHORT,2022-12-06 08:35:00,2022-12-06 10:40:00,spread_reduced,Pseudo,-0.05560614772657235,0.0030906745151916704
GBPUSD,GBPUSD,B,LONG,2022-12-07 14:20:00,2022-12-07 16:20:00,spread_reduced,Pseudo,-0.14237452286057772,-0.003425358405497361
EURGBP,EURGBP,B,SHORT,2022-12-07 14:20:00,2022-12-07 16:20:00,spread_reduced,Pseudo,0.05467038868067209,0.0030029232443832834
CHFJPY,CHFJPY,B,SHORT,2022-12-07 14:15:00,2022-12-07 20:00:00,spread_reduced,Pseudo,0.1652828972741882,0.003475231922202348
GBPUSD,GBPUSD,B,LONG,2022-12-08 13:30:00,2022-12-08 15:40:00,spread_reduced,Pseudo,0.019326771399819087,-0.0031381234159485218
CHFJPY,CHFJPY,B,SHORT,2022-12-09 02:50:00,2022-12-09 04:50:00,spread_reduced,Pseudo,-0.01536283728954535,0.0038436635058214995
CHFJPY,CHFJPY,B,LONG,2022-12-09 14:50:00,2022-12-09 17:25:00,spread_reduced,Pseudo,0.026094949569688275,-0.003244675446872355
GBPUSD,GBPUSD,B,LONG,2022-12-09 16:50:00,2022-12-09 18:05:00,spread_reduced,Pseudo,-0.18983536276159785,-0.003035973439654774
USDJPY,USDJPY,B,SHORT,2022-12-13 13:30:00,2022-12-13 15:35:00,spread_reduced,Pseudo,0.17624837987863518,0.0033996636740496453
EURJPY,EURJPY,B,SHORT,2022-12-13 13:30:00,2022-12-13 15:35:00,spread_reduced,Both,0.10025846009851236,0.0034876190238838927
EURGBP,EURGBP,B,SHORT,2022-12-13 13:30:00,2022-12-13 15:35:00,spread_reduced,Pseudo,-0.061880722288099044,0.0030132654896763075
AUDUSD,AUDUSD,B,LONG,2022-12-13 13:35:00,2022-12-13 15:35:00,spread_reduced,Pseudo,0.062431723791234184,-0.0031145920287022834
EURAUD,EURAUD,B,SHORT,2022-12-13 13:35:00,2022-12-13 15:35:00,spread_reduced,Pseudo,0.03515090204461169,0.0034379697048544646
NZDUSD,NZDUSD,B,LONG,2022-12-13 14:10:00,2022-12-13 15:35:00,spread_reduced,Pseudo,-0.13076300389323614,-0.003025404360817419
CHFJPY,CHFJPY,B,SHORT,2022-12-13 13:30:00,2022-12-13 15:40:00,spread_reduced,Real,-0.08228091652048297,0.007255580565280256
GBPUSD,GBPUSD,B,LONG,2022-12-13 13:35:00,2022-12-13 15:45:00,spread_reduced,Pseudo,-0.0660940573076807,-0.004145883829669116
CHFJPY,CHFJPY,B,SHORT,2022-12-14 10:30:00,2022-12-14 12:30:00,spread_reduced,Neither,-0.0360027895315862,0.00336382143271551
GBPUSD,GBPUSD,B,LONG,2022-12-14 21:35:00,2022-12-14 22:10:00,spread_reduced,Both,-0.006008923892425466,-0.0030077851131725345
EURGBP,EURGBP,B,LONG,2022-12-15 08:55:00,2022-12-15 11:05:00,spread_reduced,Pseudo,-0.11169313253427404,-0.003167668112801115
GBPUSD,GBPUSD,B,SHORT,2022-12-15 08:55:00,2022-12-15 11:10:00,spread_reduced,Pseudo,-0.08336602977619956,0.0035169460912940357
CHFJPY,CHFJPY,B,LONG,2022-12-15 15:15:00,2022-12-15 17:55:00,spread_reduced,Real,0.05989697056526522,-0.0037681777371955097
EURJPY,EURJPY,B,LONG,2022-12-15 15:00:00,2022-12-15 18:50:00,spread_reduced,Real,-0.027404913791173602,-0.003026958810123493
USDJPY,USDJPY,B,LONG,2022-12-15 15:05:00,2022-12-15 18:50:00,spread_reduced,Real,0.23872286321507952,-0.003080138887641749
GBPUSD,GBPUSD,B,SHORT,2022-12-15 14:45:00,2022-12-15 19:10:00,spread_reduced,Real,0.5155230222179064,0.003676962455631878
EURGBP,EURGBP,B,LONG,2022-12-15 14:25:00,2022-12-15 19:15:00,spread_reduced,Real,0.17382411692081767,-0.003018179754358955
AUDUSD,AUDUSD,B,SHORT,2022-12-15 15:00:00,2022-12-15 19:15:00,spread_reduced,Real,0.24681192176832512,0.0033284783936793354
EURAUD,EURAUD,B,LONG,2022-12-15 14:55:00,2022-12-15 19:50:00,spread_reduced,Real,0.01436627579041172,-0.0031348776288626966
GBPUSD,GBPUSD,B,SHORT,2022-12-16 09:10:00,2022-12-16 10:15:00,spread_reduced,Pseudo,-0.1609037364061039,0.003267973976242407
EURGBP,EURGBP,B,LONG,2022-12-16 09:10:00,2022-12-16 10:15:00,spread_reduced,Pseudo,-0.20545628549923367,-0.0030877610892497786
CHFJPY,CHFJPY,B,SHORT,2022-12-16 08:15:00,2022-12-16 10:25:00,spread_reduced,Pseudo,0.06654225498843314,0.0032360150305396026
CHFJPY,CHFJPY,B,SHORT,2022-12-16 15:30:00,2022-12-16 17:30:00,spread_reduced,Pseudo,0.11636284415670328,0.003754475152949887
CHFJPY,CHFJPY,B,SHORT,2022-12-18 22:00:00,2022-12-19 00:00:00,spread_reduced,Real,-0.17747457582771853,0.004782922187360592
USDJPY,USDJPY,B,SHORT,2022-12-19 17:05:00,2022-12-19 23:40:00,spread_reduced,Pseudo,-0.04037232996660922,0.004630618594289631
USDJPY,USDJPY,B,SHORT,2022-12-20 03:00:00,2022-12-20 05:10:00,spread_reduced,Real,0.5888682701570613,0.004646835938234741
EURJPY,EURJPY,B,SHORT,2022-12-20 03:00:00,2022-12-20 05:10:00,spread_reduced,Real,0.7317737440926009,0.0056761583475534805
AUDUSD,AUDUSD,B,SHORT,2022-12-20 05:10:00,2022-12-20 06:25:00,spread_reduced,Pseudo,-0.10921568155202177,0.0036864698176325176
EURGBP,EURGBP,B,LONG,2022-12-20 05:10:00,2022-12-20 06:25:00,spread_reduced,Real,-0.02823300116416294,-0.0049253870502052365
GBPJPY,GBPJPY,B,SHORT,2022-12-20 03:00:00,2022-12-20 06:35:00,spread_reduced,Pseudo,0.8972687721295391,0.003485458925449539
AUDJPY,AUDJPY,B,SHORT,2022-12-20 03:05:00,2022-12-20 06:35:00,spread_reduced,Pseudo,1.011282488506543,0.003922212006874307
GBPUSD,GBPUSD,B,SHORT,2022-12-20 05:10:00,2022-12-20 06:35:00,spread_reduced,Both,0.00157652057204416,0.006102078528879215
CHFJPY,CHFJPY,B,SHORT,2022-12-20 03:00:00,2022-12-20 06:45:00,spread_reduced,Pseudo,0.6786627519226263,0.014540789788815647
NZDUSD,NZDUSD,B,SHORT,2022-12-20 05:10:00,2022-12-20 06:45:00,spread_reduced,Real,-0.07131763344225828,0.00335679100360983
NZDJPY,NZDJPY,B,SHORT,2022-12-20 03:00:00,2022-12-20 07:05:00,spread_reduced,Pseudo,0.9360077513385301,0.00398435181895473
CHFJPY,CHFJPY,B,SHORT,2022-12-20 07:45:00,2022-12-20 08:05:00,spread_reduced,Pseudo,-0.14764339175981078,0.004879639097555519
CHFJPY,CHFJPY,B,SHORT,2022-12-20 08:15:00,2022-12-20 09:45:00,spread_reduced,Real,-0.030481997323172916,0.003209781688427279
GBPUSD,GBPUSD,B,SHORT,2022-12-20 13:00:00,2022-12-20 14:50:00,spread_reduced,Pseudo,-0.15529635868947178,0.003171258653369641
CHFJPY,CHFJPY,B,SHORT,2022-12-20 13:45:00,2022-12-20 18:10:00,spread_reduced,Real,0.29970990434276534,0.003255642219842591
GBPJPY,GBPJPY,B,SHORT,2022-12-20 16:55:00,2022-12-20 18:10:00,spread_reduced,Neither,-0.07824400404925491,0.0035870536561379415
EURJPY,EURJPY,B,SHORT,2022-12-20 17:00:00,2022-12-20 18:10:00,spread_reduced,Real,0.007612472684909166,0.0030830125757921787
NZDJPY,NZDJPY,B,SHORT,2022-12-20 16:55:00,2022-12-20 18:20:00,spread_reduced,Pseudo,-0.09160407340675913,0.00332347293912377
CHFJPY,CHFJPY,B,LONG,2022-12-20 19:05:00,2022-12-21 00:00:00,spread_reduced,Pseudo,0.10088999094217677,-0.005372056429462719
CHFJPY,CHFJPY,B,LONG,2022-12-21 02:25:00,2022-12-21 03:25:00,spread_reduced,Pseudo,-0.0890565391092002,-0.004302609405472937
CHFJPY,CHFJPY,B,SHORT,2022-12-21 08:50:00,2022-12-21 10:40:00,spread_reduced,Pseudo,-0.04499485999538422,0.003968116984816072
CHFJPY,CHFJPY,B,LONG,2022-12-21 13:45:00,2022-12-21 15:20:00,spread_reduced,Pseudo,-0.09380661588164751,-0.003702996003569539
CHFJPY,CHFJPY,B,SHORT,2022-12-21 16:05:00,2022-12-21 16:45:00,spread_reduced,Pseudo,-0.11808830852846341,0.0040952581775111525
GBPUSD,GBPUSD,B,SHORT,2022-12-22 14:00:00,2022-12-22 16:30:00,spread_reduced,Pseudo,-0.018112810935677626,0.003181249680184413
CHFJPY,CHFJPY,B,LONG,2022-12-23 02:20:00,2022-12-23 04:20:00,spread_reduced,Pseudo,-0.031737797459946426,-0.003245169572639696
CHFJPY,CHFJPY,B,LONG,2022-12-27 00:50:00,2022-12-27 02:50:00,spread_reduced,Pseudo,-0.04828070958384223,-0.003075071676476868
CHFJPY,CHFJPY,B,SHORT,2022-12-27 12:30:00,2022-12-27 13:40:00,spread_reduced,Pseudo,-0.05006441694358488,0.0033095129666356952
CHFJPY,CHFJPY,B,LONG,2022-12-28 02:15:00,2022-12-28 04:50:00,spread_reduced,Pseudo,0.03313688512790458,-0.0030888420238081088
GBPUSD,GBPUSD,B,LONG,2022-12-28 11:25:00,2022-12-28 13:45:00,spread_reduced,Real,0.014232722378770823,-0.0030673519848821444
CHFJPY,CHFJPY,B,LONG,2022-12-28 14:55:00,2022-12-28 16:30:00,spread_reduced,Real,-0.029227540061899093,-0.004142608821890933
EURGBP,EURGBP,B,LONG,2022-12-28 16:15:00,2022-12-28 17:55:00,spread_reduced,Pseudo,-0.026332862731182072,-0.003005692462422975
GBPUSD,GBPUSD,B,SHORT,2022-12-28 16:45:00,2022-12-28 18:05:00,spread_reduced,Pseudo,-0.09376845073382212,0.0033287377813756777
CHFJPY,CHFJPY,B,SHORT,2022-12-29 02:05:00,2022-12-29 03:40:00,spread_reduced,Pseudo,-0.05968296385210348,0.003136558443861199
CHFJPY,CHFJPY,B,SHORT,2022-12-30 00:30:00,2022-12-30 02:50:00,spread_reduced,Real,0.013210300915950102,0.003715441333485351
CHFJPY,CHFJPY,B,SHORT,2022-12-30 07:50:00,2022-12-30 09:55:00,spread_reduced,Pseudo,-0.04282306972932526,0.003744970259696807
EURGBP,EURGBP,B,SHORT,2023-01-03 01:00:00,2023-01-03 03:00:00,spread_reduced,Neither,0.0762206243547281,0.003098545113449847
NZDJPY,NZDJPY,B,SHORT,2023-01-03 01:10:00,2023-01-03 03:20:00,spread_reduced,Neither,-0.2193282189231982,0.003032174675552661
CHFJPY,CHFJPY,B,SHORT,2023-01-03 01:10:00,2023-01-03 03:20:00,spread_reduced,Real,0.09842796529949682,0.0054504066114254455
EURJPY,EURJPY,B,LONG,2023-01-03 04:15:00,2023-01-03 05:00:00,spread_reduced,Real,-0.0434274538843038,-0.0036656717121055665
GBPUSD,GBPUSD,B,LONG,2023-01-03 03:20:00,2023-01-03 05:10:00,spread_reduced,Pseudo,-0.016613054138808758,-0.003392378096029521
EURAUD,EURAUD,B,SHORT,2023-01-03 01:00:00,2023-01-03 05:25:00,spread_reduced,Pseudo,0.10019286386830917,0.0033837729038230136
EURAUD,EURAUD,B,LONG,2023-01-03 09:00:00,2023-01-03 10:50:00,spread_reduced,Real,-0.07636368740804311,-0.0031287902730294578
EURGBP,EURGBP,B,LONG,2023-01-03 08:20:00,2023-01-03 10:55:00,spread_reduced,Pseudo,-0.01895027887584555,-0.003527083357749799
AUDUSD,AUDUSD,B,SHORT,2023-01-03 08:30:00,2023-01-03 10:55:00,spread_reduced,Real,0.1003539957072308,0.0034109064090041673
GBPUSD,GBPUSD,B,SHORT,2023-01-03 08:05:00,2023-01-03 11:00:00,spread_reduced,Neither,0.20817982115720057,0.003341943093882624
GBPJPY,GBPJPY,B,SHORT,2023-01-03 08:20:00,2023-01-03 11:05:00,spread_reduced,Pseudo,0.1310338678104539,0.0031644320652405057
AUDJPY,AUDJPY,B,SHORT,2023-01-03 09:05:00,2023-01-03 11:05:00,spread_reduced,Real,-0.022357799754335606,0.0031585501966241263
CHFJPY,CHFJPY,B,SHORT,2023-01-03 08:50:00,2023-01-03 11:10:00,spread_reduced,Real,0.2533715559070837,0.003214123520740705
NZDJPY,NZDJPY,B,SHORT,2023-01-03 08:30:00,2023-01-03 11:55:00,spread_reduced,Real,0.09928372922500817,0.0031130885842993814
NZDUSD,NZDUSD,B,SHORT,2023-01-03 08:05:00,2023-01-03 12:15:00,spread_reduced,Pseudo,0.3967947031385921,0.003754305312263731
CHFJPY,CHFJPY,B,LONG,2023-01-03 12:00:00,2023-01-03 14:15:00,spread_reduced,Pseudo,-0.029232124665024006,-0.003088018466854724
GBPUSD,GBPUSD,B,LONG,2023-01-03 14:05:00,2023-01-03 16:10:00,spread_reduced,Pseudo,-0.005858981391887452,-0.0030415427084547293
EURGBP,EURGBP,B,SHORT,2023-01-03 14:35:00,2023-01-03 16:15:00,spread_reduced,Pseudo,-0.07278680868437748,0.003008452811374132
NZDUSD,NZDUSD,B,LONG,2023-01-04 08:15:00,2023-01-04 10:10:00,spread_reduced,Real,-0.035610400710273105,-0.003006812334581487
GBPUSD,GBPUSD,B,LONG,2023-01-04 08:00:00,2023-01-04 10:20:00,spread_reduced,Pseudo,0.08694905749989656,-0.003142098570222155
EURGBP,EURGBP,B,SHORT,2023-01-04 08:10:00,2023-01-04 10:20:00,spread_reduced,Real,0.03438085355273457,0.003945831727330903
AUDUSD,AUDUSD,B,LONG,2023-01-04 08:20:00,2023-01-04 10:20:00,spread_reduced,Pseudo,-0.022121167231881067,-0.003309399287952804
CHFJPY,CHFJPY,B,LONG,2023-01-04 08:45:00,2023-01-04 10:55:00,spread_reduced,Real,0.0027584348046283402,-0.003398044918173645
GBPJPY,GBPJPY,B,LONG,2023-01-04 08:10:00,2023-01-04 11:00:00,spread_reduced,Pseudo,0.12569133417742462,-0.003054478484310158
USDJPY,USDJPY,B,LONG,2023-01-04 16:15:00,2023-01-04 18:30:00,spread_reduced,Real,0.1535148279923626,-0.0032108650820024485
CHFJPY,CHFJPY,B,LONG,2023-01-04 15:00:00,2023-01-04 19:25:00,spread_reduced,Pseudo,0.44802339175029626,-0.003650250863786164
EURJPY,EURJPY,B,LONG,2023-01-04 16:15:00,2023-01-04 19:30:00,spread_reduced,Pseudo,0.11727787018803726,-0.0031813725304066665
NZDJPY,NZDJPY,B,LONG,2023-01-04 17:30:00,2023-01-04 19:30:00,spread_reduced,Real,-0.08503957702675202,-0.003047526339727153
CHFJPY,CHFJPY,B,SHORT,2023-01-04 23:30:00,2023-01-05 03:20:00,spread_reduced,Pseudo,0.01568039329729043,0.0032388633998705306
CHFJPY,CHFJPY,B,LONG,2023-01-05 11:10:00,2023-01-05 15:00:00,spread_reduced,Real,0.0245026615943722,-0.0030282306228345463
EURGBP,EURGBP,B,LONG,2023-01-05 15:50:00,2023-01-05 17:00:00,spread_reduced,Pseudo,-0.10194321235316162,-0.0031090986479828087
GBPUSD,GBPUSD,B,SHORT,2023-01-05 13:35:00,2023-01-05 17:30:00,spread_reduced,Real,0.08511040388650692,0.0031650254390475857
NZDUSD,NZDUSD,B,SHORT,2023-01-05 14:05:00,2023-01-05 17:40:00,spread_reduced,Pseudo,0.09948058331744614,0.003056609849806094
GBPJPY,GBPJPY,B,SHORT,2023-01-05 15:00:00,2023-01-05 18:30:00,spread_reduced,Pseudo,0.1869522922220368,0.0032951809722990243
CHFJPY,CHFJPY,B,SHORT,2023-01-05 16:30:00,2023-01-05 19:15:00,spread_reduced,Pseudo,0.09219721437561113,0.0031115957511674234
CHFJPY,CHFJPY,B,LONG,2023-01-06 01:30:00,2023-01-06 02:50:00,spread_reduced,Pseudo,-0.05928225214968941,-0.0030236969454888072
CHFJPY,CHFJPY,B,SHORT,2023-01-06 13:40:00,2023-01-06 17:00:00,spread_reduced,Real,0.14022975722810527,0.003381794573420893
EURJPY,EURJPY,B,SHORT,2023-01-06 15:00:00,2023-01-06 18:55:00,spread_reduced,Real,-0.045711162958628204,0.003424308427757971
EURAUD,EURAUD,B,SHORT,2023-01-06 15:05:00,2023-01-06 19:00:00,spread_reduced,Real,0.2156957721369701,0.0030633419463632757
USDJPY,USDJPY,B,SHORT,2023-01-06 15:00:00,2023-01-06 21:00:00,spread_reduced,Real,0.42250273949155925,0.0034007877689761308
GBPUSD,GBPUSD,B,LONG,2023-01-06 13:45:00,2023-01-06 21:10:00,spread_reduced,Pseudo,0.782246544127374,-0.0035109021909086233
NZDUSD,NZDUSD,B,LONG,2023-01-06 15:15:00,2023-01-06 21:10:00,spread_reduced,Pseudo,0.48056275548838956,-0.0039011533400222778
EURGBP,EURGBP,B,SHORT,2023-01-06 13:45:00,2023-01-06 21:30:00,spread_reduced,Pseudo,0.209010549343841,0.003167290620104964
AUDUSD,AUDUSD,B,LONG,2023-01-06 15:15:00,2023-01-06 21:30:00,spread_reduced,Pseudo,0.44259258600340967,-0.004032608506651934
CHFJPY,CHFJPY,B,LONG,2023-01-09 04:55:00,2023-01-09 11:35:00,spread_reduced,Neither,0.3657254472036242,-0.0030219607843052
CHFJPY,CHFJPY,B,SHORT,2023-01-10 02:30:00,2023-01-10 02:55:00,spread_reduced,Pseudo,-0.02657762585153156,0.003120852777015017
CHFJPY,CHFJPY,B,SHORT,2023-01-11 23:15:00,2023-01-12 02:20:00,spread_reduced,Real,0.11238411889735178,0.0031129202065630665
CHFJPY,CHFJPY,B,SHORT,2023-01-12 09:30:00,2023-01-12 14:15:00,spread_reduced,Pseudo,0.332250431265102,0.0034007159163955093
GBPUSD,GBPUSD,B,LONG,2023-01-12 13:50:00,2023-01-12 14:40:00,spread_reduced,Pseudo,-0.36525994790441163,-0.0035537010915292506
EURGBP,EURGBP,B,SHORT,2023-01-12 13:50:00,2023-01-12 14:40:00,spread_reduced,Pseudo,-0.1895318603260976,0.0034045487257556087
GBPUSD,GBPUSD,B,SHORT,2023-01-12 15:50:00,2023-01-12 16:40:00,spread_reduced,Pseudo,-0.0955515643092597,0.004186432539695589
EURGBP,EURGBP,B,LONG,2023-01-12 15:50:00,2023-01-12 16:40:00,spread_reduced,Pseudo,-0.023675748932627805,-0.003618965420207955
CHFJPY,CHFJPY,B,SHORT,2023-01-12 16:05:00,2023-01-12 19:35:00,spread_reduced,Both,0.16878945852489835,0.003587208403837975
CHFJPY,CHFJPY,B,SHORT,2023-01-13 06:45:00,2023-01-13 09:15:00,spread_reduced,Pseudo,0.00035982567507808483,0.003122387489885446
GBPUSD,GBPUSD,B,SHORT,2023-01-13 13:00:00,2023-01-13 14:55:00,spread_reduced,Pseudo,-0.13465003420036759,0.003208447391457659
GBPJPY,GBPJPY,B,SHORT,2023-01-13 14:00:00,2023-01-13 15:45:00,spread_reduced,Real,-0.0039349563921819986,0.0030912623032808327
CHFJPY,CHFJPY,B,SHORT,2023-01-13 13:35:00,2023-01-13 16:35:00,spread_reduced,Pseudo,0.07931541884170223,0.0035236844890040855
CHFJPY,CHFJPY,B,LONG,2023-01-16 00:30:00,2023-01-16 01:15:00,spread_reduced,Pseudo,-0.10338115446824059,-0.0032041649605359704
CHFJPY,CHFJPY,B,SHORT,2023-01-16 02:45:00,2023-01-16 03:25:00,spread_reduced,Pseudo,-0.026073108671176293,0.0036322668157199806
CHFJPY,CHFJPY,B,LONG,2023-01-16 08:10:00,2023-01-16 10:25:00,spread_reduced,Both,0.043594938389668325,-0.004269008690776013
CHFJPY,CHFJPY,B,LONG,2023-01-17 01:10:00,2023-01-17 03:35:00,spread_reduced,Pseudo,0.04190508691155337,-0.0034121939672479657
GBPUSD,GBPUSD,B,LONG,2023-01-17 15:20:00,2023-01-17 17:40:00,spread_reduced,Pseudo,-0.11597840645609092,-0.00352120926648566
EURGBP,EURGBP,B,SHORT,2023-01-17 15:20:00,2023-01-17 17:40:00,spread_reduced,Pseudo,0.05364575068862454,0.0031388923132402327
AUDUSD,AUDUSD,B,LONG,2023-01-17 15:55:00,2023-01-17 17:40:00,spread_reduced,Pseudo,-0.09267392110597905,-0.0030581611470292813
CHFJPY,CHFJPY,B,SHORT,2023-01-17 16:20:00,2023-01-17 18:00:00,spread_reduced,Pseudo,0.011471930430845267,0.0032455265385331494
EURJPY,EURJPY,B,LONG,2023-01-18 02:40:00,2023-01-18 05:30:00,spread_reduced,Real,0.315010395155757,-0.004309106347208042
USDJPY,USDJPY,B,LONG,2023-01-18 02:45:00,2023-01-18 05:30:00,spread_reduced,Pseudo,0.3197167782454047,-0.003013154204511339
AUDJPY,AUDJPY,B,LONG,2023-01-18 02:50:00,2023-01-18 05:30:00,spread_reduced,Real,0.25512826261098187,-0.003187224065850836
CHFJPY,CHFJPY,B,LONG,2023-01-18 00:35:00,2023-01-18 05:35:00,spread_reduced,Pseudo,0.8865580504138104,-0.003004534153294913
GBPJPY,GBPJPY,B,LONG,2023-01-18 02:40:00,2023-01-18 05:35:00,spread_reduced,Pseudo,0.31531979312862113,-0.004439060651834463
NZDJPY,NZDJPY,B,LONG,2023-01-18 02:40:00,2023-01-18 05:35:00,spread_reduced,Pseudo,0.31208992770287436,-0.0042372478735684055
CHFJPY,CHFJPY,B,SHORT,2023-01-18 06:05:00,2023-01-18 08:05:00,spread_reduced,Pseudo,-0.14254603286040224,0.003864460766919153
CHFJPY,CHFJPY,B,SHORT,2023-01-18 08:20:00,2023-01-18 16:20:00,spread_reduced,Real,0.40127298982113313,0.0035004935477803045
GBPUSD,GBPUSD,B,SHORT,2023-01-18 16:15:00,2023-01-18 20:25:00,spread_reduced,Pseudo,0.13581634327872183,0.003124959966885583
EURGBP,EURGBP,B,LONG,2023-01-18 16:30:00,2023-01-18 21:50:00,spread_reduced,Pseudo,-0.05961661805333751,-0.0030674263218423274
CHFJPY,CHFJPY,B,SHORT,2023-01-19 00:00:00,2023-01-19 02:50:00,spread_reduced,Pseudo,0.04077848727405131,0.0035167591035080298
CHFJPY,CHFJPY,B,SHORT,2023-01-19 04:10:00,2023-01-19 07:05:00,spread_reduced,Pseudo,0.024245089674063136,0.003179583922575046
CHFJPY,CHFJPY,B,LONG,2023-01-19 08:10:00,2023-01-19 10:10:00,spread_reduced,Pseudo,-0.0248536707532776,-0.0030077147690469007
GBPUSD,GBPUSD,B,SHORT,2023-01-19 10:20:00,2023-01-19 11:55:00,spread_reduced,Pseudo,-0.1214619433922981,0.003012011434619676
CHFJPY,CHFJPY,B,LONG,2023-01-19 11:40:00,2023-01-19 12:30:00,spread_reduced,Pseudo,-0.06241484125816821,-0.0030519435349244837
GBPUSD,GBPUSD,B,LONG,2023-01-19 13:35:00,2023-01-19 15:55:00,spread_reduced,Pseudo,0.020288567515103217,-0.003374600193997922
CHFJPY,CHFJPY,B,LONG,2023-01-20 01:45:00,2023-01-20 03:45:00,spread_reduced,Pseudo,-0.03191040770167408,-0.003165425585583035
CHFJPY,CHFJPY,B,LONG,2023-01-20 05:20:00,2023-01-20 07:15:00,spread_reduced,Pseudo,-0.08117626745232642,-0.003026643821305197
CHFJPY,CHFJPY,B,LONG,2023-01-20 09:30:00,2023-01-20 14:35:00,spread_reduced,Pseudo,0.1918735073379807,-0.0042875248178872545
GBPUSD,GBPUSD,B,LONG,2023-01-20 15:25:00,2023-01-20 17:25:00,spread_reduced,Pseudo,-0.027395568440014006,-0.003125787749484476
CHFJPY,CHFJPY,B,LONG,2023-01-23 04:25:00,2023-01-23 08:30:00,spread_reduced,Pseudo,0.11915321969503401,-0.0035776525058963627
CHFJPY,CHFJPY,B,LONG,2023-01-23 15:55:00,2023-01-23 17:55:00,spread_reduced,Both,-0.027839571565979604,-0.0033344660704039443
GBPUSD,GBPUSD,B,LONG,2023-01-23 15:55:00,2023-01-23 17:55:00,spread_reduced,Both,-0.011068169460382027,-0.0036116132391417356
EURGBP,EURGBP,B,SHORT,2023-01-23 15:55:00,2023-01-23 17:55:00,spread_reduced,Pseudo,-0.004516144952670942,0.0031383333522197058
CHFJPY,CHFJPY,B,LONG,2023-01-24 14:45:00,2023-01-24 15:55:00,spread_reduced,Pseudo,-0.05024873490832582,-0.0031185843890110406
CHFJPY,CHFJPY,B,SHORT,2023-01-24 17:00:00,2023-01-24 18:10:00,spread_reduced,Pseudo,-0.027065435442807928,0.003868414610026183
CHFJPY,CHFJPY,B,LONG,2023-01-25 03:50:00,2023-01-25 05:45:00,spread_reduced,Pseudo,-0.03633004190484734,-0.003054892242877596
CHFJPY,CHFJPY,B,SHORT,2023-01-25 09:05:00,2023-01-25 13:10:00,spread_reduced,Pseudo,-0.040758786041350525,0.003997486912870347
CHFJPY,CHFJPY,B,SHORT,2023-01-25 15:20:00,2023-01-25 16:00:00,spread_reduced,Pseudo,-0.0880064867554653,0.0030054722059863833
CHFJPY,CHFJPY,B,LONG,2023-01-26 08:10:00,2023-01-26 10:10:00,spread_reduced,Pseudo,-0.05508341606278444,-0.0030862796130483533
CHFJPY,CHFJPY,B,LONG,2023-01-26 14:20:00,2023-01-26 16:05:00,spread_reduced,Pseudo,-0.1794232253995498,-0.0034219066712524466
GBPJPY,GBPJPY,B,LONG,2023-01-27 09:05:00,2023-01-27 10:25:00,spread_reduced,Real,-0.08494055395428246,-0.003066743578425348
CHFJPY,CHFJPY,B,LONG,2023-01-30 00:05:00,2023-01-30 02:30:00,spread_reduced,Pseudo,-0.0054132342418578006,-0.003033280342094624
CHFJPY,CHFJPY,B,SHORT,2023-01-30 03:55:00,2023-01-30 06:10:00,spread_reduced,Real,0.12384606747478655,0.003558628655769761
CHFJPY,CHFJPY,B,LONG,2023-01-30 08:15:00,2023-01-30 12:25:00,spread_reduced,Pseudo,0.11507671610825332,-0.0032100741014380427
CHFJPY,CHFJPY,B,LONG,2023-01-31 16:05:00,2023-01-31 19:30:00,spread_reduced,Pseudo,0.15254226767600354,-0.003213313536842529
CHFJPY,CHFJPY,B,LONG,2023-02-01 04:50:00,2023-02-01 08:05:00,spread_reduced,Pseudo,-0.008048229793145012,-0.003168582799914962
CHFJPY,CHFJPY,B,SHORT,2023-02-01 09:10:00,2023-02-01 11:25:00,spread_reduced,Pseudo,-0.005059915350591471,0.0033035638378996974
CHFJPY,CHFJPY,B,SHORT,2023-02-01 14:55:00,2023-02-01 18:30:00,spread_reduced,Real,0.0007839073877469183,0.003171783302953888
EURGBP,EURGBP,B,SHORT,2023-02-01 19:50:00,2023-02-01 21:50:00,spread_reduced,Pseudo,-0.07728069770243096,0.0030435755264704833
GBPUSD,GBPUSD,B,LONG,2023-02-01 19:40:00,2023-02-01 22:30:00,spread_reduced,Pseudo,0.014195699534214068,-0.0030350012560286044
NZDUSD,NZDUSD,B,LONG,2023-02-01 21:00:00,2023-02-01 22:40:00,spread_reduced,Real,0.006221084957214185,-0.0030932074904118506
CHFJPY,CHFJPY,B,LONG,2023-02-01 20:00:00,2023-02-01 23:10:00,spread_reduced,Pseudo,-0.028328581720044044,-0.0031029362736316175
GBPJPY,GBPJPY,B,LONG,2023-02-01 20:35:00,2023-02-01 23:35:00,spread_reduced,Real,-0.0634998808724363,-0.00303308531810503
CHFJPY,CHFJPY,B,SHORT,2023-02-02 00:10:00,2023-02-02 01:10:00,spread_reduced,Pseudo,-0.10419776349069876,0.0032780038446097474
CHFJPY,CHFJPY,B,SHORT,2023-02-02 12:20:00,2023-02-02 18:45:00,spread_reduced,Pseudo,0.22409398995016372,0.0031603409959865135
NZDUSD,NZDUSD,B,SHORT,2023-02-03 13:40:00,2023-02-03 15:45:00,spread_reduced,Real,0.16135737579917042,0.0035787383506522257
EURGBP,EURGBP,B,LONG,2023-02-03 13:35:00,2023-02-03 17:00:00,spread_reduced,Real,0.17075306667829748,-0.0037876146682547305
AUDUSD,AUDUSD,B,SHORT,2023-02-03 13:40:00,2023-02-03 17:00:00,spread_reduced,Pseudo,0.24475015763638086,0.0033963853563502835
EURAUD,EURAUD,B,LONG,2023-02-03 13:40:00,2023-02-03 17:00:00,spread_reduced,Real,0.21174730322519597,-0.003559211805803276
EURJPY,EURJPY,B,LONG,2023-02-03 13:40:00,2023-02-03 17:05:00,spread_reduced,Real,0.3826948988516099,-0.003000073671179329
CHFJPY,CHFJPY,B,LONG,2023-02-03 13:40:00,2023-02-03 17:15:00,spread_reduced,Pseudo,0.2762365226828267,-0.0036203209604411903
CHFJPY,CHFJPY,B,SHORT,2023-02-03 18:00:00,2023-02-03 18:40:00,spread_reduced,Pseudo,-0.016005070543378963,0.0032913790466770486
GBPUSD,GBPUSD,B,SHORT,2023-02-03 13:30:00,2023-02-03 18:45:00,spread_reduced,Pseudo,0.41066948739694187,0.003068577463637422
USDJPY,USDJPY,B,LONG,2023-02-03 13:45:00,2023-02-03 18:45:00,spread_reduced,Pseudo,0.3744736611096089,-0.003288117196764698
USDJPY,USDJPY,B,SHORT,2023-02-05 23:05:00,2023-02-06 09:10:00,spread_reduced,Pseudo,-0.06934345306895962,0.0036714795947451616
CHFJPY,CHFJPY,B,LONG,2023-02-06 13:50:00,2023-02-06 15:40:00,spread_reduced,Pseudo,-0.03002814158449829,-0.0030854632362701507
CHFJPY,CHFJPY,B,SHORT,2023-02-07 08:25:00,2023-02-07 10:30:00,spread_reduced,Pseudo,-0.10030932220758126,0.0033028286694043734
CHFJPY,CHFJPY,B,SHORT,2023-02-07 13:45:00,2023-02-07 17:45:00,spread_reduced,Pseudo,0.0937525205325751,0.003012287481445246
GBPUSD,GBPUSD,B,LONG,2023-02-07 17:45:00,2023-02-07 18:25:00,spread_reduced,Pseudo,-0.1973913050776488,-0.003727471902120591
EURGBP,EURGBP,B,SHORT,2023-02-07 17:45:00,2023-02-07 18:30:00,spread_reduced,Pseudo,-0.10229124026038816,0.0030822385901843486
CHFJPY,CHFJPY,B,LONG,2023-02-08 02:25:00,2023-02-08 03:50:00,spread_reduced,Pseudo,-0.07648900087475208,-0.0031326093869126054
CHFJPY,CHFJPY,B,LONG,2023-02-09 01:25:00,2023-02-09 03:05:00,spread_reduced,Pseudo,-0.06956850787164792,-0.00307952213478103
CHFJPY,CHFJPY,B,SHORT,2023-02-10 07:15:00,2023-02-10 09:15:00,spread_reduced,Pseudo,0.020270859227661253,0.003932172066324753
NZDJPY,NZDJPY,B,SHORT,2023-02-10 08:05:00,2023-02-10 09:20:00,spread_reduced,Pseudo,-0.42546492260919777,0.0031051360489606733
EURJPY,EURJPY,B,SHORT,2023-02-10 08:00:00,2023-02-10 09:25:00,spread_reduced,Real,-0.31281873527100323,0.0031577933539314647
USDJPY,USDJPY,B,SHORT,2023-02-10 08:05:00,2023-02-10 09:30:00,stop,Pseudo,-0.502000815670256,0.0030494431084760703
CHFJPY,CHFJPY,B,LONG,2023-02-10 10:00:00,2023-02-10 11:15:00,spread_reduced,Real,0.01678649041382263,-0.00486578995906929
CHFJPY,CHFJPY,B,SHORT,2023-02-10 11:30:00,2023-02-10 12:20:00,spread_reduced,Pseudo,-0.06783404420037664,0.003928979235039768
CHFJPY,CHFJPY,B,LONG,2023-02-10 15:05:00,2023-02-10 17:05:00,spread_reduced,Pseudo,0.031186680745898254,-0.0032201972466301713
CHFJPY,CHFJPY,B,LONG,2023-02-13 04:15:00,2023-02-13 14:15:00,spread_reduced,Real,0.3382388897573696,-0.0030699584466445406
CHFJPY,CHFJPY,B,LONG,2023-02-13 15:50:00,2023-02-13 17:35:00,spread_reduced,Neither,-0.059338689902699304,-0.0030380989395176394
CHFJPY,CHFJPY,B,SHORT,2023-02-14 01:40:00,2023-02-14 03:40:00,spread_reduced,Pseudo,-0.04054645695515946,0.0031948823387011336
GBPUSD,GBPUSD,B,SHORT,2023-02-15 07:30:00,2023-02-15 09:30:00,spread_reduced,Pseudo,-0.022810718072707736,0.0031772444209969375
GBPUSD,GBPUSD,B,SHORT,2023-02-16 15:00:00,2023-02-16 15:45:00,spread_reduced,Real,-0.1282428185879314,0.0034627150417705565
GBPUSD,GBPUSD,B,LONG,2023-02-21 09:45:00,2023-02-21 12:10:00,spread_reduced,Pseudo,0.03343814283726099,-0.0030280798887309195
EURGBP,EURGBP,B,SHORT,2023-02-21 09:50:00,2023-02-21 12:10:00,spread_reduced,Real,0.0629860050593456,0.0031593459758917034
CHFJPY,CHFJPY,B,SHORT,2023-02-23 15:35:00,2023-02-23 18:40:00,spread_reduced,Real,0.07956448480655465,0.003009576768204755
GBPJPY,GBPJPY,B,SHORT,2023-02-23 16:50:00,2023-02-23 18:40:00,spread_reduced,Real,0.04250729466498404,0.0030049268845953603
GBPUSD,GBPUSD,B,SHORT,2023-02-23 16:50:00,2023-02-23 18:40:00,spread_reduced,Pseudo,0.012458431583517449,0.0033980430850268657
CHFJPY,CHFJPY,B,SHORT,2023-02-24 00:50:00,2023-02-24 01:10:00,spread_reduced,Pseudo,-0.13865165999004114,0.003365169557257383
CHFJPY,CHFJPY,B,LONG,2023-02-24 02:50:00,2023-02-24 03:45:00,spread_reduced,Both,0.014179490380061832,-0.0038862603283849155
CHFJPY,CHFJPY,B,LONG,2023-02-27 15:25:00,2023-02-27 17:25:00,spread_reduced,Neither,-0.0704943894265897,-0.003157794499025305
CHFJPY,CHFJPY,B,LONG,2023-02-28 08:05:00,2023-02-28 15:05:00,spread_reduced,Pseudo,-0.001630852959932927,-0.0032022771909395093
CHFJPY,CHFJPY,B,SHORT,2023-02-28 15:50:00,2023-02-28 20:00:00,spread_reduced,Real,0.21605294227824423,0.0038689779201614284
GBPUSD,GBPUSD,B,SHORT,2023-03-01 15:05:00,2023-03-01 15:40:00,spread_reduced,Pseudo,-0.1375794664981833,0.003353021454349009
EURGBP,EURGBP,B,LONG,2023-03-01 15:05:00,2023-03-01 15:45:00,spread_reduced,Pseudo,-0.035201554808367286,-0.0033075570289496405
CHFJPY,CHFJPY,B,SHORT,2023-03-07 08:45:00,2023-03-07 10:10:00,spread_reduced,Both,-0.022048419009146336,0.003086280093329995
AUDUSD,AUDUSD,B,SHORT,2023-03-07 16:25:00,2023-03-07 18:25:00,spread_reduced,Pseudo,-0.010229744381262673,0.0030304892370395897
NZDUSD,NZDUSD,B,SHORT,2023-03-07 15:40:00,2023-03-07 20:20:00,spread_reduced,Pseudo,0.18141148469268953,0.0033128764077439447
CHFJPY,CHFJPY,B,SHORT,2023-03-09 00:30:00,2023-03-09 02:25:00,spread_reduced,Pseudo,-0.05300225193833885,0.003166363899312305
CHFJPY,CHFJPY,B,SHORT,2023-03-09 09:50:00,2023-03-09 11:35:00,spread_reduced,Pseudo,-0.04466624683420184,0.003677131339319825
CHFJPY,CHFJPY,B,LONG,2023-03-10 02:30:00,2023-03-10 06:00:00,spread_reduced,Both,0.022189872262301513,-0.005931197273749414
CHFJPY,CHFJPY,B,SHORT,2023-03-10 08:10:00,2023-03-10 09:05:00,spread_reduced,Pseudo,-0.22996638936693126,0.003235136471392919
CHFJPY,CHFJPY,B,LONG,2023-03-10 10:00:00,2023-03-10 12:00:00,spread_reduced,Pseudo,0.050317913848729745,-0.003984953622590813
CHFJPY,CHFJPY,B,SHORT,2023-03-10 14:20:00,2023-03-10 16:30:00,spread_reduced,Pseudo,0.14203477240780638,0.0037459194059737628
GBPJPY,GBPJPY,B,SHORT,2023-03-10 15:45:00,2023-03-10 16:30:00,spread_reduced,Pseudo,-0.19038634151237188,0.003002661811920619
EURJPY,EURJPY,B,SHORT,2023-03-10 14:50:00,2023-03-10 16:45:00,spread_reduced,Both,-0.07605119305946761,0.0031706904672533284
USDJPY,USDJPY,B,SHORT,2023-03-10 15:00:00,2023-03-10 16:50:00,spread_reduced,Pseudo,-0.1752424716787826,0.0030598780169716895
CHFJPY,CHFJPY,B,SHORT,2023-03-10 18:35:00,2023-03-10 20:45:00,spread_reduced,Pseudo,0.019527782578487862,0.003758752984511924
GBPUSD,GBPUSD,B,SHORT,2023-03-10 18:40:00,2023-03-10 20:45:00,spread_reduced,Real,0.038608090183817056,0.00307755796754574
CHFJPY,CHFJPY,B,SHORT,2023-03-12 22:00:00,2023-03-12 22:20:00,spread_reduced,Pseudo,-0.22447944277861342,0.0034468970833309094
CHFJPY,CHFJPY,B,LONG,2023-03-12 23:55:00,2023-03-13 00:20:00,spread_reduced,Pseudo,-0.14500512811738697,-0.003298037676671496
GBPJPY,GBPJPY,B,LONG,2023-03-13 00:05:00,2023-03-13 00:20:00,spread_reduced,Pseudo,-0.05850343045274986,-0.0030186668535072403
GBPUSD,GBPUSD,B,LONG,2023-03-12 23:20:00,2023-03-13 00:40:00,spread_reduced,Pseudo,-0.03747010270924722,-0.0031414407753072304
EURGBP,EURGBP,B,SHORT,2023-03-12 23:15:00,2023-03-13 00:45:00,spread_reduced,Pseudo,-0.0347978106041924,0.003055669345866975
CHFJPY,CHFJPY,B,SHORT,2023-03-13 01:55:00,2023-03-13 02:50:00,spread_reduced,Pseudo,0.08150335950724008,0.0033802241801717432
EURGBP,EURGBP,B,SHORT,2023-03-13 03:30:00,2023-03-13 04:50:00,spread_reduced,Real,-0.01160607111466705,0.0030623688902216657
GBPUSD,GBPUSD,B,LONG,2023-03-13 02:55:00,2023-03-13 05:00:00,spread_reduced,Real,-0.0824602381808981,-0.0035736025809511205
CHFJPY,CHFJPY,B,LONG,2023-03-13 07:05:00,2023-03-13 08:30:00,spread_reduced,Pseudo,-0.05867766467813618,-0.003108209685798394
GBPUSD,GBPUSD,B,SHORT,2023-03-13 10:10:00,2023-03-13 11:25:00,spread_reduced,Real,0.047388554811605976,0.0030562902593221784
CHFJPY,CHFJPY,B,SHORT,2023-03-13 08:45:00,2023-03-13 11:30:00,spread_reduced,Neither,0.124065949059049,0.003546274730860317
GBPJPY,GBPJPY,B,SHORT,2023-03-13 09:30:00,2023-03-13 11:30:00,spread_reduced,Real,0.02416144363964201,0.003431209776810315
NZDJPY,NZDJPY,B,SHORT,2023-03-13 09:30:00,2023-03-13 13:15:00,spread_reduced,Pseudo,-0.13452971636238598,0.0030600840113110027
CHFJPY,CHFJPY,B,SHORT,2023-03-13 12:25:00,2023-03-13 13:40:00,spread_reduced,Pseudo,-0.10943199724641195,0.003616861583128203
GBPUSD,GBPUSD,B,LONG,2023-03-13 14:40:00,2023-03-13 16:30:00,spread_reduced,Pseudo,0.03080381150205591,-0.00397525212258229
EURGBP,EURGBP,B,SHORT,2023-03-13 14:40:00,2023-03-13 16:30:00,spread_reduced,Pseudo,-0.0481531937815638,0.003017489828746494
AUDUSD,AUDUSD,B,LONG,2023-03-13 15:25:00,2023-03-13 16:30:00,spread_reduced,Pseudo,-0.35968933120210655,-0.0030584905975906368
GBPJPY,GBPJPY,B,LONG,2023-03-13 14:45:00,2023-03-13 16:45:00,spread_reduced,Pseudo,0.17674548738432216,-0.003953548008768765
CHFJPY,CHFJPY,B,LONG,2023-03-13 14:15:00,2023-03-13 17:30:00,spread_reduced,Pseudo,-0.11446061356735204,-0.0036821184732716487
CHFJPY,CHFJPY,B,LONG,2023-03-13 19:15:00,2023-03-13 20:05:00,spread_reduced,Neither,-0.077439615373881,-0.0030564673393525797
CHFJPY,CHFJPY,B,SHORT,2023-03-13 21:15:00,2023-03-13 23:10:00,spread_reduced,Pseudo,-0.011904930447848017,0.003274704482725037
CHFJPY,CHFJPY,B,LONG,2023-03-14 01:35:00,2023-03-14 03:35:00,spread_reduced,Pseudo,-0.0683380382331844,-0.003336527511644208
CHFJPY,CHFJPY,B,LONG,2023-03-14 08:25:00,2023-03-14 10:35:00,spread_reduced,Pseudo,0.19170824177583423,-0.00352729618747759
CHFJPY,CHFJPY,B,LONG,2023-03-14 13:00:00,2023-03-14 15:00:00,spread_reduced,Both,-0.16934645634698042,-0.0038837406833161702
CHFJPY,CHFJPY,B,SHORT,2023-03-14 15:45:00,2023-03-14 16:45:00,spread_reduced,Real,-0.02106071746128535,0.004235356571782553
GBPJPY,GBPJPY,B,SHORT,2023-03-15 10:05:00,2023-03-15 14:05:00,spread_reduced,Pseudo,0.5925858660360495,0.0032931816604323118
AUDJPY,AUDJPY,B,SHORT,2023-03-15 10:05:00,2023-03-15 14:05:00,spread_reduced,Pseudo,0.4887365446645253,0.00307734825300393
NZDJPY,NZDJPY,B,SHORT,2023-03-15 09:40:00,2023-03-15 14:10:00,spread_reduced,Pseudo,0.516496099328928,0.0032927547587908736
EURJPY,EURJPY,B,SHORT,2023-03-15 10:05:00,2023-03-15 14:10:00,spread_reduced,Pseudo,0.8934304457921372,0.003116573938507493
USDJPY,USDJPY,B,SHORT,2023-03-15 10:10:00,2023-03-15 14:10:00,spread_reduced,Pseudo,0.28228700373391646,0.0032545155392222505
CHFJPY,CHFJPY,B,SHORT,2023-03-15 09:20:00,2023-03-15 14:40:00,spread_reduced,Pseudo,0.8634103990382558,0.003912085655073352
CHFJPY,CHFJPY,B,LONG,2023-03-15 15:10:00,2023-03-15 15:30:00,spread_reduced,Real,-0.02238515826098464,-0.0046851458280239636
CHFJPY,CHFJPY,B,SHORT,2023-03-15 16:05:00,2023-03-15 17:25:00,spread_reduced,Real,0.09159699344940542,0.0041027349034243495
EURGBP,EURGBP,B,LONG,2023-03-15 15:40:00,2023-03-15 18:00:00,spread_reduced,Real,0.011769255031712778,-0.003480449619554765
GBPUSD,GBPUSD,B,SHORT,2023-03-15 15:40:00,2023-03-15 18:15:00,spread_reduced,Real,-0.09197548366207675,0.0036294668472258255
GBPJPY,GBPJPY,B,SHORT,2023-03-15 16:15:00,2023-03-15 18:20:00,spread_reduced,Pseudo,-0.28673058413866137,0.003351814541783722
CHFJPY,CHFJPY,B,LONG,2023-03-15 18:20:00,2023-03-15 20:25:00,spread_reduced,Pseudo,0.0007174524487618683,-0.0039363974907287115
NZDJPY,NZDJPY,B,LONG,2023-03-15 18:35:00,2023-03-15 20:25:00,spread_reduced,Real,-0.15222609521735597,-0.0030944967631445033
CHFJPY,CHFJPY,B,SHORT,2023-03-15 23:50:00,2023-03-16 00:50:00,spread_reduced,Pseudo,-0.1759230228781994,0.0031529938985600235
CHFJPY,CHFJPY,B,SHORT,2023-03-16 02:50:00,2023-03-16 04:55:00,spread_reduced,Pseudo,-0.021529985365975612,0.003495809836265379
CHFJPY,CHFJPY,B,LONG,2023-03-16 05:30:00,2023-03-16 07:30:00,spread_reduced,Pseudo,0.016771956920103026,-0.003165559215734779
CHFJPY,CHFJPY,B,LONG,2023-03-16 07:50:00,2023-03-16 09:00:00,spread_reduced,Pseudo,-0.1097726003389421,-0.0031347438690978364
GBPJPY,GBPJPY,B,LONG,2023-03-16 08:00:00,2023-03-16 09:05:00,spread_reduced,Pseudo,-0.26364186591306127,-0.0030206533687747107
CHFJPY,CHFJPY,B,SHORT,2023-03-16 10:00:00,2023-03-16 10:20:00,spread_reduced,Real,0.011522442428923974,0.003918145322912797
CHFJPY,CHFJPY,B,SHORT,2023-03-16 12:05:00,2023-03-16 14:50:00,spread_reduced,Pseudo,0.05635610029154359,0.00324395892541358
NZDJPY,NZDJPY,B,SHORT,2023-03-16 13:20:00,2023-03-16 14:50:00,stop,Pseudo,-0.528080292077937,0.0030074489175348773
CHFJPY,CHFJPY,B,LONG,2023-03-16 14:50:00,2023-03-16 19:05:00,spread_reduced,Pseudo,0.29935872688889864,-0.004012990697684347
GBPJPY,GBPJPY,B,LONG,2023-03-16 15:35:00,2023-03-16 19:05:00,spread_reduced,Pseudo,0.31806237929890013,-0.003025368893043939
NZDJPY,NZDJPY,B,LONG,2023-03-16 15:20:00,2023-03-16 22:00:00,spread_reduced,Pseudo,0.45475362117606277,-0.0033879935870890143
CHFJPY,CHFJPY,B,LONG,2023-03-16 20:45:00,2023-03-16 22:00:00,spread_reduced,Pseudo,-0.08373689332264456,-0.0031714400508294
NZDJPY,NZDJPY,B,SHORT,2023-03-17 12:30:00,2023-03-17 13:40:00,spread_reduced,Real,-0.10729448123558694,0.0032495343980996605
GBPJPY,GBPJPY,B,SHORT,2023-03-17 12:30:00,2023-03-17 14:25:00,spread_reduced,Pseudo,-0.06213913604941057,0.003028678948022016
CHFJPY,CHFJPY,B,SHORT,2023-03-17 11:15:00,2023-03-17 14:45:00,spread_reduced,Pseudo,0.3148457617369649,0.0030215441320774255
EURJPY,EURJPY,B,SHORT,2023-03-17 12:30:00,2023-03-17 14:45:00,spread_reduced,Pseudo,-0.06036711303003539,0.0031223722178188467
CHFJPY,CHFJPY,B,SHORT,2023-03-17 15:50:00,2023-03-17 16:15:00,spread_reduced,Pseudo,-0.11760787824807162,0.0031309093065754454
CHFJPY,CHFJPY,B,LONG,2023-03-17 16:30:00,2023-03-17 18:15:00,spread_reduced,Real,-0.09538438718378894,-0.0034810859606432577
CHFJPY,CHFJPY,B,LONG,2023-03-19 22:30:00,2023-03-20 01:35:00,spread_reduced,Pseudo,0.09587631831545762,-0.003362493485134483
AUDJPY,AUDJPY,B,SHORT,2023-03-20 08:15:00,2023-03-20 09:00:00,spread_reduced,Real,-0.20486611278920375,0.003026988434786782
CHFJPY,CHFJPY,B,SHORT,2023-03-20 02:30:00,2023-03-20 09:05:00,spread_reduced,Real,0.5897564649874176,0.0031980172193230468
NZDJPY,NZDJPY,B,SHORT,2023-03-20 08:10:00,2023-03-20 09:05:00,spread_reduced,Real,-0.012117566126690349,0.0035899708358644042
USDJPY,USDJPY,B,SHORT,2023-03-20 08:15:00,2023-03-20 09:30:00,spread_reduced,Pseudo,-0.17460748490919498,0.0031731155905827583
CHFJPY,CHFJPY,B,SHORT,2023-03-20 09:15:00,2023-03-20 09:30:00,spread_reduced,Pseudo,-0.133803464401816,0.0036500697136782356
EURJPY,EURJPY,B,SHORT,2023-03-20 08:10:00,2023-03-20 09:55:00,spread_reduced,Pseudo,-0.29491801326744227,0.0034411960670197896
GBPJPY,GBPJPY,B,SHORT,2023-03-20 08:15:00,2023-03-20 10:10:00,spread_reduced,Real,-0.3311637078439622,0.003751461793878994
CHFJPY,CHFJPY,B,LONG,2023-03-20 10:25:00,2023-03-20 12:05:00,spread_reduced,Pseudo,-0.026980534972564918,-0.00648692468313679
GBPJPY,GBPJPY,B,LONG,2023-03-20 13:45:00,2023-03-20 15:40:00,spread_reduced,Pseudo,0.025650203854510334,-0.0030322591646461095
CHFJPY,CHFJPY,B,LONG,2023-03-20 13:10:00,2023-03-20 15:45:00,spread_reduced,Pseudo,0.08749275117962974,-0.0030590443671992783
CHFJPY,CHFJPY,B,SHORT,2023-03-20 19:20:00,2023-03-20 22:40:00,spread_reduced,Both,-0.0013489384792175763,0.0030194841746081363
CHFJPY,CHFJPY,B,SHORT,2023-03-21 01:00:00,2023-03-21 03:00:00,spread_reduced,Real,-0.03729404927728108,0.00335954500926127
CHFJPY,CHFJPY,B,LONG,2023-03-21 07:10:00,2023-03-21 12:35:00,spread_reduced,Pseudo,0.5418502676371673,-0.0030698598735132694
CHFJPY,CHFJPY,B,SHORT,2023-03-21 14:15:00,2023-03-21 16:10:00,spread_reduced,Pseudo,-0.1600693377277751,0.003455508143587173
CHFJPY,CHFJPY,B,LONG,2023-03-21 17:00:00,2023-03-21 22:05:00,spread_reduced,Pseudo,-0.013592237518100792,-0.00356210236578268
CHFJPY,CHFJPY,B,LONG,2023-03-22 01:35:00,2023-03-22 02:35:00,spread_reduced,Pseudo,-0.14630691931142858,-0.003089190652454295
CHFJPY,CHFJPY,B,LONG,2023-03-22 10:15:00,2023-03-22 12:25:00,spread_reduced,Pseudo,0.00796187551240779,-0.003653838801619308
CHFJPY,CHFJPY,B,SHORT,2023-03-22 13:30:00,2023-03-22 15:55:00,spread_reduced,Pseudo,-0.020035608960511375,0.0032584128617688317
GBPJPY,GBPJPY,B,SHORT,2023-03-22 20:00:00,2023-03-22 21:55:00,spread_reduced,Real,-0.09437730809981337,0.0033185538478926217
GBPUSD,GBPUSD,B,SHORT,2023-03-22 20:05:00,2023-03-22 21:55:00,spread_reduced,Pseudo,0.011082092115616282,0.0030671206530851363
EURGBP,EURGBP,B,LONG,2023-03-22 20:40:00,2023-03-22 22:00:00,spread_reduced,Real,-0.0017153551074622353,-0.0035384886780756098
CHFJPY,CHFJPY,B,SHORT,2023-03-22 18:40:00,2023-03-22 22:10:00,spread_reduced,Both,-0.0017428416967057991,0.0037389522260917354
CHFJPY,CHFJPY,B,LONG,2023-03-23 08:50:00,2023-03-23 10:25:00,spread_reduced,Real,-0.1305324543341424,-0.0032162933297896395
CHFJPY,CHFJPY,B,SHORT,2023-03-23 16:35:00,2023-03-23 20:40:00,spread_reduced,Neither,0.10866338248308738,0.0031457517160854926
CHFJPY,CHFJPY,B,LONG,2023-03-28 07:15:00,2023-03-28 09:10:00,spread_reduced,Pseudo,-0.02499617826554057,-0.003955992842675397
CHFJPY,CHFJPY,B,SHORT,2023-03-28 09:40:00,2023-03-28 11:10:00,spread_reduced,Pseudo,-0.07304776023889792,0.0032662980352543523
CHFJPY,CHFJPY,B,LONG,2023-03-28 15:00:00,2023-03-28 17:00:00,spread_reduced,Pseudo,-0.04612446849525109,-0.0031616825807718276
CHFJPY,CHFJPY,B,SHORT,2023-03-28 17:55:00,2023-03-28 19:10:00,spread_reduced,Pseudo,-0.08197398861398142,0.003009874386457621
GBPJPY,GBPJPY,B,SHORT,2023-03-29 09:10:00,2023-03-29 11:00:00,spread_reduced,Pseudo,-0.11318698203397481,0.0042658180953650884
CHFJPY,CHFJPY,B,LONG,2023-03-29 11:35:00,2023-03-29 13:45:00,spread_reduced,Pseudo,-0.06567253380689864,-0.0038603485899340343
CHFJPY,CHFJPY,B,LONG,2023-03-30 09:00:00,2023-03-30 10:45:00,spread_reduced,Both,0.06611246953086569,-0.0030024610678098516
CHFJPY,CHFJPY,B,LONG,2023-03-30 12:55:00,2023-03-30 15:00:00,spread_reduced,Pseudo,-0.03806771765315631,-0.0030206682312091493
CHFJPY,CHFJPY,B,LONG,2023-03-30 23:50:00,2023-03-31 02:00:00,spread_reduced,Pseudo,-0.061635052848402205,-0.0038152742281014436
CHFJPY,CHFJPY,B,SHORT,2023-03-31 03:35:00,2023-03-31 05:30:00,spread_reduced,Pseudo,-0.0021373318468631552,0.003279933939109222
CHFJPY,CHFJPY,B,LONG,2023-03-31 10:00:00,2023-03-31 10:40:00,spread_reduced,Real,0.006624497863827461,-0.0043444228671917304
CHFJPY,CHFJPY,B,SHORT,2023-03-31 12:30:00,2023-03-31 13:00:00,spread_reduced,Pseudo,-0.16305024719103223,0.004285339945811663
CHFJPY,CHFJPY,B,SHORT,2023-04-03 00:10:00,2023-04-03 02:00:00,spread_reduced,Real,-0.046445982001919184,0.003588421351512786
CHFJPY,CHFJPY,B,LONG,2023-04-03 03:15:00,2023-04-03 05:00:00,spread_reduced,Pseudo,-0.02621333186847985,-0.003072347919038957
CHFJPY,CHFJPY,B,LONG,2023-04-03 07:30:00,2023-04-03 09:50:00,spread_reduced,Pseudo,0.0023315601537232666,-0.0033604564723380918
GBPUSD,GBPUSD,B,LONG,2023-04-03 11:50:00,2023-04-03 13:50:00,spread_reduced,Pseudo,0.04749309943775648,-0.003033239558455747
EURGBP,EURGBP,B,SHORT,2023-04-03 12:20:00,2023-04-03 15:10:00,spread_reduced,Pseudo,-0.06976350701110023,0.0032758045957050337
CHFJPY,CHFJPY,B,SHORT,2023-04-03 14:15:00,2023-04-03 16:30:00,spread_reduced,Pseudo,0.0025242609577147412,0.00317096569945789
CHFJPY,CHFJPY,B,LONG,2023-04-04 09:15:00,2023-04-04 11:15:00,spread_reduced,Real,-0.08987502288146931,-0.0032083288208895463
CHFJPY,CHFJPY,B,SHORT,2023-04-04 12:45:00,2023-04-04 17:30:00,spread_reduced,Real,0.015746437509250866,0.003005285269522988
CHFJPY,CHFJPY,B,LONG,2023-04-05 02:00:00,2023-04-05 04:00:00,spread_reduced,Real,0.013866744700341549,-0.0031843332480451457
CHFJPY,CHFJPY,B,SHORT,2023-04-05 08:45:00,2023-04-05 09:10:00,spread_reduced,Pseudo,-0.1538034499078189,0.003694154054056629
GBPUSD,GBPUSD,B,SHORT,2023-04-05 09:20:00,2023-04-05 11:20:00,spread_reduced,Pseudo,0.0442877388509233,0.00361751840257082
CHFJPY,CHFJPY,B,SHORT,2023-04-05 12:15:00,2023-04-05 14:30:00,spread_reduced,Pseudo,0.009257950409613525,0.0032052997215527576
CHFJPY,CHFJPY,B,SHORT,2023-04-05 14:40:00,2023-04-05 15:35:00,spread_reduced,Pseudo,-0.042039515810476935,0.0030537942263222278
CHFJPY,CHFJPY,B,SHORT,2023-04-05 23:25:00,2023-04-06 01:05:00,spread_reduced,Pseudo,-0.07344615869985249,0.0030764333973574923
CHFJPY,CHFJPY,B,LONG,2023-04-06 07:00:00,2023-04-06 08:20:00,spread_reduced,Pseudo,0.03734963804886693,-0.003108194429649078
GBPUSD,GBPUSD,B,SHORT,2023-04-07 12:35:00,2023-04-07 14:30:00,spread_reduced,Both,-0.11717047158548155,0.003262810354833389
CHFJPY,CHFJPY,B,LONG,2023-04-07 13:20:00,2023-04-07 15:00:00,spread_reduced,Pseudo,0.024595484213751906,-0.003246256506086766
CHFJPY,CHFJPY,B,LONG,2023-04-10 00:10:00,2023-04-10 02:25:00,spread_reduced,Pseudo,-0.0006173243215112922,-0.0037111472482617997
CHFJPY,CHFJPY,B,LONG,2023-04-10 11:40:00,2023-04-10 16:45:00,spread_reduced,Real,0.12754936863081934,-0.0031641191193667964
CHFJPY,CHFJPY,B,LONG,2023-04-11 15:00:00,2023-04-11 17:10:00,spread_reduced,Pseudo,0.02624417857820527,-0.0033073816659409602
CHFJPY,CHFJPY,B,LONG,2023-04-12 17:15:00,2023-04-12 18:30:00,spread_reduced,Pseudo,-0.1118328377913147,-0.0031657851592373594
CHFJPY,CHFJPY,B,SHORT,2023-04-13 13:10:00,2023-04-13 15:00:00,spread_reduced,Pseudo,0.02576831181846928,0.0030931836066925124
EURGBP,EURGBP,B,LONG,2023-04-14 14:25:00,2023-04-14 18:45:00,spread_reduced,Real,0.038408299355252584,-0.0032851094339825778
USDJPY,USDJPY,B,SHORT,2023-04-17 00:10:00,2023-04-17 02:20:00,spread_reduced,Pseudo,0.02582084701046039,0.00497651795627983
CHFJPY,CHFJPY,B,LONG,2023-04-21 13:50:00,2023-04-21 16:05:00,spread_reduced,Both,0.050855243884762036,-0.0030773521249071265
CHFJPY,CHFJPY,B,LONG,2023-04-24 08:55:00,2023-04-24 12:20:00,spread_reduced,Pseudo,0.03814512551377769,-0.0031097234690965416
CHFJPY,CHFJPY,B,SHORT,2023-04-25 13:15:00,2023-04-25 16:40:00,spread_reduced,Pseudo,0.1555176835619898,0.0031906453720488464
CHFJPY,CHFJPY,B,SHORT,2023-04-25 17:15:00,2023-04-25 19:20:00,spread_reduced,Pseudo,-0.009065821588372103,0.0037839299509405348
CHFJPY,CHFJPY,B,SHORT,2023-04-26 13:40:00,2023-04-26 15:20:00,spread_reduced,Pseudo,0.05953793131881491,0.003255788358259225
CHFJPY,CHFJPY,B,LONG,2023-04-26 16:00:00,2023-04-26 17:45:00,spread_reduced,Pseudo,-0.09222962783584365,-0.003091700254682912
CHFJPY,CHFJPY,B,SHORT,2023-04-26 19:00:00,2023-04-26 20:35:00,spread_reduced,Real,-0.0419332349191337,0.0034049955948180707
CHFJPY,CHFJPY,B,LONG,2023-04-27 14:00:00,2023-04-27 16:00:00,spread_reduced,Pseudo,-0.00739812382811178,-0.003344494322507537
CHFJPY,CHFJPY,B,LONG,2023-04-28 01:50:00,2023-04-28 02:55:00,spread_reduced,Pseudo,-0.0826475936052673,-0.00349208372976817
CHFJPY,CHFJPY,B,SHORT,2023-04-28 03:50:00,2023-04-28 04:00:00,spread_reduced,Pseudo,-0.28622293254164655,0.003954673082637976
CHFJPY,CHFJPY,B,LONG,2023-04-28 04:10:00,2023-04-28 08:40:00,spread_reduced,Real,0.24224666116410276,-0.0038608332035551924
EURJPY,EURJPY,B,LONG,2023-04-28 05:50:00,2023-04-28 08:40:00,spread_reduced,Real,0.1659428535208396,-0.003143728386768509
CHFJPY,CHFJPY,B,LONG,2023-04-28 10:10:00,2023-04-28 12:35:00,spread_reduced,Pseudo,-0.004729744749737419,-0.0036366762857238436
CHFJPY,CHFJPY,B,LONG,2023-04-28 14:00:00,2023-04-28 16:10:00,spread_reduced,Pseudo,0.0005152987410661503,-0.0034897048944994838
NZDJPY,NZDJPY,B,LONG,2023-04-28 14:15:00,2023-04-28 16:20:00,spread_reduced,Pseudo,0.01895062981482898,-0.003060786475688449
CHFJPY,CHFJPY,B,LONG,2023-05-02 04:35:00,2023-05-02 06:35:00,spread_reduced,Pseudo,-0.06569157134464487,-0.0030448472761494382
EURGBP,EURGBP,B,SHORT,2023-05-02 04:35:00,2023-05-02 06:35:00,spread_reduced,Both,-0.029556338686742567,0.003025184745560891
AUDNZD,AUDNZD,B,LONG,2023-05-02 04:35:00,2023-05-02 06:35:00,spread_reduced,Pseudo,-0.0828650774474804,-0.0030342124947460515
EURAUD,EURAUD,B,SHORT,2023-05-02 05:10:00,2023-05-02 06:35:00,spread_reduced,Pseudo,-0.09094017200570459,0.003047527538484452
GBPUSD,GBPUSD,B,LONG,2023-05-02 05:00:00,2023-05-02 07:10:00,spread_reduced,Pseudo,0.002398160495398205,-0.0031811647458977596
CHFJPY,CHFJPY,B,SHORT,2023-05-02 09:10:00,2023-05-02 10:35:00,spread_reduced,Pseudo,0.004899430647259395,0.003254499118724464
AUDJPY,AUDJPY,B,LONG,2023-05-02 23:15:00,2023-05-03 01:00:00,spread_reduced,Pseudo,-0.016492194256828574,-0.0043514904263893765
CHFJPY,CHFJPY,B,SHORT,2023-05-03 19:25:00,2023-05-04 00:10:00,spread_reduced,Both,0.11204641901713663,0.003066366848966837
CHFJPY,CHFJPY,B,SHORT,2023-05-04 06:35:00,2023-05-04 08:00:00,spread_reduced,Real,-0.013780943654917444,0.003312970861876741
CHFJPY,CHFJPY,B,SHORT,2023-05-04 14:00:00,2023-05-04 16:25:00,spread_reduced,Pseudo,0.033455105509128114,0.0036592392455319796
CHFJPY,CHFJPY,B,LONG,2023-05-04 17:50:00,2023-05-04 19:50:00,spread_reduced,Pseudo,0.01723519250451666,-0.0034946775754893427
CHFJPY,CHFJPY,B,SHORT,2023-05-05 08:35:00,2023-05-05 09:45:00,spread_reduced,Pseudo,-0.07378292722712843,0.003091541105740492
CHFJPY,CHFJPY,B,LONG,2023-05-05 12:50:00,2023-05-05 17:00:00,spread_reduced,Pseudo,0.09651988940371226,-0.0030795018441027453
CHFJPY,CHFJPY,B,LONG,2023-05-07 23:40:00,2023-05-08 00:55:00,spread_reduced,Pseudo,-0.08148712151800352,-0.003073396602001424
CHFJPY,CHFJPY,B,LONG,2023-05-08 07:50:00,2023-05-08 09:05:00,spread_reduced,Pseudo,-0.09050175098695434,-0.003005177212872489
GBPUSD,GBPUSD,B,LONG,2023-05-10 12:45:00,2023-05-10 14:30:00,spread_reduced,Pseudo,-0.15750807507549092,-0.003236154868000784
EURGBP,EURGBP,B,SHORT,2023-05-10 12:50:00,2023-05-10 14:30:00,spread_reduced,Pseudo,-0.11049328584497031,0.0032393500903588517
CHFJPY,CHFJPY,B,SHORT,2023-05-10 13:40:00,2023-05-10 15:45:00,spread_reduced,Real,0.08003581461892284,0.0031719131864205202
GBPUSD,GBPUSD,B,SHORT,2023-05-10 14:50:00,2023-05-10 16:30:00,spread_reduced,Pseudo,-0.048805993843115125,0.003462770065083743
EURGBP,EURGBP,B,LONG,2023-05-10 15:00:00,2023-05-10 16:35:00,spread_reduced,Pseudo,-0.036387562986289756,-0.0031090469051382867
CHFJPY,CHFJPY,B,SHORT,2023-05-10 17:25:00,2023-05-10 19:00:00,spread_reduced,Pseudo,-0.08319670964479497,0.003099875957209843
CHFJPY,CHFJPY,B,LONG,2023-05-10 19:35:00,2023-05-10 21:30:00,spread_reduced,Pseudo,-0.04890142748184001,-0.0033578904495512644
CHFJPY,CHFJPY,B,SHORT,2023-05-11 11:10:00,2023-05-11 14:45:00,spread_reduced,Pseudo,-0.02103320855023627,0.003700158910042492
GBPJPY,GBPJPY,B,SHORT,2023-05-11 14:15:00,2023-05-11 16:15:00,spread_reduced,Pseudo,-0.037468354471670295,0.0037330551559083425
NZDUSD,NZDUSD,B,SHORT,2023-05-11 14:15:00,2023-05-11 16:15:00,spread_reduced,Pseudo,-0.0667862579477374,0.0031175895556799886
GBPUSD,GBPUSD,B,SHORT,2023-05-11 13:50:00,2023-05-11 16:20:00,spread_reduced,Pseudo,0.021551556155785523,0.0030987804177629
EURGBP,EURGBP,B,LONG,2023-05-11 14:05:00,2023-05-11 16:20:00,spread_reduced,Pseudo,0.05485709503427749,-0.0035268854747524327
CHFJPY,CHFJPY,B,SHORT,2023-05-12 09:20:00,2023-05-12 10:10:00,spread_reduced,Pseudo,-0.019147901976002135,0.0030038593564141354
GBPUSD,GBPUSD,B,SHORT,2023-05-12 15:25:00,2023-05-12 17:20:00,spread_reduced,Pseudo,0.03891492694170773,0.0032056241309035374
CHFJPY,CHFJPY,B,LONG,2023-05-16 13:40:00,2023-05-16 15:40:00,spread_reduced,Real,0.002489255368842702,-0.00367565397550767
CHFJPY,CHFJPY,B,LONG,2023-05-17 15:40:00,2023-05-17 19:05:00,spread_reduced,Real,0.0416857328593534,-0.003065247042466686
CHFJPY,CHFJPY,B,LONG,2023-05-19 12:45:00,2023-05-19 14:45:00,spread_reduced,Pseudo,-0.014819448244079991,-0.0032087124745206635
CHFJPY,CHFJPY,B,SHORT,2023-05-19 15:10:00,2023-05-19 17:10:00,spread_reduced,Pseudo,-0.0440490070774846,0.0037490712888969043
CHFJPY,CHFJPY,B,LONG,2023-05-22 12:40:00,2023-05-22 14:05:00,spread_reduced,Pseudo,-0.10433899300532623,-0.0030877963320323472
CHFJPY,CHFJPY,B,SHORT,2023-05-24 02:00:00,2023-05-24 04:05:00,spread_reduced,Pseudo,-0.02996461703562714,0.003025079325970668
GBPUSD,GBPUSD,B,SHORT,2023-05-24 02:00:00,2023-05-24 04:05:00,spread_reduced,Real,-0.016074664304166486,0.003185748694538862
GBPJPY,GBPJPY,B,SHORT,2023-05-24 02:05:00,2023-05-24 04:05:00,spread_reduced,Pseudo,-0.03876786968265433,0.0030161041365305867
NZDUSD,NZDUSD,B,SHORT,2023-05-24 03:00:00,2023-05-24 06:00:00,spread_reduced,Both,0.11995017814687148,0.003015189846630747
CHFJPY,CHFJPY,B,SHORT,2023-05-24 10:35:00,2023-05-24 12:05:00,spread_reduced,Both,-0.03392441790416312,0.0032684522708223782
CHFJPY,CHFJPY,B,LONG,2023-05-24 12:45:00,2023-05-24 14:20:00,spread_reduced,Pseudo,-0.08067254930674839,-0.0034532075566324257
CHFJPY,CHFJPY,B,LONG,2023-05-30 09:10:00,2023-05-30 11:00:00,spread_reduced,Both,-0.005542083467469094,-0.0041736284530246096
CHFJPY,CHFJPY,B,SHORT,2023-05-30 11:15:00,2023-05-30 13:50:00,spread_reduced,Real,0.061225782982304855,0.0030090806302187703
CHFJPY,CHFJPY,B,SHORT,2023-05-31 05:30:00,2023-05-31 07:30:00,spread_reduced,Real,0.056820279675506846,0.003276411219447723
CHFJPY,CHFJPY,B,LONG,2023-05-31 14:00:00,2023-05-31 14:40:00,spread_reduced,Pseudo,-0.1608491664541689,-0.003931784946371413
CHFJPY,CHFJPY,B,SHORT,2023-05-31 15:35:00,2023-05-31 17:20:00,spread_reduced,Pseudo,-0.04055581983745116,0.003082789710747629
CHFJPY,CHFJPY,B,SHORT,2023-06-01 13:30:00,2023-06-01 14:45:00,spread_reduced,Pseudo,0.037589786745756415,0.0031057434388259485
GBPUSD,GBPUSD,B,LONG,2023-06-01 15:20:00,2023-06-01 17:20:00,spread_reduced,Real,0.026541241210031874,-0.0033320253796327664
CHFJPY,CHFJPY,B,LONG,2023-06-02 14:20:00,2023-06-02 19:25:00,spread_reduced,Pseudo,0.07772471945057813,-0.0032294457150432985
CHFJPY,CHFJPY,B,SHORT,2023-06-05 14:10:00,2023-06-05 15:50:00,spread_reduced,Pseudo,-0.1495230263444003,0.003428072906336006
EURGBP,EURGBP,B,SHORT,2023-06-06 05:10:00,2023-06-06 06:35:00,spread_reduced,Pseudo,-0.061640209263891244,0.0031464904398261937
CHFJPY,CHFJPY,B,SHORT,2023-06-06 07:35:00,2023-06-06 09:35:00,spread_reduced,Pseudo,0.006006427411753279,0.00327706482997794
GBPUSD,GBPUSD,B,SHORT,2023-06-07 15:55:00,2023-06-07 18:50:00,spread_reduced,Real,0.02773531886339775,0.0031307000493416117
CHFJPY,CHFJPY,B,LONG,2023-06-13 07:35:00,2023-06-13 09:05:00,spread_reduced,Both,-0.08699999962661353,-0.0030427930806748893
CHFJPY,CHFJPY,B,LONG,2023-06-13 14:35:00,2023-06-13 17:10:00,spread_reduced,Both,0.1163809548924033,-0.0030959809974918213
GBPUSD,GBPUSD,B,SHORT,2023-06-14 18:00:00,2023-06-14 20:00:00,spread_reduced,Pseudo,-0.032659058813311326,0.003244459320533628
EURGBP,EURGBP,B,LONG,2023-06-14 18:05:00,2023-06-14 20:00:00,spread_reduced,Pseudo,-0.026344263071287344,-0.0034418666819850956
CHFJPY,CHFJPY,B,LONG,2023-06-15 01:15:00,2023-06-15 07:00:00,spread_reduced,Pseudo,0.07075221785995955,-0.0030063310292480737
CHFJPY,CHFJPY,B,LONG,2023-06-15 14:50:00,2023-06-15 17:05:00,spread_reduced,Pseudo,0.0889878101287489,-0.0031834415439600675
NZDUSD,NZDUSD,B,LONG,2023-06-15 14:25:00,2023-06-15 19:45:00,spread_reduced,Real,0.10730619955923171,-0.0031842190214615073
GBPJPY,GBPJPY,B,LONG,2023-06-15 14:50:00,2023-06-15 20:30:00,spread_reduced,Pseudo,0.10983284209870048,-0.00304574647110025
GBPUSD,GBPUSD,B,LONG,2023-06-15 14:20:00,2023-06-15 20:40:00,spread_reduced,Pseudo,0.16258258437295003,-0.003499111002257181
EURGBP,EURGBP,B,SHORT,2023-06-15 14:25:00,2023-06-15 20:40:00,spread_reduced,Pseudo,0.011906662148808422,0.0032718585835657477
CHFJPY,CHFJPY,B,LONG,2023-06-16 03:50:00,2023-06-16 04:50:00,spread_reduced,Pseudo,0.027950361084194686,-0.003630631704235617
CHFJPY,CHFJPY,B,LONG,2023-06-16 05:25:00,2023-06-16 09:00:00,spread_reduced,Pseudo,0.17389048481508684,-0.003574382677860026
CHFJPY,CHFJPY,B,SHORT,2023-06-16 10:20:00,2023-06-16 11:30:00,spread_reduced,Pseudo,-0.07251406549511064,0.0034775960225645894
CHFJPY,CHFJPY,B,LONG,2023-06-16 12:15:00,2023-06-16 14:15:00,spread_reduced,Pseudo,-0.043879858550349704,-0.003140646203172117
CHFJPY,CHFJPY,B,LONG,2023-06-16 16:45:00,2023-06-16 20:00:00,spread_reduced,Real,-0.028376125041468248,-0.003832954676947155
CHFJPY,CHFJPY,B,SHORT,2023-06-20 02:15:00,2023-06-20 04:20:00,spread_reduced,Pseudo,0.024647437625807678,0.003088813248295778
CHFJPY,CHFJPY,B,LONG,2023-06-21 14:20:00,2023-06-21 16:30:00,spread_reduced,Real,0.03987808527831094,-0.0033601055297783795
CHFJPY,CHFJPY,B,LONG,2023-06-22 14:25:00,2023-06-22 17:05:00,spread_reduced,Real,0.02805207458853598,-0.0030998667503476136
CHFJPY,CHFJPY,B,SHORT,2023-06-23 02:05:00,2023-06-23 03:45:00,spread_reduced,Pseudo,-0.0350135826376885,0.0036374355311021293
CHFJPY,CHFJPY,B,SHORT,2023-06-23 07:30:00,2023-06-23 09:30:00,spread_reduced,Real,-0.11901297181641235,0.004508457147786561
CHFJPY,CHFJPY,B,SHORT,2023-06-23 12:45:00,2023-06-23 13:50:00,spread_reduced,Pseudo,-0.10011672819137951,0.003014729717434109
CHFJPY,CHFJPY,B,LONG,2023-06-23 14:20:00,2023-06-23 17:45:00,spread_reduced,Pseudo,0.023038875183833962,-0.003566399763070125
CHFJPY,CHFJPY,B,SHORT,2023-06-26 07:30:00,2023-06-26 09:15:00,spread_reduced,Pseudo,-0.07643131997735475,0.0033673549856656163
GBPUSD,GBPUSD,B,SHORT,2023-06-28 01:35:00,2023-06-28 03:35:00,spread_reduced,Real,0.0046311702483925465,0.0032371808780374
CHFJPY,CHFJPY,B,LONG,2023-06-30 14:20:00,2023-06-30 16:40:00,spread_reduced,Pseudo,-0.06388016988145839,-0.0030077526021694114
CHFJPY,CHFJPY,B,SHORT,2023-07-05 09:05:00,2023-07-05 10:05:00,spread_reduced,Pseudo,0.021857484179427233,0.0034387411545924815
CHFJPY,CHFJPY,B,SHORT,2023-07-06 04:00:00,2023-07-06 06:20:00,spread_reduced,Real,0.019570661715434534,0.0031884696993229843
EURGBP,EURGBP,B,LONG,2023-07-06 13:40:00,2023-07-06 16:05:00,spread_reduced,Real,0.06143469021994141,-0.003041283734214206
GBPUSD,GBPUSD,B,SHORT,2023-07-06 12:45:00,2023-07-06 16:15:00,spread_reduced,Real,0.04664464996116391,0.0035730942213759143
CHFJPY,CHFJPY,B,SHORT,2023-07-06 15:15:00,2023-07-06 17:05:00,spread_reduced,Pseudo,-0.06998456673800169,0.003502066929724838
CHFJPY,CHFJPY,B,SHORT,2023-07-07 06:25:00,2023-07-07 10:00:00,spread_reduced,Pseudo,0.14611080778688113,0.003076427200212704
CHFJPY,CHFJPY,B,SHORT,2023-07-07 13:40:00,2023-07-07 15:25:00,spread_reduced,Pseudo,-0.05625146065387776,0.003525872433709113
CHFJPY,CHFJPY,B,SHORT,2023-07-10 07:20:00,2023-07-10 08:20:00,spread_reduced,Pseudo,-0.11773926281243297,0.0032823520576470877
CHFJPY,CHFJPY,B,SHORT,2023-07-10 14:15:00,2023-07-10 15:20:00,spread_reduced,Real,0.026437212724722547,0.003401224623916993
CHFJPY,CHFJPY,B,SHORT,2023-07-11 02:35:00,2023-07-11 04:40:00,spread_reduced,Pseudo,0.02650378047207025,0.003387445820914562
CHFJPY,CHFJPY,B,LONG,2023-07-11 13:45:00,2023-07-11 15:20:00,spread_reduced,Both,-0.06205787157675391,-0.003244886967329351
CHFJPY,CHFJPY,B,SHORT,2023-07-12 01:00:00,2023-07-12 02:10:00,spread_reduced,Pseudo,-0.046275124104400156,0.0032667323795755503
CHFJPY,CHFJPY,B,LONG,2023-07-12 13:10:00,2023-07-12 15:00:00,spread_reduced,Pseudo,-0.024972625290220485,-0.0033767810216864956
GBPJPY,GBPJPY,B,LONG,2023-07-12 13:05:00,2023-07-12 15:15:00,spread_reduced,Pseudo,-0.18988874867837957,-0.003011767720022343
GBPUSD,GBPUSD,B,LONG,2023-07-12 12:35:00,2023-07-12 15:35:00,spread_reduced,Both,0.08909576308391287,-0.0033787098210814777
EURGBP,EURGBP,B,SHORT,2023-07-12 13:15:00,2023-07-12 15:35:00,spread_reduced,Pseudo,-0.16408380681705026,0.003396325388722578
AUDUSD,AUDUSD,B,LONG,2023-07-12 14:05:00,2023-07-12 15:35:00,spread_reduced,Pseudo,0.020077354802727765,-0.003197033902805699
CHFJPY,CHFJPY,B,SHORT,2023-07-12 15:40:00,2023-07-12 16:55:00,spread_reduced,Real,-0.08843570212814233,0.004642630581894031
NZDUSD,NZDUSD,B,LONG,2023-07-12 13:15:00,2023-07-12 17:45:00,spread_reduced,Pseudo,0.3143507101165621,-0.0030448189299191073
CHFJPY,CHFJPY,B,LONG,2023-07-13 02:05:00,2023-07-13 03:35:00,spread_reduced,Pseudo,-0.025212713066918857,-0.0030670726750943937
CHFJPY,CHFJPY,B,LONG,2023-07-13 09:40:00,2023-07-13 11:40:00,spread_reduced,Real,0.0007044760302998831,-0.003171294618531774
CHFJPY,CHFJPY,B,SHORT,2023-07-14 00:55:00,2023-07-14 02:55:00,spread_reduced,Both,-0.052778982440848665,0.0031010254865689547
CHFJPY,CHFJPY,B,LONG,2023-07-14 07:00:00,2023-07-14 09:00:00,spread_reduced,Pseudo,0.024719794610861268,-0.0037445754980041032
CHFJPY,CHFJPY,B,LONG,2023-07-14 10:30:00,2023-07-14 11:40:00,spread_reduced,Pseudo,-0.13748745561906195,-0.003071486680154282
CHFJPY,CHFJPY,B,SHORT,2023-07-17 09:35:00,2023-07-17 11:35:00,spread_reduced,Pseudo,0.04630563328030801,0.003136973319786963
CHFJPY,CHFJPY,B,LONG,2023-07-17 12:30:00,2023-07-17 15:30:00,spread_reduced,Real,0.10595700900835059,-0.003365693362902467
AUDJPY,AUDJPY,B,LONG,2023-07-18 08:10:00,2023-07-18 12:40:00,spread_reduced,Pseudo,-0.007358851955319157,-0.003461683664809468
CHFJPY,CHFJPY,B,SHORT,2023-07-18 13:35:00,2023-07-18 13:45:00,spread_reduced,Pseudo,-0.27153246705314826,0.004205762720955876
CHFJPY,CHFJPY,B,LONG,2023-07-18 14:00:00,2023-07-18 16:05:00,spread_reduced,Pseudo,0.02509108808115279,-0.003884576031813493
CHFJPY,CHFJPY,B,LONG,2023-07-19 09:20:00,2023-07-19 11:15:00,spread_reduced,Real,-0.00352533817070122,-0.0031211830713904934
GBPUSD,GBPUSD,B,LONG,2023-07-20 01:40:00,2023-07-20 03:30:00,spread_reduced,Pseudo,-0.04162379565936236,-0.0031674019098928098
EURJPY,EURJPY,B,LONG,2023-07-21 08:00:00,2023-07-21 10:10:00,spread_reduced,Real,0.06779532774171537,-0.003022309184033671
USDJPY,USDJPY,B,LONG,2023-07-21 08:05:00,2023-07-21 10:10:00,spread_reduced,Real,0.045668648056407246,-0.0031940333087798903
NZDJPY,NZDJPY,B,LONG,2023-07-21 08:25:00,2023-07-21 10:10:00,spread_reduced,Real,-0.028841271850565953,-0.003060340770664766
CHFJPY,CHFJPY,B,LONG,2023-07-21 07:30:00,2023-07-21 10:20:00,spread_reduced,Pseudo,0.2722098098698389,-0.004654013398561643
CHFJPY,CHFJPY,B,SHORT,2023-07-21 12:35:00,2023-07-21 14:05:00,spread_reduced,Pseudo,-0.08289963221062013,0.003675277262438935
CHFJPY,CHFJPY,B,SHORT,2023-07-26 08:20:00,2023-07-26 10:25:00,spread_reduced,Pseudo,-0.018882504681183576,0.0031859888519041365
NZDJPY,NZDJPY,B,SHORT,2023-07-27 13:30:00,2023-07-27 15:30:00,spread_reduced,Pseudo,-0.013220498686850046,0.0032494450433260256
CHFJPY,CHFJPY,B,SHORT,2023-07-27 13:40:00,2023-07-27 15:30:00,spread_reduced,Pseudo,0.010943279521496985,0.0031460244024338257
NZDUSD,NZDUSD,B,SHORT,2023-07-27 14:00:00,2023-07-27 15:35:00,spread_reduced,Pseudo,-0.005945467176349251,0.003038060528744594
CHFJPY,CHFJPY,B,SHORT,2023-07-27 17:00:00,2023-07-27 20:40:00,spread_reduced,Pseudo,0.3686152097580997,0.006026640508127704
EURJPY,EURJPY,B,SHORT,2023-07-27 17:35:00,2023-07-27 20:40:00,spread_reduced,Pseudo,-0.021949290610112637,0.0036392685867093983
GBPUSD,GBPUSD,B,SHORT,2023-07-27 18:35:00,2023-07-27 20:45:00,spread_reduced,Pseudo,0.05317542116557994,0.003280015477362246
GBPJPY,GBPJPY,B,SHORT,2023-07-27 17:25:00,2023-07-27 20:50:00,spread_reduced,Pseudo,0.21539998082436562,0.003434073274494284
NZDJPY,NZDJPY,B,SHORT,2023-07-27 17:25:00,2023-07-27 20:50:00,spread_reduced,Pseudo,0.23423651666686918,0.003239422290739005
AUDJPY,AUDJPY,B,SHORT,2023-07-27 17:35:00,2023-07-27 20:50:00,spread_reduced,Pseudo,0.07317194355480061,0.003422530129832598
CHFJPY,CHFJPY,B,LONG,2023-07-27 21:50:00,2023-07-27 22:30:00,spread_reduced,Pseudo,-0.08513728531555631,-0.0038851379905877324
CHFJPY,CHFJPY,B,SHORT,2023-07-27 23:30:00,2023-07-28 00:05:00,spread_reduced,Pseudo,-0.01787851893023662,0.0030403428288485754
CHFJPY,CHFJPY,B,LONG,2023-07-28 03:30:00,2023-07-28 04:00:00,spread_reduced,Pseudo,-0.37960704762696196,-0.006138771587095103
AUDJPY,AUDJPY,B,SHORT,2023-07-28 04:10:00,2023-07-28 05:55:00,stop,Pseudo,-0.5209677538229873,0.003294405895075657
NZDJPY,NZDJPY,B,SHORT,2023-07-28 04:10:00,2023-07-28 05:55:00,stop,Pseudo,-0.503617171546078,0.0032144755907839296
GBPJPY,GBPJPY,B,SHORT,2023-07-28 04:05:00,2023-07-28 06:00:00,spread_reduced,Real,-0.26861070510133533,0.0030253469114645804
CHFJPY,CHFJPY,B,SHORT,2023-07-28 04:05:00,2023-07-28 06:05:00,spread_reduced,Real,-0.21549884354336024,0.007471199131965214
CHFJPY,CHFJPY,B,LONG,2023-07-28 06:10:00,2023-07-28 08:30:00,spread_reduced,Pseudo,0.10663993624201451,-0.007742640710254959
CHFJPY,CHFJPY,B,LONG,2023-07-28 09:05:00,2023-07-28 09:40:00,spread_reduced,Pseudo,-0.0255162219859717,-0.00339627555663886
CHFJPY,CHFJPY,B,LONG,2023-07-28 12:15:00,2023-07-28 18:00:00,spread_reduced,Real,0.3456975300162757,-0.004759766276824421
EURJPY,EURJPY,B,LONG,2023-07-28 13:35:00,2023-07-30 22:05:00,spread_reduced,Pseudo,0.34251661435587,-0.0031712252465504825
CHFJPY,CHFJPY,B,LONG,2023-07-31 01:25:00,2023-07-31 06:25:00,spread_reduced,Both,0.09395050777503133,-0.003604877340952837
CHFJPY,CHFJPY,B,LONG,2023-07-31 07:55:00,2023-07-31 10:55:00,spread_reduced,Pseudo,0.03809153175245994,-0.003104912237575157
CHFJPY,CHFJPY,B,SHORT,2023-08-02 04:50:00,2023-08-02 09:50:00,spread_reduced,Pseudo,0.19411585578385515,0.003238803194308636
CHFJPY,CHFJPY,B,LONG,2023-08-03 05:10:00,2023-08-03 06:00:00,spread_reduced,Pseudo,-0.07305596805075032,-0.0030795333038476994
CHFJPY,CHFJPY,B,SHORT,2023-08-03 07:15:00,2023-08-03 09:55:00,spread_reduced,Pseudo,-0.008433993149370433,0.0040602199697388885
CHFJPY,CHFJPY,B,SHORT,2023-08-04 19:05:00,2023-08-06 22:05:00,spread_reduced,Pseudo,-0.007521990789094435,0.003065472822485568
CHFJPY,CHFJPY,B,LONG,2023-08-10 13:40:00,2023-08-10 15:40:00,spread_reduced,Pseudo,0.05729983627483781,-0.00373994038566028
CHFJPY,CHFJPY,B,SHORT,2023-08-14 02:25:00,2023-08-14 03:00:00,spread_reduced,Pseudo,-0.02126449460700952,0.003039664158045025
EURGBP,EURGBP,B,LONG,2023-08-15 08:00:00,2023-08-15 09:25:00,spread_reduced,Pseudo,-0.05788515110845549,-0.003284334611408415
GBPUSD,GBPUSD,B,SHORT,2023-08-17 01:30:00,2023-08-17 03:30:00,spread_reduced,Real,-0.023675181328919326,0.0032051784365064243
CHFJPY,CHFJPY,B,SHORT,2023-08-17 19:15:00,2023-08-17 21:15:00,spread_reduced,Pseudo,-0.08105155168097733,0.0034333518420751486
CHFJPY,CHFJPY,B,LONG,2023-08-21 10:05:00,2023-08-21 14:25:00,spread_reduced,Pseudo,0.04182813267518126,-0.0030553540203051
GBPUSD,GBPUSD,B,LONG,2023-08-23 02:05:00,2023-08-23 07:00:00,spread_reduced,Real,0.03345686451615704,-0.0030664371137410647
NZDJPY,NZDJPY,B,SHORT,2023-08-23 09:10:00,2023-08-23 11:45:00,spread_reduced,Pseudo,0.05876827517403149,0.003123813998598677
CHFJPY,CHFJPY,B,SHORT,2023-08-23 07:35:00,2023-08-23 12:35:00,spread_reduced,Pseudo,-0.03382168418361031,0.0034680498805033555
GBPUSD,GBPUSD,B,LONG,2023-08-23 14:15:00,2023-08-23 18:30:00,spread_reduced,Pseudo,0.11266430415823869,-0.003007733862181186
EURGBP,EURGBP,B,SHORT,2023-08-23 14:20:00,2023-08-23 18:35:00,spread_reduced,Pseudo,0.03593445742073875,0.0030284995937065106
GBPUSD,GBPUSD,B,LONG,2023-08-29 14:25:00,2023-08-29 16:20:00,spread_reduced,Neither,-0.05685165267756975,-0.0031671887201901766
CHFJPY,CHFJPY,B,SHORT,2023-08-29 15:40:00,2023-08-29 17:20:00,spread_reduced,Pseudo,-0.05373610034555831,0.003097820203188717
GBPUSD,GBPUSD,B,LONG,2023-08-30 12:50:00,2023-08-30 14:30:00,spread_reduced,Both,0.00955384013111571,-0.003121692813922009
CHFJPY,CHFJPY,B,SHORT,2023-08-31 14:55:00,2023-08-31 18:15:00,spread_reduced,Pseudo,0.02906774400476264,0.0034257991709726976
CHFJPY,CHFJPY,B,SHORT,2023-09-01 12:35:00,2023-09-01 13:45:00,spread_reduced,Pseudo,-0.18078341223634053,0.0033292902030023744
CHFJPY,CHFJPY,B,LONG,2023-09-01 14:35:00,2023-09-01 16:20:00,spread_reduced,Pseudo,0.0037271117784953844,-0.004148849341699983
EURGBP,EURGBP,B,LONG,2023-09-01 14:30:00,2023-09-01 17:05:00,spread_reduced,Pseudo,-0.04031603333423672,-0.003616794860308962
GBPUSD,GBPUSD,B,SHORT,2023-09-01 14:30:00,2023-09-01 17:10:00,spread_reduced,Pseudo,0.08753341201085951,0.0036410324247188267
NZDUSD,NZDUSD,B,SHORT,2023-09-01 15:30:00,2023-09-01 17:45:00,spread_reduced,Pseudo,0.0017685931174904468,0.00300446261831598
GBPUSD,GBPUSD,B,SHORT,2023-09-05 07:20:00,2023-09-05 09:20:00,spread_reduced,Pseudo,0.1247859176731092,0.003208266166776801
CHFJPY,CHFJPY,B,LONG,2023-09-08 02:35:00,2023-09-08 04:35:00,spread_reduced,Pseudo,0.0043248990767130735,-0.003546975159342159
CHFJPY,CHFJPY,B,SHORT,2023-09-10 22:00:00,2023-09-11 00:00:00,spread_reduced,Real,0.015262597679249756,0.003965713848648775
CHFJPY,CHFJPY,B,LONG,2023-09-11 09:50:00,2023-09-11 11:50:00,spread_reduced,Pseudo,0.01591840374606246,-0.0034439768309681576
CHFJPY,CHFJPY,B,SHORT,2023-09-14 13:45:00,2023-09-14 16:50:00,spread_reduced,Real,0.06044186205561575,0.003004597974234697
GBPUSD,GBPUSD,B,SHORT,2023-09-20 19:45:00,2023-09-21 05:10:00,spread_reduced,Pseudo,0.08167696690538628,0.003009927342767076
CHFJPY,CHFJPY,B,LONG,2023-09-22 02:50:00,2023-09-22 05:00:00,spread_reduced,Pseudo,-0.027211951601235906,-0.0031324836498718336
CHFJPY,CHFJPY,B,LONG,2023-09-29 09:25:00,2023-09-29 11:45:00,spread_reduced,Pseudo,-0.08567003171442433,-0.0032307424197334567
CHFJPY,CHFJPY,B,SHORT,2023-09-29 14:55:00,2023-09-29 15:45:00,spread_reduced,Pseudo,-0.12262222612836604,0.003141647073653444
GBPUSD,GBPUSD,B,SHORT,2023-09-29 14:20:00,2023-09-29 16:20:00,spread_reduced,Pseudo,-0.13966547159073306,0.003095504404176762
EURGBP,EURGBP,B,LONG,2023-09-29 14:55:00,2023-09-29 16:20:00,spread_reduced,Real,-0.054620168432639726,-0.003098944569431981
CHFJPY,CHFJPY,B,SHORT,2023-10-03 14:10:00,2023-10-03 16:15:00,spread_reduced,Pseudo,0.013186212594434865,0.0066567905927550275
GBPJPY,GBPJPY,B,SHORT,2023-10-03 15:45:00,2023-10-03 16:15:00,spread_reduced,Pseudo,-0.0047371911614524365,0.003342754550365262
CHFJPY,CHFJPY,B,LONG,2023-10-04 09:35:00,2023-10-04 11:10:00,spread_reduced,Real,0.00834722895651785,-0.0033960337476758424
NZDJPY,NZDJPY,B,LONG,2023-10-06 15:25:00,2023-10-06 17:35:00,spread_reduced,Pseudo,0.1289566931736652,-0.003105998274599247
NZDUSD,NZDUSD,B,LONG,2023-10-06 15:30:00,2023-10-06 17:35:00,spread_reduced,Pseudo,-0.0016541127543567846,-0.0030907689351255814
EURGBP,EURGBP,B,SHORT,2023-10-06 15:45:00,2023-10-06 17:35:00,spread_reduced,Both,-0.01487770879491368,0.0034310240836302186
GBPJPY,GBPJPY,B,LONG,2023-10-06 15:35:00,2023-10-06 17:40:00,spread_reduced,Pseudo,0.008809874315018895,-0.0036630409038983327
GBPUSD,GBPUSD,B,LONG,2023-10-06 15:35:00,2023-10-06 17:40:00,spread_reduced,Pseudo,-0.07008945314962434,-0.003657773403711516
CHFJPY,CHFJPY,B,LONG,2023-10-06 14:30:00,2023-10-06 20:00:00,spread_reduced,Pseudo,0.19139996186452457,-0.0032633126079763754
CHFJPY,CHFJPY,B,SHORT,2023-10-08 22:00:00,2023-10-09 00:00:00,spread_reduced,Real,-0.03510278478963125,0.004381290728113262
GBPUSD,GBPUSD,B,SHORT,2023-10-12 13:55:00,2023-10-12 19:05:00,spread_reduced,Real,0.22778001307753315,0.003197975758718025
CHFJPY,CHFJPY,B,LONG,2023-10-17 15:55:00,2023-10-17 17:10:00,spread_reduced,Both,-0.037501727841343646,-0.0030512133505511633
AUDJPY,AUDJPY,B,SHORT,2023-10-26 16:05:00,2023-10-27 09:00:00,spread_reduced,Pseudo,-0.24218479578773655,0.003363810278976204
CHFJPY,CHFJPY,B,SHORT,2023-10-30 14:15:00,2023-10-30 17:25:00,spread_reduced,Pseudo,0.11939653192916122,0.003248505490338287
CHFJPY,CHFJPY,B,LONG,2023-10-31 04:35:00,2023-10-31 11:55:00,spread_reduced,Pseudo,0.18441125991626173,-0.003156572709736738
GBPUSD,GBPUSD,B,LONG,2023-11-03 12:40:00,2023-11-03 14:40:00,spread_reduced,Pseudo,0.11039864199151594,-0.003941655261350627
NZDUSD,NZDUSD,B,LONG,2023-11-03 12:45:00,2023-11-03 18:15:00,spread_reduced,Pseudo,0.0656279739148169,-0.0031360772303441085
EURGBP,EURGBP,B,SHORT,2023-11-03 12:40:00,2023-11-03 19:55:00,spread_reduced,Pseudo,0.20034028051525987,0.0031442215469424557
EURGBP,EURGBP,B,LONG,2023-11-07 05:25:00,2023-11-07 07:25:00,spread_reduced,Real,-0.008509789362731723,-0.003107281858313748
GBPUSD,GBPUSD,B,SHORT,2023-11-07 05:25:00,2023-11-07 08:15:00,spread_reduced,Pseudo,0.026627869360545953,0.003448035565875555
GBPUSD,GBPUSD,B,SHORT,2023-11-09 19:10:00,2023-11-10 01:05:00,spread_reduced,Pseudo,0.0338254751757916,0.003125000887927024
EURAUD,EURAUD,B,SHORT,2023-11-14 14:20:00,2023-11-14 17:10:00,spread_reduced,Pseudo,-0.025927895341948393,0.0030959597756156426
EURGBP,EURGBP,B,SHORT,2023-11-14 13:30:00,2023-11-14 17:20:00,spread_reduced,Pseudo,0.04342689755915119,0.00374751219967058
AUDUSD,AUDUSD,B,LONG,2023-11-14 13:35:00,2023-11-14 17:20:00,spread_reduced,Pseudo,0.37520830250442616,-0.0032273228032382857
AUDJPY,AUDJPY,B,LONG,2023-11-14 15:20:00,2023-11-14 17:20:00,spread_reduced,Pseudo,0.021098428760479848,-0.0030616124413004714
CHFJPY,CHFJPY,B,LONG,2023-11-14 13:30:00,2023-11-14 18:05:00,spread_reduced,Neither,0.08970004293189504,-0.003264656096390963
GBPJPY,GBPJPY,B,LONG,2023-11-14 13:30:00,2023-11-14 18:20:00,spread_reduced,Pseudo,0.2098595245591639,-0.0033631326902168117
NZDJPY,NZDJPY,B,LONG,2023-11-14 14:00:00,2023-11-14 21:10:00,spread_reduced,Pseudo,0.2638733954140493,-0.0031455252043286436
NZDUSD,NZDUSD,B,LONG,2023-11-14 13:35:00,2023-11-14 21:50:00,spread_reduced,Pseudo,0.5562874773714532,-0.0039241543325545655
GBPUSD,GBPUSD,B,LONG,2023-11-14 13:30:00,2023-11-14 21:55:00,spread_reduced,Real,0.476997065274809,-0.004161444627810868
GBPUSD,GBPUSD,B,SHORT,2023-11-16 01:50:00,2023-11-16 04:10:00,spread_reduced,Both,0.04418408433265464,0.003032449129832733
CHFJPY,CHFJPY,B,SHORT,2023-11-16 02:05:00,2023-11-16 04:10:00,spread_reduced,Pseudo,-0.020190839451805775,0.0033329477846480455
CHFJPY,CHFJPY,B,SHORT,2023-11-16 15:50:00,2023-11-16 18:25:00,spread_reduced,Pseudo,0.02871612561492487,0.003055467903802586
CHFJPY,CHFJPY,B,SHORT,2023-11-17 08:30:00,2023-11-17 11:05:00,spread_reduced,Both,0.19428067346052846,0.0034694626450096607
CHFJPY,CHFJPY,B,SHORT,2023-11-20 09:00:00,2023-11-20 13:00:00,spread_reduced,Both,0.08941698268790654,0.0033261472943230544
CHFJPY,CHFJPY,B,SHORT,2023-11-21 03:50:00,2023-11-21 06:30:00,spread_reduced,Real,-0.09824839850151035,0.003271933606575334
CHFJPY,CHFJPY,B,LONG,2023-11-22 06:05:00,2023-11-22 10:45:00,spread_reduced,Pseudo,0.03515716411772729,-0.0030044017712710165
CHFJPY,CHFJPY,B,SHORT,2023-11-29 16:10:00,2023-11-29 18:10:00,spread_reduced,Neither,-0.039072618242164125,0.003110659208967627
CHFJPY,CHFJPY,B,LONG,2023-11-30 14:35:00,2023-11-30 16:35:00,spread_reduced,Pseudo,0.05739265086316392,-0.003219331317528624
GBPJPY,GBPJPY,B,LONG,2023-11-30 15:55:00,2023-11-30 17:10:00,spread_reduced,Pseudo,-0.0734019469434577,-0.0032271156157466234
GBPUSD,GBPUSD,B,LONG,2023-11-30 15:55:00,2023-11-30 17:20:00,spread_reduced,Pseudo,-0.14383101697656442,-0.0035462114355037963
CHFJPY,CHFJPY,B,SHORT,2023-11-30 17:15:00,2023-11-30 18:20:00,spread_reduced,Real,0.018844276035584473,0.003002463861672482
GBPUSD,GBPUSD,B,LONG,2023-12-01 09:30:00,2023-12-01 10:45:00,spread_reduced,Pseudo,-0.11014662860388547,-0.0031070569687343453
EURGBP,EURGBP,B,SHORT,2023-12-03 23:05:00,2023-12-04 01:00:00,spread_reduced,Pseudo,-0.0976096438652374,0.0030679993151428338
CHFJPY,CHFJPY,B,SHORT,2023-12-05 07:50:00,2023-12-05 08:35:00,spread_reduced,Pseudo,-0.06148794401705793,0.003493722607436443
CHFJPY,CHFJPY,B,LONG,2023-12-05 10:00:00,2023-12-05 11:00:00,spread_reduced,Both,0.018551825446011527,-0.0030072840095704927
CHFJPY,CHFJPY,B,SHORT,2023-12-07 02:45:00,2023-12-07 11:40:00,spread_reduced,Pseudo,0.5236825635857867,0.0032338972448365576
CHFJPY,CHFJPY,B,SHORT,2023-12-07 14:50:00,2023-12-07 17:30:00,spread_reduced,Pseudo,-0.046846280932810735,0.0036135066547254902
CHFJPY,CHFJPY,B,SHORT,2023-12-07 17:45:00,2023-12-07 19:45:00,spread_reduced,Real,-0.16028064216836446,0.005273609109847408
CHFJPY,CHFJPY,B,LONG,2023-12-07 21:20:00,2023-12-07 23:20:00,spread_reduced,Pseudo,0.00588656768121254,-0.003296110611406427
CHFJPY,CHFJPY,B,SHORT,2023-12-08 00:15:00,2023-12-08 02:50:00,spread_reduced,Neither,0.018564330386450223,0.004310354449379222
EURJPY,EURJPY,B,SHORT,2023-12-08 07:10:00,2023-12-08 09:00:00,spread_reduced,Pseudo,-0.017490450859924955,0.004329422566493301
CHFJPY,CHFJPY,B,LONG,2023-12-08 10:45:00,2023-12-08 12:50:00,spread_reduced,Neither,0.03572843270536197,-0.003730795342995534
GBPUSD,GBPUSD,B,SHORT,2023-12-08 14:20:00,2023-12-08 15:30:00,spread_reduced,Real,-0.1812729455025308,0.0030095550023005913
CHFJPY,CHFJPY,B,LONG,2023-12-08 17:10:00,2023-12-08 21:55:00,spread_reduced,Pseudo,0.08097916780506198,-0.003731407769701202
AUDJPY,AUDJPY,B,LONG,2023-12-08 15:10:00,2023-12-10 22:10:00,spread_reduced,Real,0.1993257997245257,-0.0037522079541610896
CHFJPY,CHFJPY,B,LONG,2023-12-11 01:00:00,2023-12-11 02:50:00,spread_reduced,Real,-0.06274780973951066,-0.0036601058609980496
CHFJPY,CHFJPY,B,LONG,2023-12-11 07:40:00,2023-12-11 09:55:00,spread_reduced,Real,0.041427916868286285,-0.004278996218460439
GBPUSD,GBPUSD,B,SHORT,2023-12-12 14:40:00,2023-12-12 15:55:00,spread_reduced,Pseudo,-0.17276930059992868,0.003122778876270755
NZDUSD,NZDUSD,B,LONG,2023-12-13 19:40:00,2023-12-13 21:40:00,spread_reduced,Pseudo,-0.08452506912557944,-0.003012507283780472
AUDUSD,AUDUSD,B,LONG,2023-12-13 19:40:00,2023-12-13 21:50:00,spread_reduced,Pseudo,-0.05331299190430849,-0.003376333778857707
EURAUD,EURAUD,B,SHORT,2023-12-13 19:40:00,2023-12-13 23:45:00,spread_reduced,Pseudo,0.016730060996483775,0.003220511232618602
GBPUSD,GBPUSD,B,SHORT,2023-12-14 13:00:00,2023-12-14 15:10:00,spread_reduced,Real,-0.17270362707908493,0.0031003622977878722
EURGBP,EURGBP,B,LONG,2023-12-14 13:00:00,2023-12-14 15:10:00,spread_reduced,Neither,0.15842391228876318,-0.0031781414513797914
GBPJPY,GBPJPY,B,LONG,2023-12-14 16:00:00,2023-12-15 14:00:00,spread_reduced,Both,0.0023155906111016478,-0.0031371869226204043
CHFJPY,CHFJPY,B,SHORT,2023-12-15 15:10:00,2023-12-15 16:25:00,spread_reduced,Pseudo,-0.09595451749260242,0.0035779116868175365
GBPUSD,GBPUSD,B,LONG,2023-12-15 15:55:00,2023-12-15 17:55:00,spread_reduced,Pseudo,0.019615618237145416,-0.0030418430650532907
CHFJPY,CHFJPY,B,LONG,2023-12-15 17:15:00,2023-12-15 20:30:00,spread_reduced,Pseudo,-0.01118024352938507,-0.0031590068633245497
GBPJPY,GBPJPY,B,LONG,2023-12-19 02:55:00,2023-12-19 05:00:00,spread_reduced,Real,-0.024945598056236307,-0.003046233985938664
CHFJPY,CHFJPY,B,LONG,2023-12-19 02:45:00,2023-12-19 05:25:00,spread_reduced,Pseudo,0.06268632919947947,-0.006651626545818651
USDJPY,USDJPY,B,LONG,2023-12-19 05:30:00,2023-12-19 09:45:00,spread_reduced,Real,0.3541714828807385,-0.003333989445638088
CHFJPY,CHFJPY,B,LONG,2023-12-19 07:45:00,2023-12-19 12:15:00,spread_reduced,Pseudo,0.15084681509131004,-0.004617565608316578
CHFJPY,CHFJPY,B,SHORT,2023-12-19 16:35:00,2023-12-19 18:15:00,spread_reduced,Pseudo,-0.042375782186643285,0.0030844692654476563
CHFJPY,CHFJPY,B,SHORT,2023-12-20 20:10:00,2023-12-20 23:55:00,spread_reduced,Pseudo,0.041340200904760316,0.0033989589691778037
CHFJPY,CHFJPY,B,SHORT,2023-12-21 02:00:00,2023-12-21 03:45:00,spread_reduced,Real,-0.024062007025904553,0.003995694545198266
CHFJPY,CHFJPY,B,SHORT,2023-12-27 19:30:00,2023-12-27 21:30:00,spread_reduced,Pseudo,-0.053265163872817656,0.003673044954121995
CHFJPY,CHFJPY,B,SHORT,2023-12-28 07:15:00,2023-12-28 09:35:00,spread_reduced,Pseudo,-0.2474861146422258,0.003406325952045544
CHFJPY,CHFJPY,B,LONG,2023-12-28 17:35:00,2023-12-28 17:55:00,spread_reduced,Pseudo,-0.033022255599762795,-0.0038093945002592535
CHFJPY,CHFJPY,B,LONG,2023-12-29 01:10:00,2023-12-29 02:30:00,spread_reduced,Real,-0.07643565366975413,-0.0034872929168264302
