pair,case_type,direction,entry_time,exit_time,exit_reason,propagation,pnl_pct
USDJPY,B,SHORT,2022-02-02 14:45:00,2022-02-02 15:15:00,spread_reduced,Neither,-0.2817055128147376
EURJPY,B,SHORT,2022-02-02 14:45:00,2022-02-02 15:15:00,spread_reduced,Real,0.051845236628304356
GBPJPY,B,SHORT,2022-02-02 14:45:00,2022-02-02 15:15:00,spread_reduced,Pseudo,-0.3113360722045341
AUDJPY,B,SHORT,2022-02-02 14:45:00,2022-02-02 15:15:00,spread_reduced,Real,-0.05761556421638818
NZDJPY,B,SHORT,2022-02-02 14:45:00,2022-02-02 15:15:00,spread_reduced,Real,-0.20190348100057598
CHFJPY,B,SHORT,2022-02-02 14:45:00,2022-02-02 15:15:00,spread_reduced,Pseudo,-0.33188837686037864
GBPJPY,B,LONG,2022-02-03 12:10:00,2022-02-03 12:20:00,stop,Pseudo,-0.5245502837358067
USDJPY,B,LONG,2022-02-03 12:10:00,2022-02-03 12:40:00,spread_reduced,Pseudo,0.08553232699844612
EURJPY,B,LONG,2022-02-03 12:10:00,2022-02-03 12:40:00,spread_reduced,Pseudo,0.14668229805810581
AUDJPY,B,LONG,2022-02-03 12:10:00,2022-02-03 12:40:00,spread_reduced,Pseudo,0.06080368205944413
NZDJPY,B,LONG,2022-02-03 12:10:00,2022-02-03 12:40:00,spread_reduced,Real,0.15764670100500608
CHFJPY,B,LONG,2022-02-03 12:10:00,2022-02-03 12:40:00,spread_reduced,Pseudo,-0.18642436419909666
GBPJPY,B,LONG,2022-02-03 12:25:00,2022-02-03 12:40:00,spread_reduced,Pseudo,-0.4214897294606927
GBPJPY,B,LONG,2022-02-03 13:40:00,2022-02-03 13:45:00,stop,Pseudo,-0.5535422917559337
EURJPY,B,LONG,2022-02-03 13:40:00,2022-02-03 17:00:00,spread_reduced,Pseudo,2.6630297177031212
AUDJPY,B,LONG,2022-02-03 13:40:00,2022-02-03 17:00:00,spread_reduced,Pseudo,0.1826667763141406
CHFJPY,B,LONG,2022-02-03 13:40:00,2022-02-03 17:00:00,spread_reduced,Pseudo,-0.2396496395700165
USDJPY,B,LONG,2022-02-03 13:45:00,2022-02-03 17:00:00,spread_reduced,Real,0.1348665101118159
NZDJPY,B,LONG,2022-02-03 13:55:00,2022-02-03 17:00:00,spread_reduced,Pseudo,0.20949808585083812
GBPJPY,B,LONG,2022-02-03 13:55:00,2022-02-03 18:00:00,spread_reduced,Pseudo,0.5230251706274114
USDJPY,B,SHORT,2022-02-07 08:25:00,2022-02-07 10:00:00,spread_reduced,Real,0.3024830286373718
GBPJPY,B,SHORT,2022-02-07 08:25:00,2022-02-07 10:00:00,spread_reduced,Real,0.8209204201457728
AUDJPY,B,SHORT,2022-02-07 08:25:00,2022-02-07 10:00:00,spread_reduced,Pseudo,0.13638576021235416
NZDJPY,B,SHORT,2022-02-07 08:25:00,2022-02-07 10:00:00,spread_reduced,Pseudo,0.6314690833093181
CHFJPY,B,SHORT,2022-02-07 08:25:00,2022-02-07 10:00:00,spread_reduced,Real,0.28878070133035266
EURJPY,B,SHORT,2022-02-07 08:35:00,2022-02-07 10:00:00,spread_reduced,Real,0.6975293951891522
USDJPY,B,LONG,2022-02-10 09:10:00,2022-02-10 09:45:00,spread_reduced,Pseudo,-0.1411471754713493
EURJPY,B,LONG,2022-02-10 09:10:00,2022-02-10 09:45:00,spread_reduced,Pseudo,0.0893123712516856
GBPJPY,B,LONG,2022-02-10 09:10:00,2022-02-10 09:45:00,spread_reduced,Pseudo,0.13743829104536273
AUDJPY,B,LONG,2022-02-10 09:10:00,2022-02-10 09:45:00,spread_reduced,Pseudo,0.11554386201662048
NZDJPY,B,LONG,2022-02-10 09:10:00,2022-02-10 09:45:00,spread_reduced,Pseudo,0.04077113493046921
CHFJPY,B,LONG,2022-02-10 09:10:00,2022-02-10 09:45:00,spread_reduced,Pseudo,-0.26495926067908
USDJPY,B,LONG,2022-02-10 14:15:00,2022-02-10 15:00:00,stop,Pseudo,-0.7194503198937701
EURJPY,B,LONG,2022-02-10 14:15:00,2022-02-10 16:10:00,spread_reduced,Both,1.5001366715436948
GBPJPY,B,LONG,2022-02-10 14:15:00,2022-02-10 16:10:00,spread_reduced,Pseudo,0.8262516231139679
AUDJPY,B,LONG,2022-02-10 14:15:00,2022-02-10 16:10:00,spread_reduced,Pseudo,2.2241588369367924
NZDJPY,B,LONG,2022-02-10 14:15:00,2022-02-10 16:10:00,spread_reduced,Pseudo,1.6187486667751383
CHFJPY,B,LONG,2022-02-10 14:15:00,2022-02-10 16:10:00,spread_reduced,Pseudo,0.5771099638663587
USDJPY,B,SHORT,2022-02-10 18:30:00,2022-02-10 19:35:00,spread_reduced,Pseudo,-0.1497292100098117
EURJPY,B,SHORT,2022-02-10 18:30:00,2022-02-10 19:35:00,spread_reduced,Pseudo,0.2695376442007162
GBPJPY,B,SHORT,2022-02-10 18:30:00,2022-02-10 19:35:00,spread_reduced,Pseudo,0.46759749583402677
AUDJPY,B,SHORT,2022-02-10 18:30:00,2022-02-10 19:35:00,spread_reduced,Pseudo,0.408934157788791
NZDJPY,B,SHORT,2022-02-10 18:30:00,2022-02-10 19:35:00,spread_reduced,Pseudo,0.14818704284051226
CHFJPY,B,SHORT,2022-02-10 18:30:00,2022-02-10 19:35:00,spread_reduced,Pseudo,0.1722166252304813
USDJPY,B,LONG,2022-02-11 08:30:00,2022-02-11 09:00:00,spread_reduced,Real,0.05300704497697891
EURJPY,B,LONG,2022-02-11 08:30:00,2022-02-11 09:00:00,spread_reduced,Real,0.12103558675469195
GBPJPY,B,LONG,2022-02-11 08:30:00,2022-02-11 09:00:00,spread_reduced,Real,-0.055662187426364085
AUDJPY,B,LONG,2022-02-11 08:30:00,2022-02-11 09:00:00,spread_reduced,Real,-0.14947895629964977
NZDJPY,B,LONG,2022-02-11 08:30:00,2022-02-11 09:00:00,spread_reduced,Real,-0.0927980945593839
USDJPY,B,SHORT,2022-02-11 18:30:00,2022-02-11 19:15:00,spread_reduced,Pseudo,1.3905452897883253
EURJPY,B,SHORT,2022-02-11 18:30:00,2022-02-11 19:15:00,spread_reduced,Pseudo,2.3538392765909784
GBPJPY,B,SHORT,2022-02-11 18:30:00,2022-02-11 19:15:00,spread_reduced,Pseudo,1.9873073145361873
AUDJPY,B,SHORT,2022-02-11 18:30:00,2022-02-11 19:15:00,spread_reduced,Pseudo,2.175287868931027
NZDJPY,B,SHORT,2022-02-11 18:30:00,2022-02-11 19:15:00,spread_reduced,Pseudo,2.0310858165512777
CHFJPY,B,SHORT,2022-02-11 18:30:00,2022-02-11 19:15:00,spread_reduced,Pseudo,1.037961971222412
AUDJPY,B,SHORT,2022-02-11 19:20:00,2022-02-11 19:30:00,spread_reduced,Pseudo,0.07234127519821036
NZDJPY,B,SHORT,2022-02-11 19:20:00,2022-02-11 19:30:00,spread_reduced,Pseudo,-0.017238452239665136
USDJPY,B,SHORT,2022-02-11 19:25:00,2022-02-11 19:30:00,spread_reduced,Pseudo,-0.19397002592710008
EURJPY,B,SHORT,2022-02-11 19:25:00,2022-02-11 19:30:00,spread_reduced,Pseudo,-0.1960676807157835
GBPJPY,B,SHORT,2022-02-11 19:25:00,2022-02-11 19:30:00,spread_reduced,Pseudo,-0.17965137578005813
CHFJPY,B,SHORT,2022-02-11 19:25:00,2022-02-11 19:30:00,spread_reduced,Pseudo,-0.16901472539188056
AUDJPY,B,SHORT,2022-02-11 19:45:00,2022-02-11 20:00:00,stop,Pseudo,-0.7129313096475206
CHFJPY,B,SHORT,2022-02-11 19:45:00,2022-02-11 20:00:00,stop,Pseudo,-0.5174281751734918
USDJPY,B,SHORT,2022-02-11 19:45:00,2022-02-11 20:10:00,spread_reduced,Real,-0.21581453486319013
EURJPY,B,SHORT,2022-02-11 19:45:00,2022-02-11 20:10:00,spread_reduced,Real,-0.3215119946649766
GBPJPY,B,SHORT,2022-02-11 19:45:00,2022-02-11 20:10:00,spread_reduced,Real,-0.2204773249182927
NZDJPY,B,SHORT,2022-02-11 19:45:00,2022-02-11 20:10:00,spread_reduced,Real,-0.26998115897739855
USDJPY,B,SHORT,2022-02-14 00:20:00,2022-02-14 01:00:00,spread_reduced,Pseudo,0.005661015762270516
EURJPY,B,SHORT,2022-02-14 00:20:00,2022-02-14 01:00:00,spread_reduced,Pseudo,0.03308561828489302
GBPJPY,B,SHORT,2022-02-14 00:20:00,2022-02-14 01:00:00,spread_reduced,Pseudo,0.1112069007398094
AUDJPY,B,SHORT,2022-02-14 00:20:00,2022-02-14 01:00:00,spread_reduced,Pseudo,0.03994558920043338
NZDJPY,B,SHORT,2022-02-14 00:20:00,2022-02-14 01:00:00,spread_reduced,Pseudo,0.0327425573191098
CHFJPY,B,SHORT,2022-02-14 00:20:00,2022-02-14 01:00:00,spread_reduced,Pseudo,0.014182447980089682
USDJPY,B,LONG,2022-02-14 01:05:00,2022-02-14 01:30:00,spread_reduced,Pseudo,-0.2698485574232172
EURJPY,B,LONG,2022-02-14 01:05:00,2022-02-14 01:30:00,spread_reduced,Pseudo,-0.3681114431487442
GBPJPY,B,LONG,2022-02-14 01:05:00,2022-02-14 01:30:00,spread_reduced,Pseudo,-0.2738955135677864
AUDJPY,B,LONG,2022-02-14 01:05:00,2022-02-14 01:30:00,spread_reduced,Pseudo,-0.3016987358069878
NZDJPY,B,LONG,2022-02-14 01:05:00,2022-02-14 01:30:00,spread_reduced,Pseudo,-0.454088178750404
CHFJPY,B,LONG,2022-02-14 01:05:00,2022-02-14 01:30:00,spread_reduced,Pseudo,-0.18199906905576788
USDJPY,B,SHORT,2022-02-14 01:35:00,2022-02-14 02:20:00,spread_reduced,Pseudo,-0.05354950951671119
EURJPY,B,SHORT,2022-02-14 01:35:00,2022-02-14 02:20:00,spread_reduced,Real,0.31804894970499653
GBPJPY,B,SHORT,2022-02-14 01:35:00,2022-02-14 02:20:00,spread_reduced,Real,0.32867813032670207
AUDJPY,B,SHORT,2022-02-14 01:35:00,2022-02-14 02:20:00,spread_reduced,Pseudo,0.3701645654725638
NZDJPY,B,SHORT,2022-02-14 01:35:00,2022-02-14 02:20:00,spread_reduced,Real,0.6015103298313192
CHFJPY,B,SHORT,2022-02-14 01:35:00,2022-02-14 02:20:00,spread_reduced,Pseudo,0.014206718398246387
USDJPY,B,SHORT,2022-02-14 08:10:00,2022-02-14 09:15:00,spread_reduced,Pseudo,0.4363828918654648
GBPJPY,B,SHORT,2022-02-14 08:10:00,2022-02-14 09:15:00,spread_reduced,Pseudo,0.8588477904034238
AUDJPY,B,SHORT,2022-02-14 08:10:00,2022-02-14 09:15:00,spread_reduced,Pseudo,1.3704629927764704
NZDJPY,B,SHORT,2022-02-14 08:10:00,2022-02-14 09:15:00,spread_reduced,Pseudo,1.2411076968773158
CHFJPY,B,SHORT,2022-02-14 08:10:00,2022-02-14 09:15:00,spread_reduced,Pseudo,0.036976878146669875
EURJPY,B,SHORT,2022-02-14 08:15:00,2022-02-14 09:15:00,spread_reduced,Pseudo,0.9221334572524128
USDJPY,B,SHORT,2022-02-14 10:00:00,2022-02-14 10:20:00,spread_reduced,Pseudo,-0.2435251134088971
EURJPY,B,SHORT,2022-02-14 10:00:00,2022-02-14 10:20:00,spread_reduced,Pseudo,-0.06901492327204828
GBPJPY,B,SHORT,2022-02-14 10:00:00,2022-02-14 10:20:00,spread_reduced,Pseudo,-0.30057612012727536
AUDJPY,B,SHORT,2022-02-14 10:00:00,2022-02-14 10:20:00,spread_reduced,Pseudo,-0.3311621189504936
NZDJPY,B,SHORT,2022-02-14 10:00:00,2022-02-14 10:20:00,spread_reduced,Pseudo,-0.25625447037125326
CHFJPY,B,SHORT,2022-02-14 10:00:00,2022-02-14 10:20:00,spread_reduced,Pseudo,-0.11696413664770886
USDJPY,B,LONG,2022-02-14 10:45:00,2022-02-14 11:00:00,spread_reduced,Pseudo,-0.17807277499463464
EURJPY,B,LONG,2022-02-14 10:45:00,2022-02-14 11:00:00,spread_reduced,Pseudo,-0.405168266004193
GBPJPY,B,LONG,2022-02-14 10:45:00,2022-02-14 11:00:00,spread_reduced,Pseudo,-0.4122843403307301
AUDJPY,B,LONG,2022-02-14 10:45:00,2022-02-14 11:00:00,spread_reduced,Pseudo,-0.3833037795497966
NZDJPY,B,LONG,2022-02-14 10:45:00,2022-02-14 11:00:00,stop,Pseudo,-0.5491900725932419
CHFJPY,B,LONG,2022-02-14 10:45:00,2022-02-14 11:00:00,spread_reduced,Pseudo,-0.2933975870866856
USDJPY,B,LONG,2022-02-14 12:35:00,2022-02-14 13:10:00,spread_reduced,Pseudo,0.10967619808011086
EURJPY,B,LONG,2022-02-14 12:35:00,2022-02-14 13:10:00,spread_reduced,Pseudo,-0.18482381511656748
GBPJPY,B,LONG,2022-02-14 12:35:00,2022-02-14 13:10:00,spread_reduced,Pseudo,-0.19477893808528268
AUDJPY,B,LONG,2022-02-14 12:35:00,2022-02-14 13:10:00,spread_reduced,Pseudo,0.0523396266201015
NZDJPY,B,LONG,2022-02-14 12:35:00,2022-02-14 13:10:00,spread_reduced,Pseudo,0.16197677415237996
CHFJPY,B,LONG,2022-02-14 12:35:00,2022-02-14 13:10:00,spread_reduced,Pseudo,-0.39558632047439113
USDJPY,B,SHORT,2022-02-14 18:50:00,2022-02-14 19:25:00,spread_reduced,Pseudo,-0.0362014068952347
EURJPY,B,SHORT,2022-02-14 18:50:00,2022-02-14 19:25:00,spread_reduced,Pseudo,0.32076382357874395
GBPJPY,B,SHORT,2022-02-14 18:50:00,2022-02-14 19:25:00,spread_reduced,Pseudo,0.14358914290320732
AUDJPY,B,SHORT,2022-02-14 18:50:00,2022-02-14 19:25:00,spread_reduced,Pseudo,0.07253832421953248
NZDJPY,B,SHORT,2022-02-14 18:50:00,2022-02-14 19:25:00,spread_reduced,Pseudo,0.11381329028203879
CHFJPY,B,SHORT,2022-02-14 18:50:00,2022-02-14 19:25:00,spread_reduced,Pseudo,-0.008508558952735612
USDJPY,B,LONG,2022-02-14 19:40:00,2022-02-14 20:25:00,spread_reduced,Pseudo,0.011420109076472803
EURJPY,B,LONG,2022-02-14 19:40:00,2022-02-14 20:25:00,spread_reduced,Both,0.2337909183647291
GBPJPY,B,LONG,2022-02-14 19:40:00,2022-02-14 20:25:00,spread_reduced,Pseudo,-0.007946727315151966
AUDJPY,B,LONG,2022-02-14 19:40:00,2022-02-14 20:25:00,spread_reduced,Pseudo,-0.0004712620263654562
NZDJPY,B,LONG,2022-02-14 19:40:00,2022-02-14 20:25:00,spread_reduced,Pseudo,0.09834040371307455
CHFJPY,B,LONG,2022-02-14 19:40:00,2022-02-14 20:25:00,spread_reduced,Pseudo,-0.02986899780192213
USDJPY,B,SHORT,2022-02-15 05:20:00,2022-02-15 05:35:00,spread_reduced,Pseudo,-0.13455405450872132
EURJPY,B,SHORT,2022-02-15 05:20:00,2022-02-15 05:35:00,spread_reduced,Pseudo,-0.12122260645108796
GBPJPY,B,SHORT,2022-02-15 05:20:00,2022-02-15 05:35:00,spread_reduced,Pseudo,-0.11795167405762956
AUDJPY,B,SHORT,2022-02-15 05:20:00,2022-02-15 05:35:00,spread_reduced,Real,-0.17934470807097944
NZDJPY,B,SHORT,2022-02-15 05:20:00,2022-02-15 05:35:00,spread_reduced,Real,-0.19422718013036486
CHFJPY,B,SHORT,2022-02-15 05:20:00,2022-02-15 05:35:00,spread_reduced,Pseudo,-0.09532851518671374
USDJPY,B,LONG,2022-02-15 08:05:00,2022-02-15 09:00:00,spread_reduced,Pseudo,-0.10537361940995046
EURJPY,B,LONG,2022-02-15 08:05:00,2022-02-15 09:00:00,spread_reduced,Pseudo,0.2825101772552241
GBPJPY,B,LONG,2022-02-15 08:05:00,2022-02-15 09:00:00,spread_reduced,Pseudo,-0.12388750781903528
AUDJPY,B,LONG,2022-02-15 08:05:00,2022-02-15 09:00:00,spread_reduced,Pseudo,0.4863088360843223
NZDJPY,B,LONG,2022-02-15 08:05:00,2022-02-15 09:00:00,spread_reduced,Pseudo,-0.31028626298694
CHFJPY,B,LONG,2022-02-15 08:05:00,2022-02-15 09:00:00,spread_reduced,Pseudo,0.043439290870213774
AUDJPY,B,SHORT,2022-02-15 14:55:00,2022-02-15 15:05:00,stop,Pseudo,-0.5911019949490134
NZDJPY,B,SHORT,2022-02-15 14:55:00,2022-02-15 15:05:00,stop,Pseudo,-0.5076515293090574
USDJPY,B,SHORT,2022-02-15 14:55:00,2022-02-15 15:20:00,spread_reduced,Both,0.1495367607463975
EURJPY,B,SHORT,2022-02-15 14:55:00,2022-02-15 15:20:00,spread_reduced,Pseudo,-0.28846691044918477
GBPJPY,B,SHORT,2022-02-15 14:55:00,2022-02-15 15:20:00,spread_reduced,Pseudo,-0.4901513827924031
CHFJPY,B,SHORT,2022-02-15 14:55:00,2022-02-15 15:20:00,spread_reduced,Pseudo,-0.24204586339079034
USDJPY,B,LONG,2022-02-15 15:25:00,2022-02-15 15:55:00,spread_reduced,Pseudo,-0.004444385185986555
EURJPY,B,LONG,2022-02-15 15:25:00,2022-02-15 15:55:00,spread_reduced,Real,0.23228665832871384
GBPJPY,B,LONG,2022-02-15 15:25:00,2022-02-15 15:55:00,spread_reduced,Real,-0.1442174563551779
AUDJPY,B,LONG,2022-02-15 15:25:00,2022-02-15 15:55:00,spread_reduced,Real,-0.14567941507185694
NZDJPY,B,LONG,2022-02-15 15:25:00,2022-02-15 15:55:00,spread_reduced,Real,-0.24513941534443084
CHFJPY,B,LONG,2022-02-15 15:25:00,2022-02-15 15:55:00,spread_reduced,Pseudo,-0.3830326428812351
USDJPY,B,SHORT,2022-02-16 13:45:00,2022-02-16 14:25:00,spread_reduced,Real,0.20468123739714184
EURJPY,B,SHORT,2022-02-16 13:45:00,2022-02-16 14:25:00,spread_reduced,Real,0.2857513622887368
GBPJPY,B,SHORT,2022-02-16 13:45:00,2022-02-16 14:25:00,spread_reduced,Pseudo,-0.13679488318859198
AUDJPY,B,SHORT,2022-02-16 13:45:00,2022-02-16 14:25:00,spread_reduced,Pseudo,-0.0005540995590506508
NZDJPY,B,SHORT,2022-02-16 13:45:00,2022-02-16 14:25:00,spread_reduced,Pseudo,-0.1780277228155362
CHFJPY,B,SHORT,2022-02-16 13:45:00,2022-02-16 14:25:00,spread_reduced,Real,-0.08453713946088293
USDJPY,B,SHORT,2022-02-17 03:50:00,2022-02-17 04:25:00,spread_reduced,Real,-0.12452660213494819
EURJPY,B,SHORT,2022-02-17 03:50:00,2022-02-17 04:25:00,spread_reduced,Pseudo,0.4952190633343105
GBPJPY,B,SHORT,2022-02-17 03:50:00,2022-02-17 04:25:00,spread_reduced,Pseudo,0.06340880018481285
AUDJPY,B,SHORT,2022-02-17 03:50:00,2022-02-17 04:25:00,spread_reduced,Pseudo,0.4805363224343514
NZDJPY,B,SHORT,2022-02-17 03:50:00,2022-02-17 04:25:00,spread_reduced,Both,0.21005485681128516
CHFJPY,B,SHORT,2022-02-17 03:50:00,2022-02-17 04:25:00,spread_reduced,Real,0.05814749221751588
USDJPY,B,LONG,2022-02-17 04:30:00,2022-02-17 04:40:00,spread_reduced,Real,-0.04059201794877806
EURJPY,B,LONG,2022-02-17 04:30:00,2022-02-17 04:40:00,spread_reduced,Real,0.06763058424552604
GBPJPY,B,LONG,2022-02-17 04:30:00,2022-02-17 04:40:00,spread_reduced,Real,0.02932194120367863
AUDJPY,B,LONG,2022-02-17 04:30:00,2022-02-17 04:40:00,spread_reduced,Real,-0.028750916645485052
NZDJPY,B,LONG,2022-02-17 04:30:00,2022-02-17 04:40:00,spread_reduced,Neither,-0.07354729413692566
CHFJPY,B,LONG,2022-02-17 04:30:00,2022-02-17 04:40:00,spread_reduced,Real,0.08748835963009091
AUDJPY,B,LONG,2022-02-17 06:25:00,2022-02-17 06:30:00,stop,Pseudo,-0.592460099456386
EURJPY,B,LONG,2022-02-17 06:25:00,2022-02-17 06:35:00,stop,Pseudo,-0.6313135187538215
GBPJPY,B,LONG,2022-02-17 06:25:00,2022-02-17 06:35:00,stop,Pseudo,-0.5265420583472347
NZDJPY,B,LONG,2022-02-17 06:25:00,2022-02-17 06:40:00,stop,Pseudo,-0.6906008068663372
USDJPY,B,LONG,2022-02-17 06:25:00,2022-02-17 06:55:00,spread_reduced,Pseudo,-0.2038158654732447
CHFJPY,B,LONG,2022-02-17 06:25:00,2022-02-17 06:55:00,spread_reduced,Pseudo,-0.44661770609577545
USDJPY,B,LONG,2022-02-17 08:05:00,2022-02-17 08:25:00,stop,Pseudo,-0.6027299707529465
AUDJPY,B,LONG,2022-02-17 08:05:00,2022-02-17 08:25:00,stop,Pseudo,-1.5838379522594335
NZDJPY,B,LONG,2022-02-17 08:05:00,2022-02-17 08:25:00,stop,Pseudo,-1.4094429561480513
CHFJPY,B,LONG,2022-02-17 08:05:00,2022-02-17 08:25:00,stop,Pseudo,-0.6346556088209221
USDJPY,B,SHORT,2022-02-17 08:25:00,2022-02-17 09:30:00,spread_reduced,Pseudo,0.22285560279400318
EURJPY,B,SHORT,2022-02-17 08:25:00,2022-02-17 09:30:00,spread_reduced,Pseudo,0.4369992881760506
GBPJPY,B,SHORT,2022-02-17 08:25:00,2022-02-17 09:30:00,spread_reduced,Pseudo,-0.46756212348471793
AUDJPY,B,SHORT,2022-02-17 08:25:00,2022-02-17 09:30:00,spread_reduced,Pseudo,-0.17776548943800505
NZDJPY,B,SHORT,2022-02-17 08:25:00,2022-02-17 09:30:00,spread_reduced,Pseudo,-0.27482626388793585
CHFJPY,B,SHORT,2022-02-17 08:25:00,2022-02-17 09:30:00,spread_reduced,Both,0.055555512730953716
CHFJPY,B,LONG,2022-02-17 09:40:00,2022-02-17 10:55:00,spread_reduced,Pseudo,0.003492143599107915
AUDJPY,B,SHORT,2022-02-17 13:40:00,2022-02-17 14:00:00,stop,Pseudo,-0.6574539369939014
NZDJPY,B,SHORT,2022-02-17 13:40:00,2022-02-17 14:00:00,stop,Pseudo,-0.6211504963748264
USDJPY,B,SHORT,2022-02-17 13:40:00,2022-02-17 14:05:00,spread_reduced,Pseudo,-0.4005686906792446
EURJPY,B,SHORT,2022-02-17 13:40:00,2022-02-17 14:05:00,spread_reduced,Pseudo,-0.4876322924377933
GBPJPY,B,SHORT,2022-02-17 13:40:00,2022-02-17 14:05:00,spread_reduced,Pseudo,-0.3295853162305444
CHFJPY,B,SHORT,2022-02-17 13:40:00,2022-02-17 14:05:00,spread_reduced,Both,-0.21273865063320407
USDJPY,B,LONG,2022-02-17 14:10:00,2022-02-17 14:40:00,spread_reduced,Pseudo,-0.3969419146125919
EURJPY,B,LONG,2022-02-17 14:10:00,2022-02-17 14:40:00,stop,Pseudo,-0.634394564176984
GBPJPY,B,LONG,2022-02-17 14:10:00,2022-02-17 14:40:00,spread_reduced,Pseudo,-0.14942451111491878
AUDJPY,B,LONG,2022-02-17 14:10:00,2022-02-17 14:40:00,spread_reduced,Pseudo,-0.49874950438462873
NZDJPY,B,LONG,2022-02-17 14:10:00,2022-02-17 14:40:00,spread_reduced,Pseudo,-0.24611688984973087
CHFJPY,B,LONG,2022-02-17 14:10:00,2022-02-17 14:40:00,spread_reduced,Pseudo,-0.4631389467785926
USDJPY,B,SHORT,2022-02-17 14:50:00,2022-02-17 15:10:00,spread_reduced,Pseudo,-0.039253607330221506
AUDJPY,B,SHORT,2022-02-17 14:50:00,2022-02-17 15:10:00,stop,Pseudo,-0.5102746016099058
NZDJPY,B,SHORT,2022-02-17 14:50:00,2022-02-17 15:10:00,spread_reduced,Pseudo,-0.45849408598774843
USDJPY,B,LONG,2022-02-18 01:30:00,2022-02-18 02:35:00,spread_reduced,Pseudo,0.04474733584218053
EURJPY,B,LONG,2022-02-18 01:30:00,2022-02-18 02:35:00,spread_reduced,Pseudo,-0.08264777230278705
GBPJPY,B,LONG,2022-02-18 01:30:00,2022-02-18 02:35:00,spread_reduced,Pseudo,-0.240750456859599
AUDJPY,B,LONG,2022-02-18 01:30:00,2022-02-18 02:35:00,spread_reduced,Pseudo,-0.06291847806757142
NZDJPY,B,LONG,2022-02-18 01:30:00,2022-02-18 02:35:00,spread_reduced,Pseudo,0.26130766748866385
CHFJPY,B,LONG,2022-02-18 01:30:00,2022-02-18 02:35:00,spread_reduced,Pseudo,-0.1737231360207092
AUDJPY,B,LONG,2022-02-18 08:35:00,2022-02-18 08:55:00,stop,Pseudo,-0.5528792583292901
USDJPY,B,LONG,2022-02-18 08:35:00,2022-02-18 09:00:00,spread_reduced,Pseudo,-0.21121691698133827
EURJPY,B,LONG,2022-02-18 08:35:00,2022-02-18 09:00:00,spread_reduced,Pseudo,-0.20716938157531545
GBPJPY,B,LONG,2022-02-18 08:35:00,2022-02-18 09:00:00,stop,Pseudo,-0.5031431730054825
NZDJPY,B,LONG,2022-02-18 08:35:00,2022-02-18 09:00:00,spread_reduced,Pseudo,-0.38910922070208487
CHFJPY,B,LONG,2022-02-18 08:35:00,2022-02-18 09:00:00,spread_reduced,Pseudo,-0.09779274773554411
USDJPY,B,SHORT,2022-02-18 13:10:00,2022-02-18 13:35:00,spread_reduced,Pseudo,-0.11166667040344673
EURJPY,B,SHORT,2022-02-18 13:10:00,2022-02-18 13:35:00,spread_reduced,Pseudo,-0.2640699736998394
GBPJPY,B,SHORT,2022-02-18 13:10:00,2022-02-18 13:35:00,spread_reduced,Pseudo,-0.2709504364490911
AUDJPY,B,SHORT,2022-02-18 13:10:00,2022-02-18 13:35:00,spread_reduced,Pseudo,-0.3484130587185034
NZDJPY,B,SHORT,2022-02-18 13:10:00,2022-02-18 13:35:00,spread_reduced,Pseudo,-0.1898235051381499
CHFJPY,B,SHORT,2022-02-18 13:10:00,2022-02-18 13:35:00,spread_reduced,Pseudo,-0.30063605438076146
USDJPY,B,LONG,2022-02-21 00:50:00,2022-02-21 01:20:00,spread_reduced,Pseudo,-0.08121623553214441
EURJPY,B,LONG,2022-02-21 00:50:00,2022-02-21 01:20:00,spread_reduced,Pseudo,-0.031829478343755234
GBPJPY,B,LONG,2022-02-21 00:50:00,2022-02-21 01:20:00,spread_reduced,Pseudo,-0.16232398869686637
AUDJPY,B,LONG,2022-02-21 00:50:00,2022-02-21 01:20:00,spread_reduced,Pseudo,0.021621411997093297
NZDJPY,B,LONG,2022-02-21 00:50:00,2022-02-21 01:20:00,spread_reduced,Pseudo,0.030310793208846814
CHFJPY,B,LONG,2022-02-21 00:50:00,2022-02-21 01:20:00,spread_reduced,Real,-0.16057058368087093
USDJPY,B,SHORT,2022-02-21 18:20:00,2022-02-21 18:45:00,spread_reduced,Both,-0.0015404850797947254
EURJPY,B,SHORT,2022-02-21 18:20:00,2022-02-21 18:45:00,spread_reduced,Pseudo,-0.08577490349925831
GBPJPY,B,SHORT,2022-02-21 18:20:00,2022-02-21 18:45:00,spread_reduced,Pseudo,-0.09225171720964968
AUDJPY,B,SHORT,2022-02-21 18:20:00,2022-02-21 18:45:00,spread_reduced,Pseudo,-0.24877446227174657
NZDJPY,B,SHORT,2022-02-21 18:20:00,2022-02-21 18:45:00,spread_reduced,Pseudo,-0.14504902319223412
CHFJPY,B,SHORT,2022-02-21 18:20:00,2022-02-21 18:45:00,spread_reduced,Pseudo,-0.12427338147835698
USDJPY,B,SHORT,2022-02-21 23:10:00,2022-02-21 23:45:00,spread_reduced,Pseudo,-0.0713675306530289
EURJPY,B,SHORT,2022-02-21 23:10:00,2022-02-21 23:45:00,spread_reduced,Pseudo,-0.07703309651393062
GBPJPY,B,SHORT,2022-02-21 23:10:00,2022-02-21 23:45:00,spread_reduced,Pseudo,0.06912657365350702
AUDJPY,B,SHORT,2022-02-21 23:10:00,2022-02-21 23:45:00,spread_reduced,Pseudo,-0.19704950615917483
NZDJPY,B,SHORT,2022-02-21 23:10:00,2022-02-21 23:45:00,spread_reduced,Pseudo,-0.17380249661758107
CHFJPY,B,SHORT,2022-02-21 23:10:00,2022-02-21 23:45:00,spread_reduced,Pseudo,-0.0511671044245432
USDJPY,B,LONG,2022-02-21 23:50:00,2022-02-22 01:05:00,spread_reduced,Pseudo,0.22677043955850648
EURJPY,B,LONG,2022-02-21 23:50:00,2022-02-22 01:05:00,spread_reduced,Pseudo,0.3487622521118154
GBPJPY,B,LONG,2022-02-21 23:50:00,2022-02-22 01:05:00,spread_reduced,Real,0.12474015383852807
AUDJPY,B,LONG,2022-02-21 23:50:00,2022-02-22 01:05:00,spread_reduced,Pseudo,0.73231489646212
NZDJPY,B,LONG,2022-02-21 23:50:00,2022-02-22 01:05:00,spread_reduced,Both,0.8299971959901953
CHFJPY,B,LONG,2022-02-21 23:50:00,2022-02-22 01:05:00,spread_reduced,Real,-0.02584738295315544
USDJPY,B,SHORT,2022-02-22 01:15:00,2022-02-22 01:35:00,spread_reduced,Pseudo,-0.1250826662519226
EURJPY,B,SHORT,2022-02-22 01:15:00,2022-02-22 01:35:00,spread_reduced,Pseudo,-0.20422703887534865
GBPJPY,B,SHORT,2022-02-22 01:15:00,2022-02-22 01:35:00,spread_reduced,Pseudo,-0.29470314161480127
AUDJPY,B,SHORT,2022-02-22 01:15:00,2022-02-22 01:35:00,spread_reduced,Pseudo,-0.23295921298135033
CHFJPY,B,SHORT,2022-02-22 01:15:00,2022-02-22 01:35:00,spread_reduced,Pseudo,-0.1657335321496589
NZDJPY,B,SHORT,2022-02-22 01:20:00,2022-02-22 01:35:00,spread_reduced,Pseudo,-0.3338530256521052
USDJPY,B,LONG,2022-02-22 12:15:00,2022-02-22 12:30:00,spread_reduced,Pseudo,-0.09712383697683495
EURJPY,B,LONG,2022-02-22 12:15:00,2022-02-22 12:30:00,spread_reduced,Neither,-0.1541916802858534
GBPJPY,B,LONG,2022-02-22 12:15:00,2022-02-22 12:30:00,spread_reduced,Real,-0.20116388415340286
AUDJPY,B,LONG,2022-02-22 12:15:00,2022-02-22 12:30:00,spread_reduced,Real,-0.27117028705988167
CHFJPY,B,LONG,2022-02-22 12:15:00,2022-02-22 12:30:00,spread_reduced,Real,-0.06973573788759957
USDJPY,B,LONG,2022-02-22 19:35:00,2022-02-22 20:20:00,spread_reduced,Pseudo,-0.08265490465497738
EURJPY,B,LONG,2022-02-22 19:35:00,2022-02-22 20:20:00,spread_reduced,Pseudo,0.08958455762468158
GBPJPY,B,LONG,2022-02-22 19:35:00,2022-02-22 20:20:00,spread_reduced,Pseudo,0.0752186371248964
AUDJPY,B,LONG,2022-02-22 19:35:00,2022-02-22 20:20:00,spread_reduced,Pseudo,0.2924048417472699
NZDJPY,B,LONG,2022-02-22 19:35:00,2022-02-22 20:20:00,spread_reduced,Real,0.0944191911371739
CHFJPY,B,LONG,2022-02-22 19:35:00,2022-02-22 20:20:00,spread_reduced,Real,0.059555370318579534
USDJPY,B,SHORT,2022-02-25 08:00:00,2022-02-25 08:55:00,spread_reduced,Pseudo,-0.10276356893212935
EURJPY,B,SHORT,2022-02-25 08:00:00,2022-02-25 08:55:00,spread_reduced,Pseudo,0.6687138901881884
GBPJPY,B,SHORT,2022-02-25 08:00:00,2022-02-25 08:55:00,spread_reduced,Real,0.9556559183172183
AUDJPY,B,SHORT,2022-02-25 08:00:00,2022-02-25 08:55:00,spread_reduced,Pseudo,0.485166109537342
NZDJPY,B,SHORT,2022-02-25 08:00:00,2022-02-25 08:55:00,spread_reduced,Pseudo,0.3769530693970384
CHFJPY,B,SHORT,2022-02-25 08:00:00,2022-02-25 08:55:00,spread_reduced,Pseudo,0.3629696134439901
USDJPY,B,LONG,2022-02-25 12:55:00,2022-02-25 13:50:00,spread_reduced,Real,0.004208413744895742
NZDJPY,B,LONG,2022-02-25 12:55:00,2022-02-25 13:50:00,spread_reduced,Real,0.22672768870786916
EURJPY,B,LONG,2022-02-25 13:00:00,2022-02-25 13:50:00,spread_reduced,Real,0.13766889083210998
GBPJPY,B,LONG,2022-02-25 13:00:00,2022-02-25 13:50:00,spread_reduced,Real,-0.4081473782080458
AUDJPY,B,LONG,2022-02-25 13:00:00,2022-02-25 13:50:00,spread_reduced,Real,0.22905894173056812
CHFJPY,B,LONG,2022-02-25 13:00:00,2022-02-25 13:50:00,spread_reduced,Pseudo,-0.24366248074769725
GBPJPY,B,SHORT,2022-02-27 22:30:00,2022-02-27 23:10:00,spread_reduced,Pseudo,-0.29005725239561464
NZDJPY,B,SHORT,2022-02-27 22:30:00,2022-02-27 23:10:00,spread_reduced,Pseudo,0.31884770227115966
CHFJPY,B,SHORT,2022-02-27 22:30:00,2022-02-27 23:10:00,spread_reduced,Pseudo,0.0730279155242893
USDJPY,B,SHORT,2022-02-27 22:35:00,2022-02-27 23:10:00,spread_reduced,Pseudo,-0.15731866305516523
EURJPY,B,SHORT,2022-02-27 22:35:00,2022-02-27 23:10:00,spread_reduced,Pseudo,-0.46538250459164193
AUDJPY,B,SHORT,2022-02-27 22:35:00,2022-02-27 23:10:00,spread_reduced,Pseudo,0.08375243538153813
USDJPY,B,LONG,2022-02-27 23:20:00,2022-02-27 23:50:00,spread_reduced,Pseudo,-0.20333398993018412
EURJPY,B,LONG,2022-02-27 23:20:00,2022-02-27 23:50:00,spread_reduced,Pseudo,0.0789058867373497
GBPJPY,B,LONG,2022-02-27 23:20:00,2022-02-27 23:50:00,spread_reduced,Pseudo,0.01050296173595496
AUDJPY,B,LONG,2022-02-27 23:20:00,2022-02-27 23:50:00,spread_reduced,Pseudo,-0.26529738972598993
NZDJPY,B,LONG,2022-02-27 23:20:00,2022-02-27 23:50:00,spread_reduced,Both,-0.19386733370581796
CHFJPY,B,LONG,2022-02-27 23:20:00,2022-02-27 23:50:00,stop,Pseudo,-0.5852096321813383
NZDJPY,B,SHORT,2022-02-28 01:35:00,2022-02-28 01:45:00,stop,Pseudo,-0.5013343022125898
USDJPY,B,SHORT,2022-02-28 01:35:00,2022-02-28 02:05:00,spread_reduced,Neither,-0.014545123779926191
EURJPY,B,SHORT,2022-02-28 01:35:00,2022-02-28 02:05:00,spread_reduced,Real,-0.0993052417953185
GBPJPY,B,SHORT,2022-02-28 01:35:00,2022-02-28 02:05:00,spread_reduced,Real,-0.17744447276572356
AUDJPY,B,SHORT,2022-02-28 01:35:00,2022-02-28 02:05:00,spread_reduced,Real,-0.27403249637236726
CHFJPY,B,SHORT,2022-02-28 01:35:00,2022-02-28 02:05:00,spread_reduced,Real,-0.003139248891503854
USDJPY,B,LONG,2022-02-28 15:35:00,2022-02-28 15:55:00,stop,Pseudo,-0.5159620379286967
GBPJPY,B,LONG,2022-02-28 15:35:00,2022-02-28 15:55:00,stop,Pseudo,-0.7245115416977255
EURJPY,B,LONG,2022-02-28 15:35:00,2022-02-28 16:00:00,spread_reduced,Pseudo,-0.27534499725023753
AUDJPY,B,LONG,2022-02-28 15:35:00,2022-02-28 16:00:00,spread_reduced,Pseudo,-0.20807587859783538
NZDJPY,B,LONG,2022-02-28 15:35:00,2022-02-28 16:00:00,stop,Pseudo,-0.5192380956021703
CHFJPY,B,LONG,2022-02-28 15:35:00,2022-02-28 16:00:00,spread_reduced,Pseudo,-0.18249904151997529
EURJPY,B,SHORT,2022-02-28 16:05:00,2022-02-28 16:25:00,stop,Pseudo,-0.9152286340656051
GBPJPY,B,SHORT,2022-02-28 16:05:00,2022-02-28 16:25:00,stop,Pseudo,-0.587574655085632
AUDJPY,B,SHORT,2022-02-28 16:05:00,2022-02-28 16:25:00,stop,Pseudo,-0.7453210174906596
NZDJPY,B,SHORT,2022-02-28 16:05:00,2022-02-28 16:25:00,stop,Pseudo,-0.6122629336825133
CHFJPY,B,SHORT,2022-02-28 16:05:00,2022-02-28 16:25:00,spread_reduced,Pseudo,-0.34478113359304174
USDJPY,B,SHORT,2022-02-28 17:00:00,2022-02-28 18:05:00,spread_reduced,Both,-0.1189119089620346
EURJPY,B,SHORT,2022-02-28 17:00:00,2022-02-28 18:05:00,spread_reduced,Pseudo,0.19395460895595593
GBPJPY,B,SHORT,2022-02-28 17:00:00,2022-02-28 18:05:00,spread_reduced,Pseudo,0.19303762883389938
AUDJPY,B,SHORT,2022-02-28 17:00:00,2022-02-28 18:05:00,spread_reduced,Real,0.26061880139838234
NZDJPY,B,SHORT,2022-02-28 17:00:00,2022-02-28 18:05:00,spread_reduced,Pseudo,0.47662155836621556
CHFJPY,B,SHORT,2022-02-28 17:00:00,2022-02-28 18:05:00,spread_reduced,Real,-0.00455464981811519
EURJPY,B,SHORT,2022-03-01 09:30:00,2022-03-01 10:45:00,spread_reduced,Pseudo,0.7728324533472127
AUDJPY,B,SHORT,2022-03-01 09:30:00,2022-03-01 10:45:00,spread_reduced,Pseudo,-0.0066916204874238145
NZDJPY,B,SHORT,2022-03-01 09:30:00,2022-03-01 10:45:00,spread_reduced,Pseudo,0.1752738486118603
EURJPY,B,LONG,2022-03-01 13:45:00,2022-03-01 14:00:00,spread_reduced,Pseudo,-0.3322751421795204
AUDJPY,B,LONG,2022-03-01 13:50:00,2022-03-01 14:00:00,spread_reduced,Pseudo,-0.2658067531545738
NZDJPY,B,LONG,2022-03-01 13:50:00,2022-03-01 14:00:00,spread_reduced,Pseudo,-0.26765874181626054
EURJPY,B,SHORT,2022-03-01 15:45:00,2022-03-01 16:10:00,spread_reduced,Both,-0.2304863411242882
AUDJPY,B,SHORT,2022-03-01 15:45:00,2022-03-01 16:10:00,spread_reduced,Pseudo,-0.2346740404558882
NZDJPY,B,SHORT,2022-03-01 15:45:00,2022-03-01 16:10:00,spread_reduced,Pseudo,-0.4210356702159709
EURJPY,B,LONG,2022-03-02 09:50:00,2022-03-02 11:05:00,spread_reduced,Real,0.3851519698354622
AUDJPY,B,LONG,2022-03-02 09:50:00,2022-03-02 11:05:00,spread_reduced,Real,0.4457480089977336
NZDJPY,B,LONG,2022-03-02 09:50:00,2022-03-02 11:05:00,spread_reduced,Real,0.10881315168635257
EURJPY,B,SHORT,2022-03-02 15:20:00,2022-03-02 15:55:00,spread_reduced,Pseudo,-0.21610226537283062
AUDJPY,B,SHORT,2022-03-02 15:20:00,2022-03-02 15:55:00,spread_reduced,Pseudo,-0.03655569425416635
NZDJPY,B,SHORT,2022-03-02 15:20:00,2022-03-02 15:55:00,spread_reduced,Pseudo,0.17061688886203336
EURJPY,B,LONG,2022-03-02 16:05:00,2022-03-02 17:00:00,spread_reduced,Pseudo,0.3162151873572494
AUDJPY,B,LONG,2022-03-02 16:05:00,2022-03-02 17:00:00,spread_reduced,Real,0.7946614792167702
NZDJPY,B,LONG,2022-03-02 16:05:00,2022-03-02 17:00:00,spread_reduced,Real,1.0318428031603766
AUDJPY,B,SHORT,2022-03-03 16:10:00,2022-03-03 16:20:00,stop,Pseudo,-0.6601203020103105
NZDJPY,B,SHORT,2022-03-03 16:10:00,2022-03-03 16:20:00,stop,Pseudo,-0.5664081603619457
EURJPY,B,SHORT,2022-03-03 16:10:00,2022-03-03 16:35:00,spread_reduced,Real,-0.28306600625264505
EURJPY,B,SHORT,2022-03-04 00:05:00,2022-03-04 01:00:00,spread_reduced,Pseudo,0.6303832007960402
AUDJPY,B,SHORT,2022-03-04 00:05:00,2022-03-04 01:00:00,spread_reduced,Pseudo,0.012939048673462258
NZDJPY,B,SHORT,2022-03-04 00:05:00,2022-03-04 01:00:00,spread_reduced,Pseudo,0.5968357883530488
EURJPY,B,LONG,2022-03-04 01:45:00,2022-03-04 02:20:00,spread_reduced,Neither,0.09589732452656523
AUDJPY,B,LONG,2022-03-04 01:45:00,2022-03-04 02:20:00,spread_reduced,Real,0.21984638368310883
NZDJPY,B,LONG,2022-03-04 01:45:00,2022-03-04 02:20:00,spread_reduced,Real,0.173759311768625
EURJPY,B,LONG,2022-03-04 04:35:00,2022-03-04 05:25:00,spread_reduced,Pseudo,-0.1971661943587592
AUDJPY,B,LONG,2022-03-04 04:35:00,2022-03-04 05:25:00,spread_reduced,Pseudo,-0.14224135151767275
NZDJPY,B,LONG,2022-03-04 04:35:00,2022-03-04 05:25:00,spread_reduced,Pseudo,-0.0280412629535635
EURJPY,B,SHORT,2022-03-04 13:45:00,2022-03-04 14:15:00,spread_reduced,Neither,-0.48307922272113524
AUDJPY,B,SHORT,2022-03-04 13:45:00,2022-03-04 14:15:00,spread_reduced,Real,-0.08558866228480788
NZDJPY,B,SHORT,2022-03-04 13:45:00,2022-03-04 14:15:00,spread_reduced,Pseudo,-0.13181813277407528
EURJPY,B,SHORT,2022-03-04 14:45:00,2022-03-04 16:15:00,spread_reduced,Both,1.0213183494748312
AUDJPY,B,SHORT,2022-03-04 14:45:00,2022-03-04 16:15:00,spread_reduced,Pseudo,0.0011108506098681896
NZDJPY,B,SHORT,2022-03-04 14:45:00,2022-03-04 16:15:00,spread_reduced,Pseudo,0.0716994259159313
EURJPY,B,LONG,2022-03-04 17:15:00,2022-03-04 17:45:00,spread_reduced,Pseudo,-0.1722325945240355
AUDJPY,B,LONG,2022-03-04 17:15:00,2022-03-04 17:45:00,spread_reduced,Real,0.026666298524731978
NZDJPY,B,LONG,2022-03-04 17:15:00,2022-03-04 17:45:00,spread_reduced,Pseudo,0.06087158716039376
NZDJPY,B,SHORT,2022-03-06 23:05:00,2022-03-06 23:20:00,stop,Pseudo,-0.5087964128647945
AUDJPY,B,SHORT,2022-03-06 23:20:00,2022-03-06 23:25:00,stop,Pseudo,-0.742911649389703
EURJPY,B,SHORT,2022-03-06 23:05:00,2022-03-06 23:30:00,spread_reduced,Pseudo,0.037897450457088
EURJPY,B,SHORT,2022-03-07 07:55:00,2022-03-07 09:05:00,spread_reduced,Pseudo,0.03255521148422721
AUDJPY,B,SHORT,2022-03-07 07:55:00,2022-03-07 09:05:00,spread_reduced,Pseudo,-0.14966327601362295
NZDJPY,B,SHORT,2022-03-07 07:55:00,2022-03-07 09:05:00,spread_reduced,Pseudo,0.21363127621010225
AUDJPY,B,LONG,2022-03-07 12:00:00,2022-03-07 12:30:00,stop,Pseudo,-0.8216416946737656
NZDJPY,B,LONG,2022-03-07 12:00:00,2022-03-07 12:30:00,stop,Pseudo,-0.6624878675636955
EURJPY,B,LONG,2022-03-07 12:00:00,2022-03-07 12:45:00,spread_reduced,Pseudo,0.7366400273500033
EURJPY,B,LONG,2022-03-08 07:40:00,2022-03-08 07:55:00,spread_reduced,Pseudo,-0.3752067498528078
AUDJPY,B,LONG,2022-03-08 07:40:00,2022-03-08 07:55:00,stop,Pseudo,-0.5712758649893217
NZDJPY,B,LONG,2022-03-08 07:40:00,2022-03-08 07:55:00,spread_reduced,Pseudo,-0.4511283682321343
EURJPY,B,LONG,2022-03-08 08:15:00,2022-03-08 08:45:00,spread_reduced,Pseudo,-0.002162515029824341
AUDJPY,B,LONG,2022-03-08 08:15:00,2022-03-08 08:45:00,spread_reduced,Pseudo,-0.35133702807725137
NZDJPY,B,LONG,2022-03-08 08:15:00,2022-03-08 08:45:00,spread_reduced,Pseudo,-0.28800456129292795
AUDJPY,B,SHORT,2022-03-08 13:10:00,2022-03-08 13:30:00,stop,Pseudo,-0.5473061960623582
EURJPY,B,SHORT,2022-03-08 13:10:00,2022-03-08 13:35:00,spread_reduced,Pseudo,-0.20186802131627601
NZDJPY,B,SHORT,2022-03-08 13:10:00,2022-03-08 13:35:00,stop,Pseudo,-0.5851953649314012
EURJPY,B,LONG,2022-03-08 17:10:00,2022-03-08 17:55:00,spread_reduced,Pseudo,1.0181117974107
AUDJPY,B,LONG,2022-03-08 17:10:00,2022-03-08 17:55:00,spread_reduced,Pseudo,-0.046372318699305914
NZDJPY,B,LONG,2022-03-08 17:10:00,2022-03-08 17:55:00,spread_reduced,Pseudo,-0.017472963965518378
EURJPY,B,LONG,2022-03-09 00:20:00,2022-03-09 01:55:00,spread_reduced,Pseudo,0.42133358959387895
AUDJPY,B,LONG,2022-03-09 00:20:00,2022-03-09 01:55:00,spread_reduced,Pseudo,0.1949273855488265
NZDJPY,B,LONG,2022-03-09 00:20:00,2022-03-09 01:55:00,spread_reduced,Pseudo,0.23818990594455988
AUDJPY,B,SHORT,2022-03-09 14:15:00,2022-03-09 14:25:00,stop,Pseudo,-0.8005014399199428
NZDJPY,B,SHORT,2022-03-09 14:15:00,2022-03-09 14:25:00,stop,Pseudo,-0.9619750448588427
AUDJPY,B,LONG,2022-03-09 14:45:00,2022-03-09 14:55:00,spread_reduced,Pseudo,-0.14040306159616528
NZDJPY,B,LONG,2022-03-09 14:45:00,2022-03-09 14:55:00,spread_reduced,Pseudo,-0.06798003486937118
EURJPY,B,SHORT,2022-03-10 08:25:00,2022-03-10 08:55:00,spread_reduced,Pseudo,0.20485306293986189
AUDJPY,B,SHORT,2022-03-10 08:25:00,2022-03-10 08:55:00,spread_reduced,Pseudo,-0.19917234252135135
NZDJPY,B,SHORT,2022-03-10 08:25:00,2022-03-10 08:55:00,spread_reduced,Pseudo,-0.23204021623760934
EURJPY,B,LONG,2022-03-11 03:40:00,2022-03-11 05:00:00,spread_reduced,Pseudo,0.3268601445664358
AUDJPY,B,LONG,2022-03-11 03:40:00,2022-03-11 05:00:00,spread_reduced,Pseudo,-0.0049682542807572005
NZDJPY,B,LONG,2022-03-11 03:40:00,2022-03-11 05:00:00,spread_reduced,Pseudo,-0.08649677425158024
EURJPY,B,LONG,2022-03-13 22:25:00,2022-03-13 23:00:00,spread_reduced,Pseudo,-0.14113571671007613
AUDJPY,B,LONG,2022-03-13 22:25:00,2022-03-13 23:00:00,spread_reduced,Pseudo,0.07868703878248044
NZDJPY,B,LONG,2022-03-13 22:25:00,2022-03-13 23:00:00,spread_reduced,Real,-0.08844327514293908
EURJPY,B,SHORT,2022-03-15 07:05:00,2022-03-15 07:40:00,stop,Pseudo,-0.5551561206680322
AUDJPY,B,SHORT,2022-03-15 07:05:00,2022-03-15 07:40:00,spread_reduced,Pseudo,0.022622255372195532
NZDJPY,B,SHORT,2022-03-15 07:05:00,2022-03-15 07:40:00,spread_reduced,Real,-0.017552081707616907
EURJPY,B,LONG,2022-03-15 07:40:00,2022-03-15 08:20:00,stop,Pseudo,-0.6453492097981222
AUDJPY,B,LONG,2022-03-15 07:40:00,2022-03-15 08:20:00,spread_reduced,Pseudo,-0.03434653926833361
EURJPY,B,SHORT,2022-03-15 08:20:00,2022-03-15 09:00:00,spread_reduced,Pseudo,-0.035818489968475475
AUDJPY,B,SHORT,2022-03-15 08:20:00,2022-03-15 09:00:00,spread_reduced,Pseudo,0.40773438951332197
NZDJPY,B,SHORT,2022-03-15 08:20:00,2022-03-15 09:00:00,spread_reduced,Pseudo,0.22120031226272968
EURJPY,B,SHORT,2022-03-15 16:10:00,2022-03-15 16:40:00,spread_reduced,Real,-0.31394840815350084
AUDJPY,B,SHORT,2022-03-15 16:10:00,2022-03-15 16:40:00,spread_reduced,Real,0.05977183974659184
NZDJPY,B,SHORT,2022-03-15 16:10:00,2022-03-15 16:40:00,spread_reduced,Real,-0.005084260422079842
EURJPY,B,LONG,2022-03-17 07:00:00,2022-03-17 07:30:00,spread_reduced,Pseudo,-0.3124658147254008
AUDJPY,B,LONG,2022-03-17 07:00:00,2022-03-17 07:30:00,spread_reduced,Pseudo,-0.2354417788797969
NZDJPY,B,LONG,2022-03-17 07:00:00,2022-03-17 07:30:00,spread_reduced,Pseudo,-0.2657694549290287
EURJPY,B,LONG,2022-03-18 00:10:00,2022-03-18 00:35:00,spread_reduced,Pseudo,-0.1757375215504231
AUDJPY,B,LONG,2022-03-18 00:10:00,2022-03-18 00:35:00,spread_reduced,Pseudo,-0.21624185618196456
NZDJPY,B,LONG,2022-03-18 00:10:00,2022-03-18 00:35:00,spread_reduced,Pseudo,-0.14814586095801552
EURJPY,B,SHORT,2022-03-18 08:35:00,2022-03-18 09:00:00,spread_reduced,Pseudo,-0.4463300612301454
AUDJPY,B,SHORT,2022-03-18 08:35:00,2022-03-18 09:00:00,stop,Pseudo,-0.5738259642104431
NZDJPY,B,SHORT,2022-03-18 08:35:00,2022-03-18 09:00:00,spread_reduced,Pseudo,-0.44591967275161204
EURJPY,B,SHORT,2022-03-21 11:20:00,2022-03-21 11:40:00,spread_reduced,Pseudo,-0.27265635966429913
AUDJPY,B,SHORT,2022-03-21 11:20:00,2022-03-21 11:40:00,stop,Pseudo,-0.5610471103793351
NZDJPY,B,SHORT,2022-03-21 11:20:00,2022-03-21 11:40:00,spread_reduced,Pseudo,-0.45097284701767215
EURJPY,B,LONG,2022-03-22 04:15:00,2022-03-22 05:05:00,spread_reduced,Pseudo,0.5275621980100897
AUDJPY,B,LONG,2022-03-22 04:15:00,2022-03-22 05:05:00,spread_reduced,Pseudo,0.02643537906177329
NZDJPY,B,LONG,2022-03-22 04:15:00,2022-03-22 05:05:00,spread_reduced,Pseudo,0.10500130982108817
EURJPY,B,LONG,2022-03-22 08:40:00,2022-03-22 11:00:00,spread_reduced,Pseudo,0.9152209337561779
AUDJPY,B,LONG,2022-03-22 08:40:00,2022-03-22 11:00:00,spread_reduced,Pseudo,1.4990377944710254
NZDJPY,B,LONG,2022-03-22 08:40:00,2022-03-22 11:00:00,spread_reduced,Pseudo,2.3606208898270995
EURJPY,B,LONG,2022-03-22 12:15:00,2022-03-22 12:40:00,spread_reduced,Pseudo,-0.2915222913659014
AUDJPY,B,LONG,2022-03-22 12:15:00,2022-03-22 12:40:00,stop,Pseudo,-0.5357293971840853
NZDJPY,B,LONG,2022-03-22 12:15:00,2022-03-22 12:40:00,stop,Pseudo,-0.5322257092362042
EURJPY,B,SHORT,2022-03-22 12:45:00,2022-03-22 13:20:00,spread_reduced,Pseudo,0.12899123109270477
AUDJPY,B,SHORT,2022-03-22 12:45:00,2022-03-22 13:20:00,spread_reduced,Pseudo,-0.38256980435417515
NZDJPY,B,SHORT,2022-03-22 12:45:00,2022-03-22 13:20:00,spread_reduced,Pseudo,-0.36015260696845947
EURJPY,B,LONG,2022-03-22 13:20:00,2022-03-22 14:30:00,spread_reduced,Pseudo,0.46624188342366446
AUDJPY,B,LONG,2022-03-22 13:20:00,2022-03-22 14:30:00,spread_reduced,Pseudo,0.0018856672844661897
NZDJPY,B,LONG,2022-03-22 13:20:00,2022-03-22 14:30:00,spread_reduced,Pseudo,-0.2802766512185103
EURJPY,B,LONG,2022-03-22 22:25:00,2022-03-22 22:45:00,spread_reduced,Pseudo,-0.44672892660239477
AUDJPY,B,LONG,2022-03-22 22:25:00,2022-03-22 22:45:00,spread_reduced,Pseudo,-0.24521740808192138
NZDJPY,B,LONG,2022-03-22 22:25:00,2022-03-22 22:45:00,spread_reduced,Pseudo,-0.10895077799503532
EURJPY,B,LONG,2022-03-22 22:55:00,2022-03-22 23:25:00,spread_reduced,Real,-0.07492047999783462
AUDJPY,B,LONG,2022-03-22 22:55:00,2022-03-22 23:25:00,spread_reduced,Pseudo,-0.20066823334630168
NZDJPY,B,LONG,2022-03-22 22:55:00,2022-03-22 23:25:00,spread_reduced,Pseudo,-0.16795075169647364
EURJPY,B,SHORT,2022-03-23 01:00:00,2022-03-23 01:30:00,spread_reduced,Pseudo,0.03864498182182263
AUDJPY,B,SHORT,2022-03-23 01:00:00,2022-03-23 01:30:00,spread_reduced,Pseudo,-0.009272417137662359
NZDJPY,B,SHORT,2022-03-23 01:00:00,2022-03-23 01:30:00,spread_reduced,Pseudo,0.06118081118218951
EURJPY,B,LONG,2022-03-23 01:50:00,2022-03-23 02:25:00,spread_reduced,Pseudo,-0.09993851471497747
AUDJPY,B,LONG,2022-03-23 01:50:00,2022-03-23 02:25:00,spread_reduced,Pseudo,0.24892660637950334
NZDJPY,B,LONG,2022-03-23 01:50:00,2022-03-23 02:25:00,spread_reduced,Pseudo,0.24480869697137328
EURJPY,B,SHORT,2022-03-23 08:20:00,2022-03-23 09:10:00,spread_reduced,Pseudo,0.06868938221142133
AUDJPY,B,SHORT,2022-03-23 08:20:00,2022-03-23 09:10:00,stop,Pseudo,-0.558147108223217
NZDJPY,B,SHORT,2022-03-23 08:20:00,2022-03-23 09:10:00,spread_reduced,Pseudo,-0.22616752973843765
EURJPY,B,SHORT,2022-03-23 11:40:00,2022-03-23 12:40:00,spread_reduced,Pseudo,0.006227411253112436
AUDJPY,B,SHORT,2022-03-23 11:40:00,2022-03-23 12:40:00,spread_reduced,Pseudo,0.19761164423300523
NZDJPY,B,SHORT,2022-03-23 11:40:00,2022-03-23 12:40:00,spread_reduced,Pseudo,0.07330797884252949
EURJPY,B,LONG,2022-03-23 14:20:00,2022-03-23 15:50:00,spread_reduced,Real,1.314265945023152
AUDJPY,B,LONG,2022-03-23 14:20:00,2022-03-23 15:50:00,spread_reduced,Real,1.5926591247377164
NZDJPY,B,LONG,2022-03-23 14:20:00,2022-03-23 15:50:00,spread_reduced,Real,1.422384764116084
EURJPY,B,SHORT,2022-03-24 00:50:00,2022-03-24 01:30:00,spread_reduced,Pseudo,0.35019422669890776
AUDJPY,B,SHORT,2022-03-24 00:50:00,2022-03-24 01:30:00,spread_reduced,Pseudo,-0.1949727843095032
NZDJPY,B,SHORT,2022-03-24 00:50:00,2022-03-24 01:30:00,spread_reduced,Pseudo,0.023479109459545455
EURJPY,B,LONG,2022-03-24 01:35:00,2022-03-24 02:05:00,spread_reduced,Pseudo,-0.20521527835685544
AUDJPY,B,LONG,2022-03-24 01:35:00,2022-03-24 02:05:00,spread_reduced,Pseudo,-0.1340508776992433
NZDJPY,B,LONG,2022-03-24 01:35:00,2022-03-24 02:05:00,spread_reduced,Pseudo,-0.18974237072670136
EURJPY,B,LONG,2022-03-24 13:20:00,2022-03-24 14:15:00,spread_reduced,Pseudo,-0.1881260650580252
AUDJPY,B,LONG,2022-03-24 13:20:00,2022-03-24 14:15:00,spread_reduced,Pseudo,0.047214507448156695
NZDJPY,B,LONG,2022-03-24 13:20:00,2022-03-24 14:15:00,spread_reduced,Pseudo,-0.18337740951786716
AUDJPY,B,LONG,2022-03-24 14:50:00,2022-03-24 15:10:00,stop,Pseudo,-0.534334194286834
EURJPY,B,LONG,2022-03-24 14:45:00,2022-03-24 15:15:00,spread_reduced,Real,0.41767839121746125
NZDJPY,B,LONG,2022-03-24 14:45:00,2022-03-24 15:15:00,spread_reduced,Pseudo,-0.2908523161136989
EURJPY,B,SHORT,2022-03-25 00:10:00,2022-03-25 00:30:00,stop,Pseudo,-0.5301281946386016
AUDJPY,B,SHORT,2022-03-25 00:10:00,2022-03-25 00:30:00,stop,Pseudo,-0.6300689245225163
NZDJPY,B,SHORT,2022-03-25 00:10:00,2022-03-25 00:30:00,stop,Pseudo,-0.6658633995276405
EURJPY,B,SHORT,2022-03-25 01:35:00,2022-03-25 01:50:00,stop,Pseudo,-0.7561582117716625
AUDJPY,B,SHORT,2022-03-25 01:35:00,2022-03-25 01:50:00,stop,Pseudo,-0.7452098162169148
NZDJPY,B,SHORT,2022-03-25 01:35:00,2022-03-25 01:50:00,stop,Pseudo,-0.7230446823701294
EURJPY,B,LONG,2022-03-25 01:50:00,2022-03-25 02:20:00,spread_reduced,Both,-0.3940394482601084
AUDJPY,B,LONG,2022-03-25 01:50:00,2022-03-25 02:20:00,spread_reduced,Pseudo,-0.2565365154050629
NZDJPY,B,LONG,2022-03-25 01:50:00,2022-03-25 02:20:00,spread_reduced,Pseudo,-0.37076183725071044
EURJPY,B,SHORT,2022-03-25 04:15:00,2022-03-25 04:45:00,spread_reduced,Pseudo,-0.23297024262440108
AUDJPY,B,SHORT,2022-03-25 04:15:00,2022-03-25 04:45:00,stop,Pseudo,-0.5557258044820805
NZDJPY,B,SHORT,2022-03-25 04:15:00,2022-03-25 04:45:00,spread_reduced,Pseudo,-0.42769136542160824
EURJPY,B,LONG,2022-03-25 04:50:00,2022-03-25 06:45:00,spread_reduced,Pseudo,0.8881065864541071
AUDJPY,B,LONG,2022-03-25 04:50:00,2022-03-25 06:45:00,spread_reduced,Pseudo,1.179808770619406
NZDJPY,B,LONG,2022-03-25 04:50:00,2022-03-25 06:45:00,spread_reduced,Pseudo,1.1008719981966397
EURJPY,B,SHORT,2022-03-25 07:05:00,2022-03-25 08:50:00,spread_reduced,Pseudo,0.8031858400694796
AUDJPY,B,SHORT,2022-03-25 07:05:00,2022-03-25 08:50:00,spread_reduced,Pseudo,1.1141534814702223
NZDJPY,B,SHORT,2022-03-25 07:05:00,2022-03-25 08:50:00,spread_reduced,Pseudo,1.1600755198299582
EURJPY,B,LONG,2022-03-25 13:20:00,2022-03-25 14:00:00,spread_reduced,Real,0.8067980175952746
AUDJPY,B,LONG,2022-03-25 13:20:00,2022-03-25 14:00:00,spread_reduced,Pseudo,-0.15476641958685664
NZDJPY,B,LONG,2022-03-25 13:20:00,2022-03-25 14:00:00,stop,Pseudo,-0.520154304653094
EURJPY,B,SHORT,2022-03-25 15:20:00,2022-03-25 15:55:00,spread_reduced,Real,0.5648685462670648
AUDJPY,B,SHORT,2022-03-25 15:20:00,2022-03-25 15:55:00,spread_reduced,Real,0.3454459549803168
NZDJPY,B,SHORT,2022-03-25 15:20:00,2022-03-25 15:55:00,spread_reduced,Real,0.1725305988928098
EURJPY,B,LONG,2022-03-28 01:10:00,2022-03-28 02:20:00,spread_reduced,Pseudo,0.34680958979856535
AUDJPY,B,LONG,2022-03-28 01:10:00,2022-03-28 02:20:00,spread_reduced,Pseudo,0.9067493462924237
NZDJPY,B,LONG,2022-03-28 01:10:00,2022-03-28 02:20:00,spread_reduced,Pseudo,0.5727159410802152
AUDJPY,B,SHORT,2022-03-28 02:30:00,2022-03-28 02:45:00,stop,Pseudo,-0.5482137354452614
NZDJPY,B,SHORT,2022-03-28 02:30:00,2022-03-28 02:45:00,stop,Pseudo,-0.6243307650865375
EURJPY,B,SHORT,2022-03-28 02:30:00,2022-03-28 02:50:00,spread_reduced,Pseudo,-0.38795322838939644
EURJPY,B,LONG,2022-03-28 03:00:00,2022-03-28 03:30:00,spread_reduced,Pseudo,-0.07321580667374317
AUDJPY,B,LONG,2022-03-28 03:00:00,2022-03-28 03:30:00,spread_reduced,Pseudo,-0.05814174649032555
NZDJPY,B,LONG,2022-03-28 03:00:00,2022-03-28 03:30:00,spread_reduced,Pseudo,-0.057137948549446094
EURJPY,B,LONG,2022-03-28 06:55:00,2022-03-28 09:10:00,spread_reduced,Pseudo,3.702467262878484
AUDJPY,B,LONG,2022-03-28 06:55:00,2022-03-28 09:10:00,spread_reduced,Pseudo,3.29478405840374
NZDJPY,B,LONG,2022-03-28 06:55:00,2022-03-28 09:10:00,spread_reduced,Pseudo,3.101583741494496
EURJPY,B,SHORT,2022-03-28 09:25:00,2022-03-28 10:15:00,spread_reduced,Real,0.6870327620903671
AUDJPY,B,SHORT,2022-03-28 09:25:00,2022-03-28 10:15:00,spread_reduced,Real,0.9301523610569056
NZDJPY,B,SHORT,2022-03-28 09:25:00,2022-03-28 10:15:00,spread_reduced,Real,1.014029006747593
NZDJPY,B,SHORT,2022-03-28 10:25:00,2022-03-28 10:45:00,stop,Pseudo,-0.5456382577308332
EURJPY,B,SHORT,2022-03-28 10:25:00,2022-03-28 10:50:00,stop,Pseudo,-0.7810073376364931
AUDJPY,B,SHORT,2022-03-28 10:25:00,2022-03-28 10:50:00,stop,Pseudo,-0.6494985280993681
EURJPY,B,LONG,2022-03-28 10:55:00,2022-03-28 11:15:00,stop,Pseudo,-0.6398691034681381
AUDJPY,B,LONG,2022-03-28 10:55:00,2022-03-28 11:15:00,spread_reduced,Pseudo,-0.4679060043777383
NZDJPY,B,LONG,2022-03-28 10:55:00,2022-03-28 11:15:00,stop,Pseudo,-0.6371315915789285
EURJPY,B,SHORT,2022-03-28 11:20:00,2022-03-28 11:50:00,spread_reduced,Pseudo,0.011918022884878829
AUDJPY,B,SHORT,2022-03-28 11:20:00,2022-03-28 11:50:00,spread_reduced,Pseudo,-0.09348654683190757
NZDJPY,B,SHORT,2022-03-28 11:20:00,2022-03-28 11:50:00,spread_reduced,Pseudo,-0.12479123295272565
EURJPY,B,SHORT,2022-03-28 12:10:00,2022-03-28 13:15:00,spread_reduced,Pseudo,1.094716209103915
AUDJPY,B,SHORT,2022-03-28 12:10:00,2022-03-28 13:15:00,spread_reduced,Pseudo,2.0461729104352955
NZDJPY,B,SHORT,2022-03-28 12:10:00,2022-03-28 13:15:00,spread_reduced,Pseudo,1.6986454568911347
EURJPY,B,LONG,2022-03-28 13:30:00,2022-03-28 13:50:00,spread_reduced,Real,-0.07758323886738103
AUDJPY,B,LONG,2022-03-28 13:30:00,2022-03-28 13:50:00,spread_reduced,Neither,-0.3708296243261448
NZDJPY,B,LONG,2022-03-28 13:30:00,2022-03-28 13:50:00,spread_reduced,Real,-0.20922592211754706
EURJPY,B,SHORT,2022-03-28 14:00:00,2022-03-28 14:25:00,stop,Pseudo,-0.5201747475134244
AUDJPY,B,SHORT,2022-03-28 14:00:00,2022-03-28 14:30:00,spread_reduced,Real,-0.16827226490360542
NZDJPY,B,SHORT,2022-03-28 14:00:00,2022-03-28 14:30:00,spread_reduced,Real,-0.09827662433914419
EURJPY,B,SHORT,2022-03-28 14:35:00,2022-03-28 15:20:00,spread_reduced,Pseudo,0.24810238292057493
AUDJPY,B,SHORT,2022-03-28 14:35:00,2022-03-28 15:20:00,spread_reduced,Pseudo,-0.2351972661045476
NZDJPY,B,SHORT,2022-03-28 14:35:00,2022-03-28 15:20:00,spread_reduced,Pseudo,-0.0024369116887375717
EURJPY,B,LONG,2022-03-28 16:55:00,2022-03-28 17:10:00,spread_reduced,Neither,-0.2557892788808506
AUDJPY,B,LONG,2022-03-28 16:55:00,2022-03-28 17:10:00,spread_reduced,Pseudo,-0.3987402416347393
NZDJPY,B,LONG,2022-03-28 16:55:00,2022-03-28 17:10:00,spread_reduced,Real,-0.3547143644636227
EURJPY,B,LONG,2022-03-28 18:15:00,2022-03-28 18:55:00,spread_reduced,Pseudo,-0.0162370158727961
AUDJPY,B,LONG,2022-03-28 18:15:00,2022-03-28 18:55:00,spread_reduced,Pseudo,0.13267604023499877
NZDJPY,B,LONG,2022-03-28 18:15:00,2022-03-28 18:55:00,spread_reduced,Pseudo,-0.1354101539188246
EURJPY,B,LONG,2022-03-28 22:45:00,2022-03-28 23:10:00,spread_reduced,Pseudo,-0.48914508121452227
AUDJPY,B,LONG,2022-03-28 22:45:00,2022-03-28 23:10:00,spread_reduced,Pseudo,-0.3283407946554536
NZDJPY,B,LONG,2022-03-28 22:45:00,2022-03-28 23:10:00,spread_reduced,Pseudo,-0.3470311885510243
EURJPY,B,SHORT,2022-03-28 23:15:00,2022-03-29 00:40:00,spread_reduced,Pseudo,0.6032339541331238
AUDJPY,B,SHORT,2022-03-28 23:15:00,2022-03-29 00:40:00,spread_reduced,Pseudo,1.146143781570852
NZDJPY,B,SHORT,2022-03-28 23:15:00,2022-03-29 00:40:00,spread_reduced,Pseudo,0.8746268420677383
EURJPY,B,LONG,2022-03-29 00:45:00,2022-03-29 01:20:00,spread_reduced,Pseudo,0.12107244570798889
AUDJPY,B,LONG,2022-03-29 00:45:00,2022-03-29 01:20:00,spread_reduced,Pseudo,0.28204048838557466
NZDJPY,B,LONG,2022-03-29 00:45:00,2022-03-29 01:20:00,spread_reduced,Pseudo,0.33926208936008173
EURJPY,B,SHORT,2022-03-29 01:20:00,2022-03-29 02:10:00,spread_reduced,Pseudo,0.08671391937346377
AUDJPY,B,SHORT,2022-03-29 01:20:00,2022-03-29 02:10:00,spread_reduced,Pseudo,0.1289708498369846
NZDJPY,B,SHORT,2022-03-29 01:20:00,2022-03-29 02:10:00,spread_reduced,Pseudo,0.15746910983120238
EURJPY,B,SHORT,2022-03-29 02:40:00,2022-03-29 03:20:00,spread_reduced,Pseudo,0.14952181213689908
AUDJPY,B,SHORT,2022-03-29 02:50:00,2022-03-29 03:20:00,spread_reduced,Pseudo,-0.123092450119211
NZDJPY,B,SHORT,2022-03-29 02:50:00,2022-03-29 03:20:00,spread_reduced,Pseudo,-0.2177702346362794
EURJPY,B,SHORT,2022-03-29 03:55:00,2022-03-29 04:00:00,spread_reduced,Pseudo,-0.2599627294161226
AUDJPY,B,SHORT,2022-03-29 03:55:00,2022-03-29 04:00:00,spread_reduced,Pseudo,-0.3711104746279374
NZDJPY,B,SHORT,2022-03-29 03:55:00,2022-03-29 04:00:00,spread_reduced,Pseudo,-0.3437025185929847
EURJPY,B,LONG,2022-03-29 05:35:00,2022-03-29 06:10:00,spread_reduced,Pseudo,0.11027205798456545
AUDJPY,B,LONG,2022-03-29 05:35:00,2022-03-29 06:10:00,spread_reduced,Pseudo,0.26617691511554575
NZDJPY,B,LONG,2022-03-29 05:35:00,2022-03-29 06:10:00,spread_reduced,Pseudo,0.06989622626811058
EURJPY,B,LONG,2022-03-29 07:00:00,2022-03-29 07:35:00,spread_reduced,Pseudo,0.1565725549129334
AUDJPY,B,LONG,2022-03-29 07:00:00,2022-03-29 07:35:00,spread_reduced,Pseudo,-0.15487170614836288
NZDJPY,B,LONG,2022-03-29 07:00:00,2022-03-29 07:35:00,spread_reduced,Pseudo,-0.25625552106515553
EURJPY,B,SHORT,2022-03-29 07:50:00,2022-03-29 08:20:00,spread_reduced,Real,-0.11681478382234249
AUDJPY,B,SHORT,2022-03-29 07:50:00,2022-03-29 08:20:00,spread_reduced,Real,0.06426452066243815
NZDJPY,B,SHORT,2022-03-29 07:50:00,2022-03-29 08:20:00,spread_reduced,Real,-0.08855009826599
EURJPY,B,SHORT,2022-03-29 10:15:00,2022-03-29 10:25:00,stop,Pseudo,-0.5186157490694547
EURJPY,B,LONG,2022-03-29 11:40:00,2022-03-29 12:05:00,spread_reduced,Pseudo,-0.10753265588507126
AUDJPY,B,LONG,2022-03-29 11:40:00,2022-03-29 12:05:00,stop,Pseudo,-0.5381024463939251
NZDJPY,B,LONG,2022-03-29 11:40:00,2022-03-29 12:05:00,spread_reduced,Pseudo,-0.4654244055361338
EURJPY,B,SHORT,2022-03-29 12:10:00,2022-03-29 12:25:00,stop,Pseudo,-0.7247501465956763
AUDJPY,B,SHORT,2022-03-29 12:10:00,2022-03-29 13:00:00,spread_reduced,Real,1.7208272271287037
NZDJPY,B,SHORT,2022-03-29 12:10:00,2022-03-29 13:00:00,spread_reduced,Real,1.4191438344720586
EURJPY,B,SHORT,2022-03-29 12:30:00,2022-03-29 13:00:00,spread_reduced,Real,0.31195902710249673
AUDJPY,B,LONG,2022-03-29 13:05:00,2022-03-29 13:10:00,stop,Pseudo,-0.932475381194009
NZDJPY,B,LONG,2022-03-29 13:05:00,2022-03-29 13:10:00,stop,Pseudo,-0.8917492323044323
EURJPY,B,LONG,2022-03-29 13:05:00,2022-03-29 13:20:00,spread_reduced,Real,-0.1028433671071231
EURJPY,B,SHORT,2022-03-29 13:35:00,2022-03-29 14:20:00,spread_reduced,Real,1.4184349127234208
AUDJPY,B,SHORT,2022-03-29 13:35:00,2022-03-29 14:20:00,spread_reduced,Real,0.38996093921857733
NZDJPY,B,SHORT,2022-03-29 13:35:00,2022-03-29 14:20:00,spread_reduced,Real,0.34631604370890157
EURJPY,B,LONG,2022-03-29 14:25:00,2022-03-29 15:45:00,spread_reduced,Real,0.5802507916021771
AUDJPY,B,LONG,2022-03-29 14:25:00,2022-03-29 15:45:00,spread_reduced,Real,0.7417462500127019
NZDJPY,B,LONG,2022-03-29 14:25:00,2022-03-29 15:45:00,spread_reduced,Pseudo,1.0111662933425989
EURJPY,B,SHORT,2022-03-29 16:35:00,2022-03-29 17:00:00,spread_reduced,Pseudo,0.00215900549889921
AUDJPY,B,SHORT,2022-03-29 16:35:00,2022-03-29 17:00:00,spread_reduced,Pseudo,-0.05114441173163324
NZDJPY,B,SHORT,2022-03-29 16:35:00,2022-03-29 17:00:00,spread_reduced,Pseudo,-0.29513687641065844
EURJPY,B,LONG,2022-03-29 18:35:00,2022-03-29 19:25:00,spread_reduced,Real,0.28237504704250094
AUDJPY,B,LONG,2022-03-29 18:35:00,2022-03-29 19:25:00,spread_reduced,Real,0.306744364217589
NZDJPY,B,LONG,2022-03-29 18:35:00,2022-03-29 19:25:00,spread_reduced,Real,0.2282331319071555
EURJPY,B,LONG,2022-03-29 23:40:00,2022-03-30 00:00:00,spread_reduced,Pseudo,-0.42850521264792274
AUDJPY,B,LONG,2022-03-29 23:40:00,2022-03-30 00:00:00,stop,Pseudo,-0.9413461393712463
NZDJPY,B,LONG,2022-03-29 23:40:00,2022-03-30 00:00:00,stop,Pseudo,-0.8712342095155146
EURJPY,B,SHORT,2022-03-30 00:05:00,2022-03-30 00:40:00,spread_reduced,Real,0.47015020265702334
AUDJPY,B,SHORT,2022-03-30 00:05:00,2022-03-30 00:40:00,spread_reduced,Real,0.34421611630053306
NZDJPY,B,SHORT,2022-03-30 00:05:00,2022-03-30 00:40:00,spread_reduced,Real,0.19472598102717362
EURJPY,B,SHORT,2022-03-30 00:50:00,2022-03-30 01:40:00,spread_reduced,Pseudo,-0.21742046806775644
AUDJPY,B,SHORT,2022-03-30 00:50:00,2022-03-30 01:40:00,spread_reduced,Pseudo,-0.04566801122263264
NZDJPY,B,SHORT,2022-03-30 00:50:00,2022-03-30 01:40:00,spread_reduced,Pseudo,-0.12979832736899807
EURJPY,B,LONG,2022-03-30 01:40:00,2022-03-30 02:05:00,spread_reduced,Real,-0.4060676188379908
AUDJPY,B,LONG,2022-03-30 01:40:00,2022-03-30 02:05:00,spread_reduced,Real,-0.3211142656046606
NZDJPY,B,LONG,2022-03-30 01:40:00,2022-03-30 02:05:00,spread_reduced,Real,-0.014170489365953703
EURJPY,B,SHORT,2022-03-30 02:10:00,2022-03-30 03:40:00,spread_reduced,Real,1.3252281210757166
AUDJPY,B,SHORT,2022-03-30 02:10:00,2022-03-30 03:40:00,spread_reduced,Real,1.5158509557328856
NZDJPY,B,SHORT,2022-03-30 02:10:00,2022-03-30 03:40:00,spread_reduced,Real,1.6696939357669547
EURJPY,B,LONG,2022-03-30 03:45:00,2022-03-30 04:40:00,spread_reduced,Pseudo,0.10940708232798357
AUDJPY,B,LONG,2022-03-30 03:45:00,2022-03-30 04:40:00,spread_reduced,Real,0.6209783741118654
NZDJPY,B,LONG,2022-03-30 03:45:00,2022-03-30 04:40:00,spread_reduced,Real,0.3577308028368531
EURJPY,B,LONG,2022-03-30 04:55:00,2022-03-30 05:25:00,spread_reduced,Pseudo,-0.3152673880071344
AUDJPY,B,LONG,2022-03-30 04:55:00,2022-03-30 05:25:00,spread_reduced,Pseudo,-0.1929065761714736
NZDJPY,B,LONG,2022-03-30 04:55:00,2022-03-30 05:25:00,spread_reduced,Pseudo,-0.22034324897450092
EURJPY,B,LONG,2022-03-30 05:55:00,2022-03-30 06:05:00,spread_reduced,Pseudo,-0.2621023808853466
AUDJPY,B,LONG,2022-03-30 05:55:00,2022-03-30 06:05:00,spread_reduced,Pseudo,-0.12369986309483198
NZDJPY,B,LONG,2022-03-30 05:55:00,2022-03-30 06:05:00,spread_reduced,Pseudo,-0.18675816040591986
EURJPY,B,SHORT,2022-03-30 06:30:00,2022-03-30 06:40:00,spread_reduced,Both,-0.4241052936325337
AUDJPY,B,SHORT,2022-03-30 06:30:00,2022-03-30 06:40:00,spread_reduced,Pseudo,-0.49867628609974923
NZDJPY,B,SHORT,2022-03-30 06:30:00,2022-03-30 06:40:00,spread_reduced,Pseudo,-0.4603324423607299
EURJPY,B,LONG,2022-03-30 06:45:00,2022-03-30 07:15:00,spread_reduced,Pseudo,0.3109843887523963
AUDJPY,B,LONG,2022-03-30 06:45:00,2022-03-30 07:15:00,spread_reduced,Pseudo,-0.4868264777767954
NZDJPY,B,LONG,2022-03-30 06:45:00,2022-03-30 07:15:00,spread_reduced,Pseudo,-0.36342258162343677
EURJPY,B,SHORT,2022-03-30 07:30:00,2022-03-30 07:40:00,stop,Pseudo,-0.5373992059527488
AUDJPY,B,SHORT,2022-03-30 07:30:00,2022-03-30 07:40:00,stop,Pseudo,-0.573318509651255
NZDJPY,B,SHORT,2022-03-30 07:30:00,2022-03-30 07:40:00,stop,Pseudo,-0.5835628340264964
EURJPY,B,SHORT,2022-03-30 07:50:00,2022-03-30 07:55:00,spread_reduced,Pseudo,-0.4912619843471985
AUDJPY,B,SHORT,2022-03-30 07:50:00,2022-03-30 07:55:00,spread_reduced,Pseudo,-0.4540318566289189
NZDJPY,B,SHORT,2022-03-30 07:50:00,2022-03-30 07:55:00,spread_reduced,Pseudo,-0.2894499410509196
EURJPY,B,LONG,2022-03-30 09:20:00,2022-03-30 09:50:00,spread_reduced,Pseudo,-0.4230358775897022
AUDJPY,B,LONG,2022-03-30 09:20:00,2022-03-30 09:50:00,spread_reduced,Real,-0.11134875742095189
NZDJPY,B,LONG,2022-03-30 09:20:00,2022-03-30 09:50:00,spread_reduced,Real,-0.09063275313185108
EURJPY,B,SHORT,2022-03-30 11:35:00,2022-03-30 12:00:00,spread_reduced,Both,-0.027311023971465787
AUDJPY,B,SHORT,2022-03-30 11:35:00,2022-03-30 12:00:00,spread_reduced,Pseudo,-0.09679664740088376
NZDJPY,B,SHORT,2022-03-30 11:35:00,2022-03-30 12:00:00,spread_reduced,Both,-0.2830632650495287
AUDJPY,B,LONG,2022-03-30 13:15:00,2022-03-30 13:35:00,stop,Pseudo,-0.5865961509818515
NZDJPY,B,LONG,2022-03-30 13:15:00,2022-03-30 13:35:00,stop,Pseudo,-0.5483523831087966
EURJPY,B,LONG,2022-03-30 13:15:00,2022-03-30 13:40:00,spread_reduced,Pseudo,-0.19535116087917212
AUDJPY,B,LONG,2022-03-30 14:10:00,2022-03-30 14:15:00,stop,Pseudo,-0.5420148274767704
EURJPY,B,LONG,2022-03-30 14:10:00,2022-03-30 14:25:00,spread_reduced,Real,-0.18285655878484225
NZDJPY,B,LONG,2022-03-30 14:10:00,2022-03-30 14:25:00,spread_reduced,Real,-0.37818905494994376
AUDJPY,B,LONG,2022-03-30 14:50:00,2022-03-30 15:10:00,stop,Pseudo,-0.557764319576289
NZDJPY,B,LONG,2022-03-30 14:50:00,2022-03-30 15:15:00,stop,Pseudo,-0.5828921932976943
EURJPY,B,LONG,2022-03-30 14:50:00,2022-03-30 15:20:00,spread_reduced,Pseudo,-0.12643448837305432
AUDJPY,B,SHORT,2022-03-30 15:25:00,2022-03-30 15:50:00,spread_reduced,Real,0.11078074977177721
NZDJPY,B,SHORT,2022-03-30 15:25:00,2022-03-30 15:50:00,spread_reduced,Both,-0.09452602906841653
EURJPY,B,LONG,2022-03-31 00:15:00,2022-03-31 00:45:00,spread_reduced,Pseudo,0.15115458442431046
AUDJPY,B,LONG,2022-03-31 00:15:00,2022-03-31 00:45:00,spread_reduced,Pseudo,0.0832911832086373
NZDJPY,B,LONG,2022-03-31 00:15:00,2022-03-31 00:45:00,spread_reduced,Pseudo,-0.04157067562619392
EURJPY,B,LONG,2022-03-31 00:50:00,2022-03-31 01:05:00,spread_reduced,Pseudo,-0.1441754526733119
AUDJPY,B,LONG,2022-03-31 00:50:00,2022-03-31 01:05:00,spread_reduced,Pseudo,-0.31586638467961947
NZDJPY,B,LONG,2022-03-31 00:50:00,2022-03-31 01:05:00,spread_reduced,Pseudo,-0.2505101139784009
EURJPY,B,SHORT,2022-03-31 01:35:00,2022-03-31 02:35:00,spread_reduced,Real,0.10103555222662486
AUDJPY,B,SHORT,2022-03-31 01:35:00,2022-03-31 02:35:00,spread_reduced,Real,-0.12398910525150224
NZDJPY,B,SHORT,2022-03-31 01:35:00,2022-03-31 02:35:00,spread_reduced,Pseudo,-0.1630402775181968
EURJPY,B,SHORT,2022-03-31 06:00:00,2022-03-31 07:30:00,spread_reduced,Pseudo,1.1165636845610338
AUDJPY,B,SHORT,2022-03-31 06:00:00,2022-03-31 07:30:00,spread_reduced,Pseudo,1.2865947912870843
NZDJPY,B,SHORT,2022-03-31 06:00:00,2022-03-31 07:30:00,spread_reduced,Pseudo,1.2134062598521864
EURJPY,B,LONG,2022-03-31 07:40:00,2022-03-31 08:30:00,spread_reduced,Pseudo,-0.45813559991118397
AUDJPY,B,LONG,2022-03-31 07:40:00,2022-03-31 08:30:00,spread_reduced,Pseudo,0.48922311971237126
NZDJPY,B,LONG,2022-03-31 07:40:00,2022-03-31 08:30:00,spread_reduced,Pseudo,0.11410216133008375
EURJPY,B,LONG,2022-03-31 08:55:00,2022-03-31 09:10:00,stop,Pseudo,-0.6780757655469039
AUDJPY,B,LONG,2022-03-31 08:55:00,2022-03-31 09:10:00,stop,Pseudo,-0.5329804593246317
NZDJPY,B,LONG,2022-03-31 08:55:00,2022-03-31 09:10:00,stop,Pseudo,-0.5058651785321278
EURJPY,B,SHORT,2022-03-31 10:45:00,2022-03-31 11:15:00,spread_reduced,Real,-0.18775814760115436
AUDJPY,B,SHORT,2022-03-31 10:45:00,2022-03-31 11:15:00,spread_reduced,Real,-0.17020835944370205
NZDJPY,B,SHORT,2022-03-31 10:45:00,2022-03-31 11:15:00,spread_reduced,Real,-0.045664203401833234
EURJPY,B,LONG,2022-03-31 12:15:00,2022-03-31 12:45:00,spread_reduced,Pseudo,-0.49294935295292797
AUDJPY,B,LONG,2022-03-31 12:15:00,2022-03-31 12:45:00,spread_reduced,Pseudo,-0.21395840597959737
NZDJPY,B,LONG,2022-03-31 12:15:00,2022-03-31 12:45:00,spread_reduced,Pseudo,-0.19361235065514423
EURJPY,B,LONG,2022-03-31 14:35:00,2022-03-31 14:50:00,spread_reduced,Pseudo,-0.4745129347423586
AUDJPY,B,LONG,2022-03-31 14:35:00,2022-03-31 14:50:00,stop,Pseudo,-0.6084884107267671
NZDJPY,B,LONG,2022-03-31 14:35:00,2022-03-31 14:50:00,stop,Pseudo,-0.652871479695986
USDJPY,B,LONG,2022-04-01 01:10:00,2022-04-01 03:25:00,spread_reduced,Pseudo,1.319236953850389
EURJPY,B,LONG,2022-04-01 01:10:00,2022-04-01 03:25:00,spread_reduced,Pseudo,1.2683507284075488
GBPJPY,B,LONG,2022-04-01 01:10:00,2022-04-01 03:25:00,spread_reduced,Pseudo,1.1156225238445248
USDJPY,B,SHORT,2022-04-01 05:30:00,2022-04-01 06:30:00,spread_reduced,Pseudo,0.021426455491746488
EURJPY,B,SHORT,2022-04-01 05:30:00,2022-04-01 06:30:00,spread_reduced,Pseudo,0.40073524163223667
GBPJPY,B,SHORT,2022-04-01 05:30:00,2022-04-01 06:30:00,spread_reduced,Real,0.20325102589387653
USDJPY,B,LONG,2022-04-01 07:10:00,2022-04-01 07:40:00,spread_reduced,Real,-0.1050851125105797
EURJPY,B,LONG,2022-04-01 07:10:00,2022-04-01 07:40:00,spread_reduced,Real,-0.2523852216725168
GBPJPY,B,LONG,2022-04-01 07:10:00,2022-04-01 07:40:00,spread_reduced,Real,0.1390319508922655
USDJPY,B,LONG,2022-04-01 08:05:00,2022-04-01 08:30:00,spread_reduced,Real,-0.27613928590590014
EURJPY,B,LONG,2022-04-01 08:05:00,2022-04-01 08:30:00,spread_reduced,Pseudo,-0.22132048367673463
GBPJPY,B,LONG,2022-04-01 08:05:00,2022-04-01 08:30:00,spread_reduced,Real,-0.34566263559713634
USDJPY,B,SHORT,2022-04-01 09:15:00,2022-04-01 09:40:00,spread_reduced,Pseudo,-0.02350459073870622
EURJPY,B,SHORT,2022-04-01 09:15:00,2022-04-01 09:40:00,spread_reduced,Pseudo,0.07613006919478713
GBPJPY,B,SHORT,2022-04-01 09:15:00,2022-04-01 09:40:00,spread_reduced,Pseudo,-0.1378719578160048
EURJPY,B,LONG,2022-04-01 12:35:00,2022-04-01 13:05:00,spread_reduced,Real,-0.296249854397986
GBPJPY,B,LONG,2022-04-01 12:35:00,2022-04-01 13:05:00,spread_reduced,Real,-0.14899334136105521
USDJPY,B,LONG,2022-04-01 12:35:00,2022-04-01 15:20:00,spread_reduced,Pseudo,0.04578416683213386
USDJPY,B,SHORT,2022-04-04 00:15:00,2022-04-04 00:45:00,spread_reduced,Real,-0.04940637519131504
EURJPY,B,SHORT,2022-04-04 00:15:00,2022-04-04 00:45:00,spread_reduced,Real,-0.1272434779329886
GBPJPY,B,SHORT,2022-04-04 00:15:00,2022-04-04 00:45:00,spread_reduced,Real,-0.1277307060314481
USDJPY,B,LONG,2022-04-05 14:35:00,2022-04-05 14:45:00,spread_reduced,Pseudo,-0.14083486871874218
EURJPY,B,LONG,2022-04-05 14:35:00,2022-04-05 14:45:00,spread_reduced,Pseudo,-0.21876495176550068
USDJPY,B,SHORT,2022-04-06 03:00:00,2022-04-06 03:10:00,spread_reduced,Pseudo,-0.13769562625295015
EURJPY,B,SHORT,2022-04-06 03:00:00,2022-04-06 03:10:00,spread_reduced,Pseudo,-0.08172938222698416
GBPJPY,B,SHORT,2022-04-06 03:00:00,2022-04-06 03:10:00,spread_reduced,Pseudo,-0.056666606230493244
EURJPY,B,SHORT,2022-04-06 18:05:00,2022-04-06 18:35:00,spread_reduced,Real,-0.1770147489047099
GBPJPY,B,SHORT,2022-04-06 18:05:00,2022-04-06 18:35:00,spread_reduced,Real,-0.10517266036935702
USDJPY,B,SHORT,2022-04-06 18:25:00,2022-04-06 18:35:00,spread_reduced,Pseudo,-0.18207895574784416
USDJPY,B,SHORT,2022-04-06 23:55:00,2022-04-07 01:00:00,spread_reduced,Pseudo,0.25015269257600004
EURJPY,B,SHORT,2022-04-06 23:55:00,2022-04-07 01:00:00,spread_reduced,Pseudo,-0.17079700797340003
GBPJPY,B,SHORT,2022-04-06 23:55:00,2022-04-07 01:00:00,spread_reduced,Pseudo,0.07109893284895641
USDJPY,B,SHORT,2022-04-07 08:10:00,2022-04-07 08:40:00,spread_reduced,Pseudo,-0.39136309107642064
EURJPY,B,SHORT,2022-04-07 08:10:00,2022-04-07 08:40:00,spread_reduced,Pseudo,-0.25037204476448716
GBPJPY,B,SHORT,2022-04-07 08:10:00,2022-04-07 08:40:00,spread_reduced,Pseudo,-0.48235574386978897
USDJPY,B,SHORT,2022-04-08 00:25:00,2022-04-08 01:40:00,spread_reduced,Pseudo,0.20549051154620618
EURJPY,B,SHORT,2022-04-08 00:25:00,2022-04-08 01:40:00,spread_reduced,Pseudo,0.12490016769273193
GBPJPY,B,SHORT,2022-04-08 00:25:00,2022-04-08 01:40:00,spread_reduced,Pseudo,0.007167323922955641
USDJPY,B,LONG,2022-04-11 01:30:00,2022-04-11 01:55:00,spread_reduced,Pseudo,-0.28876016951140393
EURJPY,B,LONG,2022-04-11 01:30:00,2022-04-11 01:55:00,spread_reduced,Pseudo,-0.2760778004193091
GBPJPY,B,LONG,2022-04-11 01:30:00,2022-04-11 01:55:00,spread_reduced,Pseudo,-0.2041176860691311
USDJPY,B,LONG,2022-04-11 06:20:00,2022-04-11 07:10:00,spread_reduced,Pseudo,-0.01641133999633985
EURJPY,B,LONG,2022-04-11 06:20:00,2022-04-11 07:10:00,spread_reduced,Pseudo,-0.08706740448723624
GBPJPY,B,LONG,2022-04-11 06:20:00,2022-04-11 07:10:00,spread_reduced,Pseudo,0.002917998535615733
USDJPY,B,SHORT,2022-04-11 13:35:00,2022-04-11 14:00:00,spread_reduced,Pseudo,-0.19570421103535612
EURJPY,B,SHORT,2022-04-11 13:35:00,2022-04-11 14:00:00,spread_reduced,Pseudo,-0.39706695829688776
GBPJPY,B,SHORT,2022-04-11 13:35:00,2022-04-11 14:00:00,spread_reduced,Pseudo,-0.39397498654973145
USDJPY,B,SHORT,2022-04-12 00:05:00,2022-04-12 00:35:00,spread_reduced,Real,-0.2824110746187566
EURJPY,B,SHORT,2022-04-12 00:05:00,2022-04-12 00:35:00,spread_reduced,Real,-0.14333894519413803
GBPJPY,B,SHORT,2022-04-12 00:05:00,2022-04-12 00:35:00,spread_reduced,Real,-0.20739582926565525
USDJPY,B,SHORT,2022-04-12 12:50:00,2022-04-12 13:15:00,stop,Pseudo,-0.6355765189511864
GBPJPY,B,SHORT,2022-04-12 12:50:00,2022-04-12 13:15:00,stop,Pseudo,-0.5413451936749544
EURJPY,B,SHORT,2022-04-12 12:50:00,2022-04-12 13:20:00,spread_reduced,Real,0.03031404316629812
USDJPY,B,LONG,2022-04-13 06:20:00,2022-04-13 06:55:00,spread_reduced,Pseudo,0.45071327267180256
EURJPY,B,LONG,2022-04-13 06:20:00,2022-04-13 06:55:00,spread_reduced,Pseudo,0.047296598471173
GBPJPY,B,LONG,2022-04-13 06:20:00,2022-04-13 06:55:00,spread_reduced,Pseudo,-0.22199682915987248
USDJPY,B,LONG,2022-04-13 16:35:00,2022-04-13 17:05:00,spread_reduced,Pseudo,-0.033643013722143664
EURJPY,B,LONG,2022-04-13 16:35:00,2022-04-13 17:05:00,spread_reduced,Pseudo,-0.18937427718331476
GBPJPY,B,LONG,2022-04-13 16:35:00,2022-04-13 17:05:00,spread_reduced,Pseudo,-0.03173111513402975
USDJPY,B,LONG,2022-04-14 00:45:00,2022-04-14 01:00:00,spread_reduced,Pseudo,-0.25000177253501715
EURJPY,B,LONG,2022-04-14 00:45:00,2022-04-14 01:00:00,spread_reduced,Pseudo,-0.26251576434177526
GBPJPY,B,LONG,2022-04-14 00:45:00,2022-04-14 01:00:00,spread_reduced,Pseudo,-0.31704804071105064
EURJPY,B,SHORT,2022-04-14 07:30:00,2022-04-14 07:55:00,stop,Pseudo,-0.5388069930949424
USDJPY,B,SHORT,2022-04-14 07:30:00,2022-04-14 08:00:00,stop,Pseudo,-0.5690626636713307
GBPJPY,B,SHORT,2022-04-14 07:30:00,2022-04-14 08:00:00,spread_reduced,Real,-0.3795156976032684
USDJPY,B,SHORT,2022-04-14 13:15:00,2022-04-14 13:40:00,stop,Pseudo,-0.6444368912855344
EURJPY,B,SHORT,2022-04-14 13:15:00,2022-04-14 13:45:00,spread_reduced,Pseudo,0.10767877929451775
GBPJPY,B,SHORT,2022-04-14 13:15:00,2022-04-14 13:45:00,spread_reduced,Pseudo,-0.3180245913377474
USDJPY,B,LONG,2022-04-15 06:40:00,2022-04-15 07:00:00,spread_reduced,Pseudo,-0.1939472100338513
EURJPY,B,LONG,2022-04-15 06:40:00,2022-04-15 07:00:00,spread_reduced,Both,-0.27557852272334465
GBPJPY,B,LONG,2022-04-15 06:40:00,2022-04-15 07:00:00,spread_reduced,Pseudo,-0.26238137094003466
USDJPY,B,LONG,2022-04-17 22:20:00,2022-04-17 22:55:00,spread_reduced,Pseudo,-0.3281451501612557
EURJPY,B,LONG,2022-04-17 22:20:00,2022-04-17 22:55:00,spread_reduced,Pseudo,0.17867853106416182
GBPJPY,B,LONG,2022-04-17 22:20:00,2022-04-17 22:55:00,spread_reduced,Pseudo,-0.012502030401928543
USDJPY,B,SHORT,2022-04-18 00:55:00,2022-04-18 01:50:00,spread_reduced,Pseudo,0.2154691736855711
EURJPY,B,SHORT,2022-04-18 00:55:00,2022-04-18 01:50:00,spread_reduced,Pseudo,0.01428273818186258
GBPJPY,B,SHORT,2022-04-18 00:55:00,2022-04-18 01:50:00,spread_reduced,Pseudo,0.15003822905901298
USDJPY,B,LONG,2022-04-19 03:30:00,2022-04-19 04:00:00,spread_reduced,Pseudo,-0.12298934582836522
EURJPY,B,LONG,2022-04-19 03:30:00,2022-04-19 04:00:00,spread_reduced,Both,0.08546423024857752
GBPJPY,B,LONG,2022-04-19 03:30:00,2022-04-19 04:00:00,spread_reduced,Pseudo,0.01853193635533342
USDJPY,B,LONG,2022-04-19 04:40:00,2022-04-19 05:10:00,spread_reduced,Real,0.09702836838395199
EURJPY,B,LONG,2022-04-19 04:40:00,2022-04-19 05:10:00,spread_reduced,Pseudo,-0.13566209342252833
GBPJPY,B,LONG,2022-04-19 04:40:00,2022-04-19 05:10:00,spread_reduced,Pseudo,-0.17559689424425282
EURJPY,B,SHORT,2022-04-19 07:10:00,2022-04-19 07:30:00,stop,Pseudo,-0.5127104629789603
USDJPY,B,SHORT,2022-04-19 07:10:00,2022-04-19 07:35:00,stop,Pseudo,-0.5335562248135103
GBPJPY,B,SHORT,2022-04-19 07:10:00,2022-04-19 07:35:00,stop,Pseudo,-0.5174233405395394
USDJPY,B,LONG,2022-04-19 07:45:00,2022-04-19 08:50:00,spread_reduced,Pseudo,0.5303579436072663
EURJPY,B,LONG,2022-04-19 07:45:00,2022-04-19 08:50:00,spread_reduced,Pseudo,0.9318378595239984
GBPJPY,B,LONG,2022-04-19 07:45:00,2022-04-19 08:50:00,spread_reduced,Pseudo,0.9505290641202979
USDJPY,B,LONG,2022-04-19 12:55:00,2022-04-19 14:25:00,spread_reduced,Real,0.5002278697982347
EURJPY,B,LONG,2022-04-19 12:55:00,2022-04-19 14:25:00,spread_reduced,Real,0.7182566164583756
GBPJPY,B,LONG,2022-04-19 12:55:00,2022-04-19 14:25:00,spread_reduced,Real,0.5821630526423593
USDJPY,B,SHORT,2022-04-19 15:25:00,2022-04-19 16:00:00,spread_reduced,Pseudo,-0.18199310431743498
EURJPY,B,SHORT,2022-04-19 15:25:00,2022-04-19 16:00:00,spread_reduced,Pseudo,0.07635009523628464
GBPJPY,B,SHORT,2022-04-19 15:25:00,2022-04-19 16:00:00,spread_reduced,Pseudo,-0.22786268111444724
EURJPY,B,LONG,2022-04-19 16:25:00,2022-04-19 16:50:00,spread_reduced,Both,-0.011299652387071943
GBPJPY,B,LONG,2022-04-19 16:25:00,2022-04-19 16:50:00,spread_reduced,Pseudo,-0.12599914852780744
USDJPY,B,LONG,2022-04-19 22:15:00,2022-04-19 22:45:00,spread_reduced,Pseudo,-0.24032586544904996
EURJPY,B,LONG,2022-04-19 22:15:00,2022-04-19 22:45:00,spread_reduced,Pseudo,-0.17617687197187445
GBPJPY,B,LONG,2022-04-19 22:15:00,2022-04-19 22:45:00,spread_reduced,Pseudo,-0.13750632268882956
USDJPY,B,LONG,2022-04-20 00:50:00,2022-04-20 01:10:00,stop,Pseudo,-0.6651927797793888
EURJPY,B,LONG,2022-04-20 00:50:00,2022-04-20 01:10:00,stop,Pseudo,-0.5708953837148719
GBPJPY,B,LONG,2022-04-20 00:50:00,2022-04-20 01:10:00,stop,Pseudo,-0.5261757492262727
USDJPY,B,SHORT,2022-04-20 01:15:00,2022-04-20 01:35:00,spread_reduced,Pseudo,-0.4547579814399387
EURJPY,B,SHORT,2022-04-20 01:15:00,2022-04-20 01:35:00,spread_reduced,Pseudo,-0.2862982831630667
GBPJPY,B,SHORT,2022-04-20 01:15:00,2022-04-20 01:35:00,stop,Pseudo,-0.5003071415985438
USDJPY,B,SHORT,2022-04-20 02:25:00,2022-04-20 02:55:00,spread_reduced,Pseudo,-0.21165552376722907
EURJPY,B,SHORT,2022-04-20 02:25:00,2022-04-20 02:55:00,spread_reduced,Pseudo,-0.2054265222676636
GBPJPY,B,SHORT,2022-04-20 02:25:00,2022-04-20 02:55:00,spread_reduced,Pseudo,-0.10597704548128326
USDJPY,B,SHORT,2022-04-20 03:10:00,2022-04-20 03:50:00,spread_reduced,Pseudo,-0.27081223617845634
EURJPY,B,SHORT,2022-04-20 03:10:00,2022-04-20 03:50:00,spread_reduced,Pseudo,-0.34414407778352957
GBPJPY,B,SHORT,2022-04-20 03:10:00,2022-04-20 03:50:00,spread_reduced,Pseudo,-0.30555713537494533
USDJPY,B,LONG,2022-04-20 04:10:00,2022-04-20 04:45:00,spread_reduced,Pseudo,0.03705152785175396
EURJPY,B,LONG,2022-04-20 04:10:00,2022-04-20 04:45:00,spread_reduced,Pseudo,0.04263595195260391
GBPJPY,B,LONG,2022-04-20 04:10:00,2022-04-20 04:45:00,spread_reduced,Pseudo,-0.08118641045495867
USDJPY,B,SHORT,2022-04-20 09:10:00,2022-04-20 10:00:00,spread_reduced,Real,0.6868311081414946
EURJPY,B,SHORT,2022-04-20 09:10:00,2022-04-20 10:00:00,spread_reduced,Real,0.11341828781219476
GBPJPY,B,SHORT,2022-04-20 09:10:00,2022-04-20 10:00:00,spread_reduced,Real,0.4593834412443358
GBPJPY,B,SHORT,2022-04-20 10:15:00,2022-04-20 10:25:00,stop,Pseudo,-0.5866316406892096
USDJPY,B,SHORT,2022-04-20 10:15:00,2022-04-20 10:40:00,spread_reduced,Both,-0.3580873857661852
EURJPY,B,SHORT,2022-04-20 10:15:00,2022-04-20 10:40:00,spread_reduced,Real,-0.14585828776684612
USDJPY,B,SHORT,2022-04-20 14:00:00,2022-04-20 14:30:00,spread_reduced,Pseudo,0.09731571590402648
EURJPY,B,SHORT,2022-04-20 14:00:00,2022-04-20 14:30:00,spread_reduced,Both,0.02598809274219812
GBPJPY,B,SHORT,2022-04-20 14:00:00,2022-04-20 14:30:00,spread_reduced,Both,0.49912334455104457
EURJPY,B,LONG,2022-04-20 14:50:00,2022-04-20 15:55:00,spread_reduced,Pseudo,0.03677141081581681
GBPJPY,B,LONG,2022-04-20 14:50:00,2022-04-20 15:55:00,spread_reduced,Both,0.41368449255544765
USDJPY,B,LONG,2022-04-21 07:55:00,2022-04-21 08:25:00,spread_reduced,Both,0.39652145205367384
EURJPY,B,LONG,2022-04-21 07:55:00,2022-04-21 08:25:00,spread_reduced,Pseudo,-0.02439696290194397
GBPJPY,B,LONG,2022-04-21 07:55:00,2022-04-21 08:25:00,spread_reduced,Pseudo,-0.09022561404466631
USDJPY,B,SHORT,2022-04-21 09:00:00,2022-04-21 09:15:00,spread_reduced,Pseudo,-0.24264332812766004
EURJPY,B,SHORT,2022-04-21 09:00:00,2022-04-21 09:15:00,spread_reduced,Pseudo,-0.2400878494824473
GBPJPY,B,SHORT,2022-04-21 09:00:00,2022-04-21 09:15:00,spread_reduced,Pseudo,-0.2637418865421015
USDJPY,B,SHORT,2022-04-21 17:00:00,2022-04-21 17:30:00,spread_reduced,Pseudo,-0.0174219146612901
EURJPY,B,SHORT,2022-04-21 17:00:00,2022-04-21 17:30:00,spread_reduced,Pseudo,-0.4063658052836002
GBPJPY,B,SHORT,2022-04-21 17:00:00,2022-04-21 17:30:00,spread_reduced,Real,-0.10913071138281735
USDJPY,B,SHORT,2022-04-21 17:55:00,2022-04-21 18:25:00,spread_reduced,Pseudo,-0.45186379596910226
EURJPY,B,SHORT,2022-04-21 17:55:00,2022-04-21 18:25:00,spread_reduced,Both,-0.16833908056283303
GBPJPY,B,SHORT,2022-04-21 17:55:00,2022-04-21 18:25:00,spread_reduced,Pseudo,-0.1601955402269854
USDJPY,B,SHORT,2022-04-22 03:15:00,2022-04-22 03:45:00,spread_reduced,Pseudo,-0.13165433181002348
EURJPY,B,SHORT,2022-04-22 03:15:00,2022-04-22 03:45:00,spread_reduced,Pseudo,-0.13583525916390413
GBPJPY,B,SHORT,2022-04-22 03:15:00,2022-04-22 03:45:00,spread_reduced,Pseudo,-0.12621223841439527
USDJPY,B,SHORT,2022-04-22 04:20:00,2022-04-22 05:30:00,spread_reduced,Pseudo,0.025454642193315873
EURJPY,B,SHORT,2022-04-22 04:20:00,2022-04-22 05:30:00,spread_reduced,Pseudo,0.19962929382163117
GBPJPY,B,SHORT,2022-04-22 04:20:00,2022-04-22 05:30:00,spread_reduced,Pseudo,0.09522547478376295
USDJPY,B,SHORT,2022-04-22 06:00:00,2022-04-22 06:25:00,spread_reduced,Pseudo,-0.3994454488963998
EURJPY,B,SHORT,2022-04-22 06:00:00,2022-04-22 06:25:00,spread_reduced,Pseudo,-0.35391545414283543
GBPJPY,B,SHORT,2022-04-22 06:00:00,2022-04-22 06:25:00,spread_reduced,Pseudo,-0.017544783058746443
USDJPY,B,SHORT,2022-04-22 06:40:00,2022-04-22 07:20:00,stop,Pseudo,-0.6299879700361426
EURJPY,B,SHORT,2022-04-22 06:40:00,2022-04-22 07:20:00,spread_reduced,Pseudo,0.230320347525755
GBPJPY,B,SHORT,2022-04-22 06:40:00,2022-04-22 07:20:00,spread_reduced,Both,0.7154983839576801
GBPJPY,B,LONG,2022-04-22 09:15:00,2022-04-22 09:25:00,stop,Pseudo,-0.5678811173697174
USDJPY,B,LONG,2022-04-22 09:15:00,2022-04-22 09:45:00,spread_reduced,Real,0.04485464249455914
EURJPY,B,LONG,2022-04-22 09:15:00,2022-04-22 09:45:00,spread_reduced,Both,-0.17577428153440583
EURJPY,B,LONG,2022-04-22 11:00:00,2022-04-22 11:20:00,spread_reduced,Pseudo,-0.28717737287135375
USDJPY,B,LONG,2022-04-24 22:00:00,2022-04-24 22:30:00,spread_reduced,Pseudo,-0.095034141003388
EURJPY,B,LONG,2022-04-24 22:00:00,2022-04-24 22:30:00,spread_reduced,Pseudo,-0.3981008167290116
GBPJPY,B,LONG,2022-04-24 22:00:00,2022-04-24 22:30:00,spread_reduced,Pseudo,-0.14362164324469945
USDJPY,B,SHORT,2022-04-25 00:05:00,2022-04-25 00:30:00,spread_reduced,Pseudo,-0.39335651101257696
EURJPY,B,SHORT,2022-04-25 00:05:00,2022-04-25 00:30:00,spread_reduced,Pseudo,-0.2884383871957219
GBPJPY,B,SHORT,2022-04-25 00:05:00,2022-04-25 00:30:00,spread_reduced,Pseudo,-0.317803509969794
USDJPY,B,SHORT,2022-04-25 01:30:00,2022-04-25 02:50:00,spread_reduced,Pseudo,0.8775659353793912
EURJPY,B,SHORT,2022-04-25 01:30:00,2022-04-25 02:50:00,spread_reduced,Pseudo,1.134757188815838
GBPJPY,B,SHORT,2022-04-25 01:30:00,2022-04-25 02:50:00,spread_reduced,Pseudo,0.959392069065738
USDJPY,B,SHORT,2022-04-25 06:10:00,2022-04-25 07:05:00,spread_reduced,Pseudo,0.7257033353418689
EURJPY,B,SHORT,2022-04-25 06:10:00,2022-04-25 07:05:00,spread_reduced,Pseudo,1.2183124946595718
GBPJPY,B,SHORT,2022-04-25 06:10:00,2022-04-25 07:05:00,spread_reduced,Pseudo,1.5327969164518804
USDJPY,B,LONG,2022-04-25 07:55:00,2022-04-25 08:30:00,stop,Pseudo,-0.506249938663994
EURJPY,B,LONG,2022-04-25 07:55:00,2022-04-25 08:30:00,spread_reduced,Pseudo,-0.07789484943191798
GBPJPY,B,LONG,2022-04-25 07:55:00,2022-04-25 08:30:00,spread_reduced,Pseudo,-0.1286811674121961
USDJPY,B,SHORT,2022-04-25 08:30:00,2022-04-25 09:40:00,spread_reduced,Pseudo,-0.43020149482505177
EURJPY,B,SHORT,2022-04-25 08:30:00,2022-04-25 09:40:00,spread_reduced,Pseudo,-0.22685767902711856
GBPJPY,B,SHORT,2022-04-25 08:30:00,2022-04-25 09:40:00,spread_reduced,Pseudo,0.14668556198042343
USDJPY,B,LONG,2022-04-25 11:20:00,2022-04-25 11:50:00,stop,Pseudo,-0.6364815795176042
EURJPY,B,LONG,2022-04-25 11:20:00,2022-04-25 11:50:00,stop,Pseudo,-0.5175413052250777
GBPJPY,B,LONG,2022-04-25 11:20:00,2022-04-25 11:50:00,spread_reduced,Pseudo,-0.4931147956110937
EURJPY,B,SHORT,2022-04-25 13:25:00,2022-04-25 14:20:00,spread_reduced,Pseudo,0.6632070250371935
USDJPY,B,SHORT,2022-04-25 13:30:00,2022-04-25 14:20:00,spread_reduced,Pseudo,-0.00574730669137639
GBPJPY,B,SHORT,2022-04-25 13:30:00,2022-04-25 14:20:00,spread_reduced,Pseudo,-0.09739347312727928
USDJPY,B,LONG,2022-04-25 14:20:00,2022-04-25 14:50:00,spread_reduced,Real,-0.0070499114945832275
EURJPY,B,LONG,2022-04-25 14:20:00,2022-04-25 14:50:00,spread_reduced,Pseudo,-0.4817340669891109
GBPJPY,B,LONG,2022-04-25 14:20:00,2022-04-25 14:50:00,spread_reduced,Pseudo,-0.4074386295777425
USDJPY,B,SHORT,2022-04-25 15:05:00,2022-04-25 16:05:00,spread_reduced,Pseudo,0.5327743480010676
EURJPY,B,SHORT,2022-04-25 15:05:00,2022-04-25 16:05:00,spread_reduced,Pseudo,0.4562869949909695
GBPJPY,B,SHORT,2022-04-25 15:05:00,2022-04-25 16:05:00,spread_reduced,Pseudo,0.3670636270957095
USDJPY,B,LONG,2022-04-25 16:20:00,2022-04-25 16:50:00,spread_reduced,Pseudo,-0.0031395566468805924
EURJPY,B,LONG,2022-04-25 16:20:00,2022-04-25 16:50:00,spread_reduced,Pseudo,-0.0795006837824482
GBPJPY,B,LONG,2022-04-25 16:20:00,2022-04-25 16:50:00,spread_reduced,Pseudo,0.09013111405649829
USDJPY,B,LONG,2022-04-25 18:30:00,2022-04-25 19:00:00,spread_reduced,Pseudo,0.009882929729032597
EURJPY,B,LONG,2022-04-25 18:30:00,2022-04-25 19:00:00,spread_reduced,Pseudo,-0.32850162770947655
GBPJPY,B,LONG,2022-04-25 18:30:00,2022-04-25 19:00:00,spread_reduced,Pseudo,-0.2434497484839667
USDJPY,B,LONG,2022-04-25 19:35:00,2022-04-25 19:45:00,spread_reduced,Pseudo,-0.1358868137425473
EURJPY,B,LONG,2022-04-25 19:35:00,2022-04-25 19:45:00,spread_reduced,Pseudo,-0.17524986970237263
GBPJPY,B,LONG,2022-04-25 19:35:00,2022-04-25 19:45:00,spread_reduced,Pseudo,-0.20446216043597717
USDJPY,B,SHORT,2022-04-25 23:55:00,2022-04-26 00:45:00,spread_reduced,Pseudo,0.5733995884015982
EURJPY,B,SHORT,2022-04-25 23:55:00,2022-04-26 00:45:00,spread_reduced,Pseudo,0.2188090634035837
GBPJPY,B,SHORT,2022-04-25 23:55:00,2022-04-26 00:45:00,spread_reduced,Pseudo,0.4883453537993058
USDJPY,B,LONG,2022-04-26 00:55:00,2022-04-26 01:15:00,spread_reduced,Pseudo,-0.3740841797484166
EURJPY,B,LONG,2022-04-26 00:55:00,2022-04-26 01:15:00,spread_reduced,Pseudo,-0.45682494645138405
GBPJPY,B,LONG,2022-04-26 00:55:00,2022-04-26 01:15:00,spread_reduced,Pseudo,-0.45506877426178727
USDJPY,B,LONG,2022-04-26 02:35:00,2022-04-26 03:50:00,spread_reduced,Pseudo,0.8870850499772173
EURJPY,B,LONG,2022-04-26 02:35:00,2022-04-26 03:50:00,spread_reduced,Pseudo,1.0911687471652314
GBPJPY,B,LONG,2022-04-26 02:35:00,2022-04-26 03:50:00,spread_reduced,Pseudo,1.1880649740782327
USDJPY,B,SHORT,2022-04-26 05:30:00,2022-04-26 07:00:00,spread_reduced,Pseudo,0.009885881085488121
EURJPY,B,SHORT,2022-04-26 05:30:00,2022-04-26 07:00:00,spread_reduced,Pseudo,0.832318748495801
GBPJPY,B,SHORT,2022-04-26 05:30:00,2022-04-26 07:00:00,spread_reduced,Pseudo,0.5379787428247962
USDJPY,B,SHORT,2022-04-26 07:35:00,2022-04-26 07:50:00,spread_reduced,Pseudo,-0.3174744629363957
EURJPY,B,SHORT,2022-04-26 07:35:00,2022-04-26 07:50:00,spread_reduced,Pseudo,-0.34949772712937016
GBPJPY,B,SHORT,2022-04-26 07:35:00,2022-04-26 07:50:00,spread_reduced,Pseudo,-0.26153182062264396
USDJPY,B,LONG,2022-04-26 08:10:00,2022-04-26 08:40:00,spread_reduced,Pseudo,-0.14249950988076687
EURJPY,B,LONG,2022-04-26 08:10:00,2022-04-26 08:40:00,spread_reduced,Both,0.06673307626492431
GBPJPY,B,LONG,2022-04-26 08:10:00,2022-04-26 08:40:00,spread_reduced,Pseudo,-0.14659774323596184
USDJPY,B,SHORT,2022-04-26 11:20:00,2022-04-26 12:00:00,spread_reduced,Pseudo,0.06869340601138123
EURJPY,B,SHORT,2022-04-26 11:20:00,2022-04-26 12:00:00,spread_reduced,Pseudo,0.43469222842344263
GBPJPY,B,SHORT,2022-04-26 11:20:00,2022-04-26 12:00:00,spread_reduced,Pseudo,0.5232520645161628
USDJPY,B,SHORT,2022-04-26 12:35:00,2022-04-26 13:25:00,spread_reduced,Pseudo,0.47558282400272933
EURJPY,B,SHORT,2022-04-26 12:35:00,2022-04-26 13:25:00,spread_reduced,Pseudo,0.19212035879456746
GBPJPY,B,SHORT,2022-04-26 12:35:00,2022-04-26 13:25:00,spread_reduced,Pseudo,0.4167382071068963
USDJPY,B,SHORT,2022-04-26 14:35:00,2022-04-26 15:10:00,spread_reduced,Pseudo,-0.05552834427646758
EURJPY,B,SHORT,2022-04-26 14:35:00,2022-04-26 15:10:00,spread_reduced,Pseudo,0.02553947826252253
GBPJPY,B,SHORT,2022-04-26 14:35:00,2022-04-26 15:10:00,spread_reduced,Pseudo,0.18154123810032452
USDJPY,B,LONG,2022-04-26 15:25:00,2022-04-26 15:50:00,spread_reduced,Pseudo,-0.04107968464646857
EURJPY,B,LONG,2022-04-26 15:25:00,2022-04-26 15:50:00,spread_reduced,Both,-0.13036754543767812
GBPJPY,B,LONG,2022-04-26 15:30:00,2022-04-26 15:50:00,spread_reduced,Pseudo,-0.3521807013098603
GBPJPY,B,LONG,2022-04-26 16:20:00,2022-04-26 16:35:00,spread_reduced,Pseudo,-0.47336081852026685
USDJPY,B,SHORT,2022-04-26 20:20:00,2022-04-26 21:10:00,spread_reduced,Real,0.24816244821790345
EURJPY,B,SHORT,2022-04-26 20:20:00,2022-04-26 21:10:00,spread_reduced,Real,0.31592197290023866
GBPJPY,B,SHORT,2022-04-26 20:20:00,2022-04-26 21:10:00,spread_reduced,Real,0.3934086730005652
USDJPY,B,LONG,2022-04-26 23:15:00,2022-04-26 23:40:00,spread_reduced,Pseudo,-0.16161753601440232
EURJPY,B,LONG,2022-04-26 23:15:00,2022-04-26 23:40:00,spread_reduced,Pseudo,-0.21429991727395237
GBPJPY,B,LONG,2022-04-26 23:15:00,2022-04-26 23:40:00,spread_reduced,Pseudo,-0.11748707673468288
USDJPY,B,LONG,2022-04-27 00:15:00,2022-04-27 00:30:00,spread_reduced,Both,-0.15618107842522527
EURJPY,B,LONG,2022-04-27 00:15:00,2022-04-27 00:30:00,spread_reduced,Both,-0.20431206187576656
GBPJPY,B,LONG,2022-04-27 00:15:00,2022-04-27 00:30:00,spread_reduced,Both,-0.26093327682930045
USDJPY,B,LONG,2022-04-27 01:00:00,2022-04-27 01:50:00,spread_reduced,Pseudo,-0.19644583765869122
EURJPY,B,LONG,2022-04-27 01:00:00,2022-04-27 01:50:00,spread_reduced,Pseudo,-0.056747837858361905
GBPJPY,B,LONG,2022-04-27 01:00:00,2022-04-27 01:50:00,spread_reduced,Pseudo,0.035432921949333604
USDJPY,B,LONG,2022-04-27 02:50:00,2022-04-27 03:50:00,spread_reduced,Pseudo,0.21494630133300774
EURJPY,B,LONG,2022-04-27 02:50:00,2022-04-27 03:50:00,spread_reduced,Pseudo,0.009522055596455914
GBPJPY,B,LONG,2022-04-27 02:50:00,2022-04-27 03:50:00,spread_reduced,Pseudo,-0.05489552112921311
USDJPY,B,SHORT,2022-04-27 07:05:00,2022-04-27 07:45:00,spread_reduced,Pseudo,0.05289518730970204
EURJPY,B,SHORT,2022-04-27 07:05:00,2022-04-27 07:45:00,spread_reduced,Pseudo,0.3835172624830907
GBPJPY,B,SHORT,2022-04-27 07:05:00,2022-04-27 07:45:00,spread_reduced,Pseudo,0.19296095864758853
USDJPY,B,LONG,2022-04-27 07:50:00,2022-04-27 08:20:00,spread_reduced,Pseudo,-0.352167989483602
EURJPY,B,LONG,2022-04-27 07:50:00,2022-04-27 08:20:00,spread_reduced,Pseudo,-0.3890345757826541
GBPJPY,B,LONG,2022-04-27 07:50:00,2022-04-27 08:20:00,spread_reduced,Pseudo,-0.0683328872630451
USDJPY,B,SHORT,2022-04-27 08:25:00,2022-04-27 08:35:00,spread_reduced,Pseudo,-0.24565443138098905
EURJPY,B,SHORT,2022-04-27 08:25:00,2022-04-27 08:35:00,spread_reduced,Pseudo,-0.07398280465061488
GBPJPY,B,SHORT,2022-04-27 08:25:00,2022-04-27 08:35:00,spread_reduced,Pseudo,0.017737030712727808
USDJPY,B,SHORT,2022-04-27 08:45:00,2022-04-27 09:00:00,spread_reduced,Real,-0.009656061918790945
EURJPY,B,SHORT,2022-04-27 08:45:00,2022-04-27 09:00:00,spread_reduced,Pseudo,0.10915012643042399
GBPJPY,B,SHORT,2022-04-27 08:45:00,2022-04-27 09:00:00,spread_reduced,Pseudo,-0.028970940704272273
USDJPY,B,LONG,2022-04-27 10:00:00,2022-04-27 10:20:00,spread_reduced,Pseudo,-0.08000405750926051
EURJPY,B,LONG,2022-04-27 10:00:00,2022-04-27 10:20:00,spread_reduced,Pseudo,-0.41117331901737353
GBPJPY,B,LONG,2022-04-27 10:00:00,2022-04-27 10:20:00,stop,Pseudo,-0.5460066050589907
USDJPY,B,SHORT,2022-04-27 12:20:00,2022-04-27 13:10:00,spread_reduced,Pseudo,-0.15540739555179134
EURJPY,B,SHORT,2022-04-27 12:20:00,2022-04-27 13:10:00,spread_reduced,Real,0.8746601912424564
GBPJPY,B,SHORT,2022-04-27 12:20:00,2022-04-27 13:10:00,spread_reduced,Pseudo,0.4890171149222559
USDJPY,B,LONG,2022-04-27 13:45:00,2022-04-27 14:00:00,spread_reduced,Pseudo,-0.39575787270695884
EURJPY,B,LONG,2022-04-27 13:45:00,2022-04-27 14:00:00,stop,Pseudo,-0.5816548484911903
GBPJPY,B,LONG,2022-04-27 13:45:00,2022-04-27 14:00:00,stop,Pseudo,-0.890313924569249
EURJPY,B,SHORT,2022-04-27 14:10:00,2022-04-27 14:20:00,stop,Pseudo,-0.5230077218236022
USDJPY,B,SHORT,2022-04-27 14:10:00,2022-04-27 14:35:00,spread_reduced,Pseudo,-0.40946268594196
GBPJPY,B,SHORT,2022-04-27 14:10:00,2022-04-27 14:35:00,spread_reduced,Pseudo,-0.14844009302332023
EURJPY,B,SHORT,2022-04-27 14:25:00,2022-04-27 14:35:00,spread_reduced,Pseudo,-0.22257225646712028
USDJPY,B,LONG,2022-04-27 15:20:00,2022-04-27 16:00:00,spread_reduced,Pseudo,-0.06154435993336686
EURJPY,B,LONG,2022-04-27 15:20:00,2022-04-27 16:00:00,spread_reduced,Real,0.3900117640029954
GBPJPY,B,LONG,2022-04-27 15:20:00,2022-04-27 16:00:00,spread_reduced,Real,0.8491332708178145
USDJPY,B,LONG,2022-04-28 00:50:00,2022-04-28 01:20:00,spread_reduced,Pseudo,-0.27229275774187656
EURJPY,B,LONG,2022-04-28 00:50:00,2022-04-28 01:20:00,spread_reduced,Pseudo,-0.24817294934191086
GBPJPY,B,LONG,2022-04-28 00:50:00,2022-04-28 01:20:00,spread_reduced,Pseudo,-0.1310975381530281
USDJPY,B,SHORT,2022-04-28 01:30:00,2022-04-28 01:50:00,spread_reduced,Pseudo,-0.0018550701781361312
EURJPY,B,SHORT,2022-04-28 01:30:00,2022-04-28 01:50:00,spread_reduced,Pseudo,-0.098534031242196
GBPJPY,B,SHORT,2022-04-28 01:30:00,2022-04-28 01:50:00,spread_reduced,Pseudo,-0.25208209525517944
USDJPY,B,LONG,2022-04-28 03:05:00,2022-04-28 03:40:00,spread_reduced,Pseudo,1.3973837439056336
EURJPY,B,LONG,2022-04-28 03:05:00,2022-04-28 03:40:00,spread_reduced,Pseudo,1.0322395104455466
GBPJPY,B,LONG,2022-04-28 03:05:00,2022-04-28 03:40:00,spread_reduced,Pseudo,0.866788873023087
USDJPY,B,SHORT,2022-04-28 03:50:00,2022-04-28 04:10:00,spread_reduced,Pseudo,-0.013442550299188246
EURJPY,B,SHORT,2022-04-28 03:50:00,2022-04-28 04:10:00,spread_reduced,Pseudo,-0.09934989308228263
GBPJPY,B,SHORT,2022-04-28 03:50:00,2022-04-28 04:10:00,spread_reduced,Pseudo,-0.15112063881413582
USDJPY,B,LONG,2022-04-28 04:45:00,2022-04-28 05:15:00,spread_reduced,Pseudo,0.3475423710911733
EURJPY,B,LONG,2022-04-28 04:45:00,2022-04-28 05:15:00,spread_reduced,Pseudo,-0.3846952233662604
GBPJPY,B,LONG,2022-04-28 04:45:00,2022-04-28 05:15:00,spread_reduced,Pseudo,-0.1344659757117987
USDJPY,B,SHORT,2022-04-28 05:20:00,2022-04-28 05:35:00,stop,Pseudo,-0.5215974203246118
EURJPY,B,SHORT,2022-04-28 05:20:00,2022-04-28 05:35:00,stop,Pseudo,-0.5171683657090309
GBPJPY,B,SHORT,2022-04-28 05:20:00,2022-04-28 05:35:00,stop,Pseudo,-0.5234848520540385
USDJPY,B,LONG,2022-04-28 05:40:00,2022-04-28 05:45:00,stop,Pseudo,-0.7021976325731021
EURJPY,B,LONG,2022-04-28 05:40:00,2022-04-28 07:25:00,spread_reduced,Pseudo,1.431985556464177
GBPJPY,B,LONG,2022-04-28 05:40:00,2022-04-28 07:25:00,spread_reduced,Pseudo,1.6907918976517187
USDJPY,B,LONG,2022-04-28 05:50:00,2022-04-28 07:25:00,spread_reduced,Real,0.756123667244794
USDJPY,B,LONG,2022-04-28 07:40:00,2022-04-28 08:10:00,spread_reduced,Pseudo,0.270162134662059
EURJPY,B,LONG,2022-04-28 07:40:00,2022-04-28 08:10:00,spread_reduced,Pseudo,-0.013732045251568792
GBPJPY,B,LONG,2022-04-28 07:40:00,2022-04-28 08:10:00,spread_reduced,Pseudo,-0.19439578863259904
USDJPY,B,LONG,2022-04-28 09:05:00,2022-04-28 09:20:00,spread_reduced,Pseudo,-0.3340433339074078
EURJPY,B,LONG,2022-04-28 09:05:00,2022-04-28 09:20:00,spread_reduced,Real,-0.34000764753006063
GBPJPY,B,LONG,2022-04-28 09:05:00,2022-04-28 09:20:00,spread_reduced,Pseudo,-0.3941445669876457
USDJPY,B,SHORT,2022-04-28 09:25:00,2022-04-28 09:35:00,stop,Pseudo,-0.860597293738552
EURJPY,B,SHORT,2022-04-28 09:25:00,2022-04-28 09:35:00,stop,Pseudo,-0.7014154937226014
GBPJPY,B,SHORT,2022-04-28 09:25:00,2022-04-28 09:35:00,stop,Pseudo,-0.8837387798005618
USDJPY,B,SHORT,2022-04-28 09:40:00,2022-04-28 09:55:00,spread_reduced,Pseudo,-0.1525520675429437
EURJPY,B,SHORT,2022-04-28 09:40:00,2022-04-28 09:55:00,spread_reduced,Pseudo,-0.05498837558907492
GBPJPY,B,SHORT,2022-04-28 09:40:00,2022-04-28 09:55:00,spread_reduced,Pseudo,0.08035202781201771
USDJPY,B,SHORT,2022-04-28 10:05:00,2022-04-28 10:55:00,spread_reduced,Real,0.17439916817744522
EURJPY,B,SHORT,2022-04-28 10:05:00,2022-04-28 10:55:00,spread_reduced,Real,1.011840041585721
GBPJPY,B,SHORT,2022-04-28 10:05:00,2022-04-28 10:55:00,spread_reduced,Real,1.5257415939057273
USDJPY,B,LONG,2022-04-28 11:00:00,2022-04-28 12:05:00,spread_reduced,Pseudo,0.959960222388719
EURJPY,B,LONG,2022-04-28 11:00:00,2022-04-28 12:05:00,spread_reduced,Pseudo,0.5198925836789048
GBPJPY,B,LONG,2022-04-28 11:00:00,2022-04-28 12:05:00,spread_reduced,Pseudo,0.050068211995194886
EURJPY,B,SHORT,2022-04-28 12:30:00,2022-04-28 12:35:00,stop,Pseudo,-0.602122951715541
USDJPY,B,SHORT,2022-04-28 12:30:00,2022-04-28 12:40:00,stop,Neither,-0.5054890484454955
GBPJPY,B,SHORT,2022-04-28 12:30:00,2022-04-28 13:00:00,stop,Pseudo,-0.7138802808899225
USDJPY,B,LONG,2022-04-28 13:00:00,2022-04-28 13:30:00,spread_reduced,Pseudo,-0.355902663665697
EURJPY,B,LONG,2022-04-28 13:00:00,2022-04-28 13:30:00,spread_reduced,Pseudo,-0.13509721964477528
GBPJPY,B,LONG,2022-04-28 13:00:00,2022-04-28 13:30:00,stop,Pseudo,-0.6069553510858657
USDJPY,B,LONG,2022-04-28 14:05:00,2022-04-28 14:45:00,spread_reduced,Real,0.7530605090895944
EURJPY,B,LONG,2022-04-28 14:05:00,2022-04-28 14:45:00,spread_reduced,Real,-0.13118894464902997
GBPJPY,B,LONG,2022-04-28 14:05:00,2022-04-28 14:45:00,spread_reduced,Neither,0.3666302070070386
USDJPY,B,SHORT,2022-04-28 15:35:00,2022-04-28 16:05:00,spread_reduced,Neither,-0.40458083715696114
EURJPY,B,SHORT,2022-04-28 15:35:00,2022-04-28 16:05:00,spread_reduced,Real,0.043215214904394436
GBPJPY,B,SHORT,2022-04-28 15:35:00,2022-04-28 16:05:00,spread_reduced,Real,-0.15573170802629654
USDJPY,B,LONG,2022-04-28 17:00:00,2022-04-28 17:30:00,spread_reduced,Real,0.14822475223626638
EURJPY,B,LONG,2022-04-28 17:00:00,2022-04-28 17:30:00,spread_reduced,Neither,-0.152862433945374
GBPJPY,B,LONG,2022-04-28 17:00:00,2022-04-28 17:30:00,spread_reduced,Real,-0.09200913159423951
USDJPY,B,SHORT,2022-04-28 18:20:00,2022-04-28 18:50:00,spread_reduced,Both,-0.2031494741001616
EURJPY,B,SHORT,2022-04-28 18:20:00,2022-04-28 18:50:00,spread_reduced,Pseudo,-0.16159241363474428
GBPJPY,B,SHORT,2022-04-28 18:20:00,2022-04-28 18:50:00,spread_reduced,Pseudo,-0.2567639437480729
USDJPY,B,SHORT,2022-04-29 08:00:00,2022-04-29 08:35:00,spread_reduced,Pseudo,-0.14043423706833202
EURJPY,B,SHORT,2022-04-29 08:00:00,2022-04-29 08:35:00,spread_reduced,Pseudo,-0.43741800288573296
GBPJPY,B,SHORT,2022-04-29 08:00:00,2022-04-29 08:35:00,spread_reduced,Pseudo,-0.1237777498793354
USDJPY,B,LONG,2022-04-29 08:45:00,2022-04-29 09:55:00,spread_reduced,Pseudo,0.6902257746540149
EURJPY,B,LONG,2022-04-29 08:45:00,2022-04-29 09:55:00,spread_reduced,Pseudo,0.6306935296062448
GBPJPY,B,LONG,2022-04-29 08:45:00,2022-04-29 09:55:00,spread_reduced,Pseudo,0.5924640801050115
USDJPY,B,SHORT,2022-04-29 10:40:00,2022-04-29 11:45:00,spread_reduced,Pseudo,0.04296595046870966
EURJPY,B,SHORT,2022-04-29 10:40:00,2022-04-29 11:45:00,spread_reduced,Real,0.8831616417910304
GBPJPY,B,SHORT,2022-04-29 10:40:00,2022-04-29 11:45:00,spread_reduced,Real,0.8220298793244115
USDJPY,B,SHORT,2022-04-29 13:50:00,2022-04-29 15:30:00,spread_reduced,Pseudo,0.7743551447833008
EURJPY,B,SHORT,2022-04-29 13:50:00,2022-04-29 15:30:00,spread_reduced,Pseudo,0.41933171227263405
GBPJPY,B,SHORT,2022-04-29 13:50:00,2022-04-29 15:30:00,spread_reduced,Pseudo,0.29801041578562487
EURJPY,B,LONG,2022-05-01 22:00:00,2022-05-01 22:35:00,spread_reduced,Pseudo,0.2586210817499731
GBPJPY,B,LONG,2022-05-01 22:05:00,2022-05-01 22:35:00,spread_reduced,Pseudo,-0.07659977698485736
AUDJPY,B,LONG,2022-05-01 22:05:00,2022-05-01 22:35:00,spread_reduced,Pseudo,-0.22685051574466986
AUDJPY,B,SHORT,2022-05-01 23:40:00,2022-05-02 00:00:00,stop,Pseudo,-0.5177955276568873
EURJPY,B,SHORT,2022-05-01 23:40:00,2022-05-02 00:40:00,spread_reduced,Real,0.3525062527911886
GBPJPY,B,SHORT,2022-05-01 23:40:00,2022-05-02 00:40:00,spread_reduced,Neither,0.018165770795238366
AUDJPY,B,SHORT,2022-05-02 00:30:00,2022-05-02 00:40:00,spread_reduced,Real,-0.19643854899416743
EURJPY,B,LONG,2022-05-02 03:15:00,2022-05-02 03:55:00,spread_reduced,Real,0.14795594365035747
GBPJPY,B,LONG,2022-05-02 03:15:00,2022-05-02 03:55:00,spread_reduced,Neither,0.054792325041352896
AUDJPY,B,LONG,2022-05-02 03:15:00,2022-05-02 03:55:00,spread_reduced,Real,0.32289179437398435
AUDJPY,B,SHORT,2022-05-02 07:55:00,2022-05-02 08:05:00,stop,Pseudo,-0.5347151048048875
EURJPY,B,SHORT,2022-05-02 07:55:00,2022-05-02 08:25:00,spread_reduced,Pseudo,0.10055271155517964
GBPJPY,B,SHORT,2022-05-02 07:55:00,2022-05-02 08:25:00,spread_reduced,Both,-0.03282671426233878
EURJPY,B,SHORT,2022-05-02 09:35:00,2022-05-02 10:00:00,spread_reduced,Real,-0.27239490697591096
GBPJPY,B,SHORT,2022-05-02 09:35:00,2022-05-02 10:00:00,spread_reduced,Pseudo,-0.26675235773413836
AUDJPY,B,SHORT,2022-05-02 09:35:00,2022-05-02 10:00:00,spread_reduced,Pseudo,-0.4216681003524533
EURJPY,B,SHORT,2022-05-02 12:05:00,2022-05-02 12:35:00,spread_reduced,Pseudo,-0.3443168827125624
GBPJPY,B,SHORT,2022-05-02 12:05:00,2022-05-02 12:35:00,spread_reduced,Pseudo,-0.19543278941417758
AUDJPY,B,SHORT,2022-05-02 12:05:00,2022-05-02 12:35:00,spread_reduced,Pseudo,-0.045769599725945895
EURJPY,B,LONG,2022-05-02 12:50:00,2022-05-02 13:15:00,stop,Pseudo,-0.516424951625664
GBPJPY,B,LONG,2022-05-02 12:50:00,2022-05-02 13:15:00,spread_reduced,Pseudo,-0.19113852831094866
AUDJPY,B,LONG,2022-05-02 12:50:00,2022-05-02 13:15:00,spread_reduced,Pseudo,-0.12024804931387578
EURJPY,B,SHORT,2022-05-02 17:00:00,2022-05-02 17:15:00,spread_reduced,Pseudo,-0.1758474146894192
GBPJPY,B,SHORT,2022-05-02 17:00:00,2022-05-02 17:15:00,spread_reduced,Both,-0.16817363798038443
AUDJPY,B,SHORT,2022-05-02 17:00:00,2022-05-02 17:15:00,stop,Pseudo,-0.5243736033055946
EURJPY,B,LONG,2022-05-02 19:10:00,2022-05-02 19:40:00,spread_reduced,Pseudo,-0.110036006413942
GBPJPY,B,LONG,2022-05-02 19:10:00,2022-05-02 19:40:00,spread_reduced,Pseudo,-0.21025012877710453
AUDJPY,B,LONG,2022-05-02 19:10:00,2022-05-02 19:40:00,spread_reduced,Pseudo,-0.08751045263425776
AUDJPY,B,LONG,2022-05-03 04:30:00,2022-05-03 04:40:00,stop,Pseudo,-0.7382858993741545
EURJPY,B,LONG,2022-05-03 04:30:00,2022-05-03 04:55:00,spread_reduced,Pseudo,-0.3316825451095129
GBPJPY,B,LONG,2022-05-03 04:30:00,2022-05-03 04:55:00,spread_reduced,Pseudo,-0.39682436438274554
AUDJPY,B,LONG,2022-05-03 04:45:00,2022-05-03 04:55:00,stop,Pseudo,-1.2904577399405204
AUDJPY,B,SHORT,2022-05-03 05:00:00,2022-05-03 05:15:00,stop,Pseudo,-0.6123544024893384
EURJPY,B,SHORT,2022-05-03 05:05:00,2022-05-03 05:25:00,spread_reduced,Pseudo,-0.04666883805715116
EURJPY,B,SHORT,2022-05-03 08:30:00,2022-05-03 09:20:00,spread_reduced,Pseudo,0.3456924621687933
GBPJPY,B,SHORT,2022-05-03 08:30:00,2022-05-03 09:20:00,spread_reduced,Pseudo,-0.016522861298717828
AUDJPY,B,SHORT,2022-05-03 08:30:00,2022-05-03 09:20:00,spread_reduced,Pseudo,0.19436488422101367
EURJPY,B,SHORT,2022-05-03 13:20:00,2022-05-03 13:50:00,spread_reduced,Real,0.005708016800258046
GBPJPY,B,SHORT,2022-05-03 13:20:00,2022-05-03 13:50:00,spread_reduced,Pseudo,0.0715073723386676
AUDJPY,B,SHORT,2022-05-03 13:20:00,2022-05-03 13:50:00,spread_reduced,Pseudo,-0.20631207017962616
EURJPY,B,SHORT,2022-05-05 12:40:00,2022-05-05 13:05:00,spread_reduced,Pseudo,-0.20841357133723667
GBPJPY,B,SHORT,2022-05-05 12:40:00,2022-05-05 13:05:00,spread_reduced,Pseudo,-0.3618491015732565
AUDJPY,B,SHORT,2022-05-05 12:40:00,2022-05-05 13:05:00,spread_reduced,Pseudo,-0.258081633931336
EURJPY,B,LONG,2022-05-05 13:15:00,2022-05-05 14:00:00,spread_reduced,Pseudo,0.382227185651803
GBPJPY,B,LONG,2022-05-05 13:15:00,2022-05-05 14:00:00,spread_reduced,Pseudo,0.031080811350688485
AUDJPY,B,LONG,2022-05-05 13:15:00,2022-05-05 14:00:00,stop,Pseudo,-0.8110037082497135
EURJPY,B,SHORT,2022-05-05 14:10:00,2022-05-05 14:50:00,spread_reduced,Pseudo,0.3746340210344738
GBPJPY,B,SHORT,2022-05-05 14:10:00,2022-05-05 14:50:00,spread_reduced,Pseudo,-0.12000219385891835
AUDJPY,B,SHORT,2022-05-05 14:10:00,2022-05-05 14:50:00,spread_reduced,Pseudo,0.46001784004564195
EURJPY,B,LONG,2022-05-05 16:30:00,2022-05-05 16:40:00,spread_reduced,Pseudo,-0.10243771155260539
GBPJPY,B,LONG,2022-05-05 16:30:00,2022-05-05 16:40:00,spread_reduced,Pseudo,-0.2690286026580206
AUDJPY,B,LONG,2022-05-05 16:30:00,2022-05-05 16:40:00,stop,Pseudo,-0.6284640537629338
EURJPY,B,SHORT,2022-05-05 19:20:00,2022-05-05 19:35:00,spread_reduced,Pseudo,-0.36528877986633884
GBPJPY,B,SHORT,2022-05-05 19:20:00,2022-05-05 19:35:00,spread_reduced,Pseudo,-0.1886556224818629
AUDJPY,B,SHORT,2022-05-05 19:20:00,2022-05-05 19:35:00,spread_reduced,Pseudo,-0.42830432555981035
AUDJPY,B,SHORT,2022-05-06 06:25:00,2022-05-06 06:40:00,stop,Pseudo,-0.5502495868922412
EURJPY,B,SHORT,2022-05-06 06:25:00,2022-05-06 07:35:00,spread_reduced,Pseudo,0.6119123380685654
GBPJPY,B,SHORT,2022-05-06 06:25:00,2022-05-06 07:35:00,spread_reduced,Pseudo,1.4254564860091876
AUDJPY,B,SHORT,2022-05-06 06:50:00,2022-05-06 07:35:00,spread_reduced,Pseudo,0.7786116471995008
EURJPY,B,LONG,2022-05-06 08:00:00,2022-05-06 08:50:00,spread_reduced,Pseudo,0.1074667880632448
GBPJPY,B,LONG,2022-05-06 08:00:00,2022-05-06 08:50:00,spread_reduced,Pseudo,0.28616779533259995
AUDJPY,B,LONG,2022-05-06 08:05:00,2022-05-06 08:50:00,spread_reduced,Pseudo,0.01219290871771565
EURJPY,B,SHORT,2022-05-06 09:00:00,2022-05-06 09:20:00,spread_reduced,Pseudo,-0.2268206772580624
GBPJPY,B,SHORT,2022-05-06 09:00:00,2022-05-06 09:20:00,spread_reduced,Real,-0.1087219234825465
AUDJPY,B,SHORT,2022-05-06 09:00:00,2022-05-06 09:20:00,spread_reduced,Pseudo,-0.2493530445392504
EURJPY,B,LONG,2022-05-06 09:35:00,2022-05-06 10:00:00,spread_reduced,Both,-0.13689788913081222
GBPJPY,B,LONG,2022-05-06 09:35:00,2022-05-06 10:00:00,spread_reduced,Pseudo,-0.2058247962421304
AUDJPY,B,LONG,2022-05-06 09:35:00,2022-05-06 10:00:00,spread_reduced,Both,-0.23431647458157143
GBPJPY,B,SHORT,2022-05-06 13:40:00,2022-05-06 14:05:00,stop,Pseudo,-0.5874711701520468
EURJPY,B,SHORT,2022-05-06 13:40:00,2022-05-06 14:10:00,spread_reduced,Both,-0.09230804131599157
AUDJPY,B,SHORT,2022-05-06 13:40:00,2022-05-06 14:10:00,stop,Pseudo,-0.7035063394687698
EURJPY,B,LONG,2022-05-06 14:15:00,2022-05-06 15:15:00,spread_reduced,Pseudo,-0.03547797720363881
GBPJPY,B,LONG,2022-05-06 14:15:00,2022-05-06 15:15:00,spread_reduced,Pseudo,0.2517470809813016
AUDJPY,B,LONG,2022-05-06 14:15:00,2022-05-06 15:15:00,spread_reduced,Pseudo,0.037355149558937484
EURJPY,B,SHORT,2022-05-09 00:50:00,2022-05-09 01:30:00,spread_reduced,Pseudo,-0.0016249027689300515
GBPJPY,B,SHORT,2022-05-09 00:50:00,2022-05-09 01:30:00,spread_reduced,Pseudo,-0.006153482470831288
AUDJPY,B,SHORT,2022-05-09 00:50:00,2022-05-09 01:30:00,spread_reduced,Pseudo,-0.2782866240974939
EURJPY,B,LONG,2022-05-09 01:40:00,2022-05-09 02:10:00,spread_reduced,Pseudo,-0.06214955032653643
GBPJPY,B,LONG,2022-05-09 01:40:00,2022-05-09 02:10:00,spread_reduced,Pseudo,0.03626641053030196
AUDJPY,B,LONG,2022-05-09 01:40:00,2022-05-09 02:10:00,spread_reduced,Pseudo,-0.20886697333895773
EURJPY,B,LONG,2022-05-09 06:50:00,2022-05-09 07:20:00,spread_reduced,Pseudo,0.004408432630572298
GBPJPY,B,LONG,2022-05-09 06:50:00,2022-05-09 07:20:00,spread_reduced,Pseudo,-0.1593059084380085
AUDJPY,B,LONG,2022-05-09 06:50:00,2022-05-09 07:20:00,spread_reduced,Pseudo,-0.20348829646665845
EURJPY,B,SHORT,2022-05-09 14:00:00,2022-05-09 15:35:00,spread_reduced,Pseudo,0.932469667014213
GBPJPY,B,SHORT,2022-05-09 14:00:00,2022-05-09 15:35:00,spread_reduced,Pseudo,0.9801337076620342
AUDJPY,B,SHORT,2022-05-09 14:00:00,2022-05-09 15:35:00,spread_reduced,Pseudo,1.6085146446726355
AUDJPY,B,LONG,2022-05-09 15:50:00,2022-05-09 16:00:00,stop,Pseudo,-0.5725288369407
EURJPY,B,LONG,2022-05-09 15:50:00,2022-05-09 16:35:00,spread_reduced,Pseudo,0.31687912002379787
GBPJPY,B,LONG,2022-05-09 15:50:00,2022-05-09 16:35:00,spread_reduced,Pseudo,0.18660768721005344
AUDJPY,B,LONG,2022-05-09 16:05:00,2022-05-09 16:35:00,spread_reduced,Pseudo,0.29074928089567464
EURJPY,B,SHORT,2022-05-09 16:50:00,2022-05-09 17:40:00,spread_reduced,Pseudo,0.242735858598353
GBPJPY,B,SHORT,2022-05-09 16:50:00,2022-05-09 17:40:00,spread_reduced,Pseudo,-0.08903528337282178
AUDJPY,B,SHORT,2022-05-09 16:50:00,2022-05-09 17:40:00,spread_reduced,Pseudo,0.6826323215818331
EURJPY,B,SHORT,2022-05-09 19:40:00,2022-05-09 20:00:00,spread_reduced,Pseudo,-0.08161837484614114
GBPJPY,B,SHORT,2022-05-09 19:40:00,2022-05-09 20:00:00,spread_reduced,Pseudo,0.03744050097764795
AUDJPY,B,SHORT,2022-05-09 19:40:00,2022-05-09 20:00:00,spread_reduced,Pseudo,-0.27997713735080276
EURJPY,B,SHORT,2022-05-10 00:10:00,2022-05-10 00:45:00,spread_reduced,Real,0.13541478524177938
GBPJPY,B,SHORT,2022-05-10 00:10:00,2022-05-10 00:45:00,spread_reduced,Real,0.1611020726187684
AUDJPY,B,SHORT,2022-05-10 00:10:00,2022-05-10 00:45:00,spread_reduced,Real,0.6362438981977933
AUDJPY,B,SHORT,2022-05-10 01:00:00,2022-05-10 01:05:00,stop,Pseudo,-0.6015604714419236
GBPJPY,B,SHORT,2022-05-10 01:00:00,2022-05-10 01:20:00,stop,Pseudo,-0.6754111442381916
AUDJPY,B,SHORT,2022-05-10 01:10:00,2022-05-10 01:20:00,stop,Pseudo,-0.5547387792793254
EURJPY,B,SHORT,2022-05-10 01:00:00,2022-05-10 01:30:00,stop,Pseudo,-0.7139217003448255
EURJPY,B,LONG,2022-05-10 01:30:00,2022-05-10 03:05:00,spread_reduced,Real,1.0306057372608812
GBPJPY,B,LONG,2022-05-10 01:30:00,2022-05-10 03:05:00,spread_reduced,Real,1.2173481765635301
AUDJPY,B,LONG,2022-05-10 01:30:00,2022-05-10 03:05:00,spread_reduced,Real,2.549856407785267
EURJPY,B,SHORT,2022-05-10 03:20:00,2022-05-10 03:45:00,spread_reduced,Pseudo,-0.19045445302653027
GBPJPY,B,SHORT,2022-05-10 03:20:00,2022-05-10 03:45:00,spread_reduced,Pseudo,-0.28894157452989216
AUDJPY,B,SHORT,2022-05-10 03:20:00,2022-05-10 03:45:00,spread_reduced,Pseudo,-0.4564602200835359
EURJPY,B,LONG,2022-05-10 04:00:00,2022-05-10 05:40:00,spread_reduced,Real,0.43255641913890014
GBPJPY,B,LONG,2022-05-10 05:10:00,2022-05-10 05:40:00,spread_reduced,Real,-0.23129692851775463
AUDJPY,B,LONG,2022-05-10 05:10:00,2022-05-10 05:40:00,spread_reduced,Real,0.07489512111321281
EURJPY,B,SHORT,2022-05-10 07:10:00,2022-05-10 07:40:00,spread_reduced,Neither,-0.4641783979676776
GBPJPY,B,SHORT,2022-05-10 07:10:00,2022-05-10 07:40:00,spread_reduced,Real,-0.12228470581376882
AUDJPY,B,SHORT,2022-05-10 07:10:00,2022-05-10 07:40:00,spread_reduced,Real,0.09545953565611351
EURJPY,B,SHORT,2022-05-10 07:50:00,2022-05-10 08:15:00,spread_reduced,Pseudo,-0.06337292096447733
GBPJPY,B,SHORT,2022-05-10 07:50:00,2022-05-10 08:15:00,spread_reduced,Pseudo,-0.2189884675228478
AUDJPY,B,SHORT,2022-05-10 07:50:00,2022-05-10 08:15:00,stop,Pseudo,-0.5048508316480849
GBPJPY,B,LONG,2022-05-10 09:10:00,2022-05-10 09:20:00,stop,Pseudo,-0.6988013530923043
EURJPY,B,LONG,2022-05-10 09:10:00,2022-05-10 09:40:00,stop,Pseudo,-0.6480433803931115
AUDJPY,B,LONG,2022-05-10 09:10:00,2022-05-10 09:40:00,spread_reduced,Pseudo,0.1449502618583824
GBPJPY,B,SHORT,2022-05-10 10:00:00,2022-05-10 10:25:00,stop,Pseudo,-0.558290275726329
EURJPY,B,SHORT,2022-05-10 10:00:00,2022-05-10 10:30:00,spread_reduced,Real,0.05064508279724785
AUDJPY,B,SHORT,2022-05-10 10:00:00,2022-05-10 10:30:00,spread_reduced,Neither,-0.18057178145403086
EURJPY,B,LONG,2022-05-10 12:10:00,2022-05-10 12:40:00,spread_reduced,Pseudo,-0.4929334650440875
GBPJPY,B,LONG,2022-05-10 12:10:00,2022-05-10 12:40:00,stop,Pseudo,-0.7070336256152684
AUDJPY,B,LONG,2022-05-10 12:10:00,2022-05-10 12:40:00,spread_reduced,Pseudo,-0.2870314528605015
EURJPY,B,SHORT,2022-05-10 12:50:00,2022-05-10 13:00:00,stop,Pseudo,-0.6350070375987412
GBPJPY,B,SHORT,2022-05-10 12:50:00,2022-05-10 13:00:00,spread_reduced,Pseudo,-0.49737053995180247
EURJPY,B,LONG,2022-05-10 13:15:00,2022-05-10 13:30:00,spread_reduced,Pseudo,-0.31813257932733485
GBPJPY,B,LONG,2022-05-10 13:15:00,2022-05-10 13:30:00,spread_reduced,Pseudo,-0.2553623066562742
AUDJPY,B,LONG,2022-05-10 13:15:00,2022-05-10 13:30:00,spread_reduced,Pseudo,-0.4794551611949268
AUDJPY,B,SHORT,2022-05-10 13:45:00,2022-05-10 14:00:00,stop,Neither,-0.7529132778833307
EURJPY,B,LONG,2022-05-10 17:40:00,2022-05-10 18:10:00,spread_reduced,Real,-0.10716805967984448
GBPJPY,B,LONG,2022-05-10 17:40:00,2022-05-10 18:10:00,spread_reduced,Real,-0.10570497897325708
AUDJPY,B,LONG,2022-05-10 17:40:00,2022-05-10 18:10:00,spread_reduced,Real,0.2189079561109401
EURJPY,B,LONG,2022-05-11 13:15:00,2022-05-11 14:05:00,spread_reduced,Pseudo,-0.4048670116451788
GBPJPY,B,LONG,2022-05-11 13:15:00,2022-05-11 14:05:00,spread_reduced,Both,0.08280944840510784
AUDJPY,B,LONG,2022-05-11 13:15:00,2022-05-11 14:05:00,spread_reduced,Pseudo,1.4817854188684532
AUDJPY,B,SHORT,2022-05-11 14:25:00,2022-05-11 15:30:00,spread_reduced,Pseudo,0.9436749830895597
EURJPY,B,SHORT,2022-05-11 14:55:00,2022-05-11 15:30:00,spread_reduced,Pseudo,-0.01374056909993667
GBPJPY,B,SHORT,2022-05-11 14:55:00,2022-05-11 15:30:00,spread_reduced,Pseudo,0.34746101555257114
EURJPY,B,SHORT,2022-05-11 16:05:00,2022-05-11 18:05:00,spread_reduced,Pseudo,1.9587659243472575
GBPJPY,B,SHORT,2022-05-11 16:05:00,2022-05-11 18:05:00,spread_reduced,Pseudo,2.566876787089186
AUDJPY,B,SHORT,2022-05-11 16:05:00,2022-05-11 18:05:00,spread_reduced,Pseudo,3.318811803703081
EURJPY,B,LONG,2022-05-11 18:10:00,2022-05-11 18:50:00,spread_reduced,Pseudo,0.41228484003149235
GBPJPY,B,LONG,2022-05-11 18:10:00,2022-05-11 18:50:00,spread_reduced,Pseudo,0.15938516397458655
AUDJPY,B,LONG,2022-05-11 18:10:00,2022-05-11 18:50:00,spread_reduced,Pseudo,0.23847297526128725
EURJPY,B,SHORT,2022-05-11 19:00:00,2022-05-11 19:25:00,spread_reduced,Pseudo,-0.3590907015464939
GBPJPY,B,SHORT,2022-05-11 19:00:00,2022-05-11 19:25:00,spread_reduced,Pseudo,-0.1756868350970553
AUDJPY,B,SHORT,2022-05-11 19:00:00,2022-05-11 19:25:00,stop,Pseudo,-0.516068250353848
EURJPY,B,SHORT,2022-05-12 00:00:00,2022-05-12 00:40:00,spread_reduced,Pseudo,-0.4075545725697646
GBPJPY,B,SHORT,2022-05-12 00:00:00,2022-05-12 00:40:00,spread_reduced,Pseudo,-0.2623837482361354
AUDJPY,B,SHORT,2022-05-12 00:00:00,2022-05-12 00:40:00,spread_reduced,Pseudo,-0.40648975095776885
EURJPY,B,LONG,2022-05-12 00:45:00,2022-05-12 01:20:00,spread_reduced,Pseudo,0.04363274399839708
GBPJPY,B,LONG,2022-05-12 00:45:00,2022-05-12 01:20:00,spread_reduced,Pseudo,-0.18650650205613112
AUDJPY,B,LONG,2022-05-12 00:45:00,2022-05-12 01:20:00,spread_reduced,Pseudo,0.1000559549616161
AUDJPY,B,LONG,2022-05-12 01:50:00,2022-05-12 02:05:00,stop,Pseudo,-0.5779510945795504
GBPJPY,B,LONG,2022-05-12 01:50:00,2022-05-12 02:15:00,spread_reduced,Real,-0.09404751804624005
EURJPY,B,SHORT,2022-05-12 02:35:00,2022-05-12 03:15:00,spread_reduced,Pseudo,0.03263736985359422
GBPJPY,B,SHORT,2022-05-12 02:35:00,2022-05-12 03:15:00,spread_reduced,Neither,0.15685301134749086
AUDJPY,B,SHORT,2022-05-12 02:35:00,2022-05-12 03:15:00,spread_reduced,Real,0.48604170868082885
EURJPY,B,SHORT,2022-05-12 05:15:00,2022-05-12 06:35:00,spread_reduced,Pseudo,0.5119130109901837
AUDJPY,B,SHORT,2022-05-12 05:15:00,2022-05-12 06:35:00,spread_reduced,Pseudo,-0.2536974768951132
GBPJPY,B,SHORT,2022-05-12 05:20:00,2022-05-12 06:35:00,spread_reduced,Pseudo,0.04355228642941948
EURJPY,B,SHORT,2022-05-12 07:00:00,2022-05-12 07:45:00,spread_reduced,Pseudo,1.0611928007630742
GBPJPY,B,SHORT,2022-05-12 07:00:00,2022-05-12 07:45:00,spread_reduced,Pseudo,0.19187570437995127
AUDJPY,B,SHORT,2022-05-12 07:00:00,2022-05-12 07:45:00,spread_reduced,Pseudo,-0.06538425264220513
EURJPY,B,SHORT,2022-05-12 08:10:00,2022-05-12 08:40:00,spread_reduced,Pseudo,-0.13167845863848449
GBPJPY,B,SHORT,2022-05-12 08:10:00,2022-05-12 08:40:00,spread_reduced,Pseudo,-0.15151158860556477
AUDJPY,B,SHORT,2022-05-12 08:10:00,2022-05-12 08:40:00,spread_reduced,Pseudo,0.013470771275891913
EURJPY,B,SHORT,2022-05-12 08:55:00,2022-05-12 09:10:00,spread_reduced,Pseudo,-0.1727799559229452
GBPJPY,B,SHORT,2022-05-12 08:55:00,2022-05-12 09:10:00,stop,Pseudo,-0.6243243916309964
AUDJPY,B,SHORT,2022-05-12 08:55:00,2022-05-12 09:10:00,spread_reduced,Pseudo,-0.30531815472249296
GBPJPY,B,LONG,2022-05-12 09:50:00,2022-05-12 10:35:00,spread_reduced,Pseudo,0.3540809009949057
AUDJPY,B,LONG,2022-05-12 09:50:00,2022-05-12 10:35:00,spread_reduced,Pseudo,0.04922376794939491
EURJPY,B,SHORT,2022-05-12 10:45:00,2022-05-12 12:05:00,spread_reduced,Pseudo,1.3858403909675263
GBPJPY,B,SHORT,2022-05-12 10:45:00,2022-05-12 12:05:00,spread_reduced,Pseudo,0.515040871666983
AUDJPY,B,SHORT,2022-05-12 10:45:00,2022-05-12 12:05:00,spread_reduced,Pseudo,0.9817586471022229
EURJPY,B,LONG,2022-05-12 12:15:00,2022-05-12 12:35:00,spread_reduced,Pseudo,-0.45056665777158206
GBPJPY,B,LONG,2022-05-12 12:15:00,2022-05-12 12:35:00,spread_reduced,Pseudo,-0.45683537477470004
AUDJPY,B,LONG,2022-05-12 12:15:00,2022-05-12 12:35:00,stop,Pseudo,-0.5467459921098724
EURJPY,B,SHORT,2022-05-12 12:45:00,2022-05-12 13:15:00,spread_reduced,Pseudo,0.011117234699153933
GBPJPY,B,SHORT,2022-05-12 12:45:00,2022-05-12 13:15:00,spread_reduced,Pseudo,-0.21957368498985258
AUDJPY,B,SHORT,2022-05-12 12:45:00,2022-05-12 13:15:00,spread_reduced,Pseudo,-0.3042665471904016
AUDJPY,B,SHORT,2022-05-12 13:30:00,2022-05-12 13:50:00,stop,Pseudo,-0.6446101219421685
EURJPY,B,SHORT,2022-05-12 13:30:00,2022-05-12 14:05:00,spread_reduced,Pseudo,-0.03767159219273768
GBPJPY,B,SHORT,2022-05-12 13:30:00,2022-05-12 14:05:00,spread_reduced,Pseudo,-0.3968479758692153
AUDJPY,B,SHORT,2022-05-12 13:55:00,2022-05-12 14:05:00,spread_reduced,Pseudo,-0.16484078610449576
EURJPY,B,LONG,2022-05-12 14:05:00,2022-05-12 14:50:00,spread_reduced,Pseudo,0.9747689127597159
GBPJPY,B,LONG,2022-05-12 14:05:00,2022-05-12 14:50:00,spread_reduced,Pseudo,0.8628417866718419
AUDJPY,B,LONG,2022-05-12 14:05:00,2022-05-12 14:50:00,spread_reduced,Both,1.1509876951795543
EURJPY,B,LONG,2022-05-12 15:00:00,2022-05-12 15:30:00,spread_reduced,Pseudo,-0.3359213239068441
GBPJPY,B,LONG,2022-05-12 15:00:00,2022-05-12 15:30:00,spread_reduced,Pseudo,-0.026048765230305786
AUDJPY,B,LONG,2022-05-12 15:00:00,2022-05-12 15:30:00,stop,Pseudo,-0.6197537426491466
EURJPY,B,SHORT,2022-05-12 15:40:00,2022-05-12 16:20:00,spread_reduced,Pseudo,0.2448678472193322
GBPJPY,B,SHORT,2022-05-12 15:40:00,2022-05-12 16:20:00,spread_reduced,Pseudo,0.1494241810573079
AUDJPY,B,SHORT,2022-05-12 15:40:00,2022-05-12 16:20:00,spread_reduced,Pseudo,-0.12647343749135528
EURJPY,B,LONG,2022-05-12 16:25:00,2022-05-12 16:50:00,stop,Pseudo,-0.6217213254734826
GBPJPY,B,LONG,2022-05-12 16:25:00,2022-05-12 16:50:00,spread_reduced,Pseudo,-0.2770949075148558
AUDJPY,B,LONG,2022-05-12 16:25:00,2022-05-12 16:50:00,spread_reduced,Pseudo,0.03629170970720352
EURJPY,B,SHORT,2022-05-12 17:00:00,2022-05-12 18:00:00,spread_reduced,Pseudo,-0.4790304770403431
GBPJPY,B,SHORT,2022-05-12 17:00:00,2022-05-12 18:00:00,spread_reduced,Pseudo,0.046370842169222534
AUDJPY,B,SHORT,2022-05-12 17:00:00,2022-05-12 18:00:00,spread_reduced,Pseudo,0.3774416220294249
EURJPY,B,SHORT,2022-05-12 18:40:00,2022-05-12 19:05:00,spread_reduced,Real,-0.36766633037244034
GBPJPY,B,SHORT,2022-05-12 18:40:00,2022-05-12 19:05:00,spread_reduced,Pseudo,-0.35611302990012916
AUDJPY,B,SHORT,2022-05-12 18:40:00,2022-05-12 19:05:00,spread_reduced,Real,-0.3002870089905407
EURJPY,B,LONG,2022-05-12 19:20:00,2022-05-12 20:20:00,spread_reduced,Pseudo,0.31807813738267876
GBPJPY,B,LONG,2022-05-12 19:20:00,2022-05-12 20:20:00,spread_reduced,Pseudo,0.2754702255243213
AUDJPY,B,LONG,2022-05-12 19:20:00,2022-05-12 20:20:00,spread_reduced,Pseudo,0.8450442362959443
AUDJPY,B,LONG,2022-05-12 22:10:00,2022-05-12 22:30:00,stop,Pseudo,-0.568133151126767
EURJPY,B,LONG,2022-05-12 22:10:00,2022-05-12 22:35:00,spread_reduced,Real,-0.3534291518517326
GBPJPY,B,LONG,2022-05-12 22:10:00,2022-05-12 22:35:00,spread_reduced,Real,-0.30434843502902265
EURJPY,B,LONG,2022-05-13 00:40:00,2022-05-13 01:45:00,spread_reduced,Pseudo,1.0177199396602297
GBPJPY,B,LONG,2022-05-13 00:40:00,2022-05-13 01:45:00,spread_reduced,Real,0.8062889076756452
AUDJPY,B,LONG,2022-05-13 00:40:00,2022-05-13 01:45:00,spread_reduced,Real,0.6530300434436735
EURJPY,B,SHORT,2022-05-13 01:55:00,2022-05-13 02:05:00,spread_reduced,Pseudo,-0.16190611741998912
GBPJPY,B,SHORT,2022-05-13 01:55:00,2022-05-13 02:05:00,spread_reduced,Pseudo,-0.2387513437412577
AUDJPY,B,SHORT,2022-05-13 01:55:00,2022-05-13 02:05:00,spread_reduced,Pseudo,-0.2705503029511262
EURJPY,B,SHORT,2022-05-13 03:00:00,2022-05-13 03:15:00,spread_reduced,Pseudo,-0.4994954937724838
GBPJPY,B,SHORT,2022-05-13 03:00:00,2022-05-13 03:15:00,stop,Pseudo,-0.5163653524239791
AUDJPY,B,SHORT,2022-05-13 03:00:00,2022-05-13 03:15:00,stop,Pseudo,-0.6731978651644729
EURJPY,B,LONG,2022-05-13 03:25:00,2022-05-13 04:05:00,spread_reduced,Pseudo,-0.053610455379475105
GBPJPY,B,LONG,2022-05-13 03:25:00,2022-05-13 04:05:00,spread_reduced,Pseudo,-0.10318311137587818
AUDJPY,B,LONG,2022-05-13 03:25:00,2022-05-13 04:05:00,spread_reduced,Both,-0.11048121447213936
EURJPY,B,SHORT,2022-05-13 06:10:00,2022-05-13 06:40:00,spread_reduced,Both,-0.30438154445115256
GBPJPY,B,SHORT,2022-05-13 06:10:00,2022-05-13 06:40:00,spread_reduced,Pseudo,-0.39527828681773514
AUDJPY,B,SHORT,2022-05-13 06:10:00,2022-05-13 06:40:00,spread_reduced,Pseudo,-0.15969659219106092
EURJPY,B,SHORT,2022-05-13 07:15:00,2022-05-13 07:25:00,stop,Pseudo,-0.8346746416386294
GBPJPY,B,SHORT,2022-05-13 07:15:00,2022-05-13 07:25:00,stop,Pseudo,-0.8727128287055279
AUDJPY,B,SHORT,2022-05-13 07:15:00,2022-05-13 07:25:00,stop,Pseudo,-1.2166491368941212
EURJPY,B,LONG,2022-05-13 07:30:00,2022-05-13 08:10:00,spread_reduced,Pseudo,0.25232621689141865
GBPJPY,B,LONG,2022-05-13 07:30:00,2022-05-13 08:10:00,spread_reduced,Pseudo,-0.22181297928843455
AUDJPY,B,LONG,2022-05-13 07:30:00,2022-05-13 08:10:00,spread_reduced,Pseudo,-0.012914421826456154
AUDJPY,B,SHORT,2022-05-13 09:50:00,2022-05-13 10:05:00,stop,Pseudo,-0.5668432850958194
EURJPY,B,SHORT,2022-05-13 09:50:00,2022-05-13 10:20:00,spread_reduced,Pseudo,-0.1547356272308213
GBPJPY,B,SHORT,2022-05-13 09:50:00,2022-05-13 10:20:00,spread_reduced,Pseudo,-0.2842832966081973
EURJPY,B,LONG,2022-05-13 10:45:00,2022-05-13 11:25:00,spread_reduced,Pseudo,0.26251815186517646
GBPJPY,B,LONG,2022-05-13 10:45:00,2022-05-13 11:25:00,spread_reduced,Pseudo,0.2560056653824194
AUDJPY,B,LONG,2022-05-13 10:45:00,2022-05-13 11:25:00,spread_reduced,Real,0.07340200258069511
EURJPY,B,SHORT,2022-05-13 12:25:00,2022-05-13 12:50:00,spread_reduced,Pseudo,-0.4275438439859484
GBPJPY,B,SHORT,2022-05-13 12:25:00,2022-05-13 12:50:00,spread_reduced,Pseudo,-0.49281312070255845
AUDJPY,B,SHORT,2022-05-13 12:25:00,2022-05-13 12:50:00,spread_reduced,Pseudo,-0.45604193082682265
EURJPY,B,LONG,2022-05-13 13:40:00,2022-05-13 14:45:00,spread_reduced,Pseudo,0.5404954943462048
GBPJPY,B,LONG,2022-05-13 13:40:00,2022-05-13 14:45:00,spread_reduced,Pseudo,0.9175326401329453
AUDJPY,B,LONG,2022-05-13 13:40:00,2022-05-13 14:45:00,spread_reduced,Pseudo,1.258515484944489
AUDJPY,B,LONG,2022-05-13 16:10:00,2022-05-13 16:25:00,stop,Pseudo,-0.5891960242712473
EURJPY,B,LONG,2022-05-13 16:10:00,2022-05-13 16:35:00,spread_reduced,Real,-0.2414171117829378
GBPJPY,B,LONG,2022-05-13 16:10:00,2022-05-13 16:35:00,spread_reduced,Real,-0.30783089869050134
EURJPY,B,SHORT,2022-05-13 18:00:00,2022-05-13 18:30:00,spread_reduced,Pseudo,-0.2816970310282052
GBPJPY,B,SHORT,2022-05-13 18:00:00,2022-05-13 18:30:00,spread_reduced,Pseudo,-0.2654073384526316
AUDJPY,B,SHORT,2022-05-13 18:00:00,2022-05-13 18:30:00,spread_reduced,Pseudo,-0.4683840314895586
EURJPY,B,LONG,2022-05-15 23:45:00,2022-05-16 00:00:00,spread_reduced,Both,-0.2563377048848311
GBPJPY,B,LONG,2022-05-15 23:45:00,2022-05-16 00:00:00,spread_reduced,Pseudo,-0.2621679762215464
AUDJPY,B,LONG,2022-05-16 01:05:00,2022-05-16 01:15:00,stop,Pseudo,-0.5567134796666817
EURJPY,B,LONG,2022-05-16 01:05:00,2022-05-16 01:20:00,stop,Pseudo,-0.5093243604572528
GBPJPY,B,LONG,2022-05-16 01:05:00,2022-05-16 01:20:00,stop,Pseudo,-0.7308393981382648
EURJPY,B,SHORT,2022-05-16 01:20:00,2022-05-16 02:45:00,spread_reduced,Pseudo,1.5282735604205122
GBPJPY,B,SHORT,2022-05-16 01:20:00,2022-05-16 02:45:00,spread_reduced,Pseudo,1.8626145109785406
AUDJPY,B,SHORT,2022-05-16 01:20:00,2022-05-16 02:45:00,spread_reduced,Pseudo,3.3110234326538444
AUDJPY,B,SHORT,2022-05-16 03:20:00,2022-05-16 03:40:00,stop,Pseudo,-0.5020683884784383
EURJPY,B,SHORT,2022-05-16 03:20:00,2022-05-16 03:45:00,spread_reduced,Pseudo,-0.34003707473373446
GBPJPY,B,SHORT,2022-05-16 03:20:00,2022-05-16 03:45:00,spread_reduced,Pseudo,-0.34749149938077356
AUDJPY,B,SHORT,2022-05-16 07:05:00,2022-05-16 07:10:00,spread_reduced,Pseudo,-0.37320360685266785
EURJPY,B,LONG,2022-05-16 07:25:00,2022-05-16 08:00:00,spread_reduced,Pseudo,-0.055906248418187886
GBPJPY,B,LONG,2022-05-16 07:25:00,2022-05-16 08:00:00,spread_reduced,Real,-0.0881452839037363
AUDJPY,B,LONG,2022-05-16 07:25:00,2022-05-16 08:00:00,spread_reduced,Real,0.07297759229563106
GBPJPY,B,LONG,2022-05-16 08:10:00,2022-05-16 08:30:00,stop,Pseudo,-0.549220950400516
EURJPY,B,LONG,2022-05-16 08:10:00,2022-05-16 08:40:00,spread_reduced,Real,0.3558760638812479
AUDJPY,B,LONG,2022-05-16 08:10:00,2022-05-16 08:40:00,spread_reduced,Real,-0.19175743551528662
EURJPY,B,LONG,2022-05-16 10:35:00,2022-05-16 11:25:00,spread_reduced,Pseudo,-0.25588697203019856
GBPJPY,B,LONG,2022-05-16 10:35:00,2022-05-16 11:25:00,spread_reduced,Pseudo,-0.28556532069860346
AUDJPY,B,LONG,2022-05-16 10:35:00,2022-05-16 11:25:00,spread_reduced,Pseudo,0.2330025947252512
EURJPY,B,LONG,2022-05-16 12:00:00,2022-05-16 12:30:00,spread_reduced,Pseudo,-0.2396817106847064
GBPJPY,B,LONG,2022-05-16 12:00:00,2022-05-16 12:30:00,stop,Pseudo,-0.661700347643716
AUDJPY,B,LONG,2022-05-16 12:00:00,2022-05-16 12:30:00,spread_reduced,Pseudo,-0.3510189956781318
GBPJPY,B,SHORT,2022-05-16 12:35:00,2022-05-16 12:50:00,stop,Pseudo,-0.5313463519266056
AUDJPY,B,SHORT,2022-05-16 12:35:00,2022-05-16 12:50:00,stop,Pseudo,-0.5676100126978945
EURJPY,B,SHORT,2022-05-16 12:35:00,2022-05-16 13:05:00,spread_reduced,Real,0.07153835460345834
EURJPY,B,SHORT,2022-05-16 13:15:00,2022-05-16 13:35:00,spread_reduced,Pseudo,-0.20820901001528114
GBPJPY,B,SHORT,2022-05-16 13:15:00,2022-05-16 13:35:00,spread_reduced,Pseudo,-0.49834236028623025
AUDJPY,B,SHORT,2022-05-16 13:15:00,2022-05-16 13:35:00,stop,Pseudo,-1.03868719600612
AUDJPY,B,LONG,2022-05-16 14:25:00,2022-05-16 14:30:00,stop,Pseudo,-0.6295988101213679
EURJPY,B,LONG,2022-05-16 14:25:00,2022-05-16 14:40:00,stop,Pseudo,-0.5017936529799021
GBPJPY,B,LONG,2022-05-16 14:25:00,2022-05-16 14:45:00,stop,Pseudo,-0.7549858706143258
EURJPY,B,LONG,2022-05-16 15:55:00,2022-05-16 16:20:00,spread_reduced,Pseudo,-0.07822165256861821
GBPJPY,B,LONG,2022-05-16 15:55:00,2022-05-16 16:20:00,spread_reduced,Pseudo,-0.14270609054241787
AUDJPY,B,LONG,2022-05-16 15:55:00,2022-05-16 16:20:00,spread_reduced,Pseudo,-0.47386739800255506
EURJPY,B,LONG,2022-05-16 17:20:00,2022-05-16 18:45:00,spread_reduced,Pseudo,0.42064062038356853
GBPJPY,B,LONG,2022-05-16 17:20:00,2022-05-16 18:45:00,spread_reduced,Pseudo,0.9237659349022506
AUDJPY,B,LONG,2022-05-16 17:20:00,2022-05-16 18:45:00,spread_reduced,Pseudo,0.8403419490063957
EURJPY,B,LONG,2022-05-17 00:15:00,2022-05-17 01:00:00,spread_reduced,Pseudo,0.034383253003126654
GBPJPY,B,LONG,2022-05-17 00:15:00,2022-05-17 01:00:00,spread_reduced,Pseudo,0.036889469505307915
AUDJPY,B,LONG,2022-05-17 00:15:00,2022-05-17 01:00:00,spread_reduced,Pseudo,0.16642540101289666
AUDJPY,B,LONG,2022-05-17 01:35:00,2022-05-17 01:40:00,stop,Pseudo,-0.5212808990702941
EURJPY,B,LONG,2022-05-17 01:35:00,2022-05-17 02:05:00,spread_reduced,Pseudo,-0.26912474163106237
GBPJPY,B,LONG,2022-05-17 01:35:00,2022-05-17 02:05:00,spread_reduced,Pseudo,-0.024853638303623526
AUDJPY,B,LONG,2022-05-17 01:45:00,2022-05-17 02:05:00,spread_reduced,Pseudo,0.4035091018815459
AUDJPY,B,LONG,2022-05-17 03:45:00,2022-05-17 03:55:00,stop,Pseudo,-0.5940445148721052
EURJPY,B,LONG,2022-05-17 03:45:00,2022-05-17 04:10:00,spread_reduced,Pseudo,-0.39980243076161626
GBPJPY,B,LONG,2022-05-17 03:45:00,2022-05-17 04:10:00,spread_reduced,Pseudo,-0.3035657877444124
EURJPY,B,LONG,2022-05-17 06:45:00,2022-05-17 07:20:00,spread_reduced,Pseudo,-0.1332841183341686
GBPJPY,B,LONG,2022-05-17 06:45:00,2022-05-17 07:20:00,spread_reduced,Pseudo,0.4175503285833345
AUDJPY,B,LONG,2022-05-17 06:45:00,2022-05-17 07:20:00,spread_reduced,Both,-0.37653576049775006
EURJPY,B,LONG,2022-05-17 08:05:00,2022-05-17 08:40:00,spread_reduced,Both,0.33790903132846495
GBPJPY,B,LONG,2022-05-17 08:05:00,2022-05-17 08:40:00,spread_reduced,Pseudo,0.23063068791887947
AUDJPY,B,LONG,2022-05-17 08:05:00,2022-05-17 08:40:00,spread_reduced,Pseudo,0.08963422664172901
GBPJPY,B,LONG,2022-05-17 10:20:00,2022-05-17 10:40:00,stop,Pseudo,-0.5422154785760618
EURJPY,B,LONG,2022-05-17 10:20:00,2022-05-17 10:50:00,spread_reduced,Pseudo,-0.12408963070546324
AUDJPY,B,LONG,2022-05-17 10:20:00,2022-05-17 10:50:00,spread_reduced,Real,-0.09723858800225749
EURJPY,B,LONG,2022-05-17 12:45:00,2022-05-17 13:10:00,spread_reduced,Pseudo,-0.3176237309522693
GBPJPY,B,LONG,2022-05-17 12:45:00,2022-05-17 13:10:00,spread_reduced,Pseudo,-0.38636107870008524
AUDJPY,B,LONG,2022-05-17 12:45:00,2022-05-17 13:10:00,spread_reduced,Pseudo,-0.4193548331004419
EURJPY,B,SHORT,2022-05-17 14:10:00,2022-05-17 15:05:00,spread_reduced,Pseudo,0.08406211403655384
GBPJPY,B,SHORT,2022-05-17 14:10:00,2022-05-17 15:05:00,spread_reduced,Pseudo,-0.18801816237368207
AUDJPY,B,SHORT,2022-05-17 14:10:00,2022-05-17 15:05:00,spread_reduced,Pseudo,0.4439000718014693
EURJPY,B,LONG,2022-05-17 15:15:00,2022-05-17 15:55:00,spread_reduced,Pseudo,0.03028253230626573
AUDJPY,B,LONG,2022-05-17 15:15:00,2022-05-17 15:55:00,spread_reduced,Pseudo,-0.06995416351551764
EURJPY,B,LONG,2022-05-17 18:55:00,2022-05-17 19:45:00,spread_reduced,Pseudo,0.11448556442920459
GBPJPY,B,LONG,2022-05-17 18:55:00,2022-05-17 19:45:00,spread_reduced,Pseudo,-0.1093720056218143
AUDJPY,B,LONG,2022-05-17 18:55:00,2022-05-17 19:45:00,spread_reduced,Pseudo,0.12105087504480731
EURJPY,B,SHORT,2022-05-18 01:30:00,2022-05-18 02:00:00,spread_reduced,Real,-0.06888016697444618
GBPJPY,B,SHORT,2022-05-18 01:30:00,2022-05-18 02:00:00,spread_reduced,Real,-0.3557861975907647
AUDJPY,B,SHORT,2022-05-18 01:30:00,2022-05-18 02:00:00,spread_reduced,Real,-0.32034037864766185
EURJPY,B,SHORT,2022-05-18 03:20:00,2022-05-18 03:50:00,spread_reduced,Pseudo,-0.2088076901158864
GBPJPY,B,SHORT,2022-05-18 03:20:00,2022-05-18 03:50:00,spread_reduced,Neither,-0.10662147566412965
AUDJPY,B,SHORT,2022-05-18 03:20:00,2022-05-18 03:50:00,spread_reduced,Real,0.003618013557230941
EURJPY,B,SHORT,2022-05-18 04:30:00,2022-05-18 04:40:00,spread_reduced,Pseudo,-0.2334437121984667
GBPJPY,B,SHORT,2022-05-18 04:30:00,2022-05-18 04:40:00,spread_reduced,Pseudo,-0.24555850415756514
AUDJPY,B,SHORT,2022-05-18 04:30:00,2022-05-18 04:40:00,spread_reduced,Pseudo,-0.3878607444824933
EURJPY,B,LONG,2022-05-18 05:00:00,2022-05-18 05:45:00,spread_reduced,Pseudo,0.22764855285754376
GBPJPY,B,LONG,2022-05-18 05:00:00,2022-05-18 05:45:00,spread_reduced,Pseudo,0.28135603388064945
AUDJPY,B,LONG,2022-05-18 05:00:00,2022-05-18 05:45:00,spread_reduced,Real,1.0049309772196167
EURJPY,B,SHORT,2022-05-18 08:35:00,2022-05-18 09:05:00,spread_reduced,Pseudo,-0.3676947465725
GBPJPY,B,SHORT,2022-05-18 08:35:00,2022-05-18 09:05:00,spread_reduced,Pseudo,-0.10402820688337755
AUDJPY,B,SHORT,2022-05-18 08:35:00,2022-05-18 09:05:00,spread_reduced,Pseudo,-0.3926303046393187
EURJPY,B,SHORT,2022-05-18 12:55:00,2022-05-18 14:10:00,spread_reduced,Pseudo,1.013589392568126
GBPJPY,B,SHORT,2022-05-18 12:55:00,2022-05-18 14:10:00,spread_reduced,Pseudo,1.3182533792690152
AUDJPY,B,SHORT,2022-05-18 12:55:00,2022-05-18 14:10:00,spread_reduced,Pseudo,1.6250604330462586
AUDJPY,B,SHORT,2022-05-18 15:15:00,2022-05-18 16:15:00,spread_reduced,Pseudo,-0.05380459601026881
EURJPY,B,SHORT,2022-05-18 15:20:00,2022-05-18 16:15:00,spread_reduced,Pseudo,0.11866103236575962
GBPJPY,B,SHORT,2022-05-18 15:20:00,2022-05-18 16:15:00,spread_reduced,Both,0.37116044338270093
EURJPY,B,LONG,2022-05-18 16:50:00,2022-05-18 17:00:00,spread_reduced,Pseudo,-0.3269490598348801
GBPJPY,B,LONG,2022-05-18 16:50:00,2022-05-18 17:00:00,spread_reduced,Pseudo,-0.31844894757230663
AUDJPY,B,LONG,2022-05-18 16:50:00,2022-05-18 17:00:00,spread_reduced,Pseudo,-0.3115362237500567
EURJPY,B,SHORT,2022-05-18 17:45:00,2022-05-18 18:15:00,spread_reduced,Pseudo,-0.2558968505321039
GBPJPY,B,SHORT,2022-05-18 17:45:00,2022-05-18 18:15:00,spread_reduced,Pseudo,-0.164885443898255
AUDJPY,B,SHORT,2022-05-18 17:45:00,2022-05-18 18:15:00,spread_reduced,Pseudo,-0.44184455611754697
EURJPY,B,SHORT,2022-05-18 18:55:00,2022-05-18 19:35:00,spread_reduced,Pseudo,-0.23121476769379554
GBPJPY,B,SHORT,2022-05-18 18:55:00,2022-05-18 19:35:00,spread_reduced,Pseudo,-0.4254056176152451
AUDJPY,B,SHORT,2022-05-18 18:55:00,2022-05-18 19:35:00,spread_reduced,Pseudo,-0.4873979374629597
AUDJPY,B,LONG,2022-05-18 22:15:00,2022-05-18 22:35:00,stop,Pseudo,-0.517292207230291
EURJPY,B,LONG,2022-05-18 22:15:00,2022-05-18 22:40:00,spread_reduced,Real,-0.08572946659727669
GBPJPY,B,LONG,2022-05-18 22:15:00,2022-05-18 22:40:00,spread_reduced,Real,-0.2140660373324647
EURJPY,B,SHORT,2022-05-18 23:35:00,2022-05-19 00:05:00,spread_reduced,Pseudo,-0.3392981134577126
GBPJPY,B,SHORT,2022-05-18 23:35:00,2022-05-19 00:05:00,spread_reduced,Pseudo,-0.375786053946244
AUDJPY,B,SHORT,2022-05-18 23:35:00,2022-05-19 00:05:00,stop,Pseudo,-0.6743247150026537
EURJPY,B,LONG,2022-05-19 00:15:00,2022-05-19 00:55:00,spread_reduced,Pseudo,0.7690571475662544
GBPJPY,B,LONG,2022-05-19 00:15:00,2022-05-19 00:55:00,spread_reduced,Pseudo,0.36440913693288246
AUDJPY,B,LONG,2022-05-19 00:15:00,2022-05-19 00:55:00,spread_reduced,Real,0.24636108691537356
EURJPY,B,LONG,2022-05-19 02:10:00,2022-05-19 03:35:00,spread_reduced,Pseudo,0.7625597158757991
GBPJPY,B,LONG,2022-05-19 02:10:00,2022-05-19 03:35:00,spread_reduced,Pseudo,1.1583333798835436
AUDJPY,B,LONG,2022-05-19 02:10:00,2022-05-19 03:35:00,spread_reduced,Pseudo,2.0688539685229657
EURJPY,B,LONG,2022-05-19 04:05:00,2022-05-19 04:35:00,spread_reduced,Pseudo,0.03302608200902076
GBPJPY,B,LONG,2022-05-19 04:05:00,2022-05-19 04:35:00,spread_reduced,Pseudo,-0.017542936336637876
AUDJPY,B,LONG,2022-05-19 04:05:00,2022-05-19 04:35:00,spread_reduced,Pseudo,-0.25634394860877635
EURJPY,B,SHORT,2022-05-19 05:35:00,2022-05-19 08:45:00,spread_reduced,Real,1.6375578503445842
GBPJPY,B,SHORT,2022-05-19 05:35:00,2022-05-19 08:45:00,spread_reduced,Real,1.565328822066392
AUDJPY,B,SHORT,2022-05-19 05:35:00,2022-05-19 08:45:00,spread_reduced,Real,2.785463982173275
GBPJPY,B,LONG,2022-05-19 10:50:00,2022-05-19 11:05:00,stop,Pseudo,-0.5433322474184636
AUDJPY,B,LONG,2022-05-19 10:50:00,2022-05-19 11:05:00,stop,Pseudo,-0.5044472305755221
EURJPY,B,LONG,2022-05-19 10:50:00,2022-05-19 11:10:00,stop,Pseudo,-0.524245598930273
GBPJPY,B,LONG,2022-05-19 11:40:00,2022-05-19 12:05:00,stop,Pseudo,-0.5068580397281641
EURJPY,B,LONG,2022-05-19 11:40:00,2022-05-19 12:10:00,spread_reduced,Pseudo,-0.4717826602634867
AUDJPY,B,LONG,2022-05-19 11:40:00,2022-05-19 12:10:00,spread_reduced,Pseudo,-0.4168483453392454
EURJPY,B,SHORT,2022-05-19 12:20:00,2022-05-19 13:05:00,spread_reduced,Pseudo,0.1573973482332421
GBPJPY,B,SHORT,2022-05-19 12:20:00,2022-05-19 13:05:00,spread_reduced,Pseudo,0.6469720586217791
AUDJPY,B,SHORT,2022-05-19 12:20:00,2022-05-19 13:05:00,spread_reduced,Pseudo,0.14936110809723088
EURJPY,B,LONG,2022-05-19 13:30:00,2022-05-19 14:30:00,spread_reduced,Real,0.7298340654534238
GBPJPY,B,LONG,2022-05-19 13:30:00,2022-05-19 14:30:00,spread_reduced,Real,0.7332723664011572
AUDJPY,B,LONG,2022-05-19 13:30:00,2022-05-19 14:30:00,spread_reduced,Real,0.7295419037576986
AUDJPY,B,LONG,2022-05-19 15:05:00,2022-05-19 16:10:00,spread_reduced,Real,1.0100586985707003
EURJPY,B,LONG,2022-05-19 15:15:00,2022-05-19 16:10:00,spread_reduced,Neither,0.8303917338707094
GBPJPY,B,LONG,2022-05-19 15:15:00,2022-05-19 16:10:00,spread_reduced,Real,1.1307390159463657
AUDJPY,B,SHORT,2022-05-19 16:40:00,2022-05-19 16:55:00,stop,Pseudo,-0.5188345867241928
EURJPY,B,SHORT,2022-05-19 16:40:00,2022-05-19 17:05:00,stop,Pseudo,-0.5346958837613158
GBPJPY,B,SHORT,2022-05-19 16:40:00,2022-05-19 17:05:00,stop,Pseudo,-0.5427308611747339
EURJPY,B,SHORT,2022-05-19 19:30:00,2022-05-19 19:55:00,spread_reduced,Pseudo,-0.2369729205378146
GBPJPY,B,SHORT,2022-05-19 19:30:00,2022-05-19 19:55:00,spread_reduced,Pseudo,-0.24224377163747
AUDJPY,B,SHORT,2022-05-19 19:30:00,2022-05-19 19:55:00,spread_reduced,Pseudo,-0.28136467821004985
EURJPY,B,SHORT,2022-05-20 00:15:00,2022-05-20 00:30:00,spread_reduced,Pseudo,-0.22222794737395785
GBPJPY,B,SHORT,2022-05-20 00:15:00,2022-05-20 00:30:00,spread_reduced,Pseudo,-0.37987472625644614
AUDJPY,B,SHORT,2022-05-20 00:15:00,2022-05-20 00:30:00,spread_reduced,Pseudo,-0.3410172584363824
EURJPY,B,LONG,2022-05-20 01:25:00,2022-05-20 02:00:00,spread_reduced,Pseudo,0.020688436257021436
GBPJPY,B,LONG,2022-05-20 01:25:00,2022-05-20 02:00:00,spread_reduced,Pseudo,0.06085086044271826
AUDJPY,B,LONG,2022-05-20 01:25:00,2022-05-20 02:00:00,spread_reduced,Pseudo,0.10561345567435451
EURJPY,B,SHORT,2022-05-20 02:05:00,2022-05-20 02:35:00,spread_reduced,Pseudo,-0.2676349744920407
GBPJPY,B,SHORT,2022-05-20 02:05:00,2022-05-20 02:35:00,spread_reduced,Pseudo,-0.22560874444610413
AUDJPY,B,SHORT,2022-05-20 02:05:00,2022-05-20 02:35:00,spread_reduced,Pseudo,-0.24849670852833405
EURJPY,B,SHORT,2022-05-20 03:10:00,2022-05-20 04:15:00,spread_reduced,Pseudo,0.315434198452591
GBPJPY,B,SHORT,2022-05-20 03:10:00,2022-05-20 04:15:00,spread_reduced,Pseudo,0.44499634314065784
AUDJPY,B,SHORT,2022-05-20 03:10:00,2022-05-20 04:15:00,spread_reduced,Pseudo,0.44204973556853194
EURJPY,B,LONG,2022-05-20 04:20:00,2022-05-20 06:40:00,spread_reduced,Pseudo,0.6254353460506401
GBPJPY,B,LONG,2022-05-20 04:20:00,2022-05-20 06:40:00,spread_reduced,Pseudo,0.987111329134575
AUDJPY,B,LONG,2022-05-20 04:20:00,2022-05-20 06:40:00,spread_reduced,Real,1.4724256118268109
AUDJPY,B,SHORT,2022-05-20 06:45:00,2022-05-20 07:00:00,stop,Pseudo,-0.5576606930017085
EURJPY,B,SHORT,2022-05-20 06:45:00,2022-05-20 07:10:00,spread_reduced,Pseudo,-0.34431667061318727
GBPJPY,B,SHORT,2022-05-20 06:45:00,2022-05-20 07:10:00,stop,Pseudo,-0.6619153339028443
EURJPY,B,LONG,2022-05-20 07:15:00,2022-05-20 08:00:00,spread_reduced,Pseudo,-0.30933355682494224
GBPJPY,B,LONG,2022-05-20 07:15:00,2022-05-20 08:00:00,stop,Pseudo,-0.5414651917193444
AUDJPY,B,LONG,2022-05-20 07:15:00,2022-05-20 08:00:00,spread_reduced,Pseudo,-0.18282016565037326
EURJPY,B,SHORT,2022-05-20 08:00:00,2022-05-20 08:30:00,spread_reduced,Pseudo,-0.22580493016407152
GBPJPY,B,SHORT,2022-05-20 08:00:00,2022-05-20 08:30:00,spread_reduced,Pseudo,-0.4733491869599593
AUDJPY,B,SHORT,2022-05-20 08:00:00,2022-05-20 08:30:00,spread_reduced,Both,-0.4637055602982887
EURJPY,B,LONG,2022-05-20 08:40:00,2022-05-20 09:30:00,spread_reduced,Pseudo,0.4526601993839474
GBPJPY,B,LONG,2022-05-20 08:40:00,2022-05-20 09:30:00,spread_reduced,Pseudo,0.01895705009680171
AUDJPY,B,LONG,2022-05-20 08:40:00,2022-05-20 09:30:00,spread_reduced,Pseudo,0.19524927524601962
EURJPY,B,SHORT,2022-05-20 09:40:00,2022-05-20 09:50:00,spread_reduced,Pseudo,-0.2756714887220587
GBPJPY,B,SHORT,2022-05-20 09:40:00,2022-05-20 09:50:00,spread_reduced,Pseudo,-0.3242719516033758
AUDJPY,B,SHORT,2022-05-20 09:40:00,2022-05-20 09:50:00,spread_reduced,Pseudo,-0.2985461000456121
EURJPY,B,SHORT,2022-05-20 11:05:00,2022-05-20 11:35:00,spread_reduced,Real,-0.15177396983963773
GBPJPY,B,SHORT,2022-05-20 11:05:00,2022-05-20 11:35:00,spread_reduced,Real,-0.06769693086690806
AUDJPY,B,SHORT,2022-05-20 11:05:00,2022-05-20 11:35:00,spread_reduced,Real,-0.19211098095713494
AUDJPY,B,LONG,2022-05-20 13:20:00,2022-05-20 13:35:00,stop,Pseudo,-0.5034829426432408
EURJPY,B,LONG,2022-05-20 13:20:00,2022-05-20 14:10:00,spread_reduced,Pseudo,-0.2872982163422133
GBPJPY,B,LONG,2022-05-20 13:20:00,2022-05-20 14:10:00,spread_reduced,Pseudo,-0.37704507060050874
AUDJPY,B,LONG,2022-05-20 13:40:00,2022-05-20 14:10:00,spread_reduced,Pseudo,-0.2617949848033504
EURJPY,B,SHORT,2022-05-20 14:45:00,2022-05-20 15:30:00,spread_reduced,Pseudo,0.4892203334815696
GBPJPY,B,SHORT,2022-05-20 14:45:00,2022-05-20 15:30:00,spread_reduced,Pseudo,0.29659749496765053
AUDJPY,B,SHORT,2022-05-20 14:45:00,2022-05-20 15:30:00,spread_reduced,Pseudo,0.6179007761972777
EURJPY,B,SHORT,2022-05-20 16:50:00,2022-05-20 17:30:00,spread_reduced,Pseudo,-0.39498443720945947
GBPJPY,B,SHORT,2022-05-20 16:50:00,2022-05-20 17:30:00,spread_reduced,Pseudo,-0.3367752097443629
AUDJPY,B,SHORT,2022-05-20 16:50:00,2022-05-20 17:30:00,spread_reduced,Pseudo,-0.3458313549017008
EURJPY,B,LONG,2022-05-20 17:40:00,2022-05-20 18:10:00,spread_reduced,Real,-0.07437460850530839
GBPJPY,B,LONG,2022-05-20 17:40:00,2022-05-20 18:10:00,spread_reduced,Real,0.02950662064608404
AUDJPY,B,LONG,2022-05-20 17:40:00,2022-05-20 18:10:00,spread_reduced,Neither,-0.24132655143871418
EURJPY,B,SHORT,2022-05-20 18:20:00,2022-05-20 18:45:00,spread_reduced,Pseudo,-0.29225281620008187
GBPJPY,B,SHORT,2022-05-20 18:20:00,2022-05-20 18:45:00,spread_reduced,Both,-0.16822745404717251
AUDJPY,B,SHORT,2022-05-20 18:20:00,2022-05-20 18:45:00,spread_reduced,Pseudo,-0.435126477420944
EURJPY,B,LONG,2022-05-20 19:35:00,2022-05-20 20:55:00,spread_reduced,Pseudo,0.1627963199678136
GBPJPY,B,LONG,2022-05-20 19:35:00,2022-05-20 20:55:00,spread_reduced,Pseudo,0.26437414876031207
AUDJPY,B,LONG,2022-05-20 19:35:00,2022-05-20 20:55:00,spread_reduced,Pseudo,0.20928143364688329
EURJPY,B,LONG,2022-05-22 22:10:00,2022-05-22 23:00:00,spread_reduced,Pseudo,-0.17760786198036302
GBPJPY,B,LONG,2022-05-22 22:10:00,2022-05-22 23:00:00,spread_reduced,Pseudo,-0.03004669386593347
AUDJPY,B,LONG,2022-05-22 22:10:00,2022-05-22 23:00:00,spread_reduced,Pseudo,-0.12000438951557484
EURJPY,B,LONG,2022-05-23 00:25:00,2022-05-23 00:55:00,spread_reduced,Pseudo,-0.4066824142986425
GBPJPY,B,LONG,2022-05-23 00:25:00,2022-05-23 00:55:00,spread_reduced,Pseudo,-0.28298722461569026
AUDJPY,B,LONG,2022-05-23 00:25:00,2022-05-23 00:55:00,spread_reduced,Pseudo,-0.1528261060494973
EURJPY,B,SHORT,2022-05-23 01:15:00,2022-05-23 01:20:00,spread_reduced,Pseudo,-0.10628617754286178
GBPJPY,B,SHORT,2022-05-23 01:15:00,2022-05-23 01:20:00,spread_reduced,Pseudo,-0.1800573989559536
AUDJPY,B,SHORT,2022-05-23 01:15:00,2022-05-23 01:20:00,spread_reduced,Pseudo,-0.14005475305856052
EURJPY,B,SHORT,2022-05-23 01:30:00,2022-05-23 02:30:00,spread_reduced,Pseudo,0.4330645439247031
GBPJPY,B,SHORT,2022-05-23 01:30:00,2022-05-23 02:30:00,spread_reduced,Both,0.4246578090757458
AUDJPY,B,SHORT,2022-05-23 01:30:00,2022-05-23 02:30:00,spread_reduced,Pseudo,0.6250604335871953
EURJPY,B,LONG,2022-05-23 03:55:00,2022-05-23 04:20:00,spread_reduced,Pseudo,-0.13856324318328728
GBPJPY,B,LONG,2022-05-23 03:55:00,2022-05-23 04:20:00,spread_reduced,Real,-0.12081031041995724
AUDJPY,B,LONG,2022-05-23 03:55:00,2022-05-23 04:20:00,spread_reduced,Pseudo,-0.14216782059528477
EURJPY,B,LONG,2022-05-23 09:05:00,2022-05-23 09:55:00,spread_reduced,Pseudo,0.4421480066294503
GBPJPY,B,LONG,2022-05-23 09:05:00,2022-05-23 09:55:00,spread_reduced,Pseudo,-0.25328307810009354
AUDJPY,B,LONG,2022-05-23 09:05:00,2022-05-23 09:55:00,spread_reduced,Pseudo,0.08077314036195975
GBPJPY,B,SHORT,2022-05-23 13:35:00,2022-05-23 13:40:00,stop,Pseudo,-0.5178529786553643
EURJPY,B,SHORT,2022-05-23 13:35:00,2022-05-23 13:45:00,stop,Pseudo,-0.6702602201308732
AUDJPY,B,SHORT,2022-05-23 13:35:00,2022-05-23 13:45:00,stop,Pseudo,-0.8006956593515913
EURJPY,B,LONG,2022-05-23 15:10:00,2022-05-23 15:40:00,spread_reduced,Real,-0.005217330101725537
GBPJPY,B,LONG,2022-05-23 15:10:00,2022-05-23 15:40:00,spread_reduced,Real,-0.11499914653375262
AUDJPY,B,LONG,2022-05-23 15:10:00,2022-05-23 15:40:00,spread_reduced,Real,-0.01850025733255804
EURJPY,B,SHORT,2022-05-23 22:20:00,2022-05-23 22:40:00,spread_reduced,Pseudo,-0.22012142902183562
GBPJPY,B,SHORT,2022-05-23 22:20:00,2022-05-23 22:40:00,spread_reduced,Pseudo,-0.09114544588473272
AUDJPY,B,SHORT,2022-05-23 22:20:00,2022-05-23 22:40:00,spread_reduced,Pseudo,-0.2225037696663712
EURJPY,B,SHORT,2022-05-24 00:10:00,2022-05-24 00:45:00,spread_reduced,Pseudo,0.25994002840793823
GBPJPY,B,SHORT,2022-05-24 00:10:00,2022-05-24 00:45:00,spread_reduced,Pseudo,0.2576008527927313
AUDJPY,B,SHORT,2022-05-24 00:10:00,2022-05-24 00:45:00,spread_reduced,Pseudo,0.2816866625366954
EURJPY,B,LONG,2022-05-24 01:30:00,2022-05-24 02:00:00,stop,Pseudo,-0.501792673761196
GBPJPY,B,LONG,2022-05-24 01:30:00,2022-05-24 02:00:00,spread_reduced,Pseudo,-0.4186736586078525
AUDJPY,B,LONG,2022-05-24 01:30:00,2022-05-24 02:00:00,spread_reduced,Pseudo,-0.40852172352567884
EURJPY,B,SHORT,2022-05-24 02:15:00,2022-05-24 02:55:00,spread_reduced,Real,0.2929503896703656
GBPJPY,B,SHORT,2022-05-24 02:15:00,2022-05-24 02:55:00,spread_reduced,Pseudo,0.01776087994968349
AUDJPY,B,SHORT,2022-05-24 02:15:00,2022-05-24 02:55:00,spread_reduced,Pseudo,-0.07750283822775354
EURJPY,B,SHORT,2022-05-24 04:15:00,2022-05-24 04:40:00,spread_reduced,Pseudo,-0.2194471388693072
GBPJPY,B,SHORT,2022-05-24 04:15:00,2022-05-24 04:40:00,spread_reduced,Pseudo,-0.1870270776647883
AUDJPY,B,SHORT,2022-05-24 04:15:00,2022-05-24 04:40:00,spread_reduced,Both,-0.19002218856289943
EURJPY,B,SHORT,2022-05-24 08:35:00,2022-05-24 09:10:00,spread_reduced,Both,-0.23983911406322278
GBPJPY,B,SHORT,2022-05-24 08:35:00,2022-05-24 09:10:00,spread_reduced,Pseudo,0.0023504479416125434
AUDJPY,B,SHORT,2022-05-24 08:35:00,2022-05-24 09:10:00,spread_reduced,Pseudo,0.240240389865883
EURJPY,B,LONG,2022-05-24 10:00:00,2022-05-24 10:50:00,spread_reduced,Pseudo,-0.039405992256713596
GBPJPY,B,LONG,2022-05-24 10:00:00,2022-05-24 10:50:00,spread_reduced,Pseudo,0.5928124153421848
AUDJPY,B,LONG,2022-05-24 10:00:00,2022-05-24 10:50:00,spread_reduced,Pseudo,0.4070551233060401
EURJPY,B,SHORT,2022-05-24 13:30:00,2022-05-24 14:40:00,spread_reduced,Pseudo,0.16897775999491493
GBPJPY,B,SHORT,2022-05-24 13:30:00,2022-05-24 14:40:00,spread_reduced,Pseudo,0.33885541021183574
AUDJPY,B,SHORT,2022-05-24 13:30:00,2022-05-24 14:40:00,spread_reduced,Pseudo,0.7795728208745967
EURJPY,B,LONG,2022-05-24 15:45:00,2022-05-24 16:30:00,spread_reduced,Pseudo,-0.3018046475313045
GBPJPY,B,LONG,2022-05-24 15:45:00,2022-05-24 16:30:00,spread_reduced,Pseudo,-0.15820864321329048
AUDJPY,B,LONG,2022-05-24 15:45:00,2022-05-24 16:30:00,spread_reduced,Pseudo,-0.07426813846977964
EURJPY,B,SHORT,2022-05-24 16:40:00,2022-05-24 17:05:00,spread_reduced,Pseudo,-0.15249911850290232
AUDJPY,B,SHORT,2022-05-24 16:40:00,2022-05-24 17:05:00,spread_reduced,Pseudo,-0.17476611556236737
GBPJPY,B,LONG,2022-05-24 17:50:00,2022-05-24 18:15:00,stop,Pseudo,-0.5103747548766968
EURJPY,B,LONG,2022-05-24 17:50:00,2022-05-24 18:20:00,spread_reduced,Real,0.06710624502156057
AUDJPY,B,LONG,2022-05-24 17:50:00,2022-05-24 18:20:00,spread_reduced,Real,-0.08708197670315165
EURJPY,B,SHORT,2022-05-25 00:00:00,2022-05-25 00:20:00,spread_reduced,Pseudo,-0.10934932654730704
GBPJPY,B,SHORT,2022-05-25 00:00:00,2022-05-25 00:20:00,spread_reduced,Pseudo,-0.2609064069180415
AUDJPY,B,SHORT,2022-05-25 00:00:00,2022-05-25 00:20:00,spread_reduced,Pseudo,-0.2907705064493597
EURJPY,B,SHORT,2022-05-25 01:20:00,2022-05-25 01:50:00,spread_reduced,Real,0.032822755425820915
GBPJPY,B,SHORT,2022-05-25 01:20:00,2022-05-25 01:50:00,spread_reduced,Real,-0.006002416958583723
AUDJPY,B,SHORT,2022-05-25 01:20:00,2022-05-25 01:50:00,spread_reduced,Real,-0.22068060866583158
EURJPY,B,LONG,2022-05-25 02:00:00,2022-05-25 04:05:00,spread_reduced,Pseudo,0.5158410242776709
GBPJPY,B,LONG,2022-05-25 02:00:00,2022-05-25 04:05:00,spread_reduced,Pseudo,0.7573345157553628
AUDJPY,B,LONG,2022-05-25 02:00:00,2022-05-25 04:05:00,spread_reduced,Pseudo,1.2300416061499972
EURJPY,B,LONG,2022-05-25 06:50:00,2022-05-25 07:45:00,spread_reduced,Pseudo,0.22907631943465864
GBPJPY,B,LONG,2022-05-25 06:50:00,2022-05-25 07:45:00,spread_reduced,Both,0.5450347732249099
AUDJPY,B,LONG,2022-05-25 06:50:00,2022-05-25 07:45:00,spread_reduced,Pseudo,-0.3080507377665187
EURJPY,B,SHORT,2022-05-25 08:00:00,2022-05-25 08:35:00,spread_reduced,Pseudo,-0.035903127904246546
GBPJPY,B,SHORT,2022-05-25 08:00:00,2022-05-25 08:35:00,spread_reduced,Pseudo,0.21053051369875528
AUDJPY,B,SHORT,2022-05-25 08:00:00,2022-05-25 08:35:00,spread_reduced,Pseudo,0.2737409017608735
EURJPY,B,SHORT,2022-05-25 09:10:00,2022-05-25 09:30:00,spread_reduced,Pseudo,-0.18476448867832396
GBPJPY,B,SHORT,2022-05-25 09:10:00,2022-05-25 09:30:00,spread_reduced,Pseudo,-0.01859374237208241
AUDJPY,B,SHORT,2022-05-25 09:10:00,2022-05-25 09:30:00,spread_reduced,Pseudo,-0.3376369842946018
EURJPY,B,SHORT,2022-05-25 11:30:00,2022-05-25 12:10:00,spread_reduced,Pseudo,0.0391519192167733
GBPJPY,B,SHORT,2022-05-25 11:30:00,2022-05-25 12:10:00,spread_reduced,Pseudo,-0.21514396922173162
AUDJPY,B,SHORT,2022-05-25 11:30:00,2022-05-25 12:10:00,spread_reduced,Pseudo,0.4038108176919927
EURJPY,B,LONG,2022-05-25 12:55:00,2022-05-25 14:05:00,spread_reduced,Pseudo,0.7288086311919943
GBPJPY,B,LONG,2022-05-25 12:55:00,2022-05-25 14:05:00,spread_reduced,Pseudo,0.8554509742427404
AUDJPY,B,LONG,2022-05-25 12:55:00,2022-05-25 14:05:00,spread_reduced,Pseudo,0.8614771756057701
EURJPY,B,LONG,2022-05-25 14:20:00,2022-05-25 15:00:00,spread_reduced,Pseudo,0.15798349351481278
GBPJPY,B,LONG,2022-05-25 14:20:00,2022-05-25 15:00:00,spread_reduced,Pseudo,0.5240446452606425
AUDJPY,B,LONG,2022-05-25 14:20:00,2022-05-25 15:00:00,spread_reduced,Pseudo,-0.28875351730713505
EURJPY,B,LONG,2022-05-26 00:10:00,2022-05-26 01:10:00,spread_reduced,Pseudo,0.5848176980912297
GBPJPY,B,LONG,2022-05-26 00:10:00,2022-05-26 01:10:00,spread_reduced,Pseudo,0.38252246783221366
AUDJPY,B,LONG,2022-05-26 00:10:00,2022-05-26 01:10:00,spread_reduced,Pseudo,0.3170066285179315
EURJPY,B,SHORT,2022-05-26 01:30:00,2022-05-26 02:05:00,spread_reduced,Pseudo,0.014359050740505216
GBPJPY,B,SHORT,2022-05-26 01:30:00,2022-05-26 02:05:00,spread_reduced,Both,0.25671889456979624
AUDJPY,B,SHORT,2022-05-26 01:30:00,2022-05-26 02:05:00,spread_reduced,Pseudo,0.3191977997124562
EURJPY,B,LONG,2022-05-26 02:25:00,2022-05-26 02:55:00,spread_reduced,Pseudo,-0.12014670807862042
GBPJPY,B,LONG,2022-05-26 02:25:00,2022-05-26 02:55:00,spread_reduced,Pseudo,-0.12145700020257019
AUDJPY,B,LONG,2022-05-26 02:25:00,2022-05-26 02:55:00,spread_reduced,Pseudo,-0.051737419996015596
EURJPY,B,SHORT,2022-05-26 03:00:00,2022-05-26 03:10:00,spread_reduced,Pseudo,-0.2743993394748549
GBPJPY,B,SHORT,2022-05-26 03:00:00,2022-05-26 03:10:00,spread_reduced,Pseudo,-0.3316470185517062
AUDJPY,B,SHORT,2022-05-26 03:00:00,2022-05-26 03:10:00,spread_reduced,Real,-0.11642255845082754
EURJPY,B,SHORT,2022-05-26 04:50:00,2022-05-26 05:20:00,spread_reduced,Real,-0.038280778395331325
GBPJPY,B,SHORT,2022-05-26 04:50:00,2022-05-26 05:20:00,spread_reduced,Real,-0.05607908560478769
AUDJPY,B,SHORT,2022-05-26 04:50:00,2022-05-26 05:20:00,spread_reduced,Real,-0.06666305633943696
GBPJPY,B,SHORT,2022-05-26 07:00:00,2022-05-26 07:05:00,stop,Pseudo,-0.6378949770717846
AUDJPY,B,SHORT,2022-05-26 07:00:00,2022-05-26 07:05:00,stop,Pseudo,-0.6369122817692456
EURJPY,B,SHORT,2022-05-26 07:00:00,2022-05-26 07:25:00,stop,Neither,-0.5000009033339452
GBPJPY,B,SHORT,2022-05-26 07:10:00,2022-05-26 07:30:00,spread_reduced,Real,-0.3392394517511832
AUDJPY,B,SHORT,2022-05-26 07:10:00,2022-05-26 07:30:00,spread_reduced,Real,-0.29666421882497873
EURJPY,B,SHORT,2022-05-26 07:50:00,2022-05-26 08:20:00,spread_reduced,Real,-0.1468785765477154
GBPJPY,B,SHORT,2022-05-26 07:50:00,2022-05-26 08:20:00,spread_reduced,Both,-0.0007920620369213557
AUDJPY,B,SHORT,2022-05-26 07:50:00,2022-05-26 08:20:00,spread_reduced,Pseudo,-0.10205238120490161
EURJPY,B,LONG,2022-05-26 09:30:00,2022-05-26 10:10:00,spread_reduced,Pseudo,0.39557998155655605
GBPJPY,B,LONG,2022-05-26 09:30:00,2022-05-26 10:10:00,spread_reduced,Pseudo,0.17033998850135568
AUDJPY,B,LONG,2022-05-26 09:30:00,2022-05-26 10:10:00,spread_reduced,Pseudo,0.05191288519997469
EURJPY,B,SHORT,2022-05-26 10:35:00,2022-05-26 10:50:00,spread_reduced,Pseudo,-0.4979593411215492
AUDJPY,B,SHORT,2022-05-26 10:35:00,2022-05-26 10:50:00,spread_reduced,Pseudo,-0.47928976949459157
AUDJPY,B,LONG,2022-05-26 11:00:00,2022-05-26 11:50:00,spread_reduced,Pseudo,0.5690628064615548
EURJPY,B,LONG,2022-05-26 11:10:00,2022-05-26 11:50:00,spread_reduced,Pseudo,0.14799436550509232
GBPJPY,B,LONG,2022-05-26 11:10:00,2022-05-26 11:50:00,spread_reduced,Pseudo,-0.1403752123204279
EURJPY,B,SHORT,2022-05-26 12:15:00,2022-05-26 12:40:00,spread_reduced,Pseudo,-0.49706534165006033
GBPJPY,B,SHORT,2022-05-26 12:15:00,2022-05-26 12:40:00,stop,Pseudo,-0.5749755037479284
AUDJPY,B,SHORT,2022-05-26 12:15:00,2022-05-26 12:40:00,stop,Pseudo,-0.6860152262319434
EURJPY,B,LONG,2022-05-26 12:45:00,2022-05-26 13:05:00,spread_reduced,Pseudo,-0.4605226187163562
GBPJPY,B,LONG,2022-05-26 12:45:00,2022-05-26 13:05:00,stop,Pseudo,-0.6809999223216975
AUDJPY,B,LONG,2022-05-26 12:45:00,2022-05-26 13:05:00,spread_reduced,Pseudo,-0.45340441854883434
EURJPY,B,LONG,2022-05-26 13:35:00,2022-05-26 14:50:00,spread_reduced,Pseudo,0.17824998314508456
GBPJPY,B,LONG,2022-05-26 13:50:00,2022-05-26 14:50:00,spread_reduced,Real,0.3055687776728119
AUDJPY,B,LONG,2022-05-26 13:50:00,2022-05-26 14:50:00,spread_reduced,Pseudo,-0.20336989864799815
EURJPY,B,SHORT,2022-05-27 00:40:00,2022-05-27 01:10:00,spread_reduced,Pseudo,-0.4149991231004643
GBPJPY,B,SHORT,2022-05-27 00:40:00,2022-05-27 01:10:00,spread_reduced,Pseudo,-0.2932993724167332
AUDJPY,B,SHORT,2022-05-27 00:40:00,2022-05-27 01:10:00,stop,Pseudo,-0.5532395325766142
EURJPY,B,LONG,2022-05-27 01:15:00,2022-05-27 01:40:00,spread_reduced,Real,-0.42748852968928686
GBPJPY,B,LONG,2022-05-27 01:15:00,2022-05-27 01:40:00,spread_reduced,Neither,-0.4340305826708857
AUDJPY,B,LONG,2022-05-27 01:15:00,2022-05-27 01:40:00,spread_reduced,Real,-0.1273918450461394
EURJPY,B,LONG,2022-05-31 00:05:00,2022-05-31 00:30:00,spread_reduced,Pseudo,-0.15273766304083986
GBPJPY,B,LONG,2022-05-31 00:05:00,2022-05-31 00:30:00,spread_reduced,Pseudo,-0.25230572142020957
AUDJPY,B,LONG,2022-05-31 00:05:00,2022-05-31 00:30:00,spread_reduced,Pseudo,-0.4815199317887986
EURJPY,B,SHORT,2022-05-31 07:25:00,2022-05-31 08:00:00,spread_reduced,Pseudo,0.10645700208174644
GBPJPY,B,SHORT,2022-05-31 07:25:00,2022-05-31 08:00:00,spread_reduced,Pseudo,0.16026771433937567
AUDJPY,B,SHORT,2022-05-31 07:25:00,2022-05-31 08:00:00,spread_reduced,Pseudo,-0.4072325568205878
EURJPY,B,LONG,2022-05-31 08:20:00,2022-05-31 09:30:00,spread_reduced,Pseudo,0.11618707396565675
GBPJPY,B,LONG,2022-05-31 08:20:00,2022-05-31 09:30:00,spread_reduced,Pseudo,-0.08675688674982437
AUDJPY,B,LONG,2022-05-31 08:20:00,2022-05-31 09:30:00,spread_reduced,Pseudo,-0.07829882695757166
EURJPY,B,LONG,2022-05-31 13:45:00,2022-05-31 14:15:00,spread_reduced,Pseudo,-0.48629746985351385
GBPJPY,B,LONG,2022-05-31 13:45:00,2022-05-31 14:15:00,spread_reduced,Pseudo,-0.056629617780153595
AUDJPY,B,LONG,2022-05-31 13:45:00,2022-05-31 14:15:00,spread_reduced,Pseudo,-0.02569156524053392
EURJPY,B,LONG,2022-05-31 17:50:00,2022-05-31 18:15:00,spread_reduced,Pseudo,-0.1621702790851609
GBPJPY,B,LONG,2022-05-31 17:50:00,2022-05-31 18:15:00,spread_reduced,Real,-0.23519844006884377
AUDJPY,B,LONG,2022-05-31 17:50:00,2022-05-31 18:15:00,spread_reduced,Both,-0.2058332932560377
USDJPY,B,LONG,2022-06-01 00:05:00,2022-06-01 01:00:00,spread_reduced,Pseudo,0.09772439818826288
NZDJPY,B,LONG,2022-06-01 00:05:00,2022-06-01 01:00:00,spread_reduced,Pseudo,0.2973770379580317
CHFJPY,B,LONG,2022-06-01 00:05:00,2022-06-01 01:00:00,spread_reduced,Pseudo,-0.12831349459515215
USDJPY,B,SHORT,2022-06-01 04:30:00,2022-06-01 04:45:00,spread_reduced,Pseudo,-0.1593232481983768
CHFJPY,B,SHORT,2022-06-01 04:30:00,2022-06-01 04:45:00,spread_reduced,Both,-0.06872318965589486
USDJPY,B,LONG,2022-06-01 07:00:00,2022-06-01 07:40:00,spread_reduced,Pseudo,0.07282896263719844
NZDJPY,B,LONG,2022-06-01 07:00:00,2022-06-01 07:40:00,spread_reduced,Pseudo,0.35464319498486796
CHFJPY,B,LONG,2022-06-01 07:00:00,2022-06-01 07:40:00,spread_reduced,Pseudo,-0.10068314889351745
USDJPY,B,SHORT,2022-06-01 15:30:00,2022-06-01 15:55:00,spread_reduced,Pseudo,-0.3853579913926838
NZDJPY,B,SHORT,2022-06-01 15:30:00,2022-06-01 15:55:00,spread_reduced,Pseudo,-0.12299767757887696
CHFJPY,B,SHORT,2022-06-01 15:30:00,2022-06-01 15:55:00,spread_reduced,Pseudo,-0.4546108027808268
USDJPY,B,SHORT,2022-06-02 00:05:00,2022-06-02 00:45:00,spread_reduced,Pseudo,0.09297208553867473
CHFJPY,B,SHORT,2022-06-02 00:05:00,2022-06-02 00:45:00,spread_reduced,Pseudo,-0.26848045605828064
USDJPY,B,LONG,2022-06-02 02:35:00,2022-06-02 03:05:00,spread_reduced,Pseudo,0.013490297539868006
NZDJPY,B,LONG,2022-06-02 02:35:00,2022-06-02 03:05:00,spread_reduced,Real,-0.1683249390151964
CHFJPY,B,LONG,2022-06-02 02:35:00,2022-06-02 03:05:00,spread_reduced,Pseudo,-0.13999902790555002
USDJPY,B,LONG,2022-06-02 06:45:00,2022-06-02 07:35:00,spread_reduced,Pseudo,-0.09938758318051022
NZDJPY,B,LONG,2022-06-02 06:45:00,2022-06-02 07:35:00,spread_reduced,Real,0.41511063794523
CHFJPY,B,LONG,2022-06-02 06:45:00,2022-06-02 07:35:00,spread_reduced,Neither,-0.36811432555661217
USDJPY,B,LONG,2022-06-02 14:05:00,2022-06-02 14:35:00,spread_reduced,Pseudo,-0.22244637462631722
NZDJPY,B,LONG,2022-06-02 14:05:00,2022-06-02 14:35:00,spread_reduced,Both,0.025142635133719914
CHFJPY,B,LONG,2022-06-02 14:05:00,2022-06-02 14:35:00,spread_reduced,Both,-0.005534306355858831
NZDJPY,B,LONG,2022-06-03 12:30:00,2022-06-03 12:40:00,stop,Pseudo,-0.6813553079532871
CHFJPY,B,LONG,2022-06-03 12:30:00,2022-06-03 12:45:00,stop,Pseudo,-0.5536422783281036
USDJPY,B,LONG,2022-06-03 12:30:00,2022-06-03 13:00:00,spread_reduced,Neither,0.2154135319101247
USDJPY,B,SHORT,2022-06-03 14:25:00,2022-06-03 14:50:00,stop,Pseudo,-0.5920782153093403
NZDJPY,B,SHORT,2022-06-03 14:25:00,2022-06-03 14:50:00,spread_reduced,Pseudo,-0.31181774732898704
CHFJPY,B,SHORT,2022-06-03 14:25:00,2022-06-03 14:50:00,spread_reduced,Pseudo,-0.44183456842783464
USDJPY,B,SHORT,2022-06-06 01:20:00,2022-06-06 01:55:00,spread_reduced,Pseudo,-0.008273346503958242
NZDJPY,B,SHORT,2022-06-06 01:20:00,2022-06-06 01:55:00,spread_reduced,Pseudo,-0.07302339330395036
CHFJPY,B,SHORT,2022-06-06 01:20:00,2022-06-06 01:55:00,spread_reduced,Pseudo,-0.03750737530598218
USDJPY,B,LONG,2022-06-06 04:25:00,2022-06-06 05:35:00,spread_reduced,Pseudo,0.001933113339773011
NZDJPY,B,LONG,2022-06-06 04:25:00,2022-06-06 05:35:00,spread_reduced,Pseudo,0.18390813015334295
CHFJPY,B,LONG,2022-06-06 04:25:00,2022-06-06 05:35:00,spread_reduced,Pseudo,-0.0509732092748294
USDJPY,B,LONG,2022-06-06 07:50:00,2022-06-06 08:30:00,spread_reduced,Real,-0.15355289559867055
NZDJPY,B,LONG,2022-06-06 07:50:00,2022-06-06 08:30:00,spread_reduced,Pseudo,0.3668945137883147
CHFJPY,B,LONG,2022-06-06 07:50:00,2022-06-06 08:30:00,spread_reduced,Both,-0.05829861613508107
USDJPY,B,LONG,2022-06-06 23:45:00,2022-06-07 00:00:00,spread_reduced,Pseudo,-0.24890077543404665
NZDJPY,B,LONG,2022-06-06 23:45:00,2022-06-07 00:00:00,stop,Pseudo,-0.554400411165131
CHFJPY,B,LONG,2022-06-06 23:45:00,2022-06-07 00:00:00,spread_reduced,Both,-0.21246901770040813
USDJPY,B,LONG,2022-06-07 01:15:00,2022-06-07 01:45:00,spread_reduced,Real,-0.06601164036224016
NZDJPY,B,LONG,2022-06-07 01:15:00,2022-06-07 01:45:00,spread_reduced,Pseudo,0.0673350185884658
CHFJPY,B,LONG,2022-06-07 01:15:00,2022-06-07 01:45:00,spread_reduced,Real,0.013901639048648681
USDJPY,B,LONG,2022-06-07 04:30:00,2022-06-07 05:00:00,spread_reduced,Pseudo,0.661354135751117
NZDJPY,B,LONG,2022-06-07 04:30:00,2022-06-07 05:00:00,spread_reduced,Pseudo,-0.4638947136695141
CHFJPY,B,LONG,2022-06-07 04:30:00,2022-06-07 05:00:00,spread_reduced,Pseudo,0.37494989366833786
USDJPY,B,SHORT,2022-06-07 05:10:00,2022-06-07 06:00:00,spread_reduced,Pseudo,-0.3356919096539161
NZDJPY,B,SHORT,2022-06-07 05:10:00,2022-06-07 06:00:00,spread_reduced,Pseudo,-0.16594419956939
CHFJPY,B,SHORT,2022-06-07 05:10:00,2022-06-07 06:00:00,spread_reduced,Pseudo,0.07846679346423802
USDJPY,B,LONG,2022-06-07 13:35:00,2022-06-07 13:45:00,stop,Pseudo,-0.867993981319278
NZDJPY,B,LONG,2022-06-07 13:35:00,2022-06-07 14:10:00,spread_reduced,Pseudo,0.2488876235875459
CHFJPY,B,LONG,2022-06-07 13:35:00,2022-06-07 14:10:00,spread_reduced,Pseudo,0.12053131305411746
USDJPY,B,LONG,2022-06-08 00:55:00,2022-06-08 01:25:00,spread_reduced,Pseudo,-0.42651920079391414
NZDJPY,B,LONG,2022-06-08 00:55:00,2022-06-08 01:25:00,spread_reduced,Pseudo,-0.4010218724970575
CHFJPY,B,LONG,2022-06-08 00:55:00,2022-06-08 01:25:00,spread_reduced,Pseudo,-0.420462681246625
USDJPY,B,LONG,2022-06-08 09:40:00,2022-06-08 11:05:00,spread_reduced,Pseudo,0.19744245950333492
NZDJPY,B,LONG,2022-06-08 09:40:00,2022-06-08 11:05:00,spread_reduced,Pseudo,0.4610088546598649
CHFJPY,B,LONG,2022-06-08 09:40:00,2022-06-08 11:05:00,spread_reduced,Pseudo,0.5155576956158056
USDJPY,B,LONG,2022-06-08 11:35:00,2022-06-08 12:00:00,spread_reduced,Pseudo,-0.3562433408600407
NZDJPY,B,LONG,2022-06-08 11:35:00,2022-06-08 12:00:00,spread_reduced,Pseudo,-0.341689026486088
CHFJPY,B,LONG,2022-06-08 11:35:00,2022-06-08 12:00:00,spread_reduced,Pseudo,-0.34194307679865277
USDJPY,B,LONG,2022-06-08 12:35:00,2022-06-08 13:10:00,spread_reduced,Pseudo,-0.24763059721433223
NZDJPY,B,LONG,2022-06-08 12:35:00,2022-06-08 13:10:00,spread_reduced,Real,0.5590994015104064
CHFJPY,B,LONG,2022-06-08 12:35:00,2022-06-08 13:10:00,spread_reduced,Real,0.4419395000470061
USDJPY,B,SHORT,2022-06-08 14:15:00,2022-06-08 15:15:00,spread_reduced,Pseudo,0.020463514291561385
NZDJPY,B,SHORT,2022-06-08 14:15:00,2022-06-08 15:15:00,spread_reduced,Pseudo,-0.04902589411859282
CHFJPY,B,SHORT,2022-06-08 14:15:00,2022-06-08 15:15:00,spread_reduced,Pseudo,0.3349175751770443
USDJPY,B,LONG,2022-06-08 15:30:00,2022-06-08 16:25:00,spread_reduced,Pseudo,0.03786144609444857
NZDJPY,B,LONG,2022-06-08 15:30:00,2022-06-08 16:25:00,spread_reduced,Pseudo,-0.19512720028166028
CHFJPY,B,LONG,2022-06-08 15:30:00,2022-06-08 16:25:00,spread_reduced,Pseudo,-0.023920348742323405
USDJPY,B,SHORT,2022-06-08 16:35:00,2022-06-08 17:05:00,spread_reduced,Pseudo,-0.3764107942048067
NZDJPY,B,SHORT,2022-06-08 16:35:00,2022-06-08 17:05:00,spread_reduced,Pseudo,-0.17612446737909812
CHFJPY,B,SHORT,2022-06-08 16:35:00,2022-06-08 17:05:00,spread_reduced,Pseudo,-0.06639090167729715
NZDJPY,B,SHORT,2022-06-08 17:35:00,2022-06-08 17:50:00,stop,Pseudo,-0.5046538785716445
USDJPY,B,SHORT,2022-06-08 17:35:00,2022-06-08 17:55:00,spread_reduced,Pseudo,-0.3042411340553978
CHFJPY,B,SHORT,2022-06-08 17:35:00,2022-06-08 17:55:00,spread_reduced,Pseudo,-0.3386135640768284
USDJPY,B,SHORT,2022-06-09 01:00:00,2022-06-09 01:30:00,spread_reduced,Pseudo,-0.14481555869279758
NZDJPY,B,SHORT,2022-06-09 01:00:00,2022-06-09 01:30:00,spread_reduced,Pseudo,-0.3693943790696874
CHFJPY,B,SHORT,2022-06-09 01:00:00,2022-06-09 01:30:00,spread_reduced,Pseudo,-0.18563947176490164
USDJPY,B,SHORT,2022-06-09 03:45:00,2022-06-09 04:15:00,spread_reduced,Pseudo,-0.30063523477015985
NZDJPY,B,SHORT,2022-06-09 03:45:00,2022-06-09 04:15:00,spread_reduced,Pseudo,-0.11847953338891179
CHFJPY,B,SHORT,2022-06-09 03:45:00,2022-06-09 04:15:00,spread_reduced,Pseudo,-0.25744548908660886
USDJPY,B,SHORT,2022-06-09 05:30:00,2022-06-09 06:05:00,spread_reduced,Pseudo,-0.07667020019826629
NZDJPY,B,SHORT,2022-06-09 05:30:00,2022-06-09 06:05:00,spread_reduced,Pseudo,0.08803707339251807
CHFJPY,B,SHORT,2022-06-09 05:30:00,2022-06-09 06:05:00,spread_reduced,Pseudo,0.22795906123825502
USDJPY,B,SHORT,2022-06-09 07:15:00,2022-06-09 08:05:00,spread_reduced,Real,0.3310697513633591
NZDJPY,B,SHORT,2022-06-09 07:15:00,2022-06-09 08:05:00,spread_reduced,Real,0.7846520924763938
CHFJPY,B,SHORT,2022-06-09 07:15:00,2022-06-09 08:05:00,spread_reduced,Pseudo,0.2387012218626102
USDJPY,B,LONG,2022-06-09 08:35:00,2022-06-09 09:05:00,spread_reduced,Pseudo,-0.2538347216416067
NZDJPY,B,LONG,2022-06-09 08:35:00,2022-06-09 09:05:00,spread_reduced,Pseudo,-0.09747400331342841
CHFJPY,B,LONG,2022-06-09 08:35:00,2022-06-09 09:05:00,spread_reduced,Pseudo,-0.06180890957589262
USDJPY,B,SHORT,2022-06-09 10:05:00,2022-06-09 11:05:00,spread_reduced,Pseudo,-0.04569098062220019
NZDJPY,B,SHORT,2022-06-09 10:05:00,2022-06-09 11:05:00,spread_reduced,Real,0.02250403827815569
CHFJPY,B,SHORT,2022-06-09 10:05:00,2022-06-09 11:05:00,spread_reduced,Real,0.2057142040179742
USDJPY,B,LONG,2022-06-09 11:45:00,2022-06-09 12:30:00,spread_reduced,Pseudo,0.21126695846929167
CHFJPY,B,LONG,2022-06-09 11:45:00,2022-06-09 12:30:00,spread_reduced,Pseudo,0.8543461492540594
NZDJPY,B,LONG,2022-06-09 11:50:00,2022-06-09 12:30:00,spread_reduced,Pseudo,-0.30037507364525745
NZDJPY,B,SHORT,2022-06-09 12:40:00,2022-06-09 13:15:00,spread_reduced,Pseudo,-0.09370041982995995
NZDJPY,B,SHORT,2022-06-09 13:40:00,2022-06-09 14:10:00,spread_reduced,Real,0.19736915179136005
CHFJPY,B,SHORT,2022-06-09 13:40:00,2022-06-09 14:10:00,spread_reduced,Real,-0.23999026485762207
USDJPY,B,LONG,2022-06-09 14:45:00,2022-06-09 15:10:00,spread_reduced,Pseudo,-0.15843445354946084
NZDJPY,B,LONG,2022-06-09 14:45:00,2022-06-09 15:10:00,spread_reduced,Both,-0.36702231675396957
CHFJPY,B,LONG,2022-06-09 14:45:00,2022-06-09 15:10:00,spread_reduced,Real,-0.1733975761422461
USDJPY,B,SHORT,2022-06-09 15:25:00,2022-06-09 15:55:00,spread_reduced,Both,-0.0007150588864727563
NZDJPY,B,SHORT,2022-06-09 15:25:00,2022-06-09 15:55:00,spread_reduced,Both,-0.22791559801464228
CHFJPY,B,SHORT,2022-06-09 15:25:00,2022-06-09 15:55:00,spread_reduced,Pseudo,-0.2319424260953292
USDJPY,B,SHORT,2022-06-10 00:05:00,2022-06-10 00:40:00,spread_reduced,Real,0.1905138333370508
NZDJPY,B,SHORT,2022-06-10 00:05:00,2022-06-10 00:40:00,spread_reduced,Pseudo,-0.09595527095170495
CHFJPY,B,SHORT,2022-06-10 00:05:00,2022-06-10 00:40:00,spread_reduced,Pseudo,-0.06290457070308916
NZDJPY,B,SHORT,2022-06-10 05:05:00,2022-06-10 05:15:00,stop,Pseudo,-0.512299785665693
USDJPY,B,SHORT,2022-06-10 05:05:00,2022-06-10 05:30:00,spread_reduced,Pseudo,-0.28107543317131467
CHFJPY,B,SHORT,2022-06-10 05:05:00,2022-06-10 05:30:00,spread_reduced,Pseudo,-0.24955268283233245
NZDJPY,B,SHORT,2022-06-10 05:25:00,2022-06-10 05:30:00,spread_reduced,Pseudo,-0.02981309013409354
USDJPY,B,SHORT,2022-06-10 07:25:00,2022-06-10 07:45:00,stop,Pseudo,-0.5205110875767804
NZDJPY,B,SHORT,2022-06-10 07:25:00,2022-06-10 07:45:00,stop,Pseudo,-0.5078210335294209
CHFJPY,B,SHORT,2022-06-10 07:25:00,2022-06-10 07:55:00,spread_reduced,Pseudo,-0.06058291168464791
USDJPY,B,SHORT,2022-06-10 07:50:00,2022-06-10 07:55:00,spread_reduced,Pseudo,-0.12174138733008397
NZDJPY,B,SHORT,2022-06-10 07:50:00,2022-06-10 07:55:00,spread_reduced,Real,0.07699128485105788
USDJPY,B,LONG,2022-06-10 08:00:00,2022-06-10 08:30:00,spread_reduced,Real,0.08654666601100777
NZDJPY,B,LONG,2022-06-10 08:00:00,2022-06-10 08:30:00,spread_reduced,Real,0.22822192303924757
CHFJPY,B,LONG,2022-06-10 08:00:00,2022-06-10 08:30:00,spread_reduced,Real,-0.05565078888654836
USDJPY,B,SHORT,2022-06-10 10:05:00,2022-06-10 10:25:00,spread_reduced,Pseudo,-0.2574593998548499
NZDJPY,B,SHORT,2022-06-10 10:05:00,2022-06-10 10:25:00,spread_reduced,Pseudo,-0.27057248955405144
CHFJPY,B,SHORT,2022-06-10 10:05:00,2022-06-10 10:25:00,spread_reduced,Pseudo,-0.1548212514831023
USDJPY,B,SHORT,2022-06-10 12:35:00,2022-06-10 13:15:00,stop,Pseudo,-0.8149703425946638
CHFJPY,B,SHORT,2022-06-10 12:35:00,2022-06-10 13:15:00,spread_reduced,Pseudo,0.02994262061499035
NZDJPY,B,SHORT,2022-06-10 12:40:00,2022-06-10 13:15:00,spread_reduced,Pseudo,0.5228243948998864
USDJPY,B,SHORT,2022-06-10 14:10:00,2022-06-10 14:35:00,spread_reduced,Pseudo,-0.4098030568730297
NZDJPY,B,SHORT,2022-06-10 14:10:00,2022-06-10 14:35:00,spread_reduced,Pseudo,-0.3600609856034461
CHFJPY,B,SHORT,2022-06-10 14:10:00,2022-06-10 14:35:00,spread_reduced,Pseudo,-0.49873350113127657
USDJPY,B,LONG,2022-06-10 14:50:00,2022-06-10 15:20:00,spread_reduced,Pseudo,-0.05909762851567339
NZDJPY,B,LONG,2022-06-10 14:50:00,2022-06-10 15:20:00,spread_reduced,Pseudo,-0.0747226940604288
CHFJPY,B,LONG,2022-06-10 14:50:00,2022-06-10 15:20:00,spread_reduced,Pseudo,-0.19946606227531455
USDJPY,B,SHORT,2022-06-10 15:35:00,2022-06-10 15:55:00,spread_reduced,Pseudo,-0.10631617611426651
NZDJPY,B,SHORT,2022-06-10 15:35:00,2022-06-10 15:55:00,stop,Pseudo,-0.602802632090264
CHFJPY,B,SHORT,2022-06-10 15:35:00,2022-06-10 15:55:00,spread_reduced,Pseudo,-0.2316534541986215
USDJPY,B,SHORT,2022-06-13 05:35:00,2022-06-13 05:55:00,spread_reduced,Pseudo,-0.33956547133969417
NZDJPY,B,SHORT,2022-06-13 05:35:00,2022-06-13 05:55:00,spread_reduced,Pseudo,-0.36506024917729957
CHFJPY,B,SHORT,2022-06-13 05:35:00,2022-06-13 05:55:00,spread_reduced,Real,-0.28688595386013505
USDJPY,B,SHORT,2022-06-13 06:00:00,2022-06-13 06:35:00,spread_reduced,Pseudo,0.04501801081309894
NZDJPY,B,SHORT,2022-06-13 06:00:00,2022-06-13 06:35:00,spread_reduced,Real,0.15353448467658737
CHFJPY,B,SHORT,2022-06-13 06:00:00,2022-06-13 06:35:00,spread_reduced,Real,0.3147837819973409
USDJPY,B,SHORT,2022-06-13 07:00:00,2022-06-13 07:20:00,spread_reduced,Pseudo,-0.34512740489104726
NZDJPY,B,SHORT,2022-06-13 07:00:00,2022-06-13 07:20:00,spread_reduced,Pseudo,-0.31515641136703465
CHFJPY,B,SHORT,2022-06-13 07:00:00,2022-06-13 07:20:00,spread_reduced,Pseudo,-0.43131884377782076
USDJPY,B,SHORT,2022-06-13 07:50:00,2022-06-13 08:30:00,spread_reduced,Both,0.3607316863650049
NZDJPY,B,SHORT,2022-06-13 07:50:00,2022-06-13 08:30:00,spread_reduced,Pseudo,0.4814204886402681
CHFJPY,B,SHORT,2022-06-13 07:50:00,2022-06-13 08:30:00,spread_reduced,Real,-0.06081730901175142
USDJPY,B,SHORT,2022-06-13 08:40:00,2022-06-13 09:10:00,spread_reduced,Real,-0.27507637937618235
NZDJPY,B,SHORT,2022-06-13 08:40:00,2022-06-13 09:10:00,spread_reduced,Real,-0.08886450954714853
CHFJPY,B,SHORT,2022-06-13 08:40:00,2022-06-13 09:10:00,spread_reduced,Real,-0.0904479811565384
USDJPY,B,SHORT,2022-06-13 12:20:00,2022-06-13 14:05:00,spread_reduced,Pseudo,0.4866283664811307
NZDJPY,B,SHORT,2022-06-13 12:20:00,2022-06-13 14:05:00,spread_reduced,Pseudo,1.026519466386544
CHFJPY,B,SHORT,2022-06-13 12:20:00,2022-06-13 14:05:00,spread_reduced,Pseudo,1.6737795933908783
USDJPY,B,SHORT,2022-06-13 14:40:00,2022-06-13 15:10:00,spread_reduced,Pseudo,-0.3978765341097201
NZDJPY,B,SHORT,2022-06-13 14:40:00,2022-06-13 15:10:00,spread_reduced,Pseudo,-0.16307683308373438
CHFJPY,B,SHORT,2022-06-13 14:40:00,2022-06-13 15:10:00,spread_reduced,Pseudo,0.051598850818142715
USDJPY,B,LONG,2022-06-13 15:15:00,2022-06-13 15:50:00,spread_reduced,Pseudo,-0.011899294807752685
NZDJPY,B,LONG,2022-06-13 15:15:00,2022-06-13 15:50:00,spread_reduced,Pseudo,0.04941637672188175
CHFJPY,B,LONG,2022-06-13 15:15:00,2022-06-13 15:50:00,spread_reduced,Pseudo,0.054022313990209625
NZDJPY,B,LONG,2022-06-13 16:30:00,2022-06-13 16:50:00,stop,Pseudo,-0.6544776266601549
USDJPY,B,LONG,2022-06-13 16:30:00,2022-06-13 16:55:00,spread_reduced,Real,0.19315196610307045
CHFJPY,B,LONG,2022-06-13 16:30:00,2022-06-13 16:55:00,spread_reduced,Pseudo,-0.22797830262159352
USDJPY,B,SHORT,2022-06-13 17:00:00,2022-06-13 17:40:00,spread_reduced,Pseudo,0.0638871130907992
NZDJPY,B,SHORT,2022-06-13 17:00:00,2022-06-13 17:40:00,stop,Pseudo,-0.7018436762520341
CHFJPY,B,SHORT,2022-06-13 17:00:00,2022-06-13 17:40:00,spread_reduced,Pseudo,-0.25417910363005153
USDJPY,B,SHORT,2022-06-13 18:15:00,2022-06-13 18:35:00,spread_reduced,Pseudo,-0.27672240751456617
NZDJPY,B,SHORT,2022-06-13 18:15:00,2022-06-13 18:35:00,spread_reduced,Pseudo,-0.21223413809012825
CHFJPY,B,SHORT,2022-06-13 18:15:00,2022-06-13 18:35:00,spread_reduced,Pseudo,-0.22588838178109566
USDJPY,B,SHORT,2022-06-13 19:55:00,2022-06-13 20:15:00,spread_reduced,Pseudo,-0.10367838701045666
NZDJPY,B,SHORT,2022-06-13 19:55:00,2022-06-13 20:15:00,spread_reduced,Pseudo,-0.3870155583140337
CHFJPY,B,SHORT,2022-06-13 19:55:00,2022-06-13 20:15:00,spread_reduced,Pseudo,-0.1590377626722687
USDJPY,B,SHORT,2022-06-14 00:25:00,2022-06-14 00:45:00,spread_reduced,Pseudo,-0.29314668446519165
NZDJPY,B,SHORT,2022-06-14 00:25:00,2022-06-14 00:45:00,spread_reduced,Pseudo,-0.2122607261979918
CHFJPY,B,SHORT,2022-06-14 00:25:00,2022-06-14 00:45:00,spread_reduced,Pseudo,-0.39965682167960226
USDJPY,B,LONG,2022-06-14 00:55:00,2022-06-14 01:05:00,spread_reduced,Pseudo,-0.10507328695526694
NZDJPY,B,LONG,2022-06-14 00:55:00,2022-06-14 01:05:00,spread_reduced,Pseudo,-0.41773598588801253
CHFJPY,B,LONG,2022-06-14 00:55:00,2022-06-14 01:05:00,spread_reduced,Pseudo,-0.2417579315544168
USDJPY,B,LONG,2022-06-14 03:25:00,2022-06-14 04:30:00,spread_reduced,Pseudo,-0.2655536648417482
NZDJPY,B,LONG,2022-06-14 03:25:00,2022-06-14 04:30:00,spread_reduced,Pseudo,0.7386287178993516
CHFJPY,B,LONG,2022-06-14 03:25:00,2022-06-14 04:30:00,spread_reduced,Pseudo,0.03516121614170291
NZDJPY,B,SHORT,2022-06-14 04:35:00,2022-06-14 05:05:00,spread_reduced,Pseudo,-0.09100712960274926
CHFJPY,B,SHORT,2022-06-14 04:35:00,2022-06-14 05:05:00,spread_reduced,Pseudo,-0.09432469542628812
USDJPY,B,SHORT,2022-06-14 04:45:00,2022-06-14 05:05:00,spread_reduced,Pseudo,-0.24477723212738373
CHFJPY,B,SHORT,2022-06-14 08:15:00,2022-06-14 08:30:00,stop,Pseudo,-0.919319138294276
USDJPY,B,SHORT,2022-06-14 08:15:00,2022-06-14 09:10:00,spread_reduced,Pseudo,0.01665958108520993
NZDJPY,B,SHORT,2022-06-14 08:15:00,2022-06-14 09:10:00,spread_reduced,Pseudo,0.37229156938682156
CHFJPY,B,SHORT,2022-06-14 08:40:00,2022-06-14 09:10:00,spread_reduced,Pseudo,0.2167535317711596
USDJPY,B,SHORT,2022-06-14 09:55:00,2022-06-14 10:45:00,spread_reduced,Pseudo,-0.2913218175268166
NZDJPY,B,SHORT,2022-06-14 09:55:00,2022-06-14 10:45:00,spread_reduced,Pseudo,0.30175349312870176
CHFJPY,B,SHORT,2022-06-14 09:55:00,2022-06-14 10:45:00,spread_reduced,Pseudo,-0.12641904650971075
NZDJPY,B,LONG,2022-06-14 11:25:00,2022-06-14 11:40:00,spread_reduced,Pseudo,-0.13915526127513309
NZDJPY,B,SHORT,2022-06-14 13:40:00,2022-06-14 13:55:00,stop,Pseudo,-0.6375049307813334
USDJPY,B,SHORT,2022-06-14 13:40:00,2022-06-14 14:00:00,stop,Pseudo,-0.5010370963853077
CHFJPY,B,SHORT,2022-06-14 13:40:00,2022-06-14 14:10:00,spread_reduced,Real,0.05622104046835534
USDJPY,B,SHORT,2022-06-14 14:05:00,2022-06-14 14:10:00,spread_reduced,Neither,-0.10234761233141043
NZDJPY,B,SHORT,2022-06-14 14:05:00,2022-06-14 14:10:00,spread_reduced,Real,0.09946916793683129
USDJPY,B,SHORT,2022-06-14 14:25:00,2022-06-14 14:45:00,spread_reduced,Both,-0.28088715981566814
NZDJPY,B,SHORT,2022-06-14 14:25:00,2022-06-14 14:45:00,stop,Pseudo,-0.8029891576389522
CHFJPY,B,SHORT,2022-06-14 14:25:00,2022-06-14 14:45:00,spread_reduced,Pseudo,-0.17509572354283226
USDJPY,B,LONG,2022-06-14 15:10:00,2022-06-14 15:40:00,spread_reduced,Pseudo,0.04373809790910362
NZDJPY,B,LONG,2022-06-14 15:10:00,2022-06-14 15:40:00,spread_reduced,Pseudo,-0.08153737864598684
CHFJPY,B,LONG,2022-06-14 15:10:00,2022-06-14 15:40:00,spread_reduced,Pseudo,-0.4764236067943036
USDJPY,B,LONG,2022-06-14 20:30:00,2022-06-14 21:15:00,spread_reduced,Pseudo,0.2517369674001439
NZDJPY,B,LONG,2022-06-14 20:30:00,2022-06-14 21:15:00,spread_reduced,Pseudo,0.33679979784865627
CHFJPY,B,LONG,2022-06-14 20:30:00,2022-06-14 21:25:00,spread_reduced,Pseudo,0.21289650599909393
USDJPY,B,SHORT,2022-06-15 00:20:00,2022-06-15 00:35:00,spread_reduced,Real,-0.008147721882364086
NZDJPY,B,SHORT,2022-06-15 00:20:00,2022-06-15 00:35:00,spread_reduced,Real,-0.20235675164403943
CHFJPY,B,SHORT,2022-06-15 00:20:00,2022-06-15 00:35:00,spread_reduced,Real,-0.07342218785540608
USDJPY,B,SHORT,2022-06-15 03:15:00,2022-06-15 03:45:00,spread_reduced,Real,-0.03900659347129872
NZDJPY,B,SHORT,2022-06-15 03:15:00,2022-06-15 03:45:00,spread_reduced,Real,-0.09718943052180093
CHFJPY,B,SHORT,2022-06-15 03:15:00,2022-06-15 03:45:00,spread_reduced,Real,0.04379778866917909
USDJPY,B,SHORT,2022-06-15 05:10:00,2022-06-15 05:30:00,spread_reduced,Pseudo,-0.4815736911806627
NZDJPY,B,SHORT,2022-06-15 05:10:00,2022-06-15 05:30:00,stop,Pseudo,-0.8030540189118234
CHFJPY,B,SHORT,2022-06-15 05:10:00,2022-06-15 05:30:00,spread_reduced,Both,-0.10072098177582589
NZDJPY,B,LONG,2022-06-15 05:35:00,2022-06-15 05:45:00,stop,Pseudo,-0.6182115782896366
USDJPY,B,LONG,2022-06-15 05:35:00,2022-06-15 05:55:00,spread_reduced,Pseudo,-0.49688632510103137
CHFJPY,B,LONG,2022-06-15 05:35:00,2022-06-15 05:55:00,spread_reduced,Pseudo,-0.3192878524687822
NZDJPY,B,LONG,2022-06-15 05:50:00,2022-06-15 05:55:00,stop,Pseudo,-0.5237528876959793
USDJPY,B,SHORT,2022-06-15 06:00:00,2022-06-15 06:25:00,spread_reduced,Real,0.07845841251548821
NZDJPY,B,SHORT,2022-06-15 06:00:00,2022-06-15 06:25:00,spread_reduced,Real,-0.21864986848322648
CHFJPY,B,SHORT,2022-06-15 06:00:00,2022-06-15 06:25:00,spread_reduced,Pseudo,-0.48199934236059505
USDJPY,B,LONG,2022-06-15 08:05:00,2022-06-15 08:55:00,stop,Pseudo,-0.5313761788631559
NZDJPY,B,LONG,2022-06-15 08:05:00,2022-06-15 08:55:00,spread_reduced,Pseudo,0.011803909336342382
CHFJPY,B,LONG,2022-06-15 08:05:00,2022-06-15 08:55:00,spread_reduced,Both,-0.1339354659472732
USDJPY,B,SHORT,2022-06-15 09:10:00,2022-06-15 09:40:00,spread_reduced,Real,-0.23133394063257207
NZDJPY,B,SHORT,2022-06-15 09:10:00,2022-06-15 09:40:00,spread_reduced,Pseudo,-0.484955412633085
CHFJPY,B,SHORT,2022-06-15 09:10:00,2022-06-15 09:40:00,spread_reduced,Pseudo,0.10445357078307331
USDJPY,B,LONG,2022-06-15 11:20:00,2022-06-15 11:40:00,spread_reduced,Pseudo,-0.20766121840902024
NZDJPY,B,LONG,2022-06-15 11:20:00,2022-06-15 11:40:00,spread_reduced,Pseudo,-0.2734107888941277
CHFJPY,B,LONG,2022-06-15 11:20:00,2022-06-15 11:40:00,spread_reduced,Pseudo,-0.4320340110367897
NZDJPY,B,SHORT,2022-06-15 15:10:00,2022-06-15 16:25:00,spread_reduced,Real,-0.04180691896649158
CHFJPY,B,SHORT,2022-06-15 15:10:00,2022-06-15 16:25:00,spread_reduced,Pseudo,0.5316184787728847
USDJPY,B,LONG,2022-06-15 18:15:00,2022-06-15 18:30:00,spread_reduced,Pseudo,-0.20864756142850255
NZDJPY,B,LONG,2022-06-15 18:15:00,2022-06-15 18:30:00,stop,Pseudo,-1.1954653238858137
CHFJPY,B,LONG,2022-06-15 18:15:00,2022-06-15 18:30:00,spread_reduced,Pseudo,-0.14199972766511712
USDJPY,B,SHORT,2022-06-15 18:30:00,2022-06-15 18:35:00,spread_reduced,Real,0.9875032174373466
NZDJPY,B,SHORT,2022-06-15 18:30:00,2022-06-15 18:35:00,stop,Pseudo,-1.6494114595060339
CHFJPY,B,SHORT,2022-06-15 18:30:00,2022-06-15 18:35:00,stop,Pseudo,-0.6016126822910491
NZDJPY,B,LONG,2022-06-15 19:00:00,2022-06-15 19:05:00,spread_reduced,Pseudo,-0.05958732430940324
CHFJPY,B,LONG,2022-06-15 19:00:00,2022-06-15 19:05:00,spread_reduced,Pseudo,-0.11091150797049032
USDJPY,B,SHORT,2022-06-15 19:50:00,2022-06-15 19:55:00,spread_reduced,Pseudo,-0.04059111073232795
NZDJPY,B,SHORT,2022-06-15 19:50:00,2022-06-15 19:55:00,spread_reduced,Pseudo,-0.029887972256744298
CHFJPY,B,SHORT,2022-06-15 19:50:00,2022-06-15 19:55:00,spread_reduced,Pseudo,-0.12945129431633323
USDJPY,B,LONG,2022-06-15 22:10:00,2022-06-15 22:45:00,spread_reduced,Pseudo,0.24291707402005852
NZDJPY,B,LONG,2022-06-15 22:10:00,2022-06-15 22:45:00,stop,Pseudo,-0.8682184296219624
CHFJPY,B,LONG,2022-06-15 22:10:00,2022-06-15 22:45:00,spread_reduced,Pseudo,-0.036408205798014556
NZDJPY,B,SHORT,2022-06-15 22:50:00,2022-06-15 22:55:00,stop,Pseudo,-0.517991632832023
USDJPY,B,SHORT,2022-06-15 22:50:00,2022-06-15 23:20:00,spread_reduced,Real,0.11112001525100576
CHFJPY,B,SHORT,2022-06-15 22:50:00,2022-06-15 23:20:00,spread_reduced,Real,0.015550518562020462
USDJPY,B,LONG,2022-06-15 23:35:00,2022-06-16 00:40:00,spread_reduced,Neither,-0.13860575367415548
NZDJPY,B,LONG,2022-06-15 23:35:00,2022-06-16 00:40:00,spread_reduced,Pseudo,0.6878726650861496
CHFJPY,B,LONG,2022-06-15 23:35:00,2022-06-16 00:40:00,spread_reduced,Real,-0.014148327673472554
USDJPY,B,LONG,2022-06-16 01:05:00,2022-06-16 01:35:00,spread_reduced,Real,0.32303332066178453
NZDJPY,B,LONG,2022-06-16 01:05:00,2022-06-16 01:35:00,spread_reduced,Real,-0.3035914668361543
CHFJPY,B,LONG,2022-06-16 01:05:00,2022-06-16 01:35:00,spread_reduced,Real,-0.09687044493074856
CHFJPY,B,SHORT,2022-06-16 07:20:00,2022-06-16 07:30:00,stop,Pseudo,-4.709984135721879
USDJPY,B,SHORT,2022-06-16 07:20:00,2022-06-16 07:45:00,spread_reduced,Both,0.5283349117201075
NZDJPY,B,SHORT,2022-06-16 07:20:00,2022-06-16 07:45:00,spread_reduced,Pseudo,0.48204807463865984
USDJPY,B,SHORT,2022-06-16 08:15:00,2022-06-16 09:45:00,spread_reduced,Pseudo,1.8247061034013894
NZDJPY,B,SHORT,2022-06-16 08:15:00,2022-06-16 09:45:00,spread_reduced,Pseudo,1.3136716588240858
CHFJPY,B,SHORT,2022-06-16 08:15:00,2022-06-16 09:45:00,spread_reduced,Pseudo,2.0525401051340784
CHFJPY,B,LONG,2022-06-16 09:45:00,2022-06-16 09:55:00,stop,Pseudo,-0.6242548166890405
USDJPY,B,LONG,2022-06-16 09:45:00,2022-06-16 10:35:00,spread_reduced,Real,0.5392955851340661
NZDJPY,B,LONG,2022-06-16 09:45:00,2022-06-16 10:35:00,spread_reduced,Real,0.016038498715490828
CHFJPY,B,LONG,2022-06-16 10:00:00,2022-06-16 10:35:00,spread_reduced,Pseudo,0.6928194434658124
NZDJPY,B,SHORT,2022-06-16 11:00:00,2022-06-16 11:40:00,spread_reduced,Real,0.6264385178788023
USDJPY,B,SHORT,2022-06-16 11:05:00,2022-06-16 11:40:00,spread_reduced,Pseudo,0.6394105249049783
CHFJPY,B,SHORT,2022-06-16 11:05:00,2022-06-16 11:40:00,spread_reduced,Real,0.7337599263769942
CHFJPY,B,SHORT,2022-06-16 11:55:00,2022-06-16 12:00:00,stop,Pseudo,-0.5542295911941479
USDJPY,B,LONG,2022-06-16 12:10:00,2022-06-16 12:30:00,stop,Pseudo,-0.8082024789214012
USDJPY,B,LONG,2022-06-16 12:45:00,2022-06-16 13:05:00,stop,Pseudo,-0.5302868278983149
NZDJPY,B,LONG,2022-06-16 12:10:00,2022-06-16 13:15:00,spread_reduced,Neither,0.7049255703712731
CHFJPY,B,LONG,2022-06-16 12:10:00,2022-06-16 13:15:00,spread_reduced,Real,-0.25138083472323974
USDJPY,B,SHORT,2022-06-16 14:00:00,2022-06-16 14:15:00,spread_reduced,Both,-0.3726180313992078
NZDJPY,B,SHORT,2022-06-16 14:00:00,2022-06-16 14:15:00,stop,Pseudo,-0.6922662720544686
CHFJPY,B,SHORT,2022-06-16 14:00:00,2022-06-16 14:15:00,spread_reduced,Pseudo,-0.31086472093044826
CHFJPY,B,LONG,2022-06-16 14:30:00,2022-06-16 14:55:00,spread_reduced,Pseudo,-0.2346237707179973
USDJPY,B,LONG,2022-06-16 14:35:00,2022-06-16 14:55:00,spread_reduced,Pseudo,-0.27327624080963897
NZDJPY,B,LONG,2022-06-16 14:35:00,2022-06-16 14:55:00,stop,Pseudo,-0.5285687883779626
USDJPY,B,SHORT,2022-06-16 15:30:00,2022-06-16 16:05:00,spread_reduced,Pseudo,0.4799370729722252
NZDJPY,B,SHORT,2022-06-16 15:30:00,2022-06-16 16:05:00,spread_reduced,Neither,-0.18954964322677922
CHFJPY,B,SHORT,2022-06-16 15:30:00,2022-06-16 16:05:00,spread_reduced,Real,0.19226619059986572
USDJPY,B,LONG,2022-06-16 16:15:00,2022-06-16 16:35:00,stop,Pseudo,-0.5270637277543881
NZDJPY,B,LONG,2022-06-16 16:15:00,2022-06-16 16:50:00,spread_reduced,Pseudo,0.75402645119745
CHFJPY,B,LONG,2022-06-16 16:15:00,2022-06-16 16:50:00,stop,Pseudo,-0.6471283728132216
USDJPY,B,LONG,2022-06-16 16:40:00,2022-06-16 16:50:00,stop,Pseudo,-0.5849165848528608
USDJPY,B,LONG,2022-06-17 03:00:00,2022-06-17 03:10:00,stop,Pseudo,-0.6342474800040317
NZDJPY,B,LONG,2022-06-17 03:00:00,2022-06-17 03:15:00,stop,Pseudo,-0.5539830713853222
CHFJPY,B,LONG,2022-06-17 03:00:00,2022-06-17 04:10:00,spread_reduced,Pseudo,0.14021960549574314
USDJPY,B,LONG,2022-06-17 03:20:00,2022-06-17 04:10:00,spread_reduced,Pseudo,0.31554816072976166
NZDJPY,B,LONG,2022-06-17 03:20:00,2022-06-17 04:10:00,spread_reduced,Pseudo,0.21357465886843546
USDJPY,B,SHORT,2022-06-17 04:50:00,2022-06-17 05:10:00,spread_reduced,Pseudo,-0.49153820433748646
NZDJPY,B,SHORT,2022-06-17 04:50:00,2022-06-17 05:10:00,stop,Pseudo,-0.5364321711437785
CHFJPY,B,SHORT,2022-06-17 04:50:00,2022-06-17 05:10:00,spread_reduced,Pseudo,-0.3618725312899418
USDJPY,B,SHORT,2022-06-17 06:10:00,2022-06-17 06:30:00,spread_reduced,Pseudo,-0.3999987325412994
NZDJPY,B,SHORT,2022-06-17 06:10:00,2022-06-17 06:30:00,spread_reduced,Pseudo,-0.05932811488507106
CHFJPY,B,SHORT,2022-06-17 06:10:00,2022-06-17 06:30:00,stop,Pseudo,-0.7219496740301276
USDJPY,B,LONG,2022-06-17 06:50:00,2022-06-17 07:35:00,stop,Pseudo,-0.9481181567427462
NZDJPY,B,LONG,2022-06-17 06:50:00,2022-06-17 07:35:00,spread_reduced,Pseudo,-0.39296580607398973
CHFJPY,B,LONG,2022-06-17 06:50:00,2022-06-17 07:35:00,spread_reduced,Pseudo,0.1238115956763893
NZDJPY,B,LONG,2022-06-17 08:45:00,2022-06-17 09:40:00,spread_reduced,Pseudo,0.43787552575177047
USDJPY,B,LONG,2022-06-17 08:50:00,2022-06-17 09:40:00,spread_reduced,Pseudo,0.250671630207829
CHFJPY,B,LONG,2022-06-17 08:50:00,2022-06-17 09:40:00,spread_reduced,Pseudo,-0.047752417816515624
USDJPY,B,LONG,2022-06-17 10:10:00,2022-06-17 10:25:00,stop,Pseudo,-0.5307726652997354
NZDJPY,B,LONG,2022-06-17 10:10:00,2022-06-17 10:25:00,stop,Pseudo,-0.6537022544652604
CHFJPY,B,LONG,2022-06-17 10:10:00,2022-06-17 10:25:00,spread_reduced,Pseudo,-0.4438436184058074
USDJPY,B,SHORT,2022-06-17 10:40:00,2022-06-17 10:50:00,spread_reduced,Both,-0.10595939939054648
NZDJPY,B,SHORT,2022-06-17 10:40:00,2022-06-17 10:50:00,spread_reduced,Pseudo,-0.18023380555876045
CHFJPY,B,SHORT,2022-06-17 10:40:00,2022-06-17 10:50:00,spread_reduced,Both,0.006013230720173605
CHFJPY,B,SHORT,2022-06-17 11:00:00,2022-06-17 11:25:00,stop,Pseudo,-0.8288734350896387
USDJPY,B,SHORT,2022-06-17 11:00:00,2022-06-17 11:30:00,spread_reduced,Pseudo,-0.19638730637157784
NZDJPY,B,SHORT,2022-06-17 11:00:00,2022-06-17 11:30:00,spread_reduced,Pseudo,-0.1666493581606125
NZDJPY,B,LONG,2022-06-17 11:35:00,2022-06-17 11:45:00,stop,Pseudo,-0.5826343255213029
USDJPY,B,LONG,2022-06-17 11:35:00,2022-06-17 11:50:00,spread_reduced,Pseudo,-0.47437978477974746
CHFJPY,B,LONG,2022-06-17 11:35:00,2022-06-17 11:50:00,spread_reduced,Pseudo,-0.3419191881557741
USDJPY,B,SHORT,2022-06-17 12:00:00,2022-06-17 12:45:00,spread_reduced,Pseudo,0.10944264390984801
NZDJPY,B,SHORT,2022-06-17 12:00:00,2022-06-17 12:45:00,spread_reduced,Pseudo,-0.294402569519144
CHFJPY,B,SHORT,2022-06-17 12:00:00,2022-06-17 12:45:00,spread_reduced,Pseudo,0.204030073402602
USDJPY,B,SHORT,2022-06-17 13:05:00,2022-06-17 13:25:00,stop,Pseudo,-0.574572586742687
NZDJPY,B,SHORT,2022-06-17 13:05:00,2022-06-17 13:30:00,stop,Pseudo,-0.5401501425818338
CHFJPY,B,SHORT,2022-06-17 13:05:00,2022-06-17 13:30:00,stop,Pseudo,-0.6078115932800129
USDJPY,B,SHORT,2022-06-17 14:40:00,2022-06-17 14:50:00,stop,Pseudo,-0.5621936294530894
NZDJPY,B,SHORT,2022-06-17 14:40:00,2022-06-17 15:00:00,stop,Pseudo,-0.6431907406531472
CHFJPY,B,SHORT,2022-06-17 14:40:00,2022-06-17 15:00:00,spread_reduced,Pseudo,-0.3891212463815741
USDJPY,B,LONG,2022-06-17 15:00:00,2022-06-17 15:15:00,stop,Pseudo,-0.5867416875223002
NZDJPY,B,LONG,2022-06-17 15:00:00,2022-06-17 15:30:00,spread_reduced,Pseudo,-0.18875884091484885
CHFJPY,B,LONG,2022-06-17 15:00:00,2022-06-17 15:30:00,stop,Pseudo,-0.6757455847085092
USDJPY,B,SHORT,2022-06-17 15:35:00,2022-06-17 15:55:00,spread_reduced,Pseudo,-0.43411487198374843
NZDJPY,B,SHORT,2022-06-17 15:35:00,2022-06-17 15:55:00,stop,Pseudo,-0.6130804300199522
CHFJPY,B,SHORT,2022-06-17 15:35:00,2022-06-17 15:55:00,spread_reduced,Pseudo,-0.375314829372142
USDJPY,B,LONG,2022-06-19 22:10:00,2022-06-20 00:10:00,spread_reduced,Neither,-0.06855012491550443
NZDJPY,B,LONG,2022-06-19 22:10:00,2022-06-20 00:10:00,spread_reduced,Neither,0.25341780587040397
CHFJPY,B,LONG,2022-06-19 22:10:00,2022-06-20 00:10:00,spread_reduced,Neither,0.11251477009680914
USDJPY,B,LONG,2022-06-20 05:55:00,2022-06-20 06:15:00,stop,Pseudo,-0.5091366628462806
NZDJPY,B,LONG,2022-06-20 05:55:00,2022-06-20 06:25:00,spread_reduced,Pseudo,-0.3124077728080543
CHFJPY,B,LONG,2022-06-20 05:55:00,2022-06-20 06:25:00,spread_reduced,Pseudo,-0.15852782071742086
NZDJPY,B,SHORT,2022-06-20 07:15:00,2022-06-20 07:30:00,stop,Pseudo,-0.5963471932384223
USDJPY,B,SHORT,2022-06-20 07:15:00,2022-06-20 07:35:00,spread_reduced,Real,-0.09354743479642973
CHFJPY,B,SHORT,2022-06-20 07:15:00,2022-06-20 07:35:00,spread_reduced,Real,-0.09562397259488264
USDJPY,B,LONG,2022-06-20 09:00:00,2022-06-20 09:50:00,spread_reduced,Pseudo,0.045023049564033954
NZDJPY,B,LONG,2022-06-20 09:00:00,2022-06-20 09:50:00,spread_reduced,Pseudo,0.41819248918247476
CHFJPY,B,LONG,2022-06-20 09:00:00,2022-06-20 09:50:00,spread_reduced,Pseudo,0.23861282495318825
USDJPY,B,SHORT,2022-06-21 00:40:00,2022-06-21 00:50:00,stop,Pseudo,-0.5033071204244196
NZDJPY,B,SHORT,2022-06-21 00:40:00,2022-06-21 00:50:00,stop,Pseudo,-0.6364296000106833
CHFJPY,B,SHORT,2022-06-21 00:40:00,2022-06-21 00:50:00,stop,Pseudo,-0.7738377363929091
USDJPY,B,LONG,2022-06-21 01:10:00,2022-06-21 01:25:00,spread_reduced,Pseudo,-0.0944949334280946
NZDJPY,B,LONG,2022-06-21 01:10:00,2022-06-21 01:25:00,spread_reduced,Pseudo,-0.24766850227638434
CHFJPY,B,LONG,2022-06-21 01:10:00,2022-06-21 01:25:00,spread_reduced,Pseudo,-0.05719796571335145
USDJPY,B,SHORT,2022-06-21 05:35:00,2022-06-21 06:00:00,spread_reduced,Pseudo,-0.12417878767911894
NZDJPY,B,SHORT,2022-06-21 05:35:00,2022-06-21 06:00:00,spread_reduced,Pseudo,-0.28942064888474545
CHFJPY,B,SHORT,2022-06-21 05:35:00,2022-06-21 06:00:00,spread_reduced,Pseudo,-0.43823433779688337
USDJPY,B,LONG,2022-06-21 06:45:00,2022-06-21 07:20:00,spread_reduced,Real,0.07201709478810159
NZDJPY,B,LONG,2022-06-21 06:45:00,2022-06-21 07:20:00,spread_reduced,Real,1.1775136266672557
CHFJPY,B,LONG,2022-06-21 06:45:00,2022-06-21 07:20:00,spread_reduced,Real,0.3538046867090916
USDJPY,B,LONG,2022-06-21 10:55:00,2022-06-21 12:30:00,spread_reduced,Pseudo,0.42140563677565507
NZDJPY,B,LONG,2022-06-21 10:55:00,2022-06-21 12:30:00,spread_reduced,Pseudo,0.4507416295359187
CHFJPY,B,LONG,2022-06-21 10:55:00,2022-06-21 12:30:00,spread_reduced,Pseudo,0.32144933840309403
USDJPY,B,LONG,2022-06-21 16:45:00,2022-06-21 17:25:00,spread_reduced,Both,0.11777812224752124
NZDJPY,B,LONG,2022-06-21 16:45:00,2022-06-21 17:25:00,spread_reduced,Pseudo,-0.041348470568395676
CHFJPY,B,LONG,2022-06-21 16:45:00,2022-06-21 17:25:00,spread_reduced,Pseudo,0.22062939537822088
USDJPY,B,SHORT,2022-06-21 22:35:00,2022-06-21 23:00:00,spread_reduced,Neither,-0.30503942939226947
NZDJPY,B,SHORT,2022-06-21 22:35:00,2022-06-21 23:00:00,spread_reduced,Real,-0.21706102375336953
CHFJPY,B,SHORT,2022-06-21 22:35:00,2022-06-21 23:00:00,spread_reduced,Real,-0.29759237460639615
USDJPY,B,SHORT,2022-06-21 23:40:00,2022-06-22 00:40:00,spread_reduced,Real,-0.1425834264390987
NZDJPY,B,SHORT,2022-06-21 23:40:00,2022-06-22 00:40:00,spread_reduced,Real,0.3555874726058894
CHFJPY,B,SHORT,2022-06-21 23:40:00,2022-06-22 00:40:00,spread_reduced,Real,0.33410708982613746
USDJPY,B,SHORT,2022-06-22 01:35:00,2022-06-22 02:00:00,spread_reduced,Pseudo,-0.13787558728843113
NZDJPY,B,SHORT,2022-06-22 01:35:00,2022-06-22 02:00:00,spread_reduced,Pseudo,-0.22826807615183853
CHFJPY,B,SHORT,2022-06-22 01:35:00,2022-06-22 02:00:00,spread_reduced,Pseudo,-0.2547738992723462
USDJPY,B,SHORT,2022-06-22 03:05:00,2022-06-22 03:25:00,spread_reduced,Pseudo,-0.18204500999282244
CHFJPY,B,SHORT,2022-06-22 03:05:00,2022-06-22 03:25:00,spread_reduced,Pseudo,-0.17995533572875053
USDJPY,B,SHORT,2022-06-22 05:05:00,2022-06-22 05:20:00,spread_reduced,Real,-0.09256305095843113
NZDJPY,B,SHORT,2022-06-22 05:05:00,2022-06-22 05:20:00,spread_reduced,Real,-0.1880572101820762
CHFJPY,B,SHORT,2022-06-22 05:05:00,2022-06-22 05:20:00,spread_reduced,Real,-0.10551912599436146
NZDJPY,B,LONG,2022-06-22 06:20:00,2022-06-22 06:45:00,stop,Pseudo,-0.6026882042938775
USDJPY,B,LONG,2022-06-22 06:20:00,2022-06-22 06:50:00,spread_reduced,Real,0.17508840810798176
CHFJPY,B,LONG,2022-06-22 06:20:00,2022-06-22 06:50:00,spread_reduced,Pseudo,-0.04386228797892411
USDJPY,B,SHORT,2022-06-22 07:00:00,2022-06-22 07:35:00,spread_reduced,Real,0.310744265030564
NZDJPY,B,SHORT,2022-06-22 07:00:00,2022-06-22 07:35:00,spread_reduced,Real,-0.19595934156457773
CHFJPY,B,SHORT,2022-06-22 07:00:00,2022-06-22 07:35:00,spread_reduced,Real,-0.08527441168200886
USDJPY,B,SHORT,2022-06-22 08:00:00,2022-06-22 08:15:00,spread_reduced,Both,-0.2566253451978806
NZDJPY,B,SHORT,2022-06-22 08:00:00,2022-06-22 08:15:00,spread_reduced,Real,-0.01809865637159014
CHFJPY,B,SHORT,2022-06-22 08:00:00,2022-06-22 08:15:00,spread_reduced,Pseudo,-0.36019778059270813
NZDJPY,B,SHORT,2022-06-22 09:45:00,2022-06-22 09:55:00,stop,Pseudo,-0.8148278250002713
USDJPY,B,SHORT,2022-06-22 09:45:00,2022-06-22 10:00:00,spread_reduced,Pseudo,-0.26445263094047416
CHFJPY,B,SHORT,2022-06-22 09:45:00,2022-06-22 10:00:00,spread_reduced,Pseudo,-0.35655501785954635
USDJPY,B,LONG,2022-06-22 10:10:00,2022-06-22 10:40:00,spread_reduced,Pseudo,-0.022804015984423387
CHFJPY,B,LONG,2022-06-22 10:10:00,2022-06-22 10:40:00,spread_reduced,Pseudo,0.28499011389060414
NZDJPY,B,LONG,2022-06-22 10:20:00,2022-06-22 10:40:00,spread_reduced,Pseudo,-0.19822234606399944
USDJPY,B,SHORT,2022-06-22 11:55:00,2022-06-22 12:25:00,spread_reduced,Real,0.24546143985696806
NZDJPY,B,SHORT,2022-06-22 11:55:00,2022-06-22 12:25:00,spread_reduced,Pseudo,-0.09848516613512419
CHFJPY,B,SHORT,2022-06-22 11:55:00,2022-06-22 12:25:00,spread_reduced,Real,-0.45565138757175383
USDJPY,B,LONG,2022-06-22 13:05:00,2022-06-22 14:10:00,spread_reduced,Both,-0.12461858289077496
NZDJPY,B,LONG,2022-06-22 13:05:00,2022-06-22 14:10:00,spread_reduced,Pseudo,1.0159493860684154
CHFJPY,B,LONG,2022-06-22 13:05:00,2022-06-22 14:10:00,spread_reduced,Pseudo,0.1651226766130609
USDJPY,B,LONG,2022-06-22 14:30:00,2022-06-22 14:45:00,stop,Pseudo,-0.6131311760432986
NZDJPY,B,LONG,2022-06-22 14:30:00,2022-06-22 15:05:00,spread_reduced,Pseudo,-0.11161656079624235
CHFJPY,B,LONG,2022-06-22 14:30:00,2022-06-22 15:05:00,spread_reduced,Pseudo,0.39817089617962453
USDJPY,B,LONG,2022-06-22 14:50:00,2022-06-22 15:05:00,spread_reduced,Pseudo,-0.009352505985512257
NZDJPY,B,LONG,2022-06-22 18:05:00,2022-06-22 18:25:00,stop,Pseudo,-0.742229778995666
USDJPY,B,LONG,2022-06-22 18:05:00,2022-06-22 18:30:00,spread_reduced,Real,-0.13162154453849606
CHFJPY,B,LONG,2022-06-22 18:05:00,2022-06-22 18:30:00,spread_reduced,Real,-0.22692787562617056
USDJPY,B,SHORT,2022-06-22 23:20:00,2022-06-22 23:55:00,spread_reduced,Real,-0.003218943099403404
NZDJPY,B,SHORT,2022-06-22 23:20:00,2022-06-22 23:55:00,spread_reduced,Real,0.29821093453015945
CHFJPY,B,SHORT,2022-06-22 23:20:00,2022-06-22 23:55:00,spread_reduced,Neither,0.05166960975392747
NZDJPY,B,LONG,2022-06-23 00:15:00,2022-06-23 00:25:00,stop,Pseudo,-0.5368653901939302
USDJPY,B,LONG,2022-06-23 00:15:00,2022-06-23 00:35:00,spread_reduced,Pseudo,-0.07424404525735451
CHFJPY,B,LONG,2022-06-23 00:15:00,2022-06-23 00:35:00,spread_reduced,Real,-0.17316738298944756
USDJPY,B,SHORT,2022-06-23 01:20:00,2022-06-23 03:15:00,spread_reduced,Real,1.2076750252792239
NZDJPY,B,SHORT,2022-06-23 01:25:00,2022-06-23 03:15:00,spread_reduced,Real,1.44759775844631
CHFJPY,B,SHORT,2022-06-23 01:25:00,2022-06-23 03:15:00,spread_reduced,Real,1.3184644215362695
NZDJPY,B,SHORT,2022-06-23 04:05:00,2022-06-23 04:25:00,stop,Pseudo,-0.6576890188718654
CHFJPY,B,SHORT,2022-06-23 04:05:00,2022-06-23 04:25:00,spread_reduced,Pseudo,-0.4500988750921753
USDJPY,B,LONG,2022-06-23 04:30:00,2022-06-23 04:55:00,spread_reduced,Real,-0.0438177658899086
NZDJPY,B,LONG,2022-06-23 04:30:00,2022-06-23 04:55:00,spread_reduced,Real,-0.13784780921925294
CHFJPY,B,LONG,2022-06-23 04:30:00,2022-06-23 04:55:00,spread_reduced,Pseudo,-0.21649825368537842
NZDJPY,B,LONG,2022-06-23 05:50:00,2022-06-23 06:50:00,spread_reduced,Pseudo,0.3780494163057776
CHFJPY,B,LONG,2022-06-23 05:50:00,2022-06-23 06:50:00,spread_reduced,Pseudo,0.3825802304161149
USDJPY,B,SHORT,2022-06-23 07:15:00,2022-06-23 08:05:00,spread_reduced,Real,0.41073681231270276
NZDJPY,B,SHORT,2022-06-23 07:15:00,2022-06-23 08:05:00,spread_reduced,Real,0.5080814042509967
CHFJPY,B,SHORT,2022-06-23 07:15:00,2022-06-23 08:05:00,spread_reduced,Pseudo,1.8703315441751893
USDJPY,B,LONG,2022-06-23 08:10:00,2022-06-23 08:35:00,spread_reduced,Pseudo,-0.3890314851545673
NZDJPY,B,LONG,2022-06-23 08:10:00,2022-06-23 08:35:00,stop,Pseudo,-0.556114737457869
CHFJPY,B,LONG,2022-06-23 08:10:00,2022-06-23 08:35:00,spread_reduced,Pseudo,-0.4785843841134859
USDJPY,B,SHORT,2022-06-23 08:40:00,2022-06-23 09:10:00,spread_reduced,Pseudo,0.041087055816698324
NZDJPY,B,SHORT,2022-06-23 08:40:00,2022-06-23 09:10:00,spread_reduced,Pseudo,-0.4844282782890582
CHFJPY,B,SHORT,2022-06-23 08:40:00,2022-06-23 09:10:00,spread_reduced,Pseudo,-0.2296410933557702
NZDJPY,B,LONG,2022-06-23 09:15:00,2022-06-23 09:30:00,stop,Pseudo,-0.542658260068311
USDJPY,B,LONG,2022-06-23 09:15:00,2022-06-23 09:40:00,spread_reduced,Real,-0.10535059245412685
CHFJPY,B,LONG,2022-06-23 09:15:00,2022-06-23 09:40:00,stop,Pseudo,-0.5348196744295135
USDJPY,B,SHORT,2022-06-23 09:50:00,2022-06-23 10:05:00,spread_reduced,Real,-0.23233534261435373
NZDJPY,B,SHORT,2022-06-23 09:50:00,2022-06-23 10:05:00,spread_reduced,Pseudo,-0.2936895481232919
CHFJPY,B,SHORT,2022-06-23 09:50:00,2022-06-23 10:05:00,spread_reduced,Real,-0.15474184153300524
USDJPY,B,LONG,2022-06-23 11:40:00,2022-06-23 12:10:00,spread_reduced,Pseudo,-0.45426933220193977
NZDJPY,B,LONG,2022-06-23 11:40:00,2022-06-23 12:10:00,spread_reduced,Both,0.04662586917432895
CHFJPY,B,LONG,2022-06-23 11:40:00,2022-06-23 12:10:00,spread_reduced,Pseudo,-0.35371014974031983
USDJPY,B,SHORT,2022-06-23 12:20:00,2022-06-23 13:15:00,spread_reduced,Real,0.7831597324325923
NZDJPY,B,SHORT,2022-06-23 12:20:00,2022-06-23 13:15:00,spread_reduced,Real,0.5587751761155779
CHFJPY,B,SHORT,2022-06-23 12:20:00,2022-06-23 13:15:00,spread_reduced,Pseudo,-0.27109581558470985
CHFJPY,B,SHORT,2022-06-23 13:45:00,2022-06-23 14:10:00,stop,Pseudo,-0.5626798191925946
USDJPY,B,SHORT,2022-06-23 13:45:00,2022-06-23 14:20:00,spread_reduced,Real,0.02032645059642698
NZDJPY,B,SHORT,2022-06-23 13:45:00,2022-06-23 14:20:00,spread_reduced,Pseudo,0.040999019543463966
USDJPY,B,SHORT,2022-06-24 00:00:00,2022-06-24 00:15:00,stop,Pseudo,-0.8803176622934247
NZDJPY,B,SHORT,2022-06-24 00:00:00,2022-06-24 00:15:00,stop,Pseudo,-0.9430260590250761
CHFJPY,B,SHORT,2022-06-24 00:00:00,2022-06-24 00:15:00,stop,Pseudo,-0.5434048169999558
NZDJPY,B,LONG,2022-06-24 00:20:00,2022-06-24 00:30:00,stop,Pseudo,-0.6412727252324002
USDJPY,B,LONG,2022-06-24 00:20:00,2022-06-24 00:50:00,spread_reduced,Real,0.2620864477072734
CHFJPY,B,LONG,2022-06-24 00:20:00,2022-06-24 00:50:00,spread_reduced,Real,0.09482492686803864
NZDJPY,B,LONG,2022-06-24 00:40:00,2022-06-24 00:50:00,spread_reduced,Real,0.22335493730600103
USDJPY,B,SHORT,2022-06-24 01:25:00,2022-06-24 02:05:00,spread_reduced,Real,0.1166874303067944
NZDJPY,B,SHORT,2022-06-24 01:25:00,2022-06-24 02:05:00,spread_reduced,Pseudo,0.00747912097801932
CHFJPY,B,SHORT,2022-06-24 01:25:00,2022-06-24 02:05:00,spread_reduced,Pseudo,0.021351021142719993
USDJPY,B,SHORT,2022-06-24 03:25:00,2022-06-24 03:55:00,spread_reduced,Pseudo,-0.15177146701169283
NZDJPY,B,SHORT,2022-06-24 03:25:00,2022-06-24 03:55:00,spread_reduced,Pseudo,-0.4473333694672288
CHFJPY,B,SHORT,2022-06-24 03:25:00,2022-06-24 03:55:00,spread_reduced,Pseudo,-0.05473415244853601
USDJPY,B,SHORT,2022-06-24 06:55:00,2022-06-24 07:30:00,spread_reduced,Pseudo,-0.12955176835682813
NZDJPY,B,SHORT,2022-06-24 06:55:00,2022-06-24 07:30:00,spread_reduced,Pseudo,0.01340741183349555
CHFJPY,B,SHORT,2022-06-24 06:55:00,2022-06-24 07:30:00,spread_reduced,Pseudo,0.3185540861609567
USDJPY,B,LONG,2022-06-24 09:25:00,2022-06-24 10:20:00,spread_reduced,Pseudo,0.33513649650392574
NZDJPY,B,LONG,2022-06-24 09:25:00,2022-06-24 10:20:00,spread_reduced,Pseudo,-0.01613595064572001
CHFJPY,B,LONG,2022-06-24 09:25:00,2022-06-24 10:20:00,spread_reduced,Pseudo,0.4682074492756705
USDJPY,B,SHORT,2022-06-26 23:55:00,2022-06-27 01:15:00,spread_reduced,Pseudo,0.92355393007267
NZDJPY,B,SHORT,2022-06-26 23:55:00,2022-06-27 01:15:00,spread_reduced,Pseudo,0.9826938057448202
CHFJPY,B,SHORT,2022-06-26 23:55:00,2022-06-27 01:15:00,spread_reduced,Pseudo,0.9674652451867976
USDJPY,B,LONG,2022-06-27 02:30:00,2022-06-27 03:00:00,spread_reduced,Pseudo,0.15131331197052827
NZDJPY,B,LONG,2022-06-27 02:30:00,2022-06-27 03:00:00,spread_reduced,Pseudo,-0.27456435343146496
CHFJPY,B,LONG,2022-06-27 02:30:00,2022-06-27 03:00:00,spread_reduced,Pseudo,-0.11841954478971259
USDJPY,B,SHORT,2022-06-27 03:15:00,2022-06-27 03:40:00,spread_reduced,Pseudo,-0.12066934055924665
NZDJPY,B,SHORT,2022-06-27 03:15:00,2022-06-27 03:40:00,spread_reduced,Pseudo,-0.23783002913302376
CHFJPY,B,SHORT,2022-06-27 03:15:00,2022-06-27 03:40:00,spread_reduced,Pseudo,-0.3424535075413626
CHFJPY,B,LONG,2022-06-27 06:35:00,2022-06-27 07:35:00,spread_reduced,Pseudo,-0.07808666642520705
USDJPY,B,SHORT,2022-06-27 13:30:00,2022-06-27 14:00:00,spread_reduced,Pseudo,0.09910793876303596
NZDJPY,B,SHORT,2022-06-27 13:30:00,2022-06-27 14:00:00,spread_reduced,Pseudo,-0.08651739551949571
CHFJPY,B,SHORT,2022-06-27 13:30:00,2022-06-27 14:00:00,spread_reduced,Pseudo,-0.03322055908783206
USDJPY,B,LONG,2022-06-28 00:00:00,2022-06-28 00:30:00,spread_reduced,Pseudo,-0.13846596748064618
NZDJPY,B,LONG,2022-06-28 00:00:00,2022-06-28 00:30:00,spread_reduced,Real,-0.06886281651126888
CHFJPY,B,LONG,2022-06-28 00:00:00,2022-06-28 00:30:00,spread_reduced,Real,0.019771901075567776
USDJPY,B,SHORT,2022-06-28 01:45:00,2022-06-28 02:20:00,spread_reduced,Real,0.09162606536305962
NZDJPY,B,SHORT,2022-06-28 01:45:00,2022-06-28 02:20:00,spread_reduced,Real,0.19514944138017873
CHFJPY,B,SHORT,2022-06-28 01:45:00,2022-06-28 02:20:00,spread_reduced,Real,0.15172454307329128
USDJPY,B,LONG,2022-06-28 06:15:00,2022-06-28 07:30:00,spread_reduced,Pseudo,0.5994122976911154
NZDJPY,B,LONG,2022-06-28 06:15:00,2022-06-28 07:30:00,spread_reduced,Pseudo,-0.18795959723668285
CHFJPY,B,LONG,2022-06-28 06:15:00,2022-06-28 07:30:00,spread_reduced,Both,0.6721016914270628
USDJPY,B,SHORT,2022-06-28 11:55:00,2022-06-28 12:35:00,spread_reduced,Both,-0.23223462611321466
NZDJPY,B,SHORT,2022-06-28 11:55:00,2022-06-28 12:35:00,spread_reduced,Pseudo,-0.01812198523643005
CHFJPY,B,SHORT,2022-06-28 11:55:00,2022-06-28 12:35:00,spread_reduced,Both,0.10511903531699544
USDJPY,B,LONG,2022-06-28 13:40:00,2022-06-28 14:00:00,spread_reduced,Pseudo,-0.348066026280347
NZDJPY,B,LONG,2022-06-28 13:40:00,2022-06-28 14:00:00,stop,Pseudo,-0.5658713478517245
CHFJPY,B,LONG,2022-06-28 13:40:00,2022-06-28 14:00:00,spread_reduced,Pseudo,-0.49537546250029896
USDJPY,B,LONG,2022-06-29 01:35:00,2022-06-29 02:05:00,spread_reduced,Pseudo,-0.1857245423297164
NZDJPY,B,LONG,2022-06-29 01:35:00,2022-06-29 02:05:00,spread_reduced,Pseudo,-0.454807800334874
CHFJPY,B,LONG,2022-06-29 01:35:00,2022-06-29 02:05:00,spread_reduced,Pseudo,0.2914385697262804
USDJPY,B,SHORT,2022-06-29 04:45:00,2022-06-29 05:15:00,spread_reduced,Pseudo,-0.28630064466450555
NZDJPY,B,SHORT,2022-06-29 04:45:00,2022-06-29 05:15:00,spread_reduced,Pseudo,0.10919785582926464
CHFJPY,B,SHORT,2022-06-29 04:45:00,2022-06-29 05:15:00,spread_reduced,Pseudo,-0.22767807403519433
USDJPY,B,SHORT,2022-06-29 06:05:00,2022-06-29 06:50:00,spread_reduced,Pseudo,-0.19828476758720903
NZDJPY,B,SHORT,2022-06-29 06:05:00,2022-06-29 06:50:00,spread_reduced,Pseudo,0.25307817606308924
CHFJPY,B,SHORT,2022-06-29 06:05:00,2022-06-29 06:50:00,spread_reduced,Both,-0.12346781239987634
USDJPY,B,LONG,2022-06-29 07:05:00,2022-06-29 07:35:00,spread_reduced,Real,0.1853889063355337
NZDJPY,B,LONG,2022-06-29 07:05:00,2022-06-29 07:35:00,spread_reduced,Real,-0.36911724830446246
CHFJPY,B,LONG,2022-06-29 07:05:00,2022-06-29 07:35:00,spread_reduced,Neither,-0.27315368475814655
USDJPY,B,LONG,2022-06-29 09:35:00,2022-06-29 11:20:00,spread_reduced,Neither,0.30484093213711816
NZDJPY,B,LONG,2022-06-29 09:35:00,2022-06-29 11:20:00,spread_reduced,Real,0.8326752540227893
CHFJPY,B,LONG,2022-06-29 09:35:00,2022-06-29 11:20:00,spread_reduced,Neither,1.399317310964913
USDJPY,B,LONG,2022-06-29 13:00:00,2022-06-29 13:40:00,spread_reduced,Real,0.6905699787593071
NZDJPY,B,LONG,2022-06-29 13:00:00,2022-06-29 13:40:00,spread_reduced,Pseudo,-0.3469614219289152
CHFJPY,B,LONG,2022-06-29 13:00:00,2022-06-29 13:40:00,spread_reduced,Pseudo,0.19006959212619634
USDJPY,B,SHORT,2022-06-29 15:05:00,2022-06-29 16:50:00,spread_reduced,Pseudo,0.21753349722612264
NZDJPY,B,SHORT,2022-06-29 15:05:00,2022-06-29 16:50:00,spread_reduced,Pseudo,0.4876592622163149
CHFJPY,B,SHORT,2022-06-29 15:05:00,2022-06-29 16:50:00,spread_reduced,Pseudo,0.5440403365178186
USDJPY,B,SHORT,2022-06-30 05:20:00,2022-06-30 05:50:00,spread_reduced,Real,-0.16212383713668882
NZDJPY,B,SHORT,2022-06-30 05:20:00,2022-06-30 05:50:00,spread_reduced,Pseudo,-0.13414805321576573
CHFJPY,B,SHORT,2022-06-30 05:20:00,2022-06-30 05:50:00,spread_reduced,Pseudo,-0.07500648395016482
NZDJPY,B,SHORT,2022-06-30 07:10:00,2022-06-30 07:30:00,stop,Pseudo,-0.616711132422972
USDJPY,B,SHORT,2022-06-30 07:10:00,2022-06-30 07:35:00,spread_reduced,Pseudo,-0.04851817922416994
CHFJPY,B,SHORT,2022-06-30 07:10:00,2022-06-30 07:35:00,spread_reduced,Real,-0.40174414342097897
NZDJPY,B,LONG,2022-06-30 07:45:00,2022-06-30 08:30:00,spread_reduced,Real,0.18436839666817012
USDJPY,B,SHORT,2022-06-30 09:05:00,2022-06-30 09:40:00,spread_reduced,Pseudo,-0.3103880925924655
NZDJPY,B,SHORT,2022-06-30 09:05:00,2022-06-30 09:40:00,spread_reduced,Both,-0.05145225194835845
CHFJPY,B,SHORT,2022-06-30 09:05:00,2022-06-30 09:40:00,spread_reduced,Pseudo,0.40674392752722743
NZDJPY,B,LONG,2022-06-30 13:15:00,2022-06-30 13:30:00,spread_reduced,Pseudo,-0.4654286025484641
CHFJPY,B,LONG,2022-06-30 13:15:00,2022-06-30 13:30:00,spread_reduced,Pseudo,-0.21468565660283842
CHFJPY,B,SHORT,2022-06-30 13:35:00,2022-06-30 13:50:00,stop,Pseudo,-0.570453614834765
USDJPY,B,SHORT,2022-06-30 13:35:00,2022-06-30 14:00:00,spread_reduced,Pseudo,-0.36285638389984187
NZDJPY,B,SHORT,2022-06-30 13:35:00,2022-06-30 14:00:00,spread_reduced,Pseudo,-0.4940573260986033
NZDJPY,B,SHORT,2022-06-30 14:40:00,2022-06-30 14:50:00,stop,Pseudo,-0.6677211901084206
USDJPY,B,SHORT,2022-06-30 14:40:00,2022-06-30 15:05:00,spread_reduced,Pseudo,0.028666815070817663
CHFJPY,B,SHORT,2022-06-30 14:40:00,2022-06-30 15:05:00,spread_reduced,Pseudo,-0.009645947591415313
USDJPY,B,LONG,2022-06-30 15:25:00,2022-06-30 15:55:00,spread_reduced,Pseudo,-0.46803824219998624
NZDJPY,B,LONG,2022-06-30 15:25:00,2022-06-30 15:55:00,spread_reduced,Pseudo,0.5019380578739074
CHFJPY,B,LONG,2022-06-30 15:25:00,2022-06-30 15:55:00,stop,Pseudo,-0.5787902919131005
EURJPY,B,SHORT,2022-07-01 02:20:00,2022-07-01 04:40:00,spread_reduced,Pseudo,1.4135949058152741
GBPJPY,B,SHORT,2022-07-01 02:20:00,2022-07-01 04:40:00,spread_reduced,Pseudo,1.6943402004048573
AUDJPY,B,SHORT,2022-07-01 02:20:00,2022-07-01 04:40:00,spread_reduced,Pseudo,3.70259171490106
EURJPY,B,SHORT,2022-07-01 05:00:00,2022-07-01 05:30:00,spread_reduced,Pseudo,-0.358838853249166
GBPJPY,B,SHORT,2022-07-01 05:00:00,2022-07-01 05:30:00,spread_reduced,Pseudo,-0.4723139233147785
AUDJPY,B,SHORT,2022-07-01 05:00:00,2022-07-01 05:30:00,spread_reduced,Pseudo,-0.4679192544398229
EURJPY,B,SHORT,2022-07-01 07:10:00,2022-07-01 07:30:00,spread_reduced,Pseudo,-0.40731450342949377
GBPJPY,B,SHORT,2022-07-01 07:10:00,2022-07-01 07:30:00,spread_reduced,Pseudo,-0.2805684372865584
AUDJPY,B,SHORT,2022-07-01 07:10:00,2022-07-01 07:30:00,spread_reduced,Pseudo,-0.09819951898607886
EURJPY,B,LONG,2022-07-01 07:45:00,2022-07-01 09:10:00,spread_reduced,Pseudo,0.6571658711663394
GBPJPY,B,LONG,2022-07-01 07:45:00,2022-07-01 09:10:00,spread_reduced,Pseudo,0.1391803319463758
AUDJPY,B,LONG,2022-07-01 07:45:00,2022-07-01 09:10:00,spread_reduced,Pseudo,0.886646085955493
EURJPY,B,LONG,2022-07-01 09:50:00,2022-07-01 10:00:00,spread_reduced,Pseudo,-0.25791680979906734
GBPJPY,B,LONG,2022-07-01 09:50:00,2022-07-01 10:00:00,spread_reduced,Pseudo,-0.17735194665661574
AUDJPY,B,LONG,2022-07-01 09:50:00,2022-07-01 10:00:00,spread_reduced,Pseudo,-0.42614355282629324
EURJPY,B,SHORT,2022-07-01 10:05:00,2022-07-01 11:45:00,spread_reduced,Pseudo,0.9744131804291974
GBPJPY,B,SHORT,2022-07-01 10:05:00,2022-07-01 11:45:00,spread_reduced,Pseudo,1.0432311538152161
AUDJPY,B,SHORT,2022-07-01 10:05:00,2022-07-01 11:45:00,spread_reduced,Pseudo,1.15898522882855
EURJPY,B,SHORT,2022-07-01 12:15:00,2022-07-01 12:50:00,spread_reduced,Real,0.044322101700540927
GBPJPY,B,SHORT,2022-07-01 12:15:00,2022-07-01 12:50:00,spread_reduced,Real,0.2962078351109362
AUDJPY,B,SHORT,2022-07-01 12:15:00,2022-07-01 12:50:00,spread_reduced,Pseudo,0.18348369803085815
EURJPY,B,LONG,2022-07-01 13:20:00,2022-07-01 13:35:00,stop,Pseudo,-0.6565271394597765
GBPJPY,B,LONG,2022-07-01 13:20:00,2022-07-01 13:35:00,stop,Pseudo,-0.7097301510120928
AUDJPY,B,LONG,2022-07-01 13:20:00,2022-07-01 13:50:00,spread_reduced,Pseudo,0.1739138851381365
EURJPY,B,LONG,2022-07-01 13:45:00,2022-07-01 13:50:00,spread_reduced,Pseudo,-0.2927253349641982
GBPJPY,B,LONG,2022-07-01 13:45:00,2022-07-01 13:50:00,spread_reduced,Pseudo,-0.3095486300193073
EURJPY,B,SHORT,2022-07-01 14:00:00,2022-07-01 14:40:00,spread_reduced,Pseudo,0.7718713432344575
GBPJPY,B,SHORT,2022-07-01 14:00:00,2022-07-01 14:40:00,spread_reduced,Pseudo,0.3083284857290369
AUDJPY,B,SHORT,2022-07-01 14:00:00,2022-07-01 14:40:00,spread_reduced,Pseudo,0.14515730195567106
EURJPY,B,LONG,2022-07-01 15:05:00,2022-07-01 15:50:00,spread_reduced,Pseudo,0.2484889363519501
GBPJPY,B,LONG,2022-07-01 15:05:00,2022-07-01 15:50:00,spread_reduced,Pseudo,0.8166957041607267
AUDJPY,B,LONG,2022-07-01 15:05:00,2022-07-01 15:50:00,spread_reduced,Pseudo,0.2961436278200077
GBPJPY,B,LONG,2022-07-01 16:20:00,2022-07-01 16:45:00,spread_reduced,Real,-0.43116846331040887
AUDJPY,B,LONG,2022-07-01 16:20:00,2022-07-01 16:45:00,stop,Pseudo,-0.520523986035267
EURJPY,B,LONG,2022-07-01 16:25:00,2022-07-01 16:45:00,spread_reduced,Real,-0.17813559136721965
EURJPY,B,LONG,2022-07-01 18:20:00,2022-07-01 18:50:00,spread_reduced,Pseudo,-0.22034561868307842
GBPJPY,B,LONG,2022-07-01 18:20:00,2022-07-01 18:50:00,spread_reduced,Pseudo,0.084348613881291
AUDJPY,B,LONG,2022-07-01 18:20:00,2022-07-01 18:50:00,spread_reduced,Pseudo,-0.4299369213114357
EURJPY,B,SHORT,2022-07-03 23:50:00,2022-07-04 00:25:00,spread_reduced,Pseudo,-0.08582542313106956
GBPJPY,B,SHORT,2022-07-03 23:50:00,2022-07-04 00:25:00,spread_reduced,Pseudo,-0.12057600198578378
AUDJPY,B,SHORT,2022-07-03 23:50:00,2022-07-04 00:25:00,spread_reduced,Pseudo,-0.20317980427238722
AUDJPY,B,SHORT,2022-07-04 01:30:00,2022-07-04 01:40:00,stop,Pseudo,-0.8751841251124493
EURJPY,B,SHORT,2022-07-04 01:30:00,2022-07-04 01:45:00,stop,Pseudo,-0.5776930649134353
GBPJPY,B,SHORT,2022-07-04 01:30:00,2022-07-04 01:45:00,stop,Pseudo,-0.6165047772213791
EURJPY,B,LONG,2022-07-04 02:05:00,2022-07-04 02:15:00,spread_reduced,Pseudo,-0.2702701901041715
GBPJPY,B,LONG,2022-07-04 02:05:00,2022-07-04 02:15:00,spread_reduced,Pseudo,-0.31228251692179876
AUDJPY,B,LONG,2022-07-04 02:05:00,2022-07-04 02:15:00,spread_reduced,Pseudo,-0.384433049559522
EURJPY,B,LONG,2022-07-04 05:10:00,2022-07-04 06:50:00,spread_reduced,Pseudo,0.17302120945328348
GBPJPY,B,LONG,2022-07-04 05:10:00,2022-07-04 06:50:00,spread_reduced,Pseudo,0.34100461971653395
AUDJPY,B,LONG,2022-07-04 05:10:00,2022-07-04 06:50:00,spread_reduced,Pseudo,1.0996400958875885
EURJPY,B,SHORT,2022-07-04 08:20:00,2022-07-04 08:50:00,spread_reduced,Pseudo,-0.10458039127455207
GBPJPY,B,SHORT,2022-07-04 08:20:00,2022-07-04 08:50:00,spread_reduced,Real,-0.1304247719267071
AUDJPY,B,SHORT,2022-07-04 08:20:00,2022-07-04 08:50:00,spread_reduced,Real,-0.06160694278893135
EURJPY,B,LONG,2022-07-04 09:30:00,2022-07-04 10:05:00,spread_reduced,Real,-0.14078753293722546
GBPJPY,B,LONG,2022-07-04 09:30:00,2022-07-04 10:05:00,spread_reduced,Real,-0.08550363662203816
AUDJPY,B,LONG,2022-07-04 09:30:00,2022-07-04 10:05:00,spread_reduced,Pseudo,0.1640556756220916
EURJPY,B,SHORT,2022-07-04 14:10:00,2022-07-04 14:35:00,spread_reduced,Pseudo,-0.1645284910446095
GBPJPY,B,SHORT,2022-07-04 14:10:00,2022-07-04 14:35:00,spread_reduced,Pseudo,-0.2772491762887223
AUDJPY,B,SHORT,2022-07-04 14:10:00,2022-07-04 14:35:00,stop,Pseudo,-0.5607203850072444
EURJPY,B,LONG,2022-07-04 22:10:00,2022-07-04 22:40:00,spread_reduced,Pseudo,-0.06425901839971863
GBPJPY,B,LONG,2022-07-04 22:10:00,2022-07-04 22:40:00,spread_reduced,Pseudo,-0.1097865724867253
AUDJPY,B,LONG,2022-07-04 22:10:00,2022-07-04 22:40:00,spread_reduced,Pseudo,-0.1917674603738225
EURJPY,B,LONG,2022-07-04 23:10:00,2022-07-04 23:55:00,spread_reduced,Pseudo,0.011064318265955702
GBPJPY,B,LONG,2022-07-04 23:10:00,2022-07-04 23:55:00,spread_reduced,Pseudo,-0.0408309160055594
AUDJPY,B,LONG,2022-07-04 23:10:00,2022-07-04 23:55:00,spread_reduced,Pseudo,-0.36083911720637596
AUDJPY,B,LONG,2022-07-05 00:50:00,2022-07-05 01:05:00,stop,Pseudo,-0.5127812699116848
EURJPY,B,LONG,2022-07-05 00:50:00,2022-07-05 01:20:00,spread_reduced,Pseudo,-0.13567048851836905
GBPJPY,B,LONG,2022-07-05 00:50:00,2022-07-05 01:20:00,spread_reduced,Pseudo,-0.03271171872284059
EURJPY,B,LONG,2022-07-05 01:30:00,2022-07-05 02:05:00,spread_reduced,Pseudo,0.14703154497149504
GBPJPY,B,LONG,2022-07-05 01:30:00,2022-07-05 02:05:00,spread_reduced,Pseudo,0.1642320757714681
AUDJPY,B,LONG,2022-07-05 01:30:00,2022-07-05 02:05:00,spread_reduced,Pseudo,-0.06283379026087814
EURJPY,B,SHORT,2022-07-05 02:30:00,2022-07-05 03:00:00,spread_reduced,Pseudo,-0.1227514345733353
GBPJPY,B,SHORT,2022-07-05 02:30:00,2022-07-05 03:00:00,spread_reduced,Pseudo,-0.2328883806810289
AUDJPY,B,SHORT,2022-07-05 02:30:00,2022-07-05 03:00:00,spread_reduced,Pseudo,-0.3514224031011537
EURJPY,B,SHORT,2022-07-05 06:10:00,2022-07-05 06:40:00,spread_reduced,Real,-0.0910817019057486
GBPJPY,B,SHORT,2022-07-05 06:10:00,2022-07-05 06:40:00,spread_reduced,Real,-0.025630990710512336
AUDJPY,B,SHORT,2022-07-05 06:10:00,2022-07-05 06:40:00,spread_reduced,Pseudo,-0.39704502019806875
EURJPY,B,SHORT,2022-07-05 07:05:00,2022-07-05 09:10:00,spread_reduced,Pseudo,4.206029632020473
GBPJPY,B,SHORT,2022-07-05 07:05:00,2022-07-05 09:10:00,spread_reduced,Pseudo,2.185091751444694
AUDJPY,B,SHORT,2022-07-05 07:05:00,2022-07-05 09:10:00,spread_reduced,Pseudo,2.599056950751133
AUDJPY,B,SHORT,2022-07-05 09:30:00,2022-07-05 09:40:00,stop,Pseudo,-0.5689612164530752
AUDJPY,B,SHORT,2022-07-05 09:45:00,2022-07-05 09:50:00,stop,Pseudo,-0.5796027816084386
EURJPY,B,SHORT,2022-07-05 09:30:00,2022-07-05 09:55:00,spread_reduced,Pseudo,-0.34891589041922505
GBPJPY,B,SHORT,2022-07-05 09:30:00,2022-07-05 09:55:00,spread_reduced,Pseudo,-0.3064050550434979
EURJPY,B,LONG,2022-07-05 10:00:00,2022-07-05 10:40:00,spread_reduced,Real,0.21627857449864804
GBPJPY,B,LONG,2022-07-05 10:00:00,2022-07-05 10:40:00,spread_reduced,Real,0.1822756726012435
AUDJPY,B,LONG,2022-07-05 10:00:00,2022-07-05 10:40:00,spread_reduced,Real,-0.02027286383795198
EURJPY,B,SHORT,2022-07-05 12:05:00,2022-07-05 12:45:00,spread_reduced,Pseudo,-0.11495364778157935
GBPJPY,B,SHORT,2022-07-05 12:05:00,2022-07-05 12:45:00,spread_reduced,Pseudo,0.4682090634652673
AUDJPY,B,SHORT,2022-07-05 12:05:00,2022-07-05 12:45:00,stop,Pseudo,-0.5341793347556727
EURJPY,B,SHORT,2022-07-05 13:15:00,2022-07-05 13:45:00,spread_reduced,Pseudo,0.23365725781276936
GBPJPY,B,SHORT,2022-07-05 13:15:00,2022-07-05 13:45:00,stop,Pseudo,-0.5902348838885038
AUDJPY,B,SHORT,2022-07-05 13:15:00,2022-07-05 13:45:00,spread_reduced,Real,-0.19244486873618943
GBPJPY,B,LONG,2022-07-05 14:35:00,2022-07-05 14:50:00,stop,Pseudo,-0.9892403575015493
EURJPY,B,LONG,2022-07-05 14:35:00,2022-07-05 15:00:00,stop,Pseudo,-0.7963136728758407
AUDJPY,B,LONG,2022-07-05 14:35:00,2022-07-05 15:00:00,stop,Pseudo,-0.76308870041919
EURJPY,B,SHORT,2022-07-05 15:10:00,2022-07-05 15:45:00,spread_reduced,Pseudo,-0.16942612343055313
GBPJPY,B,SHORT,2022-07-05 15:10:00,2022-07-05 15:45:00,stop,Pseudo,-0.5080818866825728
AUDJPY,B,SHORT,2022-07-05 15:10:00,2022-07-05 15:45:00,spread_reduced,Pseudo,0.006884274192301791
EURJPY,B,LONG,2022-07-05 18:35:00,2022-07-05 18:55:00,spread_reduced,Pseudo,-0.4130968236446912
GBPJPY,B,LONG,2022-07-05 18:35:00,2022-07-05 18:55:00,spread_reduced,Pseudo,-0.36162595751280485
AUDJPY,B,LONG,2022-07-05 18:35:00,2022-07-05 18:55:00,spread_reduced,Pseudo,-0.32939311510123603
EURJPY,B,SHORT,2022-07-05 23:15:00,2022-07-05 23:45:00,spread_reduced,Real,0.025850822308881583
GBPJPY,B,SHORT,2022-07-05 23:15:00,2022-07-05 23:45:00,spread_reduced,Real,0.03596753646106787
AUDJPY,B,SHORT,2022-07-05 23:15:00,2022-07-05 23:45:00,spread_reduced,Real,0.008678867978247537
AUDJPY,B,LONG,2022-07-06 00:15:00,2022-07-06 00:35:00,spread_reduced,Pseudo,-0.3112189493922335
EURJPY,B,SHORT,2022-07-06 01:10:00,2022-07-06 01:50:00,spread_reduced,Pseudo,0.2787889750433722
GBPJPY,B,SHORT,2022-07-06 01:10:00,2022-07-06 01:50:00,spread_reduced,Pseudo,0.2899412729978623
AUDJPY,B,SHORT,2022-07-06 01:10:00,2022-07-06 01:50:00,spread_reduced,Real,0.422221841454129
EURJPY,B,SHORT,2022-07-06 04:50:00,2022-07-06 05:30:00,spread_reduced,Real,0.08968482960662143
GBPJPY,B,SHORT,2022-07-06 04:50:00,2022-07-06 05:30:00,spread_reduced,Pseudo,0.35505499153543063
AUDJPY,B,SHORT,2022-07-06 04:50:00,2022-07-06 05:30:00,spread_reduced,Pseudo,0.3405605677820519
EURJPY,B,SHORT,2022-07-06 06:00:00,2022-07-06 06:10:00,stop,Pseudo,-0.5449773768300137
AUDJPY,B,SHORT,2022-07-06 06:00:00,2022-07-06 06:10:00,stop,Pseudo,-0.783052113141558
GBPJPY,B,SHORT,2022-07-06 06:00:00,2022-07-06 06:15:00,stop,Pseudo,-0.7660034891882421
EURJPY,B,LONG,2022-07-06 06:30:00,2022-07-06 07:10:00,spread_reduced,Pseudo,0.047523020265375734
GBPJPY,B,LONG,2022-07-06 06:30:00,2022-07-06 07:10:00,spread_reduced,Real,0.4734221586297771
AUDJPY,B,LONG,2022-07-06 06:30:00,2022-07-06 07:10:00,spread_reduced,Pseudo,0.40935703629063624
EURJPY,B,LONG,2022-07-06 07:20:00,2022-07-06 07:50:00,stop,Pseudo,-0.5453644640746418
GBPJPY,B,LONG,2022-07-06 07:20:00,2022-07-06 07:50:00,spread_reduced,Real,-0.3153388610882916
AUDJPY,B,LONG,2022-07-06 07:20:00,2022-07-06 07:50:00,spread_reduced,Real,-0.41538940408247793
EURJPY,B,SHORT,2022-07-06 07:55:00,2022-07-06 09:10:00,spread_reduced,Real,1.4798438232146809
GBPJPY,B,SHORT,2022-07-06 07:55:00,2022-07-06 09:10:00,spread_reduced,Real,1.399573610162852
AUDJPY,B,SHORT,2022-07-06 07:55:00,2022-07-06 09:10:00,spread_reduced,Real,1.4362710332687842
EURJPY,B,LONG,2022-07-06 10:30:00,2022-07-06 10:40:00,stop,Pseudo,-0.658989994808031
GBPJPY,B,LONG,2022-07-06 10:30:00,2022-07-06 10:45:00,stop,Pseudo,-0.5534668074560489
AUDJPY,B,LONG,2022-07-06 10:30:00,2022-07-06 10:50:00,spread_reduced,Pseudo,-0.4379585444342175
AUDJPY,B,SHORT,2022-07-06 11:45:00,2022-07-06 12:00:00,stop,Pseudo,-0.6152554487561801
AUDJPY,B,SHORT,2022-07-06 12:30:00,2022-07-06 12:40:00,stop,Pseudo,-0.8563172061926879
EURJPY,B,SHORT,2022-07-06 11:45:00,2022-07-06 12:45:00,spread_reduced,Pseudo,0.319977601677753
GBPJPY,B,SHORT,2022-07-06 11:45:00,2022-07-06 12:45:00,spread_reduced,Pseudo,0.00835612307163262
GBPJPY,B,LONG,2022-07-06 13:00:00,2022-07-06 13:15:00,spread_reduced,Neither,-0.0848903440786956
AUDJPY,B,LONG,2022-07-06 13:00:00,2022-07-06 13:15:00,spread_reduced,Neither,-0.3115834973067925
EURJPY,B,LONG,2022-07-06 17:05:00,2022-07-06 17:35:00,spread_reduced,Both,-0.07278807778480594
GBPJPY,B,LONG,2022-07-06 17:05:00,2022-07-06 17:35:00,spread_reduced,Pseudo,-0.16572673657799797
AUDJPY,B,LONG,2022-07-06 17:05:00,2022-07-06 17:35:00,spread_reduced,Pseudo,-0.16682070000643517
EURJPY,B,LONG,2022-07-06 18:25:00,2022-07-06 19:35:00,spread_reduced,Pseudo,-0.017324222324995496
GBPJPY,B,LONG,2022-07-06 18:25:00,2022-07-06 19:35:00,spread_reduced,Pseudo,0.026667901812530797
AUDJPY,B,LONG,2022-07-06 18:25:00,2022-07-06 19:35:00,spread_reduced,Pseudo,0.15135473162238475
AUDJPY,B,SHORT,2022-07-07 00:15:00,2022-07-07 00:20:00,stop,Pseudo,-0.5511028940866266
EURJPY,B,SHORT,2022-07-07 00:15:00,2022-07-07 00:30:00,spread_reduced,Pseudo,-0.15954592658432948
GBPJPY,B,SHORT,2022-07-07 00:15:00,2022-07-07 00:30:00,spread_reduced,Pseudo,-0.27703072301354936
EURJPY,B,LONG,2022-07-07 00:45:00,2022-07-07 00:50:00,spread_reduced,Pseudo,-0.3338253212324579
AUDJPY,B,LONG,2022-07-07 00:45:00,2022-07-07 00:50:00,spread_reduced,Pseudo,-0.30393614186722634
GBPJPY,B,SHORT,2022-07-07 01:05:00,2022-07-07 01:30:00,spread_reduced,Pseudo,-0.2556577071012682
AUDJPY,B,SHORT,2022-07-07 01:05:00,2022-07-07 01:30:00,spread_reduced,Pseudo,-0.4351826076408975
EURJPY,B,SHORT,2022-07-07 01:15:00,2022-07-07 01:30:00,spread_reduced,Pseudo,-0.2188557567241271
EURJPY,B,LONG,2022-07-07 02:55:00,2022-07-07 03:35:00,spread_reduced,Real,-0.11958068542827771
GBPJPY,B,LONG,2022-07-07 02:55:00,2022-07-07 03:35:00,spread_reduced,Real,-0.12234274466778791
AUDJPY,B,LONG,2022-07-07 02:55:00,2022-07-07 03:35:00,spread_reduced,Real,-0.041885162498330374
AUDJPY,B,LONG,2022-07-07 05:10:00,2022-07-07 05:25:00,stop,Pseudo,-0.5179101144981251
EURJPY,B,LONG,2022-07-07 05:10:00,2022-07-07 05:30:00,stop,Pseudo,-0.547123937232256
GBPJPY,B,LONG,2022-07-07 05:10:00,2022-07-07 05:30:00,stop,Pseudo,-0.5150261287544626
EURJPY,B,SHORT,2022-07-07 05:40:00,2022-07-07 05:55:00,stop,Pseudo,-0.8958208497040026
GBPJPY,B,SHORT,2022-07-07 05:40:00,2022-07-07 05:55:00,spread_reduced,Pseudo,-0.3649201716876919
AUDJPY,B,SHORT,2022-07-07 05:40:00,2022-07-07 05:55:00,stop,Pseudo,-0.7266589607220671
GBPJPY,B,SHORT,2022-07-07 07:10:00,2022-07-07 07:20:00,stop,Pseudo,-0.555968190091664
EURJPY,B,SHORT,2022-07-07 07:10:00,2022-07-07 07:30:00,stop,Pseudo,-0.6375877471972066
AUDJPY,B,SHORT,2022-07-07 07:10:00,2022-07-07 07:30:00,stop,Pseudo,-1.013701160202866
GBPJPY,B,LONG,2022-07-07 07:30:00,2022-07-07 07:40:00,stop,Pseudo,-0.5625850476393598
EURJPY,B,LONG,2022-07-07 07:30:00,2022-07-07 08:35:00,spread_reduced,Pseudo,0.36373771841084296
AUDJPY,B,LONG,2022-07-07 07:30:00,2022-07-07 08:35:00,spread_reduced,Pseudo,0.29248661593572756
GBPJPY,B,LONG,2022-07-07 07:45:00,2022-07-07 08:35:00,spread_reduced,Pseudo,0.7234435083001886
EURJPY,B,LONG,2022-07-07 09:40:00,2022-07-07 10:05:00,spread_reduced,Real,-0.1972436794312656
GBPJPY,B,LONG,2022-07-07 09:40:00,2022-07-07 10:05:00,spread_reduced,Real,0.21317841813961458
AUDJPY,B,LONG,2022-07-07 09:40:00,2022-07-07 10:05:00,spread_reduced,Pseudo,-0.410418105260287
EURJPY,B,SHORT,2022-07-07 11:10:00,2022-07-07 11:35:00,spread_reduced,Real,-0.14499575732451753
GBPJPY,B,SHORT,2022-07-07 11:10:00,2022-07-07 11:35:00,spread_reduced,Pseudo,-0.039061074461536435
AUDJPY,B,SHORT,2022-07-07 11:10:00,2022-07-07 11:35:00,spread_reduced,Pseudo,-0.07950918477443263
EURJPY,B,SHORT,2022-07-07 12:10:00,2022-07-07 12:20:00,spread_reduced,Pseudo,-0.4469675716343158
GBPJPY,B,SHORT,2022-07-07 12:10:00,2022-07-07 12:20:00,stop,Pseudo,-0.5547005826646394
GBPJPY,B,LONG,2022-07-07 14:50:00,2022-07-07 15:15:00,spread_reduced,Pseudo,-0.1268703521066783
AUDJPY,B,LONG,2022-07-07 14:50:00,2022-07-07 15:15:00,spread_reduced,Pseudo,-0.40755637414890966
EURJPY,B,LONG,2022-07-07 14:55:00,2022-07-07 15:15:00,spread_reduced,Pseudo,-0.2981652587050373
AUDJPY,B,LONG,2022-07-08 00:40:00,2022-07-08 01:00:00,stop,Pseudo,-0.7059306242280424
EURJPY,B,LONG,2022-07-08 00:40:00,2022-07-08 01:05:00,spread_reduced,Real,-0.43229072651089034
GBPJPY,B,LONG,2022-07-08 00:40:00,2022-07-08 01:05:00,spread_reduced,Real,-0.29631248018494966
EURJPY,B,SHORT,2022-07-08 02:40:00,2022-07-08 03:30:00,spread_reduced,Pseudo,0.4789819197397923
GBPJPY,B,SHORT,2022-07-08 02:40:00,2022-07-08 03:30:00,spread_reduced,Pseudo,0.3130511291227952
AUDJPY,B,SHORT,2022-07-08 02:40:00,2022-07-08 03:30:00,spread_reduced,Pseudo,0.5073830660304128
EURJPY,B,LONG,2022-07-08 03:30:00,2022-07-08 03:40:00,spread_reduced,Pseudo,-0.2289865477440219
GBPJPY,B,LONG,2022-07-08 03:30:00,2022-07-08 03:40:00,spread_reduced,Pseudo,-0.2330294665158587
AUDJPY,B,LONG,2022-07-08 03:30:00,2022-07-08 03:40:00,spread_reduced,Pseudo,-0.4857715234127073
AUDJPY,B,LONG,2022-07-08 06:00:00,2022-07-08 07:00:00,spread_reduced,Pseudo,0.06432669894262943
EURJPY,B,SHORT,2022-07-08 07:25:00,2022-07-08 08:05:00,spread_reduced,Both,0.2495478587033843
GBPJPY,B,SHORT,2022-07-08 07:25:00,2022-07-08 08:05:00,spread_reduced,Pseudo,0.4399954367333425
AUDJPY,B,SHORT,2022-07-08 07:25:00,2022-07-08 08:05:00,spread_reduced,Pseudo,-0.02566791046236065
AUDJPY,B,SHORT,2022-07-08 08:25:00,2022-07-08 08:45:00,spread_reduced,Pseudo,-0.3971175815865221
AUDJPY,B,LONG,2022-07-08 08:50:00,2022-07-08 09:05:00,stop,Pseudo,-0.5277386733724503
EURJPY,B,LONG,2022-07-08 08:50:00,2022-07-08 10:50:00,spread_reduced,Pseudo,1.107326214233669
GBPJPY,B,LONG,2022-07-08 08:50:00,2022-07-08 10:50:00,spread_reduced,Pseudo,1.6006995046182009
AUDJPY,B,LONG,2022-07-08 09:35:00,2022-07-08 10:50:00,spread_reduced,Pseudo,0.6382969288885784
EURJPY,B,LONG,2022-07-08 14:30:00,2022-07-11 05:25:00,spread_reduced,Pseudo,1.6883340072827806
GBPJPY,B,LONG,2022-07-08 14:30:00,2022-07-11 05:25:00,spread_reduced,Pseudo,1.3048396046521453
AUDJPY,B,LONG,2022-07-08 14:30:00,2022-07-11 05:25:00,spread_reduced,Pseudo,0.5586619157926798
AUDJPY,B,SHORT,2022-07-11 06:10:00,2022-07-11 06:30:00,stop,Pseudo,-0.5047584103528754
EURJPY,B,SHORT,2022-07-11 06:10:00,2022-07-11 06:35:00,spread_reduced,Pseudo,-0.19977519268662056
GBPJPY,B,SHORT,2022-07-11 06:10:00,2022-07-11 06:35:00,stop,Pseudo,-0.521973153055022
EURJPY,B,SHORT,2022-07-11 07:25:00,2022-07-11 07:55:00,spread_reduced,Pseudo,0.13322143826984453
GBPJPY,B,SHORT,2022-07-11 07:25:00,2022-07-11 07:55:00,spread_reduced,Real,-0.12046859905826916
AUDJPY,B,SHORT,2022-07-11 07:25:00,2022-07-11 07:55:00,spread_reduced,Pseudo,-0.011295825599925518
EURJPY,B,LONG,2022-07-11 08:35:00,2022-07-11 09:20:00,spread_reduced,Real,-0.10024133649096564
GBPJPY,B,LONG,2022-07-11 08:35:00,2022-07-11 09:20:00,spread_reduced,Neither,-0.1882901250700823
AUDJPY,B,LONG,2022-07-11 08:35:00,2022-07-11 09:20:00,spread_reduced,Neither,-0.05241772438713266
EURJPY,B,SHORT,2022-07-11 11:40:00,2022-07-11 11:55:00,spread_reduced,Pseudo,-0.41831676197808443
GBPJPY,B,SHORT,2022-07-11 11:40:00,2022-07-11 11:55:00,spread_reduced,Pseudo,-0.37277542592906165
AUDJPY,B,SHORT,2022-07-11 11:40:00,2022-07-11 11:55:00,spread_reduced,Pseudo,-0.33788827615029626
GBPJPY,B,LONG,2022-07-11 12:10:00,2022-07-11 12:30:00,stop,Pseudo,-0.7242001503046103
AUDJPY,B,LONG,2022-07-11 12:10:00,2022-07-11 12:30:00,stop,Pseudo,-0.749017428105514
EURJPY,B,LONG,2022-07-11 12:10:00,2022-07-11 12:35:00,spread_reduced,Both,-0.25871135768410863
EURJPY,B,SHORT,2022-07-11 13:30:00,2022-07-11 14:20:00,spread_reduced,Pseudo,0.21869861365564347
GBPJPY,B,SHORT,2022-07-11 13:30:00,2022-07-11 14:20:00,spread_reduced,Real,1.1211448407476936
AUDJPY,B,SHORT,2022-07-11 13:30:00,2022-07-11 14:20:00,spread_reduced,Pseudo,0.6225204134067871
EURJPY,B,LONG,2022-07-11 14:35:00,2022-07-11 15:05:00,spread_reduced,Pseudo,-0.1387662904321167
GBPJPY,B,LONG,2022-07-11 14:35:00,2022-07-11 15:05:00,spread_reduced,Pseudo,-0.4314757010468092
AUDJPY,B,LONG,2022-07-11 14:35:00,2022-07-11 15:05:00,spread_reduced,Real,0.07510290885800094
EURJPY,B,SHORT,2022-07-12 00:40:00,2022-07-12 01:45:00,spread_reduced,Pseudo,0.9442299462297429
GBPJPY,B,SHORT,2022-07-12 00:40:00,2022-07-12 01:45:00,spread_reduced,Pseudo,0.684046591393539
AUDJPY,B,SHORT,2022-07-12 00:40:00,2022-07-12 01:45:00,spread_reduced,Pseudo,0.22518736241476195
EURJPY,B,LONG,2022-07-12 06:30:00,2022-07-12 06:45:00,stop,Pseudo,-0.622449800479911
GBPJPY,B,LONG,2022-07-12 06:30:00,2022-07-12 06:50:00,stop,Pseudo,-0.5047884812357333
AUDJPY,B,LONG,2022-07-12 06:30:00,2022-07-12 07:00:00,stop,Pseudo,-0.5586822184896849
EURJPY,B,SHORT,2022-07-12 07:00:00,2022-07-12 07:50:00,spread_reduced,Pseudo,0.48276485435305716
GBPJPY,B,SHORT,2022-07-12 07:00:00,2022-07-12 07:50:00,spread_reduced,Both,0.7599213448372666
AUDJPY,B,SHORT,2022-07-12 07:00:00,2022-07-12 07:50:00,spread_reduced,Pseudo,0.47758253230852554
EURJPY,B,SHORT,2022-07-12 08:25:00,2022-07-12 08:35:00,spread_reduced,Pseudo,-0.29301249427845144
GBPJPY,B,SHORT,2022-07-12 08:25:00,2022-07-12 08:35:00,spread_reduced,Pseudo,-0.298987895832085
AUDJPY,B,SHORT,2022-07-12 08:25:00,2022-07-12 08:35:00,stop,Pseudo,-0.5449874735728629
EURJPY,B,SHORT,2022-07-12 09:50:00,2022-07-12 10:00:00,stop,Pseudo,-0.5416331430776467
GBPJPY,B,SHORT,2022-07-12 09:50:00,2022-07-12 10:00:00,stop,Pseudo,-0.5136501183355218
AUDJPY,B,SHORT,2022-07-12 09:50:00,2022-07-12 10:00:00,stop,Pseudo,-0.583389117457663
EURJPY,B,LONG,2022-07-12 15:30:00,2022-07-12 15:55:00,spread_reduced,Real,-0.03189872537934235
GBPJPY,B,LONG,2022-07-12 15:30:00,2022-07-12 15:55:00,spread_reduced,Real,-0.06669519327839879
AUDJPY,B,LONG,2022-07-12 15:30:00,2022-07-12 15:55:00,spread_reduced,Real,-0.2721843195411985
EURJPY,B,LONG,2022-07-13 01:00:00,2022-07-13 01:35:00,spread_reduced,Pseudo,-0.16632553292657745
GBPJPY,B,LONG,2022-07-13 01:00:00,2022-07-13 01:35:00,spread_reduced,Pseudo,-0.20672877433636216
AUDJPY,B,LONG,2022-07-13 01:00:00,2022-07-13 01:35:00,spread_reduced,Pseudo,-0.1677368730655197
EURJPY,B,LONG,2022-07-13 06:50:00,2022-07-13 07:15:00,stop,Pseudo,-0.6053337246772669
GBPJPY,B,LONG,2022-07-13 06:50:00,2022-07-13 07:20:00,spread_reduced,Pseudo,-0.44343399333350114
AUDJPY,B,LONG,2022-07-13 06:50:00,2022-07-13 07:20:00,spread_reduced,Pseudo,0.19710924656557438
GBPJPY,B,SHORT,2022-07-13 07:30:00,2022-07-13 07:50:00,spread_reduced,Pseudo,-0.22501716132635372
AUDJPY,B,SHORT,2022-07-13 07:30:00,2022-07-13 07:50:00,spread_reduced,Pseudo,-0.4299320921789344
EURJPY,B,SHORT,2022-07-13 12:30:00,2022-07-13 12:50:00,stop,Pseudo,-0.5293957271093793
GBPJPY,B,SHORT,2022-07-13 12:30:00,2022-07-13 13:00:00,spread_reduced,Pseudo,-0.2863225654356298
AUDJPY,B,SHORT,2022-07-13 12:30:00,2022-07-13 13:00:00,stop,Pseudo,-0.676147365200978
EURJPY,B,SHORT,2022-07-13 12:55:00,2022-07-13 13:00:00,spread_reduced,Pseudo,-0.4283945443677162
AUDJPY,B,LONG,2022-07-13 14:00:00,2022-07-13 14:05:00,stop,Pseudo,-0.6301948256031883
EURJPY,B,LONG,2022-07-13 14:00:00,2022-07-13 14:20:00,spread_reduced,Pseudo,-0.3961050917242378
GBPJPY,B,LONG,2022-07-13 14:00:00,2022-07-13 14:20:00,stop,Pseudo,-0.5724232532959469
AUDJPY,B,LONG,2022-07-13 14:10:00,2022-07-13 14:20:00,spread_reduced,Pseudo,-0.46404905085454623
EURJPY,B,LONG,2022-07-13 14:45:00,2022-07-13 15:30:00,spread_reduced,Pseudo,-0.17847006672688792
GBPJPY,B,LONG,2022-07-13 14:45:00,2022-07-13 15:30:00,spread_reduced,Pseudo,-0.3858476771068468
AUDJPY,B,LONG,2022-07-13 14:45:00,2022-07-13 15:30:00,spread_reduced,Pseudo,0.6661104108317921
EURJPY,B,LONG,2022-07-14 00:50:00,2022-07-14 01:20:00,spread_reduced,Pseudo,-0.29930362155413304
GBPJPY,B,LONG,2022-07-14 00:50:00,2022-07-14 01:20:00,spread_reduced,Pseudo,-0.15814124134949648
AUDJPY,B,LONG,2022-07-14 00:50:00,2022-07-14 01:20:00,spread_reduced,Real,0.029945112614448988
EURJPY,B,LONG,2022-07-14 06:20:00,2022-07-14 08:20:00,spread_reduced,Pseudo,1.4747795495760516
GBPJPY,B,LONG,2022-07-14 06:20:00,2022-07-14 08:20:00,spread_reduced,Pseudo,1.7453180821627168
AUDJPY,B,LONG,2022-07-14 06:20:00,2022-07-14 08:20:00,spread_reduced,Pseudo,1.1400781461387381
EURJPY,B,SHORT,2022-07-14 08:55:00,2022-07-14 09:50:00,spread_reduced,Pseudo,-0.3270245400458135
GBPJPY,B,SHORT,2022-07-14 08:55:00,2022-07-14 09:50:00,spread_reduced,Pseudo,-0.32924087854158124
AUDJPY,B,SHORT,2022-07-14 08:55:00,2022-07-14 09:50:00,spread_reduced,Pseudo,-0.08957947675103384
EURJPY,B,SHORT,2022-07-14 10:20:00,2022-07-14 11:05:00,spread_reduced,Pseudo,-0.37166335069553175
GBPJPY,B,SHORT,2022-07-14 10:20:00,2022-07-14 11:05:00,spread_reduced,Pseudo,-0.10770477768695663
AUDJPY,B,SHORT,2022-07-14 10:20:00,2022-07-14 11:05:00,spread_reduced,Pseudo,0.39856534944041994
EURJPY,B,SHORT,2022-07-14 11:35:00,2022-07-14 12:00:00,spread_reduced,Real,0.06182907914820124
GBPJPY,B,SHORT,2022-07-14 11:35:00,2022-07-14 12:00:00,spread_reduced,Pseudo,-0.22674913009216685
AUDJPY,B,SHORT,2022-07-14 11:40:00,2022-07-14 12:00:00,spread_reduced,Real,-0.023814338813525165
EURJPY,B,LONG,2022-07-14 12:25:00,2022-07-14 12:55:00,spread_reduced,Pseudo,-0.005310665216695654
GBPJPY,B,LONG,2022-07-14 12:25:00,2022-07-14 12:55:00,stop,Pseudo,-0.5146967170861494
AUDJPY,B,LONG,2022-07-14 12:25:00,2022-07-14 12:55:00,spread_reduced,Pseudo,-0.47313455147183586
EURJPY,B,SHORT,2022-07-14 13:05:00,2022-07-14 13:55:00,spread_reduced,Pseudo,0.490828211921035
GBPJPY,B,SHORT,2022-07-14 13:05:00,2022-07-14 13:55:00,spread_reduced,Pseudo,-0.1343531897236942
AUDJPY,B,SHORT,2022-07-14 13:05:00,2022-07-14 13:55:00,spread_reduced,Pseudo,-0.19913095596820382
EURJPY,B,LONG,2022-07-14 14:10:00,2022-07-14 15:30:00,spread_reduced,Pseudo,0.958733053951925
GBPJPY,B,LONG,2022-07-14 14:10:00,2022-07-14 15:30:00,spread_reduced,Pseudo,-0.08049880602523096
AUDJPY,B,LONG,2022-07-14 14:10:00,2022-07-14 15:30:00,spread_reduced,Pseudo,0.864797918830836
EURJPY,B,SHORT,2022-07-14 16:45:00,2022-07-14 17:15:00,spread_reduced,Pseudo,-0.3595002942692697
GBPJPY,B,SHORT,2022-07-14 16:45:00,2022-07-14 17:15:00,spread_reduced,Pseudo,0.016039541146780266
AUDJPY,B,SHORT,2022-07-14 16:45:00,2022-07-14 17:15:00,spread_reduced,Pseudo,-0.26302348868312286
EURJPY,B,SHORT,2022-07-15 00:30:00,2022-07-15 01:00:00,spread_reduced,Pseudo,-0.21258074104231936
GBPJPY,B,SHORT,2022-07-15 00:30:00,2022-07-15 01:00:00,spread_reduced,Pseudo,-0.16975608907706294
AUDJPY,B,SHORT,2022-07-15 00:30:00,2022-07-15 01:00:00,spread_reduced,Pseudo,0.21993262008919898
EURJPY,B,LONG,2022-07-15 02:10:00,2022-07-15 02:35:00,spread_reduced,Pseudo,-0.09136669861523987
GBPJPY,B,LONG,2022-07-15 02:10:00,2022-07-15 02:35:00,spread_reduced,Pseudo,-0.2554224700580162
AUDJPY,B,LONG,2022-07-15 02:15:00,2022-07-15 02:35:00,spread_reduced,Pseudo,-0.3801673087549714
EURJPY,B,SHORT,2022-07-15 06:55:00,2022-07-15 07:20:00,spread_reduced,Pseudo,-0.15768282538145922
GBPJPY,B,SHORT,2022-07-15 06:55:00,2022-07-15 07:20:00,spread_reduced,Pseudo,-0.3563160006567016
AUDJPY,B,SHORT,2022-07-15 06:55:00,2022-07-15 07:20:00,spread_reduced,Pseudo,-0.4116637210507257
EURJPY,B,LONG,2022-07-15 07:25:00,2022-07-15 08:05:00,spread_reduced,Both,0.36489092782969007
GBPJPY,B,LONG,2022-07-15 07:25:00,2022-07-15 08:05:00,spread_reduced,Pseudo,0.2769137144644033
AUDJPY,B,LONG,2022-07-15 07:25:00,2022-07-15 08:05:00,stop,Pseudo,-0.554946068153539
EURJPY,B,LONG,2022-07-15 09:05:00,2022-07-15 09:35:00,spread_reduced,Pseudo,0.14300177407903608
GBPJPY,B,LONG,2022-07-15 09:05:00,2022-07-15 09:35:00,spread_reduced,Pseudo,-0.20414890854828877
AUDJPY,B,LONG,2022-07-15 09:05:00,2022-07-15 09:35:00,spread_reduced,Pseudo,-0.03624505491524784
EURJPY,B,LONG,2022-07-15 13:00:00,2022-07-15 13:30:00,spread_reduced,Pseudo,-0.21168248780116067
GBPJPY,B,LONG,2022-07-15 13:00:00,2022-07-15 13:30:00,spread_reduced,Real,-0.38147903254400395
AUDJPY,B,LONG,2022-07-15 13:00:00,2022-07-15 13:30:00,spread_reduced,Pseudo,-0.16907886536743355
EURJPY,B,LONG,2022-07-18 07:05:00,2022-07-18 07:40:00,spread_reduced,Pseudo,-0.23018592610883165
GBPJPY,B,LONG,2022-07-18 07:05:00,2022-07-18 07:40:00,spread_reduced,Pseudo,-0.1196821933409457
AUDJPY,B,LONG,2022-07-18 07:05:00,2022-07-18 07:40:00,spread_reduced,Pseudo,0.34063225746986764
EURJPY,B,LONG,2022-07-18 09:10:00,2022-07-18 09:50:00,spread_reduced,Pseudo,0.4407701520660427
GBPJPY,B,LONG,2022-07-18 09:10:00,2022-07-18 09:50:00,spread_reduced,Real,0.4766212940564193
AUDJPY,B,LONG,2022-07-18 09:10:00,2022-07-18 09:50:00,spread_reduced,Real,0.03273270941857772
EURJPY,B,SHORT,2022-07-18 10:45:00,2022-07-18 11:45:00,spread_reduced,Pseudo,0.11344853359566513
EURJPY,B,LONG,2022-07-19 07:05:00,2022-07-19 08:35:00,spread_reduced,Pseudo,1.5077311226017929
GBPJPY,B,LONG,2022-07-19 07:05:00,2022-07-19 08:35:00,spread_reduced,Pseudo,0.335487057577577
AUDJPY,B,LONG,2022-07-19 07:05:00,2022-07-19 08:35:00,spread_reduced,Pseudo,1.1074218597071361
EURJPY,B,LONG,2022-07-19 14:25:00,2022-07-19 14:35:00,stop,Pseudo,-0.5607441614969844
GBPJPY,B,LONG,2022-07-19 14:25:00,2022-07-19 15:15:00,spread_reduced,Pseudo,-0.0064815493637423085
AUDJPY,B,LONG,2022-07-19 14:25:00,2022-07-19 15:15:00,spread_reduced,Pseudo,-0.2724070740009651
AUDJPY,B,LONG,2022-07-20 00:15:00,2022-07-20 00:40:00,stop,Pseudo,-0.5310245716116565
EURJPY,B,LONG,2022-07-20 00:15:00,2022-07-20 00:45:00,spread_reduced,Pseudo,-0.13007561342896307
GBPJPY,B,LONG,2022-07-20 00:15:00,2022-07-20 00:45:00,spread_reduced,Pseudo,-0.23714630004586143
EURJPY,B,SHORT,2022-07-20 01:15:00,2022-07-20 01:55:00,spread_reduced,Pseudo,0.24451229065969304
GBPJPY,B,SHORT,2022-07-20 01:15:00,2022-07-20 01:55:00,spread_reduced,Pseudo,-0.12307946053831861
AUDJPY,B,SHORT,2022-07-20 01:15:00,2022-07-20 01:55:00,spread_reduced,Both,-0.0026627421280493264
EURJPY,B,SHORT,2022-07-20 07:45:00,2022-07-20 08:10:00,spread_reduced,Pseudo,-0.08791587800160983
GBPJPY,B,SHORT,2022-07-20 07:45:00,2022-07-20 08:10:00,spread_reduced,Pseudo,-0.30621860892036484
AUDJPY,B,SHORT,2022-07-20 07:50:00,2022-07-20 08:10:00,spread_reduced,Pseudo,-0.21231081169810948
EURJPY,B,SHORT,2022-07-20 10:30:00,2022-07-20 11:05:00,spread_reduced,Pseudo,0.11158403546055833
GBPJPY,B,SHORT,2022-07-20 10:30:00,2022-07-20 11:05:00,spread_reduced,Pseudo,0.05387662638241716
AUDJPY,B,SHORT,2022-07-20 10:30:00,2022-07-20 11:05:00,spread_reduced,Pseudo,0.18576364677817353
EURJPY,B,SHORT,2022-07-20 12:35:00,2022-07-20 12:50:00,spread_reduced,Pseudo,-0.42685904758073734
GBPJPY,B,SHORT,2022-07-20 12:35:00,2022-07-20 12:50:00,spread_reduced,Pseudo,-0.361418603450255
AUDJPY,B,SHORT,2022-07-20 12:35:00,2022-07-20 12:50:00,spread_reduced,Pseudo,-0.49981896165933
EURJPY,B,LONG,2022-07-20 13:35:00,2022-07-20 13:40:00,spread_reduced,Pseudo,-0.35802742356864464
GBPJPY,B,LONG,2022-07-20 13:35:00,2022-07-20 13:40:00,spread_reduced,Pseudo,-0.2549846087395539
AUDJPY,B,LONG,2022-07-20 13:35:00,2022-07-20 13:40:00,stop,Pseudo,-0.5719229683406324
EURJPY,B,SHORT,2022-07-20 15:20:00,2022-07-20 15:45:00,spread_reduced,Pseudo,-0.3615571515792985
GBPJPY,B,SHORT,2022-07-20 15:20:00,2022-07-20 15:45:00,spread_reduced,Pseudo,-0.19785859472080486
AUDJPY,B,SHORT,2022-07-20 15:20:00,2022-07-20 15:45:00,spread_reduced,Pseudo,-0.1602162686561067
EURJPY,B,SHORT,2022-07-20 17:00:00,2022-07-20 17:30:00,spread_reduced,Pseudo,0.30496473415112896
GBPJPY,B,SHORT,2022-07-20 17:00:00,2022-07-20 17:30:00,spread_reduced,Pseudo,-0.08708568785942283
AUDJPY,B,SHORT,2022-07-20 17:00:00,2022-07-20 17:30:00,spread_reduced,Pseudo,-0.09727825388098725
EURJPY,B,LONG,2022-07-21 04:40:00,2022-07-21 05:15:00,spread_reduced,Pseudo,0.04182946514504534
GBPJPY,B,LONG,2022-07-21 04:40:00,2022-07-21 05:15:00,spread_reduced,Pseudo,-0.004470940212756662
AUDJPY,B,LONG,2022-07-21 04:40:00,2022-07-21 05:15:00,spread_reduced,Pseudo,0.03569798783020772
EURJPY,B,SHORT,2022-07-21 08:05:00,2022-07-21 08:30:00,spread_reduced,Pseudo,-0.4555991178352148
GBPJPY,B,SHORT,2022-07-21 08:05:00,2022-07-21 08:30:00,spread_reduced,Pseudo,-0.43908920944361424
AUDJPY,B,SHORT,2022-07-21 08:05:00,2022-07-21 08:30:00,spread_reduced,Pseudo,-0.2338895447171474
EURJPY,B,LONG,2022-07-21 12:15:00,2022-07-21 13:05:00,stop,Pseudo,-0.9809758077653867
GBPJPY,B,LONG,2022-07-21 12:15:00,2022-07-21 13:05:00,spread_reduced,Pseudo,-0.38342085646610646
AUDJPY,B,LONG,2022-07-21 12:15:00,2022-07-21 13:05:00,spread_reduced,Pseudo,-0.034129311094847445
EURJPY,B,SHORT,2022-07-21 13:10:00,2022-07-21 13:50:00,spread_reduced,Pseudo,0.0771937883338921
GBPJPY,B,SHORT,2022-07-21 13:10:00,2022-07-21 13:50:00,spread_reduced,Pseudo,0.20036127917174204
AUDJPY,B,SHORT,2022-07-21 13:10:00,2022-07-21 13:50:00,spread_reduced,Pseudo,-0.40307409931350513
EURJPY,B,SHORT,2022-07-21 14:20:00,2022-07-21 15:00:00,spread_reduced,Pseudo,0.09176431542275618
GBPJPY,B,SHORT,2022-07-21 14:20:00,2022-07-21 15:00:00,spread_reduced,Pseudo,0.006722669856647675
AUDJPY,B,SHORT,2022-07-21 14:20:00,2022-07-21 15:00:00,spread_reduced,Pseudo,0.2407794376619865
EURJPY,B,SHORT,2022-07-21 23:05:00,2022-07-21 23:45:00,spread_reduced,Pseudo,0.09441777012438499
GBPJPY,B,SHORT,2022-07-21 23:05:00,2022-07-21 23:45:00,spread_reduced,Pseudo,0.015863600722032523
AUDJPY,B,SHORT,2022-07-21 23:05:00,2022-07-21 23:45:00,spread_reduced,Pseudo,0.12530737727452687
EURJPY,B,SHORT,2022-07-22 07:25:00,2022-07-22 08:00:00,spread_reduced,Pseudo,1.2867048674777282
GBPJPY,B,SHORT,2022-07-22 07:25:00,2022-07-22 08:00:00,spread_reduced,Pseudo,0.7928525819506834
AUDJPY,B,SHORT,2022-07-22 07:25:00,2022-07-22 08:00:00,spread_reduced,Pseudo,0.16550915739399485
EURJPY,B,SHORT,2022-07-22 09:15:00,2022-07-22 10:00:00,spread_reduced,Pseudo,-0.1092314046489129
GBPJPY,B,SHORT,2022-07-22 09:15:00,2022-07-22 10:00:00,spread_reduced,Pseudo,0.14577946559298413
AUDJPY,B,SHORT,2022-07-22 09:15:00,2022-07-22 10:00:00,spread_reduced,Pseudo,-0.21123691889971913
EURJPY,B,SHORT,2022-07-22 11:10:00,2022-07-22 12:10:00,spread_reduced,Pseudo,-0.2564024192782307
GBPJPY,B,SHORT,2022-07-22 11:10:00,2022-07-22 12:10:00,spread_reduced,Pseudo,-0.014493227810700542
AUDJPY,B,SHORT,2022-07-22 11:10:00,2022-07-22 12:10:00,spread_reduced,Pseudo,-0.13243290819960526
EURJPY,B,SHORT,2022-07-22 12:30:00,2022-07-22 12:55:00,stop,Pseudo,-0.5957106351680194
GBPJPY,B,SHORT,2022-07-22 12:30:00,2022-07-22 12:55:00,spread_reduced,Pseudo,-0.2519415142120026
AUDJPY,B,SHORT,2022-07-22 12:30:00,2022-07-22 12:55:00,spread_reduced,Pseudo,-0.3645476463813117
EURJPY,B,SHORT,2022-07-22 13:25:00,2022-07-22 13:40:00,spread_reduced,Pseudo,-0.49795547465122014
GBPJPY,B,SHORT,2022-07-22 13:25:00,2022-07-22 13:40:00,spread_reduced,Both,-0.38972132160908224
AUDJPY,B,SHORT,2022-07-22 13:25:00,2022-07-22 13:40:00,spread_reduced,Pseudo,-0.489486928385056
EURJPY,B,SHORT,2022-07-22 14:00:00,2022-07-22 14:20:00,stop,Pseudo,-0.5029237783000795
GBPJPY,B,SHORT,2022-07-22 14:00:00,2022-07-22 14:30:00,spread_reduced,Real,-0.374312901106307
AUDJPY,B,SHORT,2022-07-22 14:00:00,2022-07-22 14:30:00,spread_reduced,Real,-0.3550330654540357
EURJPY,B,SHORT,2022-07-22 17:15:00,2022-07-22 17:45:00,spread_reduced,Pseudo,-0.13836104329523202
GBPJPY,B,SHORT,2022-07-22 17:15:00,2022-07-22 17:45:00,spread_reduced,Pseudo,-0.09818118318364692
AUDJPY,B,SHORT,2022-07-22 17:15:00,2022-07-22 17:45:00,spread_reduced,Pseudo,0.10522777096300118
EURJPY,B,SHORT,2022-07-25 01:55:00,2022-07-25 02:25:00,spread_reduced,Pseudo,-0.068933973452312
GBPJPY,B,SHORT,2022-07-25 01:55:00,2022-07-25 02:25:00,spread_reduced,Pseudo,-0.07373790445219797
AUDJPY,B,SHORT,2022-07-25 01:55:00,2022-07-25 02:25:00,spread_reduced,Pseudo,-0.12487325479670908
EURJPY,B,LONG,2022-07-25 08:55:00,2022-07-25 09:40:00,spread_reduced,Pseudo,0.3269431581955917
GBPJPY,B,LONG,2022-07-25 08:55:00,2022-07-25 09:40:00,spread_reduced,Pseudo,0.3298514694528206
AUDJPY,B,LONG,2022-07-25 08:55:00,2022-07-25 09:40:00,spread_reduced,Pseudo,0.3460942760131018
EURJPY,B,SHORT,2022-07-25 14:30:00,2022-07-25 14:55:00,stop,Pseudo,-0.513245883973094
GBPJPY,B,SHORT,2022-07-25 14:30:00,2022-07-25 14:55:00,stop,Pseudo,-0.6595716124276526
AUDJPY,B,SHORT,2022-07-25 14:30:00,2022-07-25 14:55:00,spread_reduced,Pseudo,-0.2660955135434703
EURJPY,B,LONG,2022-07-26 00:05:00,2022-07-26 00:20:00,spread_reduced,Pseudo,-0.4089398309582437
GBPJPY,B,LONG,2022-07-26 00:05:00,2022-07-26 00:20:00,spread_reduced,Pseudo,-0.44982630996315276
AUDJPY,B,LONG,2022-07-26 00:05:00,2022-07-26 00:20:00,spread_reduced,Pseudo,-0.48183887000522824
EURJPY,B,SHORT,2022-07-26 13:30:00,2022-07-26 14:00:00,spread_reduced,Real,0.0453388156715917
GBPJPY,B,SHORT,2022-07-26 13:30:00,2022-07-26 14:00:00,spread_reduced,Real,-0.361712506519322
AUDJPY,B,SHORT,2022-07-26 13:30:00,2022-07-26 14:00:00,spread_reduced,Real,-0.2491586241328836
EURJPY,B,LONG,2022-07-26 14:30:00,2022-07-26 15:05:00,spread_reduced,Pseudo,-0.34698163996112663
GBPJPY,B,LONG,2022-07-26 14:30:00,2022-07-26 15:05:00,spread_reduced,Pseudo,0.040257489743789066
AUDJPY,B,LONG,2022-07-26 14:30:00,2022-07-26 15:05:00,spread_reduced,Pseudo,-0.21330144108847965
EURJPY,B,LONG,2022-07-27 19:25:00,2022-07-27 19:45:00,spread_reduced,Pseudo,-0.04836561323569762
GBPJPY,B,LONG,2022-07-27 19:25:00,2022-07-27 19:45:00,spread_reduced,Pseudo,-0.3063468270737557
AUDJPY,B,LONG,2022-07-27 19:25:00,2022-07-27 19:45:00,spread_reduced,Pseudo,-0.3652304604880863
EURJPY,B,SHORT,2022-07-27 23:55:00,2022-07-28 00:25:00,spread_reduced,Pseudo,0.043889198165743736
GBPJPY,B,SHORT,2022-07-27 23:55:00,2022-07-28 00:25:00,spread_reduced,Pseudo,-0.09003425217494569
AUDJPY,B,SHORT,2022-07-27 23:55:00,2022-07-28 00:25:00,spread_reduced,Pseudo,-0.21627513357510195
EURJPY,B,SHORT,2022-07-28 01:00:00,2022-07-28 01:55:00,spread_reduced,Pseudo,0.6145317413500292
GBPJPY,B,SHORT,2022-07-28 01:00:00,2022-07-28 01:55:00,spread_reduced,Pseudo,0.7745141772940167
AUDJPY,B,SHORT,2022-07-28 01:00:00,2022-07-28 01:55:00,spread_reduced,Pseudo,1.0042911031306427
EURJPY,B,LONG,2022-07-28 07:15:00,2022-07-28 07:35:00,spread_reduced,Pseudo,-0.368855822117579
GBPJPY,B,LONG,2022-07-28 07:15:00,2022-07-28 07:35:00,spread_reduced,Pseudo,-0.24760796403833218
AUDJPY,B,LONG,2022-07-28 07:15:00,2022-07-28 07:35:00,spread_reduced,Pseudo,-0.3275185616260501
EURJPY,B,SHORT,2022-07-28 09:45:00,2022-07-28 10:15:00,spread_reduced,Real,0.13152288937975007
GBPJPY,B,SHORT,2022-07-28 09:45:00,2022-07-28 10:15:00,spread_reduced,Real,-0.048983029084403995
AUDJPY,B,SHORT,2022-07-28 09:45:00,2022-07-28 10:15:00,spread_reduced,Real,-0.2457703961540325
EURJPY,B,SHORT,2022-07-28 12:30:00,2022-07-28 14:35:00,spread_reduced,Pseudo,0.9922252267364022
GBPJPY,B,SHORT,2022-07-28 12:30:00,2022-07-28 14:35:00,spread_reduced,Pseudo,1.528555819843051
AUDJPY,B,SHORT,2022-07-28 12:30:00,2022-07-28 14:35:00,spread_reduced,Pseudo,1.9983008503653052
EURJPY,B,SHORT,2022-07-29 05:05:00,2022-07-29 05:50:00,spread_reduced,Real,0.500889101176257
GBPJPY,B,SHORT,2022-07-29 05:05:00,2022-07-29 05:50:00,spread_reduced,Real,0.6312174651830945
AUDJPY,B,SHORT,2022-07-29 05:05:00,2022-07-29 05:50:00,spread_reduced,Real,0.4800830573364889
GBPJPY,B,SHORT,2022-07-29 06:25:00,2022-07-29 06:45:00,stop,Pseudo,-0.5328926706643274
EURJPY,B,SHORT,2022-07-29 06:25:00,2022-07-29 07:00:00,stop,Pseudo,-0.5891825230875577
AUDJPY,B,SHORT,2022-07-29 06:25:00,2022-07-29 07:00:00,spread_reduced,Pseudo,-0.11149678925563104
AUDJPY,B,LONG,2022-07-29 07:25:00,2022-07-29 07:30:00,spread_reduced,Pseudo,-0.034520042938579465
EURJPY,B,SHORT,2022-07-29 08:25:00,2022-07-29 08:40:00,stop,Pseudo,-0.536191747041744
GBPJPY,B,SHORT,2022-07-29 08:25:00,2022-07-29 08:45:00,spread_reduced,Pseudo,-0.2341041586719032
AUDJPY,B,SHORT,2022-07-29 08:25:00,2022-07-29 08:45:00,spread_reduced,Real,-0.2246291658209998
EURJPY,B,LONG,2022-07-29 09:05:00,2022-07-29 09:15:00,stop,Pseudo,-0.5878772952824981
GBPJPY,B,LONG,2022-07-29 09:05:00,2022-07-29 09:35:00,spread_reduced,Pseudo,-0.1789868113549753
AUDJPY,B,LONG,2022-07-29 09:05:00,2022-07-29 09:35:00,spread_reduced,Pseudo,-0.12224262491041435
EURJPY,B,LONG,2022-07-29 12:25:00,2022-07-29 13:00:00,spread_reduced,Pseudo,-0.40220688253171194
GBPJPY,B,LONG,2022-07-29 12:25:00,2022-07-29 13:00:00,spread_reduced,Pseudo,-0.3448512343054248
AUDJPY,B,LONG,2022-07-29 12:25:00,2022-07-29 13:00:00,spread_reduced,Pseudo,-0.2009392770945621
EURJPY,B,SHORT,2022-07-29 13:00:00,2022-07-29 13:10:00,stop,Pseudo,-0.600823512505085
GBPJPY,B,SHORT,2022-07-29 13:00:00,2022-07-29 13:10:00,spread_reduced,Pseudo,-0.3760241396251196
AUDJPY,B,SHORT,2022-07-29 13:00:00,2022-07-29 13:10:00,spread_reduced,Pseudo,-0.2977337986418416
EURJPY,B,SHORT,2022-07-29 13:40:00,2022-07-29 14:20:00,spread_reduced,Pseudo,0.31125303519371117
GBPJPY,B,SHORT,2022-07-29 13:40:00,2022-07-29 14:20:00,spread_reduced,Pseudo,0.05747637827698456
AUDJPY,B,SHORT,2022-07-29 13:40:00,2022-07-29 14:20:00,stop,Pseudo,-0.7807216287138246
EURJPY,B,SHORT,2022-07-29 15:20:00,2022-07-29 16:20:00,spread_reduced,Real,0.3450561339739163
GBPJPY,B,SHORT,2022-07-29 15:20:00,2022-07-29 16:20:00,spread_reduced,Pseudo,0.11900121652689648
AUDJPY,B,SHORT,2022-07-29 15:20:00,2022-07-29 16:20:00,spread_reduced,Real,0.013781147376120314
EURJPY,B,LONG,2022-07-29 19:00:00,2022-07-29 19:25:00,spread_reduced,Real,-0.2607003742774635
GBPJPY,B,LONG,2022-07-29 19:00:00,2022-07-29 19:25:00,spread_reduced,Real,-0.28327382106030363
AUDJPY,B,LONG,2022-07-29 19:00:00,2022-07-29 19:25:00,spread_reduced,Pseudo,-0.4630832449263508
USDJPY,B,SHORT,2022-08-01 01:05:00,2022-08-01 01:40:00,spread_reduced,Pseudo,0.41168084690749546
NZDJPY,B,SHORT,2022-08-01 01:05:00,2022-08-01 01:40:00,spread_reduced,Pseudo,0.20998378234001377
CHFJPY,B,SHORT,2022-08-01 01:05:00,2022-08-01 01:40:00,spread_reduced,Pseudo,0.2810740447931985
NZDJPY,B,LONG,2022-08-01 02:35:00,2022-08-01 02:55:00,spread_reduced,Pseudo,0.04799744881078816
USDJPY,B,SHORT,2022-08-01 07:00:00,2022-08-01 07:25:00,spread_reduced,Pseudo,-0.33093727857795113
NZDJPY,B,SHORT,2022-08-01 07:00:00,2022-08-01 07:25:00,spread_reduced,Pseudo,-0.4820610244486249
CHFJPY,B,SHORT,2022-08-01 07:00:00,2022-08-01 07:25:00,spread_reduced,Pseudo,-0.19155962237049629
USDJPY,B,LONG,2022-08-01 07:35:00,2022-08-01 08:30:00,spread_reduced,Pseudo,-0.02835471605910911
NZDJPY,B,LONG,2022-08-01 07:35:00,2022-08-01 08:30:00,spread_reduced,Real,0.6899185368539248
CHFJPY,B,LONG,2022-08-01 07:35:00,2022-08-01 08:30:00,spread_reduced,Real,-0.03101213295760482
USDJPY,B,SHORT,2022-08-01 09:35:00,2022-08-01 10:15:00,spread_reduced,Real,0.10537591077430797
NZDJPY,B,SHORT,2022-08-01 09:35:00,2022-08-01 10:15:00,spread_reduced,Pseudo,-0.24325466973255477
CHFJPY,B,SHORT,2022-08-01 09:35:00,2022-08-01 10:15:00,spread_reduced,Real,0.0863231289221315
USDJPY,B,LONG,2022-08-01 10:50:00,2022-08-01 12:05:00,spread_reduced,Pseudo,0.34345992982916707
NZDJPY,B,LONG,2022-08-01 10:50:00,2022-08-01 12:05:00,spread_reduced,Pseudo,0.22883588141649666
CHFJPY,B,LONG,2022-08-01 10:50:00,2022-08-01 12:05:00,spread_reduced,Pseudo,0.1532939440040959
USDJPY,B,SHORT,2022-08-01 12:55:00,2022-08-01 13:55:00,spread_reduced,Pseudo,0.24040438199694297
NZDJPY,B,SHORT,2022-08-01 12:55:00,2022-08-01 13:55:00,spread_reduced,Pseudo,0.17136615144656514
CHFJPY,B,SHORT,2022-08-01 12:55:00,2022-08-01 13:55:00,spread_reduced,Pseudo,0.3513095449887427
USDJPY,B,LONG,2022-08-01 14:00:00,2022-08-01 14:10:00,stop,Pseudo,-0.6876994626201505
NZDJPY,B,LONG,2022-08-01 14:00:00,2022-08-01 14:25:00,stop,Pseudo,-0.6268470808682425
CHFJPY,B,LONG,2022-08-01 14:00:00,2022-08-01 14:25:00,stop,Pseudo,-0.5749434231668479
USDJPY,B,SHORT,2022-08-02 00:05:00,2022-08-02 01:05:00,spread_reduced,Real,1.5449258587706405
NZDJPY,B,SHORT,2022-08-02 00:05:00,2022-08-02 01:05:00,spread_reduced,Real,1.2281910826772067
CHFJPY,B,SHORT,2022-08-02 00:05:00,2022-08-02 01:05:00,spread_reduced,Real,0.860399568735885
USDJPY,B,SHORT,2022-08-02 01:25:00,2022-08-02 02:00:00,spread_reduced,Real,0.179121368828065
CHFJPY,B,SHORT,2022-08-02 01:25:00,2022-08-02 02:00:00,spread_reduced,Real,0.3340933000509638
NZDJPY,B,SHORT,2022-08-02 01:30:00,2022-08-02 02:00:00,spread_reduced,Real,0.09902837168762613
USDJPY,B,LONG,2022-08-02 03:10:00,2022-08-02 03:45:00,spread_reduced,Pseudo,-0.08595378968567768
NZDJPY,B,LONG,2022-08-02 03:10:00,2022-08-02 03:45:00,spread_reduced,Pseudo,0.09289436376998714
CHFJPY,B,LONG,2022-08-02 03:10:00,2022-08-02 03:45:00,spread_reduced,Pseudo,-0.026325704685340828
USDJPY,B,SHORT,2022-08-02 04:50:00,2022-08-02 05:55:00,spread_reduced,Real,0.29761195083991926
NZDJPY,B,SHORT,2022-08-02 04:50:00,2022-08-02 05:55:00,spread_reduced,Real,0.8356844864986964
CHFJPY,B,SHORT,2022-08-02 04:50:00,2022-08-02 05:55:00,spread_reduced,Real,0.5402210220963137
NZDJPY,B,LONG,2022-08-02 06:15:00,2022-08-02 06:30:00,stop,Pseudo,-0.518602865340223
USDJPY,B,LONG,2022-08-02 06:15:00,2022-08-02 06:35:00,spread_reduced,Pseudo,-0.3150601340092078
CHFJPY,B,LONG,2022-08-02 06:15:00,2022-08-02 06:35:00,spread_reduced,Pseudo,-0.4803369799577517
USDJPY,B,SHORT,2022-08-02 06:45:00,2022-08-02 08:00:00,spread_reduced,Pseudo,-0.3549158708503105
CHFJPY,B,SHORT,2022-08-02 06:45:00,2022-08-02 08:00:00,spread_reduced,Pseudo,-0.07001017131647025
NZDJPY,B,LONG,2022-08-02 08:20:00,2022-08-02 08:40:00,stop,Pseudo,-0.6612537902093523
USDJPY,B,LONG,2022-08-02 08:20:00,2022-08-02 08:50:00,spread_reduced,Pseudo,-0.16602168911084014
CHFJPY,B,LONG,2022-08-02 08:20:00,2022-08-02 08:50:00,spread_reduced,Both,-0.2696214918113856
NZDJPY,B,SHORT,2022-08-02 08:55:00,2022-08-02 09:05:00,stop,Pseudo,-0.6324672202389081
USDJPY,B,SHORT,2022-08-02 08:55:00,2022-08-02 09:10:00,spread_reduced,Real,-0.26933284249504774
CHFJPY,B,SHORT,2022-08-02 08:55:00,2022-08-02 09:10:00,spread_reduced,Real,-0.2747845725189861
USDJPY,B,SHORT,2022-08-02 12:25:00,2022-08-02 13:00:00,spread_reduced,Neither,-0.2543238535783014
CHFJPY,B,SHORT,2022-08-02 12:25:00,2022-08-02 13:00:00,spread_reduced,Neither,-0.24247191952605127
NZDJPY,B,SHORT,2022-08-02 12:25:00,2022-08-02 19:00:00,stop,Pseudo,-4.025087773858202
NZDJPY,B,LONG,2022-08-02 19:00:00,2022-08-02 19:20:00,stop,Pseudo,-0.5646243977043646
USDJPY,B,LONG,2022-08-02 19:00:00,2022-08-02 19:30:00,spread_reduced,Real,-0.053358207923589106
CHFJPY,B,LONG,2022-08-02 19:00:00,2022-08-02 19:30:00,spread_reduced,Real,-0.08263983604350766
USDJPY,B,LONG,2022-08-02 19:50:00,2022-08-02 20:30:00,spread_reduced,Pseudo,0.12581798846644787
NZDJPY,B,LONG,2022-08-02 19:50:00,2022-08-02 20:30:00,spread_reduced,Both,-0.013911821779344358
CHFJPY,B,LONG,2022-08-02 19:50:00,2022-08-02 20:30:00,spread_reduced,Pseudo,0.049278772003299075
USDJPY,B,SHORT,2022-08-02 22:15:00,2022-08-02 22:50:00,spread_reduced,Pseudo,-0.3932175565586338
NZDJPY,B,SHORT,2022-08-02 22:15:00,2022-08-02 22:50:00,spread_reduced,Pseudo,0.7558620483016181
CHFJPY,B,SHORT,2022-08-02 22:15:00,2022-08-02 22:50:00,spread_reduced,Pseudo,-0.22184756900574717
USDJPY,B,LONG,2022-08-02 23:15:00,2022-08-02 23:50:00,spread_reduced,Pseudo,0.0830805962511357
NZDJPY,B,LONG,2022-08-02 23:15:00,2022-08-02 23:50:00,spread_reduced,Pseudo,-0.24468223488982588
CHFJPY,B,LONG,2022-08-02 23:15:00,2022-08-02 23:50:00,spread_reduced,Pseudo,-0.14958770719579
NZDJPY,B,SHORT,2022-08-02 23:50:00,2022-08-03 00:05:00,stop,Pseudo,-0.560212249058741
USDJPY,B,SHORT,2022-08-02 23:50:00,2022-08-03 00:10:00,spread_reduced,Pseudo,-0.42821551547889136
CHFJPY,B,SHORT,2022-08-02 23:50:00,2022-08-03 00:10:00,spread_reduced,Real,-0.43961081730792273
NZDJPY,B,LONG,2022-08-03 00:15:00,2022-08-03 00:40:00,stop,Pseudo,-0.6088778294942958
USDJPY,B,LONG,2022-08-03 00:15:00,2022-08-03 00:45:00,spread_reduced,Real,0.014256532047192868
CHFJPY,B,LONG,2022-08-03 00:15:00,2022-08-03 00:45:00,spread_reduced,Real,0.022773826175622368
USDJPY,B,SHORT,2022-08-03 01:25:00,2022-08-03 01:35:00,stop,Pseudo,-0.5113879295793508
NZDJPY,B,SHORT,2022-08-03 01:25:00,2022-08-03 01:40:00,spread_reduced,Pseudo,-0.3526524906043438
CHFJPY,B,SHORT,2022-08-03 01:25:00,2022-08-03 01:40:00,spread_reduced,Pseudo,-0.42323044421014683
NZDJPY,B,LONG,2022-08-03 01:50:00,2022-08-03 02:15:00,spread_reduced,Pseudo,-0.10792228824607619
CHFJPY,B,LONG,2022-08-03 01:50:00,2022-08-03 02:15:00,spread_reduced,Pseudo,-0.1563471343892046
USDJPY,B,SHORT,2022-08-03 02:40:00,2022-08-03 03:20:00,spread_reduced,Real,0.8941175497318248
NZDJPY,B,SHORT,2022-08-03 02:40:00,2022-08-03 03:20:00,spread_reduced,Pseudo,0.48692937734403274
CHFJPY,B,SHORT,2022-08-03 02:40:00,2022-08-03 03:20:00,spread_reduced,Real,0.6433323700072066
USDJPY,B,SHORT,2022-08-03 03:55:00,2022-08-03 04:40:00,spread_reduced,Pseudo,-0.09870890555863099
NZDJPY,B,SHORT,2022-08-03 03:55:00,2022-08-03 04:40:00,spread_reduced,Pseudo,0.1929303054361009
CHFJPY,B,SHORT,2022-08-03 03:55:00,2022-08-03 04:40:00,spread_reduced,Pseudo,-0.022657903596234874
USDJPY,B,LONG,2022-08-03 04:50:00,2022-08-03 06:25:00,spread_reduced,Pseudo,0.9859173214976646
NZDJPY,B,LONG,2022-08-03 04:50:00,2022-08-03 06:25:00,spread_reduced,Real,1.4551926028283368
CHFJPY,B,LONG,2022-08-03 04:50:00,2022-08-03 06:25:00,spread_reduced,Pseudo,0.33812203932111673
USDJPY,B,SHORT,2022-08-03 06:45:00,2022-08-03 07:15:00,spread_reduced,Pseudo,-0.11710682919408022
NZDJPY,B,SHORT,2022-08-03 06:45:00,2022-08-03 07:15:00,stop,Pseudo,-0.5739365915449953
CHFJPY,B,SHORT,2022-08-03 06:45:00,2022-08-03 07:15:00,spread_reduced,Pseudo,-0.21810431354111576
NZDJPY,B,LONG,2022-08-03 07:20:00,2022-08-03 07:40:00,stop,Pseudo,-0.525105302421854
USDJPY,B,LONG,2022-08-03 07:20:00,2022-08-03 07:45:00,spread_reduced,Real,0.10191973619303833
CHFJPY,B,LONG,2022-08-03 07:20:00,2022-08-03 07:45:00,spread_reduced,Real,-0.26831975346493697
USDJPY,B,LONG,2022-08-03 10:15:00,2022-08-03 10:45:00,spread_reduced,Real,-0.03568572862052329
NZDJPY,B,LONG,2022-08-03 10:15:00,2022-08-03 10:45:00,spread_reduced,Real,-0.1698606054090594
CHFJPY,B,LONG,2022-08-03 10:15:00,2022-08-03 10:45:00,spread_reduced,Real,0.08766931204936176
USDJPY,B,LONG,2022-08-03 12:00:00,2022-08-03 12:30:00,spread_reduced,Pseudo,0.16652230501401633
NZDJPY,B,LONG,2022-08-03 12:00:00,2022-08-03 12:30:00,spread_reduced,Pseudo,-0.2628968431452513
CHFJPY,B,LONG,2022-08-03 12:00:00,2022-08-03 12:30:00,spread_reduced,Pseudo,-0.15788660260555404
USDJPY,B,SHORT,2022-08-03 13:05:00,2022-08-03 13:35:00,spread_reduced,Both,-0.3890755833812302
NZDJPY,B,SHORT,2022-08-03 13:05:00,2022-08-03 13:35:00,spread_reduced,Pseudo,-0.21351224750768932
CHFJPY,B,SHORT,2022-08-03 13:05:00,2022-08-03 13:35:00,spread_reduced,Pseudo,-0.0034734446385057778
USDJPY,B,LONG,2022-08-03 14:00:00,2022-08-03 14:35:00,spread_reduced,Pseudo,0.28771490803825017
NZDJPY,B,LONG,2022-08-03 14:00:00,2022-08-03 14:35:00,spread_reduced,Pseudo,0.06964753650059072
CHFJPY,B,LONG,2022-08-03 14:00:00,2022-08-03 14:35:00,spread_reduced,Pseudo,0.06834547303199065
USDJPY,B,SHORT,2022-08-03 16:10:00,2022-08-03 16:30:00,spread_reduced,Pseudo,-0.167557894251195
NZDJPY,B,SHORT,2022-08-03 16:10:00,2022-08-03 16:30:00,spread_reduced,Pseudo,-0.3744301213489306
CHFJPY,B,SHORT,2022-08-03 16:10:00,2022-08-03 16:30:00,spread_reduced,Pseudo,-0.40613487580939045
USDJPY,B,LONG,2022-08-03 16:40:00,2022-08-03 17:35:00,spread_reduced,Pseudo,0.06642982882731907
NZDJPY,B,LONG,2022-08-03 16:40:00,2022-08-03 17:35:00,spread_reduced,Pseudo,0.10527443608861672
CHFJPY,B,LONG,2022-08-03 16:40:00,2022-08-03 17:35:00,spread_reduced,Pseudo,0.16040337868150623
USDJPY,B,SHORT,2022-08-04 00:00:00,2022-08-04 00:25:00,stop,Pseudo,-0.5628514365992506
NZDJPY,B,SHORT,2022-08-04 00:00:00,2022-08-04 00:25:00,stop,Pseudo,-0.6758014264126219
CHFJPY,B,SHORT,2022-08-04 00:00:00,2022-08-04 00:25:00,spread_reduced,Pseudo,-0.3508200369104486
USDJPY,B,SHORT,2022-08-04 02:15:00,2022-08-04 02:45:00,spread_reduced,Pseudo,-0.17020172789009952
USDJPY,B,LONG,2022-08-04 07:05:00,2022-08-04 07:30:00,spread_reduced,Neither,-0.3597050291324437
USDJPY,B,SHORT,2022-08-04 11:05:00,2022-08-04 12:40:00,spread_reduced,Pseudo,1.9669834150222165
NZDJPY,B,SHORT,2022-08-04 11:05:00,2022-08-04 12:40:00,spread_reduced,Pseudo,2.3578551587954966
CHFJPY,B,SHORT,2022-08-04 11:05:00,2022-08-04 12:40:00,spread_reduced,Pseudo,1.4146407587346532
USDJPY,B,LONG,2022-08-04 13:00:00,2022-08-04 13:35:00,spread_reduced,Pseudo,0.12405124364001097
CHFJPY,B,LONG,2022-08-04 13:00:00,2022-08-04 13:35:00,spread_reduced,Pseudo,-0.3276878582041398
CHFJPY,B,SHORT,2022-08-05 08:15:00,2022-08-05 08:35:00,stop,Pseudo,-0.5136437636721336
USDJPY,B,SHORT,2022-08-05 08:15:00,2022-08-05 09:35:00,spread_reduced,Pseudo,0.2232546355530237
NZDJPY,B,SHORT,2022-08-05 08:15:00,2022-08-05 09:35:00,spread_reduced,Pseudo,0.20890778173225194
CHFJPY,B,SHORT,2022-08-05 09:05:00,2022-08-05 09:35:00,spread_reduced,Pseudo,-0.26561653230746296
NZDJPY,B,LONG,2022-08-05 12:30:00,2022-08-05 12:55:00,stop,Pseudo,-0.6350832917616882
USDJPY,B,LONG,2022-08-05 12:30:00,2022-08-05 13:15:00,spread_reduced,Real,1.8096022098115228
CHFJPY,B,LONG,2022-08-05 12:30:00,2022-08-05 13:15:00,spread_reduced,Pseudo,0.7322178178867933
USDJPY,B,LONG,2022-08-05 13:55:00,2022-08-05 15:00:00,spread_reduced,Pseudo,0.8840042854734165
NZDJPY,B,LONG,2022-08-05 13:55:00,2022-08-05 15:00:00,spread_reduced,Pseudo,1.4385233754747873
CHFJPY,B,LONG,2022-08-05 13:55:00,2022-08-05 15:00:00,spread_reduced,Pseudo,0.44680845844894773
USDJPY,B,SHORT,2022-08-05 15:10:00,2022-08-05 15:40:00,spread_reduced,Pseudo,-0.21030291777313082
NZDJPY,B,SHORT,2022-08-05 15:10:00,2022-08-05 15:40:00,spread_reduced,Pseudo,0.05502715286131998
CHFJPY,B,SHORT,2022-08-05 15:10:00,2022-08-05 15:40:00,spread_reduced,Pseudo,-0.1948541067375113
USDJPY,B,SHORT,2022-08-05 17:20:00,2022-08-05 17:45:00,spread_reduced,Real,-0.3490735137302211
NZDJPY,B,SHORT,2022-08-05 17:20:00,2022-08-05 17:45:00,spread_reduced,Real,-0.3936930099361913
CHFJPY,B,SHORT,2022-08-05 17:20:00,2022-08-05 17:45:00,spread_reduced,Real,-0.29457496781019427
USDJPY,B,LONG,2022-08-08 00:10:00,2022-08-08 00:50:00,spread_reduced,Pseudo,-0.1607853986453541
NZDJPY,B,LONG,2022-08-08 00:10:00,2022-08-08 00:50:00,spread_reduced,Pseudo,-0.2608378931535279
CHFJPY,B,LONG,2022-08-08 00:10:00,2022-08-08 00:50:00,spread_reduced,Pseudo,-0.09135646754717305
USDJPY,B,LONG,2022-08-08 02:15:00,2022-08-08 02:50:00,spread_reduced,Pseudo,-0.0955713493326904
NZDJPY,B,LONG,2022-08-08 02:15:00,2022-08-08 02:50:00,spread_reduced,Real,0.23207835133039664
CHFJPY,B,LONG,2022-08-08 02:15:00,2022-08-08 02:50:00,spread_reduced,Pseudo,0.1195680913162652
USDJPY,B,LONG,2022-08-08 06:25:00,2022-08-08 06:45:00,spread_reduced,Pseudo,-0.27511539581833355
NZDJPY,B,LONG,2022-08-08 06:25:00,2022-08-08 06:45:00,spread_reduced,Pseudo,-0.28623866673479126
CHFJPY,B,LONG,2022-08-08 06:25:00,2022-08-08 06:45:00,spread_reduced,Pseudo,-0.42559961191435125
USDJPY,B,LONG,2022-08-08 12:10:00,2022-08-08 13:00:00,spread_reduced,Pseudo,-0.3712624003317326
NZDJPY,B,LONG,2022-08-08 12:10:00,2022-08-08 13:00:00,stop,Pseudo,-0.7302506169608591
CHFJPY,B,LONG,2022-08-08 12:10:00,2022-08-08 13:00:00,spread_reduced,Pseudo,-0.48958424134556056
USDJPY,B,LONG,2022-08-08 14:50:00,2022-08-08 15:10:00,spread_reduced,Pseudo,-0.22475756417221032
NZDJPY,B,LONG,2022-08-08 14:50:00,2022-08-08 15:10:00,spread_reduced,Pseudo,-0.3636830632389362
CHFJPY,B,LONG,2022-08-08 14:50:00,2022-08-08 15:10:00,spread_reduced,Pseudo,-0.30102385003608995
USDJPY,B,SHORT,2022-08-09 00:30:00,2022-08-09 01:50:00,spread_reduced,Pseudo,0.25764071081228285
NZDJPY,B,SHORT,2022-08-09 00:30:00,2022-08-09 01:50:00,spread_reduced,Pseudo,0.5349019589563724
CHFJPY,B,SHORT,2022-08-09 00:30:00,2022-08-09 01:50:00,spread_reduced,Pseudo,0.1841099335906001
USDJPY,B,LONG,2022-08-09 03:10:00,2022-08-09 03:40:00,spread_reduced,Real,-0.22913191518988038
NZDJPY,B,LONG,2022-08-09 03:10:00,2022-08-09 03:40:00,spread_reduced,Real,-0.24592102108326558
CHFJPY,B,LONG,2022-08-09 03:10:00,2022-08-09 03:40:00,spread_reduced,Real,-0.21359949364130326
USDJPY,B,SHORT,2022-08-10 12:30:00,2022-08-10 13:00:00,spread_reduced,Both,0.4806832449855877
NZDJPY,B,SHORT,2022-08-10 12:30:00,2022-08-10 13:00:00,spread_reduced,Pseudo,-0.3869101934543817
CHFJPY,B,SHORT,2022-08-10 12:30:00,2022-08-10 13:00:00,spread_reduced,Both,0.3311920961317124
USDJPY,B,SHORT,2022-08-10 13:30:00,2022-08-10 14:45:00,spread_reduced,Pseudo,1.6453453225190688
NZDJPY,B,SHORT,2022-08-10 13:30:00,2022-08-10 14:45:00,spread_reduced,Pseudo,0.19592283529212828
CHFJPY,B,SHORT,2022-08-10 13:30:00,2022-08-10 14:45:00,spread_reduced,Pseudo,0.9692124274905586
USDJPY,B,LONG,2022-08-10 15:00:00,2022-08-10 16:15:00,spread_reduced,Real,1.0318778575184595
NZDJPY,B,LONG,2022-08-10 15:00:00,2022-08-10 16:15:00,spread_reduced,Both,1.1122468143448898
CHFJPY,B,LONG,2022-08-10 15:00:00,2022-08-10 16:15:00,spread_reduced,Pseudo,0.29367685335857097
USDJPY,B,LONG,2022-08-10 18:00:00,2022-08-10 18:50:00,spread_reduced,Pseudo,0.5194403537025494
NZDJPY,B,LONG,2022-08-10 18:00:00,2022-08-10 18:50:00,spread_reduced,Pseudo,0.13833243463690081
CHFJPY,B,LONG,2022-08-10 18:00:00,2022-08-10 18:50:00,spread_reduced,Pseudo,0.1098209984754887
USDJPY,B,LONG,2022-08-11 01:30:00,2022-08-11 01:45:00,spread_reduced,Pseudo,-0.09081458533262884
NZDJPY,B,LONG,2022-08-11 01:30:00,2022-08-11 01:45:00,spread_reduced,Real,0.024964510669060285
CHFJPY,B,LONG,2022-08-11 01:30:00,2022-08-11 01:45:00,spread_reduced,Pseudo,-0.06391201462966715
USDJPY,B,LONG,2022-08-11 14:10:00,2022-08-11 15:00:00,spread_reduced,Pseudo,0.47774689924954633
NZDJPY,B,LONG,2022-08-11 14:10:00,2022-08-11 15:00:00,spread_reduced,Pseudo,-0.02007131157873617
CHFJPY,B,LONG,2022-08-11 14:10:00,2022-08-11 15:00:00,spread_reduced,Pseudo,0.14636714812136614
USDJPY,B,LONG,2022-08-12 00:20:00,2022-08-12 00:55:00,spread_reduced,Real,0.15695154560916674
NZDJPY,B,LONG,2022-08-12 00:25:00,2022-08-12 00:55:00,spread_reduced,Pseudo,-0.3464641058946727
CHFJPY,B,LONG,2022-08-12 00:25:00,2022-08-12 00:55:00,spread_reduced,Pseudo,-0.07908520618789736
USDJPY,B,LONG,2022-08-12 09:50:00,2022-08-12 10:00:00,spread_reduced,Pseudo,-0.14433689969587754
NZDJPY,B,LONG,2022-08-12 09:50:00,2022-08-12 10:00:00,spread_reduced,Pseudo,-0.4214167525200911
CHFJPY,B,LONG,2022-08-12 09:50:00,2022-08-12 10:00:00,spread_reduced,Pseudo,-0.31196049991163066
USDJPY,B,LONG,2022-08-12 11:35:00,2022-08-12 11:50:00,spread_reduced,Pseudo,-0.24601142076755939
NZDJPY,B,LONG,2022-08-12 11:35:00,2022-08-12 11:50:00,spread_reduced,Pseudo,-0.31067455434330427
CHFJPY,B,LONG,2022-08-12 11:35:00,2022-08-12 11:50:00,spread_reduced,Pseudo,-0.2537224989123862
USDJPY,B,SHORT,2022-08-14 23:50:00,2022-08-15 01:20:00,spread_reduced,Pseudo,0.22569635984507713
NZDJPY,B,SHORT,2022-08-14 23:50:00,2022-08-15 01:20:00,spread_reduced,Pseudo,0.29204270280458466
CHFJPY,B,SHORT,2022-08-14 23:50:00,2022-08-15 01:20:00,spread_reduced,Pseudo,0.2024400744308208
USDJPY,B,SHORT,2022-08-15 02:25:00,2022-08-15 02:55:00,spread_reduced,Pseudo,-0.15329286637906966
NZDJPY,B,SHORT,2022-08-15 02:25:00,2022-08-15 02:55:00,spread_reduced,Pseudo,0.09463457903406229
CHFJPY,B,SHORT,2022-08-15 02:25:00,2022-08-15 02:55:00,spread_reduced,Pseudo,-0.14515616144257967
USDJPY,B,SHORT,2022-08-15 08:45:00,2022-08-15 09:40:00,spread_reduced,Pseudo,0.09548513013424298
NZDJPY,B,SHORT,2022-08-15 08:45:00,2022-08-15 09:40:00,spread_reduced,Pseudo,0.900135267122774
CHFJPY,B,SHORT,2022-08-15 08:45:00,2022-08-15 09:40:00,spread_reduced,Pseudo,0.032934582564370096
USDJPY,B,LONG,2022-08-15 09:55:00,2022-08-15 10:25:00,spread_reduced,Both,0.12046573040036535
NZDJPY,B,LONG,2022-08-15 09:55:00,2022-08-15 10:25:00,stop,Pseudo,-0.5769749027561
CHFJPY,B,LONG,2022-08-15 09:55:00,2022-08-15 10:25:00,spread_reduced,Pseudo,-0.2043831817997166
USDJPY,B,SHORT,2022-08-15 11:50:00,2022-08-15 13:05:00,spread_reduced,Pseudo,0.9717570218261325
NZDJPY,B,SHORT,2022-08-15 11:50:00,2022-08-15 13:05:00,spread_reduced,Pseudo,1.3109062341146727
CHFJPY,B,SHORT,2022-08-15 11:50:00,2022-08-15 13:05:00,spread_reduced,Pseudo,0.4128281942998857
USDJPY,B,LONG,2022-08-15 14:30:00,2022-08-15 15:10:00,spread_reduced,Pseudo,-0.033248838335479355
NZDJPY,B,LONG,2022-08-15 14:30:00,2022-08-15 15:10:00,spread_reduced,Pseudo,0.4007756440487972
CHFJPY,B,LONG,2022-08-15 14:30:00,2022-08-15 15:10:00,spread_reduced,Pseudo,-0.045067737752220914
USDJPY,B,SHORT,2022-08-15 22:25:00,2022-08-15 22:55:00,spread_reduced,Pseudo,-0.12464654062238623
NZDJPY,B,SHORT,2022-08-15 22:25:00,2022-08-15 22:55:00,spread_reduced,Pseudo,0.263224443117549
CHFJPY,B,SHORT,2022-08-15 22:25:00,2022-08-15 22:55:00,spread_reduced,Pseudo,-0.23237590705897188
USDJPY,B,SHORT,2022-08-16 00:20:00,2022-08-16 00:45:00,spread_reduced,Pseudo,-0.15734541732329949
NZDJPY,B,SHORT,2022-08-16 00:20:00,2022-08-16 00:45:00,stop,Pseudo,-0.6338839627525091
CHFJPY,B,SHORT,2022-08-16 00:20:00,2022-08-16 00:45:00,spread_reduced,Pseudo,-0.09018707206487342
USDJPY,B,LONG,2022-08-16 00:50:00,2022-08-16 02:00:00,spread_reduced,Pseudo,0.48622559279998256
NZDJPY,B,LONG,2022-08-16 00:50:00,2022-08-16 02:00:00,spread_reduced,Real,0.5843417355855252
CHFJPY,B,LONG,2022-08-16 00:50:00,2022-08-16 02:00:00,spread_reduced,Pseudo,0.5008951159678107
USDJPY,B,LONG,2022-08-16 11:10:00,2022-08-16 11:50:00,spread_reduced,Pseudo,0.05633949753606575
NZDJPY,B,LONG,2022-08-16 11:10:00,2022-08-16 11:50:00,spread_reduced,Pseudo,-0.006303741890293739
CHFJPY,B,LONG,2022-08-16 11:10:00,2022-08-16 11:50:00,spread_reduced,Pseudo,0.21326568817880975
USDJPY,B,LONG,2022-08-16 12:50:00,2022-08-16 13:20:00,spread_reduced,Pseudo,-0.4042528872219379
NZDJPY,B,LONG,2022-08-16 12:50:00,2022-08-16 13:20:00,spread_reduced,Pseudo,-0.04550718867143052
CHFJPY,B,LONG,2022-08-16 12:50:00,2022-08-16 13:20:00,spread_reduced,Pseudo,-0.1037892390699513
USDJPY,B,LONG,2022-08-16 13:45:00,2022-08-16 14:00:00,spread_reduced,Both,-0.1282976946950972
NZDJPY,B,LONG,2022-08-16 13:45:00,2022-08-16 14:00:00,spread_reduced,Pseudo,-0.4636788711643488
CHFJPY,B,LONG,2022-08-16 13:45:00,2022-08-16 14:00:00,spread_reduced,Pseudo,-0.4905423580997918
USDJPY,B,SHORT,2022-08-16 14:25:00,2022-08-16 14:35:00,spread_reduced,Both,-0.01189225532168455
NZDJPY,B,SHORT,2022-08-16 14:25:00,2022-08-16 14:35:00,spread_reduced,Pseudo,0.003437570456251334
CHFJPY,B,SHORT,2022-08-16 14:25:00,2022-08-16 14:35:00,spread_reduced,Pseudo,-0.1674834717418546
USDJPY,B,SHORT,2022-08-16 19:00:00,2022-08-16 19:30:00,spread_reduced,Real,-0.0541224500213063
NZDJPY,B,SHORT,2022-08-16 19:00:00,2022-08-16 19:30:00,spread_reduced,Neither,-0.09645155968855217
CHFJPY,B,SHORT,2022-08-16 19:00:00,2022-08-16 19:30:00,spread_reduced,Real,-0.13467479547587166
USDJPY,B,SHORT,2022-08-17 01:00:00,2022-08-17 01:25:00,spread_reduced,Real,-0.0628663719301296
NZDJPY,B,SHORT,2022-08-17 01:00:00,2022-08-17 01:25:00,spread_reduced,Pseudo,-0.3728831432083061
CHFJPY,B,SHORT,2022-08-17 01:00:00,2022-08-17 01:25:00,spread_reduced,Real,-0.14409531422473107
NZDJPY,B,SHORT,2022-08-17 01:55:00,2022-08-17 02:00:00,stop,Pseudo,-1.6678886117671432
USDJPY,B,SHORT,2022-08-17 01:55:00,2022-08-17 02:10:00,spread_reduced,Pseudo,0.16094911337712534
CHFJPY,B,SHORT,2022-08-17 01:55:00,2022-08-17 02:10:00,spread_reduced,Pseudo,-0.054441467748504266
USDJPY,B,LONG,2022-08-17 06:00:00,2022-08-17 06:30:00,spread_reduced,Real,0.4546025793346805
NZDJPY,B,LONG,2022-08-17 06:00:00,2022-08-17 06:30:00,spread_reduced,Pseudo,-0.28942191433123376
CHFJPY,B,LONG,2022-08-17 06:00:00,2022-08-17 06:30:00,spread_reduced,Pseudo,-0.1757463098526572
USDJPY,B,LONG,2022-08-17 14:05:00,2022-08-17 14:35:00,spread_reduced,Both,0.177964537555327
NZDJPY,B,LONG,2022-08-17 14:05:00,2022-08-17 14:35:00,spread_reduced,Pseudo,-0.3551957786977293
CHFJPY,B,LONG,2022-08-17 14:05:00,2022-08-17 14:35:00,spread_reduced,Both,0.11583683948179768
USDJPY,B,SHORT,2022-08-17 18:10:00,2022-08-17 18:30:00,spread_reduced,Both,-0.22074350820392813
NZDJPY,B,SHORT,2022-08-17 18:10:00,2022-08-17 18:30:00,stop,Pseudo,-0.5050532127747569
CHFJPY,B,SHORT,2022-08-17 18:10:00,2022-08-17 18:30:00,spread_reduced,Pseudo,-0.2645351855277145
USDJPY,B,LONG,2022-08-18 17:00:00,2022-08-18 17:55:00,spread_reduced,Both,0.268039572462353
NZDJPY,B,LONG,2022-08-18 17:00:00,2022-08-18 17:55:00,spread_reduced,Pseudo,0.5496551284055833
CHFJPY,B,LONG,2022-08-18 17:00:00,2022-08-18 17:55:00,spread_reduced,Pseudo,0.2170367863932506
USDJPY,B,LONG,2022-08-19 00:15:00,2022-08-19 01:00:00,spread_reduced,Pseudo,0.17302096784307017
NZDJPY,B,LONG,2022-08-19 00:15:00,2022-08-19 01:00:00,spread_reduced,Real,0.31373692442008644
CHFJPY,B,LONG,2022-08-19 00:15:00,2022-08-19 01:00:00,spread_reduced,Real,0.22708739652806584
USDJPY,B,LONG,2022-08-19 07:05:00,2022-08-19 08:15:00,spread_reduced,Pseudo,0.3422124838794449
NZDJPY,B,LONG,2022-08-19 07:05:00,2022-08-19 08:15:00,spread_reduced,Pseudo,-0.34710666984708965
CHFJPY,B,LONG,2022-08-19 07:05:00,2022-08-19 08:15:00,spread_reduced,Pseudo,0.385694688829874
USDJPY,B,SHORT,2022-08-19 08:25:00,2022-08-19 09:00:00,spread_reduced,Real,0.26040472753741106
CHFJPY,B,SHORT,2022-08-19 08:25:00,2022-08-19 09:00:00,spread_reduced,Real,0.1726022554097891
NZDJPY,B,SHORT,2022-08-19 08:30:00,2022-08-19 09:00:00,spread_reduced,Real,-0.20454655929584104
USDJPY,B,SHORT,2022-08-19 13:45:00,2022-08-19 14:15:00,spread_reduced,Real,-0.33577844209801516
NZDJPY,B,SHORT,2022-08-19 13:45:00,2022-08-19 14:15:00,spread_reduced,Pseudo,-0.3111765786792583
CHFJPY,B,SHORT,2022-08-19 13:45:00,2022-08-19 14:15:00,spread_reduced,Real,-0.033026337163140816
NZDJPY,B,LONG,2022-08-22 00:30:00,2022-08-22 00:50:00,spread_reduced,Real,0.044836152293559195
CHFJPY,B,LONG,2022-08-22 00:30:00,2022-08-22 00:50:00,spread_reduced,Real,-0.14720224734895057
USDJPY,B,SHORT,2022-08-22 07:05:00,2022-08-22 08:25:00,spread_reduced,Pseudo,0.22204584383552403
CHFJPY,B,SHORT,2022-08-22 07:05:00,2022-08-22 08:25:00,spread_reduced,Pseudo,-0.034214478993617924
NZDJPY,B,SHORT,2022-08-22 07:40:00,2022-08-22 08:25:00,spread_reduced,Pseudo,-0.13408868071381383
USDJPY,B,LONG,2022-08-22 08:35:00,2022-08-22 09:10:00,spread_reduced,Pseudo,-0.036097238044467225
NZDJPY,B,LONG,2022-08-22 08:35:00,2022-08-22 09:10:00,spread_reduced,Pseudo,-0.25570169664597875
CHFJPY,B,LONG,2022-08-22 08:35:00,2022-08-22 09:10:00,stop,Pseudo,-0.6106307030419034
USDJPY,B,SHORT,2022-08-22 09:20:00,2022-08-22 09:45:00,spread_reduced,Pseudo,-0.22138431999666847
NZDJPY,B,SHORT,2022-08-22 09:20:00,2022-08-22 09:45:00,spread_reduced,Pseudo,-0.2875404620875285
CHFJPY,B,SHORT,2022-08-22 09:20:00,2022-08-22 09:45:00,spread_reduced,Pseudo,-0.30447344223646
USDJPY,B,LONG,2022-08-22 10:10:00,2022-08-22 10:40:00,spread_reduced,Pseudo,0.12585116236385474
NZDJPY,B,LONG,2022-08-22 10:10:00,2022-08-22 10:40:00,spread_reduced,Pseudo,-0.2730231134732512
CHFJPY,B,LONG,2022-08-22 10:10:00,2022-08-22 10:40:00,spread_reduced,Pseudo,-0.08323619895633794
NZDJPY,B,SHORT,2022-08-23 00:50:00,2022-08-23 01:05:00,stop,Neither,-0.6328713758925186
NZDJPY,B,SHORT,2022-08-23 14:00:00,2022-08-23 14:20:00,stop,Pseudo,-0.521366335098028
USDJPY,B,SHORT,2022-08-23 00:50:00,2022-08-23 14:40:00,spread_reduced,Both,2.151620051498641
CHFJPY,B,SHORT,2022-08-23 00:50:00,2022-08-23 14:40:00,spread_reduced,Pseudo,1.9670021391564967
NZDJPY,B,SHORT,2022-08-23 14:25:00,2022-08-23 14:40:00,spread_reduced,Pseudo,-0.08680184969393305
USDJPY,B,SHORT,2022-08-24 04:25:00,2022-08-24 04:55:00,spread_reduced,Pseudo,0.15056623504724106
NZDJPY,B,SHORT,2022-08-24 04:25:00,2022-08-24 04:55:00,spread_reduced,Pseudo,-0.22514623166107012
CHFJPY,B,SHORT,2022-08-24 04:25:00,2022-08-24 04:55:00,spread_reduced,Pseudo,-0.000187560153778558
USDJPY,B,SHORT,2022-08-24 09:05:00,2022-08-24 09:35:00,spread_reduced,Pseudo,-0.4473012423540368
NZDJPY,B,SHORT,2022-08-24 09:05:00,2022-08-24 09:35:00,spread_reduced,Pseudo,-0.016069909030654493
CHFJPY,B,SHORT,2022-08-24 09:05:00,2022-08-24 09:35:00,stop,Pseudo,-0.5507381787245673
USDJPY,B,LONG,2022-08-25 06:15:00,2022-08-25 06:45:00,spread_reduced,Real,-0.29218261473751284
NZDJPY,B,LONG,2022-08-25 06:15:00,2022-08-25 06:45:00,spread_reduced,Pseudo,-0.1961734010051582
CHFJPY,B,LONG,2022-08-25 06:15:00,2022-08-25 06:45:00,spread_reduced,Real,0.1689265063811174
NZDJPY,B,SHORT,2022-08-25 15:15:00,2022-08-25 15:40:00,spread_reduced,Real,-0.1534203346813534
USDJPY,B,LONG,2022-08-26 13:45:00,2022-08-26 14:10:00,spread_reduced,Pseudo,-0.2738370166173917
NZDJPY,B,LONG,2022-08-26 13:45:00,2022-08-26 14:10:00,spread_reduced,Pseudo,-0.1964276675809525
CHFJPY,B,LONG,2022-08-26 13:45:00,2022-08-26 14:10:00,spread_reduced,Pseudo,-0.10561666732041472
USDJPY,B,SHORT,2022-08-26 14:30:00,2022-08-26 14:50:00,stop,Pseudo,-0.5104176397360642
NZDJPY,B,SHORT,2022-08-26 14:30:00,2022-08-26 16:10:00,spread_reduced,Pseudo,1.7069311613038263
CHFJPY,B,SHORT,2022-08-26 14:30:00,2022-08-26 16:10:00,spread_reduced,Pseudo,0.34730051379794347
USDJPY,B,SHORT,2022-08-26 15:10:00,2022-08-26 16:10:00,spread_reduced,Real,0.3623933436424087
USDJPY,B,LONG,2022-08-26 20:55:00,2022-08-28 22:25:00,spread_reduced,Real,0.3185674805740539
NZDJPY,B,LONG,2022-08-26 20:55:00,2022-08-28 22:25:00,spread_reduced,Real,-0.2546718285036572
CHFJPY,B,LONG,2022-08-26 20:55:00,2022-08-28 22:25:00,spread_reduced,Real,0.0616541410764319
USDJPY,B,LONG,2022-08-29 14:15:00,2022-08-29 14:45:00,spread_reduced,Both,0.7650067686009917
NZDJPY,B,LONG,2022-08-29 14:15:00,2022-08-29 14:45:00,spread_reduced,Pseudo,-0.4222721693400248
CHFJPY,B,LONG,2022-08-29 14:15:00,2022-08-29 14:45:00,spread_reduced,Pseudo,-0.3471606650540619
USDJPY,B,LONG,2022-08-29 15:35:00,2022-08-29 16:30:00,spread_reduced,Pseudo,-0.13656190090260978
NZDJPY,B,LONG,2022-08-29 15:35:00,2022-08-29 16:30:00,spread_reduced,Pseudo,-0.10786411902937351
CHFJPY,B,LONG,2022-08-29 15:35:00,2022-08-29 16:30:00,spread_reduced,Pseudo,-0.2435984791485287
USDJPY,B,SHORT,2022-08-30 00:15:00,2022-08-30 00:45:00,spread_reduced,Both,-0.23192952784708196
NZDJPY,B,SHORT,2022-08-30 00:15:00,2022-08-30 00:45:00,spread_reduced,Pseudo,-0.08070367867651917
CHFJPY,B,SHORT,2022-08-30 00:15:00,2022-08-30 00:45:00,spread_reduced,Pseudo,-0.12028587383302222
USDJPY,B,SHORT,2022-08-30 13:40:00,2022-08-30 14:00:00,stop,Pseudo,-0.6589579223722868
NZDJPY,B,SHORT,2022-08-30 13:40:00,2022-08-30 14:10:00,spread_reduced,Pseudo,-0.08856701313542104
CHFJPY,B,SHORT,2022-08-30 13:40:00,2022-08-30 14:10:00,spread_reduced,Pseudo,-0.301276178514831
USDJPY,B,LONG,2022-08-31 15:20:00,2022-08-31 15:45:00,spread_reduced,Real,0.05086514390092075
NZDJPY,B,LONG,2022-08-31 15:20:00,2022-08-31 15:45:00,spread_reduced,Pseudo,-0.3919333848892241
CHFJPY,B,LONG,2022-08-31 15:20:00,2022-08-31 15:45:00,spread_reduced,Both,-0.32112573092927627
EURJPY,B,LONG,2022-09-01 06:50:00,2022-09-01 07:05:00,stop,Pseudo,-0.5301001652536774
GBPJPY,B,LONG,2022-09-01 06:50:00,2022-09-01 07:05:00,spread_reduced,Pseudo,-0.25788018694779724
USDJPY,B,LONG,2022-09-02 05:00:00,2022-09-02 05:25:00,spread_reduced,Pseudo,-0.13149829042669037
EURJPY,B,LONG,2022-09-02 05:00:00,2022-09-02 05:25:00,spread_reduced,Pseudo,-0.0779853689797753
GBPJPY,B,LONG,2022-09-02 05:00:00,2022-09-02 05:25:00,spread_reduced,Pseudo,-0.33407141288802994
USDJPY,B,LONG,2022-09-02 12:45:00,2022-09-02 13:00:00,stop,Pseudo,-0.5160537379048277
GBPJPY,B,LONG,2022-09-02 12:45:00,2022-09-02 13:00:00,stop,Pseudo,-0.5009097395343906
EURJPY,B,LONG,2022-09-02 12:45:00,2022-09-02 13:05:00,spread_reduced,Pseudo,-0.4862446016129877
USDJPY,B,SHORT,2022-09-02 13:20:00,2022-09-02 14:05:00,spread_reduced,Pseudo,-0.19956743152760303
EURJPY,B,SHORT,2022-09-02 13:20:00,2022-09-02 14:05:00,spread_reduced,Pseudo,0.1039926791649067
GBPJPY,B,SHORT,2022-09-02 13:20:00,2022-09-02 14:05:00,spread_reduced,Pseudo,0.2550898482583571
USDJPY,B,LONG,2022-09-02 14:30:00,2022-09-02 15:05:00,spread_reduced,Both,0.039576391318944346
EURJPY,B,LONG,2022-09-02 14:30:00,2022-09-02 15:05:00,spread_reduced,Pseudo,0.5034065013324411
GBPJPY,B,LONG,2022-09-02 14:30:00,2022-09-02 15:05:00,spread_reduced,Pseudo,-0.06994041776616408
USDJPY,B,SHORT,2022-09-02 16:20:00,2022-09-02 17:50:00,spread_reduced,Pseudo,0.0621493229833181
EURJPY,B,SHORT,2022-09-02 16:20:00,2022-09-02 17:50:00,spread_reduced,Pseudo,1.1288690963132306
GBPJPY,B,SHORT,2022-09-02 16:20:00,2022-09-02 17:50:00,spread_reduced,Pseudo,1.155457151441645
USDJPY,B,SHORT,2022-09-04 22:00:00,2022-09-04 22:30:00,spread_reduced,Both,-0.25407784480887174
EURJPY,B,SHORT,2022-09-04 22:00:00,2022-09-04 22:30:00,spread_reduced,Pseudo,-0.04961684656801246
GBPJPY,B,SHORT,2022-09-04 22:00:00,2022-09-04 22:30:00,spread_reduced,Pseudo,-0.04651786926657131
USDJPY,B,LONG,2022-09-04 22:35:00,2022-09-04 23:10:00,spread_reduced,Real,0.24734329958464585
EURJPY,B,LONG,2022-09-04 22:35:00,2022-09-04 23:10:00,spread_reduced,Real,0.12636098327223344
GBPJPY,B,LONG,2022-09-04 22:35:00,2022-09-04 23:10:00,spread_reduced,Real,0.14070506041978054
USDJPY,B,LONG,2022-09-06 04:50:00,2022-09-06 06:30:00,spread_reduced,Real,0.787167353210568
EURJPY,B,LONG,2022-09-06 04:50:00,2022-09-06 06:30:00,spread_reduced,Real,1.0628370904617324
GBPJPY,B,LONG,2022-09-06 04:50:00,2022-09-06 06:30:00,spread_reduced,Real,0.8652596965973796
USDJPY,B,LONG,2022-09-06 07:10:00,2022-09-06 07:55:00,spread_reduced,Both,0.2052853505254415
EURJPY,B,LONG,2022-09-06 07:10:00,2022-09-06 07:55:00,spread_reduced,Pseudo,0.30534826830219686
GBPJPY,B,LONG,2022-09-06 07:10:00,2022-09-06 07:55:00,spread_reduced,Pseudo,-0.14861042123637258
USDJPY,B,LONG,2022-09-06 11:25:00,2022-09-06 11:45:00,spread_reduced,Pseudo,0.024901873199626817
EURJPY,B,LONG,2022-09-06 11:25:00,2022-09-06 11:45:00,spread_reduced,Pseudo,-0.2642562555308
GBPJPY,B,LONG,2022-09-06 11:25:00,2022-09-06 11:45:00,spread_reduced,Pseudo,-0.4462416588017678
USDJPY,B,LONG,2022-09-06 14:20:00,2022-09-06 16:10:00,spread_reduced,Pseudo,0.3202031029464111
EURJPY,B,LONG,2022-09-06 14:20:00,2022-09-06 16:10:00,spread_reduced,Pseudo,0.9245794601299522
GBPJPY,B,LONG,2022-09-06 14:20:00,2022-09-06 16:10:00,spread_reduced,Pseudo,0.8773910740217014
USDJPY,B,LONG,2022-09-06 22:50:00,2022-09-06 23:20:00,spread_reduced,Pseudo,-0.2927630156744909
EURJPY,B,LONG,2022-09-06 22:50:00,2022-09-06 23:20:00,spread_reduced,Real,-0.4176566743864611
GBPJPY,B,LONG,2022-09-06 22:50:00,2022-09-06 23:20:00,spread_reduced,Real,-0.41340851826128977
USDJPY,B,LONG,2022-09-07 02:10:00,2022-09-07 11:05:00,spread_reduced,Pseudo,2.6211430605803296
EURJPY,B,LONG,2022-09-07 02:10:00,2022-09-07 11:05:00,spread_reduced,Real,3.2247466710518444
GBPJPY,B,LONG,2022-09-07 02:10:00,2022-09-07 11:05:00,spread_reduced,Pseudo,1.6620046744149817
USDJPY,B,LONG,2022-09-07 22:25:00,2022-09-07 23:35:00,spread_reduced,Pseudo,0.4909056206117146
EURJPY,B,LONG,2022-09-07 22:25:00,2022-09-07 23:35:00,spread_reduced,Pseudo,0.05118640354440096
GBPJPY,B,LONG,2022-09-07 22:25:00,2022-09-07 23:35:00,spread_reduced,Pseudo,-0.08774571870295844
USDJPY,B,SHORT,2022-09-08 01:15:00,2022-09-08 01:50:00,spread_reduced,Pseudo,-0.23590094326012928
EURJPY,B,SHORT,2022-09-08 01:15:00,2022-09-08 01:50:00,spread_reduced,Pseudo,-0.208247583082762
GBPJPY,B,SHORT,2022-09-08 01:15:00,2022-09-08 01:50:00,spread_reduced,Pseudo,-0.12209832670688019
USDJPY,B,SHORT,2022-09-08 03:05:00,2022-09-08 04:30:00,spread_reduced,Pseudo,0.370293755587429
EURJPY,B,SHORT,2022-09-08 03:05:00,2022-09-08 04:30:00,spread_reduced,Pseudo,0.1485818062644621
GBPJPY,B,SHORT,2022-09-08 03:05:00,2022-09-08 04:30:00,spread_reduced,Pseudo,0.21776384863092524
USDJPY,B,SHORT,2022-09-08 05:45:00,2022-09-08 06:15:00,spread_reduced,Real,0.3040974078077907
EURJPY,B,SHORT,2022-09-08 05:45:00,2022-09-08 06:15:00,spread_reduced,Real,-0.18530523217608064
GBPJPY,B,SHORT,2022-09-08 05:45:00,2022-09-08 06:15:00,spread_reduced,Real,0.16281862660612786
USDJPY,B,SHORT,2022-09-08 07:40:00,2022-09-08 08:10:00,spread_reduced,Pseudo,-0.1180798789503316
EURJPY,B,SHORT,2022-09-08 07:40:00,2022-09-08 08:10:00,spread_reduced,Pseudo,-0.18076505576073804
GBPJPY,B,SHORT,2022-09-08 07:40:00,2022-09-08 08:10:00,spread_reduced,Pseudo,-0.3172173121029539
USDJPY,B,LONG,2022-09-08 08:45:00,2022-09-08 09:25:00,spread_reduced,Pseudo,0.09160647540425634
EURJPY,B,LONG,2022-09-08 08:45:00,2022-09-08 09:25:00,spread_reduced,Pseudo,0.5124602859656324
GBPJPY,B,LONG,2022-09-08 08:45:00,2022-09-08 09:25:00,spread_reduced,Pseudo,-0.11020479657068243
EURJPY,B,LONG,2022-09-08 12:40:00,2022-09-08 13:00:00,stop,Pseudo,-0.6489081269480668
GBPJPY,B,LONG,2022-09-08 12:40:00,2022-09-08 13:00:00,stop,Pseudo,-0.5291241895015361
USDJPY,B,LONG,2022-09-08 12:40:00,2022-09-08 13:05:00,spread_reduced,Real,0.27920134858276197
USDJPY,B,SHORT,2022-09-09 03:20:00,2022-09-09 04:40:00,spread_reduced,Pseudo,1.25313977254334
EURJPY,B,SHORT,2022-09-09 03:20:00,2022-09-09 04:40:00,spread_reduced,Pseudo,1.333332014242091
GBPJPY,B,SHORT,2022-09-09 03:20:00,2022-09-09 04:40:00,spread_reduced,Pseudo,0.81938156267188
EURJPY,B,LONG,2022-09-09 13:30:00,2022-09-09 14:00:00,spread_reduced,Neither,-0.42396898115656023
GBPJPY,B,LONG,2022-09-09 13:30:00,2022-09-09 14:00:00,spread_reduced,Neither,-0.3243306702792603
USDJPY,B,LONG,2022-09-09 13:30:00,2022-09-09 17:00:00,spread_reduced,Pseudo,-0.20659786655382226
USDJPY,B,LONG,2022-09-12 00:10:00,2022-09-12 00:45:00,spread_reduced,Pseudo,-0.1608130062031495
EURJPY,B,LONG,2022-09-12 00:15:00,2022-09-12 00:45:00,spread_reduced,Pseudo,-0.1653897178193938
GBPJPY,B,LONG,2022-09-12 00:15:00,2022-09-12 00:45:00,spread_reduced,Pseudo,-0.1903880849057164
USDJPY,B,SHORT,2022-09-12 01:05:00,2022-09-12 01:40:00,spread_reduced,Pseudo,0.3180884211498499
EURJPY,B,SHORT,2022-09-12 01:05:00,2022-09-12 01:40:00,spread_reduced,Pseudo,-0.20965328025446262
GBPJPY,B,SHORT,2022-09-12 01:05:00,2022-09-12 01:40:00,spread_reduced,Pseudo,-0.050758890998444293
USDJPY,B,LONG,2022-09-12 05:50:00,2022-09-12 06:55:00,stop,Pseudo,-0.6221725114955076
EURJPY,B,LONG,2022-09-12 05:50:00,2022-09-12 07:00:00,spread_reduced,Real,1.4474129814924612
GBPJPY,B,LONG,2022-09-12 05:50:00,2022-09-12 07:00:00,spread_reduced,Real,0.648081699519502
USDJPY,B,SHORT,2022-09-12 09:35:00,2022-09-12 10:00:00,stop,Pseudo,-0.5505069162271929
EURJPY,B,SHORT,2022-09-12 09:35:00,2022-09-12 10:05:00,spread_reduced,Real,0.4384804819818437
GBPJPY,B,SHORT,2022-09-12 09:35:00,2022-09-12 10:05:00,spread_reduced,Real,-0.32087680323159934
USDJPY,B,SHORT,2022-09-12 15:00:00,2022-09-12 15:55:00,spread_reduced,Pseudo,-0.15310603325432068
GBPJPY,B,SHORT,2022-09-12 15:00:00,2022-09-12 15:55:00,spread_reduced,Pseudo,-0.021546174006514818
USDJPY,B,SHORT,2022-09-13 01:55:00,2022-09-13 02:25:00,spread_reduced,Pseudo,-0.41188492226414597
EURJPY,B,SHORT,2022-09-13 01:55:00,2022-09-13 02:25:00,spread_reduced,Pseudo,-0.17760129202737396
GBPJPY,B,SHORT,2022-09-13 01:55:00,2022-09-13 02:25:00,spread_reduced,Pseudo,-0.16973236482627682
USDJPY,B,SHORT,2022-09-13 12:25:00,2022-09-13 12:30:00,stop,Pseudo,-4.1078332184837
EURJPY,B,SHORT,2022-09-13 12:25:00,2022-09-13 12:30:00,stop,Pseudo,-1.1618479592988193
GBPJPY,B,SHORT,2022-09-13 12:25:00,2022-09-13 12:30:00,stop,Pseudo,-1.135257738165955
GBPJPY,B,LONG,2022-09-13 12:30:00,2022-09-13 12:50:00,stop,Pseudo,-0.5914406338725458
USDJPY,B,LONG,2022-09-13 12:30:00,2022-09-13 13:00:00,spread_reduced,Pseudo,1.7617301445866929
EURJPY,B,LONG,2022-09-13 12:30:00,2022-09-13 13:00:00,spread_reduced,Pseudo,-0.011251868858086489
GBPJPY,B,LONG,2022-09-13 12:55:00,2022-09-13 13:00:00,spread_reduced,Pseudo,-0.14837446502472912
EURJPY,B,SHORT,2022-09-13 13:35:00,2022-09-13 13:50:00,stop,Pseudo,-0.5485421976927363
GBPJPY,B,SHORT,2022-09-13 13:35:00,2022-09-13 13:50:00,stop,Pseudo,-0.5345868960507557
USDJPY,B,SHORT,2022-09-13 13:35:00,2022-09-13 13:55:00,stop,Pseudo,-0.5558487665485353
USDJPY,B,LONG,2022-09-13 22:05:00,2022-09-13 22:35:00,spread_reduced,Pseudo,-0.2827733921435908
EURJPY,B,LONG,2022-09-13 22:05:00,2022-09-13 22:35:00,spread_reduced,Pseudo,0.02453723876727487
GBPJPY,B,LONG,2022-09-13 22:05:00,2022-09-13 22:35:00,spread_reduced,Pseudo,-0.16373451164771366
USDJPY,B,SHORT,2022-09-13 23:40:00,2022-09-14 00:00:00,spread_reduced,Pseudo,-0.3461174862959086
EURJPY,B,SHORT,2022-09-13 23:40:00,2022-09-14 00:00:00,spread_reduced,Pseudo,-0.2981714616820212
GBPJPY,B,SHORT,2022-09-13 23:40:00,2022-09-14 00:00:00,spread_reduced,Pseudo,-0.42199694645561614
USDJPY,B,SHORT,2022-09-14 00:40:00,2022-09-14 00:55:00,stop,Pseudo,-0.5407828949062221
EURJPY,B,SHORT,2022-09-14 00:40:00,2022-09-14 00:55:00,stop,Pseudo,-0.55687930843303
GBPJPY,B,SHORT,2022-09-14 00:40:00,2022-09-14 01:00:00,stop,Pseudo,-0.54188670342555
USDJPY,B,LONG,2022-09-14 01:10:00,2022-09-14 01:40:00,spread_reduced,Pseudo,-0.2577583129234803
EURJPY,B,LONG,2022-09-14 01:10:00,2022-09-14 01:40:00,spread_reduced,Pseudo,-0.16132267276169898
GBPJPY,B,LONG,2022-09-14 01:10:00,2022-09-14 01:40:00,spread_reduced,Pseudo,-0.10671543813378648
USDJPY,B,SHORT,2022-09-14 04:30:00,2022-09-14 05:30:00,spread_reduced,Pseudo,0.46896445067294107
EURJPY,B,SHORT,2022-09-14 04:30:00,2022-09-14 05:30:00,spread_reduced,Pseudo,0.4218992297157313
GBPJPY,B,SHORT,2022-09-14 04:30:00,2022-09-14 05:30:00,spread_reduced,Pseudo,0.11611393722976704
USDJPY,B,SHORT,2022-09-14 06:00:00,2022-09-14 07:30:00,spread_reduced,Pseudo,0.726668654471611
EURJPY,B,SHORT,2022-09-14 06:00:00,2022-09-14 07:30:00,spread_reduced,Pseudo,0.6203996731140767
GBPJPY,B,SHORT,2022-09-14 06:00:00,2022-09-14 07:30:00,spread_reduced,Pseudo,0.1972314592166846
USDJPY,B,LONG,2022-09-14 08:35:00,2022-09-14 09:15:00,spread_reduced,Pseudo,0.28529956623442787
EURJPY,B,LONG,2022-09-14 08:35:00,2022-09-14 09:15:00,spread_reduced,Pseudo,-0.04849167794647909
GBPJPY,B,LONG,2022-09-14 08:35:00,2022-09-14 09:15:00,spread_reduced,Pseudo,0.36058448236582963
USDJPY,B,SHORT,2022-09-14 09:55:00,2022-09-14 10:25:00,spread_reduced,Real,0.13532171713877736
EURJPY,B,SHORT,2022-09-14 09:55:00,2022-09-14 10:25:00,spread_reduced,Real,-0.17994835888942204
GBPJPY,B,SHORT,2022-09-14 09:55:00,2022-09-14 10:25:00,spread_reduced,Real,0.11540999931887916
USDJPY,B,SHORT,2022-11-02 02:00:00,2022-11-02 02:30:00,spread_reduced,Both,-0.04857317214194505
EURJPY,B,SHORT,2022-11-02 02:00:00,2022-11-02 02:30:00,spread_reduced,Pseudo,-0.22755319813357508
GBPJPY,B,SHORT,2022-11-02 02:00:00,2022-11-02 02:30:00,spread_reduced,Pseudo,-0.11293990511562768
USDJPY,B,SHORT,2022-11-02 07:15:00,2022-11-02 07:45:00,spread_reduced,Real,0.11321477166566693
EURJPY,B,SHORT,2022-11-02 07:15:00,2022-11-02 07:45:00,spread_reduced,Pseudo,-0.1911105703330159
GBPJPY,B,SHORT,2022-11-02 07:15:00,2022-11-02 07:45:00,spread_reduced,Real,-0.21156414947294996
USDJPY,B,SHORT,2022-11-02 13:30:00,2022-11-02 14:00:00,spread_reduced,Pseudo,-0.1665842512143338
EURJPY,B,SHORT,2022-11-02 13:30:00,2022-11-02 14:00:00,spread_reduced,Both,-0.09259420070040214
GBPJPY,B,SHORT,2022-11-02 13:30:00,2022-11-02 14:00:00,spread_reduced,Pseudo,-0.17244164749256424
USDJPY,B,SHORT,2022-11-03 00:55:00,2022-11-03 01:25:00,spread_reduced,Pseudo,0.23535464083968005
EURJPY,B,SHORT,2022-11-03 00:55:00,2022-11-03 01:25:00,spread_reduced,Pseudo,-0.19207557110726786
GBPJPY,B,SHORT,2022-11-03 00:55:00,2022-11-03 01:25:00,spread_reduced,Pseudo,-0.28658589941995183
USDJPY,B,SHORT,2022-11-03 11:30:00,2022-11-03 12:10:00,spread_reduced,Pseudo,0.2697965705157716
EURJPY,B,SHORT,2022-11-03 11:30:00,2022-11-03 12:10:00,spread_reduced,Pseudo,-0.2986443978257499
GBPJPY,B,SHORT,2022-11-03 11:30:00,2022-11-03 12:10:00,spread_reduced,Pseudo,0.3485077918973234
USDJPY,B,SHORT,2022-11-03 14:00:00,2022-11-03 14:20:00,spread_reduced,Both,-0.1545493763562463
EURJPY,B,SHORT,2022-11-03 14:00:00,2022-11-03 14:20:00,stop,Pseudo,-0.5191691991997723
GBPJPY,B,SHORT,2022-11-03 14:00:00,2022-11-03 14:20:00,spread_reduced,Pseudo,-0.4959620809522244
USDJPY,B,LONG,2022-11-03 14:30:00,2022-11-03 15:15:00,spread_reduced,Pseudo,0.12409121403493077
EURJPY,B,LONG,2022-11-03 14:35:00,2022-11-03 15:15:00,spread_reduced,Pseudo,0.16289485641496348
GBPJPY,B,LONG,2022-11-03 14:35:00,2022-11-03 15:15:00,spread_reduced,Pseudo,0.42831263854796003
USDJPY,B,SHORT,2022-11-03 22:05:00,2022-11-03 22:30:00,spread_reduced,Pseudo,-0.38956785984178843
EURJPY,B,SHORT,2022-11-03 22:05:00,2022-11-03 22:30:00,spread_reduced,Pseudo,-0.2548553394398449
GBPJPY,B,SHORT,2022-11-03 22:05:00,2022-11-03 22:30:00,spread_reduced,Pseudo,-0.3211439513206571
USDJPY,B,SHORT,2022-11-04 07:35:00,2022-11-04 08:40:00,spread_reduced,Pseudo,0.39108358693714285
EURJPY,B,SHORT,2022-11-04 07:35:00,2022-11-04 08:40:00,spread_reduced,Pseudo,0.10290623061389356
GBPJPY,B,SHORT,2022-11-04 07:35:00,2022-11-04 08:40:00,spread_reduced,Pseudo,0.18340276221473495
USDJPY,B,LONG,2022-11-04 12:55:00,2022-11-04 13:40:00,spread_reduced,Both,0.37260271922249605
EURJPY,B,LONG,2022-11-04 12:55:00,2022-11-04 13:40:00,spread_reduced,Pseudo,0.5625208432423386
GBPJPY,B,LONG,2022-11-04 12:55:00,2022-11-04 13:40:00,spread_reduced,Pseudo,-0.4335633924286523
USDJPY,B,LONG,2022-11-04 14:15:00,2022-11-04 14:30:00,stop,Pseudo,-0.5356385665834889
GBPJPY,B,LONG,2022-11-04 14:20:00,2022-11-04 14:30:00,stop,Pseudo,-0.5299908681630772
EURJPY,B,LONG,2022-11-04 14:15:00,2022-11-04 14:35:00,spread_reduced,Real,0.3599402107059557
USDJPY,B,SHORT,2022-11-06 22:05:00,2022-11-06 22:35:00,spread_reduced,Pseudo,-0.018052071227995608
EURJPY,B,SHORT,2022-11-06 22:05:00,2022-11-06 22:35:00,spread_reduced,Pseudo,-0.09703908677294315
GBPJPY,B,SHORT,2022-11-06 22:05:00,2022-11-06 22:35:00,spread_reduced,Real,-0.25308098464312445
USDJPY,B,LONG,2022-11-06 22:40:00,2022-11-06 22:50:00,spread_reduced,Both,-0.09513779468872663
EURJPY,B,LONG,2022-11-06 22:40:00,2022-11-06 22:50:00,spread_reduced,Pseudo,-0.1106134871357393
GBPJPY,B,LONG,2022-11-06 22:40:00,2022-11-06 22:50:00,spread_reduced,Pseudo,-0.3229101203658195
USDJPY,B,SHORT,2022-11-07 10:10:00,2022-11-07 10:20:00,spread_reduced,Pseudo,-0.26163201750077175
EURJPY,B,SHORT,2022-11-07 10:10:00,2022-11-07 10:20:00,spread_reduced,Pseudo,-0.40653053781603
USDJPY,B,SHORT,2022-11-08 09:10:00,2022-11-08 09:40:00,spread_reduced,Real,0.513330376181916
EURJPY,B,SHORT,2022-11-08 09:10:00,2022-11-08 09:40:00,spread_reduced,Pseudo,-0.018080539080293317
GBPJPY,B,SHORT,2022-11-08 09:10:00,2022-11-08 09:40:00,spread_reduced,Pseudo,-0.1357687585008538
EURJPY,B,SHORT,2022-11-08 14:55:00,2022-11-08 15:15:00,stop,Neither,-0.9663157741241306
USDJPY,B,SHORT,2022-11-08 14:55:00,2022-11-08 18:00:00,spread_reduced,Both,0.9253902911611952
GBPJPY,B,SHORT,2022-11-08 14:55:00,2022-11-08 18:00:00,stop,Pseudo,-2.087979090124037
GBPJPY,B,SHORT,2022-11-09 07:55:00,2022-11-09 08:05:00,stop,Pseudo,-0.6317947597302236
USDJPY,B,SHORT,2022-11-09 07:55:00,2022-11-09 08:20:00,spread_reduced,Pseudo,0.2773171474926469
EURJPY,B,SHORT,2022-11-09 07:55:00,2022-11-09 08:20:00,spread_reduced,Pseudo,-0.1443905503617504
USDJPY,B,SHORT,2022-11-09 10:10:00,2022-11-09 10:50:00,spread_reduced,Real,0.05159037621904616
EURJPY,B,SHORT,2022-11-09 10:10:00,2022-11-09 10:50:00,spread_reduced,Pseudo,-0.13760146025217543
GBPJPY,B,SHORT,2022-11-09 10:20:00,2022-11-09 10:50:00,spread_reduced,Pseudo,-0.11353985246905415
USDJPY,B,LONG,2022-11-09 11:25:00,2022-11-09 11:45:00,spread_reduced,Pseudo,-0.10511687112291224
EURJPY,B,LONG,2022-11-09 11:25:00,2022-11-09 11:45:00,spread_reduced,Pseudo,-0.1772814905995161
GBPJPY,B,LONG,2022-11-09 11:25:00,2022-11-09 11:45:00,spread_reduced,Pseudo,-0.4214279011841941
USDJPY,B,LONG,2022-11-09 13:05:00,2022-11-09 13:50:00,spread_reduced,Both,0.6334979969682871
EURJPY,B,LONG,2022-11-09 13:05:00,2022-11-09 13:50:00,spread_reduced,Pseudo,0.01943714208992494
GBPJPY,B,LONG,2022-11-09 13:05:00,2022-11-09 13:50:00,stop,Pseudo,-0.6014770853453404
EURJPY,B,SHORT,2022-11-09 15:30:00,2022-11-09 16:10:00,spread_reduced,Real,-0.045312650979993194
GBPJPY,B,SHORT,2022-11-09 15:30:00,2022-11-09 16:10:00,stop,Pseudo,-0.6335035551767731
USDJPY,B,SHORT,2022-11-09 15:40:00,2022-11-09 16:10:00,spread_reduced,Pseudo,0.626389651484575
USDJPY,B,SHORT,2022-11-10 07:25:00,2022-11-10 08:20:00,spread_reduced,Pseudo,0.257472047045663
EURJPY,B,SHORT,2022-11-10 07:25:00,2022-11-10 08:20:00,spread_reduced,Real,0.35522464205872684
GBPJPY,B,SHORT,2022-11-10 07:25:00,2022-11-10 08:20:00,spread_reduced,Real,-0.25486648758055175
GBPJPY,B,SHORT,2022-11-10 13:35:00,2022-11-10 13:45:00,stop,Pseudo,-0.6618209274099248
USDJPY,B,SHORT,2022-11-10 13:35:00,2022-11-10 14:15:00,spread_reduced,Pseudo,1.2155563830730984
EURJPY,B,SHORT,2022-11-10 13:35:00,2022-11-10 14:15:00,spread_reduced,Pseudo,-0.22775720779636782
GBPJPY,B,SHORT,2022-11-10 13:55:00,2022-11-10 14:15:00,spread_reduced,Both,-0.035529130923972474
USDJPY,B,SHORT,2022-11-10 14:20:00,2022-11-10 15:15:00,spread_reduced,Pseudo,2.502090700975401
EURJPY,B,SHORT,2022-11-10 14:20:00,2022-11-10 15:15:00,spread_reduced,Pseudo,2.567054197163373
GBPJPY,B,SHORT,2022-11-10 14:20:00,2022-11-10 15:15:00,spread_reduced,Pseudo,2.012308333030529
USDJPY,B,LONG,2022-11-10 15:35:00,2022-11-10 15:45:00,spread_reduced,Pseudo,-0.4261432710135719
EURJPY,B,LONG,2022-11-10 15:35:00,2022-11-10 15:45:00,spread_reduced,Pseudo,-0.17643139156997556
GBPJPY,B,LONG,2022-11-10 15:35:00,2022-11-10 15:45:00,spread_reduced,Pseudo,-0.30128445501313256
USDJPY,B,SHORT,2022-11-10 16:10:00,2022-11-10 16:15:00,stop,Pseudo,-0.7416573356356556
EURJPY,B,SHORT,2022-11-10 16:10:00,2022-11-10 16:15:00,stop,Pseudo,-0.6790171333618626
GBPJPY,B,SHORT,2022-11-10 16:10:00,2022-11-10 16:15:00,spread_reduced,Pseudo,-0.4449164114746681
USDJPY,B,LONG,2022-11-10 18:15:00,2022-11-10 18:40:00,spread_reduced,Pseudo,-0.058394383045482876
EURJPY,B,LONG,2022-11-10 18:15:00,2022-11-10 18:40:00,spread_reduced,Pseudo,-0.2433077080303455
GBPJPY,B,LONG,2022-11-10 18:15:00,2022-11-10 18:40:00,spread_reduced,Real,-0.29804915763080125
USDJPY,B,SHORT,2022-11-10 20:30:00,2022-11-10 21:35:00,spread_reduced,Pseudo,1.7353990383359719
EURJPY,B,SHORT,2022-11-10 20:30:00,2022-11-10 21:35:00,spread_reduced,Pseudo,1.0301485136693749
GBPJPY,B,SHORT,2022-11-10 20:30:00,2022-11-10 21:35:00,spread_reduced,Pseudo,1.320369411548635
USDJPY,B,LONG,2022-11-10 21:35:00,2022-11-10 23:15:00,spread_reduced,Pseudo,1.4190721857072486
EURJPY,B,LONG,2022-11-10 21:35:00,2022-11-10 23:15:00,spread_reduced,Pseudo,1.1759461861822937
GBPJPY,B,LONG,2022-11-10 21:35:00,2022-11-10 23:15:00,spread_reduced,Pseudo,0.7348309955515683
USDJPY,B,LONG,2022-11-11 01:25:00,2022-11-11 01:55:00,spread_reduced,Pseudo,0.4492445419235954
EURJPY,B,LONG,2022-11-11 01:25:00,2022-11-11 01:55:00,spread_reduced,Pseudo,-0.05845998209826527
GBPJPY,B,LONG,2022-11-11 01:30:00,2022-11-11 01:55:00,spread_reduced,Pseudo,-0.2203960538917915
USDJPY,B,SHORT,2022-11-11 05:10:00,2022-11-11 05:30:00,spread_reduced,Pseudo,0.06505166366499449
EURJPY,B,SHORT,2022-11-11 05:10:00,2022-11-11 05:30:00,spread_reduced,Pseudo,-0.46501532361357495
USDJPY,B,LONG,2022-11-11 05:40:00,2022-11-11 06:15:00,spread_reduced,Pseudo,-0.1174252605841882
EURJPY,B,LONG,2022-11-11 05:40:00,2022-11-11 06:15:00,spread_reduced,Pseudo,0.1316384452209422
GBPJPY,B,LONG,2022-11-11 05:40:00,2022-11-11 06:15:00,spread_reduced,Both,0.1433140536601929
USDJPY,B,SHORT,2022-11-11 06:25:00,2022-11-11 06:45:00,spread_reduced,Pseudo,-0.40248366496794163
EURJPY,B,SHORT,2022-11-11 06:25:00,2022-11-11 06:45:00,spread_reduced,Pseudo,-0.2083156119502642
GBPJPY,B,SHORT,2022-11-11 06:25:00,2022-11-11 06:45:00,spread_reduced,Pseudo,-0.19356753306443153
USDJPY,B,SHORT,2022-11-11 08:50:00,2022-11-14 03:00:00,spread_reduced,Both,3.899415447733164
EURJPY,B,SHORT,2022-11-11 08:50:00,2022-11-14 03:00:00,spread_reduced,Both,1.9266542612661106
GBPJPY,B,SHORT,2022-11-11 08:50:00,2022-11-14 03:00:00,spread_reduced,Real,3.1172649773868466
USDJPY,B,LONG,2022-11-14 07:20:00,2022-11-14 09:25:00,spread_reduced,Pseudo,1.6154618784643602
EURJPY,B,LONG,2022-11-14 07:20:00,2022-11-14 09:25:00,spread_reduced,Pseudo,1.504546967414496
GBPJPY,B,LONG,2022-11-14 07:20:00,2022-11-14 09:25:00,spread_reduced,Pseudo,2.269408392573835
USDJPY,B,LONG,2022-11-14 09:55:00,2022-11-14 10:10:00,spread_reduced,Pseudo,0.09409214189896413
EURJPY,B,LONG,2022-11-14 09:55:00,2022-11-14 10:10:00,stop,Pseudo,-0.5488439880714606
GBPJPY,B,LONG,2022-11-14 09:55:00,2022-11-14 10:10:00,stop,Pseudo,-1.0506950311836016
USDJPY,B,LONG,2022-11-14 10:40:00,2022-11-14 11:50:00,spread_reduced,Pseudo,-0.1702943876834932
EURJPY,B,LONG,2022-11-14 10:40:00,2022-11-14 11:50:00,spread_reduced,Pseudo,-0.42799374586980726
GBPJPY,B,LONG,2022-11-14 10:40:00,2022-11-14 11:50:00,spread_reduced,Pseudo,0.6508589517204566
GBPJPY,B,LONG,2022-11-14 13:05:00,2022-11-14 13:20:00,stop,Pseudo,-0.5892767669802476
USDJPY,B,LONG,2022-11-14 13:05:00,2022-11-14 13:30:00,spread_reduced,Pseudo,-0.09234068202579326
EURJPY,B,LONG,2022-11-14 13:10:00,2022-11-14 13:30:00,spread_reduced,Pseudo,-0.1240042628548969
USDJPY,B,SHORT,2022-11-14 20:50:00,2022-11-14 21:20:00,spread_reduced,Pseudo,-0.2644295329469563
EURJPY,B,SHORT,2022-11-14 20:50:00,2022-11-14 21:20:00,spread_reduced,Pseudo,-0.08971550021833845
GBPJPY,B,SHORT,2022-11-14 20:50:00,2022-11-14 21:20:00,spread_reduced,Pseudo,-0.2538494802075686
USDJPY,B,LONG,2022-11-14 23:00:00,2022-11-14 23:30:00,spread_reduced,Pseudo,-0.1732907527907483
EURJPY,B,LONG,2022-11-14 23:00:00,2022-11-14 23:30:00,spread_reduced,Pseudo,-0.09994586206533522
GBPJPY,B,LONG,2022-11-14 23:00:00,2022-11-14 23:30:00,spread_reduced,Both,0.07353884159955193
USDJPY,B,LONG,2022-11-15 00:15:00,2022-11-15 00:50:00,spread_reduced,Pseudo,-0.0756796689800332
EURJPY,B,LONG,2022-11-15 00:15:00,2022-11-15 00:50:00,spread_reduced,Pseudo,-0.29420783909521003
GBPJPY,B,LONG,2022-11-15 00:15:00,2022-11-15 00:50:00,spread_reduced,Pseudo,-0.21755544231794044
EURJPY,B,SHORT,2022-11-15 07:30:00,2022-11-15 07:45:00,stop,Pseudo,-0.6369163000223832
GBPJPY,B,SHORT,2022-11-15 07:30:00,2022-11-15 07:55:00,stop,Pseudo,-0.5512415967445783
USDJPY,B,SHORT,2022-11-15 07:30:00,2022-11-15 08:00:00,stop,Pseudo,-0.5070521651078241
USDJPY,B,LONG,2022-11-15 08:00:00,2022-11-15 08:50:00,spread_reduced,Pseudo,-0.0653818064103584
EURJPY,B,LONG,2022-11-15 08:00:00,2022-11-15 08:50:00,spread_reduced,Both,0.3012874722108835
GBPJPY,B,LONG,2022-11-15 08:00:00,2022-11-15 08:50:00,spread_reduced,Pseudo,0.255236938139151
USDJPY,B,SHORT,2022-11-15 09:05:00,2022-11-15 09:20:00,stop,Pseudo,-0.507043143444926
GBPJPY,B,SHORT,2022-11-15 09:05:00,2022-11-15 09:25:00,stop,Pseudo,-0.556494275237481
EURJPY,B,SHORT,2022-11-15 09:05:00,2022-11-15 09:35:00,spread_reduced,Pseudo,-0.24812738434546827
USDJPY,B,LONG,2022-11-15 10:35:00,2022-11-15 11:05:00,spread_reduced,Pseudo,-0.3911035021917734
EURJPY,B,LONG,2022-11-15 10:35:00,2022-11-15 11:05:00,spread_reduced,Pseudo,-0.41054341265767125
GBPJPY,B,LONG,2022-11-15 10:35:00,2022-11-15 11:05:00,spread_reduced,Pseudo,0.0198014482198546
USDJPY,B,SHORT,2022-11-15 13:30:00,2022-11-15 13:40:00,stop,Pseudo,-0.7810277201263371
GBPJPY,B,SHORT,2022-11-15 13:30:00,2022-11-15 13:40:00,stop,Pseudo,-0.6296622036389514
EURJPY,B,SHORT,2022-11-15 13:30:00,2022-11-15 13:50:00,stop,Pseudo,-0.5584356935036302
EURJPY,B,SHORT,2022-11-15 19:00:00,2022-11-15 19:10:00,stop,Pseudo,-0.6216190547669864
GBPJPY,B,SHORT,2022-11-15 19:00:00,2022-11-15 19:10:00,stop,Pseudo,-0.6557346473543557
USDJPY,B,SHORT,2022-11-15 19:00:00,2022-11-15 19:20:00,spread_reduced,Both,0.39593324076026004
USDJPY,B,LONG,2022-11-15 19:30:00,2022-11-15 19:50:00,spread_reduced,Pseudo,-0.4444335926314288
GBPJPY,B,LONG,2022-11-15 19:30:00,2022-11-15 19:50:00,spread_reduced,Real,-0.0640031663822945
EURJPY,B,LONG,2022-11-15 19:35:00,2022-11-15 19:50:00,spread_reduced,Real,-0.10960984758778824
USDJPY,B,SHORT,2022-11-15 23:10:00,2022-11-15 23:40:00,spread_reduced,Pseudo,-0.05960250329617445
EURJPY,B,SHORT,2022-11-15 23:10:00,2022-11-15 23:40:00,spread_reduced,Pseudo,-0.10861219649786295
GBPJPY,B,SHORT,2022-11-15 23:10:00,2022-11-15 23:40:00,spread_reduced,Pseudo,-0.3642819393792074
USDJPY,B,LONG,2022-11-16 00:50:00,2022-11-16 01:20:00,spread_reduced,Real,-0.23620567906187015
EURJPY,B,LONG,2022-11-16 00:50:00,2022-11-16 01:20:00,spread_reduced,Real,-0.15096899065355127
GBPJPY,B,LONG,2022-11-16 00:50:00,2022-11-16 01:20:00,spread_reduced,Real,-0.05990512547771054
USDJPY,B,LONG,2022-11-16 01:25:00,2022-11-16 02:00:00,spread_reduced,Neither,0.2917683334707396
EURJPY,B,LONG,2022-11-16 01:25:00,2022-11-16 02:00:00,spread_reduced,Real,0.65143359046127
GBPJPY,B,LONG,2022-11-16 01:25:00,2022-11-16 02:00:00,spread_reduced,Real,0.48552425966145546
USDJPY,B,LONG,2022-11-16 02:15:00,2022-11-16 02:55:00,spread_reduced,Pseudo,0.29494710646897165
EURJPY,B,LONG,2022-11-16 02:15:00,2022-11-16 02:55:00,spread_reduced,Pseudo,0.41190167067843103
GBPJPY,B,LONG,2022-11-16 02:15:00,2022-11-16 02:55:00,spread_reduced,Pseudo,0.38330884428764794
USDJPY,B,SHORT,2022-11-16 14:00:00,2022-11-16 14:55:00,spread_reduced,Both,0.7529244991812586
EURJPY,B,SHORT,2022-11-16 14:00:00,2022-11-16 14:55:00,spread_reduced,Pseudo,0.6858092013666643
GBPJPY,B,SHORT,2022-11-16 14:00:00,2022-11-16 14:55:00,spread_reduced,Pseudo,0.9149966781896909
USDJPY,B,SHORT,2022-11-17 08:00:00,2022-11-17 08:35:00,spread_reduced,Pseudo,-0.3136187558793561
EURJPY,B,SHORT,2022-11-17 08:00:00,2022-11-17 08:35:00,spread_reduced,Pseudo,-0.3789141750063507
GBPJPY,B,SHORT,2022-11-17 08:00:00,2022-11-17 08:35:00,spread_reduced,Both,-0.24330456795455352
USDJPY,B,LONG,2022-11-17 13:00:00,2022-11-17 13:20:00,stop,Pseudo,-0.6332772717188758
EURJPY,B,LONG,2022-11-17 13:00:00,2022-11-17 13:20:00,spread_reduced,Pseudo,-0.4021523540544229
GBPJPY,B,LONG,2022-11-17 13:00:00,2022-11-17 13:20:00,stop,Pseudo,-0.675154975854686
USDJPY,B,LONG,2022-11-21 08:10:00,2022-11-21 08:50:00,spread_reduced,Real,0.4968180643673363
EURJPY,B,LONG,2022-11-21 08:10:00,2022-11-21 08:50:00,spread_reduced,Real,0.0025634650559306733
GBPJPY,B,LONG,2022-11-21 08:10:00,2022-11-21 08:50:00,spread_reduced,Pseudo,-0.16642179783055155
USDJPY,B,LONG,2022-11-21 09:25:00,2022-11-21 10:15:00,spread_reduced,Pseudo,0.14383725485715243
EURJPY,B,LONG,2022-11-21 09:25:00,2022-11-21 10:15:00,spread_reduced,Both,0.33250625751768403
GBPJPY,B,LONG,2022-11-21 09:25:00,2022-11-21 10:15:00,spread_reduced,Pseudo,0.31752698498777043
USDJPY,B,SHORT,2022-11-21 14:30:00,2022-11-21 14:50:00,spread_reduced,Pseudo,-0.3333392553092433
EURJPY,B,SHORT,2022-11-21 14:30:00,2022-11-21 14:50:00,spread_reduced,Pseudo,-0.4079970007353495
GBPJPY,B,SHORT,2022-11-21 14:30:00,2022-11-21 14:50:00,spread_reduced,Pseudo,-0.3966689137905692
USDJPY,B,LONG,2022-11-21 15:00:00,2022-11-21 15:25:00,spread_reduced,Pseudo,0.11444567694529617
EURJPY,B,LONG,2022-11-21 15:00:00,2022-11-21 15:25:00,spread_reduced,Pseudo,-0.15239548639104744
GBPJPY,B,LONG,2022-11-21 15:00:00,2022-11-21 15:25:00,spread_reduced,Pseudo,-0.12710994539932852
USDJPY,B,SHORT,2022-11-23 14:50:00,2022-11-23 15:05:00,stop,Pseudo,-0.5721652603278837
EURJPY,B,SHORT,2022-11-23 14:50:00,2022-11-23 15:20:00,spread_reduced,Real,0.13109434220444824
GBPJPY,B,SHORT,2022-11-23 14:50:00,2022-11-23 15:20:00,spread_reduced,Real,-0.24917180443047768
USDJPY,B,SHORT,2022-11-23 16:05:00,2022-11-23 17:10:00,spread_reduced,Pseudo,0.019406992503985997
EURJPY,B,SHORT,2022-11-23 16:05:00,2022-11-23 17:10:00,spread_reduced,Pseudo,-0.05957672372243946
GBPJPY,B,SHORT,2022-11-23 16:05:00,2022-11-23 17:10:00,spread_reduced,Real,0.26451563485315377
USDJPY,B,SHORT,2022-11-23 19:25:00,2022-11-23 19:45:00,spread_reduced,Pseudo,-0.2915519941704877
EURJPY,B,SHORT,2022-11-23 19:25:00,2022-11-23 19:45:00,spread_reduced,Real,-0.2148930609315129
USDJPY,B,SHORT,2022-11-24 01:05:00,2022-11-24 02:05:00,spread_reduced,Pseudo,0.17188787963721514
EURJPY,B,SHORT,2022-11-24 01:05:00,2022-11-24 02:05:00,spread_reduced,Pseudo,0.05436893515712675
GBPJPY,B,SHORT,2022-11-24 01:05:00,2022-11-24 02:05:00,spread_reduced,Pseudo,-0.10494070230393504
USDJPY,B,SHORT,2022-11-24 10:05:00,2022-11-24 10:40:00,spread_reduced,Both,0.1353207741081238
EURJPY,B,SHORT,2022-11-24 10:05:00,2022-11-24 10:40:00,spread_reduced,Pseudo,0.7333649183185095
GBPJPY,B,SHORT,2022-11-24 10:05:00,2022-11-24 10:40:00,spread_reduced,Pseudo,0.18450233898907137
USDJPY,B,LONG,2022-11-24 11:55:00,2022-11-24 12:25:00,spread_reduced,Pseudo,0.09556066736315927
EURJPY,B,LONG,2022-11-24 11:55:00,2022-11-24 12:25:00,spread_reduced,Pseudo,0.031588439710776114
GBPJPY,B,LONG,2022-11-24 11:55:00,2022-11-24 12:25:00,spread_reduced,Pseudo,-0.15962424299742484
USDJPY,B,SHORT,2022-11-24 12:45:00,2022-11-24 13:05:00,spread_reduced,Both,-0.05994329039834175
EURJPY,B,SHORT,2022-11-24 12:45:00,2022-11-24 13:05:00,spread_reduced,Pseudo,-0.3903061565900442
GBPJPY,B,SHORT,2022-11-24 12:45:00,2022-11-24 13:05:00,spread_reduced,Pseudo,-0.09617419340261317
USDJPY,B,LONG,2022-11-25 00:45:00,2022-11-25 01:20:00,spread_reduced,Pseudo,-0.14009130158247157
EURJPY,B,LONG,2022-11-25 00:45:00,2022-11-25 01:20:00,spread_reduced,Both,0.22067981887345195
GBPJPY,B,LONG,2022-11-25 00:45:00,2022-11-25 01:20:00,spread_reduced,Pseudo,0.1639994505137447
USDJPY,B,LONG,2022-11-25 09:30:00,2022-11-25 11:00:00,spread_reduced,Both,0.640301615972024
EURJPY,B,LONG,2022-11-25 09:30:00,2022-11-25 11:00:00,spread_reduced,Pseudo,0.3476520986081718
GBPJPY,B,LONG,2022-11-25 09:30:00,2022-11-25 11:00:00,spread_reduced,Pseudo,0.4375753766566367
USDJPY,B,SHORT,2022-11-27 22:05:00,2022-11-27 22:35:00,spread_reduced,Pseudo,-0.1193349164871164
EURJPY,B,SHORT,2022-11-27 22:05:00,2022-11-27 22:35:00,spread_reduced,Pseudo,-0.1692382458569804
GBPJPY,B,SHORT,2022-11-27 22:05:00,2022-11-27 22:35:00,spread_reduced,Real,-0.049270957261186396
USDJPY,B,SHORT,2022-11-28 00:35:00,2022-11-28 02:45:00,spread_reduced,Pseudo,1.1491352353378468
EURJPY,B,SHORT,2022-11-28 00:35:00,2022-11-28 02:45:00,spread_reduced,Pseudo,1.7078958185983522
GBPJPY,B,SHORT,2022-11-28 00:35:00,2022-11-28 02:45:00,spread_reduced,Pseudo,1.6191684174495422
USDJPY,B,SHORT,2022-11-28 05:15:00,2022-11-28 06:25:00,spread_reduced,Pseudo,0.20867475001655017
EURJPY,B,SHORT,2022-11-28 05:15:00,2022-11-28 06:25:00,spread_reduced,Pseudo,-0.02056794232352388
GBPJPY,B,SHORT,2022-11-28 05:15:00,2022-11-28 06:25:00,spread_reduced,Pseudo,0.08632462199290962
USDJPY,B,SHORT,2022-11-28 07:05:00,2022-11-28 07:35:00,spread_reduced,Pseudo,-0.39442198277413654
EURJPY,B,SHORT,2022-11-28 07:05:00,2022-11-28 07:35:00,spread_reduced,Pseudo,-0.18228764988899768
GBPJPY,B,SHORT,2022-11-28 07:05:00,2022-11-28 07:35:00,stop,Pseudo,-0.5079962857942693
USDJPY,B,LONG,2022-11-28 07:50:00,2022-11-28 08:25:00,stop,Pseudo,-0.7148609273428901
EURJPY,B,LONG,2022-11-28 07:50:00,2022-11-28 08:25:00,spread_reduced,Pseudo,0.13631029565419617
GBPJPY,B,LONG,2022-11-28 07:50:00,2022-11-28 08:25:00,spread_reduced,Pseudo,-0.3552954760721964
EURJPY,B,SHORT,2022-11-28 08:30:00,2022-11-28 08:40:00,stop,Pseudo,-0.5156866235446571
USDJPY,B,SHORT,2022-11-28 08:30:00,2022-11-28 08:55:00,spread_reduced,Pseudo,-0.19578825991980095
GBPJPY,B,SHORT,2022-11-28 08:30:00,2022-11-28 08:55:00,stop,Pseudo,-0.623766640345913
EURJPY,B,SHORT,2022-11-28 08:50:00,2022-11-28 08:55:00,stop,Pseudo,-0.5256975781876191
USDJPY,B,LONG,2022-11-28 09:20:00,2022-11-28 09:35:00,spread_reduced,Pseudo,-0.028642753149917453
EURJPY,B,LONG,2022-11-28 09:20:00,2022-11-28 09:35:00,spread_reduced,Pseudo,-0.0031537442890898033
GBPJPY,B,LONG,2022-11-28 09:20:00,2022-11-28 09:35:00,spread_reduced,Pseudo,-0.11849956017976708
USDJPY,B,LONG,2022-11-28 11:05:00,2022-11-28 12:15:00,spread_reduced,Real,1.0308286436796859
EURJPY,B,LONG,2022-11-28 11:05:00,2022-11-28 12:15:00,spread_reduced,Pseudo,0.28517365876797507
GBPJPY,B,LONG,2022-11-28 11:05:00,2022-11-28 12:15:00,spread_reduced,Pseudo,0.42439314361038727
USDJPY,B,SHORT,2022-11-28 14:30:00,2022-11-28 14:50:00,stop,Pseudo,-0.5404018654473486
EURJPY,B,SHORT,2022-11-28 14:30:00,2022-11-28 14:50:00,spread_reduced,Pseudo,-0.08275681634306586
GBPJPY,B,SHORT,2022-11-28 14:30:00,2022-11-28 14:50:00,spread_reduced,Pseudo,-0.3442682700762016
EURJPY,B,LONG,2022-11-28 15:15:00,2022-11-28 15:40:00,stop,Pseudo,-0.5322329505735487
USDJPY,B,LONG,2022-11-28 15:15:00,2022-11-28 15:45:00,spread_reduced,Pseudo,0.04003071944998678
GBPJPY,B,LONG,2022-11-28 15:15:00,2022-11-28 15:45:00,spread_reduced,Pseudo,-0.06440148034114745
USDJPY,B,SHORT,2022-11-28 19:10:00,2022-11-28 23:00:00,spread_reduced,Pseudo,-0.13883554444515944
GBPJPY,B,SHORT,2022-11-28 19:10:00,2022-11-28 23:00:00,spread_reduced,Pseudo,-0.09779439712653826
EURJPY,B,SHORT,2022-11-28 19:10:00,2022-11-28 23:45:00,spread_reduced,Real,0.6539432814002637
USDJPY,B,LONG,2022-11-29 00:50:00,2022-11-29 01:40:00,spread_reduced,Pseudo,-0.04765139634492026
EURJPY,B,LONG,2022-11-29 00:50:00,2022-11-29 01:40:00,spread_reduced,Pseudo,0.22533883161897825
GBPJPY,B,LONG,2022-11-29 00:50:00,2022-11-29 01:40:00,spread_reduced,Pseudo,0.34833828784071785
USDJPY,B,SHORT,2022-11-29 09:30:00,2022-11-29 10:05:00,spread_reduced,Both,-0.009270362887855063
EURJPY,B,SHORT,2022-11-29 09:30:00,2022-11-29 10:05:00,spread_reduced,Pseudo,-0.30107847633553675
GBPJPY,B,SHORT,2022-11-29 09:30:00,2022-11-29 10:05:00,spread_reduced,Pseudo,0.3761035856106136
USDJPY,B,LONG,2022-11-29 10:15:00,2022-11-29 10:30:00,spread_reduced,Pseudo,-0.4340012520295996
EURJPY,B,LONG,2022-11-29 10:15:00,2022-11-29 10:30:00,spread_reduced,Pseudo,-0.41122988289018136
GBPJPY,B,LONG,2022-11-29 10:15:00,2022-11-29 10:30:00,spread_reduced,Pseudo,-0.2626073982819518
USDJPY,B,LONG,2022-11-30 00:15:00,2022-11-30 00:55:00,spread_reduced,Pseudo,-0.43066699008894227
EURJPY,B,LONG,2022-11-30 00:15:00,2022-11-30 00:55:00,spread_reduced,Pseudo,-0.18783468253102953
GBPJPY,B,LONG,2022-11-30 00:15:00,2022-11-30 00:55:00,spread_reduced,Pseudo,0.12907985787236065
USDJPY,B,LONG,2022-11-30 09:00:00,2022-11-30 09:45:00,spread_reduced,Real,0.42705943577366534
EURJPY,B,LONG,2022-11-30 09:00:00,2022-11-30 09:45:00,spread_reduced,Pseudo,-0.036753769158200576
GBPJPY,B,LONG,2022-11-30 09:00:00,2022-11-30 09:45:00,spread_reduced,Pseudo,0.13373609303187392
USDJPY,B,LONG,2022-11-30 10:10:00,2022-11-30 10:40:00,spread_reduced,Real,0.40970034659622756
EURJPY,B,LONG,2022-11-30 10:10:00,2022-11-30 10:40:00,spread_reduced,Real,-0.010100704019041137
GBPJPY,B,LONG,2022-11-30 10:10:00,2022-11-30 10:40:00,spread_reduced,Neither,-0.22219161203451687
USDJPY,B,SHORT,2022-11-30 12:05:00,2022-11-30 12:30:00,spread_reduced,Pseudo,-0.4832622807654138
EURJPY,B,SHORT,2022-11-30 12:05:00,2022-11-30 12:30:00,stop,Pseudo,-0.5453456462320982
GBPJPY,B,SHORT,2022-11-30 12:05:00,2022-11-30 12:30:00,spread_reduced,Pseudo,-0.15679034839566341
USDJPY,B,LONG,2022-11-30 13:00:00,2022-11-30 14:55:00,spread_reduced,Pseudo,0.7510336230499941
EURJPY,B,LONG,2022-11-30 13:00:00,2022-11-30 14:55:00,spread_reduced,Pseudo,1.2759283459113184
GBPJPY,B,LONG,2022-11-30 13:00:00,2022-11-30 14:55:00,spread_reduced,Both,0.867742044378117
USDJPY,B,SHORT,2022-11-30 15:35:00,2022-11-30 16:25:00,spread_reduced,Real,1.0221457124048503
EURJPY,B,SHORT,2022-11-30 15:35:00,2022-11-30 16:25:00,spread_reduced,Real,1.308863139949305
GBPJPY,B,SHORT,2022-11-30 15:35:00,2022-11-30 16:25:00,spread_reduced,Neither,0.9866986942194493
USDJPY,B,SHORT,2022-11-30 18:50:00,2022-11-30 19:25:00,spread_reduced,Pseudo,0.9598456084569292
EURJPY,B,SHORT,2022-11-30 18:50:00,2022-11-30 19:25:00,spread_reduced,Both,0.05373178817195494
GBPJPY,B,SHORT,2022-11-30 18:50:00,2022-11-30 19:25:00,spread_reduced,Pseudo,-0.25617321000378135
USDJPY,B,SHORT,2022-11-30 23:40:00,2022-12-01 00:10:00,spread_reduced,Real,-0.20960159046823357
EURJPY,B,SHORT,2022-11-30 23:40:00,2022-12-01 00:10:00,spread_reduced,Real,-0.23714277535854164
GBPJPY,B,SHORT,2022-11-30 23:40:00,2022-12-01 00:10:00,spread_reduced,Real,-0.05572124961624366
USDJPY,B,SHORT,2022-12-01 00:50:00,2022-12-01 01:30:00,spread_reduced,Pseudo,0.5295206435674087
EURJPY,B,SHORT,2022-12-01 00:50:00,2022-12-01 01:30:00,spread_reduced,Pseudo,0.582227321094253
AUDJPY,B,SHORT,2022-12-01 00:50:00,2022-12-01 01:30:00,spread_reduced,Pseudo,0.32307137983271045
USDJPY,B,SHORT,2022-12-01 02:30:00,2022-12-01 02:55:00,spread_reduced,Real,-0.27648826114345937
EURJPY,B,SHORT,2022-12-01 02:30:00,2022-12-01 02:55:00,spread_reduced,Real,-0.17385701244950388
AUDJPY,B,SHORT,2022-12-01 02:30:00,2022-12-01 02:55:00,spread_reduced,Real,0.0335395939915865
USDJPY,B,SHORT,2022-12-01 04:30:00,2022-12-01 05:00:00,spread_reduced,Pseudo,-0.40111681328432647
EURJPY,B,SHORT,2022-12-01 04:30:00,2022-12-01 05:00:00,stop,Pseudo,-0.5176282171347099
AUDJPY,B,SHORT,2022-12-01 04:30:00,2022-12-01 05:00:00,spread_reduced,Pseudo,-0.3051922275293754
USDJPY,B,SHORT,2022-12-01 05:15:00,2022-12-01 05:45:00,spread_reduced,Pseudo,-0.07046578429189174
EURJPY,B,SHORT,2022-12-01 05:15:00,2022-12-01 05:45:00,spread_reduced,Pseudo,-0.08852652757969834
AUDJPY,B,SHORT,2022-12-01 05:15:00,2022-12-01 05:45:00,stop,Pseudo,-0.5351051089664457
USDJPY,B,SHORT,2022-12-01 07:00:00,2022-12-01 07:30:00,spread_reduced,Pseudo,-0.3855560192728517
EURJPY,B,SHORT,2022-12-01 07:00:00,2022-12-01 07:30:00,spread_reduced,Pseudo,-0.11209785128903546
AUDJPY,B,SHORT,2022-12-01 07:00:00,2022-12-01 07:30:00,spread_reduced,Real,0.16444640280810496
EURJPY,B,SHORT,2022-12-01 19:00:00,2022-12-01 19:35:00,spread_reduced,Pseudo,-0.04759302109265858
AUDJPY,B,SHORT,2022-12-01 19:00:00,2022-12-01 19:35:00,spread_reduced,Pseudo,-0.4384233112610936
USDJPY,B,SHORT,2022-12-01 19:25:00,2022-12-01 19:35:00,spread_reduced,Pseudo,-0.0660172813576517
USDJPY,B,SHORT,2022-12-02 07:05:00,2022-12-02 07:40:00,spread_reduced,Real,0.7123896693473538
EURJPY,B,SHORT,2022-12-02 07:05:00,2022-12-02 07:40:00,spread_reduced,Real,0.46512129608167196
AUDJPY,B,SHORT,2022-12-02 07:05:00,2022-12-02 07:40:00,spread_reduced,Pseudo,0.2913356530735989
USDJPY,B,SHORT,2022-12-02 08:30:00,2022-12-02 09:40:00,spread_reduced,Pseudo,1.0565321776444907
EURJPY,B,SHORT,2022-12-02 08:30:00,2022-12-02 09:40:00,spread_reduced,Pseudo,1.3035778387604502
AUDJPY,B,SHORT,2022-12-02 08:30:00,2022-12-02 09:40:00,spread_reduced,Pseudo,1.2964429463118896
USDJPY,B,LONG,2022-12-02 09:50:00,2022-12-02 10:30:00,spread_reduced,Pseudo,-0.24678043649069745
EURJPY,B,LONG,2022-12-02 09:50:00,2022-12-02 10:30:00,spread_reduced,Pseudo,-0.20490781569944735
AUDJPY,B,LONG,2022-12-02 09:50:00,2022-12-02 10:30:00,spread_reduced,Pseudo,-0.17524137145141783
USDJPY,B,LONG,2022-12-02 13:30:00,2022-12-02 13:50:00,stop,Pseudo,-0.6873896711615535
EURJPY,B,LONG,2022-12-02 13:30:00,2022-12-02 13:50:00,stop,Pseudo,-0.7270512396463369
AUDJPY,B,LONG,2022-12-02 13:30:00,2022-12-02 14:05:00,spread_reduced,Pseudo,0.017894923011333812
USDJPY,B,LONG,2022-12-02 13:55:00,2022-12-02 14:05:00,spread_reduced,Pseudo,0.4005066857229641
EURJPY,B,LONG,2022-12-02 13:55:00,2022-12-02 14:05:00,spread_reduced,Pseudo,0.40636069395986557
EURJPY,B,LONG,2022-12-02 14:50:00,2022-12-02 15:05:00,stop,Pseudo,-0.5350450722709787
USDJPY,B,LONG,2022-12-02 14:50:00,2022-12-02 15:10:00,stop,Pseudo,-0.509913013826487
AUDJPY,B,LONG,2022-12-02 14:50:00,2022-12-02 15:15:00,spread_reduced,Real,-0.1492998962003833
USDJPY,B,SHORT,2022-12-02 15:20:00,2022-12-02 15:35:00,spread_reduced,Pseudo,-0.14236752564770566
EURJPY,B,SHORT,2022-12-02 15:20:00,2022-12-02 15:35:00,spread_reduced,Pseudo,-0.23959401063478047
AUDJPY,B,SHORT,2022-12-02 15:20:00,2022-12-02 15:35:00,spread_reduced,Pseudo,-0.12032450007167425
USDJPY,B,SHORT,2022-12-02 17:05:00,2022-12-02 18:05:00,spread_reduced,Pseudo,0.27001543561773944
EURJPY,B,SHORT,2022-12-02 17:05:00,2022-12-02 18:05:00,spread_reduced,Pseudo,0.05099987700444657
AUDJPY,B,SHORT,2022-12-02 17:05:00,2022-12-02 18:05:00,spread_reduced,Pseudo,0.6140437883398464
USDJPY,B,LONG,2022-12-04 23:00:00,2022-12-04 23:30:00,spread_reduced,Real,-0.11717477223149864
EURJPY,B,LONG,2022-12-04 23:00:00,2022-12-04 23:30:00,spread_reduced,Real,-0.17582848542367174
AUDJPY,B,LONG,2022-12-04 23:00:00,2022-12-04 23:30:00,spread_reduced,Real,0.2349393243235761
USDJPY,B,LONG,2022-12-05 00:30:00,2022-12-05 00:50:00,spread_reduced,Pseudo,-0.056416814691299486
EURJPY,B,LONG,2022-12-05 00:30:00,2022-12-05 00:50:00,spread_reduced,Pseudo,-0.04530916902034665
AUDJPY,B,LONG,2022-12-05 00:30:00,2022-12-05 00:50:00,spread_reduced,Pseudo,-0.18367543187836066
USDJPY,B,LONG,2022-12-05 05:50:00,2022-12-05 06:20:00,spread_reduced,Pseudo,-0.04530003777195961
EURJPY,B,LONG,2022-12-05 05:50:00,2022-12-05 06:20:00,spread_reduced,Pseudo,-0.22777545041696712
AUDJPY,B,LONG,2022-12-05 05:50:00,2022-12-05 06:20:00,spread_reduced,Pseudo,-0.24307917669367612
USDJPY,B,LONG,2022-12-05 07:05:00,2022-12-05 07:30:00,spread_reduced,Pseudo,-0.1785974097148572
EURJPY,B,LONG,2022-12-05 07:05:00,2022-12-05 07:30:00,spread_reduced,Real,-0.22871164484043288
AUDJPY,B,LONG,2022-12-05 07:05:00,2022-12-05 07:30:00,spread_reduced,Real,-0.13437518569218526
AUDJPY,B,SHORT,2022-12-05 08:10:00,2022-12-05 08:15:00,stop,Pseudo,-0.5069334845010006
EURJPY,B,SHORT,2022-12-05 08:10:00,2022-12-05 08:20:00,stop,Pseudo,-0.5702695083866043
USDJPY,B,SHORT,2022-12-05 08:10:00,2022-12-05 08:25:00,stop,Pseudo,-0.5638707599337305
USDJPY,B,LONG,2022-12-05 08:35:00,2022-12-05 09:15:00,spread_reduced,Pseudo,-0.21030796775700633
EURJPY,B,LONG,2022-12-05 08:35:00,2022-12-05 09:15:00,spread_reduced,Pseudo,0.3592636013709516
AUDJPY,B,LONG,2022-12-05 08:35:00,2022-12-05 09:15:00,spread_reduced,Real,0.09926220823068081
EURJPY,B,SHORT,2022-12-05 15:00:00,2022-12-05 15:20:00,stop,Pseudo,-0.5129537431542985
AUDJPY,B,SHORT,2022-12-05 15:00:00,2022-12-05 15:30:00,spread_reduced,Real,-0.011223836407910545
USDJPY,B,SHORT,2022-12-06 00:20:00,2022-12-06 00:40:00,spread_reduced,Pseudo,-0.30514194138545986
EURJPY,B,SHORT,2022-12-06 00:20:00,2022-12-06 00:40:00,spread_reduced,Pseudo,-0.24160273830512818
USDJPY,B,LONG,2022-12-06 02:25:00,2022-12-06 02:55:00,spread_reduced,Real,-0.1904985970319073
EURJPY,B,LONG,2022-12-06 02:25:00,2022-12-06 02:55:00,spread_reduced,Real,-0.10974267033717992
AUDJPY,B,LONG,2022-12-06 02:25:00,2022-12-06 02:55:00,spread_reduced,Neither,-0.12177588755472406
USDJPY,B,SHORT,2022-12-06 07:50:00,2022-12-06 09:05:00,spread_reduced,Pseudo,0.7605742770476025
EURJPY,B,SHORT,2022-12-06 07:50:00,2022-12-06 09:05:00,spread_reduced,Pseudo,0.6506802525515869
AUDJPY,B,SHORT,2022-12-06 07:50:00,2022-12-06 09:05:00,spread_reduced,Pseudo,0.8114548916751119
USDJPY,B,SHORT,2022-12-06 12:20:00,2022-12-06 12:35:00,spread_reduced,Both,0.054354301726067256
EURJPY,B,SHORT,2022-12-06 12:20:00,2022-12-06 12:35:00,spread_reduced,Pseudo,-0.29768214209850247
AUDJPY,B,SHORT,2022-12-06 12:20:00,2022-12-06 12:35:00,spread_reduced,Pseudo,-0.4368795065492481
USDJPY,B,LONG,2022-12-06 14:15:00,2022-12-06 14:35:00,spread_reduced,Pseudo,-0.4461885086877171
EURJPY,B,LONG,2022-12-06 14:15:00,2022-12-06 14:35:00,spread_reduced,Pseudo,-0.4616968516112374
AUDJPY,B,LONG,2022-12-06 14:15:00,2022-12-06 14:35:00,spread_reduced,Pseudo,-0.03300746689830862
USDJPY,B,LONG,2022-12-07 00:50:00,2022-12-07 01:20:00,spread_reduced,Pseudo,-0.22544047564702446
EURJPY,B,LONG,2022-12-07 00:50:00,2022-12-07 01:20:00,spread_reduced,Pseudo,-0.28294056423224434
AUDJPY,B,LONG,2022-12-07 00:50:00,2022-12-07 01:20:00,spread_reduced,Pseudo,-0.14001231858629115
USDJPY,B,LONG,2022-12-07 06:30:00,2022-12-07 06:55:00,spread_reduced,Pseudo,-0.3830224207416929
EURJPY,B,LONG,2022-12-07 06:30:00,2022-12-07 06:55:00,spread_reduced,Pseudo,-0.4752933118046254
AUDJPY,B,LONG,2022-12-07 06:30:00,2022-12-07 06:55:00,spread_reduced,Pseudo,-0.3260428696254536
USDJPY,B,SHORT,2022-12-07 08:45:00,2022-12-07 09:10:00,spread_reduced,Real,-0.08812245220601866
AUDJPY,B,SHORT,2022-12-07 13:40:00,2022-12-07 14:35:00,stop,Pseudo,-0.5851894002675273
USDJPY,B,SHORT,2022-12-07 13:40:00,2022-12-07 14:40:00,spread_reduced,Pseudo,0.5886052088102112
EURJPY,B,SHORT,2022-12-07 13:40:00,2022-12-07 14:40:00,spread_reduced,Neither,0.8101409145809813
USDJPY,B,SHORT,2022-12-07 16:30:00,2022-12-07 17:15:00,spread_reduced,Real,0.655058198184159
EURJPY,B,SHORT,2022-12-07 16:30:00,2022-12-07 17:15:00,spread_reduced,Pseudo,0.051477906098940096
AUDJPY,B,SHORT,2022-12-07 16:30:00,2022-12-07 17:15:00,spread_reduced,Pseudo,-0.4893084138835787
USDJPY,B,LONG,2022-12-08 13:50:00,2022-12-08 14:00:00,stop,Pseudo,-0.5734958276547946
EURJPY,B,LONG,2022-12-08 13:50:00,2022-12-08 14:20:00,spread_reduced,Real,0.22173439546150736
AUDJPY,B,LONG,2022-12-08 13:50:00,2022-12-08 14:20:00,spread_reduced,Pseudo,-0.3754566487678505
USDJPY,B,LONG,2022-12-09 00:10:00,2022-12-09 00:35:00,spread_reduced,Pseudo,-0.1615612403015702
EURJPY,B,LONG,2022-12-09 00:10:00,2022-12-09 00:35:00,spread_reduced,Pseudo,-0.2212597655138667
AUDJPY,B,LONG,2022-12-09 00:10:00,2022-12-09 00:35:00,spread_reduced,Pseudo,-0.45356311532004
AUDJPY,B,SHORT,2022-12-09 01:05:00,2022-12-09 01:25:00,stop,Pseudo,-0.5597738240317914
USDJPY,B,SHORT,2022-12-09 01:05:00,2022-12-09 01:35:00,spread_reduced,Pseudo,0.5724505387520636
EURJPY,B,SHORT,2022-12-09 01:05:00,2022-12-09 01:35:00,spread_reduced,Pseudo,0.3632962305184506
USDJPY,B,SHORT,2022-12-09 03:15:00,2022-12-09 03:45:00,spread_reduced,Real,-0.04738933465494218
EURJPY,B,SHORT,2022-12-09 03:15:00,2022-12-09 03:45:00,spread_reduced,Real,-0.04025638732193156
AUDJPY,B,SHORT,2022-12-09 03:15:00,2022-12-09 03:45:00,spread_reduced,Real,-0.09257962007991338
USDJPY,B,SHORT,2022-12-09 08:55:00,2022-12-09 09:20:00,spread_reduced,Pseudo,-0.06438106151070619
EURJPY,B,SHORT,2022-12-09 08:55:00,2022-12-09 09:20:00,spread_reduced,Real,0.010746909229419899
AUDJPY,B,SHORT,2022-12-09 09:00:00,2022-12-09 09:20:00,spread_reduced,Neither,-0.27551474681845417
USDJPY,B,LONG,2022-12-09 13:30:00,2022-12-09 14:00:00,spread_reduced,Real,-0.3605166236030725
EURJPY,B,LONG,2022-12-09 13:30:00,2022-12-09 14:00:00,spread_reduced,Real,-0.0971757386662997
AUDJPY,B,LONG,2022-12-09 13:30:00,2022-12-09 14:00:00,spread_reduced,Real,-0.18834347935348106
USDJPY,B,LONG,2022-12-09 15:00:00,2022-12-09 16:00:00,spread_reduced,Pseudo,-0.03495358648245943
EURJPY,B,LONG,2022-12-09 15:00:00,2022-12-09 16:00:00,spread_reduced,Pseudo,0.12890125914951275
AUDJPY,B,LONG,2022-12-09 15:00:00,2022-12-09 16:00:00,spread_reduced,Pseudo,0.9795353541677265
USDJPY,B,LONG,2022-12-12 01:10:00,2022-12-12 01:30:00,stop,Pseudo,-0.6234158250784105
EURJPY,B,LONG,2022-12-12 01:10:00,2022-12-12 01:35:00,spread_reduced,Real,-0.28669828608396397
AUDJPY,B,LONG,2022-12-12 01:10:00,2022-12-12 01:35:00,spread_reduced,Real,-0.16057484990557777
EURJPY,B,LONG,2022-12-12 08:30:00,2022-12-12 09:30:00,spread_reduced,Pseudo,0.15858280365462404
AUDJPY,B,LONG,2022-12-12 08:30:00,2022-12-12 09:30:00,spread_reduced,Pseudo,0.11633946406841567
USDJPY,B,LONG,2022-12-12 13:05:00,2022-12-12 13:40:00,spread_reduced,Both,-0.14661532799945903
EURJPY,B,LONG,2022-12-12 13:05:00,2022-12-12 13:40:00,spread_reduced,Pseudo,0.08309922916138746
AUDJPY,B,LONG,2022-12-12 13:05:00,2022-12-12 13:40:00,spread_reduced,Pseudo,-0.00408058650758214
EURJPY,B,LONG,2022-12-12 15:05:00,2022-12-12 15:25:00,stop,Pseudo,-0.5272782588094568
AUDJPY,B,LONG,2022-12-12 15:05:00,2022-12-12 15:30:00,spread_reduced,Pseudo,-0.28065698719529725
USDJPY,B,LONG,2022-12-12 16:40:00,2022-12-12 17:10:00,spread_reduced,Real,-0.2503202094192858
EURJPY,B,LONG,2022-12-12 16:40:00,2022-12-12 17:10:00,spread_reduced,Pseudo,-0.18479540322928018
AUDJPY,B,LONG,2022-12-12 16:45:00,2022-12-12 17:10:00,spread_reduced,Pseudo,-0.03105261992556822
USDJPY,B,LONG,2022-12-13 00:25:00,2022-12-13 00:40:00,stop,Pseudo,-0.5399717094262495
EURJPY,B,LONG,2022-12-13 00:25:00,2022-12-13 00:55:00,spread_reduced,Real,-0.041070384749801
AUDJPY,B,LONG,2022-12-13 00:25:00,2022-12-13 00:55:00,spread_reduced,Pseudo,-0.036371223117837026
USDJPY,B,SHORT,2022-12-13 07:30:00,2022-12-13 08:00:00,spread_reduced,Pseudo,-0.2968758662176274
EURJPY,B,SHORT,2022-12-13 07:30:00,2022-12-13 08:00:00,spread_reduced,Pseudo,-0.291806471212149
AUDJPY,B,SHORT,2022-12-13 07:30:00,2022-12-13 08:00:00,spread_reduced,Pseudo,-0.4627512962265268
USDJPY,B,SHORT,2022-12-13 13:30:00,2022-12-13 14:30:00,spread_reduced,Pseudo,1.8381433999472563
EURJPY,B,SHORT,2022-12-13 13:30:00,2022-12-13 14:30:00,spread_reduced,Real,0.9662072348369799
AUDJPY,B,SHORT,2022-12-13 13:30:00,2022-12-13 14:30:00,spread_reduced,Pseudo,-0.33462100650287024
USDJPY,B,SHORT,2022-12-14 10:00:00,2022-12-14 11:20:00,spread_reduced,Pseudo,0.30923402789421556
EURJPY,B,SHORT,2022-12-14 10:00:00,2022-12-14 11:20:00,spread_reduced,Pseudo,0.5067389566739319
AUDJPY,B,SHORT,2022-12-14 10:00:00,2022-12-14 11:20:00,spread_reduced,Pseudo,0.4400724043264933
EURJPY,B,LONG,2022-12-14 21:00:00,2022-12-14 22:15:00,spread_reduced,Pseudo,0.48822134115611426
USDJPY,B,LONG,2022-12-14 21:05:00,2022-12-14 22:15:00,spread_reduced,Pseudo,0.36880493520034346
AUDJPY,B,LONG,2022-12-14 21:05:00,2022-12-14 22:15:00,spread_reduced,Pseudo,0.006657954727614287
USDJPY,B,SHORT,2022-12-15 01:20:00,2022-12-15 01:50:00,spread_reduced,Pseudo,-0.3666476551406432
EURJPY,B,SHORT,2022-12-15 01:20:00,2022-12-15 01:50:00,spread_reduced,Pseudo,-0.08284061738124868
AUDJPY,B,SHORT,2022-12-15 01:20:00,2022-12-15 01:50:00,spread_reduced,Pseudo,0.30126030780760116
USDJPY,B,LONG,2022-12-15 08:20:00,2022-12-15 08:50:00,spread_reduced,Real,0.5194074624070844
EURJPY,B,LONG,2022-12-15 08:20:00,2022-12-15 08:50:00,spread_reduced,Real,0.05777512337249806
AUDJPY,B,LONG,2022-12-15 08:20:00,2022-12-15 08:50:00,spread_reduced,Real,0.013919949718591933
USDJPY,B,SHORT,2022-12-15 11:55:00,2022-12-15 12:40:00,spread_reduced,Pseudo,-0.033743235701895934
EURJPY,B,SHORT,2022-12-15 11:55:00,2022-12-15 12:40:00,spread_reduced,Pseudo,0.05769345334116771
AUDJPY,B,SHORT,2022-12-15 11:55:00,2022-12-15 12:40:00,spread_reduced,Pseudo,0.03386249716127073
USDJPY,B,LONG,2022-12-15 13:25:00,2022-12-15 13:30:00,stop,Pseudo,-0.551556367235954
EURJPY,B,LONG,2022-12-15 13:25:00,2022-12-15 13:45:00,spread_reduced,Pseudo,-0.2334624006665731
AUDJPY,B,LONG,2022-12-15 13:25:00,2022-12-15 13:45:00,stop,Pseudo,-0.5608445433096243
EURJPY,B,SHORT,2022-12-15 13:55:00,2022-12-15 14:05:00,stop,Pseudo,-1.3383044677467797
USDJPY,B,SHORT,2022-12-15 13:55:00,2022-12-15 14:15:00,spread_reduced,Real,0.33155684848821626
AUDJPY,B,SHORT,2022-12-15 13:55:00,2022-12-15 14:15:00,spread_reduced,Real,0.003210581182466754
USDJPY,B,LONG,2022-12-15 14:25:00,2022-12-15 15:45:00,spread_reduced,Both,2.517879521294638
EURJPY,B,LONG,2022-12-15 14:25:00,2022-12-15 15:45:00,spread_reduced,Pseudo,0.2430518511671309
AUDJPY,B,LONG,2022-12-15 14:25:00,2022-12-15 15:45:00,spread_reduced,Pseudo,0.42060822396313335
USDJPY,B,SHORT,2022-12-16 01:25:00,2022-12-16 02:00:00,spread_reduced,Pseudo,0.070763530684174
EURJPY,B,SHORT,2022-12-16 01:25:00,2022-12-16 02:00:00,spread_reduced,Pseudo,-0.06025986184584239
AUDJPY,B,SHORT,2022-12-16 01:25:00,2022-12-16 02:00:00,spread_reduced,Pseudo,-0.28088198146532706
USDJPY,B,SHORT,2022-12-16 04:55:00,2022-12-16 05:25:00,spread_reduced,Pseudo,-0.3932814674185714
EURJPY,B,SHORT,2022-12-16 04:55:00,2022-12-16 05:25:00,spread_reduced,Pseudo,-0.32968113295731943
AUDJPY,B,SHORT,2022-12-16 04:55:00,2022-12-16 05:25:00,spread_reduced,Pseudo,-0.37727116478314393
USDJPY,B,SHORT,2022-12-16 07:45:00,2022-12-16 08:45:00,spread_reduced,Real,0.5358938691731504
EURJPY,B,SHORT,2022-12-16 07:45:00,2022-12-16 08:45:00,spread_reduced,Real,0.3231508164938113
AUDJPY,B,SHORT,2022-12-16 07:45:00,2022-12-16 08:45:00,spread_reduced,Real,0.9006232942726882
EURJPY,B,SHORT,2022-12-16 09:10:00,2022-12-16 09:25:00,spread_reduced,Both,0.0699520678113889
AUDJPY,B,SHORT,2022-12-16 09:10:00,2022-12-16 09:25:00,spread_reduced,Pseudo,-0.4406079304425751
EURJPY,B,SHORT,2022-12-16 15:05:00,2022-12-16 16:00:00,spread_reduced,Pseudo,0.8878890997543836
AUDJPY,B,SHORT,2022-12-16 15:05:00,2022-12-16 16:00:00,spread_reduced,Pseudo,1.0903848369627027
USDJPY,B,SHORT,2022-12-16 15:10:00,2022-12-16 16:00:00,spread_reduced,Pseudo,0.6868271800116362
USDJPY,B,SHORT,2022-12-18 22:00:00,2022-12-18 22:10:00,stop,Pseudo,-0.6124343315592936
EURJPY,B,SHORT,2022-12-18 22:00:00,2022-12-18 22:10:00,stop,Pseudo,-0.7580143158910276
AUDJPY,B,SHORT,2022-12-18 22:00:00,2022-12-18 22:10:00,stop,Pseudo,-0.8980282039339945
USDJPY,B,SHORT,2022-12-18 22:20:00,2022-12-18 22:30:00,spread_reduced,Real,0.17797690211303804
EURJPY,B,SHORT,2022-12-18 22:20:00,2022-12-18 22:30:00,spread_reduced,Real,0.14706092964485626
AUDJPY,B,SHORT,2022-12-18 22:20:00,2022-12-18 22:30:00,spread_reduced,Real,0.3155926145915015
USDJPY,B,SHORT,2022-12-19 00:25:00,2022-12-19 01:00:00,spread_reduced,Pseudo,0.12042265534610112
EURJPY,B,SHORT,2022-12-19 00:25:00,2022-12-19 01:00:00,spread_reduced,Pseudo,-0.013567397478523684
AUDJPY,B,SHORT,2022-12-19 00:25:00,2022-12-19 01:00:00,spread_reduced,Pseudo,-0.12265591160158056
USDJPY,B,LONG,2022-12-19 02:10:00,2022-12-19 02:25:00,stop,Pseudo,-0.5489434842981626
EURJPY,B,LONG,2022-12-19 02:10:00,2022-12-19 02:35:00,spread_reduced,Real,-0.30663725107190254
AUDJPY,B,LONG,2022-12-19 02:10:00,2022-12-19 02:35:00,spread_reduced,Pseudo,-0.2663275891907994
USDJPY,B,LONG,2022-12-19 02:55:00,2022-12-19 03:25:00,spread_reduced,Pseudo,-0.24532429745120304
EURJPY,B,LONG,2022-12-19 02:55:00,2022-12-19 03:25:00,spread_reduced,Pseudo,-0.28556587712961584
AUDJPY,B,LONG,2022-12-19 02:55:00,2022-12-19 03:25:00,spread_reduced,Both,-0.09681542934625309
USDJPY,B,LONG,2022-12-20 01:05:00,2022-12-20 01:35:00,spread_reduced,Both,-0.23482895879360183
EURJPY,B,LONG,2022-12-20 01:05:00,2022-12-20 01:35:00,spread_reduced,Pseudo,-0.145062346701678
AUDJPY,B,LONG,2022-12-20 01:05:00,2022-12-20 01:35:00,spread_reduced,Pseudo,-0.2847334049417653
USDJPY,B,SHORT,2022-12-20 03:00:00,2022-12-20 04:30:00,spread_reduced,Pseudo,3.2051249966365734
EURJPY,B,SHORT,2022-12-20 03:00:00,2022-12-20 04:30:00,spread_reduced,Pseudo,4.003549844426228
AUDJPY,B,SHORT,2022-12-20 03:00:00,2022-12-20 04:30:00,spread_reduced,Pseudo,6.86569573565643
USDJPY,B,SHORT,2022-12-20 05:00:00,2022-12-20 06:30:00,spread_reduced,Pseudo,1.0762574931330038
EURJPY,B,SHORT,2022-12-20 05:00:00,2022-12-20 06:30:00,spread_reduced,Pseudo,1.3976697014713344
AUDJPY,B,SHORT,2022-12-20 05:00:00,2022-12-20 06:30:00,spread_reduced,Pseudo,1.1130139147197404
USDJPY,B,LONG,2022-12-20 06:30:00,2022-12-20 07:10:00,spread_reduced,Pseudo,0.41718435328608194
EURJPY,B,LONG,2022-12-20 06:30:00,2022-12-20 07:10:00,spread_reduced,Pseudo,0.5108444933371963
AUDJPY,B,LONG,2022-12-20 06:30:00,2022-12-20 07:10:00,spread_reduced,Pseudo,0.5905851450739668
USDJPY,B,SHORT,2022-12-20 07:25:00,2022-12-20 08:15:00,spread_reduced,Real,1.4905462073412739
EURJPY,B,SHORT,2022-12-20 07:25:00,2022-12-20 08:15:00,spread_reduced,Real,1.4978336174778322
AUDJPY,B,SHORT,2022-12-20 07:25:00,2022-12-20 08:15:00,spread_reduced,Real,0.7217243196265452
USDJPY,B,LONG,2022-12-20 08:45:00,2022-12-20 09:00:00,stop,Pseudo,-0.679013244895943
EURJPY,B,LONG,2022-12-20 08:45:00,2022-12-20 09:00:00,stop,Pseudo,-0.7110411544220356
AUDJPY,B,LONG,2022-12-20 08:45:00,2022-12-20 09:00:00,spread_reduced,Pseudo,-0.31593372050868024
USDJPY,B,SHORT,2022-12-20 09:10:00,2022-12-20 09:35:00,spread_reduced,Pseudo,-0.1545483599193857
EURJPY,B,SHORT,2022-12-20 09:10:00,2022-12-20 09:35:00,spread_reduced,Pseudo,-0.455231870794511
AUDJPY,B,SHORT,2022-12-20 09:10:00,2022-12-20 09:35:00,stop,Pseudo,-0.5108183304471197
USDJPY,B,LONG,2022-12-20 10:10:00,2022-12-20 10:35:00,spread_reduced,Pseudo,-0.4925305545964524
EURJPY,B,LONG,2022-12-20 10:10:00,2022-12-20 10:35:00,spread_reduced,Pseudo,-0.19472600729379214
AUDJPY,B,LONG,2022-12-20 10:10:00,2022-12-20 10:35:00,spread_reduced,Pseudo,-0.376090669325054
EURJPY,B,SHORT,2022-12-20 11:15:00,2022-12-20 11:30:00,stop,Pseudo,-0.5661736586081527
USDJPY,B,SHORT,2022-12-20 11:15:00,2022-12-20 11:35:00,spread_reduced,Pseudo,-0.2424997318233313
AUDJPY,B,SHORT,2022-12-20 11:15:00,2022-12-20 11:35:00,spread_reduced,Pseudo,-0.13740684091330854
USDJPY,B,LONG,2022-12-20 12:00:00,2022-12-20 12:25:00,spread_reduced,Pseudo,-0.2607990239300584
EURJPY,B,LONG,2022-12-20 12:00:00,2022-12-20 12:25:00,stop,Pseudo,-0.5392583193993458
AUDJPY,B,LONG,2022-12-20 12:00:00,2022-12-20 12:25:00,stop,Pseudo,-0.5571009726758058
EURJPY,B,SHORT,2022-12-20 12:35:00,2022-12-20 13:35:00,spread_reduced,Real,0.7835538149599438
AUDJPY,B,SHORT,2022-12-20 12:35:00,2022-12-20 13:35:00,spread_reduced,Real,0.9111958642568085
USDJPY,B,SHORT,2022-12-20 13:05:00,2022-12-20 13:35:00,spread_reduced,Real,0.39137345269076496
USDJPY,B,SHORT,2022-12-20 13:50:00,2022-12-20 14:20:00,spread_reduced,Real,-0.2552269639972682
EURJPY,B,SHORT,2022-12-20 13:50:00,2022-12-20 14:20:00,spread_reduced,Neither,-0.2202717911117258
AUDJPY,B,SHORT,2022-12-20 13:50:00,2022-12-20 14:20:00,spread_reduced,Real,-0.1284504438545664
USDJPY,B,LONG,2022-12-20 14:35:00,2022-12-20 15:00:00,stop,Pseudo,-0.5846633778762156
EURJPY,B,LONG,2022-12-20 14:35:00,2022-12-20 15:05:00,spread_reduced,Pseudo,-0.24713308667863773
AUDJPY,B,LONG,2022-12-20 14:35:00,2022-12-20 15:05:00,stop,Pseudo,-0.5285801498926546
USDJPY,B,SHORT,2022-12-20 15:10:00,2022-12-20 16:40:00,spread_reduced,Both,1.4764333809365038
EURJPY,B,SHORT,2022-12-20 15:10:00,2022-12-20 16:40:00,spread_reduced,Real,2.5537596763892667
AUDJPY,B,SHORT,2022-12-20 15:10:00,2022-12-20 16:40:00,spread_reduced,Pseudo,2.3615501814637048
AUDJPY,B,SHORT,2022-12-20 16:45:00,2022-12-20 16:50:00,stop,Pseudo,-0.543651755627798
AUDJPY,B,SHORT,2022-12-20 17:05:00,2022-12-20 17:20:00,stop,Pseudo,-0.6462038110333079
USDJPY,B,SHORT,2022-12-20 16:45:00,2022-12-20 17:25:00,spread_reduced,Pseudo,-0.48657298147173716
EURJPY,B,SHORT,2022-12-20 16:45:00,2022-12-20 17:25:00,spread_reduced,Pseudo,-0.17400462292941715
USDJPY,B,LONG,2022-12-20 17:35:00,2022-12-20 17:55:00,spread_reduced,Pseudo,-0.07177765162069694
EURJPY,B,LONG,2022-12-20 17:35:00,2022-12-20 17:55:00,spread_reduced,Pseudo,-0.20868897361607058
AUDJPY,B,LONG,2022-12-20 17:35:00,2022-12-20 17:55:00,spread_reduced,Pseudo,0.14554598809242889
USDJPY,B,LONG,2022-12-20 18:00:00,2022-12-20 19:00:00,spread_reduced,Pseudo,0.4665814916184896
EURJPY,B,LONG,2022-12-20 18:00:00,2022-12-20 19:00:00,spread_reduced,Pseudo,0.04610229276854246
AUDJPY,B,LONG,2022-12-20 18:00:00,2022-12-20 19:00:00,spread_reduced,Pseudo,0.4787088518081184
USDJPY,B,LONG,2022-12-20 20:05:00,2022-12-20 21:05:00,spread_reduced,Pseudo,0.061374605967371806
EURJPY,B,LONG,2022-12-20 20:05:00,2022-12-20 21:05:00,spread_reduced,Pseudo,0.17231742743425058
AUDJPY,B,LONG,2022-12-20 20:05:00,2022-12-20 21:05:00,spread_reduced,Real,0.4083039060522875
USDJPY,B,LONG,2022-12-20 23:00:00,2022-12-20 23:35:00,spread_reduced,Pseudo,-0.13459767328731037
EURJPY,B,LONG,2022-12-20 23:00:00,2022-12-20 23:35:00,spread_reduced,Pseudo,-0.1433001276327876
AUDJPY,B,LONG,2022-12-20 23:00:00,2022-12-20 23:35:00,spread_reduced,Pseudo,0.01735050670892413
USDJPY,B,SHORT,2022-12-21 00:00:00,2022-12-21 00:30:00,spread_reduced,Pseudo,-0.3172355802577946
EURJPY,B,SHORT,2022-12-21 00:00:00,2022-12-21 00:30:00,spread_reduced,Pseudo,-0.21986371206235886
AUDJPY,B,SHORT,2022-12-21 00:00:00,2022-12-21 00:30:00,spread_reduced,Pseudo,-0.12079382003708321
USDJPY,B,LONG,2022-12-21 01:05:00,2022-12-21 02:10:00,spread_reduced,Pseudo,0.48090872663664186
EURJPY,B,LONG,2022-12-21 01:05:00,2022-12-21 02:10:00,spread_reduced,Pseudo,0.5849387172803441
AUDJPY,B,LONG,2022-12-21 01:05:00,2022-12-21 02:10:00,spread_reduced,Pseudo,0.34417894550194583
USDJPY,B,SHORT,2022-12-21 02:50:00,2022-12-21 03:20:00,spread_reduced,Real,-0.2848149919965811
EURJPY,B,SHORT,2022-12-21 02:50:00,2022-12-21 03:20:00,spread_reduced,Real,-0.2265905328894628
AUDJPY,B,SHORT,2022-12-21 02:50:00,2022-12-21 03:20:00,spread_reduced,Real,0.5840992909189602
AUDJPY,B,SHORT,2022-12-21 08:00:00,2022-12-21 09:45:00,spread_reduced,Pseudo,0.5531324377803978
USDJPY,B,SHORT,2022-12-21 08:05:00,2022-12-21 09:45:00,spread_reduced,Pseudo,0.142254925423894
EURJPY,B,SHORT,2022-12-21 08:05:00,2022-12-21 09:45:00,spread_reduced,Pseudo,0.4790402543629243
USDJPY,B,LONG,2022-12-21 10:45:00,2022-12-21 11:40:00,spread_reduced,Pseudo,0.15484955400639028
EURJPY,B,LONG,2022-12-21 10:45:00,2022-12-21 11:40:00,spread_reduced,Pseudo,-0.001767801765417687
AUDJPY,B,LONG,2022-12-21 10:45:00,2022-12-21 11:40:00,spread_reduced,Pseudo,0.04387837287903966
USDJPY,B,LONG,2022-12-21 13:05:00,2022-12-21 13:35:00,spread_reduced,Pseudo,-0.2812252919006294
EURJPY,B,LONG,2022-12-21 13:05:00,2022-12-21 13:35:00,spread_reduced,Pseudo,-0.22273914703307973
AUDJPY,B,LONG,2022-12-21 13:05:00,2022-12-21 13:35:00,spread_reduced,Pseudo,-0.02420412038321255
USDJPY,B,LONG,2022-12-21 13:45:00,2022-12-21 14:25:00,spread_reduced,Pseudo,0.7642721945833783
EURJPY,B,LONG,2022-12-21 13:45:00,2022-12-21 14:25:00,spread_reduced,Neither,0.09553269793297996
AUDJPY,B,LONG,2022-12-21 13:45:00,2022-12-21 14:25:00,spread_reduced,Real,0.3763607932017651
USDJPY,B,SHORT,2022-12-21 14:40:00,2022-12-21 15:30:00,spread_reduced,Real,0.9845313552835726
EURJPY,B,SHORT,2022-12-21 14:40:00,2022-12-21 15:30:00,spread_reduced,Real,0.2917013621601683
AUDJPY,B,SHORT,2022-12-21 14:40:00,2022-12-21 15:30:00,spread_reduced,Real,0.2426304020895683
USDJPY,B,LONG,2022-12-21 16:45:00,2022-12-21 17:05:00,spread_reduced,Real,-0.09130943414229857
EURJPY,B,LONG,2022-12-21 16:45:00,2022-12-21 17:05:00,spread_reduced,Pseudo,-0.3935283092900699
AUDJPY,B,LONG,2022-12-21 16:45:00,2022-12-21 17:05:00,spread_reduced,Pseudo,-0.34365691478288607
USDJPY,B,SHORT,2022-12-21 18:05:00,2022-12-21 18:30:00,spread_reduced,Pseudo,-0.16196105115022047
EURJPY,B,SHORT,2022-12-21 18:05:00,2022-12-21 18:30:00,spread_reduced,Pseudo,-0.24431604284180786
AUDJPY,B,SHORT,2022-12-21 18:05:00,2022-12-21 18:30:00,spread_reduced,Both,-0.22552987842772154
USDJPY,B,LONG,2022-12-22 04:10:00,2022-12-22 04:45:00,spread_reduced,Pseudo,0.038539856672755356
EURJPY,B,LONG,2022-12-22 04:10:00,2022-12-22 04:45:00,spread_reduced,Pseudo,-0.09443040340428865
AUDJPY,B,LONG,2022-12-22 04:10:00,2022-12-22 04:45:00,spread_reduced,Pseudo,0.14978490451089677
USDJPY,B,SHORT,2022-12-22 13:25:00,2022-12-22 13:30:00,stop,Pseudo,-0.6486120862017793
EURJPY,B,SHORT,2022-12-22 13:25:00,2022-12-22 13:35:00,spread_reduced,Pseudo,-0.3784169105962576
AUDJPY,B,SHORT,2022-12-22 13:25:00,2022-12-22 13:35:00,spread_reduced,Pseudo,-0.11244046210904617
USDJPY,B,SHORT,2022-12-22 15:00:00,2022-12-22 16:05:00,spread_reduced,Pseudo,-0.0233512066748857
EURJPY,B,SHORT,2022-12-22 15:00:00,2022-12-22 16:05:00,spread_reduced,Pseudo,0.15861820460283393
AUDJPY,B,SHORT,2022-12-22 15:00:00,2022-12-22 16:05:00,spread_reduced,Pseudo,0.4449082419042775
USDJPY,B,LONG,2022-12-22 20:05:00,2022-12-22 20:35:00,spread_reduced,Pseudo,-0.14284544579627284
EURJPY,B,LONG,2022-12-22 20:05:00,2022-12-22 20:35:00,spread_reduced,Pseudo,0.04097257649241885
AUDJPY,B,LONG,2022-12-22 20:05:00,2022-12-22 20:35:00,spread_reduced,Pseudo,-0.06007455076728618
AUDJPY,B,LONG,2022-12-22 23:55:00,2022-12-23 00:25:00,spread_reduced,Pseudo,-0.31090191378465215
USDJPY,B,LONG,2022-12-26 08:00:00,2022-12-26 08:40:00,spread_reduced,Both,0.1863592267750125
EURJPY,B,LONG,2022-12-26 08:00:00,2022-12-26 08:40:00,spread_reduced,Pseudo,-0.15893630413277293
AUDJPY,B,LONG,2022-12-26 08:00:00,2022-12-26 08:40:00,spread_reduced,Pseudo,-0.3171293362500549
USDJPY,B,LONG,2022-12-27 00:50:00,2022-12-27 01:05:00,stop,Pseudo,-0.538855951086011
EURJPY,B,LONG,2022-12-27 00:50:00,2022-12-27 01:20:00,spread_reduced,Real,-0.19006243308831533
AUDJPY,B,LONG,2022-12-27 00:50:00,2022-12-27 01:20:00,spread_reduced,Real,0.13748063576538944
USDJPY,B,SHORT,2022-12-27 03:30:00,2022-12-27 04:00:00,spread_reduced,Both,-0.11608813531364486
EURJPY,B,SHORT,2022-12-27 03:30:00,2022-12-27 04:00:00,spread_reduced,Pseudo,-0.3096828549931837
AUDJPY,B,SHORT,2022-12-27 03:30:00,2022-12-27 04:00:00,spread_reduced,Pseudo,-0.21597489540596077
USDJPY,B,LONG,2022-12-27 08:30:00,2022-12-27 09:15:00,spread_reduced,Pseudo,0.19467905925500223
EURJPY,B,LONG,2022-12-27 08:30:00,2022-12-27 09:15:00,spread_reduced,Real,0.1721022352650555
AUDJPY,B,LONG,2022-12-27 08:30:00,2022-12-27 09:15:00,spread_reduced,Pseudo,0.3594063510975835
USDJPY,B,LONG,2022-12-28 02:15:00,2022-12-28 02:45:00,spread_reduced,Both,0.02543104506232593
EURJPY,B,LONG,2022-12-28 02:15:00,2022-12-28 02:45:00,spread_reduced,Pseudo,0.027340827306894987
AUDJPY,B,LONG,2022-12-28 02:15:00,2022-12-28 02:45:00,spread_reduced,Pseudo,-0.26576212283102585
USDJPY,B,LONG,2022-12-28 03:35:00,2022-12-28 04:05:00,spread_reduced,Pseudo,-0.29237783531743666
EURJPY,B,LONG,2022-12-28 03:35:00,2022-12-28 04:05:00,spread_reduced,Pseudo,-0.13845273853944445
AUDJPY,B,LONG,2022-12-28 03:35:00,2022-12-28 04:05:00,spread_reduced,Pseudo,0.04411535461120349
USDJPY,B,LONG,2022-12-28 05:25:00,2022-12-28 06:00:00,spread_reduced,Pseudo,-0.1784915368765831
EURJPY,B,LONG,2022-12-28 05:25:00,2022-12-28 06:00:00,spread_reduced,Pseudo,-0.18759968404502558
AUDJPY,B,LONG,2022-12-28 05:25:00,2022-12-28 06:00:00,spread_reduced,Pseudo,-0.13267508172180403
USDJPY,B,LONG,2022-12-28 11:10:00,2022-12-28 12:00:00,spread_reduced,Pseudo,-0.18868652577586076
EURJPY,B,LONG,2022-12-28 11:10:00,2022-12-28 12:00:00,spread_reduced,Pseudo,-0.12822453603333894
AUDJPY,B,LONG,2022-12-28 11:10:00,2022-12-28 12:00:00,spread_reduced,Real,0.22010907663213194
USDJPY,B,SHORT,2022-12-28 12:10:00,2022-12-28 13:00:00,spread_reduced,Pseudo,0.20130108345983722
EURJPY,B,SHORT,2022-12-28 12:10:00,2022-12-28 13:00:00,spread_reduced,Pseudo,-0.1308261133861066
AUDJPY,B,SHORT,2022-12-28 12:10:00,2022-12-28 13:00:00,spread_reduced,Pseudo,-0.4649852911398078
USDJPY,B,LONG,2022-12-28 14:50:00,2022-12-28 15:25:00,spread_reduced,Real,0.5884237315582446
AUDJPY,B,LONG,2022-12-28 14:50:00,2022-12-28 15:25:00,spread_reduced,Pseudo,-0.4418684114411153
EURJPY,B,LONG,2022-12-28 14:55:00,2022-12-28 15:25:00,spread_reduced,Both,-0.4709415022263001
USDJPY,B,SHORT,2022-12-29 01:05:00,2022-12-29 01:35:00,spread_reduced,Neither,-0.04057125292826018
EURJPY,B,SHORT,2022-12-29 01:05:00,2022-12-29 01:35:00,spread_reduced,Real,-0.03002417624897724
AUDJPY,B,SHORT,2022-12-29 01:05:00,2022-12-29 01:35:00,spread_reduced,Real,0.04978762854261169
USDJPY,B,SHORT,2022-12-29 06:00:00,2022-12-29 06:25:00,spread_reduced,Pseudo,-0.472466544211884
EURJPY,B,SHORT,2022-12-29 06:00:00,2022-12-29 06:25:00,spread_reduced,Pseudo,-0.32137815925274243
AUDJPY,B,SHORT,2022-12-29 06:00:00,2022-12-29 06:25:00,stop,Pseudo,-0.5814603532001694
USDJPY,B,LONG,2022-12-29 06:30:00,2022-12-29 06:55:00,spread_reduced,Pseudo,-0.0891733899874847
EURJPY,B,LONG,2022-12-29 06:30:00,2022-12-29 06:55:00,spread_reduced,Pseudo,-0.24944663433353517
AUDJPY,B,LONG,2022-12-29 06:30:00,2022-12-29 06:55:00,spread_reduced,Pseudo,-0.42874735670680086
AUDJPY,B,SHORT,2022-12-29 13:45:00,2022-12-29 14:05:00,stop,Pseudo,-0.5966879127279334
USDJPY,B,SHORT,2022-12-29 13:45:00,2022-12-29 14:15:00,spread_reduced,Real,-0.14713189734146445
EURJPY,B,SHORT,2022-12-29 13:45:00,2022-12-29 14:15:00,spread_reduced,Real,0.05213694591144069
USDJPY,B,LONG,2022-12-29 15:55:00,2022-12-29 16:45:00,spread_reduced,Pseudo,-0.08826074070041509
EURJPY,B,LONG,2022-12-29 15:55:00,2022-12-29 16:45:00,spread_reduced,Both,-0.03120943199437972
AUDJPY,B,LONG,2022-12-29 15:55:00,2022-12-29 16:45:00,spread_reduced,Pseudo,0.14053632800840415
USDJPY,B,SHORT,2022-12-29 23:45:00,2022-12-30 01:25:00,spread_reduced,Both,0.9438206459267962
EURJPY,B,SHORT,2022-12-29 23:45:00,2022-12-30 01:25:00,spread_reduced,Pseudo,0.9063948882496916
AUDJPY,B,SHORT,2022-12-29 23:45:00,2022-12-30 01:25:00,spread_reduced,Pseudo,0.7362676896014813
USDJPY,B,SHORT,2022-12-30 07:45:00,2022-12-30 08:40:00,spread_reduced,Both,0.8312286076652686
EURJPY,B,SHORT,2022-12-30 07:45:00,2022-12-30 08:40:00,spread_reduced,Pseudo,0.09881626287470506
AUDJPY,B,SHORT,2022-12-30 07:45:00,2022-12-30 08:40:00,spread_reduced,Pseudo,-0.163621792468908
USDJPY,B,SHORT,2022-12-30 09:10:00,2022-12-30 09:20:00,stop,Pseudo,-0.5249899166625365
AUDJPY,B,SHORT,2022-12-30 09:05:00,2022-12-30 09:25:00,spread_reduced,Pseudo,-0.35368183351747184
EURJPY,B,SHORT,2022-12-30 09:10:00,2022-12-30 09:25:00,spread_reduced,Pseudo,-0.304474700169329
USDJPY,B,LONG,2022-12-30 09:55:00,2022-12-30 10:10:00,stop,Pseudo,-0.6149784415233247
AUDJPY,B,LONG,2022-12-30 09:55:00,2022-12-30 10:10:00,stop,Pseudo,-0.5479040159201236
EURJPY,B,LONG,2022-12-30 09:55:00,2022-12-30 10:25:00,spread_reduced,Pseudo,0.09762225079016733
USDJPY,B,LONG,2022-12-30 10:15:00,2022-12-30 10:25:00,spread_reduced,Pseudo,-0.008232299558523042
AUDJPY,B,LONG,2022-12-30 10:15:00,2022-12-30 10:25:00,spread_reduced,Pseudo,0.24179413372545552
USDJPY,B,SHORT,2022-12-30 10:50:00,2022-12-30 11:20:00,spread_reduced,Real,0.2635932166706138
EURJPY,B,SHORT,2022-12-30 10:50:00,2022-12-30 11:20:00,spread_reduced,Real,-0.2506285070374611
AUDJPY,B,SHORT,2022-12-30 10:50:00,2022-12-30 11:20:00,spread_reduced,Pseudo,-0.25674739300218796
AUDJPY,B,SHORT,2022-12-30 15:45:00,2022-12-30 15:50:00,stop,Pseudo,-0.626611042643314
USDJPY,B,SHORT,2022-12-30 15:45:00,2023-01-03 01:55:00,spread_reduced,Pseudo,4.76304154956068
EURJPY,B,SHORT,2022-12-30 15:45:00,2023-01-03 01:55:00,spread_reduced,Pseudo,5.1279581320329655
AUDJPY,B,SHORT,2022-12-30 15:55:00,2023-01-03 01:55:00,spread_reduced,Pseudo,4.575971806153027
USDJPY,B,LONG,2023-01-03 01:55:00,2023-01-03 04:00:00,stop,Both,-0.9328229708076563
EURJPY,B,LONG,2023-01-03 01:55:00,2023-01-03 04:00:00,stop,Pseudo,-0.5326394043854155
AUDJPY,B,LONG,2023-01-03 01:55:00,2023-01-03 04:00:00,spread_reduced,Pseudo,1.2673184968895839
USDJPY,B,SHORT,2023-01-03 04:10:00,2023-01-03 04:40:00,spread_reduced,Pseudo,-0.11122457016643494
EURJPY,B,SHORT,2023-01-03 04:10:00,2023-01-03 04:40:00,spread_reduced,Pseudo,-0.10407723705692837
AUDJPY,B,SHORT,2023-01-03 04:10:00,2023-01-03 04:40:00,spread_reduced,Pseudo,-0.3841832750795712
USDJPY,B,SHORT,2023-01-03 06:15:00,2023-01-03 06:30:00,stop,Pseudo,-0.5919699661201724
EURJPY,B,SHORT,2023-01-03 06:15:00,2023-01-03 06:30:00,spread_reduced,Pseudo,-0.29214937033857546
USDJPY,B,LONG,2023-01-03 06:45:00,2023-01-03 07:00:00,spread_reduced,Pseudo,-0.4968023240100594
EURJPY,B,LONG,2023-01-03 06:45:00,2023-01-03 07:00:00,stop,Pseudo,-0.5022532283159853
AUDJPY,B,LONG,2023-01-03 06:45:00,2023-01-03 07:00:00,spread_reduced,Both,-0.24294110025176638
USDJPY,B,SHORT,2023-01-03 08:05:00,2023-01-03 08:15:00,stop,Pseudo,-0.7264804049386491
USDJPY,B,SHORT,2023-01-03 08:20:00,2023-01-03 08:30:00,stop,Neither,-0.5646181595754622
EURJPY,B,SHORT,2023-01-03 08:05:00,2023-01-03 08:40:00,spread_reduced,Both,0.06104938236021577
AUDJPY,B,SHORT,2023-01-03 08:05:00,2023-01-03 08:40:00,spread_reduced,Both,1.0018730767515176
USDJPY,B,SHORT,2023-01-03 08:30:00,2023-01-03 08:40:00,spread_reduced,Pseudo,0.21593695073955183
USDJPY,B,SHORT,2023-01-03 08:55:00,2023-01-03 09:35:00,spread_reduced,Pseudo,0.7729349893511965
EURJPY,B,SHORT,2023-01-03 08:55:00,2023-01-03 09:35:00,spread_reduced,Pseudo,0.6481240360012297
AUDJPY,B,SHORT,2023-01-03 08:55:00,2023-01-03 09:35:00,spread_reduced,Pseudo,0.37633316730001365
USDJPY,B,LONG,2023-01-03 09:40:00,2023-01-03 10:00:00,spread_reduced,Both,-0.09642749074674958
AUDJPY,B,LONG,2023-01-03 09:40:00,2023-01-03 10:00:00,spread_reduced,Pseudo,-0.44978392773109555
USDJPY,B,LONG,2023-01-03 11:50:00,2023-01-03 12:40:00,spread_reduced,Real,0.21724146906872596
EURJPY,B,LONG,2023-01-03 11:55:00,2023-01-03 12:40:00,spread_reduced,Real,0.6260954306566517
AUDJPY,B,LONG,2023-01-03 11:55:00,2023-01-03 12:40:00,spread_reduced,Real,0.5612795076772592
EURJPY,B,LONG,2023-01-03 15:20:00,2023-01-03 15:50:00,spread_reduced,Pseudo,-0.27060558591244604
AUDJPY,B,LONG,2023-01-03 15:20:00,2023-01-03 15:50:00,spread_reduced,Pseudo,0.08736676665728935
USDJPY,B,LONG,2023-01-03 15:25:00,2023-01-03 15:50:00,spread_reduced,Real,-0.1649933169765768
USDJPY,B,SHORT,2023-01-03 16:00:00,2023-01-03 16:25:00,spread_reduced,Pseudo,-0.29269527007591556
EURJPY,B,SHORT,2023-01-03 16:00:00,2023-01-03 16:25:00,spread_reduced,Pseudo,-0.3896203755060501
AUDJPY,B,SHORT,2023-01-03 16:00:00,2023-01-03 16:25:00,spread_reduced,Pseudo,-0.06206396167788657
USDJPY,B,LONG,2023-01-03 23:25:00,2023-01-04 00:05:00,stop,Pseudo,-1.0589975141131656
EURJPY,B,LONG,2023-01-03 23:25:00,2023-01-04 00:05:00,stop,Pseudo,-0.7273570670836005
AUDJPY,B,LONG,2023-01-03 23:25:00,2023-01-04 00:05:00,stop,Pseudo,-0.5606342829873601
AUDJPY,B,SHORT,2023-01-04 01:45:00,2023-01-04 02:10:00,stop,Pseudo,-0.5049971016063045
USDJPY,B,SHORT,2023-01-04 01:45:00,2023-01-04 02:15:00,spread_reduced,Real,-0.038865079291442825
EURJPY,B,SHORT,2023-01-04 01:45:00,2023-01-04 02:15:00,spread_reduced,Real,-0.0028634524360526825
USDJPY,B,LONG,2023-01-04 08:15:00,2023-01-04 09:25:00,spread_reduced,Pseudo,0.416879785686719
EURJPY,B,LONG,2023-01-04 08:15:00,2023-01-04 09:25:00,spread_reduced,Real,0.6447938414403017
AUDJPY,B,LONG,2023-01-04 08:20:00,2023-01-04 09:25:00,spread_reduced,Pseudo,1.0011006751477296
USDJPY,B,LONG,2023-01-04 12:15:00,2023-01-04 12:45:00,spread_reduced,Both,0.2504175967603661
EURJPY,B,LONG,2023-01-04 12:15:00,2023-01-04 12:45:00,spread_reduced,Pseudo,0.0439563872908592
AUDJPY,B,LONG,2023-01-04 12:15:00,2023-01-04 12:45:00,spread_reduced,Pseudo,-0.3171533159708936
USDJPY,B,LONG,2023-01-04 14:20:00,2023-01-04 18:10:00,spread_reduced,Pseudo,4.062871499334708
EURJPY,B,LONG,2023-01-04 14:20:00,2023-01-04 18:10:00,spread_reduced,Pseudo,3.8736332072285182
AUDJPY,B,LONG,2023-01-04 14:20:00,2023-01-04 18:10:00,spread_reduced,Real,2.6634904001875035
USDJPY,B,SHORT,2023-01-04 23:30:00,2023-01-05 00:40:00,spread_reduced,Pseudo,0.3675054632437854
EURJPY,B,SHORT,2023-01-04 23:30:00,2023-01-05 00:40:00,spread_reduced,Pseudo,-0.09447160210148317
AUDJPY,B,SHORT,2023-01-04 23:30:00,2023-01-05 00:40:00,spread_reduced,Pseudo,0.3855970634124203
USDJPY,B,LONG,2023-01-05 00:50:00,2023-01-05 00:55:00,spread_reduced,Pseudo,-0.4196887432043421
EURJPY,B,LONG,2023-01-05 00:50:00,2023-01-05 00:55:00,spread_reduced,Pseudo,-0.3770476799368483
AUDJPY,B,LONG,2023-01-05 00:50:00,2023-01-05 00:55:00,stop,Pseudo,-0.7181247580400434
USDJPY,B,LONG,2023-01-05 05:25:00,2023-01-05 05:45:00,spread_reduced,Pseudo,-0.2533671012395766
EURJPY,B,LONG,2023-01-05 05:25:00,2023-01-05 05:45:00,spread_reduced,Neither,-0.09190014368106367
AUDJPY,B,LONG,2023-01-05 05:25:00,2023-01-05 05:45:00,spread_reduced,Real,0.171633023399842
USDJPY,B,LONG,2023-01-05 13:05:00,2023-01-05 13:40:00,spread_reduced,Pseudo,1.3926351865352813
EURJPY,B,LONG,2023-01-05 13:05:00,2023-01-05 13:40:00,spread_reduced,Pseudo,0.358887876787802
AUDJPY,B,LONG,2023-01-05 13:05:00,2023-01-05 13:40:00,spread_reduced,Pseudo,-0.44620944907395693
EURJPY,B,SHORT,2023-01-05 13:50:00,2023-01-05 14:30:00,spread_reduced,Pseudo,0.13398539903001588
AUDJPY,B,SHORT,2023-01-05 13:50:00,2023-01-05 14:30:00,spread_reduced,Pseudo,0.13419208100358868
USDJPY,B,SHORT,2023-01-05 14:00:00,2023-01-05 14:30:00,spread_reduced,Pseudo,-0.2526994486134656
USDJPY,B,SHORT,2023-01-05 15:50:00,2023-01-05 17:50:00,spread_reduced,Pseudo,1.4793139027517999
EURJPY,B,SHORT,2023-01-05 15:50:00,2023-01-05 17:50:00,spread_reduced,Pseudo,1.19934124546169
AUDJPY,B,SHORT,2023-01-05 15:50:00,2023-01-05 17:50:00,spread_reduced,Both,1.0938709113997858
USDJPY,B,LONG,2023-01-06 00:25:00,2023-01-06 00:35:00,spread_reduced,Pseudo,-0.2554864359593327
EURJPY,B,LONG,2023-01-06 00:25:00,2023-01-06 00:35:00,spread_reduced,Neither,-0.1311395683845455
AUDJPY,B,LONG,2023-01-06 00:25:00,2023-01-06 00:35:00,spread_reduced,Real,-0.02220507813051794
USDJPY,B,LONG,2023-01-06 00:50:00,2023-01-06 01:35:00,spread_reduced,Pseudo,0.31486602822942505
EURJPY,B,LONG,2023-01-06 00:50:00,2023-01-06 01:35:00,spread_reduced,Pseudo,0.18658022819321535
AUDJPY,B,LONG,2023-01-06 00:50:00,2023-01-06 01:35:00,spread_reduced,Pseudo,-0.2654976484588456
USDJPY,B,LONG,2023-01-06 03:05:00,2023-01-06 03:45:00,spread_reduced,Pseudo,0.15382729824805116
EURJPY,B,LONG,2023-01-06 03:05:00,2023-01-06 03:45:00,spread_reduced,Pseudo,0.12949526502607317
AUDJPY,B,LONG,2023-01-06 03:05:00,2023-01-06 03:45:00,spread_reduced,Pseudo,-0.14715842190308565
USDJPY,B,LONG,2023-01-06 05:45:00,2023-01-06 06:00:00,stop,Neither,-0.5081478794446797
EURJPY,B,LONG,2023-01-06 05:45:00,2023-01-06 06:10:00,stop,Pseudo,-0.5670810443810422
AUDJPY,B,LONG,2023-01-06 05:45:00,2023-01-06 06:15:00,spread_reduced,Pseudo,-0.24443399844531477
USDJPY,B,LONG,2023-01-06 06:00:00,2023-01-06 06:15:00,spread_reduced,Pseudo,-0.3535943655951594
USDJPY,B,SHORT,2023-01-06 06:15:00,2023-01-06 06:25:00,spread_reduced,Pseudo,-0.3340681076495026
EURJPY,B,SHORT,2023-01-06 06:15:00,2023-01-06 06:25:00,spread_reduced,Pseudo,-0.31042456442172595
AUDJPY,B,SHORT,2023-01-06 06:15:00,2023-01-06 06:25:00,spread_reduced,Pseudo,-0.4008679995186615
USDJPY,B,SHORT,2023-01-06 07:00:00,2023-01-06 07:20:00,stop,Pseudo,-0.684514702076866
EURJPY,B,SHORT,2023-01-06 07:00:00,2023-01-06 07:25:00,stop,Pseudo,-0.6955011395729146
AUDJPY,B,SHORT,2023-01-06 07:00:00,2023-01-06 07:25:00,spread_reduced,Pseudo,-0.23748392851456285
USDJPY,B,LONG,2023-01-06 07:35:00,2023-01-06 07:55:00,spread_reduced,Both,-0.14345553934961658
EURJPY,B,LONG,2023-01-06 07:35:00,2023-01-06 07:55:00,spread_reduced,Pseudo,-0.13642390010933556
USDJPY,B,SHORT,2023-01-06 10:00:00,2023-01-06 10:35:00,spread_reduced,Pseudo,0.00424421629607874
EURJPY,B,SHORT,2023-01-06 10:00:00,2023-01-06 10:35:00,spread_reduced,Pseudo,-0.001837149336954743
AUDJPY,B,SHORT,2023-01-06 10:00:00,2023-01-06 10:35:00,spread_reduced,Pseudo,-0.08848159938608843
USDJPY,B,SHORT,2023-01-06 13:30:00,2023-01-06 14:10:00,spread_reduced,Pseudo,0.8697560716166564
EURJPY,B,SHORT,2023-01-06 13:30:00,2023-01-06 14:10:00,spread_reduced,Pseudo,0.30569025721409
AUDJPY,B,SHORT,2023-01-06 13:30:00,2023-01-06 14:10:00,spread_reduced,Pseudo,-0.3002818560759272
EURJPY,B,SHORT,2023-01-06 15:00:00,2023-01-06 15:20:00,stop,Pseudo,-0.6024174891126796
AUDJPY,B,SHORT,2023-01-06 15:00:00,2023-01-06 15:20:00,stop,Pseudo,-0.6401446701963891
USDJPY,B,SHORT,2023-01-06 15:00:00,2023-01-06 15:30:00,spread_reduced,Real,0.9376188002712116
EURJPY,B,LONG,2023-01-06 16:35:00,2023-01-06 16:55:00,spread_reduced,Pseudo,-0.40136551212510696
AUDJPY,B,LONG,2023-01-06 16:35:00,2023-01-06 16:55:00,stop,Pseudo,-0.5593984467081592
USDJPY,B,LONG,2023-01-06 16:40:00,2023-01-06 16:55:00,spread_reduced,Pseudo,-0.43752216572664115
USDJPY,B,SHORT,2023-01-06 17:05:00,2023-01-06 17:25:00,spread_reduced,Real,-0.331094161331554
EURJPY,B,SHORT,2023-01-06 17:05:00,2023-01-06 17:25:00,spread_reduced,Neither,-0.44714998728497457
AUDJPY,B,SHORT,2023-01-06 17:05:00,2023-01-06 17:25:00,spread_reduced,Neither,-0.2868127102895931
USDJPY,B,LONG,2023-01-08 23:00:00,2023-01-08 23:15:00,stop,Pseudo,-0.5866452346587891
EURJPY,B,LONG,2023-01-08 23:00:00,2023-01-08 23:20:00,stop,Pseudo,-0.5462984298364079
AUDJPY,B,LONG,2023-01-08 23:00:00,2023-01-08 23:20:00,spread_reduced,Pseudo,-0.33176535196318324
USDJPY,B,SHORT,2023-01-09 00:00:00,2023-01-09 00:05:00,spread_reduced,Pseudo,-0.33593378596371204
EURJPY,B,SHORT,2023-01-09 00:00:00,2023-01-09 00:05:00,spread_reduced,Pseudo,-0.2568334636209683
AUDJPY,B,SHORT,2023-01-09 00:00:00,2023-01-09 00:05:00,spread_reduced,Pseudo,-0.11753371436891888
USDJPY,B,LONG,2023-01-09 04:45:00,2023-01-09 06:05:00,spread_reduced,Pseudo,0.17145610024430863
EURJPY,B,LONG,2023-01-09 04:45:00,2023-01-09 06:05:00,spread_reduced,Pseudo,0.2186526256782173
AUDJPY,B,LONG,2023-01-09 04:45:00,2023-01-09 06:05:00,spread_reduced,Both,0.421637192710748
USDJPY,B,LONG,2023-01-09 07:30:00,2023-01-09 08:40:00,spread_reduced,Pseudo,-0.18858587503567392
EURJPY,B,LONG,2023-01-09 07:30:00,2023-01-09 08:40:00,spread_reduced,Pseudo,0.4743566945006883
AUDJPY,B,LONG,2023-01-09 07:30:00,2023-01-09 08:40:00,spread_reduced,Real,0.4915415815368215
AUDJPY,B,LONG,2023-01-09 09:40:00,2023-01-09 10:00:00,stop,Neither,-0.6066550329691944
USDJPY,B,LONG,2023-01-09 09:40:00,2023-01-09 10:05:00,spread_reduced,Real,-0.1717219711876809
EURJPY,B,LONG,2023-01-09 09:40:00,2023-01-09 10:05:00,spread_reduced,Neither,-0.4120087844782609
USDJPY,B,SHORT,2023-01-09 16:20:00,2023-01-09 17:20:00,spread_reduced,Pseudo,-0.35110202756786596
EURJPY,B,SHORT,2023-01-09 16:20:00,2023-01-09 17:20:00,spread_reduced,Pseudo,-0.2231973607581169
AUDJPY,B,SHORT,2023-01-09 16:20:00,2023-01-09 17:20:00,spread_reduced,Pseudo,0.37321128019981076
USDJPY,B,LONG,2023-01-10 00:20:00,2023-01-10 00:50:00,stop,Pseudo,-0.7122910139737797
EURJPY,B,LONG,2023-01-10 00:20:00,2023-01-10 00:50:00,stop,Pseudo,-0.7629800922016594
AUDJPY,B,LONG,2023-01-10 00:20:00,2023-01-10 00:50:00,spread_reduced,Pseudo,-0.4735318692151713
USDJPY,B,SHORT,2023-01-10 00:50:00,2023-01-10 02:00:00,spread_reduced,Pseudo,0.4798503972752721
EURJPY,B,SHORT,2023-01-10 00:50:00,2023-01-10 02:00:00,spread_reduced,Pseudo,0.10545132679281219
AUDJPY,B,SHORT,2023-01-10 00:50:00,2023-01-10 02:00:00,spread_reduced,Pseudo,-0.20883382039160736
AUDJPY,B,LONG,2023-01-10 02:05:00,2023-01-10 02:25:00,stop,Pseudo,-0.60173343180836
USDJPY,B,LONG,2023-01-10 02:05:00,2023-01-10 02:30:00,spread_reduced,Pseudo,0.15251932240789579
EURJPY,B,LONG,2023-01-10 02:05:00,2023-01-10 02:30:00,spread_reduced,Pseudo,-0.06669328580207376
USDJPY,B,SHORT,2023-01-11 23:05:00,2023-01-11 23:55:00,spread_reduced,Real,0.7054232921372232
EURJPY,B,SHORT,2023-01-11 23:05:00,2023-01-11 23:55:00,spread_reduced,Real,0.6645904902596127
AUDJPY,B,SHORT,2023-01-11 23:05:00,2023-01-11 23:55:00,spread_reduced,Real,0.8115720519561813
USDJPY,B,SHORT,2023-01-12 00:20:00,2023-01-12 00:45:00,spread_reduced,Pseudo,-0.3994184763497592
EURJPY,B,SHORT,2023-01-12 00:20:00,2023-01-12 00:45:00,stop,Pseudo,-0.5274487841415709
AUDJPY,B,SHORT,2023-01-12 00:20:00,2023-01-12 00:45:00,stop,Pseudo,-0.7419107483647529
USDJPY,B,LONG,2023-01-12 00:50:00,2023-01-12 01:15:00,spread_reduced,Pseudo,-0.15609538106775567
EURJPY,B,LONG,2023-01-12 00:50:00,2023-01-12 01:15:00,spread_reduced,Pseudo,-0.23779333475874392
AUDJPY,B,LONG,2023-01-12 00:50:00,2023-01-12 01:15:00,spread_reduced,Pseudo,-0.1372850799878922
USDJPY,B,SHORT,2023-01-12 01:45:00,2023-01-12 02:00:00,spread_reduced,Pseudo,-0.3007683890433969
EURJPY,B,SHORT,2023-01-12 01:45:00,2023-01-12 02:00:00,spread_reduced,Pseudo,-0.28300388883728544
AUDJPY,B,SHORT,2023-01-12 01:45:00,2023-01-12 02:00:00,spread_reduced,Pseudo,-0.49841097742834667
USDJPY,B,SHORT,2023-01-12 09:20:00,2023-01-12 10:10:00,spread_reduced,Pseudo,0.5732529477917581
EURJPY,B,SHORT,2023-01-12 09:20:00,2023-01-12 10:10:00,spread_reduced,Real,0.6398381120763519
AUDJPY,B,SHORT,2023-01-12 09:20:00,2023-01-12 10:10:00,spread_reduced,Real,0.4577212046386429
AUDJPY,B,SHORT,2023-01-12 12:15:00,2023-01-12 13:10:00,stop,Pseudo,-0.5453045177815271
USDJPY,B,SHORT,2023-01-12 12:15:00,2023-01-12 13:15:00,spread_reduced,Pseudo,0.24813050246338028
EURJPY,B,SHORT,2023-01-12 12:15:00,2023-01-12 13:15:00,spread_reduced,Pseudo,0.025449375912163973
USDJPY,B,SHORT,2023-01-12 13:30:00,2023-01-12 13:35:00,stop,Pseudo,-1.073205365845468
AUDJPY,B,SHORT,2023-01-12 13:30:00,2023-01-12 13:50:00,stop,Pseudo,-0.6388164665184586
EURJPY,B,SHORT,2023-01-12 13:30:00,2023-01-12 14:00:00,spread_reduced,Real,-0.4511371397841006
USDJPY,B,SHORT,2023-01-12 13:45:00,2023-01-12 14:00:00,spread_reduced,Pseudo,0.10600070872879286
USDJPY,B,LONG,2023-01-12 14:00:00,2023-01-12 14:40:00,spread_reduced,Real,2.0291376491871445
EURJPY,B,LONG,2023-01-12 14:15:00,2023-01-12 14:40:00,spread_reduced,Both,0.17823490595114677
AUDJPY,B,LONG,2023-01-12 14:15:00,2023-01-12 14:40:00,stop,Pseudo,-0.9101626041207641
AUDJPY,B,SHORT,2023-01-12 15:05:00,2023-01-12 15:15:00,stop,Pseudo,-0.5477565866465195
USDJPY,B,SHORT,2023-01-12 14:55:00,2023-01-12 15:20:00,spread_reduced,Pseudo,0.9245670778988229
EURJPY,B,SHORT,2023-01-12 15:00:00,2023-01-12 15:20:00,spread_reduced,Pseudo,0.02664994625189987
USDJPY,B,SHORT,2023-01-12 15:50:00,2023-01-12 16:30:00,spread_reduced,Pseudo,-0.0005938555200183753
EURJPY,B,SHORT,2023-01-12 15:50:00,2023-01-12 16:30:00,spread_reduced,Pseudo,-0.2988564436591605
AUDJPY,B,SHORT,2023-01-12 15:50:00,2023-01-12 16:30:00,spread_reduced,Both,-0.1426249140615473
USDJPY,B,SHORT,2023-01-12 17:35:00,2023-01-12 18:30:00,spread_reduced,Both,-0.016052139881613435
EURJPY,B,SHORT,2023-01-12 17:35:00,2023-01-12 18:30:00,spread_reduced,Pseudo,-0.4635375036023959
AUDJPY,B,SHORT,2023-01-12 17:35:00,2023-01-12 18:30:00,spread_reduced,Pseudo,0.2663482433231298
USDJPY,B,SHORT,2023-01-13 06:35:00,2023-01-13 07:20:00,spread_reduced,Pseudo,0.012383938229998392
EURJPY,B,SHORT,2023-01-13 06:35:00,2023-01-13 07:20:00,spread_reduced,Pseudo,0.36220811944694586
AUDJPY,B,SHORT,2023-01-13 06:35:00,2023-01-13 07:20:00,spread_reduced,Pseudo,0.2730486487647621
EURJPY,B,SHORT,2023-01-13 07:50:00,2023-01-13 07:55:00,stop,Pseudo,-0.5206639001475999
USDJPY,B,SHORT,2023-01-13 07:50:00,2023-01-13 08:00:00,stop,Pseudo,-0.7242702234427542
AUDJPY,B,SHORT,2023-01-13 07:50:00,2023-01-13 08:00:00,stop,Pseudo,-0.5609884856049667
USDJPY,B,SHORT,2023-01-13 08:10:00,2023-01-13 08:20:00,spread_reduced,Real,-0.06945506995921966
EURJPY,B,SHORT,2023-01-13 08:10:00,2023-01-13 08:20:00,spread_reduced,Real,-0.011299440838478485
AUDJPY,B,SHORT,2023-01-13 08:10:00,2023-01-13 08:20:00,spread_reduced,Real,-0.21039549766488364
USDJPY,B,LONG,2023-01-13 08:50:00,2023-01-13 09:45:00,spread_reduced,Pseudo,0.4711160560582073
EURJPY,B,LONG,2023-01-13 08:50:00,2023-01-13 09:45:00,spread_reduced,Pseudo,-0.18954020736720406
AUDJPY,B,LONG,2023-01-13 08:50:00,2023-01-13 09:45:00,spread_reduced,Both,-0.2006749232232874
USDJPY,B,SHORT,2023-01-13 12:45:00,2023-01-13 14:20:00,spread_reduced,Pseudo,0.8664745240925716
EURJPY,B,SHORT,2023-01-13 12:45:00,2023-01-13 14:20:00,spread_reduced,Real,1.0955909559879167
AUDJPY,B,SHORT,2023-01-13 12:45:00,2023-01-13 14:20:00,spread_reduced,Pseudo,1.6726408370016193
EURJPY,B,SHORT,2023-01-13 14:45:00,2023-01-13 15:00:00,stop,Pseudo,-0.537606488885419
USDJPY,B,SHORT,2023-01-13 14:45:00,2023-01-13 15:05:00,spread_reduced,Pseudo,-0.4259698134484828
AUDJPY,B,SHORT,2023-01-13 14:45:00,2023-01-13 15:05:00,spread_reduced,Both,-0.08055285051988825
EURJPY,B,LONG,2023-01-13 15:15:00,2023-01-13 15:30:00,stop,Pseudo,-0.5527862410082592
USDJPY,B,LONG,2023-01-13 15:15:00,2023-01-13 15:35:00,stop,Pseudo,-0.5074308791696014
AUDJPY,B,LONG,2023-01-13 15:15:00,2023-01-13 15:35:00,spread_reduced,Real,-0.25293296418915645
USDJPY,B,LONG,2023-01-13 18:45:00,2023-01-13 19:25:00,spread_reduced,Pseudo,-0.11266635707936809
EURJPY,B,LONG,2023-01-13 18:45:00,2023-01-13 19:25:00,spread_reduced,Pseudo,-0.010100704019078144
AUDJPY,B,LONG,2023-01-13 18:45:00,2023-01-13 19:25:00,spread_reduced,Pseudo,-0.0652763447364461
USDJPY,B,LONG,2023-01-15 23:15:00,2023-01-15 23:50:00,spread_reduced,Pseudo,-0.13589707831188996
EURJPY,B,LONG,2023-01-15 23:15:00,2023-01-15 23:50:00,spread_reduced,Pseudo,-0.09067223778499076
AUDJPY,B,LONG,2023-01-15 23:15:00,2023-01-15 23:50:00,spread_reduced,Pseudo,-0.003594298592794291
USDJPY,B,LONG,2023-01-16 00:40:00,2023-01-16 00:50:00,stop,Pseudo,-0.7079469733074495
EURJPY,B,LONG,2023-01-16 00:40:00,2023-01-16 00:50:00,stop,Pseudo,-0.5680933929147851
AUDJPY,B,LONG,2023-01-16 00:40:00,2023-01-16 00:50:00,stop,Pseudo,-0.5637882734676655
USDJPY,B,SHORT,2023-01-16 01:10:00,2023-01-16 01:45:00,spread_reduced,Real,0.48964611235013944
EURJPY,B,SHORT,2023-01-16 01:10:00,2023-01-16 01:45:00,spread_reduced,Neither,0.015146145162551566
AUDJPY,B,SHORT,2023-01-16 01:10:00,2023-01-16 01:45:00,spread_reduced,Neither,-0.03532219104214936
USDJPY,B,LONG,2023-01-16 01:50:00,2023-01-16 02:25:00,stop,Pseudo,-1.0000051775772567
EURJPY,B,LONG,2023-01-16 01:50:00,2023-01-16 02:25:00,stop,Pseudo,-0.6192075926971427
AUDJPY,B,LONG,2023-01-16 01:50:00,2023-01-16 02:25:00,spread_reduced,Pseudo,-0.3483112316488383
USDJPY,B,SHORT,2023-01-16 02:25:00,2023-01-16 03:15:00,spread_reduced,Real,-0.1575672633596555
EURJPY,B,SHORT,2023-01-16 02:25:00,2023-01-16 03:15:00,spread_reduced,Real,0.09341401340009123
AUDJPY,B,SHORT,2023-01-16 02:25:00,2023-01-16 03:15:00,spread_reduced,Pseudo,0.16239348440882928
USDJPY,B,LONG,2023-01-16 06:40:00,2023-01-16 07:10:00,spread_reduced,Pseudo,-0.21392644152296025
EURJPY,B,LONG,2023-01-16 06:40:00,2023-01-16 07:10:00,spread_reduced,Pseudo,-0.2753583456909977
AUDJPY,B,LONG,2023-01-16 06:40:00,2023-01-16 07:10:00,spread_reduced,Pseudo,-0.05770549469696906
AUDJPY,B,LONG,2023-01-16 08:10:00,2023-01-16 08:35:00,stop,Pseudo,-0.5565855874664443
USDJPY,B,LONG,2023-01-16 08:10:00,2023-01-16 08:40:00,spread_reduced,Pseudo,0.06427733913350053
EURJPY,B,LONG,2023-01-16 08:10:00,2023-01-16 08:40:00,spread_reduced,Pseudo,-0.03767830199918887
USDJPY,B,SHORT,2023-01-16 11:25:00,2023-01-16 11:50:00,spread_reduced,Neither,-0.20990273667635212
EURJPY,B,SHORT,2023-01-16 11:25:00,2023-01-16 11:50:00,spread_reduced,Real,-0.04971745944715167
AUDJPY,B,SHORT,2023-01-16 11:25:00,2023-01-16 11:50:00,spread_reduced,Real,-0.18272119841837114
USDJPY,B,SHORT,2023-01-16 23:10:00,2023-01-16 23:35:00,spread_reduced,Pseudo,-0.042135489403942
EURJPY,B,SHORT,2023-01-16 23:10:00,2023-01-16 23:35:00,spread_reduced,Both,-0.17936907269951638
AUDJPY,B,SHORT,2023-01-16 23:10:00,2023-01-16 23:35:00,spread_reduced,Pseudo,-0.36782176947188405
USDJPY,B,LONG,2023-01-17 00:15:00,2023-01-17 00:45:00,spread_reduced,Both,0.12786707497876768
EURJPY,B,LONG,2023-01-17 00:15:00,2023-01-17 00:45:00,spread_reduced,Pseudo,-0.07117040772893399
AUDJPY,B,LONG,2023-01-17 00:15:00,2023-01-17 00:45:00,spread_reduced,Pseudo,-0.14688218969268382
AUDJPY,B,LONG,2023-01-17 01:20:00,2023-01-17 01:50:00,spread_reduced,Pseudo,-0.25805971192364535
USDJPY,B,LONG,2023-01-17 01:30:00,2023-01-17 01:50:00,spread_reduced,Pseudo,0.07709240976853475
EURJPY,B,LONG,2023-01-17 01:30:00,2023-01-17 01:50:00,spread_reduced,Pseudo,-0.00531559907664588
USDJPY,B,SHORT,2023-01-17 08:00:00,2023-01-17 09:00:00,spread_reduced,Pseudo,0.04094603998002396
EURJPY,B,SHORT,2023-01-17 08:00:00,2023-01-17 09:00:00,spread_reduced,Pseudo,0.1850421991768103
AUDJPY,B,SHORT,2023-01-17 08:00:00,2023-01-17 09:00:00,spread_reduced,Pseudo,0.3573958540084021
USDJPY,B,LONG,2023-01-17 09:20:00,2023-01-17 09:50:00,spread_reduced,Pseudo,-0.10021701966297
EURJPY,B,LONG,2023-01-17 09:20:00,2023-01-17 09:50:00,spread_reduced,Pseudo,-0.15007356359912166
AUDJPY,B,LONG,2023-01-17 09:20:00,2023-01-17 09:50:00,spread_reduced,Pseudo,-0.16182157688878393
USDJPY,B,SHORT,2023-01-17 12:35:00,2023-01-17 12:50:00,stop,Pseudo,-0.502885753410176
EURJPY,B,SHORT,2023-01-17 12:35:00,2023-01-17 12:55:00,stop,Pseudo,-0.7104202542987567
AUDJPY,B,SHORT,2023-01-17 12:35:00,2023-01-17 13:00:00,spread_reduced,Real,-0.2330631266249661
USDJPY,B,SHORT,2023-01-17 15:55:00,2023-01-17 16:30:00,spread_reduced,Pseudo,-0.27627455457612804
EURJPY,B,SHORT,2023-01-17 15:55:00,2023-01-17 16:30:00,spread_reduced,Both,-0.1293030501017256
AUDJPY,B,SHORT,2023-01-17 15:55:00,2023-01-17 16:30:00,spread_reduced,Pseudo,-0.06504138180507546
USDJPY,B,LONG,2023-01-18 00:40:00,2023-01-18 01:35:00,spread_reduced,Pseudo,0.38163334537166804
EURJPY,B,LONG,2023-01-18 00:40:00,2023-01-18 01:35:00,spread_reduced,Pseudo,0.3393790622732151
AUDJPY,B,LONG,2023-01-18 00:40:00,2023-01-18 01:35:00,spread_reduced,Pseudo,0.39139450423752997
USDJPY,B,SHORT,2023-01-18 02:00:00,2023-01-18 02:40:00,stop,Pseudo,-4.504591419997039
EURJPY,B,SHORT,2023-01-18 02:00:00,2023-01-18 02:40:00,stop,Pseudo,-4.247782595068639
AUDJPY,B,SHORT,2023-01-18 02:00:00,2023-01-18 02:40:00,stop,Pseudo,-4.199650517980288
USDJPY,B,LONG,2023-01-18 02:40:00,2023-01-18 05:05:00,spread_reduced,Both,3.1301094400087623
EURJPY,B,LONG,2023-01-18 02:40:00,2023-01-18 05:05:00,spread_reduced,Pseudo,2.5820587428022623
AUDJPY,B,LONG,2023-01-18 02:40:00,2023-01-18 05:05:00,spread_reduced,Pseudo,3.0758894228992695
USDJPY,B,SHORT,2023-01-18 05:25:00,2023-01-18 06:20:00,spread_reduced,Pseudo,1.2033838982609124
EURJPY,B,SHORT,2023-01-18 05:25:00,2023-01-18 06:20:00,spread_reduced,Pseudo,0.6573213689200497
AUDJPY,B,SHORT,2023-01-18 05:25:00,2023-01-18 06:20:00,spread_reduced,Pseudo,0.3124081534908729
USDJPY,B,LONG,2023-01-18 06:30:00,2023-01-18 06:55:00,stop,Pseudo,-0.6152491567615511
EURJPY,B,LONG,2023-01-18 06:30:00,2023-01-18 06:55:00,spread_reduced,Pseudo,-0.4290189685240975
AUDJPY,B,LONG,2023-01-18 06:30:00,2023-01-18 06:55:00,spread_reduced,Pseudo,0.008794707242983554
EURJPY,B,SHORT,2023-01-18 07:35:00,2023-01-18 07:40:00,stop,Pseudo,-0.6183404300329858
USDJPY,B,SHORT,2023-01-18 07:35:00,2023-01-18 07:45:00,stop,Pseudo,-0.6186019230562205
AUDJPY,B,SHORT,2023-01-18 07:35:00,2023-01-18 08:05:00,spread_reduced,Pseudo,-0.04945638306227037
USDJPY,B,SHORT,2023-01-18 07:50:00,2023-01-18 08:05:00,spread_reduced,Pseudo,-0.017234736873798322
EURJPY,B,SHORT,2023-01-18 07:50:00,2023-01-18 08:05:00,spread_reduced,Pseudo,-0.0679763110560394
USDJPY,B,SHORT,2023-01-18 08:15:00,2023-01-18 09:15:00,spread_reduced,Real,0.025099429684871666
EURJPY,B,SHORT,2023-01-18 08:15:00,2023-01-18 09:15:00,spread_reduced,Pseudo,-0.13087148806034676
AUDJPY,B,SHORT,2023-01-18 08:15:00,2023-01-18 09:15:00,spread_reduced,Pseudo,0.6499667513975756
AUDJPY,B,SHORT,2023-01-18 09:30:00,2023-01-18 09:45:00,stop,Pseudo,-0.5195491997060191
EURJPY,B,SHORT,2023-01-18 09:30:00,2023-01-18 09:55:00,stop,Pseudo,-0.6987881682502344
USDJPY,B,SHORT,2023-01-18 09:30:00,2023-01-18 10:00:00,spread_reduced,Pseudo,-0.45174107249364626
AUDJPY,B,SHORT,2023-01-18 09:50:00,2023-01-18 10:00:00,spread_reduced,Real,-0.036847293057788263
USDJPY,B,LONG,2023-01-18 10:00:00,2023-01-18 10:15:00,spread_reduced,Pseudo,-0.3056672892987796
USDJPY,B,SHORT,2023-01-18 10:25:00,2023-01-18 11:10:00,spread_reduced,Pseudo,0.1862905036407921
EURJPY,B,SHORT,2023-01-18 10:25:00,2023-01-18 11:10:00,spread_reduced,Pseudo,0.5027657867520501
AUDJPY,B,SHORT,2023-01-18 10:25:00,2023-01-18 11:10:00,spread_reduced,Pseudo,-0.40253817464774855
USDJPY,B,SHORT,2023-01-18 11:50:00,2023-01-18 12:35:00,stop,Pseudo,-0.6261022183852532
EURJPY,B,SHORT,2023-01-18 11:50:00,2023-01-18 12:35:00,spread_reduced,Pseudo,-0.4660690319301756
AUDJPY,B,SHORT,2023-01-18 11:50:00,2023-01-18 12:35:00,spread_reduced,Pseudo,-0.423452276657151
EURJPY,B,LONG,2023-01-18 12:50:00,2023-01-18 13:05:00,spread_reduced,Real,-0.18766526080367849
AUDJPY,B,LONG,2023-01-18 12:50:00,2023-01-18 13:05:00,spread_reduced,Real,-0.2352437755490285
USDJPY,B,SHORT,2023-01-18 13:25:00,2023-01-18 14:30:00,spread_reduced,Pseudo,2.251852448859356
EURJPY,B,SHORT,2023-01-18 13:25:00,2023-01-18 14:30:00,spread_reduced,Pseudo,1.2211071940108806
AUDJPY,B,SHORT,2023-01-18 13:25:00,2023-01-18 14:30:00,spread_reduced,Pseudo,1.3469492192578945
USDJPY,B,LONG,2023-01-18 14:55:00,2023-01-18 15:05:00,spread_reduced,Pseudo,0.23879870856909532
EURJPY,B,LONG,2023-01-18 14:55:00,2023-01-18 15:05:00,spread_reduced,Pseudo,-0.13102528967416188
AUDJPY,B,LONG,2023-01-18 14:55:00,2023-01-18 15:05:00,spread_reduced,Pseudo,-0.2897990688367491
USDJPY,B,SHORT,2023-01-18 15:30:00,2023-01-18 15:35:00,stop,Pseudo,-0.703047654395735
EURJPY,B,SHORT,2023-01-18 15:30:00,2023-01-18 15:40:00,spread_reduced,Pseudo,-0.32663831482919
AUDJPY,B,SHORT,2023-01-18 15:30:00,2023-01-18 15:40:00,spread_reduced,Real,-0.15899679695619007
USDJPY,B,SHORT,2023-01-18 16:05:00,2023-01-18 16:20:00,stop,Pseudo,-0.6217078070687906
EURJPY,B,SHORT,2023-01-18 16:05:00,2023-01-18 16:35:00,spread_reduced,Real,-0.22965088805992906
AUDJPY,B,SHORT,2023-01-18 16:05:00,2023-01-18 16:35:00,spread_reduced,Real,0.4429722208895148
USDJPY,B,SHORT,2023-01-18 18:15:00,2023-01-18 18:45:00,spread_reduced,Real,0.0020312935430736685
EURJPY,B,SHORT,2023-01-18 18:15:00,2023-01-18 18:45:00,spread_reduced,Real,-0.06170376744729644
AUDJPY,B,SHORT,2023-01-18 18:15:00,2023-01-18 18:45:00,spread_reduced,Real,-0.024122992992851405
USDJPY,B,SHORT,2023-01-18 23:20:00,2023-01-18 23:45:00,spread_reduced,Pseudo,-0.31056362228591244
EURJPY,B,SHORT,2023-01-18 23:20:00,2023-01-18 23:45:00,spread_reduced,Pseudo,-0.40423365617744034
AUDJPY,B,SHORT,2023-01-18 23:20:00,2023-01-18 23:45:00,spread_reduced,Pseudo,-0.278144848551228
USDJPY,B,SHORT,2023-01-19 00:10:00,2023-01-19 01:20:00,spread_reduced,Pseudo,-0.0693591053685753
EURJPY,B,SHORT,2023-01-19 00:10:00,2023-01-19 01:20:00,spread_reduced,Pseudo,0.15824666603203585
AUDJPY,B,SHORT,2023-01-19 00:10:00,2023-01-19 01:20:00,spread_reduced,Pseudo,1.4452217233733577
AUDJPY,B,LONG,2023-01-19 01:45:00,2023-01-19 01:50:00,stop,Pseudo,-0.5905413763615346
USDJPY,B,LONG,2023-01-19 01:45:00,2023-01-19 02:10:00,spread_reduced,Real,-0.08735460734691596
EURJPY,B,LONG,2023-01-19 01:45:00,2023-01-19 02:10:00,spread_reduced,Both,-0.18544675379924178
USDJPY,B,SHORT,2023-01-19 04:05:00,2023-01-19 04:40:00,spread_reduced,Pseudo,0.10347977175798977
EURJPY,B,SHORT,2023-01-19 04:05:00,2023-01-19 04:40:00,spread_reduced,Pseudo,0.3017260314593928
AUDJPY,B,SHORT,2023-01-19 04:05:00,2023-01-19 04:40:00,spread_reduced,Pseudo,0.12647230324517683
USDJPY,B,SHORT,2023-01-19 05:10:00,2023-01-19 05:50:00,spread_reduced,Pseudo,-0.0044445037044778726
EURJPY,B,SHORT,2023-01-19 05:10:00,2023-01-19 05:50:00,spread_reduced,Pseudo,-0.03665898707609176
AUDJPY,B,SHORT,2023-01-19 05:10:00,2023-01-19 05:50:00,spread_reduced,Pseudo,0.23815260659520998
USDJPY,B,LONG,2023-01-19 08:10:00,2023-01-19 08:30:00,spread_reduced,Real,-0.14867454323012436
EURJPY,B,LONG,2023-01-19 08:10:00,2023-01-19 08:30:00,spread_reduced,Both,-0.2826325310828123
AUDJPY,B,LONG,2023-01-19 08:10:00,2023-01-19 08:30:00,stop,Pseudo,-0.5570612846323986
USDJPY,B,SHORT,2023-01-19 12:30:00,2023-01-19 12:50:00,stop,Pseudo,-0.5288605297724125
EURJPY,B,SHORT,2023-01-19 12:30:00,2023-01-19 12:50:00,spread_reduced,Real,-0.1468202038833096
AUDJPY,B,SHORT,2023-01-19 12:30:00,2023-01-19 12:50:00,spread_reduced,Real,-0.027976892616280818
USDJPY,B,SHORT,2023-01-19 15:45:00,2023-01-19 16:10:00,spread_reduced,Real,-0.14975643151819246
EURJPY,B,SHORT,2023-01-19 15:45:00,2023-01-19 16:10:00,spread_reduced,Pseudo,-0.37088473507955005
AUDJPY,B,SHORT,2023-01-19 15:45:00,2023-01-19 16:10:00,spread_reduced,Pseudo,-0.4515676202968925
USDJPY,B,LONG,2023-01-19 17:10:00,2023-01-19 17:55:00,spread_reduced,Pseudo,0.07724401997721841
EURJPY,B,LONG,2023-01-19 17:10:00,2023-01-19 17:55:00,spread_reduced,Real,-0.08079466678186562
AUDJPY,B,LONG,2023-01-19 17:10:00,2023-01-19 17:55:00,spread_reduced,Real,-0.012908226179201659
USDJPY,B,LONG,2023-01-20 00:20:00,2023-01-20 00:45:00,spread_reduced,Real,0.04869413886613809
EURJPY,B,LONG,2023-01-20 00:20:00,2023-01-20 00:45:00,spread_reduced,Pseudo,-0.19782511929766766
AUDJPY,B,LONG,2023-01-20 00:20:00,2023-01-20 00:45:00,spread_reduced,Real,-0.3612837200500282
USDJPY,B,LONG,2023-01-20 01:35:00,2023-01-20 02:35:00,spread_reduced,Real,0.03308696793887419
EURJPY,B,LONG,2023-01-20 01:35:00,2023-01-20 02:35:00,spread_reduced,Real,0.06990480071578098
AUDJPY,B,LONG,2023-01-20 01:35:00,2023-01-20 02:35:00,spread_reduced,Pseudo,0.5859651018631507
USDJPY,B,LONG,2023-01-20 05:05:00,2023-01-20 06:00:00,spread_reduced,Pseudo,-0.13090671355716252
EURJPY,B,LONG,2023-01-20 05:05:00,2023-01-20 06:00:00,spread_reduced,Pseudo,0.07331113277975199
AUDJPY,B,LONG,2023-01-20 05:05:00,2023-01-20 06:00:00,spread_reduced,Pseudo,0.2538455526686819
USDJPY,B,SHORT,2023-01-20 07:20:00,2023-01-20 07:45:00,spread_reduced,Real,-0.22568381550465885
EURJPY,B,SHORT,2023-01-20 07:20:00,2023-01-20 07:45:00,spread_reduced,Real,-0.2988818562711012
AUDJPY,B,SHORT,2023-01-20 07:20:00,2023-01-20 07:45:00,spread_reduced,Pseudo,-0.2628791089541357
USDJPY,B,LONG,2023-01-20 08:55:00,2023-01-20 09:35:00,spread_reduced,Pseudo,0.3502266735047055
EURJPY,B,LONG,2023-01-20 08:55:00,2023-01-20 09:35:00,spread_reduced,Pseudo,0.34204319225568847
AUDJPY,B,LONG,2023-01-20 08:55:00,2023-01-20 09:35:00,spread_reduced,Pseudo,0.6041428956227909
EURJPY,B,LONG,2023-01-20 10:15:00,2023-01-20 11:15:00,spread_reduced,Pseudo,-0.18217188216536803
AUDJPY,B,LONG,2023-01-20 10:15:00,2023-01-20 11:15:00,spread_reduced,Pseudo,-0.1112732211483077
USDJPY,B,LONG,2023-01-20 11:45:00,2023-01-20 12:00:00,spread_reduced,Real,0.11232087461099383
EURJPY,B,LONG,2023-01-20 11:45:00,2023-01-20 12:00:00,spread_reduced,Pseudo,-0.0989581490668338
AUDJPY,B,LONG,2023-01-20 11:45:00,2023-01-20 12:00:00,spread_reduced,Pseudo,-0.28906663906843233
USDJPY,B,LONG,2023-01-20 12:30:00,2023-01-20 13:00:00,spread_reduced,Neither,-0.3730110640759454
EURJPY,B,LONG,2023-01-20 12:30:00,2023-01-20 13:00:00,spread_reduced,Real,-0.20527975387226358
AUDJPY,B,LONG,2023-01-20 12:30:00,2023-01-20 13:00:00,spread_reduced,Real,0.28845236499212373
USDJPY,B,LONG,2023-01-20 13:45:00,2023-01-20 14:25:00,spread_reduced,Pseudo,-0.31236296417965403
EURJPY,B,LONG,2023-01-20 13:45:00,2023-01-20 14:25:00,spread_reduced,Pseudo,-0.31254721917354605
AUDJPY,B,LONG,2023-01-20 13:45:00,2023-01-20 14:25:00,spread_reduced,Both,0.6777554334899498
USDJPY,B,SHORT,2023-01-20 14:35:00,2023-01-20 15:05:00,spread_reduced,Real,0.11840772880707581
EURJPY,B,SHORT,2023-01-20 14:35:00,2023-01-20 15:05:00,spread_reduced,Pseudo,-0.4882726772030832
AUDJPY,B,SHORT,2023-01-20 14:35:00,2023-01-20 15:05:00,stop,Pseudo,-0.6762689338965326
USDJPY,B,SHORT,2023-01-20 15:30:00,2023-01-20 15:45:00,stop,Pseudo,-0.540111567394271
EURJPY,B,SHORT,2023-01-20 15:30:00,2023-01-20 16:00:00,spread_reduced,Real,-0.13808426278501726
AUDJPY,B,SHORT,2023-01-20 15:30:00,2023-01-20 16:00:00,spread_reduced,Real,0.07930729700026766
USDJPY,B,SHORT,2023-01-22 23:30:00,2023-01-22 23:50:00,spread_reduced,Real,-0.16296137266672933
EURJPY,B,SHORT,2023-01-22 23:30:00,2023-01-22 23:50:00,spread_reduced,Real,-0.04211776766075796
AUDJPY,B,SHORT,2023-01-22 23:30:00,2023-01-22 23:50:00,spread_reduced,Real,-0.3731283540690337
USDJPY,B,SHORT,2023-01-23 01:15:00,2023-01-23 01:30:00,spread_reduced,Real,-0.15674842257951127
USDJPY,B,LONG,2023-01-23 04:10:00,2023-01-23 04:50:00,spread_reduced,Pseudo,0.09334450981072588
EURJPY,B,LONG,2023-01-23 04:10:00,2023-01-23 04:50:00,spread_reduced,Pseudo,0.033595387331978685
AUDJPY,B,LONG,2023-01-23 04:10:00,2023-01-23 04:50:00,spread_reduced,Pseudo,0.08470728838664658
USDJPY,B,LONG,2023-01-23 06:40:00,2023-01-23 07:10:00,spread_reduced,Real,-0.27468335993456144
EURJPY,B,LONG,2023-01-23 06:40:00,2023-01-23 07:10:00,spread_reduced,Real,0.1850602967513974
AUDJPY,B,LONG,2023-01-23 06:40:00,2023-01-23 07:10:00,spread_reduced,Real,0.053087192029159055
EURJPY,B,SHORT,2023-01-23 08:20:00,2023-01-23 09:05:00,spread_reduced,Pseudo,0.2076778814894172
AUDJPY,B,SHORT,2023-01-23 08:20:00,2023-01-23 09:05:00,stop,Pseudo,-0.5453195610759151
USDJPY,B,SHORT,2023-01-23 08:35:00,2023-01-23 09:05:00,spread_reduced,Pseudo,-0.17653222963468868
USDJPY,B,LONG,2023-01-23 15:55:00,2023-01-23 16:25:00,spread_reduced,Real,0.04659689202897906
EURJPY,B,LONG,2023-01-23 15:55:00,2023-01-23 16:25:00,spread_reduced,Real,0.09677582578023389
AUDJPY,B,LONG,2023-01-23 15:55:00,2023-01-23 16:25:00,spread_reduced,Pseudo,-0.2035696624773653
USDJPY,B,SHORT,2023-01-24 00:30:00,2023-01-24 01:10:00,spread_reduced,Both,0.32776376601547275
EURJPY,B,SHORT,2023-01-24 00:30:00,2023-01-24 01:10:00,spread_reduced,Pseudo,0.24372869294423766
AUDJPY,B,SHORT,2023-01-24 00:30:00,2023-01-24 01:10:00,spread_reduced,Pseudo,0.07784882798271091
USDJPY,B,LONG,2023-01-24 02:30:00,2023-01-24 02:55:00,spread_reduced,Real,-0.20000817245990898
EURJPY,B,LONG,2023-01-24 02:30:00,2023-01-24 02:55:00,spread_reduced,Real,-0.18986641845889868
AUDJPY,B,LONG,2023-01-24 02:30:00,2023-01-24 02:55:00,spread_reduced,Real,-0.29438736891148254
USDJPY,B,SHORT,2023-01-24 04:25:00,2023-01-24 04:50:00,spread_reduced,Real,-0.17339940361734327
EURJPY,B,SHORT,2023-01-24 04:25:00,2023-01-24 04:50:00,spread_reduced,Real,-0.24200099953016382
AUDJPY,B,SHORT,2023-01-24 04:25:00,2023-01-24 04:50:00,spread_reduced,Pseudo,-0.37370785722819677
USDJPY,B,SHORT,2023-01-24 07:35:00,2023-01-24 08:00:00,spread_reduced,Pseudo,-0.3447790460190022
EURJPY,B,SHORT,2023-01-24 07:35:00,2023-01-24 08:00:00,spread_reduced,Pseudo,-0.21164690239886913
AUDJPY,B,SHORT,2023-01-24 07:35:00,2023-01-24 08:00:00,spread_reduced,Pseudo,0.1127696953905355
USDJPY,B,SHORT,2023-01-24 09:45:00,2023-01-24 10:30:00,spread_reduced,Real,0.17217524419925007
EURJPY,B,SHORT,2023-01-24 09:45:00,2023-01-24 10:30:00,spread_reduced,Real,0.035874974725347286
AUDJPY,B,SHORT,2023-01-24 09:45:00,2023-01-24 10:30:00,spread_reduced,Neither,0.14936799005323595
USDJPY,B,LONG,2023-01-24 14:45:00,2023-01-24 15:20:00,spread_reduced,Pseudo,-0.48126232678373054
EURJPY,B,LONG,2023-01-24 14:45:00,2023-01-24 15:20:00,stop,Pseudo,-0.681529337552204
AUDJPY,B,LONG,2023-01-24 14:45:00,2023-01-24 15:20:00,spread_reduced,Both,0.4085316490846462
USDJPY,B,SHORT,2023-01-24 15:20:00,2023-01-24 16:40:00,spread_reduced,Pseudo,1.2876514644393582
EURJPY,B,SHORT,2023-01-24 15:20:00,2023-01-24 16:40:00,spread_reduced,Real,0.6862486501436615
AUDJPY,B,SHORT,2023-01-24 15:20:00,2023-01-24 16:40:00,spread_reduced,Real,0.9906295967058536
USDJPY,B,SHORT,2023-01-24 23:10:00,2023-01-24 23:35:00,spread_reduced,Real,-0.1402596506739536
EURJPY,B,SHORT,2023-01-24 23:10:00,2023-01-24 23:35:00,spread_reduced,Real,-0.12428381135835369
AUDJPY,B,SHORT,2023-01-24 23:10:00,2023-01-24 23:35:00,spread_reduced,Real,-0.1824434845424013
USDJPY,B,LONG,2023-01-25 00:05:00,2023-01-25 00:25:00,spread_reduced,Pseudo,0.028797089652939555
EURJPY,B,LONG,2023-01-25 00:05:00,2023-01-25 00:25:00,spread_reduced,Pseudo,-0.04651252792449897
AUDJPY,B,LONG,2023-01-25 00:05:00,2023-01-25 00:25:00,spread_reduced,Pseudo,-0.24541879562889335
USDJPY,B,LONG,2023-01-25 00:30:00,2023-01-25 01:00:00,spread_reduced,Pseudo,-0.4657753705955189
EURJPY,B,LONG,2023-01-25 00:30:00,2023-01-25 01:00:00,spread_reduced,Pseudo,-0.3610574595174591
AUDJPY,B,LONG,2023-01-25 00:30:00,2023-01-25 01:00:00,spread_reduced,Real,0.4534487549195573
USDJPY,B,SHORT,2023-01-25 09:05:00,2023-01-25 10:25:00,spread_reduced,Both,0.4464187128745782
EURJPY,B,SHORT,2023-01-25 09:05:00,2023-01-25 10:25:00,spread_reduced,Both,0.4446951653876245
AUDJPY,B,SHORT,2023-01-25 09:05:00,2023-01-25 10:25:00,spread_reduced,Pseudo,0.7655516351572356
USDJPY,B,SHORT,2023-01-25 11:10:00,2023-01-25 11:45:00,spread_reduced,Both,0.06619641063769037
EURJPY,B,SHORT,2023-01-25 11:10:00,2023-01-25 11:45:00,spread_reduced,Pseudo,0.10573856222580633
AUDJPY,B,SHORT,2023-01-25 11:10:00,2023-01-25 11:45:00,spread_reduced,Pseudo,0.18455636985736934
USDJPY,B,LONG,2023-01-25 13:20:00,2023-01-25 13:35:00,spread_reduced,Pseudo,-0.10582139421733139
EURJPY,B,LONG,2023-01-25 13:20:00,2023-01-25 13:35:00,spread_reduced,Pseudo,-0.26485833458778085
AUDJPY,B,LONG,2023-01-25 13:20:00,2023-01-25 13:35:00,stop,Pseudo,-0.6403688214243013
USDJPY,B,SHORT,2023-01-25 14:30:00,2023-01-25 14:35:00,spread_reduced,Pseudo,-0.16894532322808686
EURJPY,B,SHORT,2023-01-25 14:30:00,2023-01-25 14:35:00,spread_reduced,Pseudo,-0.21317808666935595
AUDJPY,B,SHORT,2023-01-25 14:30:00,2023-01-25 14:35:00,stop,Pseudo,-0.5093477477829585
USDJPY,B,LONG,2023-01-25 14:50:00,2023-01-25 15:00:00,stop,Pseudo,-0.6789469490922073
EURJPY,B,LONG,2023-01-25 14:50:00,2023-01-25 15:05:00,spread_reduced,Real,-0.166899887482234
USDJPY,B,SHORT,2023-01-25 15:15:00,2023-01-25 15:35:00,stop,Pseudo,-0.5715252197952363
EURJPY,B,SHORT,2023-01-25 15:15:00,2023-01-25 15:45:00,spread_reduced,Pseudo,-0.4884795957681062
AUDJPY,B,SHORT,2023-01-25 15:15:00,2023-01-25 15:45:00,stop,Pseudo,-0.6031088184215901
USDJPY,B,LONG,2023-01-25 16:00:00,2023-01-25 16:45:00,spread_reduced,Pseudo,-0.26244086821799095
EURJPY,B,LONG,2023-01-25 16:00:00,2023-01-25 16:45:00,spread_reduced,Pseudo,-0.3365277239386992
AUDJPY,B,LONG,2023-01-25 16:00:00,2023-01-25 16:45:00,spread_reduced,Pseudo,-0.1655068128067298
USDJPY,B,SHORT,2023-01-26 01:15:00,2023-01-26 01:45:00,spread_reduced,Pseudo,0.09488218215691901
EURJPY,B,SHORT,2023-01-26 01:15:00,2023-01-26 01:45:00,spread_reduced,Pseudo,-0.18390735770605166
AUDJPY,B,SHORT,2023-01-26 01:15:00,2023-01-26 01:45:00,spread_reduced,Pseudo,-0.4766737736909092
USDJPY,B,SHORT,2023-01-26 04:20:00,2023-01-26 04:40:00,spread_reduced,Pseudo,-0.4048300742443741
EURJPY,B,SHORT,2023-01-26 04:20:00,2023-01-26 04:40:00,spread_reduced,Pseudo,-0.3389672062686552
AUDJPY,B,SHORT,2023-01-26 04:20:00,2023-01-26 04:40:00,spread_reduced,Pseudo,-0.4429462734858447
USDJPY,B,LONG,2023-01-26 04:50:00,2023-01-26 05:45:00,spread_reduced,Real,0.30367659758590015
EURJPY,B,LONG,2023-01-26 04:50:00,2023-01-26 05:45:00,spread_reduced,Pseudo,0.18243103604298483
AUDJPY,B,LONG,2023-01-26 04:50:00,2023-01-26 05:45:00,spread_reduced,Pseudo,0.028590766385431603
USDJPY,B,LONG,2023-01-26 07:15:00,2023-01-26 07:45:00,spread_reduced,Pseudo,-0.44135939859191176
EURJPY,B,LONG,2023-01-26 07:15:00,2023-01-26 07:45:00,spread_reduced,Pseudo,-0.3186341024133954
AUDJPY,B,LONG,2023-01-26 07:15:00,2023-01-26 07:45:00,spread_reduced,Pseudo,0.01951429487186592
USDJPY,B,LONG,2023-01-26 08:10:00,2023-01-26 08:35:00,spread_reduced,Pseudo,-0.3088860036065677
EURJPY,B,LONG,2023-01-26 08:10:00,2023-01-26 08:35:00,spread_reduced,Real,-0.3359482642821451
AUDJPY,B,LONG,2023-01-26 08:10:00,2023-01-26 08:35:00,spread_reduced,Pseudo,-0.4136367944898023
USDJPY,B,LONG,2023-01-26 13:40:00,2023-01-26 14:00:00,stop,Pseudo,-0.6480725820618243
EURJPY,B,LONG,2023-01-26 13:40:00,2023-01-26 14:45:00,spread_reduced,Real,0.4841874736769558
AUDJPY,B,LONG,2023-01-26 13:40:00,2023-01-26 14:45:00,spread_reduced,Real,0.35979423918723147
USDJPY,B,LONG,2023-01-26 14:15:00,2023-01-26 14:45:00,spread_reduced,Real,0.6956620684416641
AUDJPY,B,SHORT,2023-01-27 00:50:00,2023-01-27 00:55:00,stop,Pseudo,-0.5187903996655141
EURJPY,B,SHORT,2023-01-27 00:50:00,2023-01-27 01:05:00,stop,Neither,-0.6064751231877146
USDJPY,B,SHORT,2023-01-27 00:50:00,2023-01-27 01:20:00,stop,Neither,-0.646460966153543
USDJPY,B,LONG,2023-01-27 14:50:00,2023-01-27 15:20:00,spread_reduced,Real,0.031482418968812695
EURJPY,B,LONG,2023-01-27 14:50:00,2023-01-27 15:20:00,spread_reduced,Real,-0.06794308842117402
AUDJPY,B,LONG,2023-01-27 14:50:00,2023-01-27 15:20:00,spread_reduced,Pseudo,-0.27646058590809675
USDJPY,B,SHORT,2023-01-27 15:45:00,2023-01-27 16:10:00,spread_reduced,Real,0.06997156038435204
EURJPY,B,SHORT,2023-01-27 15:45:00,2023-01-27 16:10:00,spread_reduced,Pseudo,-0.18757150281441723
AUDJPY,B,SHORT,2023-01-27 15:45:00,2023-01-27 16:10:00,spread_reduced,Pseudo,-0.3585575154938514
USDJPY,B,LONG,2023-01-30 00:00:00,2023-01-30 00:35:00,spread_reduced,Pseudo,0.2162522384920133
EURJPY,B,LONG,2023-01-30 00:00:00,2023-01-30 00:35:00,spread_reduced,Pseudo,0.12323330882072862
AUDJPY,B,LONG,2023-01-30 00:00:00,2023-01-30 00:35:00,spread_reduced,Pseudo,0.24311767019713493
USDJPY,B,SHORT,2023-01-30 02:35:00,2023-01-30 03:10:00,spread_reduced,Pseudo,-0.1082193997571738
EURJPY,B,SHORT,2023-01-30 02:35:00,2023-01-30 03:10:00,spread_reduced,Pseudo,-0.08909097519412454
AUDJPY,B,SHORT,2023-01-30 02:35:00,2023-01-30 03:10:00,spread_reduced,Pseudo,0.20365158605003172
USDJPY,B,SHORT,2023-01-30 03:55:00,2023-01-30 04:40:00,spread_reduced,Neither,1.098868427360622
EURJPY,B,SHORT,2023-01-30 03:55:00,2023-01-30 04:40:00,spread_reduced,Neither,0.8799099079602376
AUDJPY,B,SHORT,2023-01-30 03:55:00,2023-01-30 04:40:00,spread_reduced,Real,1.010005379618336
USDJPY,B,LONG,2023-01-30 05:40:00,2023-01-30 05:55:00,spread_reduced,Real,-0.1509354658423649
EURJPY,B,LONG,2023-01-30 05:40:00,2023-01-30 05:55:00,spread_reduced,Real,-0.0597706576487278
AUDJPY,B,LONG,2023-01-30 05:40:00,2023-01-30 05:55:00,spread_reduced,Real,-0.14902932929239388
USDJPY,B,SHORT,2023-01-30 06:15:00,2023-01-30 06:40:00,spread_reduced,Pseudo,-0.1794432019856333
EURJPY,B,SHORT,2023-01-30 06:15:00,2023-01-30 06:40:00,spread_reduced,Pseudo,-0.16882895224901162
AUDJPY,B,SHORT,2023-01-30 06:15:00,2023-01-30 06:40:00,spread_reduced,Pseudo,-0.25453858821578024
USDJPY,B,SHORT,2023-01-30 07:20:00,2023-01-30 07:40:00,spread_reduced,Pseudo,-0.29666313014975465
EURJPY,B,SHORT,2023-01-30 07:20:00,2023-01-30 07:40:00,spread_reduced,Pseudo,-0.29939606798867757
AUDJPY,B,SHORT,2023-01-30 07:20:00,2023-01-30 07:40:00,spread_reduced,Both,-0.4458953660674651
USDJPY,B,LONG,2023-01-30 08:00:00,2023-01-30 09:15:00,spread_reduced,Pseudo,0.613216570611641
EURJPY,B,LONG,2023-01-30 08:00:00,2023-01-30 09:15:00,spread_reduced,Pseudo,1.0126566416573577
AUDJPY,B,LONG,2023-01-30 08:00:00,2023-01-30 09:15:00,spread_reduced,Pseudo,0.4059427726406106
USDJPY,B,SHORT,2023-01-31 05:55:00,2023-01-31 06:20:00,spread_reduced,Pseudo,-0.023647758488213693
EURJPY,B,SHORT,2023-01-31 05:55:00,2023-01-31 06:20:00,spread_reduced,Pseudo,-0.1341692772886353
AUDJPY,B,SHORT,2023-01-31 05:55:00,2023-01-31 06:20:00,spread_reduced,Pseudo,-0.207850316774764
EURJPY,B,SHORT,2023-01-31 08:10:00,2023-01-31 09:05:00,spread_reduced,Real,-0.31066123668913964
AUDJPY,B,SHORT,2023-01-31 08:10:00,2023-01-31 09:05:00,spread_reduced,Real,0.26948704921000066
USDJPY,B,LONG,2023-01-31 15:25:00,2023-01-31 15:40:00,stop,Pseudo,-0.5230140358728116
EURJPY,B,LONG,2023-01-31 15:25:00,2023-01-31 16:45:00,spread_reduced,Pseudo,0.5226268061631808
AUDJPY,B,LONG,2023-01-31 15:25:00,2023-01-31 16:45:00,spread_reduced,Pseudo,0.697249845652707
USDJPY,B,LONG,2023-01-31 15:45:00,2023-01-31 16:45:00,spread_reduced,Pseudo,0.3274939512717031
GBPJPY,B,SHORT,2023-02-01 00:50:00,2023-02-01 01:20:00,spread_reduced,Pseudo,-0.3375622931880429
AUDJPY,B,SHORT,2023-02-01 00:50:00,2023-02-01 01:20:00,spread_reduced,Pseudo,-0.29511889701986743
NZDJPY,B,SHORT,2023-02-01 00:50:00,2023-02-01 01:20:00,spread_reduced,Pseudo,-0.3929648333133399
GBPJPY,B,SHORT,2023-02-01 09:00:00,2023-02-01 09:35:00,spread_reduced,Pseudo,-0.0810806609172765
AUDJPY,B,SHORT,2023-02-01 09:00:00,2023-02-01 09:35:00,spread_reduced,Pseudo,-0.02573351183506508
NZDJPY,B,SHORT,2023-02-01 09:00:00,2023-02-01 09:35:00,spread_reduced,Pseudo,-0.15732380296558843
GBPJPY,B,SHORT,2023-02-01 13:45:00,2023-02-01 14:25:00,spread_reduced,Neither,0.05655220692383593
AUDJPY,B,SHORT,2023-02-01 13:45:00,2023-02-01 14:25:00,spread_reduced,Real,0.18678742837119344
NZDJPY,B,SHORT,2023-02-01 13:45:00,2023-02-01 14:25:00,spread_reduced,Real,0.1715455912773741
GBPJPY,B,SHORT,2023-02-01 15:30:00,2023-02-01 15:55:00,spread_reduced,Real,0.22083033756692405
AUDJPY,B,SHORT,2023-02-01 15:30:00,2023-02-01 15:55:00,spread_reduced,Pseudo,0.13635314070026272
NZDJPY,B,SHORT,2023-02-01 15:30:00,2023-02-01 15:55:00,spread_reduced,Pseudo,0.12414735695746397
GBPJPY,B,LONG,2023-02-01 19:00:00,2023-02-01 19:30:00,spread_reduced,Pseudo,-0.1262691176240338
AUDJPY,B,LONG,2023-02-01 19:00:00,2023-02-01 19:30:00,spread_reduced,Pseudo,-0.09676858870163083
NZDJPY,B,LONG,2023-02-01 19:00:00,2023-02-01 19:30:00,spread_reduced,Pseudo,-0.13791094368094856
AUDJPY,B,LONG,2023-02-01 20:05:00,2023-02-01 20:10:00,stop,Pseudo,-0.5824330317080555
GBPJPY,B,LONG,2023-02-01 20:05:00,2023-02-01 20:30:00,spread_reduced,Real,-0.37053987247796333
GBPJPY,B,SHORT,2023-02-02 00:10:00,2023-02-02 00:40:00,spread_reduced,Real,-0.14961931521773053
AUDJPY,B,SHORT,2023-02-02 00:10:00,2023-02-02 00:40:00,spread_reduced,Real,-0.08391143629123596
NZDJPY,B,SHORT,2023-02-02 00:10:00,2023-02-02 00:40:00,spread_reduced,Pseudo,-0.3906972278517144
GBPJPY,B,LONG,2023-02-02 00:55:00,2023-02-02 02:00:00,spread_reduced,Real,-0.03219758471824837
NZDJPY,B,LONG,2023-02-02 00:55:00,2023-02-02 02:00:00,spread_reduced,Real,0.26830476317270724
AUDJPY,B,LONG,2023-02-02 01:00:00,2023-02-02 02:00:00,spread_reduced,Pseudo,-0.08741252053660424
GBPJPY,B,SHORT,2023-02-02 10:30:00,2023-02-02 11:25:00,spread_reduced,Pseudo,0.17554454094400226
AUDJPY,B,SHORT,2023-02-02 10:30:00,2023-02-02 11:25:00,spread_reduced,Pseudo,0.16300469670860185
NZDJPY,B,SHORT,2023-02-02 10:30:00,2023-02-02 11:25:00,spread_reduced,Pseudo,-0.037842069619727546
GBPJPY,B,SHORT,2023-02-02 12:15:00,2023-02-02 13:05:00,spread_reduced,Pseudo,0.32604746270200236
AUDJPY,B,SHORT,2023-02-02 12:15:00,2023-02-02 13:05:00,spread_reduced,Pseudo,0.21426237409420218
NZDJPY,B,SHORT,2023-02-02 12:15:00,2023-02-02 13:05:00,spread_reduced,Pseudo,0.15511581954819054
GBPJPY,B,SHORT,2023-02-02 13:30:00,2023-02-02 13:45:00,spread_reduced,Pseudo,-0.14846604720516096
AUDJPY,B,SHORT,2023-02-02 13:30:00,2023-02-02 13:45:00,spread_reduced,Pseudo,-0.12235059805054682
NZDJPY,B,SHORT,2023-02-02 13:30:00,2023-02-02 13:45:00,spread_reduced,Pseudo,-0.21928484570787887
GBPJPY,B,SHORT,2023-02-03 00:20:00,2023-02-03 00:50:00,spread_reduced,Pseudo,-0.20863946887095253
AUDJPY,B,SHORT,2023-02-03 00:20:00,2023-02-03 00:50:00,spread_reduced,Pseudo,-0.3578819434497671
NZDJPY,B,SHORT,2023-02-03 00:20:00,2023-02-03 00:50:00,spread_reduced,Pseudo,-0.12205114212345455
GBPJPY,B,SHORT,2023-02-03 02:15:00,2023-02-03 03:30:00,spread_reduced,Real,0.1629461773037244
AUDJPY,B,SHORT,2023-02-03 02:15:00,2023-02-03 03:30:00,spread_reduced,Neither,-0.09202741774264982
NZDJPY,B,SHORT,2023-02-03 02:15:00,2023-02-03 03:30:00,spread_reduced,Real,0.32670596768924476
GBPJPY,B,LONG,2023-02-03 09:35:00,2023-02-03 10:05:00,spread_reduced,Pseudo,-0.11285711200270665
AUDJPY,B,LONG,2023-02-03 09:35:00,2023-02-03 10:05:00,spread_reduced,Pseudo,-0.2919930768536065
NZDJPY,B,LONG,2023-02-03 09:35:00,2023-02-03 10:05:00,spread_reduced,Pseudo,-0.0018912171315665915
NZDJPY,B,LONG,2023-02-03 13:30:00,2023-02-03 14:00:00,stop,Pseudo,-0.6371478145896411
GBPJPY,B,LONG,2023-02-03 13:30:00,2023-02-03 14:05:00,spread_reduced,Real,0.34657697517922104
AUDJPY,B,LONG,2023-02-03 13:30:00,2023-02-03 14:05:00,spread_reduced,Real,0.13040942916749584
GBPJPY,B,LONG,2023-02-03 14:20:00,2023-02-03 15:50:00,spread_reduced,Pseudo,0.9339470137489
AUDJPY,B,LONG,2023-02-03 14:20:00,2023-02-03 15:50:00,spread_reduced,Pseudo,1.532706139216004
NZDJPY,B,LONG,2023-02-03 14:20:00,2023-02-03 15:50:00,spread_reduced,Pseudo,1.264140648720232
AUDJPY,B,SHORT,2023-02-03 16:25:00,2023-02-03 17:05:00,spread_reduced,Pseudo,0.2173303178916175
NZDJPY,B,SHORT,2023-02-03 16:25:00,2023-02-03 17:05:00,spread_reduced,Pseudo,0.4900616269335467
GBPJPY,B,SHORT,2023-02-03 16:30:00,2023-02-03 17:05:00,spread_reduced,Pseudo,-0.16394763952779873
GBPJPY,B,LONG,2023-02-03 17:10:00,2023-02-03 17:40:00,spread_reduced,Pseudo,-0.15323599183558745
AUDJPY,B,LONG,2023-02-03 17:10:00,2023-02-03 17:40:00,spread_reduced,Real,-0.08064286280503227
NZDJPY,B,LONG,2023-02-03 17:10:00,2023-02-03 17:40:00,spread_reduced,Real,0.03012240102610401
GBPJPY,B,SHORT,2023-02-03 18:00:00,2023-02-03 18:35:00,spread_reduced,Both,-0.061818827756946845
AUDJPY,B,SHORT,2023-02-03 18:00:00,2023-02-03 18:35:00,spread_reduced,Pseudo,0.2014251284249887
NZDJPY,B,SHORT,2023-02-03 18:00:00,2023-02-03 18:35:00,spread_reduced,Pseudo,-0.03194645274022061
NZDJPY,B,LONG,2023-02-05 23:45:00,2023-02-06 01:00:00,spread_reduced,Pseudo,0.47744090948098616
GBPJPY,B,LONG,2023-02-05 23:50:00,2023-02-06 01:00:00,spread_reduced,Pseudo,0.5360663689717438
AUDJPY,B,LONG,2023-02-05 23:50:00,2023-02-06 01:00:00,spread_reduced,Pseudo,0.4396597961119723
GBPJPY,B,SHORT,2023-02-06 02:40:00,2023-02-06 03:10:00,spread_reduced,Pseudo,-0.06469216907878383
AUDJPY,B,SHORT,2023-02-06 02:40:00,2023-02-06 03:10:00,spread_reduced,Pseudo,-0.33248333281821196
NZDJPY,B,SHORT,2023-02-06 02:40:00,2023-02-06 03:10:00,spread_reduced,Pseudo,-0.0379078631688549
GBPJPY,B,LONG,2023-02-06 10:10:00,2023-02-06 10:40:00,spread_reduced,Pseudo,-0.12756301760389704
AUDJPY,B,LONG,2023-02-06 10:10:00,2023-02-06 10:40:00,spread_reduced,Real,-0.08978524535589265
NZDJPY,B,LONG,2023-02-06 10:10:00,2023-02-06 10:40:00,spread_reduced,Both,-0.24992888925249684
GBPJPY,B,SHORT,2023-02-07 08:10:00,2023-02-07 09:00:00,spread_reduced,Real,0.09385277204180624
AUDJPY,B,SHORT,2023-02-07 08:10:00,2023-02-07 09:00:00,spread_reduced,Pseudo,-0.06588498133996978
NZDJPY,B,SHORT,2023-02-07 08:10:00,2023-02-07 09:00:00,spread_reduced,Pseudo,-0.0499237144294303
GBPJPY,B,SHORT,2023-02-07 13:15:00,2023-02-07 14:15:00,spread_reduced,Pseudo,0.14586406050402329
AUDJPY,B,SHORT,2023-02-07 13:15:00,2023-02-07 14:15:00,spread_reduced,Pseudo,0.9307021770611861
NZDJPY,B,SHORT,2023-02-07 13:15:00,2023-02-07 14:15:00,spread_reduced,Both,0.8340513900160589
GBPJPY,B,SHORT,2023-02-07 15:40:00,2023-02-07 16:20:00,spread_reduced,Pseudo,0.23691589414912934
AUDJPY,B,SHORT,2023-02-07 15:40:00,2023-02-07 16:20:00,spread_reduced,Pseudo,-0.25885433845059447
NZDJPY,B,SHORT,2023-02-07 15:40:00,2023-02-07 16:20:00,spread_reduced,Pseudo,-0.08433076122919363
GBPJPY,B,LONG,2023-02-07 19:05:00,2023-02-07 19:35:00,spread_reduced,Pseudo,-0.16740043410094313
AUDJPY,B,LONG,2023-02-07 19:05:00,2023-02-07 19:35:00,spread_reduced,Pseudo,0.06027664943567916
NZDJPY,B,LONG,2023-02-07 19:05:00,2023-02-07 19:35:00,spread_reduced,Pseudo,0.09484766678369283
GBPJPY,B,SHORT,2023-02-08 00:25:00,2023-02-08 00:50:00,spread_reduced,Pseudo,-0.04395885558664918
AUDJPY,B,SHORT,2023-02-08 00:25:00,2023-02-08 00:50:00,spread_reduced,Both,-0.22707992489164516
NZDJPY,B,SHORT,2023-02-08 00:25:00,2023-02-08 00:50:00,spread_reduced,Pseudo,-0.25767232849941796
GBPJPY,B,LONG,2023-02-08 02:00:00,2023-02-08 02:40:00,spread_reduced,Pseudo,-0.26297661570492037
AUDJPY,B,LONG,2023-02-08 02:00:00,2023-02-08 02:40:00,spread_reduced,Pseudo,-0.13885471065385366
NZDJPY,B,LONG,2023-02-08 02:00:00,2023-02-08 02:40:00,spread_reduced,Pseudo,-0.19667977283584678
GBPJPY,B,LONG,2023-02-08 13:20:00,2023-02-08 13:40:00,spread_reduced,Pseudo,-0.3463758827012553
AUDJPY,B,LONG,2023-02-08 13:20:00,2023-02-08 13:40:00,spread_reduced,Pseudo,-0.2046225870307265
NZDJPY,B,LONG,2023-02-08 13:20:00,2023-02-08 13:40:00,spread_reduced,Pseudo,-0.19463020762611194
GBPJPY,B,LONG,2023-02-09 00:50:00,2023-02-09 01:40:00,spread_reduced,Pseudo,0.36784908177149117
AUDJPY,B,LONG,2023-02-09 00:50:00,2023-02-09 01:40:00,spread_reduced,Pseudo,0.5284026067640853
NZDJPY,B,LONG,2023-02-09 00:50:00,2023-02-09 01:40:00,spread_reduced,Pseudo,0.5805130821722553
GBPJPY,B,SHORT,2023-02-09 06:05:00,2023-02-09 06:35:00,spread_reduced,Pseudo,-0.4304276096122421
AUDJPY,B,SHORT,2023-02-09 06:05:00,2023-02-09 06:35:00,spread_reduced,Both,-0.28692956877618414
NZDJPY,B,SHORT,2023-02-09 06:05:00,2023-02-09 06:35:00,spread_reduced,Pseudo,-0.27601741355246884
GBPJPY,B,SHORT,2023-02-10 06:00:00,2023-02-10 06:25:00,spread_reduced,Pseudo,-0.35164870418236127
AUDJPY,B,SHORT,2023-02-10 06:00:00,2023-02-10 06:25:00,spread_reduced,Real,-0.2546282061364943
NZDJPY,B,SHORT,2023-02-10 06:00:00,2023-02-10 06:25:00,spread_reduced,Real,-0.4172936179208294
GBPJPY,B,SHORT,2023-02-10 07:15:00,2023-02-10 08:30:00,spread_reduced,Pseudo,1.3949589377733052
AUDJPY,B,SHORT,2023-02-10 07:15:00,2023-02-10 08:30:00,spread_reduced,Pseudo,0.9705251439886913
NZDJPY,B,SHORT,2023-02-10 07:15:00,2023-02-10 08:30:00,spread_reduced,Pseudo,1.2044470990737466
GBPJPY,B,LONG,2023-02-10 08:30:00,2023-02-10 09:10:00,spread_reduced,Pseudo,0.2631751495472864
AUDJPY,B,LONG,2023-02-10 08:30:00,2023-02-10 09:10:00,spread_reduced,Pseudo,0.20047737659452855
NZDJPY,B,LONG,2023-02-10 08:30:00,2023-02-10 09:10:00,spread_reduced,Pseudo,0.06890096291696976
GBPJPY,B,LONG,2023-02-10 09:15:00,2023-02-10 09:40:00,stop,Pseudo,-0.8040459686156447
AUDJPY,B,LONG,2023-02-10 09:15:00,2023-02-10 09:40:00,stop,Pseudo,-0.8362819870606127
NZDJPY,B,LONG,2023-02-10 09:15:00,2023-02-10 09:40:00,stop,Pseudo,-0.734204913532192
GBPJPY,B,SHORT,2023-02-10 09:45:00,2023-02-10 10:10:00,spread_reduced,Pseudo,-0.15952645433399879
AUDJPY,B,SHORT,2023-02-10 09:45:00,2023-02-10 10:10:00,spread_reduced,Pseudo,-0.15983463967768805
NZDJPY,B,SHORT,2023-02-10 09:45:00,2023-02-10 10:10:00,spread_reduced,Pseudo,-0.2573044758274653
GBPJPY,B,SHORT,2023-02-10 11:45:00,2023-02-10 12:05:00,spread_reduced,Pseudo,-0.38924501672821243
AUDJPY,B,SHORT,2023-02-10 11:45:00,2023-02-10 12:05:00,spread_reduced,Pseudo,-0.4382939219425749
NZDJPY,B,SHORT,2023-02-10 11:45:00,2023-02-10 12:05:00,spread_reduced,Pseudo,-0.4959111084345362
GBPJPY,B,LONG,2023-02-10 12:15:00,2023-02-10 12:35:00,stop,Pseudo,-0.514605704663107
AUDJPY,B,LONG,2023-02-10 12:15:00,2023-02-10 12:35:00,spread_reduced,Pseudo,-0.2756988210427617
NZDJPY,B,LONG,2023-02-10 12:15:00,2023-02-10 12:35:00,spread_reduced,Pseudo,-0.2775024938567183
GBPJPY,B,LONG,2023-02-10 14:50:00,2023-02-10 15:35:00,spread_reduced,Pseudo,0.0055527427236986195
AUDJPY,B,LONG,2023-02-10 14:50:00,2023-02-10 15:35:00,spread_reduced,Pseudo,-0.06616286352845169
NZDJPY,B,LONG,2023-02-10 14:50:00,2023-02-10 15:35:00,spread_reduced,Pseudo,-0.09424149002934534
AUDJPY,B,LONG,2023-02-13 01:00:00,2023-02-13 01:15:00,stop,Pseudo,-0.6245070119684042
NZDJPY,B,LONG,2023-02-13 01:00:00,2023-02-13 01:15:00,stop,Pseudo,-0.5694754504625976
GBPJPY,B,LONG,2023-02-13 01:00:00,2023-02-13 01:20:00,spread_reduced,Real,-0.22955852238126795
GBPJPY,B,LONG,2023-02-13 08:20:00,2023-02-13 10:20:00,spread_reduced,Real,0.23203794592559687
AUDJPY,B,LONG,2023-02-13 08:20:00,2023-02-13 10:20:00,spread_reduced,Pseudo,0.29971534943144346
NZDJPY,B,LONG,2023-02-13 08:20:00,2023-02-13 10:20:00,spread_reduced,Pseudo,0.530930857159051
GBPJPY,B,LONG,2023-02-13 15:50:00,2023-02-13 16:20:00,spread_reduced,Both,-0.12615528773688806
AUDJPY,B,LONG,2023-02-13 15:50:00,2023-02-13 16:20:00,spread_reduced,Pseudo,0.0572971005069108
NZDJPY,B,LONG,2023-02-13 15:50:00,2023-02-13 16:20:00,spread_reduced,Pseudo,-0.12068249720835016
GBPJPY,B,LONG,2023-02-14 17:20:00,2023-02-14 17:50:00,spread_reduced,Both,-0.14811872995157405
AUDJPY,B,LONG,2023-02-14 17:20:00,2023-02-14 17:50:00,spread_reduced,Pseudo,-0.10998911623953204
NZDJPY,B,LONG,2023-02-14 17:20:00,2023-02-14 17:50:00,spread_reduced,Both,-0.1128564882504346
GBPJPY,B,LONG,2023-02-17 01:30:00,2023-02-17 02:10:00,spread_reduced,Pseudo,-0.03514992285658103
AUDJPY,B,LONG,2023-02-17 01:30:00,2023-02-17 02:10:00,spread_reduced,Pseudo,-0.32347259216947144
NZDJPY,B,LONG,2023-02-17 01:30:00,2023-02-17 02:10:00,stop,Pseudo,-0.573709048013534
NZDJPY,B,LONG,2023-02-21 08:25:00,2023-02-21 08:45:00,spread_reduced,Pseudo,0.0038906955504754612
GBPJPY,B,LONG,2023-02-21 09:50:00,2023-02-21 10:35:00,spread_reduced,Pseudo,0.07562409101632048
AUDJPY,B,LONG,2023-02-21 09:55:00,2023-02-21 10:35:00,spread_reduced,Both,-0.23952275084015984
AUDJPY,B,LONG,2023-02-21 15:50:00,2023-02-21 16:00:00,stop,Pseudo,-0.6440736327575358
GBPJPY,B,LONG,2023-02-21 15:50:00,2023-02-21 16:05:00,spread_reduced,Pseudo,-0.49094502104833165
GBPJPY,B,SHORT,2023-02-21 16:15:00,2023-02-21 16:55:00,spread_reduced,Real,0.05591018292228078
AUDJPY,B,SHORT,2023-02-21 16:15:00,2023-02-21 16:55:00,spread_reduced,Real,0.2351590511323609
NZDJPY,B,SHORT,2023-02-21 16:15:00,2023-02-21 16:55:00,spread_reduced,Real,0.19670382093787503
GBPJPY,B,LONG,2023-02-22 02:45:00,2023-02-22 03:20:00,spread_reduced,Pseudo,-0.02060181480464015
AUDJPY,B,LONG,2023-02-22 02:45:00,2023-02-22 03:20:00,spread_reduced,Pseudo,-0.061852490827648175
NZDJPY,B,LONG,2023-02-22 02:45:00,2023-02-22 03:20:00,spread_reduced,Pseudo,-0.25788440726089623
GBPJPY,B,SHORT,2023-02-23 15:00:00,2023-02-23 15:45:00,spread_reduced,Real,0.4903227002598006
AUDJPY,B,SHORT,2023-02-23 15:00:00,2023-02-23 15:45:00,spread_reduced,Real,0.9319129611011778
NZDJPY,B,SHORT,2023-02-23 15:00:00,2023-02-23 15:45:00,spread_reduced,Real,0.6777965781854522
GBPJPY,B,SHORT,2023-02-23 16:30:00,2023-02-23 17:00:00,spread_reduced,Real,-0.12976229768909184
AUDJPY,B,SHORT,2023-02-23 16:30:00,2023-02-23 17:00:00,spread_reduced,Real,0.24914152092895642
NZDJPY,B,SHORT,2023-02-23 16:30:00,2023-02-23 17:00:00,spread_reduced,Neither,0.025846740369946573
GBPJPY,B,SHORT,2023-02-23 23:15:00,2023-02-23 23:40:00,spread_reduced,Pseudo,-0.334289763890198
AUDJPY,B,SHORT,2023-02-23 23:15:00,2023-02-23 23:40:00,spread_reduced,Pseudo,-0.284300054125349
NZDJPY,B,SHORT,2023-02-23 23:15:00,2023-02-23 23:40:00,spread_reduced,Pseudo,-0.24478641821557012
GBPJPY,B,LONG,2023-02-24 00:35:00,2023-02-24 00:45:00,stop,Pseudo,-0.6340110932503418
AUDJPY,B,LONG,2023-02-24 00:35:00,2023-02-24 00:45:00,stop,Pseudo,-0.5906701327913488
NZDJPY,B,LONG,2023-02-24 00:35:00,2023-02-24 00:45:00,stop,Pseudo,-0.6393292860433035
GBPJPY,B,SHORT,2023-02-24 00:50:00,2023-02-24 00:55:00,stop,Pseudo,-0.598363860725426
AUDJPY,B,SHORT,2023-02-24 00:50:00,2023-02-24 00:55:00,stop,Pseudo,-0.654776569078086
NZDJPY,B,SHORT,2023-02-24 00:50:00,2023-02-24 00:55:00,stop,Pseudo,-0.659516554887718
AUDJPY,B,SHORT,2023-02-24 01:05:00,2023-02-24 01:15:00,spread_reduced,Pseudo,-0.3130545774975661
GBPJPY,B,LONG,2023-02-24 01:25:00,2023-02-24 02:15:00,spread_reduced,Pseudo,0.32244380605117584
AUDJPY,B,LONG,2023-02-24 01:25:00,2023-02-24 02:15:00,spread_reduced,Pseudo,0.4775781185209679
NZDJPY,B,LONG,2023-02-24 01:25:00,2023-02-24 02:15:00,spread_reduced,Pseudo,0.41089589458742637
GBPJPY,B,LONG,2023-02-24 14:15:00,2023-02-24 14:45:00,spread_reduced,Real,0.12281478963912149
AUDJPY,B,LONG,2023-02-24 14:15:00,2023-02-24 14:45:00,spread_reduced,Pseudo,-0.26940436564981685
NZDJPY,B,LONG,2023-02-24 14:15:00,2023-02-24 14:45:00,spread_reduced,Real,-0.13119978983315111
GBPJPY,B,LONG,2023-02-27 15:10:00,2023-02-27 15:45:00,spread_reduced,Pseudo,0.03232827840523219
AUDJPY,B,LONG,2023-02-27 15:10:00,2023-02-27 15:45:00,spread_reduced,Both,-0.013026985264545193
NZDJPY,B,LONG,2023-02-27 15:10:00,2023-02-27 15:45:00,spread_reduced,Pseudo,0.06938904294033026
GBPJPY,B,LONG,2023-02-28 07:50:00,2023-02-28 08:25:00,spread_reduced,Pseudo,0.08982536985557843
AUDJPY,B,LONG,2023-02-28 07:50:00,2023-02-28 08:25:00,spread_reduced,Pseudo,-0.1346964577927749
NZDJPY,B,LONG,2023-02-28 07:50:00,2023-02-28 08:25:00,spread_reduced,Pseudo,0.023710565009530764
GBPJPY,B,LONG,2023-02-28 09:00:00,2023-02-28 09:30:00,spread_reduced,Both,-0.00846472001692078
AUDJPY,B,LONG,2023-02-28 09:00:00,2023-02-28 09:30:00,spread_reduced,Pseudo,-0.051132168146080424
NZDJPY,B,LONG,2023-02-28 09:00:00,2023-02-28 09:30:00,spread_reduced,Both,0.0058119081297232835
NZDJPY,B,SHORT,2023-02-28 15:10:00,2023-02-28 15:40:00,stop,Pseudo,-0.5698634161511359
GBPJPY,B,SHORT,2023-02-28 15:10:00,2023-02-28 16:25:00,spread_reduced,Real,1.235964384458351
AUDJPY,B,SHORT,2023-02-28 15:10:00,2023-02-28 16:25:00,spread_reduced,Real,-0.1436496838355487
NZDJPY,B,SHORT,2023-02-28 16:10:00,2023-02-28 16:25:00,spread_reduced,Real,0.041199984746905415
GBPJPY,B,SHORT,2023-02-28 17:00:00,2023-02-28 18:30:00,spread_reduced,Real,0.5721644541095694
AUDJPY,B,SHORT,2023-02-28 17:00:00,2023-02-28 18:30:00,spread_reduced,Pseudo,0.21761535843412005
NZDJPY,B,SHORT,2023-02-28 17:00:00,2023-02-28 18:30:00,spread_reduced,Pseudo,0.1323153429371171
EURJPY,B,SHORT,2023-03-01 08:00:00,2023-03-01 08:25:00,spread_reduced,Pseudo,-0.2660032827560925
GBPJPY,B,SHORT,2023-03-01 08:05:00,2023-03-01 08:25:00,spread_reduced,Real,-0.044945070165688016
USDJPY,B,SHORT,2023-03-01 11:20:00,2023-03-01 11:50:00,spread_reduced,Pseudo,0.21950005069985384
EURJPY,B,SHORT,2023-03-01 11:20:00,2023-03-01 11:50:00,spread_reduced,Real,-0.11631642988082133
GBPJPY,B,SHORT,2023-03-01 11:20:00,2023-03-01 11:50:00,spread_reduced,Pseudo,-0.3183088005826266
USDJPY,B,LONG,2023-03-01 14:25:00,2023-03-01 15:00:00,spread_reduced,Real,0.4392766618106503
EURJPY,B,LONG,2023-03-01 14:25:00,2023-03-01 15:00:00,spread_reduced,Both,0.06225824741841931
GBPJPY,B,LONG,2023-03-01 14:25:00,2023-03-01 15:00:00,spread_reduced,Pseudo,-0.2571023198414032
EURJPY,B,LONG,2023-03-01 15:55:00,2023-03-01 16:10:00,spread_reduced,Pseudo,-0.2751392278039777
GBPJPY,B,LONG,2023-03-01 15:55:00,2023-03-01 16:10:00,spread_reduced,Both,-0.2011003508294677
USDJPY,B,SHORT,2023-03-02 08:20:00,2023-03-02 09:15:00,spread_reduced,Pseudo,0.4202673429885747
EURJPY,B,SHORT,2023-03-02 08:20:00,2023-03-02 09:15:00,spread_reduced,Pseudo,0.22405104580258683
GBPJPY,B,SHORT,2023-03-02 08:20:00,2023-03-02 09:15:00,spread_reduced,Pseudo,-0.4029038421226409
USDJPY,B,SHORT,2023-03-06 01:05:00,2023-03-06 01:35:00,spread_reduced,Pseudo,-0.3410897597505199
EURJPY,B,SHORT,2023-03-06 01:05:00,2023-03-06 01:35:00,spread_reduced,Pseudo,-0.49562699471272786
GBPJPY,B,SHORT,2023-03-06 01:05:00,2023-03-06 01:35:00,spread_reduced,Pseudo,-0.4372844077818646
USDJPY,B,SHORT,2023-03-07 08:05:00,2023-03-07 09:15:00,spread_reduced,Pseudo,-0.1371363053270791
EURJPY,B,SHORT,2023-03-07 08:05:00,2023-03-07 09:15:00,spread_reduced,Pseudo,0.4719513344952168
GBPJPY,B,SHORT,2023-03-07 08:05:00,2023-03-07 09:15:00,spread_reduced,Pseudo,0.25193689567074945
USDJPY,B,SHORT,2023-03-07 15:05:00,2023-03-07 15:20:00,spread_reduced,Real,-0.15194017440448943
EURJPY,B,SHORT,2023-03-07 15:05:00,2023-03-07 15:20:00,stop,Pseudo,-0.5255411193381873
GBPJPY,B,SHORT,2023-03-07 15:05:00,2023-03-07 15:20:00,stop,Pseudo,-0.5577453112404207
EURJPY,B,SHORT,2023-03-07 15:50:00,2023-03-07 16:35:00,spread_reduced,Pseudo,-0.21050126654883114
GBPJPY,B,SHORT,2023-03-07 15:50:00,2023-03-07 16:35:00,spread_reduced,Pseudo,0.010169618770132043
USDJPY,B,SHORT,2023-03-07 15:55:00,2023-03-07 16:35:00,spread_reduced,Real,-0.27617798590795495
USDJPY,B,LONG,2023-03-08 04:55:00,2023-03-08 05:15:00,spread_reduced,Real,0.01611161777444655
EURJPY,B,LONG,2023-03-08 04:55:00,2023-03-08 05:15:00,spread_reduced,Real,-0.13864803630962247
GBPJPY,B,LONG,2023-03-08 04:55:00,2023-03-08 05:15:00,spread_reduced,Real,-0.13208866250624673
EURJPY,B,SHORT,2023-03-08 13:25:00,2023-03-08 14:50:00,spread_reduced,Pseudo,0.15943874210970027
GBPJPY,B,SHORT,2023-03-08 13:25:00,2023-03-08 14:50:00,spread_reduced,Pseudo,0.2692984268083398
USDJPY,B,SHORT,2023-03-09 00:20:00,2023-03-09 01:00:00,spread_reduced,Pseudo,-0.21015221199697603
EURJPY,B,SHORT,2023-03-09 00:20:00,2023-03-09 01:00:00,spread_reduced,Pseudo,-0.05162736486637639
GBPJPY,B,SHORT,2023-03-09 00:20:00,2023-03-09 01:00:00,spread_reduced,Pseudo,-0.02884171443747382
USDJPY,B,LONG,2023-03-09 07:55:00,2023-03-09 08:15:00,spread_reduced,Pseudo,-0.4002727452952678
EURJPY,B,LONG,2023-03-09 07:55:00,2023-03-09 08:15:00,stop,Pseudo,-0.5708022635014428
GBPJPY,B,LONG,2023-03-09 07:55:00,2023-03-09 08:15:00,spread_reduced,Pseudo,-0.4574267462904199
USDJPY,B,SHORT,2023-03-09 08:20:00,2023-03-09 09:10:00,spread_reduced,Pseudo,0.21161781910720528
EURJPY,B,SHORT,2023-03-09 08:20:00,2023-03-09 09:10:00,spread_reduced,Pseudo,0.15299330803497657
GBPJPY,B,SHORT,2023-03-09 08:20:00,2023-03-09 09:10:00,spread_reduced,Pseudo,-0.1370128338182841
USDJPY,B,LONG,2023-03-09 14:05:00,2023-03-09 15:00:00,spread_reduced,Pseudo,-0.3689334170016897
EURJPY,B,LONG,2023-03-09 14:05:00,2023-03-09 15:00:00,spread_reduced,Pseudo,0.058189243251775366
GBPJPY,B,LONG,2023-03-09 14:05:00,2023-03-09 15:00:00,spread_reduced,Pseudo,0.12220435692615143
USDJPY,B,LONG,2023-03-09 23:55:00,2023-03-10 00:15:00,spread_reduced,Pseudo,-0.4224193064306103
EURJPY,B,LONG,2023-03-09 23:55:00,2023-03-10 00:15:00,spread_reduced,Pseudo,-0.19481528440075854
GBPJPY,B,LONG,2023-03-09 23:55:00,2023-03-10 00:15:00,spread_reduced,Pseudo,-0.44290765098320417
USDJPY,B,SHORT,2023-03-10 00:20:00,2023-03-10 00:55:00,spread_reduced,Pseudo,0.2503990187867622
EURJPY,B,SHORT,2023-03-10 00:20:00,2023-03-10 00:55:00,spread_reduced,Pseudo,0.10670627941455901
GBPJPY,B,SHORT,2023-03-10 00:20:00,2023-03-10 00:55:00,spread_reduced,Pseudo,-0.015489668539740247
USDJPY,B,LONG,2023-03-10 02:30:00,2023-03-10 02:35:00,stop,Pseudo,-0.9674883917385839
EURJPY,B,LONG,2023-03-10 02:30:00,2023-03-10 02:35:00,stop,Pseudo,-0.6521513371387326
GBPJPY,B,LONG,2023-03-10 02:30:00,2023-03-10 02:35:00,stop,Pseudo,-0.5664018612622594
USDJPY,B,LONG,2023-03-10 02:45:00,2023-03-10 03:00:00,spread_reduced,Pseudo,0.7348581114179353
EURJPY,B,LONG,2023-03-10 02:45:00,2023-03-10 03:00:00,spread_reduced,Pseudo,0.7560879795821911
GBPJPY,B,LONG,2023-03-10 02:45:00,2023-03-10 03:00:00,spread_reduced,Pseudo,0.47441188566033077
USDJPY,B,LONG,2023-03-10 03:10:00,2023-03-10 03:20:00,spread_reduced,Real,-0.0764368751023925
EURJPY,B,LONG,2023-03-10 03:10:00,2023-03-10 03:20:00,spread_reduced,Real,-0.063085943845409
GBPJPY,B,LONG,2023-03-10 03:10:00,2023-03-10 03:20:00,spread_reduced,Real,-0.025733544868937013
USDJPY,B,LONG,2023-03-10 04:10:00,2023-03-10 04:40:00,spread_reduced,Pseudo,-0.29817669606072944
EURJPY,B,LONG,2023-03-10 04:10:00,2023-03-10 04:40:00,spread_reduced,Pseudo,-0.3045385839782755
GBPJPY,B,LONG,2023-03-10 04:10:00,2023-03-10 04:40:00,spread_reduced,Pseudo,-0.22605183903453194
USDJPY,B,SHORT,2023-03-10 07:30:00,2023-03-10 08:35:00,spread_reduced,Pseudo,-0.1499315753184701
EURJPY,B,SHORT,2023-03-10 07:30:00,2023-03-10 08:35:00,spread_reduced,Pseudo,0.16290532773536687
GBPJPY,B,SHORT,2023-03-10 07:30:00,2023-03-10 08:35:00,spread_reduced,Pseudo,0.16952252602853157
USDJPY,B,LONG,2023-03-10 08:40:00,2023-03-10 11:10:00,spread_reduced,Pseudo,1.1322165983019459
EURJPY,B,LONG,2023-03-10 08:40:00,2023-03-10 11:10:00,spread_reduced,Pseudo,1.0300676970769937
GBPJPY,B,LONG,2023-03-10 08:40:00,2023-03-10 11:10:00,spread_reduced,Pseudo,1.708157616949535
USDJPY,B,SHORT,2023-03-10 12:05:00,2023-03-10 12:50:00,spread_reduced,Pseudo,0.3719839807769058
EURJPY,B,SHORT,2023-03-10 12:05:00,2023-03-10 12:50:00,spread_reduced,Pseudo,-0.035430052148122115
GBPJPY,B,SHORT,2023-03-10 12:05:00,2023-03-10 12:50:00,spread_reduced,Pseudo,-0.2748345121360944
USDJPY,B,SHORT,2023-03-10 13:30:00,2023-03-10 13:55:00,stop,Pseudo,-0.6011718512437536
EURJPY,B,SHORT,2023-03-10 13:30:00,2023-03-10 14:00:00,stop,Pseudo,-0.5232673570057708
GBPJPY,B,SHORT,2023-03-10 13:30:00,2023-03-10 14:00:00,spread_reduced,Pseudo,-0.11831867646246627
USDJPY,B,SHORT,2023-03-10 14:15:00,2023-03-10 16:00:00,spread_reduced,Pseudo,3.327314010586798
EURJPY,B,SHORT,2023-03-10 14:15:00,2023-03-10 16:00:00,spread_reduced,Pseudo,1.9842266081883109
GBPJPY,B,SHORT,2023-03-10 14:15:00,2023-03-10 16:00:00,spread_reduced,Pseudo,1.814697708583779
USDJPY,B,LONG,2023-03-10 16:10:00,2023-03-10 16:50:00,spread_reduced,Real,0.5558928112853561
EURJPY,B,LONG,2023-03-10 16:10:00,2023-03-10 16:50:00,spread_reduced,Pseudo,0.30521476919516866
GBPJPY,B,LONG,2023-03-10 16:15:00,2023-03-10 16:50:00,spread_reduced,Pseudo,0.022429744973573307
USDJPY,B,SHORT,2023-03-10 17:00:00,2023-03-10 17:30:00,spread_reduced,Both,0.04743974655644727
EURJPY,B,SHORT,2023-03-10 17:00:00,2023-03-10 17:30:00,spread_reduced,Real,0.14397388461166266
GBPJPY,B,SHORT,2023-03-10 17:00:00,2023-03-10 17:30:00,spread_reduced,Real,-0.017544783058820457
USDJPY,B,SHORT,2023-03-10 18:35:00,2023-03-10 19:10:00,spread_reduced,Pseudo,0.21305420392303542
EURJPY,B,SHORT,2023-03-10 18:35:00,2023-03-10 19:10:00,spread_reduced,Pseudo,0.3217846054493675
GBPJPY,B,SHORT,2023-03-10 18:35:00,2023-03-10 19:10:00,spread_reduced,Pseudo,0.29868258824402216
USDJPY,B,LONG,2023-03-10 21:40:00,2023-03-12 22:00:00,stop,Pseudo,-3.2271523352111293
EURJPY,B,LONG,2023-03-10 21:40:00,2023-03-12 22:00:00,stop,Pseudo,-1.2760920506058964
GBPJPY,B,LONG,2023-03-10 21:40:00,2023-03-12 22:00:00,stop,Pseudo,-1.462953560540122
USDJPY,B,SHORT,2023-03-12 22:00:00,2023-03-12 22:15:00,stop,Pseudo,-0.6757206046790939
GBPJPY,B,SHORT,2023-03-12 22:00:00,2023-03-12 22:15:00,stop,Pseudo,-0.5066461208770672
EURJPY,B,SHORT,2023-03-12 22:00:00,2023-03-12 22:20:00,stop,Pseudo,-1.7348874532187402
USDJPY,B,LONG,2023-03-12 22:40:00,2023-03-12 22:50:00,spread_reduced,Real,-0.05648327115170826
EURJPY,B,LONG,2023-03-12 22:40:00,2023-03-12 22:50:00,spread_reduced,Real,-0.1143847926933228
GBPJPY,B,LONG,2023-03-12 22:40:00,2023-03-12 22:50:00,spread_reduced,Real,0.07272233305758806
EURJPY,B,LONG,2023-03-12 23:05:00,2023-03-12 23:10:00,spread_reduced,Real,0.1629100589527847
GBPJPY,B,LONG,2023-03-12 23:05:00,2023-03-12 23:10:00,spread_reduced,Real,0.17859222525477375
USDJPY,B,LONG,2023-03-12 23:25:00,2023-03-13 00:10:00,spread_reduced,Both,0.23087340544836188
EURJPY,B,LONG,2023-03-12 23:25:00,2023-03-13 00:10:00,spread_reduced,Real,0.0813917524114712
GBPJPY,B,LONG,2023-03-12 23:25:00,2023-03-13 00:10:00,spread_reduced,Both,-0.06669458926800154
USDJPY,B,SHORT,2023-03-13 00:20:00,2023-03-13 01:20:00,spread_reduced,Pseudo,-0.36528556222166964
EURJPY,B,SHORT,2023-03-13 00:20:00,2023-03-13 01:20:00,spread_reduced,Pseudo,0.29477819621289336
GBPJPY,B,SHORT,2023-03-13 00:20:00,2023-03-13 01:20:00,spread_reduced,Pseudo,0.5382143293906072
USDJPY,B,LONG,2023-03-13 01:35:00,2023-03-13 02:05:00,spread_reduced,Pseudo,-0.3904364475684208
EURJPY,B,LONG,2023-03-13 01:35:00,2023-03-13 02:05:00,spread_reduced,Pseudo,-0.2639848595880438
GBPJPY,B,LONG,2023-03-13 01:35:00,2023-03-13 02:05:00,spread_reduced,Pseudo,0.00708388297154805
USDJPY,B,LONG,2023-03-13 05:00:00,2023-03-13 05:30:00,spread_reduced,Pseudo,-0.054129892443059255
EURJPY,B,LONG,2023-03-13 05:00:00,2023-03-13 05:30:00,spread_reduced,Pseudo,0.02582136894961155
GBPJPY,B,LONG,2023-03-13 05:00:00,2023-03-13 05:30:00,spread_reduced,Pseudo,-0.08621754289224923
USDJPY,B,LONG,2023-03-13 05:40:00,2023-03-13 06:10:00,spread_reduced,Pseudo,-0.41767432286458445
EURJPY,B,LONG,2023-03-13 05:40:00,2023-03-13 06:10:00,spread_reduced,Pseudo,-0.15596304508088318
GBPJPY,B,LONG,2023-03-13 05:40:00,2023-03-13 06:10:00,spread_reduced,Pseudo,-0.18453173572045384
EURJPY,B,LONG,2023-03-13 07:05:00,2023-03-13 07:20:00,spread_reduced,Pseudo,-0.3773226824912805
USDJPY,B,SHORT,2023-03-13 08:30:00,2023-03-13 10:00:00,spread_reduced,Pseudo,1.9858243861669753
EURJPY,B,SHORT,2023-03-13 08:30:00,2023-03-13 10:00:00,spread_reduced,Pseudo,3.0866241116905098
GBPJPY,B,SHORT,2023-03-13 08:30:00,2023-03-13 10:00:00,spread_reduced,Pseudo,2.1697928957737185
GBPJPY,B,LONG,2023-03-13 10:00:00,2023-03-13 10:15:00,stop,Pseudo,-0.633275348533154
USDJPY,B,LONG,2023-03-13 10:00:00,2023-03-13 10:40:00,spread_reduced,Pseudo,-0.20790682114516884
EURJPY,B,LONG,2023-03-13 10:00:00,2023-03-13 10:40:00,spread_reduced,Pseudo,-0.248640583329518
GBPJPY,B,LONG,2023-03-13 10:25:00,2023-03-13 10:40:00,spread_reduced,Pseudo,-0.18211010399630617
GBPJPY,B,LONG,2023-03-13 11:00:00,2023-03-13 11:15:00,stop,Pseudo,-0.5635612411547901
USDJPY,B,LONG,2023-03-13 10:50:00,2023-03-13 11:20:00,spread_reduced,Pseudo,-0.33741785301677485
EURJPY,B,LONG,2023-03-13 10:50:00,2023-03-13 11:20:00,spread_reduced,Pseudo,-0.4752882396068525
USDJPY,B,SHORT,2023-03-13 11:30:00,2023-03-13 12:10:00,spread_reduced,Real,0.8076968054775795
EURJPY,B,SHORT,2023-03-13 11:30:00,2023-03-13 12:10:00,spread_reduced,Real,0.6029985175340924
GBPJPY,B,SHORT,2023-03-13 11:30:00,2023-03-13 12:10:00,spread_reduced,Real,0.1980157411243244
USDJPY,B,SHORT,2023-03-13 12:25:00,2023-03-13 13:00:00,spread_reduced,Pseudo,0.10722139973284861
EURJPY,B,SHORT,2023-03-13 12:25:00,2023-03-13 13:00:00,stop,Pseudo,-0.5369480180634767
GBPJPY,B,SHORT,2023-03-13 12:25:00,2023-03-13 13:00:00,spread_reduced,Pseudo,-0.2212079464176675
USDJPY,B,LONG,2023-03-13 13:05:00,2023-03-13 13:10:00,stop,Pseudo,-0.6078987833133173
EURJPY,B,LONG,2023-03-13 13:05:00,2023-03-13 13:35:00,spread_reduced,Pseudo,-0.19435898629075837
GBPJPY,B,LONG,2023-03-13 13:05:00,2023-03-13 13:35:00,spread_reduced,Pseudo,-0.3797208846054353
USDJPY,B,LONG,2023-03-13 13:20:00,2023-03-13 13:35:00,spread_reduced,Both,0.13380586285445992
USDJPY,B,LONG,2023-03-13 13:45:00,2023-03-13 14:40:00,stop,Pseudo,-0.5133281434790046
EURJPY,B,LONG,2023-03-13 13:45:00,2023-03-13 14:45:00,spread_reduced,Real,0.20661451314119006
GBPJPY,B,LONG,2023-03-13 13:45:00,2023-03-13 14:45:00,spread_reduced,Real,1.0511490026461345
USDJPY,B,LONG,2023-03-13 15:40:00,2023-03-13 16:35:00,spread_reduced,Pseudo,0.17457220393761003
EURJPY,B,LONG,2023-03-13 15:40:00,2023-03-13 16:35:00,spread_reduced,Pseudo,0.7525350974102452
GBPJPY,B,LONG,2023-03-13 15:40:00,2023-03-13 16:35:00,spread_reduced,Both,0.19562000785241138
USDJPY,B,SHORT,2023-03-13 16:50:00,2023-03-13 17:20:00,spread_reduced,Pseudo,0.12451015537980523
EURJPY,B,SHORT,2023-03-13 16:50:00,2023-03-13 17:20:00,spread_reduced,Pseudo,-0.2130401936652297
GBPJPY,B,SHORT,2023-03-13 16:50:00,2023-03-13 17:20:00,spread_reduced,Pseudo,-0.24007265837910907
USDJPY,B,LONG,2023-03-13 18:10:00,2023-03-13 18:55:00,spread_reduced,Pseudo,-0.0619377254620727
EURJPY,B,LONG,2023-03-13 18:10:00,2023-03-13 18:55:00,spread_reduced,Pseudo,0.0201808673917873
GBPJPY,B,LONG,2023-03-13 18:10:00,2023-03-13 18:55:00,spread_reduced,Pseudo,0.37744054828703355
USDJPY,B,SHORT,2023-03-13 23:50:00,2023-03-14 00:10:00,spread_reduced,Pseudo,-0.42256418372551197
EURJPY,B,SHORT,2023-03-13 23:50:00,2023-03-14 00:10:00,spread_reduced,Pseudo,-0.16886908374573
GBPJPY,B,SHORT,2023-03-13 23:50:00,2023-03-14 00:10:00,spread_reduced,Pseudo,-0.05252129814918109
USDJPY,B,LONG,2023-03-14 01:15:00,2023-03-14 02:05:00,spread_reduced,Pseudo,0.48510603843439826
EURJPY,B,LONG,2023-03-14 01:15:00,2023-03-14 02:05:00,spread_reduced,Pseudo,0.4900677732120329
GBPJPY,B,LONG,2023-03-14 01:15:00,2023-03-14 02:05:00,spread_reduced,Real,0.5968432184641308
USDJPY,B,SHORT,2023-03-14 06:10:00,2023-03-14 06:25:00,stop,Pseudo,-0.5007693651277734
EURJPY,B,SHORT,2023-03-14 06:10:00,2023-03-14 06:40:00,spread_reduced,Pseudo,-0.3520506707851793
GBPJPY,B,SHORT,2023-03-14 06:10:00,2023-03-14 06:40:00,stop,Pseudo,-0.5073589372081393
USDJPY,B,SHORT,2023-03-14 06:30:00,2023-03-14 06:40:00,spread_reduced,Pseudo,-0.32527488994701004
USDJPY,B,LONG,2023-03-14 08:00:00,2023-03-14 09:05:00,spread_reduced,Real,0.8285603241785141
EURJPY,B,LONG,2023-03-14 08:00:00,2023-03-14 09:05:00,spread_reduced,Real,0.9041282897301883
GBPJPY,B,LONG,2023-03-14 08:00:00,2023-03-14 09:05:00,spread_reduced,Real,0.8102272182353154
USDJPY,B,SHORT,2023-03-14 09:20:00,2023-03-14 09:40:00,spread_reduced,Pseudo,-0.2866791590558915
EURJPY,B,SHORT,2023-03-14 09:20:00,2023-03-14 09:40:00,spread_reduced,Pseudo,-0.32483701865645054
GBPJPY,B,SHORT,2023-03-14 09:20:00,2023-03-14 09:40:00,spread_reduced,Pseudo,-0.1627912534255908
USDJPY,B,LONG,2023-03-14 11:35:00,2023-03-14 12:00:00,spread_reduced,Pseudo,-0.2703361616955835
EURJPY,B,LONG,2023-03-14 11:35:00,2023-03-14 12:00:00,spread_reduced,Pseudo,-0.24763998675266427
GBPJPY,B,LONG,2023-03-14 11:35:00,2023-03-14 12:00:00,spread_reduced,Pseudo,-0.17485072232081844
USDJPY,B,LONG,2023-03-14 12:30:00,2023-03-14 12:40:00,stop,Pseudo,-0.8882442216376167
EURJPY,B,LONG,2023-03-14 12:30:00,2023-03-14 14:00:00,spread_reduced,Real,0.6134436888993733
GBPJPY,B,LONG,2023-03-14 12:30:00,2023-03-14 14:00:00,spread_reduced,Pseudo,0.5866591805365751
USDJPY,B,LONG,2023-03-14 13:20:00,2023-03-14 14:00:00,spread_reduced,Pseudo,0.6985326321193124
USDJPY,B,SHORT,2023-03-14 14:15:00,2023-03-14 15:40:00,spread_reduced,Pseudo,0.33870588878566943
EURJPY,B,SHORT,2023-03-14 14:15:00,2023-03-14 15:40:00,spread_reduced,Pseudo,0.20593535905829205
GBPJPY,B,SHORT,2023-03-14 14:15:00,2023-03-14 15:40:00,spread_reduced,Both,0.7432582219638977
USDJPY,B,SHORT,2023-03-14 17:05:00,2023-03-14 17:35:00,spread_reduced,Pseudo,0.05511998641601531
EURJPY,B,SHORT,2023-03-14 17:05:00,2023-03-14 17:35:00,spread_reduced,Pseudo,-0.3341458305899566
GBPJPY,B,SHORT,2023-03-14 17:05:00,2023-03-14 17:35:00,spread_reduced,Pseudo,-0.30022887491987227
USDJPY,B,LONG,2023-03-14 17:45:00,2023-03-14 18:10:00,spread_reduced,Pseudo,-0.2612539490961889
EURJPY,B,LONG,2023-03-14 17:45:00,2023-03-14 18:10:00,spread_reduced,Pseudo,-0.23882917797479752
GBPJPY,B,LONG,2023-03-14 17:45:00,2023-03-14 18:10:00,spread_reduced,Pseudo,-0.29065236469179767
USDJPY,B,SHORT,2023-03-14 19:10:00,2023-03-14 19:40:00,spread_reduced,Real,-0.03926148488653247
EURJPY,B,SHORT,2023-03-14 19:10:00,2023-03-14 19:40:00,spread_reduced,Real,-0.10159232431150578
GBPJPY,B,SHORT,2023-03-14 19:10:00,2023-03-14 19:40:00,spread_reduced,Real,-0.1452282461562593
USDJPY,B,SHORT,2023-03-15 01:20:00,2023-03-15 01:25:00,spread_reduced,Pseudo,-0.2017078157339943
EURJPY,B,SHORT,2023-03-15 01:20:00,2023-03-15 01:25:00,spread_reduced,Pseudo,-0.17885880675720206
GBPJPY,B,SHORT,2023-03-15 01:20:00,2023-03-15 01:25:00,spread_reduced,Both,0.006944402702731741
USDJPY,B,LONG,2023-03-15 07:30:00,2023-03-15 07:55:00,spread_reduced,Pseudo,-0.09709476495049311
EURJPY,B,LONG,2023-03-15 07:30:00,2023-03-15 07:55:00,spread_reduced,Pseudo,-0.03196430354394468
GBPJPY,B,LONG,2023-03-15 07:30:00,2023-03-15 07:55:00,spread_reduced,Real,0.03430178150728066
USDJPY,B,SHORT,2023-03-15 08:50:00,2023-03-15 11:10:00,spread_reduced,Pseudo,2.2746654926052434
EURJPY,B,SHORT,2023-03-15 08:50:00,2023-03-15 11:10:00,spread_reduced,Pseudo,5.9951313576969145
GBPJPY,B,SHORT,2023-03-15 08:50:00,2023-03-15 11:10:00,spread_reduced,Pseudo,4.730930149216736
USDJPY,B,SHORT,2023-03-15 11:30:00,2023-03-15 11:35:00,spread_reduced,Pseudo,-0.13670407006386814
EURJPY,B,SHORT,2023-03-15 11:30:00,2023-03-15 11:35:00,spread_reduced,Pseudo,-0.1371735579072849
GBPJPY,B,SHORT,2023-03-15 11:30:00,2023-03-15 11:35:00,spread_reduced,Pseudo,-0.2924077212270356
USDJPY,B,SHORT,2023-03-15 12:00:00,2023-03-15 13:30:00,spread_reduced,Pseudo,0.32821544821555937
EURJPY,B,SHORT,2023-03-15 12:00:00,2023-03-15 13:30:00,spread_reduced,Pseudo,1.8562769922244593
GBPJPY,B,SHORT,2023-03-15 12:00:00,2023-03-15 13:30:00,spread_reduced,Pseudo,0.22488393104654522
USDJPY,B,LONG,2023-03-15 13:30:00,2023-03-15 13:45:00,stop,Pseudo,-0.7179802153037448
GBPJPY,B,LONG,2023-03-15 13:30:00,2023-03-15 13:45:00,stop,Pseudo,-0.6291752917352289
EURJPY,B,LONG,2023-03-15 13:30:00,2023-03-15 13:55:00,stop,Pseudo,-0.7869422632357237
USDJPY,B,SHORT,2023-03-15 14:00:00,2023-03-15 14:05:00,stop,Pseudo,-0.7810309117510055
EURJPY,B,SHORT,2023-03-15 14:00:00,2023-03-15 14:05:00,stop,Pseudo,-0.8649411821627744
GBPJPY,B,SHORT,2023-03-15 14:00:00,2023-03-15 14:05:00,stop,Pseudo,-1.0142746370265243
USDJPY,B,LONG,2023-03-15 14:25:00,2023-03-15 14:30:00,stop,Pseudo,-0.7102095625936741
EURJPY,B,LONG,2023-03-15 14:25:00,2023-03-15 14:30:00,stop,Pseudo,-0.7782986730120086
GBPJPY,B,LONG,2023-03-15 14:25:00,2023-03-15 14:30:00,stop,Pseudo,-0.8021816956084171
USDJPY,B,SHORT,2023-03-15 14:45:00,2023-03-15 15:00:00,spread_reduced,Pseudo,-0.08084296942345581
EURJPY,B,SHORT,2023-03-15 14:45:00,2023-03-15 15:00:00,spread_reduced,Pseudo,-0.2419547669918476
GBPJPY,B,SHORT,2023-03-15 14:45:00,2023-03-15 15:00:00,spread_reduced,Pseudo,-0.44485772155655745
USDJPY,B,SHORT,2023-03-15 16:00:00,2023-03-15 16:45:00,spread_reduced,Pseudo,-0.06468853900765126
EURJPY,B,SHORT,2023-03-15 16:00:00,2023-03-15 16:45:00,stop,Pseudo,-0.5977920593951414
GBPJPY,B,SHORT,2023-03-15 16:00:00,2023-03-15 16:45:00,spread_reduced,Pseudo,-0.2777310686749394
USDJPY,B,LONG,2023-03-15 16:45:00,2023-03-15 17:00:00,spread_reduced,Pseudo,-0.3495209347036029
EURJPY,B,LONG,2023-03-15 16:45:00,2023-03-15 17:00:00,spread_reduced,Real,-0.2837777987109528
GBPJPY,B,LONG,2023-03-15 16:45:00,2023-03-15 17:00:00,spread_reduced,Real,-0.4048669344739834
USDJPY,B,LONG,2023-03-15 17:10:00,2023-03-15 17:40:00,spread_reduced,Pseudo,0.04946575253028662
EURJPY,B,LONG,2023-03-15 17:10:00,2023-03-15 17:40:00,spread_reduced,Pseudo,0.02078675783974878
GBPJPY,B,LONG,2023-03-15 17:10:00,2023-03-15 17:40:00,spread_reduced,Pseudo,0.1490660174817323
USDJPY,B,LONG,2023-03-15 18:25:00,2023-03-15 19:05:00,stop,Pseudo,-0.5336091757163579
EURJPY,B,LONG,2023-03-15 18:25:00,2023-03-15 19:05:00,spread_reduced,Pseudo,-0.33571305857105216
GBPJPY,B,LONG,2023-03-15 18:25:00,2023-03-15 19:05:00,stop,Pseudo,-0.5849901235357817
USDJPY,B,SHORT,2023-03-15 19:10:00,2023-03-15 20:15:00,spread_reduced,Neither,0.025561597460107187
EURJPY,B,SHORT,2023-03-15 19:10:00,2023-03-15 20:15:00,spread_reduced,Real,0.15175201562086146
GBPJPY,B,SHORT,2023-03-15 19:10:00,2023-03-15 20:15:00,spread_reduced,Neither,0.2788067142393362
USDJPY,B,SHORT,2023-03-15 22:00:00,2023-03-15 22:30:00,spread_reduced,Real,0.04431742249969932
EURJPY,B,SHORT,2023-03-15 22:00:00,2023-03-15 22:30:00,spread_reduced,Real,-0.01010131620156803
GBPJPY,B,SHORT,2023-03-15 22:00:00,2023-03-15 22:30:00,spread_reduced,Real,-0.2531057081494037
USDJPY,B,SHORT,2023-03-15 23:50:00,2023-03-16 00:45:00,stop,Pseudo,-0.6932029861697794
EURJPY,B,SHORT,2023-03-15 23:50:00,2023-03-16 00:45:00,stop,Pseudo,-0.7662804445349725
GBPJPY,B,SHORT,2023-03-15 23:50:00,2023-03-16 00:45:00,stop,Pseudo,-0.708840016950818
USDJPY,B,LONG,2023-03-16 00:45:00,2023-03-16 01:20:00,spread_reduced,Real,0.31355063371685254
EURJPY,B,LONG,2023-03-16 00:45:00,2023-03-16 01:20:00,spread_reduced,Real,0.4250517503775845
GBPJPY,B,LONG,2023-03-16 00:45:00,2023-03-16 01:20:00,spread_reduced,Real,0.2874177352865104
USDJPY,B,SHORT,2023-03-16 02:05:00,2023-03-16 02:35:00,spread_reduced,Both,-0.1612821797384682
EURJPY,B,SHORT,2023-03-16 02:05:00,2023-03-16 02:35:00,spread_reduced,Pseudo,-0.13917797609538005
GBPJPY,B,SHORT,2023-03-16 02:05:00,2023-03-16 02:35:00,spread_reduced,Pseudo,-0.33983286292412396
USDJPY,B,LONG,2023-03-16 05:15:00,2023-03-16 05:50:00,spread_reduced,Pseudo,-0.15366786519233067
EURJPY,B,LONG,2023-03-16 05:15:00,2023-03-16 05:50:00,spread_reduced,Pseudo,-0.04439175784916779
GBPJPY,B,LONG,2023-03-16 05:15:00,2023-03-16 05:50:00,spread_reduced,Pseudo,-0.31028398668446017
USDJPY,B,SHORT,2023-03-16 05:55:00,2023-03-16 06:25:00,spread_reduced,Pseudo,-0.4263656256728865
EURJPY,B,SHORT,2023-03-16 05:55:00,2023-03-16 06:25:00,spread_reduced,Pseudo,-0.2776492646590819
GBPJPY,B,SHORT,2023-03-16 05:55:00,2023-03-16 06:25:00,spread_reduced,Pseudo,-0.33894257563386415
USDJPY,B,LONG,2023-03-16 07:10:00,2023-03-16 07:30:00,stop,Pseudo,-0.7452531122943418
EURJPY,B,LONG,2023-03-16 07:10:00,2023-03-16 07:40:00,spread_reduced,Real,-0.08092485280294012
GBPJPY,B,LONG,2023-03-16 07:10:00,2023-03-16 07:40:00,spread_reduced,Real,0.016678610319435332
USDJPY,B,LONG,2023-03-16 07:45:00,2023-03-16 08:10:00,stop,Pseudo,-0.580741310786855
EURJPY,B,LONG,2023-03-16 07:45:00,2023-03-16 08:10:00,spread_reduced,Pseudo,-0.2554428335597529
GBPJPY,B,LONG,2023-03-16 07:45:00,2023-03-16 08:10:00,spread_reduced,Pseudo,-0.03826875909029859
USDJPY,B,SHORT,2023-03-16 08:20:00,2023-03-16 08:35:00,stop,Pseudo,-0.5735611535748752
EURJPY,B,SHORT,2023-03-16 08:20:00,2023-03-16 08:35:00,stop,Pseudo,-0.5541887316237541
GBPJPY,B,SHORT,2023-03-16 08:20:00,2023-03-16 08:50:00,spread_reduced,Real,-0.028967132281657964
USDJPY,B,SHORT,2023-03-16 09:05:00,2023-03-16 09:30:00,spread_reduced,Pseudo,-0.4666112667368605
EURJPY,B,SHORT,2023-03-16 09:05:00,2023-03-16 09:30:00,spread_reduced,Pseudo,-0.28812116672346144
GBPJPY,B,SHORT,2023-03-16 09:05:00,2023-03-16 09:30:00,spread_reduced,Pseudo,-0.07992740132833909
USDJPY,B,SHORT,2023-03-16 11:10:00,2023-03-16 11:35:00,spread_reduced,Pseudo,-0.0948442536179428
EURJPY,B,SHORT,2023-03-16 11:10:00,2023-03-16 11:35:00,spread_reduced,Pseudo,0.03485987228783276
GBPJPY,B,SHORT,2023-03-16 11:10:00,2023-03-16 11:35:00,spread_reduced,Real,-0.22928222656578198
GBPJPY,B,SHORT,2023-03-16 12:05:00,2023-03-16 12:30:00,stop,Pseudo,-0.5000217826163222
USDJPY,B,SHORT,2023-03-16 12:05:00,2023-03-16 12:35:00,spread_reduced,Real,0.039581240538081694
EURJPY,B,SHORT,2023-03-16 12:05:00,2023-03-16 12:35:00,spread_reduced,Pseudo,-0.4014998240731149
USDJPY,B,SHORT,2023-03-16 13:05:00,2023-03-16 13:50:00,spread_reduced,Pseudo,-0.06245423324598617
EURJPY,B,SHORT,2023-03-16 13:05:00,2023-03-16 13:50:00,spread_reduced,Pseudo,-0.27906199164410656
GBPJPY,B,SHORT,2023-03-16 13:05:00,2023-03-16 13:50:00,spread_reduced,Pseudo,-0.3508287954172573
EURJPY,B,LONG,2023-03-16 13:50:00,2023-03-16 14:15:00,stop,Pseudo,-0.6842977000088106
USDJPY,B,LONG,2023-03-16 13:50:00,2023-03-16 14:20:00,spread_reduced,Pseudo,-0.266696615562112
GBPJPY,B,LONG,2023-03-16 13:50:00,2023-03-16 14:20:00,stop,Pseudo,-0.5310059850128039
USDJPY,B,SHORT,2023-03-16 14:20:00,2023-03-16 14:45:00,spread_reduced,Pseudo,-0.3628111643359707
EURJPY,B,SHORT,2023-03-16 14:20:00,2023-03-16 14:45:00,stop,Pseudo,-0.7745246589450824
GBPJPY,B,SHORT,2023-03-16 14:20:00,2023-03-16 14:45:00,stop,Pseudo,-0.9416291136133589
USDJPY,B,LONG,2023-03-16 14:45:00,2023-03-16 15:20:00,spread_reduced,Real,1.5081144323469224
EURJPY,B,LONG,2023-03-16 14:45:00,2023-03-16 15:20:00,spread_reduced,Real,1.7138434430662801
GBPJPY,B,LONG,2023-03-16 14:45:00,2023-03-16 15:20:00,spread_reduced,Real,1.4865605287336752
USDJPY,B,LONG,2023-03-16 15:35:00,2023-03-16 16:10:00,spread_reduced,Pseudo,-0.159840131657855
EURJPY,B,LONG,2023-03-16 15:35:00,2023-03-16 16:10:00,spread_reduced,Pseudo,0.48220197463999526
GBPJPY,B,LONG,2023-03-16 15:35:00,2023-03-16 16:10:00,spread_reduced,Pseudo,0.26235226354143215
USDJPY,B,LONG,2023-03-16 16:45:00,2023-03-16 17:35:00,spread_reduced,Real,1.2026888459523526
EURJPY,B,LONG,2023-03-16 16:45:00,2023-03-16 17:35:00,spread_reduced,Real,0.8901455151109072
GBPJPY,B,LONG,2023-03-16 16:45:00,2023-03-16 17:35:00,spread_reduced,Real,1.1506741804601837
USDJPY,B,LONG,2023-03-16 20:05:00,2023-03-16 21:00:00,spread_reduced,Real,0.12644783799024378
EURJPY,B,LONG,2023-03-16 20:05:00,2023-03-16 21:00:00,spread_reduced,Neither,0.09209956255114746
GBPJPY,B,LONG,2023-03-16 20:05:00,2023-03-16 21:00:00,spread_reduced,Real,-0.023716441783154057
USDJPY,B,LONG,2023-03-17 07:15:00,2023-03-17 07:40:00,spread_reduced,Pseudo,-0.488979544588671
EURJPY,B,LONG,2023-03-17 07:15:00,2023-03-17 07:40:00,stop,Pseudo,-0.6275202827865275
GBPJPY,B,LONG,2023-03-17 07:15:00,2023-03-17 07:40:00,spread_reduced,Pseudo,-0.384011806610111
USDJPY,B,SHORT,2023-03-17 07:45:00,2023-03-17 07:55:00,stop,Pseudo,-0.5164474753810063
EURJPY,B,SHORT,2023-03-17 07:45:00,2023-03-17 08:00:00,stop,Pseudo,-0.667620555886872
GBPJPY,B,SHORT,2023-03-17 07:45:00,2023-03-17 08:00:00,stop,Pseudo,-0.6497642773469389
GBPJPY,B,LONG,2023-03-17 08:10:00,2023-03-17 08:25:00,stop,Pseudo,-0.5604561191155932
USDJPY,B,LONG,2023-03-17 08:10:00,2023-03-17 08:30:00,spread_reduced,Pseudo,-0.3082925041700454
EURJPY,B,LONG,2023-03-17 08:10:00,2023-03-17 08:30:00,spread_reduced,Real,-0.3807270046607414
USDJPY,B,SHORT,2023-03-17 09:05:00,2023-03-17 09:35:00,spread_reduced,Pseudo,-0.07210618478607304
EURJPY,B,SHORT,2023-03-17 09:05:00,2023-03-17 09:35:00,spread_reduced,Pseudo,-0.02186190957538988
GBPJPY,B,SHORT,2023-03-17 09:05:00,2023-03-17 09:35:00,spread_reduced,Pseudo,0.03818328884608313
USDJPY,B,SHORT,2023-03-17 11:10:00,2023-03-17 11:55:00,spread_reduced,Real,0.6439286199265704
EURJPY,B,SHORT,2023-03-17 11:10:00,2023-03-17 11:55:00,spread_reduced,Real,0.8470590940566163
GBPJPY,B,SHORT,2023-03-17 11:10:00,2023-03-17 11:55:00,spread_reduced,Pseudo,0.7028373260939229
USDJPY,B,SHORT,2023-03-17 12:20:00,2023-03-17 12:55:00,spread_reduced,Pseudo,0.15424039387882765
EURJPY,B,SHORT,2023-03-17 12:20:00,2023-03-17 12:55:00,spread_reduced,Pseudo,0.13094149927139753
GBPJPY,B,SHORT,2023-03-17 12:20:00,2023-03-17 12:55:00,spread_reduced,Pseudo,0.07277338923468898
EURJPY,B,LONG,2023-03-17 13:00:00,2023-03-17 13:40:00,spread_reduced,Pseudo,0.07052241234421312
GBPJPY,B,LONG,2023-03-17 13:00:00,2023-03-17 13:40:00,spread_reduced,Both,0.14850886976954433
USDJPY,B,LONG,2023-03-17 13:05:00,2023-03-17 13:40:00,spread_reduced,Pseudo,0.09761165568537382
USDJPY,B,SHORT,2023-03-17 14:20:00,2023-03-17 14:55:00,spread_reduced,Pseudo,0.1708669895865341
EURJPY,B,SHORT,2023-03-17 14:20:00,2023-03-17 14:55:00,spread_reduced,Pseudo,-0.019594831652295735
GBPJPY,B,SHORT,2023-03-17 14:20:00,2023-03-17 14:55:00,spread_reduced,Pseudo,-0.10375872431489519
USDJPY,B,LONG,2023-03-17 15:10:00,2023-03-17 15:40:00,spread_reduced,Pseudo,-0.24665987915339915
EURJPY,B,LONG,2023-03-17 15:10:00,2023-03-17 15:40:00,spread_reduced,Pseudo,-0.19509515149218615
GBPJPY,B,LONG,2023-03-17 15:10:00,2023-03-17 15:40:00,spread_reduced,Pseudo,-0.3953554973073296
USDJPY,B,SHORT,2023-03-17 15:50:00,2023-03-17 16:05:00,spread_reduced,Both,-0.3377658679894295
EURJPY,B,SHORT,2023-03-17 15:50:00,2023-03-17 16:05:00,spread_reduced,Pseudo,-0.4489092800412653
GBPJPY,B,SHORT,2023-03-17 15:50:00,2023-03-17 16:05:00,stop,Pseudo,-0.5946722040732026
EURJPY,B,LONG,2023-03-17 16:10:00,2023-03-17 17:00:00,spread_reduced,Pseudo,0.6589781292458685
GBPJPY,B,LONG,2023-03-17 16:10:00,2023-03-17 17:00:00,spread_reduced,Pseudo,0.5687855148786003
USDJPY,B,LONG,2023-03-17 16:15:00,2023-03-17 17:00:00,spread_reduced,Pseudo,0.1948689753721311
USDJPY,B,SHORT,2023-03-17 18:20:00,2023-03-17 19:00:00,spread_reduced,Pseudo,0.1674761829546882
EURJPY,B,SHORT,2023-03-17 18:20:00,2023-03-17 19:00:00,spread_reduced,Pseudo,-0.08473123899007304
GBPJPY,B,SHORT,2023-03-17 18:20:00,2023-03-17 19:00:00,spread_reduced,Pseudo,-0.2469029897496089
USDJPY,B,LONG,2023-03-19 22:30:00,2023-03-19 23:00:00,spread_reduced,Real,-0.0624387453797004
EURJPY,B,LONG,2023-03-19 22:30:00,2023-03-19 23:00:00,spread_reduced,Real,-0.05853133580209965
GBPJPY,B,LONG,2023-03-19 22:30:00,2023-03-19 23:00:00,spread_reduced,Pseudo,-0.13032230082743457
USDJPY,B,LONG,2023-03-19 23:35:00,2023-03-20 01:15:00,spread_reduced,Pseudo,0.636807715193107
EURJPY,B,LONG,2023-03-19 23:35:00,2023-03-20 01:15:00,spread_reduced,Pseudo,0.7695296507103471
GBPJPY,B,LONG,2023-03-19 23:35:00,2023-03-20 01:15:00,spread_reduced,Pseudo,0.6946415785208012
USDJPY,B,SHORT,2023-03-20 01:35:00,2023-03-20 02:05:00,spread_reduced,Real,0.04970045595927471
EURJPY,B,SHORT,2023-03-20 01:35:00,2023-03-20 02:05:00,spread_reduced,Real,0.026447818402997036
GBPJPY,B,SHORT,2023-03-20 01:35:00,2023-03-20 02:05:00,spread_reduced,Real,-0.010309058195767662
USDJPY,B,SHORT,2023-03-20 02:30:00,2023-03-20 02:50:00,spread_reduced,Pseudo,0.04346388995276248
EURJPY,B,SHORT,2023-03-20 02:30:00,2023-03-20 02:50:00,spread_reduced,Pseudo,-0.18489999082405006
GBPJPY,B,SHORT,2023-03-20 02:30:00,2023-03-20 02:50:00,spread_reduced,Pseudo,-0.18941622719159668
USDJPY,B,SHORT,2023-03-20 03:25:00,2023-03-20 03:55:00,spread_reduced,Real,-0.13451792898666604
EURJPY,B,SHORT,2023-03-20 03:25:00,2023-03-20 03:55:00,spread_reduced,Real,-0.14266320302340024
GBPJPY,B,SHORT,2023-03-20 03:25:00,2023-03-20 03:55:00,spread_reduced,Real,-0.08703717974759921
USDJPY,B,SHORT,2023-03-20 04:30:00,2023-03-20 05:05:00,spread_reduced,Pseudo,0.017046560139085308
EURJPY,B,SHORT,2023-03-20 04:30:00,2023-03-20 05:05:00,spread_reduced,Pseudo,0.021879640552853928
GBPJPY,B,SHORT,2023-03-20 04:30:00,2023-03-20 05:05:00,spread_reduced,Pseudo,-0.09434632787352903
USDJPY,B,SHORT,2023-03-20 06:15:00,2023-03-20 07:35:00,spread_reduced,Pseudo,2.0005510102443598
EURJPY,B,SHORT,2023-03-20 06:15:00,2023-03-20 07:35:00,spread_reduced,Pseudo,2.1114067388469846
GBPJPY,B,SHORT,2023-03-20 06:15:00,2023-03-20 07:35:00,spread_reduced,Pseudo,1.5538166481968338
USDJPY,B,SHORT,2023-03-20 08:10:00,2023-03-20 08:45:00,spread_reduced,Pseudo,-0.21476431305448668
EURJPY,B,SHORT,2023-03-20 08:10:00,2023-03-20 08:45:00,spread_reduced,Pseudo,-0.2638520142187092
GBPJPY,B,SHORT,2023-03-20 08:10:00,2023-03-20 08:45:00,stop,Pseudo,-0.6455942797659228
USDJPY,B,LONG,2023-03-20 08:45:00,2023-03-20 09:15:00,spread_reduced,Both,0.08090207725608423
EURJPY,B,LONG,2023-03-20 08:45:00,2023-03-20 09:15:00,spread_reduced,Pseudo,0.1441774032870195
GBPJPY,B,LONG,2023-03-20 08:45:00,2023-03-20 09:15:00,spread_reduced,Pseudo,-0.0029175455343125973
USDJPY,B,LONG,2023-03-20 09:40:00,2023-03-20 11:05:00,spread_reduced,Real,0.013343523367496484
EURJPY,B,LONG,2023-03-20 09:40:00,2023-03-20 11:05:00,spread_reduced,Real,1.0467104201505133
GBPJPY,B,LONG,2023-03-20 09:40:00,2023-03-20 11:05:00,spread_reduced,Real,0.8934549741170805
USDJPY,B,SHORT,2023-03-20 11:10:00,2023-03-20 11:30:00,spread_reduced,Neither,-0.2293533469914788
EURJPY,B,SHORT,2023-03-20 11:10:00,2023-03-20 11:30:00,spread_reduced,Real,-0.15026439440520475
GBPJPY,B,SHORT,2023-03-20 11:10:00,2023-03-20 11:30:00,spread_reduced,Real,0.04378454373306825
USDJPY,B,LONG,2023-03-20 12:30:00,2023-03-20 13:05:00,spread_reduced,Neither,0.07935635939578431
EURJPY,B,LONG,2023-03-20 12:30:00,2023-03-20 13:05:00,spread_reduced,Real,0.13329318063237672
GBPJPY,B,LONG,2023-03-20 12:30:00,2023-03-20 13:05:00,spread_reduced,Real,0.20768516276103988
USDJPY,B,LONG,2023-03-20 13:30:00,2023-03-20 14:15:00,spread_reduced,Pseudo,0.2935511140181498
EURJPY,B,LONG,2023-03-20 13:30:00,2023-03-20 14:15:00,spread_reduced,Pseudo,-0.03611165419655412
GBPJPY,B,LONG,2023-03-20 13:30:00,2023-03-20 14:15:00,spread_reduced,Pseudo,0.3521704653042246
USDJPY,B,SHORT,2023-03-20 15:55:00,2023-03-20 16:35:00,spread_reduced,Pseudo,0.03355064565287632
EURJPY,B,SHORT,2023-03-20 15:55:00,2023-03-20 16:35:00,spread_reduced,Pseudo,0.06550042524681536
GBPJPY,B,SHORT,2023-03-20 15:55:00,2023-03-20 16:35:00,spread_reduced,Pseudo,-0.20356647843626047
USDJPY,B,LONG,2023-03-20 17:10:00,2023-03-20 17:30:00,spread_reduced,Pseudo,0.047465747478492304
EURJPY,B,LONG,2023-03-20 17:10:00,2023-03-20 17:30:00,spread_reduced,Pseudo,-0.20838023380527945
GBPJPY,B,LONG,2023-03-20 17:10:00,2023-03-20 17:30:00,spread_reduced,Pseudo,-0.17324690282020477
USDJPY,B,SHORT,2023-03-20 17:50:00,2023-03-20 19:25:00,spread_reduced,Pseudo,0.5425671810143455
EURJPY,B,SHORT,2023-03-20 17:50:00,2023-03-20 19:25:00,spread_reduced,Pseudo,0.2982918144380786
GBPJPY,B,SHORT,2023-03-20 17:50:00,2023-03-20 19:25:00,spread_reduced,Pseudo,0.2828029379231545
EURJPY,B,LONG,2023-03-21 00:20:00,2023-03-21 00:30:00,stop,Pseudo,-0.5572393306029211
GBPJPY,B,LONG,2023-03-21 00:20:00,2023-03-21 00:30:00,stop,Pseudo,-0.5674923742802207
USDJPY,B,LONG,2023-03-21 00:20:00,2023-03-21 00:35:00,stop,Pseudo,-0.8266966093915344
USDJPY,B,SHORT,2023-03-21 00:50:00,2023-03-21 01:35:00,spread_reduced,Pseudo,-0.13536907734941947
EURJPY,B,SHORT,2023-03-21 00:50:00,2023-03-21 01:35:00,spread_reduced,Pseudo,-0.07650769792366674
GBPJPY,B,SHORT,2023-03-21 00:50:00,2023-03-21 01:35:00,spread_reduced,Pseudo,-0.06828784931448932
USDJPY,B,LONG,2023-03-21 06:30:00,2023-03-21 08:50:00,spread_reduced,Pseudo,1.3363156170781063
EURJPY,B,LONG,2023-03-21 06:30:00,2023-03-21 08:50:00,spread_reduced,Pseudo,2.010907316031337
GBPJPY,B,LONG,2023-03-21 06:30:00,2023-03-21 08:50:00,spread_reduced,Pseudo,0.9665860093016251
USDJPY,B,SHORT,2023-03-21 12:35:00,2023-03-21 13:05:00,stop,Pseudo,-0.5268107154815886
EURJPY,B,SHORT,2023-03-21 12:35:00,2023-03-21 13:05:00,spread_reduced,Pseudo,-0.324930677728356
GBPJPY,B,SHORT,2023-03-21 12:35:00,2023-03-21 13:05:00,spread_reduced,Pseudo,-0.09271518674114354
USDJPY,B,SHORT,2023-03-21 14:10:00,2023-03-21 15:00:00,spread_reduced,Pseudo,0.822514956640245
EURJPY,B,SHORT,2023-03-21 14:10:00,2023-03-21 15:00:00,spread_reduced,Pseudo,0.6815578426606628
GBPJPY,B,SHORT,2023-03-21 14:10:00,2023-03-21 15:00:00,spread_reduced,Pseudo,0.935558243749135
USDJPY,B,LONG,2023-03-21 15:25:00,2023-03-21 16:00:00,spread_reduced,Pseudo,0.29202177522128875
EURJPY,B,LONG,2023-03-21 15:25:00,2023-03-21 16:00:00,spread_reduced,Pseudo,0.13509940012775465
GBPJPY,B,LONG,2023-03-21 15:25:00,2023-03-21 16:00:00,spread_reduced,Pseudo,0.1375174739113305
USDJPY,B,LONG,2023-03-21 17:10:00,2023-03-21 17:55:00,spread_reduced,Pseudo,-0.15912486515690105
EURJPY,B,LONG,2023-03-21 17:10:00,2023-03-21 17:55:00,spread_reduced,Pseudo,-0.2215157269925087
GBPJPY,B,LONG,2023-03-21 17:10:00,2023-03-21 17:55:00,spread_reduced,Pseudo,0.19291626412691149
USDJPY,B,LONG,2023-03-22 01:35:00,2023-03-22 02:05:00,spread_reduced,Real,-0.32967147798464624
EURJPY,B,LONG,2023-03-22 01:35:00,2023-03-22 02:05:00,spread_reduced,Pseudo,-0.38079142659456594
GBPJPY,B,LONG,2023-03-22 01:35:00,2023-03-22 02:05:00,spread_reduced,Real,-0.2590574996397995
USDJPY,B,SHORT,2023-03-22 02:40:00,2023-03-22 03:10:00,spread_reduced,Pseudo,-0.28034987073429407
EURJPY,B,SHORT,2023-03-22 02:40:00,2023-03-22 03:10:00,spread_reduced,Pseudo,-0.1855600046434258
GBPJPY,B,SHORT,2023-03-22 02:40:00,2023-03-22 03:10:00,spread_reduced,Pseudo,-0.14529542554816052
USDJPY,B,LONG,2023-03-22 10:15:00,2023-03-22 10:50:00,spread_reduced,Pseudo,0.08970142478411289
EURJPY,B,LONG,2023-03-22 10:15:00,2023-03-22 10:50:00,spread_reduced,Real,0.11906412864407893
GBPJPY,B,LONG,2023-03-22 10:15:00,2023-03-22 10:50:00,spread_reduced,Pseudo,0.02944236780163164
USDJPY,B,SHORT,2023-03-22 12:40:00,2023-03-22 13:55:00,spread_reduced,Pseudo,0.2377010192571305
GBPJPY,B,SHORT,2023-03-22 12:40:00,2023-03-22 13:55:00,spread_reduced,Pseudo,1.0125693856251432
USDJPY,B,SHORT,2023-03-22 18:00:00,2023-03-22 18:05:00,stop,Pseudo,-0.934548205886232
EURJPY,B,SHORT,2023-03-22 18:00:00,2023-03-22 18:05:00,stop,Pseudo,-0.5032905197312292
GBPJPY,B,SHORT,2023-03-22 18:00:00,2023-03-22 18:30:00,spread_reduced,Pseudo,-0.20994233430974657
USDJPY,B,SHORT,2023-03-22 18:40:00,2023-03-22 19:00:00,stop,Pseudo,-0.9326295221556702
EURJPY,B,SHORT,2023-03-22 18:40:00,2023-03-22 19:40:00,spread_reduced,Real,0.2418095866068004
GBPJPY,B,SHORT,2023-03-22 18:40:00,2023-03-22 19:40:00,spread_reduced,Real,0.49684740492076757
USDJPY,B,SHORT,2023-03-22 19:05:00,2023-03-22 19:40:00,spread_reduced,Pseudo,0.40600291609467953
USDJPY,B,SHORT,2023-03-22 19:45:00,2023-03-22 20:20:00,spread_reduced,Real,-0.17841110090111023
EURJPY,B,SHORT,2023-03-22 19:45:00,2023-03-22 20:20:00,spread_reduced,Real,0.32046790677116765
GBPJPY,B,SHORT,2023-03-22 19:45:00,2023-03-22 20:20:00,spread_reduced,Real,0.41240534730346834
USDJPY,B,SHORT,2023-03-22 23:20:00,2023-03-22 23:45:00,spread_reduced,Pseudo,-0.01841938567366993
EURJPY,B,SHORT,2023-03-22 23:20:00,2023-03-22 23:45:00,spread_reduced,Both,-0.13051787625798877
GBPJPY,B,SHORT,2023-03-22 23:20:00,2023-03-22 23:45:00,spread_reduced,Both,-0.06929030753151841
USDJPY,B,SHORT,2023-03-23 00:50:00,2023-03-23 01:20:00,spread_reduced,Pseudo,-0.2107762042738622
EURJPY,B,SHORT,2023-03-23 00:50:00,2023-03-23 01:20:00,spread_reduced,Pseudo,-0.33676167793084133
GBPJPY,B,SHORT,2023-03-23 00:50:00,2023-03-23 01:20:00,spread_reduced,Pseudo,-0.10252960164813807
USDJPY,B,LONG,2023-03-23 08:30:00,2023-03-23 09:10:00,spread_reduced,Pseudo,0.19394295858532473
EURJPY,B,LONG,2023-03-23 08:30:00,2023-03-23 09:10:00,spread_reduced,Real,0.26649381060635713
GBPJPY,B,LONG,2023-03-23 08:30:00,2023-03-23 09:10:00,spread_reduced,Real,0.4376020630443289
USDJPY,B,SHORT,2023-03-23 09:20:00,2023-03-23 09:50:00,spread_reduced,Real,-0.04129439661489561
EURJPY,B,SHORT,2023-03-23 09:20:00,2023-03-23 09:50:00,spread_reduced,Real,-0.18173583994229858
GBPJPY,B,SHORT,2023-03-23 09:20:00,2023-03-23 09:50:00,spread_reduced,Real,-0.03198815140607418
GBPJPY,B,LONG,2023-03-23 12:40:00,2023-03-23 12:50:00,stop,Pseudo,-0.6564322925376453
USDJPY,B,LONG,2023-03-23 12:40:00,2023-03-23 12:55:00,spread_reduced,Pseudo,-0.3880758409207467
EURJPY,B,LONG,2023-03-23 12:40:00,2023-03-23 12:55:00,spread_reduced,Pseudo,-0.395520865482335
USDJPY,B,SHORT,2023-03-23 13:10:00,2023-03-23 14:05:00,spread_reduced,Pseudo,0.14150967916452356
EURJPY,B,SHORT,2023-03-23 13:10:00,2023-03-23 14:05:00,spread_reduced,Pseudo,0.07506235313115006
GBPJPY,B,SHORT,2023-03-23 13:10:00,2023-03-23 14:05:00,spread_reduced,Both,-0.06608476066379451
USDJPY,B,SHORT,2023-03-23 15:50:00,2023-03-23 17:00:00,spread_reduced,Pseudo,0.5653136618678131
EURJPY,B,SHORT,2023-03-23 15:50:00,2023-03-23 17:00:00,spread_reduced,Both,0.4945821579083187
GBPJPY,B,SHORT,2023-03-23 15:50:00,2023-03-23 17:00:00,spread_reduced,Pseudo,0.5709455724832724
USDJPY,B,SHORT,2023-03-23 18:20:00,2023-03-23 19:10:00,spread_reduced,Real,0.7859206487662584
EURJPY,B,SHORT,2023-03-23 18:20:00,2023-03-23 19:10:00,spread_reduced,Real,1.475991638738387
GBPJPY,B,SHORT,2023-03-23 18:20:00,2023-03-23 19:10:00,spread_reduced,Real,0.9665773100944186
USDJPY,B,LONG,2023-03-28 06:10:00,2023-03-28 06:50:00,spread_reduced,Pseudo,-0.06809442413047151
EURJPY,B,LONG,2023-03-28 06:10:00,2023-03-28 06:50:00,spread_reduced,Pseudo,-0.03364205973362585
GBPJPY,B,LONG,2023-03-28 06:10:00,2023-03-28 06:50:00,spread_reduced,Pseudo,0.1664261387690491
USDJPY,B,LONG,2023-03-28 07:25:00,2023-03-28 08:05:00,spread_reduced,Real,0.5681326275507697
EURJPY,B,LONG,2023-03-28 07:25:00,2023-03-28 08:05:00,spread_reduced,Real,0.49182130527928675
GBPJPY,B,LONG,2023-03-28 07:25:00,2023-03-28 08:05:00,spread_reduced,Real,0.03405760958408166
USDJPY,B,SHORT,2023-03-28 08:55:00,2023-03-28 09:25:00,spread_reduced,Pseudo,-0.24099498243690398
EURJPY,B,SHORT,2023-03-28 08:55:00,2023-03-28 09:25:00,spread_reduced,Pseudo,-0.3359203312155076
GBPJPY,B,SHORT,2023-03-28 08:55:00,2023-03-28 09:25:00,spread_reduced,Both,-0.0920178771113278
USDJPY,B,SHORT,2023-03-28 09:55:00,2023-03-28 10:15:00,spread_reduced,Pseudo,-0.2705809250753699
EURJPY,B,SHORT,2023-03-28 09:55:00,2023-03-28 10:15:00,spread_reduced,Pseudo,-0.48926631550353744
GBPJPY,B,SHORT,2023-03-28 09:55:00,2023-03-28 10:15:00,stop,Pseudo,-0.6165934264132922
USDJPY,B,LONG,2023-03-28 10:25:00,2023-03-28 10:45:00,spread_reduced,Pseudo,-0.3783710234292285
EURJPY,B,LONG,2023-03-28 10:25:00,2023-03-28 10:45:00,stop,Pseudo,-0.5621626096622053
GBPJPY,B,LONG,2023-03-28 10:25:00,2023-03-28 10:45:00,spread_reduced,Pseudo,-0.4038954187049656
USDJPY,B,LONG,2023-03-28 11:15:00,2023-03-28 11:40:00,spread_reduced,Pseudo,-0.08839670982082234
EURJPY,B,LONG,2023-03-28 11:15:00,2023-03-28 11:40:00,spread_reduced,Pseudo,-0.11230241132827631
GBPJPY,B,LONG,2023-03-28 11:20:00,2023-03-28 11:40:00,spread_reduced,Pseudo,-0.2652685091401782
USDJPY,B,SHORT,2023-03-28 11:50:00,2023-03-28 13:00:00,spread_reduced,Pseudo,0.2273212818805955
EURJPY,B,SHORT,2023-03-28 11:50:00,2023-03-28 13:00:00,spread_reduced,Pseudo,0.12864284715648674
GBPJPY,B,SHORT,2023-03-28 11:50:00,2023-03-28 13:00:00,spread_reduced,Pseudo,0.6294454744654547
USDJPY,B,LONG,2023-03-28 13:25:00,2023-03-28 13:55:00,spread_reduced,Pseudo,-0.0018986655732078361
EURJPY,B,LONG,2023-03-28 13:25:00,2023-03-28 13:55:00,spread_reduced,Pseudo,-0.13587862012624335
GBPJPY,B,LONG,2023-03-28 13:25:00,2023-03-28 13:55:00,spread_reduced,Pseudo,-0.0030652882130333126
USDJPY,B,LONG,2023-03-28 14:25:00,2023-03-28 14:30:00,spread_reduced,Pseudo,-0.338659006419347
EURJPY,B,LONG,2023-03-28 14:25:00,2023-03-28 14:30:00,stop,Pseudo,-0.6052012894293135
GBPJPY,B,LONG,2023-03-28 14:25:00,2023-03-28 14:30:00,stop,Pseudo,-0.5178343327570945
USDJPY,B,LONG,2023-03-28 15:00:00,2023-03-28 15:30:00,spread_reduced,Pseudo,-0.4253655748771198
EURJPY,B,LONG,2023-03-28 15:00:00,2023-03-28 15:30:00,spread_reduced,Pseudo,-0.1990268567205374
GBPJPY,B,LONG,2023-03-28 15:00:00,2023-03-28 15:30:00,spread_reduced,Pseudo,-0.14229998951705478
USDJPY,B,SHORT,2023-03-28 17:10:00,2023-03-28 18:15:00,spread_reduced,Pseudo,0.191783450710951
EURJPY,B,SHORT,2023-03-28 17:10:00,2023-03-28 18:15:00,spread_reduced,Pseudo,0.220316891427171
GBPJPY,B,SHORT,2023-03-28 17:10:00,2023-03-28 18:15:00,spread_reduced,Pseudo,0.4295831039375919
USDJPY,B,LONG,2023-03-29 09:05:00,2023-03-29 09:15:00,stop,Pseudo,-0.655977997182126
EURJPY,B,LONG,2023-03-29 09:05:00,2023-03-29 09:15:00,stop,Pseudo,-0.5098933250318554
GBPJPY,B,LONG,2023-03-29 09:00:00,2023-03-29 09:20:00,stop,Pseudo,-0.6874317747855112
USDJPY,B,LONG,2023-03-29 11:35:00,2023-03-29 13:20:00,spread_reduced,Pseudo,1.005566736612599
EURJPY,B,LONG,2023-03-29 11:35:00,2023-03-29 13:20:00,spread_reduced,Pseudo,0.16514871407835585
GBPJPY,B,LONG,2023-03-29 11:35:00,2023-03-29 13:20:00,spread_reduced,Pseudo,-0.23900572867881684
USDJPY,B,SHORT,2023-03-29 13:45:00,2023-03-29 14:15:00,spread_reduced,Pseudo,-0.01326023142630047
EURJPY,B,SHORT,2023-03-29 13:45:00,2023-03-29 14:15:00,spread_reduced,Pseudo,-0.13437182111064594
GBPJPY,B,SHORT,2023-03-29 13:45:00,2023-03-29 14:15:00,spread_reduced,Pseudo,-0.3466782552550285
USDJPY,B,LONG,2023-03-29 15:10:00,2023-03-29 15:40:00,spread_reduced,Pseudo,-0.09999552355492251
EURJPY,B,LONG,2023-03-29 15:10:00,2023-03-29 15:40:00,spread_reduced,Pseudo,-0.033310446322487586
GBPJPY,B,LONG,2023-03-29 15:10:00,2023-03-29 15:40:00,spread_reduced,Pseudo,-0.22777757305588361
USDJPY,B,LONG,2023-03-30 08:10:00,2023-03-30 08:30:00,spread_reduced,Pseudo,-0.23839028766077983
EURJPY,B,LONG,2023-03-30 08:10:00,2023-03-30 08:30:00,spread_reduced,Real,-0.23696064823534407
GBPJPY,B,LONG,2023-03-30 08:10:00,2023-03-30 08:30:00,spread_reduced,Real,-0.1967083048306506
USDJPY,B,LONG,2023-03-30 09:05:00,2023-03-30 09:15:00,spread_reduced,Pseudo,0.018179491621861388
EURJPY,B,LONG,2023-03-30 09:05:00,2023-03-30 09:15:00,spread_reduced,Pseudo,-0.10488313732751979
GBPJPY,B,LONG,2023-03-30 09:05:00,2023-03-30 09:15:00,spread_reduced,Pseudo,-0.18022131177593734
USDJPY,B,SHORT,2023-03-30 10:35:00,2023-03-30 11:45:00,spread_reduced,Pseudo,0.20416650900415928
GBPJPY,B,SHORT,2023-03-30 10:35:00,2023-03-30 11:45:00,spread_reduced,Pseudo,0.4547836453796158
EURJPY,B,SHORT,2023-03-30 11:15:00,2023-03-30 11:45:00,spread_reduced,Pseudo,-0.34802993297307816
USDJPY,B,LONG,2023-03-30 12:00:00,2023-03-30 13:30:00,spread_reduced,Pseudo,-0.030821502610726508
EURJPY,B,LONG,2023-03-30 12:00:00,2023-03-30 13:30:00,spread_reduced,Pseudo,0.955445038662924
GBPJPY,B,LONG,2023-03-30 12:00:00,2023-03-30 13:30:00,spread_reduced,Pseudo,0.9685472724466997
USDJPY,B,SHORT,2023-03-30 16:35:00,2023-03-30 17:15:00,spread_reduced,Pseudo,-0.07367301054498714
EURJPY,B,SHORT,2023-03-30 16:35:00,2023-03-30 17:15:00,spread_reduced,Real,0.06031709331518383
GBPJPY,B,SHORT,2023-03-30 16:35:00,2023-03-30 17:15:00,spread_reduced,Pseudo,-0.18024326119207384
USDJPY,B,LONG,2023-03-30 22:55:00,2023-03-31 00:55:00,spread_reduced,Pseudo,0.9237618367195685
EURJPY,B,LONG,2023-03-30 22:55:00,2023-03-31 00:55:00,spread_reduced,Pseudo,1.3221521948742303
GBPJPY,B,LONG,2023-03-30 22:55:00,2023-03-31 00:55:00,spread_reduced,Pseudo,1.2563553499453188
USDJPY,B,SHORT,2023-03-31 01:10:00,2023-03-31 01:30:00,spread_reduced,Pseudo,0.05689525562406021
EURJPY,B,SHORT,2023-03-31 01:10:00,2023-03-31 01:30:00,spread_reduced,Pseudo,-0.12133543799230928
GBPJPY,B,SHORT,2023-03-31 01:10:00,2023-03-31 01:30:00,spread_reduced,Pseudo,-0.4193207295254039
USDJPY,B,SHORT,2023-03-31 02:20:00,2023-03-31 02:50:00,spread_reduced,Pseudo,-0.020741942202103424
EURJPY,B,SHORT,2023-03-31 02:20:00,2023-03-31 02:50:00,spread_reduced,Pseudo,0.019777743811825548
GBPJPY,B,SHORT,2023-03-31 02:20:00,2023-03-31 02:50:00,spread_reduced,Pseudo,-0.09437726795387866
USDJPY,B,LONG,2023-03-31 05:30:00,2023-03-31 06:00:00,spread_reduced,Pseudo,-0.18236413315290506
EURJPY,B,LONG,2023-03-31 05:30:00,2023-03-31 06:00:00,spread_reduced,Pseudo,-0.3354399057093153
GBPJPY,B,LONG,2023-03-31 05:30:00,2023-03-31 06:00:00,spread_reduced,Pseudo,-0.2805682472890222
USDJPY,B,LONG,2023-03-31 06:40:00,2023-03-31 07:10:00,spread_reduced,Pseudo,-0.11214880193821664
EURJPY,B,LONG,2023-03-31 06:40:00,2023-03-31 07:10:00,spread_reduced,Pseudo,-0.015845477253824868
GBPJPY,B,LONG,2023-03-31 06:40:00,2023-03-31 07:10:00,spread_reduced,Pseudo,-0.025629396231260003
USDJPY,B,SHORT,2023-03-31 07:15:00,2023-03-31 08:20:00,stop,Pseudo,-0.7234712168634843
EURJPY,B,SHORT,2023-03-31 07:15:00,2023-03-31 08:20:00,spread_reduced,Pseudo,-0.33092570041744673
GBPJPY,B,SHORT,2023-03-31 07:15:00,2023-03-31 08:20:00,spread_reduced,Pseudo,-0.17133474780132535
USDJPY,B,LONG,2023-03-31 08:20:00,2023-03-31 09:05:00,spread_reduced,Pseudo,-0.22943182325985134
EURJPY,B,LONG,2023-03-31 08:20:00,2023-03-31 09:05:00,spread_reduced,Pseudo,-0.2283599563076555
GBPJPY,B,LONG,2023-03-31 08:20:00,2023-03-31 09:05:00,spread_reduced,Pseudo,-0.10046158828924678
USDJPY,B,SHORT,2023-03-31 11:00:00,2023-03-31 11:50:00,spread_reduced,Pseudo,0.19690457553626456
EURJPY,B,SHORT,2023-03-31 11:00:00,2023-03-31 11:50:00,spread_reduced,Pseudo,0.07504828653267145
GBPJPY,B,SHORT,2023-03-31 11:00:00,2023-03-31 11:50:00,spread_reduced,Both,0.1501880803461697
USDJPY,B,SHORT,2023-03-31 12:30:00,2023-03-31 12:40:00,stop,Pseudo,-0.5592313509278728
EURJPY,B,SHORT,2023-03-31 12:30:00,2023-03-31 12:50:00,stop,Pseudo,-0.522942688520119
GBPJPY,B,SHORT,2023-03-31 12:30:00,2023-03-31 12:50:00,stop,Pseudo,-0.61230036491892
USDJPY,B,LONG,2023-03-31 13:00:00,2023-03-31 13:30:00,spread_reduced,Pseudo,-0.4950075183781655
EURJPY,B,LONG,2023-03-31 13:00:00,2023-03-31 13:30:00,spread_reduced,Pseudo,-0.4803700493891302
GBPJPY,B,LONG,2023-03-31 13:00:00,2023-03-31 13:30:00,spread_reduced,Both,-0.3247473611642053
USDJPY,B,SHORT,2023-03-31 15:10:00,2023-03-31 16:45:00,spread_reduced,Real,0.3540263419547681
EURJPY,B,SHORT,2023-03-31 15:10:00,2023-03-31 16:45:00,spread_reduced,Pseudo,0.3395208979782479
EURJPY,B,LONG,2023-04-02 22:00:00,2023-04-02 22:30:00,stop,Pseudo,-0.547385231394156
GBPJPY,B,LONG,2023-04-02 22:00:00,2023-04-02 22:30:00,spread_reduced,Pseudo,-0.1902364705561599
AUDJPY,B,LONG,2023-04-02 22:00:00,2023-04-02 22:30:00,spread_reduced,Pseudo,0.07329210940887343
EURJPY,B,SHORT,2023-04-02 23:15:00,2023-04-02 23:35:00,spread_reduced,Pseudo,0.030397920860162724
GBPJPY,B,SHORT,2023-04-02 23:15:00,2023-04-02 23:35:00,spread_reduced,Pseudo,-0.13964126892214898
AUDJPY,B,SHORT,2023-04-02 23:15:00,2023-04-02 23:35:00,spread_reduced,Pseudo,0.05272337250024813
EURJPY,B,SHORT,2023-04-03 00:00:00,2023-04-03 00:30:00,spread_reduced,Pseudo,-0.1689345552126446
GBPJPY,B,SHORT,2023-04-03 00:00:00,2023-04-03 00:30:00,spread_reduced,Pseudo,-0.2601233667141045
AUDJPY,B,SHORT,2023-04-03 00:00:00,2023-04-03 00:30:00,spread_reduced,Pseudo,-0.40231289804082415
EURJPY,B,LONG,2023-04-03 03:00:00,2023-04-03 03:30:00,spread_reduced,Pseudo,-0.21146461253281532
GBPJPY,B,LONG,2023-04-03 03:00:00,2023-04-03 03:30:00,spread_reduced,Pseudo,-0.20059519523341063
AUDJPY,B,LONG,2023-04-03 03:00:00,2023-04-03 03:30:00,spread_reduced,Pseudo,-0.32760429710295325
EURJPY,B,LONG,2023-04-03 06:10:00,2023-04-03 06:40:00,spread_reduced,Pseudo,0.026842084105786295
GBPJPY,B,LONG,2023-04-03 06:10:00,2023-04-03 06:40:00,spread_reduced,Pseudo,-0.06626322434681124
AUDJPY,B,LONG,2023-04-03 06:10:00,2023-04-03 06:40:00,spread_reduced,Pseudo,0.10683468341624962
EURJPY,B,SHORT,2023-04-03 14:00:00,2023-04-03 14:45:00,spread_reduced,Pseudo,0.13776175623692044
GBPJPY,B,SHORT,2023-04-03 14:00:00,2023-04-03 14:45:00,spread_reduced,Real,0.07174055769173146
AUDJPY,B,SHORT,2023-04-03 14:00:00,2023-04-03 14:45:00,spread_reduced,Pseudo,-0.19321523567465232
EURJPY,B,SHORT,2023-04-03 15:10:00,2023-04-03 15:35:00,spread_reduced,Pseudo,-0.4131221971159782
GBPJPY,B,SHORT,2023-04-03 15:10:00,2023-04-03 15:35:00,spread_reduced,Pseudo,-0.4245765519865034
AUDJPY,B,SHORT,2023-04-03 15:10:00,2023-04-03 15:35:00,stop,Pseudo,-0.5060534735223203
EURJPY,B,LONG,2023-04-04 01:05:00,2023-04-04 01:30:00,spread_reduced,Pseudo,-0.20483250634880287
GBPJPY,B,LONG,2023-04-04 01:05:00,2023-04-04 01:30:00,spread_reduced,Pseudo,-0.24724631321511778
AUDJPY,B,LONG,2023-04-04 01:05:00,2023-04-04 01:30:00,spread_reduced,Pseudo,-0.320211011874035
EURJPY,B,SHORT,2023-04-04 06:10:00,2023-04-04 06:35:00,spread_reduced,Pseudo,-0.20609955880919925
GBPJPY,B,SHORT,2023-04-04 06:10:00,2023-04-04 06:35:00,spread_reduced,Pseudo,-0.2928907862402852
AUDJPY,B,SHORT,2023-04-04 06:10:00,2023-04-04 06:35:00,spread_reduced,Pseudo,-0.4312333719296291
EURJPY,B,LONG,2023-04-04 08:15:00,2023-04-04 08:50:00,spread_reduced,Pseudo,0.0025420678625061774
GBPJPY,B,LONG,2023-04-04 08:15:00,2023-04-04 08:50:00,spread_reduced,Pseudo,-0.0507474327129757
AUDJPY,B,LONG,2023-04-04 08:15:00,2023-04-04 08:50:00,spread_reduced,Pseudo,-0.45331386369188803
EURJPY,B,LONG,2023-04-04 09:15:00,2023-04-04 09:40:00,spread_reduced,Pseudo,-0.45957527476607013
GBPJPY,B,LONG,2023-04-04 09:15:00,2023-04-04 09:40:00,spread_reduced,Real,-0.3292356697455571
AUDJPY,B,LONG,2023-04-04 09:15:00,2023-04-04 09:40:00,spread_reduced,Pseudo,-0.10579637737710239
EURJPY,B,SHORT,2023-04-04 12:20:00,2023-04-04 13:15:00,spread_reduced,Real,0.28553012896085733
GBPJPY,B,SHORT,2023-04-04 12:20:00,2023-04-04 13:15:00,spread_reduced,Real,0.17036779157305246
AUDJPY,B,SHORT,2023-04-04 12:20:00,2023-04-04 13:15:00,spread_reduced,Real,1.039502701122889
EURJPY,B,SHORT,2023-04-04 14:00:00,2023-04-04 14:50:00,spread_reduced,Pseudo,-0.4836103560453461
GBPJPY,B,SHORT,2023-04-04 14:00:00,2023-04-04 14:50:00,spread_reduced,Pseudo,0.35998974867827255
AUDJPY,B,SHORT,2023-04-04 14:00:00,2023-04-04 14:50:00,spread_reduced,Pseudo,0.8470643099749431
EURJPY,B,SHORT,2023-04-04 15:30:00,2023-04-04 16:20:00,spread_reduced,Pseudo,0.3619311881384683
GBPJPY,B,SHORT,2023-04-04 15:30:00,2023-04-04 16:20:00,spread_reduced,Pseudo,0.22152316610587106
AUDJPY,B,SHORT,2023-04-04 15:30:00,2023-04-04 16:20:00,spread_reduced,Pseudo,0.2913308556486971
EURJPY,B,SHORT,2023-04-04 23:20:00,2023-04-04 23:50:00,spread_reduced,Real,0.008420335952941116
GBPJPY,B,SHORT,2023-04-04 23:20:00,2023-04-04 23:50:00,spread_reduced,Real,0.07580381233200188
AUDJPY,B,SHORT,2023-04-04 23:20:00,2023-04-04 23:50:00,spread_reduced,Real,-0.1706580023167111
EURJPY,B,LONG,2023-04-05 02:00:00,2023-04-05 02:55:00,spread_reduced,Real,0.2926609365903795
GBPJPY,B,LONG,2023-04-05 02:00:00,2023-04-05 02:55:00,spread_reduced,Real,0.32097940881192777
AUDJPY,B,LONG,2023-04-05 02:00:00,2023-04-05 02:55:00,spread_reduced,Real,0.2941084647079725
EURJPY,B,SHORT,2023-04-05 05:50:00,2023-04-05 06:30:00,spread_reduced,Pseudo,0.11719172135156905
GBPJPY,B,SHORT,2023-04-05 05:50:00,2023-04-05 06:30:00,spread_reduced,Pseudo,0.0423605566897504
AUDJPY,B,SHORT,2023-04-05 05:50:00,2023-04-05 06:30:00,spread_reduced,Pseudo,-0.18805083380346588
EURJPY,B,SHORT,2023-04-05 07:45:00,2023-04-05 08:30:00,spread_reduced,Pseudo,0.422755118323237
GBPJPY,B,SHORT,2023-04-05 07:45:00,2023-04-05 08:30:00,spread_reduced,Pseudo,0.47176643066992874
AUDJPY,B,SHORT,2023-04-05 07:45:00,2023-04-05 08:30:00,spread_reduced,Pseudo,0.8504868478825072
AUDJPY,B,LONG,2023-04-05 09:00:00,2023-04-05 09:20:00,stop,Pseudo,-0.6880232552477125
EURJPY,B,LONG,2023-04-05 09:00:00,2023-04-05 09:30:00,spread_reduced,Real,-0.10146301064388001
GBPJPY,B,LONG,2023-04-05 09:00:00,2023-04-05 09:30:00,spread_reduced,Pseudo,-0.4731044476474026
EURJPY,B,SHORT,2023-04-05 12:15:00,2023-04-05 12:45:00,spread_reduced,Real,-0.28889523559727515
GBPJPY,B,SHORT,2023-04-05 12:15:00,2023-04-05 12:45:00,spread_reduced,Pseudo,-0.3089193808341051
AUDJPY,B,SHORT,2023-04-05 12:15:00,2023-04-05 12:45:00,spread_reduced,Pseudo,-0.24231012331414153
EURJPY,B,SHORT,2023-04-05 14:00:00,2023-04-05 14:30:00,spread_reduced,Pseudo,-0.2885068378333985
GBPJPY,B,SHORT,2023-04-05 14:00:00,2023-04-05 14:30:00,spread_reduced,Pseudo,-0.44672429268222125
AUDJPY,B,SHORT,2023-04-05 14:00:00,2023-04-05 14:30:00,stop,Pseudo,-0.5785786631776387
EURJPY,B,LONG,2023-04-05 14:30:00,2023-04-05 14:40:00,stop,Pseudo,-0.5780517150947295
GBPJPY,B,LONG,2023-04-05 14:30:00,2023-04-05 14:40:00,stop,Pseudo,-0.917566286528911
AUDJPY,B,LONG,2023-04-05 14:30:00,2023-04-05 14:40:00,stop,Pseudo,-0.6931681432484904
EURJPY,B,SHORT,2023-04-05 14:55:00,2023-04-05 15:10:00,stop,Pseudo,-0.5064400579194069
GBPJPY,B,SHORT,2023-04-05 14:55:00,2023-04-05 15:10:00,stop,Pseudo,-0.6480517543580404
AUDJPY,B,SHORT,2023-04-05 14:55:00,2023-04-05 15:10:00,stop,Pseudo,-0.6945168899935202
EURJPY,B,LONG,2023-04-05 15:30:00,2023-04-05 16:05:00,spread_reduced,Real,0.038833120661256146
GBPJPY,B,LONG,2023-04-05 15:30:00,2023-04-05 16:05:00,spread_reduced,Real,0.07019349152378082
AUDJPY,B,LONG,2023-04-05 15:30:00,2023-04-05 16:05:00,spread_reduced,Pseudo,0.18776833888067834
EURJPY,B,SHORT,2023-04-05 23:15:00,2023-04-05 23:55:00,spread_reduced,Pseudo,0.12063670563133844
GBPJPY,B,SHORT,2023-04-05 23:15:00,2023-04-05 23:55:00,spread_reduced,Pseudo,0.027402550541566484
AUDJPY,B,SHORT,2023-04-05 23:15:00,2023-04-05 23:55:00,spread_reduced,Real,0.2882702567561883
EURJPY,B,LONG,2023-04-06 00:50:00,2023-04-06 01:35:00,spread_reduced,Pseudo,-0.0007635264730095533
GBPJPY,B,LONG,2023-04-06 00:50:00,2023-04-06 01:35:00,spread_reduced,Pseudo,-0.03286202479058087
AUDJPY,B,LONG,2023-04-06 00:50:00,2023-04-06 01:35:00,spread_reduced,Pseudo,-0.20618706033992407
EURJPY,B,LONG,2023-04-06 06:25:00,2023-04-06 06:45:00,spread_reduced,Pseudo,-0.17067504033063674
GBPJPY,B,LONG,2023-04-06 06:25:00,2023-04-06 06:45:00,spread_reduced,Pseudo,-0.02263670414633564
AUDJPY,B,LONG,2023-04-06 06:25:00,2023-04-06 06:45:00,spread_reduced,Pseudo,-0.16427501322306232
GBPJPY,B,SHORT,2023-04-06 08:30:00,2023-04-06 08:50:00,spread_reduced,Pseudo,-0.24690904196433827
EURJPY,B,SHORT,2023-04-06 08:35:00,2023-04-06 08:50:00,spread_reduced,Pseudo,-0.2362138130442097
AUDJPY,B,SHORT,2023-04-06 08:35:00,2023-04-06 08:50:00,spread_reduced,Pseudo,-0.38842201870055904
GBPJPY,B,SHORT,2023-04-06 12:20:00,2023-04-06 12:35:00,stop,Pseudo,-0.5330662911759987
EURJPY,B,SHORT,2023-04-06 12:20:00,2023-04-06 12:40:00,stop,Pseudo,-0.5886325909367034
AUDJPY,B,SHORT,2023-04-06 12:20:00,2023-04-06 12:40:00,spread_reduced,Pseudo,-0.4761227891233825
EURJPY,B,LONG,2023-04-06 14:00:00,2023-04-06 14:35:00,spread_reduced,Pseudo,0.23120080573961016
GBPJPY,B,LONG,2023-04-06 14:00:00,2023-04-06 14:35:00,spread_reduced,Pseudo,0.0628749352100666
AUDJPY,B,LONG,2023-04-06 14:00:00,2023-04-06 14:35:00,spread_reduced,Pseudo,-0.09452492435787127
EURJPY,B,LONG,2023-04-07 12:30:00,2023-04-07 13:45:00,spread_reduced,Pseudo,0.2167986350424626
GBPJPY,B,LONG,2023-04-07 12:30:00,2023-04-07 13:45:00,spread_reduced,Pseudo,-0.14858565534558998
AUDJPY,B,LONG,2023-04-07 12:30:00,2023-04-07 13:45:00,spread_reduced,Pseudo,0.4889045252143287
EURJPY,B,SHORT,2023-04-09 22:20:00,2023-04-09 22:35:00,spread_reduced,Pseudo,-0.43309656598281937
GBPJPY,B,SHORT,2023-04-09 22:20:00,2023-04-09 22:35:00,spread_reduced,Pseudo,-0.3919328682158163
AUDJPY,B,SHORT,2023-04-09 22:20:00,2023-04-09 22:35:00,spread_reduced,Pseudo,-0.4658751725658365
EURJPY,B,LONG,2023-04-10 00:10:00,2023-04-10 01:05:00,spread_reduced,Pseudo,0.17449559663059352
GBPJPY,B,LONG,2023-04-10 00:10:00,2023-04-10 01:05:00,spread_reduced,Pseudo,0.10096376261155746
AUDJPY,B,LONG,2023-04-10 00:10:00,2023-04-10 01:05:00,spread_reduced,Pseudo,-0.220417312571497
EURJPY,B,LONG,2023-04-10 11:15:00,2023-04-10 12:10:00,spread_reduced,Pseudo,0.172125699848739
GBPJPY,B,LONG,2023-04-10 11:15:00,2023-04-10 12:10:00,spread_reduced,Pseudo,0.09073594474706681
AUDJPY,B,LONG,2023-04-10 11:15:00,2023-04-10 12:10:00,spread_reduced,Pseudo,0.11344244507912235
EURJPY,B,LONG,2023-04-10 14:05:00,2023-04-10 15:25:00,spread_reduced,Real,0.2786093488818716
GBPJPY,B,LONG,2023-04-10 14:05:00,2023-04-10 15:25:00,spread_reduced,Neither,0.3202815504194471
AUDJPY,B,LONG,2023-04-10 14:05:00,2023-04-10 15:25:00,spread_reduced,Real,0.5404743899062314
EURJPY,B,SHORT,2023-04-11 07:40:00,2023-04-11 08:05:00,spread_reduced,Pseudo,-0.2824031761114269
GBPJPY,B,SHORT,2023-04-11 07:40:00,2023-04-11 08:05:00,spread_reduced,Pseudo,-0.33085963005892916
AUDJPY,B,SHORT,2023-04-11 07:40:00,2023-04-11 08:05:00,spread_reduced,Pseudo,-0.16687844236170277
EURJPY,B,LONG,2023-04-11 14:05:00,2023-04-11 14:40:00,spread_reduced,Real,-0.0638667594509886
GBPJPY,B,LONG,2023-04-11 14:05:00,2023-04-11 14:40:00,spread_reduced,Pseudo,0.017626284746367443
AUDJPY,B,LONG,2023-04-11 14:05:00,2023-04-11 14:40:00,spread_reduced,Pseudo,-0.30719912994459087
EURJPY,B,SHORT,2023-04-12 12:30:00,2023-04-12 13:00:00,spread_reduced,Pseudo,0.041294217179688175
GBPJPY,B,SHORT,2023-04-12 12:30:00,2023-04-12 13:00:00,spread_reduced,Real,-0.13638860517017903
AUDJPY,B,SHORT,2023-04-12 12:30:00,2023-04-12 13:00:00,spread_reduced,Real,0.13463023378568195
EURJPY,B,LONG,2023-04-12 13:40:00,2023-04-12 14:10:00,spread_reduced,Both,0.0001549396400069014
GBPJPY,B,LONG,2023-04-12 13:40:00,2023-04-12 14:10:00,spread_reduced,Pseudo,-0.03260070657299756
AUDJPY,B,LONG,2023-04-12 13:40:00,2023-04-12 14:10:00,spread_reduced,Pseudo,-0.04282121162868524
EURJPY,B,SHORT,2023-04-12 15:15:00,2023-04-12 15:35:00,spread_reduced,Pseudo,-0.3294580657793311
GBPJPY,B,SHORT,2023-04-12 15:15:00,2023-04-12 15:35:00,spread_reduced,Both,-0.2396125696429626
AUDJPY,B,SHORT,2023-04-12 15:15:00,2023-04-12 15:35:00,spread_reduced,Real,-0.012921720846215123
EURJPY,B,LONG,2023-04-12 17:05:00,2023-04-12 17:40:00,spread_reduced,Real,0.06835290479053255
GBPJPY,B,LONG,2023-04-12 17:05:00,2023-04-12 17:40:00,spread_reduced,Real,0.24281777888150263
AUDJPY,B,LONG,2023-04-12 17:05:00,2023-04-12 17:40:00,spread_reduced,Real,0.08226002103713567
EURJPY,B,SHORT,2023-04-12 18:25:00,2023-04-12 18:55:00,spread_reduced,Pseudo,-0.18091935676411985
GBPJPY,B,SHORT,2023-04-12 18:25:00,2023-04-12 18:55:00,spread_reduced,Pseudo,-0.1328245100808978
AUDJPY,B,SHORT,2023-04-12 18:25:00,2023-04-12 18:55:00,spread_reduced,Pseudo,-0.1493727580423876
EURJPY,B,LONG,2023-04-13 00:50:00,2023-04-13 01:10:00,spread_reduced,Pseudo,-0.3967522877258804
GBPJPY,B,LONG,2023-04-13 00:50:00,2023-04-13 01:10:00,spread_reduced,Pseudo,-0.3149755365088695
AUDJPY,B,LONG,2023-04-13 00:50:00,2023-04-13 01:10:00,stop,Pseudo,-0.6090643464971753
EURJPY,B,LONG,2023-04-13 01:45:00,2023-04-13 02:25:00,spread_reduced,Pseudo,0.039969187368186596
GBPJPY,B,LONG,2023-04-13 01:45:00,2023-04-13 02:25:00,spread_reduced,Pseudo,0.05759339603524557
AUDJPY,B,LONG,2023-04-13 01:45:00,2023-04-13 02:25:00,spread_reduced,Pseudo,-0.14710859721337827
EURJPY,B,LONG,2023-04-13 08:40:00,2023-04-13 09:20:00,spread_reduced,Pseudo,0.026268567030548105
GBPJPY,B,LONG,2023-04-13 08:40:00,2023-04-13 09:20:00,spread_reduced,Pseudo,-0.1205827500475598
AUDJPY,B,LONG,2023-04-13 08:40:00,2023-04-13 09:20:00,spread_reduced,Real,-0.06318907114951275
EURJPY,B,LONG,2023-04-13 11:50:00,2023-04-13 12:15:00,spread_reduced,Pseudo,-0.23139168788377518
GBPJPY,B,LONG,2023-04-13 11:50:00,2023-04-13 12:15:00,spread_reduced,Pseudo,-0.28636694713257693
AUDJPY,B,LONG,2023-04-13 11:50:00,2023-04-13 12:15:00,spread_reduced,Pseudo,-0.3319272917083153
EURJPY,B,SHORT,2023-04-13 12:35:00,2023-04-13 14:05:00,spread_reduced,Real,0.9097224057705116
GBPJPY,B,SHORT,2023-04-13 12:35:00,2023-04-13 14:05:00,spread_reduced,Pseudo,1.3477147860186205
AUDJPY,B,SHORT,2023-04-13 12:35:00,2023-04-13 14:05:00,spread_reduced,Pseudo,0.3664827310737954
EURJPY,B,LONG,2023-04-13 14:15:00,2023-04-13 14:40:00,spread_reduced,Real,0.08215372720821179
GBPJPY,B,LONG,2023-04-13 14:15:00,2023-04-13 14:40:00,spread_reduced,Real,-0.20358265003187864
AUDJPY,B,LONG,2023-04-13 14:15:00,2023-04-13 14:40:00,spread_reduced,Real,-0.14689963366635678
EURJPY,B,LONG,2023-04-17 05:10:00,2023-04-17 05:35:00,spread_reduced,Pseudo,-0.20115575434842548
GBPJPY,B,LONG,2023-04-17 05:10:00,2023-04-17 05:35:00,spread_reduced,Pseudo,-0.18466567291930414
AUDJPY,B,LONG,2023-04-17 05:10:00,2023-04-17 05:35:00,spread_reduced,Pseudo,-0.24625974718417432
EURJPY,B,SHORT,2023-04-17 08:05:00,2023-04-17 09:10:00,spread_reduced,Real,0.24484629465874413
GBPJPY,B,SHORT,2023-04-17 08:05:00,2023-04-17 09:10:00,spread_reduced,Neither,0.5411981989996336
AUDJPY,B,SHORT,2023-04-17 08:05:00,2023-04-17 09:10:00,spread_reduced,Pseudo,-0.07053129103185007
EURJPY,B,LONG,2023-04-17 13:30:00,2023-04-17 13:50:00,spread_reduced,Pseudo,-0.37508831188344993
GBPJPY,B,LONG,2023-04-17 13:30:00,2023-04-17 13:50:00,stop,Pseudo,-0.5357556070801166
AUDJPY,B,LONG,2023-04-17 13:30:00,2023-04-17 13:50:00,spread_reduced,Real,-0.14078611039466024
EURJPY,B,SHORT,2023-04-17 14:00:00,2023-04-17 14:30:00,spread_reduced,Real,-0.15325249892110077
GBPJPY,B,SHORT,2023-04-17 14:00:00,2023-04-17 14:30:00,spread_reduced,Pseudo,-0.28240517233106094
AUDJPY,B,SHORT,2023-04-17 14:00:00,2023-04-17 14:30:00,stop,Pseudo,-0.644413800785874
EURJPY,B,LONG,2023-04-18 01:25:00,2023-04-18 01:55:00,spread_reduced,Pseudo,-0.12451941610869266
GBPJPY,B,LONG,2023-04-18 01:25:00,2023-04-18 01:55:00,spread_reduced,Pseudo,-0.03255179760234632
AUDJPY,B,LONG,2023-04-18 01:25:00,2023-04-18 01:55:00,spread_reduced,Pseudo,0.07199154988228133
AUDJPY,B,LONG,2023-04-19 06:00:00,2023-04-19 06:10:00,stop,Pseudo,-0.644484855682063
EURJPY,B,LONG,2023-04-19 06:00:00,2023-04-19 06:30:00,spread_reduced,Pseudo,-0.16935690689978689
GBPJPY,B,LONG,2023-04-19 06:00:00,2023-04-19 06:30:00,spread_reduced,Real,-0.03547229759089573
GBPJPY,B,SHORT,2023-04-19 09:50:00,2023-04-19 10:10:00,stop,Pseudo,-0.529625928760528
EURJPY,B,SHORT,2023-04-19 09:50:00,2023-04-19 10:30:00,spread_reduced,Pseudo,-0.09717365235391759
AUDJPY,B,SHORT,2023-04-19 09:50:00,2023-04-19 10:30:00,spread_reduced,Pseudo,-0.22715886254517
AUDJPY,B,SHORT,2023-04-20 12:30:00,2023-04-20 12:50:00,stop,Pseudo,-0.6919506083196877
EURJPY,B,SHORT,2023-04-20 12:30:00,2023-04-20 12:55:00,spread_reduced,Pseudo,-0.48795785291821936
GBPJPY,B,SHORT,2023-04-20 12:30:00,2023-04-20 12:55:00,spread_reduced,Pseudo,-0.4846408289948349
EURJPY,B,SHORT,2023-04-21 01:45:00,2023-04-21 02:15:00,spread_reduced,Pseudo,-0.09636121518970717
GBPJPY,B,SHORT,2023-04-21 01:45:00,2023-04-21 02:15:00,spread_reduced,Pseudo,-0.16563091050381118
AUDJPY,B,SHORT,2023-04-21 01:45:00,2023-04-21 02:15:00,spread_reduced,Pseudo,-0.06297048432809169
EURJPY,B,SHORT,2023-04-21 08:35:00,2023-04-21 09:15:00,spread_reduced,Pseudo,0.010353942084965578
GBPJPY,B,SHORT,2023-04-21 08:35:00,2023-04-21 09:15:00,spread_reduced,Pseudo,0.36287701970276015
AUDJPY,B,SHORT,2023-04-21 08:35:00,2023-04-21 09:15:00,spread_reduced,Real,-0.1880710013979492
EURJPY,B,LONG,2023-04-21 11:20:00,2023-04-21 11:50:00,spread_reduced,Pseudo,-0.25161298597120574
GBPJPY,B,LONG,2023-04-21 11:20:00,2023-04-21 11:50:00,spread_reduced,Pseudo,-0.20640350046063904
AUDJPY,B,LONG,2023-04-21 11:20:00,2023-04-21 11:50:00,spread_reduced,Pseudo,-0.2509428301563643
EURJPY,B,LONG,2023-04-21 13:45:00,2023-04-21 14:40:00,spread_reduced,Pseudo,0.3059163474986212
GBPJPY,B,LONG,2023-04-21 13:45:00,2023-04-21 14:40:00,spread_reduced,Pseudo,0.4446465112718142
AUDJPY,B,LONG,2023-04-21 13:45:00,2023-04-21 14:40:00,spread_reduced,Pseudo,0.007466294837055187
EURJPY,B,LONG,2023-04-24 07:30:00,2023-04-24 08:40:00,spread_reduced,Pseudo,0.6129397162872123
GBPJPY,B,LONG,2023-04-24 07:30:00,2023-04-24 08:40:00,spread_reduced,Pseudo,0.2280958012464603
AUDJPY,B,LONG,2023-04-24 07:30:00,2023-04-24 08:40:00,spread_reduced,Pseudo,0.2732830334257752
EURJPY,B,LONG,2023-04-24 10:20:00,2023-04-24 11:40:00,spread_reduced,Pseudo,-0.1259320427240418
GBPJPY,B,LONG,2023-04-24 10:20:00,2023-04-24 11:40:00,spread_reduced,Pseudo,-0.13401069390506226
AUDJPY,B,LONG,2023-04-24 10:20:00,2023-04-24 11:40:00,spread_reduced,Pseudo,0.11123274386282134
AUDJPY,B,SHORT,2023-04-24 14:50:00,2023-04-24 15:55:00,spread_reduced,Pseudo,0.47096007986602295
EURJPY,B,LONG,2023-04-25 00:50:00,2023-04-25 01:35:00,spread_reduced,Pseudo,-0.17496951223894275
GBPJPY,B,LONG,2023-04-25 00:50:00,2023-04-25 01:35:00,spread_reduced,Pseudo,-0.1396180916000874
AUDJPY,B,LONG,2023-04-25 00:50:00,2023-04-25 01:35:00,spread_reduced,Both,0.0055636756061498245
EURJPY,B,LONG,2023-04-25 06:55:00,2023-04-25 07:00:00,stop,Pseudo,-0.864767031714601
GBPJPY,B,LONG,2023-04-25 06:55:00,2023-04-25 07:00:00,stop,Pseudo,-0.7417364796458159
AUDJPY,B,LONG,2023-04-25 06:55:00,2023-04-25 07:00:00,spread_reduced,Pseudo,-0.3340696198155987
EURJPY,B,SHORT,2023-04-25 07:20:00,2023-04-25 07:50:00,spread_reduced,Both,-0.13062815178366272
GBPJPY,B,SHORT,2023-04-25 07:20:00,2023-04-25 07:50:00,spread_reduced,Real,-0.21297311382221612
AUDJPY,B,SHORT,2023-04-25 07:20:00,2023-04-25 07:50:00,spread_reduced,Pseudo,0.3335702966815365
EURJPY,B,LONG,2023-04-25 08:45:00,2023-04-25 09:15:00,spread_reduced,Pseudo,-0.20589981640606325
GBPJPY,B,LONG,2023-04-25 08:45:00,2023-04-25 09:15:00,spread_reduced,Pseudo,-0.15902457285636257
AUDJPY,B,LONG,2023-04-25 08:45:00,2023-04-25 09:15:00,spread_reduced,Pseudo,-0.0483635747840309
EURJPY,B,SHORT,2023-04-25 09:25:00,2023-04-25 10:20:00,spread_reduced,Pseudo,0.14664465955083195
GBPJPY,B,SHORT,2023-04-25 09:25:00,2023-04-25 10:20:00,spread_reduced,Pseudo,-0.22521826160071257
AUDJPY,B,SHORT,2023-04-25 09:25:00,2023-04-25 10:20:00,spread_reduced,Pseudo,-0.20528253779554068
EURJPY,B,SHORT,2023-04-25 12:45:00,2023-04-25 13:35:00,spread_reduced,Pseudo,0.34105036377463094
GBPJPY,B,SHORT,2023-04-25 12:45:00,2023-04-25 13:35:00,spread_reduced,Pseudo,0.5098853844610248
AUDJPY,B,SHORT,2023-04-25 12:45:00,2023-04-25 13:35:00,spread_reduced,Pseudo,0.527255447551019
EURJPY,B,SHORT,2023-04-25 14:35:00,2023-04-25 15:00:00,spread_reduced,Pseudo,-0.10876691736131743
GBPJPY,B,SHORT,2023-04-25 14:35:00,2023-04-25 15:00:00,spread_reduced,Pseudo,-0.23352303407368308
AUDJPY,B,SHORT,2023-04-25 14:35:00,2023-04-25 15:00:00,spread_reduced,Pseudo,-0.33791709930290165
EURJPY,B,LONG,2023-04-25 15:10:00,2023-04-25 15:35:00,spread_reduced,Pseudo,-0.3203837238000181
GBPJPY,B,LONG,2023-04-25 15:10:00,2023-04-25 15:35:00,spread_reduced,Pseudo,-0.37139944551430515
AUDJPY,B,LONG,2023-04-25 15:10:00,2023-04-25 15:35:00,spread_reduced,Pseudo,-0.2961051083204177
EURJPY,B,SHORT,2023-04-25 17:10:00,2023-04-25 18:30:00,spread_reduced,Pseudo,0.49099613809759174
GBPJPY,B,SHORT,2023-04-25 17:10:00,2023-04-25 18:30:00,spread_reduced,Pseudo,0.3523202127105515
AUDJPY,B,SHORT,2023-04-25 17:10:00,2023-04-25 18:30:00,spread_reduced,Pseudo,0.7849984159288281
EURJPY,B,LONG,2023-04-25 18:45:00,2023-04-25 19:30:00,spread_reduced,Pseudo,-0.04535543356676275
GBPJPY,B,LONG,2023-04-25 18:45:00,2023-04-25 19:30:00,spread_reduced,Pseudo,-0.008493010961507785
AUDJPY,B,LONG,2023-04-25 18:45:00,2023-04-25 19:30:00,spread_reduced,Pseudo,0.039876753945270835
EURJPY,B,LONG,2023-04-25 20:10:00,2023-04-25 21:10:00,spread_reduced,Pseudo,0.12400000906690838
GBPJPY,B,LONG,2023-04-25 20:10:00,2023-04-25 21:10:00,spread_reduced,Pseudo,0.17238860748107027
AUDJPY,B,LONG,2023-04-25 20:10:00,2023-04-25 21:10:00,spread_reduced,Pseudo,0.4144038953057076
EURJPY,B,SHORT,2023-04-26 07:50:00,2023-04-26 08:15:00,spread_reduced,Pseudo,-0.471437875060469
GBPJPY,B,SHORT,2023-04-26 07:50:00,2023-04-26 08:15:00,spread_reduced,Pseudo,-0.3936231816317193
AUDJPY,B,SHORT,2023-04-26 07:50:00,2023-04-26 08:15:00,spread_reduced,Pseudo,-0.42507343626548477
EURJPY,B,LONG,2023-04-26 08:20:00,2023-04-26 08:50:00,spread_reduced,Real,0.1979803509967552
GBPJPY,B,LONG,2023-04-26 08:20:00,2023-04-26 08:50:00,spread_reduced,Real,-0.005533936664692263
AUDJPY,B,LONG,2023-04-26 08:20:00,2023-04-26 08:50:00,spread_reduced,Neither,-0.48653256688779845
EURJPY,B,LONG,2023-04-26 10:40:00,2023-04-26 11:00:00,spread_reduced,Real,-0.44039630108679473
GBPJPY,B,LONG,2023-04-26 10:40:00,2023-04-26 11:00:00,spread_reduced,Real,-0.05556070568205988
AUDJPY,B,LONG,2023-04-26 10:40:00,2023-04-26 11:00:00,spread_reduced,Pseudo,-0.40035982024455574
EURJPY,B,SHORT,2023-04-26 11:10:00,2023-04-26 11:40:00,stop,Pseudo,-1.7219717632187919
GBPJPY,B,SHORT,2023-04-26 11:10:00,2023-04-26 11:40:00,stop,Pseudo,-1.2984068908763469
AUDJPY,B,SHORT,2023-04-26 11:10:00,2023-04-26 11:40:00,stop,Pseudo,-1.7503588318055208
GBPJPY,B,LONG,2023-04-26 11:40:00,2023-04-26 11:50:00,stop,Pseudo,-0.5166920276333439
AUDJPY,B,LONG,2023-04-26 11:40:00,2023-04-26 11:50:00,stop,Pseudo,-0.5274338721679521
EURJPY,B,LONG,2023-04-26 11:40:00,2023-04-26 12:10:00,stop,Pseudo,-0.555608395209332
GBPJPY,B,LONG,2023-04-26 11:55:00,2023-04-26 12:10:00,spread_reduced,Pseudo,-0.2303512649376449
AUDJPY,B,LONG,2023-04-26 11:55:00,2023-04-26 12:10:00,spread_reduced,Both,-0.02610315231099669
GBPJPY,B,SHORT,2023-04-26 13:20:00,2023-04-26 13:55:00,spread_reduced,Pseudo,0.39964529306553886
AUDJPY,B,SHORT,2023-04-26 13:20:00,2023-04-26 13:55:00,spread_reduced,Pseudo,-0.33101464770172545
EURJPY,B,SHORT,2023-04-26 13:25:00,2023-04-26 13:55:00,spread_reduced,Pseudo,-0.0021980357309085248
AUDJPY,B,SHORT,2023-04-26 14:20:00,2023-04-26 14:40:00,stop,Pseudo,-0.5647970317890216
EURJPY,B,SHORT,2023-04-26 14:20:00,2023-04-26 14:45:00,spread_reduced,Real,-0.01236538538925321
GBPJPY,B,SHORT,2023-04-26 14:20:00,2023-04-26 14:45:00,spread_reduced,Real,-0.19418536012660859
EURJPY,B,LONG,2023-04-26 15:05:00,2023-04-26 16:20:00,spread_reduced,Pseudo,0.7112827062067211
GBPJPY,B,LONG,2023-04-26 15:05:00,2023-04-26 16:20:00,spread_reduced,Pseudo,0.8405583841381385
AUDJPY,B,LONG,2023-04-26 15:05:00,2023-04-26 16:20:00,spread_reduced,Pseudo,0.7672442241034954
EURJPY,B,SHORT,2023-04-26 18:55:00,2023-04-26 19:25:00,spread_reduced,Pseudo,-0.06437097008412293
GBPJPY,B,SHORT,2023-04-26 18:55:00,2023-04-26 19:25:00,spread_reduced,Pseudo,-0.33418678346386343
AUDJPY,B,SHORT,2023-04-26 18:55:00,2023-04-26 19:25:00,spread_reduced,Pseudo,-0.42182965247161697
EURJPY,B,SHORT,2023-04-27 07:20:00,2023-04-27 07:45:00,spread_reduced,Pseudo,-0.41882766417219075
GBPJPY,B,SHORT,2023-04-27 07:20:00,2023-04-27 07:45:00,spread_reduced,Pseudo,-0.24758334339347599
AUDJPY,B,SHORT,2023-04-27 07:20:00,2023-04-27 07:45:00,spread_reduced,Pseudo,-0.2878690329316906
EURJPY,B,LONG,2023-04-27 12:35:00,2023-04-27 13:10:00,spread_reduced,Pseudo,0.16973165317294797
GBPJPY,B,LONG,2023-04-27 12:35:00,2023-04-27 13:10:00,spread_reduced,Pseudo,0.4177022811853911
AUDJPY,B,LONG,2023-04-27 12:40:00,2023-04-27 13:10:00,spread_reduced,Pseudo,-0.0863319654546002
AUDJPY,B,LONG,2023-04-28 01:50:00,2023-04-28 02:05:00,stop,Pseudo,-0.6507495381942545
EURJPY,B,LONG,2023-04-28 01:50:00,2023-04-28 02:15:00,stop,Pseudo,-0.6545562658750725
GBPJPY,B,LONG,2023-04-28 01:50:00,2023-04-28 02:15:00,stop,Pseudo,-0.546691401599612
EURJPY,B,SHORT,2023-04-28 03:35:00,2023-04-28 04:00:00,stop,Pseudo,-1.821061895489695
GBPJPY,B,SHORT,2023-04-28 03:35:00,2023-04-28 04:00:00,stop,Pseudo,-1.698151202801072
AUDJPY,B,SHORT,2023-04-28 03:35:00,2023-04-28 04:00:00,stop,Pseudo,-1.5872919086731645
EURJPY,B,LONG,2023-04-28 04:00:00,2023-04-28 04:40:00,spread_reduced,Real,0.31276374538339685
GBPJPY,B,LONG,2023-04-28 04:00:00,2023-04-28 04:40:00,spread_reduced,Real,0.34485612324760184
AUDJPY,B,LONG,2023-04-28 04:00:00,2023-04-28 04:40:00,spread_reduced,Real,0.01885922528632733
EURJPY,B,LONG,2023-04-28 06:20:00,2023-04-28 07:15:00,spread_reduced,Pseudo,0.7626708091276562
GBPJPY,B,LONG,2023-04-28 06:20:00,2023-04-28 07:15:00,spread_reduced,Pseudo,1.1010394423605074
AUDJPY,B,LONG,2023-04-28 06:20:00,2023-04-28 07:15:00,spread_reduced,Pseudo,-0.005480022139366566
EURJPY,B,SHORT,2023-04-28 08:00:00,2023-04-28 08:40:00,spread_reduced,Pseudo,-0.18909327370090584
GBPJPY,B,SHORT,2023-04-28 08:00:00,2023-04-28 08:40:00,spread_reduced,Pseudo,0.03274732411088592
AUDJPY,B,SHORT,2023-04-28 08:00:00,2023-04-28 08:40:00,spread_reduced,Real,0.22388378296955835
EURJPY,B,LONG,2023-04-28 09:15:00,2023-04-28 10:25:00,spread_reduced,Pseudo,0.22551866007347598
GBPJPY,B,LONG,2023-04-28 09:15:00,2023-04-28 10:25:00,spread_reduced,Pseudo,0.728643779846679
AUDJPY,B,LONG,2023-04-28 09:15:00,2023-04-28 10:25:00,spread_reduced,Pseudo,0.45652278015954434
EURJPY,B,LONG,2023-04-28 13:55:00,2023-04-28 14:55:00,spread_reduced,Pseudo,0.9993019563265075
GBPJPY,B,LONG,2023-04-28 13:55:00,2023-04-28 14:55:00,spread_reduced,Pseudo,1.27234552377035
AUDJPY,B,LONG,2023-04-28 13:55:00,2023-04-28 14:55:00,spread_reduced,Pseudo,0.9138882385178645
USDJPY,B,SHORT,2023-05-01 07:15:00,2023-05-01 07:45:00,spread_reduced,Real,-0.18001827482705401
NZDJPY,B,SHORT,2023-05-01 07:15:00,2023-05-01 07:45:00,spread_reduced,Real,0.046980540785483235
CHFJPY,B,SHORT,2023-05-01 07:15:00,2023-05-01 07:45:00,spread_reduced,Real,-0.08860025637498956
USDJPY,B,LONG,2023-05-02 04:30:00,2023-05-02 05:30:00,spread_reduced,Pseudo,0.10939993025342136
NZDJPY,B,LONG,2023-05-02 04:30:00,2023-05-02 05:30:00,spread_reduced,Pseudo,0.7007096675514617
CHFJPY,B,LONG,2023-05-02 04:30:00,2023-05-02 05:30:00,spread_reduced,Pseudo,0.2954703583350297
USDJPY,B,LONG,2023-05-02 07:15:00,2023-05-02 07:30:00,spread_reduced,Pseudo,-0.2053688761456396
NZDJPY,B,LONG,2023-05-02 07:15:00,2023-05-02 07:30:00,spread_reduced,Pseudo,-0.36744339911291374
CHFJPY,B,LONG,2023-05-02 07:15:00,2023-05-02 07:30:00,spread_reduced,Pseudo,-0.389535950191459
USDJPY,B,SHORT,2023-05-02 07:45:00,2023-05-02 08:55:00,spread_reduced,Pseudo,0.13245981197892073
NZDJPY,B,SHORT,2023-05-02 07:45:00,2023-05-02 08:55:00,spread_reduced,Pseudo,0.4041071073601262
CHFJPY,B,SHORT,2023-05-02 07:45:00,2023-05-02 08:55:00,spread_reduced,Real,0.3886319564273544
USDJPY,B,SHORT,2023-05-02 13:50:00,2023-05-02 14:20:00,spread_reduced,Real,1.2410064202140378
NZDJPY,B,SHORT,2023-05-02 13:50:00,2023-05-02 14:20:00,spread_reduced,Real,1.2194550426859834
CHFJPY,B,SHORT,2023-05-02 13:50:00,2023-05-02 14:20:00,spread_reduced,Real,0.5827118330684982
USDJPY,B,SHORT,2023-05-02 23:00:00,2023-05-02 23:30:00,spread_reduced,Pseudo,0.022427823099246957
NZDJPY,B,SHORT,2023-05-02 23:00:00,2023-05-02 23:30:00,spread_reduced,Pseudo,-0.18905994352169664
CHFJPY,B,SHORT,2023-05-02 23:00:00,2023-05-02 23:30:00,spread_reduced,Pseudo,-0.07563183639451114
USDJPY,B,SHORT,2023-05-03 01:40:00,2023-05-03 02:25:00,spread_reduced,Pseudo,0.08127382880936582
NZDJPY,B,SHORT,2023-05-03 01:40:00,2023-05-03 02:25:00,spread_reduced,Pseudo,-0.08484164561983754
CHFJPY,B,SHORT,2023-05-03 01:40:00,2023-05-03 02:25:00,spread_reduced,Pseudo,0.11090917455506648
NZDJPY,B,SHORT,2023-05-03 07:05:00,2023-05-03 07:15:00,stop,Pseudo,-0.5899141992571355
USDJPY,B,SHORT,2023-05-03 07:05:00,2023-05-03 07:20:00,spread_reduced,Pseudo,-0.35802475068084466
CHFJPY,B,SHORT,2023-05-03 07:05:00,2023-05-03 07:20:00,stop,Pseudo,-0.6688919758271646
USDJPY,B,SHORT,2023-05-03 08:00:00,2023-05-03 08:35:00,spread_reduced,Pseudo,0.14779311807526047
USDJPY,B,SHORT,2023-05-03 10:45:00,2023-05-03 11:10:00,spread_reduced,Pseudo,-0.21605472946495397
NZDJPY,B,SHORT,2023-05-03 10:45:00,2023-05-03 11:10:00,spread_reduced,Pseudo,-0.30056439750395886
CHFJPY,B,SHORT,2023-05-03 10:45:00,2023-05-03 11:10:00,spread_reduced,Pseudo,-0.21355538386684064
NZDJPY,B,SHORT,2023-05-03 12:45:00,2023-05-03 19:00:00,stop,Both,-0.9674643176374639
CHFJPY,B,SHORT,2023-05-03 12:45:00,2023-05-03 19:00:00,stop,Real,-0.7987062907168774
USDJPY,B,SHORT,2023-05-03 12:45:00,2023-05-03 20:05:00,spread_reduced,Pseudo,0.796215546370771
NZDJPY,B,SHORT,2023-05-03 19:15:00,2023-05-03 20:05:00,spread_reduced,Pseudo,0.38920450327358436
CHFJPY,B,SHORT,2023-05-03 19:15:00,2023-05-03 20:05:00,spread_reduced,Pseudo,0.2777317600175522
USDJPY,B,LONG,2023-05-03 20:25:00,2023-05-03 20:45:00,spread_reduced,Pseudo,-0.4876762303464751
NZDJPY,B,LONG,2023-05-03 20:25:00,2023-05-03 20:45:00,stop,Pseudo,-0.5878202451969905
CHFJPY,B,LONG,2023-05-03 20:25:00,2023-05-03 20:45:00,spread_reduced,Pseudo,-0.36918432242819915
USDJPY,B,SHORT,2023-05-03 20:50:00,2023-05-03 21:45:00,spread_reduced,Neither,0.48751771550681333
NZDJPY,B,SHORT,2023-05-03 20:50:00,2023-05-03 21:45:00,spread_reduced,Real,0.5138030010808741
CHFJPY,B,SHORT,2023-05-03 20:50:00,2023-05-03 21:55:00,spread_reduced,Pseudo,0.3013401476901582
USDJPY,B,SHORT,2023-05-03 22:10:00,2023-05-03 22:40:00,spread_reduced,Pseudo,-0.008163255758105356
NZDJPY,B,SHORT,2023-05-03 22:10:00,2023-05-03 22:40:00,spread_reduced,Pseudo,-0.18556555883305256
CHFJPY,B,SHORT,2023-05-03 22:10:00,2023-05-03 22:40:00,spread_reduced,Pseudo,-0.2445456705877369
USDJPY,B,LONG,2023-05-04 01:30:00,2023-05-04 02:00:00,spread_reduced,Pseudo,-0.13324321279362117
NZDJPY,B,LONG,2023-05-04 01:30:00,2023-05-04 02:00:00,spread_reduced,Both,-0.35328134957638796
CHFJPY,B,LONG,2023-05-04 01:30:00,2023-05-04 02:00:00,spread_reduced,Pseudo,-0.24735660333604267
NZDJPY,B,SHORT,2023-05-04 06:30:00,2023-05-04 06:55:00,stop,Pseudo,-0.5351527730005727
USDJPY,B,SHORT,2023-05-04 06:25:00,2023-05-04 07:00:00,spread_reduced,Pseudo,-0.44499322575360567
CHFJPY,B,SHORT,2023-05-04 06:25:00,2023-05-04 07:00:00,spread_reduced,Pseudo,0.20774103261193372
USDJPY,B,LONG,2023-05-04 07:05:00,2023-05-04 07:50:00,spread_reduced,Pseudo,0.20114294191538504
NZDJPY,B,LONG,2023-05-04 07:05:00,2023-05-04 07:50:00,spread_reduced,Pseudo,0.14270071943078833
CHFJPY,B,LONG,2023-05-04 07:05:00,2023-05-04 07:50:00,spread_reduced,Pseudo,-0.3224329803791874
USDJPY,B,LONG,2023-05-04 10:35:00,2023-05-04 10:45:00,spread_reduced,Pseudo,-0.2965645290883649
NZDJPY,B,LONG,2023-05-04 10:35:00,2023-05-04 10:45:00,spread_reduced,Pseudo,-0.29331615863803506
CHFJPY,B,LONG,2023-05-04 10:35:00,2023-05-04 10:45:00,spread_reduced,Pseudo,-0.02773372879035415
USDJPY,B,LONG,2023-05-04 12:45:00,2023-05-04 13:35:00,stop,Pseudo,-0.5685656927785961
NZDJPY,B,LONG,2023-05-04 12:45:00,2023-05-04 13:35:00,spread_reduced,Pseudo,-0.4624047166959337
CHFJPY,B,LONG,2023-05-04 12:45:00,2023-05-04 13:35:00,spread_reduced,Pseudo,-0.23202263231828874
USDJPY,B,SHORT,2023-05-04 13:35:00,2023-05-04 15:05:00,spread_reduced,Pseudo,1.0538650821952933
NZDJPY,B,SHORT,2023-05-04 13:35:00,2023-05-04 15:05:00,spread_reduced,Pseudo,0.9511663678295109
CHFJPY,B,SHORT,2023-05-04 13:35:00,2023-05-04 15:05:00,spread_reduced,Both,1.0746605847729018
USDJPY,B,SHORT,2023-05-04 16:10:00,2023-05-04 16:15:00,spread_reduced,Pseudo,-0.44137140896616245
NZDJPY,B,SHORT,2023-05-04 16:10:00,2023-05-04 16:15:00,spread_reduced,Pseudo,-0.30566332060281515
CHFJPY,B,SHORT,2023-05-04 16:10:00,2023-05-04 16:15:00,spread_reduced,Pseudo,-0.27414018609269364
USDJPY,B,LONG,2023-05-04 17:05:00,2023-05-04 17:50:00,spread_reduced,Real,0.14489372705717152
NZDJPY,B,LONG,2023-05-04 17:05:00,2023-05-04 17:50:00,spread_reduced,Real,0.3221902177418616
CHFJPY,B,LONG,2023-05-04 17:05:00,2023-05-04 17:50:00,spread_reduced,Neither,0.1253361788351448
NZDJPY,B,LONG,2023-05-04 20:30:00,2023-05-04 21:00:00,spread_reduced,Neither,-0.1859275850340699
USDJPY,B,LONG,2023-05-04 20:30:00,2023-05-04 21:05:00,spread_reduced,Pseudo,-0.2252807292515054
CHFJPY,B,LONG,2023-05-04 20:30:00,2023-05-04 21:05:00,spread_reduced,Pseudo,-0.36286459160602325
USDJPY,B,SHORT,2023-05-05 08:00:00,2023-05-05 08:30:00,spread_reduced,Pseudo,-0.1972770348580196
NZDJPY,B,SHORT,2023-05-05 08:00:00,2023-05-05 08:30:00,spread_reduced,Pseudo,-0.25522832031432685
CHFJPY,B,SHORT,2023-05-05 08:00:00,2023-05-05 08:30:00,spread_reduced,Real,0.5818356938167198
USDJPY,B,LONG,2023-05-05 12:30:00,2023-05-05 13:05:00,spread_reduced,Pseudo,0.059860655624651336
NZDJPY,B,LONG,2023-05-05 12:30:00,2023-05-05 13:05:00,spread_reduced,Pseudo,-0.3114162708260186
CHFJPY,B,LONG,2023-05-05 12:30:00,2023-05-05 13:05:00,spread_reduced,Pseudo,0.2057771186603219
USDJPY,B,LONG,2023-05-05 13:40:00,2023-05-05 13:50:00,stop,Pseudo,-0.5375968392957361
NZDJPY,B,LONG,2023-05-05 13:40:00,2023-05-05 14:00:00,spread_reduced,Pseudo,-0.44064915767091006
CHFJPY,B,LONG,2023-05-05 13:40:00,2023-05-05 14:00:00,spread_reduced,Pseudo,-0.4730180533279264
USDJPY,B,LONG,2023-05-05 15:00:00,2023-05-05 16:00:00,spread_reduced,Pseudo,-0.14408523568846626
NZDJPY,B,LONG,2023-05-05 15:00:00,2023-05-05 16:00:00,spread_reduced,Pseudo,0.0958264829610626
CHFJPY,B,LONG,2023-05-05 15:00:00,2023-05-05 16:00:00,spread_reduced,Pseudo,0.19491221258179556
USDJPY,B,LONG,2023-05-07 23:15:00,2023-05-07 23:55:00,spread_reduced,Pseudo,-0.021702027139173612
NZDJPY,B,LONG,2023-05-07 23:15:00,2023-05-07 23:55:00,spread_reduced,Pseudo,-0.20979067303635487
CHFJPY,B,LONG,2023-05-07 23:15:00,2023-05-07 23:55:00,spread_reduced,Pseudo,-0.16830350120466964
USDJPY,B,SHORT,2023-05-08 00:20:00,2023-05-08 00:30:00,spread_reduced,Pseudo,-0.08962199148624765
NZDJPY,B,SHORT,2023-05-08 00:20:00,2023-05-08 00:30:00,spread_reduced,Pseudo,-0.20815250390837647
CHFJPY,B,SHORT,2023-05-08 00:20:00,2023-05-08 00:30:00,spread_reduced,Pseudo,-0.21795940971928535
USDJPY,B,SHORT,2023-05-09 01:50:00,2023-05-09 02:15:00,spread_reduced,Pseudo,-0.35027286073674446
NZDJPY,B,SHORT,2023-05-09 01:50:00,2023-05-09 02:15:00,spread_reduced,Pseudo,-0.46886156801277207
CHFJPY,B,SHORT,2023-05-09 01:50:00,2023-05-09 02:15:00,spread_reduced,Pseudo,-0.33677447595067045
USDJPY,B,SHORT,2023-05-09 07:35:00,2023-05-09 08:05:00,spread_reduced,Pseudo,0.16360710395653863
NZDJPY,B,SHORT,2023-05-09 07:35:00,2023-05-09 08:05:00,spread_reduced,Pseudo,-0.20953884208855617
CHFJPY,B,SHORT,2023-05-09 07:35:00,2023-05-09 08:05:00,spread_reduced,Pseudo,-0.10387994438502506
USDJPY,B,LONG,2023-05-09 08:25:00,2023-05-09 09:25:00,spread_reduced,Pseudo,-0.003209719424542475
NZDJPY,B,LONG,2023-05-09 08:25:00,2023-05-09 09:25:00,spread_reduced,Pseudo,0.05988657107887837
CHFJPY,B,LONG,2023-05-09 08:25:00,2023-05-09 09:25:00,spread_reduced,Real,0.28618638094801696
USDJPY,B,SHORT,2023-05-10 07:55:00,2023-05-10 08:30:00,spread_reduced,Pseudo,0.12495441554386903
NZDJPY,B,SHORT,2023-05-10 07:55:00,2023-05-10 08:30:00,spread_reduced,Pseudo,0.211373045732118
CHFJPY,B,SHORT,2023-05-10 07:55:00,2023-05-10 08:30:00,spread_reduced,Both,0.3374030561282826
USDJPY,B,SHORT,2023-05-10 12:50:00,2023-05-10 13:15:00,stop,Pseudo,-0.5428023440796625
CHFJPY,B,SHORT,2023-05-10 12:50:00,2023-05-10 13:15:00,stop,Pseudo,-0.548526588011633
NZDJPY,B,SHORT,2023-05-10 12:50:00,2023-05-10 13:20:00,spread_reduced,Real,-0.06287840145742982
USDJPY,B,SHORT,2023-05-10 13:40:00,2023-05-10 14:10:00,spread_reduced,Pseudo,0.05006111423166981
NZDJPY,B,SHORT,2023-05-10 13:40:00,2023-05-10 14:10:00,spread_reduced,Pseudo,-0.1799405256062888
CHFJPY,B,SHORT,2023-05-10 13:40:00,2023-05-10 14:10:00,spread_reduced,Real,-0.10818195168282863
USDJPY,B,SHORT,2023-05-10 14:35:00,2023-05-10 15:05:00,spread_reduced,Pseudo,-0.2586792961645953
NZDJPY,B,SHORT,2023-05-10 14:35:00,2023-05-10 15:05:00,spread_reduced,Pseudo,-0.20154244901656368
CHFJPY,B,SHORT,2023-05-10 14:35:00,2023-05-10 15:05:00,spread_reduced,Pseudo,-0.12808672066573953
USDJPY,B,SHORT,2023-05-10 17:30:00,2023-05-10 17:55:00,spread_reduced,Pseudo,-0.05783775257950374
NZDJPY,B,SHORT,2023-05-10 17:30:00,2023-05-10 17:55:00,spread_reduced,Pseudo,-0.05527157030253231
CHFJPY,B,SHORT,2023-05-10 17:30:00,2023-05-10 17:55:00,spread_reduced,Pseudo,-0.25341931488953584
USDJPY,B,LONG,2023-05-10 18:10:00,2023-05-10 20:00:00,spread_reduced,Pseudo,0.10230824747899567
NZDJPY,B,LONG,2023-05-10 18:10:00,2023-05-10 20:00:00,spread_reduced,Pseudo,0.5366400220331673
CHFJPY,B,LONG,2023-05-10 18:10:00,2023-05-10 20:00:00,spread_reduced,Pseudo,0.28364785363477196
USDJPY,B,SHORT,2023-05-11 06:30:00,2023-05-11 07:05:00,stop,Pseudo,-0.7370768374073133
NZDJPY,B,SHORT,2023-05-11 06:30:00,2023-05-11 07:05:00,spread_reduced,Real,0.19087393939413538
CHFJPY,B,SHORT,2023-05-11 06:30:00,2023-05-11 07:05:00,spread_reduced,Pseudo,0.037494520617372316
NZDJPY,B,LONG,2023-05-11 08:30:00,2023-05-11 09:20:00,spread_reduced,Neither,0.31570959639126706
USDJPY,B,LONG,2023-05-11 08:50:00,2023-05-11 09:20:00,spread_reduced,Neither,-0.24051738013612195
CHFJPY,B,LONG,2023-05-11 08:50:00,2023-05-11 09:20:00,spread_reduced,Real,0.16463274344991063
USDJPY,B,SHORT,2023-05-11 11:05:00,2023-05-11 12:15:00,spread_reduced,Pseudo,-0.1868268066860986
NZDJPY,B,SHORT,2023-05-11 11:05:00,2023-05-11 12:15:00,spread_reduced,Pseudo,-0.25087991441748636
CHFJPY,B,SHORT,2023-05-11 11:05:00,2023-05-11 12:15:00,spread_reduced,Pseudo,-0.24403404519620273
USDJPY,B,LONG,2023-05-11 12:15:00,2023-05-11 12:30:00,stop,Pseudo,-1.266748513828279
NZDJPY,B,LONG,2023-05-11 12:15:00,2023-05-11 12:30:00,stop,Pseudo,-0.8350790244160411
CHFJPY,B,LONG,2023-05-11 12:15:00,2023-05-11 12:30:00,stop,Pseudo,-0.797772149966199
USDJPY,B,SHORT,2023-05-11 12:45:00,2023-05-11 13:35:00,spread_reduced,Pseudo,-0.362987345331763
NZDJPY,B,SHORT,2023-05-11 12:45:00,2023-05-11 13:35:00,spread_reduced,Pseudo,0.819603886663763
CHFJPY,B,SHORT,2023-05-11 12:45:00,2023-05-11 13:35:00,spread_reduced,Pseudo,0.45406536754148225
CHFJPY,B,LONG,2023-05-11 14:30:00,2023-05-11 15:10:00,spread_reduced,Pseudo,0.21744987613862382
USDJPY,B,LONG,2023-05-11 14:45:00,2023-05-11 15:10:00,spread_reduced,Pseudo,-0.22622833669172504
NZDJPY,B,LONG,2023-05-11 14:45:00,2023-05-11 15:10:00,spread_reduced,Pseudo,-0.4503991727906239
USDJPY,B,SHORT,2023-05-11 15:30:00,2023-05-11 15:50:00,spread_reduced,Both,-0.21284961803410182
NZDJPY,B,SHORT,2023-05-11 15:30:00,2023-05-11 15:50:00,spread_reduced,Pseudo,-0.29783920030782934
CHFJPY,B,SHORT,2023-05-11 15:30:00,2023-05-11 15:50:00,spread_reduced,Pseudo,-0.24665019342684502
USDJPY,B,LONG,2023-05-12 07:15:00,2023-05-12 07:45:00,spread_reduced,Both,0.0635347494854314
NZDJPY,B,LONG,2023-05-12 07:15:00,2023-05-12 07:45:00,spread_reduced,Pseudo,-0.23719413424731312
CHFJPY,B,LONG,2023-05-12 07:15:00,2023-05-12 07:45:00,spread_reduced,Pseudo,-0.34351214720655204
USDJPY,B,SHORT,2023-05-12 07:55:00,2023-05-12 08:30:00,spread_reduced,Pseudo,0.32676390069682115
NZDJPY,B,SHORT,2023-05-12 07:55:00,2023-05-12 08:30:00,spread_reduced,Pseudo,0.11655611420728167
CHFJPY,B,SHORT,2023-05-12 07:55:00,2023-05-12 08:30:00,spread_reduced,Pseudo,0.016332218724176194
USDJPY,B,SHORT,2023-05-12 13:45:00,2023-05-12 14:05:00,spread_reduced,Neither,-0.12071419303372188
NZDJPY,B,SHORT,2023-05-12 13:45:00,2023-05-12 14:05:00,spread_reduced,Real,0.26021734610515157
CHFJPY,B,SHORT,2023-05-12 13:45:00,2023-05-15 06:00:00,stop,Pseudo,-3.0436901991294603
CHFJPY,B,LONG,2023-05-15 06:15:00,2023-05-15 06:30:00,spread_reduced,Pseudo,-0.23750032864374346
NZDJPY,B,SHORT,2023-05-15 07:20:00,2023-05-15 07:30:00,stop,Pseudo,-0.5369428022747869
USDJPY,B,SHORT,2023-05-15 07:20:00,2023-05-15 07:35:00,spread_reduced,Pseudo,-0.27437251164090054
CHFJPY,B,SHORT,2023-05-15 07:20:00,2023-05-15 07:35:00,spread_reduced,Pseudo,-0.256591609794817
USDJPY,B,LONG,2023-05-15 07:50:00,2023-05-15 08:20:00,spread_reduced,Pseudo,-0.04243714767926399
NZDJPY,B,LONG,2023-05-15 07:50:00,2023-05-15 08:20:00,spread_reduced,Pseudo,-0.1440231003753123
CHFJPY,B,LONG,2023-05-15 07:50:00,2023-05-15 08:20:00,spread_reduced,Pseudo,0.03159470297016872
USDJPY,B,LONG,2023-05-15 09:40:00,2023-05-15 10:00:00,spread_reduced,Real,-0.24285957553512225
NZDJPY,B,LONG,2023-05-15 09:40:00,2023-05-15 10:00:00,spread_reduced,Real,-0.10266889552642175
CHFJPY,B,LONG,2023-05-15 09:40:00,2023-05-15 10:00:00,spread_reduced,Real,-0.21525299448284704
USDJPY,B,SHORT,2023-05-15 12:30:00,2023-05-15 13:00:00,spread_reduced,Pseudo,-0.2497523384896727
NZDJPY,B,SHORT,2023-05-15 12:30:00,2023-05-15 13:00:00,spread_reduced,Pseudo,-0.08310656596891934
CHFJPY,B,SHORT,2023-05-15 12:30:00,2023-05-15 13:00:00,spread_reduced,Pseudo,0.04695112537507947
USDJPY,B,LONG,2023-05-15 13:10:00,2023-05-15 13:50:00,spread_reduced,Pseudo,0.029859802273805396
NZDJPY,B,LONG,2023-05-15 13:10:00,2023-05-15 13:50:00,spread_reduced,Pseudo,-0.12637940957815896
CHFJPY,B,LONG,2023-05-15 13:10:00,2023-05-15 13:50:00,spread_reduced,Pseudo,0.2039544334778339
USDJPY,B,SHORT,2023-05-16 06:00:00,2023-05-16 06:30:00,spread_reduced,Real,-0.2080792288048361
NZDJPY,B,SHORT,2023-05-16 06:00:00,2023-05-16 06:30:00,spread_reduced,Real,-0.0692308112225278
CHFJPY,B,SHORT,2023-05-16 06:00:00,2023-05-16 06:30:00,spread_reduced,Real,-0.20470490724844304
USDJPY,B,LONG,2023-05-16 12:55:00,2023-05-16 13:20:00,spread_reduced,Pseudo,0.1302552286530645
NZDJPY,B,LONG,2023-05-16 12:55:00,2023-05-16 13:20:00,spread_reduced,Both,-0.28278783155951304
CHFJPY,B,LONG,2023-05-16 12:55:00,2023-05-16 13:20:00,spread_reduced,Pseudo,-0.09016982566019868
NZDJPY,B,LONG,2023-05-16 13:40:00,2023-05-16 13:50:00,stop,Pseudo,-0.5403656793517841
USDJPY,B,LONG,2023-05-16 13:40:00,2023-05-16 14:10:00,spread_reduced,Pseudo,0.17779010034916592
CHFJPY,B,LONG,2023-05-16 13:40:00,2023-05-16 14:10:00,spread_reduced,Pseudo,-0.47187503623147276
USDJPY,B,SHORT,2023-05-16 14:10:00,2023-05-16 14:20:00,spread_reduced,Both,-0.02644796554029938
NZDJPY,B,SHORT,2023-05-16 14:10:00,2023-05-16 14:20:00,spread_reduced,Pseudo,-0.3611909487259979
CHFJPY,B,SHORT,2023-05-16 14:10:00,2023-05-16 14:20:00,spread_reduced,Pseudo,-0.14276002661987403
NZDJPY,B,LONG,2023-05-17 12:45:00,2023-05-17 13:30:00,spread_reduced,Pseudo,0.29253069917567487
CHFJPY,B,LONG,2023-05-17 12:45:00,2023-05-17 13:30:00,spread_reduced,Pseudo,-0.38455071723494016
USDJPY,B,LONG,2023-05-17 15:35:00,2023-05-17 16:05:00,spread_reduced,Pseudo,-0.1425771446794677
NZDJPY,B,LONG,2023-05-17 15:35:00,2023-05-17 16:05:00,spread_reduced,Real,0.07491849222388917
CHFJPY,B,LONG,2023-05-17 15:35:00,2023-05-17 16:05:00,spread_reduced,Pseudo,-0.17477975945075683
NZDJPY,B,SHORT,2023-05-18 05:35:00,2023-05-18 06:20:00,stop,Pseudo,-0.5533061600297244
NZDJPY,B,LONG,2023-05-18 12:40:00,2023-05-18 13:00:00,stop,Pseudo,-0.5113549697542963
CHFJPY,B,LONG,2023-05-18 12:40:00,2023-05-18 13:05:00,spread_reduced,Real,0.07453579266258892
USDJPY,B,LONG,2023-05-18 12:45:00,2023-05-18 13:05:00,spread_reduced,Pseudo,-0.23455486784285107
NZDJPY,B,SHORT,2023-05-19 00:05:00,2023-05-19 00:35:00,spread_reduced,Pseudo,-0.17843061580872605
CHFJPY,B,SHORT,2023-05-19 00:05:00,2023-05-19 00:35:00,spread_reduced,Pseudo,-0.0679626757146649
USDJPY,B,SHORT,2023-05-19 00:10:00,2023-05-19 00:35:00,spread_reduced,Pseudo,-0.12489524043298358
USDJPY,B,SHORT,2023-05-19 15:10:00,2023-05-19 16:00:00,spread_reduced,Both,0.7842505034066916
NZDJPY,B,SHORT,2023-05-19 15:10:00,2023-05-19 16:00:00,spread_reduced,Pseudo,0.5314583062888678
CHFJPY,B,SHORT,2023-05-19 15:10:00,2023-05-19 16:00:00,spread_reduced,Pseudo,0.1876812988833206
USDJPY,B,LONG,2023-05-19 16:10:00,2023-05-19 17:30:00,spread_reduced,Pseudo,0.15040437317185668
NZDJPY,B,LONG,2023-05-19 16:10:00,2023-05-19 17:30:00,spread_reduced,Real,0.48601878051927433
CHFJPY,B,LONG,2023-05-19 16:10:00,2023-05-19 17:30:00,spread_reduced,Real,0.22133449578813175
USDJPY,B,LONG,2023-05-22 11:30:00,2023-05-22 13:10:00,spread_reduced,Pseudo,0.4984450850775701
NZDJPY,B,LONG,2023-05-22 11:30:00,2023-05-22 13:10:00,spread_reduced,Pseudo,0.48482436161053266
CHFJPY,B,LONG,2023-05-22 11:30:00,2023-05-22 13:10:00,spread_reduced,Pseudo,-0.19282323982764787
USDJPY,B,SHORT,2023-05-22 14:05:00,2023-05-22 14:10:00,stop,Pseudo,-0.5351910451466917
NZDJPY,B,SHORT,2023-05-22 14:05:00,2023-05-22 14:15:00,stop,Pseudo,-0.6404575391071681
CHFJPY,B,SHORT,2023-05-22 14:05:00,2023-05-22 14:15:00,stop,Pseudo,-0.5285769812444219
USDJPY,B,LONG,2023-05-22 14:35:00,2023-05-22 14:45:00,spread_reduced,Both,0.002776412916608943
USDJPY,B,SHORT,2023-05-24 02:00:00,2023-05-24 02:35:00,spread_reduced,Pseudo,-0.048985685498529705
NZDJPY,B,SHORT,2023-05-24 02:00:00,2023-05-24 02:35:00,spread_reduced,Real,0.026657297661307016
CHFJPY,B,SHORT,2023-05-24 02:00:00,2023-05-24 02:35:00,spread_reduced,Pseudo,-0.1480725609441051
USDJPY,B,SHORT,2023-05-24 07:40:00,2023-05-24 07:55:00,spread_reduced,Pseudo,-0.45945891238297065
NZDJPY,B,SHORT,2023-05-24 07:40:00,2023-05-24 07:55:00,spread_reduced,Pseudo,-0.33581611661041383
CHFJPY,B,SHORT,2023-05-24 07:40:00,2023-05-24 07:55:00,spread_reduced,Pseudo,-0.36709297010243763
USDJPY,B,SHORT,2023-05-24 10:15:00,2023-05-24 10:55:00,spread_reduced,Pseudo,0.03766714683709853
NZDJPY,B,SHORT,2023-05-24 10:15:00,2023-05-24 10:55:00,spread_reduced,Pseudo,0.11166218646245045
CHFJPY,B,SHORT,2023-05-24 10:15:00,2023-05-24 10:55:00,spread_reduced,Real,0.09626902180696432
USDJPY,B,LONG,2023-05-24 12:20:00,2023-05-24 13:15:00,spread_reduced,Pseudo,0.35887914716833025
NZDJPY,B,LONG,2023-05-24 12:20:00,2023-05-24 13:15:00,spread_reduced,Pseudo,-0.05727723549320274
CHFJPY,B,LONG,2023-05-24 12:20:00,2023-05-24 13:15:00,spread_reduced,Pseudo,0.09180099136167168
USDJPY,B,LONG,2023-05-24 15:20:00,2023-05-24 15:50:00,spread_reduced,Real,0.1417230690641258
NZDJPY,B,LONG,2023-05-24 15:20:00,2023-05-24 15:50:00,spread_reduced,Neither,-0.4981028754760253
CHFJPY,B,LONG,2023-05-24 15:20:00,2023-05-24 15:50:00,spread_reduced,Neither,-0.3094347406165469
USDJPY,B,SHORT,2023-05-25 07:10:00,2023-05-25 08:00:00,spread_reduced,Pseudo,0.12582252023892368
NZDJPY,B,SHORT,2023-05-25 07:10:00,2023-05-25 08:00:00,spread_reduced,Pseudo,-0.13790421657381796
CHFJPY,B,SHORT,2023-05-25 07:10:00,2023-05-25 08:00:00,stop,Pseudo,-0.513013510914595
USDJPY,B,SHORT,2023-05-25 12:20:00,2023-05-25 12:30:00,stop,Pseudo,-0.5514748310619932
NZDJPY,B,SHORT,2023-05-25 12:20:00,2023-05-25 12:40:00,spread_reduced,Pseudo,-0.08889311386939269
CHFJPY,B,SHORT,2023-05-25 12:20:00,2023-05-25 12:40:00,spread_reduced,Pseudo,-0.359965508452668
USDJPY,B,LONG,2023-05-25 12:55:00,2023-05-25 13:10:00,spread_reduced,Pseudo,-0.17978584639166684
NZDJPY,B,LONG,2023-05-25 12:55:00,2023-05-25 13:10:00,spread_reduced,Pseudo,-0.04165792473587171
CHFJPY,B,LONG,2023-05-25 12:55:00,2023-05-25 13:10:00,spread_reduced,Pseudo,-0.07623585532941698
USDJPY,B,SHORT,2023-05-25 13:30:00,2023-05-25 14:00:00,spread_reduced,Real,-0.08087840042551402
NZDJPY,B,SHORT,2023-05-25 13:30:00,2023-05-25 14:00:00,spread_reduced,Pseudo,0.09028756579228711
CHFJPY,B,SHORT,2023-05-25 13:30:00,2023-05-25 14:00:00,spread_reduced,Pseudo,-0.4314075770916285
NZDJPY,B,SHORT,2023-05-26 00:50:00,2023-05-26 01:00:00,stop,Pseudo,-0.5515417867299662
USDJPY,B,SHORT,2023-05-26 00:50:00,2023-05-26 01:15:00,spread_reduced,Pseudo,-0.10099228708559949
CHFJPY,B,SHORT,2023-05-26 00:50:00,2023-05-26 01:15:00,spread_reduced,Pseudo,-0.3286931751821746
USDJPY,B,SHORT,2023-05-26 07:40:00,2023-05-26 08:10:00,spread_reduced,Pseudo,-0.051002060022842244
NZDJPY,B,SHORT,2023-05-26 07:40:00,2023-05-26 08:10:00,spread_reduced,Pseudo,-0.14594892454093217
CHFJPY,B,SHORT,2023-05-26 07:40:00,2023-05-26 08:10:00,spread_reduced,Both,-0.026488858342998967
USDJPY,B,LONG,2023-05-26 12:35:00,2023-05-26 13:05:00,spread_reduced,Real,-0.32403902136738755
NZDJPY,B,LONG,2023-05-26 12:35:00,2023-05-26 13:05:00,spread_reduced,Pseudo,-0.21198801797391495
CHFJPY,B,LONG,2023-05-26 12:35:00,2023-05-26 13:05:00,spread_reduced,Pseudo,-0.2380769973392427
USDJPY,B,LONG,2023-05-26 15:10:00,2023-05-26 15:40:00,spread_reduced,Pseudo,-0.15965963174061998
NZDJPY,B,LONG,2023-05-26 15:10:00,2023-05-26 15:40:00,spread_reduced,Real,-0.1495527986044761
CHFJPY,B,LONG,2023-05-26 15:10:00,2023-05-26 15:40:00,spread_reduced,Real,0.06276644985810562
NZDJPY,B,LONG,2023-05-28 22:00:00,2023-05-28 22:25:00,stop,Pseudo,-0.5480703820201309
USDJPY,B,LONG,2023-05-28 22:00:00,2023-05-28 22:30:00,spread_reduced,Real,-0.21391177473954287
CHFJPY,B,LONG,2023-05-28 22:00:00,2023-05-28 22:30:00,spread_reduced,Real,-0.13147781427443514
USDJPY,B,SHORT,2023-05-30 00:50:00,2023-05-30 01:20:00,spread_reduced,Real,0.21189127668560145
NZDJPY,B,SHORT,2023-05-30 00:50:00,2023-05-30 01:20:00,spread_reduced,Pseudo,-0.21058186452327377
CHFJPY,B,SHORT,2023-05-30 00:50:00,2023-05-30 01:20:00,spread_reduced,Both,0.09067914501159624
USDJPY,B,LONG,2023-05-30 06:00:00,2023-05-30 06:30:00,spread_reduced,Pseudo,-0.44148907101371204
NZDJPY,B,LONG,2023-05-30 06:00:00,2023-05-30 06:30:00,stop,Pseudo,-0.5187092059954306
CHFJPY,B,LONG,2023-05-30 06:00:00,2023-05-30 06:30:00,spread_reduced,Pseudo,-0.38378433937861595
USDJPY,B,SHORT,2023-05-30 06:40:00,2023-05-30 07:30:00,spread_reduced,Pseudo,0.07033669300567555
NZDJPY,B,SHORT,2023-05-30 06:40:00,2023-05-30 07:30:00,spread_reduced,Pseudo,-0.4962407063799912
CHFJPY,B,SHORT,2023-05-30 06:40:00,2023-05-30 07:30:00,spread_reduced,Real,1.0572012935545032
USDJPY,B,LONG,2023-05-30 09:00:00,2023-05-30 09:35:00,spread_reduced,Pseudo,-0.48506856419416877
NZDJPY,B,LONG,2023-05-30 09:00:00,2023-05-30 09:35:00,spread_reduced,Pseudo,-0.020036785009576917
CHFJPY,B,LONG,2023-05-30 09:00:00,2023-05-30 09:35:00,spread_reduced,Real,0.1969470018838108
USDJPY,B,SHORT,2023-05-30 11:05:00,2023-05-30 12:20:00,spread_reduced,Pseudo,0.5693234908868602
NZDJPY,B,SHORT,2023-05-30 11:05:00,2023-05-30 12:20:00,spread_reduced,Real,0.13542316611558913
CHFJPY,B,SHORT,2023-05-30 11:05:00,2023-05-30 12:20:00,spread_reduced,Both,0.7716816257240152
USDJPY,B,SHORT,2023-05-30 14:30:00,2023-05-30 15:00:00,spread_reduced,Pseudo,-0.4712422700327383
NZDJPY,B,SHORT,2023-05-30 14:30:00,2023-05-30 15:00:00,spread_reduced,Pseudo,-0.10876383948958217
CHFJPY,B,SHORT,2023-05-30 14:30:00,2023-05-30 15:00:00,spread_reduced,Pseudo,-0.1601638376126739
USDJPY,B,SHORT,2023-05-30 17:25:00,2023-05-30 18:10:00,spread_reduced,Pseudo,-0.03186891667576279
NZDJPY,B,SHORT,2023-05-30 17:25:00,2023-05-30 18:10:00,spread_reduced,Pseudo,-0.027903650698712923
CHFJPY,B,SHORT,2023-05-30 17:25:00,2023-05-30 18:10:00,spread_reduced,Pseudo,-0.08920247542332227
USDJPY,B,SHORT,2023-05-31 05:25:00,2023-05-31 06:10:00,spread_reduced,Pseudo,0.27026343394431773
NZDJPY,B,SHORT,2023-05-31 05:25:00,2023-05-31 06:10:00,spread_reduced,Pseudo,-0.019955046727767232
CHFJPY,B,SHORT,2023-05-31 05:25:00,2023-05-31 06:10:00,spread_reduced,Real,0.2978914128862753
USDJPY,B,SHORT,2023-05-31 11:50:00,2023-05-31 12:25:00,spread_reduced,Pseudo,0.0933742779047527
NZDJPY,B,SHORT,2023-05-31 11:50:00,2023-05-31 12:25:00,spread_reduced,Pseudo,-0.06765870756882583
CHFJPY,B,SHORT,2023-05-31 11:50:00,2023-05-31 12:25:00,spread_reduced,Pseudo,0.1830363336414731
USDJPY,B,LONG,2023-05-31 13:35:00,2023-05-31 13:45:00,stop,Pseudo,-0.6681138631706718
CHFJPY,B,LONG,2023-05-31 13:35:00,2023-05-31 13:45:00,stop,Pseudo,-0.5571208550890032
NZDJPY,B,LONG,2023-05-31 13:35:00,2023-05-31 13:55:00,spread_reduced,Pseudo,-0.4642722837345422
USDJPY,B,LONG,2023-05-31 14:00:00,2023-05-31 14:15:00,stop,Pseudo,-0.5994836631586509
NZDJPY,B,LONG,2023-05-31 14:00:00,2023-05-31 14:15:00,stop,Pseudo,-0.5788664302203891
CHFJPY,B,LONG,2023-05-31 14:00:00,2023-05-31 14:15:00,stop,Pseudo,-0.6781251402058208
USDJPY,B,SHORT,2023-05-31 14:30:00,2023-05-31 15:30:00,spread_reduced,Pseudo,0.38750735086434673
NZDJPY,B,SHORT,2023-05-31 14:30:00,2023-05-31 15:30:00,spread_reduced,Pseudo,0.6094164783250571
CHFJPY,B,SHORT,2023-05-31 14:30:00,2023-05-31 15:30:00,spread_reduced,Pseudo,0.8646933180958735
EURJPY,B,SHORT,2023-06-01 00:50:00,2023-06-01 01:20:00,spread_reduced,Pseudo,-0.11994955065415999
GBPJPY,B,SHORT,2023-06-01 00:50:00,2023-06-01 01:20:00,spread_reduced,Pseudo,-0.15719662716606742
AUDJPY,B,SHORT,2023-06-01 00:50:00,2023-06-01 01:20:00,spread_reduced,Pseudo,0.03497606663516173
EURJPY,B,LONG,2023-06-01 01:45:00,2023-06-01 02:20:00,spread_reduced,Pseudo,0.05030542054880923
GBPJPY,B,LONG,2023-06-01 01:45:00,2023-06-01 02:20:00,spread_reduced,Pseudo,0.02668291106533438
AUDJPY,B,LONG,2023-06-01 01:45:00,2023-06-01 02:20:00,spread_reduced,Pseudo,-0.17479092800654072
EURJPY,B,SHORT,2023-06-01 12:45:00,2023-06-01 13:35:00,spread_reduced,Pseudo,0.13747146473589805
GBPJPY,B,SHORT,2023-06-01 12:45:00,2023-06-01 13:35:00,spread_reduced,Pseudo,0.07934894457225136
AUDJPY,B,SHORT,2023-06-01 12:45:00,2023-06-01 13:35:00,spread_reduced,Pseudo,0.09158625268512743
EURJPY,B,LONG,2023-06-01 14:45:00,2023-06-01 15:30:00,spread_reduced,Both,-0.11736913239649797
AUDJPY,B,LONG,2023-06-01 14:45:00,2023-06-01 15:30:00,spread_reduced,Pseudo,0.6664501939737851
GBPJPY,B,LONG,2023-06-01 14:50:00,2023-06-01 15:30:00,spread_reduced,Pseudo,-0.24452161164271552
EURJPY,B,LONG,2023-06-02 12:45:00,2023-06-02 13:20:00,spread_reduced,Pseudo,-0.11366115553801404
GBPJPY,B,LONG,2023-06-02 12:45:00,2023-06-02 13:20:00,spread_reduced,Pseudo,-0.030936066635437836
AUDJPY,B,LONG,2023-06-02 12:45:00,2023-06-02 13:20:00,spread_reduced,Pseudo,-0.1576566146385498
EURJPY,B,LONG,2023-06-02 13:50:00,2023-06-02 14:05:00,spread_reduced,Pseudo,-0.2392614693557486
GBPJPY,B,LONG,2023-06-02 13:50:00,2023-06-02 14:05:00,spread_reduced,Pseudo,-0.3545524657400101
AUDJPY,B,LONG,2023-06-02 13:50:00,2023-06-02 14:05:00,spread_reduced,Pseudo,-0.029305485979421363
EURJPY,B,LONG,2023-06-05 02:00:00,2023-06-05 02:15:00,spread_reduced,Real,-0.015656683867493193
GBPJPY,B,LONG,2023-06-05 02:00:00,2023-06-05 02:15:00,spread_reduced,Pseudo,-0.12655059913317207
AUDJPY,B,LONG,2023-06-05 02:00:00,2023-06-05 02:15:00,spread_reduced,Pseudo,-0.1336961226208559
EURJPY,B,SHORT,2023-06-05 14:00:00,2023-06-05 14:40:00,spread_reduced,Pseudo,-0.28463164895494353
GBPJPY,B,SHORT,2023-06-05 14:00:00,2023-06-05 14:40:00,spread_reduced,Pseudo,-0.058923988386065204
AUDJPY,B,SHORT,2023-06-05 14:00:00,2023-06-05 14:40:00,spread_reduced,Pseudo,0.2843281698339991
EURJPY,B,LONG,2023-06-05 14:45:00,2023-06-05 15:15:00,spread_reduced,Pseudo,-0.02347487033704798
GBPJPY,B,LONG,2023-06-05 14:45:00,2023-06-05 15:15:00,spread_reduced,Pseudo,0.019962302628906414
AUDJPY,B,LONG,2023-06-05 14:45:00,2023-06-05 15:15:00,spread_reduced,Pseudo,-0.3249118267473576
AUDJPY,B,LONG,2023-06-06 04:30:00,2023-06-06 04:50:00,stop,Pseudo,-0.6900292205262634
EURJPY,B,LONG,2023-06-06 04:30:00,2023-06-06 05:00:00,spread_reduced,Pseudo,-0.4120410557526914
GBPJPY,B,LONG,2023-06-06 04:30:00,2023-06-06 05:00:00,spread_reduced,Pseudo,-0.2832348573614437
EURJPY,B,SHORT,2023-06-06 07:35:00,2023-06-06 07:55:00,stop,Pseudo,-0.5884263800071121
GBPJPY,B,SHORT,2023-06-06 07:35:00,2023-06-06 07:55:00,stop,Pseudo,-0.5476476936447927
AUDJPY,B,SHORT,2023-06-06 07:35:00,2023-06-06 07:55:00,stop,Pseudo,-0.6138368445372707
EURJPY,B,SHORT,2023-06-07 01:00:00,2023-06-07 01:35:00,spread_reduced,Real,0.07265830066915946
GBPJPY,B,SHORT,2023-06-07 01:00:00,2023-06-07 01:35:00,spread_reduced,Real,0.060426851566412296
AUDJPY,B,SHORT,2023-06-07 01:00:00,2023-06-07 01:35:00,spread_reduced,Real,0.13917802753623162
EURJPY,B,LONG,2023-06-07 07:55:00,2023-06-07 08:40:00,spread_reduced,Real,0.09281826967503608
GBPJPY,B,LONG,2023-06-07 07:55:00,2023-06-07 08:40:00,spread_reduced,Real,0.2781017503074394
AUDJPY,B,LONG,2023-06-07 07:55:00,2023-06-07 08:40:00,spread_reduced,Real,0.46330271756681957
AUDJPY,B,LONG,2023-06-07 14:00:00,2023-06-07 14:05:00,stop,Pseudo,-0.5103758857651908
AUDJPY,B,LONG,2023-06-07 14:15:00,2023-06-07 14:35:00,stop,Pseudo,-0.671291163678441
EURJPY,B,LONG,2023-06-07 14:00:00,2023-06-07 14:40:00,spread_reduced,Pseudo,-0.07697399521344739
GBPJPY,B,LONG,2023-06-07 14:00:00,2023-06-07 14:40:00,spread_reduced,Pseudo,0.09835334531767734
EURJPY,B,SHORT,2023-06-08 13:45:00,2023-06-08 14:05:00,spread_reduced,Pseudo,-0.33199685350693287
GBPJPY,B,SHORT,2023-06-08 13:45:00,2023-06-08 14:05:00,spread_reduced,Pseudo,-0.30966210410698913
AUDJPY,B,SHORT,2023-06-08 13:45:00,2023-06-08 14:05:00,spread_reduced,Pseudo,-0.31348881077305124
EURJPY,B,LONG,2023-06-08 16:25:00,2023-06-08 16:50:00,spread_reduced,Real,-0.0712605221174408
GBPJPY,B,LONG,2023-06-08 16:25:00,2023-06-08 16:50:00,spread_reduced,Real,-0.013720759583428038
AUDJPY,B,LONG,2023-06-08 16:25:00,2023-06-08 16:50:00,spread_reduced,Real,-0.11310801096072373
EURJPY,B,SHORT,2023-06-09 12:30:00,2023-06-09 12:55:00,spread_reduced,Both,-0.19356679644004043
GBPJPY,B,SHORT,2023-06-09 12:30:00,2023-06-09 12:55:00,spread_reduced,Pseudo,-0.443645487712289
AUDJPY,B,SHORT,2023-06-09 12:30:00,2023-06-09 12:55:00,spread_reduced,Pseudo,-0.45968708910818873
EURJPY,B,LONG,2023-06-09 13:35:00,2023-06-09 14:20:00,spread_reduced,Pseudo,-0.035628765815938955
GBPJPY,B,LONG,2023-06-09 13:35:00,2023-06-09 14:20:00,spread_reduced,Pseudo,-0.006141612901762924
AUDJPY,B,LONG,2023-06-09 13:35:00,2023-06-09 14:20:00,spread_reduced,Pseudo,0.4803369139448529
EURJPY,B,SHORT,2023-06-12 12:40:00,2023-06-12 13:05:00,spread_reduced,Pseudo,-0.3761352528597328
GBPJPY,B,SHORT,2023-06-12 12:40:00,2023-06-12 13:05:00,spread_reduced,Pseudo,-0.05378759339317678
AUDJPY,B,SHORT,2023-06-12 12:40:00,2023-06-12 13:05:00,spread_reduced,Pseudo,-0.04854753093723001
AUDJPY,B,LONG,2023-06-13 06:20:00,2023-06-13 06:35:00,stop,Pseudo,-0.7176991182588448
EURJPY,B,LONG,2023-06-13 06:20:00,2023-06-13 06:50:00,spread_reduced,Real,0.019771232043034697
GBPJPY,B,LONG,2023-06-13 06:20:00,2023-06-13 06:50:00,spread_reduced,Real,0.2136066426249676
EURJPY,B,LONG,2023-06-13 13:40:00,2023-06-13 15:40:00,spread_reduced,Real,0.9831342415485741
GBPJPY,B,LONG,2023-06-13 13:40:00,2023-06-13 15:40:00,spread_reduced,Real,1.7324923032101167
AUDJPY,B,LONG,2023-06-13 13:40:00,2023-06-13 15:40:00,spread_reduced,Neither,1.0420863119868045
EURJPY,B,LONG,2023-06-15 01:10:00,2023-06-15 02:20:00,spread_reduced,Pseudo,0.12670318902989014
GBPJPY,B,LONG,2023-06-15 01:10:00,2023-06-15 02:20:00,spread_reduced,Pseudo,0.23256825949946602
AUDJPY,B,LONG,2023-06-15 01:10:00,2023-06-15 02:20:00,spread_reduced,Pseudo,0.7055103707478416
EURJPY,B,LONG,2023-06-15 04:05:00,2023-06-15 04:35:00,spread_reduced,Pseudo,-0.21413829772650347
GBPJPY,B,LONG,2023-06-15 04:05:00,2023-06-15 04:35:00,spread_reduced,Pseudo,-0.2294197251425286
AUDJPY,B,LONG,2023-06-15 04:05:00,2023-06-15 04:35:00,spread_reduced,Pseudo,0.15171186230866773
EURJPY,B,SHORT,2023-06-15 09:20:00,2023-06-15 09:30:00,stop,Pseudo,-0.5339053560218243
AUDJPY,B,SHORT,2023-06-15 09:20:00,2023-06-15 09:30:00,stop,Pseudo,-0.6435231010940938
GBPJPY,B,SHORT,2023-06-15 09:20:00,2023-06-15 09:50:00,spread_reduced,Pseudo,-0.36602122020294264
EURJPY,B,SHORT,2023-06-15 12:50:00,2023-06-15 13:20:00,spread_reduced,Pseudo,-0.4802613086549723
GBPJPY,B,SHORT,2023-06-15 12:50:00,2023-06-15 13:20:00,spread_reduced,Pseudo,-0.291628169114618
AUDJPY,B,SHORT,2023-06-15 12:50:00,2023-06-15 13:20:00,spread_reduced,Pseudo,-0.4707967388521972
EURJPY,B,LONG,2023-06-15 13:35:00,2023-06-15 14:25:00,spread_reduced,Pseudo,0.1946352691846176
GBPJPY,B,LONG,2023-06-15 13:35:00,2023-06-15 14:25:00,spread_reduced,Pseudo,0.39507827805322177
AUDJPY,B,LONG,2023-06-15 13:35:00,2023-06-15 14:25:00,spread_reduced,Pseudo,0.023217026642171255
EURJPY,B,LONG,2023-06-15 15:00:00,2023-06-15 15:40:00,spread_reduced,Pseudo,0.3027370846631072
GBPJPY,B,LONG,2023-06-15 15:00:00,2023-06-15 15:40:00,spread_reduced,Pseudo,0.23183836585505269
AUDJPY,B,LONG,2023-06-15 15:00:00,2023-06-15 15:40:00,spread_reduced,Pseudo,0.18559047499048614
EURJPY,B,LONG,2023-06-16 02:45:00,2023-06-16 03:15:00,spread_reduced,Pseudo,-0.1228296494407699
GBPJPY,B,LONG,2023-06-16 02:45:00,2023-06-16 03:15:00,spread_reduced,Pseudo,-0.14469787568727188
AUDJPY,B,LONG,2023-06-16 02:45:00,2023-06-16 03:15:00,spread_reduced,Pseudo,-0.4306038233985454
EURJPY,B,SHORT,2023-06-16 03:20:00,2023-06-16 03:50:00,spread_reduced,Pseudo,-0.316112125774796
GBPJPY,B,SHORT,2023-06-16 03:20:00,2023-06-16 03:50:00,spread_reduced,Pseudo,-0.3371926186421792
AUDJPY,B,SHORT,2023-06-16 03:20:00,2023-06-16 03:50:00,spread_reduced,Pseudo,-0.47297038819086684
EURJPY,B,LONG,2023-06-16 04:40:00,2023-06-16 06:05:00,spread_reduced,Pseudo,0.014798481592063577
GBPJPY,B,LONG,2023-06-16 04:40:00,2023-06-16 06:05:00,spread_reduced,Both,0.23547174145129487
AUDJPY,B,LONG,2023-06-16 04:40:00,2023-06-16 06:05:00,spread_reduced,Pseudo,0.47757034534671544
EURJPY,B,LONG,2023-06-16 06:35:00,2023-06-16 07:40:00,spread_reduced,Pseudo,-0.4753208697003686
GBPJPY,B,LONG,2023-06-16 06:35:00,2023-06-16 07:40:00,spread_reduced,Pseudo,-0.46529613565793326
AUDJPY,B,LONG,2023-06-16 06:35:00,2023-06-16 07:40:00,stop,Pseudo,-0.6204444428993632
EURJPY,B,SHORT,2023-06-16 07:40:00,2023-06-16 07:50:00,stop,Pseudo,-0.5268055836250193
GBPJPY,B,SHORT,2023-06-16 07:40:00,2023-06-16 08:00:00,stop,Pseudo,-0.6360631281235504
AUDJPY,B,SHORT,2023-06-16 07:40:00,2023-06-16 08:05:00,spread_reduced,Pseudo,-0.3122606337393474
GBPJPY,B,LONG,2023-06-16 08:10:00,2023-06-16 08:30:00,spread_reduced,Pseudo,-0.3413215553878709
AUDJPY,B,LONG,2023-06-16 08:10:00,2023-06-16 08:30:00,spread_reduced,Pseudo,-0.13852660336333145
EURJPY,B,LONG,2023-06-16 12:10:00,2023-06-16 12:45:00,spread_reduced,Pseudo,-0.056427170063636886
GBPJPY,B,LONG,2023-06-16 12:10:00,2023-06-16 12:45:00,spread_reduced,Pseudo,0.018353389137211927
AUDJPY,B,LONG,2023-06-16 12:10:00,2023-06-16 12:45:00,spread_reduced,Pseudo,0.14986631364499736
EURJPY,B,LONG,2023-06-16 15:10:00,2023-06-16 16:25:00,spread_reduced,Pseudo,0.6320243417080966
GBPJPY,B,LONG,2023-06-16 15:10:00,2023-06-16 16:25:00,spread_reduced,Pseudo,0.5564427610185904
AUDJPY,B,LONG,2023-06-16 15:10:00,2023-06-16 16:25:00,spread_reduced,Pseudo,0.24380876887571587
EURJPY,B,LONG,2023-06-20 00:25:00,2023-06-20 00:55:00,spread_reduced,Pseudo,-0.13356607979701324
GBPJPY,B,LONG,2023-06-20 00:25:00,2023-06-20 00:55:00,spread_reduced,Pseudo,0.07776319721434592
AUDJPY,B,LONG,2023-06-20 00:25:00,2023-06-20 00:55:00,spread_reduced,Pseudo,-0.276795391868571
EURJPY,B,SHORT,2023-06-20 01:45:00,2023-06-20 02:55:00,spread_reduced,Pseudo,0.6412392807489583
GBPJPY,B,SHORT,2023-06-20 01:45:00,2023-06-20 02:55:00,spread_reduced,Pseudo,0.6786963086623151
AUDJPY,B,SHORT,2023-06-20 01:45:00,2023-06-20 02:55:00,spread_reduced,Pseudo,1.5925051036373614
GBPJPY,B,SHORT,2023-06-20 06:50:00,2023-06-20 07:20:00,spread_reduced,Both,-0.40639025253937555
AUDJPY,B,SHORT,2023-06-20 06:50:00,2023-06-20 07:20:00,spread_reduced,Pseudo,-0.12201536400898347
EURJPY,B,SHORT,2023-06-20 06:55:00,2023-06-20 07:20:00,spread_reduced,Pseudo,-0.1326528638518898
EURJPY,B,SHORT,2023-06-20 08:30:00,2023-06-20 09:20:00,spread_reduced,Pseudo,0.04910730034735078
GBPJPY,B,SHORT,2023-06-20 08:30:00,2023-06-20 09:20:00,spread_reduced,Pseudo,0.01283097002099017
AUDJPY,B,SHORT,2023-06-20 08:30:00,2023-06-20 09:20:00,spread_reduced,Pseudo,-0.030522014170900984
EURJPY,B,SHORT,2023-06-20 14:50:00,2023-06-20 15:20:00,spread_reduced,Real,0.03747329894103017
GBPJPY,B,SHORT,2023-06-20 14:50:00,2023-06-20 15:20:00,spread_reduced,Pseudo,-0.10274699556981719
AUDJPY,B,SHORT,2023-06-20 14:50:00,2023-06-20 15:20:00,spread_reduced,Pseudo,-0.16661702574542286
EURJPY,B,LONG,2023-06-21 04:20:00,2023-06-21 04:50:00,spread_reduced,Real,-0.09840966035519946
GBPJPY,B,LONG,2023-06-21 04:20:00,2023-06-21 04:50:00,spread_reduced,Real,-0.026754702695456583
AUDJPY,B,LONG,2023-06-21 04:20:00,2023-06-21 04:50:00,spread_reduced,Neither,-0.27264152202721714
AUDJPY,B,LONG,2023-06-21 06:25:00,2023-06-21 06:45:00,stop,Pseudo,-0.5241078525972664
EURJPY,B,LONG,2023-06-21 06:25:00,2023-06-21 06:50:00,spread_reduced,Pseudo,-0.1649701918650474
GBPJPY,B,LONG,2023-06-21 06:25:00,2023-06-21 06:50:00,spread_reduced,Pseudo,0.09917714511546254
GBPJPY,B,SHORT,2023-06-21 10:45:00,2023-06-21 11:10:00,stop,Pseudo,-0.5351200498193709
EURJPY,B,SHORT,2023-06-21 10:45:00,2023-06-21 11:20:00,spread_reduced,Pseudo,-0.0025648222362987623
AUDJPY,B,SHORT,2023-06-21 10:45:00,2023-06-21 11:20:00,spread_reduced,Pseudo,0.12926357218541926
EURJPY,B,LONG,2023-06-21 13:50:00,2023-06-21 14:55:00,spread_reduced,Pseudo,0.42311387553743235
GBPJPY,B,LONG,2023-06-21 13:50:00,2023-06-21 14:55:00,spread_reduced,Pseudo,-0.18978773432776208
AUDJPY,B,LONG,2023-06-21 13:50:00,2023-06-21 14:55:00,spread_reduced,Pseudo,0.252114157273553
AUDJPY,B,SHORT,2023-06-21 15:05:00,2023-06-21 15:20:00,stop,Pseudo,-0.5042216977471833
EURJPY,B,SHORT,2023-06-21 15:05:00,2023-06-21 15:30:00,spread_reduced,Pseudo,-0.2813563062833424
GBPJPY,B,SHORT,2023-06-21 15:05:00,2023-06-21 15:30:00,spread_reduced,Pseudo,-0.3690211400800466
EURJPY,B,LONG,2023-06-22 08:00:00,2023-06-22 08:35:00,spread_reduced,Pseudo,0.1726792151692802
GBPJPY,B,LONG,2023-06-22 08:00:00,2023-06-22 08:35:00,spread_reduced,Pseudo,0.17289063641882468
AUDJPY,B,LONG,2023-06-22 08:00:00,2023-06-22 08:35:00,spread_reduced,Real,0.009280610551831714
EURJPY,B,LONG,2023-06-22 14:05:00,2023-06-22 15:25:00,spread_reduced,Pseudo,0.03357567786184864
GBPJPY,B,LONG,2023-06-22 14:05:00,2023-06-22 15:25:00,spread_reduced,Pseudo,0.5007061378501376
AUDJPY,B,LONG,2023-06-22 14:05:00,2023-06-22 15:25:00,spread_reduced,Pseudo,0.005804758983781374
EURJPY,B,SHORT,2023-06-23 01:05:00,2023-06-23 02:40:00,spread_reduced,Pseudo,0.026101689551638607
GBPJPY,B,SHORT,2023-06-23 01:05:00,2023-06-23 02:40:00,spread_reduced,Pseudo,0.2817447496185066
AUDJPY,B,SHORT,2023-06-23 01:05:00,2023-06-23 02:40:00,spread_reduced,Pseudo,1.74518090324897
EURJPY,B,LONG,2023-06-23 05:35:00,2023-06-23 06:05:00,spread_reduced,Pseudo,-0.15155748693810683
GBPJPY,B,LONG,2023-06-23 05:35:00,2023-06-23 06:05:00,spread_reduced,Pseudo,-0.06511543405348283
AUDJPY,B,LONG,2023-06-23 05:35:00,2023-06-23 06:05:00,spread_reduced,Real,0.0006923303605965714
EURJPY,B,SHORT,2023-06-23 07:15:00,2023-06-23 08:00:00,spread_reduced,Pseudo,0.8276977122717948
GBPJPY,B,SHORT,2023-06-23 07:15:00,2023-06-23 08:00:00,spread_reduced,Pseudo,0.20340439110981084
AUDJPY,B,SHORT,2023-06-23 07:15:00,2023-06-23 08:00:00,spread_reduced,Pseudo,0.8679695236816591
EURJPY,B,LONG,2023-06-23 10:00:00,2023-06-23 10:30:00,spread_reduced,Real,0.11945373666829204
GBPJPY,B,LONG,2023-06-23 10:00:00,2023-06-23 10:30:00,spread_reduced,Real,-0.04953882418390343
AUDJPY,B,LONG,2023-06-23 10:00:00,2023-06-23 10:30:00,spread_reduced,Pseudo,-0.3883492622999881
EURJPY,B,SHORT,2023-06-23 12:35:00,2023-06-23 13:10:00,spread_reduced,Pseudo,0.25960614204863697
GBPJPY,B,SHORT,2023-06-23 12:35:00,2023-06-23 13:10:00,spread_reduced,Pseudo,0.7387369930409079
AUDJPY,B,SHORT,2023-06-23 12:35:00,2023-06-23 13:10:00,spread_reduced,Pseudo,-0.39429621611586363
EURJPY,B,LONG,2023-06-23 13:50:00,2023-06-23 15:30:00,spread_reduced,Pseudo,0.9314752531515147
GBPJPY,B,LONG,2023-06-23 13:50:00,2023-06-23 15:30:00,spread_reduced,Pseudo,0.8681419366074472
AUDJPY,B,LONG,2023-06-23 13:50:00,2023-06-23 15:30:00,spread_reduced,Real,1.5005819546023424
EURJPY,B,SHORT,2023-06-26 00:05:00,2023-06-26 00:35:00,spread_reduced,Pseudo,-0.3056573279101027
GBPJPY,B,SHORT,2023-06-26 00:05:00,2023-06-26 00:35:00,spread_reduced,Pseudo,-0.28899868712972676
AUDJPY,B,SHORT,2023-06-26 00:05:00,2023-06-26 00:35:00,spread_reduced,Pseudo,-0.15775070397250346
EURJPY,B,LONG,2023-06-26 01:15:00,2023-06-26 01:50:00,spread_reduced,Pseudo,-0.056959141143860435
GBPJPY,B,LONG,2023-06-26 01:15:00,2023-06-26 01:50:00,spread_reduced,Pseudo,-0.021191523743469
AUDJPY,B,LONG,2023-06-26 01:15:00,2023-06-26 01:50:00,spread_reduced,Pseudo,-0.0010235281705887427
EURJPY,B,SHORT,2023-06-26 07:25:00,2023-06-26 07:55:00,spread_reduced,Pseudo,-0.03679475835394186
GBPJPY,B,SHORT,2023-06-26 07:25:00,2023-06-26 07:55:00,spread_reduced,Pseudo,-0.16011295032125616
AUDJPY,B,SHORT,2023-06-26 07:25:00,2023-06-26 07:55:00,spread_reduced,Pseudo,-0.0602488162056621
EURJPY,B,LONG,2023-06-26 13:35:00,2023-06-26 14:30:00,spread_reduced,Pseudo,0.055899048228521174
GBPJPY,B,LONG,2023-06-26 13:35:00,2023-06-26 14:30:00,spread_reduced,Pseudo,-0.012060002202847938
AUDJPY,B,LONG,2023-06-26 13:35:00,2023-06-26 14:30:00,spread_reduced,Pseudo,0.009440204274291375
EURJPY,B,LONG,2023-06-27 12:40:00,2023-06-27 13:15:00,spread_reduced,Pseudo,-0.19432972185018382
GBPJPY,B,LONG,2023-06-27 12:40:00,2023-06-27 13:15:00,spread_reduced,Pseudo,0.2724277131120889
AUDJPY,B,LONG,2023-06-27 12:40:00,2023-06-27 13:15:00,spread_reduced,Pseudo,0.0924661088158955
GBPJPY,B,SHORT,2023-06-27 13:30:00,2023-06-27 13:40:00,stop,Pseudo,-0.5112465163833828
EURJPY,B,SHORT,2023-06-27 13:30:00,2023-06-27 13:50:00,spread_reduced,Both,-0.18180162688456275
AUDJPY,B,SHORT,2023-06-27 13:30:00,2023-06-27 13:50:00,spread_reduced,Pseudo,-0.34092106139449463
EURJPY,B,SHORT,2023-06-28 01:30:00,2023-06-28 02:00:00,spread_reduced,Pseudo,-0.07571177000557465
GBPJPY,B,SHORT,2023-06-28 01:30:00,2023-06-28 02:00:00,spread_reduced,Pseudo,-0.04211207672932815
AUDJPY,B,SHORT,2023-06-28 01:30:00,2023-06-28 02:00:00,spread_reduced,Pseudo,-0.13894328833178687
EURJPY,B,LONG,2023-06-28 14:05:00,2023-06-28 14:20:00,stop,Pseudo,-0.5091365408377662
GBPJPY,B,LONG,2023-06-28 14:05:00,2023-06-28 14:25:00,spread_reduced,Real,-0.4318231290699008
AUDJPY,B,LONG,2023-06-28 14:05:00,2023-06-28 14:25:00,spread_reduced,Real,-0.304198575254396
EURJPY,B,SHORT,2023-06-29 07:35:00,2023-06-29 08:05:00,spread_reduced,Pseudo,-0.050289934230877506
GBPJPY,B,SHORT,2023-06-29 07:35:00,2023-06-29 08:05:00,spread_reduced,Pseudo,-0.1024956557181452
AUDJPY,B,SHORT,2023-06-29 07:35:00,2023-06-29 08:05:00,spread_reduced,Pseudo,-0.19283643630048827
EURJPY,B,SHORT,2023-06-30 06:30:00,2023-06-30 06:50:00,spread_reduced,Pseudo,-0.1152114237619184
GBPJPY,B,SHORT,2023-06-30 06:30:00,2023-06-30 06:50:00,spread_reduced,Pseudo,-0.2296884655046405
AUDJPY,B,SHORT,2023-06-30 06:30:00,2023-06-30 06:50:00,spread_reduced,Pseudo,-0.1384906845753875
EURJPY,B,LONG,2023-06-30 07:30:00,2023-06-30 08:00:00,spread_reduced,Pseudo,-0.2855070428478731
GBPJPY,B,LONG,2023-06-30 07:30:00,2023-06-30 08:00:00,spread_reduced,Pseudo,-0.15497172950255472
AUDJPY,B,LONG,2023-06-30 07:30:00,2023-06-30 08:00:00,spread_reduced,Pseudo,-0.12612201771111664
EURJPY,B,SHORT,2023-06-30 08:55:00,2023-06-30 09:25:00,spread_reduced,Pseudo,-0.2493193609758304
GBPJPY,B,SHORT,2023-06-30 08:55:00,2023-06-30 09:25:00,spread_reduced,Pseudo,-0.330874529806439
AUDJPY,B,SHORT,2023-06-30 08:55:00,2023-06-30 09:25:00,spread_reduced,Pseudo,-0.270888578381386
USDJPY,B,LONG,2023-07-03 08:15:00,2023-07-03 08:40:00,spread_reduced,Real,-0.18967503880814215
NZDJPY,B,LONG,2023-07-03 08:15:00,2023-07-03 08:40:00,spread_reduced,Pseudo,-0.3030014314276963
CHFJPY,B,LONG,2023-07-03 08:15:00,2023-07-03 08:40:00,spread_reduced,Pseudo,-0.2825654366523193
USDJPY,B,SHORT,2023-07-03 09:40:00,2023-07-03 10:10:00,spread_reduced,Both,-0.09666337152647309
NZDJPY,B,SHORT,2023-07-03 09:40:00,2023-07-03 10:10:00,spread_reduced,Pseudo,0.09792627686503834
CHFJPY,B,SHORT,2023-07-03 09:40:00,2023-07-03 10:10:00,spread_reduced,Both,-0.2066838947946496
USDJPY,B,SHORT,2023-07-03 14:00:00,2023-07-03 14:15:00,stop,Pseudo,-0.6338290264082946
NZDJPY,B,SHORT,2023-07-03 14:00:00,2023-07-03 14:25:00,stop,Pseudo,-0.5646850757499156
CHFJPY,B,SHORT,2023-07-03 14:00:00,2023-07-03 14:25:00,stop,Pseudo,-0.5404138839926927
USDJPY,B,SHORT,2023-07-05 08:00:00,2023-07-05 08:45:00,spread_reduced,Pseudo,-0.02754131346575465
NZDJPY,B,SHORT,2023-07-05 08:00:00,2023-07-05 08:45:00,spread_reduced,Pseudo,0.3337613180799023
CHFJPY,B,SHORT,2023-07-05 08:00:00,2023-07-05 08:45:00,spread_reduced,Pseudo,-0.07488250424995495
USDJPY,B,SHORT,2023-07-05 13:45:00,2023-07-05 14:15:00,spread_reduced,Real,-0.073814241803379
NZDJPY,B,SHORT,2023-07-05 13:45:00,2023-07-05 14:15:00,spread_reduced,Real,-0.16032667712047774
CHFJPY,B,SHORT,2023-07-05 13:45:00,2023-07-05 14:15:00,spread_reduced,Real,-0.08112873403076648
USDJPY,B,SHORT,2023-07-06 00:55:00,2023-07-06 01:25:00,spread_reduced,Pseudo,-0.3742227745790287
NZDJPY,B,SHORT,2023-07-06 00:55:00,2023-07-06 01:25:00,spread_reduced,Pseudo,-0.010972054736620626
CHFJPY,B,SHORT,2023-07-06 00:55:00,2023-07-06 01:25:00,spread_reduced,Pseudo,-0.2785467450806175
USDJPY,B,SHORT,2023-07-06 04:00:00,2023-07-06 04:45:00,spread_reduced,Pseudo,0.1319864335108297
NZDJPY,B,SHORT,2023-07-06 04:00:00,2023-07-06 04:45:00,stop,Pseudo,-0.5114071444916787
CHFJPY,B,SHORT,2023-07-06 04:00:00,2023-07-06 04:45:00,spread_reduced,Pseudo,0.22012221930889364
USDJPY,B,LONG,2023-07-06 06:15:00,2023-07-06 07:00:00,spread_reduced,Pseudo,-0.058926179146638155
NZDJPY,B,LONG,2023-07-06 06:15:00,2023-07-06 07:00:00,spread_reduced,Pseudo,0.7770415581714504
CHFJPY,B,LONG,2023-07-06 06:15:00,2023-07-06 07:00:00,spread_reduced,Pseudo,-0.2902322069999001
USDJPY,B,SHORT,2023-07-06 07:15:00,2023-07-06 07:35:00,spread_reduced,Pseudo,-0.32001628629581746
NZDJPY,B,SHORT,2023-07-06 07:15:00,2023-07-06 07:35:00,spread_reduced,Pseudo,0.007716955901256503
CHFJPY,B,SHORT,2023-07-06 07:15:00,2023-07-06 07:35:00,spread_reduced,Pseudo,-0.40538370365180343
USDJPY,B,LONG,2023-07-06 07:45:00,2023-07-06 08:15:00,spread_reduced,Both,0.15764283204999785
NZDJPY,B,LONG,2023-07-06 07:45:00,2023-07-06 08:15:00,spread_reduced,Pseudo,-0.26303777232124703
CHFJPY,B,LONG,2023-07-06 07:45:00,2023-07-06 08:15:00,spread_reduced,Pseudo,-0.14467550650421046
USDJPY,B,SHORT,2023-07-06 15:10:00,2023-07-06 15:35:00,spread_reduced,Both,-0.10273193550943324
NZDJPY,B,SHORT,2023-07-06 15:10:00,2023-07-06 15:35:00,spread_reduced,Pseudo,-0.3532283835861646
CHFJPY,B,SHORT,2023-07-06 15:10:00,2023-07-06 15:35:00,spread_reduced,Pseudo,0.03812357782081074
USDJPY,B,SHORT,2023-07-07 05:55:00,2023-07-07 08:30:00,spread_reduced,Real,1.1297207256449524
NZDJPY,B,SHORT,2023-07-07 05:55:00,2023-07-07 08:30:00,spread_reduced,Real,0.294294657481727
CHFJPY,B,SHORT,2023-07-07 05:55:00,2023-07-07 08:30:00,spread_reduced,Real,0.9744628604841932
CHFJPY,B,SHORT,2023-07-07 12:25:00,2023-07-07 12:35:00,stop,Pseudo,-0.7086462405186585
USDJPY,B,SHORT,2023-07-07 12:25:00,2023-07-07 12:40:00,stop,Pseudo,-0.6332384332553935
NZDJPY,B,SHORT,2023-07-07 12:25:00,2023-07-07 12:45:00,spread_reduced,Pseudo,-0.24657826483368933
USDJPY,B,LONG,2023-07-07 12:55:00,2023-07-07 13:10:00,spread_reduced,Pseudo,-0.21969420439268048
CHFJPY,B,LONG,2023-07-07 12:55:00,2023-07-07 13:10:00,spread_reduced,Pseudo,-0.47717453245095987
USDJPY,B,SHORT,2023-07-07 13:15:00,2023-07-07 13:55:00,spread_reduced,Pseudo,0.7579793658087919
NZDJPY,B,SHORT,2023-07-07 13:15:00,2023-07-07 13:55:00,spread_reduced,Pseudo,-0.3640109218715123
CHFJPY,B,SHORT,2023-07-07 13:15:00,2023-07-07 13:55:00,spread_reduced,Pseudo,0.26037048617251946
USDJPY,B,LONG,2023-07-10 01:25:00,2023-07-10 01:35:00,spread_reduced,Pseudo,-0.18795048152053795
NZDJPY,B,LONG,2023-07-10 01:25:00,2023-07-10 01:35:00,stop,Pseudo,-0.9644365653062777
CHFJPY,B,LONG,2023-07-10 01:25:00,2023-07-10 01:35:00,spread_reduced,Pseudo,-0.46273139901320537
USDJPY,B,LONG,2023-07-10 02:10:00,2023-07-10 03:15:00,spread_reduced,Real,0.31799176932501005
NZDJPY,B,LONG,2023-07-10 02:10:00,2023-07-10 03:15:00,spread_reduced,Neither,-0.3479400399946468
CHFJPY,B,LONG,2023-07-10 02:10:00,2023-07-10 06:00:00,stop,Pseudo,-0.5220920141495075
USDJPY,B,SHORT,2023-07-10 06:05:00,2023-07-10 07:00:00,spread_reduced,Pseudo,0.327524486500382
NZDJPY,B,SHORT,2023-07-10 06:05:00,2023-07-10 07:00:00,spread_reduced,Pseudo,-0.056216808732652744
CHFJPY,B,SHORT,2023-07-10 06:15:00,2023-07-10 07:00:00,spread_reduced,Pseudo,-0.016816364046157162
CHFJPY,B,SHORT,2023-07-10 13:10:00,2023-07-10 13:55:00,spread_reduced,Pseudo,0.4228781708539575
USDJPY,B,SHORT,2023-07-10 13:15:00,2023-07-10 13:55:00,spread_reduced,Pseudo,0.7746342871571462
NZDJPY,B,SHORT,2023-07-10 13:15:00,2023-07-10 13:55:00,spread_reduced,Pseudo,-0.0012419782904338206
USDJPY,B,LONG,2023-07-11 00:10:00,2023-07-11 00:40:00,spread_reduced,Pseudo,-0.2848853983563234
NZDJPY,B,LONG,2023-07-11 00:10:00,2023-07-11 00:40:00,spread_reduced,Pseudo,0.1410571158501443
CHFJPY,B,LONG,2023-07-11 00:10:00,2023-07-11 00:40:00,spread_reduced,Pseudo,-0.27336464479210676
USDJPY,B,SHORT,2023-07-11 01:20:00,2023-07-11 02:20:00,spread_reduced,Pseudo,0.0664073246741855
NZDJPY,B,SHORT,2023-07-11 01:20:00,2023-07-11 02:20:00,spread_reduced,Pseudo,0.09557942547918272
CHFJPY,B,SHORT,2023-07-11 01:20:00,2023-07-11 02:20:00,spread_reduced,Pseudo,0.04065389494315823
USDJPY,B,SHORT,2023-07-11 02:40:00,2023-07-11 03:15:00,spread_reduced,Pseudo,0.06423244464478137
NZDJPY,B,SHORT,2023-07-11 02:40:00,2023-07-11 03:15:00,spread_reduced,Pseudo,0.04262414102584877
CHFJPY,B,SHORT,2023-07-11 02:40:00,2023-07-11 03:15:00,spread_reduced,Pseudo,0.043941298715433064
USDJPY,B,SHORT,2023-07-11 07:00:00,2023-07-11 07:10:00,stop,Pseudo,-0.6163345548033661
NZDJPY,B,SHORT,2023-07-11 07:00:00,2023-07-11 08:15:00,spread_reduced,Real,0.7231252881857813
CHFJPY,B,SHORT,2023-07-11 07:00:00,2023-07-11 08:15:00,spread_reduced,Real,-0.24184012427186374
USDJPY,B,SHORT,2023-07-11 07:45:00,2023-07-11 08:15:00,spread_reduced,Real,-0.08394908209289713
USDJPY,B,LONG,2023-07-11 13:30:00,2023-07-11 14:15:00,spread_reduced,Pseudo,0.3960346479089013
NZDJPY,B,LONG,2023-07-11 13:30:00,2023-07-11 14:15:00,spread_reduced,Real,0.08910222960182661
CHFJPY,B,LONG,2023-07-11 13:30:00,2023-07-11 14:15:00,spread_reduced,Pseudo,0.6347438668756016
USDJPY,B,SHORT,2023-07-11 14:55:00,2023-07-11 15:45:00,spread_reduced,Pseudo,0.042970279246009234
NZDJPY,B,SHORT,2023-07-11 14:55:00,2023-07-11 15:45:00,spread_reduced,Real,0.3537741510204473
CHFJPY,B,SHORT,2023-07-11 14:55:00,2023-07-11 15:45:00,spread_reduced,Pseudo,-0.47689997584169735
NZDJPY,B,SHORT,2023-07-12 00:20:00,2023-07-12 00:30:00,stop,Pseudo,-0.6377622354147849
USDJPY,B,SHORT,2023-07-12 00:20:00,2023-07-12 00:45:00,spread_reduced,Pseudo,0.325686120666265
CHFJPY,B,SHORT,2023-07-12 00:20:00,2023-07-12 00:45:00,spread_reduced,Pseudo,0.10884521748940243
USDJPY,B,SHORT,2023-07-12 01:20:00,2023-07-12 01:40:00,spread_reduced,Real,-0.11443803172735598
NZDJPY,B,SHORT,2023-07-12 01:20:00,2023-07-12 01:40:00,spread_reduced,Neither,-0.08742554063911889
CHFJPY,B,SHORT,2023-07-12 01:20:00,2023-07-12 01:40:00,spread_reduced,Real,-0.01261163062256839
USDJPY,B,LONG,2023-07-12 02:10:00,2023-07-12 02:50:00,spread_reduced,Real,-0.17262965389852614
NZDJPY,B,LONG,2023-07-12 02:10:00,2023-07-12 02:50:00,spread_reduced,Real,0.9593800949095529
CHFJPY,B,LONG,2023-07-12 02:10:00,2023-07-12 02:50:00,spread_reduced,Real,-0.07233696132195415
USDJPY,B,LONG,2023-07-12 12:50:00,2023-07-12 13:05:00,stop,Pseudo,-0.5018217052040013
NZDJPY,B,LONG,2023-07-12 12:50:00,2023-07-12 13:50:00,spread_reduced,Pseudo,1.4367852840846407
CHFJPY,B,LONG,2023-07-12 12:50:00,2023-07-12 13:50:00,spread_reduced,Pseudo,1.0760557065507086
USDJPY,B,LONG,2023-07-12 13:10:00,2023-07-12 13:50:00,stop,Pseudo,-0.6187794933980955
NZDJPY,B,SHORT,2023-07-12 14:05:00,2023-07-12 14:30:00,stop,Pseudo,-0.61819691371016
USDJPY,B,SHORT,2023-07-12 14:05:00,2023-07-12 14:35:00,spread_reduced,Real,0.24676288229974475
CHFJPY,B,SHORT,2023-07-12 14:05:00,2023-07-12 14:35:00,spread_reduced,Pseudo,-0.2830157532843399
USDJPY,B,SHORT,2023-07-12 15:00:00,2023-07-12 16:10:00,spread_reduced,Real,0.353237315526167
NZDJPY,B,SHORT,2023-07-12 15:00:00,2023-07-12 16:10:00,spread_reduced,Pseudo,-0.18498162005327798
CHFJPY,B,SHORT,2023-07-12 15:00:00,2023-07-12 16:10:00,spread_reduced,Pseudo,-0.018904005638642474
USDJPY,B,LONG,2023-07-12 16:25:00,2023-07-12 17:10:00,spread_reduced,Pseudo,0.0895148696997694
NZDJPY,B,LONG,2023-07-12 16:25:00,2023-07-12 17:10:00,spread_reduced,Pseudo,0.3050684664203107
CHFJPY,B,LONG,2023-07-12 16:25:00,2023-07-12 17:10:00,spread_reduced,Pseudo,-0.1578766071674102
USDJPY,B,SHORT,2023-07-13 00:15:00,2023-07-13 00:30:00,spread_reduced,Pseudo,-0.2541510843342791
CHFJPY,B,SHORT,2023-07-13 00:15:00,2023-07-13 00:30:00,spread_reduced,Pseudo,-0.3073815090041491
USDJPY,B,LONG,2023-07-13 00:45:00,2023-07-13 01:55:00,spread_reduced,Pseudo,0.15085716270098656
NZDJPY,B,LONG,2023-07-13 00:45:00,2023-07-13 01:55:00,spread_reduced,Pseudo,0.47970308893711494
CHFJPY,B,LONG,2023-07-13 00:45:00,2023-07-13 01:55:00,spread_reduced,Pseudo,0.2105763990161158
USDJPY,B,SHORT,2023-07-13 06:50:00,2023-07-13 07:05:00,spread_reduced,Pseudo,-0.12856662058694884
NZDJPY,B,SHORT,2023-07-13 06:50:00,2023-07-13 07:05:00,spread_reduced,Pseudo,-0.46450109230611325
CHFJPY,B,SHORT,2023-07-13 06:50:00,2023-07-13 07:05:00,spread_reduced,Both,-0.38011375282676063
USDJPY,B,LONG,2023-07-13 09:25:00,2023-07-13 10:00:00,spread_reduced,Pseudo,-0.24744018647848698
NZDJPY,B,LONG,2023-07-13 09:25:00,2023-07-13 10:00:00,spread_reduced,Pseudo,-0.19250757347510916
CHFJPY,B,LONG,2023-07-13 09:25:00,2023-07-13 10:00:00,spread_reduced,Pseudo,-0.4307888079506291
USDJPY,B,LONG,2023-07-13 12:45:00,2023-07-13 13:00:00,stop,Pseudo,-0.6132412449652014
NZDJPY,B,LONG,2023-07-13 12:45:00,2023-07-13 13:00:00,spread_reduced,Both,0.15354989212871634
CHFJPY,B,LONG,2023-07-13 12:55:00,2023-07-13 13:00:00,spread_reduced,Pseudo,-0.2541545874122919
NZDJPY,B,SHORT,2023-07-13 13:25:00,2023-07-13 13:45:00,stop,Pseudo,-0.5232109788475547
USDJPY,B,SHORT,2023-07-13 13:25:00,2023-07-13 13:55:00,spread_reduced,Pseudo,0.44374236371121556
CHFJPY,B,SHORT,2023-07-13 13:25:00,2023-07-13 13:55:00,stop,Pseudo,-0.502870784173437
USDJPY,B,SHORT,2023-07-14 00:15:00,2023-07-14 00:35:00,spread_reduced,Pseudo,-0.2862402646191716
NZDJPY,B,SHORT,2023-07-14 00:15:00,2023-07-14 00:35:00,spread_reduced,Pseudo,-0.3135774294354595
CHFJPY,B,SHORT,2023-07-14 00:15:00,2023-07-14 00:35:00,spread_reduced,Pseudo,-0.2630494824964469
NZDJPY,B,SHORT,2023-07-14 01:00:00,2023-07-14 02:00:00,stop,Pseudo,-0.5661355336531819
USDJPY,B,SHORT,2023-07-14 01:10:00,2023-07-14 02:00:00,spread_reduced,Pseudo,0.26677050724865925
CHFJPY,B,SHORT,2023-07-14 01:10:00,2023-07-14 02:00:00,spread_reduced,Pseudo,-0.15718419137900064
USDJPY,B,LONG,2023-07-14 06:45:00,2023-07-14 07:30:00,spread_reduced,Pseudo,0.2414462692007143
NZDJPY,B,LONG,2023-07-14 06:45:00,2023-07-14 07:30:00,spread_reduced,Pseudo,-0.01080587045898529
CHFJPY,B,LONG,2023-07-14 06:45:00,2023-07-14 07:30:00,spread_reduced,Pseudo,0.14682537357953626
USDJPY,B,LONG,2023-07-14 10:00:00,2023-07-14 10:55:00,spread_reduced,Pseudo,-0.12464390304064063
NZDJPY,B,LONG,2023-07-14 10:00:00,2023-07-14 10:55:00,spread_reduced,Pseudo,0.03441721643993034
CHFJPY,B,LONG,2023-07-14 10:00:00,2023-07-14 10:55:00,spread_reduced,Pseudo,-0.35116959956268035
USDJPY,B,SHORT,2023-07-14 11:00:00,2023-07-14 11:30:00,spread_reduced,Pseudo,0.18086281157810488
NZDJPY,B,SHORT,2023-07-14 11:00:00,2023-07-14 11:30:00,spread_reduced,Pseudo,-0.14476452925871186
CHFJPY,B,SHORT,2023-07-14 11:00:00,2023-07-14 11:30:00,spread_reduced,Both,0.07103637843308697
USDJPY,B,LONG,2023-07-14 13:00:00,2023-07-14 13:30:00,spread_reduced,Pseudo,-0.33320186537677543
NZDJPY,B,LONG,2023-07-14 13:00:00,2023-07-14 13:30:00,spread_reduced,Pseudo,-0.2591401673865956
CHFJPY,B,LONG,2023-07-14 13:00:00,2023-07-14 13:30:00,spread_reduced,Pseudo,-0.13257516541849887
USDJPY,B,SHORT,2023-07-14 14:30:00,2023-07-14 15:05:00,spread_reduced,Pseudo,0.16028787791052176
NZDJPY,B,SHORT,2023-07-14 14:30:00,2023-07-14 15:05:00,spread_reduced,Pseudo,0.08346169465419292
CHFJPY,B,SHORT,2023-07-14 14:30:00,2023-07-14 15:05:00,spread_reduced,Real,-0.02096597937920978
USDJPY,B,LONG,2023-07-17 07:15:00,2023-07-17 08:00:00,spread_reduced,Pseudo,-0.03449708229652515
NZDJPY,B,LONG,2023-07-17 07:15:00,2023-07-17 08:00:00,spread_reduced,Pseudo,-0.440579563373326
CHFJPY,B,LONG,2023-07-17 07:15:00,2023-07-17 08:00:00,spread_reduced,Pseudo,0.10410450814172616
USDJPY,B,SHORT,2023-07-17 08:25:00,2023-07-17 09:05:00,spread_reduced,Pseudo,0.014814948150143614
NZDJPY,B,SHORT,2023-07-17 08:25:00,2023-07-17 09:05:00,spread_reduced,Pseudo,-0.04300587076211393
CHFJPY,B,SHORT,2023-07-17 08:25:00,2023-07-17 09:05:00,spread_reduced,Pseudo,-0.20607992312915435
USDJPY,B,SHORT,2023-07-17 09:35:00,2023-07-17 10:15:00,spread_reduced,Real,0.38013937773203244
NZDJPY,B,SHORT,2023-07-17 09:35:00,2023-07-17 10:15:00,spread_reduced,Pseudo,0.22902551881372654
CHFJPY,B,SHORT,2023-07-17 09:35:00,2023-07-17 10:15:00,spread_reduced,Real,0.5097387252123164
USDJPY,B,LONG,2023-07-17 12:30:00,2023-07-17 14:00:00,spread_reduced,Pseudo,0.7692303948997707
NZDJPY,B,LONG,2023-07-17 12:30:00,2023-07-17 14:00:00,spread_reduced,Pseudo,0.36477220762617024
CHFJPY,B,LONG,2023-07-17 12:30:00,2023-07-17 14:00:00,spread_reduced,Real,0.8060179101884539
USDJPY,B,SHORT,2023-07-18 12:55:00,2023-07-18 13:05:00,stop,Pseudo,-0.5281999816355576
NZDJPY,B,SHORT,2023-07-18 12:55:00,2023-07-18 13:25:00,spread_reduced,Pseudo,0.07796484906308354
CHFJPY,B,SHORT,2023-07-18 12:55:00,2023-07-18 13:25:00,spread_reduced,Both,0.0587217824474795
USDJPY,B,SHORT,2023-07-18 13:10:00,2023-07-18 13:25:00,spread_reduced,Pseudo,-0.10335385370733678
USDJPY,B,SHORT,2023-07-18 13:35:00,2023-07-18 13:40:00,stop,Pseudo,-1.1130276600292237
NZDJPY,B,SHORT,2023-07-18 13:35:00,2023-07-18 13:40:00,stop,Pseudo,-0.9916838039899882
CHFJPY,B,SHORT,2023-07-18 13:35:00,2023-07-18 13:40:00,stop,Pseudo,-0.9397604842797946
USDJPY,B,LONG,2023-07-18 13:45:00,2023-07-18 14:30:00,spread_reduced,Real,0.06764595002735815
NZDJPY,B,LONG,2023-07-18 13:45:00,2023-07-18 14:30:00,spread_reduced,Pseudo,0.935952467371252
CHFJPY,B,LONG,2023-07-18 13:45:00,2023-07-18 14:30:00,spread_reduced,Pseudo,-0.058080910980769694
NZDJPY,B,SHORT,2023-07-18 14:35:00,2023-07-18 15:00:00,stop,Pseudo,-0.5786325029123093
USDJPY,B,SHORT,2023-07-18 14:35:00,2023-07-18 15:05:00,spread_reduced,Pseudo,-0.10424587358796404
CHFJPY,B,SHORT,2023-07-18 14:35:00,2023-07-18 15:05:00,stop,Pseudo,-0.6269129268534623
USDJPY,B,LONG,2023-07-18 15:20:00,2023-07-18 15:50:00,spread_reduced,Pseudo,0.19127262908787598
NZDJPY,B,LONG,2023-07-18 15:20:00,2023-07-18 15:50:00,spread_reduced,Pseudo,-0.20135187272762867
CHFJPY,B,LONG,2023-07-18 15:20:00,2023-07-18 15:50:00,spread_reduced,Pseudo,-0.09198761089420268
NZDJPY,B,LONG,2023-07-18 22:45:00,2023-07-18 23:10:00,stop,Pseudo,-0.5200617987866826
USDJPY,B,LONG,2023-07-18 22:45:00,2023-07-18 23:55:00,spread_reduced,Pseudo,0.42047657733634836
CHFJPY,B,LONG,2023-07-18 22:45:00,2023-07-18 23:55:00,spread_reduced,Pseudo,0.2620687541619038
USDJPY,B,SHORT,2023-07-19 06:20:00,2023-07-19 06:40:00,stop,Pseudo,-0.5077790366654344
NZDJPY,B,SHORT,2023-07-19 06:15:00,2023-07-19 06:45:00,spread_reduced,Pseudo,0.24594105991545176
CHFJPY,B,SHORT,2023-07-19 06:15:00,2023-07-19 06:45:00,spread_reduced,Pseudo,-0.19327370064581295
USDJPY,B,LONG,2023-07-19 09:10:00,2023-07-19 09:45:00,spread_reduced,Pseudo,-0.09148383208420116
NZDJPY,B,LONG,2023-07-19 09:10:00,2023-07-19 09:45:00,spread_reduced,Pseudo,-0.15573435544561737
CHFJPY,B,LONG,2023-07-19 09:10:00,2023-07-19 09:45:00,spread_reduced,Pseudo,0.078362980539796
USDJPY,B,SHORT,2023-07-19 12:15:00,2023-07-19 12:50:00,spread_reduced,Pseudo,-0.10111880875000405
NZDJPY,B,SHORT,2023-07-19 12:15:00,2023-07-19 12:50:00,spread_reduced,Pseudo,-0.12519541466319656
CHFJPY,B,SHORT,2023-07-19 12:15:00,2023-07-19 12:50:00,spread_reduced,Pseudo,-0.084424289751824
USDJPY,B,SHORT,2023-07-19 14:50:00,2023-07-19 15:25:00,spread_reduced,Pseudo,0.28181544076499865
NZDJPY,B,SHORT,2023-07-19 14:50:00,2023-07-19 15:25:00,spread_reduced,Pseudo,0.019953762234070638
CHFJPY,B,SHORT,2023-07-19 14:50:00,2023-07-19 15:25:00,spread_reduced,Both,-0.14924016224212208
USDJPY,B,SHORT,2023-07-20 01:20:00,2023-07-20 01:30:00,spread_reduced,Pseudo,0.048216816323091535
CHFJPY,B,SHORT,2023-07-20 01:20:00,2023-07-20 01:30:00,spread_reduced,Pseudo,-0.10196206400236996
USDJPY,B,LONG,2023-07-20 15:05:00,2023-07-20 15:25:00,spread_reduced,Real,-0.11960276174453426
USDJPY,B,LONG,2023-07-21 01:35:00,2023-07-21 02:05:00,spread_reduced,Real,-0.07817787472260326
NZDJPY,B,LONG,2023-07-21 01:35:00,2023-07-21 02:05:00,spread_reduced,Real,-0.21501119757239007
CHFJPY,B,LONG,2023-07-21 01:35:00,2023-07-21 02:05:00,spread_reduced,Pseudo,-0.04875516072840499
USDJPY,B,LONG,2023-07-21 02:25:00,2023-07-21 02:55:00,spread_reduced,Pseudo,-0.1909410248691623
NZDJPY,B,LONG,2023-07-21 02:25:00,2023-07-21 02:55:00,spread_reduced,Both,0.13257112021084855
CHFJPY,B,LONG,2023-07-21 02:25:00,2023-07-21 02:55:00,spread_reduced,Pseudo,-0.12692909073697134
USDJPY,B,LONG,2023-07-21 07:30:00,2023-07-21 09:05:00,spread_reduced,Pseudo,2.0798814494188784
NZDJPY,B,LONG,2023-07-21 07:30:00,2023-07-21 09:05:00,spread_reduced,Pseudo,0.9120590960343863
CHFJPY,B,LONG,2023-07-21 07:30:00,2023-07-21 09:05:00,spread_reduced,Pseudo,2.2047046912737995
USDJPY,B,SHORT,2023-07-21 12:30:00,2023-07-21 13:00:00,spread_reduced,Pseudo,-0.061022944551384725
NZDJPY,B,SHORT,2023-07-21 12:30:00,2023-07-21 13:00:00,spread_reduced,Pseudo,0.13977366767074323
CHFJPY,B,SHORT,2023-07-21 12:30:00,2023-07-21 13:00:00,spread_reduced,Pseudo,-0.06679322784752806
USDJPY,B,LONG,2023-07-21 13:15:00,2023-07-21 13:50:00,spread_reduced,Pseudo,0.23117701961794523
NZDJPY,B,LONG,2023-07-21 13:15:00,2023-07-21 13:50:00,stop,Pseudo,-0.5415497756200798
CHFJPY,B,LONG,2023-07-21 13:15:00,2023-07-21 13:50:00,spread_reduced,Pseudo,-0.11257557079487798
USDJPY,B,SHORT,2023-07-24 01:20:00,2023-07-24 01:35:00,spread_reduced,Real,-0.07858991859096184
NZDJPY,B,SHORT,2023-07-24 01:20:00,2023-07-24 01:35:00,spread_reduced,Real,-0.1729976431076678
CHFJPY,B,SHORT,2023-07-24 01:20:00,2023-07-24 01:35:00,spread_reduced,Real,-0.14127956994255028
USDJPY,B,SHORT,2023-07-24 02:00:00,2023-07-24 02:20:00,spread_reduced,Pseudo,-0.033916714536230685
NZDJPY,B,SHORT,2023-07-24 02:00:00,2023-07-24 02:20:00,spread_reduced,Pseudo,-0.37413178407471237
CHFJPY,B,SHORT,2023-07-24 02:00:00,2023-07-24 02:20:00,spread_reduced,Pseudo,-0.25689275401741263
NZDJPY,B,SHORT,2023-07-24 07:20:00,2023-07-24 07:55:00,stop,Pseudo,-0.6414389945405368
USDJPY,B,SHORT,2023-07-24 07:20:00,2023-07-24 08:00:00,spread_reduced,Pseudo,-0.36181326685221415
CHFJPY,B,SHORT,2023-07-24 07:20:00,2023-07-24 08:00:00,spread_reduced,Both,0.556976873801629
USDJPY,B,SHORT,2023-07-24 08:50:00,2023-07-24 09:10:00,spread_reduced,Pseudo,0.010878769840220553
NZDJPY,B,SHORT,2023-07-24 08:50:00,2023-07-24 09:10:00,stop,Pseudo,-0.6275701069344091
CHFJPY,B,SHORT,2023-07-24 08:50:00,2023-07-24 09:10:00,spread_reduced,Pseudo,-0.11092210907722352
USDJPY,B,SHORT,2023-07-25 07:35:00,2023-07-25 08:35:00,spread_reduced,Pseudo,-0.0764088727849277
NZDJPY,B,SHORT,2023-07-25 07:35:00,2023-07-25 08:35:00,spread_reduced,Pseudo,-0.17400998716713784
CHFJPY,B,SHORT,2023-07-25 07:35:00,2023-07-25 08:35:00,spread_reduced,Pseudo,0.10808897648158697
USDJPY,B,SHORT,2023-07-26 08:15:00,2023-07-26 08:50:00,spread_reduced,Pseudo,0.2636177444698499
NZDJPY,B,SHORT,2023-07-26 08:15:00,2023-07-26 08:50:00,spread_reduced,Pseudo,0.25059055730758395
CHFJPY,B,SHORT,2023-07-26 08:15:00,2023-07-26 08:50:00,spread_reduced,Pseudo,0.18266066439091383
USDJPY,B,SHORT,2023-07-26 19:05:00,2023-07-26 19:30:00,spread_reduced,Both,-0.10317213170544608
NZDJPY,B,SHORT,2023-07-26 19:05:00,2023-07-26 19:30:00,stop,Pseudo,-0.5602710899590413
CHFJPY,B,SHORT,2023-07-26 19:05:00,2023-07-26 19:30:00,stop,Pseudo,-0.5660471359888083
USDJPY,B,LONG,2023-07-26 19:45:00,2023-07-27 07:00:00,stop,Pseudo,-0.6713042418267461
USDJPY,B,LONG,2023-07-27 07:30:00,2023-07-27 07:45:00,stop,Pseudo,-0.6456696693443547
NZDJPY,B,LONG,2023-07-27 07:30:00,2023-07-27 08:00:00,spread_reduced,Pseudo,-0.2695112505045616
CHFJPY,B,LONG,2023-07-27 07:30:00,2023-07-27 08:00:00,spread_reduced,Pseudo,0.044423253381387084
USDJPY,B,SHORT,2023-07-27 13:30:00,2023-07-27 14:00:00,stop,Pseudo,-0.5434234977196677
CHFJPY,B,SHORT,2023-07-27 13:25:00,2023-07-27 14:20:00,spread_reduced,Pseudo,0.5215120007492358
NZDJPY,B,SHORT,2023-07-27 13:30:00,2023-07-27 14:20:00,spread_reduced,Pseudo,0.20253202212261456
USDJPY,B,SHORT,2023-07-27 17:00:00,2023-07-27 18:05:00,spread_reduced,Real,2.052411270336396
NZDJPY,B,SHORT,2023-07-27 17:00:00,2023-07-27 18:05:00,spread_reduced,Real,2.843521636046213
CHFJPY,B,SHORT,2023-07-27 17:00:00,2023-07-27 18:05:00,spread_reduced,Real,2.0526910053638714
USDJPY,B,SHORT,2023-07-27 18:50:00,2023-07-27 20:00:00,spread_reduced,Pseudo,0.673260795355309
NZDJPY,B,SHORT,2023-07-27 18:50:00,2023-07-27 20:00:00,spread_reduced,Pseudo,0.8773746094211665
CHFJPY,B,SHORT,2023-07-27 18:50:00,2023-07-27 20:00:00,spread_reduced,Pseudo,0.8621460742093875
USDJPY,B,LONG,2023-07-27 20:05:00,2023-07-27 21:10:00,spread_reduced,Real,0.6217963204753207
NZDJPY,B,LONG,2023-07-27 20:05:00,2023-07-27 21:10:00,spread_reduced,Real,1.0790589232598051
CHFJPY,B,LONG,2023-07-27 20:05:00,2023-07-27 21:25:00,spread_reduced,Pseudo,0.9287344014437723
USDJPY,B,SHORT,2023-07-27 22:00:00,2023-07-27 22:20:00,stop,Pseudo,-0.6010747142216981
NZDJPY,B,SHORT,2023-07-27 22:00:00,2023-07-27 22:20:00,stop,Pseudo,-0.5817494272627826
CHFJPY,B,SHORT,2023-07-27 22:00:00,2023-07-27 22:20:00,stop,Pseudo,-0.6914420744846458
USDJPY,B,LONG,2023-07-27 22:35:00,2023-07-27 22:45:00,spread_reduced,Real,-0.012824355673624055
NZDJPY,B,LONG,2023-07-27 22:35:00,2023-07-27 22:45:00,spread_reduced,Real,0.016634698181583474
CHFJPY,B,LONG,2023-07-27 22:35:00,2023-07-27 22:45:00,spread_reduced,Real,-0.06361142525401764
USDJPY,B,SHORT,2023-07-27 23:40:00,2023-07-28 00:10:00,stop,Pseudo,-0.5779897500836444
NZDJPY,B,SHORT,2023-07-27 23:40:00,2023-07-28 00:10:00,spread_reduced,Pseudo,-0.3806211266469776
CHFJPY,B,SHORT,2023-07-27 23:40:00,2023-07-28 00:10:00,stop,Pseudo,-0.5944766128908412
USDJPY,B,LONG,2023-07-28 00:10:00,2023-07-28 01:20:00,spread_reduced,Pseudo,0.5585180987535873
NZDJPY,B,LONG,2023-07-28 00:10:00,2023-07-28 01:20:00,spread_reduced,Both,-0.13626752509180812
CHFJPY,B,LONG,2023-07-28 00:10:00,2023-07-28 01:20:00,spread_reduced,Pseudo,0.3214438778926798
NZDJPY,B,LONG,2023-07-28 03:25:00,2023-07-28 03:45:00,stop,Pseudo,-0.7048562241354455
USDJPY,B,LONG,2023-07-28 03:25:00,2023-07-28 03:55:00,spread_reduced,Pseudo,0.05759226545339521
CHFJPY,B,LONG,2023-07-28 03:25:00,2023-07-28 03:55:00,spread_reduced,Pseudo,-0.06349012541484456
NZDJPY,B,LONG,2023-07-28 03:50:00,2023-07-28 03:55:00,spread_reduced,Pseudo,-0.27172868865214345
USDJPY,B,SHORT,2023-07-28 04:00:00,2023-07-28 04:35:00,spread_reduced,Pseudo,0.8956596613766873
NZDJPY,B,SHORT,2023-07-28 04:00:00,2023-07-28 04:35:00,spread_reduced,Pseudo,0.7888508620681097
CHFJPY,B,SHORT,2023-07-28 04:00:00,2023-07-28 04:35:00,spread_reduced,Pseudo,0.7795879590511978
USDJPY,B,LONG,2023-07-28 04:35:00,2023-07-28 04:45:00,stop,Pseudo,-0.6069226281774828
NZDJPY,B,LONG,2023-07-28 04:35:00,2023-07-28 04:45:00,stop,Pseudo,-0.7451199500950005
CHFJPY,B,LONG,2023-07-28 04:35:00,2023-07-28 05:00:00,spread_reduced,Pseudo,-0.3527994249565477
USDJPY,B,SHORT,2023-07-28 05:05:00,2023-07-28 05:15:00,spread_reduced,Pseudo,-0.23779514168283575
NZDJPY,B,SHORT,2023-07-28 05:05:00,2023-07-28 05:15:00,spread_reduced,Real,-0.3406612477217704
CHFJPY,B,SHORT,2023-07-28 05:05:00,2023-07-28 05:15:00,spread_reduced,Real,-0.19869602241384676
USDJPY,B,LONG,2023-07-28 05:20:00,2023-07-28 06:55:00,spread_reduced,Pseudo,1.1507211148972611
NZDJPY,B,LONG,2023-07-28 05:20:00,2023-07-28 06:55:00,spread_reduced,Pseudo,0.7404524391212419
CHFJPY,B,LONG,2023-07-28 05:20:00,2023-07-28 06:55:00,spread_reduced,Pseudo,0.35255115127267683
USDJPY,B,SHORT,2023-07-28 06:55:00,2023-07-28 07:25:00,stop,Pseudo,-0.5321806536015365
NZDJPY,B,SHORT,2023-07-28 06:55:00,2023-07-28 07:25:00,spread_reduced,Pseudo,0.5675703978671454
CHFJPY,B,SHORT,2023-07-28 06:55:00,2023-07-28 07:25:00,spread_reduced,Pseudo,-0.08769584438013864
USDJPY,B,LONG,2023-07-28 07:30:00,2023-07-28 08:35:00,spread_reduced,Neither,0.46745425370109395
NZDJPY,B,LONG,2023-07-28 07:30:00,2023-07-28 08:35:00,spread_reduced,Real,0.5468730085527914
CHFJPY,B,LONG,2023-07-28 07:35:00,2023-07-28 08:35:00,spread_reduced,Real,0.9792863678267743
USDJPY,B,LONG,2023-07-28 10:25:00,2023-07-28 10:40:00,stop,Pseudo,-0.5124820467098761
NZDJPY,B,LONG,2023-07-28 10:25:00,2023-07-28 10:40:00,stop,Pseudo,-0.5699470089214342
CHFJPY,B,LONG,2023-07-28 10:25:00,2023-07-28 10:40:00,spread_reduced,Pseudo,-0.4682305004728808
USDJPY,B,LONG,2023-07-28 11:10:00,2023-07-28 11:25:00,stop,Pseudo,-0.6124728943914434
NZDJPY,B,LONG,2023-07-28 11:10:00,2023-07-28 11:30:00,spread_reduced,Pseudo,-0.3017280897680645
CHFJPY,B,LONG,2023-07-28 11:10:00,2023-07-28 11:30:00,stop,Pseudo,-0.5082949401207237
CHFJPY,B,LONG,2023-07-28 12:00:00,2023-07-28 14:50:00,spread_reduced,Pseudo,2.5256646657917012
USDJPY,B,LONG,2023-07-28 12:05:00,2023-07-28 14:50:00,spread_reduced,Pseudo,2.5550217937280926
NZDJPY,B,LONG,2023-07-28 12:05:00,2023-07-28 14:50:00,spread_reduced,Pseudo,2.374274401320875
USDJPY,B,LONG,2023-07-28 15:40:00,2023-07-28 16:35:00,spread_reduced,Real,0.3402891417831899
NZDJPY,B,LONG,2023-07-28 15:40:00,2023-07-28 16:35:00,spread_reduced,Pseudo,0.49108504629424843
CHFJPY,B,LONG,2023-07-28 15:40:00,2023-07-28 16:35:00,spread_reduced,Real,0.44961539824361907
USDJPY,B,SHORT,2023-07-28 17:20:00,2023-07-28 17:35:00,spread_reduced,Pseudo,-0.2862007610079746
NZDJPY,B,SHORT,2023-07-28 17:20:00,2023-07-28 17:35:00,spread_reduced,Pseudo,-0.0912744145894114
CHFJPY,B,SHORT,2023-07-28 17:20:00,2023-07-28 17:35:00,spread_reduced,Pseudo,-0.308187067829128
USDJPY,B,SHORT,2023-07-30 22:30:00,2023-07-30 23:05:00,spread_reduced,Pseudo,-0.15234798990748644
NZDJPY,B,SHORT,2023-07-30 22:30:00,2023-07-30 23:05:00,spread_reduced,Pseudo,-0.09704109976382824
CHFJPY,B,SHORT,2023-07-30 22:30:00,2023-07-30 23:05:00,spread_reduced,Pseudo,-0.01374203024121871
USDJPY,B,LONG,2023-07-31 01:10:00,2023-07-31 02:05:00,spread_reduced,Pseudo,1.1148268064952542
NZDJPY,B,LONG,2023-07-31 01:10:00,2023-07-31 02:05:00,spread_reduced,Pseudo,1.4479801958567537
CHFJPY,B,LONG,2023-07-31 01:10:00,2023-07-31 02:05:00,spread_reduced,Pseudo,0.8429165586937664
USDJPY,B,LONG,2023-07-31 02:55:00,2023-07-31 03:25:00,spread_reduced,Real,-0.12556765584600024
NZDJPY,B,LONG,2023-07-31 02:55:00,2023-07-31 03:25:00,spread_reduced,Real,-0.003089943092874729
CHFJPY,B,LONG,2023-07-31 02:55:00,2023-07-31 03:25:00,spread_reduced,Real,-0.019905517197808347
USDJPY,B,LONG,2023-07-31 06:45:00,2023-07-31 08:00:00,spread_reduced,Pseudo,0.435799102136869
NZDJPY,B,LONG,2023-07-31 06:45:00,2023-07-31 08:00:00,spread_reduced,Both,0.20710917432276155
CHFJPY,B,LONG,2023-07-31 06:45:00,2023-07-31 08:00:00,spread_reduced,Pseudo,0.6478830251728981
USDJPY,B,LONG,2023-07-31 08:35:00,2023-07-31 09:20:00,spread_reduced,Pseudo,-0.30973989417822556
NZDJPY,B,LONG,2023-07-31 08:35:00,2023-07-31 09:20:00,spread_reduced,Real,0.1083339426285838
CHFJPY,B,LONG,2023-07-31 08:35:00,2023-07-31 09:20:00,spread_reduced,Both,0.3369158636739774
USDJPY,B,SHORT,2023-07-31 11:10:00,2023-07-31 12:20:00,spread_reduced,Real,-0.004444503704551887
NZDJPY,B,SHORT,2023-07-31 11:10:00,2023-07-31 12:20:00,spread_reduced,Real,-0.04104541938857824
CHFJPY,B,SHORT,2023-07-31 11:10:00,2023-07-31 12:20:00,spread_reduced,Real,0.951292822412538
USDJPY,B,LONG,2023-07-31 13:10:00,2023-07-31 14:10:00,stop,Pseudo,-0.5134220519746879
NZDJPY,B,LONG,2023-07-31 13:10:00,2023-07-31 14:10:00,spread_reduced,Pseudo,0.2836308356861661
CHFJPY,B,LONG,2023-07-31 13:10:00,2023-07-31 14:10:00,spread_reduced,Pseudo,0.9533825897877584
USDJPY,B,SHORT,2023-08-01 02:35:00,2023-08-01 03:05:00,spread_reduced,Pseudo,-0.24760144933200223
NZDJPY,B,SHORT,2023-08-01 02:35:00,2023-08-01 03:05:00,spread_reduced,Pseudo,-0.1712474873603783
CHFJPY,B,SHORT,2023-08-01 02:35:00,2023-08-01 03:05:00,spread_reduced,Pseudo,-0.4004270402409027
USDJPY,B,SHORT,2023-08-01 06:25:00,2023-08-01 06:50:00,spread_reduced,Pseudo,-0.09091496296146732
NZDJPY,B,SHORT,2023-08-01 06:25:00,2023-08-01 06:50:00,spread_reduced,Real,-0.16958143110690216
CHFJPY,B,SHORT,2023-08-01 06:25:00,2023-08-01 06:50:00,spread_reduced,Pseudo,-0.2594361384287147
USDJPY,B,SHORT,2023-08-01 14:35:00,2023-08-01 14:45:00,spread_reduced,Pseudo,-0.3280451610428633
NZDJPY,B,SHORT,2023-08-01 14:35:00,2023-08-01 14:45:00,spread_reduced,Real,0.07246282147506852
CHFJPY,B,SHORT,2023-08-01 14:35:00,2023-08-01 14:45:00,spread_reduced,Pseudo,-0.1697516029966669
NZDJPY,B,SHORT,2023-08-01 21:55:00,2023-08-01 22:00:00,stop,Pseudo,-0.5529781579995952
USDJPY,B,SHORT,2023-08-01 21:55:00,2023-08-01 22:20:00,stop,Pseudo,-0.5846354233765005
CHFJPY,B,SHORT,2023-08-01 21:55:00,2023-08-01 22:20:00,spread_reduced,Both,0.1815882635179215
USDJPY,B,SHORT,2023-08-02 04:45:00,2023-08-02 05:30:00,spread_reduced,Neither,0.38710750158577056
NZDJPY,B,SHORT,2023-08-02 04:45:00,2023-08-02 05:30:00,spread_reduced,Real,0.1536034628483914
CHFJPY,B,SHORT,2023-08-02 04:45:00,2023-08-02 05:30:00,spread_reduced,Real,0.040293625213035554
USDJPY,B,SHORT,2023-08-02 06:05:00,2023-08-02 07:15:00,spread_reduced,Pseudo,-0.0032767290288523063
NZDJPY,B,SHORT,2023-08-02 06:05:00,2023-08-02 07:15:00,spread_reduced,Pseudo,-0.043157394296204174
CHFJPY,B,SHORT,2023-08-02 06:05:00,2023-08-02 07:15:00,spread_reduced,Pseudo,0.37535793515915594
NZDJPY,B,SHORT,2023-08-02 08:05:00,2023-08-02 08:45:00,spread_reduced,Real,0.07562302737063042
CHFJPY,B,SHORT,2023-08-02 08:05:00,2023-08-02 08:45:00,spread_reduced,Real,0.22338978319628539
USDJPY,B,SHORT,2023-08-02 08:10:00,2023-08-02 08:45:00,spread_reduced,Real,0.34287858321143305
USDJPY,B,LONG,2023-08-02 09:15:00,2023-08-02 10:05:00,spread_reduced,Pseudo,0.27151916536076
NZDJPY,B,LONG,2023-08-02 09:15:00,2023-08-02 10:05:00,spread_reduced,Pseudo,0.32009243149092964
CHFJPY,B,LONG,2023-08-02 09:15:00,2023-08-02 10:05:00,spread_reduced,Pseudo,-0.20333717047501162
USDJPY,B,LONG,2023-08-03 04:00:00,2023-08-03 04:45:00,spread_reduced,Pseudo,0.10348011773553267
NZDJPY,B,LONG,2023-08-03 04:00:00,2023-08-03 04:45:00,spread_reduced,Pseudo,0.061957995615887405
CHFJPY,B,LONG,2023-08-03 04:00:00,2023-08-03 04:45:00,spread_reduced,Pseudo,-0.08001168352900212
NZDJPY,B,LONG,2023-08-03 05:20:00,2023-08-03 05:35:00,stop,Pseudo,-0.5024258788103309
USDJPY,B,LONG,2023-08-03 05:20:00,2023-08-03 05:40:00,spread_reduced,Pseudo,-0.29409208397516523
CHFJPY,B,LONG,2023-08-03 05:20:00,2023-08-03 05:40:00,spread_reduced,Pseudo,-0.4300654661977636
USDJPY,B,SHORT,2023-08-03 05:50:00,2023-08-03 06:30:00,spread_reduced,Pseudo,0.03501721469042115
NZDJPY,B,SHORT,2023-08-03 05:50:00,2023-08-03 06:30:00,spread_reduced,Pseudo,0.18029374122737382
CHFJPY,B,SHORT,2023-08-03 05:50:00,2023-08-03 06:30:00,spread_reduced,Pseudo,0.2074597905769767
USDJPY,B,SHORT,2023-08-03 07:10:00,2023-08-03 08:05:00,spread_reduced,Pseudo,0.9249240415497944
NZDJPY,B,SHORT,2023-08-03 07:10:00,2023-08-03 08:05:00,spread_reduced,Pseudo,0.6978254074975581
CHFJPY,B,SHORT,2023-08-03 07:10:00,2023-08-03 08:05:00,spread_reduced,Pseudo,0.33462959790072266
NZDJPY,B,SHORT,2023-08-03 08:50:00,2023-08-03 09:05:00,stop,Pseudo,-0.5893498794136143
USDJPY,B,SHORT,2023-08-03 08:50:00,2023-08-03 09:10:00,spread_reduced,Real,0.11798312215075916
CHFJPY,B,SHORT,2023-08-03 08:50:00,2023-08-03 09:10:00,spread_reduced,Real,-0.18260229974272532
USDJPY,B,SHORT,2023-08-03 12:05:00,2023-08-03 12:35:00,spread_reduced,Real,0.3792063422112987
NZDJPY,B,SHORT,2023-08-03 12:05:00,2023-08-03 12:35:00,spread_reduced,Pseudo,0.12949235125462683
CHFJPY,B,SHORT,2023-08-03 12:05:00,2023-08-03 12:35:00,spread_reduced,Pseudo,-0.13435728967999458
USDJPY,B,LONG,2023-08-03 15:25:00,2023-08-03 17:15:00,spread_reduced,Both,0.8460966060812591
NZDJPY,B,LONG,2023-08-03 15:25:00,2023-08-03 17:15:00,spread_reduced,Pseudo,0.5551096658364212
CHFJPY,B,LONG,2023-08-03 15:25:00,2023-08-03 17:15:00,spread_reduced,Pseudo,0.8135664133802253
USDJPY,B,LONG,2023-08-04 00:35:00,2023-08-04 01:05:00,spread_reduced,Real,-0.2157363849324782
NZDJPY,B,LONG,2023-08-04 00:35:00,2023-08-04 01:05:00,spread_reduced,Real,-0.0009945534677295125
CHFJPY,B,LONG,2023-08-04 00:35:00,2023-08-04 01:05:00,spread_reduced,Real,-0.03418837517484471
USDJPY,B,SHORT,2023-08-04 02:40:00,2023-08-04 03:05:00,spread_reduced,Pseudo,-0.41892577099678086
NZDJPY,B,SHORT,2023-08-04 02:40:00,2023-08-04 03:05:00,stop,Pseudo,-0.5007849920949752
CHFJPY,B,SHORT,2023-08-04 02:40:00,2023-08-04 03:05:00,spread_reduced,Pseudo,-0.400545234562714
USDJPY,B,LONG,2023-08-04 03:10:00,2023-08-04 03:40:00,spread_reduced,Pseudo,-0.1902653332457686
NZDJPY,B,LONG,2023-08-04 03:10:00,2023-08-04 03:40:00,spread_reduced,Pseudo,-0.41135680337896685
CHFJPY,B,LONG,2023-08-04 03:10:00,2023-08-04 03:40:00,spread_reduced,Pseudo,-0.348696487833348
USDJPY,B,LONG,2023-08-04 06:45:00,2023-08-04 07:05:00,spread_reduced,Pseudo,-0.2965224980921629
NZDJPY,B,LONG,2023-08-04 06:45:00,2023-08-04 07:05:00,spread_reduced,Pseudo,-0.4617403337245548
CHFJPY,B,LONG,2023-08-04 06:45:00,2023-08-04 07:05:00,stop,Pseudo,-0.6586313025448802
USDJPY,B,SHORT,2023-08-04 14:00:00,2023-08-04 14:30:00,spread_reduced,Real,0.43176607235924835
NZDJPY,B,SHORT,2023-08-04 14:00:00,2023-08-04 14:30:00,spread_reduced,Pseudo,-0.34156167529153514
CHFJPY,B,SHORT,2023-08-04 14:00:00,2023-08-04 14:30:00,spread_reduced,Real,-0.016833254976811318
USDJPY,B,SHORT,2023-08-04 18:15:00,2023-08-04 20:45:00,spread_reduced,Pseudo,0.1835599535418379
NZDJPY,B,SHORT,2023-08-04 18:15:00,2023-08-04 20:45:00,spread_reduced,Pseudo,0.7512498608810055
CHFJPY,B,SHORT,2023-08-04 18:15:00,2023-08-04 20:45:00,spread_reduced,Pseudo,0.47605320490096137
USDJPY,B,SHORT,2023-08-07 00:15:00,2023-08-07 00:45:00,spread_reduced,Pseudo,-0.057394484299200244
NZDJPY,B,SHORT,2023-08-07 00:15:00,2023-08-07 00:45:00,spread_reduced,Pseudo,-0.2476584339762648
CHFJPY,B,SHORT,2023-08-07 00:15:00,2023-08-07 00:45:00,spread_reduced,Pseudo,-0.19679940163741527
USDJPY,B,LONG,2023-08-07 02:15:00,2023-08-07 03:10:00,spread_reduced,Pseudo,0.1282511711602948
NZDJPY,B,LONG,2023-08-07 02:15:00,2023-08-07 03:10:00,spread_reduced,Pseudo,-0.004790444269116753
CHFJPY,B,LONG,2023-08-07 02:15:00,2023-08-07 03:10:00,spread_reduced,Pseudo,0.3058648169471656
USDJPY,B,LONG,2023-08-07 14:55:00,2023-08-07 15:15:00,spread_reduced,Pseudo,-0.07937711656510102
NZDJPY,B,LONG,2023-08-07 14:55:00,2023-08-07 15:15:00,spread_reduced,Pseudo,-0.3464505588237262
CHFJPY,B,LONG,2023-08-07 14:55:00,2023-08-07 15:15:00,spread_reduced,Pseudo,-0.095667372222219
USDJPY,B,SHORT,2023-08-09 15:25:00,2023-08-09 15:55:00,spread_reduced,Pseudo,-0.05784690322974129
NZDJPY,B,SHORT,2023-08-09 15:25:00,2023-08-09 15:55:00,spread_reduced,Pseudo,-0.16611104626222212
CHFJPY,B,SHORT,2023-08-09 15:25:00,2023-08-09 15:55:00,spread_reduced,Pseudo,-0.09319078189048055
USDJPY,B,LONG,2023-08-10 12:55:00,2023-08-10 14:10:00,spread_reduced,Real,0.992151537855035
NZDJPY,B,LONG,2023-08-10 12:55:00,2023-08-10 14:10:00,spread_reduced,Pseudo,0.12808842466401535
CHFJPY,B,LONG,2023-08-10 12:55:00,2023-08-10 14:10:00,spread_reduced,Pseudo,0.4478502301027051
USDJPY,B,LONG,2023-08-14 00:30:00,2023-08-14 00:55:00,spread_reduced,Pseudo,-0.44869158285428445
NZDJPY,B,LONG,2023-08-14 00:30:00,2023-08-14 00:55:00,stop,Pseudo,-0.5983959015083048
CHFJPY,B,LONG,2023-08-14 00:30:00,2023-08-14 00:55:00,spread_reduced,Pseudo,-0.40973604280440207
USDJPY,B,SHORT,2023-08-14 01:00:00,2023-08-14 01:20:00,stop,Pseudo,-0.5306261150129407
NZDJPY,B,SHORT,2023-08-14 01:00:00,2023-08-14 01:30:00,spread_reduced,Real,0.0646855320584061
CHFJPY,B,SHORT,2023-08-14 01:00:00,2023-08-14 01:30:00,spread_reduced,Real,-0.3067213243235223
USDJPY,B,LONG,2023-08-15 02:35:00,2023-08-15 04:00:00,spread_reduced,Real,0.0734503814134128
NZDJPY,B,LONG,2023-08-15 02:35:00,2023-08-15 04:00:00,spread_reduced,Pseudo,0.337990627733061
CHFJPY,B,LONG,2023-08-15 02:35:00,2023-08-15 04:00:00,spread_reduced,Pseudo,0.07659820443617349
USDJPY,B,SHORT,2023-08-15 14:05:00,2023-08-15 14:35:00,spread_reduced,Real,0.2398766424536551
NZDJPY,B,SHORT,2023-08-15 14:05:00,2023-08-15 14:35:00,spread_reduced,Real,-0.13162328329907602
CHFJPY,B,SHORT,2023-08-15 14:05:00,2023-08-15 14:35:00,spread_reduced,Real,-0.19694718477203388
USDJPY,B,SHORT,2023-08-17 19:00:00,2023-08-17 19:50:00,spread_reduced,Both,0.5150951409208145
NZDJPY,B,SHORT,2023-08-17 19:00:00,2023-08-17 19:50:00,spread_reduced,Pseudo,0.4442407833671706
CHFJPY,B,SHORT,2023-08-17 19:00:00,2023-08-17 19:50:00,spread_reduced,Pseudo,0.1006414172149972
USDJPY,B,LONG,2023-08-18 12:05:00,2023-08-18 12:35:00,spread_reduced,Pseudo,0.3517973783471925
NZDJPY,B,LONG,2023-08-18 12:05:00,2023-08-18 12:35:00,spread_reduced,Pseudo,-0.21160079107925464
CHFJPY,B,LONG,2023-08-18 12:05:00,2023-08-18 12:35:00,spread_reduced,Pseudo,-0.11974741869658079
USDJPY,B,LONG,2023-08-21 02:10:00,2023-08-21 02:40:00,spread_reduced,Pseudo,-0.4394695693597332
NZDJPY,B,LONG,2023-08-21 02:10:00,2023-08-21 02:40:00,spread_reduced,Pseudo,-0.20785287333480174
CHFJPY,B,LONG,2023-08-21 02:10:00,2023-08-21 02:40:00,spread_reduced,Pseudo,-0.31579293674803094
USDJPY,B,LONG,2023-08-21 09:10:00,2023-08-21 10:35:00,spread_reduced,Real,0.6110136873318517
NZDJPY,B,LONG,2023-08-21 09:10:00,2023-08-21 10:35:00,spread_reduced,Pseudo,-0.01626360931513323
CHFJPY,B,LONG,2023-08-21 09:10:00,2023-08-21 10:35:00,spread_reduced,Pseudo,0.30010364231410536
USDJPY,B,SHORT,2023-08-22 08:15:00,2023-08-22 09:05:00,spread_reduced,Real,-0.09026045955370007
NZDJPY,B,SHORT,2023-08-22 08:15:00,2023-08-22 09:05:00,spread_reduced,Both,0.02784494602100137
CHFJPY,B,SHORT,2023-08-22 08:15:00,2023-08-22 09:05:00,spread_reduced,Pseudo,-0.04998775420350654
USDJPY,B,SHORT,2023-08-23 07:30:00,2023-08-23 08:00:00,spread_reduced,Pseudo,0.29673984123227787
NZDJPY,B,SHORT,2023-08-23 07:30:00,2023-08-23 08:00:00,spread_reduced,Pseudo,-0.27471646389787274
CHFJPY,B,SHORT,2023-08-23 07:30:00,2023-08-23 08:00:00,spread_reduced,Pseudo,-0.17824530628366791
USDJPY,B,SHORT,2023-08-23 08:30:00,2023-08-23 09:30:00,spread_reduced,Neither,-0.1385959896941606
NZDJPY,B,SHORT,2023-08-23 08:30:00,2023-08-23 09:30:00,spread_reduced,Real,0.058959623915999515
CHFJPY,B,SHORT,2023-08-23 08:30:00,2023-08-23 09:30:00,spread_reduced,Real,-0.17843335057891413
USDJPY,B,SHORT,2023-08-24 14:15:00,2023-08-24 14:45:00,spread_reduced,Both,-0.03194402820313099
NZDJPY,B,SHORT,2023-08-24 14:15:00,2023-08-24 14:45:00,spread_reduced,Pseudo,0.03391487861096702
CHFJPY,B,SHORT,2023-08-24 14:15:00,2023-08-24 14:45:00,spread_reduced,Real,0.13459494008756975
NZDJPY,B,LONG,2023-08-25 05:50:00,2023-08-25 06:05:00,stop,Pseudo,-0.6549587222984821
USDJPY,B,LONG,2023-08-25 05:50:00,2023-08-25 06:20:00,spread_reduced,Pseudo,0.03319540859747505
CHFJPY,B,LONG,2023-08-25 05:50:00,2023-08-25 06:20:00,spread_reduced,Pseudo,0.08017361622895496
USDJPY,B,SHORT,2023-08-29 14:25:00,2023-08-29 14:40:00,stop,Pseudo,-0.5800117529094114
NZDJPY,B,SHORT,2023-08-29 14:25:00,2023-08-29 15:45:00,spread_reduced,Pseudo,0.10828469291501719
CHFJPY,B,SHORT,2023-08-29 14:25:00,2023-08-29 15:45:00,spread_reduced,Pseudo,0.02631285827410975
USDJPY,B,SHORT,2023-08-29 15:15:00,2023-08-29 15:45:00,spread_reduced,Pseudo,0.17585527685163677
USDJPY,B,LONG,2023-08-30 14:00:00,2023-08-30 14:25:00,spread_reduced,Pseudo,-0.041027199881379005
NZDJPY,B,LONG,2023-08-30 14:00:00,2023-08-30 14:25:00,spread_reduced,Real,-0.40134305666687337
CHFJPY,B,LONG,2023-08-30 14:00:00,2023-08-30 14:25:00,spread_reduced,Neither,-0.18592853377404536
USDJPY,B,SHORT,2023-08-31 07:15:00,2023-08-31 07:40:00,spread_reduced,Pseudo,-0.11645201346111023
NZDJPY,B,SHORT,2023-08-31 07:15:00,2023-08-31 07:40:00,spread_reduced,Both,-0.20242015660472865
CHFJPY,B,SHORT,2023-08-31 07:15:00,2023-08-31 07:40:00,spread_reduced,Both,-0.11944754828604096
USDJPY,B,SHORT,2023-08-31 14:50:00,2023-08-31 15:30:00,spread_reduced,Pseudo,0.40340944775744497
CHFJPY,B,SHORT,2023-08-31 14:50:00,2023-08-31 15:30:00,spread_reduced,Neither,0.6030467457747898
NZDJPY,B,SHORT,2023-08-31 14:55:00,2023-08-31 15:30:00,spread_reduced,Real,0.17594600813353178
USDJPY,B,SHORT,2023-09-01 01:05:00,2023-09-01 01:35:00,spread_reduced,Real,-0.10655036505628306
EURJPY,B,SHORT,2023-09-01 01:05:00,2023-09-01 01:35:00,spread_reduced,Real,-0.05980923737943419
GBPJPY,B,SHORT,2023-09-01 01:05:00,2023-09-01 01:35:00,spread_reduced,Real,-0.07456899622397077
USDJPY,B,SHORT,2023-09-01 11:55:00,2023-09-01 13:05:00,spread_reduced,Real,1.0077461025079042
EURJPY,B,SHORT,2023-09-01 11:55:00,2023-09-01 13:05:00,spread_reduced,Pseudo,0.08418170124176635
GBPJPY,B,SHORT,2023-09-01 11:55:00,2023-09-01 13:05:00,spread_reduced,Pseudo,0.6173937431632378
USDJPY,B,LONG,2023-09-01 13:20:00,2023-09-01 15:10:00,spread_reduced,Real,2.6600992323485935
EURJPY,B,LONG,2023-09-01 13:20:00,2023-09-01 15:10:00,spread_reduced,Pseudo,0.5453621919360163
GBPJPY,B,LONG,2023-09-01 13:20:00,2023-09-01 15:10:00,spread_reduced,Pseudo,0.6224152593765631
USDJPY,B,SHORT,2023-09-05 08:10:00,2023-09-05 08:35:00,spread_reduced,Pseudo,-0.16786262043296438
EURJPY,B,SHORT,2023-09-05 08:10:00,2023-09-05 08:35:00,spread_reduced,Pseudo,-0.1251335750504327
GBPJPY,B,SHORT,2023-09-05 08:10:00,2023-09-05 08:35:00,spread_reduced,Pseudo,-0.10256366044251546
EURJPY,B,LONG,2023-09-06 07:30:00,2023-09-06 07:50:00,spread_reduced,Pseudo,-0.23751442079178453
GBPJPY,B,LONG,2023-09-06 07:30:00,2023-09-06 07:50:00,stop,Pseudo,-0.5037482927990888
USDJPY,B,SHORT,2023-09-08 00:30:00,2023-09-08 01:00:00,spread_reduced,Pseudo,-0.3777421492660397
EURJPY,B,SHORT,2023-09-08 00:30:00,2023-09-08 01:00:00,stop,Pseudo,-0.5367755076830516
GBPJPY,B,SHORT,2023-09-08 00:30:00,2023-09-08 01:00:00,spread_reduced,Pseudo,-0.4310401513626753
GBPJPY,B,SHORT,2023-09-10 22:00:00,2023-09-10 22:20:00,stop,Pseudo,-0.5099644877290348
USDJPY,B,SHORT,2023-09-10 22:00:00,2023-09-10 22:30:00,spread_reduced,Real,-0.2322310037784122
EURJPY,B,SHORT,2023-09-10 22:00:00,2023-09-10 22:30:00,spread_reduced,Pseudo,-0.28945180393091796
GBPJPY,B,SHORT,2023-09-10 22:25:00,2023-09-10 22:30:00,spread_reduced,Pseudo,-0.09195872787618835
USDJPY,B,SHORT,2023-09-11 00:05:00,2023-09-11 00:50:00,spread_reduced,Both,0.022782301640396817
EURJPY,B,SHORT,2023-09-11 00:05:00,2023-09-11 00:50:00,spread_reduced,Pseudo,0.08199595721277339
GBPJPY,B,SHORT,2023-09-11 00:05:00,2023-09-11 00:50:00,spread_reduced,Both,0.062392861432466105
USDJPY,B,SHORT,2023-09-11 03:20:00,2023-09-11 03:55:00,spread_reduced,Pseudo,-0.1251089385097733
EURJPY,B,SHORT,2023-09-11 03:20:00,2023-09-11 03:55:00,spread_reduced,Pseudo,-0.13325318147957196
GBPJPY,B,SHORT,2023-09-11 03:20:00,2023-09-11 03:55:00,spread_reduced,Pseudo,-0.168721428499774
USDJPY,B,LONG,2023-09-11 04:00:00,2023-09-11 04:15:00,stop,Pseudo,-0.677349266507532
EURJPY,B,LONG,2023-09-11 04:00:00,2023-09-11 04:15:00,stop,Pseudo,-0.5940472035047921
GBPJPY,B,LONG,2023-09-11 04:00:00,2023-09-11 04:15:00,stop,Pseudo,-0.6011687455051614
USDJPY,B,SHORT,2023-09-11 06:10:00,2023-09-11 06:40:00,spread_reduced,Pseudo,-0.24996312542121166
EURJPY,B,SHORT,2023-09-11 06:10:00,2023-09-11 06:40:00,spread_reduced,Pseudo,-0.2899669953217998
GBPJPY,B,SHORT,2023-09-11 06:10:00,2023-09-11 06:40:00,spread_reduced,Pseudo,-0.1780692176462188
USDJPY,B,LONG,2023-09-11 08:30:00,2023-09-11 09:00:00,spread_reduced,Pseudo,-0.15927879746876114
EURJPY,B,LONG,2023-09-11 08:30:00,2023-09-11 09:00:00,spread_reduced,Pseudo,-0.18093285301460743
GBPJPY,B,LONG,2023-09-11 08:30:00,2023-09-11 09:00:00,spread_reduced,Real,-0.11119982964920747
USDJPY,B,LONG,2023-09-11 09:55:00,2023-09-11 11:00:00,spread_reduced,Pseudo,0.46825133834612254
EURJPY,B,LONG,2023-09-11 09:55:00,2023-09-11 11:00:00,spread_reduced,Pseudo,0.40385757902283714
GBPJPY,B,LONG,2023-09-11 09:55:00,2023-09-11 11:00:00,spread_reduced,Pseudo,-0.10276049542501386
USDJPY,B,SHORT,2023-09-11 12:10:00,2023-09-11 12:55:00,spread_reduced,Real,-0.1489949048617175
EURJPY,B,SHORT,2023-09-11 12:10:00,2023-09-11 12:55:00,spread_reduced,Pseudo,-0.21491639253482892
GBPJPY,B,SHORT,2023-09-11 12:10:00,2023-09-11 12:55:00,spread_reduced,Pseudo,-0.2975088726275832
USDJPY,B,LONG,2023-09-13 12:45:00,2023-09-13 13:10:00,spread_reduced,Real,0.14698655839628927
EURJPY,B,LONG,2023-09-13 12:45:00,2023-09-13 13:10:00,spread_reduced,Pseudo,-0.40633601407339776
GBPJPY,B,LONG,2023-09-13 12:45:00,2023-09-13 13:10:00,spread_reduced,Pseudo,-0.12614846260602017
EURJPY,B,SHORT,2023-09-14 12:30:00,2023-09-14 13:00:00,spread_reduced,Real,0.19004834402691628
GBPJPY,B,SHORT,2023-09-14 12:30:00,2023-09-14 13:00:00,spread_reduced,Real,-0.048461965349503686
USDJPY,B,LONG,2023-09-20 07:40:00,2023-09-20 08:15:00,spread_reduced,Pseudo,0.019187421854101792
EURJPY,B,LONG,2023-09-20 07:40:00,2023-09-20 08:15:00,spread_reduced,Pseudo,0.06674748562048491
GBPJPY,B,LONG,2023-09-20 07:40:00,2023-09-20 08:15:00,spread_reduced,Pseudo,0.0844709470020355
USDJPY,B,SHORT,2023-09-20 19:10:00,2023-09-20 20:05:00,stop,Neither,-0.5561027024411451
EURJPY,B,SHORT,2023-09-20 19:10:00,2023-09-20 20:05:00,spread_reduced,Real,0.22611053841085454
GBPJPY,B,SHORT,2023-09-20 19:10:00,2023-09-21 03:05:00,spread_reduced,Real,0.4719920452609013
USDJPY,B,SHORT,2023-09-21 07:40:00,2023-09-21 08:05:00,spread_reduced,Both,0.20340848967526082
EURJPY,B,SHORT,2023-09-21 07:40:00,2023-09-21 08:05:00,spread_reduced,Pseudo,-0.22010237196382992
GBPJPY,B,SHORT,2023-09-21 07:40:00,2023-09-21 08:05:00,spread_reduced,Pseudo,-0.3885011326985044
USDJPY,B,SHORT,2023-09-21 10:55:00,2023-09-21 11:20:00,stop,Pseudo,-0.5188842514079658
EURJPY,B,SHORT,2023-09-21 10:55:00,2023-09-21 11:20:00,spread_reduced,Real,-0.13932965266135375
GBPJPY,B,SHORT,2023-09-21 10:55:00,2023-09-21 11:20:00,spread_reduced,Real,0.556660405705863
USDJPY,B,SHORT,2023-09-21 13:55:00,2023-09-21 14:35:00,spread_reduced,Pseudo,1.0302199450715754
EURJPY,B,SHORT,2023-09-21 13:55:00,2023-09-21 14:35:00,spread_reduced,Pseudo,0.00896552319606947
GBPJPY,B,SHORT,2023-09-21 13:55:00,2023-09-21 14:35:00,spread_reduced,Pseudo,0.14606571661091028
USDJPY,B,LONG,2023-09-22 02:50:00,2023-09-22 03:55:00,spread_reduced,Pseudo,0.2534394154496411
EURJPY,B,LONG,2023-09-22 02:50:00,2023-09-22 03:55:00,spread_reduced,Pseudo,0.3367562965786627
GBPJPY,B,LONG,2023-09-22 02:50:00,2023-09-22 03:55:00,spread_reduced,Pseudo,0.22823338212470587
USDJPY,B,SHORT,2023-09-22 04:40:00,2023-09-22 05:10:00,spread_reduced,Real,0.022590921246457007
EURJPY,B,SHORT,2023-09-22 04:40:00,2023-09-22 05:10:00,spread_reduced,Real,0.06389935747648975
GBPJPY,B,SHORT,2023-09-22 04:40:00,2023-09-22 05:10:00,spread_reduced,Real,-0.07715901785195398
USDJPY,B,LONG,2023-09-22 06:40:00,2023-09-22 07:15:00,spread_reduced,Both,-0.025787930609588727
EURJPY,B,LONG,2023-09-22 06:40:00,2023-09-22 07:15:00,stop,Pseudo,-1.0481067366710322
GBPJPY,B,LONG,2023-09-22 06:40:00,2023-09-22 07:15:00,stop,Pseudo,-0.6496110912252995
EURJPY,B,SHORT,2023-09-22 07:25:00,2023-09-22 07:30:00,stop,Pseudo,-0.7202366124009856
USDJPY,B,SHORT,2023-09-22 07:25:00,2023-09-22 07:45:00,spread_reduced,Real,-0.10675329376685916
GBPJPY,B,SHORT,2023-09-22 07:25:00,2023-09-22 07:45:00,spread_reduced,Pseudo,-0.34861940848733103
USDJPY,B,LONG,2023-09-25 11:00:00,2023-09-25 11:30:00,spread_reduced,Pseudo,0.03817218765574578
EURJPY,B,LONG,2023-09-25 11:00:00,2023-09-25 11:30:00,spread_reduced,Pseudo,-0.08916344203587409
GBPJPY,B,LONG,2023-09-25 11:00:00,2023-09-25 11:30:00,spread_reduced,Pseudo,-0.1650646939738154
USDJPY,B,LONG,2023-09-29 08:05:00,2023-09-29 08:50:00,spread_reduced,Real,-0.01787198150463946
EURJPY,B,LONG,2023-09-29 08:05:00,2023-09-29 08:50:00,spread_reduced,Real,0.21786674076181475
GBPJPY,B,LONG,2023-09-29 08:05:00,2023-09-29 08:50:00,spread_reduced,Pseudo,-0.13366905423861652
USDJPY,B,SHORT,2023-10-02 14:50:00,2023-10-02 15:15:00,spread_reduced,Both,0.07452730449145999
AUDJPY,B,SHORT,2023-10-02 14:50:00,2023-10-02 15:15:00,spread_reduced,Pseudo,-0.37118926101431526
NZDJPY,B,SHORT,2023-10-02 14:50:00,2023-10-02 15:15:00,spread_reduced,Pseudo,-0.2950569497239079
USDJPY,B,LONG,2023-10-03 08:15:00,2023-10-03 08:35:00,spread_reduced,Pseudo,-0.07119694129868274
AUDJPY,B,LONG,2023-10-03 08:15:00,2023-10-03 08:35:00,spread_reduced,Pseudo,-0.46295756221811
NZDJPY,B,LONG,2023-10-03 08:15:00,2023-10-03 08:35:00,spread_reduced,Pseudo,-0.33418162077406927
NZDJPY,B,SHORT,2023-10-03 14:10:00,2023-10-03 14:25:00,stop,Pseudo,-0.5267493679346943
USDJPY,B,SHORT,2023-10-03 14:10:00,2023-10-03 14:40:00,spread_reduced,Real,0.07388575615359846
AUDJPY,B,SHORT,2023-10-03 14:10:00,2023-10-03 14:40:00,spread_reduced,Pseudo,-0.22788329730157506
NZDJPY,B,SHORT,2023-10-03 14:35:00,2023-10-03 14:40:00,spread_reduced,Pseudo,-0.08656938259473299
USDJPY,B,SHORT,2023-10-03 19:30:00,2023-10-03 20:00:00,spread_reduced,Both,0.035884577215261615
AUDJPY,B,SHORT,2023-10-03 19:30:00,2023-10-03 20:00:00,spread_reduced,Pseudo,-0.2513972281955971
NZDJPY,B,SHORT,2023-10-03 19:30:00,2023-10-03 20:00:00,spread_reduced,Pseudo,-0.0790492963255544
AUDJPY,B,SHORT,2023-10-06 12:30:00,2023-10-06 12:35:00,stop,Pseudo,-0.6701529658829457
NZDJPY,B,SHORT,2023-10-06 12:30:00,2023-10-06 12:35:00,stop,Pseudo,-0.5944534502539216
AUDJPY,B,SHORT,2023-10-06 12:45:00,2023-10-06 13:00:00,spread_reduced,Pseudo,-0.29546790727286165
NZDJPY,B,SHORT,2023-10-06 12:45:00,2023-10-06 13:00:00,spread_reduced,Pseudo,-0.27416599836138644
USDJPY,B,SHORT,2023-10-06 12:50:00,2023-10-06 13:00:00,spread_reduced,Real,0.01675202829543032
AUDJPY,B,LONG,2023-10-06 13:20:00,2023-10-06 13:35:00,stop,Pseudo,-0.5301099508575973
USDJPY,B,LONG,2023-10-06 13:20:00,2023-10-06 13:45:00,spread_reduced,Real,0.3472991133974072
NZDJPY,B,LONG,2023-10-06 13:20:00,2023-10-06 13:45:00,stop,Pseudo,-0.5569610149268971
USDJPY,B,LONG,2023-10-06 14:30:00,2023-10-06 16:10:00,spread_reduced,Real,-0.08708671151639684
AUDJPY,B,LONG,2023-10-06 14:30:00,2023-10-06 16:10:00,spread_reduced,Pseudo,1.6744224634361131
NZDJPY,B,LONG,2023-10-06 14:30:00,2023-10-06 16:10:00,spread_reduced,Pseudo,1.4239065644418385
USDJPY,B,SHORT,2023-10-08 22:00:00,2023-10-08 22:30:00,spread_reduced,Pseudo,-0.13075750615435905
AUDJPY,B,SHORT,2023-10-08 22:00:00,2023-10-08 22:30:00,spread_reduced,Pseudo,-0.3630353040258161
NZDJPY,B,SHORT,2023-10-08 22:00:00,2023-10-08 22:30:00,spread_reduced,Real,-0.11957765467066987
USDJPY,B,SHORT,2023-10-09 14:50:00,2023-10-09 15:15:00,spread_reduced,Pseudo,-0.17164698173914122
AUDJPY,B,SHORT,2023-10-09 14:50:00,2023-10-09 15:15:00,spread_reduced,Pseudo,-0.22428656326030824
NZDJPY,B,SHORT,2023-10-09 14:50:00,2023-10-09 15:15:00,spread_reduced,Pseudo,0.0021163916466374983
USDJPY,B,LONG,2023-10-10 00:30:00,2023-10-10 01:00:00,spread_reduced,Pseudo,-0.28035754097218335
AUDJPY,B,LONG,2023-10-10 00:30:00,2023-10-10 01:00:00,spread_reduced,Real,-0.19313201788491904
NZDJPY,B,LONG,2023-10-10 00:30:00,2023-10-10 01:00:00,spread_reduced,Pseudo,-0.2807076990408719
USDJPY,B,SHORT,2023-10-12 13:30:00,2023-10-12 14:00:00,spread_reduced,Pseudo,-0.3590354361731052
AUDJPY,B,SHORT,2023-10-12 13:30:00,2023-10-12 14:00:00,spread_reduced,Both,0.38797700964047593
NZDJPY,B,SHORT,2023-10-12 13:30:00,2023-10-12 14:00:00,spread_reduced,Pseudo,0.07693128051911025
USDJPY,B,LONG,2023-10-17 14:15:00,2023-10-17 14:50:00,spread_reduced,Pseudo,0.07684176444885024
AUDJPY,B,LONG,2023-10-17 14:15:00,2023-10-17 14:50:00,spread_reduced,Pseudo,0.00783875539989154
NZDJPY,B,LONG,2023-10-17 14:15:00,2023-10-17 14:50:00,spread_reduced,Pseudo,0.004293323194219194
USDJPY,B,SHORT,2023-10-18 14:45:00,2023-10-18 15:00:00,spread_reduced,Pseudo,0.08343550647090434
AUDJPY,B,SHORT,2023-10-18 14:45:00,2023-10-18 15:00:00,spread_reduced,Pseudo,-0.18161493924669556
NZDJPY,B,SHORT,2023-10-18 14:45:00,2023-10-18 15:00:00,spread_reduced,Pseudo,-0.15310561779591225
USDJPY,B,LONG,2023-10-19 16:20:00,2023-10-19 16:30:00,spread_reduced,Both,0.30273835542045846
AUDJPY,B,LONG,2023-10-19 16:20:00,2023-10-19 16:30:00,stop,Pseudo,-0.8457071318315931
NZDJPY,B,LONG,2023-10-19 16:20:00,2023-10-19 16:30:00,stop,Pseudo,-0.70569747371844
AUDJPY,B,LONG,2023-10-19 17:05:00,2023-10-19 17:30:00,spread_reduced,Pseudo,-0.2847489439648706
NZDJPY,B,LONG,2023-10-19 17:05:00,2023-10-19 17:30:00,spread_reduced,Pseudo,-0.35442906734683977
USDJPY,B,LONG,2023-10-19 17:10:00,2023-10-19 17:30:00,spread_reduced,Pseudo,-0.04117091690403196
USDJPY,B,SHORT,2023-10-27 14:40:00,2023-10-27 15:10:00,spread_reduced,Real,0.2738081523239548
AUDJPY,B,SHORT,2023-10-27 14:40:00,2023-10-27 15:10:00,spread_reduced,Pseudo,-0.09383794192559711
NZDJPY,B,SHORT,2023-10-27 14:40:00,2023-10-27 15:10:00,spread_reduced,Pseudo,0.08107720838745891
USDJPY,B,LONG,2023-10-30 09:20:00,2023-10-30 10:15:00,spread_reduced,Pseudo,0.08579173582827042
AUDJPY,B,LONG,2023-10-30 09:20:00,2023-10-30 10:15:00,spread_reduced,Pseudo,-0.0009204076105347644
NZDJPY,B,LONG,2023-10-30 09:20:00,2023-10-30 10:15:00,spread_reduced,Pseudo,-0.06792068520603915
USDJPY,B,SHORT,2023-10-30 14:00:00,2023-10-30 15:40:00,spread_reduced,Both,0.9378815071425425
AUDJPY,B,SHORT,2023-10-30 14:00:00,2023-10-30 15:40:00,spread_reduced,Pseudo,0.8549547410444669
NZDJPY,B,SHORT,2023-10-30 14:00:00,2023-10-30 15:40:00,spread_reduced,Pseudo,0.8688012180655773
USDJPY,B,LONG,2023-10-31 00:30:00,2023-10-31 01:00:00,spread_reduced,Pseudo,0.06251444910169528
AUDJPY,B,LONG,2023-10-31 00:30:00,2023-10-31 01:00:00,spread_reduced,Pseudo,-0.37912453031030413
NZDJPY,B,LONG,2023-10-31 00:30:00,2023-10-31 01:00:00,spread_reduced,Pseudo,-0.24375690284739182
USDJPY,B,LONG,2023-10-31 03:25:00,2023-10-31 03:55:00,spread_reduced,Pseudo,-0.0500239463051555
AUDJPY,B,LONG,2023-10-31 03:25:00,2023-10-31 03:55:00,spread_reduced,Pseudo,-0.03767925642269206
NZDJPY,B,LONG,2023-10-31 03:25:00,2023-10-31 03:55:00,spread_reduced,Real,-0.04880686514585619
USDJPY,B,LONG,2023-10-31 08:10:00,2023-10-31 09:25:00,spread_reduced,Pseudo,0.11081763253787773
AUDJPY,B,LONG,2023-10-31 08:10:00,2023-10-31 09:25:00,spread_reduced,Pseudo,0.6963576086997196
NZDJPY,B,LONG,2023-10-31 08:10:00,2023-10-31 09:25:00,spread_reduced,Pseudo,0.6057712557590763
USDJPY,B,LONG,2023-10-31 09:55:00,2023-10-31 10:25:00,spread_reduced,Both,-0.004444385185986555
AUDJPY,B,LONG,2023-10-31 09:55:00,2023-10-31 10:25:00,spread_reduced,Pseudo,-0.17293569405352205
NZDJPY,B,LONG,2023-10-31 09:55:00,2023-10-31 10:25:00,spread_reduced,Pseudo,-0.12610079814726988
USDJPY,B,LONG,2023-10-31 15:45:00,2023-10-31 16:00:00,spread_reduced,Pseudo,-0.35863884793504075
AUDJPY,B,LONG,2023-10-31 15:45:00,2023-10-31 16:00:00,spread_reduced,Pseudo,-0.10187437017135834
NZDJPY,B,LONG,2023-10-31 15:45:00,2023-10-31 16:00:00,spread_reduced,Pseudo,-0.17734124496489775
USDJPY,B,LONG,2023-10-31 16:45:00,2023-10-31 17:05:00,stop,Pseudo,-0.7483766122253396
AUDJPY,B,LONG,2023-10-31 16:45:00,2023-10-31 17:05:00,spread_reduced,Pseudo,-0.3587142859928413
NZDJPY,B,LONG,2023-10-31 16:45:00,2023-10-31 17:05:00,spread_reduced,Pseudo,-0.31527295777004455
EURJPY,B,SHORT,2023-11-09 19:15:00,2023-11-09 20:05:00,spread_reduced,Pseudo,-0.01216573293675675
GBPJPY,B,SHORT,2023-11-09 19:15:00,2023-11-09 20:05:00,spread_reduced,Pseudo,-0.019346845292182262
EURJPY,B,SHORT,2023-11-13 15:05:00,2023-11-13 15:20:00,stop,Pseudo,-0.5616598730509755
USDJPY,B,SHORT,2023-11-13 15:05:00,2023-11-13 15:25:00,stop,Pseudo,-0.5517989850737741
GBPJPY,B,SHORT,2023-11-13 15:05:00,2023-11-13 15:30:00,stop,Pseudo,-0.6072837996426255
USDJPY,B,LONG,2023-11-13 15:35:00,2023-11-13 16:15:00,spread_reduced,Pseudo,-0.3833932220846196
EURJPY,B,LONG,2023-11-13 15:35:00,2023-11-13 16:15:00,spread_reduced,Real,0.2224118677021103
GBPJPY,B,LONG,2023-11-13 15:35:00,2023-11-13 16:15:00,spread_reduced,Real,0.1385768718117723
EURJPY,B,LONG,2023-11-14 13:30:00,2023-11-14 15:10:00,spread_reduced,Neither,0.36385724939513864
GBPJPY,B,LONG,2023-11-14 13:30:00,2023-11-14 15:10:00,spread_reduced,Pseudo,0.9778042925184435
USDJPY,B,LONG,2023-11-14 13:45:00,2023-11-14 15:10:00,stop,Pseudo,-0.5079806928255012
USDJPY,B,LONG,2023-11-14 16:30:00,2023-11-14 16:50:00,spread_reduced,Pseudo,-0.24199584158538884
EURJPY,B,LONG,2023-11-14 16:30:00,2023-11-14 16:50:00,spread_reduced,Pseudo,-0.12508536466297276
GBPJPY,B,LONG,2023-11-14 16:30:00,2023-11-14 16:50:00,spread_reduced,Pseudo,-0.09987460836025086
USDJPY,B,SHORT,2023-11-15 09:15:00,2023-11-15 09:45:00,spread_reduced,Pseudo,-0.03214242022601492
EURJPY,B,SHORT,2023-11-15 09:15:00,2023-11-15 09:45:00,spread_reduced,Pseudo,0.1450370857174847
GBPJPY,B,SHORT,2023-11-15 09:15:00,2023-11-15 09:45:00,spread_reduced,Pseudo,-0.0940256790066633
USDJPY,B,LONG,2023-11-15 13:55:00,2023-11-15 14:55:00,spread_reduced,Both,0.8301103252666605
EURJPY,B,LONG,2023-11-15 13:55:00,2023-11-15 14:55:00,spread_reduced,Pseudo,0.1181565245980861
GBPJPY,B,LONG,2023-11-15 13:55:00,2023-11-15 14:55:00,spread_reduced,Pseudo,-0.09749118347431493
USDJPY,B,SHORT,2023-11-17 08:45:00,2023-11-17 09:35:00,spread_reduced,Pseudo,0.8264644224114475
EURJPY,B,SHORT,2023-11-17 08:45:00,2023-11-17 09:35:00,spread_reduced,Pseudo,0.4693054893741463
GBPJPY,B,SHORT,2023-11-17 08:45:00,2023-11-17 09:35:00,spread_reduced,Pseudo,0.2945756287692225
USDJPY,B,LONG,2023-11-17 13:40:00,2023-11-17 14:35:00,spread_reduced,Real,0.2316684040237031
EURJPY,B,LONG,2023-11-17 13:40:00,2023-11-17 14:35:00,spread_reduced,Pseudo,0.08420782153077215
GBPJPY,B,LONG,2023-11-17 13:40:00,2023-11-17 14:35:00,spread_reduced,Pseudo,0.011154770217514098
USDJPY,B,SHORT,2023-11-20 08:55:00,2023-11-20 10:00:00,spread_reduced,Pseudo,0.8284011302460703
EURJPY,B,SHORT,2023-11-20 08:55:00,2023-11-20 10:00:00,spread_reduced,Pseudo,0.479563130087383
GBPJPY,B,SHORT,2023-11-20 08:55:00,2023-11-20 10:00:00,spread_reduced,Real,0.4018898992573424
USDJPY,B,SHORT,2023-11-21 00:55:00,2023-11-21 01:20:00,spread_reduced,Real,-0.03933790391837574
EURJPY,B,SHORT,2023-11-21 00:55:00,2023-11-21 01:20:00,spread_reduced,Pseudo,-0.29085098042062424
GBPJPY,B,SHORT,2023-11-21 00:55:00,2023-11-21 01:20:00,spread_reduced,Real,-0.22267492645489106
USDJPY,B,SHORT,2023-11-22 11:00:00,2023-11-22 11:30:00,spread_reduced,Pseudo,-0.025725291370681802
EURJPY,B,SHORT,2023-11-22 11:00:00,2023-11-22 11:30:00,spread_reduced,Pseudo,-0.13750889475986722
GBPJPY,B,SHORT,2023-11-22 11:00:00,2023-11-22 11:30:00,spread_reduced,Pseudo,-0.1409388566462333
USDJPY,B,LONG,2023-11-22 13:40:00,2023-11-22 14:10:00,spread_reduced,Both,0.47159925951952475
EURJPY,B,LONG,2023-11-22 13:40:00,2023-11-22 14:10:00,spread_reduced,Pseudo,-0.2633694727554037
GBPJPY,B,LONG,2023-11-22 13:40:00,2023-11-22 14:10:00,stop,Pseudo,-0.5370865441705435
USDJPY,B,SHORT,2023-11-27 01:05:00,2023-11-27 02:20:00,spread_reduced,Neither,0.10828725931263014
EURJPY,B,SHORT,2023-11-27 01:05:00,2023-11-27 02:20:00,spread_reduced,Neither,-0.07850312110146973
GBPJPY,B,SHORT,2023-11-27 01:05:00,2023-11-27 02:20:00,spread_reduced,Neither,0.2181622438634327
USDJPY,B,SHORT,2023-11-28 00:20:00,2023-11-28 01:00:00,spread_reduced,Real,0.15300992699459245
EURJPY,B,SHORT,2023-11-28 00:20:00,2023-11-28 01:00:00,spread_reduced,Real,0.14077415032354157
GBPJPY,B,SHORT,2023-11-28 00:20:00,2023-11-28 01:00:00,spread_reduced,Pseudo,0.05901576963840416
USDJPY,B,SHORT,2023-11-28 23:10:00,2023-11-28 23:40:00,spread_reduced,Real,0.018214194763555014
EURJPY,B,SHORT,2023-11-28 23:10:00,2023-11-28 23:40:00,spread_reduced,Real,-0.13680243565509603
GBPJPY,B,SHORT,2023-11-28 23:10:00,2023-11-28 23:40:00,spread_reduced,Real,-0.1816515937753671
USDJPY,B,SHORT,2023-11-29 00:45:00,2023-11-29 01:00:00,spread_reduced,Both,0.3064869202426731
EURJPY,B,SHORT,2023-11-29 00:45:00,2023-11-29 01:00:00,spread_reduced,Pseudo,-0.004945479022300248
GBPJPY,B,SHORT,2023-11-29 00:55:00,2023-11-29 01:00:00,spread_reduced,Pseudo,-0.13182743130964644
USDJPY,B,LONG,2023-11-29 01:10:00,2023-11-29 01:40:00,spread_reduced,Pseudo,-0.03623660061247147
EURJPY,B,LONG,2023-11-29 01:10:00,2023-11-29 01:40:00,spread_reduced,Pseudo,-0.08330281452055092
GBPJPY,B,LONG,2023-11-29 01:10:00,2023-11-29 01:40:00,spread_reduced,Pseudo,-0.1344216514472067
USDJPY,B,LONG,2023-11-29 08:05:00,2023-11-29 08:35:00,spread_reduced,Pseudo,-0.05081137387075163
EURJPY,B,LONG,2023-11-29 08:05:00,2023-11-29 08:35:00,spread_reduced,Neither,0.0022450581435388512
GBPJPY,B,LONG,2023-11-29 08:05:00,2023-11-29 08:35:00,spread_reduced,Real,-0.2026610204841628
USDJPY,B,SHORT,2023-11-29 16:10:00,2023-11-29 16:40:00,spread_reduced,Both,-0.3031383240458633
EURJPY,B,SHORT,2023-11-29 16:10:00,2023-11-29 16:40:00,spread_reduced,Pseudo,-0.20713901946571117
GBPJPY,B,SHORT,2023-11-29 16:10:00,2023-11-29 16:40:00,spread_reduced,Pseudo,-0.183501966564729
EURJPY,B,SHORT,2023-11-30 08:35:00,2023-11-30 09:05:00,spread_reduced,Pseudo,-0.07544121770597378
GBPJPY,B,SHORT,2023-11-30 08:35:00,2023-11-30 09:05:00,spread_reduced,Pseudo,0.13442694439277
USDJPY,B,SHORT,2023-11-30 08:40:00,2023-11-30 09:05:00,spread_reduced,Pseudo,-0.25044271414453867
USDJPY,B,LONG,2023-11-30 14:00:00,2023-11-30 14:30:00,spread_reduced,Real,0.14858574942699931
EURJPY,B,LONG,2023-11-30 14:00:00,2023-11-30 14:30:00,spread_reduced,Pseudo,-0.0637012485863823
GBPJPY,B,LONG,2023-11-30 14:00:00,2023-11-30 14:30:00,spread_reduced,Pseudo,0.11437824101149612
EURJPY,B,LONG,2023-11-30 15:00:00,2023-11-30 15:35:00,stop,Pseudo,-0.5773200954147055
GBPJPY,B,LONG,2023-11-30 15:00:00,2023-11-30 15:35:00,spread_reduced,Pseudo,-0.3350924384294777
USDJPY,B,LONG,2023-11-30 15:15:00,2023-11-30 15:35:00,spread_reduced,Both,-0.35036454326472144
USDJPY,B,SHORT,2023-12-01 08:45:00,2023-12-01 09:15:00,spread_reduced,Pseudo,0.06429864415343398
AUDJPY,B,SHORT,2023-12-01 08:45:00,2023-12-01 09:15:00,spread_reduced,Pseudo,-0.15794346493806327
NZDJPY,B,SHORT,2023-12-01 08:45:00,2023-12-01 09:15:00,spread_reduced,Pseudo,-0.1355080951580175
USDJPY,B,SHORT,2023-12-03 23:05:00,2023-12-03 23:30:00,spread_reduced,Pseudo,-0.061381133710754675
AUDJPY,B,SHORT,2023-12-03 23:05:00,2023-12-03 23:30:00,stop,Pseudo,-0.6904085218042422
NZDJPY,B,SHORT,2023-12-03 23:05:00,2023-12-03 23:30:00,stop,Pseudo,-0.6202983752083095
USDJPY,B,LONG,2023-12-04 08:10:00,2023-12-04 08:30:00,spread_reduced,Pseudo,-0.3150186113929365
AUDJPY,B,LONG,2023-12-04 08:10:00,2023-12-04 08:30:00,spread_reduced,Both,-0.16522550136603237
NZDJPY,B,LONG,2023-12-04 08:10:00,2023-12-04 08:30:00,spread_reduced,Pseudo,-0.049783627371661573
USDJPY,B,SHORT,2023-12-04 15:00:00,2023-12-04 15:20:00,stop,Pseudo,-0.6583757915326061
AUDJPY,B,SHORT,2023-12-04 15:00:00,2023-12-04 15:30:00,spread_reduced,Pseudo,-0.11437885480621487
NZDJPY,B,SHORT,2023-12-04 15:00:00,2023-12-04 15:30:00,spread_reduced,Pseudo,-0.23209956299770815
USDJPY,B,SHORT,2023-12-05 06:20:00,2023-12-05 06:55:00,spread_reduced,Pseudo,-0.15880170347237765
AUDJPY,B,SHORT,2023-12-05 06:20:00,2023-12-05 06:55:00,spread_reduced,Pseudo,-0.12873298811847772
NZDJPY,B,SHORT,2023-12-05 06:20:00,2023-12-05 06:55:00,spread_reduced,Pseudo,-0.053586337702397444
USDJPY,B,LONG,2023-12-05 08:50:00,2023-12-05 09:40:00,spread_reduced,Pseudo,0.1304648144453413
AUDJPY,B,LONG,2023-12-05 08:50:00,2023-12-05 09:40:00,spread_reduced,Pseudo,0.11435554691792879
NZDJPY,B,LONG,2023-12-05 08:50:00,2023-12-05 09:40:00,spread_reduced,Pseudo,-0.3702877936979284
USDJPY,B,LONG,2023-12-05 15:35:00,2023-12-05 16:00:00,stop,Pseudo,-0.5070731233433786
AUDJPY,B,LONG,2023-12-05 15:35:00,2023-12-05 16:00:00,spread_reduced,Pseudo,0.045503680434988425
NZDJPY,B,LONG,2023-12-05 15:35:00,2023-12-05 16:00:00,spread_reduced,Pseudo,0.003596159409443208
USDJPY,B,SHORT,2023-12-07 06:30:00,2023-12-07 08:55:00,spread_reduced,Pseudo,2.071035309228327
AUDJPY,B,SHORT,2023-12-07 06:30:00,2023-12-07 08:55:00,spread_reduced,Pseudo,1.4903649120033835
NZDJPY,B,SHORT,2023-12-07 06:30:00,2023-12-07 08:55:00,spread_reduced,Pseudo,1.8733114825106867
AUDJPY,B,SHORT,2023-12-07 10:00:00,2023-12-07 10:35:00,spread_reduced,Pseudo,0.10766455532281358
NZDJPY,B,SHORT,2023-12-07 10:00:00,2023-12-07 10:35:00,spread_reduced,Pseudo,0.05266451414169075
USDJPY,B,SHORT,2023-12-07 10:05:00,2023-12-07 10:35:00,spread_reduced,Pseudo,-0.3808008474780097
USDJPY,B,LONG,2023-12-07 11:10:00,2023-12-07 11:50:00,spread_reduced,Pseudo,-0.0320249934663656
AUDJPY,B,LONG,2023-12-07 11:10:00,2023-12-07 11:50:00,spread_reduced,Pseudo,0.020087961735952103
NZDJPY,B,LONG,2023-12-07 11:10:00,2023-12-07 11:50:00,spread_reduced,Pseudo,-0.13624849758912355
USDJPY,B,SHORT,2023-12-07 14:25:00,2023-12-07 15:15:00,spread_reduced,Real,0.6195442355937386
AUDJPY,B,SHORT,2023-12-07 14:25:00,2023-12-07 15:15:00,spread_reduced,Neither,0.4592793167507899
NZDJPY,B,SHORT,2023-12-07 14:25:00,2023-12-07 15:15:00,spread_reduced,Pseudo,0.09208395584122306
AUDJPY,B,SHORT,2023-12-07 15:40:00,2023-12-07 16:05:00,spread_reduced,Pseudo,-0.3958154086716922
NZDJPY,B,SHORT,2023-12-07 15:40:00,2023-12-07 16:05:00,spread_reduced,Pseudo,-0.42222298921767987
USDJPY,B,SHORT,2023-12-07 15:45:00,2023-12-07 16:05:00,spread_reduced,Pseudo,0.06378043053119806
USDJPY,B,LONG,2023-12-07 16:20:00,2023-12-07 16:35:00,spread_reduced,Pseudo,-0.2020736347400076
AUDJPY,B,LONG,2023-12-07 16:20:00,2023-12-07 16:35:00,spread_reduced,Real,-0.11658615633103331
NZDJPY,B,LONG,2023-12-07 16:20:00,2023-12-07 16:35:00,spread_reduced,Real,-0.24717633877994566
USDJPY,B,SHORT,2023-12-07 17:40:00,2023-12-07 18:15:00,spread_reduced,Pseudo,0.32765197644968325
AUDJPY,B,SHORT,2023-12-07 17:40:00,2023-12-07 18:15:00,spread_reduced,Pseudo,0.4313269040634079
NZDJPY,B,SHORT,2023-12-07 17:40:00,2023-12-07 18:15:00,spread_reduced,Pseudo,0.6446714155087241
USDJPY,B,LONG,2023-12-07 18:15:00,2023-12-07 18:50:00,spread_reduced,Pseudo,0.17687496315721418
AUDJPY,B,LONG,2023-12-07 18:15:00,2023-12-07 18:50:00,spread_reduced,Pseudo,0.004442515975015364
NZDJPY,B,LONG,2023-12-07 18:15:00,2023-12-07 18:50:00,spread_reduced,Pseudo,0.015478399718752794
USDJPY,B,LONG,2023-12-07 21:15:00,2023-12-07 22:05:00,spread_reduced,Real,0.4273947725345432
AUDJPY,B,LONG,2023-12-07 21:15:00,2023-12-07 22:05:00,spread_reduced,Real,0.25342359943506904
NZDJPY,B,LONG,2023-12-07 21:15:00,2023-12-07 22:05:00,spread_reduced,Real,0.4696390829545353
USDJPY,B,SHORT,2023-12-07 23:00:00,2023-12-07 23:30:00,stop,Pseudo,-0.504782992165979
AUDJPY,B,SHORT,2023-12-07 23:00:00,2023-12-07 23:30:00,spread_reduced,Pseudo,-0.17283374073362445
NZDJPY,B,SHORT,2023-12-07 23:00:00,2023-12-07 23:30:00,spread_reduced,Pseudo,-0.16296913095385318
USDJPY,B,LONG,2023-12-07 23:50:00,2023-12-08 00:00:00,stop,Pseudo,-0.5934360988751886
AUDJPY,B,LONG,2023-12-07 23:50:00,2023-12-08 00:00:00,spread_reduced,Pseudo,-0.37402168915364375
NZDJPY,B,LONG,2023-12-07 23:50:00,2023-12-08 00:00:00,spread_reduced,Pseudo,-0.44393357315312504
USDJPY,B,SHORT,2023-12-08 00:15:00,2023-12-08 01:20:00,spread_reduced,Neither,0.45512844738804237
AUDJPY,B,SHORT,2023-12-08 00:15:00,2023-12-08 01:20:00,spread_reduced,Neither,0.4231383980323559
NZDJPY,B,SHORT,2023-12-08 00:15:00,2023-12-08 01:20:00,spread_reduced,Neither,0.5012562271055436
USDJPY,B,LONG,2023-12-08 07:15:00,2023-12-08 07:30:00,spread_reduced,Pseudo,-0.3681842350414059
AUDJPY,B,LONG,2023-12-08 07:15:00,2023-12-08 07:30:00,spread_reduced,Pseudo,-0.41161564177105703
NZDJPY,B,LONG,2023-12-08 07:15:00,2023-12-08 07:30:00,spread_reduced,Pseudo,-0.4480433794004831
USDJPY,B,SHORT,2023-12-08 07:45:00,2023-12-08 08:05:00,spread_reduced,Pseudo,-0.41987708212990843
AUDJPY,B,SHORT,2023-12-08 07:45:00,2023-12-08 08:05:00,spread_reduced,Pseudo,-0.27057440729942134
NZDJPY,B,SHORT,2023-12-08 07:45:00,2023-12-08 08:05:00,spread_reduced,Pseudo,-0.3024201021042394
AUDJPY,B,LONG,2023-12-08 08:15:00,2023-12-08 08:35:00,stop,Pseudo,-0.6427637034776742
NZDJPY,B,LONG,2023-12-08 08:15:00,2023-12-08 08:35:00,stop,Pseudo,-0.6345879046466182
USDJPY,B,SHORT,2023-12-08 08:40:00,2023-12-08 09:00:00,spread_reduced,Pseudo,-0.45139284450076056
AUDJPY,B,SHORT,2023-12-08 08:40:00,2023-12-08 09:00:00,stop,Pseudo,-0.6162935429444202
NZDJPY,B,SHORT,2023-12-08 08:40:00,2023-12-08 09:00:00,spread_reduced,Pseudo,-0.36859184675708256
USDJPY,B,LONG,2023-12-08 09:05:00,2023-12-08 09:35:00,spread_reduced,Both,0.025597735975324554
AUDJPY,B,LONG,2023-12-08 09:05:00,2023-12-08 09:35:00,spread_reduced,Pseudo,-0.2212919265920747
NZDJPY,B,LONG,2023-12-08 09:05:00,2023-12-08 09:35:00,spread_reduced,Pseudo,-0.2890039747918127
USDJPY,B,LONG,2023-12-08 10:50:00,2023-12-08 11:20:00,spread_reduced,Neither,0.27940573538705793
NZDJPY,B,LONG,2023-12-08 10:50:00,2023-12-08 11:20:00,spread_reduced,Neither,0.23848522911795733
AUDJPY,B,LONG,2023-12-08 10:50:00,2023-12-08 15:00:00,stop,Pseudo,-2.068951476500066
NZDJPY,B,SHORT,2023-12-08 15:05:00,2023-12-08 15:15:00,stop,Pseudo,-0.5415458615827262
USDJPY,B,SHORT,2023-12-08 15:05:00,2023-12-08 15:20:00,spread_reduced,Pseudo,-0.36801161304000907
USDJPY,B,LONG,2023-12-08 15:30:00,2023-12-08 16:15:00,spread_reduced,Real,0.7999999052913747
AUDJPY,B,LONG,2023-12-08 15:30:00,2023-12-08 16:15:00,spread_reduced,Pseudo,-0.29349527757708643
NZDJPY,B,LONG,2023-12-08 15:30:00,2023-12-08 16:15:00,spread_reduced,Both,-0.031574752105208624
NZDJPY,B,LONG,2023-12-11 00:15:00,2023-12-11 01:30:00,spread_reduced,Pseudo,-0.16645084627172255
USDJPY,B,LONG,2023-12-11 00:30:00,2023-12-11 01:30:00,spread_reduced,Pseudo,0.44087252484222483
AUDJPY,B,LONG,2023-12-11 00:30:00,2023-12-11 01:30:00,stop,Pseudo,-0.5383782712506207
USDJPY,B,LONG,2023-12-11 07:40:00,2023-12-11 08:20:00,spread_reduced,Pseudo,-0.2746537375665955
AUDJPY,B,LONG,2023-12-11 07:40:00,2023-12-11 08:20:00,spread_reduced,Pseudo,-0.17841009809323646
NZDJPY,B,LONG,2023-12-11 07:40:00,2023-12-11 08:20:00,spread_reduced,Pseudo,-0.09873187749157945
USDJPY,B,LONG,2023-12-11 12:25:00,2023-12-11 12:40:00,spread_reduced,Pseudo,-0.14213986323826275
AUDJPY,B,LONG,2023-12-11 12:25:00,2023-12-11 12:40:00,spread_reduced,Pseudo,-0.28201358705493007
NZDJPY,B,LONG,2023-12-11 12:25:00,2023-12-11 12:40:00,spread_reduced,Pseudo,-0.24726827227590972
USDJPY,B,SHORT,2023-12-12 00:20:00,2023-12-12 00:50:00,spread_reduced,Pseudo,0.03098838711087145
AUDJPY,B,SHORT,2023-12-12 00:20:00,2023-12-12 00:50:00,spread_reduced,Pseudo,-0.25166128665972864
NZDJPY,B,SHORT,2023-12-12 00:20:00,2023-12-12 00:50:00,spread_reduced,Pseudo,-0.16963497721119344
USDJPY,B,SHORT,2023-12-12 14:05:00,2023-12-12 14:15:00,spread_reduced,Pseudo,-0.268145680033971
AUDJPY,B,SHORT,2023-12-12 14:05:00,2023-12-12 14:15:00,spread_reduced,Pseudo,-0.27324095032388307
NZDJPY,B,SHORT,2023-12-12 14:05:00,2023-12-12 14:15:00,spread_reduced,Pseudo,-0.23716682686392154
USDJPY,B,LONG,2023-12-13 00:20:00,2023-12-13 01:00:00,spread_reduced,Pseudo,-0.12357264490721795
AUDJPY,B,LONG,2023-12-13 00:20:00,2023-12-13 01:00:00,spread_reduced,Pseudo,-0.30283896702276714
NZDJPY,B,LONG,2023-12-13 00:20:00,2023-12-13 01:00:00,spread_reduced,Pseudo,-0.24626775293397815
AUDJPY,B,LONG,2023-12-14 13:35:00,2023-12-14 13:45:00,spread_reduced,Pseudo,-0.12877158269049746
NZDJPY,B,LONG,2023-12-14 13:35:00,2023-12-14 13:45:00,spread_reduced,Real,-0.06757077170693737
USDJPY,B,SHORT,2023-12-15 14:25:00,2023-12-15 15:00:00,spread_reduced,Real,0.17414399240504402
AUDJPY,B,SHORT,2023-12-15 14:25:00,2023-12-15 15:00:00,spread_reduced,Real,-0.08166375871465625
NZDJPY,B,SHORT,2023-12-15 14:25:00,2023-12-15 15:00:00,spread_reduced,Real,-0.003192184619082994
USDJPY,B,SHORT,2023-12-15 15:15:00,2023-12-15 15:40:00,stop,Pseudo,-0.532153538967443
AUDJPY,B,SHORT,2023-12-15 15:15:00,2023-12-15 15:40:00,stop,Pseudo,-0.5596801218576235
NZDJPY,B,SHORT,2023-12-15 15:15:00,2023-12-15 15:40:00,spread_reduced,Pseudo,-0.38627942655907377
USDJPY,B,LONG,2023-12-15 15:55:00,2023-12-15 16:25:00,spread_reduced,Pseudo,-0.11026606623976143
AUDJPY,B,LONG,2023-12-15 15:55:00,2023-12-15 16:25:00,spread_reduced,Real,0.1880289991210334
NZDJPY,B,LONG,2023-12-15 15:55:00,2023-12-15 16:25:00,spread_reduced,Real,0.28595814756996835
USDJPY,B,LONG,2023-12-18 00:20:00,2023-12-18 00:40:00,spread_reduced,Pseudo,-0.29702807016407373
AUDJPY,B,LONG,2023-12-18 00:20:00,2023-12-18 00:40:00,spread_reduced,Pseudo,-0.4110015983897301
NZDJPY,B,LONG,2023-12-18 00:20:00,2023-12-18 00:40:00,spread_reduced,Pseudo,-0.34957083466669037
USDJPY,B,SHORT,2023-12-18 00:50:00,2023-12-18 01:15:00,spread_reduced,Pseudo,-0.41012324254685595
AUDJPY,B,SHORT,2023-12-18 00:50:00,2023-12-18 01:15:00,spread_reduced,Pseudo,-0.09007374678452844
NZDJPY,B,SHORT,2023-12-18 00:50:00,2023-12-18 01:15:00,spread_reduced,Pseudo,-0.46880130606445175
USDJPY,B,SHORT,2023-12-19 00:10:00,2023-12-19 00:40:00,spread_reduced,Pseudo,-0.050089256508586054
AUDJPY,B,SHORT,2023-12-19 00:10:00,2023-12-19 00:40:00,spread_reduced,Pseudo,-0.44762276077843965
NZDJPY,B,SHORT,2023-12-19 00:10:00,2023-12-19 00:40:00,spread_reduced,Pseudo,-0.15577444784449965
AUDJPY,B,LONG,2023-12-19 00:50:00,2023-12-19 01:05:00,stop,Neither,-0.6187350728243206
NZDJPY,B,LONG,2023-12-19 00:50:00,2023-12-19 01:20:00,spread_reduced,Real,-0.36796270499783734
USDJPY,B,LONG,2023-12-19 00:50:00,2023-12-19 05:25:00,spread_reduced,Pseudo,1.819438383442081
AUDJPY,B,LONG,2023-12-19 02:45:00,2023-12-19 05:25:00,spread_reduced,Pseudo,0.4522921809773095
NZDJPY,B,LONG,2023-12-19 02:45:00,2023-12-19 05:25:00,spread_reduced,Pseudo,0.6072361510912987
USDJPY,B,LONG,2023-12-19 07:00:00,2023-12-19 07:15:00,stop,Pseudo,-0.736083781072594
AUDJPY,B,LONG,2023-12-19 07:00:00,2023-12-19 07:35:00,spread_reduced,Pseudo,0.06960026274227538
NZDJPY,B,LONG,2023-12-19 07:00:00,2023-12-19 07:35:00,spread_reduced,Pseudo,-0.1524198149703467
USDJPY,B,LONG,2023-12-19 07:20:00,2023-12-19 07:35:00,spread_reduced,Pseudo,0.06975391087153208
USDJPY,B,LONG,2023-12-19 07:45:00,2023-12-19 09:20:00,spread_reduced,Pseudo,0.7514663376965529
AUDJPY,B,LONG,2023-12-19 07:45:00,2023-12-19 09:20:00,spread_reduced,Pseudo,1.589186011781448
NZDJPY,B,LONG,2023-12-19 07:45:00,2023-12-19 09:20:00,spread_reduced,Pseudo,1.420639012074195
USDJPY,B,LONG,2023-12-19 10:15:00,2023-12-19 11:10:00,spread_reduced,Pseudo,-0.049342126346996196
AUDJPY,B,LONG,2023-12-19 10:15:00,2023-12-19 11:10:00,spread_reduced,Pseudo,0.06371160050266944
NZDJPY,B,LONG,2023-12-19 10:15:00,2023-12-19 11:10:00,spread_reduced,Pseudo,-0.13666462642151583
USDJPY,B,SHORT,2023-12-19 11:20:00,2023-12-19 11:40:00,spread_reduced,Pseudo,-0.31892497282541105
AUDJPY,B,SHORT,2023-12-19 11:20:00,2023-12-19 11:40:00,spread_reduced,Pseudo,-0.22026457300539093
NZDJPY,B,SHORT,2023-12-19 11:20:00,2023-12-19 11:40:00,spread_reduced,Pseudo,-0.2772395180533257
USDJPY,B,SHORT,2023-12-19 13:00:00,2023-12-19 13:30:00,stop,Pseudo,-0.5755173743529814
AUDJPY,B,SHORT,2023-12-19 13:00:00,2023-12-19 13:30:00,stop,Pseudo,-0.7423745161583284
NZDJPY,B,SHORT,2023-12-19 13:00:00,2023-12-19 13:30:00,stop,Pseudo,-0.5588823187993401
USDJPY,B,SHORT,2023-12-19 15:00:00,2023-12-19 15:35:00,spread_reduced,Pseudo,0.18320524926003964
AUDJPY,B,SHORT,2023-12-19 15:00:00,2023-12-19 15:35:00,spread_reduced,Pseudo,-0.0029732733758761993
NZDJPY,B,SHORT,2023-12-19 15:00:00,2023-12-19 15:35:00,spread_reduced,Pseudo,-0.14428537668923863
USDJPY,B,SHORT,2023-12-20 00:55:00,2023-12-20 01:25:00,spread_reduced,Pseudo,-0.15391449484414288
AUDJPY,B,SHORT,2023-12-20 00:55:00,2023-12-20 01:25:00,spread_reduced,Pseudo,-0.3066683758734534
NZDJPY,B,SHORT,2023-12-20 00:55:00,2023-12-20 01:25:00,spread_reduced,Pseudo,-0.14063252278032995
USDJPY,B,SHORT,2023-12-20 07:10:00,2023-12-20 07:55:00,spread_reduced,Pseudo,-0.11710962949348
AUDJPY,B,SHORT,2023-12-20 07:10:00,2023-12-20 07:55:00,spread_reduced,Pseudo,-0.16256949006672924
NZDJPY,B,SHORT,2023-12-20 07:10:00,2023-12-20 07:55:00,spread_reduced,Pseudo,-0.3570948419436467
USDJPY,B,LONG,2023-12-20 08:05:00,2023-12-20 08:30:00,spread_reduced,Real,-0.2470359163890453
AUDJPY,B,LONG,2023-12-20 08:05:00,2023-12-20 08:30:00,spread_reduced,Real,-0.03552217349778175
NZDJPY,B,LONG,2023-12-20 08:05:00,2023-12-20 08:30:00,spread_reduced,Real,0.1642462773353189
USDJPY,B,SHORT,2023-12-20 09:10:00,2023-12-20 09:35:00,spread_reduced,Pseudo,-0.13462914648409985
AUDJPY,B,SHORT,2023-12-20 09:10:00,2023-12-20 09:35:00,spread_reduced,Pseudo,-0.10599188099454557
NZDJPY,B,SHORT,2023-12-20 09:10:00,2023-12-20 09:35:00,spread_reduced,Pseudo,-0.22011564883239743
USDJPY,B,SHORT,2023-12-20 19:55:00,2023-12-20 20:55:00,spread_reduced,Pseudo,0.11956853567048528
AUDJPY,B,SHORT,2023-12-20 19:55:00,2023-12-20 20:55:00,spread_reduced,Real,1.1755185777335697
NZDJPY,B,SHORT,2023-12-20 19:55:00,2023-12-20 20:55:00,spread_reduced,Real,0.9937343902271708
USDJPY,B,SHORT,2023-12-21 01:35:00,2023-12-21 02:30:00,spread_reduced,Pseudo,-0.12564468024082548
AUDJPY,B,SHORT,2023-12-21 01:35:00,2023-12-21 02:30:00,spread_reduced,Pseudo,-0.30016219326907867
NZDJPY,B,SHORT,2023-12-21 01:35:00,2023-12-21 02:30:00,spread_reduced,Pseudo,0.16039892460032829
USDJPY,B,SHORT,2023-12-21 13:40:00,2023-12-21 14:10:00,spread_reduced,Pseudo,-0.4604501430192087
AUDJPY,B,SHORT,2023-12-21 13:40:00,2023-12-21 14:10:00,spread_reduced,Pseudo,-0.08406959060739776
NZDJPY,B,SHORT,2023-12-21 13:40:00,2023-12-21 14:10:00,spread_reduced,Pseudo,-0.16582557115940588
USDJPY,B,LONG,2023-12-22 01:05:00,2023-12-22 01:45:00,spread_reduced,Pseudo,0.22404204199403627
AUDJPY,B,LONG,2023-12-22 01:05:00,2023-12-22 01:45:00,spread_reduced,Pseudo,-0.03046326661371168
NZDJPY,B,LONG,2023-12-22 01:05:00,2023-12-22 01:45:00,spread_reduced,Pseudo,-0.14509061373468857
USDJPY,B,LONG,2023-12-27 00:10:00,2023-12-27 00:50:00,spread_reduced,Neither,0.07966173012596833
AUDJPY,B,LONG,2023-12-27 00:10:00,2023-12-27 00:50:00,spread_reduced,Real,-0.07487123696403586
NZDJPY,B,LONG,2023-12-27 00:10:00,2023-12-27 00:50:00,spread_reduced,Neither,-0.1311648877585873
AUDJPY,B,SHORT,2023-12-27 08:00:00,2023-12-27 08:20:00,stop,Pseudo,-0.5851968648789008
NZDJPY,B,SHORT,2023-12-27 08:00:00,2023-12-27 08:20:00,stop,Pseudo,-0.5066136868741763
USDJPY,B,SHORT,2023-12-27 08:00:00,2023-12-27 08:30:00,spread_reduced,Pseudo,-0.49328845394088405
USDJPY,B,LONG,2023-12-27 08:30:00,2023-12-27 08:45:00,spread_reduced,Pseudo,-0.24966966852690842
AUDJPY,B,LONG,2023-12-27 08:30:00,2023-12-27 08:45:00,spread_reduced,Pseudo,-0.49838422022951967
NZDJPY,B,LONG,2023-12-27 08:30:00,2023-12-27 08:45:00,stop,Pseudo,-0.5590711323735972
USDJPY,B,LONG,2023-12-27 14:55:00,2023-12-27 15:15:00,spread_reduced,Pseudo,-0.34336547206773965
AUDJPY,B,LONG,2023-12-27 14:55:00,2023-12-27 15:15:00,spread_reduced,Pseudo,-0.3924186585797148
NZDJPY,B,LONG,2023-12-27 14:55:00,2023-12-27 15:15:00,spread_reduced,Pseudo,-0.21965150737601746
USDJPY,B,SHORT,2023-12-27 19:30:00,2023-12-27 19:50:00,stop,Pseudo,-0.7576863822730633
AUDJPY,B,SHORT,2023-12-27 19:30:00,2023-12-27 19:55:00,stop,Pseudo,-0.548049179420455
NZDJPY,B,SHORT,2023-12-27 19:30:00,2023-12-27 20:00:00,spread_reduced,Pseudo,-0.4719581515271928
USDJPY,B,SHORT,2023-12-27 22:25:00,2023-12-27 22:55:00,spread_reduced,Pseudo,-0.02916173645147365
AUDJPY,B,SHORT,2023-12-27 22:25:00,2023-12-27 22:55:00,spread_reduced,Real,0.09847336891477543
NZDJPY,B,SHORT,2023-12-27 22:25:00,2023-12-27 22:55:00,spread_reduced,Real,-0.07792392792501288
USDJPY,B,SHORT,2023-12-28 00:05:00,2023-12-28 00:35:00,spread_reduced,Pseudo,-0.2593016263804001
AUDJPY,B,SHORT,2023-12-28 00:05:00,2023-12-28 00:35:00,spread_reduced,Pseudo,-0.459038785285489
NZDJPY,B,SHORT,2023-12-28 00:05:00,2023-12-28 00:35:00,spread_reduced,Pseudo,-0.4716351284905773
USDJPY,B,LONG,2023-12-28 00:50:00,2023-12-28 01:05:00,stop,Pseudo,-0.5644573426208573
AUDJPY,B,LONG,2023-12-28 00:50:00,2023-12-28 01:20:00,spread_reduced,Pseudo,-0.23096005916404633
NZDJPY,B,LONG,2023-12-28 00:50:00,2023-12-28 01:20:00,spread_reduced,Pseudo,-0.13880220795929138
USDJPY,B,LONG,2023-12-28 01:15:00,2023-12-28 01:20:00,spread_reduced,Pseudo,-0.06567175922185994
USDJPY,B,SHORT,2023-12-28 07:10:00,2023-12-28 07:40:00,spread_reduced,Pseudo,-0.17369535579662515
AUDJPY,B,SHORT,2023-12-28 07:10:00,2023-12-28 07:40:00,spread_reduced,Pseudo,0.009244693173315888
NZDJPY,B,SHORT,2023-12-28 07:10:00,2023-12-28 07:40:00,spread_reduced,Pseudo,-0.1657629757417419
USDJPY,B,SHORT,2023-12-28 15:30:00,2023-12-28 15:55:00,stop,Pseudo,-1.1237685187611333
AUDJPY,B,SHORT,2023-12-28 15:30:00,2023-12-28 15:55:00,stop,Pseudo,-1.3635501798668535
NZDJPY,B,SHORT,2023-12-28 15:30:00,2023-12-28 15:55:00,stop,Pseudo,-1.033918451869583
USDJPY,B,LONG,2023-12-28 15:55:00,2023-12-28 16:25:00,spread_reduced,Pseudo,0.49122338924534326
AUDJPY,B,LONG,2023-12-28 15:55:00,2023-12-28 16:25:00,spread_reduced,Pseudo,-0.15459163627266442
NZDJPY,B,LONG,2023-12-28 15:55:00,2023-12-28 16:25:00,spread_reduced,Both,-0.0984924725270601
USDJPY,B,SHORT,2023-12-28 16:35:00,2023-12-28 17:00:00,spread_reduced,Pseudo,-0.4381272523403072
AUDJPY,B,SHORT,2023-12-28 16:35:00,2023-12-28 17:00:00,spread_reduced,Pseudo,-0.2824569335157327
NZDJPY,B,SHORT,2023-12-28 16:35:00,2023-12-28 17:00:00,spread_reduced,Pseudo,-0.45997735258388833
USDJPY,B,LONG,2023-12-28 17:05:00,2023-12-28 17:35:00,spread_reduced,Real,-0.28378607300053965
AUDJPY,B,LONG,2023-12-28 17:05:00,2023-12-28 17:35:00,spread_reduced,Real,0.012627338807617388
NZDJPY,B,LONG,2023-12-28 17:05:00,2023-12-28 17:35:00,spread_reduced,Real,0.0205435554305744
USDJPY,B,LONG,2023-12-29 00:50:00,2023-12-29 01:20:00,spread_reduced,Pseudo,-0.32212458291277135
AUDJPY,B,LONG,2023-12-29 00:50:00,2023-12-29 01:20:00,spread_reduced,Pseudo,-0.24731813060600388
NZDJPY,B,LONG,2023-12-29 00:50:00,2023-12-29 01:20:00,spread_reduced,Pseudo,-0.2523517910926569
USDJPY,B,LONG,2023-12-29 08:20:00,2023-12-29 08:30:00,spread_reduced,Pseudo,-0.2059013983167028
AUDJPY,B,LONG,2023-12-29 08:20:00,2023-12-29 08:30:00,spread_reduced,Pseudo,-0.2029369650287105
NZDJPY,B,LONG,2023-12-29 08:20:00,2023-12-29 08:30:00,spread_reduced,Pseudo,-0.2672492408671105
