signal_dt,entry_dt,exit_dt,session,direction,filter,entry_price,exit_price,sl_price,lot_size,held_bars,exit_reason,pnl_pips,pnl_yen,r_mult,atr_val,eur_jpy_diff,ac_val,period
2022-01-10 12:10:00,2022-01-10 12:15:00,2022-01-10 12:20:00,NY   21-03JST,LONG,Q10+ac<0,130.5315,130.46068,130.46318,7.32,1,stop,-7.08,-5183.0,-1.037,0.06832,-0.004842,-0.5585,IS
2022-01-10 12:20:00,2022-01-10 12:25:00,2022-01-10 12:30:00,NY   21-03JST,LONG,Q10+ac<0,130.5005,130.42832,130.43082,7.18,1,stop,-7.22,-5179.0,-1.036,0.06968,-0.004999,-0.3867,IS
2022-01-10 12:25:00,2022-01-10 12:30:00,2022-01-10 12:50:00,NY   21-03JST,LONG,Q10+ac<0,130.4475,130.43168,130.37868,7.27,4,stop,-1.58,-1149.0,-0.23,0.06882,-0.005377,-0.4294,IS
2022-01-10 12:30:00,2022-01-10 12:35:00,2022-01-10 12:45:00,NY   21-03JST,LONG,Q10+ac<0,130.395,130.42482,130.33082,7.79,2,stop,2.98,2323.0,0.465,0.06418,-0.00546,-0.3671,IS
2022-01-10 12:55:00,2022-01-10 13:00:00,2022-01-10 13:20:00,NY   21-03JST,LONG,Q10+ac<0,130.414,130.43307,130.34807,7.58,4,stop,1.91,1446.0,0.289,0.06593,-0.005166,-0.3558,IS
2022-01-10 13:00:00,2022-01-10 13:05:00,2022-01-10 13:20:00,NY   21-03JST,LONG,Q10+ac<0,130.392,130.43111,130.32411,7.36,3,stop,3.91,2880.0,0.576,0.06789,-0.004905,-0.2753,IS
2022-02-11 18:55:00,2022-02-11 19:00:00,2022-02-11 19:05:00,NY   21-03JST,LONG,Q10+ac<0,130.9625,130.78496,130.78746,2.86,1,stop,-17.75,-5071.0,-1.014,0.17504,-0.011232,-0.1257,IS
2022-02-11 19:00:00,2022-02-11 19:05:00,2022-02-11 19:25:00,NY   21-03JST,LONG,Q10+ac<0,130.6635,130.87468,130.45568,2.41,4,stop,21.12,5081.0,1.016,0.20782,-0.013853,-0.1105,IS
2022-02-11 19:05:00,2022-02-11 19:10:00,2022-02-11 19:25:00,NY   21-03JST,LONG,Q10+ac<0,130.5735,130.85443,130.34543,2.19,3,stop,28.09,6159.0,1.232,0.22807,-0.014817,-0.1506,IS
2022-02-11 19:10:00,2022-02-11 19:15:00,2022-02-11 19:25:00,NY   21-03JST,LONG,Q10+ac<0,130.732,130.84214,130.49164,2.08,2,stop,11.01,2291.0,0.458,0.24036,-0.013473,-0.1592,IS
2022-02-11 19:35:00,2022-02-11 19:40:00,2022-02-11 19:50:00,NY   21-03JST,LONG,Q10+ac<0,130.814,130.51629,130.51879,1.69,2,stop,-29.77,-5042.0,-1.008,0.29521,-0.011826,-0.1222,IS
2022-02-11 19:40:00,2022-02-11 19:45:00,2022-02-13 23:55:00,NY   21-03JST,LONG,Q10+ac<0,130.7125,131.3545,130.42064,1.71,48,time,64.2,10999.0,2.2,0.29186,-0.012798,-0.2034,IS
2022-02-14 09:55:00,2022-02-14 10:00:00,2022-02-14 10:10:00,欧州 15-21JST,SHORT,Q10+ac>0,130.142,130.19189,130.22989,5.69,2,stop,-4.99,-2838.0,-0.568,0.08789,-0.006341,0.213,IS
2022-02-14 10:00:00,2022-02-14 10:05:00,2022-02-14 10:20:00,欧州 15-21JST,SHORT,Q10+ac>0,130.1355,130.13054,130.21854,6.02,3,stop,0.5,299.0,0.06,0.08304,-0.005049,0.1702,IS
2022-02-14 10:05:00,2022-02-14 10:10:00,2022-02-14 10:20:00,欧州 15-21JST,SHORT,Q10+ac>0,130.12,130.12861,130.20111,6.16,2,stop,-0.86,-531.0,-0.106,0.08111,-0.005263,0.1685,IS
2022-02-14 10:10:00,2022-02-14 10:15:00,2022-02-14 10:25:00,欧州 15-21JST,SHORT,Q10+ac>0,130.1675,130.14614,130.24514,6.44,2,stop,2.14,1375.0,0.275,0.07764,-0.005246,0.1659,IS
2022-02-17 05:10:00,2022-02-17 05:15:00,2022-02-17 05:50:00,NY   21-03JST,LONG,Q10+ac<0,130.8385,130.84536,130.70886,3.86,7,stop,0.69,264.0,0.053,0.12964,-0.005246,-0.1076,IS
2022-02-27 23:30:00,2022-02-27 23:35:00,2022-02-28 00:15:00,NY   21-03JST,LONG,Q10+ac<0,129.235,129.28071,129.09671,3.62,8,stop,4.57,1653.0,0.331,0.13829,-0.008148,-0.1466,IS
2022-02-27 23:35:00,2022-02-27 23:40:00,2022-02-28 00:15:00,NY   21-03JST,LONG,Q10+ac<0,129.2885,129.27271,129.14221,3.42,7,stop,-1.58,-540.0,-0.108,0.14629,-0.008023,-0.2702,IS
2022-02-27 23:40:00,2022-02-27 23:45:00,2022-02-28 00:15:00,NY   21-03JST,LONG,Q10+ac<0,129.273,129.2725,129.1265,3.41,6,stop,-0.05,-17.0,-0.003,0.1465,-0.008572,-0.2957,IS
2022-02-27 23:45:00,2022-02-27 23:50:00,2022-02-28 00:15:00,NY   21-03JST,LONG,Q10+ac<0,129.2495,129.275,129.1055,3.47,5,stop,2.55,885.0,0.177,0.144,-0.00862,-0.2073,IS
2022-02-27 23:50:00,2022-02-27 23:55:00,2022-02-28 00:15:00,NY   21-03JST,LONG,Q10+ac<0,129.237,129.27921,129.09721,3.58,4,stop,4.22,1510.0,0.302,0.13979,-0.009149,-0.1434,IS
2022-02-27 23:55:00,2022-02-28 00:00:00,2022-02-28 00:15:00,NY   21-03JST,LONG,Q10+ac<0,129.236,129.26314,129.10114,3.71,3,stop,2.71,1006.0,0.201,0.13486,-0.009055,-0.1609,IS
2022-02-28 00:00:00,2022-02-28 00:05:00,2022-02-28 00:15:00,NY   21-03JST,LONG,Q10+ac<0,129.3875,129.24343,129.24143,3.42,2,stop,-14.41,-4932.0,-0.986,0.14607,-0.007592,-0.2386,IS
2022-02-28 00:05:00,2022-02-28 00:10:00,2022-02-28 00:55:00,NY   21-03JST,LONG,Q10+ac<0,129.361,129.22546,129.21746,3.48,9,stop,-13.55,-4721.0,-0.944,0.14354,-0.007903,-0.2938,IS
2022-02-28 00:10:00,2022-02-28 00:15:00,2022-02-28 00:55:00,NY   21-03JST,LONG,Q10+ac<0,129.3295,129.23404,129.19454,3.7,8,stop,-9.55,-3537.0,-0.707,0.13496,-0.008045,-0.2166,IS
2022-02-28 17:35:00,2022-02-28 17:40:00,2022-02-28 18:15:00,NY   21-03JST,LONG,Q10+ac<0,128.9105,128.91025,128.81325,5.14,7,stop,-0.03,-13.0,-0.003,0.09725,-0.004883,-0.2606,IS
2022-02-28 18:25:00,2022-02-28 18:30:00,2022-02-28 18:45:00,NY   21-03JST,LONG,Q10+ac<0,128.9025,128.91193,128.83693,7.63,3,stop,0.94,719.0,0.144,0.06557,-0.006924,-0.1136,IS
2022-02-28 18:30:00,2022-02-28 18:35:00,2022-02-28 18:45:00,NY   21-03JST,LONG,Q10+ac<0,128.9355,128.916,128.874,8.13,2,stop,-1.95,-1585.0,-0.317,0.0615,-0.004946,-0.1121,IS
2022-03-01 09:45:00,2022-03-01 09:50:00,2022-03-01 10:00:00,欧州 15-21JST,SHORT,Q10+ac>0,128.5155,128.5295,128.6035,5.68,2,stop,-1.4,-795.0,-0.159,0.088,-0.005003,0.6566,IS
2022-03-01 09:50:00,2022-03-01 09:55:00,2022-03-01 10:20:00,欧州 15-21JST,SHORT,Q10+ac>0,128.513,128.38832,128.60182,5.63,5,stop,12.47,7018.0,1.404,0.08882,-0.005745,0.5203,IS
2022-03-01 09:55:00,2022-03-01 10:00:00,2022-03-01 10:20:00,欧州 15-21JST,SHORT,Q10+ac>0,128.51,128.38746,128.59796,5.68,4,stop,12.25,6965.0,1.393,0.08796,-0.00641,0.6227,IS
2022-03-01 10:00:00,2022-03-01 10:05:00,2022-03-01 10:20:00,欧州 15-21JST,SHORT,Q10+ac>0,128.46,128.39146,128.55196,5.44,3,stop,6.85,3726.0,0.745,0.09196,-0.005797,0.5729,IS
2022-03-01 10:05:00,2022-03-01 10:10:00,2022-03-01 10:25:00,欧州 15-21JST,SHORT,Q10+ac>0,128.3785,128.39886,128.47786,5.03,3,stop,-2.04,-1024.0,-0.205,0.09936,-0.006923,0.5484,IS
2022-03-01 10:10:00,2022-03-01 10:15:00,2022-03-01 10:35:00,欧州 15-21JST,SHORT,Q10+ac>0,128.331,128.32179,128.42879,5.11,4,stop,0.92,471.0,0.094,0.09779,-0.006586,0.4874,IS
2022-03-01 10:15:00,2022-03-01 10:20:00,2022-03-01 10:35:00,欧州 15-21JST,SHORT,Q10+ac>0,128.315,128.32436,128.41536,4.98,3,stop,-0.94,-466.0,-0.093,0.10036,-0.005914,0.481,IS
2022-03-01 10:20:00,2022-03-01 10:25:00,2022-03-01 10:35:00,欧州 15-21JST,SHORT,Q10+ac>0,128.383,128.32475,128.48375,4.96,2,stop,5.83,2891.0,0.578,0.10075,-0.005211,0.567,IS
2022-03-01 10:25:00,2022-03-01 10:30:00,2022-03-01 10:40:00,欧州 15-21JST,SHORT,Q10+ac>0,128.279,128.33475,128.38525,4.71,2,stop,-5.57,-2624.0,-0.525,0.10625,-0.006069,0.1519,IS
2022-03-01 10:45:00,2022-03-01 10:50:00,2022-03-01 11:15:00,欧州 15-21JST,SHORT,Q10+ac>0,128.489,128.33832,128.59182,4.86,5,stop,15.07,7327.0,1.465,0.10282,-0.005317,0.1437,IS
2022-03-04 00:45:00,2022-03-04 00:50:00,2022-03-04 01:05:00,NY   21-03JST,LONG,Q10+ac<0,127.0605,127.17243,126.93043,3.84,3,stop,11.19,4303.0,0.861,0.13007,-0.00681,-0.1552,IS
2022-03-04 01:35:00,2022-03-04 01:40:00,2022-03-04 02:00:00,NY   21-03JST,LONG,Q10+ac<0,127.116,127.48721,126.97621,3.58,4,stop,37.12,13278.0,2.656,0.13979,-0.006309,-0.2612,IS
2022-03-04 01:40:00,2022-03-04 01:45:00,2022-03-04 02:00:00,NY   21-03JST,LONG,Q10+ac<0,127.161,127.49343,127.02743,3.74,3,stop,33.24,12444.0,2.489,0.13357,-0.005878,-0.2011,IS
2022-03-04 12:15:00,2022-03-04 12:20:00,2022-03-04 12:40:00,NY   21-03JST,LONG,Q10+ac<0,126.5585,126.48414,126.46864,5.56,4,stop,-7.44,-4138.0,-0.828,0.08986,-0.004915,-0.3243,IS
2022-03-04 12:20:00,2022-03-04 12:25:00,2022-03-04 12:40:00,NY   21-03JST,LONG,Q10+ac<0,126.5215,126.49011,126.43761,5.96,3,stop,-3.14,-1871.0,-0.374,0.08389,-0.00545,-0.3214,IS
2022-03-04 12:25:00,2022-03-04 12:30:00,2022-03-04 12:40:00,NY   21-03JST,LONG,Q10+ac<0,126.512,126.49714,126.43514,6.51,2,stop,-1.49,-967.0,-0.193,0.07686,-0.004911,-0.2463,IS
2022-03-04 13:00:00,2022-03-04 13:05:00,2022-03-04 13:10:00,NY   21-03JST,LONG,Q10+ac<0,126.2845,126.196,126.1985,5.81,1,stop,-8.85,-5145.0,-1.029,0.086,-0.005564,-0.1821,IS
2022-03-04 13:05:00,2022-03-04 13:10:00,2022-03-04 13:25:00,NY   21-03JST,LONG,Q10+ac<0,126.17,126.11754,126.08154,5.65,3,stop,-5.25,-2965.0,-0.593,0.08846,-0.006416,-0.3322,IS
2022-03-04 13:10:00,2022-03-04 13:15:00,2022-03-04 13:25:00,NY   21-03JST,LONG,Q10+ac<0,126.1805,126.11582,126.09132,5.61,2,stop,-6.47,-3626.0,-0.725,0.08918,-0.005664,-0.3941,IS
2022-03-04 13:15:00,2022-03-04 13:20:00,2022-03-04 13:30:00,NY   21-03JST,LONG,Q10+ac<0,126.1685,126.14171,126.08471,5.97,2,stop,-2.68,-1598.0,-0.32,0.08379,-0.005317,-0.3541,IS
2022-03-04 13:20:00,2022-03-04 13:25:00,2022-03-04 13:35:00,NY   21-03JST,LONG,Q10+ac<0,126.1305,126.16521,126.04721,6.0,2,stop,3.47,2084.0,0.417,0.08329,-0.005292,-0.3547,IS
2022-03-04 13:25:00,2022-03-04 13:30:00,2022-03-04 13:35:00,NY   21-03JST,LONG,Q10+ac<0,126.178,126.08879,126.09129,5.77,1,stop,-8.92,-5144.0,-1.029,0.08671,-0.004869,-0.3852,IS
2022-03-04 13:35:00,2022-03-04 13:40:00,2022-03-04 13:45:00,NY   21-03JST,LONG,Q10+ac<0,126.0175,125.91204,125.91454,4.86,1,stop,-10.55,-5121.0,-1.024,0.10296,-0.005212,-0.318,IS
2022-03-04 13:40:00,2022-03-04 13:45:00,2022-03-04 13:50:00,NY   21-03JST,LONG,Q10+ac<0,125.9135,125.79625,125.79875,4.36,1,stop,-11.72,-5109.0,-1.022,0.11475,-0.006428,-0.1926,IS
2022-03-04 13:45:00,2022-03-04 13:50:00,2022-03-04 14:05:00,NY   21-03JST,LONG,Q10+ac<0,125.804,125.84246,125.68646,4.25,3,stop,3.85,1636.0,0.327,0.11754,-0.007289,-0.1086,IS
2022-03-04 13:50:00,2022-03-04 13:55:00,2022-03-04 14:05:00,NY   21-03JST,LONG,Q10+ac<0,125.774,125.83196,125.64596,3.91,2,stop,5.8,2264.0,0.453,0.12804,-0.007668,-0.1393,IS
2022-03-04 14:40:00,2022-03-04 14:45:00,2022-03-04 14:50:00,NY   21-03JST,LONG,Q10+ac<0,125.822,125.68118,125.68368,3.61,1,stop,-14.08,-5090.0,-1.018,0.13832,-0.005861,-0.1531,IS
2022-03-04 15:15:00,2022-03-04 15:20:00,2022-03-04 15:25:00,NY   21-03JST,LONG,Q10+ac<0,125.564,125.44196,125.44446,4.18,1,stop,-12.2,-5105.0,-1.021,0.11954,-0.005168,-0.1306,IS
2022-03-04 15:45:00,2022-03-04 15:50:00,2022-03-04 16:20:00,NY   21-03JST,LONG,Q10+ac<0,125.286,125.30046,125.17396,4.46,6,stop,1.45,646.0,0.129,0.11204,-0.005097,-0.1268,IS
2022-03-04 15:55:00,2022-03-04 16:00:00,2022-03-04 16:20:00,NY   21-03JST,LONG,Q10+ac<0,125.3795,125.29839,125.27289,4.69,4,stop,-8.11,-3804.0,-0.761,0.10661,-0.005304,-0.1267,IS
2022-03-04 16:05:00,2022-03-04 16:10:00,2022-03-04 16:25:00,NY   21-03JST,LONG,Q10+ac<0,125.3405,125.28375,125.23825,4.89,3,stop,-5.67,-2775.0,-0.555,0.10225,-0.005695,-0.2633,IS
2022-03-04 16:10:00,2022-03-04 16:15:00,2022-03-04 16:25:00,NY   21-03JST,LONG,Q10+ac<0,125.354,125.25132,125.25382,4.99,2,stop,-10.27,-5125.0,-1.025,0.10018,-0.005979,-0.1601,IS
2022-03-04 16:15:00,2022-03-04 16:20:00,2022-03-04 16:25:00,NY   21-03JST,LONG,Q10+ac<0,125.336,125.23957,125.24207,5.32,1,stop,-9.64,-5133.0,-1.027,0.09393,-0.006336,-0.1866,IS
2022-03-04 16:20:00,2022-03-04 16:25:00,2022-03-04 16:30:00,NY   21-03JST,LONG,Q10+ac<0,125.316,125.22379,125.22629,5.57,1,stop,-9.22,-5139.0,-1.028,0.08971,-0.006366,-0.2202,IS
2022-03-04 16:25:00,2022-03-04 16:30:00,2022-03-04 16:35:00,NY   21-03JST,LONG,Q10+ac<0,125.25,125.16396,125.16646,5.99,1,stop,-8.6,-5150.0,-1.03,0.08354,-0.006799,-0.377,IS
2022-03-04 16:30:00,2022-03-04 16:35:00,2022-03-04 16:50:00,NY   21-03JST,LONG,Q10+ac<0,125.193,125.20761,125.10861,5.92,3,stop,1.46,865.0,0.173,0.08439,-0.006824,-0.2522,IS
2022-03-04 16:35:00,2022-03-04 16:40:00,2022-03-04 16:50:00,NY   21-03JST,LONG,Q10+ac<0,125.256,125.19321,125.17221,5.97,2,stop,-6.28,-3747.0,-0.749,0.08379,-0.006958,-0.2923,IS
2022-03-04 16:40:00,2022-03-04 16:45:00,2022-03-04 16:50:00,NY   21-03JST,LONG,Q10+ac<0,125.28,125.19496,125.19746,6.06,1,stop,-8.5,-5151.0,-1.03,0.08254,-0.005651,-0.2772,IS
2022-03-04 16:45:00,2022-03-04 16:50:00,2022-03-04 16:55:00,NY   21-03JST,LONG,Q10+ac<0,125.234,125.14911,125.15161,6.07,1,stop,-8.49,-5152.0,-1.03,0.08239,-0.005254,-0.2163,IS
2022-03-04 17:00:00,2022-03-04 17:05:00,2022-03-04 17:20:00,NY   21-03JST,LONG,Q10+ac<0,125.132,125.34282,125.04982,6.08,3,stop,21.08,12827.0,2.565,0.08218,-0.005398,-0.2893,IS
2022-03-07 00:55:00,2022-03-07 01:00:00,2022-03-07 01:05:00,NY   21-03JST,LONG,Q10+ac<0,124.955,124.87004,124.87254,6.06,1,stop,-8.5,-5152.0,-1.03,0.08246,-0.005428,-0.1753,IS
2022-03-07 10:30:00,2022-03-07 10:35:00,2022-03-07 10:40:00,欧州 15-21JST,SHORT,Q10+ac>0,124.413,124.51011,124.50761,5.29,1,stop,-9.71,-5132.0,-1.026,0.09461,-0.005387,0.1155,IS
2022-03-08 15:30:00,2022-03-08 15:35:00,2022-03-08 16:30:00,NY   21-03JST,LONG,Q10+ac<0,125.6285,125.85375,125.48225,3.42,11,stop,22.53,7701.0,1.54,0.14625,-0.00519,-0.414,IS
2022-03-08 15:55:00,2022-03-08 16:00:00,2022-03-08 16:30:00,NY   21-03JST,LONG,Q10+ac<0,125.712,125.86214,125.57414,3.63,6,stop,15.01,5446.0,1.089,0.13786,-0.005656,-0.1155,IS
2022-03-11 15:35:00,2022-03-11 15:40:00,2022-03-11 16:05:00,NY   21-03JST,LONG,Q10+ac<0,127.981,128.20746,127.85246,3.89,5,stop,22.65,8809.0,1.762,0.12854,-0.006346,-0.2552,IS
2022-03-11 15:40:00,2022-03-11 15:45:00,2022-03-11 16:05:00,NY   21-03JST,LONG,Q10+ac<0,128.0545,128.20482,127.92332,3.81,4,stop,15.03,5730.0,1.146,0.13118,-0.006159,-0.5073,IS
2022-03-11 15:45:00,2022-03-11 15:50:00,2022-03-11 16:05:00,NY   21-03JST,LONG,Q10+ac<0,128.0745,128.21575,127.95425,4.16,3,stop,14.13,5873.0,1.175,0.12025,-0.005498,-0.267,IS
2022-03-15 07:10:00,2022-03-15 07:15:00,2022-03-15 07:20:00,欧州 15-21JST,SHORT,Q10+ac>0,129.4005,129.49743,129.49493,5.3,1,stop,-9.69,-5132.0,-1.026,0.09443,-0.005665,0.5484,IS
2022-03-23 12:30:00,2022-03-23 12:35:00,2022-03-23 13:10:00,NY   21-03JST,LONG,Q10+ac<0,132.542,132.61314,132.43114,4.51,7,stop,7.11,3209.0,0.642,0.11086,-0.005086,-0.1822,IS
2022-03-25 15:55:00,2022-03-25 16:00:00,2022-03-25 16:40:00,NY   21-03JST,LONG,Q10+ac<0,133.988,134.02464,133.88664,4.93,8,stop,3.66,1808.0,0.362,0.10136,-0.005053,-0.1039,IS
2022-03-25 16:00:00,2022-03-25 16:05:00,2022-03-25 16:40:00,NY   21-03JST,LONG,Q10+ac<0,133.99,134.02929,133.89329,5.17,7,stop,3.93,2031.0,0.406,0.09671,-0.005592,-0.1395,IS
2022-03-28 10:45:00,2022-03-28 10:50:00,2022-03-28 12:25:00,欧州 15-21JST,SHORT,Q10+ac>0,136.395,135.78829,136.60829,2.34,19,stop,60.67,14223.0,2.845,0.21329,-0.006048,0.4164,IS
2022-03-28 11:20:00,2022-03-28 11:25:00,2022-03-28 12:25:00,欧州 15-21JST,SHORT,Q10+ac>0,136.2445,135.77664,136.44614,2.48,12,stop,46.79,11601.0,2.32,0.20164,-0.005215,0.6071,IS
2022-03-28 11:25:00,2022-03-28 11:30:00,2022-03-28 12:25:00,欧州 15-21JST,SHORT,Q10+ac>0,136.221,135.77968,136.42568,2.44,11,stop,44.13,10781.0,2.156,0.20468,-0.005367,0.5235,IS
2022-03-28 11:30:00,2022-03-28 11:35:00,2022-03-28 12:25:00,欧州 15-21JST,SHORT,Q10+ac>0,136.1785,135.77936,136.38286,2.45,10,stop,39.91,9766.0,1.953,0.20436,-0.005705,0.6919,IS
2022-03-28 11:35:00,2022-03-28 11:40:00,2022-03-28 12:25:00,欧州 15-21JST,SHORT,Q10+ac>0,136.1245,135.77264,136.32214,2.53,9,stop,35.19,8901.0,1.78,0.19764,-0.0057,0.787,IS
2022-03-28 11:40:00,2022-03-28 11:45:00,2022-03-28 12:00:00,欧州 15-21JST,SHORT,Q10+ac>0,136.131,136.06618,136.30068,2.95,3,stop,6.48,1910.0,0.382,0.16968,-0.004863,0.6266,IS
2022-03-28 12:10:00,2022-03-28 12:15:00,2022-03-28 12:20:00,NY   21-03JST,LONG,Q10+ac<0,135.9265,135.76907,135.77157,3.23,1,stop,-15.74,-5081.0,-1.016,0.15493,-0.005372,-0.4096,IS
2022-03-28 12:20:00,2022-03-28 12:25:00,2022-03-28 12:35:00,NY   21-03JST,LONG,Q10+ac<0,135.697,135.63075,135.53375,3.06,2,stop,-6.63,-2029.0,-0.406,0.16325,-0.006045,-0.2083,IS
2022-03-28 12:40:00,2022-03-28 12:45:00,2022-03-28 13:00:00,NY   21-03JST,LONG,Q10+ac<0,135.344,135.34896,135.16646,2.82,3,stop,0.5,140.0,0.028,0.17754,-0.007995,-0.3276,IS
2022-03-28 12:45:00,2022-03-28 12:50:00,2022-03-28 13:00:00,NY   21-03JST,LONG,Q10+ac<0,135.255,135.34296,135.07146,2.72,2,stop,8.8,2396.0,0.479,0.18354,-0.010294,-0.4087,IS
2022-03-28 12:50:00,2022-03-28 12:55:00,2022-03-28 13:10:00,NY   21-03JST,LONG,Q10+ac<0,135.3635,135.29882,135.17432,2.64,3,stop,-6.47,-1709.0,-0.342,0.18918,-0.010393,-0.2913,IS
2022-03-28 13:00:00,2022-03-28 13:05:00,2022-03-28 14:00:00,NY   21-03JST,LONG,Q10+ac<0,135.3295,135.67793,135.13443,2.56,11,stop,34.84,8931.0,1.786,0.19507,-0.010279,-0.1327,IS
2022-03-28 13:05:00,2022-03-28 13:10:00,2022-03-28 14:00:00,NY   21-03JST,LONG,Q10+ac<0,135.3675,135.69564,135.19014,2.82,10,stop,32.81,9251.0,1.85,0.17736,-0.009518,-0.1433,IS
2022-03-28 13:10:00,2022-03-28 13:15:00,2022-03-28 14:00:00,NY   21-03JST,LONG,Q10+ac<0,135.43,135.69282,135.24982,2.78,9,stop,26.28,7293.0,1.459,0.18018,-0.00875,-0.2032,IS
2022-03-28 13:15:00,2022-03-28 13:20:00,2022-03-28 14:00:00,NY   21-03JST,LONG,Q10+ac<0,135.4735,135.69021,135.29071,2.74,8,stop,21.67,5928.0,1.186,0.18279,-0.006963,-0.1229,IS
2022-03-28 15:55:00,2022-03-28 16:00:00,2022-03-28 16:10:00,NY   21-03JST,LONG,Q10+ac<0,135.3155,135.29443,135.18393,3.8,2,stop,-2.11,-801.0,-0.16,0.13157,-0.005283,-0.4096,IS
2022-03-29 02:55:00,2022-03-29 03:00:00,2022-03-29 03:10:00,NY   21-03JST,LONG,Q10+ac<0,135.601,135.57696,135.49396,4.67,2,stop,-2.4,-1123.0,-0.225,0.10704,-0.006384,-0.2394,IS
2022-03-29 03:35:00,2022-03-29 03:40:00,2022-03-29 03:50:00,NY   21-03JST,LONG,Q10+ac<0,135.4815,135.48046,135.35246,3.87,2,stop,-0.1,-40.0,-0.008,0.12904,-0.004956,-0.2307,IS
2022-03-29 03:55:00,2022-03-29 04:00:00,2022-03-29 04:25:00,NY   21-03JST,LONG,Q10+ac<0,135.411,135.49282,135.27732,3.74,5,stop,8.18,3060.0,0.612,0.13368,-0.00519,-0.2263,IS
2022-03-29 13:45:00,2022-03-29 13:50:00,2022-03-29 13:55:00,NY   21-03JST,LONG,Q10+ac<0,136.3145,136.08954,136.09204,2.25,1,stop,-22.5,-5056.0,-1.011,0.22246,-0.008652,-0.3666,IS
2022-03-29 14:05:00,2022-03-29 14:10:00,2022-03-29 14:20:00,NY   21-03JST,LONG,Q10+ac<0,135.895,135.89196,135.68896,2.43,2,stop,-0.3,-74.0,-0.015,0.20604,-0.008901,-0.1513,IS
2022-03-29 14:25:00,2022-03-29 14:30:00,2022-03-29 14:40:00,NY   21-03JST,LONG,Q10+ac<0,136.0745,135.91129,135.85829,2.31,2,stop,-16.32,-3774.0,-0.755,0.21621,-0.007888,-0.1439,IS
2022-03-30 01:20:00,2022-03-30 01:25:00,2022-03-30 01:55:00,NY   21-03JST,LONG,Q10+ac<0,135.67,135.82793,135.51293,3.18,6,stop,15.79,5027.0,1.005,0.15707,-0.006556,-0.1014,IS
2022-03-30 02:35:00,2022-03-30 02:40:00,2022-03-30 02:45:00,NY   21-03JST,LONG,Q10+ac<0,135.5435,135.41418,135.41668,3.94,1,stop,-12.93,-5099.0,-1.02,0.12682,-0.006256,-0.4923,IS
2022-03-30 02:40:00,2022-03-30 02:45:00,2022-03-30 03:00:00,NY   21-03JST,LONG,Q10+ac<0,135.3695,135.36796,135.23746,3.79,3,stop,-0.15,-58.0,-0.012,0.13204,-0.007881,-0.6332,IS
2022-03-30 02:45:00,2022-03-30 02:50:00,2022-03-30 03:00:00,NY   21-03JST,LONG,Q10+ac<0,135.413,135.3675,135.2805,3.77,2,stop,-4.55,-1717.0,-0.343,0.1325,-0.006478,-0.7199,IS
2022-03-30 03:00:00,2022-03-30 03:05:00,2022-03-30 03:10:00,NY   21-03JST,LONG,Q10+ac<0,135.38,135.24561,135.24811,3.79,1,stop,-13.44,-5095.0,-1.019,0.13189,-0.005023,-0.4265,IS
2022-03-30 03:05:00,2022-03-30 03:10:00,2022-03-30 03:15:00,NY   21-03JST,LONG,Q10+ac<0,135.2385,135.09925,135.10175,3.66,1,stop,-13.93,-5091.0,-1.018,0.13675,-0.005833,-0.2147,IS
2022-03-30 03:20:00,2022-03-30 03:25:00,2022-03-30 03:40:00,NY   21-03JST,LONG,Q10+ac<0,135.0875,135.02375,134.92325,3.04,3,stop,-6.37,-1941.0,-0.388,0.16425,-0.005642,-0.2147,IS
2022-03-31 06:15:00,2022-03-31 06:20:00,2022-03-31 06:30:00,欧州 15-21JST,SHORT,Q10+ac>0,136.0425,136.02414,136.12764,5.87,2,stop,1.84,1078.0,0.216,0.08514,-0.005008,0.1801,IS
2022-03-31 06:25:00,2022-03-31 06:30:00,2022-03-31 06:40:00,欧州 15-21JST,SHORT,Q10+ac>0,135.984,135.90093,136.07243,5.65,2,stop,8.31,4697.0,0.939,0.08843,-0.005068,0.1009,IS
2022-03-31 07:40:00,2022-03-31 07:45:00,2022-03-31 08:00:00,欧州 15-21JST,SHORT,Q10+ac>0,135.7715,135.75546,135.91796,3.41,3,stop,1.6,547.0,0.109,0.14646,-0.00567,0.1253,IS
2022-03-31 11:05:00,2022-03-31 11:10:00,2022-03-31 11:25:00,欧州 15-21JST,SHORT,Q10+ac>0,135.24,135.17532,135.33982,5.01,3,stop,6.47,3240.0,0.648,0.09982,-0.005583,0.1513,IS
2022-03-31 11:10:00,2022-03-31 11:15:00,2022-03-31 11:25:00,欧州 15-21JST,SHORT,Q10+ac>0,135.223,135.17446,135.32196,5.05,2,stop,4.85,2452.0,0.49,0.09896,-0.005104,0.1,IS
2022-03-31 11:15:00,2022-03-31 11:20:00,2022-03-31 11:50:00,欧州 15-21JST,SHORT,Q10+ac>0,135.1675,135.06911,135.26661,5.05,6,stop,9.84,4964.0,0.993,0.09911,-0.005474,0.1002,IS
2022-03-31 11:20:00,2022-03-31 11:25:00,2022-03-31 11:50:00,欧州 15-21JST,SHORT,Q10+ac>0,135.088,135.07064,135.18864,4.97,5,stop,1.74,862.0,0.172,0.10064,-0.006162,0.1275,IS
2022-04-08 00:50:00,2022-04-08 00:55:00,2022-04-08 01:10:00,NY   21-03JST,LONG,Q10+ac<0,134.531,134.42689,134.42939,4.92,3,stop,-10.41,-5123.0,-1.025,0.10161,-0.004985,-0.2078,IS
2022-04-08 00:55:00,2022-04-08 01:00:00,2022-04-08 01:10:00,NY   21-03JST,LONG,Q10+ac<0,134.48,134.40111,134.37561,4.79,2,stop,-7.89,-3779.0,-0.756,0.10439,-0.005088,-0.2065,IS
2022-04-08 01:00:00,2022-04-08 01:05:00,2022-04-08 01:10:00,NY   21-03JST,LONG,Q10+ac<0,134.486,134.38018,134.38268,4.84,1,stop,-10.58,-5121.0,-1.024,0.10332,-0.004922,-0.1327,IS
2022-04-08 01:05:00,2022-04-08 01:10:00,2022-04-08 01:15:00,NY   21-03JST,LONG,Q10+ac<0,134.475,134.36868,134.37118,4.82,1,stop,-10.63,-5120.0,-1.024,0.10382,-0.005078,-0.2577,IS
2022-04-08 01:10:00,2022-04-08 01:15:00,2022-04-08 01:30:00,NY   21-03JST,LONG,Q10+ac<0,134.3855,134.36389,134.28739,5.1,3,stop,-2.16,-1101.0,-0.22,0.09811,-0.005937,-0.2697,IS
2022-04-08 01:15:00,2022-04-08 01:20:00,2022-04-08 04:10:00,NY   21-03JST,LONG,Q10+ac<0,134.427,134.56771,134.33071,5.19,34,stop,14.07,7307.0,1.461,0.09629,-0.005088,-0.3418,IS
2022-04-08 01:20:00,2022-04-08 01:25:00,2022-04-08 04:10:00,NY   21-03JST,LONG,Q10+ac<0,134.4265,134.56918,134.33168,5.27,33,stop,14.27,7524.0,1.505,0.09482,-0.005072,-0.2854,IS
2022-04-08 01:25:00,2022-04-08 01:30:00,2022-04-08 04:10:00,NY   21-03JST,LONG,Q10+ac<0,134.3915,134.57093,134.29843,5.37,32,stop,17.94,9639.0,1.928,0.09307,-0.005173,-0.1479,IS
2022-04-08 01:30:00,2022-04-08 01:35:00,2022-04-08 04:10:00,NY   21-03JST,LONG,Q10+ac<0,134.3995,134.57014,134.30564,5.33,31,stop,17.06,9091.0,1.818,0.09386,-0.00519,-0.3551,IS
2022-04-08 01:35:00,2022-04-08 01:40:00,2022-04-08 04:05:00,NY   21-03JST,LONG,Q10+ac<0,134.437,134.5815,134.3545,6.06,29,stop,14.45,8758.0,1.752,0.0825,-0.004941,-0.1756,IS
2022-04-14 12:00:00,2022-04-14 12:05:00,2022-04-14 12:40:00,NY   21-03JST,LONG,Q10+ac<0,136.2625,136.50761,136.15911,4.84,7,stop,24.51,11853.0,2.371,0.10339,-0.005348,-0.2119,IS
2022-04-14 12:05:00,2022-04-14 12:10:00,2022-04-14 12:40:00,NY   21-03JST,LONG,Q10+ac<0,136.313,136.50496,136.20696,4.72,6,stop,19.2,9052.0,1.81,0.10604,-0.005041,-0.1766,IS
2022-04-14 12:10:00,2022-04-14 12:15:00,2022-04-14 12:40:00,NY   21-03JST,LONG,Q10+ac<0,136.3205,136.50414,136.21364,4.68,5,stop,18.36,8593.0,1.719,0.10686,-0.004864,-0.1731,IS
2022-04-14 14:20:00,2022-04-14 14:25:00,2022-04-14 14:50:00,NY   21-03JST,LONG,Q10+ac<0,135.724,135.60507,135.56857,3.22,5,stop,-11.89,-3826.0,-0.765,0.15543,-0.0058,-0.4809,IS
2022-04-14 14:25:00,2022-04-14 14:30:00,2022-04-14 15:25:00,NY   21-03JST,LONG,Q10+ac<0,135.74,135.99164,135.59664,3.49,11,stop,25.16,8777.0,1.755,0.14336,-0.005899,-0.5169,IS
2022-04-14 14:30:00,2022-04-14 14:35:00,2022-04-14 15:25:00,NY   21-03JST,LONG,Q10+ac<0,135.687,135.99154,135.54354,3.49,10,stop,30.45,10614.0,2.123,0.14346,-0.006055,-0.52,IS
2022-04-14 14:35:00,2022-04-14 14:40:00,2022-04-14 15:25:00,NY   21-03JST,LONG,Q10+ac<0,135.666,135.99654,135.52754,3.61,9,stop,33.05,11936.0,2.387,0.13846,-0.007515,-0.7414,IS
2022-04-14 14:40:00,2022-04-14 14:45:00,2022-04-14 15:25:00,NY   21-03JST,LONG,Q10+ac<0,135.691,135.99804,135.55404,3.65,8,stop,30.7,11209.0,2.242,0.13696,-0.007171,-0.5855,IS
2022-04-14 14:45:00,2022-04-14 14:50:00,2022-04-14 15:25:00,NY   21-03JST,LONG,Q10+ac<0,135.6825,136.00418,135.55168,3.82,7,stop,32.17,12295.0,2.459,0.13082,-0.006792,-0.2332,IS
2022-04-20 10:10:00,2022-04-20 10:15:00,2022-04-20 10:25:00,欧州 15-21JST,SHORT,Q10+ac>0,138.7325,138.75389,138.86989,3.64,2,stop,-2.14,-779.0,-0.156,0.13739,-0.004916,0.2009,IS
2022-04-20 10:15:00,2022-04-20 10:20:00,2022-04-20 10:30:00,欧州 15-21JST,SHORT,Q10+ac>0,138.729,138.79543,138.86843,3.59,2,stop,-6.64,-2382.0,-0.476,0.13943,-0.005319,0.1529,IS
2022-04-20 10:20:00,2022-04-20 10:25:00,2022-04-20 10:30:00,欧州 15-21JST,SHORT,Q10+ac>0,138.6555,138.80004,138.79754,3.52,1,stop,-14.45,-5088.0,-1.018,0.14204,-0.006069,0.1387,IS
2022-04-20 10:40:00,2022-04-20 10:45:00,2022-04-20 11:05:00,欧州 15-21JST,SHORT,Q10+ac>0,138.787,138.83182,138.92932,3.51,4,stop,-4.48,-1575.0,-0.315,0.14232,-0.0052,0.1762,IS
2022-04-22 05:00:00,2022-04-22 05:05:00,2022-04-22 05:45:00,NY   21-03JST,LONG,Q10+ac<0,138.8855,138.92164,138.78814,5.14,8,stop,3.61,1856.0,0.371,0.09736,-0.005173,-0.2621,IS
2022-04-22 05:05:00,2022-04-22 05:10:00,2022-04-22 05:45:00,NY   21-03JST,LONG,Q10+ac<0,138.9025,138.91546,138.79896,4.83,7,stop,1.3,626.0,0.125,0.10354,-0.004973,-0.3523,IS
2022-04-22 06:00:00,2022-04-22 06:05:00,2022-04-22 06:10:00,欧州 15-21JST,SHORT,Q10+ac>0,138.6415,138.73879,138.73629,5.28,1,stop,-9.73,-5132.0,-1.026,0.09479,-0.00637,0.5121,IS
2022-04-22 06:05:00,2022-04-22 06:10:00,2022-04-22 06:15:00,欧州 15-21JST,SHORT,Q10+ac>0,138.669,138.76879,138.76629,5.14,1,stop,-9.98,-5128.0,-1.026,0.09729,-0.005873,0.3175,IS
2022-04-25 02:30:00,2022-04-25 02:35:00,2022-04-25 02:40:00,NY   21-03JST,LONG,Q10+ac<0,138.395,138.27675,138.27925,4.32,1,stop,-11.82,-5108.0,-1.022,0.11575,-0.005162,-0.1248,IS
2022-04-25 02:40:00,2022-04-25 02:45:00,2022-04-25 03:35:00,NY   21-03JST,LONG,Q10+ac<0,138.261,138.46196,138.14696,4.38,10,stop,20.1,8811.0,1.762,0.11404,-0.00632,-0.2487,IS
2022-04-25 02:45:00,2022-04-25 02:50:00,2022-04-25 03:40:00,NY   21-03JST,LONG,Q10+ac<0,138.3495,138.45829,138.23179,4.25,10,stop,10.88,4621.0,0.924,0.11771,-0.004924,-0.2994,IS
2022-04-25 03:00:00,2022-04-25 03:05:00,2022-04-25 03:35:00,NY   21-03JST,LONG,Q10+ac<0,138.38,138.46711,138.27111,4.59,6,stop,8.71,4000.0,0.8,0.10889,-0.006052,-0.1232,IS
2022-04-25 06:30:00,2022-04-25 06:35:00,2022-04-25 06:50:00,欧州 15-21JST,SHORT,Q10+ac>0,137.503,137.465,137.633,3.85,3,stop,3.8,1462.0,0.292,0.13,-0.007519,0.114,IS
2022-04-25 13:55:00,2022-04-25 14:00:00,2022-04-25 14:15:00,NY   21-03JST,LONG,Q10+ac<0,136.889,136.86771,136.74871,3.56,3,stop,-2.13,-759.0,-0.152,0.14029,-0.007661,-0.1634,IS
2022-04-25 14:00:00,2022-04-25 14:05:00,2022-04-25 14:15:00,NY   21-03JST,LONG,Q10+ac<0,136.957,136.86914,136.81814,3.6,2,stop,-8.79,-3164.0,-0.633,0.13886,-0.006144,-0.3069,IS
2022-04-25 14:40:00,2022-04-25 14:45:00,2022-04-25 14:50:00,NY   21-03JST,LONG,Q10+ac<0,137.0865,136.93682,136.93932,3.4,1,stop,-14.97,-5085.0,-1.017,0.14718,-0.005622,-0.2537,IS
2022-04-25 14:45:00,2022-04-25 14:50:00,2022-04-25 15:10:00,NY   21-03JST,LONG,Q10+ac<0,136.98,136.83111,136.83161,3.37,4,stop,-14.89,-5017.0,-1.003,0.14839,-0.006365,-0.2106,IS
2022-04-25 14:50:00,2022-04-25 14:55:00,2022-04-25 15:10:00,NY   21-03JST,LONG,Q10+ac<0,136.918,136.83518,136.77368,3.46,3,stop,-8.28,-2869.0,-0.574,0.14432,-0.005966,-0.1137,IS
2022-04-25 15:15:00,2022-04-25 15:20:00,2022-04-25 15:25:00,NY   21-03JST,LONG,Q10+ac<0,136.8245,136.69393,136.69643,3.9,1,stop,-13.06,-5098.0,-1.02,0.12807,-0.006833,-0.1481,IS
2022-04-26 00:30:00,2022-04-26 00:35:00,2022-04-26 00:45:00,NY   21-03JST,LONG,Q10+ac<0,136.6545,136.725,136.553,4.93,2,stop,7.05,3473.0,0.695,0.1015,-0.005042,-0.2248,IS
2022-04-26 12:35:00,2022-04-26 12:40:00,2022-04-26 12:45:00,NY   21-03JST,LONG,Q10+ac<0,135.9955,135.88443,135.88693,4.61,1,stop,-11.11,-5115.0,-1.023,0.10857,-0.004845,-0.4454,IS
2022-04-26 12:40:00,2022-04-26 12:45:00,2022-04-26 12:55:00,NY   21-03JST,LONG,Q10+ac<0,135.92,135.89979,135.81229,4.64,2,stop,-2.02,-938.0,-0.188,0.10771,-0.005743,-0.3889,IS
2022-04-26 12:45:00,2022-04-26 12:50:00,2022-04-26 12:55:00,NY   21-03JST,LONG,Q10+ac<0,135.94,135.82875,135.83125,4.6,1,stop,-11.12,-5115.0,-1.023,0.10875,-0.005654,-0.3706,IS
2022-04-26 12:50:00,2022-04-26 12:55:00,2022-04-26 13:00:00,NY   21-03JST,LONG,Q10+ac<0,135.99,135.87757,135.88007,4.55,1,stop,-11.24,-5114.0,-1.023,0.10993,-0.005479,-0.4826,IS
2022-04-26 12:55:00,2022-04-26 13:00:00,2022-04-26 13:10:00,NY   21-03JST,LONG,Q10+ac<0,135.854,135.73196,135.73446,4.18,2,stop,-12.2,-5105.0,-1.021,0.11954,-0.005753,-0.3549,IS
2022-04-26 13:05:00,2022-04-26 13:10:00,2022-04-26 13:20:00,NY   21-03JST,LONG,Q10+ac<0,135.831,135.72918,135.71818,4.43,2,stop,-10.18,-4513.0,-0.903,0.11282,-0.005777,-0.1901,IS
2022-04-26 13:10:00,2022-04-26 13:15:00,2022-04-26 13:30:00,NY   21-03JST,LONG,Q10+ac<0,135.7325,135.84214,135.61664,4.32,3,stop,10.96,4732.0,0.946,0.11586,-0.006308,-0.293,IS
2022-04-26 13:15:00,2022-04-26 13:20:00,2022-04-26 13:30:00,NY   21-03JST,LONG,Q10+ac<0,135.787,135.83982,135.66882,4.23,2,stop,5.28,2235.0,0.447,0.11818,-0.005511,-0.3644,IS
2022-04-26 13:20:00,2022-04-26 13:25:00,2022-04-26 13:35:00,NY   21-03JST,LONG,Q10+ac<0,135.78,135.80557,135.65357,3.95,2,stop,2.56,1011.0,0.202,0.12643,-0.0054,-0.3045,IS
2022-04-26 13:40:00,2022-04-26 13:45:00,2022-04-26 14:35:00,NY   21-03JST,LONG,Q10+ac<0,135.703,135.79204,135.55904,3.47,10,stop,8.9,3092.0,0.618,0.14396,-0.005522,-0.3193,IS
2022-04-26 13:45:00,2022-04-26 13:50:00,2022-04-26 14:35:00,NY   21-03JST,LONG,Q10+ac<0,135.685,135.79657,135.54557,3.59,9,stop,11.16,4001.0,0.8,0.13943,-0.005914,-0.3675,IS
2022-04-26 13:50:00,2022-04-26 13:55:00,2022-04-26 14:35:00,NY   21-03JST,LONG,Q10+ac<0,135.657,135.79946,135.52046,3.66,8,stop,14.25,5217.0,1.043,0.13654,-0.005527,-0.2964,IS
2022-04-27 12:45:00,2022-04-27 12:50:00,2022-04-27 13:05:00,NY   21-03JST,LONG,Q10+ac<0,135.094,135.14721,134.97871,4.34,3,stop,5.32,2308.0,0.462,0.11529,-0.007959,-0.2674,IS
2022-04-27 12:50:00,2022-04-27 12:55:00,2022-04-27 13:05:00,NY   21-03JST,LONG,Q10+ac<0,135.0955,135.14521,134.97821,4.26,2,stop,4.97,2119.0,0.424,0.11729,-0.007587,-0.1948,IS
2022-04-29 12:05:00,2022-04-29 12:10:00,2022-04-29 12:15:00,NY   21-03JST,LONG,Q10+ac<0,137.1415,137.0105,137.013,3.89,1,stop,-13.1,-5097.0,-1.019,0.1285,-0.005747,-0.1534,IS
2022-04-29 12:30:00,2022-04-29 12:35:00,2022-04-29 13:00:00,NY   21-03JST,LONG,Q10+ac<0,137.031,136.99154,136.89054,3.56,5,stop,-3.95,-1405.0,-0.281,0.14046,-0.005542,-0.2409,IS
2022-04-29 12:35:00,2022-04-29 12:40:00,2022-04-29 13:00:00,NY   21-03JST,LONG,Q10+ac<0,137.0055,136.99418,136.86768,3.63,4,stop,-1.13,-411.0,-0.082,0.13782,-0.00508,-0.1908,IS
2022-05-11 17:00:00,2022-05-11 17:05:00,2022-05-11 17:10:00,NY   21-03JST,LONG,Q10+ac<0,136.758,136.65432,136.65682,4.94,1,stop,-10.37,-5124.0,-1.025,0.10118,-0.005247,-0.6682,IS
2022-05-11 17:05:00,2022-05-11 17:10:00,2022-05-11 17:15:00,NY   21-03JST,LONG,Q10+ac<0,136.681,136.57525,136.57775,4.84,1,stop,-10.58,-5121.0,-1.024,0.10325,-0.005473,-0.6363,IS
2022-05-11 17:10:00,2022-05-11 17:15:00,2022-05-11 17:25:00,NY   21-03JST,LONG,Q10+ac<0,136.518,136.47229,136.40529,4.44,2,stop,-4.57,-2028.0,-0.406,0.11271,-0.006717,-0.5011,IS
2022-05-11 17:15:00,2022-05-11 17:20:00,2022-05-11 17:25:00,NY   21-03JST,LONG,Q10+ac<0,136.588,136.47086,136.47336,4.36,1,stop,-11.71,-5109.0,-1.022,0.11464,-0.005987,-0.5389,IS
2022-05-11 17:20:00,2022-05-11 17:25:00,2022-05-11 17:35:00,NY   21-03JST,LONG,Q10+ac<0,136.521,136.40279,136.40529,4.32,2,stop,-11.82,-5108.0,-1.022,0.11571,-0.006291,-0.4746,IS
2022-05-11 17:25:00,2022-05-11 17:30:00,2022-05-11 17:35:00,NY   21-03JST,LONG,Q10+ac<0,136.4635,136.34668,136.34918,4.37,1,stop,-11.68,-5109.0,-1.022,0.11432,-0.007537,-0.4203,IS
2022-05-11 17:30:00,2022-05-11 17:35:00,2022-05-11 17:40:00,NY   21-03JST,LONG,Q10+ac<0,136.5055,136.392,136.3945,4.5,1,stop,-11.35,-5113.0,-1.023,0.111,-0.007638,-0.3556,IS
2022-05-11 17:35:00,2022-05-11 17:40:00,2022-05-11 17:55:00,NY   21-03JST,LONG,Q10+ac<0,136.31,136.30436,136.19236,4.25,3,stop,-0.56,-240.0,-0.048,0.11764,-0.009215,-0.511,IS
2022-05-11 17:40:00,2022-05-11 17:45:00,2022-05-11 17:55:00,NY   21-03JST,LONG,Q10+ac<0,136.2685,136.3025,136.149,4.18,2,stop,3.4,1423.0,0.285,0.1195,-0.008878,-0.5054,IS
2022-05-11 17:45:00,2022-05-11 17:50:00,2022-05-11 17:55:00,NY   21-03JST,LONG,Q10+ac<0,136.3915,136.26732,136.26982,4.11,1,stop,-12.42,-5103.0,-1.021,0.12168,-0.007433,-0.3334,IS
2022-05-11 17:50:00,2022-05-11 17:55:00,2022-05-11 18:50:00,NY   21-03JST,LONG,Q10+ac<0,136.299,136.69443,136.17393,4.0,11,stop,39.54,15808.0,3.162,0.12507,-0.008201,-0.3682,IS
2022-05-11 17:55:00,2022-05-11 18:00:00,2022-05-11 18:50:00,NY   21-03JST,LONG,Q10+ac<0,136.2625,136.69575,136.13875,4.04,10,stop,43.33,17505.0,3.501,0.12375,-0.008389,-0.3759,IS
2022-05-11 18:00:00,2022-05-11 18:05:00,2022-05-11 18:50:00,NY   21-03JST,LONG,Q10+ac<0,136.3845,136.69136,136.25636,3.9,9,stop,30.69,11973.0,2.395,0.12814,-0.007818,-0.3249,IS
2022-05-11 18:05:00,2022-05-11 18:10:00,2022-05-11 18:50:00,NY   21-03JST,LONG,Q10+ac<0,136.4145,136.69071,136.28571,3.88,8,stop,27.62,10724.0,2.145,0.12879,-0.007219,-0.2988,IS
2022-05-11 18:10:00,2022-05-11 18:15:00,2022-05-11 18:50:00,NY   21-03JST,LONG,Q10+ac<0,136.5255,136.69046,136.39646,3.87,7,stop,16.5,6392.0,1.278,0.12904,-0.005961,-0.1397,IS
2022-05-12 06:45:00,2022-05-12 06:50:00,2022-05-12 07:15:00,欧州 15-21JST,SHORT,Q10+ac>0,135.889,135.09079,136.02529,3.67,5,stop,79.82,29285.0,5.857,0.13629,-0.006109,0.2632,IS
2022-05-12 06:50:00,2022-05-12 06:55:00,2022-05-12 07:15:00,欧州 15-21JST,SHORT,Q10+ac>0,135.9005,135.09475,136.04075,3.57,4,stop,80.58,28725.0,5.745,0.14025,-0.006004,0.1887,IS
2022-05-12 06:55:00,2022-05-12 07:00:00,2022-05-12 07:15:00,欧州 15-21JST,SHORT,Q10+ac>0,135.82,135.09786,135.96336,3.49,3,stop,72.21,25187.0,5.037,0.14336,-0.006028,0.1815,IS
2022-05-12 07:00:00,2022-05-12 07:05:00,2022-05-12 07:15:00,欧州 15-21JST,SHORT,Q10+ac>0,135.5085,135.11746,135.67146,3.07,2,stop,39.1,11998.0,2.4,0.16296,-0.008888,0.2369,IS
2022-05-12 07:05:00,2022-05-12 07:10:00,2022-05-12 07:20:00,欧州 15-21JST,SHORT,Q10+ac>0,135.3425,135.00679,135.51479,2.9,2,stop,33.57,9743.0,1.949,0.17229,-0.009986,0.3691,IS
2022-05-12 07:10:00,2022-05-12 07:15:00,2022-05-12 07:25:00,欧州 15-21JST,SHORT,Q10+ac>0,135.039,134.87814,135.22964,2.62,2,stop,16.09,4219.0,0.844,0.19064,-0.01182,0.4652,IS
2022-05-12 07:15:00,2022-05-12 07:20:00,2022-05-12 07:30:00,欧州 15-21JST,SHORT,Q10+ac>0,134.9875,135.08275,135.19625,2.4,2,stop,-9.52,-2281.0,-0.456,0.20875,-0.011884,0.3908,IS
2022-05-12 07:20:00,2022-05-12 07:25:00,2022-05-12 07:40:00,欧州 15-21JST,SHORT,Q10+ac>0,134.946,134.65175,135.16575,2.28,3,stop,29.42,6695.0,1.339,0.21975,-0.012089,0.4263,IS
2022-05-12 07:25:00,2022-05-12 07:30:00,2022-05-12 07:40:00,欧州 15-21JST,SHORT,Q10+ac>0,135.001,134.66257,135.23157,2.17,2,stop,33.84,7339.0,1.468,0.23057,-0.011598,0.3852,IS
2022-05-12 07:45:00,2022-05-12 07:50:00,2022-05-12 08:50:00,欧州 15-21JST,SHORT,Q10+ac>0,135.0705,134.50332,135.35682,1.75,12,stop,56.72,9905.0,1.981,0.28632,-0.011058,0.1902,IS
2022-05-12 17:20:00,2022-05-12 17:25:00,2022-05-12 17:30:00,NY   21-03JST,LONG,Q10+ac<0,133.0375,132.92982,132.93232,4.75,1,stop,-10.77,-5119.0,-1.024,0.10518,-0.004876,-0.1134,IS
2022-05-16 02:05:00,2022-05-16 02:10:00,2022-05-16 02:20:00,NY   21-03JST,LONG,Q10+ac<0,134.004,133.91586,133.87086,3.76,2,stop,-8.81,-3310.0,-0.662,0.13314,-0.005463,-0.4775,IS
2022-05-16 02:10:00,2022-05-16 02:15:00,2022-05-16 02:20:00,NY   21-03JST,LONG,Q10+ac<0,133.97,133.83039,133.83289,3.65,1,stop,-13.96,-5091.0,-1.018,0.13711,-0.005894,-0.4961,IS
2022-05-16 02:15:00,2022-05-16 02:20:00,2022-05-16 03:05:00,NY   21-03JST,LONG,Q10+ac<0,133.9495,134.09793,133.81093,3.61,9,stop,14.84,5356.0,1.071,0.13857,-0.006618,-0.4668,IS
2022-05-16 02:20:00,2022-05-16 02:25:00,2022-05-16 03:05:00,NY   21-03JST,LONG,Q10+ac<0,133.863,134.08954,133.71604,3.4,8,stop,22.65,7707.0,1.541,0.14696,-0.007929,-0.4772,IS
2022-05-16 02:25:00,2022-05-16 02:30:00,2022-05-16 03:05:00,NY   21-03JST,LONG,Q10+ac<0,133.9805,134.08461,133.82861,3.29,7,stop,10.41,3427.0,0.685,0.15189,-0.006459,-0.4661,IS
2022-05-16 02:30:00,2022-05-16 02:35:00,2022-05-16 03:05:00,NY   21-03JST,LONG,Q10+ac<0,133.985,134.08879,133.83729,3.38,6,stop,10.38,3513.0,0.703,0.14771,-0.006533,-0.2057,IS
2022-05-16 03:00:00,2022-05-16 03:05:00,2022-05-16 03:10:00,NY   21-03JST,LONG,Q10+ac<0,134.108,133.97454,133.97704,3.82,1,stop,-13.35,-5095.0,-1.019,0.13096,-0.006636,-0.1992,IS
2022-05-16 03:10:00,2022-05-16 03:15:00,2022-05-16 03:20:00,NY   21-03JST,LONG,Q10+ac<0,133.994,133.87404,133.87654,4.26,1,stop,-12.0,-5106.0,-1.021,0.11746,-0.007869,-0.107,IS
2022-05-16 03:15:00,2022-05-16 03:20:00,2022-05-16 04:45:00,NY   21-03JST,LONG,Q10+ac<0,133.875,134.05875,133.75275,4.09,17,stop,18.38,7515.0,1.503,0.12225,-0.008288,-0.1914,IS
2022-05-16 14:45:00,2022-05-16 14:50:00,2022-05-16 18:45:00,NY   21-03JST,LONG,Q10+ac<0,134.211,134.79982,134.06832,3.5,47,stop,58.88,20635.0,4.127,0.14268,-0.00576,-0.2538,IS
2022-05-16 14:50:00,2022-05-16 14:55:00,2022-05-16 18:45:00,NY   21-03JST,LONG,Q10+ac<0,134.233,134.80886,134.09936,3.74,46,stop,57.59,21545.0,4.309,0.13364,-0.005819,-0.2822,IS
2022-05-16 14:55:00,2022-05-16 15:00:00,2022-05-16 18:45:00,NY   21-03JST,LONG,Q10+ac<0,134.277,134.81404,134.14854,3.89,45,stop,53.7,20902.0,4.18,0.12846,-0.004941,-0.2645,IS
2022-05-16 15:00:00,2022-05-16 15:05:00,2022-05-16 18:45:00,NY   21-03JST,LONG,Q10+ac<0,134.276,134.81839,134.15189,4.03,44,stop,54.24,21852.0,4.37,0.12411,-0.004905,-0.2699,IS
2022-05-18 13:15:00,2022-05-18 13:20:00,2022-05-18 13:30:00,NY   21-03JST,LONG,Q10+ac<0,135.3995,135.38893,135.30943,5.55,2,stop,-1.06,-587.0,-0.117,0.09007,-0.004994,-0.1206,IS
2022-05-18 14:25:00,2022-05-18 14:30:00,2022-05-18 14:45:00,NY   21-03JST,LONG,Q10+ac<0,135.1115,134.97096,134.97346,3.62,3,stop,-14.05,-5091.0,-1.018,0.13804,-0.005604,-0.2328,IS
2022-05-18 14:30:00,2022-05-18 14:35:00,2022-05-18 15:00:00,NY   21-03JST,LONG,Q10+ac<0,135.0245,135.00375,134.88625,3.62,5,stop,-2.07,-750.0,-0.15,0.13825,-0.006118,-0.117,IS
2022-05-18 14:35:00,2022-05-18 14:40:00,2022-05-18 15:00:00,NY   21-03JST,LONG,Q10+ac<0,135.0475,135.00193,134.90743,3.57,4,stop,-4.56,-1627.0,-0.325,0.14007,-0.005804,-0.1409,IS
2022-05-18 14:40:00,2022-05-18 14:45:00,2022-05-18 15:00:00,NY   21-03JST,LONG,Q10+ac<0,134.997,135.002,134.857,3.57,3,stop,0.5,179.0,0.036,0.14,-0.005147,-0.1995,IS
2022-05-18 15:00:00,2022-05-18 15:05:00,2022-05-18 15:10:00,NY   21-03JST,LONG,Q10+ac<0,134.9225,134.78811,134.79061,3.79,1,stop,-13.44,-5095.0,-1.019,0.13189,-0.005109,-0.1619,IS
2022-05-18 20:00:00,2022-05-18 20:05:00,2022-05-18 23:10:00,NY   21-03JST,LONG,Q10+ac<0,134.1795,134.3865,134.077,4.88,21,stop,20.7,10098.0,2.02,0.1025,-0.005809,-0.158,IS
2022-05-18 20:05:00,2022-05-18 20:10:00,2022-05-18 21:05:00,NY   21-03JST,LONG,Q10+ac<0,134.145,134.12564,134.05264,5.41,10,stop,-1.94,-1048.0,-0.21,0.09236,-0.005059,-0.1804,IS
2022-05-18 20:15:00,2022-05-18 20:20:00,2022-05-18 20:55:00,NY   21-03JST,LONG,Q10+ac<0,134.1455,134.14954,134.07704,7.3,7,stop,0.4,295.0,0.059,0.06846,-0.005133,-0.3764,IS
2022-05-23 02:15:00,2022-05-23 02:20:00,2022-05-23 02:40:00,NY   21-03JST,LONG,Q10+ac<0,134.6905,134.79271,134.57371,4.28,4,stop,10.22,4376.0,0.875,0.11679,-0.004954,-0.4452,IS
2022-05-24 15:20:00,2022-05-24 15:25:00,2022-05-24 16:30:00,NY   21-03JST,LONG,Q10+ac<0,135.7975,135.95025,135.64275,3.23,13,stop,15.27,4935.0,0.987,0.15475,-0.004923,-0.2853,IS
2022-05-26 08:10:00,2022-05-26 08:15:00,2022-05-26 08:35:00,欧州 15-21JST,SHORT,Q10+ac>0,135.3035,135.42482,135.44382,3.56,4,stop,-12.13,-4323.0,-0.865,0.14032,-0.005643,0.1408,IS
2022-06-09 14:00:00,2022-06-09 14:05:00,2022-06-09 14:10:00,NY   21-03JST,LONG,Q10+ac<0,142.743,142.60114,142.60364,3.59,1,stop,-14.19,-5090.0,-1.018,0.13936,-0.008518,-0.1896,IS
2022-06-09 15:00:00,2022-06-09 15:05:00,2022-06-09 15:40:00,NY   21-03JST,LONG,Q10+ac<0,142.9255,142.84139,142.71089,2.33,7,stop,-8.41,-1960.0,-0.392,0.21461,-0.007303,-0.2691,IS
2022-06-09 15:05:00,2022-06-09 15:10:00,2022-06-09 15:40:00,NY   21-03JST,LONG,Q10+ac<0,142.993,142.8365,142.7735,2.28,6,stop,-15.65,-3565.0,-0.713,0.2195,-0.006995,-0.2266,IS
2022-06-09 15:10:00,2022-06-09 15:15:00,2022-06-09 15:25:00,NY   21-03JST,LONG,Q10+ac<0,143.0215,142.92461,142.89011,3.81,2,stop,-9.69,-3687.0,-0.737,0.13139,-0.006348,-0.143,IS
2022-06-09 15:25:00,2022-06-09 15:30:00,2022-06-09 15:50:00,NY   21-03JST,LONG,Q10+ac<0,142.8735,142.77007,142.74357,3.85,4,stop,-10.34,-3980.0,-0.796,0.12993,-0.008576,-0.2965,IS
2022-06-09 15:30:00,2022-06-09 15:35:00,2022-06-09 15:50:00,NY   21-03JST,LONG,Q10+ac<0,142.864,142.77875,142.74275,4.12,3,stop,-8.52,-3515.0,-0.703,0.12125,-0.009185,-0.2687,IS
2022-06-09 15:35:00,2022-06-09 15:40:00,2022-06-09 15:50:00,NY   21-03JST,LONG,Q10+ac<0,142.89,142.773,142.7755,4.37,2,stop,-11.7,-5109.0,-1.022,0.1145,-0.008685,-0.3382,IS
2022-06-09 15:40:00,2022-06-09 15:45:00,2022-06-09 16:15:00,NY   21-03JST,LONG,Q10+ac<0,142.8135,142.80325,142.70375,4.56,6,stop,-1.02,-467.0,-0.093,0.10975,-0.009137,-0.5065,IS
2022-06-09 15:45:00,2022-06-09 15:50:00,2022-06-09 16:05:00,NY   21-03JST,LONG,Q10+ac<0,142.818,142.78482,142.71082,4.67,3,stop,-3.32,-1548.0,-0.31,0.10718,-0.009603,-0.5589,IS
2022-06-09 15:50:00,2022-06-09 15:55:00,2022-06-09 16:05:00,NY   21-03JST,LONG,Q10+ac<0,142.81,142.78839,142.70639,4.83,2,stop,-2.16,-1043.0,-0.209,0.10361,-0.009299,-0.545,IS
2022-06-09 15:55:00,2022-06-09 16:00:00,2022-06-09 16:05:00,NY   21-03JST,LONG,Q10+ac<0,142.8885,142.78721,142.78971,5.06,1,stop,-10.13,-5127.0,-1.025,0.09879,-0.008895,-0.5463,IS
2022-06-10 14:10:00,2022-06-10 14:15:00,2022-06-10 14:20:00,NY   21-03JST,LONG,Q10+ac<0,140.9675,140.81757,140.82007,3.39,1,stop,-14.99,-5085.0,-1.017,0.14743,-0.005214,-0.5509,IS
2022-06-10 14:20:00,2022-06-10 14:25:00,2022-06-10 15:05:00,NY   21-03JST,LONG,Q10+ac<0,140.8225,141.23468,140.67518,3.39,8,stop,41.22,13989.0,2.798,0.14732,-0.006513,-0.3243,IS
2022-06-10 14:25:00,2022-06-10 14:30:00,2022-06-10 15:05:00,NY   21-03JST,LONG,Q10+ac<0,140.8425,141.24821,140.70871,3.74,7,stop,40.57,15163.0,3.033,0.13379,-0.006052,-0.4682,IS
2022-06-13 06:55:00,2022-06-13 07:00:00,2022-06-13 07:10:00,欧州 15-21JST,SHORT,Q10+ac>0,141.004,141.06275,141.13825,3.72,2,stop,-5.87,-2188.0,-0.438,0.13425,-0.00565,0.5497,IS
2022-06-13 07:00:00,2022-06-13 07:05:00,2022-06-13 07:15:00,欧州 15-21JST,SHORT,Q10+ac>0,141.012,141.11318,141.15318,3.54,2,stop,-10.12,-3583.0,-0.717,0.14118,-0.006067,0.1903,IS
2022-06-13 07:05:00,2022-06-13 07:10:00,2022-06-13 07:20:00,欧州 15-21JST,SHORT,Q10+ac>0,141.0515,141.16571,141.19871,3.4,2,stop,-11.42,-3879.0,-0.776,0.14721,-0.005701,0.2798,IS
2022-06-13 07:10:00,2022-06-13 07:15:00,2022-06-13 07:20:00,欧州 15-21JST,SHORT,Q10+ac>0,141.0155,141.152,141.1495,3.73,1,stop,-13.65,-5093.0,-1.019,0.134,-0.005729,0.2551,IS
2022-06-13 07:50:00,2022-06-13 07:55:00,2022-06-13 08:25:00,欧州 15-21JST,SHORT,Q10+ac>0,140.8745,140.79236,141.01736,3.5,6,stop,8.21,2875.0,0.575,0.14286,-0.005311,0.351,IS
2022-06-13 07:55:00,2022-06-13 08:00:00,2022-06-13 08:25:00,欧州 15-21JST,SHORT,Q10+ac>0,140.859,140.79211,141.00161,3.51,5,stop,6.69,2345.0,0.469,0.14261,-0.005352,0.4401,IS
2022-06-13 08:40:00,2022-06-13 08:45:00,2022-06-13 08:55:00,欧州 15-21JST,SHORT,Q10+ac>0,140.624,140.76986,140.77386,3.34,2,stop,-14.59,-4867.0,-0.973,0.14986,-0.006049,0.315,IS
2022-06-13 08:45:00,2022-06-13 08:50:00,2022-06-13 08:55:00,欧州 15-21JST,SHORT,Q10+ac>0,140.6155,140.76893,140.76643,3.31,1,stop,-15.34,-5083.0,-1.017,0.15093,-0.005752,0.1443,IS
2022-06-13 12:45:00,2022-06-13 12:50:00,2022-06-13 13:00:00,NY   21-03JST,LONG,Q10+ac<0,140.2265,140.17379,140.11679,4.56,2,stop,-5.27,-2402.0,-0.48,0.10971,-0.004954,-0.1688,IS
2022-06-13 12:50:00,2022-06-13 12:55:00,2022-06-13 13:05:00,NY   21-03JST,LONG,Q10+ac<0,140.213,140.20621,140.10071,4.45,2,stop,-0.68,-302.0,-0.06,0.11229,-0.005294,-0.1317,IS
2022-06-13 13:00:00,2022-06-13 13:05:00,2022-06-13 13:10:00,NY   21-03JST,LONG,Q10+ac<0,140.115,139.98618,139.98868,3.96,1,stop,-12.88,-5099.0,-1.02,0.12632,-0.005988,-0.2711,IS
2022-06-13 13:05:00,2022-06-13 13:10:00,2022-06-13 13:25:00,NY   21-03JST,LONG,Q10+ac<0,140.018,140.08446,139.89296,4.0,3,stop,6.65,2658.0,0.532,0.12504,-0.007766,-0.1009,IS
2022-06-13 13:10:00,2022-06-13 13:15:00,2022-06-13 13:25:00,NY   21-03JST,LONG,Q10+ac<0,140.175,140.07593,140.04143,3.74,2,stop,-9.91,-3709.0,-0.742,0.13357,-0.006527,-0.23,IS
2022-06-13 13:15:00,2022-06-13 13:20:00,2022-06-13 13:25:00,NY   21-03JST,LONG,Q10+ac<0,140.1635,140.02871,140.03121,3.78,1,stop,-13.48,-5094.0,-1.019,0.13229,-0.00591,-0.1499,IS
2022-06-13 13:25:00,2022-06-13 13:30:00,2022-06-13 13:35:00,NY   21-03JST,LONG,Q10+ac<0,140.041,139.90454,139.90704,3.73,1,stop,-13.65,-5093.0,-1.019,0.13396,-0.004935,-0.2175,IS
2022-06-13 13:35:00,2022-06-13 13:40:00,2022-06-13 13:50:00,NY   21-03JST,LONG,Q10+ac<0,139.733,139.7,139.5905,3.51,2,stop,-3.3,-1158.0,-0.232,0.1425,-0.008055,-0.298,IS
2022-06-13 13:40:00,2022-06-13 13:45:00,2022-06-13 13:50:00,NY   21-03JST,LONG,Q10+ac<0,139.7945,139.64464,139.64714,3.39,1,stop,-14.99,-5085.0,-1.017,0.14736,-0.008282,-0.3694,IS
2022-06-13 13:45:00,2022-06-13 13:50:00,2022-06-13 13:55:00,NY   21-03JST,LONG,Q10+ac<0,139.6575,139.50132,139.50382,3.25,1,stop,-15.62,-5081.0,-1.016,0.15368,-0.009138,-0.3995,IS
2022-06-13 13:50:00,2022-06-13 13:55:00,2022-06-13 14:15:00,NY   21-03JST,LONG,Q10+ac<0,139.589,139.68004,139.43054,3.16,4,stop,9.1,2872.0,0.574,0.15846,-0.009676,-0.4273,IS
2022-06-13 13:55:00,2022-06-13 14:00:00,2022-06-13 14:15:00,NY   21-03JST,LONG,Q10+ac<0,139.5005,139.68075,139.34275,3.17,3,stop,18.03,5713.0,1.143,0.15775,-0.009522,-0.3737,IS
2022-06-13 14:00:00,2022-06-13 14:05:00,2022-06-13 14:15:00,NY   21-03JST,LONG,Q10+ac<0,139.6565,139.66418,139.49568,3.11,2,stop,0.77,239.0,0.048,0.16082,-0.008135,-0.4189,IS
2022-06-13 14:05:00,2022-06-13 14:10:00,2022-06-13 14:15:00,NY   21-03JST,LONG,Q10+ac<0,139.7715,139.59982,139.60232,2.96,1,stop,-17.17,-5074.0,-1.015,0.16918,-0.007104,-0.1642,IS
2022-06-13 14:10:00,2022-06-13 14:15:00,2022-06-13 14:20:00,NY   21-03JST,LONG,Q10+ac<0,139.74,139.57311,139.57561,3.04,1,stop,-16.69,-5076.0,-1.015,0.16439,-0.00723,-0.198,IS
2022-06-13 14:15:00,2022-06-13 14:20:00,2022-06-13 14:25:00,NY   21-03JST,LONG,Q10+ac<0,139.6245,139.45636,139.45886,3.02,1,stop,-16.81,-5075.0,-1.015,0.16564,-0.007957,-0.2018,IS
2022-06-13 14:20:00,2022-06-13 14:25:00,2022-06-13 14:40:00,NY   21-03JST,LONG,Q10+ac<0,139.481,139.627,139.319,3.09,3,stop,14.6,4506.0,0.901,0.162,-0.007362,-0.1484,IS
2022-06-13 14:25:00,2022-06-13 14:30:00,2022-06-13 14:40:00,NY   21-03JST,LONG,Q10+ac<0,139.636,139.61604,139.46304,2.89,2,stop,-2.0,-577.0,-0.115,0.17296,-0.005373,-0.2083,IS
2022-06-14 09:55:00,2022-06-14 10:00:00,2022-06-14 10:05:00,欧州 15-21JST,SHORT,Q10+ac>0,140.055,140.16775,140.16525,4.54,1,stop,-11.28,-5113.0,-1.023,0.11025,-0.005207,0.1619,IS
2022-06-14 14:35:00,2022-06-14 14:40:00,2022-06-14 15:20:00,NY   21-03JST,LONG,Q10+ac<0,140.1165,140.39254,139.95704,3.14,8,stop,27.6,8655.0,1.731,0.15946,-0.004986,-0.3992,IS
2022-06-14 14:45:00,2022-06-14 14:50:00,2022-06-14 15:20:00,NY   21-03JST,LONG,Q10+ac<0,140.1705,140.401,140.0195,3.31,6,stop,23.05,7632.0,1.526,0.151,-0.004892,-0.1893,IS
2022-06-15 10:40:00,2022-06-15 10:45:00,2022-06-15 11:00:00,欧州 15-21JST,SHORT,Q10+ac>0,140.893,140.91325,141.00375,4.51,3,stop,-2.03,-914.0,-0.183,0.11075,-0.005127,0.4028,IS
2022-06-15 13:05:00,2022-06-15 13:10:00,2022-06-15 13:40:00,NY   21-03JST,LONG,Q10+ac<0,140.141,140.262,139.99,3.31,6,stop,12.1,4007.0,0.801,0.151,-0.006483,-0.1464,IS
2022-06-15 16:40:00,2022-06-15 16:45:00,2022-06-15 16:50:00,NY   21-03JST,LONG,Q10+ac<0,139.71,139.63989,139.64239,7.4,1,stop,-7.01,-5185.0,-1.037,0.06761,-0.004886,-0.4798,IS
2022-06-15 16:55:00,2022-06-15 17:00:00,2022-06-15 17:30:00,NY   21-03JST,LONG,Q10+ac<0,139.6135,139.76575,139.55325,8.3,6,stop,15.23,12635.0,2.527,0.06025,-0.004901,-0.1102,IS
2022-06-16 08:15:00,2022-06-16 08:20:00,2022-06-16 08:30:00,欧州 15-21JST,SHORT,Q10+ac>0,139.034,138.93025,139.22275,2.65,2,stop,10.37,2748.0,0.55,0.18875,-0.005446,0.2765,IS
2022-06-16 08:20:00,2022-06-16 08:25:00,2022-06-16 08:35:00,欧州 15-21JST,SHORT,Q10+ac>0,138.8235,138.98029,139.02679,2.46,2,stop,-15.68,-3856.0,-0.771,0.20329,-0.008264,0.3284,IS
2022-06-16 08:25:00,2022-06-16 08:30:00,2022-06-16 08:40:00,欧州 15-21JST,SHORT,Q10+ac>0,138.8175,139.01925,139.01675,2.51,2,stop,-20.18,-5063.0,-1.013,0.19925,-0.00789,0.2532,IS
2022-06-16 08:30:00,2022-06-16 08:35:00,2022-06-16 08:40:00,欧州 15-21JST,SHORT,Q10+ac>0,138.8945,139.10243,139.09993,2.43,1,stop,-20.79,-5061.0,-1.012,0.20543,-0.007631,0.3114,IS
2022-06-16 08:35:00,2022-06-16 08:40:00,2022-06-16 09:20:00,欧州 15-21JST,SHORT,Q10+ac>0,138.9455,138.43793,139.14893,2.46,8,stop,50.76,12475.0,2.495,0.20343,-0.006809,0.4086,IS
2022-06-16 08:40:00,2022-06-16 08:45:00,2022-06-16 09:00:00,欧州 15-21JST,SHORT,Q10+ac>0,139.044,138.75354,139.23454,2.62,3,stop,29.05,7622.0,1.524,0.19054,-0.005912,0.449,IS
2022-06-16 08:45:00,2022-06-16 08:50:00,2022-06-16 09:00:00,欧州 15-21JST,SHORT,Q10+ac>0,138.934,138.74425,139.11525,2.76,2,stop,18.98,5234.0,1.047,0.18125,-0.007736,0.3571,IS
2022-06-16 08:50:00,2022-06-16 08:55:00,2022-06-16 09:10:00,欧州 15-21JST,SHORT,Q10+ac>0,138.796,138.64068,138.98418,2.66,3,stop,15.53,4127.0,0.825,0.18818,-0.009197,0.3607,IS
2022-06-16 08:55:00,2022-06-16 09:00:00,2022-06-16 09:20:00,欧州 15-21JST,SHORT,Q10+ac>0,138.681,138.43264,138.87914,2.52,4,stop,24.84,6267.0,1.253,0.19814,-0.009105,0.3629,IS
2022-06-16 09:00:00,2022-06-16 09:05:00,2022-06-16 09:20:00,欧州 15-21JST,SHORT,Q10+ac>0,138.669,138.44011,138.87461,2.43,3,stop,22.89,5566.0,1.113,0.20561,-0.009983,0.6408,IS
2022-06-16 09:05:00,2022-06-16 09:10:00,2022-06-16 09:20:00,欧州 15-21JST,SHORT,Q10+ac>0,138.4635,138.44714,138.67614,2.35,2,stop,1.64,385.0,0.077,0.21264,-0.011335,0.4336,IS
2022-06-16 09:10:00,2022-06-16 09:15:00,2022-06-16 09:25:00,欧州 15-21JST,SHORT,Q10+ac>0,138.458,138.44329,138.66829,2.38,2,stop,1.47,350.0,0.07,0.21029,-0.011365,0.2472,IS
2022-06-22 01:15:00,2022-06-22 01:20:00,2022-06-22 01:30:00,NY   21-03JST,LONG,Q10+ac<0,143.2465,143.13793,143.14043,4.71,2,stop,-10.86,-5118.0,-1.024,0.10607,-0.005297,-0.2647,IS
2022-06-22 01:20:00,2022-06-22 01:25:00,2022-06-22 01:30:00,NY   21-03JST,LONG,Q10+ac<0,143.194,143.08882,143.09132,4.87,1,stop,-10.52,-5122.0,-1.024,0.10268,-0.005532,-0.3551,IS
2022-06-22 01:25:00,2022-06-22 01:30:00,2022-06-22 01:35:00,NY   21-03JST,LONG,Q10+ac<0,143.193,143.09061,143.09311,5.01,1,stop,-10.24,-5125.0,-1.025,0.09989,-0.004913,-0.378,IS
2022-06-22 01:30:00,2022-06-22 01:35:00,2022-06-22 02:30:00,NY   21-03JST,LONG,Q10+ac<0,143.0245,143.12193,142.91343,4.5,11,stop,9.74,4386.0,0.877,0.11107,-0.006097,-0.4134,IS
2022-06-22 01:35:00,2022-06-22 01:40:00,2022-06-22 02:30:00,NY   21-03JST,LONG,Q10+ac<0,143.029,143.12079,142.91679,4.46,10,stop,9.18,4090.0,0.818,0.11221,-0.005703,-0.4114,IS
2022-06-22 01:40:00,2022-06-22 01:45:00,2022-06-22 02:30:00,NY   21-03JST,LONG,Q10+ac<0,142.963,143.12107,142.85107,4.47,9,stop,15.81,7061.0,1.412,0.11193,-0.005455,-0.4064,IS
2022-06-22 01:45:00,2022-06-22 01:50:00,2022-06-22 02:30:00,NY   21-03JST,LONG,Q10+ac<0,143.056,143.11739,142.94039,4.32,8,stop,6.14,2655.0,0.531,0.11561,-0.005154,-0.4463,IS
2022-06-23 21:10:00,2022-06-23 21:15:00,2022-06-23 22:30:00,NY   21-03JST,LONG,Q10+ac<0,142.0115,141.94125,141.87475,3.66,14,stop,-7.03,-2569.0,-0.514,0.13675,-0.009361,-0.5321,IS
2022-06-23 21:15:00,2022-06-23 21:25:00,2022-06-23 22:30:00,NY   21-03JST,LONG,Q10+ac<0,142.0125,141.948,141.8825,3.85,13,stop,-6.45,-2481.0,-0.496,0.13,-0.010907,-0.5128,IS
2022-06-23 21:25:00,2022-06-23 21:30:00,2022-06-23 21:40:00,NY   21-03JST,LONG,Q10+ac<0,142.002,141.99511,141.97161,16.45,2,stop,-0.69,-1134.0,-0.227,0.03039,-0.010234,-0.4199,IS
2022-06-23 21:30:00,2022-06-23 21:35:00,2022-06-23 21:45:00,NY   21-03JST,LONG,Q10+ac<0,142.003,141.99643,141.97393,17.2,2,stop,-0.66,-1130.0,-0.226,0.02907,-0.010338,-0.4984,IS
2022-06-23 21:35:00,2022-06-23 21:40:00,2022-06-23 21:45:00,NY   21-03JST,LONG,Q10+ac<0,142.03,141.99821,142.00071,17.07,1,stop,-3.18,-5427.0,-1.085,0.02929,-0.011553,-0.3584,IS
2022-06-23 21:40:00,2022-06-23 21:45:00,2022-06-23 21:50:00,NY   21-03JST,LONG,Q10+ac<0,142.014,141.98161,141.98411,16.73,1,stop,-3.24,-5418.0,-1.084,0.02989,-0.011641,-0.3958,IS
2022-06-23 21:45:00,2022-06-23 21:50:00,2022-06-23 22:20:00,NY   21-03JST,LONG,Q10+ac<0,141.986,142.04682,141.95482,16.04,6,stop,6.08,9754.0,1.951,0.03118,-0.012202,-0.2475,IS
2022-06-23 21:50:00,2022-06-23 21:55:00,2022-06-23 22:20:00,NY   21-03JST,LONG,Q10+ac<0,141.993,142.04686,141.96186,16.06,5,stop,5.39,8647.0,1.729,0.03114,-0.011733,-0.3415,IS
2022-06-23 21:55:00,2022-06-23 22:00:00,2022-06-23 22:20:00,NY   21-03JST,LONG,Q10+ac<0,142.004,142.04529,141.97129,15.28,4,stop,4.13,6310.0,1.262,0.03271,-0.012266,-0.202,IS
2022-06-23 22:00:00,2022-06-23 22:05:00,2022-06-23 22:20:00,NY   21-03JST,LONG,Q10+ac<0,142.0065,142.04514,141.97364,15.22,3,stop,3.86,5880.0,1.176,0.03286,-0.011993,-0.1384,IS
2022-06-23 22:05:00,2022-06-23 22:10:00,2022-06-23 22:20:00,NY   21-03JST,LONG,Q10+ac<0,142.014,142.045,141.9815,15.38,2,stop,3.1,4769.0,0.954,0.0325,-0.012833,-0.1084,IS
2022-06-28 13:05:00,2022-06-28 13:10:00,2022-06-28 13:45:00,NY   21-03JST,LONG,Q10+ac<0,143.369,143.44879,143.24979,4.19,7,stop,7.98,3346.0,0.669,0.11921,-0.005627,-0.1765,IS
2022-06-28 13:10:00,2022-06-28 13:15:00,2022-06-28 13:45:00,NY   21-03JST,LONG,Q10+ac<0,143.365,143.45054,143.24754,4.26,6,stop,8.55,3641.0,0.728,0.11746,-0.005885,-0.155,IS
2022-06-28 13:20:00,2022-06-28 13:25:00,2022-06-28 13:45:00,NY   21-03JST,LONG,Q10+ac<0,143.4145,143.4665,143.313,4.93,4,stop,5.2,2562.0,0.512,0.1015,-0.006174,-0.1371,IS
2022-06-28 13:25:00,2022-06-28 13:30:00,2022-06-28 13:45:00,NY   21-03JST,LONG,Q10+ac<0,143.39,143.46954,143.29154,5.08,3,stop,7.95,4039.0,0.808,0.09846,-0.005877,-0.1723,IS
2022-06-28 13:30:00,2022-06-28 13:35:00,2022-06-28 13:45:00,NY   21-03JST,LONG,Q10+ac<0,143.427,143.46689,143.32589,4.95,2,stop,3.99,1973.0,0.395,0.10111,-0.005283,-0.2319,IS
2022-06-28 14:35:00,2022-06-28 14:40:00,2022-06-28 15:00:00,NY   21-03JST,LONG,Q10+ac<0,143.1025,143.19261,142.99161,4.51,4,stop,9.01,4063.0,0.813,0.11089,-0.004846,-0.2938,IS
2022-06-29 16:05:00,2022-06-29 16:10:00,2022-06-29 16:20:00,NY   21-03JST,LONG,Q10+ac<0,142.893,142.79986,142.80236,5.52,2,stop,-9.31,-5138.0,-1.028,0.09064,-0.006014,-0.1118,IS
2022-06-29 16:30:00,2022-06-29 16:35:00,2022-06-29 16:55:00,NY   21-03JST,LONG,Q10+ac<0,142.702,142.65546,142.61846,5.99,4,stop,-4.65,-2785.0,-0.557,0.08354,-0.006079,-0.1637,IS
2022-06-29 16:35:00,2022-06-29 16:40:00,2022-06-29 16:55:00,NY   21-03JST,LONG,Q10+ac<0,142.705,142.65721,142.62321,6.11,3,stop,-4.78,-2921.0,-0.584,0.08179,-0.00642,-0.2003,IS
2022-06-30 07:10:00,2022-06-30 07:15:00,2022-06-30 07:25:00,欧州 15-21JST,SHORT,Q10+ac>0,142.0685,142.04904,142.20504,3.66,2,stop,1.95,713.0,0.143,0.13654,-0.005307,0.1877,IS
2022-06-30 07:15:00,2022-06-30 07:20:00,2022-06-30 07:25:00,欧州 15-21JST,SHORT,Q10+ac>0,141.9335,142.07961,142.07711,3.48,1,stop,-14.61,-5087.0,-1.017,0.14361,-0.006281,0.2375,IS
2022-07-01 03:25:00,2022-07-01 03:30:00,2022-07-01 03:45:00,NY   21-03JST,LONG,Q10+ac<0,141.361,141.29043,141.22943,3.8,3,stop,-7.06,-2682.0,-0.536,0.13157,-0.007331,-0.3933,IS
2022-07-01 03:30:00,2022-07-01 03:35:00,2022-07-01 03:45:00,NY   21-03JST,LONG,Q10+ac<0,141.3805,141.28993,141.25943,4.13,2,stop,-9.06,-3740.0,-0.748,0.12107,-0.006612,-0.4385,IS
2022-07-01 03:35:00,2022-07-01 03:40:00,2022-07-01 03:45:00,NY   21-03JST,LONG,Q10+ac<0,141.407,141.28975,141.29225,4.36,1,stop,-11.72,-5109.0,-1.022,0.11475,-0.006678,-0.38,IS
2022-07-01 03:40:00,2022-07-01 03:45:00,2022-07-01 03:50:00,NY   21-03JST,LONG,Q10+ac<0,141.305,141.19546,141.19796,4.67,1,stop,-10.95,-5117.0,-1.023,0.10704,-0.007194,-0.4229,IS
2022-07-01 03:45:00,2022-07-01 03:50:00,2022-07-01 04:05:00,NY   21-03JST,LONG,Q10+ac<0,141.18,141.26582,141.06782,4.46,3,stop,8.58,3825.0,0.765,0.11218,-0.008533,-0.2242,IS
2022-07-01 03:50:00,2022-07-01 03:55:00,2022-07-01 04:05:00,NY   21-03JST,LONG,Q10+ac<0,141.264,141.26368,141.14968,4.37,2,stop,-0.03,-14.0,-0.003,0.11432,-0.007793,-0.3622,IS
2022-07-01 03:55:00,2022-07-01 04:00:00,2022-07-01 04:10:00,NY   21-03JST,LONG,Q10+ac<0,141.266,141.24782,141.15182,4.38,2,stop,-1.82,-796.0,-0.159,0.11418,-0.007451,-0.3383,IS
2022-07-01 04:00:00,2022-07-01 04:05:00,2022-07-01 04:10:00,NY   21-03JST,LONG,Q10+ac<0,141.367,141.24664,141.24914,4.24,1,stop,-12.04,-5106.0,-1.021,0.11786,-0.005979,-0.2304,IS
2022-07-01 04:05:00,2022-07-01 04:10:00,2022-07-01 04:15:00,NY   21-03JST,LONG,Q10+ac<0,141.2775,141.15836,141.16086,4.29,1,stop,-11.91,-5107.0,-1.021,0.11664,-0.006829,-0.3429,IS
2022-07-01 04:10:00,2022-07-01 04:15:00,2022-07-01 04:25:00,NY   21-03JST,LONG,Q10+ac<0,141.162,141.06543,141.03993,4.1,2,stop,-9.66,-3956.0,-0.791,0.12207,-0.008025,-0.3085,IS
2022-07-01 04:15:00,2022-07-01 04:20:00,2022-07-01 04:55:00,NY   21-03JST,LONG,Q10+ac<0,141.1395,141.20886,141.01436,4.0,7,stop,6.94,2771.0,0.554,0.12514,-0.007928,-0.2227,IS
2022-07-01 12:00:00,2022-07-01 12:05:00,2022-07-01 12:10:00,NY   21-03JST,LONG,Q10+ac<0,141.1945,141.08307,141.08557,4.59,1,stop,-11.14,-5115.0,-1.023,0.10893,-0.004902,-0.2391,IS
2022-07-01 12:05:00,2022-07-01 12:10:00,2022-07-01 12:15:00,NY   21-03JST,LONG,Q10+ac<0,141.1015,140.99368,140.99618,4.75,1,stop,-10.78,-5119.0,-1.024,0.10532,-0.004997,-0.2986,IS
2022-07-01 12:10:00,2022-07-01 12:15:00,2022-07-01 12:20:00,NY   21-03JST,LONG,Q10+ac<0,141.0435,140.93289,140.93539,4.63,1,stop,-11.06,-5116.0,-1.023,0.10811,-0.006382,-0.2786,IS
2022-07-01 12:15:00,2022-07-01 12:20:00,2022-07-01 12:25:00,NY   21-03JST,LONG,Q10+ac<0,140.8735,140.75525,140.75775,4.32,1,stop,-11.82,-5108.0,-1.022,0.11575,-0.007544,-0.1837,IS
2022-07-01 14:00:00,2022-07-01 14:05:00,2022-07-01 14:10:00,NY   21-03JST,LONG,Q10+ac<0,140.4645,140.28736,140.28986,2.86,1,stop,-17.71,-5072.0,-1.014,0.17464,-0.005449,-0.2492,IS
2022-07-05 07:10:00,2022-07-05 07:15:00,2022-07-05 07:20:00,欧州 15-21JST,SHORT,Q10+ac>0,141.618,141.74339,141.74089,4.07,1,stop,-12.54,-5102.0,-1.02,0.12289,-0.005712,0.6476,IS
2022-07-05 07:15:00,2022-07-05 07:20:00,2022-07-05 07:45:00,欧州 15-21JST,SHORT,Q10+ac>0,141.6545,141.28482,141.78332,3.88,5,stop,36.97,14348.0,2.87,0.12882,-0.005291,0.4104,IS
2022-07-05 07:25:00,2022-07-05 07:30:00,2022-07-05 07:45:00,欧州 15-21JST,SHORT,Q10+ac>0,141.4885,141.29679,141.62929,3.55,3,stop,19.17,6809.0,1.362,0.14079,-0.006247,0.2924,IS
2022-07-05 07:30:00,2022-07-05 07:35:00,2022-07-05 07:45:00,欧州 15-21JST,SHORT,Q10+ac>0,141.445,141.30118,141.59018,3.44,2,stop,14.38,4953.0,0.991,0.14518,-0.006407,0.2425,IS
2022-07-05 07:35:00,2022-07-05 07:40:00,2022-07-05 07:55:00,欧州 15-21JST,SHORT,Q10+ac>0,141.3425,141.20079,141.49029,3.38,3,stop,14.17,4795.0,0.959,0.14779,-0.007795,0.2283,IS
2022-07-05 07:40:00,2022-07-05 07:45:00,2022-07-05 07:55:00,欧州 15-21JST,SHORT,Q10+ac>0,141.1875,141.20982,141.34432,3.19,2,stop,-2.23,-712.0,-0.142,0.15682,-0.008944,0.2272,IS
2022-07-05 13:15:00,2022-07-05 13:20:00,2022-07-05 13:30:00,NY   21-03JST,LONG,Q10+ac<0,139.488,139.33954,139.32854,3.14,2,stop,-14.85,-4655.0,-0.931,0.15946,-0.00512,-0.1687,IS
2022-07-05 13:20:00,2022-07-05 13:25:00,2022-07-05 13:30:00,NY   21-03JST,LONG,Q10+ac<0,139.5,139.33986,139.34236,3.17,1,stop,-16.01,-5079.0,-1.016,0.15764,-0.005209,-0.1949,IS
2022-07-05 13:25:00,2022-07-05 13:30:00,2022-07-05 13:40:00,NY   21-03JST,LONG,Q10+ac<0,139.435,139.32018,139.27918,3.21,2,stop,-11.48,-3684.0,-0.737,0.15582,-0.005683,-0.1956,IS
2022-07-05 13:35:00,2022-07-05 13:40:00,2022-07-05 13:55:00,NY   21-03JST,LONG,Q10+ac<0,139.368,139.3475,139.2135,3.24,3,stop,-2.05,-663.0,-0.133,0.1545,-0.005866,-0.2493,IS
2022-07-05 13:40:00,2022-07-05 13:45:00,2022-07-05 13:55:00,NY   21-03JST,LONG,Q10+ac<0,139.328,139.348,139.174,3.25,2,stop,2.0,649.0,0.13,0.154,-0.007201,-0.6317,IS
2022-07-05 13:45:00,2022-07-05 13:50:00,2022-07-05 14:00:00,NY   21-03JST,LONG,Q10+ac<0,139.3915,139.24854,139.23704,3.24,2,stop,-14.3,-4628.0,-0.926,0.15446,-0.006497,-0.6056,IS
2022-07-05 13:55:00,2022-07-05 14:00:00,2022-07-05 14:25:00,NY   21-03JST,LONG,Q10+ac<0,139.2985,139.27014,139.15364,3.45,5,stop,-2.84,-979.0,-0.196,0.14486,-0.006,-0.5084,IS
2022-07-05 14:00:00,2022-07-05 14:05:00,2022-07-05 14:25:00,NY   21-03JST,LONG,Q10+ac<0,139.258,139.26671,139.10971,3.37,4,stop,0.87,294.0,0.059,0.14829,-0.006214,-0.7099,IS
2022-07-05 14:05:00,2022-07-05 14:10:00,2022-07-05 14:25:00,NY   21-03JST,LONG,Q10+ac<0,139.232,139.26575,139.08275,3.35,3,stop,3.37,1131.0,0.226,0.14925,-0.005552,-0.5692,IS
2022-07-06 02:45:00,2022-07-06 02:50:00,2022-07-06 03:10:00,NY   21-03JST,LONG,Q10+ac<0,138.817,138.71821,138.72071,5.19,4,stop,-9.88,-5130.0,-1.026,0.09629,-0.005065,-0.2261,IS
2022-07-06 02:55:00,2022-07-06 03:00:00,2022-07-06 03:10:00,NY   21-03JST,LONG,Q10+ac<0,138.7645,138.70082,138.67632,5.67,2,stop,-6.37,-3611.0,-0.722,0.08818,-0.0049,-0.3856,IS
2022-07-06 10:10:00,2022-07-06 10:15:00,2022-07-06 10:30:00,欧州 15-21JST,SHORT,Q10+ac>0,138.255,138.32418,138.38418,3.87,3,stop,-6.92,-2678.0,-0.536,0.12918,-0.005618,0.2163,IS
2022-07-06 10:20:00,2022-07-06 10:25:00,2022-07-06 10:30:00,欧州 15-21JST,SHORT,Q10+ac>0,138.2145,138.33271,138.33021,4.32,1,stop,-11.82,-5108.0,-1.022,0.11571,-0.005098,0.1663,IS
2022-07-06 12:25:00,2022-07-06 12:30:00,2022-07-06 12:35:00,NY   21-03JST,LONG,Q10+ac<0,137.444,137.30114,137.30364,3.56,1,stop,-14.29,-5089.0,-1.018,0.14036,-0.006824,-0.4335,IS
2022-07-06 12:30:00,2022-07-06 12:35:00,2022-07-06 12:50:00,NY   21-03JST,LONG,Q10+ac<0,137.318,137.58532,137.17432,3.48,3,stop,26.73,9303.0,1.861,0.14368,-0.00948,-0.2047,IS
2022-07-06 12:35:00,2022-07-06 12:40:00,2022-07-06 12:50:00,NY   21-03JST,LONG,Q10+ac<0,137.4255,137.58339,137.27989,3.43,2,stop,15.79,5422.0,1.084,0.14561,-0.007306,-0.2196,IS
2022-07-08 02:40:00,2022-07-08 02:45:00,2022-07-08 02:55:00,NY   21-03JST,LONG,Q10+ac<0,138.015,138.13114,137.92814,5.76,2,stop,11.61,6686.0,1.337,0.08686,-0.004938,-0.6299,IS
2022-07-08 02:55:00,2022-07-08 03:00:00,2022-07-08 03:05:00,NY   21-03JST,LONG,Q10+ac<0,137.8345,137.68957,137.69207,3.51,1,stop,-14.49,-5088.0,-1.018,0.14243,-0.005671,-0.4383,IS
2022-07-08 03:00:00,2022-07-08 03:05:00,2022-07-08 03:15:00,NY   21-03JST,LONG,Q10+ac<0,137.5375,137.69696,137.37796,3.13,2,stop,15.95,4998.0,1.0,0.15954,-0.007255,-0.1006,IS
2022-07-08 03:05:00,2022-07-08 03:10:00,2022-07-08 03:20:00,NY   21-03JST,LONG,Q10+ac<0,137.6245,137.6215,137.4575,2.99,2,stop,-0.3,-90.0,-0.018,0.167,-0.006504,-0.2501,IS
2022-07-08 03:15:00,2022-07-08 03:20:00,2022-07-08 03:40:00,NY   21-03JST,LONG,Q10+ac<0,137.693,137.74629,137.50379,2.64,4,stop,5.33,1408.0,0.282,0.18921,-0.006399,-0.1138,IS
2022-07-08 03:20:00,2022-07-08 03:25:00,2022-07-08 03:40:00,NY   21-03JST,LONG,Q10+ac<0,137.726,137.74175,137.53225,2.58,3,stop,1.57,406.0,0.081,0.19375,-0.006005,-0.1349,IS
2022-07-08 03:25:00,2022-07-08 03:30:00,2022-07-08 03:40:00,NY   21-03JST,LONG,Q10+ac<0,137.6905,137.73789,137.49289,2.53,2,stop,4.74,1199.0,0.24,0.19761,-0.006599,-0.1225,IS
2022-07-08 03:55:00,2022-07-08 04:00:00,2022-07-08 04:05:00,NY   21-03JST,LONG,Q10+ac<0,137.7505,137.56196,137.56446,2.69,1,stop,-18.85,-5067.0,-1.013,0.18604,-0.006261,-0.2666,IS
2022-07-08 04:00:00,2022-07-08 04:05:00,2022-07-08 04:10:00,NY   21-03JST,LONG,Q10+ac<0,137.7615,137.57621,137.57871,2.74,1,stop,-18.53,-5068.0,-1.014,0.18279,-0.006062,-0.1222,IS
2022-07-08 04:05:00,2022-07-08 04:10:00,2022-07-08 04:25:00,NY   21-03JST,LONG,Q10+ac<0,137.65,137.533,137.4845,3.02,3,stop,-11.7,-3535.0,-0.707,0.1655,-0.0071,-0.3107,IS
2022-07-08 04:30:00,2022-07-08 04:35:00,2022-07-08 04:50:00,NY   21-03JST,LONG,Q10+ac<0,137.591,137.55586,137.46436,3.95,3,stop,-3.51,-1387.0,-0.277,0.12664,-0.006212,-0.3499,IS
2022-07-08 08:15:00,2022-07-08 08:20:00,2022-07-08 08:35:00,欧州 15-21JST,SHORT,Q10+ac>0,137.0745,137.15129,137.25679,2.74,3,stop,-7.68,-2106.0,-0.421,0.18229,-0.006584,0.3639,IS
2022-07-08 08:20:00,2022-07-08 08:25:00,2022-07-08 08:35:00,欧州 15-21JST,SHORT,Q10+ac>0,136.974,137.16146,137.15896,2.7,2,stop,-18.75,-5068.0,-1.014,0.18496,-0.007154,0.5155,IS
2022-07-08 08:25:00,2022-07-08 08:30:00,2022-07-08 08:40:00,欧州 15-21JST,SHORT,Q10+ac>0,137.052,137.23668,137.23418,2.74,2,stop,-18.47,-5069.0,-1.014,0.18218,-0.007427,0.4464,IS
2022-07-08 08:30:00,2022-07-08 08:35:00,2022-07-08 08:45:00,欧州 15-21JST,SHORT,Q10+ac>0,137.1215,137.29561,137.30461,2.73,2,stop,-17.41,-4754.0,-0.951,0.18311,-0.006747,0.4752,IS
2022-07-08 08:35:00,2022-07-08 08:40:00,2022-07-08 08:45:00,欧州 15-21JST,SHORT,Q10+ac>0,137.1245,137.29604,137.29354,2.96,1,stop,-17.15,-5074.0,-1.015,0.16904,-0.007581,0.319,IS
2022-07-08 08:40:00,2022-07-08 08:45:00,2022-07-08 09:10:00,欧州 15-21JST,SHORT,Q10+ac>0,137.2745,137.33446,137.44496,2.93,5,stop,-6.0,-1759.0,-0.352,0.17046,-0.0054,0.4238,IS
2022-07-08 08:45:00,2022-07-08 08:50:00,2022-07-08 09:10:00,欧州 15-21JST,SHORT,Q10+ac>0,137.275,137.33446,137.44546,2.93,4,stop,-5.95,-1744.0,-0.349,0.17046,-0.005081,0.304,IS
2022-07-08 08:55:00,2022-07-08 09:00:00,2022-07-08 09:10:00,欧州 15-21JST,SHORT,Q10+ac>0,137.269,137.318,137.423,3.25,2,stop,-4.9,-1591.0,-0.318,0.154,-0.005106,0.1389,IS
2022-07-11 22:05:00,2022-07-11 22:10:00,2022-07-12 00:00:00,NY   21-03JST,LONG,Q10+ac<0,137.9905,137.91739,137.83389,3.19,22,stop,-7.31,-2334.0,-0.467,0.15661,-0.004935,-0.5037,IS
2022-07-11 22:10:00,2022-07-11 22:15:00,2022-07-11 23:00:00,NY   21-03JST,LONG,Q10+ac<0,138.0255,137.87121,137.87371,3.29,9,stop,-15.43,-5082.0,-1.016,0.15179,-0.00547,-0.4382,IS
2022-07-11 22:15:00,2022-07-11 22:20:00,2022-07-12 00:00:00,NY   21-03JST,LONG,Q10+ac<0,138.004,137.93207,137.86207,3.52,20,stop,-7.19,-2534.0,-0.507,0.14193,-0.00526,-0.4476,IS
2022-07-11 22:20:00,2022-07-11 22:25:00,2022-07-12 00:00:00,NY   21-03JST,LONG,Q10+ac<0,137.9905,137.93921,137.85571,3.71,19,stop,-5.13,-1902.0,-0.38,0.13479,-0.005524,-0.4423,IS
2022-07-11 22:25:00,2022-07-11 22:30:00,2022-07-12 00:00:00,NY   21-03JST,LONG,Q10+ac<0,137.952,137.94264,137.82064,3.81,18,stop,-0.94,-356.0,-0.071,0.13136,-0.005617,-0.4428,IS
2022-07-11 22:30:00,2022-07-11 22:35:00,2022-07-12 00:00:00,NY   21-03JST,LONG,Q10+ac<0,137.9705,137.94693,137.84343,3.93,17,stop,-2.36,-927.0,-0.185,0.12707,-0.005713,-0.4375,IS
2022-07-11 22:35:00,2022-07-11 22:40:00,2022-07-12 00:00:00,NY   21-03JST,LONG,Q10+ac<0,137.9315,137.95121,137.80871,4.07,16,stop,1.97,803.0,0.161,0.12279,-0.006102,-0.4437,IS
2022-07-11 22:40:00,2022-07-11 22:45:00,2022-07-12 00:00:00,NY   21-03JST,LONG,Q10+ac<0,137.9555,137.9565,137.838,4.26,15,stop,0.1,43.0,0.009,0.1175,-0.006248,-0.441,IS
2022-07-11 22:45:00,2022-07-11 22:50:00,2022-07-12 00:00:00,NY   21-03JST,LONG,Q10+ac<0,137.934,137.96096,137.82096,4.42,14,stop,2.7,1193.0,0.239,0.11304,-0.006352,-0.4334,IS
2022-07-11 22:50:00,2022-07-11 22:55:00,2022-07-12 00:00:00,NY   21-03JST,LONG,Q10+ac<0,137.922,137.96779,137.81579,4.71,13,stop,4.58,2155.0,0.431,0.10621,-0.00571,-0.4923,IS
2022-07-11 22:55:00,2022-07-11 23:00:00,2022-07-12 00:00:00,NY   21-03JST,LONG,Q10+ac<0,137.9105,137.97929,137.81579,5.28,12,stop,6.88,3631.0,0.726,0.09471,-0.006686,-0.6815,IS
2022-07-11 23:05:00,2022-07-11 23:10:00,2022-07-12 00:00:00,NY   21-03JST,LONG,Q10+ac<0,137.953,137.99493,137.87393,6.32,10,stop,4.19,2651.0,0.53,0.07907,-0.005634,-0.4598,IS
2022-07-11 23:15:00,2022-07-11 23:20:00,2022-07-11 23:40:00,NY   21-03JST,LONG,Q10+ac<0,137.939,137.97532,137.89532,11.45,4,stop,3.63,4158.0,0.832,0.04368,-0.005573,-0.3337,IS
2022-07-11 23:20:00,2022-07-11 23:25:00,2022-07-11 23:40:00,NY   21-03JST,LONG,Q10+ac<0,137.958,137.97711,137.91611,11.94,3,stop,1.91,2280.0,0.456,0.04189,-0.004875,-0.4232,IS
2022-07-12 02:15:00,2022-07-12 02:20:00,2022-07-12 02:30:00,NY   21-03JST,LONG,Q10+ac<0,137.423,137.42196,137.30796,4.35,2,stop,-0.1,-45.0,-0.009,0.11504,-0.005275,-0.1758,IS
2022-07-14 17:00:00,2022-07-14 17:05:00,2022-07-14 18:40:00,NY   21-03JST,LONG,Q10+ac<0,138.854,139.26775,138.73425,4.18,19,stop,41.37,17276.0,3.455,0.11975,-0.005225,-0.4206,IS
2022-07-20 12:25:00,2022-07-20 12:30:00,2022-07-20 12:40:00,NY   21-03JST,LONG,Q10+ac<0,140.8225,140.70386,140.69386,3.89,2,stop,-11.86,-4611.0,-0.922,0.12864,-0.005081,-0.2414,IS
2022-07-20 17:55:00,2022-07-20 18:00:00,2022-07-20 19:55:00,NY   21-03JST,LONG,Q10+ac<0,140.4565,140.67689,140.35639,4.99,23,stop,22.04,11008.0,2.202,0.10011,-0.005216,-0.1665,IS
2022-07-20 18:00:00,2022-07-20 18:05:00,2022-07-20 19:55:00,NY   21-03JST,LONG,Q10+ac<0,140.498,140.68082,140.40182,5.2,22,stop,18.28,9504.0,1.901,0.09618,-0.005027,-0.6603,IS
2022-07-20 18:05:00,2022-07-20 18:10:00,2022-07-20 19:55:00,NY   21-03JST,LONG,Q10+ac<0,140.5125,140.68357,140.41907,5.35,21,stop,17.11,9155.0,1.831,0.09343,-0.005043,-0.4928,IS
2022-07-20 18:20:00,2022-07-20 18:25:00,2022-07-20 19:35:00,NY   21-03JST,LONG,Q10+ac<0,140.556,140.7065,140.4855,7.09,14,stop,15.05,10674.0,2.135,0.0705,-0.004924,-0.199,IS
2022-07-21 15:00:00,2022-07-21 15:05:00,2022-07-21 16:00:00,NY   21-03JST,LONG,Q10+ac<0,140.671,140.65464,140.48914,2.75,11,stop,-1.64,-450.0,-0.09,0.18186,-0.011942,-0.3994,IS
2022-07-21 15:05:00,2022-07-21 15:10:00,2022-07-21 16:00:00,NY   21-03JST,LONG,Q10+ac<0,140.601,140.65857,140.42307,2.81,10,stop,5.76,1618.0,0.324,0.17793,-0.009971,-0.5014,IS
2022-07-21 15:10:00,2022-07-21 15:15:00,2022-07-21 16:00:00,NY   21-03JST,LONG,Q10+ac<0,140.5815,140.67139,140.41639,3.03,9,stop,8.99,2722.0,0.544,0.16511,-0.006859,-0.4462,IS
2022-07-21 15:55:00,2022-07-21 16:00:00,2022-07-21 16:05:00,NY   21-03JST,LONG,Q10+ac<0,140.731,140.59893,140.60143,3.86,1,stop,-13.21,-5096.0,-1.019,0.12957,-0.004881,-0.5069,IS
2022-07-22 07:45:00,2022-07-22 07:50:00,2022-07-22 08:05:00,欧州 15-21JST,SHORT,Q10+ac>0,139.6685,139.60921,139.84971,2.76,3,stop,5.93,1636.0,0.327,0.18121,-0.007207,0.104,IS
2022-07-22 08:15:00,2022-07-22 08:20:00,2022-07-22 08:30:00,欧州 15-21JST,SHORT,Q10+ac>0,139.7825,139.83364,139.98064,2.52,2,stop,-5.11,-1291.0,-0.258,0.19814,-0.00545,0.2,IS
2022-07-22 08:20:00,2022-07-22 08:25:00,2022-07-22 08:30:00,欧州 15-21JST,SHORT,Q10+ac>0,139.7255,139.92146,139.91896,2.58,1,stop,-19.6,-5065.0,-1.013,0.19346,-0.006024,0.1803,IS
2022-07-22 08:25:00,2022-07-22 08:30:00,2022-07-22 09:35:00,欧州 15-21JST,SHORT,Q10+ac>0,139.796,139.61475,139.97275,2.83,13,stop,18.13,5127.0,1.025,0.17675,-0.005877,0.1611,IS
2022-07-22 14:15:00,2022-07-22 14:20:00,2022-07-22 14:35:00,NY   21-03JST,LONG,Q10+ac<0,139.0645,139.1515,138.9045,3.13,3,stop,8.7,2719.0,0.544,0.16,-0.005511,-0.2036,IS
2022-07-26 09:55:00,2022-07-26 10:00:00,2022-07-26 10:25:00,欧州 15-21JST,SHORT,Q10+ac>0,138.981,138.68457,139.08107,5.0,5,stop,29.64,14811.0,2.962,0.10007,-0.005586,0.2118,IS
2022-07-26 10:15:00,2022-07-26 10:20:00,2022-07-26 10:40:00,欧州 15-21JST,SHORT,Q10+ac>0,138.6535,138.66279,138.76929,4.32,4,stop,-0.93,-401.0,-0.08,0.11579,-0.005866,0.1672,IS
2022-07-28 08:00:00,2022-07-28 08:05:00,2022-07-28 08:40:00,欧州 15-21JST,SHORT,Q10+ac>0,138.3305,138.25443,138.44393,4.41,7,stop,7.61,3353.0,0.671,0.11343,-0.006798,0.3203,IS
2022-07-28 10:55:00,2022-07-28 11:00:00,2022-07-28 11:10:00,欧州 15-21JST,SHORT,Q10+ac>0,137.396,137.41725,137.51075,4.36,2,stop,-2.13,-926.0,-0.185,0.11475,-0.006652,0.1679,IS
2022-07-28 11:00:00,2022-07-28 11:05:00,2022-07-28 11:25:00,欧州 15-21JST,SHORT,Q10+ac>0,137.3875,137.41686,137.49636,4.59,4,stop,-2.94,-1348.0,-0.27,0.10886,-0.005498,0.3012,IS
2022-07-28 11:05:00,2022-07-28 11:10:00,2022-07-28 11:25:00,欧州 15-21JST,SHORT,Q10+ac>0,137.399,137.4145,137.5055,4.69,3,stop,-1.55,-728.0,-0.146,0.1065,-0.005702,0.3304,IS
2022-07-28 11:10:00,2022-07-28 11:15:00,2022-07-28 11:25:00,欧州 15-21JST,SHORT,Q10+ac>0,137.3765,137.40775,137.47625,5.01,2,stop,-3.12,-1566.0,-0.313,0.09975,-0.005652,0.3384,IS
2022-07-28 11:15:00,2022-07-28 11:20:00,2022-07-28 11:55:00,欧州 15-21JST,SHORT,Q10+ac>0,137.3875,137.32179,137.48279,5.25,7,stop,6.57,3448.0,0.69,0.09529,-0.005481,0.3333,IS
2022-07-28 11:20:00,2022-07-28 11:25:00,2022-07-28 11:55:00,欧州 15-21JST,SHORT,Q10+ac>0,137.4015,137.32246,137.49746,5.21,6,stop,7.9,4118.0,0.824,0.09596,-0.004948,0.3716,IS
2022-07-28 11:25:00,2022-07-28 11:30:00,2022-07-28 11:55:00,欧州 15-21JST,SHORT,Q10+ac>0,137.3935,137.32014,137.48714,5.34,5,stop,7.34,3917.0,0.783,0.09364,-0.005395,0.3699,IS
2022-07-28 11:30:00,2022-07-28 11:35:00,2022-07-28 11:55:00,欧州 15-21JST,SHORT,Q10+ac>0,137.3525,137.32204,137.44804,5.23,4,stop,3.05,1594.0,0.319,0.09554,-0.005128,0.3898,IS
2022-07-28 13:05:00,2022-07-28 13:10:00,2022-07-28 13:20:00,NY   21-03JST,LONG,Q10+ac<0,136.7875,136.77546,136.63496,3.28,2,stop,-1.2,-395.0,-0.079,0.15254,-0.005528,-0.4752,IS
2022-07-28 13:10:00,2022-07-28 13:15:00,2022-07-28 13:30:00,NY   21-03JST,LONG,Q10+ac<0,136.7905,136.65639,136.64089,3.34,3,stop,-13.41,-4482.0,-0.896,0.14961,-0.005664,-0.6503,IS
2022-07-28 13:15:00,2022-07-28 13:20:00,2022-07-28 13:30:00,NY   21-03JST,LONG,Q10+ac<0,136.701,136.64636,136.54136,3.13,2,stop,-5.46,-1711.0,-0.342,0.15964,-0.006802,-0.7055,IS
2022-07-28 13:20:00,2022-07-28 13:25:00,2022-07-28 13:30:00,NY   21-03JST,LONG,Q10+ac<0,136.752,136.5885,136.591,3.11,1,stop,-16.35,-5078.0,-1.016,0.161,-0.006655,-0.7808,IS
2022-07-28 13:25:00,2022-07-28 13:30:00,2022-07-28 13:35:00,NY   21-03JST,LONG,Q10+ac<0,136.8,136.635,136.6375,3.08,1,stop,-16.5,-5077.0,-1.015,0.1625,-0.006112,-0.459,IS
2022-07-28 13:30:00,2022-07-28 13:35:00,2022-07-28 13:45:00,NY   21-03JST,LONG,Q10+ac<0,136.603,136.55289,136.43089,2.91,2,stop,-5.01,-1456.0,-0.291,0.17211,-0.007216,-0.5398,IS
2022-07-28 13:35:00,2022-07-28 13:40:00,2022-07-28 13:50:00,NY   21-03JST,LONG,Q10+ac<0,136.674,136.49804,136.50054,2.88,2,stop,-17.6,-5072.0,-1.014,0.17346,-0.006563,-0.6335,IS
2022-07-28 13:40:00,2022-07-28 13:45:00,2022-07-28 13:50:00,NY   21-03JST,LONG,Q10+ac<0,136.666,136.49979,136.50229,3.05,1,stop,-16.62,-5076.0,-1.015,0.16371,-0.006947,-0.5299,IS
2022-07-28 13:45:00,2022-07-28 13:50:00,2022-07-28 13:55:00,NY   21-03JST,LONG,Q10+ac<0,136.58,136.41186,136.41436,3.02,1,stop,-16.81,-5075.0,-1.015,0.16564,-0.00729,-0.51,IS
2022-07-28 13:50:00,2022-07-28 13:55:00,2022-07-28 14:50:00,NY   21-03JST,LONG,Q10+ac<0,136.451,136.79089,136.29039,3.11,11,stop,33.99,10581.0,2.116,0.16061,-0.008332,-0.3933,IS
2022-07-28 13:55:00,2022-07-28 14:00:00,2022-07-28 14:50:00,NY   21-03JST,LONG,Q10+ac<0,136.5855,136.78739,136.42139,3.05,10,stop,20.19,6151.0,1.23,0.16411,-0.006781,-0.5,IS
2022-07-28 14:00:00,2022-07-28 14:05:00,2022-07-28 14:30:00,NY   21-03JST,LONG,Q10+ac<0,136.585,136.63329,136.42829,3.19,5,stop,4.83,1541.0,0.308,0.15671,-0.006456,-0.3838,IS
2022-07-28 14:05:00,2022-07-28 14:10:00,2022-07-28 14:30:00,NY   21-03JST,LONG,Q10+ac<0,136.602,136.63768,136.44968,3.28,4,stop,3.57,1171.0,0.234,0.15232,-0.005698,-0.3726,IS
2022-07-28 14:10:00,2022-07-28 14:15:00,2022-07-28 14:50:00,NY   21-03JST,LONG,Q10+ac<0,136.707,136.79146,136.54696,3.12,7,stop,8.45,2639.0,0.528,0.16004,-0.004857,-0.3057,IS
2022-07-28 14:15:00,2022-07-28 14:20:00,2022-07-28 14:50:00,NY   21-03JST,LONG,Q10+ac<0,136.726,136.79332,136.56782,3.16,6,stop,6.73,2128.0,0.426,0.15818,-0.005459,-0.2408,IS
2022-07-28 14:20:00,2022-07-28 14:25:00,2022-07-28 14:50:00,NY   21-03JST,LONG,Q10+ac<0,136.7165,136.79596,136.56096,3.21,5,stop,7.95,2555.0,0.511,0.15554,-0.005582,-0.276,IS
2022-07-28 14:25:00,2022-07-28 14:30:00,2022-07-28 14:50:00,NY   21-03JST,LONG,Q10+ac<0,136.7485,136.80921,136.60621,3.51,4,stop,6.07,2134.0,0.427,0.14229,-0.005771,-0.2179,IS
2022-07-29 04:00:00,2022-07-29 04:05:00,2022-07-29 05:00:00,NY   21-03JST,LONG,Q10+ac<0,136.121,136.10779,135.95529,3.02,11,stop,-1.32,-399.0,-0.08,0.16571,-0.009047,-0.4646,IS
2022-07-29 04:05:00,2022-07-29 04:10:00,2022-07-29 05:00:00,NY   21-03JST,LONG,Q10+ac<0,136.1205,136.10671,135.95371,3.0,10,stop,-1.38,-413.0,-0.083,0.16679,-0.009545,-0.1724,IS
2022-07-29 04:10:00,2022-07-29 04:15:00,2022-07-29 05:00:00,NY   21-03JST,LONG,Q10+ac<0,136.0915,136.10375,135.92175,2.95,9,stop,1.23,361.0,0.072,0.16975,-0.010604,-0.1714,IS
2022-07-29 04:15:00,2022-07-29 04:20:00,2022-07-29 05:00:00,NY   21-03JST,LONG,Q10+ac<0,136.1315,136.10229,135.96029,2.92,8,stop,-2.92,-853.0,-0.171,0.17121,-0.01065,-0.1786,IS
2022-07-29 04:20:00,2022-07-29 04:25:00,2022-07-29 05:00:00,NY   21-03JST,LONG,Q10+ac<0,136.206,136.10146,136.03396,2.91,7,stop,-10.45,-3038.0,-0.608,0.17204,-0.01014,-0.1655,IS
2022-07-29 04:25:00,2022-07-29 04:30:00,2022-07-29 05:00:00,NY   21-03JST,LONG,Q10+ac<0,136.1655,136.09836,135.99036,2.85,6,stop,-6.71,-1917.0,-0.383,0.17514,-0.010503,-0.1727,IS
2022-07-29 04:30:00,2022-07-29 04:35:00,2022-07-29 05:00:00,NY   21-03JST,LONG,Q10+ac<0,136.156,136.09864,135.98114,2.86,5,stop,-5.74,-1640.0,-0.328,0.17486,-0.010026,-0.1859,IS
2022-07-29 04:35:00,2022-07-29 04:40:00,2022-07-29 05:00:00,NY   21-03JST,LONG,Q10+ac<0,136.223,136.0825,136.045,2.81,4,stop,-14.05,-3947.0,-0.789,0.178,-0.009504,-0.1684,IS
2022-07-29 04:40:00,2022-07-29 04:45:00,2022-07-29 05:00:00,NY   21-03JST,LONG,Q10+ac<0,136.2655,136.08586,136.08836,2.82,3,stop,-17.96,-5071.0,-1.014,0.17714,-0.008715,-0.1454,IS
2022-07-29 04:45:00,2022-07-29 04:50:00,2022-07-29 05:00:00,NY   21-03JST,LONG,Q10+ac<0,136.211,136.05161,136.03211,2.79,2,stop,-15.94,-4455.0,-0.891,0.17889,-0.009473,-0.1436,IS
2022-07-29 04:50:00,2022-07-29 04:55:00,2022-07-29 05:00:00,NY   21-03JST,LONG,Q10+ac<0,136.2305,136.05186,136.05436,2.84,1,stop,-17.86,-5071.0,-1.014,0.17614,-0.009217,-0.1451,IS
2022-07-29 15:20:00,2022-07-29 15:25:00,2022-07-29 15:50:00,NY   21-03JST,LONG,Q10+ac<0,136.095,136.02714,135.94464,3.33,5,stop,-6.79,-2257.0,-0.451,0.15036,-0.004978,-0.311,IS
2022-07-29 15:55:00,2022-07-29 16:00:00,2022-07-29 16:20:00,NY   21-03JST,LONG,Q10+ac<0,135.911,135.94025,135.78175,3.87,4,stop,2.93,1132.0,0.226,0.12925,-0.005169,-0.1454,IS
2022-08-01 02:05:00,2022-08-01 02:10:00,2022-08-01 03:40:00,NY   21-03JST,LONG,Q10+ac<0,135.4025,135.59932,135.21482,2.66,18,stop,19.68,5244.0,1.049,0.18768,-0.007947,-0.1388,IS
2022-08-01 02:10:00,2022-08-01 02:15:00,2022-08-01 03:35:00,NY   21-03JST,LONG,Q10+ac<0,135.4955,135.62596,135.33446,3.1,16,stop,13.05,4051.0,0.81,0.16104,-0.007258,-0.63,IS
2022-08-01 02:15:00,2022-08-01 02:20:00,2022-08-01 03:00:00,NY   21-03JST,LONG,Q10+ac<0,135.504,135.49096,135.35596,3.38,8,stop,-1.3,-440.0,-0.088,0.14804,-0.006717,-0.4836,IS
2022-08-01 02:20:00,2022-08-01 02:25:00,2022-08-01 03:00:00,NY   21-03JST,LONG,Q10+ac<0,135.5215,135.50746,135.38996,3.8,7,stop,-1.4,-534.0,-0.107,0.13154,-0.006413,-0.4121,IS
2022-08-01 02:25:00,2022-08-01 02:30:00,2022-08-01 03:00:00,NY   21-03JST,LONG,Q10+ac<0,135.603,135.51357,135.47757,3.99,6,stop,-8.94,-3565.0,-0.713,0.12543,-0.006128,-0.3067,IS
2022-08-01 02:30:00,2022-08-01 02:35:00,2022-08-01 03:00:00,NY   21-03JST,LONG,Q10+ac<0,135.597,135.51721,135.48471,4.45,5,stop,-7.98,-3553.0,-0.711,0.11229,-0.006413,-0.4116,IS
2022-08-01 02:35:00,2022-08-01 02:40:00,2022-08-01 03:00:00,NY   21-03JST,LONG,Q10+ac<0,135.613,135.52325,135.50675,4.71,4,stop,-8.97,-4224.0,-0.845,0.10625,-0.006188,-0.4605,IS
2022-08-01 02:40:00,2022-08-01 02:45:00,2022-08-01 03:00:00,NY   21-03JST,LONG,Q10+ac<0,135.63,135.52982,135.53232,5.12,3,stop,-10.02,-5128.0,-1.026,0.09768,-0.005983,-0.4139,IS
2022-08-01 02:45:00,2022-08-01 02:50:00,2022-08-01 03:00:00,NY   21-03JST,LONG,Q10+ac<0,135.5705,135.52643,135.47693,5.34,2,stop,-4.41,-2355.0,-0.471,0.09357,-0.006426,-0.3914,IS
2022-08-01 02:50:00,2022-08-01 02:55:00,2022-08-01 03:00:00,NY   21-03JST,LONG,Q10+ac<0,135.607,135.51282,135.51532,5.45,1,stop,-9.42,-5136.0,-1.027,0.09168,-0.006092,-0.4209,IS
2022-08-01 02:55:00,2022-08-01 03:00:00,2022-08-01 03:05:00,NY   21-03JST,LONG,Q10+ac<0,135.5845,135.49564,135.49814,5.79,1,stop,-8.89,-5145.0,-1.029,0.08636,-0.006482,-0.4385,IS
2022-08-02 00:25:00,2022-08-02 00:30:00,2022-08-02 00:35:00,NY   21-03JST,LONG,Q10+ac<0,134.5925,134.46243,134.46493,3.92,1,stop,-13.01,-5098.0,-1.02,0.12757,-0.005075,-0.1585,IS
2022-08-02 00:35:00,2022-08-02 00:40:00,2022-08-02 00:50:00,NY   21-03JST,LONG,Q10+ac<0,134.4505,134.50225,134.30675,3.48,2,stop,5.18,1800.0,0.36,0.14375,-0.005132,-0.3124,IS
2022-08-02 00:40:00,2022-08-02 00:45:00,2022-08-02 01:00:00,NY   21-03JST,LONG,Q10+ac<0,134.5295,134.60168,134.38318,3.42,3,stop,7.22,2466.0,0.493,0.14632,-0.005295,-0.4465,IS
2022-08-02 00:45:00,2022-08-02 00:50:00,2022-08-02 01:00:00,NY   21-03JST,LONG,Q10+ac<0,134.604,134.59393,134.44993,3.25,2,stop,-1.01,-327.0,-0.065,0.15407,-0.004929,-0.1815,IS
2022-08-02 00:50:00,2022-08-02 00:55:00,2022-08-02 01:05:00,NY   21-03JST,LONG,Q10+ac<0,134.5895,134.53721,134.43221,3.18,2,stop,-5.23,-1662.0,-0.332,0.15729,-0.004889,-0.1266,IS
2022-08-02 01:00:00,2022-08-02 01:05:00,2022-08-02 01:10:00,NY   21-03JST,LONG,Q10+ac<0,134.5965,134.4265,134.429,2.99,1,stop,-17.0,-5075.0,-1.015,0.1675,-0.00485,-0.1381,IS
2022-08-02 01:15:00,2022-08-02 01:20:00,2022-08-02 01:30:00,NY   21-03JST,LONG,Q10+ac<0,134.4475,134.27729,134.27979,2.98,2,stop,-17.02,-5075.0,-1.015,0.16771,-0.005823,-0.1956,IS
2022-08-02 01:20:00,2022-08-02 01:25:00,2022-08-02 01:30:00,NY   21-03JST,LONG,Q10+ac<0,134.3315,134.16196,134.16446,2.99,1,stop,-16.95,-5075.0,-1.015,0.16704,-0.007123,-0.278,IS
2022-08-02 01:25:00,2022-08-02 01:30:00,2022-08-02 01:35:00,NY   21-03JST,LONG,Q10+ac<0,134.324,134.1675,134.17,3.25,1,stop,-15.65,-5081.0,-1.016,0.154,-0.006923,-0.2761,IS
2022-08-02 01:30:00,2022-08-02 01:35:00,2022-08-02 02:00:00,NY   21-03JST,LONG,Q10+ac<0,134.142,134.08539,133.97639,3.02,5,stop,-5.66,-1709.0,-0.342,0.16561,-0.009312,-0.2613,IS
2022-08-02 01:35:00,2022-08-02 01:40:00,2022-08-02 02:00:00,NY   21-03JST,LONG,Q10+ac<0,134.1755,134.08811,134.01261,3.07,4,stop,-8.74,-2683.0,-0.537,0.16289,-0.008828,-0.2338,IS
2022-08-02 01:40:00,2022-08-02 01:45:00,2022-08-02 02:00:00,NY   21-03JST,LONG,Q10+ac<0,134.127,134.08818,133.96418,3.07,3,stop,-3.88,-1192.0,-0.238,0.16282,-0.008606,-0.3656,IS
2022-08-02 01:45:00,2022-08-02 01:50:00,2022-08-02 02:00:00,NY   21-03JST,LONG,Q10+ac<0,134.194,134.10032,134.04332,3.32,2,stop,-9.37,-3109.0,-0.622,0.15068,-0.008162,-0.4,IS
2022-08-02 01:50:00,2022-08-02 01:55:00,2022-08-02 02:00:00,NY   21-03JST,LONG,Q10+ac<0,134.234,134.08821,134.09071,3.49,1,stop,-14.58,-5087.0,-1.017,0.14329,-0.007558,-0.3605,IS
2022-08-02 01:55:00,2022-08-02 02:00:00,2022-08-02 02:40:00,NY   21-03JST,LONG,Q10+ac<0,134.195,134.15543,134.05693,3.62,8,stop,-3.96,-1433.0,-0.287,0.13807,-0.006379,-0.3095,IS
2022-08-02 02:00:00,2022-08-02 02:05:00,2022-08-02 02:40:00,NY   21-03JST,LONG,Q10+ac<0,134.137,134.15257,133.99607,3.55,7,stop,1.56,552.0,0.11,0.14093,-0.007176,-0.3702,IS
2022-08-02 02:05:00,2022-08-02 02:10:00,2022-08-02 02:40:00,NY   21-03JST,LONG,Q10+ac<0,134.1815,134.15889,134.04689,3.71,6,stop,-2.26,-840.0,-0.168,0.13461,-0.006728,-0.5812,IS
2022-08-02 02:10:00,2022-08-02 02:15:00,2022-08-02 02:40:00,NY   21-03JST,LONG,Q10+ac<0,134.19,134.16511,134.06161,3.89,5,stop,-2.49,-969.0,-0.194,0.12839,-0.005231,-0.3889,IS
2022-08-03 03:45:00,2022-08-03 03:50:00,2022-08-03 03:55:00,NY   21-03JST,LONG,Q10+ac<0,135.3825,135.27525,135.27775,4.77,1,stop,-10.72,-5119.0,-1.024,0.10475,-0.00512,-0.4115,IS
2022-08-03 03:50:00,2022-08-03 03:55:00,2022-08-03 04:00:00,NY   21-03JST,LONG,Q10+ac<0,135.282,135.16993,135.17243,4.56,1,stop,-11.21,-5114.0,-1.023,0.10957,-0.006105,-0.1626,IS
2022-08-03 04:20:00,2022-08-03 04:25:00,2022-08-03 05:15:00,NY   21-03JST,LONG,Q10+ac<0,134.96,135.21739,134.82739,3.77,10,stop,25.74,9705.0,1.941,0.13261,-0.008661,-0.1737,IS
2022-08-03 04:25:00,2022-08-03 04:30:00,2022-08-03 05:15:00,NY   21-03JST,LONG,Q10+ac<0,134.985,135.22136,134.85636,3.89,9,stop,23.64,9187.0,1.837,0.12864,-0.008347,-0.2341,IS
2022-08-03 04:30:00,2022-08-03 04:35:00,2022-08-03 05:15:00,NY   21-03JST,LONG,Q10+ac<0,134.981,135.21429,134.84529,3.68,8,stop,23.33,8595.0,1.719,0.13571,-0.00822,-0.1971,IS
2022-08-03 04:35:00,2022-08-03 04:40:00,2022-08-03 05:15:00,NY   21-03JST,LONG,Q10+ac<0,135.017,135.2145,134.8815,3.69,7,stop,19.75,7288.0,1.458,0.1355,-0.007452,-0.1543,IS
2022-08-04 11:50:00,2022-08-04 11:55:00,2022-08-04 12:00:00,欧州 15-21JST,SHORT,Q10+ac>0,135.969,136.13518,136.13268,3.05,1,stop,-16.62,-5076.0,-1.015,0.16368,-0.005155,0.36,IS
2022-08-04 12:15:00,2022-08-04 12:20:00,2022-08-04 12:30:00,NY   21-03JST,LONG,Q10+ac<0,135.878,135.76104,135.69304,2.7,2,stop,-11.7,-3162.0,-0.632,0.18496,-0.006565,-0.2151,IS
2022-08-04 12:20:00,2022-08-04 12:25:00,2022-08-04 12:35:00,NY   21-03JST,LONG,Q10+ac<0,135.879,135.72596,135.69646,2.74,2,stop,-15.3,-4192.0,-0.838,0.18254,-0.005688,-0.1531,IS
2022-08-04 12:25:00,2022-08-04 12:30:00,2022-08-04 12:35:00,NY   21-03JST,LONG,Q10+ac<0,135.9005,135.71821,135.72071,2.78,1,stop,-18.23,-5070.0,-1.014,0.17979,-0.006258,-0.1109,IS
2022-08-04 12:30:00,2022-08-04 12:35:00,2022-08-04 13:15:00,NY   21-03JST,LONG,Q10+ac<0,135.7255,135.99682,135.53832,2.67,8,stop,27.13,7248.0,1.45,0.18718,-0.008654,-0.1629,IS
2022-08-04 12:35:00,2022-08-04 12:40:00,2022-08-04 13:15:00,NY   21-03JST,LONG,Q10+ac<0,135.7115,135.99332,135.52082,2.62,7,stop,28.18,7390.0,1.478,0.19068,-0.008324,-0.311,IS
2022-08-04 12:40:00,2022-08-04 12:45:00,2022-08-04 13:15:00,NY   21-03JST,LONG,Q10+ac<0,135.9245,135.98418,135.72468,2.5,6,stop,5.97,1493.0,0.299,0.19982,-0.006691,-0.2199,IS
2022-08-10 12:30:00,2022-08-10 12:35:00,2022-08-10 12:45:00,NY   21-03JST,LONG,Q10+ac<0,137.428,137.32464,137.23064,2.53,2,stop,-10.34,-2619.0,-0.524,0.19736,-0.008084,-0.3299,IS
2022-08-10 12:35:00,2022-08-10 12:40:00,2022-08-10 13:10:00,NY   21-03JST,LONG,Q10+ac<0,137.4445,137.39943,137.23543,2.39,6,stop,-4.51,-1078.0,-0.216,0.20907,-0.00939,-0.18,IS
2022-08-10 12:40:00,2022-08-10 12:45:00,2022-08-10 13:10:00,NY   21-03JST,LONG,Q10+ac<0,137.31,137.38668,137.08818,2.25,5,stop,7.67,1728.0,0.346,0.22182,-0.010924,-0.1866,IS
2022-08-10 12:45:00,2022-08-10 12:50:00,2022-08-10 13:10:00,NY   21-03JST,LONG,Q10+ac<0,137.358,137.38064,137.13014,2.19,4,stop,2.26,497.0,0.099,0.22786,-0.010439,-0.1984,IS
2022-08-10 12:50:00,2022-08-10 12:55:00,2022-08-10 13:10:00,NY   21-03JST,LONG,Q10+ac<0,137.4865,137.37321,137.25121,2.13,3,stop,-11.33,-2407.0,-0.481,0.23529,-0.009462,-0.1775,IS
2022-08-10 12:55:00,2022-08-10 13:00:00,2022-08-10 13:10:00,NY   21-03JST,LONG,Q10+ac<0,137.4875,137.36793,137.24743,2.08,2,stop,-11.96,-2490.0,-0.498,0.24007,-0.009548,-0.1592,IS
2022-08-10 13:00:00,2022-08-10 13:05:00,2022-08-10 13:15:00,NY   21-03JST,LONG,Q10+ac<0,137.494,137.37561,137.25061,2.05,2,stop,-11.84,-2432.0,-0.486,0.24339,-0.009691,-0.1503,IS
2022-08-10 13:05:00,2022-08-10 13:10:00,2022-08-10 13:15:00,NY   21-03JST,LONG,Q10+ac<0,137.5785,137.32979,137.33229,2.03,1,stop,-24.87,-5051.0,-1.01,0.24621,-0.0087,-0.1346,IS
2022-08-10 13:10:00,2022-08-10 13:15:00,2022-08-10 13:30:00,NY   21-03JST,LONG,Q10+ac<0,137.355,137.26579,137.09629,1.93,3,stop,-8.92,-1724.0,-0.345,0.25871,-0.01064,-0.1668,IS
2022-08-10 13:15:00,2022-08-10 13:20:00,2022-08-10 13:30:00,NY   21-03JST,LONG,Q10+ac<0,137.353,137.26618,137.09468,1.94,2,stop,-8.68,-1680.0,-0.336,0.25832,-0.010513,-0.2017,IS
2022-08-10 13:20:00,2022-08-10 13:25:00,2022-08-10 13:35:00,NY   21-03JST,LONG,Q10+ac<0,137.4415,137.20096,137.17796,1.9,2,stop,-24.05,-4564.0,-0.913,0.26354,-0.009762,-0.2005,IS
2022-08-10 13:25:00,2022-08-10 13:30:00,2022-08-10 13:35:00,NY   21-03JST,LONG,Q10+ac<0,137.457,137.19061,137.19311,1.89,1,stop,-26.64,-5047.0,-1.009,0.26389,-0.010446,-0.1018,IS
2022-08-10 13:30:00,2022-08-10 13:35:00,2022-08-10 13:55:00,NY   21-03JST,LONG,Q10+ac<0,137.2415,136.96086,136.96336,1.8,4,stop,-28.06,-5045.0,-1.009,0.27814,-0.01231,-0.1794,IS
2022-08-10 15:00:00,2022-08-10 15:05:00,2022-08-10 15:50:00,NY   21-03JST,LONG,Q10+ac<0,137.0145,136.98771,136.86671,3.38,9,stop,-2.68,-906.0,-0.181,0.14779,-0.00514,-0.3257,IS
2022-08-10 15:05:00,2022-08-10 15:10:00,2022-08-10 15:40:00,NY   21-03JST,LONG,Q10+ac<0,136.9815,136.99579,136.84179,3.58,6,stop,1.43,511.0,0.102,0.13971,-0.006422,-0.3418,IS
2022-08-11 12:05:00,2022-08-11 12:10:00,2022-08-11 12:20:00,NY   21-03JST,LONG,Q10+ac<0,136.5625,136.54782,136.48082,6.12,2,stop,-1.47,-899.0,-0.18,0.08168,-0.004962,-0.2328,IS
2022-08-11 12:10:00,2022-08-11 12:15:00,2022-08-11 12:25:00,NY   21-03JST,LONG,Q10+ac<0,136.5715,136.56439,136.48889,6.05,2,stop,-0.71,-430.0,-0.086,0.08261,-0.004941,-0.2474,IS
2022-08-11 12:20:00,2022-08-11 12:25:00,2022-08-11 12:30:00,NY   21-03JST,LONG,Q10+ac<0,136.5505,136.45664,136.45914,5.47,1,stop,-9.39,-5137.0,-1.027,0.09136,-0.005121,-0.3454,IS
2022-08-11 12:40:00,2022-08-11 12:45:00,2022-08-11 13:35:00,NY   21-03JST,LONG,Q10+ac<0,136.5225,136.68311,136.41061,4.47,10,stop,16.06,7177.0,1.435,0.11189,-0.005327,-0.5172,IS
2022-08-11 12:45:00,2022-08-11 12:50:00,2022-08-11 13:35:00,NY   21-03JST,LONG,Q10+ac<0,136.509,136.67986,136.39386,4.34,9,stop,17.09,7419.0,1.484,0.11514,-0.005431,-0.4804,IS
2022-08-11 12:50:00,2022-08-11 12:55:00,2022-08-11 13:35:00,NY   21-03JST,LONG,Q10+ac<0,136.5335,136.67904,136.41754,4.31,8,stop,14.55,6275.0,1.255,0.11596,-0.005032,-0.4373,IS
2022-08-11 12:55:00,2022-08-11 13:00:00,2022-08-11 13:35:00,NY   21-03JST,LONG,Q10+ac<0,136.5185,136.67829,136.40179,4.28,7,stop,15.98,6845.0,1.369,0.11671,-0.005482,-0.4086,IS
2022-08-15 09:35:00,2022-08-15 09:40:00,2022-08-15 09:45:00,欧州 15-21JST,SHORT,Q10+ac>0,135.9315,136.03836,136.03586,4.79,1,stop,-10.69,-5120.0,-1.024,0.10436,-0.006084,0.1284,IS
2022-08-15 09:40:00,2022-08-15 09:45:00,2022-08-15 09:55:00,欧州 15-21JST,SHORT,Q10+ac>0,136.002,136.04486,136.10636,4.79,2,stop,-4.29,-2053.0,-0.411,0.10436,-0.00579,0.169,IS
2022-08-15 09:45:00,2022-08-15 09:50:00,2022-08-15 10:00:00,欧州 15-21JST,SHORT,Q10+ac>0,136.001,136.08054,136.10304,4.9,2,stop,-7.95,-3897.0,-0.779,0.10204,-0.005403,0.1627,IS
2022-08-15 09:50:00,2022-08-15 09:55:00,2022-08-15 10:00:00,欧州 15-21JST,SHORT,Q10+ac>0,135.975,136.07232,136.06982,5.27,1,stop,-9.73,-5132.0,-1.026,0.09482,-0.005412,0.1422,IS
2022-08-15 12:05:00,2022-08-15 12:10:00,2022-08-15 12:15:00,NY   21-03JST,LONG,Q10+ac<0,135.652,135.56811,135.57061,6.14,1,stop,-8.39,-5154.0,-1.031,0.08139,-0.004937,-0.2357,IS
2022-08-15 12:10:00,2022-08-15 12:15:00,2022-08-15 12:20:00,NY   21-03JST,LONG,Q10+ac<0,135.6135,135.52825,135.53075,6.04,1,stop,-8.53,-5151.0,-1.03,0.08275,-0.005144,-0.2513,IS
2022-08-15 12:15:00,2022-08-15 12:20:00,2022-08-15 12:30:00,NY   21-03JST,LONG,Q10+ac<0,135.522,135.45736,135.43336,5.64,2,stop,-6.46,-3646.0,-0.729,0.08864,-0.005655,-0.2712,IS
2022-08-15 12:20:00,2022-08-15 12:25:00,2022-08-15 12:30:00,NY   21-03JST,LONG,Q10+ac<0,135.502,135.409,135.4115,5.52,1,stop,-9.3,-5138.0,-1.028,0.0905,-0.00497,-0.3112,IS
2022-08-15 12:25:00,2022-08-15 12:30:00,2022-08-15 12:40:00,NY   21-03JST,LONG,Q10+ac<0,135.4745,135.39429,135.38379,5.51,2,stop,-8.02,-4421.0,-0.884,0.09071,-0.004877,-0.3042,IS
2022-08-15 12:30:00,2022-08-15 12:35:00,2022-08-15 12:40:00,NY   21-03JST,LONG,Q10+ac<0,135.458,135.36061,135.36311,5.27,1,stop,-9.74,-5132.0,-1.026,0.09489,-0.005392,-0.3037,IS
2022-08-15 12:35:00,2022-08-15 12:40:00,2022-08-15 12:55:00,NY   21-03JST,LONG,Q10+ac<0,135.4065,135.41446,135.30896,5.13,3,stop,0.8,408.0,0.082,0.09754,-0.005311,-0.3119,IS
2022-08-15 12:40:00,2022-08-15 12:45:00,2022-08-15 12:55:00,NY   21-03JST,LONG,Q10+ac<0,135.393,135.40793,135.28893,4.8,2,stop,1.49,717.0,0.143,0.10407,-0.005668,-0.3273,IS
2022-08-15 12:45:00,2022-08-15 12:50:00,2022-08-15 12:55:00,NY   21-03JST,LONG,Q10+ac<0,135.4845,135.37179,135.37429,4.54,1,stop,-11.27,-5113.0,-1.023,0.11021,-0.005054,-0.2652,IS
2022-08-15 13:00:00,2022-08-15 13:05:00,2022-08-15 13:20:00,NY   21-03JST,LONG,Q10+ac<0,135.401,135.38664,135.29014,4.51,3,stop,-1.44,-648.0,-0.13,0.11086,-0.005742,-0.1546,IS
2022-08-15 13:10:00,2022-08-15 13:15:00,2022-08-15 13:25:00,NY   21-03JST,LONG,Q10+ac<0,135.423,135.50814,135.31314,4.55,2,stop,8.51,3875.0,0.775,0.10986,-0.005134,-0.1035,IS
2022-08-15 13:15:00,2022-08-15 13:20:00,2022-08-15 13:40:00,NY   21-03JST,LONG,Q10+ac<0,135.434,135.47639,135.32389,4.54,4,stop,4.24,1925.0,0.385,0.11011,-0.005529,-0.1566,IS
2022-08-18 16:40:00,2022-08-18 16:45:00,2022-08-18 17:10:00,NY   21-03JST,LONG,Q10+ac<0,136.73,136.93771,136.62321,4.68,5,stop,20.77,9726.0,1.945,0.10679,-0.0061,-0.1185,IS
2022-08-18 16:45:00,2022-08-18 16:50:00,2022-08-18 17:10:00,NY   21-03JST,LONG,Q10+ac<0,136.7215,136.93746,136.61446,4.67,4,stop,21.6,10088.0,2.018,0.10704,-0.006166,-0.1217,IS
2022-08-18 16:50:00,2022-08-18 16:55:00,2022-08-18 17:10:00,NY   21-03JST,LONG,Q10+ac<0,136.718,136.94082,136.61432,4.82,3,stop,22.28,10746.0,2.149,0.10368,-0.00546,-0.11,IS
2022-08-22 14:55:00,2022-08-22 15:00:00,2022-08-22 15:10:00,NY   21-03JST,LONG,Q10+ac<0,136.735,136.71361,136.65611,6.34,2,stop,-2.14,-1356.0,-0.271,0.07889,-0.004965,-0.4315,IS
2022-08-23 14:15:00,2022-08-23 14:20:00,2022-08-23 14:30:00,NY   21-03JST,LONG,Q10+ac<0,136.058,136.04968,135.90818,3.34,2,stop,-0.83,-278.0,-0.056,0.14982,-0.007667,-0.2655,IS
2022-08-23 14:20:00,2022-08-23 14:25:00,2022-08-23 14:45:00,NY   21-03JST,LONG,Q10+ac<0,136.1635,136.01086,136.00836,3.22,4,stop,-15.26,-4919.0,-0.984,0.15514,-0.006777,-0.158,IS
2022-08-23 14:30:00,2022-08-23 14:35:00,2022-08-23 15:05:00,NY   21-03JST,LONG,Q10+ac<0,136.0525,135.98432,135.89182,3.11,6,stop,-6.82,-2122.0,-0.424,0.16068,-0.008044,-0.1036,IS
2022-08-23 14:35:00,2022-08-23 14:40:00,2022-08-23 15:10:00,NY   21-03JST,LONG,Q10+ac<0,136.076,135.98193,135.91293,3.07,6,stop,-9.41,-2884.0,-0.577,0.16307,-0.007754,-0.1067,IS
2022-08-23 15:05:00,2022-08-23 15:10:00,2022-08-23 15:50:00,NY   21-03JST,LONG,Q10+ac<0,136.003,135.99425,135.84375,3.14,8,stop,-0.87,-275.0,-0.055,0.15925,-0.009247,-0.3014,IS
2022-08-23 15:10:00,2022-08-23 15:15:00,2022-08-23 15:40:00,NY   21-03JST,LONG,Q10+ac<0,136.0835,136.01875,135.94875,3.71,5,stop,-6.48,-2403.0,-0.481,0.13475,-0.008612,-0.1204,IS
2022-08-23 15:15:00,2022-08-23 15:20:00,2022-08-23 15:40:00,NY   21-03JST,LONG,Q10+ac<0,136.102,136.01521,135.97321,3.88,4,stop,-8.68,-3369.0,-0.674,0.12879,-0.008433,-0.3058,IS
2022-08-23 15:20:00,2022-08-23 15:25:00,2022-08-23 15:40:00,NY   21-03JST,LONG,Q10+ac<0,136.122,136.02857,136.01957,4.88,3,stop,-9.34,-4561.0,-0.912,0.10243,-0.008691,-0.3488,IS
2022-08-23 15:25:00,2022-08-23 15:30:00,2022-08-23 15:40:00,NY   21-03JST,LONG,Q10+ac<0,136.098,136.03504,136.00204,5.21,2,stop,-6.3,-3281.0,-0.656,0.09596,-0.009045,-0.4121,IS
2022-08-23 15:30:00,2022-08-23 15:35:00,2022-08-23 15:40:00,NY   21-03JST,LONG,Q10+ac<0,136.1255,136.03164,136.03414,5.47,1,stop,-9.39,-5137.0,-1.027,0.09136,-0.008353,-0.4313,IS
2022-08-23 15:35:00,2022-08-23 15:40:00,2022-08-23 15:50:00,NY   21-03JST,LONG,Q10+ac<0,136.0715,136.00707,135.98007,5.47,2,stop,-6.44,-3523.0,-0.705,0.09143,-0.007175,-0.4444,IS
2022-08-23 15:40:00,2022-08-23 15:45:00,2022-08-23 15:55:00,NY   21-03JST,LONG,Q10+ac<0,136.071,135.98461,135.98261,5.66,2,stop,-8.64,-4887.0,-0.977,0.08839,-0.007039,-0.4769,IS
2022-08-23 15:45:00,2022-08-23 15:50:00,2022-08-23 15:55:00,NY   21-03JST,LONG,Q10+ac<0,136.0535,135.96739,135.96989,5.98,1,stop,-8.61,-5150.0,-1.03,0.08361,-0.007138,-0.3777,IS
2022-08-23 15:50:00,2022-08-23 15:55:00,2022-08-23 17:40:00,NY   21-03JST,LONG,Q10+ac<0,135.996,136.31757,135.91207,5.96,9,stop,32.16,19157.0,3.831,0.08393,-0.006331,-0.4034,IS
2022-08-23 15:55:00,2022-08-23 17:00:00,2022-08-23 17:40:00,NY   21-03JST,LONG,Q10+ac<0,136.156,136.32186,136.07636,6.28,8,stop,16.59,10413.0,2.083,0.07964,-0.005598,-0.4591,IS
2022-09-02 18:05:00,2022-09-02 18:10:00,2022-09-02 19:25:00,NY   21-03JST,LONG,Q10+ac<0,139.558,139.53839,139.42539,3.77,15,stop,-1.96,-739.0,-0.148,0.13261,-0.006315,-0.1922,IS
2022-09-02 18:10:00,2022-09-02 18:15:00,2022-09-02 19:10:00,NY   21-03JST,LONG,Q10+ac<0,139.541,139.58904,139.45904,6.1,11,stop,4.8,2930.0,0.586,0.08196,-0.005742,-0.1656,IS
2022-09-02 18:15:00,2022-09-02 18:20:00,2022-09-02 19:10:00,NY   21-03JST,LONG,Q10+ac<0,139.604,139.59504,139.52804,6.58,10,stop,-0.9,-590.0,-0.118,0.07596,-0.005712,-0.2405,IS
2022-09-02 18:20:00,2022-09-02 18:25:00,2022-09-02 19:10:00,NY   21-03JST,LONG,Q10+ac<0,139.5915,139.60207,139.52257,7.25,9,stop,1.06,767.0,0.153,0.06893,-0.006173,-0.253,IS
2022-09-02 18:25:00,2022-09-02 18:30:00,2022-09-02 18:45:00,NY   21-03JST,LONG,Q10+ac<0,139.638,139.58407,139.57057,7.42,3,stop,-5.39,-3999.0,-0.8,0.06743,-0.005817,-0.3084,IS
2022-09-02 18:30:00,2022-09-02 18:35:00,2022-09-02 18:45:00,NY   21-03JST,LONG,Q10+ac<0,139.583,139.59229,139.52379,8.44,2,stop,0.93,784.0,0.157,0.05921,-0.006864,-0.4593,IS
2022-09-02 18:35:00,2022-09-02 18:40:00,2022-09-02 19:10:00,NY   21-03JST,LONG,Q10+ac<0,139.625,139.61289,139.56689,8.6,6,stop,-1.21,-1042.0,-0.208,0.05811,-0.006181,-0.5372,IS
2022-09-02 18:40:00,2022-09-02 18:45:00,2022-09-02 19:05:00,NY   21-03JST,LONG,Q10+ac<0,139.625,139.61561,139.56961,9.03,4,stop,-0.94,-848.0,-0.17,0.05539,-0.006348,-0.5859,IS
2022-09-02 18:45:00,2022-09-02 18:50:00,2022-09-02 19:05:00,NY   21-03JST,LONG,Q10+ac<0,139.5915,139.61721,139.53771,9.3,3,stop,2.57,2390.0,0.478,0.05379,-0.00661,-0.5771,IS
2022-09-02 18:50:00,2022-09-02 18:55:00,2022-09-02 19:05:00,NY   21-03JST,LONG,Q10+ac<0,139.626,139.61829,139.57329,9.49,2,stop,-0.77,-732.0,-0.146,0.05271,-0.006129,-0.6169,IS
2022-09-02 18:55:00,2022-09-02 19:00:00,2022-09-02 19:10:00,NY   21-03JST,LONG,Q10+ac<0,139.6465,139.61836,139.59386,9.5,2,stop,-2.81,-2673.0,-0.535,0.05264,-0.005592,-0.5571,IS
2022-09-09 04:05:00,2022-09-09 04:10:00,2022-09-09 04:15:00,NY   21-03JST,LONG,Q10+ac<0,143.9135,143.77964,143.78214,3.81,1,stop,-13.39,-5095.0,-1.019,0.13136,-0.004972,-0.3851,IS
2022-09-09 04:15:00,2022-09-09 04:20:00,2022-09-09 05:15:00,NY   21-03JST,LONG,Q10+ac<0,143.8185,143.81075,143.66575,3.27,11,stop,-0.77,-254.0,-0.051,0.15275,-0.007316,-0.255,IS
2022-09-09 04:20:00,2022-09-09 04:25:00,2022-09-09 05:15:00,NY   21-03JST,LONG,Q10+ac<0,143.746,143.80668,143.58918,3.19,10,stop,6.07,1935.0,0.387,0.15682,-0.008296,-0.2401,IS
2022-09-09 04:25:00,2022-09-09 04:30:00,2022-09-09 05:15:00,NY   21-03JST,LONG,Q10+ac<0,143.8165,143.80889,143.66189,3.23,9,stop,-0.76,-246.0,-0.049,0.15461,-0.008254,-0.235,IS
2022-09-09 04:30:00,2022-09-09 04:35:00,2022-09-09 05:15:00,NY   21-03JST,LONG,Q10+ac<0,143.837,143.81686,143.69036,3.41,8,stop,-2.01,-687.0,-0.137,0.14664,-0.007683,-0.1667,IS
2022-09-09 04:35:00,2022-09-09 04:40:00,2022-09-09 05:15:00,NY   21-03JST,LONG,Q10+ac<0,143.7805,143.82339,143.64039,3.57,7,stop,4.29,1531.0,0.306,0.14011,-0.008614,-0.1584,IS
2022-09-09 05:05:00,2022-09-09 05:10:00,2022-09-09 05:15:00,NY   21-03JST,LONG,Q10+ac<0,143.9095,143.78546,143.78796,4.11,1,stop,-12.4,-5103.0,-1.021,0.12154,-0.007044,-0.8112,IS
2022-09-09 05:10:00,2022-09-09 05:15:00,2022-09-09 05:20:00,NY   21-03JST,LONG,Q10+ac<0,143.861,143.73689,143.73939,4.11,1,stop,-12.41,-5103.0,-1.021,0.12161,-0.007174,-0.7217,IS
2022-09-09 05:15:00,2022-09-09 05:20:00,2022-09-09 06:10:00,NY   21-03JST,LONG,Q10+ac<0,143.7245,143.89621,143.60971,4.36,10,stop,17.17,7480.0,1.496,0.11479,-0.007572,-0.2313,IS
2022-11-02 14:55:00,2022-11-02 15:00:00,2022-11-02 15:45:00,NY   21-03JST,LONG,Q10+ac<0,145.09,145.30493,145.01243,6.45,9,stop,21.49,13854.0,2.771,0.07757,-0.005492,-0.6929,IS
2022-11-02 15:00:00,2022-11-02 15:05:00,2022-11-02 15:45:00,NY   21-03JST,LONG,Q10+ac<0,145.152,145.30057,145.07007,6.1,8,stop,14.86,9067.0,1.813,0.08193,-0.004852,-0.7756,IS
2022-11-02 15:05:00,2022-11-02 15:10:00,2022-11-02 15:45:00,NY   21-03JST,LONG,Q10+ac<0,145.1085,145.29711,145.02311,5.86,7,stop,18.86,11043.0,2.209,0.08539,-0.004983,-0.7366,IS
2022-11-10 11:55:00,2022-11-10 12:00:00,2022-11-10 13:10:00,欧州 15-21JST,SHORT,Q10+ac>0,145.6985,145.48886,145.81936,4.14,14,stop,20.96,8673.0,1.735,0.12086,-0.005031,0.5857,IS
2022-11-10 12:00:00,2022-11-10 12:05:00,2022-11-10 12:30:00,NY   21-03JST,LONG,Q10+ac<0,145.654,145.60707,145.52807,3.97,5,stop,-4.69,-1863.0,-0.373,0.12593,-0.005277,-0.3256,IS
2022-11-10 12:05:00,2022-11-10 12:10:00,2022-11-10 12:30:00,NY   21-03JST,LONG,Q10+ac<0,145.7015,145.60757,145.57607,3.99,4,stop,-9.39,-3744.0,-0.749,0.12543,-0.005181,-0.2858,IS
2022-11-10 12:10:00,2022-11-10 12:15:00,2022-11-10 12:25:00,NY   21-03JST,LONG,Q10+ac<0,145.696,145.66436,145.62736,7.28,2,stop,-3.16,-2305.0,-0.461,0.06864,-0.004924,-0.31,IS
2022-11-10 12:15:00,2022-11-10 12:20:00,2022-11-10 12:25:00,NY   21-03JST,LONG,Q10+ac<0,145.7195,145.65168,145.65418,7.65,1,stop,-6.78,-5191.0,-1.038,0.06532,-0.00493,-0.3158,IS
2022-11-10 12:30:00,2022-11-10 12:35:00,2022-11-10 12:45:00,NY   21-03JST,LONG,Q10+ac<0,145.626,145.58346,145.55896,7.46,2,stop,-4.25,-3173.0,-0.635,0.06704,-0.00543,-0.2099,IS
2022-11-10 12:35:00,2022-11-10 12:40:00,2022-11-10 12:45:00,NY   21-03JST,LONG,Q10+ac<0,145.625,145.55818,145.56068,7.77,1,stop,-6.68,-5194.0,-1.039,0.06432,-0.005484,-0.2031,IS
2022-11-10 12:40:00,2022-11-10 12:45:00,2022-11-10 12:50:00,NY   21-03JST,LONG,Q10+ac<0,145.59,145.52489,145.52739,7.99,1,stop,-6.51,-5200.0,-1.04,0.06261,-0.006216,-0.1993,IS
2022-11-10 12:45:00,2022-11-10 12:50:00,2022-11-10 12:55:00,NY   21-03JST,LONG,Q10+ac<0,145.5395,145.47504,145.47754,8.07,1,stop,-6.45,-5202.0,-1.04,0.06196,-0.006484,-0.1192,IS
2022-11-10 12:50:00,2022-11-10 12:55:00,2022-11-10 13:00:00,NY   21-03JST,LONG,Q10+ac<0,145.5375,145.47121,145.47371,7.84,1,stop,-6.63,-5196.0,-1.039,0.06379,-0.00639,-0.2649,IS
2022-11-10 12:55:00,2022-11-10 13:00:00,2022-11-10 13:05:00,NY   21-03JST,LONG,Q10+ac<0,145.5185,145.45236,145.45486,7.86,1,stop,-6.61,-5196.0,-1.039,0.06364,-0.007132,-0.1894,IS
2022-11-10 13:50:00,2022-11-10 13:55:00,2022-11-10 14:15:00,NY   21-03JST,LONG,Q10+ac<0,145.5545,145.55914,145.36464,2.63,4,stop,0.46,122.0,0.024,0.18986,-0.005485,-0.1276,IS
2022-11-10 13:55:00,2022-11-10 14:00:00,2022-11-10 14:15:00,NY   21-03JST,LONG,Q10+ac<0,145.4795,145.54829,145.27879,2.49,3,stop,6.88,1714.0,0.343,0.20071,-0.006452,-0.4157,IS
2022-11-10 14:00:00,2022-11-10 14:05:00,2022-11-10 14:15:00,NY   21-03JST,LONG,Q10+ac<0,145.456,145.54221,145.24921,2.42,2,stop,8.62,2085.0,0.417,0.20679,-0.005712,-0.2536,IS
2022-11-10 14:10:00,2022-11-10 14:15:00,2022-11-10 14:25:00,NY   21-03JST,LONG,Q10+ac<0,145.4985,145.38064,145.27014,2.19,2,stop,-11.79,-2581.0,-0.516,0.22836,-0.006028,-0.5187,IS
2022-11-10 14:15:00,2022-11-10 14:20:00,2022-11-10 14:25:00,NY   21-03JST,LONG,Q10+ac<0,145.591,145.35639,145.35889,2.15,1,stop,-23.46,-5054.0,-1.011,0.23211,-0.005412,-0.5816,IS
2022-11-10 14:20:00,2022-11-10 14:25:00,2022-11-10 14:30:00,NY   21-03JST,LONG,Q10+ac<0,145.4475,145.20464,145.20714,2.08,1,stop,-24.29,-5052.0,-1.01,0.24036,-0.006961,-0.6359,IS
2022-11-10 14:25:00,2022-11-10 14:30:00,2022-11-10 14:35:00,NY   21-03JST,LONG,Q10+ac<0,145.3465,145.09243,145.09493,1.99,1,stop,-25.41,-5050.0,-1.01,0.25157,-0.007004,-0.448,IS
2022-11-10 14:30:00,2022-11-10 14:35:00,2022-11-10 14:40:00,NY   21-03JST,LONG,Q10+ac<0,145.062,144.79204,144.79454,1.87,1,stop,-27.0,-5047.0,-1.009,0.26746,-0.009339,-0.1405,IS
2022-11-10 15:30:00,2022-11-10 15:35:00,2022-11-10 16:00:00,NY   21-03JST,LONG,Q10+ac<0,144.1715,144.04954,143.87054,1.66,5,stop,-12.2,-2026.0,-0.405,0.30096,-0.014323,-0.1481,IS
2022-11-10 15:35:00,2022-11-10 15:40:00,2022-11-10 16:00:00,NY   21-03JST,LONG,Q10+ac<0,144.289,144.02082,143.99382,1.69,4,stop,-26.82,-4543.0,-0.909,0.29518,-0.012481,-0.174,IS
2022-11-10 15:40:00,2022-11-10 15:45:00,2022-11-10 16:00:00,NY   21-03JST,LONG,Q10+ac<0,144.319,144.03229,144.03479,1.76,3,stop,-28.67,-5044.0,-1.009,0.28421,-0.01127,-0.1276,IS
2022-11-10 15:45:00,2022-11-10 15:50:00,2022-11-10 16:00:00,NY   21-03JST,LONG,Q10+ac<0,144.2185,144.07975,143.99575,2.24,2,stop,-13.87,-3114.0,-0.623,0.22275,-0.011113,-0.121,IS
2022-11-10 15:50:00,2022-11-10 15:55:00,2022-11-10 16:00:00,NY   21-03JST,LONG,Q10+ac<0,144.2215,144.00375,144.00625,2.32,1,stop,-21.77,-5058.0,-1.012,0.21525,-0.012644,-0.1655,IS
2022-11-10 16:00:00,2022-11-10 16:05:00,2022-11-10 16:40:00,NY   21-03JST,LONG,Q10+ac<0,144.0905,144.17643,143.89393,2.54,7,stop,8.59,2186.0,0.437,0.19657,-0.013421,-0.294,IS
2022-11-10 16:10:00,2022-11-10 16:15:00,2022-11-10 16:35:00,NY   21-03JST,LONG,Q10+ac<0,144.02,144.19543,143.84243,2.82,4,stop,17.54,4940.0,0.988,0.17757,-0.013661,-0.4728,IS
2022-11-10 16:15:00,2022-11-10 16:20:00,2022-11-10 16:35:00,NY   21-03JST,LONG,Q10+ac<0,144.3105,144.192,144.1315,2.79,3,stop,-11.85,-3310.0,-0.662,0.179,-0.011776,-0.4385,IS
2022-11-10 16:20:00,2022-11-10 16:25:00,2022-11-10 17:10:00,NY   21-03JST,LONG,Q10+ac<0,144.2825,144.21611,144.10611,2.83,9,stop,-6.64,-1882.0,-0.376,0.17639,-0.010666,-0.343,IS
2022-11-10 16:25:00,2022-11-10 16:30:00,2022-11-10 17:10:00,NY   21-03JST,LONG,Q10+ac<0,144.2275,144.22707,144.06207,3.02,8,stop,-0.04,-13.0,-0.003,0.16543,-0.010292,-0.3208,IS
2022-11-10 16:30:00,2022-11-10 16:35:00,2022-11-10 17:10:00,NY   21-03JST,LONG,Q10+ac<0,144.241,144.23439,144.08289,3.16,7,stop,-0.66,-209.0,-0.042,0.15811,-0.007963,-0.2822,IS
2022-11-10 21:00:00,2022-11-10 21:05:00,2022-11-10 21:10:00,NY   21-03JST,LONG,Q10+ac<0,143.689,143.56393,143.56643,4.08,1,stop,-12.51,-5102.0,-1.02,0.12257,-0.006296,-0.1738,IS
2022-11-10 21:10:00,2022-11-10 21:15:00,2022-11-10 21:25:00,NY   21-03JST,LONG,Q10+ac<0,143.532,143.60471,143.35221,2.78,2,stop,7.27,2022.0,0.404,0.17979,-0.008567,-0.1518,IS
2022-11-10 22:05:00,2022-11-10 22:10:00,2022-11-10 23:10:00,NY   21-03JST,LONG,Q10+ac<0,143.835,144.51625,143.62175,2.34,12,stop,68.13,15973.0,3.195,0.21325,-0.006148,-0.2846,IS
2022-11-11 09:55:00,2022-11-14 03:00:00,2022-11-14 03:20:00,欧州 15-21JST,SHORT,Q10+ac>0,143.654,143.67339,143.80239,3.37,4,stop,-1.94,-653.0,-0.131,0.14839,-0.007553,0.1645,IS
2022-11-16 00:15:00,2022-11-16 00:20:00,2022-11-16 00:55:00,NY   21-03JST,LONG,Q10+ac<0,143.9595,144.21064,143.83414,3.99,7,stop,25.11,10017.0,2.003,0.12536,-0.009152,-0.1152,IS
2022-11-16 00:25:00,2022-11-16 00:30:00,2022-11-16 00:55:00,NY   21-03JST,LONG,Q10+ac<0,143.993,144.21714,143.87414,4.21,5,stop,22.41,9429.0,1.886,0.11886,-0.009438,-0.1749,IS
2022-11-16 00:30:00,2022-11-16 00:35:00,2022-11-16 00:55:00,NY   21-03JST,LONG,Q10+ac<0,144.06,144.22196,143.94596,4.38,4,stop,16.2,7101.0,1.42,0.11404,-0.007968,-0.12,IS
2022-11-16 00:35:00,2022-11-16 00:40:00,2022-11-16 00:55:00,NY   21-03JST,LONG,Q10+ac<0,144.0145,144.22436,143.90286,4.48,3,stop,20.99,9399.0,1.88,0.11164,-0.010958,-0.2193,IS
2022-11-16 00:40:00,2022-11-16 00:45:00,2022-11-16 00:55:00,NY   21-03JST,LONG,Q10+ac<0,144.024,144.23289,143.92089,4.85,2,stop,20.89,10130.0,2.026,0.10311,-0.010532,-0.149,IS
2022-11-16 00:45:00,2022-11-16 00:50:00,2022-11-16 01:00:00,NY   21-03JST,LONG,Q10+ac<0,144.174,144.2335,144.0665,4.65,2,stop,5.95,2767.0,0.553,0.1075,-0.010019,-0.1969,IS
2022-11-16 00:55:00,2022-11-16 01:00:00,2022-11-16 01:15:00,NY   21-03JST,LONG,Q10+ac<0,144.168,144.162,144.053,4.35,3,stop,-0.6,-261.0,-0.052,0.115,-0.008764,-0.1616,IS
2022-11-16 15:40:00,2022-11-16 15:45:00,2022-11-16 16:05:00,NY   21-03JST,LONG,Q10+ac<0,144.7935,144.92971,144.69121,4.89,4,stop,13.62,6659.0,1.332,0.10229,-0.004933,-0.5718,IS
2022-11-18 04:50:00,2022-11-18 04:55:00,2022-11-18 17:05:00,NY   21-03JST,LONG,Q10+ac<0,144.98,144.89304,144.89554,5.92,2,stop,-8.7,-5148.0,-1.03,0.08446,-0.00489,-0.3684,IS
2022-11-23 14:45:00,2022-11-23 14:50:00,2022-11-23 14:55:00,NY   21-03JST,LONG,Q10+ac<0,145.3385,145.2375,145.24,5.08,1,stop,-10.1,-5127.0,-1.025,0.0985,-0.004973,-0.3272,IS
2022-11-23 14:50:00,2022-11-23 14:55:00,2022-11-23 15:05:00,NY   21-03JST,LONG,Q10+ac<0,145.1955,145.25746,145.08746,4.63,2,stop,6.2,2868.0,0.574,0.10804,-0.006077,-0.259,IS
2022-11-23 14:55:00,2022-11-23 15:00:00,2022-11-23 15:15:00,NY   21-03JST,LONG,Q10+ac<0,145.1655,145.19736,145.05086,4.36,3,stop,3.19,1389.0,0.278,0.11464,-0.00684,-0.4188,IS
2022-11-23 15:00:00,2022-11-23 15:05:00,2022-11-23 15:15:00,NY   21-03JST,LONG,Q10+ac<0,145.177,145.16046,145.04796,3.87,2,stop,-1.65,-641.0,-0.128,0.12904,-0.006551,-0.1338,IS
2022-11-23 15:45:00,2022-11-23 15:50:00,2022-11-23 16:05:00,NY   21-03JST,LONG,Q10+ac<0,145.0495,144.946,144.913,3.66,3,stop,-10.35,-3791.0,-0.758,0.1365,-0.007573,-0.1594,IS
2022-11-23 15:50:00,2022-11-23 15:55:00,2022-11-23 16:05:00,NY   21-03JST,LONG,Q10+ac<0,145.0875,144.94814,144.95064,3.65,2,stop,-13.94,-5091.0,-1.018,0.13686,-0.007034,-0.3892,IS
2022-11-23 15:55:00,2022-11-23 16:00:00,2022-11-23 16:05:00,NY   21-03JST,LONG,Q10+ac<0,144.9945,144.857,144.8595,3.7,1,stop,-13.75,-5093.0,-1.019,0.135,-0.007939,-0.4302,IS
2022-11-23 16:00:00,2022-11-23 16:05:00,2022-11-23 16:10:00,NY   21-03JST,LONG,Q10+ac<0,144.995,144.86871,144.87121,4.04,1,stop,-12.63,-5101.0,-1.02,0.12379,-0.008104,-0.5843,IS
2022-11-23 16:05:00,2022-11-23 16:10:00,2022-11-23 16:15:00,NY   21-03JST,LONG,Q10+ac<0,144.8605,144.73289,144.73539,4.0,1,stop,-12.76,-5100.0,-1.02,0.12511,-0.007526,-0.63,IS
2022-11-23 16:10:00,2022-11-23 16:15:00,2022-11-23 16:25:00,NY   21-03JST,LONG,Q10+ac<0,144.8175,144.75421,144.69821,4.19,2,stop,-6.33,-2653.0,-0.531,0.11929,-0.008031,-0.5222,IS
2022-11-23 16:15:00,2022-11-23 16:20:00,2022-11-23 16:25:00,NY   21-03JST,LONG,Q10+ac<0,144.8145,144.69471,144.69721,4.26,1,stop,-11.98,-5107.0,-1.021,0.11729,-0.007425,-0.5164,IS
2022-11-23 16:20:00,2022-11-23 16:25:00,2022-11-23 16:40:00,NY   21-03JST,LONG,Q10+ac<0,144.757,144.70475,144.63675,4.16,3,stop,-5.23,-2173.0,-0.435,0.12025,-0.008227,-0.4873,IS
2022-11-23 16:25:00,2022-11-23 16:30:00,2022-11-23 16:40:00,NY   21-03JST,LONG,Q10+ac<0,144.68,144.70532,144.56032,4.18,2,stop,2.53,1058.0,0.212,0.11968,-0.008642,-0.4795,IS
2022-11-23 16:30:00,2022-11-23 16:35:00,2022-11-23 16:40:00,NY   21-03JST,LONG,Q10+ac<0,144.777,144.65325,144.65575,4.12,1,stop,-12.38,-5103.0,-1.021,0.12125,-0.007816,-0.4967,IS
2022-11-23 16:35:00,2022-11-23 16:40:00,2022-11-23 19:00:00,NY   21-03JST,LONG,Q10+ac<0,144.7465,145.00764,144.62314,4.05,28,stop,26.11,10585.0,2.117,0.12336,-0.008061,-0.4471,IS
2022-11-23 16:40:00,2022-11-23 16:45:00,2022-11-23 19:00:00,NY   21-03JST,LONG,Q10+ac<0,144.656,145.01075,144.53575,4.16,27,stop,35.47,14751.0,2.95,0.12025,-0.007764,-0.4404,IS
2022-11-23 16:45:00,2022-11-23 16:50:00,2022-11-23 19:00:00,NY   21-03JST,LONG,Q10+ac<0,144.7275,145.00879,144.60529,4.09,26,stop,28.13,11508.0,2.302,0.12221,-0.00628,-0.4312,IS
2022-11-24 10:05:00,2022-11-24 10:10:00,2022-11-24 10:35:00,欧州 15-21JST,SHORT,Q10+ac>0,144.1465,143.89296,144.25246,4.72,5,stop,25.35,11963.0,2.393,0.10596,-0.006223,0.2572,IS
2022-11-24 10:10:00,2022-11-24 10:15:00,2022-11-24 10:35:00,欧州 15-21JST,SHORT,Q10+ac>0,143.9595,143.89746,144.06996,4.53,4,stop,6.2,2808.0,0.562,0.11046,-0.00852,0.5257,IS
2022-11-24 10:15:00,2022-11-24 10:20:00,2022-11-24 10:35:00,欧州 15-21JST,SHORT,Q10+ac>0,143.989,143.90007,144.10207,4.42,3,stop,8.89,3932.0,0.786,0.11307,-0.007768,0.3292,IS
2022-11-24 10:20:00,2022-11-24 10:25:00,2022-11-24 10:35:00,欧州 15-21JST,SHORT,Q10+ac>0,144.007,143.89846,144.11846,4.49,2,stop,10.85,4869.0,0.974,0.11146,-0.006968,0.3676,IS
2022-11-24 10:25:00,2022-11-24 10:30:00,2022-11-24 10:45:00,欧州 15-21JST,SHORT,Q10+ac>0,143.8655,143.84782,143.98182,4.3,3,stop,1.77,760.0,0.152,0.11632,-0.007995,0.2758,IS
2022-11-24 10:50:00,2022-11-24 10:55:00,2022-11-24 11:05:00,欧州 15-21JST,SHORT,Q10+ac>0,143.864,143.78475,143.99075,3.94,2,stop,7.92,3126.0,0.625,0.12675,-0.006426,0.1039,IS
2022-11-24 11:00:00,2022-11-24 11:05:00,2022-11-24 11:40:00,欧州 15-21JST,SHORT,Q10+ac>0,143.78,143.80189,143.91339,3.75,7,stop,-2.19,-821.0,-0.164,0.13339,-0.006643,0.1054,IS
2022-11-25 13:15:00,2022-11-25 13:20:00,2022-11-25 13:45:00,NY   21-03JST,LONG,Q10+ac<0,144.4405,144.58968,144.35668,5.97,5,stop,14.92,8899.0,1.78,0.08382,-0.005419,-0.1129,IS
2022-11-28 01:20:00,2022-11-28 01:25:00,2022-11-28 01:30:00,NY   21-03JST,LONG,Q10+ac<0,143.936,143.83893,143.84143,5.29,1,stop,-9.71,-5132.0,-1.026,0.09457,-0.005333,-0.219,IS
2022-11-28 01:25:00,2022-11-28 01:30:00,2022-11-28 01:35:00,NY   21-03JST,LONG,Q10+ac<0,143.9275,143.82604,143.82854,5.05,1,stop,-10.15,-5126.0,-1.025,0.09896,-0.00526,-0.2697,IS
2022-11-28 01:30:00,2022-11-28 01:35:00,2022-11-28 01:40:00,NY   21-03JST,LONG,Q10+ac<0,143.844,143.73871,143.74121,4.86,1,stop,-10.53,-5122.0,-1.024,0.10279,-0.005367,-0.3173,IS
2022-11-28 01:40:00,2022-11-28 01:45:00,2022-11-28 01:50:00,NY   21-03JST,LONG,Q10+ac<0,143.5745,143.45268,143.45518,4.19,1,stop,-12.18,-5105.0,-1.021,0.11932,-0.007542,-0.1136,IS
2022-11-28 01:45:00,2022-11-28 01:50:00,2022-11-28 02:20:00,NY   21-03JST,LONG,Q10+ac<0,143.4775,143.48929,143.35679,4.14,6,stop,1.18,488.0,0.098,0.12071,-0.008561,-0.2082,IS
2022-11-28 01:50:00,2022-11-28 01:55:00,2022-11-28 02:20:00,NY   21-03JST,LONG,Q10+ac<0,143.479,143.49468,143.36368,4.34,5,stop,1.57,680.0,0.136,0.11532,-0.008512,-0.3553,IS
2022-11-28 01:55:00,2022-11-28 02:00:00,2022-11-28 02:20:00,NY   21-03JST,LONG,Q10+ac<0,143.529,143.49479,143.41379,4.34,4,stop,-3.42,-1485.0,-0.297,0.11521,-0.007797,-0.2071,IS
2022-11-28 02:30:00,2022-11-28 02:35:00,2022-11-28 03:05:00,NY   21-03JST,LONG,Q10+ac<0,143.391,143.43621,143.27271,4.23,6,stop,4.52,1911.0,0.382,0.11829,-0.008034,-0.118,IS
2022-11-28 19:00:00,2022-11-28 19:05:00,2022-11-28 19:15:00,NY   21-03JST,LONG,Q10+ac<0,143.925,143.80011,143.80261,4.09,2,stop,-12.49,-5102.0,-1.02,0.12239,-0.007247,-0.2316,IS
2022-11-28 19:05:00,2022-11-28 19:10:00,2022-11-28 19:30:00,NY   21-03JST,LONG,Q10+ac<0,143.8715,143.74896,143.75146,4.17,4,stop,-12.25,-5104.0,-1.021,0.12004,-0.007652,-0.2051,IS
2022-11-28 19:10:00,2022-11-28 19:15:00,2022-11-28 19:45:00,NY   21-03JST,LONG,Q10+ac<0,143.821,143.70493,143.70343,4.25,6,stop,-11.61,-4936.0,-0.987,0.11757,-0.007904,-0.2606,IS
2022-11-28 19:15:00,2022-11-28 19:20:00,2022-11-28 19:45:00,NY   21-03JST,LONG,Q10+ac<0,143.785,143.70936,143.67186,4.42,5,stop,-7.56,-3343.0,-0.669,0.11314,-0.007446,-0.2218,IS
2022-11-28 19:20:00,2022-11-28 19:25:00,2022-11-28 19:45:00,NY   21-03JST,LONG,Q10+ac<0,143.8165,143.70114,143.70364,4.43,4,stop,-11.54,-5111.0,-1.022,0.11286,-0.006892,-0.1949,IS
2022-11-28 19:25:00,2022-11-28 19:30:00,2022-11-28 19:55:00,NY   21-03JST,LONG,Q10+ac<0,143.768,143.65907,143.65657,4.49,5,stop,-10.89,-4888.0,-0.978,0.11143,-0.006496,-0.198,IS
2022-11-28 19:30:00,2022-11-28 19:35:00,2022-11-28 19:50:00,NY   21-03JST,LONG,Q10+ac<0,143.772,143.666,143.668,4.81,3,stop,-10.6,-5096.0,-1.019,0.104,-0.005455,-0.2373,IS
2022-11-28 19:35:00,2022-11-28 19:40:00,2022-11-28 19:50:00,NY   21-03JST,LONG,Q10+ac<0,143.7515,143.66914,143.65164,5.01,2,stop,-8.24,-4124.0,-0.825,0.09986,-0.005537,-0.2087,IS
2022-11-28 19:40:00,2022-11-28 19:45:00,2022-11-28 19:50:00,NY   21-03JST,LONG,Q10+ac<0,143.7725,143.67421,143.67671,5.22,1,stop,-9.83,-5130.0,-1.026,0.09579,-0.005774,-0.1848,IS
2022-11-28 19:45:00,2022-11-28 19:50:00,2022-11-28 19:55:00,NY   21-03JST,LONG,Q10+ac<0,143.716,143.61907,143.62157,5.3,1,stop,-9.69,-5132.0,-1.026,0.09443,-0.005401,-0.1838,IS
2022-11-28 19:50:00,2022-11-28 19:55:00,2022-11-28 23:10:00,NY   21-03JST,LONG,Q10+ac<0,143.679,143.62739,143.58839,5.52,3,stop,-5.16,-2848.0,-0.57,0.09061,-0.00659,-0.196,IS
2022-11-28 23:00:00,2022-11-28 23:05:00,2022-11-28 23:15:00,NY   21-03JST,LONG,Q10+ac<0,143.702,143.60718,143.60968,5.42,2,stop,-9.48,-5135.0,-1.027,0.09232,-0.005549,-0.562,IS
2022-11-28 23:05:00,2022-11-28 23:10:00,2022-11-28 23:15:00,NY   21-03JST,LONG,Q10+ac<0,143.669,143.57879,143.58129,5.7,1,stop,-9.02,-5143.0,-1.029,0.08771,-0.006719,-0.4499,IS
2022-11-28 23:10:00,2022-11-28 23:15:00,2022-11-28 23:20:00,NY   21-03JST,LONG,Q10+ac<0,143.627,143.56004,143.56254,7.76,1,stop,-6.7,-5194.0,-1.039,0.06446,-0.007153,-0.4618,IS
2022-11-28 23:15:00,2022-11-28 23:20:00,2022-11-28 23:45:00,NY   21-03JST,LONG,Q10+ac<0,143.532,143.55421,143.46571,7.54,5,stop,2.22,1676.0,0.335,0.06629,-0.008325,-0.3578,IS
2022-11-28 23:20:00,2022-11-28 23:25:00,2022-11-28 23:45:00,NY   21-03JST,LONG,Q10+ac<0,143.6,143.55314,143.53264,7.42,4,stop,-4.69,-3478.0,-0.696,0.06736,-0.006471,-0.4329,IS
2022-11-28 23:25:00,2022-11-28 23:30:00,2022-11-28 23:45:00,NY   21-03JST,LONG,Q10+ac<0,143.564,143.55111,143.49461,7.21,3,stop,-1.29,-929.0,-0.186,0.06939,-0.006426,-0.4237,IS
2022-11-28 23:30:00,2022-11-28 23:35:00,2022-11-28 23:45:00,NY   21-03JST,LONG,Q10+ac<0,143.6215,143.55075,143.55175,7.17,2,stop,-7.08,-5072.0,-1.014,0.06975,-0.006472,-0.4277,IS
2022-11-28 23:35:00,2022-11-28 23:40:00,2022-11-28 23:45:00,NY   21-03JST,LONG,Q10+ac<0,143.6135,143.54418,143.54668,7.48,1,stop,-6.93,-5187.0,-1.037,0.06682,-0.006314,-0.399,IS
2022-11-28 23:40:00,2022-11-28 23:45:00,2022-11-28 23:50:00,NY   21-03JST,LONG,Q10+ac<0,143.606,143.53782,143.54032,7.61,1,stop,-6.82,-5190.0,-1.038,0.06568,-0.005528,-0.382,IS
2022-11-28 23:45:00,2022-11-28 23:50:00,2022-11-29 00:00:00,NY   21-03JST,LONG,Q10+ac<0,143.5335,143.47954,143.46354,7.15,2,stop,-5.4,-3857.0,-0.771,0.06996,-0.005662,-0.4036,IS
2022-11-28 23:50:00,2022-11-28 23:55:00,2022-11-29 00:00:00,NY   21-03JST,LONG,Q10+ac<0,143.54,143.46814,143.47064,7.21,1,stop,-7.19,-5180.0,-1.036,0.06936,-0.005468,-0.5079,IS
2022-11-28 23:55:00,2022-11-29 00:00:00,2022-11-29 00:05:00,NY   21-03JST,LONG,Q10+ac<0,143.495,143.42446,143.42696,7.35,1,stop,-7.05,-5184.0,-1.037,0.06804,-0.006441,-0.3181,IS
2022-11-29 08:00:00,2022-11-29 08:05:00,2022-11-29 08:15:00,欧州 15-21JST,SHORT,Q10+ac>0,143.3635,143.23421,143.47471,4.5,2,stop,12.93,5812.0,1.162,0.11121,-0.005809,0.1312,IS
2022-11-29 08:05:00,2022-11-29 08:10:00,2022-11-29 08:20:00,欧州 15-21JST,SHORT,Q10+ac>0,143.274,143.22132,143.38732,4.41,2,stop,5.27,2324.0,0.465,0.11332,-0.006347,0.2772,IS
2022-11-29 08:10:00,2022-11-29 08:15:00,2022-11-29 08:20:00,欧州 15-21JST,SHORT,Q10+ac>0,143.139,143.2595,143.257,4.24,1,stop,-12.05,-5106.0,-1.021,0.118,-0.006526,0.3464,IS
2022-11-29 08:15:00,2022-11-29 08:20:00,2022-11-29 08:25:00,欧州 15-21JST,SHORT,Q10+ac>0,143.206,143.33032,143.32782,4.1,1,stop,-12.43,-5103.0,-1.021,0.12182,-0.006466,0.1839,IS
2022-11-29 08:20:00,2022-11-29 08:25:00,2022-11-29 08:30:00,欧州 15-21JST,SHORT,Q10+ac>0,143.291,143.41861,143.41611,4.0,1,stop,-12.76,-5100.0,-1.02,0.12511,-0.006189,0.2906,IS
2022-11-29 08:25:00,2022-11-29 08:30:00,2022-11-29 08:40:00,欧州 15-21JST,SHORT,Q10+ac>0,143.432,143.51836,143.56236,3.84,2,stop,-8.64,-3312.0,-0.662,0.13036,-0.00539,0.4004,IS
2022-11-30 16:05:00,2022-11-30 16:10:00,2022-11-30 17:35:00,NY   21-03JST,LONG,Q10+ac<0,143.6085,143.66496,143.45146,3.18,17,stop,5.65,1798.0,0.36,0.15704,-0.006078,-0.4131,IS
2022-11-30 16:10:00,2022-11-30 16:15:00,2022-11-30 17:35:00,NY   21-03JST,LONG,Q10+ac<0,143.7245,143.665,143.5675,3.18,16,stop,-5.95,-1895.0,-0.379,0.157,-0.005024,-0.4324,IS
2022-11-30 16:15:00,2022-11-30 16:20:00,2022-11-30 17:35:00,NY   21-03JST,LONG,Q10+ac<0,143.7405,143.66529,143.58379,3.19,15,stop,-7.52,-2400.0,-0.48,0.15671,-0.005108,-0.1848,IS
2022-11-30 16:40:00,2022-11-30 16:45:00,2022-11-30 17:35:00,NY   21-03JST,LONG,Q10+ac<0,143.77,143.67325,143.62225,3.38,10,stop,-9.67,-3274.0,-0.655,0.14775,-0.005709,-0.1,IS
2022-11-30 16:45:00,2022-11-30 16:50:00,2022-11-30 17:35:00,NY   21-03JST,LONG,Q10+ac<0,143.771,143.67468,143.62468,3.42,9,stop,-9.63,-3291.0,-0.658,0.14632,-0.005999,-0.241,IS
2022-11-30 16:50:00,2022-11-30 16:55:00,2022-11-30 17:35:00,NY   21-03JST,LONG,Q10+ac<0,143.772,143.6825,143.6335,3.61,8,stop,-8.95,-3231.0,-0.646,0.1385,-0.006536,-0.7455,IS
2022-11-30 16:55:00,2022-11-30 17:00:00,2022-11-30 17:35:00,NY   21-03JST,LONG,Q10+ac<0,143.797,143.69057,143.66857,3.89,7,stop,-10.64,-4143.0,-0.829,0.12843,-0.00602,-0.7369,IS
2022-11-30 17:00:00,2022-11-30 17:05:00,2022-11-30 17:35:00,NY   21-03JST,LONG,Q10+ac<0,143.792,143.69664,143.66964,4.09,6,stop,-9.54,-3897.0,-0.779,0.12236,-0.007733,-0.738,IS
2022-11-30 17:05:00,2022-11-30 17:10:00,2022-11-30 17:30:00,NY   21-03JST,LONG,Q10+ac<0,143.745,143.71321,143.63921,4.73,4,stop,-3.18,-1502.0,-0.3,0.10579,-0.00769,-0.3411,IS
2022-11-30 17:10:00,2022-11-30 17:15:00,2022-11-30 17:30:00,NY   21-03JST,LONG,Q10+ac<0,143.7505,143.72368,143.65518,5.25,3,stop,-2.68,-1407.0,-0.281,0.09532,-0.007408,-0.5903,IS
2022-11-30 17:15:00,2022-11-30 17:20:00,2022-11-30 17:30:00,NY   21-03JST,LONG,Q10+ac<0,143.7675,143.73464,143.68314,5.93,2,stop,-3.29,-1948.0,-0.39,0.08436,-0.005957,-0.6957,IS
2022-11-30 17:20:00,2022-11-30 17:25:00,2022-11-30 17:35:00,NY   21-03JST,LONG,Q10+ac<0,143.748,143.67764,143.67114,6.51,2,stop,-7.04,-4577.0,-0.915,0.07686,-0.005557,-0.6479,IS
2022-12-01 00:25:00,2022-12-01 00:30:00,2022-12-01 00:45:00,NY   21-03JST,LONG,Q10+ac<0,143.1885,143.05539,143.05789,3.83,3,stop,-13.31,-5096.0,-1.019,0.13061,-0.005202,-0.2449,IS
2022-12-01 00:30:00,2022-12-01 00:35:00,2022-12-01 00:50:00,NY   21-03JST,LONG,Q10+ac<0,143.148,143.05704,143.01254,3.69,3,stop,-9.1,-3358.0,-0.672,0.13546,-0.005263,-0.2328,IS
2022-12-01 00:35:00,2022-12-01 00:40:00,2022-12-01 00:50:00,NY   21-03JST,LONG,Q10+ac<0,143.094,143.05525,142.95675,3.64,2,stop,-3.87,-1412.0,-0.282,0.13725,-0.006197,-0.4722,IS
2022-12-01 00:40:00,2022-12-01 00:45:00,2022-12-01 00:50:00,NY   21-03JST,LONG,Q10+ac<0,143.0955,142.95296,142.95546,3.57,1,stop,-14.25,-5089.0,-1.018,0.14004,-0.006056,-0.1667,IS
2022-12-01 00:45:00,2022-12-01 00:50:00,2022-12-01 00:55:00,NY   21-03JST,LONG,Q10+ac<0,143.17,143.02629,143.02879,3.54,1,stop,-14.37,-5089.0,-1.018,0.14121,-0.005343,-0.1707,IS
2022-12-01 00:50:00,2022-12-01 00:55:00,2022-12-01 01:00:00,NY   21-03JST,LONG,Q10+ac<0,142.946,142.80854,142.81104,3.7,1,stop,-13.75,-5093.0,-1.019,0.13496,-0.007234,-0.3764,IS
2022-12-06 09:15:00,2022-12-06 09:20:00,2022-12-06 09:50:00,欧州 15-21JST,SHORT,Q10+ac>0,143.3665,143.44061,143.47011,4.83,6,stop,-7.41,-3576.0,-0.715,0.10361,-0.00543,0.1886,IS
2022-12-07 14:10:00,2022-12-07 14:15:00,2022-12-07 14:20:00,NY   21-03JST,LONG,Q10+ac<0,143.873,143.75075,143.75325,4.18,1,stop,-12.23,-5104.0,-1.021,0.11975,-0.005419,-0.6609,IS
2022-12-07 14:15:00,2022-12-07 14:20:00,2022-12-07 14:45:00,NY   21-03JST,LONG,Q10+ac<0,143.712,143.63432,143.58382,3.9,5,stop,-7.77,-3030.0,-0.606,0.12818,-0.006835,-0.5416,IS
2022-12-07 14:20:00,2022-12-07 14:25:00,2022-12-07 14:45:00,NY   21-03JST,LONG,Q10+ac<0,143.707,143.63704,143.58154,3.99,4,stop,-7.0,-2788.0,-0.558,0.12546,-0.006494,-0.6389,IS
2022-12-07 14:25:00,2022-12-07 14:30:00,2022-12-07 15:10:00,NY   21-03JST,LONG,Q10+ac<0,143.7175,143.7795,143.5925,4.0,8,stop,6.2,2480.0,0.496,0.125,-0.007093,-0.4106,IS
2022-12-07 14:30:00,2022-12-07 14:35:00,2022-12-07 15:10:00,NY   21-03JST,LONG,Q10+ac<0,143.682,143.77989,143.55739,4.01,7,stop,9.79,3928.0,0.786,0.12461,-0.007327,-0.2257,IS
2022-12-07 15:15:00,2022-12-07 15:20:00,2022-12-07 15:30:00,NY   21-03JST,LONG,Q10+ac<0,143.757,143.67954,143.60304,3.25,2,stop,-7.75,-2516.0,-0.503,0.15396,-0.005653,-0.3516,IS
2022-12-07 15:25:00,2022-12-07 15:30:00,2022-12-07 15:35:00,NY   21-03JST,LONG,Q10+ac<0,143.804,143.65768,143.66018,3.48,1,stop,-14.63,-5087.0,-1.017,0.14382,-0.005622,-0.2372,IS
2022-12-13 14:30:00,2022-12-13 14:35:00,2022-12-13 14:55:00,NY   21-03JST,LONG,Q10+ac<0,143.6655,143.6675,143.3925,1.83,4,stop,0.2,37.0,0.007,0.273,-0.016397,-0.3078,IS
2022-12-13 14:35:00,2022-12-13 14:40:00,2022-12-13 14:55:00,NY   21-03JST,LONG,Q10+ac<0,143.791,143.67061,143.52111,1.85,3,stop,-12.04,-2230.0,-0.446,0.26989,-0.014967,-0.6436,IS
2022-12-13 14:40:00,2022-12-13 14:45:00,2022-12-13 14:55:00,NY   21-03JST,LONG,Q10+ac<0,143.7275,143.74925,143.53625,2.61,2,stop,2.17,569.0,0.114,0.19125,-0.015242,-0.6319,IS
2022-12-13 14:45:00,2022-12-13 14:50:00,2022-12-13 15:45:00,NY   21-03JST,LONG,Q10+ac<0,143.681,143.70046,143.50796,2.89,11,stop,1.95,562.0,0.112,0.17304,-0.015619,-0.6189,IS
2022-12-13 14:50:00,2022-12-13 14:55:00,2022-12-13 15:45:00,NY   21-03JST,LONG,Q10+ac<0,143.721,143.69871,143.54621,2.86,10,stop,-2.23,-638.0,-0.128,0.17479,-0.015126,-0.6488,IS
2022-12-13 14:55:00,2022-12-13 15:00:00,2022-12-13 15:45:00,NY   21-03JST,LONG,Q10+ac<0,143.703,143.70304,143.53254,2.93,9,stop,0.0,1.0,0.0,0.17046,-0.015367,-0.6385,IS
2022-12-13 15:00:00,2022-12-13 15:05:00,2022-12-13 15:40:00,NY   21-03JST,LONG,Q10+ac<0,143.742,143.71121,143.57971,3.08,7,stop,-3.08,-949.0,-0.19,0.16229,-0.011351,-0.5845,IS
2022-12-13 15:05:00,2022-12-13 15:10:00,2022-12-13 15:40:00,NY   21-03JST,LONG,Q10+ac<0,143.799,143.71782,143.64332,3.21,6,stop,-8.12,-2607.0,-0.521,0.15568,-0.010473,-0.3839,IS
2022-12-13 15:10:00,2022-12-13 15:15:00,2022-12-13 15:40:00,NY   21-03JST,LONG,Q10+ac<0,143.7445,143.71989,143.59089,3.26,5,stop,-2.46,-801.0,-0.16,0.15361,-0.011309,-0.4868,IS
2022-12-13 15:15:00,2022-12-13 15:20:00,2022-12-13 15:35:00,NY   21-03JST,LONG,Q10+ac<0,143.7495,143.72557,143.60157,3.38,3,stop,-2.39,-809.0,-0.162,0.14793,-0.012308,-0.4752,IS
2022-12-13 15:20:00,2022-12-13 15:25:00,2022-12-13 15:35:00,NY   21-03JST,LONG,Q10+ac<0,143.719,143.72907,143.57457,3.46,2,stop,1.01,349.0,0.07,0.14443,-0.011725,-0.4741,IS
2022-12-13 15:25:00,2022-12-13 15:30:00,2022-12-13 16:35:00,NY   21-03JST,LONG,Q10+ac<0,143.8255,143.72268,143.68468,3.55,13,stop,-10.28,-3651.0,-0.73,0.14082,-0.009847,-0.5545,IS
2022-12-16 09:25:00,2022-12-16 09:30:00,2022-12-16 09:40:00,欧州 15-21JST,SHORT,Q10+ac>0,145.702,145.78811,145.81761,4.32,2,stop,-8.61,-3724.0,-0.745,0.11561,-0.004897,0.3272,IS
2022-12-16 09:30:00,2022-12-16 09:35:00,2022-12-16 10:05:00,欧州 15-21JST,SHORT,Q10+ac>0,145.681,145.61075,145.79425,4.42,6,stop,7.02,3102.0,0.62,0.11325,-0.004866,0.184,IS
2022-12-16 15:40:00,2022-12-16 15:45:00,2022-12-16 15:55:00,NY   21-03JST,LONG,Q10+ac<0,145.0155,144.97704,144.88104,3.72,2,stop,-3.85,-1430.0,-0.286,0.13446,-0.005811,-0.332,IS
2022-12-16 15:45:00,2022-12-16 15:50:00,2022-12-16 15:55:00,NY   21-03JST,LONG,Q10+ac<0,145.0855,144.94529,144.94779,3.63,1,stop,-14.02,-5091.0,-1.018,0.13771,-0.005479,-0.4752,IS
2022-12-16 15:50:00,2022-12-16 15:55:00,2022-12-16 16:15:00,NY   21-03JST,LONG,Q10+ac<0,144.944,145.03289,144.79839,3.43,4,stop,8.89,3052.0,0.61,0.14561,-0.005699,-0.5894,IS
2022-12-16 15:55:00,2022-12-16 16:00:00,2022-12-16 16:10:00,NY   21-03JST,LONG,Q10+ac<0,145.065,145.04875,144.93525,3.85,2,stop,-1.62,-626.0,-0.125,0.12975,-0.005609,-0.6425,IS
2022-12-16 16:05:00,2022-12-16 16:10:00,2022-12-16 16:20:00,NY   21-03JST,LONG,Q10+ac<0,145.105,144.97646,144.97896,3.97,2,stop,-12.85,-5099.0,-1.02,0.12604,-0.005557,-0.3178,IS
2022-12-16 16:10:00,2022-12-16 16:15:00,2022-12-16 16:20:00,NY   21-03JST,LONG,Q10+ac<0,145.042,144.91604,144.91854,4.05,1,stop,-12.6,-5101.0,-1.02,0.12346,-0.00668,-0.5021,IS
2022-12-16 16:15:00,2022-12-16 16:20:00,2022-12-16 16:25:00,NY   21-03JST,LONG,Q10+ac<0,145.0515,144.92886,144.93136,4.16,1,stop,-12.26,-5104.0,-1.021,0.12014,-0.006861,-0.5445,IS
2022-12-16 16:20:00,2022-12-16 16:25:00,2022-12-16 16:50:00,NY   21-03JST,LONG,Q10+ac<0,144.924,144.8015,144.804,4.17,5,stop,-12.25,-5104.0,-1.021,0.12,-0.007058,-0.5404,IS
2022-12-16 16:25:00,2022-12-16 16:30:00,2022-12-16 16:50:00,NY   21-03JST,LONG,Q10+ac<0,144.847,144.76621,144.73071,4.3,4,stop,-8.08,-3474.0,-0.695,0.11629,-0.007798,-0.4658,IS
2022-12-16 16:30:00,2022-12-16 16:35:00,2022-12-16 16:50:00,NY   21-03JST,LONG,Q10+ac<0,144.865,144.76664,144.74914,4.32,3,stop,-9.84,-4245.0,-0.849,0.11586,-0.008478,-0.4266,IS
2022-12-16 16:35:00,2022-12-16 16:40:00,2022-12-16 16:50:00,NY   21-03JST,LONG,Q10+ac<0,144.856,144.76132,144.74332,4.44,2,stop,-9.47,-4201.0,-0.84,0.11268,-0.009219,-0.3488,IS
2022-12-16 16:40:00,2022-12-16 16:45:00,2022-12-16 16:50:00,NY   21-03JST,LONG,Q10+ac<0,144.8575,144.75104,144.75354,4.81,1,stop,-10.65,-5120.0,-1.024,0.10396,-0.008935,-0.2527,IS
2022-12-18 22:05:00,2022-12-18 22:10:00,2022-12-18 22:20:00,NY   21-03JST,LONG,Q10+ac<0,144.167,144.29521,144.03621,3.82,2,stop,12.82,4902.0,0.98,0.13079,-0.005507,-0.2652,IS
2022-12-18 22:20:00,2022-12-18 22:25:00,2022-12-18 22:35:00,NY   21-03JST,LONG,Q10+ac<0,144.2365,144.10021,144.07921,3.18,2,stop,-13.63,-4332.0,-0.866,0.15729,-0.0049,-0.1511,IS
2022-12-18 22:25:00,2022-12-18 22:30:00,2022-12-18 23:05:00,NY   21-03JST,LONG,Q10+ac<0,144.25,144.27089,144.08389,3.01,7,stop,2.09,629.0,0.126,0.16611,-0.005201,-0.1549,IS
2022-12-18 22:30:00,2022-12-18 22:35:00,2022-12-18 23:05:00,NY   21-03JST,LONG,Q10+ac<0,144.156,144.26268,143.98168,2.87,6,stop,10.67,3060.0,0.612,0.17432,-0.00594,-0.1577,IS
2022-12-18 22:35:00,2022-12-18 22:40:00,2022-12-18 23:05:00,NY   21-03JST,LONG,Q10+ac<0,144.1495,144.25996,143.97246,2.82,5,stop,11.05,3120.0,0.624,0.17704,-0.006196,-0.1712,IS
2022-12-18 22:40:00,2022-12-18 22:45:00,2022-12-18 23:05:00,NY   21-03JST,LONG,Q10+ac<0,144.2435,144.25136,144.05786,2.69,4,stop,0.79,212.0,0.042,0.18564,-0.005386,-0.1849,IS
2022-12-18 22:55:00,2022-12-18 23:00:00,2022-12-19 00:05:00,NY   21-03JST,LONG,Q10+ac<0,144.2685,144.39711,144.08461,2.72,13,stop,12.86,3497.0,0.699,0.18389,-0.005448,-0.4701,IS
2022-12-20 04:05:00,2022-12-20 04:10:00,2022-12-20 05:35:00,NY   21-03JST,LONG,Q10+ac<0,141.4805,141.03021,140.79471,0.73,17,stop,-45.03,-3283.0,-0.657,0.68579,-0.036823,-0.3336,IS
2022-12-20 04:10:00,2022-12-20 04:15:00,2022-12-20 05:30:00,NY   21-03JST,LONG,Q10+ac<0,141.352,141.18168,140.81768,0.94,15,stop,-17.03,-1594.0,-0.319,0.53432,-0.037871,-0.3024,IS
2022-12-20 04:15:00,2022-12-20 04:20:00,2022-12-20 05:10:00,NY   21-03JST,LONG,Q10+ac<0,141.275,141.23446,140.79346,1.04,10,stop,-4.05,-421.0,-0.084,0.48154,-0.038932,-0.4129,IS
2022-12-20 04:20:00,2022-12-20 04:25:00,2022-12-20 05:00:00,NY   21-03JST,LONG,Q10+ac<0,141.4145,141.30661,141.00511,1.22,7,stop,-10.79,-1318.0,-0.264,0.40939,-0.038059,-0.3419,IS
2022-12-20 04:25:00,2022-12-20 04:30:00,2022-12-20 04:45:00,NY   21-03JST,LONG,Q10+ac<0,141.352,141.31325,140.97425,1.32,3,stop,-3.87,-513.0,-0.103,0.37775,-0.0381,-0.3643,IS
2022-12-20 04:30:00,2022-12-20 04:35:00,2022-12-20 04:45:00,NY   21-03JST,LONG,Q10+ac<0,141.667,141.31757,141.32007,1.44,2,stop,-34.94,-5036.0,-1.007,0.34693,-0.035745,-0.3307,IS
2022-12-20 04:35:00,2022-12-20 04:40:00,2022-12-20 05:10:00,NY   21-03JST,LONG,Q10+ac<0,141.439,141.23286,141.11136,1.53,6,stop,-20.61,-3146.0,-0.629,0.32764,-0.038279,-0.3559,IS
2022-12-20 04:40:00,2022-12-20 04:45:00,2022-12-20 05:10:00,NY   21-03JST,LONG,Q10+ac<0,141.465,141.24836,141.15286,1.6,5,stop,-21.66,-3470.0,-0.694,0.31214,-0.038308,-0.6581,IS
2022-12-20 04:45:00,2022-12-20 04:50:00,2022-12-20 05:10:00,NY   21-03JST,LONG,Q10+ac<0,141.365,141.25636,141.06086,1.64,4,stop,-10.86,-1786.0,-0.357,0.30414,-0.039079,-0.4915,IS
2022-12-20 04:50:00,2022-12-20 04:55:00,2022-12-20 05:30:00,NY   21-03JST,LONG,Q10+ac<0,141.478,141.19107,141.19357,1.76,7,stop,-28.69,-5044.0,-1.009,0.28443,-0.037921,-0.5188,IS
2022-12-20 04:55:00,2022-12-20 05:00:00,2022-12-20 05:30:00,NY   21-03JST,LONG,Q10+ac<0,141.4325,141.16954,141.17004,1.91,6,stop,-26.3,-5010.0,-1.002,0.26246,-0.037763,-0.5811,IS
2022-12-20 05:00:00,2022-12-20 05:05:00,2022-12-20 05:30:00,NY   21-03JST,LONG,Q10+ac<0,141.364,141.17204,141.12004,2.05,5,stop,-19.2,-3934.0,-0.787,0.24396,-0.017632,-0.5652,IS
2022-12-20 05:05:00,2022-12-20 05:10:00,2022-12-20 05:30:00,NY   21-03JST,LONG,Q10+ac<0,141.3825,141.1575,141.155,2.2,4,stop,-22.5,-4945.0,-0.989,0.2275,-0.013148,-0.5696,IS
2022-12-20 05:15:00,2022-12-20 05:20:00,2022-12-20 05:30:00,NY   21-03JST,LONG,Q10+ac<0,141.292,141.12486,141.08486,2.41,2,stop,-16.71,-4034.0,-0.807,0.20714,-0.005048,-0.6202,IS
2022-12-20 05:20:00,2022-12-20 05:25:00,2022-12-20 05:30:00,NY   21-03JST,LONG,Q10+ac<0,141.2985,141.10593,141.10843,2.63,1,stop,-19.26,-5066.0,-1.013,0.19007,-0.006608,-0.6149,IS
2022-12-20 05:25:00,2022-12-20 05:30:00,2022-12-20 05:35:00,NY   21-03JST,LONG,Q10+ac<0,141.244,141.05804,141.06054,2.73,1,stop,-18.6,-5068.0,-1.014,0.18346,-0.005018,-0.8164,IS
2022-12-20 05:30:00,2022-12-20 05:35:00,2022-12-20 05:55:00,NY   21-03JST,LONG,Q10+ac<0,141.0605,140.87654,140.87904,2.76,4,stop,-18.4,-5069.0,-1.014,0.18146,-0.00599,-0.4351,IS
2022-12-20 05:40:00,2022-12-20 05:45:00,2022-12-20 05:55:00,NY   21-03JST,LONG,Q10+ac<0,140.9785,140.83243,140.81343,3.03,2,stop,-14.61,-4424.0,-0.885,0.16507,-0.006338,-0.1286,IS
2022-12-20 06:00:00,2022-12-20 06:05:00,2022-12-20 06:10:00,欧州 15-21JST,SHORT,Q10+ac>0,140.489,140.65525,140.65275,3.05,1,stop,-16.62,-5076.0,-1.015,0.16375,-0.008208,0.3202,IS
2022-12-20 06:10:00,2022-12-20 06:15:00,2022-12-20 06:20:00,欧州 15-21JST,SHORT,Q10+ac>0,140.674,140.84043,140.83793,3.05,1,stop,-16.64,-5076.0,-1.015,0.16393,-0.005747,0.2615,IS
2022-12-20 06:20:00,2022-12-20 06:25:00,2022-12-20 06:35:00,欧州 15-21JST,SHORT,Q10+ac>0,140.7655,140.80861,140.93911,2.88,2,stop,-4.31,-1242.0,-0.248,0.17361,-0.005622,0.2889,IS
2022-12-20 06:25:00,2022-12-20 06:30:00,2022-12-20 06:35:00,欧州 15-21JST,SHORT,Q10+ac>0,140.6835,140.86364,140.86114,2.81,1,stop,-18.01,-5070.0,-1.014,0.17764,-0.006112,0.3067,IS
2022-12-20 06:30:00,2022-12-20 06:35:00,2022-12-20 06:40:00,欧州 15-21JST,SHORT,Q10+ac>0,140.763,140.94893,140.94643,2.73,1,stop,-18.59,-5068.0,-1.014,0.18343,-0.008229,0.1988,IS
2022-12-20 09:05:00,2022-12-20 09:10:00,2022-12-20 09:20:00,欧州 15-21JST,SHORT,Q10+ac>0,140.5255,140.55893,140.75193,2.21,2,stop,-3.34,-738.0,-0.148,0.22643,-0.006707,0.216,IS
2022-12-20 16:15:00,2022-12-20 16:20:00,2022-12-20 16:30:00,NY   21-03JST,LONG,Q10+ac<0,139.5385,139.44382,139.36432,2.87,2,stop,-9.47,-2718.0,-0.544,0.17418,-0.00853,-0.409,IS
2022-12-20 16:20:00,2022-12-20 16:25:00,2022-12-20 16:45:00,NY   21-03JST,LONG,Q10+ac<0,139.532,139.40479,139.35879,2.89,4,stop,-12.72,-3672.0,-0.734,0.17321,-0.008618,-0.276,IS
2022-12-20 16:25:00,2022-12-20 16:30:00,2022-12-20 16:45:00,NY   21-03JST,LONG,Q10+ac<0,139.528,139.40629,139.35629,2.91,3,stop,-12.17,-3544.0,-0.709,0.17171,-0.008349,-0.2997,IS
2022-12-20 16:30:00,2022-12-20 16:35:00,2022-12-20 16:45:00,NY   21-03JST,LONG,Q10+ac<0,139.4745,139.40775,139.30425,2.94,2,stop,-6.68,-1960.0,-0.392,0.17025,-0.008723,-0.307,IS
2022-12-20 16:35:00,2022-12-20 16:40:00,2022-12-20 16:45:00,NY   21-03JST,LONG,Q10+ac<0,139.5625,139.3845,139.387,2.85,1,stop,-17.8,-5071.0,-1.014,0.1755,-0.00975,-0.2636,IS
2022-12-20 16:40:00,2022-12-20 16:45:00,2022-12-20 16:50:00,NY   21-03JST,LONG,Q10+ac<0,139.4645,139.28671,139.28921,2.85,1,stop,-17.78,-5071.0,-1.014,0.17529,-0.010882,-0.2648,IS
2022-12-20 16:45:00,2022-12-20 16:50:00,2022-12-20 17:00:00,NY   21-03JST,LONG,Q10+ac<0,139.3155,139.31946,139.13096,2.71,2,stop,0.4,107.0,0.021,0.18454,-0.012245,-0.2606,IS
2022-12-20 16:50:00,2022-12-20 16:55:00,2022-12-20 17:05:00,NY   21-03JST,LONG,Q10+ac<0,139.467,139.27757,139.28007,2.67,2,stop,-18.94,-5067.0,-1.013,0.18693,-0.01046,-0.4253,IS
2022-12-20 16:55:00,2022-12-20 17:00:00,2022-12-20 17:05:00,NY   21-03JST,LONG,Q10+ac<0,139.396,139.20918,139.21168,2.71,1,stop,-18.68,-5068.0,-1.014,0.18432,-0.012224,-0.395,IS
2022-12-20 17:00:00,2022-12-20 17:05:00,2022-12-20 17:10:00,NY   21-03JST,LONG,Q10+ac<0,139.333,139.15343,139.15593,2.82,1,stop,-17.96,-5071.0,-1.014,0.17707,-0.012612,-0.402,IS
2022-12-20 17:05:00,2022-12-20 17:10:00,2022-12-20 17:30:00,NY   21-03JST,LONG,Q10+ac<0,138.9395,139.20279,138.74379,2.55,4,stop,26.33,6726.0,1.345,0.19571,-0.014981,-0.3714,IS
2022-12-20 17:10:00,2022-12-20 17:15:00,2022-12-20 17:30:00,NY   21-03JST,LONG,Q10+ac<0,139.083,139.19871,138.88321,2.5,3,stop,11.57,2896.0,0.579,0.19979,-0.013719,-0.3447,IS
2022-12-20 17:15:00,2022-12-20 17:20:00,2022-12-20 17:30:00,NY   21-03JST,LONG,Q10+ac<0,139.147,139.195,138.9435,2.46,2,stop,4.8,1179.0,0.236,0.2035,-0.013377,-0.2809,IS
2022-12-20 17:20:00,2022-12-20 17:25:00,2022-12-20 17:35:00,NY   21-03JST,LONG,Q10+ac<0,139.2325,139.215,139.054,2.8,2,stop,-1.75,-490.0,-0.098,0.1785,-0.01117,-0.2228,IS
2022-12-20 17:25:00,2022-12-20 17:30:00,2022-12-20 17:35:00,NY   21-03JST,LONG,Q10+ac<0,139.383,139.20254,139.20504,2.81,1,stop,-18.05,-5070.0,-1.014,0.17796,-0.009954,-0.1291,IS
2022-12-20 17:30:00,2022-12-20 17:35:00,2022-12-20 19:00:00,NY   21-03JST,LONG,Q10+ac<0,139.17,139.36861,138.98411,2.69,17,stop,19.86,5342.0,1.068,0.18589,-0.012183,-0.2161,IS
2022-12-20 17:35:00,2022-12-20 17:40:00,2022-12-20 21:40:00,NY   21-03JST,LONG,Q10+ac<0,139.3165,139.9565,139.12732,2.64,48,time,64.0,16915.0,3.383,0.18918,-0.010343,-0.2776,IS
2022-12-20 17:40:00,2022-12-20 17:45:00,2022-12-20 19:00:00,NY   21-03JST,LONG,Q10+ac<0,139.3075,139.36979,139.12279,2.71,15,stop,6.23,1686.0,0.337,0.18471,-0.009301,-0.3071,IS
2022-12-20 17:45:00,2022-12-20 17:50:00,2022-12-20 19:00:00,NY   21-03JST,LONG,Q10+ac<0,139.315,139.37107,139.13157,2.73,14,stop,5.61,1528.0,0.306,0.18343,-0.008576,-0.2537,IS
2022-12-20 17:50:00,2022-12-20 17:55:00,2022-12-20 19:00:00,NY   21-03JST,LONG,Q10+ac<0,139.3355,139.37911,139.16011,2.85,13,stop,4.36,1243.0,0.249,0.17539,-0.006392,-0.2296,IS
2022-12-20 17:55:00,2022-12-20 18:00:00,2022-12-20 19:00:00,NY   21-03JST,LONG,Q10+ac<0,139.231,139.38146,139.05796,2.89,12,stop,15.05,4348.0,0.87,0.17304,-0.005185,-0.2516,IS
2022-12-21 16:00:00,2022-12-21 16:05:00,2022-12-21 16:25:00,NY   21-03JST,LONG,Q10+ac<0,140.0755,140.10154,139.96654,4.59,4,stop,2.6,1195.0,0.239,0.10896,-0.005237,-0.2745,IS
2022-12-21 16:05:00,2022-12-21 16:10:00,2022-12-21 16:25:00,NY   21-03JST,LONG,Q10+ac<0,140.067,140.10411,139.96061,4.7,3,stop,3.71,1744.0,0.349,0.10639,-0.005263,-0.4106,IS
2022-12-29 02:35:00,2022-12-29 02:40:00,2022-12-29 03:10:00,NY   21-03JST,LONG,Q10+ac<0,141.952,142.06429,141.88429,7.38,6,stop,11.23,8291.0,1.658,0.06771,-0.005295,-0.1013,IS
2022-12-30 03:00:00,2022-12-30 03:05:00,2022-12-30 04:40:00,NY   21-03JST,LONG,Q10+ac<0,141.3055,141.41661,141.20361,4.91,19,stop,11.11,5452.0,1.09,0.10189,-0.009231,-0.2098,IS
2022-12-30 03:05:00,2022-12-30 03:10:00,2022-12-30 04:40:00,NY   21-03JST,LONG,Q10+ac<0,141.3245,141.41964,141.22564,5.06,18,stop,9.51,4812.0,0.962,0.09886,-0.008767,-0.1728,IS
2022-12-30 03:10:00,2022-12-30 03:15:00,2022-12-30 04:40:00,NY   21-03JST,LONG,Q10+ac<0,141.341,141.42079,141.24329,5.12,17,stop,7.98,4083.0,0.817,0.09771,-0.00845,-0.1609,IS
2022-12-30 03:15:00,2022-12-30 03:20:00,2022-12-30 04:35:00,NY   21-03JST,LONG,Q10+ac<0,141.322,141.42536,141.22886,5.37,15,stop,10.34,5548.0,1.11,0.09314,-0.008203,-0.1565,IS
2022-12-30 03:20:00,2022-12-30 03:25:00,2022-12-30 04:35:00,NY   21-03JST,LONG,Q10+ac<0,141.3125,141.427,141.221,5.46,14,stop,11.45,6257.0,1.251,0.0915,-0.008532,-0.1607,IS
2022-12-30 03:25:00,2022-12-30 03:30:00,2022-12-30 04:35:00,NY   21-03JST,LONG,Q10+ac<0,141.366,141.42779,141.27529,5.51,13,stop,6.18,3406.0,0.681,0.09071,-0.008281,-0.1581,IS
2022-12-30 03:30:00,2022-12-30 03:35:00,2022-12-30 04:40:00,NY   21-03JST,LONG,Q10+ac<0,141.434,141.42368,141.33918,5.27,13,stop,-1.03,-544.0,-0.109,0.09482,-0.007737,-0.1381,IS
2022-12-30 03:35:00,2022-12-30 03:40:00,2022-12-30 04:35:00,NY   21-03JST,LONG,Q10+ac<0,141.4375,141.42511,141.34411,5.35,11,stop,-1.24,-663.0,-0.133,0.09339,-0.007216,-0.1244,IS
2022-12-30 03:40:00,2022-12-30 03:45:00,2022-12-30 04:35:00,NY   21-03JST,LONG,Q10+ac<0,141.4055,141.426,141.313,5.41,10,stop,2.05,1108.0,0.222,0.0925,-0.007409,-0.1228,IS
2022-12-30 03:45:00,2022-12-30 03:50:00,2022-12-30 04:35:00,NY   21-03JST,LONG,Q10+ac<0,141.4075,141.4255,141.3145,5.38,9,stop,1.8,968.0,0.194,0.093,-0.007576,-0.1216,IS
2022-12-30 03:50:00,2022-12-30 03:55:00,2022-12-30 04:40:00,NY   21-03JST,LONG,Q10+ac<0,141.381,141.42461,141.28711,5.33,9,stop,4.36,2322.0,0.464,0.09389,-0.007342,-0.1253,IS
2022-12-30 04:25:00,2022-12-30 04:30:00,2022-12-30 04:45:00,NY   21-03JST,LONG,Q10+ac<0,141.453,141.40461,141.40611,10.66,3,stop,-4.84,-5160.0,-1.032,0.04689,-0.006421,-0.12,IS
2022-12-30 04:30:00,2022-12-30 04:35:00,2022-12-30 04:40:00,NY   21-03JST,LONG,Q10+ac<0,141.4565,141.40739,141.40989,10.73,1,stop,-4.91,-5268.0,-1.054,0.04661,-0.006892,-0.1841,IS
2022-12-30 04:35:00,2022-12-30 04:40:00,2022-12-30 04:45:00,NY   21-03JST,LONG,Q10+ac<0,141.45,141.40325,141.40575,11.3,1,stop,-4.68,-5282.0,-1.056,0.04425,-0.006936,-0.186,IS
2022-12-30 04:40:00,2022-12-30 04:45:00,2022-12-30 04:50:00,NY   21-03JST,LONG,Q10+ac<0,141.4365,141.39357,141.39607,12.37,1,stop,-4.29,-5309.0,-1.062,0.04043,-0.006996,-0.1616,IS
2022-12-30 07:50:00,2022-12-30 07:55:00,2022-12-30 08:00:00,欧州 15-21JST,SHORT,Q10+ac>0,140.7105,140.79218,140.78968,6.31,1,stop,-8.17,-5158.0,-1.032,0.07918,-0.005399,0.5125,IS
2022-12-30 08:15:00,2022-12-30 08:20:00,2022-12-30 08:30:00,欧州 15-21JST,SHORT,Q10+ac>0,140.6465,140.57518,140.74268,5.2,2,stop,7.13,3708.0,0.742,0.09618,-0.005409,0.3121,IS
2022-12-30 08:20:00,2022-12-30 08:25:00,2022-12-30 08:35:00,欧州 15-21JST,SHORT,Q10+ac>0,140.522,140.62621,140.63071,4.6,2,stop,-10.42,-4793.0,-0.959,0.10871,-0.006016,0.292,IS
2022-12-30 08:25:00,2022-12-30 08:30:00,2022-12-30 08:35:00,欧州 15-21JST,SHORT,Q10+ac>0,140.52,140.63661,140.63411,4.38,1,stop,-11.66,-5110.0,-1.022,0.11411,-0.00633,0.1998,IS
2022-12-30 08:30:00,2022-12-30 08:35:00,2022-12-30 08:40:00,欧州 15-21JST,SHORT,Q10+ac>0,140.606,140.72471,140.72221,4.3,1,stop,-11.87,-5108.0,-1.022,0.11621,-0.005552,0.2634,IS
2022-12-30 08:50:00,2022-12-30 08:55:00,2022-12-30 09:20:00,欧州 15-21JST,SHORT,Q10+ac>0,140.591,140.49311,140.71911,3.9,5,stop,9.79,3821.0,0.764,0.12811,-0.005548,0.4017,IS
2022-12-30 08:55:00,2022-12-30 09:00:00,2022-12-30 09:20:00,欧州 15-21JST,SHORT,Q10+ac>0,140.574,140.48611,140.69511,4.13,4,stop,8.79,3629.0,0.726,0.12111,-0.004904,0.3293,IS
2022-12-30 09:00:00,2022-12-30 09:05:00,2022-12-30 09:20:00,欧州 15-21JST,SHORT,Q10+ac>0,140.4345,140.49311,140.56261,3.9,3,stop,-5.86,-2287.0,-0.457,0.12811,-0.006003,0.3151,IS
2022-12-30 09:05:00,2022-12-30 09:10:00,2022-12-30 09:20:00,欧州 15-21JST,SHORT,Q10+ac>0,140.4625,140.48893,140.58643,4.03,2,stop,-2.64,-1066.0,-0.213,0.12393,-0.006188,0.2233,IS
2022-12-30 09:10:00,2022-12-30 09:15:00,2022-12-30 09:20:00,欧州 15-21JST,SHORT,Q10+ac>0,140.4095,140.53482,140.53232,4.07,1,stop,-12.53,-5102.0,-1.02,0.12282,-0.006631,0.2001,IS
2022-12-30 09:15:00,2022-12-30 09:20:00,2022-12-30 09:30:00,欧州 15-21JST,SHORT,Q10+ac>0,140.4635,140.59229,140.58979,3.96,2,stop,-12.88,-5099.0,-1.02,0.12629,-0.006446,0.1688,IS
2022-12-30 09:20:00,2022-12-30 09:25:00,2022-12-30 09:40:00,欧州 15-21JST,SHORT,Q10+ac>0,140.5345,140.60061,140.65261,4.23,3,stop,-6.61,-2799.0,-0.56,0.11811,-0.005923,0.2547,IS
2022-12-30 09:25:00,2022-12-30 09:30:00,2022-12-30 09:40:00,欧州 15-21JST,SHORT,Q10+ac>0,140.537,140.59857,140.65307,4.31,2,stop,-6.16,-2652.0,-0.53,0.11607,-0.005439,0.2664,IS
2023-01-03 01:15:00,2023-01-03 01:20:00,2023-01-03 01:25:00,NY   21-03JST,LONG,Q10+ac<0,138.8565,138.59296,138.59546,1.92,1,stop,-26.35,-5048.0,-1.01,0.26104,-0.017828,-0.1112,IS
2023-01-03 01:20:00,2023-01-03 01:25:00,2023-01-03 01:30:00,NY   21-03JST,LONG,Q10+ac<0,138.691,138.42232,138.42482,1.88,1,stop,-26.87,-5047.0,-1.009,0.26618,-0.018575,-0.1527,IS
2023-01-03 01:25:00,2023-01-03 01:30:00,2023-01-03 04:00:00,NY   21-03JST,LONG,Q10+ac<0,138.4415,138.53454,138.15504,1.75,6,stop,9.3,1624.0,0.325,0.28646,-0.022213,-0.1911,IS
2023-01-03 01:30:00,2023-01-03 01:35:00,2023-01-03 04:00:00,NY   21-03JST,LONG,Q10+ac<0,138.6155,138.52321,138.31771,1.68,5,stop,-9.23,-1550.0,-0.31,0.29779,-0.020536,-0.2172,IS
2023-01-03 01:35:00,2023-01-03 01:40:00,2023-01-03 04:05:00,NY   21-03JST,LONG,Q10+ac<0,138.6895,138.45243,138.38993,1.67,5,stop,-23.71,-3957.0,-0.791,0.29957,-0.019822,-0.1657,IS
2023-01-03 01:40:00,2023-01-03 01:45:00,2023-01-03 04:05:00,NY   21-03JST,LONG,Q10+ac<0,138.6925,138.45086,138.39136,1.66,4,stop,-24.16,-4012.0,-0.802,0.30114,-0.020225,-0.1319,IS
2023-01-03 01:45:00,2023-01-03 01:50:00,2023-01-03 04:05:00,NY   21-03JST,LONG,Q10+ac<0,138.6855,138.45014,138.38364,1.66,3,stop,-23.54,-3898.0,-0.78,0.30186,-0.020655,-0.1131,IS
2023-01-03 01:50:00,2023-01-03 01:55:00,2023-01-03 04:45:00,NY   21-03JST,LONG,Q10+ac<0,138.6045,138.30536,138.30786,1.69,10,stop,-29.91,-5042.0,-1.008,0.29664,-0.022368,-0.1123,IS
2023-01-03 04:10:00,2023-01-03 04:15:00,2023-01-03 04:55:00,NY   21-03JST,LONG,Q10+ac<0,138.3395,138.25146,138.13446,2.44,8,stop,-8.8,-2147.0,-0.429,0.20504,-0.025956,-0.1059,IS
2023-01-03 04:15:00,2023-01-03 04:20:00,2023-01-03 04:55:00,NY   21-03JST,LONG,Q10+ac<0,138.4155,138.25611,138.21511,2.5,7,stop,-15.94,-3977.0,-0.795,0.20039,-0.02574,-0.1788,IS
2023-01-03 04:20:00,2023-01-03 04:25:00,2023-01-03 04:45:00,NY   21-03JST,LONG,Q10+ac<0,138.3905,138.28261,138.21661,2.88,4,stop,-10.79,-3102.0,-0.62,0.17389,-0.026796,-0.4064,IS
2023-01-03 04:25:00,2023-01-03 04:30:00,2023-01-03 04:45:00,NY   21-03JST,LONG,Q10+ac<0,138.428,138.28911,138.26061,2.99,3,stop,-13.89,-4149.0,-0.83,0.16739,-0.027005,-0.2002,IS
2023-01-03 04:30:00,2023-01-03 04:35:00,2023-01-03 04:45:00,NY   21-03JST,LONG,Q10+ac<0,138.4505,138.29143,138.29393,3.19,2,stop,-15.91,-5080.0,-1.016,0.15657,-0.026962,-0.3865,IS
2023-01-03 04:35:00,2023-01-03 04:40:00,2023-01-03 04:55:00,NY   21-03JST,LONG,Q10+ac<0,138.3665,138.25246,138.22796,3.61,3,stop,-11.4,-4116.0,-0.823,0.13854,-0.027641,-0.45,IS
2023-01-03 04:40:00,2023-01-03 04:45:00,2023-01-03 04:55:00,NY   21-03JST,LONG,Q10+ac<0,138.3805,138.25507,138.25757,4.07,2,stop,-12.54,-5102.0,-1.02,0.12293,-0.027101,-0.472,IS
2023-01-03 04:45:00,2023-01-03 04:50:00,2023-01-03 05:10:00,NY   21-03JST,LONG,Q10+ac<0,138.3345,138.21375,138.21625,4.23,4,stop,-12.07,-5106.0,-1.021,0.11825,-0.02587,-0.472,IS
2023-01-03 04:50:00,2023-01-03 04:55:00,2023-01-03 05:25:00,NY   21-03JST,LONG,Q10+ac<0,138.2775,138.33275,138.16375,4.4,6,stop,5.53,2429.0,0.486,0.11375,-0.026497,-0.4513,IS
2023-01-03 04:55:00,2023-01-03 05:00:00,2023-01-03 05:25:00,NY   21-03JST,LONG,Q10+ac<0,138.248,138.33346,138.13496,4.42,5,stop,8.55,3780.0,0.756,0.11304,-0.025485,-0.1147,IS
2023-01-03 05:00:00,2023-01-03 05:05:00,2023-01-03 05:20:00,NY   21-03JST,LONG,Q10+ac<0,138.307,138.33611,138.19661,4.53,3,stop,2.91,1318.0,0.264,0.11039,-0.010434,-0.291,IS
2023-01-03 05:05:00,2023-01-03 05:10:00,2023-01-03 05:20:00,NY   21-03JST,LONG,Q10+ac<0,138.2885,138.34425,138.18625,4.89,2,stop,5.58,2726.0,0.545,0.10225,-0.01028,-0.4821,IS
2023-01-03 05:10:00,2023-01-03 05:15:00,2023-01-03 05:25:00,NY   21-03JST,LONG,Q10+ac<0,138.2855,138.33611,138.19711,5.66,2,stop,5.06,2863.0,0.573,0.08839,-0.006336,-0.2288,IS
2023-01-03 09:50:00,2023-01-03 09:55:00,2023-01-03 10:15:00,欧州 15-21JST,SHORT,Q10+ac>0,137.6325,137.67711,137.79961,2.99,4,stop,-4.46,-1335.0,-0.267,0.16711,-0.005534,0.1101,IS
2023-01-03 09:55:00,2023-01-03 10:00:00,2023-01-03 10:15:00,欧州 15-21JST,SHORT,Q10+ac>0,137.5585,137.67218,137.72068,3.08,3,stop,-11.37,-3505.0,-0.701,0.16218,-0.005375,0.1609,IS
2023-01-05 16:35:00,2023-01-05 16:40:00,2023-01-05 17:00:00,NY   21-03JST,LONG,Q10+ac<0,140.485,140.46296,140.38446,4.97,4,stop,-2.2,-1096.0,-0.219,0.10054,-0.005404,-0.1133,IS
2023-01-05 16:40:00,2023-01-05 16:45:00,2023-01-05 17:00:00,NY   21-03JST,LONG,Q10+ac<0,140.475,140.466,140.3775,5.13,3,stop,-0.9,-462.0,-0.092,0.0975,-0.005014,-0.1058,IS
2023-01-06 15:05:00,2023-01-06 15:10:00,2023-01-06 15:20:00,NY   21-03JST,LONG,Q10+ac<0,140.5155,140.49168,140.35318,3.08,2,stop,-2.38,-734.0,-0.147,0.16232,-0.009061,-0.2806,IS
2023-01-06 15:10:00,2023-01-06 15:15:00,2023-01-06 15:30:00,NY   21-03JST,LONG,Q10+ac<0,140.553,140.58396,140.39146,3.1,3,stop,3.1,958.0,0.192,0.16154,-0.008696,-0.2581,IS
2023-01-06 15:15:00,2023-01-06 15:20:00,2023-01-06 15:30:00,NY   21-03JST,LONG,Q10+ac<0,140.6005,140.58957,140.44457,3.21,2,stop,-1.09,-350.0,-0.07,0.15593,-0.009057,-0.2365,IS
2023-01-06 15:20:00,2023-01-06 15:25:00,2023-01-06 15:40:00,NY   21-03JST,LONG,Q10+ac<0,140.664,140.59929,140.50529,3.15,3,stop,-6.47,-2039.0,-0.408,0.15871,-0.007476,-0.205,IS
2023-01-06 15:25:00,2023-01-06 15:30:00,2023-01-06 15:40:00,NY   21-03JST,LONG,Q10+ac<0,140.704,140.59604,140.54204,3.09,2,stop,-10.8,-3333.0,-0.667,0.16196,-0.005564,-0.1784,IS
2023-01-12 00:20:00,2023-01-12 00:25:00,2023-01-12 00:55:00,NY   21-03JST,LONG,Q10+ac<0,141.755,141.99464,141.60914,3.43,6,stop,23.96,8215.0,1.643,0.14586,-0.007002,-0.1805,IS
2023-01-12 00:25:00,2023-01-12 00:30:00,2023-01-12 00:55:00,NY   21-03JST,LONG,Q10+ac<0,141.805,141.996,141.6605,3.46,5,stop,19.1,6609.0,1.322,0.1445,-0.006542,-0.2845,IS
2023-01-12 00:30:00,2023-01-12 00:35:00,2023-01-12 00:55:00,NY   21-03JST,LONG,Q10+ac<0,141.763,142.00511,141.62761,3.69,4,stop,24.21,8941.0,1.788,0.13539,-0.007189,-0.3095,IS
2023-01-12 00:35:00,2023-01-12 00:40:00,2023-01-12 00:55:00,NY   21-03JST,LONG,Q10+ac<0,141.802,142.00307,141.66457,3.64,3,stop,20.11,7315.0,1.463,0.13743,-0.006929,-0.3222,IS
2023-01-12 00:40:00,2023-01-12 00:45:00,2023-01-12 00:55:00,NY   21-03JST,LONG,Q10+ac<0,141.8755,142.00532,141.74032,3.7,2,stop,12.98,4802.0,0.96,0.13518,-0.006264,-0.442,IS
2023-01-12 00:45:00,2023-01-12 00:50:00,2023-01-12 01:15:00,NY   21-03JST,LONG,Q10+ac<0,141.976,141.94236,141.84086,3.7,5,stop,-3.36,-1245.0,-0.249,0.13514,-0.005109,-0.228,IS
2023-01-12 00:55:00,2023-01-12 01:00:00,2023-01-12 01:15:00,NY   21-03JST,LONG,Q10+ac<0,141.9515,141.93707,141.81107,3.56,3,stop,-1.44,-514.0,-0.103,0.14043,-0.004872,-0.1921,IS
2023-01-12 10:05:00,2023-01-12 10:10:00,2023-01-12 10:45:00,欧州 15-21JST,SHORT,Q10+ac>0,141.028,141.06171,141.17471,3.41,7,stop,-3.37,-1149.0,-0.23,0.14671,-0.006789,0.2264,IS
2023-01-12 10:15:00,2023-01-12 10:20:00,2023-01-12 10:45:00,欧州 15-21JST,SHORT,Q10+ac>0,140.9875,141.05939,141.13189,3.46,5,stop,-7.19,-2489.0,-0.498,0.14439,-0.006545,0.151,IS
2023-01-12 10:20:00,2023-01-12 10:25:00,2023-01-12 10:45:00,欧州 15-21JST,SHORT,Q10+ac>0,140.9975,141.04621,141.12871,3.81,4,stop,-4.87,-1856.0,-0.371,0.13121,-0.006208,0.1149,IS
2023-01-12 10:25:00,2023-01-12 10:30:00,2023-01-12 10:45:00,欧州 15-21JST,SHORT,Q10+ac>0,141.0175,141.05829,141.14029,4.07,3,stop,-4.08,-1661.0,-0.332,0.12279,-0.005409,0.3429,IS
2023-01-12 11:05:00,2023-01-12 11:10:00,2023-01-12 11:35:00,欧州 15-21JST,SHORT,Q10+ac>0,140.948,140.89443,141.03543,5.72,5,stop,5.36,3064.0,0.613,0.08743,-0.006435,0.1103,IS
2023-01-12 13:35:00,2023-01-12 13:40:00,2023-01-12 13:45:00,NY   21-03JST,LONG,Q10+ac<0,140.3375,140.152,140.1545,2.73,1,stop,-18.55,-5068.0,-1.014,0.183,-0.00552,-0.2901,IS
2023-01-12 13:40:00,2023-01-12 13:45:00,2023-01-12 14:45:00,NY   21-03JST,LONG,Q10+ac<0,140.281,140.68686,140.08686,2.58,12,stop,40.59,10453.0,2.091,0.19414,-0.005542,-0.2978,IS
2023-01-12 13:45:00,2023-01-12 13:50:00,2023-01-12 14:50:00,NY   21-03JST,LONG,Q10+ac<0,140.2555,140.67693,140.05143,2.45,12,stop,42.14,10326.0,2.065,0.20407,-0.006836,-0.3062,IS
2023-01-12 13:50:00,2023-01-12 13:55:00,2023-01-12 14:50:00,NY   21-03JST,LONG,Q10+ac<0,140.345,140.67021,140.13421,2.37,11,stop,32.52,7714.0,1.543,0.21079,-0.006508,-0.3126,IS
2023-01-12 13:55:00,2023-01-12 14:00:00,2023-01-12 14:50:00,NY   21-03JST,LONG,Q10+ac<0,140.41,140.65604,140.18504,2.22,10,stop,24.6,5468.0,1.094,0.22496,-0.005661,-0.2618,IS
2023-01-13 14:00:00,2023-01-13 14:05:00,2023-01-13 14:25:00,NY   21-03JST,LONG,Q10+ac<0,138.255,138.47693,138.14193,4.42,4,stop,22.19,9814.0,1.963,0.11307,-0.008063,-0.1193,IS
2023-01-13 14:05:00,2023-01-13 14:10:00,2023-01-13 14:25:00,NY   21-03JST,LONG,Q10+ac<0,138.358,138.47096,138.23896,4.2,3,stop,11.3,4745.0,0.949,0.11904,-0.007371,-0.3992,IS
2023-01-13 14:45:00,2023-01-13 14:50:00,2023-01-13 15:00:00,NY   21-03JST,LONG,Q10+ac<0,138.077,138.12946,137.92646,3.32,2,stop,5.25,1743.0,0.349,0.15054,-0.008868,-0.1368,IS
2023-01-13 14:50:00,2023-01-13 14:55:00,2023-01-13 15:20:00,NY   21-03JST,LONG,Q10+ac<0,138.2285,138.35293,138.07543,3.27,5,stop,12.44,4064.0,0.813,0.15307,-0.008062,-0.2664,IS
2023-01-13 14:55:00,2023-01-13 15:00:00,2023-01-13 15:20:00,NY   21-03JST,LONG,Q10+ac<0,138.1565,138.36093,138.01143,3.45,4,stop,20.44,7046.0,1.409,0.14507,-0.008328,-0.3389,IS
2023-01-13 15:00:00,2023-01-13 15:05:00,2023-01-13 15:20:00,NY   21-03JST,LONG,Q10+ac<0,138.297,138.34357,138.13457,3.08,3,stop,4.66,1434.0,0.287,0.16243,-0.008054,-0.2974,IS
2023-01-13 15:05:00,2023-01-13 15:10:00,2023-01-13 15:20:00,NY   21-03JST,LONG,Q10+ac<0,138.4085,138.34043,138.24293,3.02,2,stop,-6.81,-2056.0,-0.411,0.16557,-0.006309,-0.2518,IS
2023-01-13 15:10:00,2023-01-13 15:15:00,2023-01-13 15:25:00,NY   21-03JST,LONG,Q10+ac<0,138.465,138.34071,138.30621,3.15,2,stop,-12.43,-3914.0,-0.783,0.15879,-0.005941,-0.2598,IS
2023-01-13 15:15:00,2023-01-13 15:20:00,2023-01-13 15:25:00,NY   21-03JST,LONG,Q10+ac<0,138.5045,138.34714,138.34964,3.23,1,stop,-15.74,-5081.0,-1.016,0.15486,-0.005323,-0.2393,IS
2023-01-13 15:20:00,2023-01-13 15:25:00,2023-01-13 15:35:00,NY   21-03JST,LONG,Q10+ac<0,138.4305,138.27054,138.27304,3.18,2,stop,-16.0,-5079.0,-1.016,0.15746,-0.004849,-0.2669,IS
2023-01-13 15:25:00,2023-01-13 15:30:00,2023-01-13 15:45:00,NY   21-03JST,LONG,Q10+ac<0,138.327,138.16814,138.17064,3.2,3,stop,-15.89,-5080.0,-1.016,0.15636,-0.006202,-0.2273,IS
2023-01-13 15:30:00,2023-01-13 15:35:00,2023-01-13 15:50:00,NY   21-03JST,LONG,Q10+ac<0,138.2825,138.12418,138.12668,3.21,3,stop,-15.83,-5080.0,-1.016,0.15582,-0.006051,-0.2686,IS
2023-01-13 15:35:00,2023-01-13 15:40:00,2023-01-13 15:50:00,NY   21-03JST,LONG,Q10+ac<0,138.262,138.10957,138.11207,3.33,2,stop,-15.24,-5083.0,-1.017,0.14993,-0.005035,-0.1928,IS
2023-01-17 15:45:00,2023-01-17 15:50:00,2023-01-17 15:55:00,NY   21-03JST,LONG,Q10+ac<0,138.787,138.65275,138.65525,3.8,1,stop,-13.43,-5095.0,-1.019,0.13175,-0.006156,-0.2694,IS
2023-01-17 15:50:00,2023-01-17 15:55:00,2023-01-17 16:00:00,NY   21-03JST,LONG,Q10+ac<0,138.7385,138.60304,138.60554,3.76,1,stop,-13.55,-5094.0,-1.019,0.13296,-0.007681,-0.2227,IS
2023-01-17 15:55:00,2023-01-17 16:00:00,2023-01-17 16:35:00,NY   21-03JST,LONG,Q10+ac<0,138.425,138.34246,138.27696,3.38,7,stop,-8.25,-2788.0,-0.558,0.14804,-0.010683,-0.2064,IS
2023-01-17 16:00:00,2023-01-17 16:05:00,2023-01-17 16:35:00,NY   21-03JST,LONG,Q10+ac<0,138.3645,138.33679,138.21079,3.25,6,stop,-2.77,-901.0,-0.18,0.15371,-0.010718,-0.1899,IS
2023-01-17 16:05:00,2023-01-17 16:10:00,2023-01-17 16:35:00,NY   21-03JST,LONG,Q10+ac<0,138.3575,138.3375,138.2045,3.27,5,stop,-2.0,-654.0,-0.131,0.153,-0.010306,-0.1805,IS
2023-01-17 17:35:00,2023-01-17 17:40:00,2023-01-17 19:15:00,NY   21-03JST,LONG,Q10+ac<0,138.2565,138.57782,138.17982,6.52,19,stop,32.13,20952.0,4.19,0.07668,-0.006336,-0.2536,IS
2023-01-18 07:25:00,2023-01-18 07:30:00,2023-01-18 07:40:00,欧州 15-21JST,SHORT,Q10+ac>0,140.919,140.9,141.1405,2.26,2,stop,1.9,429.0,0.086,0.2215,-0.004856,0.2188,IS
2023-01-18 07:30:00,2023-01-18 07:35:00,2023-01-18 07:45:00,欧州 15-21JST,SHORT,Q10+ac>0,140.916,141.06296,141.13896,2.24,2,stop,-14.7,-3296.0,-0.659,0.22296,-0.005177,0.172,IS
2023-01-18 09:30:00,2023-01-18 09:35:00,2023-01-18 09:40:00,欧州 15-21JST,SHORT,Q10+ac>0,140.3665,140.54568,140.54318,2.83,1,stop,-17.92,-5071.0,-1.014,0.17668,-0.004962,0.2047,IS
2023-01-18 09:45:00,2023-01-18 09:50:00,2023-01-18 10:00:00,欧州 15-21JST,SHORT,Q10+ac>0,140.5585,140.62861,140.73661,2.81,2,stop,-7.01,-1968.0,-0.394,0.17811,-0.005943,0.1253,IS
2023-01-18 09:50:00,2023-01-18 09:55:00,2023-01-18 12:00:00,欧州 15-21JST,SHORT,Q10+ac>0,140.527,139.65957,140.70757,2.77,25,stop,86.74,24019.0,4.804,0.18057,-0.005356,0.1223,IS
2023-01-18 11:55:00,2023-01-18 12:00:00,2023-01-18 12:05:00,欧州 15-21JST,SHORT,Q10+ac>0,139.5045,139.64204,139.63954,3.7,1,stop,-13.75,-5093.0,-1.019,0.13504,-0.010186,0.1939,IS
2023-01-18 13:25:00,2023-01-18 13:30:00,2023-01-18 13:35:00,NY   21-03JST,LONG,Q10+ac<0,139.5715,139.43146,139.43396,3.64,1,stop,-14.0,-5091.0,-1.018,0.13754,-0.005377,-0.1009,IS
2023-01-18 14:25:00,2023-01-18 14:30:00,2023-01-18 15:05:00,NY   21-03JST,LONG,Q10+ac<0,138.9605,139.14957,138.79257,2.98,7,stop,18.91,5630.0,1.126,0.16793,-0.007655,-0.1267,IS
2023-01-18 14:30:00,2023-01-18 14:35:00,2023-01-18 15:10:00,NY   21-03JST,LONG,Q10+ac<0,139.0555,139.14257,138.88057,2.86,7,stop,8.71,2489.0,0.498,0.17493,-0.006154,-0.2285,IS
2023-01-18 15:05:00,2023-01-18 15:10:00,2023-01-18 15:20:00,NY   21-03JST,LONG,Q10+ac<0,139.1485,139.03386,139.00636,3.52,2,stop,-11.46,-4033.0,-0.807,0.14214,-0.006017,-0.1481,IS
2023-01-19 05:20:00,2023-01-19 05:25:00,2023-01-19 05:35:00,NY   21-03JST,LONG,Q10+ac<0,138.0235,137.94682,137.92432,5.04,2,stop,-7.67,-3866.0,-0.773,0.09918,-0.005005,-0.2375,IS
2023-01-19 05:25:00,2023-01-19 05:30:00,2023-01-19 05:35:00,NY   21-03JST,LONG,Q10+ac<0,138.044,137.94561,137.94811,5.21,1,stop,-9.84,-5130.0,-1.026,0.09589,-0.005233,-0.3166,IS
2023-01-19 05:30:00,2023-01-19 05:35:00,2023-01-19 06:05:00,NY   21-03JST,LONG,Q10+ac<0,137.99,138.08546,137.89496,5.26,6,stop,9.55,5023.0,1.005,0.09504,-0.005793,-0.3897,IS
2023-01-19 05:35:00,2023-01-19 05:40:00,2023-01-19 06:05:00,NY   21-03JST,LONG,Q10+ac<0,137.9525,138.08789,137.85989,5.4,5,stop,13.54,7310.0,1.462,0.09261,-0.005845,-0.5448,IS
2023-01-19 05:40:00,2023-01-19 05:45:00,2023-01-19 06:05:00,NY   21-03JST,LONG,Q10+ac<0,138.024,138.08193,137.92543,5.07,4,stop,5.79,2938.0,0.588,0.09857,-0.006532,-0.5584,IS
2023-01-19 05:45:00,2023-01-19 05:50:00,2023-01-19 06:05:00,NY   21-03JST,LONG,Q10+ac<0,138.0095,138.08782,137.91682,5.39,3,stop,7.83,4225.0,0.845,0.09268,-0.007387,-0.4363,IS
2023-01-19 05:50:00,2023-01-19 05:55:00,2023-01-19 06:05:00,NY   21-03JST,LONG,Q10+ac<0,138.0825,138.08639,137.98839,5.31,2,stop,0.39,207.0,0.041,0.09411,-0.006241,-0.3293,IS
2023-01-19 05:55:00,2023-01-19 06:00:00,2023-01-19 06:20:00,NY   21-03JST,LONG,Q10+ac<0,138.1145,138.07846,138.02196,5.4,4,stop,-3.6,-1947.0,-0.389,0.09254,-0.005787,-0.3048,IS
2023-01-24 16:45:00,2023-01-24 16:50:00,2023-01-24 18:45:00,NY   21-03JST,LONG,Q10+ac<0,141.3825,141.478,141.278,4.78,23,stop,9.55,4569.0,0.914,0.1045,-0.005762,-0.6205,IS
2023-01-24 16:50:00,2023-01-24 16:55:00,2023-01-24 18:40:00,NY   21-03JST,LONG,Q10+ac<0,141.4115,141.48186,141.31086,4.97,21,stop,7.04,3495.0,0.699,0.10064,-0.007381,-0.5448,IS
2023-01-24 16:55:00,2023-01-24 17:00:00,2023-01-24 18:40:00,NY   21-03JST,LONG,Q10+ac<0,141.422,141.48211,141.32161,4.98,20,stop,6.01,2994.0,0.599,0.10039,-0.007072,-0.3723,IS
2023-01-24 17:00:00,2023-01-24 17:05:00,2023-01-24 17:40:00,NY   21-03JST,LONG,Q10+ac<0,141.38,141.4155,141.283,5.15,7,stop,3.55,1830.0,0.366,0.097,-0.006592,-0.3484,IS
2023-01-24 17:05:00,2023-01-24 17:10:00,2023-01-24 17:35:00,NY   21-03JST,LONG,Q10+ac<0,141.458,141.42182,141.36732,5.51,5,stop,-3.62,-1995.0,-0.399,0.09068,-0.005421,-0.5907,IS
2023-01-25 11:15:00,2023-01-25 11:20:00,2023-01-25 11:30:00,欧州 15-21JST,SHORT,Q10+ac>0,140.912,140.96246,140.99546,5.99,2,stop,-5.05,-3023.0,-0.605,0.08346,-0.004914,0.4139,IS
2023-01-25 11:25:00,2023-01-25 11:30:00,2023-01-25 11:35:00,欧州 15-21JST,SHORT,Q10+ac>0,140.902,140.99014,140.98764,5.84,1,stop,-8.81,-5146.0,-1.029,0.08564,-0.005198,0.2433,IS
2023-01-27 00:50:00,2023-01-27 00:55:00,2023-01-27 09:10:00,NY   21-03JST,LONG,Q10+ac<0,141.14,141.36607,141.01657,4.05,3,stop,22.61,9158.0,1.832,0.12343,-0.005988,-0.2049,IS
2023-01-27 00:55:00,2023-01-27 09:00:00,2023-01-27 09:10:00,NY   21-03JST,LONG,Q10+ac<0,141.478,141.34354,141.34604,3.79,2,stop,-13.45,-5095.0,-1.019,0.13196,-0.005119,-0.3442,IS
2023-01-30 05:05:00,2023-01-30 05:10:00,2023-01-30 06:05:00,NY   21-03JST,LONG,Q10+ac<0,140.8695,140.78971,140.68221,2.67,11,stop,-7.98,-2130.0,-0.426,0.18729,-0.004994,-0.6791,IS
2023-01-30 05:10:00,2023-01-30 05:15:00,2023-01-30 06:00:00,NY   21-03JST,LONG,Q10+ac<0,140.7535,140.82243,140.59893,3.23,9,stop,6.89,2230.0,0.446,0.15457,-0.0061,-0.3071,IS
2023-01-30 05:15:00,2023-01-30 05:20:00,2023-01-30 06:00:00,NY   21-03JST,LONG,Q10+ac<0,140.786,140.8355,140.6445,3.53,8,stop,4.95,1749.0,0.35,0.1415,-0.005903,-0.4847,IS
2023-01-30 05:20:00,2023-01-30 05:25:00,2023-01-30 06:00:00,NY   21-03JST,LONG,Q10+ac<0,140.773,140.85686,140.65286,4.16,7,stop,8.39,3490.0,0.698,0.12014,-0.005761,-0.4834,IS
2023-02-02 13:20:00,2023-02-02 13:25:00,2023-02-02 13:30:00,NY   21-03JST,LONG,Q10+ac<0,140.82,140.66732,140.66982,3.33,1,stop,-15.27,-5083.0,-1.017,0.15018,-0.006749,-0.2445,IS
2023-02-02 13:25:00,2023-02-02 13:30:00,2023-02-02 13:50:00,NY   21-03JST,LONG,Q10+ac<0,140.7085,140.81764,140.55364,3.23,4,stop,10.91,3524.0,0.705,0.15486,-0.008115,-0.2751,IS
2023-02-02 13:30:00,2023-02-02 13:35:00,2023-02-02 13:50:00,NY   21-03JST,LONG,Q10+ac<0,140.674,140.81864,140.52014,3.25,3,stop,14.46,4701.0,0.94,0.15386,-0.008844,-0.2809,IS
2023-02-02 13:35:00,2023-02-02 13:40:00,2023-02-02 13:50:00,NY   21-03JST,LONG,Q10+ac<0,140.7725,140.81575,140.61575,3.19,2,stop,4.33,1380.0,0.276,0.15675,-0.007814,-0.247,IS
2023-02-02 13:40:00,2023-02-02 13:45:00,2023-02-02 13:50:00,NY   21-03JST,LONG,Q10+ac<0,140.8855,140.72404,140.72654,3.15,1,stop,-16.15,-5079.0,-1.016,0.15896,-0.006652,-0.1565,IS
2023-02-02 13:45:00,2023-02-02 13:50:00,2023-02-02 13:55:00,NY   21-03JST,LONG,Q10+ac<0,140.8775,140.71818,140.72068,3.19,1,stop,-15.93,-5080.0,-1.016,0.15682,-0.006643,-0.1308,IS
2023-02-02 13:50:00,2023-02-02 13:55:00,2023-02-02 14:00:00,NY   21-03JST,LONG,Q10+ac<0,140.6795,140.50982,140.51232,2.99,1,stop,-16.97,-5075.0,-1.015,0.16718,-0.007747,-0.1388,IS
2023-02-02 14:05:00,2023-02-02 14:10:00,2023-02-02 14:20:00,NY   21-03JST,LONG,Q10+ac<0,140.4075,140.42146,140.21446,2.59,2,stop,1.4,362.0,0.072,0.19304,-0.010643,-0.1535,IS
2023-02-07 15:50:00,2023-02-07 15:55:00,2023-02-07 16:00:00,NY   21-03JST,LONG,Q10+ac<0,140.4275,140.32479,140.32729,4.99,1,stop,-10.27,-5125.0,-1.025,0.10021,-0.006082,-0.5169,IS
2023-02-07 15:55:00,2023-02-07 16:00:00,2023-02-07 16:10:00,NY   21-03JST,LONG,Q10+ac<0,140.3385,140.35211,140.23711,4.93,2,stop,1.36,671.0,0.134,0.10139,-0.006924,-0.3293,IS
2023-02-07 16:00:00,2023-02-07 16:05:00,2023-02-07 16:50:00,NY   21-03JST,LONG,Q10+ac<0,140.363,140.55321,140.25771,4.75,9,stop,19.02,9033.0,1.807,0.10529,-0.007092,-0.2634,IS
2023-02-07 16:05:00,2023-02-07 16:10:00,2023-02-07 16:50:00,NY   21-03JST,LONG,Q10+ac<0,140.3225,140.54718,140.21118,4.49,8,stop,22.47,10091.0,2.018,0.11132,-0.007577,-0.3629,IS
2023-02-07 16:10:00,2023-02-07 16:15:00,2023-02-07 16:50:00,NY   21-03JST,LONG,Q10+ac<0,140.426,140.54736,140.31486,4.5,7,stop,12.14,5460.0,1.092,0.11114,-0.005862,-0.2654,IS
2023-02-07 16:15:00,2023-02-07 16:20:00,2023-02-07 16:50:00,NY   21-03JST,LONG,Q10+ac<0,140.4245,140.54539,140.31139,4.42,6,stop,12.09,5344.0,1.069,0.11311,-0.00613,-0.1295,IS
2023-02-10 07:15:00,2023-02-10 07:20:00,2023-02-10 07:30:00,欧州 15-21JST,SHORT,Q10+ac>0,140.6225,140.45654,140.71054,5.68,2,stop,16.6,9426.0,1.885,0.08804,-0.005229,0.4319,IS
2023-02-10 08:20:00,2023-02-10 08:25:00,2023-02-10 08:35:00,欧州 15-21JST,SHORT,Q10+ac>0,139.848,140.01668,140.13518,1.74,2,stop,-16.87,-2937.0,-0.587,0.28718,-0.012269,0.1949,IS
2023-02-10 08:25:00,2023-02-10 08:30:00,2023-02-10 08:35:00,欧州 15-21JST,SHORT,Q10+ac>0,139.7255,139.98254,139.98004,1.96,1,stop,-25.7,-5049.0,-1.01,0.25454,-0.013463,0.2039,IS
2023-02-10 08:35:00,2023-02-10 08:40:00,2023-02-10 09:00:00,欧州 15-21JST,SHORT,Q10+ac>0,140.048,140.05729,140.28129,2.14,4,stop,-0.93,-199.0,-0.04,0.23329,-0.010595,0.2173,IS
2023-02-10 08:40:00,2023-02-10 08:45:00,2023-02-10 09:00:00,欧州 15-21JST,SHORT,Q10+ac>0,139.961,140.086,140.185,2.23,3,stop,-12.5,-2790.0,-0.558,0.224,-0.011854,0.1325,IS
2023-02-10 11:30:00,2023-02-10 11:35:00,2023-02-10 11:50:00,欧州 15-21JST,SHORT,Q10+ac>0,140.0145,139.93696,140.09496,6.21,3,stop,7.75,4818.0,0.964,0.08046,-0.005944,0.3183,IS
2023-02-10 11:35:00,2023-02-10 11:40:00,2023-02-10 11:50:00,欧州 15-21JST,SHORT,Q10+ac>0,139.989,139.93007,140.06257,6.8,2,stop,5.89,4005.0,0.801,0.07357,-0.005312,0.2816,IS
2023-02-23 16:30:00,2023-02-23 16:35:00,2023-02-23 17:05:00,NY   21-03JST,LONG,Q10+ac<0,142.654,142.60043,142.57693,6.49,6,stop,-5.36,-3475.0,-0.695,0.07707,-0.005207,-0.3771,IS
2023-02-23 16:40:00,2023-02-23 16:45:00,2023-02-23 17:05:00,NY   21-03JST,LONG,Q10+ac<0,142.613,142.60379,142.53929,6.78,4,stop,-0.92,-625.0,-0.125,0.07371,-0.004901,-0.4489,IS
2023-02-28 16:50:00,2023-02-28 16:55:00,2023-02-28 17:15:00,NY   21-03JST,LONG,Q10+ac<0,144.3165,144.22296,144.20146,4.35,4,stop,-9.35,-4066.0,-0.813,0.11504,-0.009338,-0.2736,IS
2023-02-28 16:55:00,2023-02-28 17:00:00,2023-02-28 17:15:00,NY   21-03JST,LONG,Q10+ac<0,144.2775,144.23146,144.17096,4.69,3,stop,-4.6,-2161.0,-0.432,0.10654,-0.009165,-0.1198,IS
2023-02-28 17:00:00,2023-02-28 17:05:00,2023-02-28 17:15:00,NY   21-03JST,LONG,Q10+ac<0,144.2415,144.2445,144.148,5.35,2,stop,0.3,160.0,0.032,0.0935,-0.008462,-0.1583,IS
2023-02-28 17:05:00,2023-02-28 17:10:00,2023-02-28 17:15:00,NY   21-03JST,LONG,Q10+ac<0,144.3125,144.22339,144.22589,5.77,1,stop,-8.91,-5144.0,-1.029,0.08661,-0.007137,-0.1812,IS
2023-02-28 17:10:00,2023-02-28 17:15:00,2023-02-28 17:25:00,NY   21-03JST,LONG,Q10+ac<0,144.237,144.15064,144.15314,5.96,2,stop,-8.64,-5149.0,-1.03,0.08386,-0.007089,-0.3565,IS
2023-02-28 17:15:00,2023-02-28 17:20:00,2023-02-28 17:40:00,NY   21-03JST,LONG,Q10+ac<0,144.211,144.1445,144.129,6.1,4,stop,-6.65,-4055.0,-0.811,0.082,-0.007552,-0.2879,IS
2023-02-28 17:20:00,2023-02-28 17:25:00,2023-02-28 17:40:00,NY   21-03JST,LONG,Q10+ac<0,144.1815,144.14732,144.10232,6.31,3,stop,-3.42,-2158.0,-0.432,0.07918,-0.006546,-0.3017,IS
2023-02-28 17:25:00,2023-02-28 17:30:00,2023-02-28 17:40:00,NY   21-03JST,LONG,Q10+ac<0,144.17,144.14896,144.09246,6.45,2,stop,-2.1,-1357.0,-0.271,0.07754,-0.006143,-0.3701,IS
2023-02-28 17:30:00,2023-02-28 17:35:00,2023-02-28 17:45:00,NY   21-03JST,LONG,Q10+ac<0,144.1675,144.10736,144.09336,6.74,2,stop,-6.01,-4056.0,-0.811,0.07414,-0.006603,-0.2693,IS
2023-02-28 17:35:00,2023-02-28 17:40:00,2023-02-28 17:45:00,NY   21-03JST,LONG,Q10+ac<0,144.1655,144.08886,144.09136,6.74,1,stop,-7.66,-5169.0,-1.034,0.07414,-0.006488,-0.2605,IS
2023-02-28 17:40:00,2023-02-28 17:45:00,2023-02-28 17:50:00,NY   21-03JST,LONG,Q10+ac<0,144.1635,144.09196,144.09446,7.24,1,stop,-7.15,-5181.0,-1.036,0.06904,-0.005838,-0.241,IS
2023-02-28 17:45:00,2023-02-28 17:50:00,2023-02-28 18:00:00,NY   21-03JST,LONG,Q10+ac<0,144.018,143.97111,143.94411,6.77,2,stop,-4.69,-3173.0,-0.635,0.07389,-0.005803,-0.299,IS
2023-03-10 08:10:00,2023-03-10 08:15:00,2023-03-10 08:20:00,欧州 15-21JST,SHORT,Q10+ac>0,144.097,144.22114,144.21864,4.11,1,stop,-12.41,-5103.0,-1.021,0.12164,-0.005381,0.2436,IS
2023-03-10 15:05:00,2023-03-10 15:10:00,2023-03-10 15:20:00,NY   21-03JST,LONG,Q10+ac<0,143.7085,143.60504,143.53904,2.95,2,stop,-10.35,-3053.0,-0.611,0.16946,-0.010631,-0.1663,IS
2023-03-10 15:25:00,2023-03-10 15:30:00,2023-03-10 15:40:00,NY   21-03JST,LONG,Q10+ac<0,143.649,143.56414,143.47464,2.87,2,stop,-8.49,-2433.0,-0.487,0.17436,-0.011352,-0.2184,IS
2023-03-10 15:30:00,2023-03-10 15:35:00,2023-03-10 15:40:00,NY   21-03JST,LONG,Q10+ac<0,143.711,143.54389,143.54639,3.04,1,stop,-16.71,-5076.0,-1.015,0.16461,-0.007921,-0.3479,IS
2023-03-10 15:35:00,2023-03-10 15:40:00,2023-03-10 15:45:00,NY   21-03JST,LONG,Q10+ac<0,143.675,143.51296,143.51546,3.13,1,stop,-16.2,-5078.0,-1.016,0.15954,-0.008892,-0.3515,IS
2023-03-10 15:40:00,2023-03-10 15:45:00,2023-03-10 15:55:00,NY   21-03JST,LONG,Q10+ac<0,143.531,143.53596,143.37746,3.26,2,stop,0.5,162.0,0.032,0.15354,-0.010718,-0.2927,IS
2023-03-10 15:45:00,2023-03-10 15:50:00,2023-03-10 16:00:00,NY   21-03JST,LONG,Q10+ac<0,143.5415,143.502,143.3915,3.33,2,stop,-3.95,-1317.0,-0.263,0.15,-0.010805,-0.3358,IS
2023-03-10 15:50:00,2023-03-10 15:55:00,2023-03-10 16:40:00,NY   21-03JST,LONG,Q10+ac<0,143.625,143.96807,143.47157,3.26,9,stop,34.31,11180.0,2.236,0.15343,-0.009752,-0.2954,IS
2023-03-10 15:55:00,2023-03-10 16:00:00,2023-03-10 16:40:00,NY   21-03JST,LONG,Q10+ac<0,143.5335,143.97632,143.38832,3.44,8,stop,44.28,15251.0,3.05,0.14518,-0.011719,-0.1932,IS
2023-03-10 16:00:00,2023-03-10 16:05:00,2023-03-10 16:40:00,NY   21-03JST,LONG,Q10+ac<0,143.6345,143.973,143.486,3.37,7,stop,33.85,11397.0,2.279,0.1485,-0.010625,-0.1732,IS
2023-03-13 08:45:00,2023-03-13 08:50:00,2023-03-13 09:35:00,欧州 15-21JST,SHORT,Q10+ac>0,143.451,142.24782,143.60132,3.33,9,stop,120.32,40020.0,8.004,0.15032,-0.005234,0.1799,IS
2023-03-13 08:50:00,2023-03-13 08:55:00,2023-03-13 09:35:00,欧州 15-21JST,SHORT,Q10+ac>0,143.362,142.24943,143.51393,3.29,8,stop,111.26,36615.0,7.323,0.15193,-0.006928,0.1744,IS
2023-03-13 08:55:00,2023-03-13 09:00:00,2023-03-13 09:35:00,欧州 15-21JST,SHORT,Q10+ac>0,143.2715,142.25379,143.42779,3.2,7,stop,101.77,32559.0,6.512,0.15629,-0.00805,0.2191,IS
2023-03-13 09:00:00,2023-03-13 09:05:00,2023-03-13 09:35:00,欧州 15-21JST,SHORT,Q10+ac>0,143.1315,142.26961,143.30361,2.91,6,stop,86.19,25039.0,5.008,0.17211,-0.009665,0.1256,IS
2023-03-13 09:05:00,2023-03-13 09:10:00,2023-03-13 09:35:00,欧州 15-21JST,SHORT,Q10+ac>0,143.0005,142.27896,143.18196,2.76,5,stop,72.15,19881.0,3.976,0.18146,-0.010922,0.1046,IS
2023-03-13 12:50:00,2023-03-13 12:55:00,2023-03-13 13:35:00,NY   21-03JST,LONG,Q10+ac<0,141.5835,141.96079,141.38679,2.54,8,stop,37.73,9590.0,1.918,0.19671,-0.00878,-0.4596,IS
2023-03-15 09:35:00,2023-03-15 09:40:00,2023-03-15 09:50:00,欧州 15-21JST,SHORT,Q10+ac>0,143.2775,143.31314,143.47014,2.6,2,stop,-3.56,-925.0,-0.185,0.19264,-0.012795,0.462,IS
2023-03-15 09:40:00,2023-03-15 09:45:00,2023-03-15 09:50:00,欧州 15-21JST,SHORT,Q10+ac>0,143.17,143.38214,143.37964,2.39,1,stop,-21.21,-5060.0,-1.012,0.20964,-0.013217,0.2359,IS
2023-03-15 09:45:00,2023-03-15 09:50:00,2023-03-15 10:15:00,欧州 15-21JST,SHORT,Q10+ac>0,143.3705,142.9705,143.593,2.25,5,stop,40.0,8989.0,1.798,0.2225,-0.012585,0.2251,IS
2023-03-15 09:50:00,2023-03-15 09:55:00,2023-03-15 10:15:00,欧州 15-21JST,SHORT,Q10+ac>0,143.3785,142.97264,143.60314,2.23,4,stop,40.59,9033.0,1.807,0.22464,-0.012183,0.3183,IS
2023-03-15 09:55:00,2023-03-15 10:00:00,2023-03-15 10:15:00,欧州 15-21JST,SHORT,Q10+ac>0,143.2985,142.97736,143.52786,2.18,3,stop,32.11,7001.0,1.4,0.22936,-0.012788,0.3423,IS
2023-03-15 10:00:00,2023-03-15 10:05:00,2023-03-15 10:15:00,欧州 15-21JST,SHORT,Q10+ac>0,143.1095,142.98271,143.34421,2.13,2,stop,12.68,2701.0,0.54,0.23471,-0.01496,0.3438,IS
2023-03-15 10:05:00,2023-03-15 10:10:00,2023-03-15 10:20:00,欧州 15-21JST,SHORT,Q10+ac>0,142.963,142.97768,143.20168,2.09,2,stop,-1.47,-307.0,-0.061,0.23868,-0.016295,0.3558,IS
2023-03-15 10:10:00,2023-03-15 10:15:00,2023-03-15 10:20:00,欧州 15-21JST,SHORT,Q10+ac>0,142.7435,142.98207,142.97957,2.12,1,stop,-23.86,-5053.0,-1.011,0.23607,-0.01806,0.3913,IS
2023-03-15 10:15:00,2023-03-15 10:20:00,2023-03-15 10:55:00,欧州 15-21JST,SHORT,Q10+ac>0,142.8545,141.95982,143.10482,2.0,7,stop,89.47,17871.0,3.574,0.25032,-0.017975,0.2231,IS
2023-03-15 10:20:00,2023-03-15 10:25:00,2023-03-15 10:55:00,欧州 15-21JST,SHORT,Q10+ac>0,142.922,141.96111,143.17361,1.99,6,stop,96.09,19095.0,3.819,0.25161,-0.017214,0.3366,IS
2023-03-15 10:25:00,2023-03-15 10:30:00,2023-03-15 10:55:00,欧州 15-21JST,SHORT,Q10+ac>0,142.628,141.96971,142.88821,1.92,5,stop,65.83,12649.0,2.53,0.26021,-0.019233,0.1949,IS
2023-03-15 10:35:00,2023-03-15 10:40:00,2023-03-15 10:55:00,欧州 15-21JST,SHORT,Q10+ac>0,142.1675,141.98629,142.44429,1.81,3,stop,18.12,3274.0,0.655,0.27679,-0.021714,0.1282,IS
2023-03-15 10:40:00,2023-03-15 10:45:00,2023-03-15 10:55:00,欧州 15-21JST,SHORT,Q10+ac>0,142.0565,141.97825,142.32525,1.86,2,stop,7.83,1456.0,0.291,0.26875,-0.023322,0.1852,IS
2023-03-15 12:00:00,2023-03-15 12:05:00,2023-03-15 12:10:00,NY   21-03JST,LONG,Q10+ac<0,141.0995,140.85157,140.85407,2.04,1,stop,-24.79,-5051.0,-1.01,0.24543,-0.017403,-0.3533,IS
2023-03-15 13:05:00,2023-03-15 13:10:00,2023-03-15 13:15:00,NY   21-03JST,LONG,Q10+ac<0,139.872,139.59354,139.59604,1.81,1,stop,-27.85,-5045.0,-1.009,0.27596,-0.018207,-0.1113,IS
2023-03-15 13:15:00,2023-03-15 13:20:00,2023-03-15 13:45:00,NY   21-03JST,LONG,Q10+ac<0,139.7135,140.21371,139.44321,1.85,5,stop,50.02,9253.0,1.851,0.27029,-0.019071,-0.3934,IS
2023-03-15 13:25:00,2023-03-15 13:30:00,2023-03-15 13:45:00,NY   21-03JST,LONG,Q10+ac<0,139.6015,140.21496,139.33246,1.86,3,stop,61.35,11401.0,2.28,0.26904,-0.018962,-0.1216,IS
2023-03-15 13:30:00,2023-03-15 13:35:00,2023-03-15 13:45:00,NY   21-03JST,LONG,Q10+ac<0,140.313,140.17086,139.99986,1.6,2,stop,-14.21,-2270.0,-0.454,0.31314,-0.011653,-0.3527,IS
2023-03-15 13:35:00,2023-03-15 13:40:00,2023-03-15 13:50:00,NY   21-03JST,LONG,Q10+ac<0,140.2425,140.14632,139.92132,1.56,2,stop,-9.62,-1497.0,-0.299,0.32118,-0.012994,-0.2586,IS
2023-03-15 13:40:00,2023-03-15 13:45:00,2023-03-15 13:50:00,NY   21-03JST,LONG,Q10+ac<0,140.448,140.13157,140.13407,1.59,1,stop,-31.64,-5040.0,-1.008,0.31393,-0.011582,-0.2718,IS
2023-03-15 13:45:00,2023-03-15 13:50:00,2023-03-15 14:00:00,NY   21-03JST,LONG,Q10+ac<0,140.141,139.90371,139.82471,1.58,2,stop,-23.73,-3751.0,-0.75,0.31629,-0.012278,-0.3337,IS
2023-03-15 13:50:00,2023-03-15 13:55:00,2023-03-15 14:00:00,NY   21-03JST,LONG,Q10+ac<0,140.1775,139.85843,139.86093,1.58,1,stop,-31.91,-5039.0,-1.008,0.31657,-0.011593,-0.3442,IS
2023-03-15 13:55:00,2023-03-15 14:00:00,2023-03-15 14:30:00,NY   21-03JST,LONG,Q10+ac<0,139.982,140.32518,139.66318,1.57,6,stop,34.32,5382.0,1.076,0.31882,-0.012146,-0.3418,IS
2023-03-15 14:00:00,2023-03-15 14:05:00,2023-03-15 14:30:00,NY   21-03JST,LONG,Q10+ac<0,139.8,140.33061,139.48661,1.6,5,stop,53.06,8466.0,1.693,0.31339,-0.010966,-0.2946,IS
2023-03-15 14:05:00,2023-03-15 14:10:00,2023-03-15 14:30:00,NY   21-03JST,LONG,Q10+ac<0,140.1565,140.31307,139.82557,1.51,4,stop,15.66,2366.0,0.473,0.33093,-0.00519,-0.4444,IS
2023-03-15 16:15:00,2023-03-15 16:20:00,2023-03-15 16:35:00,NY   21-03JST,LONG,Q10+ac<0,139.645,139.75425,139.47675,2.97,3,stop,10.93,3247.0,0.649,0.16825,-0.006849,-0.1137,IS
2023-03-15 16:20:00,2023-03-15 16:25:00,2023-03-15 16:35:00,NY   21-03JST,LONG,Q10+ac<0,139.6355,139.75393,139.46693,2.97,2,stop,11.84,3513.0,0.703,0.16857,-0.007521,-0.1773,IS
2023-03-16 00:25:00,2023-03-16 00:30:00,2023-03-16 01:10:00,NY   21-03JST,LONG,Q10+ac<0,140.2605,141.2935,140.142,4.22,8,stop,103.3,43586.0,8.717,0.1185,-0.006928,-0.1197,IS
2023-03-16 12:40:00,2023-03-16 12:45:00,2023-03-16 12:55:00,NY   21-03JST,LONG,Q10+ac<0,140.2,140.19082,140.02232,2.81,2,stop,-0.92,-258.0,-0.052,0.17768,-0.006742,-0.2247,IS
2023-03-16 12:45:00,2023-03-16 12:50:00,2023-03-16 12:55:00,NY   21-03JST,LONG,Q10+ac<0,140.3735,140.18354,140.18604,2.67,1,stop,-19.0,-5067.0,-1.013,0.18746,-0.005163,-0.4306,IS
2023-03-16 12:50:00,2023-03-16 12:55:00,2023-03-16 13:05:00,NY   21-03JST,LONG,Q10+ac<0,140.1745,140.01279,139.97779,2.54,2,stop,-16.17,-4110.0,-0.822,0.19671,-0.006658,-0.4864,IS
2023-03-16 12:55:00,2023-03-16 13:00:00,2023-03-16 13:15:00,NY   21-03JST,LONG,Q10+ac<0,140.105,140.10439,139.90839,2.54,3,stop,-0.06,-15.0,-0.003,0.19661,-0.007766,-0.4666,IS
2023-03-16 13:00:00,2023-03-16 13:05:00,2023-03-16 13:15:00,NY   21-03JST,LONG,Q10+ac<0,140.1895,140.10196,139.99046,2.51,2,stop,-8.75,-2199.0,-0.44,0.19904,-0.006585,-0.456,IS
2023-03-16 13:05:00,2023-03-16 13:10:00,2023-03-16 13:20:00,NY   21-03JST,LONG,Q10+ac<0,140.052,140.45279,139.84229,2.38,2,stop,40.08,9556.0,1.911,0.20971,-0.007998,-0.5116,IS
2023-03-16 13:10:00,2023-03-16 13:15:00,2023-03-16 13:20:00,NY   21-03JST,LONG,Q10+ac<0,140.194,139.97082,139.97332,2.27,1,stop,-22.32,-5057.0,-1.011,0.22068,-0.005816,-0.5375,IS
2023-03-16 13:15:00,2023-03-16 13:20:00,2023-03-16 13:25:00,NY   21-03JST,LONG,Q10+ac<0,140.032,139.77646,139.77896,1.98,1,stop,-25.55,-5049.0,-1.01,0.25304,-0.007355,-0.5875,IS
2023-03-16 13:20:00,2023-03-16 13:25:00,2023-03-16 13:35:00,NY   21-03JST,LONG,Q10+ac<0,139.24,139.35971,138.93221,1.62,2,stop,11.97,1945.0,0.389,0.30779,-0.01434,-0.2335,IS
2023-03-16 13:25:00,2023-03-16 13:30:00,2023-03-16 14:00:00,NY   21-03JST,LONG,Q10+ac<0,139.6695,140.16729,139.33929,1.51,6,stop,49.78,7537.0,1.507,0.33021,-0.01027,-0.539,IS
2023-03-16 13:30:00,2023-03-16 13:35:00,2023-03-16 14:00:00,NY   21-03JST,LONG,Q10+ac<0,139.3585,140.14593,139.00693,1.42,5,stop,78.74,11199.0,2.24,0.35157,-0.013317,-0.5869,IS
2023-03-16 13:35:00,2023-03-16 13:40:00,2023-03-16 14:00:00,NY   21-03JST,LONG,Q10+ac<0,139.54,140.13011,139.17261,1.36,4,stop,59.01,8031.0,1.606,0.36739,-0.011862,-0.5963,IS
2023-03-16 13:40:00,2023-03-16 13:45:00,2023-03-16 14:05:00,NY   21-03JST,LONG,Q10+ac<0,139.903,140.11607,139.52157,1.31,4,stop,21.31,2793.0,0.559,0.38143,-0.008632,-0.403,IS
2023-03-16 13:45:00,2023-03-16 13:50:00,2023-03-16 14:05:00,NY   21-03JST,LONG,Q10+ac<0,139.776,140.10804,139.38654,1.28,3,stop,33.2,4263.0,0.853,0.38946,-0.00936,-0.3851,IS
2023-03-16 13:50:00,2023-03-16 13:55:00,2023-03-16 14:05:00,NY   21-03JST,LONG,Q10+ac<0,140.1655,140.02361,139.78961,1.33,2,stop,-14.19,-1887.0,-0.377,0.37589,-0.005792,-0.3997,IS
2023-03-16 14:00:00,2023-03-16 14:05:00,2023-03-16 14:20:00,NY   21-03JST,LONG,Q10+ac<0,140.185,139.85136,139.79586,1.28,3,stop,-33.36,-4287.0,-0.857,0.38914,-0.005588,-0.32,IS
2023-03-16 14:15:00,2023-03-16 14:20:00,2023-03-16 18:20:00,NY   21-03JST,LONG,Q10+ac<0,139.8805,141.658,139.46814,1.21,48,time,177.75,21553.0,4.311,0.41236,-0.006692,-0.5127,IS
2023-03-16 14:20:00,2023-03-16 14:25:00,2023-03-16 18:25:00,NY   21-03JST,LONG,Q10+ac<0,139.764,141.6665,139.35157,1.21,48,time,190.25,23065.0,4.613,0.41243,-0.007521,-0.2188,IS
2023-03-16 14:35:00,2023-03-16 14:40:00,2023-03-16 15:00:00,NY   21-03JST,LONG,Q10+ac<0,139.774,140.50775,139.46725,1.63,4,stop,73.38,11960.0,2.392,0.30675,-0.008751,-0.135,IS
2023-03-17 11:20:00,2023-03-17 11:25:00,2023-03-17 11:35:00,欧州 15-21JST,SHORT,Q10+ac>0,141.082,140.8365,141.2025,4.15,2,stop,24.55,10187.0,2.037,0.1205,-0.005559,0.4489,IS
2023-03-17 11:25:00,2023-03-17 11:30:00,2023-03-17 11:35:00,欧州 15-21JST,SHORT,Q10+ac>0,140.734,140.87311,140.87061,3.66,1,stop,-13.91,-5092.0,-1.018,0.13661,-0.00738,0.5962,IS
2023-03-17 11:55:00,2023-03-17 12:00:00,2023-03-17 12:40:00,欧州 15-21JST,SHORT,Q10+ac>0,140.9955,140.39157,141.15457,3.14,8,stop,60.39,18983.0,3.797,0.15907,-0.006853,0.1219,IS
2023-03-17 12:20:00,2023-03-17 12:25:00,2023-03-17 12:30:00,NY   21-03JST,LONG,Q10+ac<0,140.626,140.4485,140.451,2.86,1,stop,-17.75,-5071.0,-1.014,0.175,-0.009025,-0.272,IS
2023-03-20 03:20:00,2023-03-20 03:25:00,2023-03-20 03:30:00,NY   21-03JST,LONG,Q10+ac<0,140.929,140.82804,140.83054,5.08,1,stop,-10.1,-5127.0,-1.025,0.09846,-0.005698,-0.1936,IS
2023-03-20 03:25:00,2023-03-20 03:30:00,2023-03-20 04:10:00,NY   21-03JST,LONG,Q10+ac<0,140.8215,140.83904,140.71804,4.83,8,stop,1.75,847.0,0.169,0.10346,-0.006517,-0.2377,IS
2023-03-20 03:30:00,2023-03-20 03:35:00,2023-03-20 04:10:00,NY   21-03JST,LONG,Q10+ac<0,140.77,140.83843,140.66593,4.8,7,stop,6.84,3288.0,0.658,0.10407,-0.006162,-0.2719,IS
2023-03-20 06:25:00,2023-03-20 06:30:00,2023-03-20 06:45:00,欧州 15-21JST,SHORT,Q10+ac>0,140.272,140.05418,140.36468,5.39,3,stop,21.78,11751.0,2.35,0.09268,-0.00519,0.2931,IS
2023-03-20 06:30:00,2023-03-20 06:35:00,2023-03-20 06:45:00,欧州 15-21JST,SHORT,Q10+ac>0,140.0235,140.07289,140.13489,4.49,2,stop,-4.94,-2217.0,-0.443,0.11139,-0.005841,0.363,IS
2023-03-20 06:40:00,2023-03-20 06:45:00,2023-03-20 07:10:00,欧州 15-21JST,SHORT,Q10+ac>0,140.097,139.4995,140.22,4.07,5,stop,59.75,24289.0,4.858,0.123,-0.005085,0.101,IS
2023-03-20 08:15:00,2023-03-20 08:20:00,2023-03-20 08:35:00,欧州 15-21JST,SHORT,Q10+ac>0,138.972,139.06,139.2025,2.17,3,stop,-8.8,-1909.0,-0.382,0.2305,-0.015833,0.314,IS
2023-03-20 08:20:00,2023-03-20 08:25:00,2023-03-20 08:35:00,欧州 15-21JST,SHORT,Q10+ac>0,139.003,139.06021,139.23371,2.17,2,stop,-5.72,-1240.0,-0.248,0.23071,-0.013487,0.2201,IS
2023-03-20 08:25:00,2023-03-20 08:30:00,2023-03-20 08:35:00,欧州 15-21JST,SHORT,Q10+ac>0,138.9005,139.13668,139.13418,2.14,1,stop,-23.62,-5053.0,-1.011,0.23368,-0.013498,0.2022,IS
2023-03-20 08:30:00,2023-03-20 08:35:00,2023-03-20 08:40:00,欧州 15-21JST,SHORT,Q10+ac>0,138.9625,139.20189,139.19939,2.11,1,stop,-23.94,-5053.0,-1.011,0.23689,-0.011137,0.1485,IS
2023-03-20 08:35:00,2023-03-20 08:40:00,2023-03-20 08:45:00,欧州 15-21JST,SHORT,Q10+ac>0,139.1725,139.4235,139.421,2.01,1,stop,-25.1,-5050.0,-1.01,0.2485,-0.009473,0.2736,IS
2023-03-20 08:40:00,2023-03-20 08:45:00,2023-03-20 08:50:00,欧州 15-21JST,SHORT,Q10+ac>0,139.1975,139.44379,139.44129,2.05,1,stop,-24.63,-5051.0,-1.01,0.24379,-0.009584,0.3216,IS
2023-03-20 08:45:00,2023-03-20 08:50:00,2023-03-20 08:55:00,欧州 15-21JST,SHORT,Q10+ac>0,139.353,139.60507,139.60257,2.0,1,stop,-25.21,-5050.0,-1.01,0.24957,-0.00581,0.3171,IS
2023-03-22 19:10:00,2023-03-22 19:15:00,2023-03-22 19:25:00,NY   21-03JST,LONG,Q10+ac<0,142.771,142.93732,142.58232,2.65,2,stop,16.63,4408.0,0.882,0.18868,-0.005018,-0.235,IS
2023-03-23 17:25:00,2023-03-23 17:30:00,2023-03-23 17:45:00,NY   21-03JST,LONG,Q10+ac<0,142.3445,142.312,142.2505,5.32,3,stop,-3.25,-1729.0,-0.346,0.094,-0.005302,-0.165,IS
2023-03-23 18:55:00,2023-03-28 09:00:00,2023-03-28 09:10:00,NY   21-03JST,LONG,Q10+ac<0,141.6995,141.78757,141.57157,3.91,2,stop,8.81,3442.0,0.688,0.12793,-0.006857,-0.3591,IS
2023-03-28 09:00:00,2023-03-28 09:05:00,2023-03-28 09:20:00,欧州 15-21JST,SHORT,Q10+ac>0,141.8835,141.81707,142.02107,3.63,3,stop,6.64,2414.0,0.483,0.13757,-0.005115,0.2846,IS
2023-03-28 09:05:00,2023-03-28 09:10:00,2023-03-28 09:25:00,欧州 15-21JST,SHORT,Q10+ac>0,141.824,141.84732,141.96682,3.5,3,stop,-2.33,-816.0,-0.163,0.14282,-0.005837,0.1203,IS
2023-03-28 09:10:00,2023-03-28 09:15:00,2023-03-28 09:25:00,欧州 15-21JST,SHORT,Q10+ac>0,141.707,141.85479,141.85229,3.44,2,stop,-14.78,-5086.0,-1.017,0.14529,-0.006824,0.1426,IS
2023-03-30 16:25:00,2023-03-30 16:30:00,2023-03-30 16:35:00,NY   21-03JST,LONG,Q10+ac<0,144.4625,144.37961,144.38211,6.22,1,stop,-8.29,-5155.0,-1.031,0.08039,-0.005265,-0.4394,IS
2023-03-31 02:35:00,2023-03-31 02:40:00,2023-03-31 02:55:00,NY   21-03JST,LONG,Q10+ac<0,145.001,144.94918,144.91418,5.76,3,stop,-5.18,-2984.0,-0.597,0.08682,-0.005099,-0.2997,IS
2023-03-31 02:50:00,2023-03-31 02:55:00,2023-03-31 03:00:00,NY   21-03JST,LONG,Q10+ac<0,145.0215,144.94364,144.94614,6.64,1,stop,-7.79,-5166.0,-1.033,0.07536,-0.00517,-0.1613,IS
2023-04-03 00:10:00,2023-04-03 00:15:00,2023-04-03 00:25:00,NY   21-03JST,LONG,Q10+ac<0,143.776,143.80311,143.68361,5.41,2,stop,2.71,1467.0,0.293,0.09239,-0.004937,-0.5167,IS
2023-04-03 00:25:00,2023-04-03 00:30:00,2023-04-03 00:40:00,NY   21-03JST,LONG,Q10+ac<0,143.7295,143.73721,143.62771,4.91,2,stop,0.77,379.0,0.076,0.10179,-0.005241,-0.4711,IS
2023-04-03 14:50:00,2023-04-03 14:55:00,2023-04-03 15:10:00,NY   21-03JST,LONG,Q10+ac<0,144.1165,143.98361,143.96461,3.29,3,stop,-13.29,-4375.0,-0.875,0.15189,-0.005271,-0.3613,IS
2023-04-03 14:55:00,2023-04-03 15:00:00,2023-04-03 15:10:00,NY   21-03JST,LONG,Q10+ac<0,144.0755,143.98346,143.92596,3.34,2,stop,-9.2,-3077.0,-0.615,0.14954,-0.005196,-0.3761,IS
2023-04-03 15:20:00,2023-04-03 15:25:00,2023-04-03 17:40:00,NY   21-03JST,LONG,Q10+ac<0,143.956,144.12818,143.82618,3.85,27,stop,17.22,6631.0,1.326,0.12982,-0.005297,-0.2372,IS
2023-04-03 15:25:00,2023-04-03 15:30:00,2023-04-03 17:40:00,NY   21-03JST,LONG,Q10+ac<0,144.048,144.12646,143.91646,3.8,26,stop,7.85,2983.0,0.597,0.13154,-0.005501,-0.1736,IS
2023-04-03 15:30:00,2023-04-03 15:35:00,2023-04-03 15:45:00,NY   21-03JST,LONG,Q10+ac<0,144.0425,144.00979,143.92479,4.25,2,stop,-3.27,-1390.0,-0.278,0.11771,-0.00557,-0.3421,IS
2023-04-03 15:35:00,2023-04-03 15:40:00,2023-04-03 17:40:00,NY   21-03JST,LONG,Q10+ac<0,144.0935,144.14146,143.97696,4.29,24,stop,4.8,2058.0,0.412,0.11654,-0.006141,-0.209,IS
2023-04-03 15:40:00,2023-04-03 15:45:00,2023-04-03 17:40:00,NY   21-03JST,LONG,Q10+ac<0,144.0475,144.14496,143.93446,4.42,23,stop,9.75,4311.0,0.862,0.11304,-0.005436,-0.3094,IS
2023-04-03 15:45:00,2023-04-03 15:50:00,2023-04-03 17:40:00,NY   21-03JST,LONG,Q10+ac<0,144.061,144.15279,143.95579,4.75,22,stop,9.18,4362.0,0.872,0.10521,-0.005716,-0.2904,IS
2023-04-03 15:50:00,2023-04-03 15:55:00,2023-04-03 17:40:00,NY   21-03JST,LONG,Q10+ac<0,144.1055,144.15532,144.00282,4.87,21,stop,4.98,2426.0,0.485,0.10268,-0.00496,-0.3828,IS
2023-04-04 14:00:00,2023-04-04 14:05:00,2023-04-04 14:20:00,NY   21-03JST,LONG,Q10+ac<0,144.3205,144.31971,144.20871,4.47,3,stop,-0.08,-35.0,-0.007,0.11179,-0.006038,-0.3162,IS
2023-04-04 14:05:00,2023-04-04 14:10:00,2023-04-04 14:20:00,NY   21-03JST,LONG,Q10+ac<0,144.319,144.317,144.2045,4.37,2,stop,-0.2,-87.0,-0.017,0.1145,-0.005541,-0.2224,IS
2023-04-04 14:10:00,2023-04-04 14:15:00,2023-04-04 14:30:00,NY   21-03JST,LONG,Q10+ac<0,144.328,144.34382,144.20982,4.23,3,stop,1.58,669.0,0.134,0.11818,-0.005818,-0.2162,IS
2023-04-04 14:15:00,2023-04-04 14:20:00,2023-04-04 14:40:00,NY   21-03JST,LONG,Q10+ac<0,144.392,144.381,144.269,4.07,4,stop,-1.1,-447.0,-0.089,0.123,-0.005332,-0.1794,IS
2023-04-05 12:15:00,2023-04-05 12:20:00,2023-04-05 12:30:00,NY   21-03JST,LONG,Q10+ac<0,143.483,143.47004,143.39104,5.44,2,stop,-1.3,-705.0,-0.141,0.09196,-0.006007,-0.5585,IS
2023-04-05 12:20:00,2023-04-05 12:25:00,2023-04-05 12:35:00,NY   21-03JST,LONG,Q10+ac<0,143.451,143.45429,143.35829,5.39,2,stop,0.33,177.0,0.035,0.09271,-0.006804,-0.2361,IS
2023-04-05 12:25:00,2023-04-05 12:30:00,2023-04-05 12:35:00,NY   21-03JST,LONG,Q10+ac<0,143.5365,143.43339,143.43589,4.97,1,stop,-10.31,-5124.0,-1.025,0.10061,-0.005872,-0.2147,IS
2023-04-05 12:30:00,2023-04-05 12:35:00,2023-04-05 12:50:00,NY   21-03JST,LONG,Q10+ac<0,143.443,143.55214,143.33514,4.64,3,stop,10.91,5060.0,1.012,0.10786,-0.006093,-0.2606,IS
2023-04-05 12:35:00,2023-04-05 12:40:00,2023-04-05 12:50:00,NY   21-03JST,LONG,Q10+ac<0,143.5795,143.53886,143.46036,4.2,2,stop,-4.06,-1706.0,-0.341,0.11914,-0.004896,-0.3004,IS
2023-04-05 12:40:00,2023-04-05 12:45:00,2023-04-05 12:50:00,NY   21-03JST,LONG,Q10+ac<0,143.613,143.49111,143.49361,4.19,1,stop,-12.19,-5105.0,-1.021,0.11939,-0.00507,-0.1922,IS
2023-04-05 12:45:00,2023-04-05 12:50:00,2023-04-05 12:55:00,NY   21-03JST,LONG,Q10+ac<0,143.6015,143.48082,143.48332,4.23,1,stop,-12.07,-5106.0,-1.021,0.11818,-0.00501,-0.1889,IS
2023-04-05 12:50:00,2023-04-05 12:55:00,2023-04-05 13:10:00,NY   21-03JST,LONG,Q10+ac<0,143.5055,143.43996,143.38546,4.17,3,stop,-6.55,-2730.0,-0.546,0.12004,-0.005541,-0.1886,IS
2023-04-05 12:55:00,2023-04-05 13:00:00,2023-04-05 13:30:00,NY   21-03JST,LONG,Q10+ac<0,143.4925,143.40414,143.37164,4.14,6,stop,-8.84,-3655.0,-0.731,0.12086,-0.005149,-0.1867,IS
2023-04-05 13:00:00,2023-04-05 13:05:00,2023-04-05 13:30:00,NY   21-03JST,LONG,Q10+ac<0,143.513,143.39982,143.38782,3.99,5,stop,-11.32,-4521.0,-0.904,0.12518,-0.004882,-0.1757,IS
2023-04-13 13:35:00,2023-04-13 13:40:00,2023-04-13 14:20:00,NY   21-03JST,LONG,Q10+ac<0,146.1845,146.24282,146.05132,3.75,8,stop,5.83,2190.0,0.438,0.13318,-0.005533,-0.347,IS
2023-04-13 13:40:00,2023-04-13 13:45:00,2023-04-13 14:20:00,NY   21-03JST,LONG,Q10+ac<0,146.171,146.24968,146.04468,3.96,7,stop,7.87,3114.0,0.623,0.12632,-0.005626,-0.403,IS
2023-04-13 13:45:00,2023-04-13 13:50:00,2023-04-13 14:20:00,NY   21-03JST,LONG,Q10+ac<0,146.126,146.25489,146.00489,4.13,6,stop,12.89,5321.0,1.064,0.12111,-0.006438,-0.3173,IS
2023-04-25 14:00:00,2023-04-25 14:05:00,2023-04-25 14:10:00,NY   21-03JST,LONG,Q10+ac<0,147.271,147.16775,147.17025,4.96,1,stop,-10.33,-5124.0,-1.025,0.10075,-0.005335,-0.2062,IS
2023-04-25 14:05:00,2023-04-25 14:10:00,2023-04-25 14:15:00,NY   21-03JST,LONG,Q10+ac<0,147.2985,147.19111,147.19361,4.77,1,stop,-10.74,-5119.0,-1.024,0.10489,-0.005088,-0.1818,IS
2023-04-25 14:10:00,2023-04-25 14:15:00,2023-04-25 14:30:00,NY   21-03JST,LONG,Q10+ac<0,147.1025,147.01714,146.99314,4.57,3,stop,-8.54,-3903.0,-0.781,0.10936,-0.006705,-0.2511,IS
2023-04-25 14:15:00,2023-04-25 14:20:00,2023-04-25 14:30:00,NY   21-03JST,LONG,Q10+ac<0,147.116,147.01514,147.00464,4.49,2,stop,-10.09,-4529.0,-0.906,0.11136,-0.006797,-0.268,IS
2023-04-25 14:20:00,2023-04-25 14:25:00,2023-04-25 14:35:00,NY   21-03JST,LONG,Q10+ac<0,147.051,147.01364,146.93714,4.39,2,stop,-3.74,-1641.0,-0.328,0.11386,-0.00704,-0.4491,IS
2023-04-25 14:25:00,2023-04-25 14:30:00,2023-04-25 14:35:00,NY   21-03JST,LONG,Q10+ac<0,147.113,146.99661,146.99911,4.39,1,stop,-11.64,-5110.0,-1.022,0.11389,-0.006549,-0.4537,IS
2023-04-25 14:30:00,2023-04-25 14:35:00,2023-04-25 15:00:00,NY   21-03JST,LONG,Q10+ac<0,146.9935,146.91061,146.87661,4.28,5,stop,-8.29,-3546.0,-0.709,0.11689,-0.006629,-0.5078,IS
2023-04-25 14:35:00,2023-04-25 14:40:00,2023-04-25 15:00:00,NY   21-03JST,LONG,Q10+ac<0,146.9675,146.91064,146.85064,4.28,4,stop,-5.69,-2433.0,-0.487,0.11686,-0.006907,-0.4839,IS
2023-04-25 14:40:00,2023-04-25 14:45:00,2023-04-25 15:00:00,NY   21-03JST,LONG,Q10+ac<0,146.959,146.91507,146.84657,4.45,3,stop,-4.39,-1954.0,-0.391,0.11243,-0.006307,-0.4958,IS
2023-04-25 14:45:00,2023-04-25 14:50:00,2023-04-25 15:00:00,NY   21-03JST,LONG,Q10+ac<0,146.962,146.91425,146.84975,4.45,2,stop,-4.77,-2127.0,-0.425,0.11225,-0.005729,-0.4877,IS
2023-04-25 14:50:00,2023-04-25 14:55:00,2023-04-25 15:30:00,NY   21-03JST,LONG,Q10+ac<0,146.991,147.12396,146.88546,4.74,7,stop,13.3,6299.0,1.26,0.10554,-0.004887,-0.4524,IS
2023-04-25 14:55:00,2023-04-25 15:00:00,2023-04-25 15:30:00,NY   21-03JST,LONG,Q10+ac<0,146.95,147.12164,146.84214,4.64,6,stop,17.16,7957.0,1.591,0.10786,-0.005171,-0.4761,IS
2023-04-25 18:10:00,2023-04-25 18:15:00,2023-04-25 18:45:00,NY   21-03JST,LONG,Q10+ac<0,146.337,146.45346,146.26046,6.53,6,stop,11.65,7608.0,1.522,0.07654,-0.005229,-0.1253,IS
2023-04-27 12:05:00,2023-04-27 12:10:00,2023-04-27 12:30:00,NY   21-03JST,LONG,Q10+ac<0,147.1635,147.28929,147.08129,6.08,4,stop,12.58,7650.0,1.53,0.08221,-0.005104,-0.3741,IS
2023-04-27 12:10:00,2023-04-27 12:15:00,2023-04-27 12:30:00,NY   21-03JST,LONG,Q10+ac<0,147.199,147.28779,147.11529,5.97,3,stop,8.88,5303.0,1.061,0.08371,-0.005064,-0.4109,IS
2023-05-03 22:15:00,2023-05-03 22:20:00,2023-05-03 22:30:00,NY   21-03JST,LONG,Q10+ac<0,148.923,148.87996,148.83046,5.4,2,stop,-4.3,-2325.0,-0.465,0.09254,-0.004905,-0.4851,IS
2023-05-03 22:20:00,2023-05-03 22:25:00,2023-05-03 22:35:00,NY   21-03JST,LONG,Q10+ac<0,148.9065,148.87482,148.81382,5.39,2,stop,-3.17,-1709.0,-0.342,0.09268,-0.004885,-0.5059,IS
2023-05-03 22:30:00,2023-05-03 22:35:00,2023-05-03 22:45:00,NY   21-03JST,LONG,Q10+ac<0,148.872,148.86229,148.77429,5.12,2,stop,-0.97,-497.0,-0.099,0.09771,-0.004905,-0.6337,IS
2023-05-03 22:35:00,2023-05-03 22:40:00,2023-05-03 23:00:00,NY   21-03JST,LONG,Q10+ac<0,148.8605,148.91132,148.76232,5.09,4,stop,5.08,2588.0,0.518,0.09818,-0.005913,-0.5618,IS
2023-05-03 22:40:00,2023-05-03 22:45:00,2023-05-03 23:00:00,NY   21-03JST,LONG,Q10+ac<0,148.943,148.91111,148.84461,5.08,3,stop,-3.19,-1621.0,-0.324,0.09839,-0.005221,-0.5031,IS
2023-05-03 22:45:00,2023-05-03 22:50:00,2023-05-03 23:00:00,NY   21-03JST,LONG,Q10+ac<0,148.9215,148.90771,148.81971,4.91,2,stop,-1.38,-677.0,-0.135,0.10179,-0.00542,-0.451,IS
2023-05-03 22:50:00,2023-05-03 22:55:00,2023-05-03 23:05:00,NY   21-03JST,LONG,Q10+ac<0,148.925,148.87954,148.82104,4.81,2,stop,-4.55,-2187.0,-0.437,0.10396,-0.005019,-0.4595,IS
2023-05-04 14:35:00,2023-05-04 14:40:00,2023-05-04 14:50:00,NY   21-03JST,LONG,Q10+ac<0,147.6625,147.58718,147.43268,2.18,2,stop,-7.53,-1639.0,-0.328,0.22982,-0.005442,-0.3382,IS
2023-05-04 14:45:00,2023-05-04 14:50:00,2023-05-04 14:55:00,NY   21-03JST,LONG,Q10+ac<0,147.5355,147.31482,147.31732,2.29,1,stop,-22.07,-5057.0,-1.011,0.21818,-0.008309,-0.3037,IS
2023-05-04 14:50:00,2023-05-04 14:55:00,2023-05-04 15:00:00,NY   21-03JST,LONG,Q10+ac<0,147.4905,147.28232,147.28482,2.43,1,stop,-20.82,-5061.0,-1.012,0.20568,-0.00847,-0.2158,IS
2023-05-04 14:55:00,2023-05-04 15:00:00,2023-05-04 15:30:00,NY   21-03JST,LONG,Q10+ac<0,147.303,147.33882,147.08482,2.29,6,stop,3.58,821.0,0.164,0.21818,-0.009893,-0.3887,IS
2023-05-04 15:00:00,2023-05-04 15:05:00,2023-05-04 15:30:00,NY   21-03JST,LONG,Q10+ac<0,147.445,147.34239,147.23039,2.33,5,stop,-10.26,-2391.0,-0.478,0.21461,-0.009293,-0.4631,IS
2023-05-04 15:05:00,2023-05-04 15:10:00,2023-05-04 15:30:00,NY   21-03JST,LONG,Q10+ac<0,147.475,147.34579,147.26379,2.37,4,stop,-12.92,-3059.0,-0.612,0.21121,-0.011486,-0.1671,IS
2023-05-04 15:10:00,2023-05-04 15:15:00,2023-05-04 15:30:00,NY   21-03JST,LONG,Q10+ac<0,147.4615,147.35725,147.26175,2.5,3,stop,-10.42,-2610.0,-0.522,0.19975,-0.01162,-0.2294,IS
2023-05-04 15:15:00,2023-05-04 15:20:00,2023-05-04 15:30:00,NY   21-03JST,LONG,Q10+ac<0,147.4655,147.36061,147.26911,2.55,2,stop,-10.49,-2670.0,-0.534,0.19639,-0.011285,-0.2519,IS
2023-05-04 15:20:00,2023-05-04 15:25:00,2023-05-04 15:45:00,NY   21-03JST,LONG,Q10+ac<0,147.5095,147.31725,147.31975,2.64,4,stop,-19.23,-5066.0,-1.013,0.18975,-0.009797,-0.2308,IS
2023-05-04 15:25:00,2023-05-04 15:30:00,2023-05-04 15:45:00,NY   21-03JST,LONG,Q10+ac<0,147.4875,147.30904,147.31154,2.84,3,stop,-17.85,-5071.0,-1.014,0.17596,-0.009964,-0.2103,IS
2023-05-04 15:30:00,2023-05-04 15:35:00,2023-05-04 15:45:00,NY   21-03JST,LONG,Q10+ac<0,147.3575,147.30564,147.18164,2.84,2,stop,-5.19,-1474.0,-0.295,0.17586,-0.011944,-0.1668,IS
2023-05-04 15:35:00,2023-05-04 15:40:00,2023-05-04 15:50:00,NY   21-03JST,LONG,Q10+ac<0,147.418,147.34325,147.24775,2.94,2,stop,-7.47,-2195.0,-0.439,0.17025,-0.008291,-0.25,IS
2023-05-04 15:45:00,2023-05-04 15:50:00,2023-05-04 16:10:00,NY   21-03JST,LONG,Q10+ac<0,147.2875,147.18739,147.11589,2.91,4,stop,-10.01,-2917.0,-0.583,0.17161,-0.00671,-0.2804,IS
2023-05-04 15:50:00,2023-05-04 15:55:00,2023-05-04 16:10:00,NY   21-03JST,LONG,Q10+ac<0,147.2505,147.18593,147.07743,2.89,3,stop,-6.46,-1865.0,-0.373,0.17307,-0.007687,-0.3311,IS
2023-05-04 16:05:00,2023-05-04 16:10:00,2023-05-04 16:35:00,NY   21-03JST,LONG,Q10+ac<0,147.239,147.31764,147.10464,3.72,5,stop,7.86,2927.0,0.585,0.13436,-0.006134,-0.1672,IS
2023-05-04 16:10:00,2023-05-04 16:15:00,2023-05-04 16:35:00,NY   21-03JST,LONG,Q10+ac<0,147.1715,147.32329,147.04279,3.88,4,stop,15.18,5896.0,1.179,0.12871,-0.005932,-0.1312,IS
2023-05-10 17:40:00,2023-05-10 17:45:00,2023-05-10 18:30:00,NY   21-03JST,LONG,Q10+ac<0,147.06,147.3215,146.999,8.2,9,stop,26.15,21434.0,4.287,0.061,-0.004939,-0.1002,IS
2023-05-11 11:40:00,2023-05-11 11:45:00,2023-05-11 11:55:00,欧州 15-21JST,SHORT,Q10+ac>0,146.5915,146.618,146.6855,5.32,2,stop,-2.65,-1410.0,-0.282,0.094,-0.005541,0.2222,IS
2023-05-11 11:45:00,2023-05-11 11:50:00,2023-05-11 11:55:00,欧州 15-21JST,SHORT,Q10+ac>0,146.563,146.66204,146.65954,5.18,1,stop,-9.9,-5129.0,-1.026,0.09654,-0.005654,0.1952,IS
2023-05-11 12:35:00,2023-05-11 12:40:00,2023-05-11 12:50:00,NY   21-03JST,LONG,Q10+ac<0,146.549,146.38857,146.39107,3.17,2,stop,-16.04,-5079.0,-1.016,0.15793,-0.00493,-0.2685,IS
2023-05-11 12:40:00,2023-05-11 12:45:00,2023-05-11 12:55:00,NY   21-03JST,LONG,Q10+ac<0,146.4665,146.32721,146.30321,3.06,2,stop,-13.93,-4265.0,-0.853,0.16329,-0.005363,-0.3079,IS
2023-05-11 12:45:00,2023-05-11 12:50:00,2023-05-11 12:55:00,NY   21-03JST,LONG,Q10+ac<0,146.4805,146.31479,146.31729,3.06,1,stop,-16.57,-5077.0,-1.015,0.16321,-0.004877,-0.3094,IS
2023-05-11 12:50:00,2023-05-11 12:55:00,2023-05-11 13:30:00,NY   21-03JST,LONG,Q10+ac<0,146.333,146.22904,146.16654,3.0,7,stop,-10.4,-3123.0,-0.625,0.16646,-0.005698,-0.3341,IS
2023-05-11 12:55:00,2023-05-11 13:00:00,2023-05-11 13:30:00,NY   21-03JST,LONG,Q10+ac<0,146.328,146.226,146.1585,2.95,6,stop,-10.2,-3009.0,-0.602,0.1695,-0.005365,-0.3291,IS
2023-05-11 13:00:00,2023-05-11 13:05:00,2023-05-11 13:30:00,NY   21-03JST,LONG,Q10+ac<0,146.269,146.22979,146.10329,3.02,5,stop,-3.92,-1183.0,-0.237,0.16571,-0.005658,-0.3371,IS
2023-05-12 09:15:00,2023-05-12 09:20:00,2023-05-12 09:25:00,欧州 15-21JST,SHORT,Q10+ac>0,146.8805,146.95146,146.94896,7.3,1,stop,-7.1,-5183.0,-1.037,0.06846,-0.005087,0.1207,IS
2023-05-12 09:20:00,2023-05-12 09:25:00,2023-05-12 09:30:00,欧州 15-21JST,SHORT,Q10+ac>0,146.8785,146.94571,146.94321,7.73,1,stop,-6.72,-5193.0,-1.039,0.06471,-0.004899,0.1676,IS
2023-05-31 06:10:00,2023-05-31 06:15:00,2023-05-31 06:20:00,欧州 15-21JST,SHORT,Q10+ac>0,149.056,149.16143,149.15893,4.86,1,stop,-10.54,-5121.0,-1.024,0.10293,-0.004843,0.2386,IS
2023-05-31 15:20:00,2023-05-31 15:25:00,2023-05-31 15:35:00,NY   21-03JST,LONG,Q10+ac<0,148.872,148.89886,148.74336,3.89,2,stop,2.69,1044.0,0.209,0.12864,-0.005495,-0.3521,IS
2023-05-31 15:25:00,2023-05-31 15:30:00,2023-05-31 15:55:00,NY   21-03JST,LONG,Q10+ac<0,148.876,148.87596,148.76396,4.46,5,stop,-0.0,-2.0,-0.0,0.11204,-0.005524,-0.3537,IS
2023-05-31 15:35:00,2023-05-31 15:40:00,2023-05-31 16:20:00,NY   21-03JST,LONG,Q10+ac<0,148.8975,148.84714,148.78314,4.37,8,stop,-5.04,-2202.0,-0.44,0.11436,-0.006024,-0.2483,IS
2023-05-31 16:00:00,2023-05-31 16:05:00,2023-05-31 16:20:00,NY   21-03JST,LONG,Q10+ac<0,148.9175,148.84868,148.82468,5.39,3,stop,-6.88,-3707.0,-0.741,0.09282,-0.007332,-0.4399,IS
2023-05-31 16:05:00,2023-05-31 16:10:00,2023-05-31 16:20:00,NY   21-03JST,LONG,Q10+ac<0,148.895,148.85786,148.81136,5.98,2,stop,-3.71,-2220.0,-0.444,0.08364,-0.006669,-0.4293,IS
2023-05-31 16:10:00,2023-05-31 16:15:00,2023-05-31 16:25:00,NY   21-03JST,LONG,Q10+ac<0,148.902,148.83593,148.81843,5.98,2,stop,-6.61,-3953.0,-0.791,0.08357,-0.00632,-0.4184,IS
2023-05-31 16:25:00,2023-05-31 16:30:00,2023-05-31 16:35:00,NY   21-03JST,LONG,Q10+ac<0,148.832,148.74739,148.74989,6.09,1,stop,-8.46,-5152.0,-1.03,0.08211,-0.004863,-0.6846,IS
2023-05-31 16:30:00,2023-05-31 16:35:00,2023-05-31 16:50:00,NY   21-03JST,LONG,Q10+ac<0,148.7215,148.64214,148.63664,5.89,3,stop,-7.94,-4676.0,-0.935,0.08486,-0.004989,-0.3136,IS
2023-06-01 14:20:00,2023-06-01 14:25:00,2023-06-01 15:00:00,NY   21-03JST,LONG,Q10+ac<0,148.906,149.08771,148.78621,4.17,7,stop,18.17,7585.0,1.517,0.11979,-0.004947,-0.4899,IS
2023-06-28 15:55:00,2023-06-28 16:00:00,2023-06-28 16:40:00,NY   21-03JST,LONG,Q10+ac<0,157.2585,157.37971,157.16921,5.6,8,stop,12.12,6788.0,1.358,0.08929,-0.00498,-0.1097,IS
2023-07-07 06:55:00,2023-07-07 07:00:00,2023-07-07 07:05:00,欧州 15-21JST,SHORT,Q10+ac>0,156.0605,156.16714,156.16464,4.8,1,stop,-10.66,-5120.0,-1.024,0.10414,-0.004866,0.2873,IS
2023-07-07 08:35:00,2023-07-07 08:40:00,2023-07-07 08:50:00,欧州 15-21JST,SHORT,Q10+ac>0,155.6265,155.54714,155.73414,4.64,2,stop,7.94,3686.0,0.737,0.10764,-0.005245,0.2011,IS
2023-07-07 08:40:00,2023-07-07 08:45:00,2023-07-07 08:55:00,欧州 15-21JST,SHORT,Q10+ac>0,155.5295,155.58507,155.63357,4.8,2,stop,-5.56,-2670.0,-0.534,0.10407,-0.006317,0.228,IS
2023-07-07 08:45:00,2023-07-07 08:50:00,2023-07-07 08:55:00,欧州 15-21JST,SHORT,Q10+ac>0,155.4765,155.58429,155.58179,4.75,1,stop,-10.78,-5119.0,-1.024,0.10529,-0.005556,0.2635,IS
2023-07-10 07:20:00,2023-07-10 07:25:00,2023-07-10 07:30:00,欧州 15-21JST,SHORT,Q10+ac>0,155.7575,155.87071,155.86821,4.52,1,stop,-11.32,-5113.0,-1.023,0.11071,-0.005066,0.3118,IS
2023-07-10 07:50:00,2023-07-10 07:55:00,2023-07-10 08:05:00,欧州 15-21JST,SHORT,Q10+ac>0,155.863,155.97718,155.97468,4.48,2,stop,-11.42,-5112.0,-1.022,0.11168,-0.004877,0.2802,IS
2023-07-10 07:55:00,2023-07-10 08:00:00,2023-07-10 08:05:00,欧州 15-21JST,SHORT,Q10+ac>0,155.876,155.98771,155.98521,4.58,1,stop,-11.17,-5114.0,-1.023,0.10921,-0.005016,0.2436,IS
2023-07-12 01:20:00,2023-07-12 01:25:00,2023-07-12 01:35:00,NY   21-03JST,LONG,Q10+ac<0,153.78,153.73325,153.66225,4.25,2,stop,-4.67,-1985.0,-0.397,0.11775,-0.005339,-0.1549,IS
2023-07-12 01:25:00,2023-07-12 01:30:00,2023-07-12 02:25:00,NY   21-03JST,LONG,Q10+ac<0,153.8065,154.00939,153.69189,4.36,11,stop,20.29,8852.0,1.77,0.11461,-0.005047,-0.1253,IS
2023-07-12 01:30:00,2023-07-12 01:35:00,2023-07-12 02:25:00,NY   21-03JST,LONG,Q10+ac<0,153.776,154.01118,153.66318,4.43,10,stop,23.52,10423.0,2.085,0.11282,-0.005509,-0.1768,IS
2023-07-12 01:35:00,2023-07-12 01:40:00,2023-07-12 02:25:00,NY   21-03JST,LONG,Q10+ac<0,153.822,154.01104,153.70904,4.43,9,stop,18.9,8367.0,1.673,0.11296,-0.005098,-0.2156,IS
2023-07-12 01:40:00,2023-07-12 01:45:00,2023-07-12 02:25:00,NY   21-03JST,LONG,Q10+ac<0,153.8,154.01536,153.69136,4.6,8,stop,21.54,9911.0,1.982,0.10864,-0.005284,-0.1793,IS
2023-07-12 01:50:00,2023-07-12 01:55:00,2023-07-12 02:25:00,NY   21-03JST,LONG,Q10+ac<0,153.811,154.01893,153.70593,4.76,6,stop,20.79,9895.0,1.979,0.10507,-0.004982,-0.2922,IS
2023-07-12 01:55:00,2023-07-12 02:00:00,2023-07-12 02:25:00,NY   21-03JST,LONG,Q10+ac<0,153.794,154.02389,153.69389,4.99,5,stop,22.99,11482.0,2.296,0.10011,-0.005224,-0.7189,IS
2023-07-14 01:40:00,2023-07-14 01:45:00,2023-07-14 02:10:00,NY   21-03JST,LONG,Q10+ac<0,154.2575,154.41604,154.14104,4.29,5,stop,15.85,6806.0,1.361,0.11646,-0.004894,-0.197,IS
2023-07-18 08:00:00,2023-07-18 08:05:00,2023-07-18 08:15:00,欧州 15-21JST,SHORT,Q10+ac>0,155.474,155.45675,155.60025,3.96,2,stop,1.72,683.0,0.137,0.12625,-0.005718,0.3208,IS
2023-07-18 08:05:00,2023-07-18 08:10:00,2023-07-18 08:25:00,欧州 15-21JST,SHORT,Q10+ac>0,155.3965,155.50429,155.52479,3.9,3,stop,-10.78,-4201.0,-0.84,0.12829,-0.006327,0.359,IS
2023-07-18 08:10:00,2023-07-18 08:15:00,2023-07-18 08:20:00,欧州 15-21JST,SHORT,Q10+ac>0,155.382,155.47871,155.47621,5.31,1,stop,-9.67,-5133.0,-1.027,0.09421,-0.006425,0.3198,IS
2023-07-18 08:15:00,2023-07-18 08:20:00,2023-07-18 08:35:00,欧州 15-21JST,SHORT,Q10+ac>0,155.4205,155.38521,155.51621,5.22,3,stop,3.53,1843.0,0.369,0.09571,-0.005391,0.3115,IS
2023-07-18 08:20:00,2023-07-18 08:25:00,2023-07-18 08:35:00,欧州 15-21JST,SHORT,Q10+ac>0,155.449,155.38454,155.54404,5.26,2,stop,6.45,3392.0,0.678,0.09504,-0.00617,0.3209,IS
2023-07-18 08:25:00,2023-07-18 08:30:00,2023-07-18 08:40:00,欧州 15-21JST,SHORT,Q10+ac>0,155.487,155.40754,155.58054,5.35,2,stop,7.95,4248.0,0.85,0.09354,-0.005731,0.3383,IS
2023-07-18 08:30:00,2023-07-18 08:35:00,2023-07-18 08:45:00,欧州 15-21JST,SHORT,Q10+ac>0,155.3225,155.42625,155.42375,4.94,2,stop,-10.37,-5123.0,-1.025,0.10125,-0.006617,0.1184,IS
2023-07-24 08:25:00,2023-07-24 08:30:00,2023-07-24 09:10:00,欧州 15-21JST,SHORT,Q10+ac>0,156.794,156.56211,156.94061,3.41,8,stop,23.19,7909.0,1.582,0.14661,-0.005256,0.6302,IS
2023-07-24 08:30:00,2023-07-24 08:35:00,2023-07-24 09:10:00,欧州 15-21JST,SHORT,Q10+ac>0,156.7395,156.56343,156.88743,3.38,7,stop,17.61,5951.0,1.19,0.14793,-0.005033,0.1523,IS
2023-07-24 08:35:00,2023-07-24 08:40:00,2023-07-24 09:10:00,欧州 15-21JST,SHORT,Q10+ac>0,156.623,156.56957,156.77707,3.25,6,stop,5.34,1734.0,0.347,0.15407,-0.006081,0.627,IS
2023-07-24 08:40:00,2023-07-24 08:45:00,2023-07-24 09:05:00,欧州 15-21JST,SHORT,Q10+ac>0,156.598,156.67993,156.71293,4.35,4,stop,-8.19,-3564.0,-0.713,0.11493,-0.006323,0.5259,IS
2023-07-24 08:45:00,2023-07-24 08:50:00,2023-07-24 09:05:00,欧州 15-21JST,SHORT,Q10+ac>0,156.6625,156.67589,156.77339,4.51,3,stop,-1.34,-604.0,-0.121,0.11089,-0.006498,0.3747,IS
2023-07-24 08:50:00,2023-07-24 08:55:00,2023-07-24 09:10:00,欧州 15-21JST,SHORT,Q10+ac>0,156.5815,156.52339,156.68939,4.63,3,stop,5.81,2693.0,0.539,0.10789,-0.007375,0.1923,IS
2023-07-24 08:55:00,2023-07-24 09:00:00,2023-07-24 09:10:00,欧州 15-21JST,SHORT,Q10+ac>0,156.592,156.51929,156.69579,4.82,2,stop,7.27,3503.0,0.701,0.10379,-0.006483,0.1288,IS
2023-07-24 09:00:00,2023-07-24 09:05:00,2023-07-24 09:15:00,欧州 15-21JST,SHORT,Q10+ac>0,156.6365,156.65179,156.73479,5.09,2,stop,-1.53,-778.0,-0.156,0.09829,-0.005706,0.1508,IS
2023-07-27 13:00:00,2023-07-27 13:05:00,2023-07-27 13:15:00,NY   21-03JST,LONG,Q10+ac<0,155.3465,155.16971,155.17221,2.87,2,stop,-17.68,-5072.0,-1.014,0.17429,-0.005711,-0.5382,IS
2023-07-27 13:05:00,2023-07-27 13:10:00,2023-07-27 13:25:00,NY   21-03JST,LONG,Q10+ac<0,155.294,155.11043,155.11293,2.76,3,stop,-18.36,-5069.0,-1.014,0.18107,-0.006177,-0.4918,IS
2023-07-27 13:10:00,2023-07-27 13:15:00,2023-07-27 13:30:00,NY   21-03JST,LONG,Q10+ac<0,155.246,155.05639,155.05889,2.67,3,stop,-18.96,-5067.0,-1.013,0.18711,-0.006126,-0.302,IS
2023-07-27 13:15:00,2023-07-27 13:20:00,2023-07-27 13:30:00,NY   21-03JST,LONG,Q10+ac<0,155.201,155.00889,155.01139,2.64,2,stop,-19.21,-5066.0,-1.013,0.18961,-0.006306,-0.238,IS
2023-07-27 13:20:00,2023-07-27 13:25:00,2023-07-27 13:30:00,NY   21-03JST,LONG,Q10+ac<0,155.1605,154.97393,154.97643,2.72,1,stop,-18.66,-5068.0,-1.014,0.18407,-0.006487,-0.2193,IS
2023-07-27 13:25:00,2023-07-27 13:30:00,2023-07-27 13:35:00,NY   21-03JST,LONG,Q10+ac<0,155.1295,154.96504,154.96754,3.09,1,stop,-16.45,-5077.0,-1.015,0.16196,-0.00701,-0.1931,IS
2023-07-27 13:30:00,2023-07-27 13:35:00,2023-07-27 13:45:00,NY   21-03JST,LONG,Q10+ac<0,154.969,154.80204,154.80454,3.04,2,stop,-16.7,-5076.0,-1.015,0.16446,-0.008162,-0.2809,IS
2023-07-27 13:35:00,2023-07-27 13:40:00,2023-07-27 13:55:00,NY   21-03JST,LONG,Q10+ac<0,154.96,154.918,154.7995,3.12,3,stop,-4.2,-1308.0,-0.262,0.1605,-0.008512,-0.3953,IS
2023-07-27 13:40:00,2023-07-27 13:45:00,2023-07-27 13:55:00,NY   21-03JST,LONG,Q10+ac<0,154.842,154.92,154.6835,3.15,2,stop,7.8,2461.0,0.492,0.1585,-0.009315,-0.397,IS
2023-07-27 13:45:00,2023-07-27 13:50:00,2023-07-27 14:05:00,NY   21-03JST,LONG,Q10+ac<0,154.9205,154.92525,154.76175,3.15,3,stop,0.48,150.0,0.03,0.15875,-0.008583,-0.4095,IS
2023-07-27 13:50:00,2023-07-27 13:55:00,2023-07-27 15:15:00,NY   21-03JST,LONG,Q10+ac<0,155.0395,155.1335,154.875,3.04,16,stop,9.4,2857.0,0.571,0.1645,-0.007562,-0.1926,IS
2023-07-27 14:00:00,2023-07-27 14:05:00,2023-07-27 15:15:00,NY   21-03JST,LONG,Q10+ac<0,154.954,155.13725,154.79325,3.11,14,stop,18.32,5700.0,1.14,0.16075,-0.00757,-0.1243,IS
2023-07-27 17:00:00,2023-07-27 17:05:00,2023-07-27 17:10:00,NY   21-03JST,LONG,Q10+ac<0,154.2295,154.11343,154.11593,4.4,1,stop,-11.61,-5110.0,-1.022,0.11357,-0.008594,-0.2102,IS
2023-07-27 17:30:00,2023-07-27 17:35:00,2023-07-27 17:40:00,NY   21-03JST,LONG,Q10+ac<0,153.6805,153.43468,153.43718,2.05,1,stop,-24.58,-5051.0,-1.01,0.24332,-0.01186,-0.1174,IS
2023-07-27 17:35:00,2023-07-27 17:40:00,2023-07-27 18:15:00,NY   21-03JST,LONG,Q10+ac<0,153.1065,153.16157,152.82507,1.78,7,stop,5.51,978.0,0.196,0.28143,-0.017008,-0.2516,IS
2023-07-27 17:40:00,2023-07-27 17:45:00,2023-07-27 18:35:00,NY   21-03JST,LONG,Q10+ac<0,153.2595,153.14614,152.96264,1.68,10,stop,-11.34,-1909.0,-0.382,0.29686,-0.015536,-0.407,IS
2023-07-27 17:45:00,2023-07-27 17:50:00,2023-07-27 18:35:00,NY   21-03JST,LONG,Q10+ac<0,153.3845,153.13357,153.07507,1.62,9,stop,-25.09,-4055.0,-0.811,0.30943,-0.01428,-0.2895,IS
2023-07-27 17:50:00,2023-07-27 17:55:00,2023-07-27 18:35:00,NY   21-03JST,LONG,Q10+ac<0,153.3185,153.11714,153.00364,1.59,8,stop,-20.14,-3198.0,-0.64,0.31486,-0.014859,-0.2761,IS
2023-07-27 17:55:00,2023-07-27 18:00:00,2023-07-27 18:35:00,NY   21-03JST,LONG,Q10+ac<0,153.4045,153.10679,153.08129,1.55,7,stop,-29.77,-4606.0,-0.921,0.32321,-0.013988,-0.1828,IS
2023-07-27 18:00:00,2023-07-27 18:05:00,2023-07-27 18:40:00,NY   21-03JST,LONG,Q10+ac<0,153.3265,153.10264,152.99914,1.53,7,stop,-22.39,-3419.0,-0.684,0.32736,-0.014735,-0.3491,IS
2023-07-27 18:05:00,2023-07-27 18:10:00,2023-07-27 18:50:00,NY   21-03JST,LONG,Q10+ac<0,153.257,153.09464,152.92164,1.49,8,stop,-16.24,-2421.0,-0.484,0.33536,-0.015189,-0.4108,IS
2023-07-27 18:10:00,2023-07-27 18:15:00,2023-07-27 18:35:00,NY   21-03JST,LONG,Q10+ac<0,153.1825,153.15389,152.90639,1.81,4,stop,-2.86,-518.0,-0.104,0.27611,-0.015871,-0.4413,IS
2023-07-27 18:15:00,2023-07-27 18:20:00,2023-07-27 18:35:00,NY   21-03JST,LONG,Q10+ac<0,153.287,153.12711,153.04561,2.07,3,stop,-15.99,-3312.0,-0.662,0.24139,-0.01557,-0.4447,IS
2023-07-27 18:20:00,2023-07-27 18:25:00,2023-07-27 18:35:00,NY   21-03JST,LONG,Q10+ac<0,153.3545,153.14436,153.14686,2.41,2,stop,-21.01,-5060.0,-1.012,0.20764,-0.015333,-0.3602,IS
2023-07-27 18:25:00,2023-07-27 18:30:00,2023-07-27 18:50:00,NY   21-03JST,LONG,Q10+ac<0,153.265,153.06311,153.06561,2.51,4,stop,-20.19,-5063.0,-1.013,0.19939,-0.015907,-0.3408,IS
2023-07-27 18:30:00,2023-07-27 18:35:00,2023-07-27 18:55:00,NY   21-03JST,LONG,Q10+ac<0,153.181,153.00379,152.99079,2.63,4,stop,-17.72,-4658.0,-0.932,0.19021,-0.016081,-0.3808,IS
2023-07-27 18:40:00,2023-07-27 18:45:00,2023-07-27 18:55:00,NY   21-03JST,LONG,Q10+ac<0,153.1475,152.98904,152.97104,2.83,2,stop,-15.85,-4490.0,-0.898,0.17646,-0.016454,-0.2008,IS
2023-07-27 18:45:00,2023-07-27 18:50:00,2023-07-27 18:55:00,NY   21-03JST,LONG,Q10+ac<0,153.129,152.98725,152.98975,3.59,1,stop,-14.18,-5090.0,-1.018,0.13925,-0.01627,-0.1116,IS
2023-07-27 23:50:00,2023-07-27 23:55:00,2023-07-28 00:00:00,NY   21-03JST,LONG,Q10+ac<0,152.4815,152.35946,152.36196,4.18,1,stop,-12.2,-5105.0,-1.021,0.11954,-0.005075,-0.2938,IS
2023-07-27 23:55:00,2023-07-28 00:00:00,2023-07-28 00:25:00,NY   21-03JST,LONG,Q10+ac<0,152.462,152.69821,152.33521,3.94,5,stop,23.62,9315.0,1.863,0.12679,-0.005188,-0.2378,IS
2023-07-28 05:25:00,2023-07-28 05:30:00,2023-07-28 06:00:00,NY   21-03JST,LONG,Q10+ac<0,152.2565,152.71446,151.97496,1.78,6,stop,45.8,8133.0,1.627,0.28154,-0.009503,-0.1346,IS
2023-07-28 05:30:00,2023-07-28 05:35:00,2023-07-28 06:00:00,NY   21-03JST,LONG,Q10+ac<0,152.2475,152.73411,151.98561,1.91,5,stop,48.66,9290.0,1.858,0.26189,-0.014439,-0.1666,IS
2023-07-28 05:35:00,2023-07-28 05:40:00,2023-07-28 06:00:00,NY   21-03JST,LONG,Q10+ac<0,152.5385,152.73396,152.27646,1.91,4,stop,19.55,3730.0,0.746,0.26204,-0.013963,-0.2244,IS
2023-07-28 05:40:00,2023-07-28 05:45:00,2023-07-28 06:00:00,NY   21-03JST,LONG,Q10+ac<0,152.5015,152.74939,152.25489,2.03,3,stop,24.79,5026.0,1.005,0.24661,-0.007537,-0.2548,IS
2023-07-28 05:45:00,2023-07-28 05:50:00,2023-07-28 06:00:00,NY   21-03JST,LONG,Q10+ac<0,152.6685,152.75164,152.42414,2.05,2,stop,8.31,1701.0,0.34,0.24436,-0.005631,-0.3839,IS
2023-07-28 05:50:00,2023-07-28 05:55:00,2023-07-28 06:05:00,NY   21-03JST,LONG,Q10+ac<0,152.7105,152.63646,152.48096,2.18,2,stop,-7.4,-1613.0,-0.323,0.22954,-0.006672,-0.3719,IS
2023-08-03 07:15:00,2023-08-03 07:20:00,2023-08-03 07:35:00,欧州 15-21JST,SHORT,Q10+ac>0,156.5315,156.29121,156.63421,4.87,3,stop,24.03,11697.0,2.339,0.10271,-0.005322,0.2188,IS
2023-08-03 07:20:00,2023-08-03 07:25:00,2023-08-03 07:35:00,欧州 15-21JST,SHORT,Q10+ac>0,156.442,156.29446,156.54796,4.72,2,stop,14.75,6962.0,1.392,0.10596,-0.006412,0.2991,IS
2023-08-03 07:25:00,2023-08-03 07:30:00,2023-08-03 07:35:00,欧州 15-21JST,SHORT,Q10+ac>0,156.2495,156.36911,156.36661,4.27,1,stop,-11.96,-5107.0,-1.021,0.11711,-0.007962,0.3042,IS
2023-08-03 08:05:00,2023-08-03 08:10:00,2023-08-03 09:00:00,欧州 15-21JST,SHORT,Q10+ac>0,156.208,156.14239,156.37139,3.06,10,stop,6.56,2008.0,0.402,0.16339,-0.006181,0.3159,IS
2023-08-03 08:10:00,2023-08-03 08:15:00,2023-08-03 09:00:00,欧州 15-21JST,SHORT,Q10+ac>0,156.2265,156.14025,156.38775,3.1,9,stop,8.63,2674.0,0.535,0.16125,-0.006325,0.2727,IS
2023-08-03 08:15:00,2023-08-03 08:20:00,2023-08-03 09:00:00,欧州 15-21JST,SHORT,Q10+ac>0,156.2165,156.13682,156.37432,3.17,8,stop,7.97,2524.0,0.505,0.15782,-0.006527,0.2177,IS
2023-08-03 08:25:00,2023-08-03 08:30:00,2023-08-03 09:00:00,欧州 15-21JST,SHORT,Q10+ac>0,156.2415,156.12393,156.38643,3.45,6,stop,11.76,4056.0,0.811,0.14493,-0.005881,0.1501,IS
2023-08-03 08:30:00,2023-08-03 08:35:00,2023-08-03 09:00:00,欧州 15-21JST,SHORT,Q10+ac>0,156.1575,156.12018,156.29868,3.54,5,stop,3.73,1322.0,0.264,0.14118,-0.006776,0.2257,IS
2023-08-03 08:35:00,2023-08-03 08:40:00,2023-08-03 09:00:00,欧州 15-21JST,SHORT,Q10+ac>0,156.1245,156.11036,156.25586,3.81,4,stop,1.41,538.0,0.108,0.13136,-0.006506,0.2404,IS
2023-08-03 08:40:00,2023-08-03 08:45:00,2023-08-03 09:00:00,欧州 15-21JST,SHORT,Q10+ac>0,156.0745,156.10893,156.20443,3.85,3,stop,-3.44,-1325.0,-0.265,0.12993,-0.00678,0.2629,IS
2023-08-03 08:45:00,2023-08-03 08:50:00,2023-08-03 09:00:00,欧州 15-21JST,SHORT,Q10+ac>0,156.1115,156.10039,156.23289,4.12,2,stop,1.11,457.0,0.091,0.12139,-0.006427,0.3141,IS
2023-08-03 08:50:00,2023-08-03 08:55:00,2023-08-03 09:05:00,欧州 15-21JST,SHORT,Q10+ac>0,156.098,156.16904,156.21504,4.27,2,stop,-7.1,-3035.0,-0.607,0.11704,-0.006444,0.1435,IS
2023-08-03 08:55:00,2023-08-03 09:00:00,2023-08-03 09:05:00,欧州 15-21JST,SHORT,Q10+ac>0,156.0525,156.17461,156.17211,4.18,1,stop,-12.21,-5105.0,-1.021,0.11961,-0.006431,0.3537,IS
2023-08-23 02:00:00,2023-08-23 02:05:00,2023-08-23 07:30:00,NY   21-03JST,LONG,Q10+ac<0,158.0845,158.23011,157.94011,3.46,29,stop,14.56,5042.0,1.008,0.14439,-0.009771,-0.3674,IS
2023-08-23 02:05:00,2023-08-23 02:10:00,2023-08-23 07:30:00,NY   21-03JST,LONG,Q10+ac<0,158.074,158.23,157.9295,3.46,28,stop,15.6,5398.0,1.08,0.1445,-0.010193,-0.1271,IS
2023-08-23 02:10:00,2023-08-23 02:15:00,2023-08-23 07:30:00,NY   21-03JST,LONG,Q10+ac<0,158.0845,158.23354,157.94354,3.55,27,stop,14.9,5286.0,1.057,0.14096,-0.009599,-0.1185,IS
2023-08-23 02:15:00,2023-08-23 02:20:00,2023-08-23 07:30:00,NY   21-03JST,LONG,Q10+ac<0,158.1025,158.23482,157.96282,3.58,26,stop,13.23,4737.0,0.947,0.13968,-0.009559,-0.1168,IS
2023-08-23 02:20:00,2023-08-23 02:25:00,2023-08-23 07:30:00,NY   21-03JST,LONG,Q10+ac<0,158.1315,158.24082,157.99782,3.74,25,stop,10.93,4089.0,0.818,0.13368,-0.009249,-0.1153,IS
2023-08-23 02:25:00,2023-08-23 02:30:00,2023-08-23 07:30:00,NY   21-03JST,LONG,Q10+ac<0,158.1285,158.24211,157.99611,3.78,24,stop,11.36,4291.0,0.858,0.13239,-0.009435,-0.1149,IS
2023-08-23 02:30:00,2023-08-23 02:35:00,2023-08-23 07:30:00,NY   21-03JST,LONG,Q10+ac<0,158.1475,158.24504,158.01804,3.86,23,stop,9.75,3767.0,0.753,0.12946,-0.00959,-0.1126,IS
2023-08-23 02:35:00,2023-08-23 02:40:00,2023-08-23 07:30:00,NY   21-03JST,LONG,Q10+ac<0,158.1295,158.24564,158.00064,3.88,22,stop,11.61,4507.0,0.901,0.12886,-0.009742,-0.1117,IS
2023-08-23 02:40:00,2023-08-23 02:45:00,2023-08-23 07:30:00,NY   21-03JST,LONG,Q10+ac<0,158.154,158.24718,158.02668,3.93,21,stop,9.32,3659.0,0.732,0.12732,-0.009536,-0.1096,IS
2023-08-23 02:45:00,2023-08-23 02:50:00,2023-08-23 07:30:00,NY   21-03JST,LONG,Q10+ac<0,158.119,158.24871,157.99321,3.98,20,stop,12.97,5156.0,1.031,0.12579,-0.009599,-0.107,IS
2023-08-23 02:50:00,2023-08-23 02:55:00,2023-08-23 07:30:00,NY   21-03JST,LONG,Q10+ac<0,158.1135,158.24857,157.98757,3.97,19,stop,13.51,5363.0,1.073,0.12593,-0.009585,-0.1102,IS
2023-08-23 04:00:00,2023-08-23 04:05:00,2023-08-23 07:30:00,NY   21-03JST,LONG,Q10+ac<0,158.1915,158.248,158.065,3.95,17,stop,5.65,2233.0,0.447,0.1265,-0.009299,-0.1415,IS
2023-08-23 04:05:00,2023-08-23 04:10:00,2023-08-23 07:30:00,NY   21-03JST,LONG,Q10+ac<0,158.176,158.24946,158.05096,4.0,16,stop,7.35,2938.0,0.588,0.12504,-0.009595,-0.2979,IS
2023-08-23 04:10:00,2023-08-23 04:15:00,2023-08-23 04:30:00,NY   21-03JST,LONG,Q10+ac<0,158.164,158.17496,158.12696,13.5,3,stop,1.1,1480.0,0.296,0.03704,-0.008793,-0.2099,IS
2023-08-23 04:15:00,2023-08-23 04:20:00,2023-08-23 04:30:00,NY   21-03JST,LONG,Q10+ac<0,158.1835,158.17679,158.14829,14.2,2,stop,-0.67,-953.0,-0.191,0.03521,-0.008359,-0.2967,IS
2023-08-23 04:20:00,2023-08-23 04:25:00,2023-08-23 04:45:00,NY   21-03JST,LONG,Q10+ac<0,158.1985,158.17532,158.16432,14.63,4,stop,-2.32,-3391.0,-0.678,0.03418,-0.008506,-0.239,IS
2023-08-23 04:25:00,2023-08-23 04:30:00,2023-08-23 04:45:00,NY   21-03JST,LONG,Q10+ac<0,158.204,158.176,158.1705,14.93,3,stop,-2.8,-4179.0,-0.836,0.0335,-0.0086,-0.2188,IS
2023-08-23 04:30:00,2023-08-23 04:35:00,2023-08-23 04:45:00,NY   21-03JST,LONG,Q10+ac<0,158.209,158.17543,158.17593,15.12,2,stop,-3.36,-5076.0,-1.015,0.03307,-0.008726,-0.1713,IS
2023-08-23 04:35:00,2023-08-23 04:40:00,2023-08-23 04:50:00,NY   21-03JST,LONG,Q10+ac<0,158.1945,158.17464,158.16114,14.99,2,stop,-1.99,-2976.0,-0.595,0.03336,-0.008699,-0.1114,IS
2023-08-23 04:45:00,2023-08-23 04:50:00,2023-08-23 07:05:00,NY   21-03JST,LONG,Q10+ac<0,158.1845,158.244,158.152,15.38,3,stop,5.95,9154.0,1.831,0.0325,-0.008739,-0.1318,IS
2023-08-23 04:55:00,2023-08-23 07:00:00,2023-08-23 07:05:00,NY   21-03JST,LONG,Q10+ac<0,158.2415,158.20657,158.20907,15.42,1,stop,-3.49,-5385.0,-1.077,0.03243,-0.008883,-0.2493,IS
2023-08-23 07:30:00,2023-08-23 07:35:00,2023-08-23 07:45:00,欧州 15-21JST,SHORT,Q10+ac>0,157.4705,157.43368,157.59518,4.01,2,stop,3.68,1477.0,0.295,0.12468,-0.005006,0.277,IS
2023-08-23 07:35:00,2023-08-23 07:40:00,2023-08-23 07:45:00,欧州 15-21JST,SHORT,Q10+ac>0,157.3435,157.48611,157.48361,3.57,1,stop,-14.26,-5089.0,-1.018,0.14011,-0.005726,0.1026,IS
2023-08-23 08:25:00,2023-08-23 08:30:00,2023-08-23 08:50:00,欧州 15-21JST,SHORT,Q10+ac>0,157.427,157.32443,157.59693,2.94,4,stop,10.26,3018.0,0.604,0.16993,-0.005568,0.3309,IS
2023-08-23 09:00:00,2023-08-23 09:05:00,2023-08-23 09:25:00,欧州 15-21JST,SHORT,Q10+ac>0,157.1845,157.23704,157.29204,4.65,4,stop,-5.25,-2443.0,-0.489,0.10754,-0.00703,0.2616,IS
2023-08-23 09:05:00,2023-08-23 09:10:00,2023-08-23 09:25:00,欧州 15-21JST,SHORT,Q10+ac>0,157.1985,157.235,157.304,4.74,3,stop,-3.65,-1730.0,-0.346,0.1055,-0.00749,0.2106,IS
2023-08-23 09:10:00,2023-08-23 09:15:00,2023-08-23 09:25:00,欧州 15-21JST,SHORT,Q10+ac>0,157.178,157.259,157.279,4.95,2,stop,-8.1,-4010.0,-0.802,0.101,-0.007578,0.1766,IS
2023-08-23 09:15:00,2023-08-23 09:20:00,2023-08-23 09:25:00,欧州 15-21JST,SHORT,Q10+ac>0,157.1735,157.27714,157.27464,4.94,1,stop,-10.36,-5124.0,-1.025,0.10114,-0.00813,0.1476,IS
2023-08-23 09:20:00,2023-08-23 09:25:00,2023-08-23 09:30:00,欧州 15-21JST,SHORT,Q10+ac>0,157.2025,157.30625,157.30375,4.94,1,stop,-10.37,-5123.0,-1.025,0.10125,-0.007715,0.1552,IS
2023-08-23 09:25:00,2023-08-23 09:30:00,2023-08-23 10:05:00,欧州 15-21JST,SHORT,Q10+ac>0,157.3025,157.30925,157.40725,4.77,7,stop,-0.67,-322.0,-0.064,0.10475,-0.006697,0.4204,IS
2023-08-29 15:40:00,2023-08-29 15:45:00,2023-08-29 19:45:00,NY   21-03JST,LONG,Q10+ac<0,158.396,158.686,158.28271,4.41,48,time,29.0,12799.0,2.56,0.11329,-0.004971,-0.2053,IS
2023-08-31 07:05:00,2023-08-31 07:10:00,2023-08-31 07:20:00,欧州 15-21JST,SHORT,Q10+ac>0,158.993,158.89011,159.08111,5.67,2,stop,10.29,5839.0,1.168,0.08811,-0.005306,0.2805,IS
2023-08-31 07:10:00,2023-08-31 07:15:00,2023-08-31 07:25:00,欧州 15-21JST,SHORT,Q10+ac>0,158.8965,158.85518,158.96718,7.07,2,stop,4.13,2923.0,0.585,0.07068,-0.006253,0.3342,IS
2023-08-31 07:15:00,2023-08-31 07:20:00,2023-08-31 07:25:00,欧州 15-21JST,SHORT,Q10+ac>0,158.83,158.90675,158.90425,6.73,1,stop,-7.68,-5168.0,-1.034,0.07425,-0.006642,0.3422,IS
2023-08-31 07:20:00,2023-08-31 07:25:00,2023-08-31 07:35:00,欧州 15-21JST,SHORT,Q10+ac>0,158.89,158.918,158.9665,6.54,2,stop,-2.8,-1830.0,-0.366,0.0765,-0.005984,0.2594,IS
2023-08-31 07:25:00,2023-08-31 07:30:00,2023-08-31 07:35:00,欧州 15-21JST,SHORT,Q10+ac>0,158.8745,158.95682,158.95432,6.26,1,stop,-8.23,-5157.0,-1.031,0.07982,-0.00618,0.2487,IS
2023-08-31 07:30:00,2023-08-31 07:35:00,2023-08-31 07:40:00,欧州 15-21JST,SHORT,Q10+ac>0,158.8945,158.97846,158.97596,6.14,1,stop,-8.4,-5153.0,-1.031,0.08146,-0.006594,0.2721,IS
2023-08-31 07:35:00,2023-08-31 07:40:00,2023-08-31 08:15:00,欧州 15-21JST,SHORT,Q10+ac>0,158.968,158.77832,159.05432,5.79,7,stop,18.97,10987.0,2.197,0.08632,-0.006303,0.3489,IS
2023-08-31 07:40:00,2023-08-31 07:45:00,2023-08-31 08:15:00,欧州 15-21JST,SHORT,Q10+ac>0,158.995,158.78218,159.08518,5.54,6,stop,21.28,11800.0,2.36,0.09018,-0.005997,0.4039,IS
2023-08-31 07:45:00,2023-08-31 07:50:00,2023-08-31 08:15:00,欧州 15-21JST,SHORT,Q10+ac>0,158.998,158.78343,159.08943,5.47,5,stop,21.46,11734.0,2.347,0.09143,-0.005893,0.4125,IS
2023-08-31 07:50:00,2023-08-31 07:55:00,2023-08-31 08:15:00,欧州 15-21JST,SHORT,Q10+ac>0,158.932,158.78893,159.02893,5.16,4,stop,14.31,7380.0,1.476,0.09693,-0.006017,0.3879,IS
2023-08-31 07:55:00,2023-08-31 08:00:00,2023-08-31 08:15:00,欧州 15-21JST,SHORT,Q10+ac>0,158.936,158.78975,159.03375,5.12,3,stop,14.62,7481.0,1.496,0.09775,-0.006257,0.6022,IS
2023-08-31 08:05:00,2023-08-31 08:10:00,2023-08-31 08:15:00,欧州 15-21JST,SHORT,Q10+ac>0,158.7095,158.82436,158.82186,4.45,1,stop,-11.49,-5111.0,-1.022,0.11236,-0.004907,0.2966,IS
2023-08-31 08:10:00,2023-08-31 08:15:00,2023-08-31 08:25:00,欧州 15-21JST,SHORT,Q10+ac>0,158.751,158.85482,158.85232,4.93,2,stop,-10.38,-5123.0,-1.025,0.10132,-0.005188,0.1108,IS
2023-08-31 15:55:00,2023-08-31 16:00:00,2023-08-31 16:15:00,NY   21-03JST,LONG,Q10+ac<0,157.912,157.80546,157.79996,4.46,3,stop,-10.65,-4755.0,-0.951,0.11204,-0.00504,-0.2075,IS
2023-08-31 16:00:00,2023-08-31 16:05:00,2023-08-31 16:20:00,NY   21-03JST,LONG,Q10+ac<0,157.885,157.77939,157.78189,4.85,3,stop,-10.56,-5121.0,-1.024,0.10311,-0.005049,-0.2389,IS
2023-08-31 16:05:00,2023-08-31 16:10:00,2023-08-31 16:20:00,NY   21-03JST,LONG,Q10+ac<0,157.8585,157.76554,157.76804,5.53,2,stop,-9.3,-5138.0,-1.028,0.09046,-0.005048,-0.2472,IS
2023-08-31 16:15:00,2023-08-31 16:20:00,2023-08-31 16:30:00,NY   21-03JST,LONG,Q10+ac<0,157.8015,157.72254,157.72504,6.54,2,stop,-7.9,-5163.0,-1.033,0.07646,-0.005845,-0.3495,IS
2023-08-31 16:20:00,2023-08-31 16:25:00,2023-08-31 16:30:00,NY   21-03JST,LONG,Q10+ac<0,157.7565,157.68425,157.68675,7.17,1,stop,-7.22,-5179.0,-1.036,0.06975,-0.00632,-0.3182,IS
2023-08-31 16:25:00,2023-08-31 16:30:00,2023-08-31 16:35:00,NY   21-03JST,LONG,Q10+ac<0,157.756,157.68979,157.69229,7.85,1,stop,-6.62,-5196.0,-1.039,0.06371,-0.006022,-0.3441,IS
2023-08-31 16:30:00,2023-08-31 16:35:00,2023-08-31 16:45:00,NY   21-03JST,LONG,Q10+ac<0,157.687,157.63971,157.62371,7.9,2,stop,-4.73,-3736.0,-0.747,0.06329,-0.006692,-0.5296,IS
2023-08-31 16:35:00,2023-08-31 16:40:00,2023-08-31 16:45:00,NY   21-03JST,LONG,Q10+ac<0,157.7045,157.64329,157.64579,8.52,1,stop,-6.12,-5213.0,-1.043,0.05871,-0.006304,-0.5298,IS
2023-08-31 16:40:00,2023-08-31 16:45:00,2023-08-31 17:00:00,NY   21-03JST,LONG,Q10+ac<0,157.6615,157.70396,157.60396,8.69,3,stop,4.25,3690.0,0.738,0.05754,-0.006019,-0.5411,IS
2023-09-01 12:35:00,2023-09-01 12:40:00,2023-09-01 13:35:00,NY   21-03JST,LONG,Q10+ac<0,157.157,157.52257,157.03607,4.13,11,stop,36.56,15115.0,3.023,0.12093,-0.006101,-0.3123,IS
2023-09-01 12:40:00,2023-09-01 12:45:00,2023-09-01 13:35:00,NY   21-03JST,LONG,Q10+ac<0,157.094,157.51821,156.96871,3.99,10,stop,42.42,16930.0,3.386,0.12529,-0.006642,-0.2916,IS
2023-09-01 12:45:00,2023-09-01 12:50:00,2023-09-01 13:35:00,NY   21-03JST,LONG,Q10+ac<0,157.143,157.51018,157.00968,3.75,9,stop,36.72,13770.0,2.754,0.13332,-0.006802,-0.3056,IS
2023-09-01 12:50:00,2023-09-01 12:55:00,2023-09-01 13:35:00,NY   21-03JST,LONG,Q10+ac<0,157.1255,157.51068,156.99268,3.76,8,stop,38.52,14500.0,2.9,0.13282,-0.006435,-0.2837,IS
2023-09-01 12:55:00,2023-09-01 13:00:00,2023-09-01 13:35:00,NY   21-03JST,LONG,Q10+ac<0,157.241,157.50482,157.10232,3.61,7,stop,26.38,9512.0,1.902,0.13868,-0.005251,-0.2807,IS
2023-09-10 22:00:00,2023-09-10 22:05:00,2023-09-10 22:15:00,NY   21-03JST,LONG,Q10+ac<0,157.5225,157.60618,157.43768,5.89,2,stop,8.37,4933.0,0.987,0.08482,-0.005688,-0.1528,IS
2023-09-10 22:05:00,2023-09-10 22:10:00,2023-09-10 22:30:00,NY   21-03JST,LONG,Q10+ac<0,157.6,157.63664,157.50564,5.3,4,stop,3.66,1942.0,0.388,0.09436,-0.00518,-0.2479,IS
2023-09-10 22:10:00,2023-09-10 22:15:00,2023-09-10 22:45:00,NY   21-03JST,LONG,Q10+ac<0,157.6245,157.63146,157.52496,5.02,6,stop,0.7,350.0,0.07,0.09954,-0.005187,-0.2237,IS
2023-09-10 22:15:00,2023-09-10 22:20:00,2023-09-10 22:45:00,NY   21-03JST,LONG,Q10+ac<0,157.644,157.62696,157.54146,4.88,5,stop,-1.7,-831.0,-0.166,0.10254,-0.005007,-0.2138,IS
2023-09-10 22:25:00,2023-09-10 22:30:00,2023-09-10 22:50:00,NY   21-03JST,LONG,Q10+ac<0,157.645,157.57968,157.53218,4.43,4,stop,-6.53,-2895.0,-0.579,0.11282,-0.004881,-0.2005,IS
2023-09-10 22:30:00,2023-09-10 22:35:00,2023-09-10 22:50:00,NY   21-03JST,LONG,Q10+ac<0,157.648,157.57757,157.53307,4.35,3,stop,-7.04,-3064.0,-0.613,0.11493,-0.004953,-0.2096,IS
2023-09-10 22:45:00,2023-09-10 22:50:00,2023-09-10 23:50:00,NY   21-03JST,LONG,Q10+ac<0,157.634,157.61014,157.51214,4.1,12,stop,-2.39,-979.0,-0.196,0.12186,-0.005035,-0.2025,IS
2023-09-10 22:50:00,2023-09-10 22:55:00,2023-09-10 23:50:00,NY   21-03JST,LONG,Q10+ac<0,157.578,157.60521,157.45121,3.94,11,stop,2.72,1073.0,0.215,0.12679,-0.005564,-0.2114,IS
2023-09-10 22:55:00,2023-09-10 23:00:00,2023-09-10 23:50:00,NY   21-03JST,LONG,Q10+ac<0,157.597,157.60539,157.47039,3.95,10,stop,0.84,331.0,0.066,0.12661,-0.005432,-0.5324,IS
2023-09-10 23:10:00,2023-09-10 23:15:00,2023-09-10 23:40:00,NY   21-03JST,LONG,Q10+ac<0,157.6615,157.65986,157.58936,6.93,5,stop,-0.16,-114.0,-0.023,0.07214,-0.00495,-0.1726,IS
2023-09-11 12:30:00,2023-09-11 12:35:00,2023-09-11 13:10:00,NY   21-03JST,LONG,Q10+ac<0,156.948,157.14539,156.85589,5.43,7,stop,19.74,10715.0,2.143,0.09211,-0.005566,-0.3769,IS
2023-09-11 12:35:00,2023-09-11 12:40:00,2023-09-11 13:10:00,NY   21-03JST,LONG,Q10+ac<0,156.925,157.14389,156.83139,5.34,6,stop,21.89,11692.0,2.338,0.09361,-0.005528,-0.3604,IS
2023-09-11 12:40:00,2023-09-11 12:45:00,2023-09-11 13:10:00,NY   21-03JST,LONG,Q10+ac<0,156.9975,157.14046,156.90046,5.15,5,stop,14.3,7367.0,1.473,0.09704,-0.004871,-0.2957,IS
2023-09-14 13:05:00,2023-09-14 13:10:00,2023-09-14 13:30:00,NY   21-03JST,LONG,Q10+ac<0,157.267,157.09796,157.04846,2.29,4,stop,-16.9,-3867.0,-0.773,0.21854,-0.006915,-0.1323,IS
2023-09-14 13:15:00,2023-09-14 13:20:00,2023-09-14 13:45:00,NY   21-03JST,LONG,Q10+ac<0,157.26,157.02882,157.03132,2.19,5,stop,-23.12,-5055.0,-1.011,0.22868,-0.006693,-0.3299,IS
2023-09-14 13:20:00,2023-09-14 13:25:00,2023-09-14 13:45:00,NY   21-03JST,LONG,Q10+ac<0,157.198,156.96368,156.96618,2.16,4,stop,-23.43,-5054.0,-1.011,0.23182,-0.007152,-0.3152,IS
2023-09-14 13:25:00,2023-09-14 13:30:00,2023-09-14 13:45:00,NY   21-03JST,LONG,Q10+ac<0,157.128,157.00029,156.95679,2.92,3,stop,-12.77,-3730.0,-0.746,0.17121,-0.007265,-0.3081,IS
2023-09-14 13:35:00,2023-09-14 13:40:00,2023-09-14 13:45:00,NY   21-03JST,LONG,Q10+ac<0,157.1335,156.97432,156.97682,3.19,1,stop,-15.92,-5080.0,-1.016,0.15668,-0.00755,-0.3594,IS
2023-09-14 14:00:00,2023-09-14 14:05:00,2023-09-14 14:15:00,NY   21-03JST,LONG,Q10+ac<0,157.1095,157.05543,156.96943,3.57,2,stop,-5.41,-1930.0,-0.386,0.14007,-0.007243,-0.466,IS
2023-09-14 14:05:00,2023-09-14 14:10:00,2023-09-14 14:30:00,NY   21-03JST,LONG,Q10+ac<0,157.127,157.02925,156.99525,3.8,4,stop,-9.78,-3710.0,-0.742,0.13175,-0.006979,-0.3201,IS
2023-09-14 14:10:00,2023-09-14 14:15:00,2023-09-14 14:30:00,NY   21-03JST,LONG,Q10+ac<0,157.1495,157.03093,157.01943,3.84,3,stop,-11.86,-4558.0,-0.912,0.13007,-0.006769,-0.3261,IS
2023-09-14 14:15:00,2023-09-14 14:20:00,2023-09-14 14:40:00,NY   21-03JST,LONG,Q10+ac<0,157.0995,157.01557,156.97607,4.05,4,stop,-8.39,-3400.0,-0.68,0.12343,-0.007288,-0.3351,IS
2023-09-14 14:20:00,2023-09-14 14:25:00,2023-09-14 14:30:00,NY   21-03JST,LONG,Q10+ac<0,157.14,157.019,157.0215,4.22,1,stop,-12.1,-5105.0,-1.021,0.1185,-0.007187,-0.3442,IS
2023-10-03 14:10:00,2023-10-03 14:15:00,2023-10-03 14:35:00,NY   21-03JST,LONG,Q10+ac<0,156.048,155.99846,155.78896,1.93,4,stop,-4.95,-956.0,-0.191,0.25904,-0.009024,-0.1412,IS
2023-10-03 15:10:00,2023-10-03 15:15:00,2023-10-03 19:15:00,NY   21-03JST,LONG,Q10+ac<0,156.1265,155.883,155.72711,1.25,48,time,-24.35,-3048.0,-0.61,0.39939,-0.006963,-0.5294,IS
2023-10-03 15:15:00,2023-10-03 15:20:00,2023-10-03 19:20:00,NY   21-03JST,LONG,Q10+ac<0,156.1575,155.9,155.75486,1.24,48,time,-25.75,-3198.0,-0.64,0.40264,-0.006884,-0.1855,IS
2023-10-03 15:20:00,2023-10-03 15:25:00,2023-10-03 15:35:00,NY   21-03JST,LONG,Q10+ac<0,156.155,155.92714,155.92964,2.22,2,stop,-22.79,-5055.0,-1.011,0.22536,-0.006807,-0.4084,IS
2023-10-03 15:25:00,2023-10-03 15:30:00,2023-10-03 15:35:00,NY   21-03JST,LONG,Q10+ac<0,156.047,155.86025,155.86275,2.71,1,stop,-18.67,-5068.0,-1.014,0.18425,-0.007703,-0.4246,IS
2023-10-03 15:30:00,2023-10-03 15:35:00,2023-10-03 15:45:00,NY   21-03JST,LONG,Q10+ac<0,156.0155,155.84854,155.85104,3.04,2,stop,-16.7,-5076.0,-1.015,0.16446,-0.007992,-0.2306,IS
2023-10-03 15:50:00,2023-10-03 15:55:00,2023-10-03 16:05:00,NY   21-03JST,LONG,Q10+ac<0,155.928,155.92536,155.81286,4.34,2,stop,-0.26,-115.0,-0.023,0.11514,-0.009673,-0.1578,IS
2023-10-08 22:00:00,2023-10-08 22:05:00,2023-10-08 22:10:00,NY   21-03JST,LONG,Q10+ac<0,157.444,157.35743,157.35993,5.95,1,stop,-8.66,-5149.0,-1.03,0.08407,-0.004988,-0.778,IS
2023-10-08 22:05:00,2023-10-08 22:10:00,2023-10-09 01:00:00,NY   21-03JST,LONG,Q10+ac<0,157.3785,157.61029,157.28729,5.48,34,stop,23.18,12706.0,2.541,0.09121,-0.005502,-0.1055,IS
2023-10-08 22:10:00,2023-10-08 22:15:00,2023-10-09 01:00:00,NY   21-03JST,LONG,Q10+ac<0,157.344,157.60704,157.24954,5.29,33,stop,26.3,13922.0,2.784,0.09446,-0.005465,-0.1147,IS
2023-10-08 22:15:00,2023-10-08 22:20:00,2023-10-09 01:00:00,NY   21-03JST,LONG,Q10+ac<0,157.3915,157.601,157.291,4.98,32,stop,20.95,10423.0,2.085,0.1005,-0.005031,-0.1139,IS
2023-10-30 14:50:00,2023-10-30 14:55:00,2023-10-30 16:45:00,NY   21-03JST,LONG,Q10+ac<0,158.187,158.11843,158.04443,3.51,22,stop,-6.86,-2405.0,-0.481,0.14257,-0.005182,-0.1919,IS
2023-10-30 15:10:00,2023-10-30 15:15:00,2023-10-30 16:35:00,NY   21-03JST,LONG,Q10+ac<0,158.15,158.14946,158.03846,4.48,16,stop,-0.05,-24.0,-0.005,0.11154,-0.005714,-0.2661,IS
2023-10-30 15:15:00,2023-10-30 15:20:00,2023-10-30 15:40:00,NY   21-03JST,LONG,Q10+ac<0,158.1715,158.08668,158.07318,5.09,4,stop,-8.48,-4313.0,-0.863,0.09832,-0.005434,-0.3499,IS
2023-10-30 15:20:00,2023-10-30 15:25:00,2023-10-30 15:35:00,NY   21-03JST,LONG,Q10+ac<0,158.1885,158.09904,158.10154,5.75,2,stop,-8.95,-5144.0,-1.029,0.08696,-0.005289,-0.3105,IS
2023-10-30 15:25:00,2023-10-30 15:30:00,2023-10-30 16:00:00,NY   21-03JST,LONG,Q10+ac<0,158.1335,158.16757,158.05057,6.03,6,stop,3.41,2054.0,0.411,0.08293,-0.005701,-0.1727,IS
2023-10-30 15:30:00,2023-10-30 15:35:00,2023-10-30 16:00:00,NY   21-03JST,LONG,Q10+ac<0,158.1185,158.17146,158.03946,6.33,5,stop,5.3,3351.0,0.67,0.07904,-0.005782,-0.2431,IS
2023-10-30 15:35:00,2023-10-30 15:40:00,2023-10-30 16:00:00,NY   21-03JST,LONG,Q10+ac<0,158.114,158.174,158.0375,6.54,4,stop,6.0,3922.0,0.784,0.0765,-0.006076,-0.2318,IS
2023-10-30 15:40:00,2023-10-30 15:45:00,2023-10-30 16:00:00,NY   21-03JST,LONG,Q10+ac<0,158.1295,158.17964,158.05864,7.06,3,stop,5.01,3538.0,0.708,0.07086,-0.005889,-0.2837,IS
2023-10-30 15:45:00,2023-10-30 15:50:00,2023-10-30 16:00:00,NY   21-03JST,LONG,Q10+ac<0,158.1465,158.18018,158.07618,7.11,2,stop,3.37,2395.0,0.479,0.07032,-0.005707,-0.3509,IS
2023-10-30 15:50:00,2023-10-30 15:55:00,2023-10-30 16:05:00,NY   21-03JST,LONG,Q10+ac<0,158.185,158.19132,158.11532,7.18,2,stop,0.63,454.0,0.091,0.06968,-0.005395,-0.2578,IS
2023-11-17 08:00:00,2023-11-17 08:05:00,2023-11-17 08:15:00,欧州 15-21JST,SHORT,Q10+ac>0,162.85,162.87211,162.92861,6.36,2,stop,-2.21,-1406.0,-0.281,0.07861,-0.004874,0.384,IS
2023-11-17 08:30:00,2023-11-17 08:35:00,2023-11-17 08:45:00,欧州 15-21JST,SHORT,Q10+ac>0,162.727,162.69636,162.82236,5.24,2,stop,3.06,1607.0,0.321,0.09536,-0.005224,0.2919,IS
2023-11-17 08:35:00,2023-11-17 08:40:00,2023-11-17 08:55:00,欧州 15-21JST,SHORT,Q10+ac>0,162.6755,162.53268,162.77418,5.07,3,stop,14.28,7237.0,1.447,0.09868,-0.005703,0.2825,IS
2023-11-17 08:40:00,2023-11-17 08:45:00,2023-11-17 08:55:00,欧州 15-21JST,SHORT,Q10+ac>0,162.741,162.53254,162.83954,5.07,2,stop,20.85,10578.0,2.116,0.09854,-0.005111,0.2047,IS
2023-11-17 08:45:00,2023-11-17 08:50:00,2023-11-17 09:00:00,欧州 15-21JST,SHORT,Q10+ac>0,162.703,162.54079,162.80279,5.01,2,stop,16.22,8128.0,1.626,0.09979,-0.00548,0.1828,IS
2023-11-17 08:50:00,2023-11-17 08:55:00,2023-11-17 09:15:00,欧州 15-21JST,SHORT,Q10+ac>0,162.531,162.36554,162.64654,4.33,4,stop,16.55,7161.0,1.432,0.11554,-0.006992,0.166,IS
2023-11-17 08:55:00,2023-11-17 09:00:00,2023-11-17 09:15:00,欧州 15-21JST,SHORT,Q10+ac>0,162.4895,162.37189,162.61139,4.1,3,stop,11.76,4824.0,0.965,0.12189,-0.007324,0.1453,IS
2023-11-17 09:00:00,2023-11-17 09:05:00,2023-11-17 09:15:00,欧州 15-21JST,SHORT,Q10+ac>0,162.452,162.37507,162.57707,4.0,2,stop,7.69,3075.0,0.615,0.12507,-0.007425,0.184,IS
2023-11-17 09:05:00,2023-11-17 09:10:00,2023-11-17 09:15:00,欧州 15-21JST,SHORT,Q10+ac>0,162.2895,162.42314,162.42064,3.81,1,stop,-13.36,-5095.0,-1.019,0.13114,-0.008693,0.1731,IS
2023-11-17 09:40:00,2023-11-17 09:45:00,2023-11-17 10:25:00,欧州 15-21JST,SHORT,Q10+ac>0,162.458,162.30564,162.57614,4.23,8,stop,15.24,6448.0,1.29,0.11814,-0.005837,0.1267,IS
2023-11-17 09:45:00,2023-11-17 09:50:00,2023-11-17 10:25:00,欧州 15-21JST,SHORT,Q10+ac>0,162.432,162.2995,162.544,4.46,7,stop,13.25,5915.0,1.183,0.112,-0.006151,0.1145,IS
2023-11-17 10:05:00,2023-11-17 10:10:00,2023-11-17 10:20:00,欧州 15-21JST,SHORT,Q10+ac>0,162.2255,162.28589,162.32389,5.08,2,stop,-6.04,-3069.0,-0.614,0.09839,-0.005518,0.3532,IS
2023-11-17 10:10:00,2023-11-17 10:15:00,2023-11-17 10:25:00,欧州 15-21JST,SHORT,Q10+ac>0,162.2205,162.318,162.319,5.08,2,stop,-9.75,-4949.0,-0.99,0.0985,-0.005719,0.1181,IS
2023-11-17 10:20:00,2023-11-17 10:25:00,2023-11-17 10:30:00,欧州 15-21JST,SHORT,Q10+ac>0,162.2745,162.366,162.3635,5.62,1,stop,-9.15,-5140.0,-1.028,0.089,-0.005899,0.1225,IS
2023-11-17 10:25:00,2023-11-17 10:30:00,2023-11-17 10:50:00,欧州 15-21JST,SHORT,Q10+ac>0,162.3275,162.28836,162.41686,5.6,4,stop,3.91,2190.0,0.438,0.08936,-0.005034,0.1946,IS
2023-11-17 10:40:00,2023-11-17 10:45:00,2023-11-17 10:50:00,欧州 15-21JST,SHORT,Q10+ac>0,162.2085,162.30196,162.29946,5.5,1,stop,-9.35,-5137.0,-1.027,0.09096,-0.005008,0.2373,IS
2023-11-20 03:40:00,2023-11-20 03:45:00,2023-11-20 04:10:00,NY   21-03JST,LONG,Q10+ac<0,162.694,162.57936,162.58186,4.46,5,stop,-11.46,-5111.0,-1.022,0.11214,-0.005109,-0.1063,IS
2023-11-20 03:45:00,2023-11-20 03:50:00,2023-11-20 04:15:00,NY   21-03JST,LONG,Q10+ac<0,162.6535,162.56554,162.53554,4.24,5,stop,-8.8,-3728.0,-0.746,0.11796,-0.005842,-0.1282,IS
2023-11-20 03:50:00,2023-11-20 03:55:00,2023-11-20 04:15:00,NY   21-03JST,LONG,Q10+ac<0,162.645,162.551,162.525,4.17,4,stop,-9.4,-3917.0,-0.783,0.12,-0.00562,-0.1544,IS
2023-11-20 04:10:00,2023-11-20 04:15:00,2023-11-20 04:35:00,NY   21-03JST,LONG,Q10+ac<0,162.5915,162.67539,162.51839,6.84,4,stop,8.39,5738.0,1.148,0.07311,-0.006544,-0.1385,IS
2023-11-20 04:15:00,2023-11-20 04:20:00,2023-11-20 04:35:00,NY   21-03JST,LONG,Q10+ac<0,162.6425,162.669,162.563,6.29,3,stop,2.65,1667.0,0.333,0.0795,-0.006779,-0.3232,IS
2023-11-20 04:20:00,2023-11-20 04:25:00,2023-11-20 04:35:00,NY   21-03JST,LONG,Q10+ac<0,162.6245,162.66929,162.54529,6.31,2,stop,4.48,2827.0,0.565,0.07921,-0.006835,-0.3246,IS
2023-11-20 04:25:00,2023-11-20 04:30:00,2023-11-20 05:30:00,NY   21-03JST,LONG,Q10+ac<0,162.7055,162.752,162.6215,5.95,12,stop,4.65,2768.0,0.554,0.084,-0.006351,-0.2995,IS
2023-11-20 04:30:00,2023-11-20 04:35:00,2023-11-20 05:35:00,NY   21-03JST,LONG,Q10+ac<0,162.696,162.75671,162.61021,5.83,12,stop,6.07,3539.0,0.708,0.08579,-0.006467,-0.2456,IS
2023-11-20 04:35:00,2023-11-20 04:40:00,2023-11-20 05:30:00,NY   21-03JST,LONG,Q10+ac<0,162.689,162.75079,162.60379,5.87,10,stop,6.18,3625.0,0.725,0.08521,-0.006442,-0.3488,IS
2023-11-20 04:40:00,2023-11-20 04:45:00,2023-11-20 05:30:00,NY   21-03JST,LONG,Q10+ac<0,162.73,162.75418,162.64818,6.11,9,stop,2.42,1478.0,0.296,0.08182,-0.006153,-0.5201,IS
2023-11-20 04:45:00,2023-11-20 04:50:00,2023-11-20 05:30:00,NY   21-03JST,LONG,Q10+ac<0,162.7155,162.76068,162.64018,6.64,8,stop,4.52,2999.0,0.6,0.07532,-0.006409,-0.6099,IS
2023-11-20 04:50:00,2023-11-20 04:55:00,2023-11-20 05:30:00,NY   21-03JST,LONG,Q10+ac<0,162.7415,162.76429,162.66979,6.97,7,stop,2.28,1589.0,0.318,0.07171,-0.006499,-0.6136,IS
2023-11-20 04:55:00,2023-11-20 05:00:00,2023-11-20 05:30:00,NY   21-03JST,LONG,Q10+ac<0,162.6965,162.76779,162.62829,7.33,6,stop,7.13,5225.0,1.045,0.06821,-0.00722,-0.6147,IS
2023-11-20 09:15:00,2023-11-20 09:20:00,2023-11-20 09:50:00,欧州 15-21JST,SHORT,Q10+ac>0,162.2225,162.20289,162.32389,4.93,6,stop,1.96,967.0,0.193,0.10139,-0.004974,0.2477,IS
2023-11-21 03:50:00,2023-11-21 03:55:00,2023-11-21 04:15:00,NY   21-03JST,LONG,Q10+ac<0,161.552,161.596,161.473,6.33,4,stop,4.4,2785.0,0.557,0.079,-0.005207,-0.1669,IS
2023-11-28 16:45:00,2023-11-28 16:50:00,2023-11-28 17:15:00,NY   21-03JST,LONG,Q10+ac<0,162.1875,162.17107,162.09257,5.27,5,stop,-1.64,-865.0,-0.173,0.09493,-0.005133,-0.4543,IS
2023-11-28 16:50:00,2023-11-28 16:55:00,2023-11-28 17:15:00,NY   21-03JST,LONG,Q10+ac<0,162.212,162.17407,162.12007,5.44,4,stop,-3.79,-2063.0,-0.413,0.09193,-0.005315,-0.2737,IS
2023-11-28 16:55:00,2023-11-28 17:00:00,2023-11-28 17:15:00,NY   21-03JST,LONG,Q10+ac<0,162.2455,162.15779,162.16029,5.87,3,stop,-8.77,-5147.0,-1.029,0.08521,-0.00521,-0.1349,IS
2023-11-30 00:00:00,2023-11-30 00:05:00,2023-11-30 00:20:00,NY   21-03JST,LONG,Q10+ac<0,161.4575,161.35175,161.33575,4.11,3,stop,-10.57,-4343.0,-0.869,0.12175,-0.005221,-0.3054,IS
2023-11-30 00:10:00,2023-11-30 00:15:00,2023-11-30 00:20:00,NY   21-03JST,LONG,Q10+ac<0,161.427,161.34746,161.34996,6.49,1,stop,-7.95,-5162.0,-1.032,0.07704,-0.005436,-0.272,IS
2023-11-30 00:15:00,2023-11-30 00:20:00,2023-11-30 00:25:00,NY   21-03JST,LONG,Q10+ac<0,161.407,161.32836,161.33086,6.57,1,stop,-7.86,-5164.0,-1.033,0.07614,-0.005444,-0.1446,IS
2023-11-30 00:30:00,2023-11-30 00:35:00,2023-11-30 00:55:00,NY   21-03JST,LONG,Q10+ac<0,161.278,161.38468,161.19118,5.76,4,stop,10.67,6144.0,1.229,0.08682,-0.005501,-0.4347,IS
2023-11-30 00:35:00,2023-11-30 00:40:00,2023-11-30 00:55:00,NY   21-03JST,LONG,Q10+ac<0,161.313,161.38307,161.22457,5.65,3,stop,7.01,3962.0,0.792,0.08843,-0.005195,-0.4556,IS
2023-11-30 08:40:00,2023-11-30 08:45:00,2023-11-30 08:55:00,欧州 15-21JST,SHORT,Q10+ac>0,160.618,160.73129,160.72879,4.51,2,stop,-11.33,-5113.0,-1.023,0.11079,-0.004935,0.3171,IS
2023-11-30 17:15:00,2023-11-30 17:20:00,2023-11-30 18:05:00,NY   21-03JST,LONG,Q10+ac<0,161.2565,161.36882,161.18832,7.33,9,stop,11.23,8237.0,1.647,0.06818,-0.005051,-0.132,IS
2023-12-03 23:00:00,2023-12-03 23:05:00,2023-12-03 23:10:00,NY   21-03JST,LONG,Q10+ac<0,159.5095,159.31393,159.31643,2.59,1,stop,-19.56,-5065.0,-1.013,0.19307,-0.013391,-0.2127,IS
2023-12-04 01:00:00,2023-12-04 01:05:00,2023-12-04 06:05:00,NY   21-03JST,LONG,Q10+ac<0,159.3685,159.526,159.12146,2.02,48,time,15.75,3188.0,0.638,0.24704,-0.014213,-0.1733,IS
2023-12-04 01:50:00,2023-12-04 01:55:00,2023-12-04 03:05:00,NY   21-03JST,LONG,Q10+ac<0,159.427,159.46646,159.34546,6.13,2,stop,3.95,2420.0,0.484,0.08154,-0.016227,-0.2455,IS
2023-12-04 01:55:00,2023-12-04 03:00:00,2023-12-04 04:05:00,NY   21-03JST,LONG,Q10+ac<0,159.525,159.62621,159.44471,6.23,13,stop,10.12,6303.0,1.261,0.08029,-0.0163,-0.1394,IS
2023-12-07 06:35:00,2023-12-07 06:40:00,2023-12-07 06:45:00,欧州 15-21JST,SHORT,Q10+ac>0,157.3675,157.46396,157.46146,5.32,1,stop,-9.65,-5133.0,-1.027,0.09396,-0.005138,0.1722,IS
2023-12-07 08:55:00,2023-12-07 09:00:00,2023-12-07 09:20:00,欧州 15-21JST,SHORT,Q10+ac>0,156.747,156.50907,156.90007,3.27,4,stop,23.79,7772.0,1.554,0.15307,-0.006456,0.4739,IS
2023-12-07 09:00:00,2023-12-07 09:05:00,2023-12-07 09:20:00,欧州 15-21JST,SHORT,Q10+ac>0,156.6015,156.50979,156.75529,3.25,3,stop,9.17,2982.0,0.596,0.15379,-0.005555,0.1442,IS
2023-12-07 09:25:00,2023-12-07 09:30:00,2023-12-07 09:40:00,欧州 15-21JST,SHORT,Q10+ac>0,156.566,156.55011,156.72211,3.2,2,stop,1.59,509.0,0.102,0.15611,-0.005099,0.1064,IS
2023-12-07 10:45:00,2023-12-07 10:50:00,2023-12-07 10:55:00,欧州 15-21JST,SHORT,Q10+ac>0,155.872,156.03675,156.03425,3.08,1,stop,-16.47,-5077.0,-1.015,0.16225,-0.00486,0.1036,IS
2023-12-07 15:30:00,2023-12-07 15:35:00,2023-12-07 15:50:00,NY   21-03JST,LONG,Q10+ac<0,155.542,155.44289,155.40189,3.57,3,stop,-9.91,-3537.0,-0.707,0.14011,-0.00666,-0.2268,IS
2023-12-07 15:35:00,2023-12-07 15:40:00,2023-12-07 15:50:00,NY   21-03JST,LONG,Q10+ac<0,155.5605,155.42968,155.42518,3.69,2,stop,-13.08,-4834.0,-0.967,0.13532,-0.006283,-0.261,IS
2023-12-07 15:40:00,2023-12-07 15:45:00,2023-12-07 15:50:00,NY   21-03JST,LONG,Q10+ac<0,155.5255,155.39507,155.39757,3.91,1,stop,-13.04,-5098.0,-1.02,0.12793,-0.00647,-0.2623,IS
2023-12-07 15:45:00,2023-12-07 15:50:00,2023-12-07 15:55:00,NY   21-03JST,LONG,Q10+ac<0,155.5155,155.38907,155.39157,4.03,1,stop,-12.64,-5101.0,-1.02,0.12393,-0.005861,-0.3302,IS
2023-12-07 15:55:00,2023-12-07 16:00:00,2023-12-07 16:30:00,NY   21-03JST,LONG,Q10+ac<0,155.3285,155.49836,155.19386,3.71,6,stop,16.99,6308.0,1.262,0.13464,-0.008276,-0.117,IS
2023-12-07 16:10:00,2023-12-07 16:15:00,2023-12-07 16:30:00,NY   21-03JST,LONG,Q10+ac<0,155.4455,155.49657,155.30907,3.66,3,stop,5.11,1872.0,0.374,0.13643,-0.006188,-0.1312,IS
2023-12-07 16:15:00,2023-12-07 16:20:00,2023-12-07 16:35:00,NY   21-03JST,LONG,Q10+ac<0,155.541,155.45057,155.40507,3.68,3,stop,-9.04,-3326.0,-0.665,0.13593,-0.005216,-0.1797,IS
2023-12-07 18:15:00,2023-12-07 18:20:00,2023-12-07 18:50:00,NY   21-03JST,LONG,Q10+ac<0,154.98,154.90479,154.61129,1.36,6,stop,-7.52,-1020.0,-0.204,0.36871,-0.005025,-0.1307,IS
2023-12-07 19:00:00,2023-12-07 19:05:00,2023-12-07 19:20:00,NY   21-03JST,LONG,Q10+ac<0,155.048,154.86836,154.84086,2.41,3,stop,-17.96,-4336.0,-0.867,0.20714,-0.00509,-0.3268,IS
2023-12-07 19:05:00,2023-12-07 19:10:00,2023-12-07 19:20:00,NY   21-03JST,LONG,Q10+ac<0,155.074,154.87964,154.88214,2.61,2,stop,-19.44,-5065.0,-1.013,0.19186,-0.005639,-0.3803,IS
2023-12-07 19:15:00,2023-12-07 19:20:00,2023-12-07 19:55:00,NY   21-03JST,LONG,Q10+ac<0,154.9505,154.89371,154.78271,2.98,7,stop,-5.68,-1692.0,-0.338,0.16779,-0.006365,-0.175,IS
2023-12-07 19:20:00,2023-12-07 19:25:00,2023-12-07 19:55:00,NY   21-03JST,LONG,Q10+ac<0,154.8865,154.91496,154.73996,3.41,6,stop,2.85,971.0,0.194,0.14654,-0.006487,-0.383,IS
2023-12-07 19:25:00,2023-12-07 19:30:00,2023-12-07 19:55:00,NY   21-03JST,LONG,Q10+ac<0,154.961,154.92343,154.82293,3.62,5,stop,-3.76,-1361.0,-0.272,0.13807,-0.005661,-0.4127,IS
2023-12-07 19:30:00,2023-12-07 19:35:00,2023-12-07 19:55:00,NY   21-03JST,LONG,Q10+ac<0,154.9615,154.92568,154.82568,3.68,4,stop,-3.58,-1319.0,-0.264,0.13582,-0.005752,-0.3286,IS
2023-12-07 19:35:00,2023-12-07 19:40:00,2023-12-07 19:55:00,NY   21-03JST,LONG,Q10+ac<0,155.012,154.94254,154.89304,4.2,3,stop,-6.95,-2920.0,-0.584,0.11896,-0.005106,-0.3616,IS
2023-12-12 01:15:00,2023-12-12 01:20:00,2023-12-12 02:00:00,NY   21-03JST,LONG,Q10+ac<0,156.762,156.86111,156.63411,3.91,8,stop,9.91,3875.0,0.775,0.12789,-0.005023,-0.7353,IS
2023-12-12 01:25:00,2023-12-12 01:30:00,2023-12-12 02:00:00,NY   21-03JST,LONG,Q10+ac<0,156.7625,156.87118,156.64468,4.24,6,stop,10.87,4612.0,0.922,0.11782,-0.004877,-0.4606,IS
2023-12-13 16:15:00,2023-12-13 16:20:00,2023-12-13 17:00:00,NY   21-03JST,LONG,Q10+ac<0,156.6045,156.60518,156.50918,5.25,8,stop,0.07,36.0,0.007,0.09532,-0.005622,-0.1352,IS
2023-12-13 16:55:00,2023-12-13 17:00:00,2023-12-13 17:10:00,NY   21-03JST,LONG,Q10+ac<0,156.681,156.59589,156.59839,6.05,2,stop,-8.51,-5151.0,-1.03,0.08261,-0.005481,-0.1124,IS
2023-12-13 17:00:00,2023-12-13 17:05:00,2023-12-13 17:10:00,NY   21-03JST,LONG,Q10+ac<0,156.6145,156.5285,156.531,5.99,1,stop,-8.6,-5150.0,-1.03,0.0835,-0.005714,-0.2924,IS
2023-12-13 17:05:00,2023-12-13 17:10:00,2023-12-13 17:15:00,NY   21-03JST,LONG,Q10+ac<0,156.6085,156.52718,156.52968,6.34,1,stop,-8.13,-5159.0,-1.032,0.07882,-0.005412,-0.3894,IS
2023-12-13 17:15:00,2023-12-13 17:20:00,2023-12-13 17:35:00,NY   21-03JST,LONG,Q10+ac<0,156.5675,156.58132,156.50432,7.91,3,stop,1.38,1094.0,0.219,0.06318,-0.005504,-0.3227,IS
2023-12-13 17:20:00,2023-12-13 17:25:00,2023-12-13 17:35:00,NY   21-03JST,LONG,Q10+ac<0,156.6005,156.57025,156.54325,8.73,2,stop,-3.03,-2642.0,-0.528,0.05725,-0.004848,-0.2328,IS
2023-12-14 13:05:00,2023-12-14 13:10:00,2023-12-14 13:20:00,NY   21-03JST,LONG,Q10+ac<0,154.796,155.12068,154.60918,2.68,2,stop,32.47,8690.0,1.738,0.18682,-0.019281,-0.1093,IS
2023-12-14 13:10:00,2023-12-14 13:15:00,2023-12-14 13:25:00,NY   21-03JST,LONG,Q10+ac<0,154.7215,154.9935,154.528,2.58,2,stop,27.2,7028.0,1.406,0.1935,-0.019166,-0.113,IS
2023-12-14 13:25:00,2023-12-14 13:30:00,2023-12-14 16:40:00,NY   21-03JST,LONG,Q10+ac<0,154.9025,155.57589,154.64439,1.94,14,stop,67.34,13045.0,2.609,0.25811,-0.018801,-0.1051,IS
2023-12-14 13:30:00,2023-12-14 13:35:00,2023-12-14 16:50:00,NY   21-03JST,LONG,Q10+ac<0,155.166,155.55454,154.88654,1.79,15,stop,38.85,6951.0,1.39,0.27946,-0.016356,-0.1137,IS
2023-12-14 16:00:00,2023-12-14 16:05:00,2023-12-15 14:00:00,NY   21-03JST,LONG,Q10+ac<0,155.799,155.44061,155.44311,1.4,11,stop,-35.84,-5035.0,-1.007,0.35589,-0.011723,-0.374,IS
2023-12-14 16:05:00,2023-12-14 16:10:00,2023-12-15 14:00:00,NY   21-03JST,LONG,Q10+ac<0,155.757,155.42271,155.39821,1.39,10,stop,-33.43,-4659.0,-0.932,0.35879,-0.012424,-0.4175,IS
2023-12-14 16:10:00,2023-12-14 16:15:00,2023-12-14 16:50:00,NY   21-03JST,LONG,Q10+ac<0,155.738,155.54775,155.50425,2.14,7,stop,-19.02,-4070.0,-0.814,0.23375,-0.012625,-0.3289,IS
2023-12-14 16:15:00,2023-12-14 16:20:00,2023-12-14 16:50:00,NY   21-03JST,LONG,Q10+ac<0,155.719,155.54821,155.48571,2.14,6,stop,-17.08,-3660.0,-0.732,0.23329,-0.01258,-0.2041,IS
2023-12-14 16:20:00,2023-12-14 16:25:00,2023-12-15 14:00:00,NY   21-03JST,LONG,Q10+ac<0,155.6935,155.52879,155.46329,2.17,7,stop,-16.47,-3577.0,-0.715,0.23021,-0.012491,-0.3259,IS
2023-12-14 16:25:00,2023-12-14 16:30:00,2023-12-15 14:00:00,NY   21-03JST,LONG,Q10+ac<0,155.726,155.53175,155.53075,2.56,6,stop,-19.42,-4974.0,-0.995,0.19525,-0.012456,-0.2036,IS
2023-12-14 16:30:00,2023-12-14 16:35:00,2023-12-15 14:00:00,NY   21-03JST,LONG,Q10+ac<0,155.667,155.53864,155.47864,2.65,5,stop,-12.84,-3407.0,-0.681,0.18836,-0.013535,-0.1995,IS
2023-12-14 16:35:00,2023-12-14 16:40:00,2023-12-14 16:50:00,NY   21-03JST,LONG,Q10+ac<0,155.64,155.5465,155.4595,2.77,2,stop,-9.35,-2590.0,-0.518,0.1805,-0.013168,-0.1767,IS
2023-12-14 16:40:00,2023-12-14 16:45:00,2023-12-15 14:00:00,NY   21-03JST,LONG,Q10+ac<0,155.646,155.51786,155.48136,3.04,3,stop,-12.81,-3892.0,-0.778,0.16464,-0.012711,-0.1851,IS
2023-12-14 16:45:00,2023-12-14 16:50:00,2023-12-15 14:00:00,NY   21-03JST,LONG,Q10+ac<0,155.6815,155.51636,155.51886,3.07,2,stop,-16.51,-5077.0,-1.015,0.16264,-0.012176,-0.1764,IS
2023-12-14 16:50:00,2023-12-14 16:55:00,2023-12-15 14:00:00,NY   21-03JST,LONG,Q10+ac<0,155.631,155.46821,155.47071,3.12,1,stop,-16.28,-5078.0,-1.016,0.16029,-0.012517,-0.1587,IS
2023-12-14 16:55:00,2023-12-15 14:00:00,2023-12-15 14:05:00,NY   21-03JST,LONG,Q10+ac<0,155.3585,155.20175,155.20425,3.24,1,stop,-15.67,-5081.0,-1.016,0.15425,-0.012286,-0.3239,IS
2023-12-21 02:00:00,2023-12-21 02:05:00,2023-12-21 02:15:00,NY   21-03JST,LONG,Q10+ac<0,156.4045,156.398,156.302,4.88,2,stop,-0.65,-317.0,-0.063,0.1025,-0.005093,-0.2295,IS
2023-12-21 02:15:00,2023-12-21 02:20:00,2023-12-21 02:45:00,NY   21-03JST,LONG,Q10+ac<0,156.399,156.55757,156.29307,4.72,5,stop,15.86,7485.0,1.497,0.10593,-0.005045,-0.3674,IS
2023-12-21 02:20:00,2023-12-21 02:25:00,2023-12-21 02:45:00,NY   21-03JST,LONG,Q10+ac<0,156.4045,156.56121,156.30221,4.89,4,stop,15.67,7661.0,1.532,0.10229,-0.00543,-0.3569,IS
2023-12-21 02:25:00,2023-12-21 02:30:00,2023-12-21 02:45:00,NY   21-03JST,LONG,Q10+ac<0,156.482,156.56243,156.38093,4.95,3,stop,8.04,3979.0,0.796,0.10107,-0.005524,-0.2722,IS
2024-01-01 22:05:00,2024-01-01 22:10:00,2024-01-01 23:05:00,NY   21-03JST,LONG,Q10+ac<0,155.617,155.54693,155.44593,2.92,10,stop,-7.01,-2048.0,-0.41,0.17107,-0.007115,-0.3394,OOS
2024-01-01 22:10:00,2024-01-01 22:20:00,2024-01-01 23:05:00,NY   21-03JST,LONG,Q10+ac<0,155.632,155.54914,155.46314,2.96,9,stop,-8.29,-2453.0,-0.491,0.16886,-0.007585,-0.1427,OOS
2024-01-01 22:20:00,2024-01-01 22:25:00,2024-01-01 23:00:00,NY   21-03JST,LONG,Q10+ac<0,155.609,155.55243,155.44343,3.02,7,stop,-5.66,-1708.0,-0.342,0.16557,-0.007596,-0.1519,OOS
2024-01-01 22:25:00,2024-01-01 22:30:00,2024-01-01 23:00:00,NY   21-03JST,LONG,Q10+ac<0,155.6755,155.55364,155.51114,3.04,6,stop,-12.19,-3707.0,-0.741,0.16436,-0.007414,-0.1461,OOS
2024-01-01 22:30:00,2024-01-01 22:35:00,2024-01-01 23:05:00,NY   21-03JST,LONG,Q10+ac<0,155.667,155.50486,155.50736,3.13,6,stop,-16.21,-5078.0,-1.016,0.15964,-0.008192,-0.1372,OOS
2024-01-01 22:35:00,2024-01-01 22:40:00,2024-01-01 23:05:00,NY   21-03JST,LONG,Q10+ac<0,155.629,155.49725,155.47125,3.17,5,stop,-13.18,-4176.0,-0.835,0.15775,-0.008122,-0.1345,OOS
2024-01-01 22:40:00,2024-01-01 22:45:00,2024-01-01 23:05:00,NY   21-03JST,LONG,Q10+ac<0,155.6255,155.50379,155.47429,3.31,4,stop,-12.17,-4025.0,-0.805,0.15121,-0.007223,-0.1321,OOS
2024-01-01 22:45:00,2024-01-01 22:50:00,2024-01-01 23:05:00,NY   21-03JST,LONG,Q10+ac<0,155.627,155.50611,155.47811,3.36,3,stop,-12.09,-4060.0,-0.812,0.14889,-0.006596,-0.1485,OOS
2024-01-01 22:50:00,2024-01-01 22:55:00,2024-01-01 23:05:00,NY   21-03JST,LONG,Q10+ac<0,155.6185,155.51379,155.47729,3.54,2,stop,-10.47,-3708.0,-0.742,0.14121,-0.00676,-0.1646,OOS
2024-01-01 22:55:00,2024-01-01 23:00:00,2024-01-01 23:10:00,NY   21-03JST,LONG,Q10+ac<0,155.6145,155.47336,155.47586,3.61,2,stop,-14.11,-5090.0,-1.018,0.13864,-0.006807,-0.1669,OOS
2024-01-01 23:00:00,2024-01-01 23:05:00,2024-01-02 00:35:00,NY   21-03JST,LONG,Q10+ac<0,155.5705,155.873,155.4355,3.7,18,stop,30.25,11204.0,2.241,0.135,-0.008247,-0.1786,OOS
2024-01-02 00:05:00,2024-01-02 00:10:00,2024-01-02 00:30:00,NY   21-03JST,LONG,Q10+ac<0,155.802,155.9455,155.7395,8.0,4,stop,14.35,11480.0,2.296,0.0625,-0.008981,-0.2614,OOS
2024-01-02 14:50:00,2024-01-02 14:55:00,2024-01-02 15:55:00,NY   21-03JST,LONG,Q10+ac<0,155.1415,155.37296,155.02696,4.37,12,stop,23.15,10104.0,2.021,0.11454,-0.004883,-0.1397,OOS
2024-01-05 15:30:00,2024-01-05 15:35:00,2024-01-05 15:50:00,NY   21-03JST,LONG,Q10+ac<0,158.148,158.17496,158.00096,3.4,3,stop,2.7,917.0,0.183,0.14704,-0.007052,-0.2168,OOS
2024-01-05 15:35:00,2024-01-05 15:40:00,2024-01-05 15:50:00,NY   21-03JST,LONG,Q10+ac<0,158.206,158.17318,158.05718,3.36,2,stop,-3.28,-1103.0,-0.221,0.14882,-0.006783,-0.1738,OOS
2024-01-05 15:40:00,2024-01-05 15:45:00,2024-01-05 16:10:00,NY   21-03JST,LONG,Q10+ac<0,158.223,158.20132,158.07532,3.39,5,stop,-2.17,-734.0,-0.147,0.14768,-0.006983,-0.1495,OOS
2024-01-05 15:45:00,2024-01-05 15:50:00,2024-01-05 16:10:00,NY   21-03JST,LONG,Q10+ac<0,158.308,158.20046,158.15946,3.37,4,stop,-10.75,-3620.0,-0.724,0.14854,-0.006042,-0.1023,OOS
2024-01-05 15:50:00,2024-01-05 15:55:00,2024-01-05 16:10:00,NY   21-03JST,LONG,Q10+ac<0,158.1755,158.19471,158.02121,3.24,3,stop,1.92,623.0,0.125,0.15429,-0.006429,-0.1443,OOS
2024-01-05 16:00:00,2024-01-05 16:05:00,2024-01-05 19:00:00,NY   21-03JST,LONG,Q10+ac<0,158.272,158.42196,158.11446,3.17,35,stop,15.0,4760.0,0.952,0.15754,-0.005936,-0.1972,OOS
2024-01-05 16:05:00,2024-01-05 16:10:00,2024-01-05 19:00:00,NY   21-03JST,LONG,Q10+ac<0,158.2535,158.42082,158.09482,3.15,34,stop,16.73,5272.0,1.054,0.15868,-0.006426,-0.2643,OOS
2024-01-05 16:10:00,2024-01-05 16:15:00,2024-01-05 18:55:00,NY   21-03JST,LONG,Q10+ac<0,158.201,158.44493,158.06643,3.72,32,stop,24.39,9063.0,1.813,0.13457,-0.006824,-0.2119,OOS
2024-01-05 16:20:00,2024-01-05 16:25:00,2024-01-05 18:55:00,NY   21-03JST,LONG,Q10+ac<0,158.2565,158.45932,158.13632,4.16,30,stop,20.28,8438.0,1.688,0.12018,-0.005487,-0.335,OOS
2024-01-05 16:35:00,2024-01-05 16:40:00,2024-01-05 17:40:00,NY   21-03JST,LONG,Q10+ac<0,158.2835,158.40682,158.18332,4.99,12,stop,12.33,6155.0,1.231,0.10018,-0.005212,-0.4053,OOS
2024-01-05 16:40:00,2024-01-05 16:45:00,2024-01-05 17:05:00,NY   21-03JST,LONG,Q10+ac<0,158.299,158.34636,158.20186,5.15,4,stop,4.74,2438.0,0.488,0.09714,-0.005026,-0.4702,OOS
2024-01-05 16:45:00,2024-01-05 16:50:00,2024-01-05 17:05:00,NY   21-03JST,LONG,Q10+ac<0,158.2655,158.354,158.176,5.59,3,stop,8.85,4944.0,0.989,0.0895,-0.005246,-0.2627,OOS
2024-01-09 01:45:00,2024-01-09 01:50:00,2024-01-09 01:55:00,NY   21-03JST,LONG,Q10+ac<0,157.3785,157.27171,157.27421,4.79,1,stop,-10.68,-5120.0,-1.024,0.10429,-0.004955,-0.3583,OOS
2024-01-09 01:50:00,2024-01-09 01:55:00,2024-01-09 02:05:00,NY   21-03JST,LONG,Q10+ac<0,157.2745,157.22775,157.16325,4.49,2,stop,-4.68,-2101.0,-0.42,0.11125,-0.005838,-0.3299,OOS
2024-01-09 01:55:00,2024-01-09 02:00:00,2024-01-09 03:05:00,NY   21-03JST,LONG,Q10+ac<0,157.286,157.43354,157.17354,4.45,13,stop,14.75,6559.0,1.312,0.11246,-0.005638,-0.3727,OOS
2024-01-09 02:00:00,2024-01-09 02:05:00,2024-01-09 03:00:00,NY   21-03JST,LONG,Q10+ac<0,157.2685,157.43925,157.16175,4.68,11,stop,17.07,7998.0,1.6,0.10675,-0.005211,-0.4188,OOS
2024-01-12 15:15:00,2024-01-12 15:20:00,2024-01-12 15:45:00,NY   21-03JST,LONG,Q10+ac<0,158.62,158.81339,158.51539,4.78,5,stop,19.34,9244.0,1.849,0.10461,-0.004903,-0.2638,OOS
2024-01-12 15:20:00,2024-01-12 15:25:00,2024-01-12 15:45:00,NY   21-03JST,LONG,Q10+ac<0,158.6115,158.81614,158.50964,4.91,4,stop,20.46,10046.0,2.009,0.10186,-0.005358,-0.4211,OOS
2024-01-23 06:50:00,2024-01-23 06:55:00,2024-01-23 07:05:00,欧州 15-21JST,SHORT,Q10+ac>0,160.7,160.58275,160.82925,3.87,2,stop,11.72,4536.0,0.907,0.12925,-0.004843,0.8242,OOS
2024-01-23 06:55:00,2024-01-23 07:00:00,2024-01-23 07:05:00,欧州 15-21JST,SHORT,Q10+ac>0,160.5765,160.72564,160.72314,3.41,1,stop,-14.91,-5085.0,-1.017,0.14664,-0.005542,0.8211,OOS
2024-01-23 07:10:00,2024-01-23 07:15:00,2024-01-23 07:20:00,欧州 15-21JST,SHORT,Q10+ac>0,160.679,160.86057,160.85807,2.79,1,stop,-18.16,-5070.0,-1.014,0.17907,-0.005538,0.4856,OOS
2024-01-23 08:10:00,2024-01-23 08:15:00,2024-01-23 09:15:00,欧州 15-21JST,SHORT,Q10+ac>0,160.745,160.65125,160.90725,3.08,12,stop,9.38,2889.0,0.578,0.16225,-0.006182,0.1347,OOS
2024-01-23 08:15:00,2024-01-23 08:20:00,2024-01-23 09:00:00,欧州 15-21JST,SHORT,Q10+ac>0,160.7055,160.64168,160.85818,3.27,8,stop,6.38,2090.0,0.418,0.15268,-0.006798,0.2716,OOS
2024-01-23 08:20:00,2024-01-23 08:25:00,2024-01-23 09:00:00,欧州 15-21JST,SHORT,Q10+ac>0,160.752,160.63471,160.89771,3.43,7,stop,11.73,4025.0,0.805,0.14571,-0.006144,0.3542,OOS
2024-01-23 08:25:00,2024-01-23 08:30:00,2024-01-23 09:00:00,欧州 15-21JST,SHORT,Q10+ac>0,160.763,160.62704,160.90104,3.62,6,stop,13.6,4925.0,0.985,0.13804,-0.005657,0.3016,OOS
2024-01-23 08:30:00,2024-01-23 08:35:00,2024-01-23 09:00:00,欧州 15-21JST,SHORT,Q10+ac>0,160.6385,160.62618,160.77568,3.64,5,stop,1.23,449.0,0.09,0.13718,-0.00639,0.1463,OOS
2024-01-25 15:00:00,2024-01-25 15:05:00,2024-01-25 15:10:00,NY   21-03JST,LONG,Q10+ac<0,159.9665,159.81239,159.81489,3.3,1,stop,-15.41,-5082.0,-1.016,0.15161,-0.006323,-0.6183,OOS
2024-01-25 15:05:00,2024-01-25 15:10:00,2024-01-25 18:25:00,NY   21-03JST,LONG,Q10+ac<0,159.7925,160.12064,159.63064,3.09,39,stop,32.81,10137.0,2.027,0.16186,-0.007334,-0.4095,OOS
2024-01-25 15:10:00,2024-01-25 15:15:00,2024-01-25 18:25:00,NY   21-03JST,LONG,Q10+ac<0,159.8115,160.11739,159.64639,3.03,38,stop,30.59,9263.0,1.853,0.16511,-0.007223,-0.4391,OOS
2024-01-25 15:15:00,2024-01-25 15:20:00,2024-01-25 18:25:00,NY   21-03JST,LONG,Q10+ac<0,159.733,160.11,159.5605,2.9,37,stop,37.7,10928.0,2.186,0.1725,-0.008129,-0.4257,OOS
2024-01-25 15:20:00,2024-01-25 15:25:00,2024-01-25 18:25:00,NY   21-03JST,LONG,Q10+ac<0,159.746,160.10889,159.57239,2.88,36,stop,36.29,10452.0,2.09,0.17361,-0.008213,-0.4797,OOS
2024-01-25 15:25:00,2024-01-25 15:30:00,2024-01-25 18:25:00,NY   21-03JST,LONG,Q10+ac<0,159.8225,160.1135,159.6535,2.96,35,stop,29.1,8609.0,1.722,0.169,-0.007483,-0.3652,OOS
2024-01-25 15:30:00,2024-01-25 15:35:00,2024-01-25 18:25:00,NY   21-03JST,LONG,Q10+ac<0,159.8705,160.11379,159.70179,2.96,34,stop,24.33,7210.0,1.442,0.16871,-0.00708,-0.2698,OOS
2024-01-25 15:35:00,2024-01-25 15:40:00,2024-01-25 18:25:00,NY   21-03JST,LONG,Q10+ac<0,159.776,160.11036,159.60386,2.9,33,stop,33.44,9712.0,1.942,0.17214,-0.007901,-0.2723,OOS
2024-01-25 15:40:00,2024-01-25 15:45:00,2024-01-25 18:25:00,NY   21-03JST,LONG,Q10+ac<0,159.8215,160.12804,159.66704,3.24,32,stop,30.65,9923.0,1.985,0.15446,-0.007558,-0.3001,OOS
2024-01-25 15:45:00,2024-01-25 15:50:00,2024-01-25 18:20:00,NY   21-03JST,LONG,Q10+ac<0,159.872,160.13271,159.72221,3.34,30,stop,26.07,8703.0,1.741,0.14979,-0.007435,-0.1849,OOS
2024-01-25 16:00:00,2024-01-25 16:05:00,2024-01-25 17:35:00,NY   21-03JST,LONG,Q10+ac<0,159.79,160.15871,159.66621,4.04,18,stop,36.87,14893.0,2.979,0.12379,-0.007849,-0.2197,OOS
2024-01-25 16:05:00,2024-01-25 16:10:00,2024-01-25 17:35:00,NY   21-03JST,LONG,Q10+ac<0,159.909,160.16075,159.78725,4.11,17,stop,25.18,10339.0,2.068,0.12175,-0.006697,-0.3544,OOS
2024-01-25 16:10:00,2024-01-25 16:15:00,2024-01-25 17:10:00,NY   21-03JST,LONG,Q10+ac<0,159.918,160.02175,159.81875,5.04,11,stop,10.37,5227.0,1.045,0.09925,-0.007069,-0.3107,OOS
2024-01-25 16:15:00,2024-01-25 16:20:00,2024-01-25 17:05:00,NY   21-03JST,LONG,Q10+ac<0,159.899,160.03161,159.80961,5.59,9,stop,13.26,7417.0,1.483,0.08939,-0.006344,-0.3297,OOS
2024-01-25 16:20:00,2024-01-25 16:25:00,2024-01-25 17:05:00,NY   21-03JST,LONG,Q10+ac<0,159.8985,160.03557,159.81307,5.85,8,stop,13.71,8023.0,1.605,0.08543,-0.006345,-0.3427,OOS
2024-01-25 16:25:00,2024-01-25 16:30:00,2024-01-25 17:05:00,NY   21-03JST,LONG,Q10+ac<0,159.944,160.04207,159.86507,6.33,7,stop,9.81,6213.0,1.243,0.07893,-0.006471,-0.4562,OOS
2024-01-31 16:00:00,2024-01-31 16:05:00,2024-01-31 16:15:00,NY   21-03JST,LONG,Q10+ac<0,158.859,158.76432,158.69832,3.11,2,stop,-9.47,-2946.0,-0.589,0.16068,-0.010556,-0.1079,OOS
2024-01-31 16:40:00,2024-01-31 16:45:00,2024-01-31 17:15:00,NY   21-03JST,LONG,Q10+ac<0,158.673,158.74689,158.53839,3.71,6,stop,7.39,2745.0,0.549,0.13461,-0.009233,-0.1305,OOS
2024-01-31 16:45:00,2024-01-31 16:50:00,2024-01-31 17:15:00,NY   21-03JST,LONG,Q10+ac<0,158.7005,158.75157,158.57057,3.85,5,stop,5.11,1965.0,0.393,0.12993,-0.007365,-0.1924,OOS
2024-01-31 16:50:00,2024-01-31 16:55:00,2024-01-31 17:15:00,NY   21-03JST,LONG,Q10+ac<0,158.699,158.76171,158.57921,4.17,4,stop,6.27,2618.0,0.524,0.11979,-0.006755,-0.3471,OOS
2024-01-31 16:55:00,2024-01-31 17:00:00,2024-01-31 17:15:00,NY   21-03JST,LONG,Q10+ac<0,158.765,158.76718,158.65068,4.37,3,stop,0.22,95.0,0.019,0.11432,-0.006801,-0.1915,OOS
2024-01-31 17:00:00,2024-01-31 17:05:00,2024-01-31 17:15:00,NY   21-03JST,LONG,Q10+ac<0,158.8045,158.75854,158.69704,4.65,2,stop,-4.6,-2139.0,-0.428,0.10746,-0.006422,-0.2781,OOS
2024-01-31 17:10:00,2024-01-31 17:15:00,2024-01-31 17:20:00,NY   21-03JST,LONG,Q10+ac<0,158.845,158.74989,158.75239,5.4,1,stop,-9.51,-5135.0,-1.027,0.09261,-0.005599,-0.4066,OOS
2024-01-31 17:15:00,2024-01-31 17:20:00,2024-01-31 17:45:00,NY   21-03JST,LONG,Q10+ac<0,158.72,158.67982,158.62782,5.42,5,stop,-4.02,-2179.0,-0.436,0.09218,-0.005999,-0.1292,OOS
2024-02-01 14:20:00,2024-02-01 14:25:00,2024-02-01 14:45:00,NY   21-03JST,LONG,Q10+ac<0,158.366,158.46821,158.26721,5.06,4,stop,10.22,5174.0,1.035,0.09879,-0.004973,-0.5413,OOS
2024-02-01 14:25:00,2024-02-01 14:30:00,2024-02-01 14:45:00,NY   21-03JST,LONG,Q10+ac<0,158.3875,158.46796,158.28846,5.05,3,stop,8.05,4062.0,0.812,0.09904,-0.005038,-0.5408,OOS
2024-02-06 20:00:00,2024-02-06 20:05:00,2024-02-06 23:00:00,NY   21-03JST,LONG,Q10+ac<0,159.044,159.04071,158.96821,6.6,23,stop,-0.33,-217.0,-0.043,0.07579,-0.004958,-0.2492,OOS
2024-02-06 20:40:00,2024-02-06 20:45:00,2024-02-06 20:50:00,NY   21-03JST,LONG,Q10+ac<0,159.0365,159.00361,159.00611,16.45,1,stop,-3.29,-5411.0,-1.082,0.03039,-0.005811,-0.1961,OOS
2024-02-06 20:55:00,2024-02-06 21:00:00,2024-02-06 21:10:00,NY   21-03JST,LONG,Q10+ac<0,159.041,159.03893,159.00943,15.84,2,stop,-0.21,-328.0,-0.066,0.03157,-0.005696,-0.2659,OOS
2024-04-29 04:05:00,2024-04-29 04:10:00,2024-04-29 04:15:00,NY   21-03JST,LONG,Q10+ac<0,169.1125,168.89957,168.90207,2.38,1,stop,-21.29,-5059.0,-1.012,0.21043,-0.011507,-0.811,OOS
2024-04-29 04:10:00,2024-04-29 04:15:00,2024-04-29 04:20:00,NY   21-03JST,LONG,Q10+ac<0,169.523,169.27496,169.27746,2.04,1,stop,-24.8,-5051.0,-1.01,0.24554,-0.008669,-0.3739,OOS
2024-04-29 04:15:00,2024-04-29 04:20:00,2024-04-29 04:30:00,NY   21-03JST,LONG,Q10+ac<0,168.1685,168.74893,167.80793,1.39,2,stop,58.04,8049.0,1.61,0.36057,-0.019832,-0.4622,OOS
2024-04-29 04:20:00,2024-04-29 04:25:00,2024-04-29 04:30:00,NY   21-03JST,LONG,Q10+ac<0,168.3575,167.95386,167.95636,1.25,1,stop,-40.36,-5031.0,-1.006,0.40114,-0.018716,-0.4929,OOS
2024-04-29 04:25:00,2024-04-29 04:30:00,2024-04-29 04:35:00,NY   21-03JST,LONG,Q10+ac<0,168.547,168.08668,168.08918,1.09,1,stop,-46.03,-5027.0,-1.005,0.45782,-0.017492,-0.4606,OOS
2024-04-29 04:30:00,2024-04-29 04:35:00,2024-04-29 04:40:00,NY   21-03JST,LONG,Q10+ac<0,167.62,167.08114,167.08364,0.93,1,stop,-53.89,-5023.0,-1.005,0.53636,-0.024797,-0.5018,OOS
2024-04-29 04:35:00,2024-04-29 04:40:00,2024-04-29 04:45:00,NY   21-03JST,LONG,Q10+ac<0,167.463,166.88943,166.89193,0.88,1,stop,-57.36,-5022.0,-1.004,0.57107,-0.025677,-0.5148,OOS
2024-04-29 04:40:00,2024-04-29 04:45:00,2024-04-29 04:55:00,NY   21-03JST,LONG,Q10+ac<0,167.0575,166.78282,166.45182,0.83,2,stop,-27.47,-2268.0,-0.454,0.60568,-0.028648,-0.541,OOS
2024-04-29 04:45:00,2024-04-29 04:50:00,2024-04-29 05:00:00,NY   21-03JST,LONG,Q10+ac<0,167.125,167.18654,166.48354,0.78,2,stop,6.15,480.0,0.096,0.64146,-0.027951,-0.5678,OOS
2024-04-29 04:50:00,2024-04-29 04:55:00,2024-04-29 05:05:00,NY   21-03JST,LONG,Q10+ac<0,166.8195,167.48679,166.12079,0.72,2,stop,66.73,4775.0,0.955,0.69871,-0.030827,-0.5951,OOS
2024-04-29 04:55:00,2024-04-29 05:00:00,2024-04-29 05:05:00,NY   21-03JST,LONG,Q10+ac<0,167.6875,166.90436,166.90686,0.64,1,stop,-78.31,-5016.0,-1.003,0.78064,-0.024402,-0.5741,OOS
2024-04-29 05:00:00,2024-04-29 05:05:00,2024-04-29 05:30:00,NY   21-03JST,LONG,Q10+ac<0,166.5505,166.9115,165.6535,0.56,5,stop,36.1,2012.0,0.402,0.897,-0.033451,-0.6541,OOS
2024-04-29 05:05:00,2024-04-29 05:10:00,2024-04-29 05:30:00,NY   21-03JST,LONG,Q10+ac<0,166.9085,166.86543,165.96543,0.53,4,stop,-4.31,-228.0,-0.046,0.94307,-0.029955,-0.6646,OOS
2024-04-29 05:10:00,2024-04-29 05:15:00,2024-04-29 05:30:00,NY   21-03JST,LONG,Q10+ac<0,166.939,166.83361,165.96411,0.51,3,stop,-10.54,-541.0,-0.108,0.97489,-0.030239,-0.5718,OOS
2024-04-29 05:15:00,2024-04-29 05:20:00,2024-04-29 05:30:00,NY   21-03JST,LONG,Q10+ac<0,167.3855,166.93393,166.51093,0.57,2,stop,-45.16,-2582.0,-0.516,0.87457,-0.026242,-0.5284,OOS
2024-04-29 05:20:00,2024-04-29 05:25:00,2024-04-29 07:05:00,NY   21-03JST,LONG,Q10+ac<0,167.5,167.68732,166.62932,0.57,20,stop,18.73,1076.0,0.215,0.87068,-0.025116,-0.5045,OOS
2024-04-29 05:25:00,2024-04-29 05:30:00,2024-04-29 07:05:00,NY   21-03JST,LONG,Q10+ac<0,167.7605,167.78025,166.98275,0.64,19,stop,1.98,127.0,0.025,0.77775,-0.023244,-0.4654,OOS
2024-04-29 05:30:00,2024-04-29 05:35:00,2024-04-29 07:05:00,NY   21-03JST,LONG,Q10+ac<0,167.565,167.75657,166.76357,0.62,18,stop,19.16,1195.0,0.239,0.80143,-0.024911,-0.5927,OOS
2024-04-29 05:35:00,2024-04-29 05:40:00,2024-04-29 07:05:00,NY   21-03JST,LONG,Q10+ac<0,167.646,167.79804,166.88604,0.66,17,stop,15.2,1000.0,0.2,0.75996,-0.024344,-0.6428,OOS
2024-04-29 05:40:00,2024-04-29 05:45:00,2024-04-29 07:05:00,NY   21-03JST,LONG,Q10+ac<0,167.7985,167.86171,167.10221,0.72,16,stop,6.32,454.0,0.091,0.69629,-0.02315,-0.6613,OOS
2024-04-29 05:45:00,2024-04-29 05:50:00,2024-04-29 07:05:00,NY   21-03JST,LONG,Q10+ac<0,168.0115,167.88411,167.33761,0.74,15,stop,-12.74,-945.0,-0.189,0.67389,-0.021446,-0.6722,OOS
2024-04-29 05:50:00,2024-04-29 05:55:00,2024-04-29 07:05:00,NY   21-03JST,LONG,Q10+ac<0,167.984,167.90268,167.32868,0.76,14,stop,-8.13,-620.0,-0.124,0.65532,-0.021456,-0.6587,OOS
2024-04-29 05:55:00,2024-04-29 06:00:00,2024-04-29 07:05:00,NY   21-03JST,LONG,Q10+ac<0,168.1525,167.91839,167.51289,0.78,13,stop,-23.41,-1830.0,-0.366,0.63961,-0.020612,-0.5333,OOS
2024-04-29 07:15:00,2024-04-29 07:20:00,2024-04-29 07:35:00,欧州 15-21JST,SHORT,Q10+ac>0,166.6925,166.14843,167.05593,1.38,3,stop,54.41,7485.0,1.497,0.36343,-0.005071,0.1665,OOS
2024-04-29 07:20:00,2024-04-29 07:25:00,2024-04-29 07:35:00,欧州 15-21JST,SHORT,Q10+ac>0,166.554,166.16204,166.93104,1.33,2,stop,39.2,5198.0,1.04,0.37704,-0.007231,0.1001,OOS
2024-04-29 07:25:00,2024-04-29 07:30:00,2024-04-29 07:40:00,欧州 15-21JST,SHORT,Q10+ac>0,166.285,166.03475,166.67575,1.28,2,stop,25.03,3202.0,0.64,0.39075,-0.011328,0.1957,OOS
2024-04-29 07:30:00,2024-04-29 07:35:00,2024-04-29 07:40:00,欧州 15-21JST,SHORT,Q10+ac>0,165.888,166.31018,166.30768,1.19,1,stop,-42.22,-5030.0,-1.006,0.41968,-0.012916,0.3293,OOS
2024-04-29 07:35:00,2024-04-29 07:40:00,2024-04-29 07:45:00,欧州 15-21JST,SHORT,Q10+ac>0,165.994,166.43325,166.43075,1.14,1,stop,-43.92,-5029.0,-1.006,0.43675,-0.012982,0.2018,OOS
2024-04-29 07:40:00,2024-04-29 07:45:00,2024-04-29 08:00:00,欧州 15-21JST,SHORT,Q10+ac>0,166.4315,166.87293,166.87043,1.14,3,stop,-44.14,-5028.0,-1.006,0.43893,-0.010492,0.2896,OOS
2024-04-29 07:45:00,2024-04-29 07:50:00,2024-04-29 08:10:00,欧州 15-21JST,SHORT,Q10+ac>0,166.4865,166.93425,166.93175,1.12,4,stop,-44.78,-5028.0,-1.006,0.44525,-0.011909,0.3199,OOS
2024-04-29 07:50:00,2024-04-29 07:55:00,2024-04-29 08:15:00,欧州 15-21JST,SHORT,Q10+ac>0,166.667,167.05518,167.12268,1.1,4,stop,-38.82,-4259.0,-0.852,0.45568,-0.010331,0.3419,OOS
2024-04-29 07:55:00,2024-04-29 08:00:00,2024-04-29 08:20:00,欧州 15-21JST,SHORT,Q10+ac>0,166.7105,167.14321,167.17171,1.08,4,stop,-43.27,-4691.0,-0.938,0.46121,-0.01138,0.3563,OOS
2024-04-29 08:00:00,2024-04-29 08:05:00,2024-04-29 08:20:00,欧州 15-21JST,SHORT,Q10+ac>0,166.7015,167.15896,167.17846,1.05,3,stop,-45.75,-4796.0,-0.959,0.47696,-0.01284,0.5575,OOS
2024-04-29 08:05:00,2024-04-29 08:10:00,2024-04-29 08:35:00,欧州 15-21JST,SHORT,Q10+ac>0,166.8085,166.73557,167.29207,1.03,5,stop,7.29,754.0,0.151,0.48357,-0.011287,0.2648,OOS
2024-04-29 08:10:00,2024-04-29 08:15:00,2024-04-29 08:35:00,欧州 15-21JST,SHORT,Q10+ac>0,167.0025,166.74414,167.49464,1.02,4,stop,25.84,2625.0,0.525,0.49214,-0.009399,0.3866,OOS
2024-04-29 08:15:00,2024-04-29 08:20:00,2024-04-29 08:35:00,欧州 15-21JST,SHORT,Q10+ac>0,166.92,166.67007,167.33807,1.2,3,stop,24.99,2989.0,0.598,0.41807,-0.009934,0.3345,OOS
2024-04-29 08:20:00,2024-04-29 08:25:00,2024-04-29 08:35:00,欧州 15-21JST,SHORT,Q10+ac>0,167.0905,166.61075,167.44925,1.39,2,stop,47.98,6686.0,1.337,0.35875,-0.00975,0.2237,OOS
2024-04-29 16:40:00,2024-04-29 16:45:00,2024-04-29 16:55:00,NY   21-03JST,LONG,Q10+ac<0,166.7565,166.94529,166.60879,3.38,2,stop,18.88,6390.0,1.278,0.14771,-0.008814,-0.2617,OOS
2024-04-29 16:45:00,2024-04-29 16:50:00,2024-04-29 18:00:00,NY   21-03JST,LONG,Q10+ac<0,167.0975,167.22732,166.89882,2.52,14,stop,12.98,3267.0,0.653,0.19868,-0.005881,-0.4406,OOS
2024-04-29 16:50:00,2024-04-29 16:55:00,2024-04-29 18:00:00,NY   21-03JST,LONG,Q10+ac<0,166.959,167.21511,166.74811,2.37,13,stop,25.61,6072.0,1.214,0.21089,-0.007538,-0.4314,OOS
2024-04-29 16:55:00,2024-04-29 17:00:00,2024-04-29 18:00:00,NY   21-03JST,LONG,Q10+ac<0,167.1235,167.20264,166.90014,2.24,12,stop,7.91,1772.0,0.354,0.22336,-0.005708,-0.4403,OOS
2024-04-29 17:00:00,2024-04-29 17:05:00,2024-04-29 18:00:00,NY   21-03JST,LONG,Q10+ac<0,167.22,167.18893,166.98293,2.11,11,stop,-3.11,-655.0,-0.131,0.23707,-0.005124,-0.3921,OOS
2024-04-29 17:05:00,2024-04-29 17:10:00,2024-04-29 18:00:00,NY   21-03JST,LONG,Q10+ac<0,167.2065,167.18711,166.96761,2.09,10,stop,-1.94,-406.0,-0.081,0.23889,-0.005826,-0.3808,OOS
2024-04-29 17:15:00,2024-04-29 17:20:00,2024-04-29 18:00:00,NY   21-03JST,LONG,Q10+ac<0,167.206,167.18107,166.96107,2.04,8,stop,-2.49,-509.0,-0.102,0.24493,-0.005628,-0.3775,OOS
2024-04-29 17:20:00,2024-04-29 17:25:00,2024-04-29 18:00:00,NY   21-03JST,LONG,Q10+ac<0,167.2305,167.17868,166.98318,2.02,7,stop,-5.18,-1048.0,-0.21,0.24732,-0.005554,-0.3781,OOS
2024-04-29 17:25:00,2024-04-29 17:30:00,2024-04-29 18:00:00,NY   21-03JST,LONG,Q10+ac<0,167.3065,167.17082,167.05132,1.96,6,stop,-13.57,-2659.0,-0.532,0.25518,-0.004994,-0.3721,OOS
2024-04-29 17:35:00,2024-04-29 17:40:00,2024-04-29 18:00:00,NY   21-03JST,LONG,Q10+ac<0,167.3065,167.17271,167.05321,1.97,4,stop,-13.38,-2641.0,-0.528,0.25329,-0.005146,-0.8409,OOS
2024-04-29 18:10:00,2024-04-29 18:15:00,2024-04-29 18:30:00,NY   21-03JST,LONG,Q10+ac<0,167.227,167.16646,167.07796,3.35,3,stop,-6.05,-2031.0,-0.406,0.14904,-0.005296,-0.2593,OOS
2024-05-01 20:10:00,2024-05-01 20:15:00,2024-05-01 20:20:00,NY   21-03JST,LONG,Q10+ac<0,166.955,166.7525,166.755,2.5,1,stop,-20.25,-5062.0,-1.012,0.2,-0.010881,-0.4983,OOS
2024-05-01 20:15:00,2024-05-01 20:20:00,2024-05-01 20:25:00,NY   21-03JST,LONG,Q10+ac<0,167.2465,166.97589,166.97839,1.86,1,stop,-27.06,-5047.0,-1.009,0.26811,-0.008635,-0.3337,OOS
2024-05-01 20:20:00,2024-05-01 20:25:00,2024-05-01 20:30:00,NY   21-03JST,LONG,Q10+ac<0,166.5835,166.27189,166.27439,1.62,1,stop,-31.16,-5040.0,-1.008,0.30911,-0.014034,-0.4073,OOS
2024-05-01 20:25:00,2024-05-01 20:30:00,2024-05-01 20:35:00,NY   21-03JST,LONG,Q10+ac<0,166.1075,165.74736,165.74986,1.4,1,stop,-36.01,-5035.0,-1.007,0.35764,-0.017676,-0.3311,OOS
2024-05-01 20:30:00,2024-05-01 20:35:00,2024-05-01 20:40:00,NY   21-03JST,LONG,Q10+ac<0,165.895,165.49964,165.50214,1.27,1,stop,-39.54,-5032.0,-1.006,0.39286,-0.019548,-0.3451,OOS
2024-05-01 20:35:00,2024-05-01 20:40:00,2024-05-01 20:45:00,NY   21-03JST,LONG,Q10+ac<0,165.316,164.86368,164.86618,1.11,1,stop,-45.23,-5028.0,-1.006,0.44982,-0.024525,-0.3584,OOS
2024-05-01 20:40:00,2024-05-01 20:45:00,2024-05-01 20:50:00,NY   21-03JST,LONG,Q10+ac<0,165.267,164.75361,164.75611,0.98,1,stop,-51.34,-5024.0,-1.005,0.51089,-0.025524,-0.4116,OOS
2024-05-01 20:45:00,2024-05-01 20:50:00,2024-05-01 21:55:00,NY   21-03JST,LONG,Q10+ac<0,164.198,165.79686,163.59486,0.83,12,stop,159.89,13254.0,2.651,0.60314,-0.034703,-0.4728,OOS
2024-05-01 20:50:00,2024-05-01 20:55:00,2024-05-01 21:55:00,NY   21-03JST,LONG,Q10+ac<0,165.506,165.69539,164.80139,0.71,11,stop,18.94,1344.0,0.269,0.70461,-0.024144,-0.6475,OOS
2024-05-01 20:55:00,2024-05-01 21:05:00,2024-05-01 21:55:00,NY   21-03JST,LONG,Q10+ac<0,165.7505,165.68043,165.03093,0.69,10,stop,-7.01,-487.0,-0.097,0.71957,-0.023268,-0.3796,OOS
2024-05-01 21:05:00,2024-05-01 21:10:00,2024-05-01 21:55:00,NY   21-03JST,LONG,Q10+ac<0,165.933,165.65996,165.19296,0.68,9,stop,-27.3,-1845.0,-0.369,0.74004,-0.020294,-0.3494,OOS
2024-05-01 21:10:00,2024-05-01 21:15:00,2024-05-01 21:55:00,NY   21-03JST,LONG,Q10+ac<0,165.996,165.65464,165.25064,0.67,8,stop,-34.14,-2290.0,-0.458,0.74536,-0.020546,-0.3011,OOS
2024-05-01 21:15:00,2024-05-01 21:20:00,2024-05-01 21:55:00,NY   21-03JST,LONG,Q10+ac<0,165.9345,165.648,165.1825,0.66,7,stop,-28.65,-1905.0,-0.381,0.752,-0.020426,-0.2327,OOS
2024-05-01 21:20:00,2024-05-01 21:25:00,2024-05-01 21:55:00,NY   21-03JST,LONG,Q10+ac<0,165.9065,165.65054,165.15704,0.67,6,stop,-25.6,-1708.0,-0.342,0.74946,-0.020829,-0.1874,OOS
2024-05-01 21:25:00,2024-05-01 21:30:00,2024-05-01 21:55:00,NY   21-03JST,LONG,Q10+ac<0,166.2275,165.73004,165.55754,0.75,5,stop,-49.75,-3713.0,-0.743,0.66996,-0.018062,-0.2627,OOS
2024-05-01 21:30:00,2024-05-01 21:35:00,2024-05-01 21:55:00,NY   21-03JST,LONG,Q10+ac<0,166.169,165.79407,165.56307,0.83,4,stop,-37.49,-3094.0,-0.619,0.60593,-0.018552,-0.3053,OOS
2024-05-01 21:35:00,2024-05-01 21:40:00,2024-05-01 21:55:00,NY   21-03JST,LONG,Q10+ac<0,166.2125,165.83354,165.64604,0.88,3,stop,-37.9,-3345.0,-0.669,0.56646,-0.018232,-0.372,OOS
2024-05-01 21:40:00,2024-05-01 21:45:00,2024-05-01 21:55:00,NY   21-03JST,LONG,Q10+ac<0,166.3335,165.87664,165.81014,0.96,2,stop,-45.69,-4365.0,-0.873,0.52336,-0.017008,-0.4279,OOS
2024-05-01 21:45:00,2024-05-01 21:50:00,2024-05-01 21:55:00,NY   21-03JST,LONG,Q10+ac<0,166.374,165.88729,165.88979,1.03,1,stop,-48.67,-5026.0,-1.005,0.48421,-0.016456,-0.6876,OOS
2024-05-01 22:00:00,2024-05-01 22:05:00,2024-05-01 22:15:00,NY   21-03JST,LONG,Q10+ac<0,166.1685,166.05136,165.78986,1.32,2,stop,-11.71,-1547.0,-0.309,0.37864,-0.018032,-0.4143,OOS
2024-05-01 22:05:00,2024-05-01 22:10:00,2024-05-01 22:15:00,NY   21-03JST,LONG,Q10+ac<0,166.26,165.96746,165.96996,1.72,1,stop,-29.25,-5043.0,-1.009,0.29004,-0.017198,-0.3348,OOS
2024-05-01 22:10:00,2024-05-01 22:15:00,2024-05-01 23:25:00,NY   21-03JST,LONG,Q10+ac<0,166.3875,166.61493,166.10443,1.77,14,stop,22.74,4017.0,0.803,0.28307,-0.016643,-0.3225,OOS
2024-05-01 22:15:00,2024-05-01 22:20:00,2024-05-01 23:30:00,NY   21-03JST,LONG,Q10+ac<0,166.208,166.57043,165.88043,1.53,14,stop,36.24,5532.0,1.106,0.32757,-0.00649,-0.3372,OOS
2024-05-01 22:20:00,2024-05-01 22:25:00,2024-05-01 23:30:00,NY   21-03JST,LONG,Q10+ac<0,166.2015,166.56889,165.87239,1.52,13,stop,36.74,5582.0,1.116,0.32911,-0.00876,-0.3223,OOS
2024-05-02 06:10:00,2024-05-02 06:15:00,2024-05-02 06:20:00,欧州 15-21JST,SHORT,Q10+ac>0,166.5065,166.61639,166.61389,4.66,1,stop,-10.99,-5116.0,-1.023,0.10739,-0.005163,0.1464,OOS
2024-05-02 12:10:00,2024-05-02 12:15:00,2024-05-02 12:35:00,NY   21-03JST,LONG,Q10+ac<0,165.507,165.54446,165.38146,3.98,4,stop,3.75,1492.0,0.298,0.12554,-0.005026,-0.2287,OOS
2024-05-02 12:15:00,2024-05-02 12:20:00,2024-05-02 12:35:00,NY   21-03JST,LONG,Q10+ac<0,165.493,165.54529,165.36829,4.01,3,stop,5.23,2096.0,0.419,0.12471,-0.005479,-0.4729,OOS
2024-05-02 12:20:00,2024-05-02 12:25:00,2024-05-02 12:35:00,NY   21-03JST,LONG,Q10+ac<0,165.4655,165.54271,165.33821,3.93,2,stop,7.72,3033.0,0.607,0.12729,-0.005871,-0.3844,OOS
2024-05-02 12:25:00,2024-05-02 12:30:00,2024-05-02 12:40:00,NY   21-03JST,LONG,Q10+ac<0,165.6115,165.54618,165.48318,3.9,2,stop,-6.53,-2545.0,-0.509,0.12832,-0.004973,-0.1858,OOS
2024-05-02 14:00:00,2024-05-02 14:05:00,2024-05-02 14:30:00,NY   21-03JST,LONG,Q10+ac<0,164.7495,165.02757,164.61057,3.6,5,stop,27.81,10008.0,2.002,0.13893,-0.007136,-0.1034,OOS
2024-05-02 14:05:00,2024-05-02 14:10:00,2024-05-02 14:30:00,NY   21-03JST,LONG,Q10+ac<0,164.8415,165.02939,164.70439,3.65,4,stop,18.79,6852.0,1.37,0.13711,-0.005879,-0.39,OOS
2024-05-02 14:50:00,2024-05-02 14:55:00,2024-05-02 15:00:00,NY   21-03JST,LONG,Q10+ac<0,164.7815,164.62636,164.62886,3.28,1,stop,-15.51,-5082.0,-1.016,0.15264,-0.005142,-0.2428,OOS
2024-05-02 14:55:00,2024-05-02 15:00:00,2024-05-02 15:10:00,NY   21-03JST,LONG,Q10+ac<0,164.695,164.67775,164.54625,3.36,2,stop,-1.72,-580.0,-0.116,0.14875,-0.005306,-0.2444,OOS
2024-05-02 15:05:00,2024-05-02 15:10:00,2024-05-02 15:25:00,NY   21-03JST,LONG,Q10+ac<0,164.7145,164.55661,164.55911,3.22,3,stop,-15.79,-5080.0,-1.016,0.15539,-0.006008,-0.2275,OOS
2024-05-02 15:10:00,2024-05-02 15:15:00,2024-05-02 15:25:00,NY   21-03JST,LONG,Q10+ac<0,164.633,164.5155,164.482,3.31,2,stop,-11.75,-3891.0,-0.778,0.151,-0.00695,-0.2651,OOS
2024-05-02 15:15:00,2024-05-02 15:20:00,2024-05-02 15:30:00,NY   21-03JST,LONG,Q10+ac<0,164.5965,164.49854,164.44504,3.3,2,stop,-9.8,-3234.0,-0.647,0.15146,-0.007176,-0.3809,OOS
2024-05-02 15:20:00,2024-05-02 15:25:00,2024-05-02 15:30:00,NY   21-03JST,LONG,Q10+ac<0,164.6435,164.49125,164.49375,3.34,1,stop,-15.23,-5083.0,-1.017,0.14975,-0.007269,-0.2023,OOS
2024-05-02 15:25:00,2024-05-02 15:30:00,2024-05-02 15:35:00,NY   21-03JST,LONG,Q10+ac<0,164.5585,164.40407,164.40657,3.29,1,stop,-15.44,-5082.0,-1.016,0.15193,-0.007633,-0.2483,OOS
2024-05-02 15:30:00,2024-05-02 15:35:00,2024-05-02 16:15:00,NY   21-03JST,LONG,Q10+ac<0,164.4475,164.62679,164.29829,3.35,8,stop,17.93,6008.0,1.202,0.14921,-0.007983,-0.1497,OOS
2024-05-02 15:35:00,2024-05-02 15:40:00,2024-05-02 16:15:00,NY   21-03JST,LONG,Q10+ac<0,164.384,164.62518,164.23318,3.32,7,stop,24.12,7996.0,1.599,0.15082,-0.007274,-0.1171,OOS
2024-05-02 15:40:00,2024-05-02 15:45:00,2024-05-02 16:15:00,NY   21-03JST,LONG,Q10+ac<0,164.4825,164.61929,164.32579,3.19,6,stop,13.68,4364.0,0.873,0.15671,-0.007138,-0.138,OOS
2024-05-02 23:10:00,2024-05-02 23:15:00,2024-05-02 23:30:00,NY   21-03JST,LONG,Q10+ac<0,164.259,164.32014,164.15864,4.98,3,stop,6.11,3046.0,0.609,0.10036,-0.005034,-0.3574,OOS
2024-05-02 23:40:00,2024-05-02 23:45:00,2024-05-03 00:00:00,NY   21-03JST,LONG,Q10+ac<0,164.2195,164.22861,164.10461,4.35,3,stop,0.91,396.0,0.079,0.11489,-0.005248,-0.1133,OOS
2024-05-15 08:45:00,2024-05-15 08:50:00,2024-05-15 09:00:00,欧州 15-21JST,SHORT,Q10+ac>0,168.555,168.63436,168.64236,5.72,2,stop,-7.94,-4542.0,-0.908,0.08736,-0.005826,0.2033,OOS
2024-05-16 01:00:00,2024-05-16 01:05:00,2024-05-16 01:15:00,NY   21-03JST,LONG,Q10+ac<0,167.4725,167.41639,167.32589,3.41,2,stop,-5.61,-1914.0,-0.383,0.14661,-0.006709,-0.1686,OOS
2024-06-04 07:00:00,2024-06-04 07:05:00,2024-06-04 07:25:00,欧州 15-21JST,SHORT,Q10+ac>0,169.7945,169.46775,169.89725,4.87,4,stop,32.68,15900.0,3.18,0.10275,-0.005037,0.4151,OOS
2024-06-04 07:05:00,2024-06-04 07:10:00,2024-06-04 07:25:00,欧州 15-21JST,SHORT,Q10+ac>0,169.5815,169.48082,169.69732,4.32,3,stop,10.07,4346.0,0.869,0.11582,-0.006241,0.5815,OOS
2024-06-04 07:10:00,2024-06-04 07:15:00,2024-06-04 07:25:00,欧州 15-21JST,SHORT,Q10+ac>0,169.5555,169.48039,169.67089,4.33,2,stop,7.51,3254.0,0.651,0.11539,-0.00613,0.4499,OOS
2024-06-04 07:15:00,2024-06-04 07:20:00,2024-06-04 07:30:00,欧州 15-21JST,SHORT,Q10+ac>0,169.465,169.50286,169.58436,4.19,2,stop,-3.79,-1586.0,-0.317,0.11936,-0.006475,0.5149,OOS
2024-06-04 07:20:00,2024-06-04 07:25:00,2024-06-04 07:30:00,欧州 15-21JST,SHORT,Q10+ac>0,169.418,169.53421,169.53171,4.4,1,stop,-11.62,-5110.0,-1.022,0.11371,-0.006558,0.4772,OOS
2024-06-04 07:25:00,2024-06-04 07:30:00,2024-06-04 08:15:00,欧州 15-21JST,SHORT,Q10+ac>0,169.4695,169.14479,169.58379,4.37,9,stop,32.47,14206.0,2.841,0.11429,-0.006242,0.3984,OOS
2024-06-04 07:30:00,2024-06-04 07:35:00,2024-06-04 08:15:00,欧州 15-21JST,SHORT,Q10+ac>0,169.5755,169.14839,169.69339,4.24,8,stop,42.71,18114.0,3.623,0.11789,-0.005034,0.3922,OOS
2024-06-04 07:35:00,2024-06-04 07:40:00,2024-06-04 08:15:00,欧州 15-21JST,SHORT,Q10+ac>0,169.4545,169.15175,169.57575,4.12,7,stop,30.28,12485.0,2.497,0.12125,-0.005689,0.2121,OOS
2024-06-04 07:40:00,2024-06-04 07:45:00,2024-06-04 08:15:00,欧州 15-21JST,SHORT,Q10+ac>0,169.366,169.15714,169.49264,3.95,6,stop,20.89,8246.0,1.649,0.12664,-0.006493,0.2305,OOS
2024-06-04 07:45:00,2024-06-04 07:50:00,2024-06-04 08:15:00,欧州 15-21JST,SHORT,Q10+ac>0,169.3835,169.15625,169.50925,3.98,5,stop,22.72,9036.0,1.807,0.12575,-0.006369,0.208,OOS
2024-06-04 07:50:00,2024-06-04 07:55:00,2024-06-04 08:15:00,欧州 15-21JST,SHORT,Q10+ac>0,169.2875,169.16021,169.41721,3.85,4,stop,12.73,4906.0,0.981,0.12971,-0.007322,0.1766,OOS
2024-06-04 07:55:00,2024-06-04 08:00:00,2024-06-04 08:15:00,欧州 15-21JST,SHORT,Q10+ac>0,169.221,169.16129,169.35179,3.82,3,stop,5.97,2283.0,0.457,0.13079,-0.00775,0.1713,OOS
2024-06-04 08:15:00,2024-06-04 08:20:00,2024-06-04 08:45:00,欧州 15-21JST,SHORT,Q10+ac>0,169.23,168.96732,169.35582,3.97,5,stop,26.27,10439.0,2.088,0.12582,-0.005003,0.2068,OOS
2024-06-04 08:30:00,2024-06-04 08:35:00,2024-06-04 08:45:00,欧州 15-21JST,SHORT,Q10+ac>0,168.9795,168.96557,169.10357,4.03,2,stop,1.39,561.0,0.112,0.12407,-0.007621,0.159,OOS
2024-06-04 08:35:00,2024-06-04 08:40:00,2024-06-04 08:55:00,欧州 15-21JST,SHORT,Q10+ac>0,168.8675,168.99382,168.99132,4.04,3,stop,-12.63,-5101.0,-1.02,0.12382,-0.008781,0.1627,OOS
2024-06-04 08:45:00,2024-06-04 08:50:00,2024-06-04 09:00:00,欧州 15-21JST,SHORT,Q10+ac>0,168.9455,169.00221,169.06471,4.19,2,stop,-5.67,-2379.0,-0.476,0.11921,-0.007426,0.2223,OOS
2024-06-04 08:50:00,2024-06-04 08:55:00,2024-06-04 09:00:00,欧州 15-21JST,SHORT,Q10+ac>0,168.919,169.03246,169.02996,4.51,1,stop,-11.35,-5113.0,-1.023,0.11096,-0.007689,0.1925,OOS
2024-06-04 08:55:00,2024-06-04 09:00:00,2024-06-04 09:10:00,欧州 15-21JST,SHORT,Q10+ac>0,168.98,168.86968,169.09618,4.3,2,stop,11.03,4748.0,0.95,0.11618,-0.006735,0.14,OOS
2024-06-07 15:45:00,2024-06-07 15:50:00,2024-06-07 16:00:00,NY   21-03JST,LONG,Q10+ac<0,169.1925,169.16029,169.07679,4.32,2,stop,-3.22,-1392.0,-0.278,0.11571,-0.00485,-0.1045,OOS
2024-06-07 16:00:00,2024-06-07 16:05:00,2024-06-07 16:50:00,NY   21-03JST,LONG,Q10+ac<0,169.2025,169.19225,169.09125,4.49,9,stop,-1.02,-461.0,-0.092,0.11125,-0.004947,-0.2899,OOS
2024-06-07 16:10:00,2024-06-07 16:15:00,2024-06-07 16:45:00,NY   21-03JST,LONG,Q10+ac<0,169.199,169.21082,169.10632,5.39,6,stop,1.18,638.0,0.128,0.09268,-0.005089,-0.1651,OOS
2024-06-12 13:55:00,2024-06-12 14:00:00,2024-06-12 14:10:00,NY   21-03JST,LONG,Q10+ac<0,168.8195,168.80954,168.69104,3.89,2,stop,-1.0,-388.0,-0.078,0.12846,-0.005669,-0.2387,OOS
2024-06-12 14:00:00,2024-06-12 14:05:00,2024-06-12 14:30:00,NY   21-03JST,LONG,Q10+ac<0,168.8735,168.92971,168.74471,3.88,5,stop,5.62,2182.0,0.436,0.12879,-0.005318,-0.4933,OOS
2024-06-12 14:05:00,2024-06-12 14:10:00,2024-06-12 14:30:00,NY   21-03JST,LONG,Q10+ac<0,168.866,168.93596,168.74346,4.08,4,stop,7.0,2855.0,0.571,0.12254,-0.005165,-0.4701,OOS
2024-06-12 14:10:00,2024-06-12 14:15:00,2024-06-12 14:30:00,NY   21-03JST,LONG,Q10+ac<0,168.852,168.94464,168.73814,4.39,3,stop,9.26,4068.0,0.814,0.11386,-0.004946,-0.4888,OOS
2024-06-13 15:25:00,2024-06-13 15:30:00,2024-06-13 15:40:00,NY   21-03JST,LONG,Q10+ac<0,168.8205,168.73461,168.69311,3.92,2,stop,-8.59,-3371.0,-0.674,0.12739,-0.005796,-0.3474,OOS
2024-06-13 15:30:00,2024-06-13 15:35:00,2024-06-13 15:45:00,NY   21-03JST,LONG,Q10+ac<0,168.841,168.71193,168.71443,3.95,2,stop,-12.91,-5099.0,-1.02,0.12657,-0.006319,-0.4619,OOS
2024-06-13 15:35:00,2024-06-13 15:40:00,2024-06-13 15:45:00,NY   21-03JST,LONG,Q10+ac<0,168.795,168.66668,168.66918,3.97,1,stop,-12.83,-5099.0,-1.02,0.12582,-0.006817,-0.4708,OOS
2024-06-13 15:40:00,2024-06-13 15:45:00,2024-06-13 15:50:00,NY   21-03JST,LONG,Q10+ac<0,168.7425,168.62157,168.62407,4.22,1,stop,-12.09,-5106.0,-1.021,0.11843,-0.007154,-0.3967,OOS
2024-06-13 15:45:00,2024-06-13 15:50:00,2024-06-13 16:00:00,NY   21-03JST,LONG,Q10+ac<0,168.6585,168.55307,168.54107,4.26,2,stop,-10.54,-4489.0,-0.898,0.11743,-0.007029,-0.5487,OOS
2024-06-13 15:50:00,2024-06-13 15:55:00,2024-06-13 16:00:00,NY   21-03JST,LONG,Q10+ac<0,168.6585,168.54271,168.54521,4.41,1,stop,-11.58,-5110.0,-1.022,0.11329,-0.006624,-0.4859,OOS
2024-06-13 15:55:00,2024-06-13 16:00:00,2024-06-13 16:05:00,NY   21-03JST,LONG,Q10+ac<0,168.62,168.51157,168.51407,4.72,1,stop,-10.84,-5118.0,-1.024,0.10593,-0.006237,-0.399,OOS
2024-06-13 16:00:00,2024-06-13 16:05:00,2024-06-13 16:20:00,NY   21-03JST,LONG,Q10+ac<0,168.535,168.45964,168.43164,4.84,3,stop,-7.54,-3645.0,-0.729,0.10336,-0.00661,-0.4085,OOS
2024-06-13 16:05:00,2024-06-13 16:10:00,2024-06-13 16:20:00,NY   21-03JST,LONG,Q10+ac<0,168.512,168.45089,168.40689,4.76,2,stop,-6.11,-2907.0,-0.581,0.10511,-0.00622,-0.4552,OOS
2024-06-13 16:10:00,2024-06-13 16:15:00,2024-06-13 16:20:00,NY   21-03JST,LONG,Q10+ac<0,168.5445,168.44475,168.44725,5.14,1,stop,-9.98,-5129.0,-1.026,0.09725,-0.005684,-0.4545,OOS
2024-06-13 16:15:00,2024-06-13 16:20:00,2024-06-13 16:25:00,NY   21-03JST,LONG,Q10+ac<0,168.527,168.43175,168.43425,5.39,1,stop,-9.52,-5135.0,-1.027,0.09275,-0.005818,-0.3666,OOS
2024-06-13 16:20:00,2024-06-13 16:25:00,2024-06-13 16:40:00,NY   21-03JST,LONG,Q10+ac<0,168.4335,168.34836,168.33936,5.31,3,stop,-8.51,-4522.0,-0.904,0.09414,-0.006184,-0.2917,OOS
2024-06-13 16:35:00,2024-06-13 16:40:00,2024-06-13 16:50:00,NY   21-03JST,LONG,Q10+ac<0,168.376,168.36089,168.28889,5.74,2,stop,-1.51,-867.0,-0.173,0.08711,-0.005191,-0.1863,OOS
2024-06-13 16:40:00,2024-06-13 16:45:00,2024-06-13 17:00:00,NY   21-03JST,LONG,Q10+ac<0,168.4055,168.36125,168.31775,5.7,3,stop,-4.43,-2521.0,-0.504,0.08775,-0.005354,-0.2889,OOS
2024-06-14 08:30:00,2024-06-14 08:35:00,2024-06-14 08:50:00,欧州 15-21JST,SHORT,Q10+ac>0,168.7565,168.51811,168.94361,2.67,3,stop,23.84,6370.0,1.274,0.18711,-0.005791,0.1163,OOS
2024-06-14 08:40:00,2024-06-14 08:45:00,2024-06-14 08:50:00,欧州 15-21JST,SHORT,Q10+ac>0,168.369,168.56857,168.56607,2.54,1,stop,-19.96,-5063.0,-1.013,0.19707,-0.006176,0.2066,OOS
2024-06-14 08:50:00,2024-06-14 08:55:00,2024-06-14 09:25:00,欧州 15-21JST,SHORT,Q10+ac>0,168.5045,168.24225,168.68375,2.79,6,stop,26.23,7315.0,1.463,0.17925,-0.00727,0.1685,OOS
2024-06-14 09:05:00,2024-06-14 09:10:00,2024-06-14 09:25:00,欧州 15-21JST,SHORT,Q10+ac>0,168.303,168.25621,168.47321,2.94,3,stop,4.68,1374.0,0.275,0.17021,-0.008294,0.1837,OOS
2024-06-14 09:50:00,2024-06-14 09:55:00,2024-06-14 10:05:00,欧州 15-21JST,SHORT,Q10+ac>0,167.8955,167.83286,168.07086,2.85,2,stop,6.26,1786.0,0.357,0.17536,-0.007002,0.1367,OOS
2024-06-14 09:55:00,2024-06-14 10:00:00,2024-06-14 10:10:00,欧州 15-21JST,SHORT,Q10+ac>0,167.8915,167.87314,168.06414,2.9,2,stop,1.84,532.0,0.106,0.17264,-0.006952,0.1225,OOS
2024-06-14 10:00:00,2024-06-14 10:05:00,2024-06-14 10:10:00,欧州 15-21JST,SHORT,Q10+ac>0,167.6985,167.87593,167.87343,2.86,1,stop,-17.74,-5071.0,-1.014,0.17493,-0.007482,0.1466,OOS
2024-06-21 08:25:00,2024-06-21 08:30:00,2024-06-21 08:35:00,欧州 15-21JST,SHORT,Q10+ac>0,169.577,169.72121,169.71871,3.53,1,stop,-14.42,-5088.0,-1.018,0.14171,-0.005392,0.2931,OOS
2024-07-11 17:00:00,2024-07-11 17:05:00,2024-07-12 00:00:00,NY   21-03JST,LONG,Q10+ac<0,172.4235,172.49582,172.19682,2.21,23,stop,7.23,1595.0,0.319,0.22668,-0.021353,-0.1504,OOS
2024-07-11 20:00:00,2024-07-11 20:05:00,2024-07-12 00:00:00,NY   21-03JST,LONG,Q10+ac<0,172.5825,172.44107,172.30107,1.78,11,stop,-14.14,-2513.0,-0.503,0.28143,-0.020609,-0.2083,OOS
2024-07-11 20:05:00,2024-07-11 20:10:00,2024-07-12 00:00:00,NY   21-03JST,LONG,Q10+ac<0,172.609,172.43975,172.32625,1.77,10,stop,-16.92,-2993.0,-0.599,0.28275,-0.020364,-0.3805,OOS
2024-07-11 20:10:00,2024-07-11 20:15:00,2024-07-11 20:30:00,NY   21-03JST,LONG,Q10+ac<0,172.5945,172.60639,172.51789,6.53,3,stop,1.19,776.0,0.155,0.07661,-0.020602,-0.3606,OOS
2024-07-11 20:15:00,2024-07-11 20:20:00,2024-07-11 20:30:00,NY   21-03JST,LONG,Q10+ac<0,172.592,172.61221,172.52121,7.06,2,stop,2.02,1428.0,0.286,0.07079,-0.02073,-0.2781,OOS
2024-07-11 20:20:00,2024-07-11 20:25:00,2024-07-11 20:55:00,NY   21-03JST,LONG,Q10+ac<0,172.6165,172.61807,172.54857,7.36,6,stop,0.16,116.0,0.023,0.06793,-0.020483,-0.2314,OOS
2024-07-11 20:25:00,2024-07-11 20:30:00,2024-07-11 20:55:00,NY   21-03JST,LONG,Q10+ac<0,172.6645,172.618,172.5965,7.35,5,stop,-4.65,-3419.0,-0.684,0.068,-0.020111,-0.2617,OOS
2024-07-11 20:30:00,2024-07-11 20:35:00,2024-07-11 20:55:00,NY   21-03JST,LONG,Q10+ac<0,172.6375,172.61564,172.56714,7.11,4,stop,-2.19,-1553.0,-0.311,0.07036,-0.020289,-0.2987,OOS
2024-07-11 20:35:00,2024-07-11 20:40:00,2024-07-11 20:55:00,NY   21-03JST,LONG,Q10+ac<0,172.634,172.62157,172.56957,7.76,3,stop,-1.24,-965.0,-0.193,0.06443,-0.020403,-0.2961,OOS
2024-07-11 20:40:00,2024-07-11 20:45:00,2024-07-11 20:55:00,NY   21-03JST,LONG,Q10+ac<0,172.6305,172.62543,172.56993,8.25,2,stop,-0.51,-419.0,-0.084,0.06057,-0.020342,-0.1788,OOS
2024-07-11 20:45:00,2024-07-11 20:50:00,2024-07-12 00:00:00,NY   21-03JST,LONG,Q10+ac<0,172.669,172.66354,172.61004,8.48,2,stop,-0.55,-463.0,-0.093,0.05896,-0.020137,-0.2408,OOS
2024-07-11 20:50:00,2024-07-11 20:55:00,2024-07-12 00:00:00,NY   21-03JST,LONG,Q10+ac<0,172.6805,172.61907,172.62157,8.48,1,stop,-6.14,-5212.0,-1.042,0.05893,-0.020141,-0.2487,OOS
2024-07-12 12:25:00,2024-07-12 12:30:00,2024-07-12 12:40:00,NY   21-03JST,LONG,Q10+ac<0,172.6715,172.94761,172.56011,4.49,2,stop,27.61,12393.0,2.479,0.11139,-0.005173,-0.2099,OOS
2024-07-17 08:45:00,2024-07-17 08:50:00,2024-07-17 09:00:00,欧州 15-21JST,SHORT,Q10+ac>0,170.984,170.96693,171.15643,2.9,2,stop,1.71,495.0,0.099,0.17243,-0.00822,0.1619,OOS
2024-07-17 08:50:00,2024-07-17 08:55:00,2024-07-17 09:05:00,欧州 15-21JST,SHORT,Q10+ac>0,170.9395,171.01396,171.11346,2.87,2,stop,-7.45,-2140.0,-0.428,0.17396,-0.00873,0.1364,OOS
2024-07-17 08:55:00,2024-07-17 09:00:00,2024-07-17 09:05:00,欧州 15-21JST,SHORT,Q10+ac>0,170.959,171.12796,171.12546,3.0,1,stop,-16.9,-5075.0,-1.015,0.16646,-0.007964,0.1268,OOS
2024-07-17 09:00:00,2024-07-17 09:05:00,2024-07-17 09:10:00,欧州 15-21JST,SHORT,Q10+ac>0,171.059,171.23132,171.22882,2.94,1,stop,-17.23,-5074.0,-1.015,0.16982,-0.006987,0.1044,OOS
2024-07-17 09:05:00,2024-07-17 09:10:00,2024-07-17 09:30:00,欧州 15-21JST,SHORT,Q10+ac>0,171.157,171.20318,171.34018,2.73,4,stop,-4.62,-1260.0,-0.252,0.18318,-0.006652,0.2225,OOS
2024-07-17 09:15:00,2024-07-17 09:20:00,2024-07-17 09:30:00,欧州 15-21JST,SHORT,Q10+ac>0,171.1875,171.2385,171.365,2.82,2,stop,-5.1,-1437.0,-0.287,0.1775,-0.00518,0.2356,OOS
2024-07-17 23:35:00,2024-07-17 23:40:00,2024-07-18 00:00:00,NY   21-03JST,LONG,Q10+ac<0,170.131,170.21457,169.99407,3.65,4,stop,8.36,3052.0,0.61,0.13693,-0.005706,-0.1861,OOS
2024-07-17 23:40:00,2024-07-17 23:45:00,2024-07-18 00:00:00,NY   21-03JST,LONG,Q10+ac<0,170.0425,170.20371,169.89471,3.38,3,stop,16.12,5454.0,1.091,0.14779,-0.00648,-0.2172,OOS
2024-07-17 23:45:00,2024-07-17 23:50:00,2024-07-18 00:00:00,NY   21-03JST,LONG,Q10+ac<0,170.166,170.19704,170.01154,3.24,2,stop,3.1,1005.0,0.201,0.15446,-0.005174,-0.3694,OOS
2024-07-19 08:15:00,2024-07-19 08:20:00,2024-07-19 08:40:00,欧州 15-21JST,SHORT,Q10+ac>0,171.0055,171.14296,171.14046,3.7,4,stop,-13.75,-5093.0,-1.019,0.13496,-0.00558,0.2718,OOS
2024-07-22 06:00:00,2024-07-22 06:05:00,2024-07-22 06:15:00,欧州 15-21JST,SHORT,Q10+ac>0,170.7135,170.49318,170.82018,4.69,2,stop,22.03,10326.0,2.065,0.10668,-0.005684,0.1874,OOS
2024-07-22 06:05:00,2024-07-22 06:10:00,2024-07-22 06:30:00,欧州 15-21JST,SHORT,Q10+ac>0,170.5545,170.44711,170.67211,4.25,4,stop,10.74,4566.0,0.913,0.11761,-0.006915,0.4225,OOS
2024-07-22 06:10:00,2024-07-22 06:15:00,2024-07-22 06:30:00,欧州 15-21JST,SHORT,Q10+ac>0,170.577,170.45679,170.70429,3.93,3,stop,12.02,4722.0,0.944,0.12729,-0.006505,0.2695,OOS
2024-07-22 06:15:00,2024-07-22 06:20:00,2024-07-22 06:30:00,欧州 15-21JST,SHORT,Q10+ac>0,170.5595,170.46143,170.69143,3.79,2,stop,9.81,3717.0,0.743,0.13193,-0.006801,0.3239,OOS
2024-07-22 06:20:00,2024-07-22 06:25:00,2024-07-22 06:35:00,欧州 15-21JST,SHORT,Q10+ac>0,170.46,170.43364,170.59464,3.71,2,stop,2.64,979.0,0.196,0.13464,-0.00775,0.2738,OOS
2024-07-22 06:25:00,2024-07-22 06:30:00,2024-07-22 06:50:00,欧州 15-21JST,SHORT,Q10+ac>0,170.429,170.25964,170.56864,3.58,4,stop,16.94,6064.0,1.213,0.13964,-0.007641,0.3274,OOS
2024-07-22 06:30:00,2024-07-22 06:35:00,2024-07-22 06:50:00,欧州 15-21JST,SHORT,Q10+ac>0,170.4305,170.25875,170.56925,3.6,3,stop,17.18,6189.0,1.238,0.13875,-0.007853,0.2692,OOS
2024-07-22 06:35:00,2024-07-22 06:40:00,2024-07-22 06:50:00,欧州 15-21JST,SHORT,Q10+ac>0,170.3835,170.25454,170.51804,3.72,2,stop,12.9,4793.0,0.959,0.13454,-0.008499,0.2481,OOS
2024-07-22 06:40:00,2024-07-22 06:45:00,2024-07-22 06:55:00,欧州 15-21JST,SHORT,Q10+ac>0,170.223,170.21046,170.36796,3.45,2,stop,1.25,432.0,0.086,0.14496,-0.009282,0.2092,OOS
2024-07-23 08:10:00,2024-07-23 08:15:00,2024-07-23 08:25:00,欧州 15-21JST,SHORT,Q10+ac>0,169.718,169.62846,169.84196,4.03,2,stop,8.95,3611.0,0.722,0.12396,-0.004857,0.1618,OOS
2024-07-23 08:35:00,2024-07-23 08:40:00,2024-07-23 08:55:00,欧州 15-21JST,SHORT,Q10+ac>0,169.6255,169.66175,169.75725,3.8,3,stop,-3.62,-1376.0,-0.275,0.13175,-0.005241,0.118,OOS
2024-07-23 08:40:00,2024-07-23 08:45:00,2024-07-23 08:55:00,欧州 15-21JST,SHORT,Q10+ac>0,169.666,169.65543,169.79143,3.99,2,stop,1.06,421.0,0.084,0.12543,-0.005286,0.1534,OOS
2024-07-24 01:40:00,2024-07-24 01:45:00,2024-07-24 02:15:00,NY   21-03JST,LONG,Q10+ac<0,168.442,168.41343,168.30193,3.57,6,stop,-2.86,-1020.0,-0.204,0.14007,-0.005201,-0.313,OOS
2024-07-24 01:45:00,2024-07-24 01:50:00,2024-07-24 02:15:00,NY   21-03JST,LONG,Q10+ac<0,168.4405,168.40896,168.29596,3.46,5,stop,-3.15,-1091.0,-0.218,0.14454,-0.00507,-0.3383,OOS
2024-07-24 01:50:00,2024-07-24 01:55:00,2024-07-24 02:15:00,NY   21-03JST,LONG,Q10+ac<0,168.3485,168.40343,168.19843,3.33,4,stop,5.49,1830.0,0.366,0.15007,-0.005333,-0.3355,OOS
2024-07-24 02:00:00,2024-07-24 02:05:00,2024-07-24 02:50:00,NY   21-03JST,LONG,Q10+ac<0,168.5155,168.47471,168.36171,3.25,9,stop,-4.08,-1326.0,-0.265,0.15379,-0.004978,-0.1968,OOS
2024-07-24 02:05:00,2024-07-24 02:10:00,2024-07-24 02:50:00,NY   21-03JST,LONG,Q10+ac<0,168.503,168.47332,168.34782,3.22,8,stop,-2.97,-956.0,-0.191,0.15518,-0.005112,-0.3697,OOS
2024-07-24 02:10:00,2024-07-24 02:15:00,2024-07-24 02:50:00,NY   21-03JST,LONG,Q10+ac<0,168.485,168.4775,168.334,3.31,7,stop,-0.75,-248.0,-0.05,0.151,-0.005254,-0.2253,OOS
2024-07-24 04:45:00,2024-07-24 04:50:00,2024-07-24 05:05:00,NY   21-03JST,LONG,Q10+ac<0,167.7445,167.6685,167.6295,4.35,3,stop,-7.6,-3304.0,-0.661,0.115,-0.0067,-0.1375,OOS
2024-07-24 04:50:00,2024-07-24 04:55:00,2024-07-24 05:05:00,NY   21-03JST,LONG,Q10+ac<0,167.72,167.66789,167.60439,4.32,2,stop,-5.21,-2254.0,-0.451,0.11561,-0.005833,-0.1073,OOS
2024-07-24 05:05:00,2024-07-24 05:10:00,2024-07-24 05:40:00,NY   21-03JST,LONG,Q10+ac<0,167.5215,167.82086,167.38986,3.8,6,stop,29.94,11370.0,2.274,0.13164,-0.006113,-0.107,OOS
2024-07-24 05:10:00,2024-07-24 05:15:00,2024-07-24 05:40:00,NY   21-03JST,LONG,Q10+ac<0,167.6415,167.82282,167.51182,3.86,5,stop,18.13,6991.0,1.398,0.12968,-0.004986,-0.3281,OOS
2024-07-24 13:50:00,2024-07-24 13:55:00,2024-07-24 14:00:00,NY   21-03JST,LONG,Q10+ac<0,166.62,166.47875,166.48125,3.6,1,stop,-14.13,-5090.0,-1.018,0.13875,-0.005008,-0.1384,OOS
2024-07-24 13:55:00,2024-07-24 14:00:00,2024-07-24 14:05:00,NY   21-03JST,LONG,Q10+ac<0,166.5505,166.40521,166.40771,3.5,1,stop,-14.53,-5088.0,-1.018,0.14279,-0.005186,-0.2182,OOS
2024-07-24 14:00:00,2024-07-24 14:05:00,2024-07-24 14:20:00,NY   21-03JST,LONG,Q10+ac<0,166.4425,166.69296,166.29196,3.32,3,stop,25.05,8319.0,1.664,0.15054,-0.00596,-0.2289,OOS
2024-07-24 14:05:00,2024-07-24 14:10:00,2024-07-24 14:25:00,NY   21-03JST,LONG,Q10+ac<0,166.558,166.68129,166.39579,3.08,3,stop,12.33,3800.0,0.76,0.16221,-0.005258,-0.3304,OOS
2024-07-25 01:40:00,2024-07-25 01:45:00,2024-07-25 02:00:00,NY   21-03JST,LONG,Q10+ac<0,165.568,165.58925,165.35225,2.32,3,stop,2.13,492.0,0.098,0.21575,-0.009329,-0.2343,OOS
2024-07-25 01:45:00,2024-07-25 01:50:00,2024-07-25 02:00:00,NY   21-03JST,LONG,Q10+ac<0,165.681,165.57707,165.48207,2.51,2,stop,-10.39,-2612.0,-0.522,0.19893,-0.008103,-0.3507,OOS
2024-07-25 01:50:00,2024-07-25 01:55:00,2024-07-25 02:00:00,NY   21-03JST,LONG,Q10+ac<0,165.7705,165.56725,165.56975,2.49,1,stop,-20.32,-5062.0,-1.012,0.20075,-0.007664,-0.3381,OOS
2024-07-25 01:55:00,2024-07-25 02:00:00,2024-07-25 02:15:00,NY   21-03JST,LONG,Q10+ac<0,165.6735,165.51393,165.48843,2.7,3,stop,-15.96,-4311.0,-0.862,0.18507,-0.008749,-0.3742,OOS
2024-07-25 02:00:00,2024-07-25 02:05:00,2024-07-25 02:15:00,NY   21-03JST,LONG,Q10+ac<0,165.605,165.5245,165.4305,2.87,2,stop,-8.05,-2307.0,-0.461,0.1745,-0.008615,-0.3505,OOS
2024-07-25 02:05:00,2024-07-25 02:10:00,2024-07-25 02:35:00,NY   21-03JST,LONG,Q10+ac<0,165.641,165.63325,165.47525,3.02,5,stop,-0.77,-234.0,-0.047,0.16575,-0.008148,-0.3504,OOS
2024-07-25 02:10:00,2024-07-25 02:15:00,2024-07-25 02:35:00,NY   21-03JST,LONG,Q10+ac<0,165.5205,165.6275,165.349,2.92,4,stop,10.7,3120.0,0.624,0.1715,-0.008726,-0.3695,OOS
2024-07-25 02:15:00,2024-07-25 02:20:00,2024-07-25 02:35:00,NY   21-03JST,LONG,Q10+ac<0,165.605,165.62925,165.43525,2.95,3,stop,2.42,714.0,0.143,0.16975,-0.007649,-0.4119,OOS
2024-07-25 02:20:00,2024-07-25 02:25:00,2024-07-25 02:35:00,NY   21-03JST,LONG,Q10+ac<0,165.682,165.63118,165.51418,2.98,2,stop,-5.08,-1514.0,-0.303,0.16782,-0.007105,-0.3801,OOS
2024-07-25 02:25:00,2024-07-25 02:30:00,2024-07-25 02:45:00,NY   21-03JST,LONG,Q10+ac<0,165.698,165.52986,165.53236,3.02,3,stop,-16.81,-5075.0,-1.015,0.16564,-0.005041,-0.6293,OOS
2024-07-26 13:15:00,2024-07-26 13:20:00,2024-07-26 13:35:00,NY   21-03JST,LONG,Q10+ac<0,167.1415,167.09904,166.95054,2.62,3,stop,-4.25,-1112.0,-0.222,0.19096,-0.006088,-0.1204,OOS
2024-07-26 13:40:00,2024-07-26 13:45:00,2024-07-26 14:05:00,NY   21-03JST,LONG,Q10+ac<0,167.0735,167.2095,166.895,2.8,4,stop,13.6,3810.0,0.762,0.1785,-0.006749,-0.1325,OOS
2024-07-26 13:45:00,2024-07-26 13:50:00,2024-07-26 14:05:00,NY   21-03JST,LONG,Q10+ac<0,167.141,167.21032,166.96332,2.81,3,stop,6.93,1951.0,0.39,0.17768,-0.006181,-0.1199,OOS
2024-07-26 13:55:00,2024-07-26 14:00:00,2024-07-26 14:10:00,NY   21-03JST,LONG,Q10+ac<0,167.146,167.21496,166.97196,2.87,2,stop,6.9,1981.0,0.396,0.17404,-0.006101,-0.1194,OOS
2024-07-26 14:05:00,2024-07-26 14:10:00,2024-07-26 14:15:00,NY   21-03JST,LONG,Q10+ac<0,167.102,166.90232,166.90482,2.54,1,stop,-19.97,-5063.0,-1.013,0.19718,-0.005594,-0.5549,OOS
2024-07-26 14:15:00,2024-07-26 14:20:00,2024-07-26 14:30:00,NY   21-03JST,LONG,Q10+ac<0,166.6715,166.59239,166.43939,2.15,2,stop,-7.91,-1704.0,-0.341,0.23211,-0.009672,-0.5887,OOS
2024-07-26 14:20:00,2024-07-26 14:25:00,2024-07-26 14:35:00,NY   21-03JST,LONG,Q10+ac<0,166.708,166.55629,166.47579,2.15,2,stop,-15.17,-3267.0,-0.653,0.23221,-0.009396,-0.4593,OOS
2024-07-26 14:25:00,2024-07-26 14:30:00,2024-07-26 14:35:00,NY   21-03JST,LONG,Q10+ac<0,166.7455,166.51064,166.51314,2.15,1,stop,-23.49,-5054.0,-1.011,0.23236,-0.007149,-0.4463,OOS
2024-07-26 14:30:00,2024-07-26 14:35:00,2024-07-26 14:45:00,NY   21-03JST,LONG,Q10+ac<0,166.544,166.38732,166.30282,2.07,2,stop,-15.67,-3248.0,-0.65,0.24118,-0.007884,-0.4567,OOS
2024-07-26 14:35:00,2024-07-26 14:40:00,2024-07-26 18:40:00,NY   21-03JST,LONG,Q10+ac<0,166.514,166.96,166.26725,2.03,48,time,44.6,9037.0,1.807,0.24675,-0.00793,-0.4466,OOS
2024-07-26 14:40:00,2024-07-26 14:45:00,2024-07-26 18:45:00,NY   21-03JST,LONG,Q10+ac<0,166.489,167.0085,166.24293,2.03,48,time,51.95,10556.0,2.111,0.24607,-0.008236,-0.4679,OOS
2024-07-26 14:45:00,2024-07-26 14:50:00,2024-07-26 18:50:00,NY   21-03JST,LONG,Q10+ac<0,166.4965,166.9535,166.25343,2.06,48,time,45.7,9401.0,1.88,0.24307,-0.00822,-0.494,OOS
2024-07-26 14:50:00,2024-07-26 14:55:00,2024-07-26 18:55:00,NY   21-03JST,LONG,Q10+ac<0,166.661,166.88175,166.40775,1.97,48,stop,22.07,4358.0,0.872,0.25325,-0.007368,-0.4468,OOS
2024-07-26 14:55:00,2024-07-26 15:00:00,2024-07-26 18:55:00,NY   21-03JST,LONG,Q10+ac<0,166.6465,166.88375,166.39525,1.99,47,stop,23.72,4721.0,0.944,0.25125,-0.006528,-0.4631,OOS
2024-07-29 02:05:00,2024-07-29 02:10:00,2024-07-29 02:15:00,NY   21-03JST,LONG,Q10+ac<0,166.737,166.59686,166.59936,3.63,1,stop,-14.01,-5091.0,-1.018,0.13764,-0.005899,-0.3212,OOS
2024-07-29 02:10:00,2024-07-29 02:15:00,2024-07-29 02:20:00,NY   21-03JST,LONG,Q10+ac<0,166.6485,166.51011,166.51261,3.68,1,stop,-13.84,-5092.0,-1.018,0.13589,-0.006194,-0.1521,OOS
2024-07-29 02:25:00,2024-07-29 02:30:00,2024-07-29 03:55:00,NY   21-03JST,LONG,Q10+ac<0,166.43,166.81711,166.28361,3.42,17,stop,38.71,13222.0,2.644,0.14639,-0.007427,-0.1193,OOS
2024-07-30 23:05:00,2024-07-30 23:10:00,2024-07-30 23:15:00,NY   21-03JST,LONG,Q10+ac<0,165.412,165.27711,165.27961,3.78,1,stop,-13.49,-5094.0,-1.019,0.13239,-0.008426,-0.117,OOS
2024-07-30 23:10:00,2024-07-30 23:15:00,2024-07-30 23:20:00,NY   21-03JST,LONG,Q10+ac<0,165.2865,165.14586,165.14836,3.62,1,stop,-14.06,-5090.0,-1.018,0.13814,-0.009313,-0.1272,OOS
2024-07-30 23:15:00,2024-07-30 23:20:00,2024-07-30 23:25:00,NY   21-03JST,LONG,Q10+ac<0,165.2665,165.12196,165.12446,3.52,1,stop,-14.45,-5088.0,-1.018,0.14204,-0.009405,-0.1372,OOS
2024-07-30 23:20:00,2024-07-30 23:25:00,2024-07-30 23:40:00,NY   21-03JST,LONG,Q10+ac<0,165.157,165.03757,165.00657,3.32,3,stop,-11.94,-3970.0,-0.794,0.15043,-0.0103,-0.1483,OOS
2024-07-30 23:25:00,2024-07-30 23:30:00,2024-07-30 23:40:00,NY   21-03JST,LONG,Q10+ac<0,165.159,165.01839,165.00489,3.24,2,stop,-14.06,-4562.0,-0.912,0.15411,-0.010478,-0.1605,OOS
2024-07-30 23:30:00,2024-07-30 23:35:00,2024-07-30 23:40:00,NY   21-03JST,LONG,Q10+ac<0,165.1735,165.0105,165.013,3.12,1,stop,-16.3,-5078.0,-1.016,0.1605,-0.010408,-0.1603,OOS
2024-07-30 23:35:00,2024-07-30 23:40:00,2024-07-30 23:45:00,NY   21-03JST,LONG,Q10+ac<0,165.0935,164.924,164.9265,2.99,1,stop,-16.95,-5075.0,-1.015,0.167,-0.01072,-0.1693,OOS
2024-07-30 23:40:00,2024-07-30 23:45:00,2024-07-31 00:15:00,NY   21-03JST,LONG,Q10+ac<0,165.0055,164.9905,164.828,2.82,6,stop,-1.5,-423.0,-0.085,0.1775,-0.011416,-0.1818,OOS
2024-07-30 23:45:00,2024-07-30 23:50:00,2024-07-31 00:15:00,NY   21-03JST,LONG,Q10+ac<0,165.035,164.98004,164.84704,2.66,5,stop,-5.5,-1462.0,-0.292,0.18796,-0.010972,-0.1898,OOS
2024-07-30 23:50:00,2024-07-30 23:55:00,2024-07-31 00:15:00,NY   21-03JST,LONG,Q10+ac<0,165.044,164.97421,164.85021,2.58,4,stop,-6.98,-1801.0,-0.36,0.19379,-0.01086,-0.184,OOS
2024-07-30 23:55:00,2024-07-31 00:00:00,2024-07-31 00:15:00,NY   21-03JST,LONG,Q10+ac<0,165.114,164.96757,164.91357,2.49,3,stop,-14.64,-3653.0,-0.731,0.20043,-0.010148,-0.3882,OOS
2024-07-31 00:50:00,2024-07-31 00:55:00,2024-07-31 01:05:00,NY   21-03JST,LONG,Q10+ac<0,164.869,164.74357,164.71807,3.31,2,stop,-12.54,-4155.0,-0.831,0.15093,-0.012874,-0.2163,OOS
2024-07-31 00:55:00,2024-07-31 01:00:00,2024-07-31 01:10:00,NY   21-03JST,LONG,Q10+ac<0,164.872,164.71832,164.72082,3.31,2,stop,-15.37,-5083.0,-1.017,0.15118,-0.012276,-0.1488,OOS
2024-07-31 01:05:00,2024-07-31 01:10:00,2024-07-31 01:30:00,NY   21-03JST,LONG,Q10+ac<0,164.749,164.71975,164.59775,3.31,4,stop,-2.93,-967.0,-0.193,0.15125,-0.005171,-0.1787,OOS
2024-07-31 07:50:00,2024-07-31 07:55:00,2024-07-31 08:15:00,欧州 15-21JST,SHORT,Q10+ac>0,163.1115,162.54186,163.44336,1.51,4,stop,56.96,8583.0,1.717,0.33186,-0.019151,0.3928,OOS
2024-07-31 20:50:00,2024-07-31 20:55:00,2024-07-31 21:05:00,NY   21-03JST,LONG,Q10+ac<0,162.427,162.2975,162.3,3.94,1,stop,-12.95,-5098.0,-1.02,0.127,-0.004876,-0.172,OOS
2024-08-01 00:55:00,2024-08-01 01:00:00,2024-08-01 01:05:00,NY   21-03JST,LONG,Q10+ac<0,161.8085,161.60229,161.60479,2.45,1,stop,-20.62,-5061.0,-1.012,0.20371,-0.005667,-0.3525,OOS
2024-08-01 01:00:00,2024-08-01 01:05:00,2024-08-01 01:10:00,NY   21-03JST,LONG,Q10+ac<0,161.773,161.56861,161.57111,2.48,1,stop,-20.44,-5062.0,-1.012,0.20189,-0.007244,-0.2765,OOS
2024-08-01 01:05:00,2024-08-01 01:10:00,2024-08-01 01:15:00,NY   21-03JST,LONG,Q10+ac<0,161.629,161.41557,161.41807,2.37,1,stop,-21.34,-5059.0,-1.012,0.21093,-0.007579,-0.4539,OOS
2024-08-01 01:10:00,2024-08-01 01:15:00,2024-08-01 01:20:00,NY   21-03JST,LONG,Q10+ac<0,161.492,161.28325,161.28575,2.42,1,stop,-20.88,-5061.0,-1.012,0.20625,-0.00872,-0.2029,OOS
2024-08-01 01:20:00,2024-08-01 01:25:00,2024-08-01 01:30:00,NY   21-03JST,LONG,Q10+ac<0,161.4555,161.25043,161.25293,2.47,1,stop,-20.51,-5062.0,-1.012,0.20257,-0.007898,-0.2355,OOS
2024-08-01 01:25:00,2024-08-01 01:30:00,2024-08-01 01:35:00,NY   21-03JST,LONG,Q10+ac<0,161.223,161.02068,161.02318,2.5,1,stop,-20.23,-5063.0,-1.013,0.19982,-0.008952,-0.5987,OOS
2024-08-01 01:30:00,2024-08-01 01:35:00,2024-08-01 01:40:00,NY   21-03JST,LONG,Q10+ac<0,161.132,160.93557,160.93807,2.58,1,stop,-19.64,-5064.0,-1.013,0.19393,-0.009982,-0.4931,OOS
2024-08-01 01:35:00,2024-08-01 01:40:00,2024-08-01 02:20:00,NY   21-03JST,LONG,Q10+ac<0,160.943,161.57921,160.74471,2.52,8,stop,63.62,16043.0,3.209,0.19829,-0.011894,-0.4371,OOS
2024-08-01 01:40:00,2024-08-01 01:45:00,2024-08-01 02:20:00,NY   21-03JST,LONG,Q10+ac<0,161.152,161.56782,160.94232,2.38,7,stop,41.58,9916.0,1.983,0.20968,-0.009675,-0.5427,OOS
2024-08-01 08:05:00,2024-08-01 08:10:00,2024-08-01 08:20:00,欧州 15-21JST,SHORT,Q10+ac>0,161.3,161.39739,161.48539,2.7,2,stop,-9.74,-2627.0,-0.525,0.18539,-0.005573,0.5173,OOS
2024-08-01 08:15:00,2024-08-01 08:20:00,2024-08-01 08:25:00,欧州 15-21JST,SHORT,Q10+ac>0,161.4115,161.60068,161.59818,2.68,1,stop,-18.92,-5067.0,-1.013,0.18668,-0.005854,0.2923,OOS
2024-08-01 08:20:00,2024-08-01 08:25:00,2024-08-01 08:30:00,欧州 15-21JST,SHORT,Q10+ac>0,161.361,161.54725,161.54475,2.72,1,stop,-18.63,-5068.0,-1.014,0.18375,-0.006154,0.3016,OOS
2024-08-01 08:30:00,2024-08-01 08:35:00,2024-08-01 09:00:00,欧州 15-21JST,SHORT,Q10+ac>0,161.5805,161.50414,161.77114,2.62,5,stop,7.64,2003.0,0.401,0.19064,-0.005364,0.2,OOS
2024-08-01 08:35:00,2024-08-01 08:40:00,2024-08-01 09:10:00,欧州 15-21JST,SHORT,Q10+ac>0,161.6965,161.49018,161.89268,2.55,6,stop,20.63,5259.0,1.052,0.19618,-0.005206,0.2631,OOS
2024-08-01 08:40:00,2024-08-01 08:45:00,2024-08-01 09:10:00,欧州 15-21JST,SHORT,Q10+ac>0,161.676,161.48886,161.87086,2.57,5,stop,18.71,4802.0,0.96,0.19486,-0.004999,0.2647,OOS
2024-08-01 08:45:00,2024-08-01 08:50:00,2024-08-01 09:10:00,欧州 15-21JST,SHORT,Q10+ac>0,161.418,161.49739,161.62139,2.46,4,stop,-7.94,-1952.0,-0.39,0.20339,-0.006305,0.2329,OOS
2024-08-01 08:50:00,2024-08-01 08:55:00,2024-08-01 09:10:00,欧州 15-21JST,SHORT,Q10+ac>0,161.3275,161.49575,161.52925,2.48,3,stop,-16.83,-4170.0,-0.834,0.20175,-0.007165,0.2344,OOS
2024-08-01 08:55:00,2024-08-01 09:00:00,2024-08-01 09:10:00,欧州 15-21JST,SHORT,Q10+ac>0,161.437,161.49607,161.63907,2.47,2,stop,-5.91,-1462.0,-0.292,0.20207,-0.005869,0.1811,OOS
2024-08-01 14:45:00,2024-08-01 14:50:00,2024-08-01 15:00:00,NY   21-03JST,LONG,Q10+ac<0,161.8155,161.96496,161.64696,2.97,2,stop,14.95,4434.0,0.887,0.16854,-0.005697,-0.2064,OOS
2024-08-01 15:05:00,2024-08-01 15:10:00,2024-08-01 15:45:00,NY   21-03JST,LONG,Q10+ac<0,161.8115,161.85725,161.62425,2.67,7,stop,4.57,1222.0,0.244,0.18725,-0.005004,-0.1012,OOS
2024-08-01 15:40:00,2024-08-01 15:45:00,2024-08-01 16:15:00,NY   21-03JST,LONG,Q10+ac<0,161.8645,161.85139,161.68539,2.79,6,stop,-1.31,-366.0,-0.073,0.17911,-0.004995,-0.3871,OOS
2024-08-02 07:05:00,2024-08-02 07:10:00,2024-08-02 07:15:00,欧州 15-21JST,SHORT,Q10+ac>0,160.4295,160.60686,160.60436,2.86,1,stop,-17.74,-5071.0,-1.014,0.17486,-0.005578,0.3606,OOS
2024-08-02 12:35:00,2024-08-02 12:40:00,2024-08-02 13:20:00,NY   21-03JST,LONG,Q10+ac<0,160.051,161.16636,159.79486,1.95,8,stop,111.54,21772.0,4.354,0.25614,-0.007658,-0.2367,OOS
2024-08-02 12:40:00,2024-08-02 12:45:00,2024-08-02 13:20:00,NY   21-03JST,LONG,Q10+ac<0,160.017,161.14875,159.74325,1.83,7,stop,113.18,20671.0,4.134,0.27375,-0.007863,-0.2227,OOS
2024-08-02 12:45:00,2024-08-02 12:50:00,2024-08-02 13:20:00,NY   21-03JST,LONG,Q10+ac<0,160.2325,161.12064,159.93064,1.66,6,stop,88.81,14711.0,2.942,0.30186,-0.007317,-0.2108,OOS
2024-08-02 12:50:00,2024-08-02 12:55:00,2024-08-02 13:20:00,NY   21-03JST,LONG,Q10+ac<0,160.4195,161.10357,160.10057,1.57,5,stop,68.41,10725.0,2.145,0.31893,-0.006369,-0.1721,OOS
2024-08-02 13:25:00,2024-08-02 13:30:00,2024-08-02 13:35:00,NY   21-03JST,LONG,Q10+ac<0,160.8735,160.47164,160.47414,1.25,1,stop,-40.19,-5031.0,-1.006,0.39936,-0.004944,-0.2626,OOS
2024-08-02 14:10:00,2024-08-02 14:15:00,2024-08-02 14:40:00,NY   21-03JST,LONG,Q10+ac<0,160.1995,160.21482,159.89682,1.65,5,stop,1.53,253.0,0.051,0.30268,-0.009519,-0.2558,OOS
2024-08-02 14:15:00,2024-08-02 14:20:00,2024-08-02 14:40:00,NY   21-03JST,LONG,Q10+ac<0,160.307,160.22261,160.01211,1.7,4,stop,-8.44,-1431.0,-0.286,0.29489,-0.00908,-0.211,OOS
2024-08-02 14:20:00,2024-08-02 14:25:00,2024-08-02 14:40:00,NY   21-03JST,LONG,Q10+ac<0,160.2335,160.22779,159.94379,1.73,3,stop,-0.57,-99.0,-0.02,0.28971,-0.010205,-0.2539,OOS
2024-08-02 14:25:00,2024-08-02 14:30:00,2024-08-02 14:40:00,NY   21-03JST,LONG,Q10+ac<0,160.3935,160.10736,160.10986,1.76,2,stop,-28.61,-5044.0,-1.009,0.28364,-0.008783,-0.4934,OOS
2024-08-02 15:05:00,2024-08-02 15:10:00,2024-08-02 15:25:00,NY   21-03JST,LONG,Q10+ac<0,160.1395,159.92918,159.88518,1.97,3,stop,-21.03,-4135.0,-0.827,0.25432,-0.005632,-0.5762,OOS
2024-08-02 15:10:00,2024-08-02 15:15:00,2024-08-02 15:25:00,NY   21-03JST,LONG,Q10+ac<0,160.091,159.94093,159.85943,2.16,2,stop,-15.01,-3240.0,-0.648,0.23157,-0.007017,-0.4453,OOS
2024-08-02 15:15:00,2024-08-02 15:20:00,2024-08-02 15:25:00,NY   21-03JST,LONG,Q10+ac<0,160.109,159.87825,159.88075,2.19,1,stop,-23.08,-5055.0,-1.011,0.22825,-0.007429,-0.429,OOS
2024-08-02 15:20:00,2024-08-02 15:25:00,2024-08-02 15:30:00,NY   21-03JST,LONG,Q10+ac<0,160.1465,159.92236,159.92486,2.26,1,stop,-22.41,-5056.0,-1.011,0.22164,-0.005674,-0.3958,OOS
2024-08-02 15:25:00,2024-08-02 15:30:00,2024-08-02 16:10:00,NY   21-03JST,LONG,Q10+ac<0,160.026,160.59011,159.80561,2.27,8,stop,56.41,12798.0,2.56,0.22039,-0.005542,-0.4456,OOS
2024-08-04 23:45:00,2024-08-04 23:50:00,2024-08-04 23:55:00,NY   21-03JST,LONG,Q10+ac<0,158.9975,158.81218,158.81468,2.73,1,stop,-18.53,-5068.0,-1.014,0.18282,-0.007212,-0.1501,OOS
2024-08-05 00:10:00,2024-08-05 00:15:00,2024-08-05 00:25:00,NY   21-03JST,LONG,Q10+ac<0,158.6435,158.66586,158.39036,1.98,2,stop,2.24,442.0,0.088,0.25314,-0.007592,-0.1608,OOS
2024-08-05 00:15:00,2024-08-05 00:20:00,2024-08-05 00:30:00,NY   21-03JST,LONG,Q10+ac<0,158.6065,158.75136,158.34486,1.91,2,stop,14.49,2768.0,0.554,0.26164,-0.007666,-0.1337,OOS
2024-08-05 00:20:00,2024-08-05 00:25:00,2024-08-05 00:35:00,NY   21-03JST,LONG,Q10+ac<0,158.663,158.87357,158.39707,1.88,2,stop,21.06,3959.0,0.792,0.26593,-0.006103,-0.1264,OOS
2024-08-05 00:30:00,2024-08-05 00:35:00,2024-08-05 00:50:00,NY   21-03JST,LONG,Q10+ac<0,158.7765,158.73607,158.47057,1.63,3,stop,-4.04,-661.0,-0.132,0.30593,-0.007163,-0.1357,OOS
2024-08-05 00:40:00,2024-08-05 00:45:00,2024-08-05 00:50:00,NY   21-03JST,LONG,Q10+ac<0,158.9685,158.66386,158.66636,1.65,1,stop,-30.46,-5041.0,-1.008,0.30214,-0.004851,-0.165,OOS
2024-08-05 00:45:00,2024-08-05 00:50:00,2024-08-05 01:00:00,NY   21-03JST,LONG,Q10+ac<0,158.7685,158.73914,158.46014,1.62,2,stop,-2.94,-476.0,-0.095,0.30836,-0.007214,-0.2385,OOS
2024-08-05 00:50:00,2024-08-05 00:55:00,2024-08-05 01:05:00,NY   21-03JST,LONG,Q10+ac<0,158.6435,158.59821,158.31771,1.53,2,stop,-4.53,-695.0,-0.139,0.32579,-0.00767,-0.1863,OOS
2024-08-05 01:00:00,2024-08-05 01:05:00,2024-08-05 01:10:00,NY   21-03JST,LONG,Q10+ac<0,158.5325,158.20136,158.20386,1.52,1,stop,-33.11,-5038.0,-1.008,0.32864,-0.006895,-0.3872,OOS
2024-08-05 01:05:00,2024-08-05 01:10:00,2024-08-05 01:40:00,NY   21-03JST,LONG,Q10+ac<0,158.261,158.31957,157.91557,1.45,6,stop,5.86,848.0,0.17,0.34543,-0.008952,-0.1456,OOS
2024-08-05 01:10:00,2024-08-05 01:15:00,2024-08-05 01:40:00,NY   21-03JST,LONG,Q10+ac<0,158.1425,158.31929,157.79679,1.45,5,stop,17.68,2557.0,0.511,0.34571,-0.009683,-0.1421,OOS
2024-08-05 01:15:00,2024-08-05 01:20:00,2024-08-05 01:40:00,NY   21-03JST,LONG,Q10+ac<0,158.3765,158.31214,158.02364,1.42,4,stop,-6.44,-912.0,-0.182,0.35286,-0.007667,-0.1719,OOS
2024-08-05 01:20:00,2024-08-05 01:25:00,2024-08-05 01:40:00,NY   21-03JST,LONG,Q10+ac<0,158.471,158.33736,158.14336,1.53,3,stop,-13.36,-2039.0,-0.408,0.32764,-0.005676,-0.1936,OOS
2024-08-05 17:55:00,2024-08-05 18:00:00,2024-08-05 18:40:00,NY   21-03JST,LONG,Q10+ac<0,157.751,157.52736,157.36136,1.28,8,stop,-22.36,-2870.0,-0.574,0.38964,-0.005833,-0.342,OOS
2024-08-05 19:00:00,2024-08-05 19:05:00,2024-08-05 19:10:00,NY   21-03JST,LONG,Q10+ac<0,157.5055,157.29096,157.29346,2.36,1,stop,-21.45,-5059.0,-1.012,0.21204,-0.00543,-0.7012,OOS
2024-08-05 19:05:00,2024-08-05 19:10:00,2024-08-05 19:50:00,NY   21-03JST,LONG,Q10+ac<0,157.348,157.37575,157.14125,2.42,8,stop,2.77,671.0,0.134,0.20675,-0.005305,-0.6057,OOS
2024-08-05 19:10:00,2024-08-05 19:15:00,2024-08-05 19:50:00,NY   21-03JST,LONG,Q10+ac<0,157.1925,157.37711,156.98711,2.43,7,stop,18.46,4494.0,0.899,0.20539,-0.006013,-0.5124,OOS
2024-08-05 19:15:00,2024-08-05 19:20:00,2024-08-05 19:50:00,NY   21-03JST,LONG,Q10+ac<0,157.2865,157.37507,157.07907,2.41,6,stop,8.86,2135.0,0.427,0.20743,-0.005416,-0.5516,OOS
2024-08-05 19:20:00,2024-08-05 19:25:00,2024-08-05 19:50:00,NY   21-03JST,LONG,Q10+ac<0,157.456,157.37893,157.25243,2.46,5,stop,-7.71,-1893.0,-0.379,0.20357,-0.005417,-0.4466,OOS
2024-08-05 19:25:00,2024-08-05 19:30:00,2024-08-05 22:00:00,NY   21-03JST,LONG,Q10+ac<0,157.4735,157.78832,157.27282,2.49,22,stop,31.48,7844.0,1.569,0.20068,-0.004888,-0.3721,OOS
2024-08-05 19:30:00,2024-08-05 19:35:00,2024-08-05 22:00:00,NY   21-03JST,LONG,Q10+ac<0,157.4735,157.78668,157.27118,2.47,21,stop,31.32,7740.0,1.548,0.20232,-0.006004,-0.399,OOS
2024-08-05 19:35:00,2024-08-05 19:40:00,2024-08-05 22:00:00,NY   21-03JST,LONG,Q10+ac<0,157.4525,157.78946,157.25296,2.51,20,stop,33.7,8444.0,1.689,0.19954,-0.005275,-0.453,OOS
2024-08-06 07:45:00,2024-08-06 07:50:00,2024-08-06 08:20:00,欧州 15-21JST,SHORT,Q10+ac>0,158.7565,158.23593,159.04943,1.71,6,stop,52.06,8886.0,1.777,0.29293,-0.005695,0.136,OOS
2024-08-06 07:50:00,2024-08-06 07:55:00,2024-08-06 08:20:00,欧州 15-21JST,SHORT,Q10+ac>0,158.6735,158.22982,158.96032,1.74,5,stop,44.37,7734.0,1.547,0.28682,-0.005289,0.2004,OOS
2024-08-06 07:55:00,2024-08-06 08:00:00,2024-08-06 08:20:00,欧州 15-21JST,SHORT,Q10+ac>0,158.757,158.228,159.042,1.75,4,stop,52.9,9281.0,1.856,0.285,-0.00678,0.1551,OOS
2024-08-06 08:05:00,2024-08-06 08:10:00,2024-08-06 08:20:00,欧州 15-21JST,SHORT,Q10+ac>0,158.3835,158.233,158.6735,1.72,2,stop,15.05,2595.0,0.519,0.29,-0.009342,0.2031,OOS
2024-08-06 08:10:00,2024-08-06 08:15:00,2024-08-06 08:25:00,欧州 15-21JST,SHORT,Q10+ac>0,158.115,158.17421,158.40621,1.72,2,stop,-5.92,-1017.0,-0.203,0.29121,-0.012583,0.2954,OOS
2024-08-06 08:15:00,2024-08-06 08:20:00,2024-08-06 08:25:00,欧州 15-21JST,SHORT,Q10+ac>0,157.998,158.28482,158.28232,1.76,1,stop,-28.68,-5044.0,-1.009,0.28432,-0.014149,0.2699,OOS
2024-08-06 08:20:00,2024-08-06 08:25:00,2024-08-06 08:30:00,欧州 15-21JST,SHORT,Q10+ac>0,158.221,158.51679,158.51429,1.7,1,stop,-29.58,-5043.0,-1.009,0.29329,-0.012274,0.1621,OOS
2024-08-06 08:25:00,2024-08-06 08:30:00,2024-08-06 08:35:00,欧州 15-21JST,SHORT,Q10+ac>0,158.4105,158.70725,158.70475,1.7,1,stop,-29.68,-5042.0,-1.008,0.29425,-0.009247,0.4426,OOS
2024-08-06 08:30:00,2024-08-06 08:35:00,2024-08-06 08:45:00,欧州 15-21JST,SHORT,Q10+ac>0,158.5315,158.53868,158.82918,1.68,2,stop,-0.72,-121.0,-0.024,0.29768,-0.00743,0.6173,OOS
2024-08-06 08:35:00,2024-08-06 08:40:00,2024-08-06 08:50:00,欧州 15-21JST,SHORT,Q10+ac>0,158.393,158.49668,158.68768,1.7,2,stop,-10.37,-1759.0,-0.352,0.29468,-0.00801,0.4836,OOS
2024-08-06 08:40:00,2024-08-06 08:45:00,2024-08-06 08:50:00,欧州 15-21JST,SHORT,Q10+ac>0,158.308,158.60232,158.59982,1.71,1,stop,-29.43,-5043.0,-1.009,0.29182,-0.007655,0.4605,OOS
2024-08-06 08:45:00,2024-08-06 08:50:00,2024-08-06 09:20:00,欧州 15-21JST,SHORT,Q10+ac>0,158.5125,158.03543,158.80243,1.72,6,stop,47.71,8227.0,1.645,0.28993,-0.006195,0.3803,OOS
2024-08-06 08:55:00,2024-08-06 09:00:00,2024-08-06 09:20:00,欧州 15-21JST,SHORT,Q10+ac>0,158.371,158.02957,158.65507,1.76,4,stop,34.14,6010.0,1.202,0.28407,-0.007058,0.3998,OOS
2024-08-06 09:00:00,2024-08-06 09:05:00,2024-08-06 09:20:00,欧州 15-21JST,SHORT,Q10+ac>0,157.9225,158.04729,158.22429,1.66,3,stop,-12.48,-2067.0,-0.413,0.30179,-0.011065,0.4692,OOS
2024-08-06 09:05:00,2024-08-06 09:10:00,2024-08-06 09:20:00,欧州 15-21JST,SHORT,Q10+ac>0,157.9785,158.16332,158.28532,1.63,2,stop,-18.48,-3012.0,-0.602,0.30682,-0.012337,0.2544,OOS
2024-08-06 09:10:00,2024-08-06 09:15:00,2024-08-06 09:40:00,欧州 15-21JST,SHORT,Q10+ac>0,157.945,158.04125,158.25825,1.6,5,stop,-9.63,-1536.0,-0.307,0.31325,-0.011107,0.2085,OOS
2024-08-06 09:15:00,2024-08-06 09:20:00,2024-08-06 09:40:00,欧州 15-21JST,SHORT,Q10+ac>0,157.9605,158.02696,158.25946,1.67,4,stop,-6.65,-1112.0,-0.222,0.29896,-0.010532,0.2859,OOS
2024-08-06 09:20:00,2024-08-06 09:25:00,2024-08-06 09:40:00,欧州 15-21JST,SHORT,Q10+ac>0,158.0655,158.01454,158.35204,1.74,3,stop,5.1,889.0,0.178,0.28654,-0.009173,0.1873,OOS
2024-08-06 09:25:00,2024-08-06 09:30:00,2024-08-06 09:40:00,欧州 15-21JST,SHORT,Q10+ac>0,158.13,158.00032,158.40232,1.84,2,stop,12.97,2381.0,0.476,0.27232,-0.010394,0.1332,OOS
2024-08-06 09:30:00,2024-08-06 09:35:00,2024-08-06 09:45:00,欧州 15-21JST,SHORT,Q10+ac>0,157.8955,158.01268,158.16468,1.86,2,stop,-11.72,-2177.0,-0.435,0.26918,-0.011508,0.1233,OOS
2024-08-06 09:35:00,2024-08-06 09:40:00,2024-08-06 09:45:00,欧州 15-21JST,SHORT,Q10+ac>0,157.7985,158.06625,158.06375,1.89,1,stop,-26.78,-5047.0,-1.009,0.26525,-0.009481,0.1351,OOS
2024-08-06 09:40:00,2024-08-06 09:45:00,2024-08-06 10:15:00,欧州 15-21JST,SHORT,Q10+ac>0,158.0445,157.79989,158.31539,1.85,6,stop,24.46,4515.0,0.903,0.27089,-0.005881,0.1145,OOS
2024-08-06 09:50:00,2024-08-06 09:55:00,2024-08-06 10:15:00,欧州 15-21JST,SHORT,Q10+ac>0,157.8885,157.78821,158.14771,1.93,4,stop,10.03,1934.0,0.387,0.25921,-0.0053,0.1002,OOS
2024-08-06 13:15:00,2024-08-06 13:20:00,2024-08-06 13:25:00,NY   21-03JST,LONG,Q10+ac<0,157.7215,157.47975,157.48225,2.09,1,stop,-24.17,-5052.0,-1.01,0.23925,-0.004995,-0.1822,OOS
2024-08-06 13:20:00,2024-08-06 13:25:00,2024-08-06 13:35:00,NY   21-03JST,LONG,Q10+ac<0,157.3585,157.60407,157.10007,1.93,2,stop,24.56,4751.0,0.95,0.25843,-0.008291,-0.275,OOS
2024-08-06 13:25:00,2024-08-06 13:30:00,2024-08-06 13:40:00,NY   21-03JST,LONG,Q10+ac<0,157.5035,157.52975,157.24375,1.92,2,stop,2.63,505.0,0.101,0.25975,-0.008433,-0.5234,OOS
2024-08-06 13:30:00,2024-08-06 13:35:00,2024-08-06 13:40:00,NY   21-03JST,LONG,Q10+ac<0,157.7905,157.50993,157.51243,1.8,1,stop,-28.06,-5045.0,-1.009,0.27807,-0.005431,-0.2107,OOS
2024-08-06 13:35:00,2024-08-06 13:40:00,2024-08-06 13:45:00,NY   21-03JST,LONG,Q10+ac<0,157.6495,157.37489,157.37739,1.84,1,stop,-27.46,-5046.0,-1.009,0.27211,-0.005647,-0.2754,OOS
2024-08-06 13:40:00,2024-08-06 13:45:00,2024-08-06 14:00:00,NY   21-03JST,LONG,Q10+ac<0,157.553,157.56993,157.28143,1.84,3,stop,1.69,312.0,0.062,0.27157,-0.005075,-0.2319,OOS
2024-08-06 13:45:00,2024-08-06 13:50:00,2024-08-06 14:00:00,NY   21-03JST,LONG,Q10+ac<0,157.62,157.54768,157.34818,1.84,2,stop,-7.23,-1330.0,-0.266,0.27182,-0.006172,-0.2183,OOS
2024-08-06 13:55:00,2024-08-06 14:00:00,2024-08-06 14:10:00,NY   21-03JST,LONG,Q10+ac<0,157.67,157.7315,157.395,1.82,2,stop,6.15,1118.0,0.224,0.275,-0.006549,-0.1961,OOS
2024-08-06 20:45:00,2024-08-06 20:50:00,2024-08-06 20:55:00,NY   21-03JST,LONG,Q10+ac<0,157.879,157.74236,157.74486,3.73,1,stop,-13.66,-5093.0,-1.019,0.13414,-0.005733,-0.1761,OOS
2024-08-07 06:10:00,2024-08-07 06:15:00,2024-08-07 06:25:00,欧州 15-21JST,SHORT,Q10+ac>0,160.113,160.40782,160.40532,1.71,2,stop,-29.48,-5043.0,-1.009,0.29232,-0.005714,0.2674,OOS
2024-08-07 06:20:00,2024-08-07 06:25:00,2024-08-07 06:40:00,欧州 15-21JST,SHORT,Q10+ac>0,160.154,160.12236,160.45336,1.67,3,stop,3.16,529.0,0.106,0.29936,-0.007947,0.1404,OOS
2024-08-07 07:25:00,2024-08-07 07:30:00,2024-08-07 07:35:00,欧州 15-21JST,SHORT,Q10+ac>0,159.6965,159.98479,159.98229,1.75,1,stop,-28.83,-5044.0,-1.009,0.28579,-0.010248,0.3494,OOS
2024-08-07 07:30:00,2024-08-07 07:35:00,2024-08-07 07:40:00,欧州 15-21JST,SHORT,Q10+ac>0,159.8235,160.11011,160.10761,1.76,1,stop,-28.66,-5044.0,-1.009,0.28411,-0.010284,0.2374,OOS
2024-08-07 07:35:00,2024-08-07 07:40:00,2024-08-07 07:45:00,欧州 15-21JST,SHORT,Q10+ac>0,159.964,160.23961,160.23711,1.83,1,stop,-27.56,-5046.0,-1.009,0.27311,-0.007298,0.3236,OOS
2024-08-08 08:05:00,2024-08-08 08:10:00,2024-08-08 08:15:00,欧州 15-21JST,SHORT,Q10+ac>0,159.5195,159.693,159.6905,2.92,1,stop,-17.35,-5073.0,-1.015,0.171,-0.005791,0.4197,OOS
2024-08-08 08:10:00,2024-08-08 08:15:00,2024-08-08 08:35:00,欧州 15-21JST,SHORT,Q10+ac>0,159.7115,159.62604,159.88654,2.86,4,stop,8.55,2441.0,0.488,0.17504,-0.005398,0.3699,OOS
2024-08-08 08:15:00,2024-08-08 08:20:00,2024-08-08 08:35:00,欧州 15-21JST,SHORT,Q10+ac>0,159.6785,159.62168,159.84918,2.93,3,stop,5.68,1665.0,0.333,0.17068,-0.005801,0.3343,OOS
2024-08-08 08:20:00,2024-08-08 08:25:00,2024-08-08 08:35:00,欧州 15-21JST,SHORT,Q10+ac>0,159.5665,159.62546,159.74096,2.87,2,stop,-5.9,-1690.0,-0.338,0.17446,-0.007403,0.3275,OOS
2024-08-08 08:25:00,2024-08-08 08:30:00,2024-08-08 08:35:00,欧州 15-21JST,SHORT,Q10+ac>0,159.518,159.69686,159.69436,2.84,1,stop,-17.89,-5071.0,-1.014,0.17636,-0.006691,0.3207,OOS
2024-08-08 09:45:00,2024-08-08 09:50:00,2024-08-08 09:55:00,欧州 15-21JST,SHORT,Q10+ac>0,159.587,159.73554,159.73304,3.42,1,stop,-14.85,-5086.0,-1.017,0.14604,-0.005103,0.3733,OOS
2024-08-09 04:55:00,2024-08-09 05:00:00,2024-08-09 05:05:00,NY   21-03JST,LONG,Q10+ac<0,160.4155,160.29982,160.30232,4.42,1,stop,-11.57,-5110.0,-1.022,0.11318,-0.005153,-0.172,OOS
2024-08-09 05:05:00,2024-08-09 05:10:00,2024-08-09 05:40:00,NY   21-03JST,LONG,Q10+ac<0,160.3295,160.458,160.205,4.02,6,stop,12.85,5161.0,1.032,0.1245,-0.00542,-0.1315,OOS
2024-08-09 12:35:00,2024-08-09 12:40:00,2024-08-09 13:05:00,NY   21-03JST,LONG,Q10+ac<0,160.003,160.04843,159.85343,3.34,5,stop,4.54,1519.0,0.304,0.14957,-0.005469,-0.1819,OOS
2024-08-12 16:55:00,2024-08-12 17:00:00,2024-08-12 17:05:00,NY   21-03JST,LONG,Q10+ac<0,160.9565,160.86264,160.86514,5.47,1,stop,-9.39,-5137.0,-1.027,0.09136,-0.004923,-0.2045,OOS
2024-08-12 17:10:00,2024-08-12 17:15:00,2024-08-12 17:25:00,NY   21-03JST,LONG,Q10+ac<0,160.8585,160.88661,160.75161,4.68,2,stop,2.81,1315.0,0.263,0.10689,-0.004968,-0.2781,OOS
2024-08-14 02:05:00,2024-08-14 02:10:00,2024-08-14 02:15:00,NY   21-03JST,LONG,Q10+ac<0,161.2525,161.14289,161.14539,4.67,1,stop,-10.96,-5117.0,-1.023,0.10711,-0.004954,-0.1545,OOS
2024-08-14 15:05:00,2024-08-14 15:10:00,2024-08-14 16:20:00,NY   21-03JST,LONG,Q10+ac<0,161.819,161.81293,161.67443,3.46,14,stop,-0.61,-210.0,-0.042,0.14457,-0.00494,-0.3129,OOS
2024-08-14 15:10:00,2024-08-14 15:15:00,2024-08-14 16:20:00,NY   21-03JST,LONG,Q10+ac<0,161.803,161.81632,161.66182,3.54,13,stop,1.33,472.0,0.094,0.14118,-0.004939,-0.1752,OOS
2024-08-14 15:15:00,2024-08-14 15:20:00,2024-08-14 16:20:00,NY   21-03JST,LONG,Q10+ac<0,161.7485,161.82218,161.61318,3.69,12,stop,7.37,2722.0,0.544,0.13532,-0.00553,-0.4722,OOS
2024-08-14 15:20:00,2024-08-14 15:25:00,2024-08-14 16:20:00,NY   21-03JST,LONG,Q10+ac<0,161.732,161.83043,161.60493,3.93,11,stop,9.84,3873.0,0.775,0.12707,-0.005204,-0.5527,OOS
2024-08-16 12:00:00,2024-08-16 12:05:00,2024-08-16 12:25:00,NY   21-03JST,LONG,Q10+ac<0,162.6185,162.65161,162.50611,4.45,4,stop,3.31,1473.0,0.295,0.11239,-0.005053,-0.2604,OOS
2024-08-16 12:30:00,2024-08-16 12:35:00,2024-08-16 12:55:00,NY   21-03JST,LONG,Q10+ac<0,162.358,162.39496,162.22796,3.85,4,stop,3.7,1421.0,0.284,0.13004,-0.006212,-0.1823,OOS
2024-08-16 12:35:00,2024-08-16 12:40:00,2024-08-16 12:55:00,NY   21-03JST,LONG,Q10+ac<0,162.426,162.39304,162.29404,3.79,3,stop,-3.3,-1249.0,-0.25,0.13196,-0.006043,-0.3073,OOS
2024-08-16 12:40:00,2024-08-16 12:45:00,2024-08-16 12:55:00,NY   21-03JST,LONG,Q10+ac<0,162.471,162.39639,162.34239,3.89,2,stop,-7.46,-2901.0,-0.58,0.12861,-0.005304,-0.3025,OOS
2024-08-16 12:45:00,2024-08-16 12:50:00,2024-08-16 12:55:00,NY   21-03JST,LONG,Q10+ac<0,162.467,162.3375,162.34,3.94,1,stop,-12.95,-5098.0,-1.02,0.127,-0.005101,-0.2503,OOS
2024-08-16 12:50:00,2024-08-16 12:55:00,2024-08-16 13:00:00,NY   21-03JST,LONG,Q10+ac<0,162.456,162.3295,162.332,4.03,1,stop,-12.65,-5101.0,-1.02,0.124,-0.004929,-0.2338,OOS
2024-08-16 12:55:00,2024-08-16 13:00:00,2024-08-16 13:25:00,NY   21-03JST,LONG,Q10+ac<0,162.3675,162.50329,162.23929,3.9,5,stop,13.58,5295.0,1.059,0.12821,-0.005485,-0.2169,OOS
2024-08-19 05:45:00,2024-08-19 05:50:00,2024-08-19 05:55:00,NY   21-03JST,LONG,Q10+ac<0,161.0125,160.82032,160.82282,2.64,1,stop,-19.22,-5066.0,-1.013,0.18968,-0.005668,-0.1025,OOS
2024-08-20 01:00:00,2024-08-20 01:05:00,2024-08-20 01:45:00,NY   21-03JST,LONG,Q10+ac<0,161.8905,162.22125,161.71525,2.85,8,stop,33.08,9437.0,1.887,0.17525,-0.005422,-0.1246,OOS
2024-08-20 09:00:00,2024-08-20 09:05:00,2024-08-20 09:25:00,欧州 15-21JST,SHORT,Q10+ac>0,162.321,162.29157,162.44257,4.11,4,stop,2.94,1210.0,0.242,0.12157,-0.0049,0.19,OOS
2024-08-20 09:05:00,2024-08-20 09:10:00,2024-08-20 09:25:00,欧州 15-21JST,SHORT,Q10+ac>0,162.2945,162.28818,162.41268,4.23,3,stop,0.63,267.0,0.053,0.11818,-0.005393,0.1788,OOS
2024-08-21 14:50:00,2024-08-21 14:55:00,2024-08-21 18:00:00,NY   21-03JST,LONG,Q10+ac<0,161.8405,161.54746,161.54996,1.72,1,stop,-29.3,-5043.0,-1.009,0.29054,-0.005016,-0.3452,OOS
2024-08-21 18:00:00,2024-08-21 18:05:00,2024-08-22 01:35:00,NY   21-03JST,LONG,Q10+ac<0,161.632,162.22,161.30096,1.51,48,time,58.8,8881.0,1.776,0.33104,-0.007422,-0.4617,OOS
2024-08-21 18:05:00,2024-08-21 18:10:00,2024-08-22 01:40:00,NY   21-03JST,LONG,Q10+ac<0,161.5775,162.171,161.24775,1.52,48,time,59.35,8999.0,1.8,0.32975,-0.007674,-0.3238,OOS
2024-08-21 18:10:00,2024-08-21 18:15:00,2024-08-22 01:45:00,NY   21-03JST,LONG,Q10+ac<0,161.5365,162.2105,161.27371,1.9,48,time,67.4,12824.0,2.565,0.26279,-0.007872,-0.2063,OOS
2024-08-21 18:15:00,2024-08-21 18:20:00,2024-08-21 21:45:00,NY   21-03JST,LONG,Q10+ac<0,161.4925,161.77857,161.25607,2.11,35,stop,28.61,6050.0,1.21,0.23643,-0.008517,-0.2531,OOS
2024-08-21 18:20:00,2024-08-21 18:25:00,2024-08-21 21:45:00,NY   21-03JST,LONG,Q10+ac<0,161.414,161.80357,161.20257,2.36,34,stop,38.96,9213.0,1.843,0.21143,-0.009087,-0.2668,OOS
2024-08-21 18:25:00,2024-08-21 18:30:00,2024-08-21 21:40:00,NY   21-03JST,LONG,Q10+ac<0,161.4555,161.81946,161.25996,2.56,32,stop,36.4,9307.0,1.861,0.19554,-0.008707,-0.3082,OOS
2024-08-21 18:30:00,2024-08-21 18:35:00,2024-08-21 21:40:00,NY   21-03JST,LONG,Q10+ac<0,161.583,161.81914,161.38714,2.55,31,stop,23.61,6028.0,1.206,0.19586,-0.007657,-0.3568,OOS
2024-08-21 18:35:00,2024-08-21 18:40:00,2024-08-21 21:40:00,NY   21-03JST,LONG,Q10+ac<0,161.5895,161.8245,161.399,2.62,30,stop,23.5,6168.0,1.234,0.1905,-0.007111,-0.3077,OOS
2024-08-21 18:40:00,2024-08-21 18:45:00,2024-08-21 21:40:00,NY   21-03JST,LONG,Q10+ac<0,161.5945,161.84414,161.42364,2.93,29,stop,24.96,7306.0,1.461,0.17086,-0.007248,-0.2933,OOS
2024-08-21 18:45:00,2024-08-21 18:50:00,2024-08-21 21:40:00,NY   21-03JST,LONG,Q10+ac<0,161.6625,161.85104,161.49854,3.05,28,stop,18.85,5749.0,1.15,0.16396,-0.007155,-0.4032,OOS
2024-08-21 18:50:00,2024-08-21 18:55:00,2024-08-21 21:40:00,NY   21-03JST,LONG,Q10+ac<0,161.6825,161.85546,161.52296,3.13,27,stop,17.3,5421.0,1.084,0.15954,-0.00733,-0.2172,OOS
2024-08-21 19:15:00,2024-08-21 19:20:00,2024-08-21 21:30:00,NY   21-03JST,LONG,Q10+ac<0,161.5655,161.92129,161.47179,5.34,20,stop,35.58,18982.0,3.796,0.09371,-0.004971,-0.1162,OOS
2024-08-21 19:35:00,2024-08-21 19:40:00,2024-08-21 21:30:00,NY   21-03JST,LONG,Q10+ac<0,161.697,161.93129,161.61329,5.97,16,stop,23.43,13993.0,2.799,0.08371,-0.00553,-0.1836,OOS
2024-08-21 19:40:00,2024-08-21 19:45:00,2024-08-21 21:30:00,NY   21-03JST,LONG,Q10+ac<0,161.6825,161.93986,161.60736,6.65,15,stop,25.74,17125.0,3.425,0.07514,-0.005051,-0.1889,OOS
2024-08-23 01:55:00,2024-08-23 02:00:00,2024-08-23 02:05:00,NY   21-03JST,LONG,Q10+ac<0,161.8955,161.74457,161.74707,3.37,1,stop,-15.09,-5084.0,-1.017,0.14843,-0.005247,-0.444,OOS
2024-08-23 02:00:00,2024-08-23 02:05:00,2024-08-23 02:35:00,NY   21-03JST,LONG,Q10+ac<0,161.7515,161.89782,161.61182,3.58,6,stop,14.63,5238.0,1.048,0.13968,-0.006287,-0.1649,OOS
2024-08-23 02:05:00,2024-08-23 02:10:00,2024-08-23 02:40:00,NY   21-03JST,LONG,Q10+ac<0,161.9,161.89529,161.75779,3.52,6,stop,-0.47,-166.0,-0.033,0.14221,-0.005953,-0.3585,OOS
2024-08-26 00:50:00,2024-08-26 00:55:00,2024-08-26 13:00:00,NY   21-03JST,LONG,Q10+ac<0,160.7265,160.57654,160.57904,3.39,1,stop,-15.0,-5085.0,-1.017,0.14746,-0.00557,-0.5339,OOS
2024-08-26 13:05:00,2024-08-26 13:10:00,2024-08-27 07:40:00,NY   21-03JST,LONG,Q10+ac<0,160.6085,161.95664,160.44314,3.02,30,stop,134.81,40765.0,8.153,0.16536,-0.004966,-0.4151,OOS
2024-08-26 13:10:00,2024-08-26 13:15:00,2024-08-27 07:40:00,NY   21-03JST,LONG,Q10+ac<0,160.557,161.95968,160.39468,3.08,29,stop,140.27,43207.0,8.641,0.16232,-0.005757,-0.373,OOS
2024-08-26 13:15:00,2024-08-26 13:20:00,2024-08-26 14:35:00,NY   21-03JST,LONG,Q10+ac<0,160.6155,161.04525,160.46625,3.35,15,stop,42.98,14397.0,2.879,0.14925,-0.006302,-0.4474,OOS
2024-08-26 13:20:00,2024-08-26 13:25:00,2024-08-26 14:35:00,NY   21-03JST,LONG,Q10+ac<0,160.7455,161.04418,160.59518,3.33,14,stop,29.87,9935.0,1.987,0.15032,-0.00548,-0.2881,OOS
2024-08-29 08:00:00,2024-08-29 08:05:00,2024-08-29 08:30:00,欧州 15-21JST,SHORT,Q10+ac>0,160.457,160.16093,160.58643,3.86,5,stop,29.61,11438.0,2.288,0.12943,-0.005047,0.1415,OOS
2024-08-29 08:05:00,2024-08-29 08:10:00,2024-08-29 08:30:00,欧州 15-21JST,SHORT,Q10+ac>0,160.361,160.16696,160.49646,3.69,4,stop,19.4,7162.0,1.432,0.13546,-0.005227,0.1273,OOS
2024-08-29 08:10:00,2024-08-29 08:15:00,2024-08-29 08:30:00,欧州 15-21JST,SHORT,Q10+ac>0,160.395,160.16182,160.52532,3.84,3,stop,23.32,8946.0,1.789,0.13032,-0.005099,0.1131,OOS
2024-08-29 09:35:00,2024-08-29 09:40:00,2024-08-29 09:55:00,欧州 15-21JST,SHORT,Q10+ac>0,160.418,160.36486,160.52786,4.55,3,stop,5.31,2419.0,0.484,0.10986,-0.005907,0.1288,OOS
2024-08-29 09:40:00,2024-08-29 09:45:00,2024-08-29 09:55:00,欧州 15-21JST,SHORT,Q10+ac>0,160.3875,160.35846,160.49096,4.83,2,stop,2.9,1403.0,0.281,0.10346,-0.005995,0.1046,OOS
2024-09-03 08:05:00,2024-09-03 08:10:00,2024-09-03 08:40:00,欧州 15-21JST,SHORT,Q10+ac>0,161.2375,161.06118,161.36718,3.86,6,stop,17.63,6798.0,1.36,0.12968,-0.005156,0.1885,OOS
2024-09-03 08:10:00,2024-09-03 08:15:00,2024-09-03 08:40:00,欧州 15-21JST,SHORT,Q10+ac>0,161.1975,161.05393,161.31993,4.08,5,stop,14.36,5863.0,1.173,0.12243,-0.005029,0.1661,OOS
2024-09-03 08:15:00,2024-09-03 08:20:00,2024-09-03 08:40:00,欧州 15-21JST,SHORT,Q10+ac>0,161.114,161.06,161.2425,3.89,4,stop,5.4,2101.0,0.42,0.1285,-0.005196,0.1149,OOS
2024-09-03 09:20:00,2024-09-03 09:25:00,2024-09-03 09:45:00,欧州 15-21JST,SHORT,Q10+ac>0,161.011,161.08821,161.12621,4.34,4,stop,-7.72,-3351.0,-0.67,0.11521,-0.005466,0.2048,OOS
2024-09-03 09:30:00,2024-09-03 09:35:00,2024-09-03 09:45:00,欧州 15-21JST,SHORT,Q10+ac>0,160.988,161.10018,161.09768,4.56,2,stop,-11.22,-5114.0,-1.023,0.10968,-0.004911,0.1199,OOS
2024-09-03 13:45:00,2024-09-03 13:50:00,2024-09-03 14:00:00,NY   21-03JST,LONG,Q10+ac<0,160.673,160.78129,160.53029,3.5,2,stop,10.83,3794.0,0.759,0.14271,-0.00517,-0.1588,OOS
2024-09-03 14:20:00,2024-09-03 14:25:00,2024-09-03 14:55:00,NY   21-03JST,LONG,Q10+ac<0,160.592,160.53925,160.40925,2.74,6,stop,-5.28,-1443.0,-0.289,0.18275,-0.00569,-0.4472,OOS
2024-09-03 14:25:00,2024-09-03 14:30:00,2024-09-03 14:55:00,NY   21-03JST,LONG,Q10+ac<0,160.616,160.54,160.434,2.75,5,stop,-7.6,-2088.0,-0.418,0.182,-0.005216,-0.4362,OOS
2024-09-03 14:30:00,2024-09-03 14:35:00,2024-09-03 14:55:00,NY   21-03JST,LONG,Q10+ac<0,160.586,160.53879,160.40279,2.73,4,stop,-4.72,-1288.0,-0.258,0.18321,-0.005448,-0.4291,OOS
2024-09-03 14:35:00,2024-09-03 14:40:00,2024-09-03 14:55:00,NY   21-03JST,LONG,Q10+ac<0,160.5945,160.53979,160.41229,2.74,3,stop,-5.47,-1501.0,-0.3,0.18221,-0.004846,-0.4141,OOS
2024-09-04 14:10:00,2024-09-04 14:15:00,2024-09-04 14:25:00,NY   21-03JST,LONG,Q10+ac<0,159.6965,159.82932,159.55532,3.54,2,stop,13.28,4704.0,0.941,0.14118,-0.005036,-0.3245,OOS
2024-09-04 14:25:00,2024-09-04 14:30:00,2024-09-04 15:30:00,NY   21-03JST,LONG,Q10+ac<0,159.776,159.85371,159.61921,3.19,12,stop,7.77,2478.0,0.496,0.15679,-0.004879,-0.1781,OOS
2024-09-04 14:30:00,2024-09-04 14:35:00,2024-09-04 15:30:00,NY   21-03JST,LONG,Q10+ac<0,159.752,159.84811,159.58961,3.08,11,stop,9.61,2959.0,0.592,0.16239,-0.00492,-0.184,OOS
2024-09-06 07:55:00,2024-09-06 08:00:00,2024-09-06 08:10:00,欧州 15-21JST,SHORT,Q10+ac>0,158.427,158.61714,158.62314,2.55,2,stop,-19.01,-4847.0,-0.969,0.19614,-0.007063,0.5066,OOS
2024-09-06 08:00:00,2024-09-06 08:05:00,2024-09-06 09:05:00,欧州 15-21JST,SHORT,Q10+ac>0,158.4875,158.64532,158.67732,2.63,12,stop,-15.78,-4157.0,-0.831,0.18982,-0.005923,0.4367,OOS
2024-09-06 08:05:00,2024-09-06 08:10:00,2024-09-06 09:05:00,欧州 15-21JST,SHORT,Q10+ac>0,158.4935,158.64604,158.68404,2.62,11,stop,-15.25,-4003.0,-0.801,0.19054,-0.005312,0.24,OOS
2024-09-06 08:30:00,2024-09-06 08:35:00,2024-09-06 08:50:00,欧州 15-21JST,SHORT,Q10+ac>0,158.5345,158.56489,158.64389,4.57,3,stop,-3.04,-1389.0,-0.278,0.10939,-0.005378,0.2663,OOS
2024-09-06 08:40:00,2024-09-06 08:45:00,2024-09-06 09:05:00,欧州 15-21JST,SHORT,Q10+ac>0,158.4825,158.58718,158.59218,4.56,4,stop,-10.47,-4772.0,-0.954,0.10968,-0.005195,0.3154,OOS
2024-09-06 08:45:00,2024-09-06 08:50:00,2024-09-06 09:05:00,欧州 15-21JST,SHORT,Q10+ac>0,158.5335,158.58757,158.64107,4.65,3,stop,-5.41,-2513.0,-0.503,0.10757,-0.005499,0.3502,OOS
2024-09-09 04:25:00,2024-09-09 04:30:00,2024-09-09 05:45:00,NY   21-03JST,LONG,Q10+ac<0,158.2165,158.14621,157.88021,1.49,15,stop,-7.03,-1045.0,-0.209,0.33629,-0.005045,-0.2061,OOS
2024-09-09 05:20:00,2024-09-09 05:25:00,2024-09-09 05:30:00,NY   21-03JST,LONG,Q10+ac<0,158.3185,158.22746,158.22996,5.65,1,stop,-9.1,-5141.0,-1.028,0.08854,-0.004938,-0.1154,OOS
2024-09-09 05:45:00,2024-09-09 05:50:00,2024-09-09 06:05:00,NY   21-03JST,LONG,Q10+ac<0,158.122,158.18996,158.02796,5.32,3,stop,6.8,3614.0,0.723,0.09404,-0.005196,-0.1785,OOS
2024-09-09 05:50:00,2024-09-09 05:55:00,2024-09-09 06:05:00,NY   21-03JST,LONG,Q10+ac<0,158.157,158.18904,158.06204,5.27,2,stop,3.2,1687.0,0.337,0.09496,-0.006461,-0.225,OOS
2024-09-09 05:55:00,2024-09-09 06:00:00,2024-09-09 06:05:00,NY   21-03JST,LONG,Q10+ac<0,158.197,158.10136,158.10386,5.37,1,stop,-9.56,-5134.0,-1.027,0.09314,-0.005355,-0.1577,OOS
2024-09-09 13:10:00,2024-09-09 13:15:00,2024-09-09 13:25:00,NY   21-03JST,LONG,Q10+ac<0,157.9995,157.94132,157.89782,4.92,2,stop,-5.82,-2861.0,-0.572,0.10168,-0.005471,-0.1334,OOS
2024-09-09 13:20:00,2024-09-09 13:25:00,2024-09-09 13:35:00,NY   21-03JST,LONG,Q10+ac<0,157.939,157.95375,157.84325,5.22,2,stop,1.47,770.0,0.154,0.09575,-0.006111,-0.4899,OOS
2024-09-09 13:25:00,2024-09-09 13:30:00,2024-09-09 13:40:00,NY   21-03JST,LONG,Q10+ac<0,157.9,157.99332,157.80032,5.02,2,stop,9.33,4681.0,0.936,0.09968,-0.006881,-0.4287,OOS
2024-09-09 13:30:00,2024-09-09 13:35:00,2024-09-09 13:40:00,NY   21-03JST,LONG,Q10+ac<0,158.048,157.94225,157.94475,4.84,1,stop,-10.58,-5121.0,-1.024,0.10325,-0.004843,-0.3285,OOS
2024-09-09 13:35:00,2024-09-09 13:40:00,2024-09-09 13:45:00,NY   21-03JST,LONG,Q10+ac<0,157.9185,157.80764,157.81014,4.61,1,stop,-11.09,-5115.0,-1.023,0.10836,-0.005816,-0.5467,OOS
2024-09-09 13:40:00,2024-09-09 13:45:00,2024-09-09 14:00:00,NY   21-03JST,LONG,Q10+ac<0,157.776,157.70957,157.65957,4.29,3,stop,-6.64,-2853.0,-0.571,0.11643,-0.006388,-0.226,OOS
2024-09-09 13:45:00,2024-09-09 13:50:00,2024-09-09 14:00:00,NY   21-03JST,LONG,Q10+ac<0,157.7485,157.70032,157.62982,4.21,2,stop,-4.82,-2030.0,-0.406,0.11868,-0.006419,-0.2129,OOS
2024-09-09 13:50:00,2024-09-09 13:55:00,2024-09-09 14:15:00,NY   21-03JST,LONG,Q10+ac<0,157.758,157.72564,157.63864,4.19,4,stop,-3.24,-1355.0,-0.271,0.11936,-0.006429,-0.1845,OOS
2024-09-09 13:55:00,2024-09-09 14:00:00,2024-09-09 14:15:00,NY   21-03JST,LONG,Q10+ac<0,157.7475,157.72407,157.62657,4.13,3,stop,-2.34,-969.0,-0.194,0.12093,-0.007025,-0.1667,OOS
2024-09-09 14:00:00,2024-09-09 14:05:00,2024-09-09 14:15:00,NY   21-03JST,LONG,Q10+ac<0,157.7905,157.71893,157.66443,3.97,2,stop,-7.16,-2839.0,-0.568,0.12607,-0.006922,-0.1381,OOS
2024-09-09 14:05:00,2024-09-09 14:10:00,2024-09-09 14:25:00,NY   21-03JST,LONG,Q10+ac<0,157.741,157.63536,157.61536,3.98,3,stop,-10.56,-4204.0,-0.841,0.12564,-0.006464,-0.1715,OOS
2024-09-09 14:10:00,2024-09-09 14:15:00,2024-09-09 14:25:00,NY   21-03JST,LONG,Q10+ac<0,157.759,157.63082,157.63332,3.98,2,stop,-12.82,-5099.0,-1.02,0.12568,-0.005475,-0.1761,OOS
2024-09-09 14:15:00,2024-09-09 14:20:00,2024-09-09 14:30:00,NY   21-03JST,LONG,Q10+ac<0,157.714,157.58618,157.58868,3.99,2,stop,-12.78,-5100.0,-1.02,0.12532,-0.005684,-0.1442,OOS
2024-09-09 14:20:00,2024-09-09 14:25:00,2024-09-09 14:30:00,NY   21-03JST,LONG,Q10+ac<0,157.7005,157.57289,157.57539,4.0,1,stop,-12.76,-5100.0,-1.02,0.12511,-0.005025,-0.1709,OOS
2024-09-09 14:25:00,2024-09-09 14:30:00,2024-09-09 15:10:00,NY   21-03JST,LONG,Q10+ac<0,157.602,157.672,157.475,3.94,8,stop,7.0,2756.0,0.551,0.127,-0.005083,-0.1673,OOS
2024-09-10 14:15:00,2024-09-10 14:20:00,2024-09-10 14:30:00,NY   21-03JST,LONG,Q10+ac<0,157.1545,157.17421,157.03021,4.02,2,stop,1.97,793.0,0.159,0.12429,-0.004976,-0.1152,OOS
2024-09-10 15:25:00,2024-09-10 15:30:00,2024-09-10 15:40:00,NY   21-03JST,LONG,Q10+ac<0,157.204,157.09661,157.09111,4.43,2,stop,-10.74,-4756.0,-0.951,0.11289,-0.005161,-0.7108,OOS
2024-09-10 15:40:00,2024-09-10 15:45:00,2024-09-10 15:50:00,NY   21-03JST,LONG,Q10+ac<0,157.022,156.92454,156.92704,5.27,1,stop,-9.75,-5132.0,-1.026,0.09496,-0.005309,-0.2462,OOS
2024-09-10 15:45:00,2024-09-10 15:50:00,2024-09-10 15:55:00,NY   21-03JST,LONG,Q10+ac<0,157.0155,156.92075,156.92325,5.42,1,stop,-9.48,-5136.0,-1.027,0.09225,-0.005505,-0.1829,OOS
2024-09-11 03:40:00,2024-09-11 03:45:00,2024-09-11 04:00:00,NY   21-03JST,LONG,Q10+ac<0,156.0165,156.01518,155.88418,3.78,3,stop,-0.13,-50.0,-0.01,0.13232,-0.005462,-0.2288,OOS
2024-09-11 03:50:00,2024-09-11 03:55:00,2024-09-11 04:05:00,NY   21-03JST,LONG,Q10+ac<0,156.0845,155.96211,155.96061,4.04,2,stop,-12.24,-4939.0,-0.988,0.12389,-0.004887,-0.1802,OOS
2024-09-11 04:05:00,2024-09-11 04:10:00,2024-09-11 04:20:00,NY   21-03JST,LONG,Q10+ac<0,155.855,155.71979,155.72229,3.77,2,stop,-13.52,-5094.0,-1.019,0.13271,-0.005672,-0.2603,OOS
2024-09-11 04:10:00,2024-09-11 04:15:00,2024-09-11 04:20:00,NY   21-03JST,LONG,Q10+ac<0,155.7685,155.63046,155.63296,3.69,1,stop,-13.8,-5092.0,-1.018,0.13554,-0.006612,-0.1527,OOS
2024-09-11 04:15:00,2024-09-11 04:20:00,2024-09-11 04:30:00,NY   21-03JST,LONG,Q10+ac<0,155.8075,155.79957,155.67357,3.73,2,stop,-0.79,-296.0,-0.059,0.13393,-0.005716,-0.2024,OOS
2024-09-11 04:20:00,2024-09-11 04:25:00,2024-09-11 04:35:00,NY   21-03JST,LONG,Q10+ac<0,155.843,155.78239,155.69589,3.4,2,stop,-6.06,-2060.0,-0.412,0.14711,-0.005669,-0.1042,OOS
2024-09-11 04:35:00,2024-09-11 04:40:00,2024-09-11 05:00:00,NY   21-03JST,LONG,Q10+ac<0,155.8185,155.72339,155.65839,3.12,4,stop,-9.51,-2970.0,-0.594,0.16011,-0.005015,-0.2466,OOS
2024-09-11 04:40:00,2024-09-11 04:45:00,2024-09-11 05:00:00,NY   21-03JST,LONG,Q10+ac<0,155.798,155.73954,155.65404,3.47,3,stop,-5.85,-2031.0,-0.406,0.14396,-0.006256,-0.1774,OOS
2024-09-11 04:45:00,2024-09-11 04:50:00,2024-09-11 05:00:00,NY   21-03JST,LONG,Q10+ac<0,155.78,155.73421,155.63071,3.35,2,stop,-4.58,-1533.0,-0.307,0.14929,-0.006193,-0.2114,OOS
2024-09-11 04:50:00,2024-09-11 04:55:00,2024-09-11 05:05:00,NY   21-03JST,LONG,Q10+ac<0,155.8095,155.72271,155.66521,3.47,2,stop,-8.68,-3007.0,-0.601,0.14429,-0.005321,-0.2185,OOS
2024-09-11 04:55:00,2024-09-11 05:00:00,2024-09-11 05:05:00,NY   21-03JST,LONG,Q10+ac<0,155.8595,155.71343,155.71593,3.48,1,stop,-14.61,-5087.0,-1.017,0.14357,-0.005442,-0.1529,OOS
2024-09-11 05:00:00,2024-09-11 05:05:00,2024-09-11 05:15:00,NY   21-03JST,LONG,Q10+ac<0,155.735,155.67311,155.58561,3.35,2,stop,-6.19,-2071.0,-0.414,0.14939,-0.007235,-0.3102,OOS
2024-09-11 05:05:00,2024-09-11 05:10:00,2024-09-11 05:15:00,NY   21-03JST,LONG,Q10+ac<0,155.7905,155.63275,155.63525,3.22,1,stop,-15.77,-5081.0,-1.016,0.15525,-0.005805,-0.5739,OOS
2024-09-11 05:10:00,2024-09-11 05:15:00,2024-09-11 05:20:00,NY   21-03JST,LONG,Q10+ac<0,155.708,155.54625,155.54875,3.14,1,stop,-16.17,-5078.0,-1.016,0.15925,-0.005758,-0.5851,OOS
2024-09-11 05:15:00,2024-09-11 05:20:00,2024-09-11 05:25:00,NY   21-03JST,LONG,Q10+ac<0,155.667,155.51354,155.51604,3.31,1,stop,-15.35,-5083.0,-1.017,0.15096,-0.00586,-0.569,OOS
2024-09-11 05:20:00,2024-09-11 05:25:00,2024-09-11 06:50:00,NY   21-03JST,LONG,Q10+ac<0,155.5305,156.05864,155.37864,3.29,17,stop,52.81,17389.0,3.478,0.15186,-0.006825,-0.5992,OOS
2024-09-11 05:25:00,2024-09-11 05:30:00,2024-09-11 06:50:00,NY   21-03JST,LONG,Q10+ac<0,155.5945,156.05989,155.44389,3.32,16,stop,46.54,15451.0,3.09,0.15061,-0.005865,-0.5656,OOS
2024-09-11 14:20:00,2024-09-11 14:25:00,2024-09-11 14:30:00,NY   21-03JST,LONG,Q10+ac<0,155.698,155.53468,155.53718,3.11,1,stop,-16.33,-5078.0,-1.016,0.16082,-0.00687,-0.1031,OOS
2024-09-12 12:40:00,2024-09-12 12:45:00,2024-09-12 13:00:00,NY   21-03JST,LONG,Q10+ac<0,156.6635,156.6055,156.513,3.32,3,stop,-5.8,-1927.0,-0.385,0.1505,-0.005171,-0.3271,OOS
2024-09-19 06:55:00,2024-09-19 07:00:00,2024-09-19 07:05:00,欧州 15-21JST,SHORT,Q10+ac>0,158.5465,158.69257,158.69007,3.48,1,stop,-14.61,-5087.0,-1.017,0.14357,-0.006084,0.1621,OOS
2024-09-19 12:25:00,2024-09-19 12:30:00,2024-09-19 13:00:00,NY   21-03JST,LONG,Q10+ac<0,159.2295,159.80943,159.08793,3.53,6,stop,57.99,20482.0,4.096,0.14157,-0.005181,-0.1688,OOS
2024-09-19 14:50:00,2024-09-19 14:55:00,2024-09-19 15:10:00,NY   21-03JST,LONG,Q10+ac<0,158.9615,158.97796,158.80196,3.13,3,stop,1.65,516.0,0.103,0.15954,-0.007528,-0.1184,OOS
2024-09-20 13:00:00,2024-09-20 13:05:00,2024-09-20 13:10:00,NY   21-03JST,LONG,Q10+ac<0,160.4745,160.34971,160.35221,4.09,1,stop,-12.48,-5102.0,-1.02,0.12229,-0.005282,-0.1951,OOS
2024-09-20 13:10:00,2024-09-20 13:15:00,2024-09-20 13:40:00,NY   21-03JST,LONG,Q10+ac<0,160.3235,160.65596,160.19746,3.97,5,stop,33.25,13189.0,2.638,0.12604,-0.006282,-0.2357,OOS
2024-09-20 13:15:00,2024-09-20 13:20:00,2024-09-20 13:40:00,NY   21-03JST,LONG,Q10+ac<0,160.256,160.65396,160.12796,3.91,4,stop,39.8,15541.0,3.108,0.12804,-0.006816,-0.2306,OOS
2024-09-20 13:20:00,2024-09-20 13:25:00,2024-09-20 13:40:00,NY   21-03JST,LONG,Q10+ac<0,160.3995,160.65196,160.26946,3.85,3,stop,25.25,9707.0,1.941,0.13004,-0.005981,-0.235,OOS
2024-09-23 07:05:00,2024-09-23 07:10:00,2024-09-23 07:20:00,欧州 15-21JST,SHORT,Q10+ac>0,160.301,159.80864,160.41914,4.23,2,stop,49.24,20837.0,4.167,0.11814,-0.005331,0.3354,OOS
2024-09-23 07:10:00,2024-09-23 07:15:00,2024-09-23 07:25:00,欧州 15-21JST,SHORT,Q10+ac>0,160.1005,159.85854,160.22404,4.05,2,stop,24.2,9793.0,1.959,0.12354,-0.00605,0.3267,OOS
2024-09-23 07:15:00,2024-09-23 07:20:00,2024-09-23 07:25:00,欧州 15-21JST,SHORT,Q10+ac>0,159.749,159.905,159.9025,3.26,1,stop,-15.6,-5081.0,-1.016,0.1535,-0.008642,0.3331,OOS
2024-09-23 17:05:00,2024-09-23 17:10:00,2024-09-23 17:40:00,NY   21-03JST,LONG,Q10+ac<0,159.4265,159.46586,159.33586,5.52,6,stop,3.94,2171.0,0.434,0.09064,-0.00517,-0.1183,OOS
2024-09-23 17:10:00,2024-09-23 17:15:00,2024-09-23 17:40:00,NY   21-03JST,LONG,Q10+ac<0,159.42,159.46779,159.33129,5.64,5,stop,4.78,2693.0,0.539,0.08871,-0.005356,-0.2351,OOS
2024-09-27 07:15:00,2024-09-27 07:20:00,2024-09-27 08:20:00,欧州 15-21JST,SHORT,Q10+ac>0,159.3035,159.78907,159.85907,0.9,12,stop,-48.56,-4370.0,-0.874,0.55557,-0.032686,0.1802,OOS
2024-09-27 07:35:00,2024-09-27 07:40:00,2024-09-27 07:50:00,欧州 15-21JST,SHORT,Q10+ac>0,159.382,159.72321,159.74021,1.4,2,stop,-34.12,-4763.0,-0.953,0.35821,-0.031936,0.288,OOS
2024-09-27 07:45:00,2024-09-27 07:50:00,2024-09-27 08:10:00,欧州 15-21JST,SHORT,Q10+ac>0,159.693,159.53975,159.99925,1.63,4,stop,15.32,2502.0,0.5,0.30625,-0.028502,0.1574,OOS
2024-09-27 17:15:00,2024-09-27 17:20:00,2024-09-27 17:35:00,NY   21-03JST,LONG,Q10+ac<0,158.841,158.82768,158.71918,4.1,3,stop,-1.33,-547.0,-0.109,0.12182,-0.006739,-0.179,OOS
2024-09-27 17:20:00,2024-09-27 17:25:00,2024-09-27 17:35:00,NY   21-03JST,LONG,Q10+ac<0,158.9005,158.80771,158.77971,4.14,2,stop,-9.28,-3841.0,-0.768,0.12079,-0.005892,-0.3156,OOS
2024-09-30 05:40:00,2024-09-30 05:45:00,2024-09-30 05:55:00,NY   21-03JST,LONG,Q10+ac<0,158.336,158.24789,158.21539,4.15,2,stop,-8.81,-3653.0,-0.731,0.12061,-0.005055,-0.2672,OOS
2024-09-30 05:45:00,2024-09-30 05:50:00,2024-09-30 06:10:00,NY   21-03JST,LONG,Q10+ac<0,158.267,158.26529,158.13679,3.84,4,stop,-0.17,-66.0,-0.013,0.13021,-0.005787,-0.2186,OOS
2024-09-30 05:50:00,2024-09-30 05:55:00,2024-09-30 06:10:00,NY   21-03JST,LONG,Q10+ac<0,158.3005,158.25975,158.16475,3.68,3,stop,-4.08,-1501.0,-0.3,0.13575,-0.005344,-0.1334,OOS
2024-09-30 05:55:00,2024-09-30 06:00:00,2024-09-30 06:10:00,NY   21-03JST,LONG,Q10+ac<0,158.2385,158.25986,158.10286,3.69,2,stop,2.14,787.0,0.157,0.13564,-0.006182,-0.1675,OOS
2024-10-01 07:05:00,2024-10-01 07:10:00,2024-10-01 07:20:00,欧州 15-21JST,SHORT,Q10+ac>0,160.045,160.13543,160.19443,3.35,2,stop,-9.04,-3026.0,-0.605,0.14943,-0.005721,0.8678,OOS
2024-10-01 07:10:00,2024-10-01 07:15:00,2024-10-01 07:20:00,欧州 15-21JST,SHORT,Q10+ac>0,160.0225,160.17293,160.17043,3.38,1,stop,-15.04,-5085.0,-1.017,0.14793,-0.005188,0.4503,OOS
2024-10-01 07:15:00,2024-10-01 07:20:00,2024-10-01 07:25:00,欧州 15-21JST,SHORT,Q10+ac>0,159.9925,160.14529,160.14279,3.33,1,stop,-15.28,-5083.0,-1.017,0.15029,-0.006335,0.4303,OOS
2024-10-01 07:20:00,2024-10-01 07:25:00,2024-10-01 07:35:00,欧州 15-21JST,SHORT,Q10+ac>0,160.1115,160.22129,160.26929,3.17,2,stop,-10.98,-3479.0,-0.696,0.15779,-0.005096,0.3877,OOS
2024-10-01 07:25:00,2024-10-01 07:30:00,2024-10-01 07:55:00,欧州 15-21JST,SHORT,Q10+ac>0,160.127,160.28961,160.29061,3.06,5,stop,-16.26,-4969.0,-0.994,0.16361,-0.005081,0.4043,OOS
2024-10-01 07:30:00,2024-10-01 07:35:00,2024-10-01 07:55:00,欧州 15-21JST,SHORT,Q10+ac>0,160.156,160.29261,160.32261,3.0,4,stop,-13.66,-4100.0,-0.82,0.16661,-0.005028,0.4373,OOS
2024-10-01 08:05:00,2024-10-01 08:10:00,2024-10-01 08:30:00,欧州 15-21JST,SHORT,Q10+ac>0,159.9275,159.80518,160.10918,2.75,4,stop,12.23,3366.0,0.673,0.18168,-0.00592,0.3462,OOS
2024-10-01 08:10:00,2024-10-01 08:15:00,2024-10-01 08:30:00,欧州 15-21JST,SHORT,Q10+ac>0,159.7105,159.85586,159.89486,2.71,3,stop,-14.54,-3942.0,-0.788,0.18436,-0.008011,0.5611,OOS
2024-10-01 08:15:00,2024-10-01 08:20:00,2024-10-01 08:30:00,欧州 15-21JST,SHORT,Q10+ac>0,159.6915,159.83279,159.85279,3.1,2,stop,-14.13,-4380.0,-0.876,0.16129,-0.008381,0.531,OOS
2024-10-01 08:20:00,2024-10-01 08:25:00,2024-10-01 08:30:00,欧州 15-21JST,SHORT,Q10+ac>0,159.6935,159.85779,159.85529,3.09,1,stop,-16.43,-5077.0,-1.015,0.16179,-0.008629,0.5085,OOS
2024-10-01 08:25:00,2024-10-01 08:30:00,2024-10-01 08:35:00,欧州 15-21JST,SHORT,Q10+ac>0,159.7205,159.88107,159.87857,3.16,1,stop,-16.06,-5079.0,-1.016,0.15807,-0.008846,0.498,OOS
2024-10-01 08:30:00,2024-10-01 08:35:00,2024-10-01 08:55:00,欧州 15-21JST,SHORT,Q10+ac>0,159.889,159.67936,160.04436,3.22,4,stop,20.96,6747.0,1.349,0.15536,-0.00735,0.4971,OOS
2024-10-01 08:35:00,2024-10-01 08:40:00,2024-10-01 08:55:00,欧州 15-21JST,SHORT,Q10+ac>0,159.859,159.67732,160.01232,3.26,3,stop,18.17,5925.0,1.185,0.15332,-0.006905,0.3815,OOS
2024-10-01 08:40:00,2024-10-01 08:45:00,2024-10-01 08:55:00,欧州 15-21JST,SHORT,Q10+ac>0,159.803,159.67868,159.95768,3.23,2,stop,12.43,4019.0,0.804,0.15468,-0.007431,0.4011,OOS
2024-10-01 08:45:00,2024-10-01 08:50:00,2024-10-01 09:00:00,欧州 15-21JST,SHORT,Q10+ac>0,159.656,159.71896,159.81796,3.09,2,stop,-6.3,-1944.0,-0.389,0.16196,-0.008755,0.4186,OOS
2024-10-01 08:50:00,2024-10-01 08:55:00,2024-10-01 09:00:00,欧州 15-21JST,SHORT,Q10+ac>0,159.552,159.71711,159.71461,3.07,1,stop,-16.51,-5077.0,-1.015,0.16261,-0.009457,0.41,OOS
2024-10-01 08:55:00,2024-10-01 09:00:00,2024-10-01 09:10:00,欧州 15-21JST,SHORT,Q10+ac>0,159.6695,159.69561,159.83261,3.07,2,stop,-2.61,-800.0,-0.16,0.16311,-0.007775,0.385,OOS
2024-10-01 09:00:00,2024-10-01 09:05:00,2024-10-01 09:10:00,欧州 15-21JST,SHORT,Q10+ac>0,159.591,159.76125,159.75875,2.98,1,stop,-17.03,-5075.0,-1.015,0.16775,-0.006436,0.1877,OOS
2024-10-02 05:40:00,2024-10-02 05:45:00,2024-10-02 06:30:00,NY   21-03JST,LONG,Q10+ac<0,158.8055,159.13104,158.68104,4.02,9,stop,32.55,13077.0,2.615,0.12446,-0.005364,-0.5047,OOS
2024-10-02 05:45:00,2024-10-02 05:50:00,2024-10-02 06:30:00,NY   21-03JST,LONG,Q10+ac<0,158.8435,159.12921,158.71721,3.96,8,stop,28.57,11312.0,2.262,0.12629,-0.005159,-0.5136,OOS
2024-10-02 05:50:00,2024-10-02 05:55:00,2024-10-02 06:30:00,NY   21-03JST,LONG,Q10+ac<0,158.8675,159.12889,158.74089,3.95,7,stop,26.14,10323.0,2.065,0.12661,-0.005259,-0.4439,OOS
2024-10-15 07:15:00,2024-10-15 07:20:00,2024-10-15 07:30:00,欧州 15-21JST,SHORT,Q10+ac>0,162.4545,162.53893,162.54643,5.44,2,stop,-8.44,-4592.0,-0.918,0.09193,-0.004843,0.1501,OOS
2024-10-28 10:15:00,2024-10-28 10:20:00,2024-10-28 10:40:00,欧州 15-21JST,SHORT,Q10+ac>0,165.078,164.98771,165.16871,5.51,4,stop,9.03,4976.0,0.995,0.09071,-0.005645,0.1456,OOS
2024-10-28 10:20:00,2024-10-28 10:25:00,2024-10-28 10:45:00,欧州 15-21JST,SHORT,Q10+ac>0,165.0365,164.99029,165.12979,5.36,4,stop,4.62,2477.0,0.495,0.09329,-0.00589,0.1427,OOS
2024-10-28 10:25:00,2024-10-28 10:30:00,2024-10-28 10:45:00,欧州 15-21JST,SHORT,Q10+ac>0,165.031,164.99254,165.12654,5.23,3,stop,3.85,2013.0,0.403,0.09554,-0.005906,0.1882,OOS
2024-10-28 10:30:00,2024-10-28 10:35:00,2024-10-28 10:45:00,欧州 15-21JST,SHORT,Q10+ac>0,165.014,165.01768,165.11118,5.15,2,stop,-0.37,-189.0,-0.038,0.09718,-0.006007,0.2683,OOS
2024-10-28 10:35:00,2024-10-28 10:40:00,2024-10-28 10:45:00,欧州 15-21JST,SHORT,Q10+ac>0,164.941,165.04564,165.04314,4.9,1,stop,-10.46,-5122.0,-1.024,0.10214,-0.006296,0.2116,OOS
2024-10-28 10:40:00,2024-10-28 10:45:00,2024-10-28 11:00:00,欧州 15-21JST,SHORT,Q10+ac>0,164.9795,165.05664,165.07664,5.15,3,stop,-7.71,-3971.0,-0.794,0.09714,-0.005928,0.1361,OOS
2024-10-28 10:45:00,2024-10-28 10:50:00,2024-10-28 11:00:00,欧州 15-21JST,SHORT,Q10+ac>0,165.01,165.06175,165.11075,4.96,2,stop,-5.18,-2568.0,-0.514,0.10075,-0.005699,0.2525,OOS
2024-10-28 10:50:00,2024-10-28 10:55:00,2024-10-28 11:10:00,欧州 15-21JST,SHORT,Q10+ac>0,165.0395,165.05832,165.14182,4.89,3,stop,-1.88,-920.0,-0.184,0.10232,-0.005542,0.4522,OOS
2024-10-28 10:55:00,2024-10-28 11:00:00,2024-10-28 11:10:00,欧州 15-21JST,SHORT,Q10+ac>0,164.991,165.06518,165.09418,4.85,2,stop,-7.42,-3595.0,-0.719,0.10318,-0.005584,0.3967,OOS
2024-10-28 11:00:00,2024-10-28 11:05:00,2024-10-28 11:10:00,欧州 15-21JST,SHORT,Q10+ac>0,164.9675,165.07507,165.07257,4.76,1,stop,-10.76,-5119.0,-1.024,0.10507,-0.00509,0.3913,OOS
2024-10-28 11:05:00,2024-10-28 11:10:00,2024-10-28 11:15:00,欧州 15-21JST,SHORT,Q10+ac>0,165.01,165.11768,165.11518,4.75,1,stop,-10.77,-5119.0,-1.024,0.10518,-0.004854,0.4622,OOS
2024-10-31 04:30:00,2024-10-31 04:35:00,2024-10-31 04:50:00,NY   21-03JST,LONG,Q10+ac<0,165.86,165.82168,165.76768,5.42,3,stop,-3.83,-2075.0,-0.415,0.09232,-0.004976,-0.3504,OOS
2024-10-31 06:50:00,2024-10-31 06:55:00,2024-10-31 07:05:00,欧州 15-21JST,SHORT,Q10+ac>0,165.201,165.16946,165.35046,3.35,2,stop,3.15,1055.0,0.211,0.14946,-0.006006,0.4869,OOS
2024-10-31 06:55:00,2024-10-31 07:00:00,2024-10-31 07:05:00,欧州 15-21JST,SHORT,Q10+ac>0,165.1405,165.29861,165.29611,3.21,1,stop,-15.81,-5080.0,-1.016,0.15561,-0.006291,0.4632,OOS
2024-10-31 07:00:00,2024-10-31 07:05:00,2024-10-31 07:10:00,欧州 15-21JST,SHORT,Q10+ac>0,165.178,165.34257,165.34007,3.09,1,stop,-16.46,-5077.0,-1.015,0.16207,-0.00621,0.4562,OOS
2024-10-31 07:10:00,2024-10-31 07:15:00,2024-10-31 07:30:00,欧州 15-21JST,SHORT,Q10+ac>0,165.3355,165.37907,165.50907,2.88,3,stop,-4.36,-1255.0,-0.251,0.17357,-0.004929,0.4873,OOS
2024-10-31 07:15:00,2024-10-31 07:20:00,2024-10-31 07:30:00,欧州 15-21JST,SHORT,Q10+ac>0,165.3075,165.38193,165.48393,2.83,2,stop,-7.44,-2109.0,-0.422,0.17643,-0.005702,0.4876,OOS
2024-10-31 07:20:00,2024-10-31 07:25:00,2024-10-31 07:30:00,欧州 15-21JST,SHORT,Q10+ac>0,165.2845,165.46664,165.46414,2.78,1,stop,-18.21,-5070.0,-1.014,0.17964,-0.006217,0.4992,OOS
2024-10-31 07:25:00,2024-10-31 07:30:00,2024-10-31 07:35:00,欧州 15-21JST,SHORT,Q10+ac>0,165.2595,165.44954,165.44704,2.67,1,stop,-19.0,-5067.0,-1.013,0.18754,-0.006756,0.5647,OOS
2024-10-31 07:30:00,2024-10-31 07:35:00,2024-10-31 07:40:00,欧州 15-21JST,SHORT,Q10+ac>0,165.475,165.67936,165.67686,2.48,1,stop,-20.44,-5062.0,-1.012,0.20186,-0.004901,0.5638,OOS
2024-10-31 07:50:00,2024-10-31 07:55:00,2024-10-31 08:35:00,欧州 15-21JST,SHORT,Q10+ac>0,165.3525,165.14093,165.55093,2.52,8,stop,21.16,5331.0,1.066,0.19843,-0.005097,0.2837,OOS
2024-10-31 08:00:00,2024-10-31 08:05:00,2024-10-31 08:35:00,欧州 15-21JST,SHORT,Q10+ac>0,165.1725,165.11725,165.34725,2.86,6,stop,5.53,1581.0,0.316,0.17475,-0.005608,0.3342,OOS
2024-10-31 08:05:00,2024-10-31 08:10:00,2024-10-31 08:35:00,欧州 15-21JST,SHORT,Q10+ac>0,165.181,165.11725,165.35575,2.86,5,stop,6.38,1824.0,0.365,0.17475,-0.005922,0.2882,OOS
2024-10-31 08:10:00,2024-10-31 08:15:00,2024-10-31 08:35:00,欧州 15-21JST,SHORT,Q10+ac>0,165.2325,165.11361,165.40361,2.92,4,stop,11.89,3474.0,0.695,0.17111,-0.005135,0.2974,OOS
2024-10-31 08:15:00,2024-10-31 08:20:00,2024-10-31 08:35:00,欧州 15-21JST,SHORT,Q10+ac>0,165.124,165.11104,165.29254,2.97,3,stop,1.3,385.0,0.077,0.16854,-0.005768,0.2342,OOS
2024-10-31 08:20:00,2024-10-31 08:25:00,2024-10-31 08:35:00,欧州 15-21JST,SHORT,Q10+ac>0,165.137,165.10682,165.30132,3.04,2,stop,3.02,918.0,0.184,0.16432,-0.005903,0.2086,OOS
2024-10-31 08:25:00,2024-10-31 08:30:00,2024-10-31 08:35:00,欧州 15-21JST,SHORT,Q10+ac>0,165.044,165.21218,165.20968,3.02,1,stop,-16.82,-5075.0,-1.015,0.16568,-0.006115,0.2704,OOS
2024-10-31 15:40:00,2024-10-31 15:45:00,2024-10-31 15:50:00,NY   21-03JST,LONG,Q10+ac<0,165.363,165.23239,165.23489,3.9,1,stop,-13.06,-5098.0,-1.02,0.12811,-0.005065,-0.2223,OOS
2024-10-31 15:45:00,2024-10-31 15:50:00,2024-10-31 16:00:00,NY   21-03JST,LONG,Q10+ac<0,165.191,165.25721,165.05321,3.63,2,stop,6.62,2403.0,0.481,0.13779,-0.00553,-0.5955,OOS
2024-10-31 15:50:00,2024-10-31 15:55:00,2024-10-31 16:15:00,NY   21-03JST,LONG,Q10+ac<0,165.1385,165.34854,165.00004,3.61,4,stop,21.0,7584.0,1.517,0.13846,-0.006847,-0.5737,OOS
2024-10-31 16:00:00,2024-10-31 16:05:00,2024-10-31 16:15:00,NY   21-03JST,LONG,Q10+ac<0,165.3585,165.33879,165.21029,3.37,2,stop,-1.97,-665.0,-0.133,0.14821,-0.005716,-0.1861,OOS
2024-10-31 16:05:00,2024-10-31 16:10:00,2024-10-31 16:50:00,NY   21-03JST,LONG,Q10+ac<0,165.372,165.49,165.2225,3.34,8,stop,11.8,3946.0,0.789,0.1495,-0.005248,-0.1812,OOS
2024-11-07 17:10:00,2024-11-07 17:15:00,2024-11-07 17:30:00,NY   21-03JST,LONG,Q10+ac<0,165.2555,165.27168,165.19318,8.02,3,stop,1.62,1298.0,0.26,0.06232,-0.005128,-0.1681,OOS
2024-11-07 17:15:00,2024-11-07 17:20:00,2024-11-07 17:30:00,NY   21-03JST,LONG,Q10+ac<0,165.2865,165.26743,165.22693,8.39,2,stop,-1.91,-1601.0,-0.32,0.05957,-0.005067,-0.1741,OOS
2024-11-07 17:30:00,2024-11-07 17:35:00,2024-11-07 18:00:00,NY   21-03JST,LONG,Q10+ac<0,165.2795,165.27314,165.22164,8.64,5,stop,-0.64,-549.0,-0.11,0.05786,-0.005442,-0.165,OOS
2024-11-07 17:35:00,2024-11-07 17:40:00,2024-11-07 18:00:00,NY   21-03JST,LONG,Q10+ac<0,165.2855,165.274,165.2285,8.77,4,stop,-1.15,-1009.0,-0.202,0.057,-0.005806,-0.121,OOS
2024-11-07 17:40:00,2024-11-07 17:45:00,2024-11-07 18:00:00,NY   21-03JST,LONG,Q10+ac<0,165.276,165.27368,165.21868,8.72,3,stop,-0.23,-202.0,-0.04,0.05732,-0.005911,-0.1877,OOS
2024-11-07 17:45:00,2024-11-07 17:50:00,2024-11-07 18:00:00,NY   21-03JST,LONG,Q10+ac<0,165.3075,165.27518,165.25168,8.96,2,stop,-3.23,-2895.0,-0.579,0.05582,-0.005995,-0.2774,OOS
2024-11-07 17:50:00,2024-11-07 17:55:00,2024-11-07 18:00:00,NY   21-03JST,LONG,Q10+ac<0,165.297,165.24239,165.24489,9.6,1,stop,-5.46,-5240.0,-1.048,0.05211,-0.00614,-0.2738,OOS
2024-11-07 17:55:00,2024-11-07 18:00:00,2024-11-07 18:05:00,NY   21-03JST,LONG,Q10+ac<0,165.3345,165.28039,165.28289,9.69,1,stop,-5.41,-5242.0,-1.048,0.05161,-0.005899,-0.2991,OOS
2024-11-08 16:55:00,2024-11-08 17:00:00,2024-11-08 17:10:00,NY   21-03JST,LONG,Q10+ac<0,163.4235,163.3915,163.3385,5.88,2,stop,-3.2,-1882.0,-0.376,0.085,-0.005125,-0.2017,OOS
2024-11-13 15:10:00,2024-11-13 15:15:00,2024-11-13 15:40:00,NY   21-03JST,LONG,Q10+ac<0,163.76,163.99361,163.61861,3.54,5,stop,23.36,8261.0,1.652,0.14139,-0.006523,-0.139,OOS
2024-11-13 15:15:00,2024-11-13 15:20:00,2024-11-13 15:40:00,NY   21-03JST,LONG,Q10+ac<0,163.772,163.99975,163.63675,3.7,4,stop,22.77,8420.0,1.684,0.13525,-0.00694,-0.1983,OOS
2024-11-15 15:30:00,2024-11-15 15:35:00,2024-11-15 15:40:00,NY   21-03JST,LONG,Q10+ac<0,163.3395,163.1885,163.191,3.37,1,stop,-15.1,-5084.0,-1.017,0.1485,-0.007214,-0.1162,OOS
2024-11-15 15:35:00,2024-11-15 15:40:00,2024-11-15 15:50:00,NY   21-03JST,LONG,Q10+ac<0,163.2235,163.20471,163.06971,3.25,2,stop,-1.88,-611.0,-0.122,0.15379,-0.007791,-0.2031,OOS
2024-11-15 15:40:00,2024-11-15 15:45:00,2024-11-15 16:05:00,NY   21-03JST,LONG,Q10+ac<0,163.2405,163.13968,163.08568,3.23,4,stop,-10.08,-3256.0,-0.651,0.15482,-0.006135,-0.5196,OOS
2024-11-15 15:45:00,2024-11-15 15:50:00,2024-11-15 16:05:00,NY   21-03JST,LONG,Q10+ac<0,163.2295,163.13757,163.07257,3.19,3,stop,-9.19,-2929.0,-0.586,0.15693,-0.006557,-0.2942,OOS
2024-11-15 15:50:00,2024-11-15 15:55:00,2024-11-15 16:05:00,NY   21-03JST,LONG,Q10+ac<0,163.2015,163.14011,163.04711,3.24,2,stop,-6.14,-1988.0,-0.398,0.15439,-0.006606,-0.191,OOS
2024-11-15 15:55:00,2024-11-15 16:00:00,2024-11-15 16:05:00,NY   21-03JST,LONG,Q10+ac<0,163.247,163.08786,163.09036,3.19,1,stop,-15.91,-5080.0,-1.016,0.15664,-0.005439,-0.153,OOS
2024-11-15 16:00:00,2024-11-15 16:05:00,2024-11-15 16:10:00,NY   21-03JST,LONG,Q10+ac<0,163.183,163.03129,163.03379,3.35,1,stop,-15.17,-5084.0,-1.017,0.14921,-0.005718,-0.1595,OOS
2024-11-15 16:05:00,2024-11-15 16:10:00,2024-11-15 16:35:00,NY   21-03JST,LONG,Q10+ac<0,163.0715,163.20064,162.92014,3.3,5,stop,12.91,4266.0,0.853,0.15136,-0.005822,-0.1355,OOS
2024-11-15 16:10:00,2024-11-15 16:15:00,2024-11-15 16:35:00,NY   21-03JST,LONG,Q10+ac<0,163.0905,163.19396,162.93246,3.16,4,stop,10.35,3273.0,0.655,0.15804,-0.006221,-0.1068,OOS
2024-11-15 18:20:00,2024-11-15 18:25:00,2024-11-15 18:30:00,NY   21-03JST,LONG,Q10+ac<0,162.5065,162.40493,162.40743,5.05,1,stop,-10.16,-5126.0,-1.025,0.09907,-0.005411,-0.139,OOS
2024-11-15 18:25:00,2024-11-15 18:30:00,2024-11-15 18:35:00,NY   21-03JST,LONG,Q10+ac<0,162.479,162.38082,162.38332,5.23,1,stop,-9.82,-5131.0,-1.026,0.09568,-0.006099,-0.3504,OOS
2024-11-15 18:30:00,2024-11-15 18:35:00,2024-11-15 19:25:00,NY   21-03JST,LONG,Q10+ac<0,162.3935,162.49389,162.29889,5.29,10,stop,10.04,5306.0,1.061,0.09461,-0.005995,-0.2905,OOS
2024-11-15 18:35:00,2024-11-15 18:40:00,2024-11-15 19:25:00,NY   21-03JST,LONG,Q10+ac<0,162.3885,162.49861,162.29861,5.56,9,stop,11.01,6124.0,1.225,0.08989,-0.005334,-0.5766,OOS
2024-11-15 18:40:00,2024-11-15 18:45:00,2024-11-15 19:25:00,NY   21-03JST,LONG,Q10+ac<0,162.4095,162.49618,162.31718,5.42,8,stop,8.67,4694.0,0.939,0.09232,-0.005028,-0.2647,OOS
2024-11-15 18:45:00,2024-11-15 18:50:00,2024-11-15 19:25:00,NY   21-03JST,LONG,Q10+ac<0,162.41,162.49843,162.31993,5.55,7,stop,8.84,4909.0,0.982,0.09007,-0.004984,-0.1419,OOS
2024-11-19 01:25:00,2024-11-19 01:30:00,2024-11-19 01:35:00,NY   21-03JST,LONG,Q10+ac<0,163.2735,163.17857,163.18107,5.41,1,stop,-9.49,-5135.0,-1.027,0.09243,-0.005,-0.1558,OOS
2024-11-19 01:35:00,2024-11-19 01:40:00,2024-11-19 01:55:00,NY   21-03JST,LONG,Q10+ac<0,163.2265,163.25171,163.13371,5.39,3,stop,2.52,1359.0,0.272,0.09279,-0.005559,-0.2779,OOS
2024-11-20 15:00:00,2024-11-20 15:05:00,2024-11-20 15:10:00,NY   21-03JST,LONG,Q10+ac<0,163.6565,163.47657,163.47907,2.82,1,stop,-17.99,-5070.0,-1.014,0.17743,-0.005404,-0.2776,OOS
2024-11-20 15:05:00,2024-11-20 15:10:00,2024-11-20 15:20:00,NY   21-03JST,LONG,Q10+ac<0,163.3905,163.27504,163.19204,2.52,2,stop,-11.55,-2909.0,-0.582,0.19846,-0.007481,-0.221,OOS
2024-11-20 15:10:00,2024-11-20 15:15:00,2024-11-20 15:20:00,NY   21-03JST,LONG,Q10+ac<0,163.4775,163.26518,163.26768,2.38,1,stop,-21.23,-5060.0,-1.012,0.20982,-0.006532,-0.3281,OOS
2024-11-20 15:15:00,2024-11-20 15:20:00,2024-11-20 15:35:00,NY   21-03JST,LONG,Q10+ac<0,163.4215,163.35489,163.20689,2.33,3,stop,-6.66,-1552.0,-0.31,0.21461,-0.007275,-0.324,OOS
2024-11-20 16:00:00,2024-11-20 16:05:00,2024-11-20 16:10:00,NY   21-03JST,LONG,Q10+ac<0,163.6635,163.47964,163.48214,2.76,1,stop,-18.39,-5069.0,-1.014,0.18136,-0.004902,-0.6632,OOS
2024-11-20 16:05:00,2024-11-20 16:10:00,2024-11-20 16:20:00,NY   21-03JST,LONG,Q10+ac<0,163.575,163.44568,163.39418,2.77,2,stop,-12.93,-3576.0,-0.715,0.18082,-0.005475,-0.4864,OOS
2024-11-20 16:10:00,2024-11-20 16:15:00,2024-11-20 16:25:00,NY   21-03JST,LONG,Q10+ac<0,163.539,163.36654,163.35804,2.76,2,stop,-17.25,-4765.0,-0.953,0.18096,-0.005727,-0.1094,OOS
2024-11-21 09:45:00,2024-11-21 09:50:00,2024-11-21 10:35:00,欧州 15-21JST,SHORT,Q10+ac>0,162.369,162.35443,162.54943,2.77,9,stop,1.46,404.0,0.081,0.18043,-0.005837,0.1442,OOS
2024-11-21 09:50:00,2024-11-21 09:55:00,2024-11-21 10:35:00,欧州 15-21JST,SHORT,Q10+ac>0,162.337,162.34957,162.51257,2.85,8,stop,-1.26,-358.0,-0.072,0.17557,-0.006975,0.1498,OOS
2024-11-21 09:55:00,2024-11-21 10:00:00,2024-11-21 10:35:00,欧州 15-21JST,SHORT,Q10+ac>0,162.377,162.34182,162.54482,2.98,7,stop,3.52,1048.0,0.21,0.16782,-0.00634,0.2282,OOS
2024-11-22 00:15:00,2024-11-22 00:20:00,2024-11-22 01:00:00,NY   21-03JST,LONG,Q10+ac<0,161.336,161.62832,161.22482,4.5,8,stop,29.23,13146.0,2.629,0.11118,-0.00487,-0.3458,OOS
2024-11-22 09:10:00,2024-11-22 09:15:00,2024-11-22 09:20:00,欧州 15-21JST,SHORT,Q10+ac>0,160.017,160.30271,160.30021,1.77,1,stop,-28.57,-5044.0,-1.009,0.28321,-0.013888,0.187,OOS
2024-11-26 02:15:00,2024-11-26 02:20:00,2024-11-26 02:30:00,NY   21-03JST,LONG,Q10+ac<0,161.1295,161.04818,161.02968,5.01,2,stop,-8.13,-4073.0,-0.815,0.09982,-0.004905,-0.1537,OOS
2024-11-26 02:25:00,2024-11-26 02:30:00,2024-11-26 02:35:00,NY   21-03JST,LONG,Q10+ac<0,161.08,160.97332,160.97582,4.8,1,stop,-10.67,-5120.0,-1.024,0.10418,-0.005599,-0.1845,OOS
2024-11-26 02:30:00,2024-11-26 02:35:00,2024-11-26 02:40:00,NY   21-03JST,LONG,Q10+ac<0,161.028,160.917,160.9195,4.61,1,stop,-11.1,-5115.0,-1.023,0.1085,-0.005788,-0.1998,OOS
2024-11-26 02:35:00,2024-11-26 02:40:00,2024-11-26 03:05:00,NY   21-03JST,LONG,Q10+ac<0,160.9655,161.04243,160.85343,4.46,5,stop,7.69,3432.0,0.686,0.11207,-0.005998,-0.1916,OOS
2024-11-26 02:40:00,2024-11-26 02:45:00,2024-11-26 03:05:00,NY   21-03JST,LONG,Q10+ac<0,160.998,161.03829,160.88179,4.3,4,stop,4.03,1733.0,0.347,0.11621,-0.006143,-0.1761,OOS
2024-11-26 02:45:00,2024-11-26 02:50:00,2024-11-26 03:05:00,NY   21-03JST,LONG,Q10+ac<0,161.0205,161.03096,160.89696,4.05,3,stop,1.05,424.0,0.085,0.12354,-0.00582,-0.1663,OOS
2024-11-26 02:50:00,2024-11-26 02:55:00,2024-11-26 03:05:00,NY   21-03JST,LONG,Q10+ac<0,161.0215,161.03468,160.90168,4.17,2,stop,1.32,550.0,0.11,0.11982,-0.006152,-0.1564,OOS
2024-11-26 02:55:00,2024-11-26 03:00:00,2024-11-26 03:10:00,NY   21-03JST,LONG,Q10+ac<0,161.084,161.01611,160.96061,4.05,2,stop,-6.79,-2751.0,-0.55,0.12339,-0.005342,-0.1565,OOS
2024-11-26 13:35:00,2024-11-26 13:40:00,2024-11-26 14:05:00,NY   21-03JST,LONG,Q10+ac<0,161.0815,161.09446,160.95396,3.92,5,stop,1.3,508.0,0.102,0.12754,-0.00514,-0.147,OOS
2024-11-26 13:40:00,2024-11-26 13:45:00,2024-11-26 14:05:00,NY   21-03JST,LONG,Q10+ac<0,161.1185,161.10168,160.99818,4.16,4,stop,-1.68,-699.0,-0.14,0.12032,-0.005167,-0.1449,OOS
2024-11-26 13:45:00,2024-11-26 13:50:00,2024-11-26 14:05:00,NY   21-03JST,LONG,Q10+ac<0,161.0615,161.102,160.9415,4.17,3,stop,4.05,1687.0,0.337,0.12,-0.005523,-0.158,OOS
2024-11-26 13:50:00,2024-11-26 13:55:00,2024-11-26 14:05:00,NY   21-03JST,LONG,Q10+ac<0,161.059,161.10196,160.93896,4.17,2,stop,4.3,1790.0,0.358,0.12004,-0.005453,-0.1391,OOS
2024-11-27 17:15:00,2024-11-27 17:20:00,2024-11-27 22:35:00,NY   21-03JST,LONG,Q10+ac<0,159.4215,159.61204,159.29254,3.88,25,stop,19.05,7387.0,1.477,0.12896,-0.005226,-0.2854,OOS
2024-11-27 17:20:00,2024-11-27 17:25:00,2024-11-27 22:35:00,NY   21-03JST,LONG,Q10+ac<0,159.446,159.61332,159.31832,3.92,24,stop,16.73,6552.0,1.31,0.12768,-0.004947,-0.283,OOS
2024-11-29 00:05:00,2024-11-29 00:10:00,2024-11-29 00:25:00,NY   21-03JST,LONG,Q10+ac<0,159.344,159.423,159.2295,4.37,3,stop,7.9,3450.0,0.69,0.1145,-0.00497,-0.1629,OOS
2024-11-29 00:50:00,2024-11-29 00:55:00,2024-11-29 01:00:00,NY   21-03JST,LONG,Q10+ac<0,159.144,159.01529,159.01779,3.96,1,stop,-12.87,-5099.0,-1.02,0.12621,-0.006678,-0.1175,OOS
2024-11-29 01:00:00,2024-11-29 01:05:00,2024-11-29 01:10:00,NY   21-03JST,LONG,Q10+ac<0,158.946,158.81436,158.81686,3.87,1,stop,-13.16,-5097.0,-1.019,0.12914,-0.00808,-0.2046,OOS
2024-11-29 02:00:00,2024-11-29 02:05:00,2024-11-29 02:35:00,NY   21-03JST,LONG,Q10+ac<0,158.586,158.76561,158.38361,2.47,6,stop,17.96,4437.0,0.887,0.20239,-0.007662,-0.3516,OOS
2024-11-29 02:05:00,2024-11-29 02:10:00,2024-11-29 02:35:00,NY   21-03JST,LONG,Q10+ac<0,158.6405,158.76943,158.44193,2.52,5,stop,12.89,3246.0,0.649,0.19857,-0.00589,-0.2683,OOS
2024-11-29 02:10:00,2024-11-29 02:15:00,2024-11-29 02:35:00,NY   21-03JST,LONG,Q10+ac<0,158.698,158.77121,158.50121,2.54,4,stop,7.32,1860.0,0.372,0.19679,-0.006279,-0.2742,OOS
2024-11-29 02:15:00,2024-11-29 02:20:00,2024-11-29 02:35:00,NY   21-03JST,LONG,Q10+ac<0,158.716,158.78321,158.53121,2.71,3,stop,6.72,1819.0,0.364,0.18479,-0.006233,-0.259,OOS
2024-11-29 02:20:00,2024-11-29 02:25:00,2024-11-29 02:35:00,NY   21-03JST,LONG,Q10+ac<0,158.7595,158.78843,158.57993,2.78,2,stop,2.89,805.0,0.161,0.17957,-0.006086,-0.2609,OOS
2024-11-29 02:25:00,2024-11-29 02:30:00,2024-11-29 02:40:00,NY   21-03JST,LONG,Q10+ac<0,158.7915,158.74532,158.62132,2.94,2,stop,-4.62,-1357.0,-0.271,0.17018,-0.005637,-0.2608,OOS
2024-11-29 18:25:00,2024-11-29 18:30:00,2024-11-29 19:15:00,NY   21-03JST,LONG,Q10+ac<0,158.222,158.15868,158.11368,4.62,9,stop,-6.33,-2923.0,-0.585,0.10832,-0.005762,-0.3434,OOS
2024-12-02 07:15:00,2024-12-02 07:20:00,2024-12-02 07:25:00,欧州 15-21JST,SHORT,Q10+ac>0,157.93,158.024,158.0215,5.46,1,stop,-9.4,-5137.0,-1.027,0.0915,-0.004979,0.4691,OOS
2024-12-02 07:30:00,2024-12-02 07:35:00,2024-12-02 07:50:00,欧州 15-21JST,SHORT,Q10+ac>0,157.8245,157.70004,157.93104,4.69,3,stop,12.45,5841.0,1.168,0.10654,-0.005977,0.1914,OOS
2024-12-02 07:35:00,2024-12-02 07:40:00,2024-12-02 07:50:00,欧州 15-21JST,SHORT,Q10+ac>0,157.6975,157.70821,157.81221,4.36,2,stop,-1.07,-467.0,-0.093,0.11471,-0.006372,0.2843,OOS
2024-12-02 07:40:00,2024-12-02 07:45:00,2024-12-02 07:50:00,欧州 15-21JST,SHORT,Q10+ac>0,157.62,157.74479,157.74229,4.09,1,stop,-12.48,-5102.0,-1.02,0.12229,-0.007307,0.2838,OOS
2024-12-02 07:45:00,2024-12-02 07:50:00,2024-12-02 08:00:00,欧州 15-21JST,SHORT,Q10+ac>0,157.7085,157.83525,157.83275,4.02,2,stop,-12.67,-5101.0,-1.02,0.12425,-0.00699,0.2015,OOS
2024-12-02 07:50:00,2024-12-02 07:55:00,2024-12-02 08:05:00,欧州 15-21JST,SHORT,Q10+ac>0,157.7565,157.8415,157.8815,4.0,2,stop,-8.5,-3400.0,-0.68,0.125,-0.006309,0.286,OOS
2024-12-02 07:55:00,2024-12-02 08:00:00,2024-12-02 08:05:00,欧州 15-21JST,SHORT,Q10+ac>0,157.8015,157.92896,157.92646,4.0,1,stop,-12.75,-5100.0,-1.02,0.12496,-0.006057,0.3301,OOS
2024-12-02 08:00:00,2024-12-02 08:05:00,2024-12-02 08:10:00,欧州 15-21JST,SHORT,Q10+ac>0,157.8105,157.94296,157.94046,3.85,1,stop,-13.25,-5096.0,-1.019,0.12996,-0.005258,0.4241,OOS
2024-12-02 08:15:00,2024-12-02 08:20:00,2024-12-02 08:25:00,欧州 15-21JST,SHORT,Q10+ac>0,157.7865,157.92832,157.92582,3.59,1,stop,-14.18,-5090.0,-1.018,0.13932,-0.005645,0.1282,OOS
2024-12-02 15:05:00,2024-12-02 15:10:00,2024-12-02 15:45:00,NY   21-03JST,LONG,Q10+ac<0,156.955,157.10621,156.80471,3.33,7,stop,15.12,5031.0,1.006,0.15029,-0.005592,-0.6047,OOS
2024-12-02 15:10:00,2024-12-02 15:15:00,2024-12-02 15:45:00,NY   21-03JST,LONG,Q10+ac<0,156.928,157.10371,156.77521,3.27,6,stop,17.57,5750.0,1.15,0.15279,-0.005737,-0.4431,OOS
2024-12-02 15:15:00,2024-12-02 15:20:00,2024-12-02 15:45:00,NY   21-03JST,LONG,Q10+ac<0,156.921,157.10296,156.76746,3.26,5,stop,18.2,5926.0,1.185,0.15354,-0.005916,-0.2433,OOS
2024-12-02 16:30:00,2024-12-02 16:35:00,2024-12-02 16:50:00,NY   21-03JST,LONG,Q10+ac<0,156.4185,156.452,156.251,2.99,3,stop,3.35,1000.0,0.2,0.1675,-0.007181,-0.1713,OOS
2024-12-02 16:35:00,2024-12-02 16:40:00,2024-12-02 16:50:00,NY   21-03JST,LONG,Q10+ac<0,156.527,156.44993,156.35743,2.95,2,stop,-7.71,-2273.0,-0.455,0.16957,-0.006014,-0.2996,OOS
2024-12-02 16:50:00,2024-12-02 16:55:00,2024-12-02 18:40:00,NY   21-03JST,LONG,Q10+ac<0,156.4365,156.968,156.271,3.02,21,stop,53.15,16057.0,3.211,0.1655,-0.005321,-0.1457,OOS
2024-12-02 16:55:00,2024-12-02 17:00:00,2024-12-02 18:40:00,NY   21-03JST,LONG,Q10+ac<0,156.4855,156.97654,156.32854,3.19,20,stop,49.1,15642.0,3.128,0.15696,-0.005133,-0.1156,OOS
2024-12-03 13:50:00,2024-12-03 13:55:00,2024-12-03 14:00:00,NY   21-03JST,LONG,Q10+ac<0,156.8,156.68643,156.68893,4.5,1,stop,-11.36,-5113.0,-1.023,0.11107,-0.006487,-0.4378,OOS
2024-12-03 13:55:00,2024-12-03 14:00:00,2024-12-03 14:10:00,NY   21-03JST,LONG,Q10+ac<0,156.66,156.69821,156.53971,4.16,2,stop,3.82,1588.0,0.318,0.12029,-0.007499,-0.1238,OOS
2024-12-03 14:00:00,2024-12-03 14:05:00,2024-12-03 14:15:00,NY   21-03JST,LONG,Q10+ac<0,156.793,156.69357,156.66407,3.88,2,stop,-9.94,-3856.0,-0.771,0.12893,-0.006096,-0.2838,OOS
2024-12-03 14:05:00,2024-12-03 14:10:00,2024-12-03 14:25:00,NY   21-03JST,LONG,Q10+ac<0,156.6855,156.74932,156.55182,3.74,3,stop,6.38,2387.0,0.477,0.13368,-0.007028,-0.3662,OOS
2024-12-03 14:10:00,2024-12-03 14:15:00,2024-12-03 14:25:00,NY   21-03JST,LONG,Q10+ac<0,156.8015,156.74275,156.66125,3.57,2,stop,-5.88,-2094.0,-0.419,0.14025,-0.005736,-0.4092,OOS
2024-12-03 14:15:00,2024-12-03 14:20:00,2024-12-03 14:25:00,NY   21-03JST,LONG,Q10+ac<0,156.833,156.68486,156.68736,3.43,1,stop,-14.81,-5086.0,-1.017,0.14564,-0.00573,-0.2808,OOS
2024-12-03 14:20:00,2024-12-03 14:25:00,2024-12-03 14:30:00,NY   21-03JST,LONG,Q10+ac<0,156.7735,156.62018,156.62268,3.32,1,stop,-15.33,-5083.0,-1.017,0.15082,-0.006581,-0.2819,OOS
2024-12-03 14:25:00,2024-12-03 14:30:00,2024-12-03 14:35:00,NY   21-03JST,LONG,Q10+ac<0,156.6985,156.54118,156.54368,3.23,1,stop,-15.73,-5081.0,-1.016,0.15482,-0.00692,-0.2729,OOS
2024-12-03 14:30:00,2024-12-03 14:35:00,2024-12-03 14:40:00,NY   21-03JST,LONG,Q10+ac<0,156.678,156.51779,156.52029,3.17,1,stop,-16.02,-5079.0,-1.016,0.15771,-0.006675,-0.2843,OOS
2024-12-03 14:35:00,2024-12-03 14:40:00,2024-12-03 14:50:00,NY   21-03JST,LONG,Q10+ac<0,156.4885,156.40861,156.31711,2.92,2,stop,-7.99,-2331.0,-0.466,0.17139,-0.007849,-0.2961,OOS
2024-12-03 14:40:00,2024-12-03 14:45:00,2024-12-03 15:05:00,NY   21-03JST,LONG,Q10+ac<0,156.4985,156.54921,156.32721,2.92,4,stop,5.07,1480.0,0.296,0.17129,-0.007662,-0.3412,OOS
2024-12-03 14:45:00,2024-12-03 14:50:00,2024-12-03 15:05:00,NY   21-03JST,LONG,Q10+ac<0,156.466,156.55404,156.29954,3.0,3,stop,8.8,2644.0,0.529,0.16646,-0.007844,-0.181,OOS
2024-12-03 14:50:00,2024-12-03 14:55:00,2024-12-03 15:05:00,NY   21-03JST,LONG,Q10+ac<0,156.4385,156.55246,156.27046,2.98,2,stop,11.4,3391.0,0.678,0.16804,-0.007584,-0.4496,OOS
2024-12-03 14:55:00,2024-12-03 15:00:00,2024-12-03 15:10:00,NY   21-03JST,LONG,Q10+ac<0,156.576,156.53289,156.40839,2.98,2,stop,-4.31,-1286.0,-0.257,0.16761,-0.006153,-0.2805,OOS
2024-12-03 15:00:00,2024-12-03 15:05:00,2024-12-03 15:15:00,NY   21-03JST,LONG,Q10+ac<0,156.532,156.49857,156.37107,3.11,2,stop,-3.34,-1039.0,-0.208,0.16093,-0.0061,-0.1845,OOS
2024-12-03 15:10:00,2024-12-03 15:15:00,2024-12-03 15:25:00,NY   21-03JST,LONG,Q10+ac<0,156.5345,156.37225,156.37475,3.13,2,stop,-16.23,-5078.0,-1.016,0.15975,-0.0061,-0.3275,OOS
2024-12-03 15:15:00,2024-12-03 15:20:00,2024-12-03 15:25:00,NY   21-03JST,LONG,Q10+ac<0,156.501,156.33986,156.34236,3.15,1,stop,-16.11,-5079.0,-1.016,0.15864,-0.006243,-0.2836,OOS
2024-12-03 15:20:00,2024-12-03 15:25:00,2024-12-03 15:30:00,NY   21-03JST,LONG,Q10+ac<0,156.4365,156.27911,156.28161,3.23,1,stop,-15.74,-5081.0,-1.016,0.15489,-0.005767,-0.3013,OOS
2024-12-03 15:25:00,2024-12-03 15:30:00,2024-12-03 16:05:00,NY   21-03JST,LONG,Q10+ac<0,156.201,156.95707,156.03907,3.09,7,stop,75.61,23346.0,4.669,0.16193,-0.007458,-0.173,OOS
2024-12-06 14:55:00,2024-12-06 15:00:00,2024-12-06 15:15:00,NY   21-03JST,LONG,Q10+ac<0,158.314,158.17125,158.11975,2.57,3,stop,-14.28,-3674.0,-0.735,0.19425,-0.006524,-0.2317,OOS
2024-12-06 15:00:00,2024-12-06 15:05:00,2024-12-06 15:15:00,NY   21-03JST,LONG,Q10+ac<0,158.22,158.17164,158.02614,2.58,2,stop,-4.84,-1247.0,-0.249,0.19386,-0.007646,-0.1807,OOS
2024-12-06 15:05:00,2024-12-06 15:10:00,2024-12-06 15:35:00,NY   21-03JST,LONG,Q10+ac<0,158.27,158.17204,158.08504,2.7,5,stop,-9.8,-2648.0,-0.53,0.18496,-0.007313,-0.2014,OOS
2024-12-06 15:10:00,2024-12-06 15:15:00,2024-12-06 15:35:00,NY   21-03JST,LONG,Q10+ac<0,158.194,158.18257,158.01957,2.87,4,stop,-1.14,-328.0,-0.066,0.17443,-0.008191,-0.1873,OOS
2024-12-06 15:15:00,2024-12-06 15:20:00,2024-12-06 15:35:00,NY   21-03JST,LONG,Q10+ac<0,158.3315,158.17557,158.15007,2.76,3,stop,-15.59,-4297.0,-0.859,0.18143,-0.007191,-0.1903,OOS
2024-12-06 15:20:00,2024-12-06 15:25:00,2024-12-06 15:40:00,NY   21-03JST,LONG,Q10+ac<0,158.2815,158.14996,158.10646,2.86,3,stop,-13.15,-3757.0,-0.751,0.17504,-0.008116,-0.4471,OOS
2024-12-06 15:25:00,2024-12-06 15:30:00,2024-12-06 15:40:00,NY   21-03JST,LONG,Q10+ac<0,158.328,158.15804,158.16054,2.99,2,stop,-17.0,-5075.0,-1.015,0.16746,-0.007908,-0.511,OOS
2024-12-06 15:30:00,2024-12-06 15:35:00,2024-12-06 16:30:00,NY   21-03JST,LONG,Q10+ac<0,158.2475,158.33671,158.08271,3.03,11,stop,8.92,2707.0,0.541,0.16479,-0.008831,-0.6832,OOS
2024-12-06 15:35:00,2024-12-06 15:40:00,2024-12-06 16:30:00,NY   21-03JST,LONG,Q10+ac<0,158.167,158.34571,158.01121,3.21,10,stop,17.87,5736.0,1.147,0.15579,-0.008536,-0.5959,OOS
2024-12-06 15:40:00,2024-12-06 15:45:00,2024-12-06 16:30:00,NY   21-03JST,LONG,Q10+ac<0,158.2875,158.34171,158.12771,3.13,9,stop,5.42,1696.0,0.339,0.15979,-0.006955,-0.6209,OOS
2024-12-06 15:45:00,2024-12-06 15:50:00,2024-12-06 16:30:00,NY   21-03JST,LONG,Q10+ac<0,158.261,158.35239,158.11189,3.35,8,stop,9.14,3065.0,0.613,0.14911,-0.006364,-0.5545,OOS
2024-12-11 07:40:00,2024-12-11 07:45:00,2024-12-11 07:50:00,欧州 15-21JST,SHORT,Q10+ac>0,158.98,159.09796,159.09546,4.33,1,stop,-11.8,-5108.0,-1.022,0.11546,-0.004844,0.2326,OOS
2024-12-11 07:50:00,2024-12-11 07:55:00,2024-12-11 08:00:00,欧州 15-21JST,SHORT,Q10+ac>0,159.074,159.20407,159.20157,3.92,1,stop,-13.01,-5098.0,-1.02,0.12757,-0.005026,0.1299,OOS
2024-12-12 13:35:00,2024-12-12 13:40:00,2024-12-12 13:50:00,NY   21-03JST,LONG,Q10+ac<0,159.368,159.47429,159.23829,3.85,2,stop,10.63,4097.0,0.819,0.12971,-0.005103,-0.1347,OOS
2024-12-17 12:05:00,2024-12-17 12:10:00,2024-12-17 12:25:00,NY   21-03JST,LONG,Q10+ac<0,161.4905,161.40075,161.40325,5.73,3,stop,-8.98,-5143.0,-1.029,0.08725,-0.005246,-0.1188,OOS
2024-12-17 12:10:00,2024-12-17 12:15:00,2024-12-17 12:30:00,NY   21-03JST,LONG,Q10+ac<0,161.4795,161.39436,161.39336,5.8,3,stop,-8.51,-4942.0,-0.988,0.08614,-0.005012,-0.1085,OOS
2024-12-17 12:15:00,2024-12-17 12:20:00,2024-12-17 12:30:00,NY   21-03JST,LONG,Q10+ac<0,161.4625,161.37471,161.37721,5.86,2,stop,-8.78,-5147.0,-1.029,0.08529,-0.005048,-0.1024,OOS
2024-12-17 12:20:00,2024-12-17 12:25:00,2024-12-17 13:10:00,NY   21-03JST,LONG,Q10+ac<0,161.4405,161.56289,161.35789,6.05,9,stop,12.24,7408.0,1.482,0.08261,-0.005243,-0.1129,OOS
2024-12-17 12:25:00,2024-12-17 12:30:00,2024-12-17 13:10:00,NY   21-03JST,LONG,Q10+ac<0,161.404,161.56436,161.32286,6.16,8,stop,16.04,9881.0,1.976,0.08114,-0.005276,-0.1185,OOS
2024-12-17 12:30:00,2024-12-17 12:35:00,2024-12-17 13:10:00,NY   21-03JST,LONG,Q10+ac<0,161.4345,161.56293,161.35193,6.06,7,stop,12.84,7777.0,1.555,0.08257,-0.004966,-0.12,OOS
2024-12-17 12:40:00,2024-12-17 12:45:00,2024-12-17 13:10:00,NY   21-03JST,LONG,Q10+ac<0,161.4655,161.55921,161.37921,5.79,5,stop,9.37,5430.0,1.086,0.08629,-0.004869,-0.1009,OOS
2024-12-17 13:10:00,2024-12-17 13:15:00,2024-12-17 13:20:00,NY   21-03JST,LONG,Q10+ac<0,161.556,161.49314,161.49564,8.28,1,stop,-6.29,-5207.0,-1.041,0.06036,-0.005283,-0.2699,OOS
2024-12-17 13:20:00,2024-12-17 13:25:00,2024-12-17 13:30:00,NY   21-03JST,LONG,Q10+ac<0,161.4925,161.42357,161.42607,7.53,1,stop,-6.89,-5188.0,-1.038,0.06643,-0.005365,-0.2941,OOS
2024-12-17 13:25:00,2024-12-17 13:30:00,2024-12-17 13:35:00,NY   21-03JST,LONG,Q10+ac<0,161.5155,161.44543,161.44793,7.4,1,stop,-7.01,-5185.0,-1.037,0.06757,-0.00514,-0.2862,OOS
2024-12-17 13:30:00,2024-12-17 13:35:00,2024-12-17 13:45:00,NY   21-03JST,LONG,Q10+ac<0,161.4405,161.54571,161.36821,6.92,2,stop,10.52,7278.0,1.456,0.07229,-0.005633,-0.342,OOS
2024-12-17 13:35:00,2024-12-17 13:40:00,2024-12-17 13:50:00,NY   21-03JST,LONG,Q10+ac<0,161.535,161.50082,161.45382,6.16,2,stop,-3.42,-2105.0,-0.421,0.08118,-0.004907,-0.5096,OOS
2024-12-17 13:40:00,2024-12-17 13:45:00,2024-12-17 14:00:00,NY   21-03JST,LONG,Q10+ac<0,161.5505,161.49075,161.46725,6.01,3,stop,-5.97,-3589.0,-0.718,0.08325,-0.004888,-0.426,OOS
2024-12-17 13:45:00,2024-12-17 13:50:00,2024-12-17 14:00:00,NY   21-03JST,LONG,Q10+ac<0,161.534,161.48971,161.44971,5.93,2,stop,-4.43,-2627.0,-0.525,0.08429,-0.00494,-0.4197,OOS
2024-12-17 13:50:00,2024-12-17 13:55:00,2024-12-17 14:05:00,NY   21-03JST,LONG,Q10+ac<0,161.5225,161.47843,161.43693,5.84,2,stop,-4.41,-2575.0,-0.515,0.08557,-0.005005,-0.4581,OOS
2024-12-18 20:00:00,2024-12-18 20:05:00,2024-12-18 20:15:00,NY   21-03JST,LONG,Q10+ac<0,160.125,159.9455,159.9095,2.32,2,stop,-17.95,-4165.0,-0.833,0.2155,-0.006599,-0.4044,OOS
2024-12-18 20:05:00,2024-12-18 20:10:00,2024-12-18 20:15:00,NY   21-03JST,LONG,Q10+ac<0,160.124,159.89436,159.89686,2.2,1,stop,-22.96,-5055.0,-1.011,0.22714,-0.006747,-0.3622,OOS
2024-12-18 20:10:00,2024-12-18 20:15:00,2024-12-18 20:45:00,NY   21-03JST,LONG,Q10+ac<0,160.0415,160.15493,159.83243,2.39,6,stop,11.34,2713.0,0.543,0.20907,-0.006763,-0.3915,OOS
2024-12-18 20:15:00,2024-12-18 20:20:00,2024-12-18 20:45:00,NY   21-03JST,LONG,Q10+ac<0,159.863,160.15236,159.65136,2.36,5,stop,28.94,6836.0,1.367,0.21164,-0.008135,-0.3934,OOS
2024-12-18 20:20:00,2024-12-18 20:25:00,2024-12-18 20:45:00,NY   21-03JST,LONG,Q10+ac<0,160.0985,160.14536,159.87986,2.29,4,stop,4.69,1072.0,0.214,0.21864,-0.006674,-0.4183,OOS
2024-12-18 20:25:00,2024-12-18 20:30:00,2024-12-18 20:45:00,NY   21-03JST,LONG,Q10+ac<0,160.1575,160.14771,159.94121,2.31,3,stop,-0.98,-226.0,-0.045,0.21629,-0.006385,-0.1705,OOS
2024-12-18 20:40:00,2024-12-18 20:45:00,2024-12-18 21:50:00,NY   21-03JST,LONG,Q10+ac<0,160.17,160.22196,159.95696,2.35,13,stop,5.2,1220.0,0.244,0.21304,-0.006945,-0.1811,OOS
2024-12-18 20:45:00,2024-12-18 20:50:00,2024-12-18 21:50:00,NY   21-03JST,LONG,Q10+ac<0,160.279,160.22514,160.06914,2.38,12,stop,-5.39,-1283.0,-0.257,0.20986,-0.006054,-0.1555,OOS
2024-12-18 20:50:00,2024-12-18 20:55:00,2024-12-18 21:50:00,NY   21-03JST,LONG,Q10+ac<0,160.2885,160.23607,160.08957,2.51,11,stop,-5.24,-1318.0,-0.264,0.19893,-0.005784,-0.1228,OOS
2024-12-18 20:55:00,2024-12-18 21:00:00,2024-12-18 21:50:00,NY   21-03JST,LONG,Q10+ac<0,160.338,160.24761,160.15061,2.67,10,stop,-9.04,-2412.0,-0.482,0.18739,-0.005032,-0.222,OOS
2024-12-20 02:10:00,2024-12-20 02:15:00,2024-12-20 02:20:00,NY   21-03JST,LONG,Q10+ac<0,162.904,162.75811,162.76061,3.49,1,stop,-14.59,-5087.0,-1.017,0.14339,-0.005589,-0.2923,OOS
2024-12-20 02:15:00,2024-12-20 02:20:00,2024-12-20 02:40:00,NY   21-03JST,LONG,Q10+ac<0,162.8,162.69729,162.66729,3.77,4,stop,-10.27,-3870.0,-0.774,0.13271,-0.006013,-0.2678,OOS
2024-12-20 02:25:00,2024-12-20 02:30:00,2024-12-20 02:40:00,NY   21-03JST,LONG,Q10+ac<0,162.705,162.69854,162.57354,3.8,2,stop,-0.65,-246.0,-0.049,0.13146,-0.006133,-0.2656,OOS
2024-12-30 22:55:00,2024-12-30 23:00:00,2024-12-30 23:05:00,NY   21-03JST,LONG,Q10+ac<0,163.3075,163.26361,163.26611,12.08,1,stop,-4.39,-5302.0,-1.06,0.04139,-0.009597,-0.1083,OOS
2024-12-30 23:05:00,2024-12-30 23:10:00,2024-12-30 23:20:00,NY   21-03JST,LONG,Q10+ac<0,163.2435,163.35625,163.19325,9.95,2,stop,11.28,11219.0,2.244,0.05025,-0.009884,-0.127,OOS
